unit_buy,unit_sell,same,npair,v_out
吨,吨,1,31590,1490307557716.916
台,个,0,10493,407797848956.2929
UNKNOWN,UNKNOWN,1,7698,136500527976.6472
台,台,1,45604,105009358730.3978
个,个,1,31292,67335190165.83971
套,个,0,5754,53687234017.23679
UNKNOWN,吨,0,334,53602221944.00565
辆,辆,1,837,39722603275.10364
件,件,1,10937,37810955285.03998
只,只,1,10761,23146067657.46968
套,套,1,14314,21659123872.92461
吨,公斤,0,3091,21394061248.74934
箱,个,0,550,19594960853.12091
盒,盒,1,5599,17918372959.57827
箱,箱,1,4264,17174289250.85517
公斤,公斤,1,4573,16131193871.80235
UNKNOWN,项,0,1169,16024527494.96907
吨,千克,0,1107,15702286810.61224
米,米,1,7175,15430873507.51262
次,次,1,612,14824356851.59518
吨,kg,0,1923,10409697004.32952
千克,千克,1,1210,10028083715.36752
UNKNOWN,千米,0,1,9741460776.599951
件,个,0,3661,9547984044.885944
瓶,瓶,1,4793,9482637531.405939
立方米,立方米,1,541,9292129944.855227
吨,KG,0,1339,8743354139.534515
只,个,0,8444,8506027718.048779
kW.h,千瓦时,0,1,8406527023
套,台,0,6650,8342231985.139464
台,套,0,8276,7176626898.568499
双,双,1,2226,6942821091.239218
KW.H,KVA,0,1,6490818675.89
条,条,1,3178,6360877155.445989
片,片,1,1990,6307726299.987194
吨,升,0,732,5233746202.285291
瓶,个,0,332,5127875573.441048
支,个,0,2010,5068162726.152472
批,套,0,530,4916875498.369181
盒,EA,0,13,4692600226.204504
辆,台,0,241,4664641496.067676
个,台,0,6798,4470464676.544217
兆瓦时,KKWH,0,1,4149452729.42
平方米,平方米,1,1073,4047984610.335654
公斤,千克,0,803,3890920277.434677
吨(MT),吨(MT),1,4,3835168138.375
UNKNOWN,次,0,1063,3770443478.22165
kg,kg,1,1337,3664848644.005565
公斤,KG,0,1361,3507360414.390269
PCS,PCS,1,798,3496353506.608415
湿吨,吨,0,4,3258832699.73
公斤,吨,0,959,3137227762.823406
KG,KG,1,825,3107633994.701491
公斤,kg,0,1388,3097415363.783778
只,件,0,1930,3045917690.467761
条,个,0,1009,3040961061.692846
千克,公斤,0,856,2945356016.430079
支,支,1,4093,2738413348.762328
台,PC,0,220,2690027374.885713
项,项,1,846,2635555467.384542
双,个,0,102,2635215985.86349
EA,盒,0,14,2599869755.025
Nm3,标方,0,1,2594629342.720001
份,份,1,66,2576786017.467499
千克,吨,0,366,2508775194.287767
吨,桶,0,503,2404986072.187051
PC,W,0,1,2337709056
升,吨,0,80,2298532312.488801
吨,UNKNOWN,0,630,2167023618.904557
包,个,0,400,2140269178.807484
UNKNOWN,个,0,1229,2081687135.925818
千克,KG,0,394,2041781151.181755
克,克,1,130,2035592245.581375
张,张,1,1824,1943578756.56607
KG,吨,0,318,1891515916.197588
千瓦时,度,0,668,1851861745.221886
台,辆,0,252,1801107455.857998
个,件,0,3311,1784814603.530159
箱,瓶,0,988,1753245044.454737
个,套,0,4958,1657389192.632473
项,UNKNOWN,0,848,1549220938.8127
件,台,0,1670,1523968940.373088
辆,UNKNOWN,0,202,1498842891.593894
套,件,0,2250,1492168227.499347
千克,平方米,0,72,1465859521.315977
吨,箱,0,155,1453111042.500867
块,块,1,1516,1435510358.747818
立方米,立方,0,105,1428063536.845295
Pcs,个,0,21,1424589647.739922
升,升,1,566,1402435896.274711
吨,T,0,405,1359758584.267599
公斤,克,0,24,1337842734.642805
个,PCS,0,1151,1295988012.150725
EA,台,0,189,1285299137.248621
吨,KWH,0,3,1266893017.24
台,UNKNOWN,0,1785,1261229601.173201
千瓦时,千瓦时,1,733,1260415364.770482
批,辆,0,29,1260189296.706875
罐,罐,1,243,1246551192.017819
桶,桶,1,2004,1222322455.237636
吨,个,0,1348,1220925426.411299
立方米,方,0,35,1210249228.297227
kg,公斤,0,1027,1206575418.685205
KG,公斤,0,781,1204779197.039591
盒,个,0,591,1192953253.229073
笔,笔,1,47,1158228393.659959
UNKNOWN,台,0,880,1156249181.142452
PC,PC,1,157,1131123179.353848
W,W,1,9,1122619246.83375
片,个,0,1164,1099262131.572484
吨,米,0,1124,1095648975.904104
只,台,0,3039,1078410060.018425
吨,批,0,240,1038888680.282766
公斤,米,0,589,1010527838.361896
台,件,0,2427,1003045243.940898
件,套,0,2159,955261254.1590323
只,套,0,2498,944689737.0655696
kg,吨,0,448,926169114.5353253
EA,EA,1,294,911537998.5861607
UNKNOWN,件,0,599,891551448.6423659
万支,条,0,18,884604341.6054688
KG,件,0,331,870463433.836533
箱,罐,0,157,854209833.0008885
个,只,0,4088,851745547.1243364
batch,件,0,1,846373444.59
辆份,辆,0,1,831305984
千克,kg,0,356,820359462.3491224
t,吨,0,20,803247438.2184561
个,片,0,570,785470573.5634857
吨,只,0,773,783697548.5083888
千克,克,0,23,771515414.1199141
PCS,台,0,487,761926765.0644106
根,根,1,1035,761447329.7641124
kg,KG,0,705,758379947.1255845
吨,平方米,0,201,756067593.3707889
次,UNKNOWN,0,899,724866105.9910239
册,UNKNOWN,0,15,722751112.2788672
UNKNOWN,月,0,328,691102732.6345953
瓶,支,0,308,688683568.4236163
件,EA,0,183,683929448.1828392
批,批,1,498,682204158.0258321
吨,件,0,1259,676695098.3045653
UNKNOWN,套,0,740,672195749.7572445
吉焦,吉焦,1,1,666553424.88
件,UNKNOWN,0,975,666118476.6246402
万千瓦时,千千瓦时,0,1,659327704
台,部,0,165,655152166.9310218
千公斤,千公斤,1,1,651523615.3199999
箱,桶,0,286,646456849.7147765
件,袋,0,448,643938012.7915038
UNKNOWN,辆,0,90,637577820.7202542
吨,套,0,854,624569387.9978712
PCS,个,0,1406,624457393.9321722
箱,件,0,958,623073978.0166993
袋,袋,1,1573,621301269.9778057
kwh,元/kwh,0,1,618338707.6
卷,卷,1,1955,598439220.3640258
W,台,0,4,597802385.63
湿吨,湿吨,1,4,597743739.1900001
套,UNKNOWN,0,1282,595514200.5504665
公斤,件,0,664,593149472.0628697
吨,瓶,0,414,562352334.269309
KG,kg,0,526,547556054.3669043
kg,千克,0,289,543280966.1605382
张,个,0,715,541631721.0418528
只,千个,0,13,541476032.058125
个,UNKNOWN,0,2171,538358429.5147462
千瓦时,KWH,0,21,531220037.1673438
吨,支,0,550,527845113.0066094
条,套,0,477,524675479.1590948
度,度,1,250,517993506.3601123
吨,片,0,170,515881516.6264867
个,EA,0,430,510343564.8847925
克,个,0,14,506597889.9200006
箱,支,0,203,493939800.4126169
吨,吨(MT),0,6,482905617.4370117
kkwh,兆瓦时,0,1,482185810
吨,张,0,475,480919241.1473877
盒,瓶,0,749,479789387.7944818
千瓦时,UNKNOWN,0,201,467552186.5976563
条,件,0,497,465293604.8026249
件,箱,0,492,458072877.4239641
KG,千克,0,232,457834028.5055217
米,码,0,143,456591461.094724
M,M,1,43,456570607.7024266
UNKNOWN,期,0,33,455270599.2990625
组,组,1,337,454195424.8662723
台,只,0,3544,449487028.9234734
T,吨,0,123,442011069.7435254
方,方,1,56,436322135.7809344
码,码,1,186,434437866.2304174
箱,包,0,593,430927029.3874606
台,PCS,0,338,427630553.9926561
PCS,套,0,365,426684854.4462007
件,只,0,1040,421285114.8035506
把,个,0,1192,420450668.6869835
月,月,1,266,418637614.5828681
公斤,个,0,932,416609439.7033303
箱,袋,0,654,416560971.3334547
kg,元/公斤,0,1,412392267.6800011
吨,立方米,0,83,406077768.7088281
件,瓶,0,534,403653858.0339069
元,UNKNOWN,0,78,396120017.2893164
UNKNOWN,批,0,320,395987884.4198804
片,件,0,283,390384061.1090996
件,条,0,367,386726552.4059608
克,件,0,45,385643087.923916
瓶,盒,0,695,374920225.5009624
批,UNKNOWN,0,480,371420571.3277296
桶,升,0,203,367642483.6371693
UNKNOWN,笔,0,90,366741662.6863378
吨,Kg,0,167,362309313.4690055
UNKNOWN,份,0,93,360502398.5336719
张,块,0,146,358820339.2477708
UNKNOWN,元,0,89,355649449.3995117
UNKNOWN,kWh,0,2,352977139.75
平方米,平方,0,229,349665311.7766464
kW.h,kWh,0,1,348441028.98
kg,瓶,0,143,347428902.648324
吨,L,0,42,342025595.3385255
KWH,KWH,1,70,340442966.2237275
ST,UNKNOWN,0,25,329437250.1476173
月,UNKNOWN,0,367,327773878.7981613
支,件,0,549,326800832.7763608
EA,个,0,305,322870762.3687423
PC,辆,0,3,314819883.910001
每一个,每一个,1,21,313828270.298291
个,付,0,153,309127553.714986
平方米,片,0,121,305730265.9675586
箱,UNKNOWN,0,486,304598513.1277022
个,支,0,877,302137880.9836342
UNKNOWN,票,0,111,300582656.7075049
包,包,1,1217,299370197.4176271
吨,平方,0,124,297739738.230791
批,个,0,620,296403650.3747187
EA,套,0,97,290709754.9953092
片,只,0,426,290445022.3035154
箱,盒,0,540,286910264.6199154
UNKNOWN,千瓦小时,0,1,280411158
kW·h,只,0,1,278211527.76
W,千瓦时,0,2,277411129.234375
盒,UNKNOWN,0,462,276869960.4928157
片,平方米,0,34,273296695.198125
片,块,0,222,272620916.3997372
Nm3,吨,0,1,271808130.23
套,枚,0,12,270445278.5727051
千只,个,0,108,269283417.9808779
套,只,0,1928,267606753.488554
批,台,0,388,266553611.324541
颗,颗,1,27,265751659.293678
袋,个,0,132,264043335.4668125
UNKNOWN,单,0,38,263230133.3040379
台,批,0,720,263024783.3279413
盒,支,0,426,262555826.7790647
个,瓶,0,445,256535031.6147042
块,个,0,920,250906141.8175277
副,个,0,140,249847194.9918697
次,项,0,311,249293163.7342138
PCS,片,0,75,248412408.140088
兆瓦时,兆瓦时,1,1,248224349.75
米,个,0,1004,247805235.6507515
KG,包,0,58,246820058.4107413
支,瓶,0,569,245197829.7308203
只,PCS,0,416,243208475.8291247
平方英尺,平方英尺,1,45,240290824.6308764
吨,令,0,79,240260723.8169922
件,米,0,213,239937666.3695014
瓦,块,0,5,238733621
套,块,0,385,238049969.0550653
吨,条,0,178,235321077.3910681
平方米,套,0,149,235103784.3100849
片,套,0,350,235011154.1645788
件,批,0,330,233433096.1441872
套,千克,0,174,232885105.9934093
千瓦时,月,0,33,228158365.2093469
台,项,0,289,228120414.1772071
把,把,1,3675,227641478.8556428
瓶,箱,0,310,224354477.9686795
毫米,片,0,1,223970730.5600001
PC,个,0,199,223068039.8720836
套,吨,0,159,221277462.1736792
公斤,袋,0,246,220821191.5504917
件,盒,0,279,219696283.1468544
个,批,0,545,218541119.2407732
平方米,平米,0,67,218087572.365293
支,套,0,879,216800339.8118001
PCS,pcs,0,84,216723768.7702173
只,UNKNOWN,0,582,215692606.9953043
米,UNKNOWN,0,161,215530351.4489931
吨(MT),吨,0,21,207010297.625
度,万度,0,1,206236098.89
床,个,0,26,202919557.5663086
吨,t,0,99,198947598.2960839
批,件,0,392,198924714.827149
PC,只,0,78,198674127.0004068
项,桶,0,8,197403848.6599998
kkwh,kkwh,1,1,196705613
千克,ST,0,2,193838832.44
EA,瓶,0,15,193170557.8500049
EA,支,0,28,192742064.9146272
公斤,EA,0,24,192456447.9708232
套,辆,0,44,191379338.6399219
件,片,0,157,187939576.8302245
米,条,0,438,187678419.1853932
件,ST,0,22,187356185.908517
UNKNOWN,无,0,35,187227207.7688916
UNKNOWN,户,0,18,185066780.6475
套,列,0,1,183713641.9899999
米,公斤,0,180,182823179.2095638
平方米,个,0,338,182216651.146978
根,只,0,221,181740968.3757862
套,项,0,262,181304785.0955957
粒,粒,1,73,180851252.4965372
件,Kg,0,14,180216280.515
pc,PC,0,7,179876414.0991602
公斤,条,0,141,179289066.5446351
个,次,0,139,178420770.6325293
千件,件,0,55,175978352.81741
辆,个,0,87,175408015.199197
Kg,kg,0,84,175274023.972187
千米,KM,0,9,172655079.4984375
kg,件,0,454,172215409.7436958
kg,米,0,303,172077789.547386
台,条,0,225,169871844.6222306
PC,套,0,66,169863812.9279248
m3,方,0,4,166934591.42
米,M,0,145,165926242.2716591
公斤,片,0,112,165832136.4125147
公斤,Kg,0,96,165045438.4104132
PC,台,0,88,163461983.4180469
平方米,UNKNOWN,0,120,163083162.1849487
支,盒,0,672,162774536.7286991
立方米,M3,0,11,162030851.6378125
UNKNOWN,公斤,0,54,161475603.225513
平方英尺,SF,0,7,160318198.849375
T,千克,0,6,160075855.48
千千瓦时,千千瓦时,1,2,158828446.04
KG,只,0,196,158564144.5495838
T,只,0,13,156570241.2900977
个,盒,0,611,153826607.4417663
m3,立方米,0,20,151303514.86875
吨,MT,0,1,151299351.29
Kg,KG,0,52,150844420.4091772
件,辆,0,33,150111467.5619336
方,立方米,0,20,149823793.39625
立方,立方,1,111,146057661.2470776
个,块,0,1003,144919722.1773887
瓶,件,0,231,143745282.6507102
只,千克,0,331,143182186.5852853
支,千克,0,92,142687781.421875
公斤,只,0,466,142658937.114971
psc,个,0,3,142620396.3501221
米,吨,0,153,141822641.0593189
册,册,1,39,141643946.411294
套,条,0,326,141483738.5106045
瓦,瓦,1,11,140902337.7434375
千克,箱,0,38,140614315.6047027
项,辆,0,4,138145392.23
斤,斤,1,146,136805776.3923369
吨,块,0,213,135685054.6942663
件,根,0,268,135634784.0637957
kwh,度,0,73,134130730.8281165
千只,千只,1,98,134070160.7684351
提,箱,0,34,132999781.494773
台,块,0,842,132963252.7238457
张,UNKNOWN,0,130,132720989.623169
KG,片,0,39,132462930.0105395
千米,千米,1,34,131351917.8950001
套,批,0,472,130640273.5004698
米,套,0,590,130464033.3958009
EA,只,0,46,130103267.2761108
套,盒,0,239,130043031.5452867
吨,台,0,303,129601597.2976856
公斤,套,0,415,128696342.7526038
组,套,0,128,128469974.1355933
KG,台,0,84,127186944.3711719
盒,箱,0,164,126495547.6358447
码,米,0,83,125583561.4210584
批,瓶,0,61,125368471.3431067
千瓦时,套,0,11,125106979.14625
组,pcs,0,1,124554160
KG,Kg,0,77,124371147.095
箱,公斤,0,167,124248441.6551511
每个,瓶,0,1,124170028
双,件,0,61,124047514.3838879
包,袋,0,267,123711048.209298
KWH,度,0,64,123602755.6030933
吨(t),吨,0,17,123053152.8894531
百万千焦,元/平方米,0,1,122054044.78
平方米,㎡,0,95,122023315.3922022
千克,件,0,160,120622496.3117091
吨,mt,0,4,119797770.23
台,支,0,587,119453530.8491463
立方米,张,0,90,119084379.423418
pcs,pcs,1,48,118150105.1014015
UNKNOWN,立方米,0,20,118048504.0199219
吨,千米,0,2,118006748.78
公斤,桶,0,312,117887103.2459015
千克,米,0,135,117631945.4938794
吨,根,0,531,115701080.3580402
项,笔,0,17,115417848.0034375
吨,包,0,134,114937148.7771129
平米,平米,1,88,114614010.8278186
桶,个,0,173,114003981.5679083
块,套,0,383,112587949.7977381
pcs,个,0,204,111842739.2176498
千克,㎏,0,3,111381972
吨,万张,0,4,110875064.4703125
KWH,千瓦时,0,11,110590711.5292188
件,组,0,76,108523679.5366437
M3,立方米,0,4,108369427.9225
张,片,0,96,107522768.2359347
M,米,0,160,107336486.6933572
吨,立方,0,70,106455925.1037643
立方米,UNKNOWN,0,65,106066909.4658115
根,个,0,677,105976426.6375271
KG,米,0,220,105953910.0819699
项,月,0,73,105477190.9968945
重箱,平方米,0,26,105144299.2217188
组,列,0,2,103814349.6
项,次,0,237,103207825.5104004
件,PCS,0,192,103058710.8965359
UNKNOWN,度,0,80,102933930.2081836
公斤,CAN,0,5,102439284.9865625
千克,个,0,336,101990073.0373476
公斤,平方米,0,88,101869280.9486426
付,付,1,555,101787253.3641061
千克,批,0,41,101488290.6044922
套,PC,0,140,100077489.5157575
EACH,个,0,21,99813325.31222828
只,支,0,549,99556119.74458653
KM,公里,0,5,99236712.2025001
台,列,0,2,99092012.21000001
盒,片,0,61,98497469.64102387
吨,袋,0,203,97613424.54819244
吨,湿吨,0,1,97107213.06
个,节,0,56,97000367.05292237
吨,金属吨,0,3,96948212.8299998
件,支,0,285,96677687.90378253
度,UNKNOWN,0,49,95887079.04474488
PCS,只,0,196,95646018.59167935
片,吨,0,38,95242263.3000049
片,箱,0,31,95111831.0837207
吨,方,0,43,94992325.96827149
kWh,kWh,1,9,94693182.43117188
kWh,KWH,0,4,94446038.45507813
件,克,0,10,94261611.47499989
吨,平米,0,46,94192228.45601563
个,pcs,0,194,94156893.09051013
KM,米,0,217,94120504.50343136
TON,吨,0,10,93608934.74431641
公斤,卷,0,204,93559301.60583986
金属吨,金属吨,1,4,93297583.66
只,张,0,131,93285603.65876245
本,个,0,155,93254204.81590366
吉焦,吨,0,5,92743967.98019531
张,PCS,0,64,92441907.95058882
方,万方,0,1,92217564.81
计费吨-W/M,UNKNOWN,0,1,91819616.64
pcs,PCS,0,53,91729130.25257938
樘,樘,1,77,91321494.528125
台,set,0,42,90963581.90969482
平方米,张,0,228,90600320.49382201
平方米,卷,0,193,90270913.9965369
PCS,块,0,102,89907930.84059082
kwh,kwh,1,57,89895143.67420898
盒,件,0,155,89769210.20007601
批,PCS,0,67,89629379.19760485
米,件,0,450,89478170.96366571
桶,吨,0,171,89017562.77764648
支,台,0,724,88899788.96036813
EA,辆,0,16,88597335.39
只,双,0,27,88354553.07361872
片,PCS,0,161,88238745.01898313
km,KM,0,16,87999898.22644532
张,只,0,191,87737763.91974333
公斤,箱,0,153,87717608.76419434
条,根,0,326,87546437.66448213
标准吨,标准吨,1,1,87334200
片,台,0,301,87324076.34982423
粒,只,0,18,86885488.12453125
个,箱,0,393,86815912.56016074
副,副,1,295,86701561.43823299
米,千克,0,166,86015109.00111675
米,百米,0,10,85685014.01390655
KG,个,0,293,85581054.81700572
千件,千件,1,62,85383427.55909003
套,千瓦时,0,10,84640685.46929687
公斤,盒,0,116,84470936.56399721
月,项,0,64,83924246.97218752
方,m3,0,10,83319571.9524999
箱,吨,0,50,83274363.71517824
立方米,吨,0,87,83133107.83751893
瓶,桶,0,305,82062331.37050711
PCS,件,0,170,81906767.82829262
平方米,PCS,0,39,81801885.11548464
张,套,0,316,81697345.82792303
套,EA,0,248,81620395.54683521
个,PC,0,260,81560848.6829714
克,块,0,1,81045875.12
项,吨,0,30,81006638.10187501
平方,平方,1,171,80715842.30184571
吨,标准立方米,0,2,80706913.03
张,立方米,0,44,80659503.42492187
次,份,0,14,80439272.88195291
千千瓦时,兆瓦时,0,1,79953418.40000001
kwh,KWH,0,9,79832078.58875
米,m,0,191,78598115.18499787
件,千克,0,148,78540273.45333008
件,PC,0,130,78224831.52092528
条,台,0,213,77882596.24080017
BOT,瓶,0,2,77870759.29000001
千米,米,0,97,77861042.06943846
SET,SET,1,18,76615086.47955497
次,台,0,80,76547229.69410521
吨,卷,0,107,76530699.30972046
升,桶,0,295,76434413.06484985
罐,桶,0,83,75979123.15351075
PAC,支,0,1,75791248
千千瓦时,万度,0,1,75656688
W,w,0,1,75622650
票,吨,0,10,75319111.82000001
UNKNOWN,部,0,16,75055586.48
kg,片,0,47,74396970.17437576
只,根,0,383,73944190.95719294
个,颗,0,43,73534764.91752861
kg,批,0,85,73454900.73008788
公斤,张,0,129,73433334.69045898
套,付,0,168,73211849.3470311
EA,件,0,160,73062459.36202103
箱,KG,0,96,73026200.49017821
包,箱,0,283,72924466.44226164
块,片,0,67,72557492.78135376
吨,㎡,0,54,72178728.29973878
根,套,0,287,72065385.23495564
具,个,0,88,72009234.38316895
袋,箱,0,153,71928494.38121194
TAI,台,0,11,71725039.21726075
件,次,0,56,71661876.80561279
支,只,0,816,71511275.60517798
kg,UNKNOWN,0,161,71376474.63138442
箱,kg,0,117,71301736.57069588
台,吨,0,152,71278657.27003905
套,PCS,0,262,71127326.74241237
重量箱,平方米,0,4,70903723.07125001
UNKNOWN,宗,0,12,70789691.64749999
箱,提,0,92,70518179.11278687
件,吨,0,139,70023678.30236332
PCS,辆,0,8,69914903.22499999
吨(MT),箱,0,4,69533568.49921875
吨,公升,0,20,69424567.31016602
条,米,0,348,69403084.14354126
套,盘,0,63,68705729.80283692
块,台,0,468,68701065.21155968
UNKNOWN,箱,0,92,68450851.79483572
EA,口,0,3,68067245.21875
次,月,0,90,68061247.50524171
PC,EA,0,11,67811350.08860062
个,千克,0,369,67781328.28826876
次,批,0,83,67436230.97699219
平方,只,0,76,67419263.25389892
pcs,件,0,48,67021863.16441102
支,PCS,0,128,66889475.85567944
UNKNOWN,平方米,0,53,66751017.72624999
km,km,1,13,66457836.46851543
CAR,箱,0,25,65961966.75875001
万只,个,0,22,65922142.5809082
卷,个,0,547,65775272.93893972
PC,件,0,56,65264068.22605239
套,片,0,159,64732909.11368461
套,副,0,93,64375465.92057617
kW.h,KW.H,0,1,64125084.26171875
盒,套,0,208,63829121.78392457
kg,只,0,239,63418062.65341167
袋,盒,0,221,63206140.48913653
方,立方,0,10,63115122.68
立方米,平方米,0,35,63090312.49703126
千件,只,0,116,63036738.83717589
件,提,0,87,63026147.62214202
支,箱,0,109,62971565.8639911
吨,EA,0,46,62629702.89050781
KM,KM,1,57,62484514.40746584
kW·h,度,0,27,62450048.38288086
吨,风干吨,0,1,62256766
只,批,0,342,62142891.32083617
批,吨,0,60,61869214.08980469
UNKNOWN,年,0,118,61827053.08625488
个,条,0,603,61607710.72565065
千立方,千立方,1,2,61035014.68
千个,个,0,83,60801711.30544555
每百公斤,吨,0,2,60758555
度,KWH,0,4,60050029.42871094
个,米,0,682,59561855.23823059
万张,万张,1,9,59486441.42003905
UNKNOWN,1,0,57,58930951.22890625
枚,枚,1,60,57930872.53679931
箱,批,0,204,57781740.98081893
KWH,UNKNOWN,0,35,57437715.00952972
公斤,UNKNOWN,0,192,57380556.47494119
张,批,0,97,57343107.79655273
㎡,平方米,0,70,57051691.73807617
卷,支,0,37,56912851.6696521
个,W,0,2,56908188.65
T,T,1,25,56723873.27501953
基准吨,公斤,0,1,56655830.51000001
KG,箱,0,58,56519065.72329101
件,块,0,247,56277538.20044616
片,颗,0,4,56105282.72797607
瓶,批,0,83,55898812.99223388
m3,立方,0,15,55890774.72472656
张,平方米,0,76,55482337.70117188
KG,斤,0,32,55008948.15719238
个,张,0,375,54445139.64795563
立方米,m3,0,46,54003585.25453125
台,组,0,167,53779935.07229004
条,只,0,286,53706202.0840923
kg,台,0,107,53683687.39457031
千个,块,0,4,53680605.47
KG,UNKNOWN,0,82,53559085.14787754
卷,箱,0,138,53396822.21072754
件,kg,0,149,52990135.67263351
m3,m3,1,34,52961156.38820801
W,片,0,3,52939502.19998047
片,UNKNOWN,0,123,52732906.28672094
米,KM,0,31,52718813.96
把,只,0,331,52681526.18922719
付,副,0,143,52659368.04721557
项,个,0,75,52601347.54033829
W,瓦,0,2,52282450
台套,台,0,38,52167157.5965625
项,套,0,121,52161145.10733154
千只,只,0,93,52110806.43250365
L,升,0,18,51916020.54416025
颗,个,0,39,51782666.37468842
箱,套,0,158,51776921.59995973
公斤,批,0,158,51381187.08725395
每个,盒,0,1,51358134
百米,百米,1,3,51210143.778125
PC,UNKNOWN,0,47,51184841.15990555
套,米,0,350,51156171.13864257
个,月,0,41,51128091.41682556
平方米,只,0,112,51027850.9319223
克拉,克拉,1,10,50884157.619375
月,批,0,26,50651686.95976561
ST,只,0,6,50546113.64
支,UNKNOWN,0,269,50487808.20891508
单,UNKNOWN,0,59,50301435.31871094
平方米,件,0,75,50261977.50227082
桶,公斤,0,141,50117792.59866699
个,吨,0,221,50029495.8642615
km,米,0,57,49607870.66754883
袋,千克,0,12,49503917.548125
式,式,1,21,49469858.98
只,EA,0,209,49317504.25152056
套,组,0,169,49293763.98202706
kg,盒,0,122,49108418.59312935
PCS,枚,0,5,49005728.79005371
金吨,金吨,1,1,48957272
MT,吨,0,7,48875810.71
千只,千个,0,9,48815284.895
套,次,0,126,48766228.1008789
PC,片,0,4,48721454.48
吨,m3,0,31,48526253.69024658
吨,万只,0,4,48459779
米,根,0,477,48437652.95007384
个,把,0,1141,48337115.67117191
台,面,0,62,48023572.47093751
个,辆,0,62,47902851.12482878
票,次,0,19,47760725.27421875
批,项,0,81,47732304.59130859
片,支,0,192,47640148.42160799
件,包,0,277,47614427.75512949
部,部,1,49,47515573.18998779
套,把,0,485,47373950.7930911
J,个,0,5,47371191.8608017
千克,PRS,0,1,47253341.7
kg,包,0,110,47210119.25148054
片,PC,0,24,47063833.69163086
平米,平方米,0,58,46789083.07457031
吨,月,0,39,46768551.46685791
Each,台,0,9,46766019.05650391
kg,个,0,325,46613202.0946487
PAC,盒,0,3,46582177.953125
个,根,0,664,46442438.07232245
度,元,0,1,46387808
根,台,0,232,46106934.44030067
只,KG,0,99,45986581.29838532
克,千克,0,10,45634822.41999389
公斤,码,0,48,45365449.26173828
平方,套,0,84,45179083.00372069
千克,只,0,111,45175940.09460777
张,件,0,166,45166247.7193975
票,票,1,64,44904294.15725587
kg,套,0,209,44850824.97870056
1BT,瓶,0,87,44704832.46804456
项,栋,0,2,44590560
EACH,件,0,7,44586325.33862305
SET,PCS,0,6,44324691.49002441
米,平方米,0,86,44276575.20164062
节,节,1,180,44248430.57190331
盒,公斤,0,44,44186218.31083736
吨,吉焦,0,2,44016290.81
票,UNKNOWN,0,73,44000432.19
批,箱,0,65,43994609.48189454
次,个,0,73,43993391.77246703
平方英尺,双,0,26,43877505.65000001
PC.,台,0,6,43859278.32
瓶,UNKNOWN,0,381,43742980.19623159
平方,平方米,0,119,43658806.63011718
平方,UNKNOWN,0,40,43549536.01453125
粒,条,0,10,43455553.01
个,包,0,407,43444616.58627094
瓦,PCS,0,1,43048092
kwh,UNKNOWN,0,18,42990527.2732666
金属吨,吨,0,5,42914955.47000002
pc,个,0,15,42785903.95936035
千个,千个,1,26,42667683.29597656
笔,UNKNOWN,0,94,42494537.28578369
只,千套,0,1,42482144.1499999
套,KW.H,0,1,42324928.1
kW.h,UNKNOWN,0,1,42215366.39
kW·h,kw.h,0,5,42187821.5625
千克,盒,0,42,42057583.70293945
台,千克,0,92,41665881.91233032
吨,金吨,0,4,41613581.99
件,KG,0,116,41523256.67753128
顶,个,0,133,41266582.52198643
千支,千支,1,20,41157755.94128905
UNKNOWN,方,0,11,41139716.85664062
平米,片,0,10,41131789.70000732
吉焦,m2,0,1,41055900
KKWH,度,0,1,40844062.48
pcs,台,0,67,40661757.67138652
组,件,0,73,40550136.27895202
kwh,千瓦时,0,5,40500359.858125
块,件,0,175,40374439.90313056
批,片,0,28,40264871.02906249
平方米,M2,0,19,40155380.57833984
千瓦时,kw.h,0,22,40149503.02933594
支,吨,0,145,39783180.99979492
台,台套,0,21,39641352.76855469
SF,SF,1,1,39461465.8
PAK,箱,0,3,39381356.3
件,瓦,0,2,39180570.75
份,UNKNOWN,0,118,39152453.30963898
PCS,支,0,144,39122262.39378869
kg,Kg,0,111,39098244.39051315
台,片,0,189,39054526.73039429
包,件,0,146,39028048.19840656
吨,m2,0,22,39003509.79611328
KL,KL,1,1,38879634.43
条,批,0,60,38836086.19048217
千克,套,0,131,38679317.52513884
盒,KG,0,23,38660448.25372254
千件,个,0,102,38545567.4128456
千克,吨(MT),0,5,38411620.1625
w,度,0,1,38240473
套,kg,0,59,38223616.76227784
箱,组,0,39,38124073.09438232
只,块,0,515,38031471.17571279
件,公斤,0,167,37930244.19880462
PCS,SET,0,4,37813185.0499999
批,只,0,255,37682283.43448883
套,支,0,409,37173293.42358948
米,kg,0,75,37135221.78627808
千克,UNKNOWN,0,59,37078100.08932373
/,次,0,3,37012368
组,个,0,202,36938451.45982972
.,UNKNOWN,0,6,36922230.27
万支,UNKNOWN,0,2,36885000.93
吉焦,平方米,0,6,36700591.13375
只,吨,0,110,36694780.26337646
㎡,㎡,1,44,36499398.04906251
块,只,0,224,36420477.13965936
1,UNKNOWN,0,81,36381861.09641601
kg,桶,0,157,36103245.24241226
米,千米,0,24,36015361.54185547
公里,千米,0,6,35941307.421875
箱,片,0,54,35941190.84082436
只,PC,0,158,35788816.96972167
千克,Kg,0,28,35510280.17359417
支,把,0,523,35441863.61094445
立方,立方米,0,51,35333697.25421754
件,听,0,24,35291282.32058227
K,PCS,0,5,35181512.59
件,把,0,239,35112896.43189368
PC,PCS,0,13,35044439.95301756
架,个,0,26,34808370.29938842
斤,个,0,8,34803379.7031247
人份,人份,1,8,34676781
个,KG,0,134,34572409.95647461
米,卷,0,301,34540356.19346406
EACH,UNKNOWN,0,12,34314957.33539551
批,条,0,47,34243730.69671875
平米,平方,0,16,34190089.57947265
千件,支,0,16,33979211.48000002
条,UNKNOWN,0,220,33706626.57538025
桶,千克,0,57,33539483.44912506
度（千瓦时）,KWH,0,1,33456235.79
部,台,0,33,33392386.04824219
把,条,0,20,33382361.85
平方米,米,0,112,33329459.00861176
斤,套,0,6,33280867.34
张,千克,0,37,33194295.66041747
瓶,罐,0,80,33117242.66611541
个,升,0,23,33106860.70977539
套,月,0,18,33044963.26287964
条,吨,0,41,32749145.18712402
公斤,包,0,127,32600924.02988928
卷,米,0,481,32584595.73185209
张,公斤,0,46,32519257.58714111
千克,桶,0,48,32349455.38898925
桶,KG,0,115,31964548.17452149
KM,M,0,15,31961813.62625977
套,SET,0,31,31861676.818125
米,台,0,280,31697411.58322067
令,令,1,51,31656529.15950317
个,桶,0,194,31653614.27967224
公里,公里,1,11,31532330.59449951
PCS,PC,0,22,31517860.36872543
米,批,0,151,31511138.72168457
公斤,支,0,144,31311342.62434151
ST,组,0,3,31280765
KG,PC,0,17,31051445.48285667
UNKNOWN,KG,0,24,31050674.76221192
千克,片,0,27,31027831.489375
套,台套,0,16,31010885.43875
只,条,0,223,30994533.87370384
公斤,KM,0,2,30837606.91
台套,台套,1,6,30785108.15625
套,W,0,1,30621639.47
公斤,升,0,45,30613869.85395752
盒,大盒,0,1,30594615.42
kg,斤,0,67,30585012.92742737
听,听,1,42,30385397.64853028
车,车,1,9,30329397.1
亿,亿单位,0,1,30300467.6
吨,项,0,66,30271557.9380957
把,件,0,264,30102120.4493438
瓶,组,0,18,30074911.62021446
具,具,1,105,29941751.08826172
套,-,0,1,29909600
UNKNOWN,趟,0,15,29808149.275
KE,块,0,1,29761937.65
PCS,瓶,0,46,29724503.37252694
台,EA,0,322,29701000.33583763
吨,m,0,64,29693775.44511719
根,米,0,339,29678044.95070068
KG,袋,0,49,29402945.88758682
张,㎡,0,11,29325110.51875
片,张,0,192,29308840.39479652
粒,套,0,20,29259456.82148437
个,副,0,82,29231933.53925437
米,KG,0,71,29130029.38240723
把,套,0,471,29024093.89673843
吨,次,0,43,28947142.66323242
册,本,0,22,28937360.354375
吨,千万时,0,1,28904166
匹,卷,0,1,28746423.73
公斤,斤,0,106,28733200.10295738
张,m3,0,8,28668621.66
盒,袋,0,246,28623295.43466839
片,批,0,60,28589634.15539062
万只,副,0,1,28485865.7
台,米,0,370,28475431.61965331
吨（T）,吨,0,1,28272467.25
m,箱,0,1,28236007.78
KWH,kwh,0,13,28115814.8953125
kg,箱,0,108,28037627.42933593
付,把,0,32,27922417.74002655
床,床,1,59,27870424.15232849
吨,PCS,0,90,27862305.93341736
只,pcs,0,102,27794572.83305466
吨,双,0,23,27790131.746875
只,片,0,237,27755016.09705932
单,单,1,21,27753800.90999999
kg,条,0,46,27638446.46212856
片,包,0,30,27525394.16280152
千克,台,0,47,27407880.7296875
项,户,0,9,27339812.21914063
袋,kg,0,67,27318296.18501374
W,套,0,4,27200759.47
包,盒,0,175,27161728.81627537
本,本,1,589,27107591.53357274
辆,套,0,32,27093444.44932617
卷,套,0,125,27003839.19972068
M2,平方米,0,14,26841811.1515625
套,张,0,201,26792371.53075683
P,台,0,1,26651707
PCS,KG,0,22,26650284.30020935
重量箱,重量箱,1,2,26603669.9
套,瓶,0,138,26498540.52728982
批,笔,0,3,26387068.21
听,瓶,0,34,26210095.75413559
只,米,0,357,26202008.63949586
kg,平方米,0,31,26189023.21816895
只,P,0,2,26185350.69011719
扎,扎,1,27,26107861.43196198
PCS,千瓦时,0,2,26100814.905
UNKNOWN,场,0,16,26036650.7675
kw·h,kW·h,0,1,25949346.45
批,千克,0,35,25766504.6250293
卡,卡,1,45,25764960.2082473
平方,樘,0,11,25696738.6725
台,台/套,0,6,25672243.03125
m,米,0,82,25648948.1169336
箱,卷,0,307,25618438.69577385
根,支,0,101,25586691.76031692
公斤,台,0,144,25509284.92744141
KG,套,0,159,25452458.78068115
年,月,0,23,25422494.37
吉焦,㎡,0,1,25418240.52
度,kwh,0,7,25359745.71813965
升,L,0,35,25318034.860271
台,度,0,19,25218797.2292334
对,件,0,34,25179312.83000489
kW·h,KWH,0,4,24937772.47796875
UNKNOWN,双,0,33,24679157.77209635
EA,UNKNOWN,0,58,24525205.33688455
千克,斤,0,15,24524173.45965698
CAR,盒,0,5,24506402.50312502
月,次,0,89,24461874.57609993
辆,月,0,7,24396586
KG,架,0,1,24334170.32
面,面,1,42,24304981.18017258
平方米,条,0,47,24222598.1329956
副,付,0,190,24144419.15914795
重箱,重量箱,0,1,23939958
kg,KM,0,2,23902422.22
套,根,0,395,23901449.0943755
米,pcs,0,17,23886760.85309166
片,Pcs,0,7,23876805.48547058
套,pc,0,11,23686830.81718749
支,根,0,331,23579838.6849864
千度,度,0,1,23452330
件,桶,0,147,23414421.57797607
项,批,0,49,23310353.5571875
个,组,0,156,23245058.18361969
件,平方米,0,31,23202901.90757813
kg,袋,0,185,23153216.58729176
支,批,0,129,23001755.06076904
pcs,套,0,67,22791826.9896582
立方,UNKNOWN,0,26,22727670.0849939
平方米,月,0,17,22701639.04417969
KG,平方米,0,25,22687722.34897461
Each,个,0,2,22669363.69
盒,kg,0,53,22585576.38987019
期,UNKNOWN,0,23,22575807.99625
PCS,张,0,42,22542648.2556374
平方米,吨,0,42,22423455.82816406
吨,元/吨,0,3,22248805.25
份,笔,0,4,22165182.72
部,UNKNOWN,0,7,22164929.2109375
KG,批,0,57,22012286.84461182
吨,提,0,5,21899014.310625
UNKNOWN,瓶,0,152,21893837.26075652
公斤,令,0,1,21767562
口,口,1,11,21723523.34001465
只/支,只,0,13,21688807.30974609
桶,支,0,65,21653652.78806427
双,对,0,62,21644803.99285675
桶,瓶,0,301,21619505.21066358
根,UNKNOWN,0,82,21601627.98540512
次,年,0,31,21556147.47999023
打,双,0,18,21511944.18656128
L,L,1,24,21503984.44
UNKNOWN,口,0,4,21446216.895
㎡,套,0,19,21339537.12117187
公斤,PCS,0,126,21259544.10203003
米,只,0,304,21228793.10251121
台,KG,0,47,21220592.24121376
箱,卡,0,3,21204501.458125
EA,箱,0,13,21198584.21066407
根,盒,0,36,21161088.6143425
KG,条,0,43,21049648.42625366
1,次,0,17,20952019.37
PCE,瓶,0,9,20947288.9671936
吨,码,0,14,20945996.87552734
吨,万支,0,4,20818281.62578125
万支,万只,0,1,20696953
千克,张,0,39,20610559.54275879
千粒,只,0,3,20586707.56
只,面,0,11,20570745.78027344
桶,kg,0,109,20554628.21304993
箱,千克,0,42,20522234.75412354
个,项,0,190,20427758.15836426
PC,瓶,0,18,20282517.43252525
KG,磅,0,1,20277423.06
NU,盒,0,2,20259366.625
码,个,0,43,20247596.80717774
平方米,m2,0,35,20229858.08007813
支,片,0,146,20204699.77805146
吨,M,0,32,20191081.84517578
只/支,套,0,6,20154141.85
公斤,根,0,144,20130321.56509659
米,PCS,0,78,20110064.59810582
公斤,公升,0,10,20036444.01328125
千克,㎡,0,6,20011374.75
月,车*公里,0,1,20001763.44
件,平米,0,12,19768675.92509766
-,项,0,3,19726912.75
PCS,UNKNOWN,0,109,19642058.62522432
UNKNOWN,兆瓦时,0,1,19569824.12
听,UNKNOWN,0,11,19497459.55011231
吨,基,0,9,19476577.84494141
UNKNOWN,只,0,271,19302989.95783446
UNKNOWN,元/㎡,0,3,19287079.72
UNKNOWN,袋,0,81,19265870.99086241
台,根,0,389,19262041.84335201
盒,合,0,65,19224783.24875
副,套,0,75,19164257.55632935
PCS,EA,0,32,19160756.16037841
罐,千克,0,3,19135051.17
包,kg,0,44,19115224.0969656
平方米,KG,0,15,19107622.08847107
度,kW.h,0,2,19082921.3321875
组,只,0,75,19063938.29609801
千克,PCS,0,38,19058631.23581726
打,打,1,18,19045089.96750015
立方米,个,0,53,19002445.20986816
米,式,0,4,18975410.83
每百公斤,千克,0,1,18955889.3
批,盒,0,50,18942207.26605469
口,台,0,11,18938508.97687622
箱,块,0,119,18935472.4318647
只,节,0,64,18912508.05618599
万支,PCS,0,1,18856518.3
套,PAC,0,4,18828889.25730896
米,km,0,18,18826965.22235108
听,桶,0,23,18815058.8958609
km,公里,0,1,18805798.4
平方米,块,0,85,18781906.20668091
UNKNOWN,分,0,2,18731756.513125
付,个,0,253,18690864.79659479
人,批,0,2,18596965.58984375
年,UNKNOWN,0,124,18570058.35823242
批,kg,0,20,18514310.1101831
kg,卷,0,77,18508947.11510498
件,张,0,113,18503308.88930252
UNKNOWN,EA,0,86,18393021.22165569
袋,UNKNOWN,0,229,18298633.64217803
台,次,0,92,18294008.60026367
m3,套,0,3,18260426.3
平方,片,0,47,18251480.85966308
片,床,0,2,18102885.01953125
组,瓶,0,21,18062657.70700699
吨,本,0,69,18047926.15450195
盒,包,0,220,18036264.29502823
立方米,根,0,30,17961238.00517578
干吨,吨,0,2,17954044.35
袋,公斤,0,63,17947572.47560829
千克,卷,0,47,17865320.26025604
百粒,套,0,3,17847806.36
立方米,只,0,31,17824926.02536865
件,罐,0,48,17811283.54823242
万只,卡,0,5,17803856.35766602
斤,kg,0,18,17795966.87929573
吨,干吨,0,1,17710377.12
把,千克,0,53,17685103.5581543
UNKNOWN,立方,0,11,17564782.87625
回,台,0,1,17558046
支,米,0,201,17545549.30507324
重量箱,重箱,0,1,17511447.53
千克,支,0,46,17394913.36877564
立方米,千克,0,16,17370425.09
桶,箱,0,71,17355130.06059936
批,支,0,53,17336179.41966186
公吨,吨,0,3,17333883.73
平方英尺,张,0,2,17288877.23
批,樘,0,6,17218206.01
万千瓦时,度,0,1,17106441.29
公里,米,0,29,17072553.69349854
瓶,套,0,124,17050103.70679931
kW·h,kw/h,0,1,17008918
千瓦时,KW.H,0,8,16966505.17382813
套,MW.H,0,1,16965432.5
副,UNKNOWN,0,30,16823857.19009887
M3,M3,1,6,16712437.14984375
箱,升,0,18,16609728.80259766
千支,只,0,32,16606398.10224281
平方米,票,0,2,16590561.28125
斤,公斤,0,38,16491491.52220093
付,套,0,161,16475085.17563309
千克,枚,0,3,16422286.4875
袋,包,0,240,16331005.57542083
克,kg,0,6,16317925.99999962
平方米,批,0,65,16303662.45578125
—,UNKNOWN,0,1,16302688.48
万支,件,0,1,16295470
片,Wp,0,1,16257802.1
份,箱,0,5,16244456.86001221
美制加仑,加仑,0,1,16223238.96
UNKNOWN,千瓦时,0,14,16213731.56199219
个,平方米,0,51,16149198.35926453
平米,个,0,55,16131727.70381905
项,台,0,73,16117403.61987183
月,个/月,0,1,16110039.9
Kg,件,0,45,16095472.22454712
个,枚,0,34,16093813.73271728
1,项,0,16,16089731.26
个,双,0,88,16060585.23918396
克,升,0,4,16038470.359375
瓶,斤,0,13,16014907.78060227
件,双,0,66,16007446.55226776
EACH,辆,0,2,16002744.55999756
UNKNOWN,千度,0,1,16000000
千克,袋,0,51,15980934.07540894
18kg/罐,KG,0,1,15927867.04000007
UNKNOWN,张,0,58,15922896.13298828
公斤,T,0,18,15896827.70796875
支,升,0,8,15828650.28955078
根,吨,0,67,15803041.02389649
吨,付,0,45,15789918.97071289
张,万张,0,8,15771549.65265625
个,具,0,19,15754629.23750855
1,批,0,6,15709129.4375
箱,只,0,152,15705779.26576416
MWH,MWH,1,1,15664884.875
UNKNOWN,千克,0,21,15654920.00128906
KG,平方,0,15,15530905.07960938
平方英尺,英尺,0,2,15530761
KG,1,0,1,15513473
KG,盒,0,41,15495097.99719086
外内垫,套,0,2,15447451
米,枚,0,6,15439722.88769531
千克,平方,0,11,15423923.3153125
立方米,套,0,33,15358169.89925781
平方,个,0,95,15331899.53018597
只,组,0,82,15285273.49828125
BOX,箱,0,2,15244538.06953125
台,1,0,18,15221865.71875
外,套,0,2,15215404
重箱,重箱,1,9,15142693.18749999
UNKNOWN,车,0,12,15093707.65
吉焦,平米,0,3,14947064.40625
万粒,盒,0,14,14940519.5
袋,瓶,0,129,14936199.46964615
粒,盒,0,8,14849197.996875
套,公斤,0,86,14843434.5465094
UNKNOWN,米,0,75,14841337.43003906
万只,万只,1,9,14819358.64554688
打,把,0,13,14778504.336875
平方米,千克,0,49,14740419.62729492
颗,平米,0,1,14705263.97
码,条,0,11,14700920.01022461
百米,米,0,16,14690676.683125
个,公斤,0,194,14689860.26377525
Kg,公斤,0,64,14623414.24145264
码,双,0,18,14579736.04953125
个,部,0,56,14568979.85010803
樘,UNKNOWN,0,7,14452539.125
只,箱,0,80,14382913.87686767
批,公斤,0,43,14352576.14321045
提,提,1,103,14334578.99890259
张,吨,0,51,14332900.02558594
T,KG,0,19,14310298.93770508
套,pcs,0,44,14276000.90808594
顶,顶,1,252,14258626.13879029
千粒,PCS,0,3,14208865.97875
千克,千瓦时,0,2,14182548.45
克,g,0,12,14181802.56609375
UNKNOWN,块,0,69,14178523.12070068
千克,km,0,1,14151305
台,节,0,25,14052488.72
台/套,UNKNOWN,0,2,14039629.2
kWh,UNKNOWN,0,6,14031004.46203125
米,双,0,45,14029076.49652267
KWh,千瓦时,0,1,14000000
片,㎡,0,8,13996152.1
只,项,0,36,13993765.52
万只,kg,0,1,13983878.58000001
吨(MT),公斤,0,3,13930759
个,ea,0,11,13906725.10017715
基准吨,kg,0,1,13899708.13
㎡,只,0,9,13878175.83992188
次,元,0,15,13858803.56
M3,立方,0,2,13854458.5
Kg,Kg,1,19,13805439.9196875
千只,千支,0,4,13790063.49030926
SF,平方英尺,0,1,13763934.86
片,项,0,3,13658377.75
根,条,0,149,13632979.07771255
1SA,袋,0,251,13596798.17100914
立方,吨,0,28,13534339.42746094
张,台,0,121,13496058.96904297
Kg,盒,0,7,13450710.25
万只,只,0,27,13352661.19608277
度,个,0,11,13337753.86978455
片,pcs,0,45,13328291.7866565
台,kg,0,41,13270290.34516846
重箱,平方,0,4,13201399.8065625
车,UNKNOWN,0,11,13168127.89990234
PCS,批,0,67,13163993.93479492
把,支,0,165,13107118.06830368
米,支,0,94,13105585.60596413
M2,M2,1,3,13023930.0103124
罐,瓶,0,125,13000348.52501862
立方米,PCS,0,3,12995213.3125
米,箱,0,115,12977571.95676941
CAR,件,0,6,12915469.24
千瓦时,kwh,0,9,12908758.45765625
PCS,把,0,115,12901510.02560516
千只,PCS,0,20,12878524.64007813
UNKNOWN,平米,0,12,12867592.37167969
KGS,千克,0,2,12765372.26
PC,千克,0,33,12760936.42055664
EA,批,0,27,12757252.57140381
项,平方米,0,12,12730082.57828125
台,节点,0,1,12728326.64
批,pcs,0,10,12708021.160625
包,UNKNOWN,0,174,12693871.97783226
个,顶,0,59,12674949.11454163
kW·h,kwh,0,1,12674600.57
批,次,0,60,12659544.0084375
台,把,0,703,12645408.38711227
块,平方米,0,12,12630472.85
套,车,0,4,12629268.5
箱,杯,0,38,12597229.76584045
听,件,0,11,12575217.21363281
个,卷,0,317,12546702.21119785
T,件,0,24,12541089.52349609
立方米,片,0,10,12532223.78040054
个,千千瓦时,0,3,12465594.88
UNKNOWN,批次,0,5,12448250.62988281
台,付,0,62,12446222.84796143
只,盒,0,159,12430971.7504612
UNKNOWN,台/天,0,1,12419851
块,PCS,0,54,12415915.7746582
次,吨,0,39,12401403.6179126
册,批,0,9,12384648.3203125
吨,M3,0,3,12381626
重箱,件,0,2,12371950.48
套,节点,0,3,12351670.765625
kW·h,KM,0,1,12351297
克,UNKNOWN,0,13,12345653.68103027
罐,UNKNOWN,0,55,12335977.47391592
立方米,项,0,6,12300977.28125
片,把,0,128,12156385.25051895
吨,平方英尺,0,1,12148698
根,件,0,228,12130014.31884079
卷,平方米,0,58,12122268.90357422
km,UNKNOWN,0,3,12085184.21000671
kg,支,0,75,12040560.38945007
方,UNKNOWN,0,14,12036029.56827057
吨,斤,0,36,12030099.51090759
平方,米,0,35,11999549.34813111
条,KG,0,21,11979015.09079101
条,千克,0,47,11962620.95414307
立方米,瓶,0,5,11920704.50000244
㎡,平米,0,20,11906651.940625
包,千克,0,30,11842743.89015045
ST,ST,1,7,11795648.90910156
立方米,立米,0,1,11778423.4
组,双,0,4,11740684.65
箱,斤,0,52,11703839.46240784
平米,UNKNOWN,0,23,11697624.65827576
万只,罐,0,1,11696299.85
公升,升,0,6,11593198.150625
度,千瓦时,0,10,11584438.27475586
片,副,0,13,11564620.37853027
组,台,0,103,11529726.87597656
套,㎡,0,23,11525199.33503906
票,套,0,2,11455205.1
千只,箱,0,2,11448050.9
PC,ST,0,7,11445177.31798767
KG,支,0,54,11432336.24307861
条,公斤,0,45,11390086.73130425
UNKNOWN,瓦,0,1,11286652
盘,盘,1,189,11271817.60438049
罐,箱,0,37,11263316.83769531
箱,米,0,242,11246104.96988861
套,克拉,0,1,11236639
小时,项,0,3,11235159.8
块,千瓦时,0,2,11234223.0125
Kg,吨,0,25,11172461.51875
千,千支,0,1,11065589.27999999
盒,台,0,160,11050035.47666
令,吨,0,24,11014350.65140625
架,架,1,24,10993049.0575
升,瓶,0,83,10992341.31874512
辆,批,0,15,10957137.6575
只,公斤,0,116,10945690.44058166
张,平方,0,35,10846129.44367187
台,卷,0,111,10822042.28642029
kw.h,度,0,14,10818421.5234375
枚,批,0,3,10732400.78027344
立方,方,0,13,10694104.7348645
kg,平方,0,20,10634633.3515625
箱,平方,0,9,10597321.870625
头,把,0,1,10508611.7
吨,盒,0,47,10503297.09357422
吨,组,0,34,10493176.72817383
袋,KG,0,34,10443034.86806899
kWh,度,0,18,10416513.00254883
每一个,支,0,2,10407814
盒,罐,0,41,10390268.37811386
块,W,0,2,10333805.2
只,颗,0,23,10321820.03998779
组,节,0,7,10254783.09375
KWH,批,0,2,10253699.91
公斤,瓶,0,210,10250030.17168305
批,M,0,3,10246637.24
条,箱,0,43,10216882.42020294
包,PCS,0,16,10203147.04460815
包,批,0,49,10200914.3390625
双,付,0,152,10200657.60710312
套,台/套,0,3,10172193.63
米,kWh,0,2,10170297.45
包,瓶,0,83,10153008.35153057
对,对,1,124,10146426.78211914
只/支,只/支,1,8,10128296.04
套,樘,0,29,10105800.3584375
件,pcs,0,25,10103382.36701492
支,kg,0,70,10052693.43766113
SET,项,0,2,10043877
桶,UNKNOWN,0,101,10003085.20666008
条,盒,0,86,9945323.045816498
支,PC,0,57,9918368.579327697
MWH,千瓦时,0,1,9894861
KG,PCS,0,34,9853837.34437889
对,个,0,99,9848853.747436825
只,付,0,115,9820334.222302474
项,1,0,7,9814443.119999999
批次,项,0,1,9780000
公升,KG,0,5,9757968.74
本,套,0,36,9745946.650234995
UNKNOWN,册,0,9,9725656.779999999
包,公斤,0,52,9685396.87990875
平方,件,0,28,9682867.413945312
片,KWH,0,1,9681470
kW.h,度,0,3,9622683.955444336
根,千克,0,36,9611785.522653732
套,对,0,52,9566804.759990234
块,张,0,50,9539884.581582641
箱,听,0,35,9510988.956392212
式,套,0,12,9503060.86375
平方尺,平方英尺,0,2,9498913.25
EA,PCS,0,19,9498886.875478212
KM,km,0,11,9474738.044956055
pc,件,0,6,9465912.449975586
令,张,0,34,9453801.2228125
1,平方米,0,1,9450000
PC,箱,0,5,9435675.250000002
W,度,0,3,9417118.819946289
㎡,吨,0,7,9404258.075468751
月,台,0,22,9402433.649062501
只,把,0,351,9397480.044880789
千瓦,个,0,1,9375004
台,盒,0,191,9363453.776268387
立方,m3,0,17,9358450.288828127
批,米,0,93,9335194.210303651
瓶,Kg,0,6,9310897.119999999
袋,件,0,110,9301125.622797469
月,票,0,4,9287893.5
公斤,平方,0,41,9279226.765611568
UNKNOWN,PCS,0,74,9267948.950109098
立方米,块,0,22,9238866.169638671
瓦,千瓦时,0,7,9227521.512084961
批,平方米,0,22,9213377.419375001
kwh,月,0,4,9187830.96875
吨,粒,0,9,9183278.203749999
盏,套,0,18,9170843.53772461
百支,百只,0,1,9138154
km,卷,0,12,9134709.363671875
SET,个,0,28,9128793.614604492
吨(MT),KG,0,2,9123310.75
面,套,0,16,9087190.850703124
立方,个,0,26,9045495.629575197
平方米,箱,0,31,9012629.756712647
次,笔,0,14,8996846.6
KW.H,KW.H,1,4,8991059.930664063
KG,桶,0,112,8989655.848325195
项,PCS,0,7,8917319.92
千支,套,0,22,8892474.279987793
毫升,升,0,1,8874841
万度,UNKNOWN,0,1,8808587
支,桶,0,112,8804008.723449707
KWH,无,0,1,8787284
PC,千个,0,1,8785326.17
UNKNOWN,支,0,57,8773757.427927399
千瓦时,台,0,18,8761750.989951173
节,只,0,25,8727323.669804689
UNKNOWN,井次,0,2,8671461.470000001
片,千克,0,47,8671167.400664063
平方,平米,0,13,8670865.258437499
只,袋,0,30,8649857.1165502
节,米,0,6,8634401.489990234
批,付,0,28,8626080.380348511
PAA,PAA,1,8,8615798.311220704
个,只(支),0,2,8545447.27
万片,个,0,4,8536521.18
套,本,0,22,8517685.260786057
排,排,1,5,8511188.599975586
千支,个,0,45,8503672.979711913
斤,瓶,0,8,8493018.528711701
万枚,枚,0,2,8481651.02
块,.,0,1,8480000
pcs,片,0,15,8476185.336640624
UNKNOWN,-,0,12,8445749.758125
方,吨,0,17,8442527.786992189
UNKNOWN,条,0,68,8422086.712161865
15瓶箱,箱,0,7,8418827.899609376
批,月,0,22,8397784.403002929
束,个,0,1,8385784.250000009
公斤,双,0,20,8365689.172763672
颗,PCS,0,15,8358681.805732422
KG,罐,0,6,8343372.23171875
月,元,0,6,8342819.280019531
根,kg,0,21,8328951.140651246
KG,升,0,19,8303004.641210938
吨,份,0,15,8301740.563696289
W,块,0,3,8300660.75
块,匹,0,2,8291824.63
无,次,0,7,8288786.5
千瓦时,千千瓦时,0,1,8279012.439999999
月,年,0,32,8261893.42375
平方米,公斤,0,31,8261123.703242187
UNKNOWN,口井,0,1,8256911.300000001
樘,平方米,0,16,8226447.657500001
发,发,1,1,8202245.26
个,kg,0,92,8193828.779955444
SET,套,0,23,8192977.332282715
千,千,1,15,8187390.039648438
只,千瓦时,0,1,8183109.62
盒,份,0,27,8183096.448735352
吨,千个,0,2,8175391.28125
个,SET,0,32,8155749.068769837
件,份,0,17,8153938.340012817
平方米,kg,0,18,8135237.195940856
套,kwh,0,2,8121044.690429688
辆,千辆公里,0,1,8107288
根,PCS,0,36,8106804.009812773
批,KG,0,21,8099712.247895508
组,千克,0,10,8082282.550292969
吨,磅,0,2,8066842.640000001
立方米,kg,0,5,8061405.875
标准立方米,标准立方米,1,1,8045600
㎡,条,0,3,8044384.200024414
M2,只,0,4,8043026.630000001
平方,㎡,0,16,8003555.379887694
瓶,吨,0,111,7977878.669853514
无,UNKNOWN,0,25,7962054.819960938
元/吉焦,UNKNOWN,0,1,7948271.5
风干吨,吨,0,2,7943604.25
平方英尺,条,0,4,7936437.2
枚,个,0,53,7934853.988501131
Kg,千克,0,15,7928264.244892807
㎡,张,0,10,7923223.080175782
台,pcs,0,59,7918539.198131714
公斤,M,0,22,7914335.519873047
条,笔,0,1,7911564.25
瓶,公斤,0,131,7878408.716181641
支,辆,0,5,7873880
双,台,0,6,7866749.38996582
组,箱,0,12,7837068.814294433
L,箱,0,5,7833135.58984375
支,公斤,0,81,7831242.939752806
kg,km,0,2,7787087.09375
GJ,平方米,0,1,7784930.875
轴,个,0,1,7760490
支,卷,0,86,7729623.348052826
条,卡,0,1,7728103.060000001
箱,条,0,72,7726088.021356659
扎,件,0,1,7724859
吨,票,0,7,7706722.680000001
粒,个,0,54,7645961.745916137
只,ST,0,18,7642369.318661194
张,瓶,0,11,7624143.910390626
KM,卷,0,45,7611714.680444336
支,毫升,0,7,7578595.64
KG,克,0,4,7566024.68945343
千克,升,0,12,7564668.24
件,杯,0,10,7563604.243657227
盘,米,0,148,7562356.126906739
m,m,1,30,7560183.558371582
箱,PCS,0,69,7556203.046237792
M,间隔,0,1,7545226.310000001
条,张,0,45,7529748.907089843
平方米,项,0,28,7519001.218251953
UNKNOWN,m3,0,5,7480696.385000001
只,pc,0,20,7478976.495546876
DC,个,0,1,7471405.81
张,立方,0,12,7458385.40625
斤,UNKNOWN,0,39,7447443.776970522
米,平方,0,46,7439058.788894043
项,组,0,4,7439024
台,SET,0,36,7416049.450024414
KG,块,0,34,7409509.650585938
台,樘,0,6,7398509
米,盘,0,106,7395177.87641449
期,项,0,5,7365017.25
包,袋-60,0,1,7362246.52
1 批,瓶,0,5,7345086.970795288
对,套,0,51,7342134.889414063
千瓦时,次,0,4,7327536.020625
公斤,平米,0,19,7325176.596796875
吨,KM,0,3,7321623.58
KG,根,0,68,7294212.453092041
m2,m2,1,14,7278738.796225586
千克,码,0,6,7272195.2046875
千支,支,0,13,7259050.601875001
提,件,0,23,7223215.40152649
平方米,台,0,45,7221863.771083985
套,平方米,0,45,7210502.649350585
个,罐,0,28,7210045.401358034
组,UNKNOWN,0,38,7204175.56057129
1HE,盒,0,50,7181546.893281975
片,w,0,1,7168100.44
件,元,0,9,7106605.962493896
BX,盒,0,4,7063404.435000001
台套,套,0,10,7029470
千瓦时,米,0,6,7028221.159999999
EACH,次,0,1,7018594.5
个,KM,0,1,7015424.3
支,条,0,77,7013086.736690731
千克,立方米,0,5,7005923.11
KM,kg,0,2,6997251.230000001
批,斤,0,9,6994727.7825
万米,米,0,9,6986903.932500001
千瓦时,千瓦,0,11,6978421.395019531
张,根,0,37,6974786.880019532
每一个,套,0,3,6948290.510000011
kg,平米,0,8,6947252.228222656
EACH,EACH,1,23,6942777.44140625
公斤,把,0,33,6936691.915737991
卷,公斤,0,76,6930611.662623291
㎡,UNKNOWN,0,10,6930385.640000001
K,张,0,1,6919238.29
片,盒,0,85,6884946.939513855
本,UNKNOWN,0,76,6881279.60987701
项,式,0,11,6875581.570078125
盒,张,0,63,6861196.052763672
台,箱,0,134,6853747.834350587
UNKNOWN,天,0,65,6836452.660781251
UNKNOWN,kg,0,35,6830772.797282905
套,包,0,88,6824440.195819092
批,块,0,41,6819306.621657714
千只,片,0,5,6813663.784375
年,年,1,42,6792972.503125
批,袋,0,28,6785288.017841911
块,UNKNOWN,0,103,6769945.180170098
KG,万只,0,2,6757501.29
张,平方英尺,0,3,6755333.599609375
㎡,月,0,3,6687306.268750001
次,件,0,54,6664142.972233886
UNKNOWN,人,0,15,6656971.26
ML,千支,0,1,6632971.830000009
KPCS,吨,0,1,6632528.71
块,平米,0,5,6628334.100000001
批,组,0,19,6627437.71875
码,副,0,1,6618752.300000001
kg,PCS,0,26,6614594.501051025
吨,艘次,0,1,6602374.56999999
千瓦时,KW.h,0,11,6592976.621718749
J,件,0,3,6587251.106771698
台,公斤,0,79,6578289.883249054
无,份,0,1,6570135.17
批,张,0,58,6549119.547934569
KG,万单位,0,1,6503718
宗,吨,0,1,6500000
瓶,台,0,75,6472530.721766052
公斤,PC,0,18,6467577.001244964
颗,只,0,9,6415311.858076172
平方英尺,尺,0,1,6402114
令,包,0,19,6396843.451672363
kg,张,0,49,6394686.129677735
台,月,0,37,6381491.54199707
只,Pcs,0,22,6379497.518985271
UNKNOWN,千千瓦时,0,1,6379478
吨(MT),件,0,4,6371965.7125
kg,根,0,100,6369638.517303468
千瓦时,无,0,2,6357227.96875
组,张,0,18,6328559.599609375
万个,万个,1,3,6312761.02
KG,T,0,4,6305357.35375
UNKNOWN,盒,0,102,6302096.502009887
克拉,件,0,2,6298489.709999999
袋,批,0,31,6288271.557551993
批,根,0,54,6269523.171350708
KG,瓶,0,81,6258093.207928009
UNKNOWN,届,0,1,6238419.58
件,台套,0,7,6229026.5
PC,批,0,19,6224767.904179688
米,W,0,2,6220093
片,平米,0,11,6216323.341250001
千粒,千粒,1,4,6214561.780625001
件,EACH,0,8,6198007.928735351
项,件,0,24,6182862.226015625
付,双,0,131,6182859.755039673
卷,盘,0,58,6180552.936235351
千瓦时,个,0,17,6148523.900581054
把,台,0,339,6147971.596415251
千米,卷,0,20,6138875.425456543
件,月,0,14,6138380.963437499
桶,PCS,0,16,6109329.729999084
UNKNOWN,JOB,0,2,6108026.890000001
项,无,0,9,6074193.6
ml,mg,0,2,6048153.470000001
吨,公斤（千克）,0,1,6042000
袋,吨,0,29,6015666.845315551
面,台,0,11,6012517.592773438
m3,吨,0,14,6009373.507519531
吨/公里,月,0,1,6000000
箱,份,0,13,5993635.259998971
套,千千瓦时,0,5,5986669
盒,提,0,20,5986411.041225587
瓶,袋,0,115,5977933.368644943
批,㎡,0,5,5974960.880859375
件,T,0,7,5969249.725
套,瓦,0,3,5967523.6
GRP,瓶,0,2,5920586.6590625
米,块,0,64,5907896.548232421
根,公斤,0,25,5906755.779926758
只,kg,0,78,5899446.405648346
根,EA,0,39,5898025.655731201
平方,M2,0,9,5856429.640000001
个,千只,0,26,5838249.44078125
卷,PCS,0,55,5824308.099215928
KM,千米,0,10,5819167.03671875
㎡,平方,0,16,5807390.956875
付,只,0,96,5806370.642414856
元,月,0,8,5786645.16
包,吨,0,32,5779899.530390626
枚,千克,0,5,5776938.76917984
立方米,㎡,0,5,5773120.7734375
1CA,罐,0,28,5760326.922837687
批,票,0,9,5757911.6275
kW·h,户,0,1,5751301.25
支,袋,0,55,5737211.158000641
PC,支,0,19,5732660.309558106
斤,批,0,9,5720024.9978125
m,UNKNOWN,0,5,5709884.139993897
包,套,0,71,5706367.257923584
卷,件,0,137,5704641.624226685
只,KGS,0,2,5701341.55
T,PC,0,1,5696088.84
瓦,UNKNOWN,0,3,5694163.3984375
米数,套,0,1,5692703.88
方,M3,0,2,5673328.5
ST,个,0,11,5667057.295716553
UNKNOWN,季度,0,11,5663819.56125
桶,L,0,30,5656872.543803711
门,台,0,1,5653102
条,包,0,73,5645553.811004371
次,套,0,109,5634843.201651611
张,箱,0,21,5623318.609267578
付,台,0,71,5620296.210534669
千件,ea,0,1,5617443.05
筒,筒,1,75,5610797.547195015
条,PCS,0,59,5609941.79172531
卷,张,0,96,5586645.204499187
支,式,0,11,5575292.41
大桶,Kg,0,1,5569213.875
KWH,个,0,1,5563394.25
支,KG,0,66,5556496.031926575
m2,方,0,1,5550014
平米,套,0,19,5547259.767285156
元,吨,0,7,5544581.46
平米,张,0,9,5544531.3821875
批,PC,0,16,5534763.484741211
KM,盘,0,14,5493890.110224609
kg,统,0,1,5492000
桶,件,0,115,5478467.63611908
瓶,kg,0,91,5473566.202717438
台,只.,0,2,5456818.59
艘次,吨,0,3,5449649.3775
只,桶,0,65,5443538.849507675
12瓶箱,罐,0,2,5428673.466308594
m,兆瓦时,0,1,5424004
千瓦时,kw/h,0,2,5418236.75
EACH(个),套,0,2,5399038.4
PCE,盒,0,1,5387904.5
卷,圈,0,12,5372374.580195313
UNKNOWN,吨(MT),0,1,5370763.75
套,年,0,33,5342891.399999999
立方,平方米,0,15,5341679.805625
UNKNOWN,季,0,14,5330343.314975587
千克,条,0,39,5324703.143120117
万张,公斤,0,4,5323177.929199219
UNKNOWN,KW.h,0,1,5317251.65
杯,杯,1,14,5312678.117021485
升,kg,0,17,5294965.83
瓶,L,0,9,5293202.401875
克,批,0,4,5259716
片,KG,0,31,5255740.643847045
批,份,0,17,5241129.435722656
g,件,0,2,5225657.399902344
块,支,0,37,5209972.889939575
UNKNOWN,个/月,0,1,5193202.8
公升,公斤,0,6,5187153.939995117
扎,米,0,20,5177169.038398437
KG,码,0,9,5158314.3434375
件,副,0,53,5154587.76685669
台 .,台.,0,5,5141604.71
m2,平方米,0,10,5134751.310000001
支,克,0,5,5126920.52
套,床,0,27,5101788.824316406
张,平米,0,12,5096629.6484375
卷,只,0,169,5094710.859582215
克拉,箱,0,1,5093570.66
包,颗,0,1,5086613.27
罐 .,罐.,0,1,5080150
个,千个,0,34,5077006.964033203
千支,件,0,12,5075909.100324706
副,件,0,54,5067900.299821835
十亿,包,0,1,5061700
次,单,0,7,5058581.349980469
卷,台,0,71,5057147.3246875
支,组,0,41,5056155.466110229
盒,丸,0,1,5054400
度,件,0,10,5044268.390371094
Kg,个,0,26,5038621.800009766
千件,PCS,0,15,5033253.630000001
平方,张,0,50,5030561.100356446
度,月,0,10,5023927.269394532
圈,米,0,25,5009017.928808594
月,吨,0,13,4996282.951562501
UNKNOWN,W,0,2,4991967.95
箱,根,0,61,4988233.959168701
sf,SF,0,1,4979760.42
m,台,0,7,4971612.149999999
盒（铁盒）,盒,0,1,4946400
个,袋,0,146,4944044.36913105
万度,千瓦时,0,1,4936084.19
千克,瓶,0,62,4931466.033458404
公斤,千瓦时,0,2,4929724.2578125
千米,批,0,4,4923311.66
KM,PCS,0,4,4906238.085
码,片,0,4,4894494
盆,个,0,2,4884858.02
升,立方,0,1,4876933.34
项,块,0,5,4875081
GE,桶,0,3,4869499.9375
车,吨,0,15,4853867.7440625
付,千克,0,11,4844323.839996338
UNKNOWN,座,0,3,4843666
米,樘,0,9,4835755.0515625
期,期,1,6,4835673.3
个,船/套,0,1,4826298.11
m2,平,0,1,4821087.5
瓦,套,0,4,4818168.271875
盒,条,0,49,4807595.732377936
卷,条,0,64,4804807.941736145
面,KWH,0,1,4804791.49
1PC,件,0,280,4804648.257808427
万kwh,万千瓦时,0,1,4785167.15
打,条,0,6,4784747.5490625
千个,只,0,15,4775057.26913086
PIA,支,0,1,4771095.1875
盒,板,0,10,4767688.462896729
个,兆瓦时,0,1,4758842.13
㎡,个,0,35,4736897.879316712
KG,张,0,32,4735907.767965699
罐,听,0,23,4731155.552534122
米,张,0,48,4722161.197636729
千克,十亿,0,2,4712000
千件,千,0,9,4705551.724140625
平方米,支,0,21,4694530.794726563
KG,EA,0,20,4690975.813923035
平方米,粒,0,3,4687058.58
吨,辆,0,5,4686503.967499999
组,批,0,26,4680412.42
双/件,双,0,2,4680167.32
15KG/桶,桶,0,1,4676950
付,UNKNOWN,0,32,4674271.669787979
千克,令,0,4,4667138.35
支,包,0,96,4666013.581241341
千个,颗,0,2,4656515.8175
批,EA,0,30,4654623.907543945
合,合,1,6,4652044.550000001
瓦,万千瓦时,0,1,4651374
吨,副,0,15,4642134.5196875
条,只/套,0,1,4617498.82
米,次,0,10,4612085.879765625
吨,孔,0,1,4605332.74
平方,卷,0,46,4604055.420805306
项,期,0,5,4597266.446875
个,粒,0,38,4592191.407643433
立方,片,0,6,4591196.85546875
万个,个,0,7,4579891.090023994
UNKNOWN,根,0,41,4572551.796799317
艘,UNKNOWN,0,1,4570000
台,座,0,18,4559055.526245117
公斤,万枚,0,1,4557583
票,项,0,10,4555877.53625
升,UNKNOWN,0,70,4555691.592177124
件,项,0,54,4549593.792321777
Unit,台,0,1,4544400
月,平方,0,2,4543784.25
块,吨,0,35,4518213.473574218
箱,本,0,68,4517554.849536133
罐,盒,0,54,4493105.129710387
套,盏,0,33,4485653.295712929
EA,组,0,3,4478673
个,百个,0,4,4472784.84
T,平方米,0,3,4465144.499993896
张,把,0,74,4463231.160061149
千支,千只,0,4,4455847.709765625
个,盏,0,29,4447459.500571289
ZHI,支,0,3,4438694.25
平方米,千个,0,2,4429709.8
张,本,0,70,4422328.745691529
令,卷,0,5,4415781
TRY,栏,0,1,4410336.48
组,元/AH,0,1,4407236.34
PAI,桶,0,2,4405749.28
卷,批,0,64,4401816.819979705
套,箱,0,68,4368657.381776122
PC,KG,0,3,4357299.930000001
千瓦时,kW.h,0,3,4353331.765625
千个,PCS,0,14,4340423.246718749
提,UNKNOWN,0,25,4338734.361474152
箱,双,0,25,4323801.463076782
立方米,平方,0,11,4316820.825195313
套,卷,0,82,4305842.369705524
只,K,0,4,4304269.969946289
平方,批,0,27,4302133.41375
桶,批,0,32,4292615.224375
kg,g,0,39,4282783.56486908
UNKNOWN,*,0,2,4275824
台,张,0,194,4269831.889248047
套,t,0,2,4253207.33
UNKNOWN,组,0,35,4243212.757539063
t,千克,0,3,4242543.740783691
片,米,0,41,4240969.372556075
平方米,m3,0,6,4238406.5
月,套,0,9,4234995.140000001
m,套,0,19,4224073.677109376
吨,柜,0,4,4219992.83
付,件,0,83,4219923.883324356
瓶,听,0,24,4185626.257082519
月,个,0,21,4172088.71201416
千克,T,0,4,4165850.400024414
根,张,0,17,4160516.210035705
SET,台,0,14,4150431.855
克,KG,0,5,4148779.11
月,辆,0,11,4148151.1484375
瓶,pc,0,1,4121524.96
PCE,台,0,3,4114622.17
件,卷,0,115,4112490.478543167
套,平方,0,36,4111797.699726562
公斤,块,0,85,4106612.924165649
块,克拉,0,2,4106272.74
Set,台,0,1,4102490
包,斤,0,35,4094003.471031952
盒,批,0,61,4090261.628579254
Wp,千瓦时,0,1,4089611
pcs,UNKNOWN,0,21,4084908.293474121
公斤,打,0,5,4082999.207399292
套,兆瓦时,0,2,4078647
个,元,0,9,4071749.40015625
只,卡,0,3,4068951.285140991
份,件,0,11,4067483.475439453
米,片,0,48,4067300.49534317
副,台,0,23,4055746.450048828
件,平方尺,0,1,4051732.5
1SA,公斤,0,8,4042505.33220398
台,包,0,61,4040982.118944092
立方米,公斤,0,10,4040940.585820313
月,件,0,12,4023561.72375
千个,K,0,4,4022077.46
桶,罐,0,26,4018922.733728027
百米,RL,0,1,4002969
批,0,0,1,4000000
罗,支,0,2,3997558.364453125
只,瓶,0,100,3997401.045037088
pcs,只,0,57,3990966.637144013
盒,克,0,8,3988823.146225586
项,只,0,12,3987724.510783692
只,卷,0,176,3987262.686212463
吨,万付,0,1,3984498
万只,支,0,4,3972870.1
盒,根,0,37,3934842.977442627
只,万只,0,7,3930898.92
平方,千克,0,10,3923801.95
双,UNKNOWN,0,57,3916490.022420225
m3,㎡,0,2,3914863.56
公斤,罐,0,12,3911433.35125
箱,㎡,0,6,3907331.38
百万千焦,百万千焦,1,1,3906038.6875
条,支,0,59,3902901.420036621
K,个,0,14,3901939.57963623
㎡,米,0,13,3893818.340839844
十亿,十亿,1,1,3892000
箱,台,0,118,3888911.792695313
g,kg,0,2,3884128.390625
件,式,0,13,3881563.33328125
KM,套,0,13,3876079.095012207
柱,片,0,6,3874826.3
台套,千瓦时,0,1,3874440
粒,pcs,0,1,3873755
吨,罐,0,12,3868926.880800781
TON,KG,0,4,3856255.9375
套,度,0,10,3847217.184570313
Kg,箱,0,8,3844433.209179687
元,元,1,10,3840743.695625
口,井次,0,2,3830943
kW·h,千瓦时,0,1,3830610.40625
吨,樘,0,5,3828754.5146875
米,项,0,37,3819827.772025147
批,双,0,12,3819119.78125
块,批,0,33,3818865.938740234
pic,UNKNOWN,0,1,3816222.75
平方英尺,块,0,1,3814829.25
付,架,0,3,3799415.900013428
罐,支,0,27,3799411.489361878
双,副,0,73,3792729.307631836
PCS,米,0,28,3765197.612531738
PC.,套,0,3,3763403.15
平方,扇,0,1,3739516.5
盏,盏,1,27,3739242.321875
GJ,㎡,0,1,3737834.375
1,份,0,2,3728621.86
列次,天,0,1,3726800
PCS,千个,0,4,3721936.95
樘,平方,0,11,3717633.6953125
PCS,千克,0,23,3715095.45875
米,扎,0,12,3707979.21296875
立方米,条,0,9,3700942.072265625
件,付,0,78,3700401.329475708
CAR,CAR,1,6,3694396.514570312
PC.,个,0,2,3691776.46
个,本,0,119,3685901.637551574
KG,10米,0,1,3682205.74
PCE,PCE,1,8,3676029.188378906
KWH,元,0,4,3669919.0234375
合,kg,0,2,3669766.199951172
卷,平方,0,31,3666743.389257812
kwh,件,0,5,3666212.79625
kW·h,kw?h,0,1,3659745.875
案,案,1,1,3651920
节,颗,0,3,3644895.73
英尺,平方英尺,0,2,3643730.6
2:毫米,只,0,1,3643396.39
台,人份,0,1,3639906.67
件,车,0,1,3638730
千立方米,UNKNOWN,0,1,3629524.75
公斤,千只,0,4,3629368.169999999
本,册,0,8,3624238.5
Kg,只,0,18,3624207.413110352
付,辆,0,6,3622171.12
kW·h,UNKNOWN,0,3,3618640.03125
卷,千只,0,1,3617480
T,Pc,0,1,3617382.75
季度,季,0,1,3614598.64
套,P,0,1,3606012
盒,Kg,0,6,3603373.66003418
份,个,0,30,3599144.982688179
吨,PC,0,32,3591273.890510177
只,船套,0,4,3589308.23
万只,台,0,1,3587144.25
批,本,0,56,3585737.697906189
KWH,台,0,6,3583700.65
条,项,0,12,3579310.93
KM,根,0,21,3574154.369746094
条,EA,0,39,3571115.267617188
1,个,0,6,3563861.38987793
UNKNOWN,面,0,4,3563010.01
-,-,1,10,3559046.6015625
公斤,磅,0,5,3558594.109375
批,元,0,9,3557055.52
斤,千克,0,8,3554935.01859375
KW,kwh,0,1,3548623.32
根,PC,0,24,3548004.037371826
t,KM,0,1,3546281
张,条,0,27,3535658.507225151
条,组,0,13,3533911.280004883
Kg,套,0,21,3527674.4
罐,L,0,6,3521663.67625
个,架,0,8,3520872.4
箱,平米,0,5,3520213.2
块,kWh,0,1,3512084.17
樘,套,0,25,3502563.239492187
张,米,0,64,3502181.40090332
平方英尺,套,0,4,3501165.52
万度,度,0,4,3489181.40625
公斤,立方,0,8,3482529.2625
万条,PAK,0,1,3479905.75
公斤,万米,0,2,3476161.39
包,只,0,107,3476151.849723663
PCS,组,0,11,3461356.02
件,面,0,2,3454755.03
T,kg,0,22,3452240.043496094
平方米,无,0,2,3452118.02
米,MW,0,2,3449408.54
PCS,吨,0,4,3446155.61
双,千克,0,12,3445289.563769531
箱,壶,0,4,3443896.0784375
Y,票,0,1,3442687.060546875
克,吨,0,3,3440827.41
条,卷,0,105,3439395.028483925
K,片,0,1,3436830
立方,套,0,16,3435150.340390625
张,包,0,27,3425092.91887207
KWH,千度,0,1,3415773.79
项,元,0,11,3407314.964375
盒,块,0,37,3399871.659931031
桶,台,0,54,3395359.20053711
立方,平方,0,8,3393226.998535156
T,公斤,0,32,3386736.540048828
UNKNOWN,KW,0,3,3381054.36875
重量箱,块,0,1,3373388.49
片,公斤,0,36,3368392.668286133
只,包,0,123,3363618.519061088
千米,KWH,0,1,3360446.02
公斤,副,0,28,3353793.497255859
元/公里,元/公里,1,1,3350588
kW.h,兆瓦时,0,1,3343800
PCS,条,0,45,3339082.140098266
平方米,次,0,11,3328103.153769531
台,平方,0,27,3327313.960195312
UNKNOWN,式,0,14,3323277
KGS,个,0,1,3317846.42
立方米,批,0,17,3315788.670800781
件(1*12),箱,0,1,3305230.84
具,只,0,21,3300343.619873047
KG,项,0,7,3295448.875
度,小时,0,1,3295366.34
组,吨,0,15,3279906.30375
米,EA,0,36,3277003.718493652
罐,kg,0,12,3275134.462275162
间,UNKNOWN,0,16,3272030.1875
张,令,0,9,3270261.08
斤,张,0,3,3267939.85
台,平方米,0,42,3253032.747314453
平方米,樘,0,9,3250949.9125
批,平米,0,7,3247056.692666016
盒,中盒,0,3,3243723.58
万支,支,0,13,3238328.506132812
层,套,0,3,3234445
幅,幅,1,56,3230257.286416016
月,1,0,9,3228242.86
件数,台,0,5,3225134.1
UNKNOWN,片,0,28,3224795.902695313
期,台,0,6,3223869
片,EA,0,34,3219037.727349854
批,桶,0,22,3214838.203742676
UNKNOWN,枚,0,1,3207945.62
块,条,0,46,3199557.916699829
件,升,0,18,3195508.250017395
UNKNOWN,平方,0,14,3190439.393789062
片,kw.h,0,1,3182784
EA,pc,0,1,3182485.68
箱,EA,0,21,3182071.0978479
T,套,0,10,3179287.1325
瓶,KG,0,63,3178326.096846924
度,kw.h,0,2,3177010.805
块,pcs,0,18,3176978.408017578
项,KG,0,3,3168201.75
UNKNOWN,PC,0,21,3166483.962218704
码,件,0,13,3163766.470009766
套,w,0,1,3160120
平方英尺,件,0,9,3148507.33
km,m,0,1,3148096.86
台,路,0,9,3142233.520019531
吨,250kg/桶,0,1,3141975
把,张,0,42,3136450.236296387
平方米,立方米,0,9,3131146.96484375
KWH+,千瓦时,0,1,3127680
千克,粒,0,4,3124400.381347656
式,个,0,12,3120577.530625
瓶,立方,0,3,3118320
公分,套,0,2,3113574.6875
付,条,0,18,3106485.569946289
单,个,0,3,3090033.857666016
平方,台,0,21,3084980.970097656
方,kg,0,1,3083796.92
pcs,把,0,34,3083117.116638449
次,1,0,15,3082970.899946289
箱,把,0,44,3078804.428346405
KW.H,UNKNOWN,0,1,3072304
克拉,对,0,1,3070134.54
张,盒,0,28,3064236.0190625
千瓦时,万千瓦时,0,1,3057967.76953125
枚,件,0,10,3057942.29
船套,艘,0,1,3052800
台,桶,0,78,3049372.437539063
千克,千件,0,8,3028178.05125
升,公升,0,4,3026926.140976562
台,TAI,0,32,3023860.17307312
罐,袋,0,38,3019956.724520111
把,PC,0,31,3018278.32757431
KG,双,0,8,3016969.970922851
UNKNOWN,公里,0,3,3015049.53125
平方,m2,0,15,3014311.14
支,平方米,0,22,3012135.388359375
张,份,0,22,3011505.187929687
户,户,1,4,3011196
年,项,0,50,3009601.33828125
台,式,0,30,3003605.080161133
台,卡,0,4,2999842.489952087
万发,发,0,5,2999229.12375
套,面,0,25,2998918.663085938
公斤,付,0,41,2988306.329970703
千只,K,0,2,2988056.2
UNKNOWN,本,0,33,2986918.989179687
项,EA,0,11,2986462.478059082
盒,只,0,98,2978952.453175964
kg,㎡,0,14,2976679.6115625
批,平方,0,14,2976236.997558594
公斤,pcs,0,20,2972093.851741943
吨煤,吨,0,2,2968635.89
UNKNOWN,PU,0,1,2966640
斤,份,0,3,2966611.265625
1ZH,只,0,16,2965857.457378387
升,批,0,10,2964155.090029297
m3,件,0,3,2962011.999633789
天,UNKNOWN,0,47,2960085.04
批次,车,0,1,2950000
套,部,0,21,2948809.479980469
基准吨,吨,0,1,2946478.62
批,克,0,2,2940757.95125
平方米,平方数,0,1,2925430.96
根,付,0,23,2924220.189992981
千瓦时,千瓦/时,0,2,2919988.138125
只,roll,0,1,2912434.89
次,票,0,9,2909892.7709375
升,公斤,0,42,2905420.806098633
套,颗,0,15,2899296.670000915
码,公斤,0,14,2897847.090214844
台/套,船套,0,1,2893700
罐,升,0,6,2892284.879638672
无,项,0,4,2885228
米,副,0,19,2880491.659606934
井次,井次,1,2,2878571.33
PCS,本,0,71,2875706.189510402
箱,张,0,59,2874009.022255249
EA,项,0,4,2873409.91
千件,千克,0,13,2867756.48375
式,项,0,9,2867148
CAR,瓶,0,9,2866803.330690918
栋,套,0,1,2863710
KWH,吨,0,2,2862053.850048828
亿,盒,0,1,2861760
m,根,0,12,2859661.54
千瓦时,宗,0,1,2848472.75
卷,吨,0,24,2848364.245019531
UNKNOWN,扇,0,1,2842288.125
Kg,平方米,0,3,2834643.39
只,副,0,28,2831653.089968033
kg,樘,0,4,2828367.66
樘,平米,0,5,2826702.700195313
Squ. meter,平方米,0,1,2824425.5
其他,UNKNOWN,0,2,2823586.35
千克,项,0,5,2820662.046875
罐,件,0,31,2818522.422358398
套,平米,0,16,2809637.0590625
千粒,千支,0,1,2809263.5
立方,张,0,16,2808797.084277344
块,根,0,51,2803105.982733155
盒,桶,0,54,2798931.377127991
箱,听装,0,1,2787477.375
ea,吨,0,1,2785529.5
双,PAA,0,6,2785213.743774414
季,UNKNOWN,0,8,2782017.3
万只,千个,0,1,2775341.99
Piece,罐,0,3,2773223.15125
箱,联,0,3,2772294.76953125
CT,把,0,1,2768275
包,台,0,44,2757634.600043946
付,批,0,19,2750804.214453125
床,套,0,17,2747230.779729615
平方英尺,千克,0,3,2745347.58
期,月,0,6,2743122.82
盒,M2,0,1,2739246.77
次,千克,0,3,2738150.05
英尺,个,0,3,2733869.810000001
瓶,升,0,41,2732146.900761719
码,千克,0,8,2730612.1875
节,套,0,20,2726261.6875
-,UNKNOWN,0,6,2723133
PCS,式,0,6,2718598
m3,组,0,1,2714807.5
UNKNOWN,T,0,6,2711421.56484375
UNKNOWN,小时,0,6,2708123.89
卷,EA,0,39,2706968.359291992
条,度,0,1,2706849.75
kwh,批,0,2,2702445.625
千,个,0,24,2698129.879726563
片,条,0,52,2697484.44262146
UNKNOWN,包,0,62,2694645.491841735
公里,项,0,1,2691212.48
粒,件,0,43,2690808.399765625
台/套,台,0,6,2681918.009765625
无,无,1,7,2681786.01
M,WP,0,1,2679902.11
包,KG,0,32,2678774.182108765
箱24,箱,0,3,2676320.0028125
天,次,0,13,2675505.92
个,樘,0,9,2675361.82
圈,套,0,3,2675165
立方米,件,0,21,2672846.853144531
Piece,桶,0,1,2669005.5
公升,公升,1,7,2668437.870097351
1BA,包,0,15,2664710.210388184
卷,片,0,47,2659799.221040955
间隔,个,0,1,2659531
个,笔,0,8,2656170.349609375
件,Pcs,0,3,2653929.508105469
千克,罐,0,6,2652171.818359375
ST,辆,0,1,2651011.97
PR,副,0,1,2642203.04
副,批,0,11,2639274.14
加仑,个,0,2,2637146.18
T,UNKNOWN,0,6,2625454.347890625
NU,台,0,3,2624343.5
UNKNOWN,KWH,0,7,2618833.735229492
片,枚,0,5,2612220.89
万发,kg,0,1,2609851.55
双,包,0,32,2606171.664790048
卷,千克,0,29,2605697.704412231
箱,平方米,0,16,2605243.6134375
颗,张,0,2,2604377.35
千只,批,0,4,2593788.98
期,笔,0,2,2585463.455
件,屏,0,1,2581164.03
卷,pcs,0,21,2578462.321999817
平方米,枚,0,6,2575655.551953125
吨,标吨,0,1,2573461.8
樘,㎡,0,7,2571499.930625
PC,桶,0,5,2570429.22625
批,卷,0,39,2569787.23891388
米,包,0,44,2569028.154793701
个,克,0,10,2566031.986347657
箱,排,0,3,2559286.36875
件,m,0,10,2558829.335862427
平米,吨,0,8,2557110.57
艘,艘,1,4,2556952.5
项,场,0,4,2550046.391875
M,件,0,12,2547678.790029297
套,段,0,1,2544000
吨,基吨,0,1,2538378
基,UNKNOWN,0,1,2538274.45
平米,㎡,0,13,2538039.200039063
套,KKWH,0,2,2537360
公斤,份,0,17,2537299.339931641
公斤,㎡,0,17,2534861.030625
万粒,只,0,9,2525942.494812012
部,个,0,15,2524990.620026398
提,盒,0,16,2521391.609785156
杯,组,0,1,2519909.46
包,罐,0,22,2515803.442527962
公里,KM,0,2,2514669.95
项,m3,0,1,2514500
粒,百粒,0,1,2506512.07
台,基,0,2,2490600
块,KG,0,10,2488420.37984375
T,平方,0,1,2488350
床,张,0,4,2487768.5325
km,Km,0,3,2482194.53375
次,PC,0,6,2481548.329990234
g,盒,0,7,2476403.017993164
500g,瓶,0,8,2474747.2
UNKNOWN,KM,0,4,2474120.0578125
卷,克,0,2,2462889.31
KPCS,千只,0,1,2462068.5
立方,件,0,7,2452372.015097656
UNKNOWN,台套,0,2,2448279.3
厅,UNKNOWN,0,2,2443805.51751709
块,KWH,0,2,2434566
支,liter,0,1,2433222.25
袋,EA,0,4,2425699.551757813
轴,轴,1,9,2422180.829882813
辆,笔,0,2,2420290.625
块,组,0,20,2419549.606497497
套,set,0,20,2415431.28078125
万只,批,0,2,2414421.5
双/件,件,0,2,2411521.50375
PCS,盒,0,108,2408705.473740273
台,船套,0,7,2407483.11
件,平方,0,17,2402990.349609375
CM,公斤,0,1,2402776.02
百,百,1,3,2402108.549804688
本,批,0,36,2388855.940097656
KW.h,KW.H,0,1,2386379.201171875
t,台套,0,1,2380000
kW·h,KW·h,0,2,2378588.75
UNKNOWN,站,0,4,2378403.14
千瓦时,千瓦里,0,1,2375723.09375
千粒,KPCS,0,1,2374648.49
KM,公斤,0,4,2374017.380859375
副,片,0,16,2372128.458203125
ＫＧ,KG,0,2,2369312.8
小时,UNKNOWN,0,8,2369088
M,批,0,6,2366187.615
块,点,0,3,2360226.2025
度,KW,0,1,2359855.5
吨,颗,0,2,2355481.399902344
卷,UNKNOWN,0,85,2351674.973490219
千件,套,0,50,2351149.209191895
条,床,0,30,2345440.345048828
千克,包,0,25,2344653.255149231
份,期,0,1,2343847
CA,箱,0,1,2341294.5
壶,吨,0,1,2341127.16
千只,支,0,9,2337462.044765625
项,年,0,12,2336248.441875
套,式,0,29,2327990.07
条,码,0,4,2327962.053222656
千升,件,0,1,2327598
吨(MT),千克,0,3,2326086.5
辆,只,0,27,2323716.084592285
1 批,桶,0,1,2323074.557617188
令,T,0,2,2320856.25
㎡,架,0,1,2317950
台,Set,0,3,2317724.44
项目,套,0,1,2316412
粒,万粒,0,1,2316268.42
KG,卷,0,49,2315199.560685882
个,个(EA),0,1,2305792.9
列,套,0,1,2301456
套,双,0,39,2294263.326987305
月,吨(MT),0,1,2291582.75
千瓦时,KW/H,0,2,2276815.37
kg,千,0,3,2276500.30078125
套,Set,0,3,2275127.79
千瓦/时,UNKNOWN,0,1,2273838.71875
KG,组,0,8,2271365
吨,M2,0,9,2262278.793447265
平方,公斤,0,14,2262211.549963379
张,K,0,1,2255521.25
提,瓶,0,13,2254830.067237854
合,瓶,0,5,2253049.5
平方米,本,0,28,2251604.791184082
吨,吨公里,0,1,2250640
kWh,kwh,0,6,2246440.490493164
听,箱,0,18,2239040.973632813
把,吨,0,17,2236376.71296875
1KG,袋,0,1,2231036.6484375
台,*,0,3,2229528.869140625
L,瓶,0,8,2228789.845048828
吨,听,0,5,2226741
千瓦,度,0,3,2221168.9159375
Kpcs,KPCS,0,1,2215277.92
12瓶箱,件,0,2,2211566.125
座,套,0,8,2210477.009765625
m,件,0,9,2209939.129882813
千,只,0,31,2209901.5209375
柱,柱,1,9,2208139.7
件,斤,0,37,2197486.676369667
份,张,0,18,2196130.191898804
公斤,PNL,0,1,2195355.75
公斤,500克,0,1,2191295.42
吨,吨钢,0,1,2189472.95
辆,次,0,11,2186182.4765625
笔,次,0,13,2182983.012512207
枚,张,0,14,2182238.774379272
笔,月,0,10,2181912.320605469
台班,台班,1,4,2174468
吨,格,0,1,2173891.5
KW,KW,1,2,2171600
包,册,0,1,2160755.44
本,件,0,31,2159643.556532249
座,座,1,13,2156246.882493896
KG,250KG/桶,0,2,2156000
1,1,1,6,2154599.25999999
T,米,0,10,2153738.41203125
吨,床,0,4,2150442.5
吨,架,0,8,2149975.400224609
M,条,0,12,2146971.189824219
把,UNKNOWN,0,101,2145977.067309456
K,只,0,9,2138853.664975586
包,提,0,36,2125696.894412308
批,包,0,35,2125295.944366455
支,pcs,0,25,2123031.418264161
平方米,平,0,5,2122386
kg,块,0,49,2122298.351616974
只,piece,0,41,2119480.553189544
平方英尺,个,0,10,2114595.505043945
台,kW·h,0,2,2108184.15
T,台,0,2,2106274
立方,卷,0,4,2101235.9265625
套,m,0,14,2099440.160097656
式,台,0,11,2097497.20390625
吨,kw,0,1,2096186.375
公里,条,0,2,2095948.81
千件,千支,0,1,2091715.97
个,平方,0,29,2090579.088632812
吨,TAO,0,2,2088389.92
m3,面,0,1,2087850
米,千千瓦时,0,2,2085353.625
m2,套,0,8,2084031.810003662
套,L1/R1,0,1,2082844
米,千瓦时,0,2,2079965.125
个,对,0,108,2078139.849371338
克,支,0,6,2069311.36
副,吨,0,3,2069182.76
片,卷,0,44,2065869.08821167
支,EA,0,68,2063861.943305664
只,只(支),0,3,2063492.516113281
台,册,0,3,2058346
基,吨,0,2,2056366.623535156
KWH+,kw.h,0,1,2056346
吨(MT),kg,0,2,2047660
立方米,米,0,21,2046884.206816406
会期,会期,1,2,2046715.8125
张,组,0,24,2042868.26953125
架,台,0,13,2041245.940063477
T90,T90,1,1,2038589.92
米,平方英尺,0,5,2035936.6875
件（3片）,片,0,1,2028298.5
间,间,1,6,2025052.715
季度,UNKNOWN,0,4,2023022
km.h,UNKNOWN,0,1,2019666.43
1KG,盒,0,2,2011708.181297302
平方分米,平方分米,1,1,2010165.75
片,延米,0,1,2009540
板,盒,0,1,2007891
立方,米,0,9,1999560.529663086
份,本,0,19,1998300.377182007
ST,套,0,6,1994441.7578125
箱,刀,0,3,1994432.68
批,把,0,37,1989732.565274048
箱,令,0,20,1989269.43
M,m,0,18,1986037.775864258
Y,码,0,2,1985814.23
m3,平方米,0,5,1985162.66375
无,月,0,9,1980129.29375
吨,度,0,16,1978761.886021118
串,套,0,9,1977051.653125
T,批,0,4,1975725.875
袋,罐,0,33,1974433.824649353
套,M2,0,12,1972471.870361328
Km,KM,0,3,1972266.625
颗,套,0,14,1970844.31
KG,KM,0,1,1970080
卷,M,0,20,1965702.24859375
千克,根,0,22,1963881.672960205
斤,件,0,19,1963572.390450439
平方,块,0,28,1960634.042732849
听,罐,0,19,1956396.627877197
支,付,0,59,1954817.20270874
桶,Kg,0,3,1954170.5625
t,t,1,6,1952062.179985352
EA,袋,0,3,1948445.625
年,次,0,48,1948010.540136719
升,个,0,50,1947758.297805786
12瓶箱,箱,0,4,1946363.078125
座,批,0,3,1946123.25
瓶,克,0,4,1939734.259956055
扎,包,0,3,1939656.469998779
件,元/千克,0,1,1935031.53125
千克,平米,0,6,1934855.8875
件、双,UNKNOWN,0,1,1934411
万支,千支,0,2,1927943.525390625
中盒,盒,0,4,1926386.6
吨,发,0,3,1925887.890097656
吨,千发,0,1,1924320
UNKNOWN,付,0,15,1922465.3
千件,pcs,0,6,1920964.06
张,支,0,26,1920852.700029297
PCS,箱,0,23,1920292.659902344
吨,册,0,6,1915774.558339844
PIA,PIA,1,1,1915531.74
公斤,项,0,21,1914503.451679688
立方米,月,0,4,1914003.235019531
根,片,0,34,1911718.494885254
UNKNOWN,颗,0,2,1911171.25
处,项,0,1,1911125
千克,KSET,0,1,1910868.25
JG,平方米,0,1,1908461.75
KW,千瓦时,0,2,1906578.380859375
TAI,个,0,4,1904982.694824219
BOX,桶,0,2,1904405
支,400ml/支,0,1,1902615
个,-,0,2,1901413.125
台,ST,0,20,1899540.181445122
张,平方厘米,0,1,1889017.91
片,平方,0,19,1888516.61875
Kg,千米,0,1,1886828.39
EA,付,0,4,1884927.830000001
台,㎡,0,16,1884386.418701172
件,种,0,2,1881881.78
次,无,0,5,1880781.860001526
Kg,付,0,3,1879326.16
米,SF,0,2,1878627.95
Each,件,0,5,1875556.560625
公斤,m2,0,10,1873637.35
千克/组,个,0,1,1872128.64
米,m2,0,7,1871803.42
克,L,0,1,1870343.4
张,m2,0,14,1866220.256875
kg,立方,0,3,1861612.4
kg,码,0,5,1860971.980058594
套,KG,0,50,1860918.542602386
支,对,0,16,1856010.918359375
盒,人份,0,10,1854012.6828125
延米,吨,0,1,1845608.75
元/吨,吨,0,3,1840798.700195313
套,千瓦,0,2,1840514
M3,平方米,0,2,1840040
台,副,0,54,1839684.366729736
元/月,元/年,0,1,1837360.8
个,㎡,0,16,1837120.750419922
元,单,0,1,1837080.64
吨,元,0,10,1832692.635906219
台,平米,0,13,1829911
公斤,m,0,14,1829170.649765625
吨,座,0,5,1828636
条,平方米,0,10,1826856.4
立方,块,0,13,1824865.246115723
批,KWH,0,1,1824570
平方米,基,0,1,1820000
只,dd,0,1,1818593.54
pc,pc,1,4,1818300.6
公斤,组,0,22,1817262.884663086
对,台,0,63,1817098
副,双,0,60,1814440.472572632
平米,只,0,4,1812790.7809375
个,万只,0,2,1812078.76
卷,提,0,6,1812068.02703125
千瓦/时,度,0,3,1809876.275390625
UNKNOWN,Pcs,0,2,1808684.875
克,公斤,0,7,1795845.3625
1,台,0,6,1794191
㎡,项,0,5,1793349.850390625
片,kg,0,20,1793221.058959961
页,平方,0,1,1790665.07
套,M,0,12,1789979.445623474
万只,粒,0,3,1789912.484912109
只,百支,0,1,1788851.6640625
枚,盒,0,8,1785934.755097656
吨,吨*铁,0,1,1785594.82
千瓦时,Kwh,0,2,1784329.185
PCS,100pc,0,1,1783358.65
平方英尺,吨,0,2,1781855.5
把,片,0,79,1781345.107263183
PAK,千克,0,1,1780989.63
腔,套,0,1,1778400
kg,万片,0,3,1776501.3
立方,项,0,2,1773647.28
UNKNOWN,桶,0,42,1773188.02411499
块,盒,0,48,1772644.607970581
UNKNOWN,分钟,0,1,1769134.69
罐,包,0,22,1767081.507936325
DR,桶,0,1,1766466
kw.h,kw.h,1,6,1766274.900390625
KWH+,KWH+,1,2,1766074.776875
根,捆,0,1,1763503
万度,万度,1,3,1758048.99921875
卷,百米,0,1,1756489.875
GJ,GJ,1,3,1756060.515625
批,季度,0,2,1755311
桶,袋,0,49,1754957.84857811
M2,卷,0,2,1752186.36
期,份,0,1,1751123
公斤,SF,0,1,1750814.27
面,米,0,1,1749921.4
台,枚,0,7,1749113.625
米,面,0,5,1748418.1625
千套,套,0,10,1747361.44
条,公里,0,2,1746690.80078125
千瓦时,项,0,8,1744328.38921875
平米,m2,0,5,1741043.212890625
十亿,kg,0,1,1739871.24
项,方,0,3,1738026.774288177
桶,提,0,2,1736819
平方,吨,0,15,1735885.990197144
块,㎡,0,6,1735168.74
核,套,0,1,1730450
千米,PCS,0,3,1723739.31
盒,把,0,112,1723541.163466797
Kwh,度,0,4,1721918.778554688
令,个,0,22,1721409.36019043
克,只,0,5,1720469.65
箱,副,0,14,1718497.95306488
吨,200L/桶,0,5,1718409
件,架,0,5,1717518.555175781
台,对,0,102,1715678.131634522
具,套,0,19,1714812
马力/小时,吨,0,1,1713401.93
T(吨),吨,0,2,1709450
颗,千个,0,2,1707946.46
班,UNKNOWN,0,1,1707800
千克,盘,0,2,1705508
罐,批,0,7,1704935.46078125
口,TAI,0,1,1701810.375
PAC,公斤,0,1,1699750
KWH千瓦时,度,0,1,1697195
罐,公斤,0,15,1694892.644373169
PCS,公斤,0,6,1694521.15
PCS,颗,0,5,1690643.049994507
K,K,1,8,1690568.340007324
米,平米,0,17,1688515.359375
精吨,吨,0,1,1687148.02
批,1套,0,1,1683898
m3,张,0,6,1681948.5
M/个,张,0,1,1680485.75
千粒,盒,0,1,1678338.78
米,瓦,0,2,1673479.8
UNKNOWN,200米/箱,0,1,1672614.02
卷,kg,0,41,1672314.933967285
Pcs,颗,0,1,1668341.5
卡,只,0,14,1665753.037689667
项,M2,0,2,1663553.75
千瓦时,万KH,0,1,1661523.1875
小时,套,0,5,1660217.34
PCS,项,0,11,1652689.107475586
组,支,0,16,1652568.240097656
㎡,卷,0,7,1652139.831634521
KG,SF,0,1,1650000
UNKNOWN,车次,0,1,1650000
kwh,千千瓦时,0,2,1649111.37
卷,KM,0,5,1648777.575683594
瓶 .,桶,0,3,1648110.3046875
K,套,0,4,1647289.4
条,块,0,74,1645981.490409241
打,只,0,2,1645164.3
盘,台,0,21,1644254.55
台,0.3,0,1,1640100
件/套,件,0,2,1638194.32
付,万付,0,1,1637583.84
量,辆,0,1,1635634
批,册,0,6,1630931.955
PAI,KG,0,1,1628794.16
KG,g,0,2,1627127.540012817
kg,m,0,12,1624105.30078125
瓶,块,0,22,1619014.005941849
万只,千只,0,5,1615681.5
Kg,根,0,12,1615172.9
张,枚,0,8,1613912.3
块,Pcs,0,2,1613232.92125
kWh.,千.kwh,0,1,1611327.22265625
瓶,PCS,0,23,1609759.420761719
台,栋,0,2,1607142
盒,平方厘米,0,3,1604494
DRM,桶,0,2,1603197.919921875
克拉,个,0,3,1601776
船套,套,0,3,1597600
户,UNKNOWN,0,17,1595887
公斤,㎏,0,8,1594377.73875
元,平,0,1,1592030.25
台,笔,0,6,1591498.8
吨,千件,0,15,1589841.56991211
粒,公斤,0,2,1589607.55
SE,套,0,5,1587923.11
立方,pc,0,2,1587603.72
m3,米,0,5,1585995.288452148
瓶,包,0,112,1583022.962065115
台,门,0,1,1581080
100U/袋,公斤,0,1,1580735
24瓶/箱,瓶,0,3,1580379.140625
本,张,0,52,1580090.917484865
Pcs,只,0,7,1579789.780029297
千克,双,0,15,1577111.45078125
只,具,0,9,1575215.403691406
度,批,0,5,1571014.74375
立方,只,0,20,1570448.130185547
BOX,台,0,3,1567448.025
付,FU,0,1,1565882
BLK,包,0,1,1563200
月,EA,0,1,1560896.24
吨,台套,0,2,1560822
立方,批,0,9,1559288.960234375
平方英尺,付,0,1,1558946.5
305米/箱,箱,0,4,1558796.67
张,项,0,19,1556039.913125
千克,箱*袋,0,1,1548932.5
道,件,0,1,1548799
万支,万支,1,6,1548187.084375
台,瓶,0,89,1547219.776541672
批,对开张,0,1,1546600
千支,批,0,4,1545405.559375
台/月,UNKNOWN,0,1,1543833.4
米,PC,0,23,1541421.93877573
千件,千只,0,10,1541372.833881836
平方,PCS,0,9,1539296.499863281
套,TAI,0,7,1539210.75
CAR,袋,0,1,1537214.71875
式,UNKNOWN,0,7,1532561.91
立方米,箱,0,4,1529335.47
吨,MW,0,1,1527946
度,套,0,8,1524280.619296875
万发,吨,0,3,1522928.62
支,块,0,96,1520929.138104754
kg,项,0,4,1520363.8
公斤,立方米,0,6,1519197.46
平,UNKNOWN,0,5,1518247
套,1,0,19,1516519.164716797
立方米,平米,0,4,1515000
片,组,0,19,1514524.5
包,双,0,19,1509779.185571289
延米,M,0,1,1508380
Z18,件,0,5,1505436.874626465
卷,包,0,123,1504604.498329334
天,天,1,12,1503410
枚,片,0,6,1501067.13
票,个,0,3,1500844.84
平米,重箱,0,1,1499314.25
公斤,粒,0,7,1498136.382080078
KW/H,度,0,1,1498122.4375
卷,KG,0,41,1497019.1483638
万发,公斤,0,2,1494052.82
1 支,支,0,2,1492682.179981232
L,kg,0,7,1491439.859954834
盒,听,0,12,1487983.816887207
颗,片,0,3,1487785.601875
台 .,台,0,18,1486584
万枚,万枚,1,1,1484458
EA,千克,0,4,1483735.67
台,架,0,19,1482322.86125
万粒,PCS,0,5,1481857.23
座,个,0,5,1479519.8
CAR,UNKNOWN,0,2,1474902.57
票,批,0,14,1472623.18078125
轴,箱,0,1,1471800
kg,副,0,7,1471422.73
PC,set,0,4,1470677.03125
UNKNOWN,把,0,53,1466660.659775009
个,T,0,5,1464395.34
方,件,0,5,1464361.91
百个,百个,1,8,1463964.052774277
个,万张,0,2,1463442.6875
盒,页,0,1,1462640
盘,个,0,91,1461513.348220978
件,TON,0,1,1461031.125
井次,UNKNOWN,0,1,1459875.875
PCE,把,0,3,1459736.1
FU,PIA,0,1,1459176.5
棵,棵,1,2,1458862
片,m2,0,6,1458010.5
件,件/套,0,3,1451660.98
千件,千套,0,2,1449801.16
千瓦时,箱,0,1,1446475.63
双,条,0,20,1446054.163358154
对,双,0,18,1445935.965
批,1,0,8,1445921.2609375
支(铝箔装),条,0,1,1440186.95
克拉,千克,0,1,1439850
吨,式,0,5,1439752.89
UNKNOWN,ST,0,3,1437889.028808594
张,PC,0,13,1437684.607600098
片,千瓦,0,1,1436396
次,期,0,7,1435960
本,吨,0,4,1433841.81
套,粒,0,18,1433191.540039063
公斤,g,0,5,1433145.346168518
副,千克,0,7,1428676.651757813
1BK,块,0,9,1427112.910461426
次,辆,0,12,1427103.99
单票,UNKNOWN,0,2,1424211.25
码,套,0,11,1423962.316717224
基,基,1,2,1421930
袋,桶,0,49,1421859.331499634
UNKNOWN,pcs,0,10,1420916.531875
pcs.,瓶,0,1,1420558
期,天,0,1,1420000
KWH,KW,0,1,1419477.546875
m3,UNKNOWN,0,13,1418175.909574585
KG,千瓦时,0,1,1416680.34375
升,千克,0,17,1415325.014265137
付,根,0,28,1412941.400013885
台套,席,0,1,1411460
瓶,提,0,10,1411126.3696875
PCS,卷,0,30,1406598.166585388
百米,件,0,2,1405367
KWh,KWh,1,3,1403090.374511719
套,基,0,3,1402758
工日,工日,1,1,1401944.78125
延米,㎡,0,1,1400420
袋,副,0,3,1399844
千克,副,0,6,1399182.879998779
袋,无,0,3,1395451.774375001
项,面,0,3,1395441.700195313
m,Kg,0,2,1394494.394775391
天,平方,0,1,1393263.18
张,KG,0,24,1393217.23001709
趟,UNKNOWN,0,3,1393050
张,kg,0,26,1392630.906603298
条,PC,0,27,1391539.289596558
kw.h,KW.H,0,1,1389359.59
公斤,千,0,2,1383221.06875
SE,件,0,1,1382625
箱,票,0,3,1381682
个,面,0,24,1381507.659897461
瓶,立方米,0,3,1379664.97
季,月,0,4,1378018
打,个,0,14,1376648.90921875
方,个,0,7,1374211.675013428
匹,万块,0,1,1374188.5
笔,项,0,15,1372935.490097656
打,UNKNOWN,0,6,1371971.778125
24瓶箱,件,0,3,1371518.69296875
CA,瓶,0,3,1368945.6015625
个,M,0,29,1368431.635078125
套,BKT,0,2,1367560.875
箱,18L,0,1,1364482.77
台,位,0,2,1364000
包,支,0,38,1363793.860821342
一批,个,0,3,1363692.845703125
次,式,0,2,1359664
毫克,人份,0,1,1358680
Pcs,Pcs,1,7,1357784.55
份,批,0,19,1356172.9084375
Pcs,台,0,13,1355202.3384375
1TA,台,0,19,1354846.589679565
L,吨,0,4,1354095
平方英尺,打,0,1,1353848.85
万粒,万粒,1,3,1347890
付,PCS,0,13,1347354.999994507
元,次,0,14,1346385.890302734
套,桶,0,58,1344962.553751831
条,g,0,2,1344605.375
EA,块,0,5,1343398.78
把,组,0,9,1343319.049987793
一批,台,0,1,1340268.85
磅,公斤,0,2,1337422.1875
张,册,0,14,1337196.059960938
包,张,0,34,1333251.886910706
平方米,M,0,4,1332463.0875
市斤,斤,0,3,1331869.6484375
K,千只,0,5,1330970.279140625
kWh,面,0,1,1330780.92
TON,TON,1,2,1329702.31
箱,平方厘米,0,1,1327867.5
罐,套,0,13,1326074.839765625
套,袋,0,29,1325792.539510064
m,千克,0,5,1325675.8296875
片,付,0,30,1325169.365893555
班,套,0,2,1324987.78125
升,箱,0,15,1321176.742818604
台/件,件,0,1,1321053.02
盘,条,0,16,1319313.179992676
台,W,0,1,1318100.01
吨,无,0,3,1316432.36671875
枚,公斤,0,2,1314649.2
厅,盒,0,1,1311209.09
1BT,套,0,3,1311101.420000764
部,件,0,2,1305200
套/条,条,0,1,1304885.375
克拉,UNKNOWN,0,3,1302103.78125
L,UNKNOWN,0,5,1301450.629999542
平方尺,双,0,3,1301400
PRS,个,0,1,1299782.31
KPCS,PCS,0,3,1299429.32
袋,组,0,8,1299377.159997253
万粒,板,0,2,1295741.8
万千瓦时,kw.h,0,1,1294404.15
UNKNOWN,千支,0,2,1294080.979765625
包,卷,0,88,1291471.275273132
套,艘,0,1,1291457.29
m3,台,0,2,1291163.5
项,瓦,0,1,1290466.375
面,个,0,19,1289341.43984375
片,瓦,0,4,1288716.5
吨,25KG编织袋,0,1,1287000
UNKNOWN,升,0,11,1284535.305878906
pcs,批,0,8,1283554.608515625
盏,个,0,30,1281103.551386604
set,套,0,6,1280969.510021973
立方,㎡,0,5,1278506.75
箱,项,0,10,1277430
支,巴,0,5,1277259.965332031
粒,付,0,4,1277014.21
M2,张,0,7,1275538.06
KG,㎡,0,4,1273607.805
十亿,BOU,0,1,1273600
个,孔,0,1,1269926.3
人,UNKNOWN,0,10,1269868.8125
桶,200L/桶,0,4,1269400
公斤,听,0,3,1269301.82
平米,kg,0,5,1268823.372421875
台份,辆,0,1,1268500
千米,百米,0,2,1267393.25
双,公斤,0,10,1267072.924804688
笔,无,0,4,1266034.549438477
车,批,0,2,1263630.02
车位,UNKNOWN,0,1,1260000
米,㎡,0,16,1255495.182526855
块,立方,0,5,1254827.7225
套,千套,0,1,1252696.11
KG,公里,0,1,1249627.59
口,个,0,14,1249027.83001709
重箱,平米,0,3,1247071.66
只,辆,0,24,1246784.5834375
6瓶箱,件,0,1,1246400.78125
条,枚,0,2,1245139
支,枚,0,6,1244754.969970703
EA,PC,0,4,1243034.81
箱(0.99*12),瓶,0,1,1242662.4
件,M,0,10,1242579.584375
件,百支,0,1,1240000
节,PC,0,2,1238944.569999695
英尺,条,0,1,1238272.38
条,㎡,0,3,1237717.1675
份,次,0,23,1235640.759453125
令,箱,0,20,1233896.89609375
BAG,箱,0,7,1233165.71
升,KG,0,17,1232064.069462891
T,片,0,4,1231750
根,批,0,39,1231319.063071289
架,套,0,11,1231316.3
排,UNKNOWN,0,5,1230452.024536133
PC,盒,0,10,1229432.689433596
元/延米,吨,0,1,1229200
kW·h,元/度,0,1,1228201.375
kg,T,0,7,1227349.66015625
kW·h,kW·h,1,1,1226136.06
套,点,0,8,1224436.796875
月,无,0,3,1223092.790039063
件,BOX,0,3,1222909.854999237
kwh,kWh,0,2,1222327.43
ZHI,ZHI,1,1,1221265.38
张,卷,0,60,1220236.569683209
份,项,0,24,1219689.990351562
只,万张,0,1,1219094.84
1,套,0,9,1219020
公斤,kG,0,2,1218022.07
令,支,0,1,1216433.05
UNKNOWN,千瓦,0,2,1215782.97
KG,付,0,19,1212521.420175781
吨,PC/1,0,1,1212447.5
节,台,0,30,1208638.3209375
把,盒,0,95,1207787.598774681
包,根,0,22,1204104.959746094
KG,piece,0,3,1204024.157548828
式,EA,0,3,1202630
平方,度,0,1,1200240.609375
块,付,0,15,1199882.349903107
单,批,0,9,1199806.82
M,个,0,25,1199731.520714722
对,辆,0,3,1199331.76
EACH(个),件,0,2,1198677.68359375
组,盒,0,17,1198217.004583435
提,包,0,25,1197387.167713241
平米,台,0,10,1197172.993554688
平方,项,0,18,1196930.04
根,小时,0,1,1196000
PCS,双,0,7,1195464.98
元,项,0,8,1195299.421875
PCS,kg,0,12,1191061.13828125
捆,捆,1,37,1188640.721574097
千瓦时,兆瓦时,0,1,1188325.53
度,平方米,0,3,1187191.85
G,克,0,3,1186759.6875
箱,付,0,16,1185643.011001587
张,吨(MT),0,2,1185362.75
平方,次,0,7,1184173.800003052
张,pcs,0,12,1183045.44578125
只,次,0,31,1181567.652695313
千瓦时,kw,0,2,1181364.8671875
公斤,千个,0,6,1180187.105625
千颗,片,0,1,1179215.76
月,季,0,5,1179073.84828125
台,立方米,0,6,1176454.8203125
千克,L,0,7,1176269.27921875
KWH,月,0,3,1175867.3984375
公斤,环,0,1,1171531.375
件,枚,0,4,1169777.220214844
个,KB,0,1,1163003.375
桶（20）,箱,0,1,1162998.140625
t,套,0,1,1157559.91
块,m3,0,6,1155931
pcs,桶,0,1,1155086.1875
kg,平,0,1,1154381.6
个,立方,0,5,1151950
台,m3,0,4,1151790
把,PCS,0,68,1151504.897499885
平方,条,0,10,1150919.5175
樘,个,0,15,1150575.109089355
件,小时,0,3,1149333.8
PCS,立方米,0,1,1147442.06
kg,升,0,11,1145517.703063965
千,千件,0,5,1145140.33
M2,m2,0,4,1144384.170390625
卷,枚,0,4,1143608.87
组,米,0,11,1143507.141601563
趟,吨,0,2,1141568.375
组,平方,0,1,1140633.25
套,笔,0,8,1139836.875
万支,个,0,3,1138103.1875
斤,袋,0,32,1134849.470324707
EA,吨,0,6,1133839.17
根,盘,0,16,1133355.049992676
支,T,0,6,1132584.525390625
千克,m3,0,2,1131862.1
袋,套,0,30,1131373.93288208
节点,套,0,5,1130693.8984375
本,包,0,49,1130253.499120331
吨,节,0,7,1129230
千克,平,0,1,1128055.16
部,分,0,2,1126414.11
枚,套,0,11,1124556.750234375
个,ST,0,27,1124411.489070892
片,袋,0,6,1122982.289999161
万千瓦时,万千瓦时,1,2,1119037.45
枚,卷,0,3,1118072.234375
件,本,0,33,1115483.361520386
916456853,只,0,1,1114240
台班,小时,0,1,1112000
1桶,个,0,1,1110825.375
ＰＣＳ,套,0,1,1110329.125
票,月,0,3,1109416.28
BAG,包,0,6,1108123.909228516
批,枚,0,3,1107891
组,块,0,33,1107540.188476563
立方,PCS,0,4,1106663.45
筒,盒,0,83,1105760.064257946
吨,台日,0,1,1105760
UNKNOWN,㎡,0,6,1105595.12375
卷,付,0,13,1104900.5
UNKNOWN,柜,0,5,1104296
kW·h,KW.h,0,2,1103852.2509375
12瓶箱,批,0,1,1101423
个,平米,0,26,1100513.809934082
架,吨,0,2,1096836
箱,KM,0,2,1096002.625
个,千瓦时,0,5,1095948.219851074
双,米,0,13,1095656.389072266
CA,盒,0,3,1095421.95875
台,通道,0,5,1095412.8
吨（美国）,吨,0,1,1095201.75
份,盒,0,17,1093914.76
UNKNOWN,台(套),0,1,1093264
张,SET,0,2,1091639.625
十亿,吨,0,1,1090020.5
片,粒,0,7,1078979
片,PIA,0,2,1078606
个,Piece,0,1,1075635.83
宗,项,0,11,1072911.3984375
千瓦时,平方米,0,1,1071947.625
鼓,盒,0,1,1070784
天,项,0,5,1070600
千米,套,0,6,1070511.87
瓶(听),箱,0,1,1070442
KG,M,0,7,1068078.765625
kw.h,月,0,1,1066790.375
PCS,千只,0,3,1065792.68
片,根,0,67,1065528.22928009
批,提,0,3,1065451
EA,包,0,11,1065221.260365753
基吨,基吨,1,1,1064744.18
升,听,0,10,1064622.625
件/包,个,0,1,1064314.08
扇,UNKNOWN,0,1,1063760
400ml/双管,400ml/双管,1,1,1059045
PC,面,0,1,1057692
贴,盒,0,4,1056388.899902344
吨,车,0,9,1054754.2
只,千只,0,13,1054323.365769043
吨,千只,0,4,1051523.068359375
双,批,0,13,1050854.5228125
批,个/月,0,2,1048941.32
千克,月,0,2,1048737.605
百度电,吨,0,1,1048515.1875
PCS,盏,0,6,1047926.496875
-,瓶,0,3,1044970
顶,双,0,3,1044349.1815625
卷,块,0,45,1043236.569742432
吨,戈,0,1,1042501.88
块,瓦,0,3,1042500
张,樘,0,4,1041133.6875
条,袋,0,16,1037957.286253471
㎡,瓦,0,1,1036925.95
箱,PC,0,13,1035380.096883545
双,码,0,5,1035281.70046875
一批,件,0,3,1035120.4009375
克,台,0,1,1035091.25
袋-60,箱,0,1,1034959.72
kw.h,kw·h,0,1,1034628.125
条,kg,0,25,1033885.272286072
件,千千瓦时,0,2,1030000
Kwh,KWh,0,1,1028555.0625
吨,㎏,0,11,1025649.298632813
个,万个,0,4,1025292.393798828
支,副,0,26,1024407.36796875
项目,批,0,1,1024400
1,工日,0,1,1023621
条,本,0,8,1021609.259991455
单,份,0,3,1021174.801875
千粒,个,0,7,1020887.585546875
付,樘,0,2,1020177
公里,批,0,3,1019761.5625
卷,平,0,1,1019598
千个,条,0,2,1018553.88
万只,PCS,0,3,1016866.46
床,台,0,3,1015434.897460938
千个,套,0,7,1014594.840390625
平方米,盒,0,7,1011095.500025024
只,GE,0,3,1004453.799959106
Kg,平方,0,1,1004000
PC,根,0,14,1003940.558105469
千个,米,0,3,1002786.6625
套,具,0,17,1001986.600097656
包 .,提.,0,2,1001535.125
吨,GE,0,1,1000946.7109375
公斤,万个,0,1,1000000
人份,盒,0,9,999632.5
场,UNKNOWN,0,10,999095.45
辆,吨,0,7,999042.28125
台,样,0,1,992453.8
公斤,KW,0,1,990000
CTN,盒,0,1,989997.75
趟,票,0,1,989865
盒,组,0,17,986930.9582458496
卷,根,0,85,985518.3314437866
码,平方米,0,3,984860.34375
立方米,台,0,6,984185.2
升,200L/桶,0,1,982590
只,枚,0,3,979822.1934375
kWh,个,0,1,978669.37
吨,TON,0,3,974150.75
根,平方米,0,14,973819.26
年,平米,0,1,971145
枚,条,0,3,969377.3115625
ST,件,0,4,968797.5340618896
SET,件,0,14,968072.4299804687
提,份,0,2,967939
袋,片,0,5,967426.4925000001
箱,L,0,2,964830
只,台.,0,1,964774
UNKNOWN,台/套,0,1,964427.1875
打,件,0,5,962892.140625
24瓶箱,批,0,1,961988.5
片,双,0,7,961760.2700195313
袋,只,0,15,961623.0086523629
扎,条,0,7,959752.9440917969
箱,坛,0,1,959535.5
支,1mg,0,1,957591
Kg,台,0,9,955753.38
T,令,0,1,954995.78125
套,piece,0,9,954001.2875976563
1L,UNKNOWN,0,1,953507.29
KW,度,0,1,951083.84375
组件,吨,0,1,950791.6800000001
次,平方米,0,6,950318.1750488281
货位,货位,1,1,950000
支,L,0,1,949734.8100000001
只(支),批,0,1,947788.55
宗,UNKNOWN,0,2,947157
km,套,0,4,946780.2821875
只,M,0,9,945491.8149023437
页,只,0,4,943471.53
片,千个,0,5,941295.39
公斤,座,0,2,940904.5
罐,EA,0,3,939436.267578125
千克,公分,0,1,937860
双,KG,0,6,937627.6700439453
元/㎡,月,0,1,936044.8
吨,轴,0,3,936040.8400000001
个,K,0,5,935970.2769726563
套,节,0,25,934735.6215625
20'箱数,UNKNOWN,0,1,934469
kW·h,月,0,1,932313.5
加仑,kg,0,1,932033.6900000001
位,张,0,5,931578
1ZH,支,0,12,930405.6525381469
平方,pcs,0,4,929538.9199999999
吨,KL,0,1,928337.97
KG,把,0,15,926272.7594177246
T,张,0,7,925339.3199999999
批,期,0,3,925150.2
1 瓶,瓶,0,4,924184.7099714279
kg,组,0,12,923590.6658203125
千颗,k,0,1,921592.72
PCS,路,0,1,921260
台,千瓦时,0,6,920503.8486328125
把,set,0,8,920408.8901171875
根,方,0,1,919828
穗,棒,0,1,919450
台,筒,0,5,918570.599609375
宗,次,0,1,918256
箱,厅,0,2,917690.5
批,坛,0,2,917680
瓶,G,0,2,917299.3850708008
台,串,0,3,916460
千米,根,0,8,914899.7
桶,盒,0,55,914874.7804642677
KG,樘,0,1,911450
辆,件,0,34,911413.673242569
张,位,0,10,911159.19921875
罐 .,盒.,0,1,911070.875
KG,副,0,7,911039.423125
对,只,0,25,908012.2719384766
台,A,0,1,907268
万片,打,0,1,905133
1 个,1个,0,28,903699.9477082063
组,项,0,5,902796.953125
双,套,0,21,901639.3999877929
T,桶,0,4,900045.939453125
立方米,元/立方米,0,1,900000
UNKNOWN,元/平方米,0,3,897997.27
吉焦,UNKNOWN,0,1,897473.5
件,pc,0,7,897128
盘,套,0,34,897109.4916406251
套,班,0,1,895053
辆,北京市,0,1,894100
千,支,0,7,891929.2099996185
趟,趟,1,4,889064.765625
吨,TO,0,5,888232.6941210937
平方米,平方英尺,0,1,886395.0625
纸箱,片,0,3,885942.35
公分,米,0,1,885619.5
盒,米,0,21,884513.3099658203
EA,把,0,11,883174.7998251342
只,盏,0,33,882482.4123046875
Set,SET,0,1,882404
吨,类,0,1,880259.78
个,盘,0,77,879644.2139779663
1L*12EA/BOX,升,0,1,879173.5600000001
㎡,m2,0,8,878424.7999999999
千,件,0,16,878171.6801892089
卷,千米,0,4,876407.3899999999
支,张,0,40,876401.9697912598
床,条,0,13,875147.5599999999
个,1,0,26,874657.8846875001
M2,批,0,2,874339.1875
粒,千克,0,5,872586.8375
个,M2,0,4,871305.1875
千瓦时,M,0,1,871086.9375
条,粒,0,4,871002.8024902344
瓶,千克,0,54,869453.059938755
套,T,0,9,869442.09
吨公里,支,0,1,868923.6899999999
KM,台,0,7,868596.01953125
piece,套,0,2,868327.2
盏,台,0,5,866852.5
平米,元,0,1,865480
樘,立方米,0,1,864350
毫克,盒,0,3,864113
KWH,千千瓦时,0,1,861379.13
张,双,0,9,860704.8
公斤,Le,0,1,858233.9199999999
通道,套,0,2,857925
尺,平方英尺,0,2,855199.05
M3,方,0,1,854069
把,piece,0,11,852661.1846484375
箱,板,0,6,851917.356237793
笔,批,0,6,849713.26
根,m,0,14,849411.2386950684
吨,把,0,19,849278.6449990845
人次,次,0,1,849100
百米,卷,0,1,848214.08
盒,筒,0,17,847607.8096014404
件,千套,0,1,847604.97
件,樘,0,4,844777.2
Kwh,Kwh,1,1,843627.90625
m2,卷,0,5,843269.4199999999
吨,顿,0,5,843191.203125
户,元,0,2,842350
辆,条,0,4,841408
月,PCE,0,1,840822.5
pc,台,0,6,840330.6800000001
kwh,千瓦/时,0,2,837997.55859375
千只,KPCS,0,4,837056
件,SET,0,12,835243.7499999999
套,外,0,1,835080
Kg,克,0,2,835077
打,支,0,5,834804.3414611816
套,EAT,0,7,834496.6048046874
筒,片,0,2,832202
块,PC,0,18,831333.8712463379
KPCS,个,0,4,830411.124375
升,只,0,13,830254.0699859619
台,R/L,0,1,830000
台,批/次,0,1,829980
公里,卷,0,4,828413.525
桶,套,0,64,828276.6600079346
平米,米,0,11,827288.7787500001
支,盏,0,10,827239.9901953125
万发,米,0,2,826631
克拉,升,0,1,825828.4375
KG,次,0,6,825769.4375
支,piece,0,8,825490.3661523438
百粒,只,0,1,824222.5800000001
EA,升,0,3,823121.3600000001
双(pr),双,0,8,822171.2300000001
㎏,台,0,2,821293.83
kg,PC,0,14,821220.6814697266
千瓦时,千瓦/吨,0,1,820423
T,个,0,17,819336.6275024414
次,车皮,0,1,817060.12
加仑,只,0,1,816952.5
千瓦/时,千瓦/时,1,1,816539.34375
万粒,套,0,9,814470.1299023437
片,樘,0,1,810015.16
卷,本,0,28,809776.730656395
kg,双,0,6,808644.46
套,炉,0,1,808600
批,式,0,7,808587
块,节,0,16,808237.9995819092
公斤,式,0,5,807145.3125
项,项次,0,1,806400
kg,㎏,0,8,805901.3476953125
本,份,0,19,805733.7799658203
平方米,辆,0,1,804460
个(盒),套,0,1,803963.8125
节点,台,0,1,803278
枚,万张,0,1,802269.29
kw.h,千瓦时,0,2,802062.8725000001
本,千克,0,5,801577.7596099853
1 盒,袋,0,1,798722.210000001
台套,件,0,10,798560.26953125
月,笔,0,5,797902.87828125
1BT,桶,0,3,797728.8283996582
份,斤,0,2,797219.3000001907
方,块,0,7,796674.03921875
m2,台,0,5,795194.7124023438
天,吨,0,2,794060
KG,KP,0,1,792326.4
天,月,0,7,790994.41
平方,立方,0,2,788303
元/月,月,0,2,787951.2578125
pcs,EA,0,8,787488.9895202636
块,千只,0,3,787021.9375
pcs,辆,0,2,785000
KPCS,KPCS,1,2,783687.7825
延米,延米,1,4,782180
T,把,0,1,782155
期.,项,0,1,781476.9300000001
PK,套,0,2,781268.6
袋,斤,0,74,781163.0357580377
千克,壶,0,2,781068.5
KG,M2,0,2,780020.1537500001
件,1组,0,1,778696.125
块,枚,0,2,777293.375
千克,把,0,13,775259.2400488282
板,板,1,5,774290.89453125
KW.h,千瓦时,0,1,772892.35
万发,枚,0,1,772543.53125
t,升,0,2,772337
批,升,0,7,772199.265625
粒,UNKNOWN,0,11,771532.9601635742
吨,ZEA,0,1,771199.53125
Kg,米,0,17,770325.674399414
付,粒,0,6,769600.04296875
对,根,0,15,769165.8201879882
KA,个,0,9,767936.8977587891
千件,颗,0,5,767100.241328125
PC,pc,0,7,767008.73
份,套,0,6,766634.4
W,米,0,1,766100
K,平方米,0,1,765986.5699999999
KGS,KG,0,1,764775
合,盒,0,40,762323.2293652344
支,听,0,7,762318.90625
g,千克,0,4,761900
樘,m2,0,3,761262.1103515625
个,船套,0,3,760600
站,项,0,1,760000
航次,吨,0,1,759835
1BT,罐,0,4,759672.8931884766
年,件,0,2,759434.1000061035
1PC,UNKNOWN,0,107,757949.1213831331
m,M,0,6,757791.9002539063
标准立方米,升,0,1,756330.3199999999
1CA,件,0,2,754955.328125
KWh,kwh,0,2,753467.22265625
块,公斤,0,20,751168.8002880859
米,付,0,31,750805.7839904785
平方米,立方,0,4,748934.1599999999
cm,公斤,0,4,747515.4899804688
套,Wp,0,1,747420
拾支,支,0,1,746817
吨,处,0,3,745816.3984375
套,Kg,0,7,745086.0561523438
把,批,0,37,744630.1734082032
平方,箱,0,5,744421.6961523438
套,一批,0,1,744240
批,SET,0,2,742959.09
户,份,0,1,742000
卷,次,0,5,741082
千克(公斤),千克(公斤),1,16,740973.8109130859
箱-72,UNKNOWN,0,2,740881.95703125
UNKNOWN,日,0,5,738565.73
支,ml,0,5,738238.1015625
批,车,0,3,737966
套,part,0,1,737720.8125
趟,批,0,1,737685
吨,?平方米,0,1,737308
km,根,0,7,734273.23
组件,只,0,1,733646
季,季度,0,1,731250
kpc,个,0,1,730184.13
副,PCS,0,9,728421.708984375
kw.h,MW.H,0,1,728271.63
台,TO,0,1,726026
支,座,0,2,724823.6
升,台,0,5,724319.54
项,间,0,2,723860
组件,组件,1,3,722600.6599999999
箱,1,0,5,722554.0902465821
千只,pcs,0,1,721260
千瓦时,kWh,0,1,720919.5625
塔,元,0,1,720000
刀,刀,1,2,718002
1,吨,0,5,716616.3
罐,千包,0,1,716380
个,piece,0,14,714756.677265625
千克,平方英尺,0,1,713787.625
盒,杯,0,5,712684.6831245422
把,EA,0,52,710877.2699345398
米,千件,0,3,709488.94140625
卷,万张,0,1,707673.2
重箱,支,0,1,707509.99
套,座,0,9,707086.28
捆,个,0,23,706679.7700392151
千瓦时,份,0,1,706404.515625
PC,吨,0,6,704848.25125
千克(公斤),吨,0,2,704396.4
片,P,0,2,702858.90625
批,副,0,15,702713.1754296875
公斤,千件,0,6,702529.009375
个,每一个,0,27,702374.0992541504
㎡,台,0,14,701700.021875
付,片,0,28,697107.3468739509
台,m,0,8,696753.49609375
24瓶/箱,套,0,1,695346
副,组,0,3,694659
平米,卷,0,12,694336.159765625
M,卷,0,13,694105.7300390624
立,吨,0,3,693511.62
1TA,只,0,2,691218.4828796387
季度,季度,1,1,690125.4
平方英尺,米,0,2,689500
笔,年,0,7,688835.59375
斤,包,0,24,688502.7000731658
口,UNKNOWN,0,3,688209.8000030518
本,箱,0,29,687729.0505468749
公斤,工程,0,1,687247.5
通,UNKNOWN,0,1,686421.5
打,千克,0,3,686415.3415625
台,盏,0,16,685698.5919677734
平米,千克,0,7,684427.5625
天,口井,0,2,684124.75
件(Pcs),台,0,1,682848
瓶(听),瓶,0,1,682203.2
台,柱,0,1,680717
卷,PC,0,29,680034.3336640929
PC,米,0,7,679729.7994628906
条,瓶,0,16,679721.3090783692
卷,㎡,0,4,678523.2
套,立方米,0,7,678300.806875
次,人,0,4,677650
公斤,L,0,11,676711.2015380859
千件,根,0,2,676548.7400024415
千,公斤,0,1,676499
块,米,0,42,676111.4919189453
批,m2,0,4,673446
大桶,台,0,1,672030
听,袋,0,11,670313.1705761718
R,卷,0,1,669256.3
台,元,0,5,669252.6824951172
平方米,吉焦,0,1,668766.7899999999
斤,罐,0,4,667561
枚,米,0,3,667109.44453125
吨,SF,0,2,666229
米,Km,0,1,666117.12
吨,万,0,1,665986.46
pcs,米,0,4,664180
井次,口井,0,1,663818.2
kg,EA,0,14,663422.9898706055
CAN,罐,0,2,663416.375
万,个,0,2,663168.875
15瓶箱,瓶,0,2,662917.3408203125
吨,套/台,0,1,662535.21
项,-,0,1,659540
吨,杯,0,1,659381
床,只,0,2,659319
平方米,幅,0,2,658446.50171875
吨,吨*公里,0,1,657917.0700000001
个(盒),UNKNOWN,0,34,657690.3490048217
1HE,罐,0,1,657289.171875
包,份,0,7,657180.8875007629
台,年,0,14,656048
kg,克,0,15,654496.5789794922
吨,cm,0,1,653045.8
K,支,0,2,653005
百条,百条,1,4,652460.8454736328
套,立方,0,3,652006.625
20瓶箱,件,0,1,649259.828125
L,千克,0,5,649169
根,卷,0,55,648586.5205644988
斤,箱,0,6,647506.3298828125
册,套,0,6,647211
箱(12杯),箱,0,1,645314.48
件条,套,0,1,645267.0625
SF,个,0,1,645108
台,pc,0,14,644621.8954971314
Kilogram,公斤,0,2,644016.8798828125
1.005kg/套,KG,0,1,643892.6
24瓶/箱,听,0,2,643857.341796875
支,平方,0,21,643079.1299560547
桶,项,0,4,642368.6891406249
m3,千克,0,4,641875.6000976563
个,轴,0,2,640413.725
支,万套,0,1,640000
外,条,0,1,639220
根,KG,0,19,638153.9199951172
袋,支,0,23,638127.5583081055
张,EA,0,21,637955.0487518311
每一个,UNKNOWN,0,3,637341.44140625
组,kg,0,6,637244.75
千瓦时,PCS,0,3,637184.66
框,件,0,1,636800
KPCS,颗,0,1,636518.42
1HE,瓶,0,6,635880.7114486694
年,套,0,23,635182
桶,壶,0,5,634789.76
EA,提,0,2,633195.8049999999
千克,G,0,3,632550.296875
吨,捆,0,8,632193.2863378907
吨,万发,0,1,632083.625
个,间,0,2,630609.84
米,圈,0,18,630445.3001953125
km,圈,0,3,629718.14
米,台套,0,1,628992
PC,条,0,8,628804.6015625
米,捆,0,14,628643.4201464844
公里,UNKNOWN,0,4,626777.6798242187
千克,组,0,6,626096.02
千件,批,0,8,625849.329296875
宗,个,0,3,625586
组,提,0,3,624969.28515625
个,個,0,9,624487.3250869751
片,瓶,0,11,622904.9015655518
瓶/5.00,盒,0,1,622042.1875
条,平方,0,9,621637.2101953124
Kg,张,0,1,620929.0625
米,立方米,0,6,620889.815625
个,EACH,0,7,620345.9202392579
件(pc),套,0,2,619794.85375
M2,SER,0,1,619380
盒,pack,0,2,619349.47
件(1*12),件,0,2,619175.3100000001
卡,个,0,37,618132.3662396241
EA,公斤,0,4,617307.0634765625
块,卷,0,14,616509.3598747253
艘,个,0,2,616204.8154296875
只,km,0,1,616100
只,元/块,0,1,615903.5
立方,樘,0,1,614260.02
M2,㎡,0,2,613022
方,次,0,1,613010
EA,米,0,8,610930.6400976563
套,宗,0,3,609362
PCS,FT,0,1,609070.83
斤,盒,0,15,608857.8240234375
筒,台,0,10,608162.1099511718
米,kW·h,0,1,608160.15
平方米,方,0,2,607788
台,台（套）,0,3,607404
UNKNOWN,罐,0,3,607314.4303125
PCS,根,0,32,607284.3317651367
个,年,0,19,607038.7400878906
副,只,0,31,606557.1421263504
千个,包,0,1,606358.6875
期,套,0,3,606296.26
支,万支,0,1,606291.4
桶,g,0,2,605837.5625
个,度,0,10,605223.2000976562
批,株,0,1,603837
无,户,0,1,603764.05
1JU,卷,0,4,603217.6337051392
一批,UNKNOWN,0,1,603132
重箱,套,0,2,603042
栋,UNKNOWN,0,1,602328.02
根,块,0,38,601807.0694740295
只,对,0,31,601629.0199938965
平方米,平方米/天,0,1,601086.1875
立方米,m2,0,3,600908.54625
PAK,KG,0,1,600708.25
把,公斤,0,20,600689.6000000001
克拉,片,0,4,600600
卡,包,0,2,600238.74
批,宗,0,1,600000
公斤,樘,0,1,600000
块,克,0,1,599945.34
粒,卡,0,1,599543.314453125
平方英尺,对,0,1,598000
袋/包,袋,0,2,597534.01
套,元,0,5,596229.5199969482
克拉,支,0,3,595898.55921875
册,张,0,4,594694.40625
车次,次,0,1,594000
千只,公斤,0,2,593921.1
台,1台,0,2,593609.04
半年,个,0,1,593115.1875
对,条,0,6,593019
台,-,0,3,592845.8125
磅,磅,1,3,592760.39
KG,pcs,0,10,592045.0394857788
条,片,0,29,591356.63
台,M,0,16,591179.1097875977
卷,盒,0,47,590913.6001585007
套,RL,0,4,590260.7505078125
千米,只,0,2,590167.0453125
只,平方米,0,11,588506.8100000001
W,UNKNOWN,0,3,588470.921875
吨,pcs,0,10,586582.5897265625
座,吨,0,2,585779.0200195313
套,m2,0,13,584870.3286132813
粒,台,0,5,584478.65
份,包,0,5,584443.2875137329
套,台份,0,1,584000
平米,本,0,2,583306
PC,组,0,1,583200
吨(MT),斤,0,1,582918.1875
升,盒,0,7,582721.4799556732
kwh,Kwh,0,1,582501.5
千瓦时,元,0,3,582066.6875
.盒 .,盒,0,1,581896.90625
批,饼,0,1,581708.875
根,pcs,0,7,581441.5
Kg,升,0,5,580491.7999999999
Pcs,支,0,4,580278.25
式,箱,0,1,580000
片,KPCS,0,1,579427.98
年,期,0,3,579000
EA.,个,0,1,578920.375
EA,罐,0,2,578680.1875
平方尺,千克,0,1,578220
kg,G,0,2,578018.921875
方,Kg,0,1,577916
只,Kg,0,12,577214.5078125
UNKNOWN,架次,0,1,576630
kg,千包,0,1,576340
平方米,万支,0,1,575995.8125
千个,KPCS,0,2,575986.09
根,基,0,2,575910
t,件,0,2,575457.6
双,EACH,0,2,575386.36
米,平,0,2,575340.950012207
片,千只,0,2,574290.5
双,Kg,0,1,573900.2
份,PCS,0,3,572963
批次,件,0,2,572583.5029296875
平方米,万条,0,1,571792.4375
升,209L/桶,0,1,571600.15
块,次,0,7,570276.3999996185
千瓦时,千克,0,2,570050.7
吨,S-P042.5,0,1,570000
次,PCS,0,5,569955.9812011719
kW·h,kw*h,0,1,569890
万片,只,0,2,568186.6875
升,套,0,19,567505.84
平方米,根,0,18,567262.3009765625
双,盒,0,21,565988.3603504944
片,方,0,2,565507.5
个,提,0,40,565444.252873726
杯,UNKNOWN,0,8,565296.448803711
条,盘,0,30,564994.990390625
个,季度,0,2,564718.38
1 袋,袋,0,16,563935.5870692253
个,Pcs,0,11,561755.0764160156
件套,件套,1,1,561364.86
贴,只,0,1,560772.95
卷/100m,套,0,1,559737
㎡,批,0,6,557843.4184375
卷,M2,0,4,557192.5
1 批,1罐,0,2,557164.5834388733
年,平方米,0,1,557043.52
只/支,支,0,1,556575.7
册,年,0,1,556482.7000000001
项,基,0,1,556033.5
T,条,0,4,555907.05
M,KG,0,3,555190.6200390626
罐,条,0,2,554971.25
把,袋,0,12,554413.2799800873
根,部,0,1,554400
令,册,0,3,553720.8
块,包,0,25,552660.5606019783
平方米,m,0,5,552277.249609375
批,顶,0,5,552002.333125
车,批次,0,1,552000
元/桶,月,0,1,551250
方,套,0,6,551007.5503125
吨,500g,0,19,550354.1787109375
桶,包,0,28,549652.5832208252
万米,盒,0,3,548868
1 瓶,1瓶,0,15,547851.3012185097
M,㎡,0,1,547470
件1*24,件,0,1,546154
只,KWH,0,3,545195.80859375
台,跨,0,1,545000
500ml,瓶,0,8,544989.8
对,卡,0,1,543994
根,kW·h,0,1,542880.45
UNKNOWN,KVA,0,1,542400
套,EACH,0,7,540434.3606109619
Set,支,0,1,540200.5
m2,批,0,4,538297.48
棵,件,0,3,537091.7998046875
度,千克,0,1,537002.375
颗,盒,0,5,536563.0200004578
箱,碗,0,6,536157.7478515625
张,宗,0,2,534875
瓶,卷,0,23,533854.4500854493
件,顶,0,14,533058.8910253907
件,万吨,0,1,532980
千个,粒,0,3,532929.590703125
车*天,吨,0,1,532840
cs,袋,0,1,532128
kg,付,0,20,531865.2998901367
双,PR,0,2,531213.0922851563
平米,月,0,1,531052.984375
台,双,0,11,530924.8800048828
千克,g,0,8,530690.40625
个,卡,0,13,530622.4600355148
千瓦时,年,0,2,529945.73046875
人,天,0,3,529768
千只,PC,0,1,528538
千克,万对,0,1,528052.4399999999
KW.H,度,0,2,527623.5234375
月/台,月/台,1,1,527000
船套,船套,1,1,526400
桶,㎡,0,2,526030.0425
千瓦时,根,0,4,524967.51
套,核,0,1,524700
平方米,双,0,4,523996.8
克,套,0,6,523923.2421875
对,公斤,0,3,523820.4000015259
套,栋,0,1,522500
KG,m3,0,2,521587.06
台,具,0,7,521511.7600097656
PCE,ST,0,1,520968
盒,斤,0,15,520212.0100518799
部,本,0,1,518600
次,季,0,4,518490.18
盒,付,0,27,518473.7099023438
度,只,0,8,518071.8899902344
把,艘,0,1,517949.4375
千片,千片,1,1,517813.84
幅,件,0,5,517552.3
令,盒,0,3,517443.8999755859
吨,公吨,0,1,517323.53
平方分米,平方米,0,2,517285.8
m3,蒸吨,0,1,516722.5
M*M,套,0,1,515812
站,批,0,1,515782
批,年,0,4,514940
付,块,0,17,514111.8900262451
盘,卷,0,58,514092.6500169372
度,PCS,0,2,513519.85
CAS,盒,0,15,512340.2651953125
平方米,pcs,0,10,512291.1221875
人份/3.232,台,0,1,511948.8
台,km,0,1,511760
项目,UNKNOWN,0,3,511415
平方米/毫米,套,0,1,511318.19
㎡,m3,0,2,511216
板,台,0,2,511079.11
平米,年,0,2,511000
台,宗,0,7,509807.34984375
SM,项,0,1,509250
台,OEM615-C2S-KOG-050,0,1,508150
件,LE,0,2,507557.875
千克,pcs,0,6,506621.31921875
M3,樘,0,1,506240
kwh,千瓦,0,1,506146.046875
千瓦时,万度,0,1,505899.875
千克,块,0,16,505745.576875
M3,m3,0,2,505648
托,UNKNOWN,0,2,505140
克,G,0,1,504943
公分,平方米,0,1,504887
双,箱,0,8,504798.1549835205
批,一批,0,2,504774.75
件数,只,0,7,504390.44
支,Piece,0,1,503701.57
1SA,盒,0,16,502923.2516900253
平方,支,0,7,501737.0409375
个,EACH（个）,0,1,501700.125
件,GE,0,5,500526.620444336
台,1EA,0,1,500192
双,平方米,0,1,499065.8125
0,台,0,2,498919
根,m3,0,3,498477.63828125
KG,千,0,1,497300
度,副,0,1,497161.01
米,节,0,5,495978.7099609375
车,台,0,1,494718
20GP,票,0,1,494519
1 kg,1袋,0,5,494404.8586349487
组,EA,0,7,493950.5
bottle,瓶,0,1,492879
PCS,次,0,8,492831.482421875
万支,只,0,3,492236.03046875
枚,次,0,1,492000
瓶,条,0,9,491839.2100234985
千瓦时,面,0,1,491134.75
万条,个,0,5,490843.4
箱,版,0,1,490172.1875
箱360,箱,0,1,489780.4
个 .,个.,0,19,489758.6200190783
㎡,千克,0,3,488328
千瓦,千瓦时,0,1,488169.34375
公分,公斤,0,2,487399.94875
条,月,0,5,487148.8898925781
个,柱,0,3,486733.296875
1,件,0,2,486500
粒,米,0,4,486396.0688476563
枚,UNKNOWN,0,7,486043.296875
对,UNKNOWN,0,8,485935.3499962616
千克,英尺,0,2,485602.140625
袋/包,件,0,2,484737.0610351563
千件,平方米,0,2,484483.06
纸箱,张,0,1,484460.33
票,式,0,1,484020
Km,米,0,5,483574.634375
块,平方,0,11,483056
盒,g,0,7,481949.4873352051
吨,GRP,0,2,481359.40921875
台,兆瓦时,0,1,481195
市斤,盒,0,1,481100
MT2,㎡,0,1,480552.44
方,公斤,0,2,480322.796875
盒,PCS,0,19,479829.3824273681
NUP,套,0,1,478690.40625
元,套,0,5,478564
吨,500ml,0,9,478155.2700042725
㎡,箱,0,1,477971
株,株,1,4,476829.54
EA,桶,0,4,476370.601015625
克拉,CT,0,1,476176.8199999999
盒,粒,0,4,475967.5
K,千颗,0,1,475917.8125
个,册,0,7,475328.47
W,吨,0,2,475254.5
听,盒,0,16,475248.7365740967
瓶,只,0,66,474682.1898345947
户,台,0,3,474420
BAO,袋,0,2,474209.46875
把,块,0,42,473914.6784753418
METER,米,0,1,472578.25
把,包,0,22,472200.0823372269
式,批,0,1,472000
付,KWH,0,1,471797.67
卷,cm,0,1,471765.375
立方米,升,0,1,471034.5625
头,公斤,0,2,470020
件,颗,0,6,469587.4208030701
套,扇,0,7,469158.9
年,吨,0,7,468948
米,辆,0,1,468800
只,本,0,30,468628.5444125367
立方米,度,0,7,468526.3431152344
项,条,0,3,468352
次,案,0,1,468000
条,BTI,0,1,467223
立方米,pcs,0,4,466227.02921875
米,袋,0,5,465552
千米,件,0,4,465219.7700195313
月,平方米,0,3,463485
圈,圈,1,12,463459.759765625
台/月,月,0,2,463340
箱,合,0,6,463149.162109375
EA,CAR,0,1,462698.03125
百条,根,0,5,462654.0401464844
支,SET,0,5,461052.3799707031
件,set,0,9,460214.700390625
套件条,套,0,1,460116.2890625
延米,米,0,1,459787.95
M2,平米,0,3,459291.25
个,千包,0,1,458563.90625
无,年,0,3,457447.4700048828
个,份,0,15,456514.9602294922
米,公里,0,3,455915.01
节,块,0,35,455656.0900158692
万根,只,0,1,454950
件,笔,0,6,454651.5099853515
台,时,0,1,454227.974609375
人份,台,0,5,453920
米,盒,0,20,453095.61921875
M,CAR,0,1,452343.71875
立方米,14t,0,1,452000
把,根,0,67,451707.1903520965
度,千米,0,1,451351.34375
捆,吨,0,2,451270.4
块,袋,0,12,449710.7999998092
1BA,袋,0,5,449427.7924682617
元/根,元/根,1,1,449062
条,条/块,0,3,449029
台,处,0,2,447334.3198242188
千,千克,0,3,447198.29078125
cm,立方,0,1,446822.5
组,袋,0,7,446730.2201806641
只,座,0,5,445224
艘,条,0,1,444570
月,平方英尺,0,1,444300
Kw.h,兆瓦时,0,1,443902.4399999999
个,座,0,4,443763.05
袋,1袋,0,5,442952.23984375
条,轴,0,1,442827.35
UNKNOWN,M2,0,2,442721.65625
g,g,1,9,442519.4499023437
包,片,0,23,442187.5278222656
升,件,0,24,440874.1093126679
平方,月,0,3,440768.2
批,节,0,2,440670
1BT,UNKNOWN,0,8,439200.8096694946
条,付,0,21,439175.4688476563
千瓦时,千瓦时（度）,0,2,439050.9875488281
平方米,重箱,0,2,439000
UNKNOWN,TO,0,1,438040.64
PC,把,0,9,437461.99
次,宗,0,7,437072.41
KG,1kg袋,0,1,436666.546875
排,张,0,2,436456.14
辆,千克,0,3,435706.5302734375
条,辆,0,7,435063.42
米,立方,0,2,434827.6
PC,包,0,5,434609.0921630859
令,本,0,22,433561
只,m,0,15,433530.1100122071
千瓦时,颗,0,2,433206.89
pcs,千克,0,6,433179.3197460938
套,方,0,4,433026.5
件,船套,0,3,432612
部,套,0,10,432214.015625
颗,节,0,1,432128
项,季,0,3,432107
具,件,0,7,431638.0003662109
根,副,0,16,431471.9002929687
包,平方米,0,3,431382
桶,组,0,16,431366.548828125
扇,套,0,4,431284.66
码,尺,0,1,431262.734375
批,10ml,0,1,431084.04
块,箱,0,16,430464.7601953126
pcs.,盒,0,1,430173.64
台,MA98,0,1,430000
千瓦时,KW,0,3,429844.8984375
Pcs,块,0,1,428000
辆,沈阳市,0,1,427250
KG,平方分米,0,1,426987.25
件/台,只,0,1,425801
提 .,吨,0,1,424423.44140625
次,set,0,5,424339
平米,公斤,0,6,423992.36
卡,盒,0,7,423916.76
盘,千克,0,7,423167.5599943543
L,个,0,3,422813.05859375
UNKNOWN,台班,0,7,422200
扇,樘,0,1,421647.1
立方米,支,0,5,421513.18515625
盒,双,0,27,421360.4904589844
付,张,0,12,421163.490234375
台,万度,0,1,421000
桶,pcs,0,7,420983.5037231445
箱,m,0,7,420522.2001953125
板,套,0,7,419936.1000061035
盘,只,0,11,419888.0196813965
小盒,瓶,0,2,419322.4000061035
立方,根,0,10,418942.779609375
PCS,包,0,31,418640.8908267976
票,箱,0,3,418548
千条,件,0,2,418494.438125
千克,捆,0,1,418000
L,件,0,2,417584
杯,箱,0,3,417121.38
KG,万,0,1,416895.44
组,样,0,1,416890
台,Kg,0,5,416764.299987793
颗,pcs,0,1,416663.6
瓶,夸脱,0,2,416281
PCS,桶,0,8,415889.55375
立方,环,0,1,415260
台,小时,0,6,415253.0732421875
Each,Each,1,3,415042.625
台,公里,0,2,414920
套,束,0,1,414750.8
个,件数,0,1,414637.62
块,瓶,0,16,414440.9731187439
每一个,EA,0,2,414043.87890625
合,张,0,3,413513.01
炉,件,0,2,413000
次,KG,0,7,412246.5099755859
张,大件,0,1,412000
1TI,条,0,5,411851.3596496582
1BT,盒,0,6,410788.4911499023
块,kw/h,0,1,410460.25
1 瓶,桶,0,1,410357.798828125
克,ML,0,1,410142
瓶,合,0,10,409821.231484375
瓶,张,0,12,408894.96
KW.H,KG,0,1,408678.5
台(piece),套,0,1,408509.3
间,项,0,3,407678
平方米,Kg,0,2,407450
项,立方米,0,1,407447.38
GE,GE,1,3,407133.375
24支/箱,瓶,0,3,406371.6
Each,UNKNOWN,0,3,406309.7
SE,个,0,1,406272.5
合,台,0,6,406251
小盒,套,0,3,406034.6049951172
笔,件,0,4,405670.5
方,项,0,2,404768
吨,船套,0,1,404463.5
月,期,0,2,404400.0703125
块,EA,0,22,403981.5619726563
栋,m2,0,1,402923.91
路,路,1,2,402570
颗,件,0,8,401668.528828125
吨,万个,0,3,401190.19
盒,版,0,1,401155.15625
SET,米,0,4,401033.438125
KM,箱,0,8,400113.3115625
KM,m,0,7,400031.459609375
吨,ZHI,0,1,400000
年,幢,0,1,400000
台,码,0,1,400000
A,台,0,1,399222
年,平方,0,2,398850
吨,克,0,12,398754.0763263702
打,筒,0,2,398637.30078125
块,千瓦,0,1,398395
m2,PCS,0,4,398213.7337646484
PCS,set,0,1,398095
FU,付,0,1,397947.21875
kg,把,0,29,397740.3999396515
100ul,Kit,0,1,397686.8
支,ML,0,2,397645.06
串,串,1,5,397575.5
pcs,KG,0,5,396621.3901757812
根,SET,0,4,396447.6186523438
PCS,平方米,0,6,395927.5211523437
㎡,片,0,7,395524.9400976563
条,ST,0,5,394837.0206298828
EA,一批,0,1,394773.66
盘,ROLL,0,1,394315
EA,KB,0,1,393520.91
仟对,个,0,1,393500
对,批,0,6,393387.1299999237
块,立方米,0,3,393275
吨,车/次,0,1,391893.96875
张,次,0,13,391803.75859375
小时,件,0,2,391466.25
kwh,吨,0,2,391237.1
袋,提,0,12,391129.903137207
吨,g,0,3,391105.09
式,PCS,0,1,390465
7/T,件,0,1,390000
节,个,0,65,389810.4197589111
UNT,台,0,1,389644
千粒,颗,0,1,389441.1875
月,MON,0,1,389049.15625
m3,KG,0,1,388928.2
樘,千克,0,2,388875.9
L960W,L960W,1,2,388563.2
柱,组,0,5,387888.815625
令,套,0,7,387813.32875
张,副,0,10,387524.48046875
m3,座,0,1,386684.1875
米,基,0,1,386370
节,组,0,11,386008.5202929688
件数,个,0,3,385592.6896875
1ZH,台,0,2,385584.7998046875
UNKNOWN,/,0,3,385358.8828125
块,项,0,11,384255.9
次,口井,0,1,384000
千瓦时,KWh,0,2,383114.0771484375
支,PNL,0,1,382831.8
台,期,0,4,382375.5200195313
付,平方,0,4,380606.9000244141
千,PCS,0,4,380533.48
1 批,1个,0,3,380253.344543457
套,m3,0,2,379890
百,个,0,7,379426.9698443604
软件,UNKNOWN,0,1,378907.2
公分,张,0,2,378692
元/天,项,0,1,378369.59375
架,片,0,7,376487.4399511719
袋,500克,0,1,376233.6
项,米,0,13,376069.0600585938
把,米,0,21,375843.1401593018
UNKNOWN,M3,0,2,375738.5
平方,双,0,5,375599.85
只,（PCS),0,1,375242.8
立方米,KG,0,2,375235.9699707031
支,千件,0,6,375216.5699938965
寸,件,0,4,374638.61
kg,棵,0,1,373479.6875
kg,M,0,7,373332.1000976563
公斤,次,0,13,372555.0890625
PC,块,0,7,371692.4918164063
听,支,0,8,370940.08
台,台班,0,3,370714.98
只,棵,0,2,370343.875
米,对,0,14,370218.003125
卷,ROLL,0,1,370075.75
升,包,0,9,370010.1201171875
PCS,平方,0,3,369434.765625
车,趟,0,1,368762.1875
只,平方,0,15,368161.51953125
包,本,0,42,367879.7611224651
套,ST,0,10,367813.939453125
PC,L,0,1,367619.84375
套,EAJ,0,4,367607.4317626953
万只,千克,0,3,367545.29375
千克,付,0,9,367437.64
付,米,0,26,366968.1103961182
盒,千克,0,21,366601.9234373855
根,棵,0,1,365950
件,m2,0,2,365410
UNKNOWN,元/千瓦时,0,1,365324.4
1台,台,0,9,364605
箱,次,0,5,364518
米,床,0,3,364472
根,桶,0,12,364142.900390625
H,副,0,1,363970
顶,只,0,32,362688.6099023437
个,台套,0,6,362598.8
支,4L,0,1,362582.25
只,度,0,7,362488.1602099609
千瓦时,公斤,0,1,362394.23
千只,套,0,8,361987.86
台,m2,0,9,361803.1
平方米,份,0,7,361491.4
克,盒,0,6,361111.7999992371
顶,件,0,15,361004.3197022247
项,M3,0,1,360726.6015625
月度,UNKNOWN,0,1,360658.390625
票,单,0,1,360085.71
UNKNOWN,提,0,15,360063.8453216553
度,吨,0,5,359970.33
元,kg,0,1,358630
千只,UNKNOWN,0,3,358231.9200061035
kW·h,kWh,0,1,357823.8203125
盒,升,0,6,357473.2907421875
KG,L,0,7,357399.6
支,本,0,18,357350.4503356934
BAG,批,0,3,357164.2
个,式,0,27,357053.1299609375
pcs,块,0,9,356930.9400024414
Kwh,平米,0,1,356910.5
项套,只,0,1,356550
樘,米,0,4,356434.9609375
套,千件,0,3,356059.51
次,具,0,1,355600
M,公斤,0,4,355484.4498046875
樘,吨,0,2,354245
24瓶箱,箱,0,3,354235.984375
批,台班,0,1,354055
平方米,付,0,5,353338.6392089844
EA,枚,0,1,352580
CAR,GAR,0,1,352160.0078125
礼盒,盒,0,2,351858.1545410156
次,度,0,5,351789.7184375
EACH（个）,套,0,1,351611.55
台,立方,0,4,351321
批,位,0,1,351299
项,艘,0,2,351040
-,月,0,1,350319.29
片,次,0,8,350217.8828125
套,间,0,2,350080
卷,平米,0,9,349810.66015625
批,p,0,1,349753.5
kg,盘,0,19,349157.6000036621
吨桶/IBC,箱,0,1,348413
平方米,间,0,2,348204.21
m,吨,0,4,347580.8000488281
台,打,0,3,347150
件,ZEA,0,3,347128.1871948242
时,天,0,1,346744.8
个,期,0,1,346243.6
块,台套,0,1,346150
令,CAR,0,1,345562.140625
方,㎡,0,2,345332.8
片,SET,0,4,345255.074609375
盒,PC,0,11,345027.7027050781
瓶,g,0,7,344820.1699523926
平方米,桶,0,5,344136.1193847656
年,包,0,1,344120
KU,EA,0,1,343883.3
碗,排,0,1,342469.875
25kg,UNKNOWN,0,1,342342
位,组,0,3,341497.96875
KG,枚,0,1,341178.09375
箱,粒,0,7,341138.3998706054
块,pc,0,1,340704
只,G,0,1,340435.7
公斤,万粒,0,2,340180.8
根,UN,0,1,340000
km,箱,0,2,339745.88
千个,千只,0,2,339726.125
KM,UNKNOWN,0,8,339252.2703125
粒,支,0,11,338821.17875
面,间隔,0,1,338790
大盒,盒,0,2,338636.6201171875
标准件,箱,0,1,338427.4140625
户,米,0,1,338100
批,户,0,2,338000
度,台,0,9,337886.8331494141
UNKNOWN,间,0,23,336993.8399969483
Kg,袋,0,9,336866.0923318863
㎡,PCS,0,1,336544.5234375
KG,pc,0,3,336216.09
立,立方米,0,1,335860
箱,case,0,3,335608.107421875
包,组,0,10,335570.8890525818
ml,瓶,0,2,335320
辆,湖北省武汉市,0,1,335100
次,只,0,25,335013.5902313233
组,杯,0,3,334813.1750488281
筒,个,0,73,334580.5090330887
m2,平方,0,2,334274
25g,瓶,0,4,334241.96
座,组,0,1,334150.8
M,PCS,0,6,334042.3799996948
UNKNOWN,副,0,18,333792.7899780273
辆,潍坊市,0,1,333660
km,条,0,2,331979.96
部,月,0,1,331585
小时,付,0,1,330701.8125
千克,m2,0,1,330185
PCS,Pcs,0,14,328666.2305444336
套年,笔,0,2,328600.46
捆,米,0,20,328495.9292480469
kg,立方米,0,2,328012.7
对,KG,0,3,327850
公斤,本,0,10,327607.754140625
断面,UNKNOWN,0,1,327509
只,U,0,1,327368.04
UNKNOWN,人/次,0,1,327280
M/2,平方米,0,1,327053
UNKNOWN,20GPF,0,1,326965.7
支,次,0,11,326760.7
半年,UNKNOWN,0,2,326700
m3,批,0,2,325991.28
公斤,吨(MT),0,5,325406.01953125
延米,台,0,2,324431.9799804688
吨,平方厘米,0,1,324328
支,项,0,6,324144.5
SET,piece,0,6,323789.9207885743
kg,对,0,2,323643
票,柜,0,1,322783
公斤,万发,0,3,322417.5
箱-48,箱,0,1,322278.78125
升,杯,0,1,321930
月,人,0,1,321916.75
万粒,个,0,4,321907.355859375
桶,EA,0,11,321439.631743164
框,框,1,1,321423.03125
KWp,KWp,1,1,320800
瓶,板,0,4,320541.6
千件,条,0,1,320502.5
支,ST,0,6,320389.796875
箱24,组,0,1,319981.125
根,组,0,15,319871.710703125
瓦,台,0,3,319826.25
KG,LT,0,1,319324.46875
副,幅,0,8,319290
单,张,0,1,319179.1
千米,Kg,0,1,318750
kWh,KWh,0,2,318395.36328125
件,盘,0,21,318022.3702087402
公斤,m3,0,2,318000
百,千,0,2,317817.1171875
半年,项,0,1,317472
延米,块,0,1,316470
瓶,份,0,4,316405
kW·h,kw ? h,0,1,316259.875
百条,条,0,4,315709.6908398438
台,排,0,1,315600
千只,台,0,8,315445
KG,份,0,4,315439.6875
吨,工时,0,1,315034.1953125
平方,组,0,4,314742.0300292969
付,吨,0,7,314196.7236328125
平方尺,平方尺,1,1,313992
个,CPU,0,1,313600
件数,件数,1,2,313396.59375
批,度,0,4,313311.3161132812
盒/UN,盒/96个,0,1,313154
组,面,0,1,312000
月,只,0,5,311967.7
组,片,0,10,311302.3606201172
年,元,0,4,311270
15KG\桶,桶,0,1,311090
千颗,千粒,0,1,310145.625
项,平方,0,5,309655.5
M2,公斤,0,1,309654.59375
条,双,0,15,309606.2496710205
排,箱,0,4,309591.6030761719
万张,只,0,2,309519.2802734375
方,张,0,5,309350
盘,箱,0,9,308462.453149414
每个,UNKNOWN,0,2,307957.18
件数,块,0,1,307923
ML,公斤,0,1,307753.796875
无,件,0,1,307539
次,/,0,2,307087.5
枚,KG,0,4,306050.4404296875
副,桶,0,2,305821.9
kg,万粒,0,1,305484.37
啰,啰,1,1,305389.16
EA,pcs,0,1,304676.625
套,用户,0,1,303842.88
副,平方米,0,3,303430
kwh,米,0,3,303029.203125
米,把,0,24,302451.7100296021
立方米,樘,0,1,302000
个,GE,0,11,301655.6002044678
PCS,粒,0,5,301208.7299511718
测试,盒,0,1,301120
千瓦,千瓦,1,2,301023.29
UNKNOWN,一项,0,2,301000
樘,m,0,2,300923.7299804688
箱,m2,0,2,300760
公斤,万只,0,2,300707.3
万片,套,0,2,300300
件,度,0,4,300223.5
块,元,0,1,300000
㎡,处/所,0,1,300000
台/次,KG,0,1,300000
平,㎡,0,1,300000
套,kw.h,0,1,300000
kwh,个,0,3,299973.4399969482
罐,个,0,31,299603.7307662964
升,LTR,0,1,299386
组,根,0,9,299267
万支,万个,0,1,299059.2
kWh,千瓦时,0,1,298640.09375
米,t,0,2,298619.7
套,千米,0,4,298497.68
支,颗,0,9,298112.4928063964
件,套（EA),0,1,297458
KWh,千千瓦时,0,1,297090.75
PC,枚,0,1,296997.79
每一个,次,0,1,296832.44
件数,件,0,1,296803
平米,项,0,3,296654.08
支.,支,0,1,296594.4375
笔,套,0,10,296243.34
瓶,根,0,23,296233.2098413086
枚,台,0,5,295781.5699874878
批,千件,0,4,295698.3
套,听,0,2,295328.3
915657434,件,0,1,295277.6
付,公斤,0,12,294759.5971679688
kW·h,kW.h,0,1,294471.42
块,面,0,6,294128.08
UNKNOWN,pc,0,2,293667.13
毫克,片,0,1,293660
支（台）,支(台),0,3,292995.2983886719
台班,UNKNOWN,0,3,292912.65
立方,t,0,1,292620
吨（MT）,吨,0,1,292257
PCS,对,0,3,292116
24瓶/箱,桶,0,1,292070.03125
次,Pcs,0,1,292024
个,捆,0,16,291959.8201757813
KWH,Kｗｈ,0,1,291520
KG,盘,0,9,291194.6609265137
瓶,EACH,0,2,290894.63
次,人天,0,1,290040
ST,瓶,0,2,290020.220234375
副,块,0,4,289315.83
个,百件,0,2,289148.32
ST,箱,0,1,289107.26
km,千米,0,1,288650
组(Pcs),个,0,1,288252.77
双,袋,0,8,288147.0266796875
M2,块,0,1,287900
吨,具,0,7,287860
册,1499,0,1,287808
EA,PAC,0,2,287600
支,GE,0,1,287550
件,Piece,0,2,287016.4
kg,排,0,1,287005
箱18,组,0,1,286626.24
台,千卡,0,1,286500.24
kG,公斤,0,2,286262.30859375
套,GE,0,7,286125.83984375
个,KPCS,0,4,286064.546875
顶,套,0,23,284520.4399694824
千克,本,0,2,284325.85
片,piece,0,5,283907.8004101563
只,式,0,4,283789.519375
LITER,LITER,1,1,283500
吨,立,0,3,283417.5899978637
壶,桶,0,5,282954
场,次,0,3,282760
ZI,SET,0,1,282607.32
Z40,JIN,0,1,282547.8062744141
瓶 .,瓶.,0,10,282333.0138015747
L,桶,0,7,282305
PCE,套,0,3,282263
打,箱,0,2,281601
包,把,0,27,281261.1992858887
具,台,0,15,281111.5
张11111111111111111111,片,0,1,280800
令,粒,0,1,280617.78125
百米,M,0,1,280486.90625
BX,个,0,2,280204.6
月,*,0,2,279699.609375
个,万套,0,1,278989.2
kw,度,0,1,278983.5
1PC,只,0,16,278818.703824749
只,万个,0,1,278779
平方米,RL,0,1,278585.625
公里,台,0,2,277788
M2,PCS,0,4,277668.797265625
M2,套,0,4,277627
m3,根,0,3,277235.5776855469
打,台,0,1,277230.96
台,KW,0,5,276834.39
箱（1.2*9）,箱,0,1,276804
Pcs,桶,0,1,276571.94
㎡,年,0,1,276080
pcs,瓶,0,8,276058.8699999989
册,份,0,6,275480
本,卷,0,25,275378.7807324218
台,颗,0,10,275355.9298038483
台/套,套,0,4,275020
毫米,双,0,1,274580
壶,件,0,2,274490
码,pcs,0,2,274289.5
米,组,0,17,273945.56953125
m,条,0,2,273872.8
台,LE,0,3,273484.0390625
元,笔,0,4,273456.13
UNKNOWN,1项,0,1,273000
M,千克,0,5,272391.786875
项,宗,0,4,272328.25
ST,卷,0,1,271783.625
只,斤,0,6,271161.7485351563
件,棵,0,3,270307
床,UNKNOWN,0,8,270305.5066223145
根,盏,0,3,270154
卷,桶,0,14,269891.9301464844
支,平米,0,4,269660.796875
PCS,PSC,0,1,269513.59375
月,间,0,1,269270
km,M,0,1,269144.3125
磅,包,0,5,269048.9399414063
套,户,0,6,268750.52
千只,条,0,3,268616.4
千米,M,0,5,268577.7196630859
月,天,0,7,268133.4599609375
SM,平方米,0,3,267863.96
kw.h,KW.h,0,1,267561.2109375
米,延米,0,1,267556.8125
个,CP,0,1,267305.28
码,Y,0,1,267200
只,升,0,5,266652.59375
万个,袋,0,1,265768.88
盘,件,0,18,265490.8798309326
幅,个,0,30,264780.6
罐,组,0,3,264527.390007019
套,位,0,3,263604.2
提,条,0,5,262821.8693765259
份,台,0,9,262796.34
片,ZU,0,2,262600
只,台套,0,2,261726.294375
kg.,盒,0,1,261514
百个,个,0,24,261335.7004162597
双,平米,0,1,261225
袋,把,0,15,261163.3490625
筒,卷,0,37,261006.710291748
部,批,0,1,260700
小时,天,0,1,260610
KAR,箱,0,1,260498.234375
kwh,台,0,2,260397.45
套,每一个,0,8,260116.22953125
批,贴,0,1,260099.4
MU,盒,0,1,259790
百,支,0,4,259542.7331054687
千米,m,0,1,259445.53125
盘,千米,0,2,259377.85
吨,千克(公斤),0,2,259345.573125
吨/日,UNKNOWN,0,1,259138.5
SET,UNKNOWN,0,5,259119.7802734375
台/套,台/套,1,1,259067.97
饼,套,0,1,259050
根,箱,0,13,258580.11640625
轴,米,0,6,258520.6325
份,船/套,0,1,258000
母卷,卷,0,1,257610.35
KWh,元,0,1,257472
组,千克(公斤),0,2,257444.4000244141
对,组,0,3,256873.57
平米,批,0,7,256850.4904296875
cm,厘米,0,1,256437.09375
吨,GJ,0,1,256388.375
套,PRS,0,1,256240
平方厘米,PC,0,1,255926.87
对开张,UNKNOWN,0,1,255441.59375
板,批,0,2,255436
套,架,0,8,254360.4197937012
本,只,0,31,254320.6095532227
顶,条,0,6,254238
立方,台,0,2,254086
包,块,0,31,253993.5117095947
平方,立方米,0,3,253917
支,立方米,0,2,253790
箱,15公斤/件,0,1,253696.6875
付,pcs,0,4,253667
码,对,0,2,253270
CS,箱,0,2,253064.875
台,ZH,0,1,253000
听,批,0,4,252957.6
kg,份,0,6,252901.8097686768
条,百条,0,1,252314.6875
千只,付,0,3,252287.32
千克,千克(公斤),0,1,252071.6
万袋,盒,0,2,251991
M,kg,0,6,250964.7000732422
套/台,套/台,1,2,250800
千克,M,0,1,250800
箱(6),台,0,1,250681.5
个,票,0,7,250669.9609375
条,千米,0,1,250592.65625
毫米,套,0,1,250355.12
片,英尺,0,1,250263.125
条,节,0,4,250133.2100134277
箱,ROL,0,1,249808.09
Pcs,件,0,3,249619.078125
加仑,加仑,1,5,249270
盏,支,0,3,249238.53125
排,瓶,0,3,248925.7
套,平,0,2,248396.078125
吨,kG,0,2,248375
UNKNOWN,房晚,0,1,248232
只,缸付,0,1,248100.796875
测次,UNKNOWN,0,1,248000
K,千个,0,1,247900
SM,SM,1,1,247805.59375
条,条（套）,0,1,247500
只,KPCS,0,5,247384.01
个,KGS,0,1,246945.66
份,EA,0,1,246938.71875
杯,个,0,4,246649.796875
项,根,0,4,246559.796875
UNKNOWN,卷,0,20,246452.830524292
年,度,0,1,246040.3125
千包,千克,0,2,244743.6953125
支,卡,0,7,243136.7425849914
听,PCS,0,3,242941
平米,块,0,13,242897.52
个,外,0,1,242656
项,张,0,4,242605.609375
MU,瓶,0,1,242370
KM,千克,0,1,242100
盒,卷,0,50,242010.961239624
点,套,0,3,242000
kg,h,0,1,241576.203125
台,季,0,3,241254.1171875
间,个,0,3,241246
年,笔,0,4,241139.5
平方米,EA,0,6,240733.75
项,份,0,10,240682.67
加仑,把,0,1,240530
米,305米/箱,0,1,240240
樘,t,0,1,240000
块,kw.h,0,1,239930.9
吨,对,0,4,239673.5
单,元,0,5,239628.1499316406
KGS,公斤,0,2,239150.5
pcs,条,0,8,238538.95953125
瓶,500ml,0,5,238194
罐,G,0,1,237894
件,节,0,14,237739.6599964905
片,千瓦时,0,1,237546
箱,挂,0,1,237468.64
合,箱,0,1,237450
PCS,pc,0,1,237344.58
1ZH,件,0,12,237092.7929077148
筒,箱,0,13,237047.8800439453
千支,千件,0,3,236967.4992578125
朵,米,0,1,236789.953125
个,m,0,22,236647.3600305176
顶,座,0,1,236495
万片,万片,1,1,236276.9
万支,套,0,3,236252.8
支,20kg/支,0,1,236233.62
十只,十,0,1,235993.21484375
只,千件,0,10,235950.37984375
立方,kg,0,3,235832.440234375
PCS,十瓶,0,1,235654.2734375
PCS,面,0,2,235074.8
kg,千克(公斤),0,4,234365.53
对,m2,0,1,234215
克,片,0,1,234170
件,KPCS,0,1,234112.9375
盘,包,0,9,234085.646484375
副,PR,0,4,234008.5
M10,个,0,1,233248
m2,条,0,2,232934
KG,平米,0,1,232468
立方,平米,0,4,232103.8
m2,千克,0,3,232075.705
站,站,1,2,231831.4901367188
箱,ml,0,2,231067.3125
条,M,0,10,230346.0009307861
柱,UNKNOWN,0,1,230258
EA,㎡,0,1,230000
HE,BOT,0,1,229863.921875
台,千千瓦时,0,2,229668.435
UNKNOWN,KUA,0,1,229600
台,GE,0,12,229595.3203125
公升,L,0,4,229566.7299987793
千个,pcs,0,3,229465.6921882629
千只,颗,0,2,229160
㎡,kg,0,3,229152.6875
节,吨,0,3,229038.40625
柜,UNKNOWN,0,1,228880.5
ml,人份,0,1,228568.046875
吨,宗,0,1,228299.5
公里,KWH,0,1,228140
千瓦时,只,0,11,227956.4302929688
台,板,0,1,227715
组,度,0,1,227600
箱,净吨,0,1,227455.15625
单元,套,0,3,227000
KG,笔,0,1,226503.9375
千片,千克,0,1,226472
BX,台,0,1,226000
卡,节,0,19,225985.7300732422
条,把,0,32,225688.5399151611
套,串,0,3,225505.2200292969
只,set,0,9,225504.6296679688
万张,张,0,7,225314.1843261719
付,对,0,14,224969.6723406982
㎡,期,0,1,224760
方,付,0,1,224400
UNKNOWN,盏,0,4,224385.1999414063
月,宗,0,1,224215.98
樘,批,0,2,224136.59375
CT,克拉,0,1,223900
台,艘,0,2,223860
扎,个,0,10,223834.9697494507
对,本,0,1,223780
天,台,0,2,223741.07
包,条,0,32,223682.4383996582
只,克,0,2,223680.5
Piece,张,0,1,223606
UNKNOWN,1月,0,1,223339
度,片,0,2,223279.93
张,PIC,0,1,223015.45
/,单,0,1,222948
次,m,0,2,222940
-,套,0,2,222730
支,筒,0,5,222667.4
单,次,0,11,222419.7900195312
千瓦时,件,0,8,221612.0397640991
支,千个,0,1,221440
平方米,T,0,1,220460.625
1 桶,1桶,0,1,220362.8031311035
杯,袋,0,5,220345.76953125
125,台,0,1,220000
批,km,0,2,219696
节,根,0,3,219547.1234359741
根,把,0,70,219491.059654007
个,床,0,19,219317.5798291016
L,公斤,0,8,219010.01
只/支,台,0,2,218870
公里,PCS,0,4,218652.190234375
只,笔,0,2,218612.95
公斤,M2,0,3,218346.1575
套,万个,0,1,218000
十瓶,十,0,1,217838.759765625
罐,方,0,1,217600
KW,千瓦时（度）,0,1,217498.8125
卡,套,0,8,217272.410012207
m3,项,0,1,217128.24
套,罐,0,10,217013.2199365234
对米,只,0,2,216255.3603515625
千瓦时,kg,0,2,216250
公斤,500g,0,17,216168.5000190735
件,对,0,16,215235.0199564934
立方米,捆,0,1,215100
套,天,0,4,214609
个,舰套,0,1,214400
床,辆,0,1,214067
卷,批1,0,1,213844
BOX,千克,0,1,213450
付,位,0,1,213308.12
车,1,0,1,213200
立方,PC,0,2,213019.5211328125
个,立方米,0,8,212888.893125
平方米,床,0,2,212727.40625
筒,只,0,14,212586.5196710205
公斤,公斤(千克),0,1,212376.96875
Piece,UNKNOWN,0,1,212115.27
箱,Kg,0,3,211676.828125
桶,CAN,0,4,211666.2275390625
平方,本,0,4,211580.58984375
斤,KG,0,13,211273.1892382813
305米/箱,305米/箱,1,1,211200
个,千度,0,1,211197.93
箱,305M/卷,0,1,211050.40625
M2,个,0,6,210382.6000976563
t,个,0,1,210161.84375
支,合,0,9,210101.79828125
部,座,0,1,209796
个,站,0,2,209692.6
批,千只,0,1,209520
把,每一个,0,4,209514.15
1 批,盒,0,4,209493.7039718628
1ml,支,0,1,209395.26
台,盘,0,12,209129.0999755859
项,季度,0,3,208619
万米,公斤,0,1,208608
针,枚,0,1,208416
M3,匹,0,1,208390
KG,扇,0,1,207917
瓶,粒,0,2,207354.3
筒,包,0,19,207125.6200032425
箱,连,0,2,207124.171875
户,项,0,2,207100
200L/桶,200L/桶,1,1,206680
组,付,0,7,206678
件,千,0,1,205840.806640625
Case,条,0,1,205714.08
1克/瓶,g,0,1,205585
km,项,0,2,205478
ST,PC,0,4,205277.8485107422
kg,L,0,5,205054.85
个,幅,0,10,204892.35
具,瓶,0,6,204602
令,Kg,0,1,204372.90625
个,板,0,11,204362.5638790893
米,ST,0,3,204307.734375
UNKNOWN,m,0,5,204058
/件,批,0,1,203472.109375
KVA,度,0,1,203435.75
台,回路,0,1,203430
UNIT,UNKNOWN,0,1,203290
UNKNOWN,车/次,0,1,203200
个,扎,0,10,203093.812270813
千米,圈,0,4,202863.5
unit,次,0,1,202734.03
卷,份,0,3,202586
千个,支,0,1,202585
胶桶,桶,0,1,202581
㎏,吨,0,2,202470.837890625
块,副,0,5,202199.3109375
片,立方米,0,3,201435.03125
公斤,啰,0,1,200909.84375
吨,根,0,1,200667.90625
支 .,支,0,2,200522.0137634277
本,PCS,0,8,200479.5002905274
PAA,双,0,2,200469.92
件数,平方米,0,2,200239.80078125
PCS,m3,0,1,200000
张,千对开,0,1,200000
台 .,部.,0,1,199960
㎡,件,0,7,199879.6505371094
千克,m,0,4,199657.1019921875
m2,张,0,3,199554.6198046875
码,根,0,2,199374.1
月,周期,0,1,199282.48
PCS,Wp,0,1,199088.75
吨(MT),份,0,1,199078.5
平,平,1,1,198987.484375
吨,吨`,0,1,198862
千个,片,0,4,198791.24078125
瓶 .,箱,0,3,198623.4400024414
KG,200L/桶,0,1,198490
公斤,枚,0,2,198440
克,根,0,3,198210
架,件,0,4,198143.3500061035
付,支,0,28,198131.0001844025
柜,升,0,1,198076.234375
台班,项,0,2,198000
项,45KW,0,1,198000
pcs,箱,0,4,197541.4890625
只,立方,0,2,197300
PCS,K,0,2,196302.49
件,壶,0,5,196043.1404418945
张,例,0,1,196000
天,台班,0,1,195960
人份,支,0,4,195524
UNKNOWN,车道,0,1,195200
/,UNKNOWN,0,2,195133.64
份,吨,0,3,195125
台,SU,0,2,195060.05
方,平方米,0,1,195000
个,筒,0,12,194728.1165429688
瓶,片,0,6,194539.5
平方分米,KG,0,1,194386.98
立方米,扇,0,2,194209.334375
卷,包/4条,0,1,194196
件,座,0,3,194189.27
1SA,UNKNOWN,0,15,193557.2782982254
辆,张,0,4,193295.1000976563
17升/桶,公斤,0,1,193176.6015625
条,m,0,13,193145.1586914063
件,元素,0,1,192958.203125
KM,批,0,6,192953.8700878906
趟,月,0,1,192830.84
千瓦时,批,0,2,192743.75
KG,m2,0,2,192562.3
桶,平方,0,5,192525
VAR,台,0,1,192400
万条,根,0,2,191699.796875
KW.H,千瓦,0,1,191594.71875
PCE,支,0,4,191506.4296337891
包,EA,0,12,191486.6125
平米,包,0,1,191484
个,位,0,3,191085.7578125
1mg,盒,0,1,190491
公斤,万对,0,1,190428.08
m2,㎡,0,3,190400
个 .,套,0,3,190338.5999984741
千粒,千个,0,1,190017.98
盘,支,0,5,190014.6600683594
颗,百支,0,1,190001.16
套,条（套）,0,1,190000
块,把,0,30,189986.1198274231
Kg,M,0,2,189925.55
盒,吨,0,7,189833
KG,辆,0,3,189742
包,PC,0,7,189740.0544335938
吨,枚,0,6,189653.119140625
罐,筒,0,2,189393.2000007629
袋,条,0,5,189390.11
K,k,0,1,189323.296875
万套,个,0,2,189239
笔,户,0,1,189200
箱(12杯),箱(12杯),1,1,189139.703125
18L/桶,桶,0,2,188960
支,管,0,9,188832.271875
对,PAIR,0,1,188619.5
Kg,支,0,4,188585.921875
台,T,0,3,188570
根,万枚,0,1,188395
㎏,公斤,0,1,188195
元/kwh,Kwh,0,1,188156.109375
次,条,0,6,187929.042175293
UNKNOWN,BL,0,1,187910
捆,卷,0,6,187887.5
张,M,0,2,187860
张,间,0,2,187665.19921875
m2,只,0,3,187620.120390625
卷,瓶,0,23,187485.4901021957
UNKNOWN,个月,0,1,187436.66
SET,EA,0,5,187152.8999023438
副,项,0,4,186938
平方毫米,批,0,1,186505
张,P,0,3,186485
万张,个,0,2,186459.2225
克,元/克,0,1,186416.53125
千克,PC,0,5,186409.0300585938
m2,UNKNOWN,0,3,186049.4375
pcs,PC,0,5,185842.352421875
英尺,英尺,1,1,185720.640625
册,包,0,1,185640.61
万粒,支,0,2,185638.3203125
平方米,组,0,2,185587.27
KWH,kw.h,0,1,185478.84375
千件,一批,0,1,185467.109375
圈,卷,0,9,185330.4598648071
吨,25L/桶,0,1,185100
25L/桶,25L/桶,1,1,185100
具,部,0,1,185000
加仑,桶,0,5,184897
加仑,公斤,0,2,184556.3904296875
台,捆,0,4,184179.36
ST,项,0,1,183976
无,㎡,0,1,183333.8
批,盏,0,2,183069.4
KG,度,0,2,183048
桶,只,0,46,182850.2794534302
对,副,0,5,182724.4399414063
EA,根,0,3,182711.15
ZEA,件,0,1,182700
根,M2,0,1,182575.25
瓶(听),盒,0,1,182499
千支,米,0,4,182360.13
万条,包,0,2,182079.1015625
季度,项,0,1,182000
cm,公分,0,1,181823
件,千瓦时,0,1,181809.65625
个,毫米,0,1,181680
kW.h,kw.h,0,2,181439
KM,件,0,3,181426.439453125
kw/h,台,0,1,181400
次,张,0,11,181343.7
口,块,0,1,181130
笔,份,0,1,180635.34
台,unit,0,1,180562.5
杆公里,UNKNOWN,0,1,180339.8984375
百米,套,0,1,180307.38
台套,根,0,2,180150
万只,套,0,6,180085.9100097656
处,件,0,1,180000
-,盒,0,2,179792.6899995804
板,个,0,7,179769.7398046875
件(Pcs),个,0,28,179735.95973732
㎡,M2,0,1,179635.26
台*月,月,0,1,179426
米,座,0,2,179160
令,批,0,6,178886.5
项,票,0,7,178784.54
EA,SET,0,2,178770
只,顶,0,15,178725.1994628906
支,m,0,10,178115.940020752
千件,kg,0,3,177705
件/包,件,0,2,177475.8984375
米,斤,0,4,177333.435546875
kg,pcs,0,2,176976
CM,个,0,1,176769.921875
颗,台,0,5,176720
船,船,1,1,176502
1 kg,碗,0,1,176491.515625
只,LE,0,2,176266
件,㎡,0,7,175908.369921875
平米,副,0,1,175282
项,项目,0,1,175000
台,千次,0,1,174824
BL,批,0,1,174725
度,Each,0,1,174446.078125
箱,CAN,0,1,174351.19
件,UN,0,4,174198.2604382324
1BT,袋,0,5,174091.1186567688
KG,式,0,4,173923.5
千包,千包,1,1,173889.5625
M,码,0,1,173791
批,扇,0,2,173577.59375
把,枚,0,5,173558
CAS,筒,0,5,173429.4990722656
片,对,0,4,173259.1199951172
m3,只,0,2,173212.3999996185
SET,千克,0,2,173024.5955810547
m,圈,0,1,172900
千瓦时,千万时,0,3,172461.0581054688
台,kWh,0,1,172443.2
位,位,1,1,172320
批,ZEA,0,1,172240
KWH,元/kwh,0,1,172181.97
M2,米,0,5,172145
个,跨,0,1,172000
锭,只,0,1,171715.5
台,配,0,1,171600
千瓦时/千伏安,度,0,1,171423.890625
副,袋,0,4,171408.7900390625
KM,吨,0,1,170867.65625
辆,EA,0,3,170576.796875
千米,pcs,0,2,170555.9937438965
项,车,0,1,170500
块,kg,0,10,170227.6891381836
立方,M2,0,1,170200.83984375
公斤,平方英尺,0,1,170000
条/4米,米,0,1,169942
千支,KPCS,0,1,169821.84375
碗,盒,0,3,169526.921875
5/包,颗,0,1,169515
KPCS,只,0,5,169355.88
CAS,个,0,8,169340.8987872315
元,1,0,2,169109.6
片,斤,0,2,169080
Ｔ,吨,0,2,169032.299987793
桶（200KG）,公斤,0,1,169000
瓶,人份,0,2,168928
kw/h,kw·h,0,1,168909.953125
加仑,磅,0,1,168480
批,趟,0,1,168202
套,船套,0,2,168120
组,桶,0,13,167878.5297485352
个,UN,0,5,167794.38109375
EA,条,0,6,167749.65625
年/台,项,0,1,167520
箱,立方米,0,2,167327.3999981689
BOX,根,0,1,167280.01
壶,壶,1,3,166964.962890625
筒,支,0,5,166833.61
M,套,0,8,166832
台,piece,0,14,166727.1208728027
千米,个,0,6,166703.9009643555
万粒,千克,0,2,166657.64
UNKNOWN,m2,0,4,165988.080078125
部/年,UNKNOWN,0,1,165895.203125
千克,千克（公斤）,0,1,165884.765625
KM,点,0,1,165672
百支,百,0,1,165630
页,个,0,1,165604
千瓦时,瓦,0,1,165444.85
PSC,根,0,1,165330
人天,UNKNOWN,0,1,165000
付,千,0,1,165000
箱(BOX),盒,0,1,164997.421875
LITER,桶,0,2,164863.96875
吨,井次,0,1,164497.07
天,元,0,1,164020
米,度,0,3,163982.97
平方,kg,0,5,163967.9899902344
1桶,桶,0,2,163878.78
pc,块,0,2,163748.3599414063
Kg,条,0,4,163738
批,ST,0,3,163706.54
件,打,0,2,163706.0490625
KG,立方米,0,1,163500
卷,m,0,9,163442.8615646362
台,个/台,0,3,163391
批,kpcs,0,1,163386.5
人份,箱,0,1,163339
条,副,0,16,163283.749987793
千克,KM,0,1,163121.4
L,套,0,6,162853.7600097656
只,平米,0,3,162723
条,平米,0,4,162695.5198046875
pc,套,0,6,162679.74
架,根,0,4,162431.5
组,GE,0,2,162107.58
年,季,0,2,161754
元,台,0,5,161604.5
平方英尺,批,0,1,161473.3125
根,立方,0,1,161467
张,节,0,1,161414
1台,个,0,2,161234
g,克,0,6,161169.77
EACH(个),包,0,1,161109
万米,万发,0,1,161000
盘,kg,0,13,160438.9300976563
1ZH,包,0,2,160341.8530273438
台,天,0,7,160322
度,KG,0,2,160287
KG,K,0,1,160082.8
EA,Piece,0,1,160008
根,吨/米,0,1,160000
扎,张,0,3,159787.3237457275
=件,套,0,1,159596
千,付,0,2,159506.9
车,项,0,1,159318
25kg/桶,桶,0,2,159250
25KG/袋,包,0,1,159036.6
元,年,0,5,158986.630546875
枚,只,0,5,158962.68078125
台,方,0,2,158932.09
箱,24听/件,0,1,158543.9375
组,柱,0,1,158230
支,罐,0,17,158005.9303417969
组件,套,0,1,157938
EN,EA,0,1,157600
1,无,0,1,157532.64
轴,m,0,1,157520
M,袋,0,1,157500
25卡片/盒,套,0,1,157500
-,台,0,10,157365
枚,把,0,3,157353.1999511719
SET,箱,0,2,157126.650390625
PCS,筒,0,10,157068.8668603516
托,件,0,2,156833.900390625
台,层,0,2,156611.1000976563
UNKNOWN,板,0,2,156382.796875
个,点,0,1,155971.3984375
K,千粒,0,1,155775.3
KM,项,0,6,155735.7998046875
公斤,G,0,4,155688.04015625
平米,册,0,1,155556.62890625
KWH,KW/H,0,1,155342.015625
千个,台,0,4,155261.6
片,天,0,2,155209
罐,辆,0,1,155199.75
穗,件,0,1,155027
笔,吨,0,1,154837.25
件,无,0,5,154744.250625
吨,m*m,0,1,154725
立方,公斤,0,6,154464.2998046875
沟,沟,1,1,154405.625
1CA,UNKNOWN,0,4,154108.1045742035
台,台,0,1,154000
KG,千件,0,2,153450.375
方,批,0,2,153441
组,盏,0,1,153430
1SA,包,0,3,153154.4496917725
kWh,支,0,1,152865.546875
t,kg,0,2,152755
KG,千克（公斤）,0,2,152614.265625
次,小时,0,4,152596
支,樘,0,2,152484.796875
WP,WP,1,1,152456
台,Pcs,0,4,152176.3765869141
千支,粒,0,1,152172
对,吨,0,3,152047
项,天,0,5,151920
枚,付,0,2,151792.5625
只,Piece,0,2,151643.8
万支,粒,0,1,151410.35
包,桶,0,22,151345.2799853516
樘,只,0,3,151335.44921875
m,千米,0,1,151080
KG,万片,0,1,151009.203125
樘,一批,0,1,150960
千根,支,0,1,150846.22
千枚,根,0,1,150514.75
单元,单元,1,2,150500
d㎡,件,0,1,150000
期,次,0,5,149851.3779296875
米,万根,0,1,149760
次,方,0,2,149498
笔,小时,0,1,149428
1ZH,套,0,2,149407.4155273438
吨,趟,0,3,149368.4915625
箱,筒,0,4,149295.7562255859
合,袋,0,2,149211.2195703125
立方米,页,0,1,149040.28125
公斤,万张,0,1,148895.921875
只,ea,0,5,148601.28625
枚,块,0,3,148598.6
ST,盒,0,1,148582.640625
套,Pcs,0,2,148581.6015625
把,箱,0,16,148413.850625
袋-60,件,0,2,148362
千,颗,0,1,148305.6015625
NR,台,0,3,148300
千米,UNKNOWN,0,2,148294
pc,支,0,3,148215.1871679687
付,千件,0,2,148163.59
项,项3,0,1,148000
发,吨,0,1,148000
台班,吨公里,0,1,147978.90625
GJ,KNm3,0,1,147411.578125
千个,批,0,2,147277.099609375
公斤,km,0,2,147194
组,L,0,1,146832
套,份,0,7,146471.12109375
915422084,桶,0,1,146181.203125
cm,块,0,1,146117.8125
PC,次,0,3,146109.259375
根,项,0,15,145946.1
瓦,KWH,0,1,145753.671875
箱(305米）,米,0,1,145708
项,批次,0,1,145400
通道,通道,1,1,145200
k,千克,0,1,145165.15625
T,百米,0,1,145120
套,GRP,0,1,145000
立方,千克,0,5,144985.43
MT,KG,0,2,144950.0029296875
吨,10m,0,1,144807
根,对,0,12,144652.25
克,PCS,0,1,144615.390625
Pieces,桶,0,1,144400.07
米,栋,0,2,144400
箱,千只,0,2,144228.4931335449
月,季度,0,1,144200
UNKNOWN,千个,0,1,144140.59375
次,盒,0,2,144095
卷,袋,0,20,144093.520250082
次,炉,0,1,144000
千件,千粒,0,2,143987.1401367188
扎,平方米,0,1,143788
千只,件,0,15,143626.4999731445
PC,pcs,0,2,143531
180KG/桶,桶,0,1,143500
袋,PCS,0,7,143363.4885375976
票箱,项,0,1,143070
根,1,0,1,142600
ZHI,只,0,1,142500.291015625
Kpcs,Kpcs,1,1,142443
千套,个,0,3,142416
粒,节,0,12,142359.5483970642
卷,双,0,9,142346.46953125
UNKNOWN,一批,0,1,142268.06
吨,间,0,3,142160
kw/h,元/度,0,1,141869
桶,份,0,3,141808
只,打,0,2,141740
具,十只一组,0,1,141570
套,路,0,5,141530.79
款,本,0,1,141433.3
瓶,米,0,13,141379.4200976563
KWh,UNKNOWN,0,1,141010.625
个,set,0,18,140794.2608215332
1kg,瓶,0,2,140700
T,M2,0,1,140354.81
组,副架,0,1,140200
只,PC/1,0,1,140140
吨钢,吨,0,1,140036.7734375
桶,条,0,10,140000.3996582031
张,面,0,3,139900
计费吨-W/M,吨,0,1,139536
平方米,PC,0,7,139404.0515625
15公斤/桶,箱,0,1,139300
门,门,1,1,138960
公斤,500ml,0,6,138778
架,只,0,6,138776.9803771973
扇,扇,1,3,138750.01
㎡,处,0,1,138600
项,车次,0,1,138465
千粒,K,0,2,138345
其他,年,0,1,138296
PC,项,0,3,138280
CA,个,0,2,138089
粒,片,0,3,137950.3199609375
节,对,0,2,137946
粒,P,0,1,137914.49
KG,千粒,0,1,137879.25
24支/箱,支,0,2,137764.01
台,屏,0,1,137762.9
kg,架,0,1,137674.44
项,m2,0,3,137168.53125
PAA,PCS,0,1,136804.375
本,项,0,7,136637
m3,块,0,2,136547.19921875
千,pcs,0,1,136423.55
吨,啊,0,1,135906.06
套,斤,0,3,135896.5
套,吨钢,0,1,135720
桶 .,桶,0,1,135696.4016113281
每一个,件,0,2,135665
筒,米,0,1,135576
千件,百,0,1,135526.943359375
次,piece,0,1,135468
卷,令,0,5,135366.75
行,次,0,1,135326.265625
ku,瓶,0,1,135202
工业量公斤,吨,0,1,135184.5
辆,项,0,2,135152
件数,米,0,1,134966.44
匹,匹,1,3,134903.140625
张,m,0,4,134876
把,付,0,16,134868.1800292969
双,只,0,25,134817.5999136352
Kg,GG,0,1,134682.95
桶,听,0,10,134654.35
小时,小时,1,2,134545
4L/瓶,瓶,0,1,134506
台 .,个,0,4,134361.91015625
层,台,0,2,134310
公斤,盘,0,15,134221.4397644043
万只,瓶,0,2,134137.88
颗,度,0,1,134078.720703125
千片,个,0,3,134016.9693359375
打,片,0,1,133906
个/台,台,0,3,133730
点,台,0,2,133440
条线,条线,1,1,133400
千克,台机,0,1,133380
度,KM,0,1,133212.984375
米,粒,0,3,132869.9200195312
户,平方米,0,1,132840
位,个,0,2,132778
罐,KG,0,11,132613.4799414062
卷,万片,0,1,132441.703125
只,捆,0,4,132196.43890625
樘,台,0,5,132193.0200195313
幅,套,0,12,132102.33984375
千瓦时,片,0,2,131897.11
元/吨,UNKNOWN,0,1,131873.953125
件,床,0,6,131868.048828125
PCS,M,0,6,131856.2807617188
卷,项,0,10,131783.24
M,根,0,11,131126.6305465698
座,UNKNOWN,0,2,131000
条,只/件/个,0,1,130948.4
M,UNKNOWN,0,11,130887.8404296875
1BA,只,0,5,130825.2802734375
包,听,0,2,130730.03
份,支,0,3,130680
平,平米,0,2,130661.1
组,m,0,2,130645.5390625
m3,kg,0,2,130540.578125
PK,卷,0,1,130302.6
1TG,桶,0,4,130284.6031494141
包,托,0,1,130200
百副,盒,0,1,130000
台（套）,次,0,1,130000
套,kkW.h,0,1,129820
吨,盘,0,10,129696.4699707031
吨,代,0,3,129687.0078125
箱,V76,0,1,129625.91015625
m2,T,0,1,129617.1796875
UNKNOWN,樘,0,2,129100
台,KWH,0,4,129031.51875
台/套,条,0,1,129020
山东省,辆,0,1,129000
千只,盒,0,1,128963.46875
卷,毫米,0,1,128817
M3,张,0,1,128751.62
次,EA.,0,1,128400
缸付,台,0,1,128289.6328125
Y,个,0,2,128270.6999969482
包,米,0,30,128245.9701855469
m,张,0,4,128220
张,付,0,5,128206.1198046875
千吨,吨,0,1,128101.4765625
份,月,0,3,128099.9
把,kg,0,18,127878.799987793
粒,千个,0,1,127727.58
箱,1瓶,0,1,127596.51
升,米,0,2,127483.08375
瓶,EA,0,20,127449.7298459625
208L/桶,桶,0,1,127410
台/年,台/年,1,2,127389.62
块,份,0,2,127243.2015625
g,个,0,1,127200
G,PCS,0,1,127200
pcs,付,0,2,127042.77
个,听,0,8,126638.3001953125
万支,吨,0,2,126455
pc,ZH,0,1,126453.2470703125
粒,set,0,1,126388.1875
平方,EA,0,2,126245.5
1 桶,桶,0,1,126068.796875
小时,PU,0,1,126060
块,条/块,0,1,126019.36
平米,度,0,1,126013.203125
T,支,0,6,125878.299987793
罗,米,0,1,125829.56
万米,卷,0,1,125826
公斤,万片,0,2,125617
百,PCS,0,1,125452.34
打,公斤,0,3,125297.4609375
公里,套,0,4,125197
套,BAR,0,3,125088.380859375
套,100PC,0,1,124955.84375
台,H,0,1,124805.6
千支,PCS,0,5,124758.0482015991
提,卷,0,8,124669.2005859375
1CA,桶,0,1,124589.703125
次,米,0,8,124560.2915380859
立方米,组,0,2,124460
个,千支,0,3,124458.4390625
条,平方英尺,0,3,124417
Piece,台,0,2,124366
把,颗,0,6,124299.9
片,KUA,0,1,124229
节,台份,0,1,124000
本,块,0,2,123988
set,台,0,5,123959.48
M2,平方,0,1,123827.6015625
GJ,UNKNOWN,0,1,123820
pcs,双,0,3,123748.5599511719
千克,Pcs,0,1,123658.91
吨,piece,0,1,123632.171875
桶,公升,0,4,123534.3703613281
1,张,0,2,123525.9
筒,套,0,4,123515.9500006866
月,小时,0,1,123480
宗,批,0,1,123370
次,m2,0,1,123050.95
只,EACH,0,4,122970.1199951172
g,KG,0,1,122580.65
次,EA,0,8,122474
EACH（个）,根,0,1,122410.03
袋,杯,0,7,122069.6643371582
棵,套,0,4,121823.609375
双,CA,0,1,121750
BX,瓶,0,2,121456.0035400391
pcs,PCE,0,1,121329.6
千米,箱,0,2,121230.4699707031
万只,坛,0,1,121108.4
箱,式,0,3,120864.19921875
1PC,盒,0,8,120769.0490676117
项,小时,0,2,120667.06
千瓦时,pcs,0,1,120650
平方米,元,0,1,120595.123046875
瓶,96T,0,1,120400
项,SET,0,2,120149.5200195313
年,航次,0,1,120000
年,亩,0,1,120000
kg,平方英尺,0,1,120000
S,UNKNOWN,0,1,120000
60000,UNKNOWN,0,1,120000
件,部,0,2,119935.64
吨,2500ml,0,1,119754
PC,M,0,2,119643.1595458984
平米,PC,0,2,119586.4800036621
盒,本,0,30,119476.950561676
轴,1km,0,1,119350
立方米,双,0,4,119306
UNKNOWN,碗,0,2,119108
个,其他,0,1,119000
届,项,0,1,118972
Pc,SET,0,1,118844.85
件,排,0,2,118697.9984436035
根,节,0,1,118660
万个,万粒,0,1,118655
张,M3,0,1,118571.6171875
根,U,0,1,118528.38
KWH,米,0,1,118367.3
kg,千只,0,2,118291.5
万条,支,0,1,118273.2
M3,片,0,1,118255
吨,each,0,2,118034
千,台,0,2,117979
BAG,件,0,2,117924.2001037598
只,月,0,8,117747.6215820313
捆,条,0,7,117682.080078125
米,英尺,0,2,117490.1799926758
枚,根,0,3,117450.2802734375
件12,支,0,1,117351.5
米,Piece,0,1,117280.796875
路,套,0,6,117097
片,pc,0,4,117068.750234375
打,千个,0,1,117037.2109375
期,个,0,4,116981.4609375
千件,粒,0,2,116917.31
笔,票,0,1,116863.18
m,个,0,9,116790.5806554031
吨(t),吨（t）,0,1,116638.703125
1ZH,瓶,0,4,116472.421081543
车,吨/公里,0,1,116400
成套,列,0,1,116394
公里,只,0,3,116299.66875
辆,本,0,1,116200
长沙市,辆,0,1,116077
个,路,0,5,115899
刀,件,0,2,115866.8
台,段,0,1,115798
例,盒,0,1,115712.5
吨,Km3,0,1,115666.2
M,盘,0,8,115557.16015625
组,PCS,0,8,115386.9701171875
台,工位,0,1,115200
套,环,0,1,115190
批,对,0,4,115115.2399511719
KG,千克(公斤),0,2,115074
㎡,支,0,3,115065.299987793
根,立方米,0,4,114940.6262207031
块,天,0,1,114696.01
站点,套,0,1,114539
面,组,0,2,114355.1931152344
公斤,托,0,1,114220
-,条,0,1,114040.2890625
元,批,0,3,114028.459375
sets,个,0,1,114014.5
/,项,0,1,114000
千瓦时,条,0,1,113783.97
粒,杯,0,1,113743.19921875
kg,面,0,1,113708.6
根,平米,0,5,113506.480546875
小盒,盒,0,3,113450.9601953125
Set,套,0,1,113448
立方,条,0,2,113400
支,度,0,5,113299
M2,千克,0,1,113200
台,升,0,7,113175.5
大盒,PC,0,2,113130.5720825195
根,次,0,5,113083.01953125
SH,PC,0,1,112924.7890625
万件,只,0,1,112535.76
只,听,0,6,112515.3800488281
1HE,桶,0,1,112273.16015625
期,批,0,1,112100
kg,M2,0,1,112060.8
具,公斤,0,1,112028
令,千克,0,2,112022.3999996185
㎡,ea,0,1,112000
组,SET,0,2,111950
支,KW,0,1,111840
片,克拉,0,2,111805
SET,只,0,7,111799.6093017578
双,EA,0,8,111781.751373291
式,次,0,3,111705.6
mg,人份,0,1,111658.55
千瓦时,EA,0,2,111582.822265625
令,只,0,11,111544
升,船套,0,1,111426.65625
瓶,mg,0,4,111078
pc,UNKNOWN,0,3,111056.799987793
把,粒,0,2,111048.1
UNKNOWN,元/公里,0,1,110880
组,KG,0,4,110816
码,张,0,4,110743.900390625
盒,1120g,0,1,110628
**,笔,0,1,110200
纸,吨,0,1,110147.5
罐,吨,0,3,110049.25
公升,kg,0,3,110046
kg,捆,0,8,110038.5000030518
齿,KG,0,1,110000
炉,吨,0,1,110000
只,千度,0,1,110000
顶,千克,0,3,109897
片,M2,0,1,109580
万米,件,0,1,109508
只,筒,0,11,109457.769152832
套,LE,0,2,109355
UNKNOWN,5KG,0,1,109340
千颗,个,0,1,109251
公斤,piece,0,2,109012.1596679688
升,张,0,1,108961.2
KG,KGM,0,1,108960
UNKNOWN,2Lx2桶/箱,0,1,108804.54
个,千米,0,8,108680.8999511719
轴,件,0,1,108414.2
台,单元,0,4,108330
平方,台（套）,0,1,108300
位,批,0,2,108100
百米,m,0,2,107993.06
套年,套年,1,1,107939.52
千只,袋,0,1,107595
Wp,块,0,1,107589.6
支,1,0,3,107300
副(pr),双,0,1,107078
套年,UNKNOWN,0,3,106961
14kg/罐,公斤,0,1,106889.12
加仑,箱,0,4,106858.16
月,度,0,3,106800.2001953125
株,UNKNOWN,0,1,106700
箱,加仑,0,1,106577.34375
其他,人,0,1,106470
立方,副,0,1,106440.7421875
吨,屉,0,1,106365.4
台(Pcs),个,0,3,106360.1108007812
对米,套,0,1,106184.4
对,块,0,4,106150
平方厘米,平方厘米,1,1,106000
M2,KG,0,2,105813.171875
平方厘米,个,0,4,105570.4607617187
船套,件,0,1,105470.78125
度,次,0,1,105465
平,支,0,1,105000
公斤,千粒,0,1,104903.9609375
套,吨(MT),0,3,104817.7001953125
箱,月,0,3,104784.4000244141
碗,袋,0,1,104732.7421875
台,间,0,4,104700
次,场,0,4,104588.80078125
盏,件,0,8,104546.3793945313
笔,台,0,6,104496.299987793
根,piece,0,4,104488.4400610352
米/只,米/只,1,1,104307.06
副,平方,0,4,104120
㎡,次,0,1,103901.1
个,Kit,0,1,103815
颗,pc,0,1,103706.08
PCE,张,0,1,103680
贴,套,0,1,103670
KWH,KWh,0,1,103543.2265625
人天,年,0,1,103500
个,pc,0,8,103483.95
盘,具,0,1,103231.5
万粒,万,0,1,103210
平方米,场,0,1,103200
箱,辆,0,3,103194.48
I64,Y43,0,1,103172.97
片,桶,0,5,103140.25
卷,m3,0,1,102940.7734375
KG,立方,0,2,102915
千件,pc,0,1,102859.12
m2,m3,0,1,102760
KG,SET,0,1,102570.65
kg,10kg,0,1,102450
公斤,750g/dr,0,1,102340
件条,件,0,1,102226.921875
万只,米,0,1,102100
吨,打,0,3,101924.8799804687
台,KM,0,2,101857
只,SETS,0,1,101798.3984375
YDS,KG,0,1,101695.41796875
公斤,SET,0,3,101646
万支,张,0,1,101524
kh,个,0,1,101523
kWh,Kwh,0,1,101504.9375
公斤,对,0,3,101419.9
顶,把,0,3,101088.38
袋,卷,0,27,101074.9999318313
升,10*2ml/包,0,1,101000
KWh,只,0,1,100972
立方米,元,0,2,100861.80078125
吨,缸,0,1,100800
批,船套,0,1,100778
KM,圈,0,3,100733.400390625
扎,卷,0,10,100667.3799414063
CAS,卷,0,5,100565.6699951172
盒 .,盒,0,4,100484.0000104904
套,色,0,1,100400
条,捆,0,7,100308.501328125
m,㎡,0,1,100307
支,Kg,0,10,100299.7799511719
册,个,0,6,100242.4790344238
瓶,PC,0,6,100234.7800585938
片,柱,0,1,100219
式,根,0,1,100200
kg,罐,0,11,100188.500012207
立方厘米,千克,0,1,100096.4921875
桶,毫升,0,1,100080
千个,UNKNOWN,0,2,100069.85
m3,?,0,1,100000
EA,艘,0,1,100000
吨,十亿,0,1,100000
相,套,0,1,100000
支,扇,0,1,100000
码,平方,0,1,100000
车,m3,0,1,99900
ST,平方米,0,1,99600
套,PI,0,1,99548
批,m,0,2,99523.609375
台,定制,0,1,99500
件,匹,0,1,99226
kwh,笔,0,1,99194
t,支,0,1,99180
张,台湾黑网+SE178-01,0,1,99154
瓦,件,0,1,99000
份,袋,0,6,98989.05998779298
KG,TAI,0,1,98984.48
1HE,袋,0,13,98966.54031921386
面,顶,0,1,98860
卷,piece,0,5,98639.98062461852
盘,根,0,21,98283.90985717773
台/套,次,0,2,98235
项,箱,0,2,98198.32000000001
1,年,0,1,98000
件*1桶,件,0,1,98000
箱,代,0,6,97845.64011764526
块,月,0,2,97771
块,捆,0,5,97540.74019531249
具,支,0,5,97358.20001220703
L,批,0,1,97350.87
套,人份,0,2,97240
kwh,KW,0,1,97198.921875
粒,吨,0,1,97152
件,TAI,0,1,97110
千瓦时,支,0,1,97109.77
袋,T,0,1,97000
24瓶/箱,支,0,1,96976
平方米,包,0,12,96871.78076171875
加仑,组,0,1,96795
盒,1,0,1,96782.3984375
1 批,1瓶,0,5,96750.95115375519
例,次,0,1,96576
米,JUN,0,1,96556.0625
万只,万个,0,1,96240.5
节,件,0,7,96120.60009765625
1BA,卷,0,2,96111.83203125
片,克,0,2,96078.1201171875
双,顶,0,2,96054.296875
千套,台,0,1,96045
BL,柜,0,1,96039.8
立方米,位,0,1,96000
T,包,0,1,95992
米,m3,0,2,95986.7998046875
合,个,0,12,95636.34042968749
千瓦时,吨,0,2,95425.44995117188
PAC,片,0,1,95402
ct,片,0,1,95350
UNKNOWN,月/平米,0,1,95300
套,幅,0,7,95293
2瓶,瓶,0,1,95244.3203125
平方,KG,0,2,95172.5
套,PAA,0,3,95013.33
万粒,吨,0,2,95006.05078125
台,瓦,0,1,95000
盘,批,0,6,94953.59999999999
支,双,0,4,94868.31134033203
个,1盒,0,1,94787.52
KG,千套,0,1,94785
平方厘米,PCS,0,1,94729.83
圈,组,0,1,94600
PCS,间隔,0,1,94409.92
公斤,面,0,4,94345.39999999999
部,辆,0,2,94278
令,台,0,1,94274.5
A,卷,0,2,94040
付,1,0,1,94000
千克,公升,0,1,93975.75
立方,组,0,3,93790
1 提,提,0,1,93770.75
张,幅,0,3,93768.780078125
组,把,0,8,93750.39038085938
台,跟,0,1,93660
课时,人,0,1,93600
大包,批,0,2,93387.82999999999
砘,吨,0,1,93380
具,EA,0,3,93158
万枚,个,0,1,93044
块,双,0,6,92994.25
百立,台,0,1,92893.12
瓶,塑瓶,0,2,92871
副,支,0,9,92824.83083496094
元/平方米,元/平方米,1,1,92500
.,元,0,1,92394.71875
1CA,盒,0,4,92345.2890625
五百克,桶,0,1,92337.5
/次,UNKNOWN,0,1,92290
km,PCS,0,1,92284.5
无,个,0,4,92214.12
支,公升,0,2,92167.87
枚,EA,0,2,92124.079921875
只,罐,0,4,91982.2734375
KG,本,0,3,91870
支,KIT,0,1,91800
克,百米,0,1,91681
套,通道,0,1,91500
码,SF,0,1,91383.11
千件,k,0,1,91372.86
支,EACH,0,1,91346.759765625
12盒,盒,0,1,91142.3984375
只,排,0,1,91110
桶,米,0,12,91102.7
床,批,0,1,90820
顶,片,0,1,90818.84375
千克,对,0,2,90750
Each,瓶,0,7,90679.80993988038
寸,个,0,2,90614.296875
个,口,0,2,90537.97998046875
KAR,件,0,2,90526
KG,m,0,4,90457.61962890625
吨,团,0,2,90442.73828125
包,立方米,0,2,90372
100米/件,米,0,1,90290.5234375
万,千克,0,1,90151.39999999999
*,平方米,0,1,90045.1171875
千克,一批,0,1,90027.89999999999
L,立方米,0,1,89573.60000000001
座,只,0,1,89549.46000000001
次,平米,0,3,89434
㎡,节,0,1,89276.39999999999
管,桶,0,1,89230.5
1 批,1袋,0,10,89195.44205665588
项,支,0,3,88909
幅,副,0,8,88895
人份,套,0,2,88882
人,项,0,5,88876
罐,台,0,5,88863.17990234375
条,部,0,1,88660
吨,万千焦,0,1,88592.78999999999
本,pcs,0,2,88589
托,个,0,1,88550
桶,1,0,1,88503
kwh,无,0,1,88206.5078125
1套/件,UNKNOWN,0,1,88131.60000000001
付,Kg,0,2,88104
KW,台,0,1,88000
吨,1,0,2,87998.3
张,桶,0,6,87936.5
条,对,0,14,87823.19995117188
J,桶,0,1,87808
匹,批,0,1,87800
副,PC,0,4,87799.9375
米,幅,0,4,87658.77954101563
件12,件12,1,1,87647.203125
听,厅,0,1,87642.703125
百米,盘,0,4,87585.11972656249
腔,腔,1,1,87400
本,EA,0,7,87285.86019531249
箱,BOX,0,4,87262.5
吨,元/公斤,0,2,87095
m,批,0,3,87003.639375
套,万粒,0,2,86925.356875
月,车,0,2,86901.0671875
万粒,批,0,2,86894
件,码,0,2,86889.296875
千,套,0,9,86858
箱,1000米/箱,0,1,86760.046875
袋,台,0,13,86677.02046874999
间,台,0,1,86422
卷,km,0,3,86400
户,批,0,2,86304.640625
柱,个,0,3,86284.75999832153
支,十,0,1,86067.3193359375
916878828,UNKNOWN,0,1,86000
场,套,0,2,85870
kg,千件,0,3,85819.79999999999
175,件,0,1,85804.15963745117
张,延米,0,2,85730
单,吨,0,1,85720
立方米,桶,0,1,85689.6328125
条,1,0,4,85678
30包/件,12包/件,0,1,85644
桶,卷,0,12,85635.00993164063
套,aa,0,1,85585
1,月,0,2,85431.39999999999
公斤,扇,0,1,85300
块,幅,0,1,85249.0078125
PI,千瓦时,0,1,85231
瓦,度,0,2,85035.4990234375
盏,UNKNOWN,0,1,84980
打,付,0,1,84850
吨,Ｔ,0,1,84736.203125
平方英寸,平方厘米,0,1,84660
双(pr),套,0,1,84443.53999999999
把,卷,0,19,84211.68000610352
车付,套,0,1,84010
台,25%,0,1,84000
扇,台,0,4,83666
t,片,0,1,83642
元/平方米,季,0,1,83580
令,公斤,0,5,83529.80004882813
批,架,0,1,83500
站,UNKNOWN,0,1,83250
模,台,0,1,83211.52
200米/箱,卷,0,2,83206
笔,只,0,2,83006.5
FU,张,0,1,82812.71875
件,千个,0,2,82794.75
卷,组,0,9,82757.63999633789
双,枚,0,1,82593
马力小时,吨,0,1,82564.32000000001
PCE,个,0,5,82411.8
盒,set,0,5,82383.06
箱,圈,0,3,82341.599609375
对米,对米,1,3,82206.85078125
套,排,0,2,82206.25
套,绽,0,1,82052
根,set,0,2,81924
千克,万粒,0,1,81900
份,只,0,5,81887
吨,(PCS),0,1,81879.60000000001
公斤.,KG,0,1,81800
公升,套,0,1,81650
kwh,支,0,1,81640.14999999999
支,㎡,0,5,81558.74086425781
床,片,0,1,81511
ZI,ZI,1,1,81374
千个,公斤,0,1,81286
听,L,0,2,81205.578125
A米,A米,1,1,81168.84375
高桶,公斤,0,1,81016
平方,副,0,1,81000
贴,贴,1,2,80970.8984375
个,m2,0,8,80901.36
通道,台,0,2,80840
套,千个,0,3,80758.79174804688
㎡,块,0,3,80712
单,台,0,2,80655.94
吨,千克（公斤）,0,1,80647.7265625
斤,500g,0,3,80539.33000183105
916183709,UNKNOWN,0,1,80409.82000000001
趟,次,0,2,80400
公斤,对开张,0,1,80298
万粒,把,0,1,80236.53125
个,Kg,0,7,80113.3984375
天,件,0,1,80040
套(项),项,0,1,80000
*,吨,0,1,80000
市斤,kg,0,1,80000
吨,年,0,1,80000
UNKNOWN,套年,0,1,80000
巴,EA,0,1,79960
2500u,瓶,0,1,79871
卷,FOOT,0,1,79692.71875
booklet,吨,0,1,79645
个,kpcs,0,1,79632
片,辆,0,3,79622.47998046875
代,袋,0,5,79613.96752929688
加仑,片,0,2,79572
UNKNOWN,.,0,1,79530
桶,平米,0,2,79424
套件,个,0,1,79421.03
副,包,0,11,79388.95021629333
KG,筒,0,2,79386.88999938965
组 .,吨,0,1,79383.70999999999
P,PCS,0,1,79234
块,年,0,1,79010
18.9升,罐,0,1,79003.796875
项次,项,0,1,79000
pcs,贴,0,1,79000
片,架,0,2,78835.88
公斤,扎,0,2,78692.96994140625
具,UNKNOWN,0,8,78679.8291015625
㎡,公斤,0,1,78670
只,千米,0,2,78543.85000000001
UNKNOWN,**,0,2,78400
克拉,把,0,1,78300
瓶 .,瓶,0,13,78188.46921100616
㎡,平,0,2,78125.5703125
盒,平方米,0,4,78100
吨,条块结合,0,1,78000
SET,set,0,5,77893.31103515625
批,立方,0,1,77800
杯,瓶,0,4,77759.88922119141
箱,O02,0,1,77668.71875
kg,元,0,2,77639.60009765625
M337,支,0,1,77625
台,幅,0,9,77604
台,粒,0,6,77509
米,桶,0,9,77503.0798046875
盘,、只,0,1,77480
款,千克,0,1,77233
UNKNOWN,base,0,1,77192.1015625
只,巴,0,9,77185
1PC,台,0,4,77178.82160186768
桶,次,0,5,77130
㎡,立方米,0,2,77080.5
板,万张,0,1,77050
件,令,0,4,77026.779296875
公斤,捆,0,11,77008.80859375
平方,辆,0,2,76834.8
桶,加仑,0,1,76610
T,盒,0,2,76375
件,SA,0,1,76350.5
m2,件,0,3,76220
付,PC,0,4,76196.78875732422
间,间/夜,0,1,76021
公斤,Pcs,0,1,76009.9765625
m2,个,0,5,76005.98000030518
Kft,米,0,1,75900
吨/天,吨/天,1,1,75825.89999999999
盒,平方,0,2,75758.03125
组,平方米,0,5,75675
BOX,件,0,1,75670
台,本,0,24,75632.90019714355
12支/箱,瓶,0,3,75373.7998046875
台/件,只,0,1,75110
双,M2,0,1,75103.71875
箱,ROLL,0,1,75100
面,UNKNOWN,0,3,75088.5498046875
台,罐,0,9,75071.77859375
kg,m2,0,1,75000
壶,瓶,0,7,74995
把,架,0,6,74838.55
件,百粒,0,1,74807.650390625
pcs,颗,0,1,74800
双,张,0,3,74723.400390625
套,個,0,3,74679.03125
套,身,0,2,74555
箱,节,0,7,74547.70194244385
块,元/千千瓦时,0,1,74510
升,月,0,1,74481.40625
吨(t),张,0,1,74360
盘,袋,0,3,74180.67999023438
件,只.,0,1,74048
单元,台,0,3,73980
台,支(台),0,2,73936.19921875
项,公斤,0,5,73859.48995117187
串,公斤,0,1,73800
条,幅,0,2,73795
元,度,0,1,73792.8125
箱,轴,0,2,73690
只,床,0,4,73604.48007812499
EA,床,0,3,73550.99000000001
1DA,打,0,4,73462.17023620606
份,片,0,2,73439.45
1HE,UNKNOWN,0,12,73426.23995161057
件,盏,0,3,73377
米,Kg,0,4,73340.13000488281
卡,件,0,9,73296.7595121765
BAG,桶,0,1,73226.46875
kWh,月,0,1,73207.15625
PCS,Kg,0,3,73086.240234375
盘,公斤,0,13,73084.11164550782
万片,kg,0,1,73008
罐,只,0,6,73002.20153808594
千,千个,0,1,72735
串,根,0,2,72560
套,升,0,2,72295
千支,万只,0,1,72185
件,板,0,9,72167.64071716309
箱,305米/箱,0,3,72130
kg,万只,0,1,72108
年,个,0,8,72010
件,SH,0,1,72000
个,码,0,4,71954.66015625
pcs,支,0,15,71870.00070800781
对,支,0,5,71826
提,千克,0,2,71730.47819900513
把,筒,0,2,71671.5
双,T,0,2,71576.798828125
箱,顶,0,4,71562.38000488281
把,面,0,2,71529.6015625
915588234,批,0,1,71400
每个,立方米,0,1,71355.751953125
千克,份,0,2,71354.74000549316
月,袋,0,2,71228.099609375
m,项,0,1,71224.52
M,台,0,3,71167
张,万个,0,1,71163.25
双,打,0,1,71010
升,支,0,5,70980
套,克,0,4,70917.470703125
面,只,0,3,70900
副,瓶,0,3,70862.740234375
千件,米,0,4,70856
千克,架,0,1,70800
束,束,1,1,70762.48828125
支,笔,0,1,70680
面,块,0,3,70347.75
Bag,件,0,1,70337.8203125
台套,个,0,3,70255
吨,18L/桶,0,1,70230
T,t,0,1,70200
立方,匹,0,1,70200
万只,件,0,4,70193.10032653809
件,kwh,0,1,70116
件,套/件,0,1,70000
支,小时,0,1,69906.25
坛,批,0,1,69892
ea,瓶,0,2,69856.5
袋,块,0,14,69850.32931091308
辆,量,0,1,69800
元,个,0,2,69762.51171875
W,批,0,1,69712.5
BAG,个,0,7,69709.5791015625
包,项,0,4,69628
箱,/,0,1,69560
小时,副,0,1,69520
点/年,次,0,2,69320
付,包,0,15,69251.17999267578
双,月,0,2,69128.740234375
立方米,人,0,1,69064
Km,卷,0,1,69047.37109375
米,缸,0,5,68850.12890625
柱,栓,0,1,68820
年,-,0,1,68800
块,m,0,4,68579.74993164062
ge,台,0,2,68456.5
方,月,0,1,68339.25
m,块,0,4,68254.40000915527
米,YD,0,1,68182.75
PC,张,0,1,68103
Pcs,套,0,7,68063.49000000001
箱,托盒,0,1,68040
SET,支,0,3,68026.42
本,盒,0,32,68005.16002685546
台,只/吨,0,1,68000
200L,吨,0,1,68000
五百克,瓶,0,1,68000
1PC,套,0,14,67990.14092754365
条,刀,0,1,67967.14000000001
卷,册,0,1,67960
副,米,0,5,67907.400390625
只,樘,0,5,67790
支,节,0,8,67789.63989257813
盏,批,0,2,67485
副,立方米,0,1,67375
箱,60g,0,1,67321.0390625
斤,桶,0,1,67200
件,筒,0,4,67110.95156097412
千瓦时,千/瓦时,0,1,67068.859375
G,只,0,1,67000
座,件,0,1,66960
箱,箱/305M,0,1,66860
kpcs,包,0,1,66771.9921875
kg,代,0,3,66700
KM,对,0,1,66458.640625
Kg,卷,0,3,66372.76000976563
箱,盘,0,11,66254.69921875
g,G,0,1,66200
个,SE,0,2,66086
PI,台,0,1,66040
袋,份,0,14,66018.17078125
桶,磅,0,1,66000
头,件,0,1,66000
台,UP,0,1,66000
㎡,组,0,2,65960
Kg,桶,0,13,65798.23982177734
盒,贴,0,2,65675
KG,打,0,2,65661.98046875
平方米,页,0,1,65610
合,件,0,7,65587.87006835938
本,台,0,18,65573.79000011444
KM,KG,0,2,65573.279296875
次,根,0,5,65551.99999847412
条/块,条/块,1,3,65509.15995025635
件/支,套,0,2,65335.46
箱,大袋,0,2,65285
drum,drum,1,1,65125.21875
次,册,0,2,65000
千瓦时,式,0,1,64851.06
卷,听,0,1,64808.48046875
次,羽,0,1,64800
平方米,PS,0,1,64755
次,批次,0,2,64747
台,瓶/次,0,2,64706.5
个/台,只,0,1,64686
千件,公斤,0,3,64543.93
25kg/包,KG,0,1,64500
个,人,0,2,64451
拾支,UNKNOWN,0,1,64440
台,扇,0,3,64428.5
台,万片,0,1,64400
套,1套,0,1,64350
双,把,0,7,64348.20001220703
张,对,0,2,64250
米,Y,0,1,64120.640625
梱,平米,0,1,64000
Kwh,台,0,1,64000
小时,台,0,2,63818
千瓦时,付,0,1,63807.99
次,--,0,1,63800
付,本,0,3,63704.34
—,次,0,1,63700
万卡,个,0,7,63675.9387512207
AL8,箱,0,1,63472
码,平方英尺,0,2,63465.6
m3,次,0,1,63439.87890625
kW·h,项,0,1,63419.75
只,部,0,1,63387
季度,平方米,0,1,63000
码,批,0,2,62741.33
瓶,颗,0,1,62593
M,只,0,9,62449.14075233459
千件,（PCS）,0,1,62395.80078125
包,piece,0,2,62353.19995117188
平米,条,0,3,62300
串,件,0,1,62280
ct,只,0,1,62280
副,对,0,8,62262.48
km,Kg,0,1,62252.05859375
公斤,ZEA,0,1,62237.9
UNKNOWN,餐,0,2,62171.28125
枚,万发,0,2,62121.8
NU,根,0,1,62000
千套,只,0,6,61951.01828125
圆罐,罐,0,1,61936.16
PAK,PAK,1,1,61902.36
平方米,册,0,1,61896.55
卷,筒,0,13,61814.79999267578
台,页,0,1,61596.48046875
条,架,0,1,61570.98828125
幅,台,0,10,61470
期,平方米,0,1,61336.80078125
元/公斤,盒,0,1,61320
W,个,0,1,61308
个,PCS.,0,1,61285
对,SET,0,2,61220
百米,条,0,3,61191.42078125
个,BX,0,1,61190
平方米,m*m*m,0,1,61059.96
1块,1块,1,1,61000
付,组,0,3,60992.810546875
EA,次,0,4,60931.85984375
把,千瓦时,0,1,60909.2
件,碗,0,2,60891.24063110352
BX,支,0,1,60836.818359375
BM,条,0,1,60797.16015625
批,床,0,2,60703.77880859375
罐,PC,0,1,60672
条,份,0,2,60600
双,PCS,0,5,60554.919921875
盒,颗,0,3,60548.06
个,m3,0,4,60467
平米,根,0,2,60463.80078125
EA,樘,0,1,60368
令,UNKNOWN,0,2,60339.2
块,升,0,1,60250
米,列,0,1,60238.5
KM,只,0,6,60225.32958984375
条,T,0,2,60110
十条,条,0,1,60098
提,批,0,2,60054.76
公斤,头,0,1,60000
项,人月,0,1,60000
批,艘,0,1,60000
元/节点,点,0,1,60000
月,台/月,0,1,60000
UNKNOWN,人/月,0,1,60000
1件,台,0,1,60000
项,颗,0,1,60000
听,公斤,0,3,59941.60864257813
千瓦时,组,0,1,59864.80078125
根,包,0,20,59788.71967224121
包(85g),袋,0,1,59747.16015625
单,无,0,2,59714.37
根,m2,0,3,59612.67
UNKNOWN,半年,0,1,59600
份,瓶,0,3,59574.1798828125
筒,袋,0,7,59497.32003463745
UNKNOWN,piece,0,1,59478.17999267578
cm3,袋,0,1,59433
只,1,0,3,59304
立方米,t,0,1,59209.5390625
M2,片,0,2,59133.769609375
炉,个,0,1,59124.37890625
个,Set,0,2,59092
件,P,0,2,59021
十支,UNKNOWN,0,1,58899.76
副,盒,0,8,58850.809765625
平米,PCS,0,3,58849.400390625
万米,万米,1,3,58781.6
令,件,0,2,58765
T,Kg,0,2,58744.99853515625
只,只/吨,0,1,58720
平方,1,0,2,58507.6
公斤,t,0,3,58483.609375
Kw.h,Kw.h,1,1,58467.8203125
件,平方英尺,0,1,58344.69921875
盘,m,0,6,58330.74996086121
缸,缸,1,2,58284
杯,只,0,1,58230.8818359375
台,无,0,1,58144.55078125
万条,条,0,1,57846
个,G,0,2,57783.77124023438
平方米,YARD,0,1,57760.48046875
公里,根,0,3,57700
大罗,只,0,1,57696
万支,盒,0,1,57600
双,PC,0,9,57573.44009277344
次,瓶,0,7,57567.44018554688
UNKNOWN,听,0,5,57527.41015625
件12,瓶,0,1,57505.6015625
千针,件,0,1,57499
千克(公斤),kg,0,1,57426.43
kg,粒,0,4,57402.650390625
条,斤,0,4,57213.2290625
项,MWh,0,1,57139.28125
套,Each,0,2,57060
台,千米,0,2,57040
项目,项,0,1,57024
吨,户,0,1,56959
千克,500ml,0,1,56935
台,日工,0,1,56921
瓶,-,0,1,56914
平方英尺,平方米,0,1,56847.33984375
cm,件,0,1,56552
吨,刀,0,1,56525
EA,KG,0,6,56508.91064453125
重箱,m2,0,1,56379.77
人份,条,0,1,56300
台,100PC,0,1,56200
个,块套,0,1,56160
次,kg,0,3,56048
km,批,0,1,56035
㎡,元,0,1,55802.52
平方,根,0,10,55794.13000976562
副,次,0,4,55721
kg,次,0,5,55716.98
ZHI,十,0,1,55694.03125
元/笔,UNKNOWN,0,2,55633
平米,m3,0,2,55579.55078125
册,盒,0,2,55579.21051025391
吨,栋,0,1,55540
瓦,米,0,1,55531.0390625
元/月/台,台,0,1,55500
项,平米,0,4,55395
根,双,0,4,55336.599609375
UNKNOWN,节,0,2,55330.80078125
Z27,Z18,0,1,55278.53125
千件,PC,0,4,55244.33995056152
辆,根,0,4,55060
百,巻,0,1,55025.7
pcs,Pcs,0,1,54998.12902832031
tao,台,0,1,54960
块,千克,0,8,54925.56994628906
台,ea,0,6,54864.86
路,米,0,1,54831
KM,条,0,3,54816.03039550781
UNT,件,0,1,54710.3984375
件,TAO,0,3,54614.73046875
件,季度,0,1,54611.2
kwh,辆,0,1,54497.52
吨,5kg,0,1,54450
捆,张,0,2,54228
万卡,卡,0,5,54145.29016113281
袋,Kg,0,4,54115
平方米,捆,0,2,54079.2
张,斤,0,2,54018.279296875
间,套,0,1,54000
瓶,把,0,17,53834.6800856781
米,克,0,2,53807.99853515625
盏,EA,0,1,53747.4609375
UNKNOWN,顶,0,4,53721.27001953125
GJ,t,0,1,53705.9609375
?,吨,0,1,53592
颗,公斤,0,1,53434.08
PCS,付,0,11,53419.61907470704
例,组,0,1,53356
UNKNOWN,K,0,1,53304
L,KG,0,4,53274
套3,件,0,1,53087.16015625
ZEA,ZEA,1,3,53038.1201171875
顿,吨,0,1,53000
桶13KG,桶,0,1,52960
平方厘米,只,0,2,52874.69848632813
克,条,0,1,52860
根,袋,0,10,52824.38009773254
元/年,吨,0,1,52800
季度,天,0,1,52714
拾,张,0,2,52691.21002197266
印张,只,0,1,52676
组,副,0,5,52561.36
瓶/1.75,瓶,0,1,52500
瓶,代,0,4,52471.19999694824
箱,千米,0,1,52340
把,卡,0,3,52204.01013183594
UNKNOWN,间晚,0,1,52193.44
千件,片,0,4,52160.95971191407
170KG/桶,桶,0,1,52155
组,次,0,3,52150
盎司,瓶,0,1,52150
箱,千件,0,2,52078.3798828125
台,圈,0,4,52066
码,M2,0,1,52033.8
组/3台,UNKNOWN,0,1,52000
项,元/月,0,1,52000
CT,片,0,1,52000
段,片,0,1,51910
套,榀,0,1,51900
卷,辆,0,4,51877
条,個,0,1,51861.48
支,m3,0,1,51860
台,压力,0,1,51842.900390625
公斤,毫升,0,2,51840.5
件数,张,0,1,51840.06
立方,箱,0,1,51825
公斤(KG),箱,0,1,51782.0390625
块,T,0,1,51716.8
万支,KZ,0,1,51701.94921875
对,小时,0,1,51600
KM,跨,0,1,51480
米,千个,0,2,51470.4
门,套,0,1,51400
元,kwh,0,1,51345.53125
箱,扎,0,5,51317
吨,部,0,2,51315.19921875
对,PCS,0,5,51303.54000002146
方,T,0,1,51300
t,UNKNOWN,0,1,51290
元/公斤,UNKNOWN,0,1,51280
台,EACH,0,7,51206.59071044921
m3,平米,0,1,51148.80078125
次,-,0,1,51005.60000000001
吨,千张,0,1,51005.51171875
UNKNOWN,人天,0,1,51000
瓶,JOB,0,1,50895
斤,把,0,2,50893.76171875
件,工时,0,1,50852.33984375
套,磅,0,1,50718.5
k,PCS,0,1,50621
25升/桶,个,0,1,50600
CA,升,0,1,50544
公斤,45CM*500米/卷,0,1,50543.96875
听,个,0,8,50530
只,扇,0,5,50524.5
单,月,0,2,50386.19
卷,把,0,16,50343.50053581238
kit,瓶,0,1,50340
袋(Pcs),UNKNOWN,0,2,50254.14007091522
米,KGS,0,1,50229.58984375
只,SET,0,6,50103.84010253906
季,天,0,1,50100
盒,枚,0,7,50058.80039215088
桶,块,0,6,50026.19042053223
件,AU,0,2,50009.16015625
台,千个,0,1,50000
组,棵,0,1,50000
年,M2,0,1,50000
.,次,0,1,50000
1,元,0,1,50000
1瓶,批,0,1,49958.70078086853
瓶,*,0,1,49944
合,万粒,0,1,49940
用户,次,0,1,49887.5
件,1台,0,2,49789
斤,只,0,3,49739.56083984375
双,根,0,5,49722.80030822754
行,项,0,1,49664
PC,吨*公里,0,1,49608
公里,m,0,1,49600
人/次,季,0,1,49600
FU,对,0,1,49600
码,卷,0,3,49587.59924316406
套,匹,0,2,49511
公里,kg,0,1,49435.41015625
SET,间/晚,0,1,49432.5
件,平方毫米,0,1,49384
公斤,加仑,0,2,49302.6396484375
格,套,0,1,49280
袋-60,条,0,1,49195.19921875
袋,根,0,13,49102.37000020981
pcs,令,0,1,49098.16015625
PCS,节,0,5,49096.39
顶,包,0,8,49086.99999809265
其他,台,0,1,49000
立方,车,0,1,48984
项,页,0,1,48900
件,合,0,6,48892.37
次,家,0,1,48840
12个/箱,盒,0,1,48800.03
块,单元,0,2,48800
M2,枚,0,1,48760
宗,宗,1,2,48700
条,pcs,0,9,48618.26953125
条,次,0,3,48610
kg,百米,0,1,48600
万千瓦时,兆瓦时,0,1,48574.5
米,N立方米,0,1,48480
年,瓶组,0,1,48450
捆,只,0,5,48388.90986328125
UNKNOWN,间夜,0,1,48387.64999999999
件,500毫升*12瓶/件,0,1,48363.73095703125
TAI,根,0,1,48360
组,式,0,2,48205
双,圈,0,2,48192
KWH,套,0,2,48171.10000610352
㎡,M*M,0,1,48152.5
桶,付,0,2,48149.3203125
件,代,0,4,48059
支,壶,0,1,48000
吨,4,0,1,47900
盘,KG,0,6,47884.08955078125
板,支,0,7,47879.89990234375
17kg/罐,kg,0,1,47849.2
U,公斤,0,1,47844.9296875
kg,节,0,1,47800
排,件,0,2,47738.90002441406
件,箱*,0,1,47733.640625
瓶,筒,0,3,47716
PC,月,0,1,47604.8984375
千瓦时,床,0,1,47604
期,件,0,2,47600.030234375
张,Y,0,1,47600
把,一批,0,1,47505
件,天,0,3,47500
元,件,0,1,47482.4
pcs,张,0,2,47429
套,BX,0,1,47402.62109375
个,斤,0,15,47377.81937728882
付,KG,0,7,47270.14022827148
度,项,0,1,47247.77978515625
片,M,0,3,47099.16845703125
提,个,0,8,47025.05999832154
lbs,套,0,1,46900
板,件,0,2,46896
千条,套,0,4,46889.7
千只,万只,0,1,46880.63
件,艘,0,2,46860
次,人年,0,1,46800
包,升,0,1,46612.8
km,KPCS,0,1,46597.25
米,宗,0,2,46570
CAR,包,0,2,46552.42
圈,箱,0,3,46540
批,KW,0,1,46421
页,项,0,1,46200
支,月,0,1,46102.7890625
支,set,0,4,46078.5599937439
千米,km,0,2,46032.30008789062
枚,万枚,0,1,46025
单,票,0,1,46001
unit,盒,0,1,45970.001953125
G,g,0,1,45933.6015625
杯,盒,0,4,45928.75996704101
箱,M,0,4,45907.99
P,个,0,3,45812.9806640625
台,千件,0,2,45775
件(1*100),瓶,0,2,45714.16
平方米,千只,0,1,45713.2890625
面积,月,0,1,45659.6015625
宗,场,0,1,45550
支,并,0,4,45544.44
TAI,EA,0,1,45489.6
立方米,PC,0,4,45404.57080078125
EA,卷,0,3,45235.3
瓶(Pcs),个,0,7,45140.92059898376
批,幅,0,1,45125.66015625
W,KW,0,1,45122
SET,对,0,1,45120
T83,件,0,1,45091.52
台,1副/袋,0,1,45000
吨/元,吨,0,1,44986.25
千支,千克,0,2,44961.53994140625
颗,支,0,3,44953.62
千支,箱,0,2,44950.2
次,公斤,0,4,44950
组,条,0,6,44888.30004882813
张,PS,0,1,44880
尺,个,0,1,44822
戈,平方米,0,1,44820
个,个，套,0,1,44794
Kg,粒,0,1,44720
万只,张,0,1,44715
份,元,0,2,44640.87
pc,只,0,3,44640.35
L*750*800,台,0,1,44560
批,Kg,0,5,44471.26000976563
瓶 .,组,0,2,44458.9990234375
15瓶箱,UNKNOWN,0,1,44410.6484375
ff,项,0,1,44400
立方,次,0,1,44400
单,年,0,1,44400
瓶(听),件,0,1,44268
吨,吨/桶,0,1,44116
件,册,0,1,44104.3203125
台,BOX,0,1,44100
套,公斤（千克）,0,2,44068.6015625
台,口,0,1,44051.16015625
条,每一个,0,1,44006
批,半年,0,1,44000
项,12月,0,1,44000
0.33套,套,0,1,44000
克,瓶,0,5,43856.36
基,公斤,0,1,43848.99096679688
百个,套,0,5,43839.59000183106
次,天,0,6,43839.59
kW·h,Kw.h,0,1,43755.6015625
批,千个,0,3,43750
包,㎡,0,1,43737
辆,米,0,2,43688
每一个,瓶,0,2,43678.60000610352
PC,㎡,0,1,43638
块,扇,0,1,43635
条,桶,0,4,43600
包,付,0,20,43591.76002197266
扎,双,0,1,43507.2
副,EA,0,6,43463.72927246094
Kg,块,0,3,43429.8203125
整套,套,0,2,43380
千个,千克,0,2,43315.919921875
张,月,0,3,43314.99
个,刀,0,2,43290.53999999999
—,批,0,1,43254.67
件,個,0,1,43203.80859375
块,甁,0,1,43200
双,床,0,1,43200
个,km,0,1,43071.85
ST,台,0,3,43058.76
箱,立方,0,2,43056.69
个,GRP,0,1,43030
kg,50kg,0,1,42990
只,m2,0,2,42974.05
kWh,件,0,1,42927.87109375
捆,KG,0,3,42891.27
1TO,UNKNOWN,0,10,42829.25911712646
英寸,件,0,2,42780
40'箱数,UNKNOWN,0,1,42686
1,榀,0,1,42658
pc,PCE,0,1,42610.78
SE,EA,0,1,42603.08984375
台,万粒,0,1,42480
立方米,包,0,4,42431.81990234375
套,TON,0,1,42400
卷,R,0,3,42381.79046875
颗,千克,0,1,42350
式,支,0,1,42300
kwh,公斤,0,1,42270.84
批,盘,0,2,42189
UNKNOWN,元/台/年,0,1,42188
.,台,0,1,42178
台,pk,0,1,42165
1PC,包,0,11,42090.6699477768
只,组件,0,1,42050
季,季,1,1,42039
平方,座,0,1,42000
年度,UNKNOWN,0,1,42000
樘,块,0,3,42000
209L/桶,桶,0,1,42000
KG,延米,0,1,42000
套,贴,0,1,42000
1XL-3XL,条,0,1,42000
1PR,双,0,14,41988.68003845215
单,项,0,3,41960
箱,CS,0,1,41879.01171875
项,升,0,1,41872.5
箱,对,0,9,41843.12036132813
批、吨,UNKNOWN,0,1,41724.72
包,筒,0,9,41653.6992163086
平米,扇,0,1,41650
人天,人天,1,1,41600
UNKNOWN,捆,0,2,41590.72
套,Piece,0,2,41517
L,包,0,1,41500
批,台套,0,2,41490
升,壶,0,6,41418.18967529297
辆,piece,0,1,41418
工日,项,0,1,41400
和,盒,0,3,41388
PCS,M2,0,2,41363.1001171875
ZHI,台,0,1,41361.12109375
W,KW/h,0,1,41360.859375
BAG,PAA,0,1,41342.3984375
Wp,只,0,1,41340
千克,每一个,0,1,41323.4609375
Items,piece,0,1,41315.0390625
公斤,TON,0,1,41200.01171875
1SA,瓶,0,5,41189.97987747192
支,ea,0,3,41088.669921875
桶,合,0,3,41050
套,模块,0,1,41007
1TA,UNKNOWN,0,3,41003.43029785156
季,度,0,1,40950
片,ST,0,1,40930.5205078125
双,PRS,0,1,40921
对米,个,0,2,40920
件,位,0,1,40877
米,架,0,1,40800
公斤,卡,0,1,40737.80078125
桶,把,0,11,40701.16000144959
辆,元,0,2,40700
支,提,0,2,40688.60119628906
瓶,liter,0,1,40611
平方厘米,批,0,1,40544
CAS,CAS,1,4,40462.49838256836
度,m,0,1,40447.2
台,槽,0,1,40400
百,box,0,1,40243.01171875
1卷,箱,0,1,40240.2
支,g,0,6,40152.15007446289
票,车,0,1,40080
立方米,T,0,2,40068
吨(t),UNKNOWN,0,1,40067
件,扎,0,2,40064.56005859375
平方厘米,平方,0,1,40062.94
对,米,0,7,40050.49984741211
小时,月,0,2,40040
UNKNOWN,代,0,1,40000
锭,台,0,1,40000
台,个,0,1,40000
万米,千克,0,1,40000
季,项,0,2,39973.7
24瓶/箱,个,0,1,39960.5703125
*盒,盒,0,1,39960
扎,捆,0,1,39860
K,根,0,1,39816
年,人,0,1,39720
pcs,卷,0,6,39700.46
度,年,0,1,39667.5
PCS,部,0,1,39623.82
顶,平方米,0,2,39600
巴,卷,0,1,39560
/件,UNKNOWN,0,2,39549
袋 .,kg,0,2,39537.81999969482
辆,PC,0,1,39500
只,支(台),0,1,39468
升,辆,0,3,39457.39995117187
纸箱,支,0,1,39441.01953125
批,千支,0,2,39431.59106445313
盒(Pcs),UNKNOWN,0,2,39350.79067993164
台,台/月,0,1,39333
1SA,罐,0,3,39285.0298046875
件,名,0,1,39200
份,卷,0,1,39121
人/次,架次,0,1,39115
平,个,0,1,39102.62
延长米,套,0,1,39092
㎏,米,0,1,39020.3
盘,M,0,3,39005.44006347656
度,公斤,0,1,38995
罐,块,0,2,38814.12
万发,万发,1,2,38805.19140625
批,.,0,1,38800
年,间,0,1,38800
件(1*6),UNKNOWN,0,1,38721.38
幅,块,0,7,38647
把,KG,0,15,38552.86998046875
节,UNKNOWN,0,8,38536.9299993515
千克,SET,0,1,38430
m,组,0,1,38400
吨,set,0,1,38376
袋,BAG,0,1,38373.91967773438
公斤,棵,0,1,38300
台,305米/箱,0,1,38295
百支,支,0,1,38278.2
TAI,扇,0,1,38266
粒,包,0,2,38248.6015625
piece,piece,1,3,38201.56001831055
千米,组,0,1,38190
百个,盘,0,1,38184.82
桶,根,0,19,38157.79992675781
个(盒),批,0,1,38155.47
袋,PAK,0,1,38142.5
盒,千平方英寸,0,1,38104
1HE,台,0,3,38101.98046875
UNKNOWN,工时,0,2,38074.3515625
点,点,1,2,38000
项,kg,0,1,38000
KPCS,套,0,1,38000
项,PCE,0,1,38000
PCS,千粒,0,1,37989
寸,公斤,0,2,37963
*,UNKNOWN,0,2,37960
瓶,千帕,0,1,37950
6支/箱,支,0,1,37932
缸付,个,0,1,37800
箱(4),箱（4）,0,1,37695
根,M,0,5,37676.82
Each,只,0,3,37649.0202331543
万米,个,0,1,37635
/箱,箱,0,2,37632
瓶*天,辆,0,1,37579.85
提,台,0,1,37500
y,码,0,1,37492.8203125
块,盘,0,6,37470
付,盒,0,11,37460.42001190186
次,pcs,0,4,37460.18
樘,扇,0,3,37440
Pcs,PCS,0,2,37397.2998046875
轴,节,0,1,37357
台,TAO,0,3,37259.96997070313
套,相,0,1,37220
卡,米,0,1,37215.55
个,Pc,0,1,37176.74000000001
包,令,0,4,37131.6
件,捆,0,7,37077.75
公斤,桶（25kg),0,1,37050
1KG/罐,罐,0,1,37027.19921875
套,站点,0,1,37000
单,套,0,5,36988
个,宗,0,2,36913
CM,米,0,3,36866
捆,kg,0,3,36853.31
端点,套,0,1,36800
个,LB,0,1,36800
节,批,0,2,36720
个,层,0,1,36720
捆,台,0,3,36699.99997558594
瓶 .,UNKNOWN,0,7,36604.43002319336
MT,英尺,0,1,36588.828125
只/支,批,0,1,36578.4
辆,架,0,1,36500
席,套,0,1,36500
台,工日,0,1,36500
套,码,0,2,36490.26001953125
公斤,Yard,0,1,36489
916188934,UNKNOWN,0,1,36464
粒,PCS,0,3,36331.6796875
千瓦/时,千瓦/小时,0,1,36288
件,处,0,1,36223.19921875
公里,捆,0,1,36169.30859375
百,颗,0,2,36166.22875976563
根,面,0,3,36080.55004882813
m,盘,0,1,36048
个,套米,0,1,36038
6套,个,0,1,36000
箱,CAR,0,1,36000
期,场,0,1,36000
Pcs,UNKNOWN,0,1,35929
千套,平方米,0,1,35880
m,平,0,1,35871
CA,UNKNOWN,0,1,35860
根,提,0,1,35802.30078125
课时,UNKNOWN,0,2,35760
吨,200升/桶,0,2,35737
度,米,0,2,35710.39999999999
pcs,盒,0,11,35697.32001220703
把,pc,0,2,35600
袋,米,0,3,35582.79921875
方,台,0,1,35578.9990234375
套,tao,0,1,35500
刀,盒,0,2,35470.69921875
盒(Pcs),个,0,2,35448.32080078125
19L/桶,项,0,1,35300
款,个,0,2,35296.5
次,元/米,0,1,35226.87890625
克拉,米,0,1,35185
kg,纲,0,1,35158.078125
1组,UNKNOWN,0,3,35104.2984375
轴,套,0,1,35100
个,KUA,0,2,35086
Z18,Z07,0,1,35082.33984375
月,元/㎡,0,1,35017.92
项,册,0,1,35000
月,年`,0,1,35000
ZHI,副,0,1,35000
P,只,0,1,35000
千支,片,0,5,34994.75032226562
套,suit,0,1,34969
粒,把,0,2,34960
托,托,1,1,34950.3984375
KG,Le,0,1,34878
支,粒,0,5,34838.31
票,期,0,1,34804
吨,ton,0,1,34798.421875
千件,KG,0,3,34761.83984375
条,立方米,0,2,34741.96
把,巴,0,22,34740.87060546875
月,张,0,3,34737.77984375
张,盏,0,1,34730
块,环,0,1,34680
UNKNOWN,间/夜,0,1,34677
箱,RL,0,1,34645
胶桶,支,0,2,34622.62829589844
平方,盒,0,3,34616.46997070313
元,/,0,1,34585
升,根,0,3,34575.65
箱,set,0,1,34526
提,板,0,1,34513
双pairs,双pairs,1,1,34400
平方,百平米,0,1,34400
18.1kg/桶,桶,0,1,34400
块,听,0,1,34307.58984375
件/支,只,0,1,34200
床,包,0,3,34120
吨,千瓦时,0,2,34099.3
付,次,0,3,34098
千支,百只,0,1,34057.23046875
片,千件,0,1,34000
公斤,合,0,4,33999.58044433594
副,本,0,2,33943
把（套）,台,0,1,33863.5
升,罐,0,6,33801
吨,元/吨公里,0,1,33800
UNKNOWN,位,0,3,33786.39
个,SETS,0,1,33768.30859375
米,平方尺,0,1,33767.4296875
架,批,0,2,33762
公里,支,0,2,33720
台,PCE,0,2,33650
斤,千,0,1,33643.96875
万片,Pcs,0,1,33632.98828125
桶,m3,0,1,33600
块,千千瓦时,0,1,33560
瓶,毫升,0,2,33550
个(pc),个,0,4,33530.140625
m,km,0,1,33488
条,塔,0,1,33464.5
桶,BUK,0,1,33461.578125
方,片,0,1,33352.87
米,PAC,0,1,33348.421875
M,千米,0,1,33325
米,颗,0,2,33225.330078125
笔,箱,0,1,33182.80078125
极,套,0,1,33149.7
筒,批,0,3,33087.59
颗,条,0,2,33060
pc,批,0,1,33051.80078125
根,ea,0,1,33004
Φ100,台,0,1,33000
只,PKS,0,1,33000
套1,台,0,1,33000
顶,UNKNOWN,0,6,32973.67002716065
码,KG,0,2,32939.09995117188
KL,条,0,1,32914.830078125
桶,桶（18L）,0,1,32880
pcs,包,0,7,32869.8
Tub,桶,0,1,32821.7802734375
Km,UNKNOWN,0,1,32788.37
套,小时,0,4,32761.88037109375
千米,条,0,2,32741.259765625
1TI,UNKNOWN,0,6,32731.87965393066
支,pc,0,6,32668.25
组 .,箱,0,3,32666.25058746338
个,1台,0,4,32631
pkt,盒,0,1,32619
件,加仑桶,0,1,32599.29956054688
台,AU,0,3,32595
MT,套,0,1,32578
平方英尺,只,0,1,32526.69
台,US,0,1,32500
宗,套,0,1,32486.2
台/套,件,0,1,32460
个,车,0,2,32454.64
座,m2,0,1,32397.30078125
一项,项,0,1,32385.12
盒,20g,0,1,32385
台,kwh,0,2,32350
包,副,0,4,32341.06022216797
袋 .,桶,0,2,32316
米,SET,0,3,32281.17999023437
PCS,SHT,0,1,32263.73
件,SU,0,1,32226
罐,张,0,1,32214.259765625
款,张,0,2,32200
轴,UNKNOWN,0,1,32116
个,厘米,0,3,32064.2000390625
吨(MT),袋,0,1,32060
台,巴,0,4,32000
m2,粒,0,1,32000
代,包,0,1,31999.99
块,桶,0,5,31988.01000976563
m3,百米,0,1,31960
令,BK,0,1,31868
万套,套,0,1,31784
组,罐,0,4,31689.16000976563
kWh,宗,0,1,31687
只,件/300只,0,1,31605
套,工,0,1,31600
箱,位,0,1,31560
包,set,0,4,31530.17
块,千米,0,1,31419.359375
千米,SE,0,1,31400
平方英尺,箱,0,1,31342
KW.H,分,0,1,31336
套年,项,0,2,31332.8
公斤,万支,0,1,31320
无,吨,0,1,31305.09
KWH,万度,0,1,31273.919921875
m3,个,0,4,31272
1 台,1件,0,7,31267
升,大桶,0,1,31237.5
Tin,箱,0,1,31200
月,每月,0,1,31200
批,粒,0,2,31133
m2,SM,0,1,31121.08984375
张,架,0,1,31119.86083984375
1 台,1台,0,8,31113.29998779297
包,PACKET,0,2,31090.5
间夜,UNKNOWN,0,2,31079
套,场,0,1,31054.01
米,M米,0,1,31023
粒,瓶,0,2,31020
卷,RL,0,4,31015.570703125
组,卷,0,2,30904.83999694824
平方,M,0,1,30890
项,樘,0,2,30860
桶,平方米,0,3,30853
平方米,罐,0,1,30852
只/支,UNKNOWN,0,1,30816
UNKNOWN,粒,0,3,30799
吨,延米,0,1,30756
提,本,0,3,30696.7099609375
瓶,BOT,0,4,30667.98046875
卷,码,0,2,30641.4390625
1 组,1组,0,4,30522.69055938721
码,UNKNOWN,0,3,30510
CS,UNKNOWN,0,1,30500
1 箱,吨,0,1,30447.53
加仑,KG,0,1,30400
千,片,0,1,30400
轮,批次,0,1,30400
对,EA,0,2,30331
枚,平方米,0,1,30289.8
箱,M*M,0,1,30256.48046875
本,支,0,7,30234.29990882874
车,次,0,2,30156
磨,UNKNOWN,0,1,30127.5
箱(24瓶),箱,0,1,30108.04
只,件/根,0,1,30107
条(Pcs),个,0,1,30089.35007858276
PCS,SH,0,1,30072.67
米,部,0,2,30040
GB,只,0,1,30036
BTL,瓶,0,7,30024.05012216568
包,L,0,2,30015.9
个,令,0,5,30010.33
公斤,杯,0,1,30000
辆/半年,月,0,1,30000
打,副,0,1,30000
克拉,套,0,1,30000
期,年,0,1,30000
只,炉,0,1,30000
瓶,并,0,4,29994.8
项,袋,0,2,29953.560546875
PCE,UNKNOWN,0,4,29924.92004211426
项,对,0,1,29906.009765625
辆,阻,0,1,29880
UNKNOWN,人次,0,2,29846
PAC,EA,0,1,29785.25
KG,千个,0,1,29732.5
百米,扎,0,1,29724.7
提,袋,0,7,29716.32001972198
公斤,票,0,2,29678
张,贴,0,1,29640
t,台,0,1,29600
mg,mg,1,1,29592.5
公斤,架,0,3,29564
百,PC,0,2,29554.310546875
万支,千只,0,1,29520
kwh,KWh,0,1,29505
万个,批,0,2,29410
items,set,0,1,29407.72
张,立米,0,1,29400.009765625
天,米,0,1,29400
套,单,0,1,29396.2
套,TAO,0,6,29370.52
1HE,包,0,3,29285.58947753906
瓶,ST,0,3,29283.60046386719
RXN,UNKNOWN,0,1,29234
公斤/kg,KG,0,1,29232.8701171875
只,M2,0,2,29117
张数,块,0,1,29117
公斤,case,0,1,29100
pcs,组,0,2,29062.5
瓶,公升,0,2,29062
把,pcs,0,12,29040.76000610352
双,卷,0,14,29021.38018798828
次/年,项,0,1,29000
本,KG,0,1,28996
对米,米,0,2,28980
根,吋米,0,1,28928
只,UN,0,1,28903.861328125
组,辆,0,2,28900
路,台,0,1,28900
条,千件,0,1,28892.5
株,项,0,2,28835
件,Pc,0,1,28800
付,度,0,1,28800
杯,公斤,0,1,28769
台 .,UNKNOWN,0,1,28766.94921875
桶,桶/200L,0,1,28750
百,套,0,4,28746.01
百粒,粒,0,3,28678
只,SEW,0,1,28577.24926757813
千瓦时,双,0,1,28559.34
915938447,UNKNOWN,0,1,28553.51953125
付,颗,0,2,28501.10009765625
串,吨,0,1,28500
台/套,户,0,1,28461
把,桶,0,13,28437.16
千克,EA,0,4,28429.99962158203
千件,台,0,5,28427.9
粒,卷,0,2,28418
粒,顶,0,1,28400.009765625
支,km,0,1,28381.5
万支,米,0,1,28354
台,ZHI,0,3,28351.7998046875
千克,M2,0,1,28350
立方,KG,0,3,28340
PCE,根,0,1,28304.1
双,片,0,3,28297.25036621094
-,块,0,1,28200
台,台/次,0,1,28180
辆,盒,0,2,28119.84985351563
箱,pack,0,2,28098.400390625
千克,加仑,0,1,28087.849609375
点,项,0,1,28002
PCS,k/pcs,0,1,28000
桶,册,0,1,27999
米,kwh,0,1,27989.400390625
箱,部,0,1,27917
包,M,0,1,27900
g,UNKNOWN,0,4,27827.13
个,BOX,0,5,27795.81
M,set,0,3,27766.84
净吨,净吨,1,1,27766.15
支,vial,0,1,27729
桶,CA,0,2,27720.7
件12,件,0,1,27705
T,根,0,5,27640.69995117188
PCS,份,0,1,27625
套,册,0,2,27612
排,个,0,5,27577.83
根,gen,0,1,27563.80078125
支,炉次,0,1,27560.4
0,次,0,1,27550
件,piece,0,7,27545.70001342773
1式,个,0,1,27539.970703125
卷,立方,0,2,27520
米,跟,0,1,27500
打,顶,0,1,27488
只,粒,0,7,27477.79999923706
m3,千块,0,1,27459.51953125
箱,克,0,2,27445
件,ml,0,2,27420
床,码,0,1,27364.099609375
箱,散,0,1,27360
T,piece,0,1,27342
扇,个,0,4,27335.4306640625
件,2.5kg*4袋,0,1,27300
把,双,0,5,27289.98016357422
米,piece,0,2,27254.65061950684
箱-12,个,0,1,27240
台,床,0,2,27236
cm2,块,0,1,27230.94
万米,盘,0,3,27200
只/支,个,0,3,27160.28
套,万千瓦时,0,1,27150
916643059,PCS,0,1,27111
Pcs,根,0,2,27050
桶,kg/t,0,1,27039.5390625
袋 .,袋,0,14,27027.7296264267
瓶,次,0,6,27024.2197265625
本,元,0,1,27000
条,m2,0,1,27000
模,模,1,1,27000
1,季度,0,1,27000
一套,套,0,1,27000
UNKNOWN,船年,0,1,27000
颗,kg,0,2,26921.83984375
15瓶箱,件,0,1,26917.8701171875
CON,个,0,1,26917.22
V76,500克*20包/件,0,1,26875.169921875
千只,千颗,0,1,26843
千条,千条,1,3,26806.86026000977
Kg,瓶,0,4,26795.13989257813
T,袋,0,2,26780
万只,pcs,0,1,26753.75
10盒,十合,0,1,26695.05078125
条,万个,0,1,26686
线,台,0,1,26661.5302734375
千克,辆,0,1,26620
站,台,0,1,26600
辆,PCS,0,6,26588.40045166016
无,条,0,1,26550
次,艘,0,2,26548.8
立方,M3,0,1,26535
元/支,桶,0,2,26489.48010253906
Y07,Z49,0,1,26448.560546875
BOX,包,0,1,26403
吨,桶（15kg）,0,1,26400
立方,pcs,0,1,26350
ct,ct,1,1,26350
副,条,0,8,26250.55000976563
Meter,Meter,1,1,26244
305米/箱,305米/盘,0,1,26200
千条,个,0,1,26177.73046875
吨,km,0,3,26163.30004882813
UNKNOWN,M,0,4,26160.27922058105
套,套（件）,0,1,26157
捆,UNKNOWN,0,1,26126
加仑,EA,0,1,26100
公斤,pc,0,3,26034.3203125
个,人/天,0,1,26000
KWh,套,0,1,26000
千件,卷,0,1,25971.61
双,M,0,1,25971.6
式,件,0,2,25956
百件,百件,1,1,25900
500g,盒,0,3,25878.37963867188
Each,罐,0,1,25812.26953125
元,无,0,2,25782.44
鼓,支,0,1,25740.69921875
百米,km,0,2,25645.49963378906
1 瓶,6罐,0,3,25621.90002441406
1BT,只,0,2,25608.5400390625
公斤,对米,0,1,25600
组,扇,0,1,25600
kg,串,0,2,25570
基,套,0,1,25560
把,副,0,7,25547.4
票,件,0,3,25542.56
镗,镗,1,1,25536
支 .,支.,0,3,25533.30000686646
t,公斤,0,1,25500
副,箱,0,7,25482.4
MT,kg,0,1,25480
台,单,0,1,25460
500g,份,0,1,25458
千件,瓦,0,1,25440
寸,平方米,0,1,25410
PCS,KA,0,1,25406.70068359375
副架,组,0,1,25400
卷,JUA,0,1,25374.5
kt,kt,1,1,25361.119140625
吨(t),支,0,1,25353.25
壶,箱,0,1,25340
卷,100M单线,0,1,25293.26953125
辆,块,0,3,25270
桶,18kg/桶,0,2,25230
立方米,set,0,1,25200
个,支,0,1,25200
台,袋,0,13,25164.71001052856
台,个/3年,0,2,25160
辆,付,0,2,25146
Kg,度,0,1,25116.25
瓶,平方米,0,4,25101.76965332031
支（12*1250ml）,支,0,1,25100
瓶,m3,0,2,25074.75
顶,张,0,4,25044.5
位,套,0,1,25024.91015625
百支,件,0,1,25021.65026855469
对,瓶,0,2,25005.400390625
米,元,0,1,25000
桶,KAN,0,2,24974
式,只,0,1,24964
提,套,0,1,24962.849609375
吨,期,0,1,24953.32
m,卷,0,3,24944.46921539307
千件,百个,0,1,24858.92
T,箱,0,2,24858
升,桶（15kg）,0,1,24840
K,台,0,1,24820
个,单元,0,1,24750
片,合,0,4,24689
缸付,件,0,2,24656
个,1包,0,3,24652.25000610352
部,块,0,1,24640
個,个,0,2,24639.83984375
组,公斤,0,5,24620.99970703125
Kwh,千瓦.时,0,1,24615.109375
套,KM,0,1,24570
台,bar,0,1,24515
吨,米 m,0,1,24500
个,MEI,0,1,24500
瓶,项,0,4,24498.01953125
组,台（套）,0,1,24480
UNKNOWN,晚,0,1,24473.56
床,件,0,5,24430.75003814697
听,Z36,0,1,24430.27976989746
车,件,0,1,24382.39990234375
189KG/桶,公斤,0,1,24381
1CA,瓶,0,6,24357.75029754639
支,CA,0,2,24307.47998046875
副,pcs,0,2,24298
SET,BOX,0,1,24280
卷,粒,0,2,24268.3
KVA,根,0,1,24259.61
档,m2,0,1,24252.80078125
套,筒,0,3,24250
千套,米,0,1,24177.5
米,JUA,0,2,24133
人位,位,0,1,24112.140625
UNKNOWN,人/天,0,1,24090
箱,115g,0,1,24013.4599609375
kg.,公斤,0,1,24000
次,X,0,1,24000
万支,KG,0,1,24000
台,寸,0,1,24000
批,10ML,0,1,24000
笔,季度,0,1,24000
方,平方,0,1,24000
Pcs,pcs,0,1,24000
个,信道,0,1,24000
颗,块,0,4,23962.06983947754
T,块,0,3,23940
BAG,盒,0,1,23922
英尺,公斤,0,1,23920
m2,EA,0,1,23920
部,付,0,2,23920
M2,piece,0,1,23904.35
KM,PC,0,2,23882.95
幅,条,0,2,23840
台,10套,0,1,23800
听,包,0,2,23784.8
套/件,UNKNOWN,0,1,23750
支,千只,0,4,23743.22
副(pr),副,0,1,23726.58
208L/桶,升,0,1,23700
个/月,UNKNOWN,0,1,23644.92
吨(MT),瓶,0,1,23640
把,式,0,3,23612.93
公斤,ST,0,2,23595.76078033447
季,Each,0,1,23550
根,6米/根,0,1,23532.80078125
千瓦时,/,0,1,23497.599609375
平方米,毫米,0,1,23450.919921875
卷,室,0,1,23408
千瓦时,升,0,1,23400
千只,千件,0,1,23389.31
根,扎,0,1,23380
PIECE,套,0,1,23378.48
盘,PC,0,3,23374.44999694824
千只,千克,0,1,23360
cm,片,0,1,23318.80078125
坛,瓶,0,2,23306.259765625
个,包（85个/包）,0,1,23292
t2,台,0,1,23250
只,版,0,2,23212.92
票,公里,0,1,23101
公斤,GJ,0,1,23100
UNKNOWN,GE,0,1,23084
个,合,0,14,23077.17997440338
EA,管,0,1,23040
块,元/月/台,0,1,23000
千米,捆,0,1,22998
粒,副,0,1,22980
袋 .,包,0,6,22978.46077453613
k,个,0,1,22908.16015625
单机,台,0,1,22900
包,月,0,2,22856.58999023437
包（18g）,袋,0,1,22832
双,桶,0,1,22800
200/桶,桶,0,1,22800
立方,付,0,1,22773.6
kpcs,个,0,1,22745.31
升,PC,0,3,22720.95993041992
PC,双,0,2,22666.40075683594
盒,公斤（千克）,0,1,22640
把,合,0,6,22629.05986366272
人/次,人/次,1,1,22620
千条,只,0,1,22586.41015625
SET,m2,0,1,22542.62
只,TAO,0,4,22500.599609375
305米/箱,米,0,1,22500
PAK,只(支),0,1,22464
TAI,SET,0,1,22464
卷,简,0,1,22425
吨,艘,0,1,22392
PS,件,0,2,22345
碗,件,0,2,22328.8896484375
万只,UNKNOWN,0,2,22321.58001708984
kg,m3,0,1,22320
只,位,0,1,22320
月,式,0,1,22308
主架,套,0,1,22275
万条,米,0,2,22230.23999023438
板,包,0,2,22226.81005859375
台,STE,0,1,22221.4609375
次,组,0,3,22200
个,色,0,1,22200
kg,psc,0,1,22170
M,pcs,0,2,22168.71997070313
份,印张,0,1,22161.6
张,set,0,1,22140
块,CM2,0,1,22109.61
台,L,0,1,22100
Z06,公斤,0,1,22049.28930664063
支,box,0,1,22032
个,圈,0,4,22030.98994140625
件,CP,0,1,22022
项,GJ,0,1,22000
LB,套,0,1,22000
台,台1,0,1,22000
KG,桶/20KG,0,1,22000
公斤,具,0,1,22000
天,趟,0,2,22000
片,次/件,0,1,22000
公升,个,0,4,21991.38
项,单,0,1,21986.76
批,万只,0,1,21978
1PR,UNKNOWN,0,3,21960.96948242188
盒,人/份,0,1,21960
刀,批,0,1,21945
双,扎,0,2,21921.400390625
m,支,0,1,21902.04
kg,轴,0,2,21877.5
件,部/年,0,1,21875
1,票,0,1,21858.6
吨,合,0,1,21845
包 .,UNKNOWN,0,2,21835.169921875
台,每一个,0,2,21820
打,对,0,2,21808
1,平米,0,1,21764
百米,批,0,1,21760
组,BOT,0,1,21750
UNKNOWN,Piece,0,1,21736
件,日,0,1,21700
包,粒,0,3,21676.5
条,百套,0,1,21663.05078125
台,套/台,0,1,21620
次,半年,0,1,21600
每百升,升,0,1,21600
吨,pc,0,1,21583.22
月,天/元,0,1,21562.19921875
瓶,Pcs,0,2,21529.990234375
M3,吨,0,1,21520
筒,桶,0,5,21500.600078125
箱/305米,米,0,1,21470
盘,面,0,1,21450
年,台,0,4,21440
组,包,0,5,21439.80004882813
PC,kg,0,1,21432.669921875
次,双,0,1,21432.06
公斤,百个,0,1,21431.2890625
套,NM3,0,1,21423.75
卡,瓶,0,11,21421.20995483398
捆,公斤,0,7,21373
平方米,码,0,2,21320
包,碟,0,1,21307.16015625
包 .,吨,0,1,21304.84
万发,t,0,1,21268.64
千克,千粒,0,1,21216.9
人次,UNKNOWN,0,1,21200
KM,瓶,0,1,21183.599609375
ZHI,件,0,1,21160.4609375
件L,件,0,1,21145.94
只,1台,0,2,21113.140625
1个,个,0,10,21099.4299609375
块,piece,0,2,21060.00001831055
根,GEN,0,2,21025.5
18升/桶,支,0,1,21000
6×4ml,箱,0,1,21000
公斤,跟,0,2,20944.5
节,盒,0,4,20939.53994140625
把,m2,0,2,20927.2001953125
千个,千件,0,1,20900
吨,支/12M,0,1,20900
kg,每一个,0,1,20884.5
箱,并,0,3,20845.2001953125
台/套,个,0,1,20837.1201171875
季度,次,0,2,20785
个,天,0,4,20779
箱-576,包,0,1,20745
米,页,0,1,20720
卡,条,0,2,20713.779296875
盘,片,0,2,20700
KG,千米,0,1,20691.470703125
**,条,0,1,20676.04
平方米,M3,0,1,20660
件,台次,0,2,20657
架,组,0,2,20643.06005859375
pcs,本,0,9,20620.39
个,单,0,1,20618.26953125
票,宗,0,1,20567
套,SE,0,2,20562
UNKNOWN,床,0,4,20546
pcs,根,0,9,20528.169921875
件,间,0,2,20510
根,页,0,1,20501.77
个,PS,0,4,20479
副,张,0,5,20463
千只,把,0,2,20453.9
米,BOX,0,1,20423.359375
件,兆瓦时,0,1,20416
公斤,公斤（千克）,0,1,20293.650390625
KG,G,0,1,20275.98046875
顶,副,0,3,20251.3
9条（箱）,条,0,1,20250
1片,UNKNOWN,0,1,20225.75
只,盘,0,13,20213.94998535156
车付,组,0,1,20182
PCS,㎡,0,1,20145.580078125
单个,UNKNOWN,0,1,20100
平米,T,0,1,20095
大包,个,0,1,20090.580078125
次,台班,0,1,20067
平方,延米,0,1,20007
台付,台,0,1,20000
付,项,0,1,20000
平米/年,UNKNOWN,0,1,20000
柜,立方,0,1,20000
项,.,0,1,20000
根,千千瓦时,0,1,20000
㎡,册,0,1,20000
*,次,0,1,20000
千件,樘,0,1,20000
UNKNOWN,拍,0,1,20000
平方米,座,0,1,20000
只,通道,0,1,20000
ea,kg,0,1,19996.7
件,磅,0,1,19969.099609375
口,只,0,3,19917.98004150391
1 KG,1kg,0,2,19902.36960983276
台,KUA,0,2,19900
只,舰套,0,1,19898
L,ml,0,2,19890
个,尊,0,1,19887.09
支,板,0,2,19875
升,T,0,1,19803
路,只,0,1,19800
台,太,0,1,19800
包/件,UNKNOWN,0,1,19796.599609375
大盒,大盒,1,1,19780.33984375
支,SE,0,1,19778
1 瓶,12瓶,0,1,19745.04023456573
M3,块,0,1,19733.4
辆,周,0,1,19720
只,㎡,0,2,19711.27978515625
盒,副,0,9,19707.75020141602
Pcs,组,0,1,19620
副,把,0,5,19608
公斤,缸,0,2,19600
m3,m2,0,1,19600
台/套,项,0,1,19600
刀,个,0,3,19585
T,瓶,0,1,19567.80078125
KG,万箱,0,1,19538.51953125
KM,个,0,10,19519.83000183105
UNKNOWN,幢,0,1,19505
1台,批,0,1,19503
双,次,0,1,19500
升,18升,0,1,19500
盒,20G*20S,0,1,19500
KKM,台,0,1,19500
支,千支,0,3,19492.10012695313
吨*天,吨*天,1,1,19488.91015625
平米/月,次,0,1,19480.2
条,对芯,0,1,19464
包,捆,0,6,19437.1096484375
平方米,笔,0,1,19422.4
双（pr),双,0,1,19369.35
平方分米,千克,0,1,19354.6
平方,付,0,2,19340
支(Pcs),个,0,2,19336.80004882813
条,SM,0,1,19320.79
袋,代,0,8,19294.4601953125
箱,百米,0,3,19280
TAI,PC,0,1,19241.009765625
千米,台,0,1,19240.650390625
pc,副,0,1,19230
kW.H,月,0,1,19219.279296875
升,桶/170kg,0,1,19200
千克,毫克,0,1,19200
批,工时,0,1,19133.01
RL,批,0,1,19130.4296875
捆,根,0,4,19114.40000038147
吨,50x50x5,0,1,19110
对,付,0,4,19103.69921875
米,芯,0,2,19100
H,件,0,1,19094.4
只/支,PCS,0,1,19093.439453125
Z06,358克*30包/件,0,1,19037.3203125
斤,克,0,1,19006.560546875
公斤,PIECE,0,1,19000
Kwh,度,0,1,18980.25
袋,g,0,3,18970.24003601074
台,J件,0,1,18952
块,颗,0,5,18942.5
CA,CA,1,2,18926.58056640625
年,月份,0,1,18925
秕,批,0,1,18901
个,个/把,0,1,18900
PCS,副,0,4,18896.79990386963
份,公斤,0,2,18882.5
付,箱,0,5,18878.4
船套,个,0,1,18841.859375
年,批,0,9,18819
P,piece,0,1,18783.7705078125
件(pc),件,0,2,18780.05
支,具,0,2,18780
件,1,0,2,18766
台,头,0,1,18756
卷,items,0,1,18732
面,1,0,1,18710
台,半年,0,1,18700
月份,月,0,1,18700
KFT,批,0,1,18700
批,具,0,2,18690
樘,张,0,1,18679.060546875
平方米,SQM,0,1,18645.119140625
塑瓶,瓶,0,2,18626.5
1批,个,0,1,18620
台,点,0,2,18600
箱【120】,kg,0,1,18573.04
1BX,箱,0,3,18559.86
包,BAO,0,2,18530
千只,千,0,1,18529
盘,盒,0,4,18522.79992675781
1袋,批,0,3,18508.73929824829
PCS,天,0,1,18500
张,ea,0,1,18500
瓶,ML,0,1,18499.099609375
桶,并,0,3,18491
拾,盒,0,1,18481
个,kw.h,0,1,18478.669921875
平方,m,0,1,18400
缸,套,0,1,18390
本,笔,0,1,18361
万只,节,0,6,18348.36009216309
具,项,0,1,18312
批,千瓦时,0,1,18300
付,卷,0,12,18300
千支,EA,0,1,18299.75
台,批次,0,1,18285
箱,元,0,2,18250
车,条,0,1,18221.279296875
听,kg,0,1,18220
Litre/升,桶,0,1,18210.91015625
元/台/年,项,0,1,18200
件,粒,0,5,18179.59990234375
1台,件,0,2,18160
支,千,0,3,18137.83984375
立方米,EA,0,1,18130.80078125
件,LC1,0,1,18105.23
桶,16KG/桶,0,1,18100
次,支,0,7,18079.03000076294
915642294,UNKNOWN,0,1,18057.6494140625
915646334,个,0,1,18031.0498046875
月,每天吨,0,1,18029.69921875
把,BA,0,1,18018.939453125
点/年,台/年,0,1,18000
公斤,Set,0,1,18000
柱,条/块,0,1,18000
次,工时,0,1,18000
吨,万米,0,1,18000
册,米,0,1,18000
串,个,0,2,17934.01
根,平方,0,2,17906
套,罗,0,1,17886
单个,个,0,1,17885.82958984375
台,季度,0,1,17866
平方米,面,0,2,17859.53
公里,箱,0,1,17840
pcs.,个,0,1,17838.66015625
瓶,1,0,3,17836.4
批次,UNKNOWN,0,1,17830.58984375
支,人份,0,2,17800
套,捆,0,2,17792
平方,桶,0,3,17754.5
对,千克,0,3,17738.19995117188
巴,只,0,5,17719.4
具,千克,0,3,17717
只,每个,0,1,17711.80078125
千只,KG,0,1,17658
箱,一个,0,1,17654
次,㎏,0,1,17642
UNKNOWN,点,0,3,17640
桶,1加仑桶,0,1,17625
份,人份,0,2,17600
RL,箱,0,1,17600
m2,盆,0,1,17600
付,袋,0,6,17561.54022216797
条,盏,0,1,17550
盒,Box,0,1,17540
1 盒,1盒,0,6,17531.25995826721
双,块,0,5,17525
门,个,0,1,17520
辆,天,0,1,17520
立方,季度,0,1,17484.830078125
罐,磅,0,1,17480
平方,PC,0,1,17474.16015625
千件,斤,0,1,17467.8994140625
8720.78米,米,0,1,17441.56
千升,瓶,0,1,17415.400390625
2L/桶,桶,0,1,17400
卷,度,0,2,17357.150390625
支 .,盒,0,1,17344.80078125
kg毛,个,0,1,17305
M,圈,0,1,17285
节,set,0,1,17280
米,本,0,3,17270
公斤,万套,0,2,17242.5
公斤,6*150*600,0,1,17216.54
m3,公斤,0,2,17211
合,PC,0,1,17210
副,卷,0,6,17146.3
次/件/项,票,0,1,17130
付,平方米,0,3,17100
FU,次,0,1,17088
片,团,0,1,17065.759765625
公里,件,0,2,17039.6
千立方米,M3,0,2,17035.31008789063
公斤,90,0,1,17010
元/项,元/根,0,1,17000
平方,车付,0,1,17000
元/根,元/项,0,1,17000
吨,百米,0,1,17000
UNKNOWN,对,0,7,16960.76998291015
桶,辆,0,1,16956
SF,双,0,1,16950.15
M2,樘,0,1,16920
笔,个,0,4,16914.48981689453
颗,副,0,1,16908.01953125
台,挂,0,1,16900
块,t,0,1,16875
月,立方,0,2,16851
㎡,盘,0,1,16848
平方,份,0,1,16834
瓶,壶,0,6,16832.40000610351
批,部,0,1,16800
set,支,0,1,16800
付,筒,0,1,16790
1瓶,瓶,0,8,16768.60004234314
KG,R,0,1,16740
万米,UNKNOWN,0,1,16732.73046875
对,包,0,4,16708.40009784698
板,片,0,1,16697
樘,捆,0,1,16691.119140625
20,只,0,1,16640
条,扎,0,2,16637.8
台,公分,0,1,16600
卷,每一个,0,1,16563.97998046875
桶,BK,0,2,16558.25
台,道,0,1,16540
平米,M2,0,1,16525.5
PSC,块,0,1,16500
户,只,0,1,16500
串,米,0,1,16500
万片,支,0,1,16500
套,C1KS,0,1,16500
1 kg,1kg,0,23,16481.49003410339
张,通道,0,1,16480
包,盘,0,6,16467.60009765625
令,平方米,0,2,16459.27978515625
月,半年,0,2,16400
箱,捆,0,4,16399.18017578125
双(pr),根,0,1,16380.26
毫米,M,0,1,16380
EA,SU,0,1,16380
包装,个,0,2,16377.5
箱,碟,0,1,16369.5
pc,千克,0,2,16363.90019226074
只,串,0,1,16351.8
万米,套,0,1,16300
捆,㎡,0,1,16294.9404296875
1 批,1包,0,1,16289.03042602539
平米,件,0,3,16284.830078125
张,页,0,1,16280
1PC,支,0,3,16241.65028022766
口,套,0,2,16240
捆,千克,0,1,16185
PC,BOT,0,1,16165.169921875
UNKNOWN,set,0,2,16160.2001953125
腔,件,0,1,16153.7802734375
副,m2,0,1,16102
吨,桶/200L,0,1,16100
mg,批,0,1,16100
916175245,UNKNOWN,0,1,16093.3896484375
袋,付,0,4,16083.3
ml,EA,0,1,16080
尺,尺,1,1,16072
台套,片,0,1,16063.21948242188
中桶,桶,0,2,16050.28002929688
平米,付,0,1,16017.6
ST,副,0,1,16000
PCS,托,0,1,16000
平方,宗,0,1,16000
辆,车,0,1,16000
项,ST,0,1,15999.98046875
套,PCE,0,2,15985.93994140625
万片,张,0,2,15978.60034179688
袋,张,0,5,15964.1
个,LDJLZ-II,0,1,15960
合,公斤,0,3,15944.59008789063
千,UNKNOWN,0,1,15940
kg,万支,0,1,15936.29
支,M,0,4,15935.0603515625
千套,箱,0,1,15933
条,杯,0,2,15914.48029785156
瓶 .,支,0,1,15884
套,台（套）,0,1,15826
1kit,盒,0,1,15813
卷（305米/卷）,箱,0,1,15750
其他,项,0,1,15744
拾支,把,0,1,15743.01953125
1 kg,包,0,2,15720.7001953125
PCS,CAS,0,2,15695.6396484375
千套,片,0,1,15693.4
平方英尺,UNKNOWN,0,1,15680
个,100米/箱,0,1,15664.6796875
包,ea,0,1,15650
盘,块,0,5,15620.40002441406
扎,批,0,1,15620
眼,项,0,1,15600
6包/件,包,0,1,15600
樘,项,0,3,15595
公斤,千克(公斤),0,3,15583.75
公斤,y,0,1,15579
件,L,0,3,15560.2
箱,颗,0,3,15520
张,领,0,1,15480
平方米,㎏,0,1,15480
份,块,0,3,15474.7802734375
个,/,0,2,15472
饼,盒,0,1,15470
m2,m,0,2,15468
辆,部,0,2,15456.8798828125
批,支(台),0,1,15419.64
扇,件,0,2,15415
UNKNOWN,L,0,2,15413.330078125
CM2,UNKNOWN,0,1,15408
立方,?,0,1,15400
次,.,0,1,15400
模,个,0,1,15380
千个,卷,0,1,15374.349609375
挂,个,0,1,15364
罐,200G,0,1,15347.150390625
打,桶,0,2,15323.28002929688
米,㎏,0,3,15311.14990234375
片,码,0,1,15304.7998046875
次,元/吨,0,1,15280.099609375
包,包/盒,0,1,15246.04
盘,UNKNOWN,0,5,15244.86000900268
卷,1台,0,1,15242.17
台,合,0,6,15238.5
米,T,0,1,15231.75
次,片,0,2,15222.41015625
具,组,0,1,15200
20GP,UNKNOWN,0,1,15176
UNKNOWN,PRS,0,1,15169.23
只,提,0,3,15126.5
套,款,0,1,15120
杯,罐,0,1,15118.0400390625
个,each,0,5,15089.00009765625
笔,根,0,1,15077.5
盒,pcs,0,3,15074.6203515625
1 袋,1袋,0,14,15057.89996910095
瓶,CAN,0,1,15050
枚,pcs,0,1,15016.2998046875
米,年,0,1,15000
公斤,5色,0,1,15000
件,立方米,0,1,15000
桶,PC,0,4,14985.00024414063
份,无,0,2,14975
桶,克,0,4,14969.900390625
立方米,元/吨,0,1,14946.4
PCS,板,0,3,14909.5
Polybag(10prs),副,0,1,14900.01
台,份,0,6,14871
筒,UNKNOWN,0,2,14854.35997314453
年,BL,0,1,14850
顶,EA,0,2,14838.3203125
筒,本,0,2,14836.7998046875
套/支,套,0,1,14800
只,立方米,0,2,14800
宗,平方,0,1,14800
支,斤,0,6,14791.58998985291
袋(1.08公斤),盒,0,1,14780.64
盘,宗,0,1,14700
915653267,4升,0,1,14673.919921875
4L,瓶,0,1,14643
瓶组,UNKNOWN,0,1,14619.259765625
次,节,0,1,14600
公斤,机,0,1,14600
立方,瓶,0,3,14588.74005126953
T,TON,0,1,14580
场,批,0,1,14568.2001953125
卷,捆,0,8,14522.69995117188
个,4,0,1,14503.52
次,SET,0,1,14488
吨,小时,0,1,14476.21
公斤,月,0,2,14469.21997070313
张,拎,0,1,14450
瓶,ml,0,1,14438.1
把,BOX,0,1,14391
码,kg,0,2,14387
KM,扎,0,2,14380
百条,副,0,1,14343.15991210938
m,kg,0,1,14324.12
听,吨,0,3,14313
K,pcs,0,1,14300
件,ZTO,0,1,14270.7998046875
张.,千克,0,1,14250
Pc,Pc,1,1,14250
米................30,个,0,1,14245.5
套,处,0,2,14212.94995117188
架,千克,0,3,14168
幅,平方,0,2,14164
块,斤,0,2,14150
瓶,本,0,9,14129.06989898682
1TO,套,0,5,14127.7399597168
十张,卷,0,2,14126
毫升,瓶,0,2,14100
公斤,圈,0,4,14094.06
箱,包*,0,1,14094
km,公斤,0,1,14093
方,KG,0,1,14080.080078125
瓦,KVA,0,1,14073.4404296875
克,mg,0,1,14052.35
百支,把,0,1,14048
具,8L,0,1,14040
个,管,0,1,14022.599609375
915377359,件,0,1,14015.990234375
kg,3人往返,0,1,14000
m^2,公斤,0,1,14000
只,L,0,1,14000
批次,箱,0,1,14000
部,m,0,1,14000
1.5米,条,0,1,14000
KPCS,Kpcs,0,1,14000
包,PCK,0,1,13972
十张,张,0,1,13966
把,项,0,4,13953.9
500ml+120ml,台,0,1,13950.34
万卡,套,0,1,13940
瓶,100g,0,2,13936.6396484375
盘,km,0,1,13920.93
双,支,0,5,13903
1ZH,UNKNOWN,0,7,13895.76013183594
组,ST,0,1,13888.3701171875
平方米,万张,0,1,13880
毫米,张,0,2,13872.1
轴,条,0,1,13860
SET,桶,0,1,13845
套,道,0,1,13800
公斤,发,0,1,13800
个 .,个,0,40,13795.85997754335
粒,块,0,3,13792.69999694824
把,具,0,1,13752.80029296875
台,mm2,0,1,13722
瓶组,套,0,1,13695.9501953125
个,SH,0,1,13693.7
平方,位,0,1,13680
只,PC-个,0,1,13680
简,盒,0,1,13677.41030883789
公里,个,0,2,13670
m,只,0,4,13668.25
公斤,颗,0,6,13657.04000854492
套,顶,0,10,13651.32021484375
把,册,0,1,13650
each,升,0,1,13611.05
巴,PCS,0,1,13600
台,台/年,0,1,13600
每平米,吨,0,1,13566
平方,瓶,0,2,13545
瓶,bt,0,2,13530.01000976563
根,瓶,0,10,13520.73999595642
公斤,元,0,1,13508
kpcs,只,0,1,13500
T,付,0,1,13500
全套,根,0,1,13483.84
套,锭,0,1,13440
罐,Le,0,1,13413.6
平方毫米,套,0,1,13388
辆,T,0,1,13380
拾支,件,0,1,13375.10009765625
节,张,0,2,13352
架,把,0,5,13335.94995117188
元/斤,元/斤,1,1,13320
台,MW.h,0,1,13310
提,kg,0,2,13301.74
件L,支,0,1,13289.25
个PCS,个PCS,1,1,13250
平方米,千块,0,1,13247.98046875
个,台/套,0,1,13247
kw/h,度,0,1,13222.8603515625
位,UNKNOWN,0,2,13200
m2,吨,0,1,13200
1 包,包,0,2,13190.7700390625
十瓶,只,0,1,13169.18994140625
公斤,度,0,2,13127.63989257813
卷,床,0,1,13110
幅,UNKNOWN,0,5,13068.91
套,bt,0,1,13050
套,季度,0,1,13050
包,PAC,0,1,13049
包,m,0,1,13043.240234375
元/度,月,0,1,13034
条,千条,0,1,13030
公斤,车,0,1,13010
小时,批,0,1,13000
kw.h,UNKNOWN,0,1,12985.849609375
PC,Kg,0,2,12974.93017578125
升/千克,瓶,0,1,12960
轴,平方米,0,1,12957.38
圈,千米,0,2,12956
条,环,0,1,12936
对,项,0,2,12885.0595703125
片,ZEA,0,2,12860
桶,张,0,4,12841
吨,吨т,0,1,12838
KA,KA,1,1,12824.14990234375
幅,张,0,5,12813.20001220703
片,本,0,3,12800.5
把,位,0,1,12800
個,套,0,1,12760
联,只,0,1,12760
pc,根,0,1,12746
吨,档,0,1,12740
g,瓶,0,4,12722.2802734375
卡,袋,0,3,12719.54972529411
斤,根,0,2,12706.79
炉,批,0,2,12700
公斤,节,0,1,12690
路,个,0,5,12671.20001220703
组,PC,0,4,12665.15972900391
百,千支,0,1,12624.29
PCE,PC,0,2,12602.09008789063
吨,人工,0,1,12600
块,TAI 台,0,1,12599
只,t,0,1,12586.82
平方米,JUA,0,1,12566.3203125
卡,台,0,3,12543.02
瓶,付,0,3,12540.58
条,顶,0,5,12533.60000610352
千只,根,0,1,12528
本,万张,0,1,12513.75
㎏,卷,0,1,12512
公斤,巻,0,1,12500
次,m3,0,1,12500
PCS,Piece,0,1,12494.080078125
付,桶,0,7,12487
把,盘,0,9,12461.77
箱,1组,0,1,12456
袋,900g,0,1,12440
批,罐,0,3,12424.419921875
本,公斤,0,2,12420
公斤,千颗,0,1,12410.759765625
令,捆,0,1,12410
条,挂,0,2,12403
米,盏,0,1,12402
批,天,0,2,12400
瓶,圈,0,1,12400
千件,元/批,0,1,12367.23
m2,平米,0,1,12364
片,升,0,1,12361.2
批,无,0,1,12360
张,每一个,0,1,12360
PC,TAI,0,1,12352.2998046875
棵,个,0,1,12348.2099609375
支,BOX,0,2,12329.89990234375
100米/件,根,0,1,12320
16kg/桶,桶,0,1,12300
筒,件,0,6,12296.36999992371
扎,UNKNOWN,0,1,12288
瓶,双,0,5,12276.52005004883
包,并,0,1,12248.5
面,件,0,2,12216.98046875
批,瓶×天,0,1,12205.8
付,扇,0,1,12204
平方米,SE,0,1,12180
JOB,UNKNOWN,0,1,12176
m3,箱,0,1,12172.7998046875
斤,g,0,1,12168
卡,批,0,2,12142.680050354
千个,件,0,2,12138.39999389648
天,平方米,0,2,12124
方桶,瓶,0,2,12120.47958946228
千克,set,0,1,12120
件12,罐,0,1,12117.599609375
令,PC,0,1,12098.7998046875
UNKNOWN,斤,0,1,12095.669921875
KG,18L/桶,0,1,12070
块,对,0,7,12061
环,PC,0,1,12041.9599609375
1只,套,0,1,12017
m3,t,0,1,12000
个,千枚,0,1,12000
支,50KU,0,1,12000
车,片,0,1,12000
千克,kg/包,0,1,12000
set,米,0,1,12000
台,ZU,0,1,12000
宗,单,0,1,12000
箱,500g,0,1,12000
元/打,元/公斤,0,1,12000
斤,M2,0,1,12000
M,把,0,1,12000
1PC,瓶,0,4,11987.19989013672
套,SA,0,1,11980
枚,码,0,1,11970.9
柱,套,0,1,11970
合,包,0,1,11960
顶,根,0,2,11950
张,Pcs,0,1,11949.5
米,合,0,1,11880
把,瓶,0,10,11875.38999694824
kg,盒.,0,2,11871.9599609375
Pascal,包,0,1,11850
次,部,0,2,11850
每个,批,0,1,11805
对,把,0,3,11805
张,座,0,1,11800
PGS,批,0,1,11786
厅,听,0,1,11776
分,UNKNOWN,0,2,11707.49978515625
英尺,M,0,1,11685
千支,袋,0,1,11680.9697265625
立方,度,0,1,11677.5
百粒,件,0,2,11631.7
米................14,米,0,1,11625.11
kG,台,0,1,11618.08
千支,台,0,3,11607.19
箱,梱,0,1,11600
张,床,0,2,11600
件,PCE,0,1,11594.69
M,块,0,1,11582.8
只,TAI,0,3,11556.0400390625
米,并,0,2,11554
十张,片,0,2,11541
ME,米,0,1,11533.05
TIA,件,0,1,11522.3896484375
百米,箱,0,1,11520
PIECE,个,0,1,11520
批,4,0,1,11520
平方厘米,套,0,1,11512
条,杆,0,1,11500
张,M2,0,1,11480
瓶,JUA,0,1,11455
Pc,个,0,3,11452
支,万片,0,2,11437.5
件,一船套,0,1,11432
度,根,0,2,11432
包,每一个,0,1,11394.349609375
月,条,0,1,11376
块,M*M,0,1,11334.9599609375
床,盒,0,1,11333.83
平方米,天,0,1,11325
张,zha,0,1,11310
面,吨,0,2,11310
床,千克,0,2,11310
桶,杯,0,1,11308.6796875
千条,包,0,1,11277
1 袋,1组,0,1,11265.669921875
外内,条,0,1,11250
批,台/套,0,1,11238
M,KM,0,2,11202
EA,本,0,3,11201.36004882812
只,个.,0,1,11200
千,把,0,1,11200
桶,TOG,0,1,11200
UNKNOWN,株,0,1,11200
捆,EA,0,1,11200
颗,付,0,1,11122.47998046875
1TG,盒,0,1,11115.86010742188
千克,H,0,1,11086.6
平方,枚,0,1,11085.25
册,箱,0,1,11079.2
架,UNKNOWN,0,3,11075
提,块,0,1,11061.4
座,平方米,0,1,11050
匹,吨,0,1,11040
UNKNOWN,船套,0,2,11038
千件,UNKNOWN,0,4,11020.28
个,ROLL,0,1,11009.4
支,AA2004,0,1,11000
公斤,平方厘米,0,1,11000
天,.,0,1,11000
公斤,口井,0,1,11000
点,UNKNOWN,0,2,11000
支,面,0,1,10975
大罗,付,0,1,10970
915655326,个,0,1,10965.51953125
月,公斤,0,2,10946.5498046875
捆,PCS,0,1,10935.259765625
UNKNOWN,间/晚,0,1,10910
套,周期,0,1,10894.8
顶,台,0,2,10894.45
付,PR,0,1,10882.5302734375
100UL,套,0,1,10868
册,公斤,0,1,10857.599609375
张,ZHA,0,1,10850
合,600片/盒,0,1,10850
千克,次,0,2,10846.2
架,米,0,4,10840
万㎡,项,0,1,10812.3
瓶,吨(MT),0,4,10805
只,Pc,0,1,10800
吨,208L/桶,0,1,10800
万个,EA,0,1,10794.2998046875
4KG,个,0,1,10780
1袋,UNKNOWN,0,5,10753.2501373291
305米/箱,对,0,1,10750
50b/22.7kg,瓶,0,1,10750
p,台,0,1,10748
EA,张,0,1,10740
包,BAG,0,2,10738.70000004768
m,SET,0,1,10730
合,斤,0,2,10711.78979492188
组,代,0,1,10707
台,1瓶,0,1,10680
米,筒,0,2,10675
张,ST,0,2,10640
卷,ST,0,1,10636.3203125
瓶,500g,0,3,10626
万只,根,0,1,10615
个,AU,0,3,10610
罐,卷,0,3,10606.36
本,式,0,1,10600
公斤,K G,0,1,10594.5
厘米,个,0,1,10579
袋,颗,0,1,10560
升,项,0,2,10546.85
袋 .,盒,0,2,10524.94
/年,UNKNOWN,0,1,10500
T,㎏,0,1,10500
PAC,块,0,1,10500
块,合,0,1,10500
组,Kg,0,1,10500
双,本,0,1,10477.08
万只,包,0,2,10470
个,ZEA,0,1,10469
UNKNOWN,千瓦/时,0,1,10437.3203125
PCS,卡,0,1,10437
卷,BAO,0,1,10431.7001953125
批,层,0,1,10400
件,km,0,1,10400
公斤,顶,0,1,10400
米,M2,0,2,10400
轴,卷,0,3,10399.669921875
KG,万张,0,1,10392.3
份,方,0,1,10347.5
盘,EA,0,3,10345.76990222931
车副,个,0,1,10312.2
组（5件）,件,0,1,10300
1KG/罐,千克,0,1,10300
挂,条,0,1,10294.080078125
桶,桶（筒）,0,1,10290
本,次,0,4,10284.32
对,盒,0,4,10283.8798828125
个,无,0,6,10276.02001953125
UNKNOWN,台日,0,1,10272.88
万卡,万卡,1,2,10250
mm,个,0,1,10250
箱【12】,盒,0,1,10226.04
天,年,0,2,10222
具,米,0,3,10208.25
元/月,UNKNOWN,0,1,10200
扇,批,0,1,10200
个,SU,0,1,10181.23046875
瓶,250g,0,1,10179
M,项,0,1,10176
批,捆,0,3,10162.69995117188
只,KUA,0,2,10161.19995117188
BOX,个,0,5,10131.82008483887
台,度/吨,0,1,10098
UNKNOWN,百只,0,1,10098
m3,PC,0,1,10096.16015625
UNKNOWN,千,0,1,10082.95
只,100支/包,0,1,10080
捆,梱,0,1,10075
片,巴,0,3,10070
UNKNOWN,间/天,0,1,10060
提 .,批,0,1,10056.0498046875
块,口,0,1,10035
盒 .,盒.,0,7,10014.83997917175
1副,把,0,1,10014.05
袋,项,0,1,10013
箱,盏,0,1,10005
M2,桶,0,1,10000
㎡,PC,0,1,10000
千克,轴,0,1,10000
宗,支,0,1,10000
辆,年,0,1,10000
人天,月,0,1,10000
公斤,100g,0,1,9997.400024414063
连,UNKNOWN,0,1,9992
跟,套,0,1,9990
m3,1,0,1,9990
仟支,支,0,1,9944
份,kg,0,3,9915.600036621094
项,pcs,0,1,9899
付架,台,0,1,9894
罐,份,0,1,9879
台,台,0,2,9875
箱,piece,0,2,9858.48046875
组,盘,0,1,9850
SET,盒,0,4,9848.099975585938
服务费,片,0,1,9826
立方,月,0,3,9815.099951171875
KG,cm,0,1,9811.2001953125
只,Wp,0,1,9800
KG,捆,0,3,9796.98999786377
百,件,0,1,9762.799999999999
套,1台,0,2,9746.49
件,挂,0,2,9742.799999999999
份,千克,0,1,9732.6796875
KG,16KG/桶,0,1,9729
月,元/年,0,1,9717
盒,ea,0,1,9690
块,M2,0,1,9680
万米,批,0,1,9676.07
卡,箱,0,2,9645.890000000001
SET,组,0,3,9627
把,斤,0,4,9622.929807128907
卡,根,0,2,9609.0498046875
只,路,0,1,9607.3603515625
架,辆,0,1,9600
万只,对,0,1,9600
站点,点,0,1,9600
串,台,0,1,9600
PK,件,0,1,9599.099609375
箱,匹,0,1,9570
度,12月份,0,1,9513.599609375
包,bag,0,1,9507.39013671875
杯,件,0,4,9466.519999999999
M,pc,0,1,9458
吨,市斤,0,2,9450
pcs,副,0,1,9430
NU,NU,1,1,9429.0400390625
包,g,0,1,9400
公斤,组件,0,1,9400
台,GJ,0,1,9385.76
1盒,UNKNOWN,0,6,9379.950202941895
kg,令,0,1,9363.9
立方,m,0,1,9354.240234375
Pcs,把,0,3,9336.25
次,点,0,1,9272.559999999999
个/台,set,0,1,9260
户,年,0,4,9257.57
行,袋,0,1,9234.89990234375
套,/,0,1,9231
辆,每一个,0,1,9225.82
延米,套,0,1,9220
KG,CAN,0,1,9219.5498046875
罐,次,0,3,9206.75
瓶,T,0,1,9200
kg,1杯,0,1,9200
UNKNOWN,元/天,0,1,9200
桶,斤,0,5,9192.75
箱,串,0,1,9179
次,亩,0,1,9154
平方数,块,0,1,9140
PAK,瓶,0,1,9130.570068359375
把,扎,0,1,9122
PIECE,桶,0,1,9120.1
条,车,0,1,9100
个 .,盒.,0,4,9096.119956970215
只,drum,0,1,9078.970000000001
m2,米,0,1,9075
套/支,个,0,1,9044
UNKNOWN,KWHr,0,1,9036.5400390625
公里,圈,0,1,9032
升,PCS,0,3,9023.940093994141
顶,平方,0,2,9017
箱,25公斤/袋,0,1,9000.0703125
车,组,0,1,9000
套,3,0,1,9000
公斤,BAL,0,1,9000
芯,箱,0,1,9000
A1,份,0,1,9000
次,人/次,0,1,9000
部,架,0,2,9000
set,PC,0,1,8962.3798828125
加仑,1加仑/桶,0,1,8960.009765625
pcs,pc,0,1,8941.990234375
万支,片,0,3,8937.5
公斤,建,0,1,8928
Box(500prs),对,0,1,8910.02
Ea,个,0,1,8910
千瓦时,度数,0,1,8897.18
只,万支,0,1,8885.220000000001
快,块,0,2,8882
个,环,0,1,8880
KW.h,KWH,0,1,8876.280000000001
条,提,0,2,8875.700000000001
千只,块,0,1,8874.1201171875
KM,块,0,1,8849.5
台,1光4电,0,1,8845.2001953125
只,千粒,0,1,8840
合,式,0,1,8823
根,t,0,1,8820
1,箱,0,2,8814
公里,M,0,1,8809.5595703125
块,部,0,2,8805
TAO,个,0,2,8800
套 .,台,0,2,8790
EA,副,0,2,8789.01
RL,套,0,1,8785
套,个580,0,1,8782
10千克,桶,0,1,8771.5400390625
KG,GK,0,1,8759.7802734375
套,BAG,0,1,8758.159790039063
斤,吨,0,1,8750
桶,209L/桶,0,1,8750
台,Each,0,2,8743
辆,公斤,0,3,8740
拾张,张,0,4,8736.900000000001
则,UNKNOWN,0,1,8736.4501953125
Pcs,辆,0,1,8736
Q23,Z85,0,1,8727.780000000001
件,box,0,1,8704.799999999999
公斤,辆,0,2,8700
台,台/个,0,3,8673.880000000001
ML,ML,1,1,8673.609573364258
千片,片,0,1,8662.490234375
桶/170kg,升,0,1,8660
m2,KG,0,2,8645
板,kg,0,1,8640
kg,BOT,0,1,8639.8701171875
千克,磅,0,1,8639.6103515625
罐,杯,0,1,8633.5595703125
次,颗,0,1,8629.870000000001
方,卷,0,1,8611.2001953125
辆,组,0,2,8611
顶,付,0,2,8609.5
工时,件,0,1,8596.800048828125
只,份,0,3,8594
包,方,0,2,8591.799999999999
套,AU,0,1,8590
UNKNOWN,杯,0,1,8589.900390625
坛,坛,1,1,8580
盒,m,0,1,8562
UNKNOWN,UP,0,1,8559
卷,ROL,0,1,8553.83984375
批,千,0,2,8552
盒,快,0,1,8520.48046875
pcs,吨,0,1,8505.120000000001
UNKNOWN,项目,0,1,8500
EA件,套,0,1,8500
圈,只,0,3,8492.440063476563
元,只,0,2,8483
项,W,0,1,8480
千克（公斤）,千克（公斤）,1,1,8473.959999999999
kg,100条/袋,0,1,8471.5
尾,KG,0,1,8460
1PC,袋,0,10,8440.460151634215
km,个,0,2,8423
组,升,0,2,8411.519996643066
米,个,0,1,8400
具,台  set,0,1,8400
pcs.,合,0,1,8400
天,set,0,1,8400
500g,500g,1,7,8395.839897155762
捆,件,0,4,8380.800000190735
块,set,0,2,8375
套,g,0,2,8360
CM,套,0,2,8345
pcs,次,0,2,8341.119999999999
付,EA,0,8,8307.469995117188
套,ZU,0,1,8300
1盒,瓶,0,2,8286.470000095367
平米,组,0,1,8280
年,张/年,0,1,8280
m3,无,0,1,8280
27寸,台,0,1,8280
米,顶,0,2,8270
床 .,套,0,1,8268
筒,把,0,8,8262.960052490234
件12,把,0,1,8256
块,架,0,2,8252.30990234375
顶,块,0,1,8245.5
支,HXP,0,1,8240
次,户,0,2,8237.8701171875
米,挂,0,1,8220
元,千瓦时,0,1,8202
万粒,层,0,1,8200
块,本,0,7,8198.319951400757
套,扎,0,4,8196.570068359375
Pcs,双,0,1,8195
UNKNOWN,扎,0,1,8190.9
米,set,0,1,8189.27
合,UNKNOWN,0,4,8161.610008239746
对米,千克,0,1,8160
块,SET,0,2,8138.810068359375
K,批,0,1,8123.5
片,盘,0,3,8123
ea,个,0,1,8099.58
圈,件,0,4,8098.369934082031
块,小时,0,1,8096
㎏,个,0,1,8088.81
根,㎡,0,2,8078.06
组.,组,0,1,8074
M2,台,0,2,8061
桶,大桶,0,1,8060
双,SET,0,1,8049.9599609375
元,平米,0,1,8049.599853515625
m3,包,0,2,8040
支,幅,0,2,8025
公斤,ZHI,0,2,8012.599853515625
千条,米,0,2,8008
PK,片,0,1,8005.18017578125
UNKNOWN,250ml*1、500ml*1,0,1,8000
笔,期,0,1,8000
件,炉,0,1,8000
份,年,0,1,8000
m,m2,0,1,8000
T,L,0,1,8000
500毫升,瓶,0,1,8000
炉,公斤,0,1,8000
P,项,0,1,8000
年,季度,0,1,8000
米,份,0,1,7996
SET,包,0,2,7986.84
床,袋,0,2,7986.340087890625
副,梱,0,1,7979.53
本,筒,0,2,7968.60009765625
UNKNOWN,载扇,0,1,7961.66015625
小盒,个,0,4,7952.02999206543
kg,万袋,0,1,7950.759765625
位,千克,0,1,7950
张,千只,0,1,7950
公斤,立方分米,0,1,7921.3701171875
Each,套,0,3,7917.29
袋 .,袋.,0,10,7911.679977264404
M2,叠,0,1,7899.43994140625
批,码,0,1,7899
只,席,0,1,7880
年,1,0,3,7872
1 批,听,0,1,7867.93994140625
只,each,0,1,7865.2001953125
套,1个,0,3,7864.360001220703
m3,片,0,1,7857
张,盘,0,4,7847.779992675782
支,加仑,0,1,7840
米................2,米,0,2,7839.5
Each,盒,0,1,7838.619827270508
箱,1提,0,1,7812.2001953125
PC,tai,0,1,7810
元,份,0,1,7800
纸盒,件,0,1,7800
套,台(套),0,1,7783.2001953125
无,批,0,1,7772.83
批,立方米,0,1,7771.14990234375
套,柄,0,1,7770
用户/年,项,0,1,7750
双(pr),副,0,1,7741.830078125
樘,面,0,1,7719.990234375
批,ea,0,1,7713
桶,PAIL,0,1,7701.14013671875
SET,瓶,0,1,7700.5
CM,副,0,1,7684
大包,箱,0,1,7684
盒,节,0,5,7682.480195312501
PCS,平米,0,1,7680.01
捆,包,0,3,7675.300243377686
月,份,0,1,7674.25
ROL,箱,0,1,7672.54
M,公里,0,1,7670.14990234375
万付,公斤,0,1,7659.43994140625
915417146,箱,0,1,7652.93994140625
管,盒,0,1,7650
PC,公斤,0,1,7639
组 .,盒,0,1,7631.830078125
1 包,1包,0,3,7629.859990310669
PC,卷,0,1,7628
万支,批,0,1,7620
m,元,0,1,7620
UNKNOWN,公升,0,1,7611
套,万付,0,1,7600
个,砖,0,1,7600
樘,M2,0,1,7600
桶,式,0,1,7595
袋,板,0,2,7580.52001953125
巴,个,0,2,7571.690026855469
支,打,0,2,7569.7
公斤(KG),个,0,1,7552.240234375
支,G,0,1,7530.89990234375
24罐/箱,箱,0,1,7500
305米/盘,批,0,1,7500
部,项,0,1,7500
件,年,0,1,7500
趟,项,0,1,7500
t,T,0,1,7500
组 .,支,0,2,7498.099998474121
公斤,塊,0,2,7483.91015625
瓶,TK,0,1,7482
m3,袋,0,1,7460
十只,十只,1,1,7456.570037841797
1 袋,1包,0,2,7442.14023399353
批,时,0,1,7440
千个,KG,0,1,7440
Kg,捅,0,1,7440
法,片,0,1,7440
盒,package,0,1,7439.38
包(Pcs),个,0,1,7427.9501953125
幅,面,0,3,7426.06005859375
PCS,psc,0,1,7402.7998046875
套,KUA,0,1,7400
斤,台,0,1,7400
SETS,件,0,1,7400
1 批,1件,0,2,7397
M,支,0,4,7395.5
KGM,包,0,1,7376.17
人,次,0,1,7360
帕,支,0,1,7352.05
吨/天,吨,0,1,7347.8
千只,百,0,1,7328.51
瓶,bottle,0,3,7328.059970703125
盏,只,0,4,7322
节,把,0,2,7318
UNKNOWN,EACH,0,4,7300.630048828125
峰,峰,1,1,7300
Kwh,UNKNOWN,0,1,7290.97998046875
箱,册,0,1,7280
樘,PCS,0,1,7265.7001953125
瓶,个/月,0,1,7245
盆,件,0,2,7226
份,条,0,2,7225
M2,吨,0,1,7223
人份,瓶,0,2,7212.7998046875
万枚,小时,0,1,7200
人,月,0,1,7200
无,张,0,1,7200
KW/H,个,0,1,7200
套,ZEA,0,1,7200
M2,条,0,1,7200
套件条,件,0,1,7198.7998046875
次,M,0,1,7198
升,桶/20L,0,1,7196
扎,套,0,1,7192.7998046875
1 盒,盒,0,8,7184.479965209961
BAG,BAG,1,1,7180.31982421875
100米/卷,米,0,1,7171.2001953125
节,1,0,1,7168
700ml,瓶,0,1,7166.55
pi,件,0,1,7163.759765625
平方,piece,0,1,7155.990234375
个,小时,0,2,7146.789978027344
厅,升,0,1,7138.98
批,EACH,0,1,7137
箱,PS,0,1,7130
桶,盘,0,1,7128.169921875
个,1组,0,5,7126.620006561279
千,千只,0,2,7111.52
小桶,公斤,0,1,7100
台,明基NW612,0,1,7100
套,JIA,0,1,7087
张,扎,0,1,7080
克拉,块,0,1,7068
平方米,副,0,2,7058.5
个 .,件,0,5,7033.339842319489
千米,盘,0,1,7030
卷,GE,0,1,7020
EA,kg,0,3,7004.200006103516
KG,500ml,0,1,7000
KPCS,pcs,0,1,7000
宗,月,0,1,7000
每人每天,张,0,1,7000
箱,床,0,1,7000
式,块,0,1,7000
TAO,件,0,1,7000
箱,`箱,0,1,7000
千件,付,0,1,6999.48
批,座,0,1,6990
件,筐,0,1,6975
Each,批,0,1,6970
件,ct,0,1,6962
台,快,0,1,6949.42
平方,面,0,1,6939
箱,1袋,0,2,6938.24
件,ea,0,2,6925.47998046875
24盒,UNKNOWN,0,1,6880
条,立方,0,1,6850
个,钢,0,2,6837.5
KG,对,0,1,6832.64990234375
吨,Pcs,0,1,6831.85986328125
根,条/块,0,1,6829.02978515625
筒,张,0,6,6808.029998779297
节,支,0,3,6805.5
UNKNOWN,灌,0,1,6804.830078125
件(1*40),瓶,0,1,6800
扇,T,0,1,6800
整套,平方米,0,1,6800
则,次,0,1,6800
305米/箱,台,0,1,6800
把,平方米,0,4,6781.5
l,支,0,1,6750
12 盒,1组,0,1,6710.7998046875
米,小时,0,1,6704.77978515625
吨,天,0,3,6692
包,Kg,0,2,6683
PCS,m,0,2,6678.779998779297
人,组,0,1,6670
米,RL,0,1,6664
条,GEN,0,2,6656.58
架,M,0,1,6652.75
千枚,条,0,1,6650
只/支,件,0,1,6650
个,棵,0,2,6646.4
批,台日,0,1,6643
1TO,条,0,1,6641.35
合,只,0,7,6638.39
瓶 .,个,0,2,6631.070018768311
毫米,卷,0,1,6630
桶,BKT,0,1,6614
把,听,0,2,6610.13
只,FCS,0,1,6600.009765625
对,Kg,0,1,6600
支,KM,0,1,6600
?,件,0,1,6600
PSC,节,0,1,6598.7998046875
㎡,EA,0,1,6598.7998046875
根,Kg,0,2,6562.400024414063
箱,宗,0,2,6560
克拉,只,0,2,6549.989990234375
件,t,0,1,6547.2001953125
20 听,1瓶,0,1,6541.240234375
桶,16KG桶,0,1,6520
个,bar,0,1,6513
公斤,种,0,1,6510
KG,板,0,1,6500
列,个,0,1,6500
件,千只,0,2,6490
-,批,0,1,6480
人,人,1,3,6480
桶,4*4,0,1,6480
件(pc),个,0,1,6480
个/月,天,0,1,6451.46
套,CASE,0,1,6442
KA,把,0,2,6439.58
115克,块,0,1,6433.6
只,ZEA,0,1,6432
916852329,UNKNOWN,0,1,6425.93994140625
巻,卷,0,1,6425
件,G,0,2,6420.400001525879
UNKNOWN,盘,0,4,6402.400024414063
立方米,万块,0,1,6400
平方,捆,0,4,6395
916183070,UNKNOWN,0,1,6393.019836425781
千只,市斤,0,1,6387
500ml/瓶,吨,0,1,6375
双,kg,0,3,6368.5
千件,EA,0,2,6351.460052490234
本,SA,0,1,6347.14013671875
UNKNOWN,打,0,2,6338
圈,张,0,1,6330
㎡,栋,0,1,6326.54
100个/袋,个,0,1,6325.64990234375
元/平方米/月,件,0,1,6320
个,平,0,1,6318
张,袋,0,6,6316.400000572205
提,无,0,1,6314
公 斤,个,0,1,6303
扇,平米,0,1,6300
令,KG,0,1,6300
盒,KIT,0,1,6300
1PC,罐,0,2,6287.61984375
1BA,套,0,3,6269.129928588867
架,条,0,3,6266.010192871094
张,辆,0,2,6262
只,GE 个,0,1,6259.8
KWH/元,度,0,1,6245.880065917969
站点,站点,1,1,6240
件,刀,0,1,6236
KG,单,0,1,6222.24
付,EACH,0,1,6213.56005859375
平方米,万个,0,1,6208.1
Kg,本,0,2,6203.39990234375
次,块,0,2,6200
SET,m,0,1,6197.5
米,包/盒,0,1,6197
UNKNOWN,具,0,1,6195
m2,立方米,0,1,6179.8
袋,碗,0,2,6179
台,车,0,1,6171.2001953125
16kg/桶,台,0,1,6160
平米,立方,0,1,6159
套,ml,0,1,6150
卷,款,0,1,6148.33
Pcs,PC,0,1,6135
盘,斤,0,1,6132
令,pcs,0,1,6119
UNKNOWN,饼,0,1,6087.6
斤,碗,0,1,6086
卷,刀,0,1,6084
同,件,0,1,6080
盒,ZHI,0,1,6053
个,扇,0,3,6052
本,本，张,0,1,6044.83984375
m2,M2,0,1,6030
副,zhi,0,1,6022
套,合,0,3,6021
Kg,罐,0,1,6017.01
把（套）,把,0,2,6013.05
盒,令,0,1,6000.009765625
克,10L/箱,0,1,6000
根,托,0,1,6000
#,次,0,1,6000
具,条,0,1,6000
公斤,方,0,1,6000
次,立方米,0,1,6000
次,款,0,1,6000
T,次,0,1,6000
袋,升,0,1,6000
千瓦/时,7-101/11-104,0,1,6000
公斤,年,0,1,6000
间/天,天,0,1,6000
立方米,8立方,0,1,6000
副,根,0,1,6000
/年,台,0,1,6000
双,颗,0,1,5985.60009765625
㎡,桶,0,1,5982
瓶/桶,瓶,0,1,5980
工/天,面,0,1,5967
盒,饼,0,1,5966
把,SET,0,5,5950.809993438721
盒,25ML,0,1,5942
1盒,桶,0,1,5940
个,炉,0,2,5930
卷,ea,0,1,5928
件,Z18,0,1,5920
24支/箱,箱,0,1,5880
平,公斤,0,1,5880
块,顶,0,4,5871.199951171875
kg,1,0,2,5868.439999237061
km,盘,0,2,5855
个(pc),双,0,1,5851.93994140625
Pcs,听,0,1,5851.4
束,条,0,1,5850
合,片,0,4,5845.139999999999
卷,副,0,2,5832.559799194336
24支/箱,24支/箱,1,2,5830
吨,件/根,0,1,5820.8
个,kkwh,0,1,5820
PC,升,0,3,5802.12
支（台）,台,0,1,5800.6
1000,米,0,1,5800
mm,PCS,0,1,5798
米,ea,0,3,5787.040124511719
只,码,0,1,5772
笔,度,0,2,5762.56
Kg,斤,0,1,5760
千克(公斤),套,0,1,5760
套,卡,0,3,5738.25
卷,颗,0,2,5731.3798828125
KG,元/吨,0,1,5727
枚,包,0,1,5720
件,each,0,1,5716
千片,只,0,1,5715.38
吨,桶（罐）,0,1,5709.97998046875
箱 .,批,0,1,5692.17
台,ZI,0,2,5679.780053710938
700个/盒,700个/盒,1,1,5677.9
批,Each,0,1,5670
台,台.,0,1,5650
并,并,1,3,5649.099998474121
KA,卷,0,1,5637.6
合,顶,0,1,5619.10009765625
天,间,0,2,5617
套,缸,0,1,5616
百根,m,0,1,5610.8
架,支,0,2,5608.0400390625
立方米,付,0,1,5600
支,t套,0,1,5600
公斤,bot,0,1,5597.169921875
件,2件/套,0,1,5590
袋,BOX,0,1,5585
个,GE 个,0,1,5580
只,小时,0,3,5579
平方米,提,0,1,5576
kg,本,0,4,5566.5
支,pack,0,1,5544.7001953125
组,对,0,1,5544
PCE,块,0,1,5540.4
CS,个,0,1,5540
笔,KG,0,1,5533.63
吨,元/方,0,1,5531.0400390625
EA,对,0,4,5530
卡,支,0,12,5527.050027637482
米,瓶,0,3,5525
公斤,15KG,0,1,5523.169921875
碗,瓶,0,2,5520.8
pcs,ea,0,1,5520.02001953125
台,CASE,0,1,5520
车付,只,0,1,5520
升,本,0,1,5520
UNKNOWN,卡,0,1,5519.799926757813
个,万发,0,1,5515.2
种,台,0,1,5512
袋,PACKET,0,2,5507.099975585938
1TO,件,0,7,5505.35992767334
万条,UNKNOWN,0,1,5500
PACK,只,0,1,5500
/PCS,桶,0,1,5500
度,千千瓦时,0,1,5497
并,卷,0,1,5484
桐,桶,0,1,5473
代,个,0,2,5460
次,枚,0,1,5458
万条,卷,0,2,5452.68994140625
本,合,0,3,5451.5
SETS,套,0,1,5450
BX,BX,1,1,5445
条,匹,0,1,5424
JUA,卷,0,1,5420.7001953125
圈,吨,0,3,5420.040000915527
克,米,0,2,5407.02
年,根,0,2,5402
根,元,0,1,5400
m3,盒,0,1,5400
立方,桶,0,1,5400
用户,套,0,1,5400
卷,pack,0,1,5400
T,m,0,1,5400
吨,并,0,2,5395
升,次,0,1,5395
Y,条,0,1,5377.76
片,部,0,1,5363.2001953125
50ug,盒,0,2,5361
个,只/AH,0,1,5360
组 .,瓶,0,1,5358.799999952316
件,千件,0,2,5358.60009765625
筒,EA,0,1,5340.86
kg,千克（公斤）,0,2,5336.3
付,盘,0,2,5334
1M/条,根,0,1,5325.8
付,piece,0,1,5325
PCS,具,0,1,5319.8
条,式,0,2,5315.12
条,piece,0,5,5314.610024414063
KM,式,0,1,5310
Kg,副,0,1,5307
台,台 套,0,1,5300
P,本,0,1,5300
片,笔,0,1,5300
辆,㎡,0,1,5300
批,Kit,0,1,5297.3701171875
FUU,付,0,1,5290.5498046875
包,小盒,0,1,5280
只,ALK-1-2.2,0,1,5272
200ML/支,件,0,1,5267
Pc,套,0,1,5264
排,只,0,1,5250
升,EA,0,1,5244.5
1 kg,盒,0,1,5237.129994392395
根,轴,0,1,5225
个,L,0,3,5221.9
张,种,0,2,5208.7
列,台,0,1,5204.919921875
米,立,0,1,5200.27978515625
条,调,0,1,5200
块,一船套,0,1,5200
千件,Pcs,0,1,5176.35009765625
台,個,0,2,5164.070022583008
个,千件,0,5,5148
码,只,0,1,5134.52978515625
千,米,0,2,5128
间,月,0,1,5125.12
天,公里,0,1,5123.5400390625
把,㎡,0,2,5122.14013671875
1 kg,kg,0,1,5121.43994140625
2.5KG/罐,瓶,0,1,5120
Kg,批,0,1,5120
件(pc),条,0,1,5115.01
碗,批,0,1,5107.2
架,平方,0,1,5100
公斤,千米,0,2,5100
米,HE,0,1,5100
PC,GRP,0,1,5096.85009765625
件,千条,0,1,5095
人,吨,0,2,5092
M,轴,0,1,5071.27978515625
块,EACH,0,1,5062.15
M,箱,0,2,5055
千克,千个,0,1,5054.4
瓶,天,0,2,5040
管,支,0,1,5040
张,圈,0,1,5040
床,付,0,2,5040
/,度,0,1,5038
粒,合,0,1,5026
排,套,0,3,5021.359951171875
盒,月,0,3,5010
层,组,0,1,5005
樘,KG,0,2,5003.9599609375
KG,炉,0,1,5000.01
年,无,0,1,5000
吨,加仑,0,1,5000
无,台,0,1,5000
吨,笔,0,1,5000
套,50支/盒,0,1,5000
千米,片,0,1,5000
架,kg,0,1,5000
人次,项,0,1,5000
立方,标准立方米,0,1,5000
桶,16L/桶,0,1,5000
千粒,pcs,0,1,4995
扎,根,0,1,4980
个,305米/盘,0,1,4980
台,克,0,2,4977.290002441407
张,无,0,1,4950
时数,次,0,1,4944.89990234375
米,roll,0,1,4941.64013671875
mg,瓶,0,3,4930
PCS,立方,0,1,4928.8
户,个,0,1,4928
pcs,set,0,1,4923
卡,粒,0,6,4922.92999786377
只,个(套、台),0,1,4920
车,个,0,2,4919.139892578125
箱,pcs,0,5,4919.079991149903
套,延米,0,2,4912
kg,大桶,0,1,4910
吨,6M*件,0,1,4904
月,瓶,0,1,4885
平方米,多种,0,1,4877
500g/瓶,瓶,0,1,4875
吨,Piece,0,1,4873.25
KG,颗,0,1,4871
条,m3,0,1,4868.2900390625
个,方,0,2,4863
kWh,kW·h,0,1,4859.8798828125
千件,Kg,0,1,4853.68017578125
m,扎,0,1,4851.580078125
5千克,箱,0,1,4850
斤,条,0,2,4844
卷,点,0,1,4842.8
轴,片,0,1,4826.25
捆,平,0,2,4820
套,金吨,0,1,4800
桶,drum,0,1,4800
块,人*天,0,1,4800
只,方,0,1,4800
根,班,0,1,4800
kw/h,年,0,1,4800
升,立方米,0,1,4800
升,付,0,1,4798.75
盒,次,0,1,4797
支,Kwh,0,1,4797
盒,对,0,3,4785
本,瓶,0,5,4767.249926185608
把,M2,0,1,4762.81005859375
立米,方,0,1,4750
斤,米,0,3,4750
千米,千克,0,1,4741.10009765625
M^,卷,0,1,4732.0498046875
台,EAT,0,1,4732.02
小时,H,0,1,4713.0498046875
提,把,0,4,4712.279992675782
立方,m2,0,1,4708.8
米,匹,0,1,4700
站点,台,0,1,4700
H1S,台,0,1,4699
款,PCS,0,1,4690.2001953125
192孔pcr架,个,0,1,4676
盘,度,0,1,4670
公斤,PK,0,1,4666
桶,遍,0,1,4663.619934082031
kg,壶,0,3,4660
只,table,0,2,4655.77
碗,1碗,0,1,4644
千套,千件,0,1,4620
6月,UNKNOWN,0,1,4619.83
台,PS,0,1,4600
桶,捅,0,1,4600
根,千个,0,1,4590
个,D10YH5-4,0,1,4589.919921875
十个,塔,0,1,4585.92
块,卡,0,3,4584.809997558594
公斤,500G/并,0,1,4580
袋,筒,0,5,4576.200006103515
平方,基,0,1,4573.2
kit,1 set,0,1,4558
个,瓦,0,1,4554
平方分米,个,0,1,4549
-,次,0,1,4545.240234375
片,Kg,0,1,4545
合,付,0,1,4536
把,部,0,2,4523
桶,180kg/桶,0,1,4521.02
kg,Pc,0,1,4520
笔,公斤,0,1,4510
吨,匹,0,1,4500
双,斤,0,1,4500
支,bot,0,1,4500
航次,UNKNOWN,0,1,4500
箱,1*20,0,1,4500
平方,逃,0,1,4500
室,ST,0,1,4500
千件,式,0,1,4500
箱(6),个,0,1,4500
台,1件,0,1,4499
炉,片,0,1,4491
包,1袋,0,1,4470
把,HE,0,2,4456
盘,吨,0,4,4454.27001953125
PC,件数,0,1,4453.68017578125
张,门,0,1,4452
棵,吨,0,2,4450
片,年,0,1,4446
台,元/年,0,1,4440
台,100,0,1,4428.6
1BX,UNKNOWN,0,1,4426.77978515625
套,L,0,1,4422
PCS,GE,0,1,4419.60009765625
日,UNKNOWN,0,2,4418
期,张,0,1,4400
M,GEN,0,1,4400
根,本,0,1,4400
500g,升,0,2,4392
米,轴,0,3,4391.280000000001
915617525,件,0,1,4385
公里,EA,0,1,4384.7998046875
30支/盒,30支/盒,1,1,4380
吨,万套,0,1,4374.5
根,件/根,0,1,4360
420毫升/个,桶,0,1,4352.39990234375
卡,UNKNOWN,0,4,4352.279998779297
包装,支,0,1,4351.5
吨,托,0,1,4350
SFRV-400,个,0,1,4340.7001953125
件,加仑,0,2,4318.8
朵,朵,1,1,4318
盒(Pcs),袋,0,1,4314.65
只,千瓦,0,1,4310
粒,对,0,2,4308
副,1包,0,1,4308
支,m2,0,3,4306.8
把,千件,0,1,4301.75
件,快,0,1,4300
1 个,个,0,15,4297.030008964539
个,盘100米,0,1,4289.08
1 批,1台,0,2,4286
合,根,0,2,4284
次,车,0,2,4283
罐,1kg,0,1,4280
盒,盘,0,7,4277
套,芯,0,1,4266
ZH,只,0,1,4256
把,Kg,0,1,4254.10009765625
吨(MT),吨（MT）,0,1,4250
袋(Pcs),个,0,3,4238.529980659485
1盒,批,0,2,4233.39990234375
对米,条,0,1,4231.52978515625
公斤,尾,0,1,4230.77001953125
set,块,0,1,4216
包,公,0,1,4211.55
平方分米,根,0,1,4203.2
gk,件,0,1,4200
车,天,0,1,4200
个(pc),片,0,1,4199.99
KW,UNKNOWN,0,1,4196.7
个,平方尺,0,1,4190.1
kg,台班,0,1,4190
件,M2,0,2,4189.6
10瓶,个,0,1,4180.109985351563
台,RE,0,1,4180
粒,EA,0,1,4172
带,带,1,1,4161.25
根,AU,0,1,4160
套,PAIR,0,1,4160
EA,TAI,0,1,4158.76
项,把,0,1,4155
L,BOT,0,1,4153.2
箱,年,0,1,4146.41015625
只,PCE,0,2,4114.550048828125
㎡,对,0,1,4103.7998046875
元/只,个,0,1,4100
套,5台/次,0,1,4100
人,口,0,1,4100
瓶,坛,0,1,4098
-,个,0,2,4095.079986572266
支,盘,0,4,4088.16
盘,PCS,0,2,4080
12包,提,0,1,4076.78
各,双,0,1,4068
盒,小盒,0,2,4065.300048828125
J件,个,0,1,4050
盘,㎏,0,1,4050
台,系统,0,1,4048
ea,件,0,1,4025
只,LRD10C,0,1,4020
枚,本,0,1,4006.89990234375
天,批,0,1,4000
小时,日,0,1,4000
综,批,0,1,4000
年（次）,UNKNOWN,0,1,4000
万,台,0,1,4000
盒,无,0,1,4000
包,DB,0,1,4000
根,KWH,0,1,4000
枪,套,0,1,4000
PSC,套,0,1,4000
次,口,0,1,4000
户,次,0,2,4000
拍,个,0,1,3997.09
piece,box,0,1,3987.360046386719
单位,项,0,1,3984
套,百只,0,1,3980
EACH,each,0,1,3970
盏/套,套,0,1,3960
平,块,0,1,3955
根,BOX,0,2,3955
板,副,0,1,3946
介,个,0,1,3944
提,宗,0,1,3936
条,芯,0,2,3932
pcs,顶,0,1,3924.96
1盒,听,0,1,3920
月,片,0,1,3920
合,把,0,8,3907.75
床,箱,0,1,3906
张,捆,0,2,3905
批,令,0,1,3900
捅,项,0,1,3900
块,快,0,1,3900
CAR,支,0,1,3900
箱,芯,0,1,3886.199951171875
棵,枚,0,1,3880.050109863281
UNKNOWN,工时（天）,0,1,3880
盘,张,0,3,3875.5
爆,包,0,1,3858.800048828125
PS,个,0,1,3853.45
立方米,次,0,1,3850.89990234375
千克,并,0,1,3850
圈,KG,0,2,3840
把,平方,0,3,3834.64
辆,支,0,2,3821.059999465942
1SA,件,0,5,3820.569980621338
盒,打,0,2,3810.45
盘,把,0,6,3807.550003051758
根,纯,0,1,3800
元,间,0,1,3800
人,个,0,1,3800
1,片,0,1,3800
册,期,0,1,3800
单,笔,0,1,3800
12瓶箱,袋,0,1,3792.60009765625
立方,袋,0,2,3784.899993896484
1kg,UNKNOWN,0,3,3784.709909667969
包装,包装,1,1,3781.39990234375
无,套,0,1,3780.2
UNKNOWN,f,0,1,3780.18994140625
只,DN20,0,1,3780
4KG,桶,0,1,3780
代,册,0,2,3780
1 盒,瓶,0,1,3778.989990234375
平米,支,0,1,3769.199951171875
件,盒/箱,0,2,3768.999988555908
对,TAO,0,1,3760
笔,单,0,1,3760
SET,筒,0,1,3751.62
BOT,EA,0,1,3750.56
桶25,桶,0,1,3750
罐,瓶/罐,0,1,3744
两片,两片,1,1,3740
个/台,个,0,2,3734.39990234375
.,个,0,1,3734
件,立方,0,1,3727.85009765625
铁盒,盒,0,1,3726.350006103516
台,Piece,0,1,3720
kg,颗,0,1,3717
公斤,筒,0,1,3710
1 批,袋,0,2,3706.800003051758
盒 .,组,0,1,3704.10009765625
合,套,0,4,3703.6
缸,台,0,2,3702
吨,平,0,1,3701.85
挂,挂,1,1,3700
卷,贴,0,1,3700
mtr,mtr,1,1,3700
本,只(支),0,1,3690.5400390625
对,箱,0,3,3689.8
方桶,千克,0,1,3685.75
支,PS,0,3,3680
台,轴,0,1,3680
顶,公斤,0,1,3680
合,KG,0,2,3660
1TO,包,0,1,3650.14990234375
版,个,0,2,3623.75
千克,mg,0,1,3620
宗,本,0,1,3603.599945068359
支,铝罐/盒,0,1,3600
式,卷,0,1,3600
圈,根,0,4,3597
拾,个,0,1,3595
码,付,0,1,3580
12 罐,12罐,0,1,3579.580078125
1pc,UNKNOWN,0,1,3569.199951171875
千件,袋,0,1,3567.37
只(支),只,0,1,3552.47998046875
扇,组,0,1,3546
包/件,包,0,1,3540
份,桶,0,1,3539
千支,根,0,1,3536.60009765625
对,桶,0,2,3533.5
袋 .,包.,0,4,3529.520099639893
盘,项,0,1,3510
台,3,0,1,3510
包,PAK,0,3,3505.760009765625
千克,合,0,1,3500
mm,片,0,1,3500
扎,把,0,1,3500
pk,台,0,1,3500
UNKNOWN,SET,0,1,3500
方,只,0,1,3495
个,CM,0,1,3488.799926757813
个,ZHI,0,1,3483.61
支,份,0,1,3480
包,CAN,0,1,3480
件/套,枚,0,1,3480
卡,本,0,2,3479.62
个,束,0,2,3478.1
UNKNOWN,TIA,0,1,3477.239990234375
万卡,台,0,1,3470
百个,把,0,2,3466
件,CASE,0,2,3463.799987792969
个 .,吨,0,2,3460.069951171875
只,LY-38,0,1,3450
个,个/月,0,1,3450
500g,包,0,2,3435.739921569824
千,EACH,0,1,3426.56005859375
樘,镗,0,1,3424
盒/箱,桶,0,2,3420
刀,本,0,2,3413.199996948242
箱,枚,0,2,3408.670000076294
厘米,UNKNOWN,0,1,3400
人份,筒,0,1,3400
台/套,付,0,1,3400
箱,台次,0,1,3400
令,刀,0,2,3397
㏒,件,0,1,3387.3798828125
卷,PR,0,1,3384
块,粒,0,2,3382.450073242188
BO5,件,0,1,3380.47998046875
根,辆,0,3,3375.04
台套,只,0,1,3365.60009765625
片,ea,0,2,3362.81005859375
平方米,盏,0,1,3360
米,MR,0,1,3360
会期,次,0,1,3360
具,副,0,1,3360
把,m,0,1,3348
160KG/桶,KG,0,1,3348
吨,中桶,0,2,3340
瓶,十瓶,0,2,3339.119995117188
T,EA,0,1,3338
对,片,0,1,3326.4
张,方,0,1,3317
325ML,瓶,0,1,3312
套,小盒,0,1,3306.909912109375
瓶,杯,0,1,3304.199951171875
圈,个,0,6,3303.800048828125
个,TAI,0,2,3301
平,吨,0,1,3300
100M,米,0,1,3300
170KG/桶,付,0,1,3300
平米,M3,0,1,3300
圆,批,0,1,3300
桶,G,0,2,3294.530000095368
升,卷,0,2,3280
1KG/罐,KG,0,1,3276
公斤,轴,0,1,3271.8
次,趟,0,2,3265
颗,盏,0,1,3263.699951171875
大盒,箱,0,1,3262
节,卡,0,3,3254.660009765625
吨,PG,0,1,3250.010009765625
盒,F.F.P.F.EMC,0,1,3250
年,册,0,1,3250
平,只,0,1,3240
公斤,一批,0,1,3231
具,提,0,1,3230
桶,片,0,2,3228
M3,只,0,1,3225.60009765625
只,PRS,0,1,3218.25
笔,立方米,0,1,3217.9
盒,5L/桶,0,1,3216
个,R,0,1,3214.4
平方米,10个,0,1,3209.070068359375
辆,LIA,0,1,3201.3701171875
个,MW.h,0,1,3200
桶,18L/罐,0,1,3200
付,合,0,1,3200
台,K,0,1,3200
BL,票,0,1,3200
1 台,台,0,3,3191.369995117188
平,卷,0,1,3190
100g,盒,0,1,3187.2
kW·h,kw·h,0,1,3177
盘,KM,0,1,3160
件,圈,0,2,3160
包,床,0,2,3159.73
瓶,BT,0,1,3150
BOX,UNKNOWN,0,1,3150
个,金属吨,0,2,3150
p,kg,0,1,3150
盒,项,0,2,3150
张/卷,只,0,1,3144
件,联,0,2,3140
个,巴,0,3,3140
分米,UNKNOWN,0,1,3134.699951171875
卷,并,0,2,3132.869964599609
块,度,0,2,3122
UNKNOWN,每,0,1,3120
件/套,套,0,1,3117.719970703125
天,人,0,1,3116
个,工位,0,1,3115
把,升,0,1,3109.76
台,台`,0,1,3108
盒,HE,0,1,3100
KG,册,0,1,3093
双,吨,0,1,3091.199951171875
本,提,0,1,3091
.盒.,盒,0,1,3089.429931640625
千套,piece,0,1,3087.919921875
台,HR83,0,1,3087.3798828125
年,只,0,3,3085.490005493164
1 kg,袋,0,1,3066.10986328125
Kg,片,0,2,3065
台.,批,0,1,3060
箱,吨(MT),0,1,3060
盒,ml,0,1,3060
车,月,0,2,3050
100支/盒,支,0,1,3050
盘,kwh,0,1,3045
箱/305M,米,0,1,3040
张,32,0,1,3040
筒,码,0,2,3035.260009765625
升,平方米,0,1,3019.3
个,千克(公斤),0,1,3016
立方,支,0,1,3010
每一个,块,0,1,3002
扎,本,0,2,3001
台次,项,0,1,3000
年,式,0,1,3000
件/支,块,0,1,3000
kg,工,0,1,3000
each,个,0,1,3000
场,场,1,1,3000
M3,米,0,1,3000
年,条,0,1,3000
lot,件,0,1,3000
捆,箱,0,1,3000
ST,EA,0,1,3000
季,台,0,1,3000
个,12个/箱,0,1,3000
个,千米（公里）,0,1,3000
支,25KG/桶,0,1,3000
组,瓶颈,0,1,3000
米,千支,0,2,2996.670043945313
筒,盘,0,2,2993.93994140625
千米,项,0,1,2993.5
片,无,0,1,2990.88
条,TIA,0,1,2988
张,万,0,1,2969.5
Z18,600毫升*12瓶/件,0,1,2965.56
千件,盒,0,3,2965
pc,EA,0,1,2962.420043945313
个,TAO,0,2,2959
200L/桶,200L,0,1,2950
个,29,0,1,2950
本,付,0,1,2950
盒.,千克,0,1,2948
巴,把,0,5,2947.300048828125
卷,扇,0,1,2940
批,BAG,0,1,2939.98
1 卡,卡,0,5,2939.52006149292
M,piece,0,1,2938.58
件,01,0,1,2934
张,1台,0,1,2934
座,台,0,2,2930
cm2,只,0,1,2929.18
格,个,0,1,2928
set,个,0,2,2914.43
916850061,UNKNOWN,0,1,2903.27001953125
1组,箱,0,1,2900
平米,EA,0,1,2900
NR,NR,1,1,2900
盒,碗,0,1,2898
1 批,1盒,0,1,2880.629974365234
卷,扎,0,3,2880
件24,瓶,0,1,2880
台,镀锌,0,1,2880
18L,桶,0,1,2880
把,吧,0,1,2880
罐,月,0,1,2880
桶,BOX,0,2,2876.8
KPC,只,0,1,2872.210144042969
只,1个,0,2,2865.840000152588
500毫升,吨,0,1,2860
立方米,趟,0,1,2860
袋-120,卷,0,1,2860
桶,双,0,1,2860
1瓶,UNKNOWN,0,2,2855.399963378906
梱,平方,0,1,2850
万,只,0,1,2849.86
个 .,月,0,2,2848.989990234375
盒,BOX,0,1,2840.5
件,每一个,0,2,2836.1201171875
筒,瓶,0,1,2835
杜瓦瓶,瓶,0,1,2834.949951171875
筒,千克,0,2,2834.5
件,百件,0,1,2822.260009765625
听,只,0,5,2811.630004882813
批,元/吨,0,1,2808
GE,个,0,1,2804.84
批,小时,0,1,2800
平方米,巻,0,1,2800
UNKNOWN,幅,0,1,2800
台,元/批,0,1,2799
间,次,0,2,2784
千粒,UNKNOWN,0,1,2780
SET,carton,0,1,2779.919921875
千克,100个,0,1,2779.780029296875
平米,箱,0,2,2773.29
Piece,个,0,1,2770.72
RL,卷,0,1,2770
台,BX,0,1,2765.599975585938
人份,块,0,1,2761.199951171875
1 批,1支,0,1,2761.030029296875
套/年,UNKNOWN,0,1,2760
BAG,袋,0,1,2759.52
瓶,甁,0,6,2759
笔,PCS,0,1,2756
米,---,0,1,2750
UNKNOWN,桌,0,2,2743
M,PC,0,1,2741.18
组,卡,0,2,2737.869960784912
个(pc),顶,0,1,2737.800048828125
张,码,0,1,2736
1瓶,千克,0,1,2735
支,mg,0,1,2730.7
只,4G,0,1,2725
千块,千块,1,2,2723.34
kg,BOX,0,1,2722.5
个,7,0,1,2720
台,TP-LINK6300,0,1,2720
十只,PCS,0,1,2719.6201171875
kg,SET,0,1,2714.39990234375
米,千克（公斤）,0,1,2707.969970703125
基,件,0,1,2703.580078125
1PC,桶,0,1,2701.919921875
千瓦/时,Kwh,0,1,2701.60009765625
PC件,PC,0,1,2700.010009765625
台,Kwh,0,1,2700
部,PC,0,1,2700
架,包,0,1,2700
块,M,0,1,2700
次,L,0,1,2700
次/人,人,0,1,2700
只,ｍ2,0,1,2700
M3,个,0,1,2699.199951171875
双,瓶,0,3,2690.96006834507
KG,每一个,0,1,2688
块,辆,0,2,2672
1PC,条,0,1,2672
毫升,套,0,1,2669.77
佰,个,0,2,2665.94
盒 .,吨,0,1,2665.35009765625
听,板,0,1,2663
箱,6入,0,1,2650
箱/500付,副,0,1,2650
KG,BOT,0,1,2640
Kilogram,个,0,1,2635.22998046875
捆,片,0,2,2625
千支,盒,0,2,2620.010009765625
米,万粒,0,1,2618
排,把,0,2,2608
千瓦时（度）,千瓦时（度）,1,1,2603.94
只,吨(MT),0,1,2600
KG,GAL,0,1,2600
1,EA,0,1,2600
百米,捆,0,1,2600
辆,set,0,1,2594.45
盒,1盒,0,3,2591.5
袋,盘,0,2,2589
件,台份,0,1,2586.5
拾,公斤,0,1,2578.800048828125
根,㎏,0,1,2577.60009765625
套,干克,0,1,2575
卷,对,0,1,2574
500ML,KG,0,1,2574
条 .,提,0,1,2573.60009765625
卷,巻,0,3,2568.750024414062
20L/桶,20L/桶,1,1,2565
圆,个,0,1,2560
毫米,付,0,1,2555.5
Set,UNKNOWN,0,1,2544.09
500g,KG,0,1,2543.52001953125
台,Pc,0,1,2540
印,张,0,1,2540
节,粒,0,5,2536.8
PCS,每一个,0,1,2536.1
个,千,0,1,2535
Kg,T,0,1,2532.300048828125
辆,平方,0,1,2522
平方分米,件,0,1,2520.1
条,HE,0,1,2520
套,1瓶,0,1,2520
米,具,0,2,2518
项,片,0,2,2510
万只,箱,0,2,2505.93994140625
代,月,0,1,2505.6
枚,粒,0,1,2504.6
kg,圈,0,1,2500
Drum,千克,0,1,2500
袋,大米,0,1,2500
份,-,0,1,2500
只,KM,0,1,2500
个,同,0,1,2496
个,J1,0,1,2491.830078125
kg,1kg,0,5,2490.699996948242
卷,pc,0,2,2489
台次,组,0,1,2482
个,KW,0,1,2482
条,items,0,1,2480.39990234375
根,合,0,2,2480
kg,提,0,1,2472.5
套年,次,0,1,2470
kg,cm,0,1,2470
卡 ..,卡..,0,1,2467.599998474121
TAI,只,0,2,2464.18994140625
1袋,桶,0,1,2463
架,EA,0,2,2457.239990234375
项,罐,0,1,2450
组,樘,0,1,2444
PCS,cas,0,1,2437.919921875
袋,本,0,3,2431.2
盘,捆,0,4,2431
支,元/根,0,1,2420
万只,颗,0,1,2418.75
M2,M,0,1,2412.8
贴,片,0,1,2400
元,盒,0,1,2400
P,盒,0,1,2400
项,p,0,1,2400
40米/卷,板,0,1,2400
平方英尺,m,0,1,2400
公斤,罐/KG,0,1,2400
百米,个,0,1,2400
部,次,0,1,2400
元,辆,0,1,2400
次,工日,0,1,2400
套,2件套,0,1,2400
KG,800g/罐,0,1,2400
个,套Комп.,0,1,2400
BAG,PCS,0,1,2400
瓶 .,包,0,1,2396.800048828125
大合,台,0,1,2388
件,段,0,1,2387.389892578125
piece,扇,0,1,2380
km,千克,0,1,2379.48
部,条,0,1,2376
UNKNOWN,1台,0,1,2372
罐,斤,0,4,2367.6
公斤,BOTTLE,0,1,2360
只,合,0,7,2359.5
件,币值,0,1,2350
M,㎏,0,1,2350
套,ps,0,1,2348
吨,PS,0,1,2346.0400390625
批,色,0,1,2340
包,500g,0,1,2332.6201171875
次,箱,0,2,2331
次,时,0,1,2327
批,piece,0,1,2322.670043945313
只,PCD,0,1,2318
幅,只,0,2,2318
台,M2,0,1,2316
1 件,件,0,6,2309.500003814697
EA,M,0,1,2300
月,X,0,1,2300
米,梱,0,1,2300
米,KWh,0,1,2300
副,set,0,1,2290.859985351563
1 kg,1盒,0,2,2284.699951171875
月,付,0,1,2280
本,条,0,1,2280
个,担,0,1,2274.75
罐,PCS,0,1,2271.2
箱,对米,0,1,2270
缸,UNKNOWN,0,1,2268
台套,组,0,1,2260
5公斤/桶,瓶,0,1,2258
件,86H3E,0,1,2257.17
40HC,只,0,1,2256.66
扇,只,0,2,2252.910034179688
瓦,组,0,1,2251.800048828125
个,简,0,1,2250.570068359375
巴,包,0,1,2250
㎡,KG,0,1,2250
GE,吨,0,1,2249.91
支,ZHI,0,2,2248.599945068359
PCS,個,0,1,2246.39990234375
具,次,0,1,2240
200米/箱,套,0,1,2235
卷,BAG,0,1,2233
节,件/米,0,1,2225
EA,BUK,0,1,2224.419921875
个,ps,0,1,2224
平方米,扇,0,1,2222
箱,D15,0,1,2221.699951171875
片,顶,0,2,2220
辆,片,0,1,2216
台,棵,0,2,2215
PCS,盘,0,1,2214
个,嗰,0,2,2211
平,件,0,1,2207.360107421875
台,NM3,0,2,2207.100006103516
盒,250ml*12,0,1,2202.199951171875
只,KW.h,0,1,2200
PK,包,0,1,2200
周,套,0,1,2200
组,立方米,0,1,2200
package,piece,0,1,2194.919921875
处,年,0,1,2190
小时,个,0,1,2188.610107421875
台,一光一电,0,1,2187.89990234375
170Kg/桶,个,0,1,2186.199951171875
1HE,套,0,3,2185.019973754883
克,月,0,1,2184.570068359375
天,平米,0,1,2182.74
次,T,0,1,2181.4
件,千支,0,1,2181.18994140625
㎡,本,0,1,2175
具,盘,0,1,2175
SET,张,0,1,2172
拾,千克,0,2,2170.4
PCS,m2,0,1,2165.669921875
立方米,卷,0,2,2161.869995117188
把（套）,件,0,1,2160
盒,12支/盒,0,1,2158.799987792969
组 .,UNKNOWN,0,1,2153.699951171875
片,PS,0,1,2150
吨,DR,0,1,2150
捆,盒,0,2,2150
次,Kg,0,1,2146
人份,ml,0,1,2137.610107421875
箱 .,瓶,0,2,2132.02
只,口,0,1,2131.800048828125
箱,坨,0,1,2120
袋,330g,0,1,2116
EA,ST,0,2,2114.13
1 杯,袋,0,1,2113
卷,顶,0,2,2110.339996337891
Km,m,0,1,2109
PC,EACH,0,1,2106
台,1/2,0,1,2106
百个,盒,0,1,2103.86
个,pair,0,1,2100
套,元/只,0,1,2100
卷,节,0,2,2097
粒,颗,0,1,2095.800048828125
PC,SET,0,1,2091.260009765625
间,张,0,1,2090.199951171875
拾,把,0,3,2083.6
袋 .,盒.,0,1,2083.199951171875
千个,box,0,1,2078.030029296875
间,部,0,1,2072
万张,千克,0,1,2062
14kg/罐,L,0,1,2061.52
千包,个,0,1,2060.85009765625
粒,袋,0,2,2059.460006713867
架,PCS,0,1,2058
千,市斤,0,1,2057.17
套,工时,0,1,2050.3701171875
吨(t),式,0,1,2050
千条,pcs,0,1,2040
只,個,0,1,2040
位,EA,0,1,2040
瓶,十亿,0,1,2035.45
916368355,条,0,1,2035
Kg,把,0,1,2035
1 条,1条,0,4,2033.509994506836
袋(Pcs),袋,0,2,2029.8
万支,包,0,2,2029
袋 .,UNKNOWN,0,7,2028.559992790222
套,套/台,0,1,2025
杯,包,0,1,2016
JBK5-4/2,台,0,1,2015
米,cm,0,1,2012.400024414063
盒,L,0,2,2012
根,顶,0,1,2010
kg.,UNKNOWN,0,1,2000
台/次,月,0,1,2000
十袋,UNKNOWN,0,1,2000
块,千瓦小时,0,1,2000
次,公里,0,1,2000
份,单,0,1,2000
片,两片,0,1,2000
个,年度,0,1,2000
具,箱,0,1,2000
天,套,0,1,2000
个,HUA,0,1,2000
套,Box,0,1,2000
个,1ml,0,1,2000
箱,ea,0,1,2000
万卡,支,0,1,1998
EACH,条,0,1,1989.910034179688
克,包,0,1,1988.56005859375
项,道（焊缝）,0,1,1988
米,管孔公里,0,1,1986
每一个,千克,0,1,1982.05
瓶,平方,0,2,1981.740024414062
万米,只,0,1,1976
加仑,袋,0,1,1976
千只,盘,0,1,1975
kW·h,kW/h,0,1,1971.97998046875
台,1台/月,0,1,1968.4599609375
箱,管,0,1,1968
箱,1包,0,3,1963.5
桶,元/箱,0,2,1962
副,百付,0,1,1962
吨,千支,0,1,1961.199996948242
1,盒,0,1,1960
UNKNOWN,71353.17,0,1,1953.900024414063
幅,组,0,1,1950
EA,工日,0,1,1950
基准吨,KG,0,1,1950
次,ST,0,1,1950
万把,把,0,1,1940
18Kg/桶,升,0,1,1940
板,块,0,2,1938
票,台,0,1,1930
M,AU,0,1,1929
套,提,0,1,1920
吨,顶,0,1,1920
批,板,0,1,1920
片,板,0,1,1920
立方,盒,0,1,1908
卷,管,0,2,1904.519996643066
本,PC,0,1,1901.329956054688
床,枚,0,1,1900
只/个,个,0,1,1900
立方英寸,条,0,1,1900
市斤,套,0,1,1900
kg,毫升,0,1,1899.719970703125
套 .,套.,0,1,1899
辆,万只,0,1,1893
桶Pail/Drum/Tote,瓶,0,1,1891.199951171875
.,季,0,1,1890
个,代,0,1,1885
pcs,筒,0,1,1882
Z18,瓶,0,1,1880
袋,卡,0,3,1879.040008544922
片,栋,0,1,1878
915924973,UNKNOWN,0,1,1873.400024414063
打,瓶,0,2,1872.75
台,千只,0,1,1872.109985351563
礼盒,UNKNOWN,0,1,1872
CAS,set,0,1,1872
平方米,袋,0,3,1871
梯形架,盒,0,1,1870
瓶,单,0,1,1870
KG,圈,0,1,1863.4
1组,瓶,0,2,1861.5
包,枚,0,1,1861
副,盘,0,2,1859.050048828125
床 .,个,0,2,1857.599998474121
盒,管,0,1,1856.359985351563
片,捆,0,3,1853
PCS,管,0,1,1851
桶,20L/桶,0,1,1850
9.5Kg/桶,瓶,0,1,1850
千支,瓶,0,1,1850
PSC,克,0,1,1848.6
对,板,0,1,1848.35
件,JUA,0,1,1848
BTL,BTL,1,4,1844.799987792969
SET,块,0,1,1843.2900390625
套,BOX,0,2,1841
kg,千支,0,1,1840
1条,条,0,1,1837.75
盒,each,0,1,1829
副,捆,0,2,1810
棵,只,0,1,1807.7900390625
年,H,0,1,1800
m,立方,0,1,1800
㎏,块,0,1,1800
架,箱,0,1,1800
M3,袋,0,1,1800
TIN,TIN,1,2,1789.599951171875
套,圈,0,2,1788
1BA,件,0,4,1782.600017547607
瓶,500ml/瓶,0,2,1774
件,平方厘米,0,1,1772.900024414063
UNKNOWN,袋子,0,1,1770.680053710938
ea,米,0,1,1769
件,卡,0,3,1767.219983100891
PU,件,0,1,1760
具,盒,0,1,1755
平方,包,0,4,1753.779998779297
支0.38,支,0,1,1750
支,圈,0,1,1750
天,辆,0,1,1750
张,100㎡,0,1,1746.22998046875
圈,批,0,1,1744
对,卷,0,1,1740
十节,组,0,1,1740
瓶,面,0,1,1739
板,PC,0,1,1734
纸箱,箱,0,1,1733
平方米,把,0,2,1729.199996948242
个,t,0,2,1728.18
片,扇,0,1,1728
千件,把,0,3,1723
UNKNOWN,顿,0,1,1722.599975585938
板,把,0,1,1713.78
笔,pcs,0,1,1709.6
EA,盘,0,2,1706
套,unit,0,1,1700
克,项,0,1,1695
听,升,0,1,1692
1TI,套,0,1,1690
百米,只,0,1,1688.579956054688
盒（1*100）,PCS,0,1,1688
只,BOX,0,2,1687.18
片,set,0,1,1684.8
套,板,0,1,1680
件/条,件,0,1,1680
盒,壶,0,1,1680
把,节,0,1,1680
千,合,0,1,1680
瓶,平米,0,1,1680
m/3,米,0,1,1680
把,TAO,0,1,1674.5
斤,平方,0,1,1672.5
1TA,箱,0,1,1668.61
170kg/桶,桶,0,1,1665
PCS,L,0,1,1664
杯 .,盒,0,1,1662.36
包,CASE,0,1,1660
1SA,桶,0,1,1653.599975585938
平方,把,0,2,1651.06005859375
PSC,个,0,2,1648
袋,u,0,1,1647.199951171875
台,千,0,1,1646.800048828125
1g,箱,0,1,1640
巴,批,0,1,1640
次,平方,0,1,1638
支,钢,0,1,1636.64
合,支,0,7,1634
把,立方米,0,1,1633.78
把,tao,0,1,1632
台(Pcs),件,0,1,1629.339965820313
发,个,0,1,1628.640014648438
包 .,袋,0,5,1628.039999923706
ml,支,0,1,1620
每百升,KG,0,1,1620
吨,100g,0,1,1620
200米/卷,台,0,1,1620
CK,套,0,1,1620
卡,板,0,2,1618.2
件数,UNKNOWN,0,1,1615
瓶,无,0,1,1613.85
罐,BTL,0,1,1610.299957275391
卷,斤,0,2,1610
个,BAR,0,2,1609.620000305176
12 罐,1罐,0,1,1608.469970703125
公斤,CASE,0,1,1608
L,pcs,0,2,1607.910034179688
立方米,PAG,0,1,1602
SET,kg,0,1,1600.56
台,一个,0,1,1600
千米,B根,0,1,1600
千克(公斤),道,0,1,1600
千公斤,瓶,0,1,1600
票,只,0,1,1600
包,kit,0,1,1600
行/块,件,0,1,1600
500ml,盒,0,1,1600
UNKNOWN,2ku,0,1,1598.170043945313
副,1个,0,1,1595
抽,卷,0,1,1593.640022277832
个,盒/百只,0,1,1591
付,Pcs,0,1,1590
挂,件,0,1,1590
个,PCE,0,1,1583.4
支,mm2,0,1,1582.21
千米,票,0,1,1581
个,1个,0,6,1577.000004768372
片,CM2,0,1,1575
批,扎,0,1,1575
箱,M2,0,1,1575
量,个,0,1,1574.349975585938
平方,章,0,1,1572
代,台,0,1,1570
辆,把,0,3,1567.059997558594
件,TIA,0,1,1563.260009765625
kW·h,支,0,1,1560
捆,平方米,0,1,1560
卷,万只,0,1,1560
ml,盒,0,1,1555
辆,ZTA,0,1,1554.079956054688
10L/桶,桶,0,1,1551
只,身,0,1,1550
瓶,each,0,1,1550
部,船套,0,1,1550
面,条,0,2,1546
只,917031666,0,1,1546
项,m,0,1,1542.199951171875
个,袋（大袋）,0,1,1540
KPCS,盘,0,1,1540
次,付,0,2,1536
千支,pcs,0,1,1535
联,联,1,1,1532.27
层,块,0,1,1530
顶,项,0,2,1527
500个/盒,500个/盒,1,1,1524.5
件套,套,0,1,1523.9599609375
百个,件,0,3,1521.48
桶,1000kg/桶,0,1,1520
瓶,KU,0,1,1520
吨,道,0,1,1519
盒 .,袋,0,4,1508.680012207031
万PCS,毫米,0,1,1508
台\年,月,0,1,1504
宗,箱,0,1,1500.4
台,tai,0,1,1500
片,钢,0,1,1500
趟,个,0,1,1500
Pc,桶,0,1,1500
1000/包,箱,0,1,1500
瓶,2500ml,0,1,1500
件,连,0,1,1500
千条,条,0,1,1500
辆,Kg,0,1,1500
瓶,减,0,1,1500
台、,项,0,1,1500
圆罐,盒,0,1,1498.52001953125
件,T56,0,1,1495
芯,台,0,2,1486
平方厘米,台,0,1,1480
扇,ZHI,0,1,1480
串,千克,0,1,1476
10瓶,瓶,0,1,1471.5
只,场,0,1,1470
MTR,MTR,1,1,1459.1
瓶 .,件,0,1,1458.030029296875
度,户,0,1,1458
个,听*,0,1,1456
g,EA,0,1,1456
打,包,0,1,1450
盒/56.15,盒,0,1,1450
PCS,合,0,3,1447.699999809265
1支,支,0,2,1446.060024414063
KG,mm,0,1,1440.150024414063
pl,件,0,1,1440
1000g,瓶,0,1,1435.379974365234
EA,GE,0,1,1430
时,件,0,1,1426.800048828125
KM,支,0,1,1425
SHT,SHT,1,1,1425
16KG/桶,吨,0,1,1425
100M/扎,条,0,1,1421.550048828125
条,合,0,2,1420.319984436035
条,1条,0,4,1417.690006103516
捆,m,0,1,1417.1
箱（4）,个,0,1,1416
T,卷,0,1,1415.760009765625
卷,G,0,2,1412.6
块,床,0,2,1409
片,套（批）,0,1,1408
个,MS,0,1,1404
平方米,千支,0,1,1403.430053710938
月,其他,0,1,1400.489990234375
916638734,只,0,1,1400
KG,㎏,0,1,1400
台,g,0,1,1400
平方米,20,0,1,1400
只,1卷,0,1,1400
只,额,0,1,1400
500ML,箱,0,1,1400
Each,袋,0,1,1400
把,对,0,1,1400
LTR,瓶,0,1,1394.569946289063
百粒,盘,0,1,1394
LT,包,0,1,1392.420043945313
块,每一个,0,1,1388.180053710938
拾,件,0,1,1384.08
合,本,0,1,1384
kg,250g,0,1,1380
平方尺,套,0,1,1377
本,刀,0,1,1375.5
碱基,UNKNOWN,0,1,1371.3
1 批,套,0,1,1369.5
袋 .,罐,0,1,1368.78
百支,只,0,1,1366.640014648438
层,个,0,2,1365
对,面,0,1,1362
户,月,0,3,1360
十双,双,0,1,1360
盒 .,罐,0,1,1353.180053710938
条,面,0,1,1350
公里,对,0,1,1350
桶,刀,0,1,1350
cm2,UNKNOWN,0,1,1344
对,颗,0,1,1337.31005859375
平方英尺,平方尺,0,1,1337.280029296875
Kg,UNKNOWN,0,3,1336.069965839386
把,次,0,3,1336
枚,笔,0,1,1330.5
车,千克,0,1,1330
双,串,0,1,1330
个,要,0,1,1330
袋,双,0,2,1327.58
碼,千克,0,1,1325.25
台,1T,0,1,1320
台,斤,0,1,1320
roll,卷,0,1,1320
GP-22*3,件,0,1,1318.75
2桶,瓶,0,1,1312
次,间,0,1,1312
12X1L,套,0,1,1310.22998046875
件 .,件,0,2,1305.619995117188
节,箱,0,1,1305.6
把,ea,0,3,1302
副,KG,0,1,1302
20*5ml,盒,0,1,1300
方,瓶,0,1,1300
袋,听,0,1,1293.7
千克,万发,0,1,1293.400024414063
大盒,个,0,1,1292
十瓶,个,0,1,1291.23
只,unit,0,1,1284
Z18,BOT,0,1,1282.28
1BX,件,0,3,1282.080005645752
m3,平方,0,1,1280
cm2,本,0,1,1278.5
Each,组,0,1,1272
批,杯,0,1,1271.599975585938
批,合,0,1,1270
1 件,1件,0,5,1269.5
箱,BTL,0,1,1265.52001953125
升,FL,0,1,1263.599975585938
盒,km,0,1,1261.91
本,组,0,1,1260
辆,包,0,1,1260
顶,PC,0,1,1259.380004882813
台,只(支),0,1,1253.869995117188
桶,千瓦时,0,1,1250
对米,件,0,1,1242
套,千只,0,1,1235
捆,桶,0,1,1234.800048828125
UNKNOWN,安时,0,1,1232.010009765625
KTK18,支,0,1,1228.56005859375
公斤,千支,0,1,1226.699951171875
支,千米,0,1,1223.76
台,tao,0,1,1222
盒.,袋.,0,1,1221.800048828125
400G/支,只,0,1,1220
听,KG,0,1,1215
1 批,台,0,1,1214.359985351563
(套),把,0,2,1214
式,千克,0,1,1212.5
批,PSC,0,1,1212.5
筒,双,0,2,1211
台,车付,0,1,1209.599975585938
面,卷,0,1,1208.34
副,公斤,0,2,1205
只,千片,0,1,1203.719970703125
包,千只,0,1,1202
片,件/套,0,1,1200
m,包,0,1,1200
次,副,0,1,1200
组,颗,0,1,1200
mg,盒,0,1,1200
丸,米,0,1,1200
25g/瓶,25g/瓶,1,1,1200
M,EACH,0,1,1200
公斤,款,0,1,1200
500G/CAN,桶,0,1,1200
加仑,台,0,1,1200
500只箱,盒,0,1,1200
kg,铜,0,1,1200
篇,次,0,1,1200
家,批,0,1,1200
批,工,0,1,1200
917395253,桶,0,1,1200
公斤,匹,0,1,1200
台,Z05/台,0,1,1200
袋 .,个,0,1,1198.75
条 .,条,0,1,1197.900024414063
张,卡,0,1,1197.819946289063
UNKNOWN,元/套,0,1,1197.800048828125
支,部,0,1,1197.8
组套,套,0,1,1197.58
英寸,条,0,1,1197.449951171875
包,打,0,2,1190
箱,V41,0,1,1188
小时,根,0,1,1188
千米,kg,0,1,1180
1TO,块,0,1,1176
公斤,DRU,0,1,1175
瓶 .,套,0,1,1170
板,瓶,0,1,1170
片,MI,0,1,1170
KG,Each,0,1,1170
扇,支,0,1,1170
km,件,0,3,1169.989990234375
配双帽,个,0,1,1168
SET,把,0,2,1166.599996948242
本,袋,0,4,1166
1片/盒,盒,0,1,1161
个,rol,0,1,1160.400001525879
台,刀,0,1,1160
CAN,个,0,1,1158.839965820313
百个,千克,0,1,1158
双,组,0,1,1158
米,SICK,0,1,1151.28
pcs,元,0,1,1150
扎,盒,0,1,1150
盒 .,箱.,0,1,1145.599975585938
包,pcs,0,3,1145
个,1张,0,1,1145
pcs,项,0,2,1144.04
1 双,1双,0,4,1142.000005722046
kg,筒,0,1,1140.02001953125
卷,TAO,0,1,1140
个,46,0,1,1136
GEN,根,0,1,1134
桶5,KG,0,1,1133
UNKNOWN,吨/桶,0,1,1130
把,圈,0,1,1130
面,piece,0,1,1123.199951171875
只,1件,0,2,1121.74
盒,排,0,2,1120.199951171875
软包,软包,1,1,1120
项,千瓦时,0,1,1120
UNKNOWN,加仑,0,1,1120
HW,HW,1,1,1120
打,块,0,1,1118
罐 .,盒,0,1,1116.800048828125
KM,捆,0,1,1114
辆,PCE,0,1,1111.5
筒,斤,0,1,1109.75
套,K,0,1,1108.800048828125
台,1个,0,1,1107
100T,个,0,1,1104
版,把,0,1,1102.609985351563
工时,台,0,1,1100
支(100克),桶,0,1,1100
台,G,0,1,1100
pcs,天,0,1,1100
个,芯,0,1,1100
片,千粒,0,1,1099.800048828125
分,支,0,1,1095.9
1JU,UNKNOWN,0,1,1093.800048828125
箱,100m,0,1,1092.75
百套,个,0,1,1092
公斤,公斤（1桶220公斤）,0,1,1086
把 .,把,0,2,1081.499975681305
樘,把,0,1,1080
kg,30CC,0,1,1080
面,把,0,1,1080
个(Pcs),个,0,2,1079.070007324219
碟,碟,1,1,1079
套,百件,0,1,1074
千克(公斤),根,0,1,1074
Y,件,0,1,1071
PCS,ST,0,2,1067.69
盒,千套,0,1,1066
筒,块,0,2,1066
卷,公分,0,1,1064
G,G,1,1,1060
辆,台班,0,1,1060
盒 .,UNKNOWN,0,1,1056.510009765625
200克/个,平方,0,1,1053
床,1床,0,2,1050.600006103516
BT,UNKNOWN,0,1,1050.02
KH,件,0,1,1050
钢,嫁,0,1,1050
公分,PC,0,1,1050
把,顶,0,2,1048.47998046875
吨,SET,0,1,1046.9599609375
(只),个,0,2,1045.419982910156
袋,扎,0,2,1044
本,扎,0,1,1042.5
支,架,0,1,1041.030029296875
箱(Pcs),件,0,1,1040
米,千度,0,1,1040
卷,合,0,1,1040
公里,付,0,1,1039.5
KG,合,0,1,1039
张,条/块,0,1,1036.050048828125
扎,瓶,0,1,1036
升,片,0,1,1035
1 卡,1卡,0,3,1034.699963569641
1,辆,0,1,1030
20瓶箱,袋,0,1,1029
件,BOT,0,1,1024.28
个,㎏,0,2,1024.1
具,卷,0,1,1024
KA,瓶,0,3,1023.919998474121
只,kwh,0,1,1022.859985351563
辆,瓶,0,2,1021.5
盆,kg,0,1,1020
筒,公斤,0,1,1020
份,31,0,1,1020
个,对米,0,1,1018
盒,元/把,0,1,1012.5
袋,180g,0,1,1012.299987792969
1 把,把,0,2,1008.519996643066
KW.H,块,0,1,1006.95
m,PCS,0,1,1000
项,处,0,1,1000
S32,米,0,1,1000
套,c,0,1,1000
组,公斤(千克),0,1,1000
盒,100个/盒,0,1,1000
瓶,辆,0,1,1000
T,辆,0,1,1000
PCS,ROL,0,1,999.989990234375
盘,圈,0,2,998
PCS,架,0,1,998
台 .,个..,0,1,996
pcs,部,0,1,996
包/瓶,瓶,0,1,992
套,BT,0,1,991.7300109863281
组,夸脱,0,1,990
千件,set,0,1,990
台,kw,0,1,990
R,KG,0,1,990
盒,㎡,0,1,984
合,EA,0,2,981.1
H04,EA,0,1,980.7400207519531
个 .,床,0,1,980
个,串,0,1,980
卷,千瓦,0,1,980
卷,Kg,0,1,980
筒,听,0,1,980
套,BDL,0,1,977.6
箱,each,0,1,970
FU,副,0,1,966
杯,铁合,0,1,963.5999755859375
台,XIANG,0,1,960
吨,捅,0,1,960
把,盏,0,1,960
托,张,0,1,960
罐,项,0,1,960
16Kg/桶,桶,0,1,957
袋,克,0,3,956.5
圈,把,0,2,955.7000122070313
1JU,打,0,1,954.6199798583984
个,盒/箱,0,1,954.5999755859375
天,个,0,2,954
件4,个,0,1,952
箱,PAIL,0,1,951
套,棵,0,1,951
公里,盘,0,1,950
笔,支,0,1,950
代,支,0,2,950
支,M2,0,1,950
部,对,0,1,950
盒,1台,0,1,938.29
只,元/套,0,1,935
拾,片,0,2,932.8
提,听,0,1,932.4000244140625
SET,节,0,2,927.7999877929688
UNKNOWN,TAO,0,1,925.48
座,片,0,1,920
大合,盒,0,1,915.5000305175781
套装,套,0,1,912
PCE,付,0,1,912
吨,j2,0,1,908.1400146484375
缸付,套,0,2,908
BOX,BOX,1,1,907
只,每一个,0,2,904.6499938964844
份,KG,0,1,903.38
500只箱,箱,0,1,900
顶,组,0,1,900
个,10,0,1,900
路,次,0,1,900
克,500ml,0,1,900
并,只,0,1,900
个,H,0,1,900
套,台1,0,1,900
1副,批,0,1,900
1只,批,0,1,900
箱,18l,0,1,900
代,块,0,1,900
个,型米,0,1,900
1ZH,盒,0,4,899.3300018310547
1 床,1床,0,1,897.0999755859375
个 .,袋,0,4,891.7999919128418
12盒,提,0,1,891
年,份,0,1,890
1ml,瓶,0,1,890
P,P,1,1,890
UNKNOWN,3,0,1,888
支,GEN,0,1,886.1199951171875
万卡,件,0,1,881.5999755859375
PC/1,UNKNOWN,0,1,880
户/年/套,UNKNOWN,0,1,880
M3,EA,0,1,880
千支,合,0,1,878
1BK,箱,0,1,877.5599975585938
1 套,1套,0,2,870.8999786376953
批,十张,0,1,867
BOT,BOT,1,1,857.68
杯,提,0,1,857.3400268554688
升,袋,0,1,856.9199829101563
平方米,瓶,0,1,852.5
2Lx2桶/箱,次,0,1,852
听,米,0,1,850
kg,袋.,0,3,848.4000282287598
箱(22包),袋,0,1,847
具,根,0,1,845.5
只,Each,0,1,843.88
KG,桶(3.5L/桶),0,1,843.5999755859375
1 个,1瓶,0,2,842.7000122070313
令,部,0,1,842.4000244140625
瓶,10ug,0,1,840
KM,箱子,0,1,840
百件,套,0,1,840
本,把,0,2,840
瓶,set,0,1,839.97998046875
个 .,桶,0,1,837.5999755859375
桶,方,0,1,837
吨,管,0,2,836.9599914550781
2,个,0,1,836
月,pcs,0,1,825
UNKNOWN,pack,0,1,824
把,版,0,1,823.14
碗,包,0,1,821
桶.,箱,0,1,820.8
200公斤/桶,只,0,1,820
单位,UNKNOWN,0,1,820
个,GEN,0,1,819
辆,KG,0,1,817
合,卷,0,3,816.7999877929688
份,罐,0,1,813.5999755859375
套 ..,件,0,2,812.1000213623047
钢,钢,1,1,812
1袋,箱,0,1,808
快,件,0,1,807.84
1 个,1套,0,4,801.8999996185303
贴,台,0,2,801.6000061035156
方,工,0,1,800
人,台,0,1,800
平方,快,0,1,800
kwh,只,0,1,800
节,盏,0,1,800
型,套,0,1,800
批,卡,0,1,800
罐,片,0,1,796.9199829101563
千瓦时,码,0,1,796.5
m,公斤（千克）,0,1,795
次,季,0,1,792
250g,只,0,1,788
节,pc,0,1,786.239990234375
PCS,笔,0,1,784
罐,提,0,1,782
个,mt,0,1,781.3
季,个,0,1,781.2000122070313
捆,批,0,1,780
合,桶,0,1,780
P,PC,0,1,780
顶,SET,0,1,780
M2,令,0,1,780
pcs,卡,0,1,779.15
1 瓶,1袋,0,2,778.7100004577636
43*32,卷,0,1,770.760009765625
pc,ST,0,1,770
750ml/瓶,瓶,0,1,770
桶,千克（公斤）,0,1,770
箱 .,吨,0,1,768
盒 .,个,0,2,766.4799996185303
平方,袋,0,1,761.72
1台,EA,0,1,760.15
片,p,0,1,760
PC,29,0,1,760
24瓶/箱,公斤,0,1,760
片,令,0,1,760
包,JUA,0,1,760
pcs,袋,0,1,759.2
500克,瓶,0,1,756
PC,副,0,1,752
1BA,UNKNOWN,0,2,750.6799926757813
K,块,0,1,750
片,太,0,1,750
架,双,0,1,750
盒/119.13,UNKNOWN,0,1,750
PCS,头,0,1,747.5
双 .,双.,0,1,745.239990234375
吨,ML,0,1,744.7999877929688
piece,盒,0,1,744.37
1TA,件,0,1,742.4100227355957
具,把,0,2,741.5999908447266
管,根,0,1,740
公斤,BUK,0,1,740
盒,box,0,2,736.180008239746
1袋,袋,0,3,734.4900268554687
RLS,卷,0,1,734.15
只,纲,0,1,733.6799926757813
件,管,0,2,732
条,km,0,1,732
1 支,1支,0,3,730.9999752044678
1 卷,包,0,1,730.6199951171875
件,1个,0,3,725.1999969482422
1ZH,袋,0,1,720.3200073242188
棵,片,0,1,720
位,副,0,1,720
kg,pc,0,1,720
付,巴,0,1,720
千瓦时,户,0,1,720
万小包,公斤,0,1,720
1个,UNKNOWN,0,3,713.6000091552735
千米,EA,0,2,710.2000122070313
瓶,加仑,0,1,710
PCS,PAA,0,1,709.4400024414063
袋,m3,0,1,709.2
把,本,0,3,703.1999998092651
5千克,米,0,1,702
KGS,只,0,1,702
每一个,盘,0,1,700.010009765625
升,18升/罐,0,1,700
箱,大号,0,1,700
4千克,kg,0,1,700
款,次,0,1,700
EA,件/根,0,1,700
台,臺,0,1,699
片,听,0,1,697.6799926757813
盒,1件,0,1,696.5899999999999
个,PAC,0,1,696
块,Kg,0,1,695
米,只(支),0,1,694.75
包,pack,0,1,687.3300170898438
支,捆,0,3,685.2200004577637
1个,吨,0,1,684
只,扎,0,1,682.71
公斤,18L/桶,0,1,680
套,嫁,0,1,680
项,EACH,0,1,680
500g,袋,0,1,679.3999705314636
把,ZI,0,1,676
盒,12片/6片,0,1,672
罐,PK,0,1,672
M,吨,0,1,669.6
BAG10000G,BAG10000G,1,1,666
小盒,把,0,3,664.0099914550781
盒,㎏,0,1,662.71
大块,块,0,1,660
件,孔,0,1,660
根,10米,0,1,660
桶,管,0,3,660
㎡,包,0,1,660
付,打,0,2,650.5200042724609
块,服务,0,1,650
千米,把,0,1,650
千根,个,0,1,650
平方,幅,0,1,650
袋/包,桶,0,2,650
小桶,小桶,1,1,650
kg,座,0,1,650
25kg/桶,瓶,0,1,650
498,瓶,0,1,650
Pieces,EA,0,1,650
ug,pack,0,1,646
CAS,副,0,1,645.12
顶,卷,0,1,642.6
WH,只,0,1,640
克,卡门,0,1,640
间,批,0,1,640
50袋/盒,套,0,1,640
个,1块,0,1,639.5999755859375
提,EA,0,2,638.24
UNKNOWN,1个,0,2,637.7999992370605
ｋｇ,瓶,0,1,637.5
对,pack,0,1,636.3400268554688
盒,CASE,0,1,636
瓶,CA,0,1,633.6
1BT,件,0,1,632.0800170898438
项,卷,0,1,632
PCS,BTL,0,1,630
吨,袋.,0,1,630
个,500g,0,1,630
(套),只,0,1,630
袋,H1,0,1,629.969970703125
pcs,节,0,3,628.8
件,单,0,1,628.73
个,匹,0,1,627
pcs,罐,0,1,626.4
本,片,0,2,624.5
根,具,0,1,624
件/条,条,0,1,623.25
立方米,袋,0,2,620
P,UNKNOWN,0,1,620
吨,mm,0,1,618.5499877929688
克,PC,0,1,616.4
条,BAG,0,1,616
NOS,套,0,1,610
卷,笔,0,1,610
袋 .,辆,0,1,610
个,原厂包装,0,3,606.9399969482422
CAS,把,0,2,605.8
ST,米,0,1,605.1300048828125
台,ps,0,1,605
只,?EA,0,1,602
卡,把,0,4,601.9699932861329
块,板,0,2,600.7999877929688
1 组,组,0,1,600.6500091552734
轴,盘,0,1,600
次,人次,0,1,600
万片,根,0,1,600
万千瓦时,UNKNOWN,0,1,600
千支,公斤,0,1,600
套,千支,0,1,600
片,个??,0,1,600
升,斤,0,1,600
M,对,0,1,600
500ML,袋,0,1,600
个,HE,0,1,600
排,公斤,0,1,600
块,m2,0,1,600
升,元/桶,0,1,600
则,项,0,1,600
无,/,0,1,600
单位,罐,0,1,600
h315,片,0,1,600
片,100张/包,0,1,600
台,版,0,1,600
樘,件,0,1,599.2000122070313
提 .,提,0,2,598.8000030517578
个,1串,0,1,598.4000244140625
1 辆,盒,0,1,598
筒,克,0,1,595
瓶 .,袋,0,3,591.2600135803223
1 批,1kg,0,2,590.3600158691406
套,百个,0,1,589.8599853515625
公斤,捆(100公斤）,0,1,588
节,板,0,2,586
瓶,管,0,3,585.7000048160553
个,BAG,0,1,585.2
年,本,0,2,585
加仑,支,0,1,584.5
20,UNKNOWN,0,1,582.6
本,kg,0,2,582.4
1 个,盒,0,2,580.1100120544434
付,set,0,1,580
L,只,0,1,580
BTL,本,0,1,578.5
块 .,盒,0,1,578.4000244140625
顶,PCS,0,2,576.5999755859375
根,pc,0,1,576
m,辆,0,1,575.02
筒,副,0,1,575
500g,支,0,1,575
盒,跟,0,1,570
面,盒,0,1,570
盒,ST,0,1,570
张,扇,0,1,568
KG,BTL,0,1,565.1099853515625
SET,卷,0,1,562.75
卷/100.00,盒,0,1,562.5999755859375
11kg/罐,kg,0,1,560.12
辆,卷,0,1,560
公里,困,0,1,560
桶,m,0,1,560
次,包,0,1,560
组,EACH,0,1,558.96
袋,750克*6包/件,0,1,558.1799926757813
BOT,KG,0,1,556.52
p,个,0,1,555
页,UNKNOWN,0,1,555
顶,支,0,1,553.8
月,趟,0,1,550
芯,项,0,1,550
盘,桶,0,1,550
斤,付,0,1,550
查看,个,0,1,550
套,1件,0,1,549
瓶,卡,0,1,547.3499755859375
箱,10m,0,1,545
轴,批,0,1,545
1 瓶,12盒,0,1,544
粒,M,0,1,543.84
10只／盒,只,0,1,542
个/支,批,0,1,541.28
小桶,桶,0,1,540
Bag,Bucket,0,1,536.280029296875
PCS,袋,0,2,536
杯 .,个,0,1,535.4400000000001
套,ST/套,0,1,535
1TI,件,0,2,533.7200012207031
Pcs,箱,0,1,532
个,百只,0,1,530
公斤,代,0,3,528
付,瓶,0,2,527.4
节,大盒,0,1,526
支,万只,0,1,525
张,1袋,0,1,520
(项),项,0,1,518.7
台,猎豹CFA2030C 六缸,0,1,517.0999755859375
箱【60】,袋,0,1,514.8
箱,KAN,0,1,513.3499755859375
份,组,0,1,510.78
kg,ML,0,1,510
CAS,瓶,0,2,508.07
P,卷,0,1,504.8999938964844
平方,对,0,1,504.7999877929688
(把),个,0,1,504
CTG,桶,0,1,504
箱,格,0,1,504
节,EA,0,1,504
千个,根,0,1,504
巴,件,0,2,502.8200134277344
刀,张,0,1,502
1 KG,1只,0,1,501.1000061035156
芯,根,0,1,500.5199890136719
500毫升/瓶,瓶,0,1,500
项,部,0,1,500
千条,PCS,0,1,500
0,毫米,0,1,500
UNKNOWN,6,0,1,500
十瓶,支,0,1,499
把,1台,0,1,498.3999938964844
箱,打,0,1,492.2000122070313
个,EACH0,0,1,491.3999938964844
PC,T,0,1,490
只,T,0,2,487.5
瓶,TO,0,1,487
1JU,包,0,1,486.4800109863281
set,piece,0,1,486.2699890136719
款,卷,0,1,486
UNKNOWN,并,0,1,484
根,根*公里,0,1,483.12
1TO,盒,0,1,480
巴,KG,0,1,480
年,.,0,1,480
付,pc,0,1,480
m,把,0,1,480
TIA,条,0,1,480
1 批,1组,0,1,477.6099853515625
万套,盒,0,1,475
只,027200 只,0,1,471.2999877929688
922388412,UNKNOWN,0,1,470.1799926757813
4,个,0,1,470
CAS,UNKNOWN,0,1,470
1TG,UNKNOWN,0,2,467.429988861084
Bucket,Bucket,1,1,467.27
台,SA,0,1,464
套,ea,0,1,464
0.5KG/盒,盒,0,1,462.489990234375
件,CaRo,0,1,460
月,支,0,1,460
166g*36,件,0,1,459
袋 .,件,0,1,457
1BA,盒,0,1,456
并,根,0,1,456
千瓦小时,台,0,1,455.88
听,条,0,1,454
个,P,0,2,450.9
t,次,0,1,450
盘,付,0,1,450
台,DB,0,1,450
本,KUA,0,1,450
部,只,0,1,450
GE,套,0,1,450
盒(100p),个,0,1,448
吨,BOT,0,1,444.6000061035156
1组,块,0,2,440.2
粒,平方米,0,1,440
支,吨(MT),0,1,440
市斤,件,0,1,440
瓶,BTL,0,1,440
码,对米,0,1,439.6
盒,M,0,2,435
915392511,件,0,1,434.5
卷,年,0,1,434
单套,组,0,1,434
座,千克,0,1,433.8399963378906
罐,CAN,0,1,433.0700073242188
pcs,空滤器,0,1,432.4400024414063
万卡,只,0,1,432
Polybag(10pcs),个,0,1,432
5对,节,0,1,430
台,WH,0,1,430
卷,打,0,2,430
包 .,袋.,0,2,429.7800015258789
吨,pce,0,1,427.8099975585938
台,条/块,0,1,427
片,筒,0,3,426.5899945068359
圈,捆,0,1,426
千克,Each,0,1,425.6400146484375
千个,千,0,1,423.75
PRS,PRS,1,2,423.5
台份,粒,0,1,422.3900146484375
瓶,处,0,1,420.6000061035156
具,KG,0,1,420
单,件,0,1,420
公斤,1kg袋,0,1,419.9899864196777
公斤,KZ,0,1,419.6400146484375
组 .,件,0,1,419.5199890136719
千克(公斤),个,0,1,417.6000061035156
票,千克,0,1,416.6000061035156
4*0.75,卷,0,1,416.2000122070313
把,并,0,1,416
个,1把,0,1,414.2699890136719
袋,5L,0,1,414
1 罐,罐,0,2,411.9899940490723
每个,包,0,2,411.6000003814697
件(1*40),公斤,0,1,408
箱,单元,0,1,408
张,1包,0,1,406.2
千支,条,0,1,406
个,tao,0,1,406
只,艘,0,1,406
只,SA,0,1,406
1 盒,1袋,0,2,404.8000059127808
樘,片,0,1,403.4599914550781
TAO,台,0,1,402.9500122070313
2PC,袋,0,1,402.8999938964844
Kg,EA,0,1,401.5499877929688
台,045002,0,1,400
筒,打,0,1,400
桶,BAG,0,1,400
卷/3.3KG,付,0,1,400
年,台／次,0,1,400
台,1架,0,1,398
TUB,TUB,1,1,397.5
代,公斤,0,1,396
1BX,包,0,1,395.1199951171875
大把,个,0,2,393.56
915795111,UNKNOWN,0,1,391.7300109863281
袋,320克*40包/件,0,1,391.7200012207031
辆,EACH,0,1,390
千瓦时,1个,0,1,389.0199890136719
仟支,盒,0,1,388
200L/桶,PC,0,1,386.1700134277344
每个,个,0,2,385.0200042724609
0.5kg,Kg,0,1,384
1包,件,0,2,383.9
棵,m,0,1,383.8200073242188
平米,MTR,0,1,383.08
片,BX,0,1,380.25
12桶/箱 800g/桶,桶,0,1,380
1 瓶,UNKNOWN,0,1,380
百只,UNKNOWN,0,1,380
日,本,0,1,380
百粒,百粒,1,1,380
L,G,0,1,380
个,忽然,0,1,380
圈,颗,0,1,379
包 .,包.,0,4,378.2399930953979
并,台,0,1,378
本 .,本.,0,1,376.5
5卷/扎 20扎/箱,袋,0,1,376
节,排,0,1,375
盘,点,0,1,375
包,扎,0,2,374
盒 .,件,0,1,372.4800109863281
张,碗,0,1,372
厘米,根,0,1,370.0299987792969
板,公斤,0,1,370
管,管,1,2,368.1999969482422
1 批,1套,0,1,368
UNKNOWN,每一个,0,2,367.9700088500977
袋,bottle,0,1,365.28
袋,令,0,1,365
UNKNOWN,版,0,1,364
篮,盒,0,1,361.7200012207031
千只,EA,0,1,360
块,万只,0,1,360
包,合,0,2,360
只,刀,0,1,360
个,220V/1200W,0,1,360
FKS,个,0,1,360
箱-48,卷,0,1,359.6000061035156
标方,吨,0,1,358.0899963378906
套,BA,0,1,356.9299926757813
卡 ..,排,0,1,356.6000061035156
袋,1罐,0,1,355.2000122070313
大包,包,0,1,355
双,辆,0,1,354.32
十只,个,0,1,354.2000045776367
个 ..,个..,0,1,354
个,A9,0,1,352
元,支,0,1,350.9
包 .,组.,0,2,350.7200012207031
m,面,0,1,350
何,包,0,1,350
100个/袋,包,0,1,349.8
个 .,批,0,1,349.22
NR,套,0,1,348
片,1套,0,1,347.6000061035156
公斤(千克),吨,0,1,345
1 辆,1KG,0,1,344
张,元,0,1,344
UNKNOWN,段,0,1,341
卷,SET,0,1,340
瓶,25g,0,1,340
套,巴,0,1,340
台 .,个.,0,2,339.1000118255615
24支/箱,罐,0,1,338.4
500毫升/个,500ML\个,0,1,337
件,1卡,0,2,336.9999923706055
SET,排,0,1,336.31
套,4节/板,0,1,336.01
公斤,提,0,1,336
米................43,台,0,1,336
米,pc,0,1,333.5700073242188
万瓶,瓶,0,1,331.5299987792969
盒-24,件,0,1,331.1
中桶,个,0,1,330
公斤,KU,0,1,330
人份,UNKNOWN,0,1,330
盒,BX,0,1,329
吨公里,吨,0,1,328.14
只 .,个.,0,1,326.5
BAO,UNKNOWN,0,1,324.0199890136719
只,tao,0,1,324
3 瓶,瓶,0,1,322.6000061035156
万支,立方,0,1,322.0799865722656
M,Kg,0,1,320.6499938964844
只,千,0,1,320.3
对,道,0,1,320
台,杆,0,1,320
箱天,柜,0,1,320
kW·h,套,0,1,319.9800109863281
件,1包,0,1,318.3999938964844
ML,EA,0,1,318.2999877929688
根,1块,0,1,318.25
架,卷,0,2,317.5
副,kg,0,1,317
条,GRP,0,1,316.6799926757813
包 .,包,0,2,316.1999931335449
提,500g,0,1,315
套,p,0,1,315
盒,扎,0,2,311.49
只,并,0,1,310
600*360*130mm（厚度5mm,片,0,1,310
块,筒,0,1,310
TEU,次,0,1,310
1 卷,卷,0,1,309.1999969482422
排,袋,0,1,309
对,pair,0,1,308.1799926757813
把,辆,0,2,306.56
厅,罐,0,1,304.3099975585938
瓶,千克(公斤),0,1,304.2
令,听,0,1,303
天,张,0,1,301
工时,千克,0,1,300
样,UNKNOWN,0,1,300
支,关=罐,0,1,300
190KG/桶,公斤,0,1,300
袋,平方米,0,1,300
只,人,0,1,300
Pack,个,0,1,300
千个,10,0,1,300
㎏,只,0,1,300
只,棉抹布,0,1,300
台,10支/盒,0,1,300
袋,架,0,1,300
185*185*10mm,张,0,1,300
台,并,0,1,300
1 KG,1KG,0,2,299.5999927520752
箱 .,双,0,1,299.38
张,1床,0,1,299
1TI,盒,0,1,298
1 批,kg,0,2,297.9199995994568
1 副,副,0,1,297
卷（20米/卷）,PCS,0,1,296.0199890136719
个.,个,0,3,295.2
SET,粒,0,1,294.3
个,Each,0,1,292.65
捆,立方米,0,1,290
站点,个,0,1,290
壶,支,0,1,288
只,巻,0,1,286
根,每一个,0,1,285
桶,pc,0,1,285
斤,平方米,0,1,283.5
UNKNOWN,t,0,1,282.8500061035156
板,UNKNOWN,0,1,282.5799865722656
只,台/套,0,1,282.48
组 .,瓶.,0,2,282.4799957275391
瓶,1个,0,1,281.3999938964844
280,只,0,1,280
捅,卷,0,1,280
KL,支,0,1,280
1本,提,0,1,278
盏,箱,0,1,276.1199951171875
毫米,件,0,1,276
平米,捆,0,1,275
颗,UNKNOWN,0,1,275
桶,GE,0,1,275
1包,个,0,5,273.51
套,并,0,1,272
个 .,盒,0,2,271.0699987792969
1CA,袋,0,1,270.8999938964844
套,厘米,0,1,270
听,千克,0,2,270
25套件,UNKNOWN,0,1,270
节,条,0,2,269.9700012207031
百只,米,0,1,269.6
百个,UNKNOWN,0,1,269.5
1包,包,0,3,269.1
件(Pcs),套,0,1,268
公斤,铁盒,0,1,267
罐(Pcs),个,0,1,266.5
份,棵,0,1,265.71
顶,KG,0,1,264
500人份/桶,包,0,1,264
拾片,支,0,1,261
12瓶,瓶,0,2,260.5000061035156
筒,条,0,1,260
套.,个,0,1,260
TIAO,个,0,1,260
升/瓶,桶,0,1,260
kit,盒,0,1,260
人份,包,0,1,260
令,10包/令,0,1,260
包,面,0,1,259.8399963378906
cm,只,0,1,259.35
瓶 .,盒.,0,1,258.5
条,set,0,1,258
公斤,KGV,0,1,256.919994354248
1 盒,1瓶,0,1,256
PC,对,0,1,255.9
支,棵,0,1,255.55
罐(Pcs),盒,0,1,255
公斤,1KG/桶,0,1,255
只,HE,0,1,252
BTL,支,0,1,252
1只,UNKNOWN,0,2,251.7000045776367
圈,台,0,1,250
250ml/支,支,0,1,250
箱 .,个,0,1,250
卷,巴,0,1,250
千,粒,0,1,250
件,量,0,1,249
袋 .,只,0,1,247.5
包,100/包,0,1,246
50,米,0,1,245.6999969482422
升,pcs,0,1,245
Each,pc,0,1,243.76
箱,札,0,1,242.6199951171875
套/1KG,个,0,1,240.2400054931641
305M/箱,个,0,1,240
斤,平米,0,1,240
次,分,0,1,240
节,瓶,0,1,240
WH,WH,1,1,240
副,板,0,1,240
年,PCS,0,1,240
PCS,平,0,1,240
把 ..,把..,0,1,239.3999938964844
卡.,支,0,1,238.8
个 .,台,0,1,238
1PC,卷,0,1,238
件 ..,件,0,1,237
根,3季度,0,1,236
1台,盏,0,1,236
吨,中,0,1,234.6000061035156
平方,L,0,1,234
Box,盒,0,1,234
g,罐,0,1,234
米,千只,0,1,234
吨,Each,0,1,233.9700012207031
盒,150ml,0,1,232
卡 .,筒.,0,1,231.5599975585938
件,NR,0,1,230
桶,he,0,1,228
米................29,m2,0,1,228
1 条,个,0,1,227
把,1把,0,2,226.5000061988831
间/夜,kg,0,1,226
根,颗,0,1,225.58
大盒,块,0,1,225
快,个,0,1,222
KPCS,斤,0,1,221.0200042724609
联,盒,0,1,220
桶,盒/箱,0,1,220
副,部,0,1,219
1 块,1条,0,1,218.96
件 ..,个,0,1,218.2200012207031
1 条,床,0,1,218
张 .,袋,0,1,217.6799926757813
P,张,0,1,216.0500030517578
卷,KUA,0,1,216
本,罐,0,1,215
辆 .,盒,0,1,214.9600067138672
337,个,0,1,214
UNKNOWN,通,0,1,210
把,棵,0,1,210
357克,UNKNOWN,0,1,210
瓶 .,套.,0,1,210
对 .,条,0,1,209.3000030517578
盘,双,0,1,209
本,码,0,1,207
1双,双,0,2,204.0999969482422
pcs,对,0,1,204
片,pCS,0,1,204
t,KG,0,1,203.7
KGS,KGS,1,1,203.5
21,套,0,1,202
壶,盒,0,2,202
袋,PC,0,1,200.0700073242188
顶,打,0,1,200
条,颗,0,1,200
年/套,年,0,1,200
式,米,0,1,200
次,顶,0,1,200
根,打,0,1,200
600mm,付,0,1,200
枚,辆,0,1,200
瓶,TIN,0,1,200
度,块,0,1,200
1,袋,0,1,200
BL/组,对,0,1,200
盒,辆,0,1,200
捆,元/只,0,1,200
L960DR,ZHE400,0,1,200
罐 .,个,0,1,199.6000061035156
1条,套,0,1,199
双.,双,0,1,199
把,间,0,1,199
卡 .,板,0,1,199
个 .,台..,0,1,198
1PC,箱,0,1,198
UNKNOWN,车皮,0,1,198
包,杯,0,1,197.7599945068359
100只/包,个,0,1,197.5
份 .,个.,0,1,196.0399932861328
提,张,0,1,196
KG,roll,0,1,195.86
袋,对,0,1,195
立方,把,0,1,195
金额,套,0,1,195
1台,只,0,1,194.6
项,盒,0,1,194.3999938964844
1袋,个,0,2,192.8999984741211
个,室,0,1,192
片,箱/50包/90只,0,1,192
桶,甁,0,1,190.4799957275391
PC,PX,0,1,190.09
㎡,m,0,1,189.5500030517578
把 .,个.,0,1,188.6999969482422
根,包*2KG,0,1,187.1999969482422
CAS,套,0,1,186.6000061035156
吨,板,0,1,185.3999938964844
袋 .,瓶.,0,2,185.0000066757202
元,户,0,1,184.1
个,1辆,0,1,183.89
1个,只,0,4,183.3
平方米,圈,0,1,182.9799957275391
个,PAK,0,1,181.3000030517578
件,1*20,0,1,180.5
kg,份.,0,1,180.1000061035156
扎,片,0,1,180
件,m3,0,1,180
瓶,pcs,0,1,180
盒(25个/盒),套,0,1,180
只,千根,0,1,180
袋,面,0,1,180
张,piece,0,1,177.8399963378906
1瓶,箱,0,1,177.6000061035156
台,格,0,1,176.5200042724609
条,大盘,0,1,176
天,瓶,0,1,175
Km,条,0,1,175
组 .,袋,0,1,174
1卡,支,0,2,172.9
卡,块,0,3,172.78
扎,公斤,0,1,172.5
卷,1袋,0,1,172.3999938964844
袋 .,瓶,0,1,171.8399963378906
(只),件,0,1,171.6
团,团,1,1,171
桶,Drum,0,1,170
元,22,0,1,170
个,井口,0,1,170
M3,UNKNOWN,0,1,170
百支,盒,0,1,170
305米/箱,只,0,1,169
1盒,盒,0,1,168
EACH,瓶,0,1,168
窗,件,0,1,168
支,S31603,0,1,166
付,轴,0,1,165.8800048828125
个,排,0,1,165.5999965667725
桶,捆,0,1,165
磅,桶,0,1,165
盒,顶,0,1,165
根,份,0,1,165
1袋,盒,0,3,164.9000030517578
M,包,0,1,164.2
件,件/根,0,1,163.8000030517578
只,令,0,1,163.2
台\年,KG,0,1,162
副,每一个,0,1,162
次,把,0,1,162
度,卷,0,1,161.84
圈,厘米,0,1,161.1
1个,批,0,2,160.9
支,QTI,0,1,160.6199951171875
双 .,个,0,2,160.0800015258789
kg,合,0,1,160
kG,米,0,1,160
M,桶,0,1,160
升,并,0,1,160
床,扎,0,1,159.1999969482422
个,KZ,0,1,158.17
G,个,0,1,158
把,千只,0,1,157.78
DN15,盒,0,1,157.5
只,版/10个,0,1,156
个,22,0,1,156
支,段,0,1,153
箱（250ml*16）A,袋,0,1,152.1499938964844
本 .,件,0,1,152.0399932861328
个 .,包.,0,1,152
DN300,个,0,1,152
具,张,0,1,150
月,根,0,1,150
年,kg,0,1,150
100mg,瓶,0,1,150
瓶,4,0,1,150
400g/卷,支,0,1,150
个,瓶/袋,0,1,148
件,轴,0,1,147
套 .,个,0,1,146.5
1罐,瓶,0,1,146.1000061035156
个,Z,0,1,146
瓶,宗,0,1,145.7
套,1袋,0,1,145.5
台,兆,0,1,145
一个,个,0,1,144.7700042724609
包,1包,0,2,144.2999992370605
盘,平方,0,1,144
20L桶,条,0,1,143
卷,娟,0,1,142.8800048828125
K,包,0,1,142
1块,UNKNOWN,0,1,141
916879280,UNKNOWN,0,1,141
筒,付,0,2,140.8000030517578
1 盒,支,0,1,140.6399993896484
1 个,瓶,0,1,140.3699989318848
1kg,袋,0,1,140.1800003051758
100G,瓶,0,1,140
套(4副),UNKNOWN,0,1,140
个 .,袋.,0,2,137.7999992370605
kg,500g,0,1,137.3500061035156
1个,条,0,2,137.1
支/只,只,0,1,136.8000030517578
个,元/只,0,1,136
瓶 .,袋.,0,4,135.7399997711182
组 .,组,0,1,135.6999969482422
箱 .,本.,0,1,135.1999969482422
1 包,1kg,0,1,135.0399932861328
片,快,0,1,135
个,6,0,1,135
包,顶,0,1,135
ROL,ROL,1,2,134
段,公里,0,1,133
1只,个,0,1,132.8000030517578
活性炭,瓶,0,1,132
本,捆,0,1,130
只,PIA,0,1,130
个,千克/套,0,1,128
BOT,支,0,1,125.5
入,盒,0,1,125.2399978637695
1 桶,1瓶,0,1,125.1999969482422
元/度,个,0,1,125
1套,套,0,1,123.9000015258789
件,跟,0,1,123
万粒,打,0,1,120
瓶,灌,0,1,120
只,box,0,1,120
根,元/卷,0,1,120
桶,立方米,0,1,120
盒,小包,0,1,120
架,捆,0,1,120
吨,千,0,1,120
4N,瓶,0,1,120
包 .,对,0,1,119.5999984741211
1包,UNKNOWN,0,1,118.8000030517578
1组,把,0,1,118.56
管,台,0,1,118.36
对,kg,0,1,118
个 ..,条,0,1,118
卷,元/卷,0,1,117
PCS,BOX,0,1,116
个,CAN,0,1,116
并,件,0,1,115.2
桶,1盒,0,1,115.1999969482422
平米,把,0,1,114.5
批,454mlx2 桶/箱,0,1,114
斤,穗,0,1,112.8000030517578
对,罐,0,1,112.5
十,卷,0,1,112.5
筒,根,0,1,110.4
KG,万套,0,1,110
PING,瓶,0,1,110
个,场,0,1,110
具,吨,0,1,110
个,100PC,0,1,109
500G,瓶,0,1,109
盒.,瓶,0,1,109
床 .,件,0,1,109
25g,只,0,1,108
1,天,0,1,108
加仑,瓶,0,1,107
捆,把,0,3,107
PCS,100PC,0,1,106.8000030517578
1 副,个,0,1,106.379997253418
1 支,套,0,1,106
代,只,0,2,106
块,㎏,0,1,105.79
只,圈,0,1,105
公斤,元/只,0,1,105
个,千套,0,1,104
斤,组,0,1,103.8499984741211
盒,卡,0,2,103
1组,盒,0,2,102
个,打,0,2,101.5999984741211
百支,千件,0,1,100
副,面,0,1,100
1 台,UNKNOWN,0,1,100
个,PET480ML*15,0,1,100
票,笔,0,1,100
KL,件,0,1,100
斤,卷,0,1,100
份,辆,0,1,100
UNKNOWN,点位,0,1,100
对,次,0,1,100
个,版,0,1,100
瓶,打,0,1,100
1件,UNKNOWN,0,1,99.80000305175781
台 .,只.,0,1,99
卡 .,套.,0,1,99
1HE,件,0,1,98
把,提,0,1,98
把,bar,0,1,98
罐(Pcs),UNKNOWN,0,1,98
碗,桶,0,1,97.40000152587891
卡,对,0,1,97
个 .,把.,0,3,96.00000286102295
—,项,0,1,96
ROL,卷,0,1,96
15KG/桶,瓶,0,1,96
双,立方米,0,1,96
瓶 .,包.,0,2,95.95999717712402
根,PR,0,1,95
300ml/支,支,0,1,93
5本,支,0,1,92
套,GE 个,0,1,92
吨,600x600,0,1,92
500ML,瓶,0,1,92
对,张,0,1,91.80000305175781
个,碗,0,1,91.40000000000001
卷,㎏,0,1,91
条 .,条.,0,1,90.55999755859375
袋 .,罐.,0,1,90
万,件,0,1,90
付,平米,0,1,90
米,10米2,0,1,90
颗,根,0,1,90
1块,套,0,1,89.7
1 包,1瓶,0,1,89.52999877929688
1BK,卷,0,1,89.40000152587891
1 瓶,1个,0,1,89
1 批,1条,0,1,89
张,1个,0,2,89
公分,千克,0,1,85.5
1件,个,0,1,85
把,捆,0,2,84.2
千克(公斤),卷,0,1,84
500G,ml,0,1,84
套,1只,0,1,83.59999847412109
卷,package,0,1,83.51999664306641
桶,set,0,1,82
1条,UNKNOWN,0,1,82
1组,包,0,2,81.8
1板,UNKNOWN,0,1,81.31999999999999
1个,把,0,2,80.8
JP,件,0,1,80.26999664306641
盒 .,包,0,1,80.09999847412109
幅,根,0,1,80
户,套,0,1,80
组,元/个,0,1,80
块,圈,0,1,80
付,JUA,0,1,80
平方米,款,0,1,80
千套,根,0,1,80
套/件,套,0,1,80
百个,米,0,2,79.96999908447266
1把,把,0,1,79.8
条 .,个,0,1,79.59999847412109
24支/盒,盒,0,1,79.2
套 .,条,0,1,79
版,套,0,1,79
pc,盒,0,1,78.90000152587891
支,每一个,0,2,78.53000068664551
1,笔,0,1,78.27
付,份,0,1,78
卡,筒,0,1,77.84999847412109
瓶(Pcs),UNKNOWN,0,1,76.80000305175781
个 .,把,0,3,76.50000047683716
支,1卡,0,1,76.12
瓶,M,0,1,76
1 本,本,0,1,75.80000305175781
100g,袋,0,1,75.56999999999999
1套,瓶,0,1,75
条,拾,0,1,75
包,次,0,1,75
根,斤,0,2,74.5
双,筒,0,1,74
pcs,roll,0,1,72
包(Pcs),卷,0,1,72
支.,卡,0,1,71.40000152587891
袋,盒（1盒25个）,0,1,71.40000000000001
EA,捆,0,1,70.36
版,片,0,1,70
个/月,月,0,1,69.59999999999999
组 .,听,0,1,69.59999847412109
M,盒,0,1,69
1袋,瓶,0,2,68.59999999999999
把,若干,0,1,68
CAN,CAN,1,1,67.09999999999999
个,BOT,0,1,66
915343878,UNKNOWN,0,1,65.79000091552734
公斤,Each,0,1,65.51999664306641
1 袋,1kg,0,1,65.31999969482422
1 个,台,0,1,64.64000129699707
袋(Pcs),盒,0,1,64
批,筒,0,1,63.70000076293945
1BT,支,0,1,63.15999984741211
1 件,1个,0,1,63.00999999046326
卡 .,卡.,0,2,62
床,米,0,1,62
托,米,0,1,60.47000122070313
1 盒,1罐,0,1,60
CAS,包,0,1,60
份,1个,0,1,60
个.,根,0,1,60
盘,合,0,1,60
顶,米,0,1,60
条 ..,条,0,1,59.79999923706055
十瓶,包,0,1,59.47999954223633
本 .,本,0,1,59.39999961853027
1米,包,0,1,59
1件,套,0,1,59
1盒,支,0,2,59
钢,个,0,1,57.20000076293945
1 kg,1KG,0,2,56.93000221252441
1袋,包,0,3,56.90000000000001
1 盒,套,0,1,56.70000076293945
盒 .,kg,0,1,56.52000045776367
并,代,0,1,56
盒,P1,0,1,56
片,1袋,0,1,55.5
吨,毫升,0,1,55
盒(20本/盒),个,0,1,55
提,只,0,1,55
1BK,盒,0,1,55
罐,把,0,2,54.3
斤,颗,0,1,54
PCS,提,0,1,53.91999816894531
1 批,个,0,1,53.79999923706055
1BA,罐,0,1,53.7400016784668
1包,只,0,2,53.70000076293945
版,版,1,1,53
箱 .,包,0,1,52.49999809265137
箱,PAC,0,1,52
支<枝>,合<盒>,0,1,52
套 .,支.,0,1,51.59999847412109
KA,UNKNOWN,0,1,51.59999847412109
PCS,厘米,0,1,51.47999954223633
卷,PAC,0,1,50.79999923706055
瓶,1对,0,1,50.40000152587891
1 袋,1瓶,0,1,50.09999847412109
kg,1kg袋,0,1,50.0099983215332
10g,瓶,0,1,50
千米,跟,0,1,50
颗,米,0,1,50
升,份,0,1,50
束,本,0,1,50
筒,合,0,1,50
支 .,把.,0,1,49.79999923706055
1盒,包,0,1,49.59999847412109
件,1件,0,1,49
套,QTI,0,1,48.66999816894531
付.,付,0,1,48.08000183105469
kwh,盒,0,1,48
桶,共,0,1,48
把,度,0,1,48
1提,刀,0,1,48
1 本,1本,0,2,47.59999847412109
米................29,条,0,1,47.21
把,拾,0,1,46.8
Pc,件,0,1,46
个 .,提,0,1,45.59999847412109
盒,百个,0,1,45
KG,轴,0,1,45
大号,袋,0,1,44
个,BG,0,1,44
盒,十支,0,1,43.88000106811523
cm,CM,0,1,43.20000076293945
包 .,捆,0,1,43.20000076293945
双 .,包.,0,1,43.20000076293945
枚,瓶,0,1,42.5
合,块,0,1,42
公斤(KG),KG,0,1,41.65
个,加仑,0,1,41.59999999999999
卡,组,0,1,41.59000015258789
台,QTI,0,1,41.54000091552734
纸,个,0,1,40.5
本,简,0,1,40.25
kg.,箱,0,1,40.15
盒,PACKET,0,1,40
Pcs,条,0,1,40
瓶,1kg袋,0,1,40
配片,只,0,1,40
套,室,0,1,40
件,延米,0,1,39.9
1 包,1袋,0,1,39.79999923706055
个 .,双,0,1,39.79999923706055
1 个,kg,0,1,39.68000030517578
1,块,0,1,39.5
1套,批,0,1,39.40000152587891
本,1本,0,1,39.29999923706055
件L,箱,0,1,39
m3,条,0,1,39
张,板,0,1,38.8
卡 .,个,0,1,38.69999885559082
圈,UNKNOWN,0,1,38
1 套,1件,0,1,37.79999923706055
板,条,0,1,37
只,200 只,0,1,36.90000152587891
管,卷,0,1,36.40000152587891
45克/支,件,0,1,36.15999984741211
联,杯,0,1,36
船套,条,0,1,36
米................23,个,0,1,36
只,板,0,1,36
1 瓶,盒,0,1,35.88999938964844
联,箱,0,1,35.70000076293945
件,页,0,1,35.70000076293945
1瓶,包,0,1,35.65
1组,支,0,1,35.6
组 .,组.,0,1,35.20000076293945
840ml/瓶 6瓶/箱,瓶,0,1,35
米,舰套,0,1,35
条,TAO,0,1,35
千克,板,0,1,34.70000076293945
件,具,0,1,34.56
盘,轴,0,1,34.5
根,Pcs,0,1,34.06000137329102
Z5,个,0,1,34
妗?,kg,0,1,33.70000076293945
箱 .,张.,0,1,33.11999893188477
小盒,合,0,1,32.70000076293945
盒 .,袋.,0,2,32.59999942779541
个,包（80枚）,0,1,32
人份,个,0,1,32
瓶 .,组.,0,1,31.79999923706055
支,1套,0,1,31.60000038146973
瓶 .,罐.,0,1,31.60000038146973
公斤,碗,0,1,30.93000030517578
平方米,并,0,1,30.60000038146973
千克,颗,0,1,30.29999923706055
100G,克,0,1,30
只,瓦,0,1,30
斤,支,0,1,30
巴,次,0,1,30
台 .,包,0,1,29.70000076293945
1个,片,0,1,29
提 .,包.,0,1,28.79999923706055
月,分,0,1,28.73
RO,个,0,1,28
1 包,1盒,0,1,28
each,瓶,0,1,28
公斤（千克）,KG,0,1,27.64999961853027
件(Pcs),条,0,1,27.6
听(Pcs),袋,0,1,27.6
个.,桶,0,1,27
套 .,件.,0,1,26.89999961853027
个 .,包,0,2,26.79999971389771
台 .,把,0,1,26.79999923706055
1 批,辆,0,1,26.69000053405762
千克,代,0,1,26.60000038146973
百个,m,0,1,26.28
托,斤,0,1,25.96999931335449
1 包,袋,0,1,25.60000038146973
瓶 .,盒,0,1,25.20000076293945
千套,颗,0,1,25
刀,只,0,1,25
支,1支,0,1,25
1袋,斤,0,2,25
千支,把,0,1,25
筒,粒,0,1,25
1卷,只,0,1,24.88
件,kit,0,1,24
块/盒,块,0,1,24
500ML,个,0,1,24
1 桶,1袋,0,1,24
RCS,件,0,1,24
条(Pcs),条,0,1,23.8
个 .,卡,0,1,23.70000076293945
盘,平米,0,1,23.1
UNKNOWN,1罐,0,1,22.51999950408936
M2,箱,0,1,22.36000061035156
张,并,0,1,21.92000007629395
0,UNKNOWN,0,1,21.88
张,Kg,0,1,21.69000053405762
1 个,1包,0,2,21.30000019073486
组,听,0,1,21.13999938964844
-,公斤,0,1,20
PS,盒,0,1,20
千米,包,0,1,20
1 碗,1袋,0,1,20
1套,双,0,1,19.9
盒,捆,0,1,19.9
kg,瓶.,0,1,19.79999923706055
双,1双,0,1,19.79999923706055
包 .,盒.,0,1,19.60000038146973
Pcs,卷,0,1,19.60000038146973
盒 .,支.,0,2,19.23999977111816
只,千支,0,1,19
辆,节,0,1,19
1本,本,0,1,18.9
个 .,只.,0,1,18.89999961853027
平方米,对,0,1,18.02000045776367
箱次,UNKNOWN,0,1,18
副,筒,0,1,18
米,板,0,1,18
板,节,0,1,18
公斤(KG),UNKNOWN,0,1,17.89999961853027
1 个,1只,0,1,17.79999923706055
卡,版,0,1,17.79999923706055
包.,kg,0,1,17.68000030517578
6瓶,盒,0,1,16.8
本,卡,0,1,16.71999931335449
1份,UNKNOWN,0,1,16.70000076293945
组,1袋,0,1,16.29999923706055
1包,把,0,1,15.9
1组,套,0,1,15.9
根,1组,0,1,15.89999961853027
1 根,根,0,1,15.89999961853027
1 罐,1瓶,0,1,15.80000019073486
桶,排,0,1,15.80000019073486
件套,包,0,2,15.53000020980835
盘,瓶,0,1,15.44
BAG,本,0,1,15.4
条,筒,0,1,15.39999961853027
盘,百个,0,1,15.25
支,100,0,1,15
盒,处,0,1,15
卷,ge,0,1,15
包(Pcs),包,0,1,14.9
1支,把,0,1,14.9
1 个,1张,0,1,14.80000019073486
瓶,BOX,0,1,14.7
1个,包,0,1,14
片,1本,0,1,14
1 套,1本,0,1,13.5
1 块,1块,0,2,13.5
瓶 .,kg,0,1,12.89000034332275
1kg,吨,0,1,12.7
1 个,1袋,0,1,12.60000038146973
1 KG,KG,0,1,12.59000015258789
1 个,支,0,1,12.57999992370605
块,ZHI,0,1,12.39999961853027
EACH,吨,0,1,12.24
本,平方米,0,1,12.24
1组,个,0,1,11.81
箱 .,袋.,0,1,11.60000038146973
罐,50g,0,1,11.52000045776367
1 只,1卡,0,1,11.19999980926514
只,PAA,0,1,11.01000022888184
盒,m2,0,1,11
箱,100g,0,1,10
桶,㎏,0,1,10
元,把,0,1,10
1卡,个,0,1,9.9
1块,块,0,1,9.9
包 .,套,0,1,9.899999618530273
扎 .,卡,0,1,9.899999618530273
件套,盒,0,1,9.899999618530273
称重,斤,0,1,9.899999618530273
双 .,双,0,1,9.899999618530273
根 .,件,0,1,9.899999618530273
包.,捆,0,1,9.800000000000001
根,圈,0,1,9.789999961853027
包,1条,0,1,9.5
个,杯,0,1,9.48
套,刀,0,1,9
打,卷,0,1,8.670000076293945
1 kg,KG,0,1,8.229999542236328
包,BOX,0,1,8
组,粒,0,1,8
袋,穗,0,1,7.989999771118164
1 盒,个,0,1,7.829999923706055
个 .,支.,0,1,7.800000190734863
袋,pc,0,1,7.8
百,KG,0,1,7.5
1 罐,盒,0,1,7.320000171661377
100G,盒,0,1,7
个,1筒,0,1,7
筒,项,0,1,6.75
1袋,公斤,0,1,6.7
1kg,公斤,0,1,6.6
1组,斤,0,1,6.44
1瓶,斤,0,1,6.32
个,轮,0,1,6
盒 .,个.,0,1,6
ST,包,0,1,6
1 包,个,0,1,5.5
1 支,卡,0,1,5.199999809265137
元,㎡,0,1,5
个 .,条,0,1,5
份,卡,0,1,4.900000095367432
对,1包,0,1,4.800000190734863
70g * 22,袋,0,1,4.650000095367432
刀,公斤,0,1,4.4
1 张,1张,0,1,3.900000095367432
袋 .,把.,0,1,3.900000095367432
1 包,1个,0,1,3.900000095367432
件,ROL,0,1,3.9
1条,组,0,1,3.2
张（片）,提,0,1,2.84
令,瓶,0,1,2.799999952316284
1 件,个,0,1,2.589999914169312
床 .,盒,0,1,2.5
百米,根,0,1,2.180000066757202
包 .,张,0,1,2
串,把,0,1,2
支 .,个,0,1,1.899999976158142
UNKNOWN,千只,0,1,1.69
350/卷,个,0,1,1.299999952316284
卷,1包,0,1,1
枝,枝,1,1,1
盒,1个,0,1,.6000000238418579
个.,提,0,1,.2
盒,床,0,1,.0199999995529652
