product_id,product_name,class,v_prod,n_units,top1,top2,top3,unit1,share1,unit2,share2,unit3,share3,unit4,share4,unit5,share5
110010102,供电,C 前3个>=90%,132702967464.48949,29,0.7542537492159543,0.8715200703628547,0.9214698405347164,千瓦时,0.7542537492159543,伏安,0.1172663211469004,UNKNOWN,0.04994977017186168,个,0.03752015673773911,OTHER,0.01840283956658879
103010501,食用植物油及食用植物油脂,C 前3个>=90%,39346228565.59432,21,0.6525347650222761,0.8787966736475903,0.9244878937545777,千克,0.6525347650222761,箱,0.22626190862531417,桶,0.0456912201069875,瓶,0.041310978772153735,UNKNOWN,0.010514850066098163
106010504,卫生用纸制品,C 前3个>=90%,37668905264.59255,24,0.6776753615480343,0.8813946119621023,0.9454247858158582,个,0.6776753615480343,箱,0.20371925041406796,袋,0.0640301738537559,包,0.028741548517500454,OTHER,0.012003107112419231
305020000,安装服务,C 前3个>=90%,33784817818.6682,28,0.44106479500585477,0.853046228279563,0.9007962981079962,项,0.44106479500585477,UNKNOWN,0.4119814332737082,批,0.047750069828433175,次,0.02016558788550026,OTHER,0.018698893078825423
108049900,其他金属制品,C 前3个>=90%,29706744970.156197,27,0.5112054465418727,0.8396606645161998,0.9137531597174468,个,0.5112054465418727,千克,0.3284552179743271,套,0.07409249520124692,千米,0.018183115053551392,平方米,0.016225185753619434
107022302,护肤用化妆品,C 前3个>=90%,22279730575.7985,19,0.7147329583087908,0.8454826327300254,0.9437787888353024,个,0.7147329583087908,瓶,0.1307496744212346,套,0.09829615610527702,盒,0.03707609342999176,包,0.009547360530272496
107010107,润滑油,C 前3个>=90%,20436089839.9551,24,0.43950139119609,0.8245565779285928,0.9710156683133512,千克,0.43950139119609,桶,0.38505518673250283,立方米,0.14645909038475835,OTHER,0.0073713573561315126,个,0.007231799449921091
109051908,电子元件、组件零件,C 前3个>=90%,19332338346.151966,22,0.8560877439482298,0.8955669130808743,0.9273273514923572,个,0.8560877439482298,平方米,0.039479169132644445,套,0.03176043841148287,瓦,0.029270822487577407,千米,0.013486274021888829
106051299,其他日用杂品,C 前3个>=90%,18660581569.722496,26,0.7454125442628525,0.8429873219216184,0.9205926216030876,个,0.7454125442628525,箱,0.09757477765876588,瓶,0.07760529968146924,罐,0.021787342191069325,套,0.02015694075680107
103020899,其他营养、保健食品,C 前3个>=90%,18228412275.76084,16,0.49951625596909144,0.7023626411274987,0.9010667382809538,瓶,0.49951625596909144,盒,0.20284638515840722,罐,0.19870409715345516,箱,0.060007930947971355,个,0.022785419280959892
106010599,其他纸制品,C 前3个>=90%,17468924137.910095,27,0.43137880506349807,0.8498497887053712,0.9001598667925782,个,0.43137880506349807,千克,0.41847098364187313,平方米,0.050310078087207034,套,0.027555728313416444,批,0.015353989417663633
109050401,数字蜂窝移动电话系统设备,C 前3个>=90%,16196352641.602173,16,0.4812330048674986,0.8650417476062056,0.9102566166214181,套,0.4812330048674986,个,0.38380874273870697,OTHER,0.04521486901521251,项,0.03615061405838101,批,0.0333053357614769
109040999,其他电线电缆,C 前3个>=90%,14310160659.388378,25,0.6217985656121721,0.7817765183055561,0.9360585179516137,千米,0.6217985656121721,千克,0.15997795269338402,个,0.1542819996460576,OTHER,0.023657570406530215,卷,0.013842921716635476
303029900,其他增值电信服务,C 前3个>=90%,14307326258.843689,13,0.8006456413343226,0.8624912745549684,0.9100364123881127,UNKNOWN,0.8006456413343226,月,0.061845633220645825,元,0.04754513783314432,项,0.030732042295251734,次,0.016013930386286186
108020712,无缝钢管,C 前3个>=90%,13608010952.121853,19,0.8273690780067314,0.8857119207896589,0.9343742579633306,千克,0.8273690780067314,千米,0.0583428427829275,UNKNOWN,0.04866233717367177,个,0.047809810962803415,套,0.007359108579287507
304030301,广告发布服务,C 前3个>=90%,13226378264.811893,25,0.7130820279720044,0.8784737449605394,0.9072142707786558,UNKNOWN,0.7130820279720044,次,0.16539171698853505,期,0.028740525818116414,项,0.023657763457113304,月,0.013796568152314115
107022202,合成洗涤剂,C 前3个>=90%,11788493584.871218,24,0.7818938829659435,0.8885486048271869,0.9153352404114424,个,0.7818938829659435,瓶,0.10665472186124342,箱,0.026786635584255522,袋,0.023124251859843466,桶,0.018084664074103578
501020100,房地产开发商业用房,C 前3个>=90%,10303358810.174805,11,0.7630344893136958,0.8796209419090254,0.9320863927837609,平方米,0.7630344893136958,UNKNOWN,0.11658645259532965,月,0.05246545087473556,OTHER,0.04666486326839607,套,0.010077011371476229
304020101,软件开发服务,C 前3个>=90%,9983470686.621887,17,0.46380005848719347,0.8283366125088358,0.9191664128445715,套,0.46380005848719347,UNKNOWN,0.3645365540216423,次,0.0908298003357356,项,0.04986257021802585,月,0.012288682852545746
108011001,平板玻璃,C 前3个>=90%,9574390078.2047,22,0.7122016161900458,0.8777602276578689,0.9497832781614726,平方米,0.7122016161900458,OTHER,0.16555861146782297,千克,0.07202305050360373,个,0.03032845246691555,UNKNOWN,0.009014794470751078
106030101,基础软件产品,C 前3个>=90%,8718609662.318974,21,0.7201469833062282,0.8533746166973363,0.9125749422633544,套,0.7201469833062282,个,0.1332276333911081,UNKNOWN,0.05920032556601821,OTHER,0.04954587246226216,批,0.026018380201614125
107021401,化学试剂,C 前3个>=90%,8211861334.254197,22,0.8004264783852424,0.888369443682484,0.9157973728377227,千克,0.8004264783852424,盒,0.08794296529724162,瓶,0.027427929155238617,个,0.02134977697047711,立方米,0.018144114696939682
107030203,注射液,C 前3个>=90%,7045646514.880695,14,0.5760565478496185,0.7851439764531741,0.9525972620879545,个,0.5760565478496185,瓶,0.20908742860355564,盒,0.16745328563478037,袋,0.021792604039285977,千克,0.020322579755785674
109023299,其他电子工业专用设备,C 前3个>=90%,6849237200.392916,21,0.6815986274153866,0.8813491338397913,0.9763742305023864,个,0.6815986274153866,套,0.19975050642440476,OTHER,0.09502509666259511,批,0.009536260240177036,瓦,0.004370183003485831
109010101,锅炉、辅助设备、零件,C 前3个>=90%,6765823959.264026,25,0.49142743822735424,0.8223055698450905,0.9352977393221115,个,0.49142743822735424,套,0.3308781316177363,千克,0.11299216947702098,OTHER,0.021719847039929935,批,0.015903341814449287
107060103,塑料管,C 前3个>=90%,6653201507.916744,21,0.5247463537517828,0.8103891057461912,0.9044348959619645,千米,0.5247463537517828,个,0.2856427519944083,千克,0.09404579021577326,OTHER,0.032121254627559354,UNKNOWN,0.02592078826018792
103030500,葡萄酒,C 前3个>=90%,6102013102.592004,18,0.41644575140839163,0.7234054524598948,0.9018284622066177,瓶,0.41644575140839163,个,0.3069597010515032,箱,0.1784230097467229,盒,0.04100715191763908,OTHER,0.01829340068858732
108012600,耐火材料制品,C 前3个>=90%,5821435191.047828,20,0.8067824080260735,0.8839813562640291,0.9340650550510802,千克,0.8067824080260735,OTHER,0.07719894823795553,个,0.0500836987870511,套,0.027697039772434928,立方米,0.019083466796991518
107060112,日用塑料制品,C 前3个>=90%,5586077815.289639,27,0.7435274087500058,0.8406068828275436,0.9034622501909249,个,0.7435274087500058,千克,0.0970794740775378,套,0.06285536736338121,批,0.045425513822640845,箱,0.013769485888268991
108010601,陶瓷砖,C 前3个>=90%,5162820040.1127825,17,0.3712875010330256,0.7194569840642411,0.9731048662758086,个,0.3712875010330256,平方米,0.34816948303121553,箱,0.2536478822115675,批,0.013198651267178365,千克,0.004357337800501239
106030102,应用软件产品,C 前3个>=90%,5067172296.740146,18,0.8416943790793834,0.8999568828052483,0.9571638578149165,套,0.8416943790793834,UNKNOWN,0.05826250372586491,个,0.05720697500966819,OTHER,0.01747052808734077,项,0.013924234520680277
301990200,其他货物运输服务,C 前3个>=90%,4973767839.886625,19,0.5971601654218301,0.878835578116739,0.9113871634307736,UNKNOWN,0.5971601654218301,千克,0.28167541269490876,OTHER,0.03255158531403473,车,0.01576143265610397,立方米,0.01568809370134917
109040701,高压电路开关、保护电器装置,C 前3个>=90%,4893898964.3928795,22,0.7778655642628096,0.8943227532192759,0.9540710143577934,个,0.7778655642628096,套,0.11645718895646628,OTHER,0.05974826113851752,批,0.025150030429831136,千米,0.01000150039755204
107030402,中成药冲剂,C 前3个>=90%,4880225327.178421,15,0.665649854847974,0.8666845387049352,0.9512560862222076,盒,0.665649854847974,箱,0.2010346838569612,千克,0.08457154751727235,包,0.025718642443360678,袋,0.00907010036453666
109050101,光通信设备,C 前3个>=90%,4823541220.170913,24,0.5750892321122103,0.84668091270812,0.9034601514146383,个,0.5750892321122103,套,0.27159168059590966,UNKNOWN,0.056779238706518305,千米,0.02800441591296056,副,0.0272642492810729
109042401,室内照明灯具,C 前3个>=90%,4751033722.819344,23,0.6749672365816493,0.8327007731659779,0.9303653739196418,个,0.6749672365816493,套,0.15773353658432862,千克,0.09766460075366389,OTHER,0.022489321904539224,UNKNOWN,0.014538900539828592
107060102,塑料板、片,C 前3个>=90%,4677682503.949737,22,0.5208788053274299,0.8129647337807588,0.9152909012791195,千克,0.5208788053274299,个,0.29208592845332887,平方米,0.10232616749836064,立方米,0.023548412486310854,千米,0.018866854733139617
105020199,其他家具,C 前3个>=90%,4579803867.556987,21,0.7052856167012871,0.8948705846449299,0.9232931857506421,个,0.7052856167012871,套,0.18958496794364277,批,0.028422601105712306,UNKNOWN,0.0270168258695577,OTHER,0.01713319345669426
304030199,其他设计服务,C 前3个>=90%,4529604687.962498,25,0.49081477858927863,0.7638926119570109,0.9185963816010541,UNKNOWN,0.49081477858927863,次,0.2730778333677323,项,0.15470376964404314,月,0.026990151450567112,批,0.015095794992653134
109041301,原电池及原电池组,C 前3个>=90%,4496877300.917737,17,0.5164322104308596,0.7835604166123684,0.9008859965165221,个,0.5164322104308596,千克,0.2671282061815088,套,0.11732557990415377,UNKNOWN,0.04401729790861323,OTHER,0.03300079057810122
304080101,物业管理服务,C 前3个>=90%,4423882971.801025,24,0.6095391705717337,0.881566601711736,0.9130769675056456,UNKNOWN,0.6095391705717337,月,0.2720274311400023,项,0.03151036579390965,OTHER,0.0309655853505549,次,0.022856550506448994
304060100,认证服务,C 前3个>=90%,4225121742.0197544,23,0.3378086403568058,0.6204355367340565,0.9006350375409193,项,0.3378086403568058,UNKNOWN,0.2826268963772507,次,0.28019950080686284,个,0.0292634304328514,批,0.02694683747413134
107030301,植物类饮片,C 前3个>=90%,4215555010.0808277,16,0.738907137193285,0.8731788957021833,0.958641086600617,千克,0.738907137193285,个,0.13427175850889825,OTHER,0.0854621908984337,盒,0.017784770285815543,瓶,0.00956806422515497
109024901,大气污染防治设备,C 前3个>=90%,4134318904.3560987,21,0.5785094234976407,0.834731581426978,0.9175395865752938,套,0.5785094234976407,个,0.2562221579293373,UNKNOWN,0.08280800514831582,OTHER,0.035393796848151006,千克,0.02035052471409828
109040806,配电或电器控制设备专用零件,C 前3个>=90%,4062825187.5945063,23,0.7376748103489847,0.8417583375091268,0.9010825592756994,个,0.7376748103489847,套,0.10408352716014205,批,0.05932422176657257,千克,0.03827640960168748,OTHER,0.030305879433238304
109030300,铁路机车车辆配件及零件,C 前3个>=90%,3914343115.7138534,22,0.6721685376926183,0.8786510331855897,0.9841734842836104,个,0.6721685376926183,OTHER,0.20648249549297135,套,0.1055224510980207,千克,0.006452223034289864,副,0.002313316456619358
104030201,成品革,C 前3个>=90%,3775798277.906586,14,0.5391074486755286,0.8037095047464017,0.9773053446738559,平方米,0.5391074486755286,OTHER,0.26460205607087306,千米,0.17359583992745423,千克,0.008892426005514839,个,0.008445859850925906
104010404,化纤长丝机织物,C 前3个>=90%,3568026779.6173387,19,0.5585697384772903,0.8816035003480127,0.9735600371099041,千米,0.5585697384772903,千克,0.3230337618707224,平方米,0.09195653676189144,个,0.01530425962615088,立方米,0.005075198218717428
103010401,饲料,C 前3个>=90%,3465126522.631241,13,0.4064956291548717,0.7939361847846764,0.971505496456479,个,0.4064956291548717,千克,0.38744055562980473,袋,0.17756931167180257,盒,0.011157981640110181,罐,0.00910486663186544
301010201,铁路货物运输服务,C 前3个>=90%,3459270799.840058,15,0.4240829983102256,0.7177731475869817,0.9243167485423467,千克,0.4240829983102256,UNKNOWN,0.2936901492767561,OTHER,0.20654360095536492,月,0.026950319126305605,千米,0.010044438875708188
105020299,其他家具配件,C 前3个>=90%,3288116364.875952,22,0.5263765199526228,0.8793344586857144,0.948200005415994,个,0.5263765199526228,套,0.3529579387330916,千克,0.06886554673027967,副,0.011813743978109541,批,0.01108486839112759
109020602,铸造机械,C 前3个>=90%,3214985885.390342,17,0.5166138813363969,0.860002852465974,0.9908742337249745,千克,0.5166138813363969,个,0.34338897112957706,套,0.13087138125900055,批,0.003950147737931465,UNKNOWN,0.002410224009301184
103020602,酱油及酱类制品,C 前3个>=90%,3143517711.802866,17,0.8470029111544981,0.8937439261152732,0.9268177683568212,箱,0.8470029111544981,个,0.04674101496077505,瓶,0.03307384224154802,千克,0.026392306230656686,桶,0.012796686948702103
109011903,阀门、龙头零件,C 前3个>=90%,3102280412.3196177,21,0.7556122146487829,0.8826414895852162,0.9495635710212768,个,0.7556122146487829,套,0.1270292749364333,千克,0.06692208143606057,UNKNOWN,0.02627800421268767,批,0.01804750722152416
107021307,调制粘合剂,C 前3个>=90%,3044436886.7807345,20,0.7408418585846803,0.8356856592699771,0.9089988943769007,千克,0.7408418585846803,桶,0.09484380068529677,个,0.07331323510692372,平方米,0.02179398130302702,套,0.01325817388781276
109040406,变压器、整流器和电感器零件,C 前3个>=90%,3020933431.729522,19,0.6643488776077958,0.862069988431282,0.9634206782283953,个,0.6643488776077958,套,0.19772111082348623,千克,0.10135068979711324,OTHER,0.018194498442469953,批,0.011819630657619148
104011201,经编织物,C 前3个>=90%,2998890519.656224,20,0.47827036847266235,0.8367476566040981,0.9220820827454463,千米,0.47827036847266235,千克,0.3584772881314357,个,0.08533442614134824,平方米,0.04215939730038341,套,0.01877973668916564
107060299,其他塑料半成品、辅料,C 前3个>=90%,2967008347.8881364,24,0.4547722384386862,0.8792529913608997,0.9331280965458889,个,0.4547722384386862,千克,0.42448075292221354,套,0.05387510518498914,千米,0.01618948454852886,平方米,0.014481553605907613
303020300,互联网接入服务,C 前3个>=90%,2870407968.688583,10,0.7194567825515225,0.8664704621269999,0.9384498956948418,UNKNOWN,0.7194567825515225,月,0.14701367957547737,项,0.07197943356784202,个,0.04220785376382027,次,0.007122505503813926
108030601,氧化铝,C 前3个>=90%,2840019145.9240036,17,0.778337565123425,0.8591845343754854,0.9377163392440266,千克,0.778337565123425,个,0.08084696925206035,套,0.07853180486854124,UNKNOWN,0.046682257304773635,OTHER,0.007018949472530917
102050404,建筑用砂、土,C 前3个>=90%,2809180141.6468315,19,0.4376370788413346,0.7937871353198689,0.9640050215152971,千克,0.4376370788413346,UNKNOWN,0.3561500564785343,立方米,0.17021788619542827,个,0.020073661799592354,项,0.005881036346049322
109030400,铁路专用设备及器材、配件,C 前3个>=90%,2681784116.551805,24,0.6675685747898569,0.8515658550165857,0.9022972293030502,个,0.6675685747898569,套,0.18399728022672884,千米,0.050731374286464626,千克,0.03219036096811732,UNKNOWN,0.02514015638240962
301010299,其他陆路货物运输服务,C 前3个>=90%,2672988261.632141,19,0.5250203912753716,0.8977167638407522,0.921233738992343,UNKNOWN,0.5250203912753716,千克,0.37269637256538063,批,0.023516975151590774,次,0.013977449406374395,OTHER,0.01214341194668804
304080400,安全保护服务,C 前3个>=90%,2540226581.0711365,16,0.7579971966845531,0.8767725390034853,0.9282153623957997,UNKNOWN,0.7579971966845531,月,0.11877534231893219,OTHER,0.0514428233923144,个,0.029733283979255197,元,0.025116305242506954
106010305,瓦楞纸板,C 前3个>=90%,2519148012.0325356,14,0.44923881317112213,0.7456548253848622,0.9848171837966602,个,0.44923881317112213,千克,0.29641601221374003,平方米,0.23916235841179803,套,0.0056761901002296295,批,0.0036020336909054775
304030401,会议服务,C 前3个>=90%,2407309730.626681,19,0.7610882510435258,0.8499883793243973,0.9218713197739331,UNKNOWN,0.7610882510435258,次,0.08890012828087145,OTHER,0.07188294044953582,项,0.036967811072965234,个,0.019767025150455718
104010599,其他床上用织物制品,C 前3个>=90%,2383853080.091179,18,0.7184661139608663,0.888180484769345,0.9336192355495678,个,0.7184661139608663,套,0.16971437080847862,千米,0.04543875078022285,UNKNOWN,0.03191229311303695,千克,0.018150385717788625
109042402,户外照明用灯具及装置,C 前3个>=90%,2350291373.4299245,18,0.4889991373165327,0.8822697718837222,0.9149307356501675,套,0.4889991373165327,个,0.3932706345671896,千克,0.03266096376644524,OTHER,0.032220236044202044,批,0.019712503069035575
109021105,塑料用模具,C 前3个>=90%,2327866129.6673584,22,0.4577322016083218,0.8544962153480827,0.9507244664369888,套,0.4577322016083218,副,0.39676401373976095,个,0.09622825108890606,UNKNOWN,0.017873123352712496,千克,0.013045018093692327
107030101,抗菌素（抗感染药）,C 前3个>=90%,2292176614.3314037,17,0.7214229087519383,0.8657241597612504,0.9165493348695828,千克,0.7214229087519383,盒,0.14430125100931215,OTHER,0.05082517510833236,个,0.03744769547557281,UNKNOWN,0.01959538252048333
303020200,电子数据和信息的传输及应用服务,C 前3个>=90%,2282843589.323089,16,0.7448348612893434,0.8573168093303567,0.9134088783001539,UNKNOWN,0.7448348612893434,笔,0.11248194804101329,项,0.05609206896979728,月,0.02060925547124167,立方米,0.019833285211373314
101011199,其他农作物副产品,C 前3个>=90%,2142250125.7613578,17,0.5521547462693539,0.8162832299224403,0.9624853259313428,箱,0.5521547462693539,千克,0.26412848365308633,个,0.14620209600890252,包,0.012441931364114098,UNKNOWN,0.009682542374164651
304010401,工程勘察服务,C 前3个>=90%,2136674663.9965513,14,0.47509195716745783,0.8860374230476513,0.967493881415045,UNKNOWN,0.47509195716745783,项,0.41094546588019354,次,0.0814564583673937,个,0.019122035813474568,OTHER,0.00857721932110067
109013602,铸钢件,C 前3个>=90%,2113277043.2606816,17,0.4431314780980639,0.8672640869329821,0.9804935416024331,个,0.4431314780980639,千克,0.42413260883491816,套,0.113229454669451,批,0.01028340396202873,OTHER,0.0025542836837468275
304020400,业务流程管理服务,C 前3个>=90%,2098019122.6870115,13,0.7698186106155532,0.8762928369079911,0.9247285574549238,次,0.7698186106155532,UNKNOWN,0.1064742262924379,项,0.048435720546932653,OTHER,0.03419387099738245,月,0.031576986754769
108012104,卫生陶瓷制品,C 前3个>=90%,2091151149.903902,17,0.5824592599250146,0.8742324101170185,0.9735855093392369,套,0.5824592599250146,个,0.2917731501920039,批,0.09935309922221845,千克,0.01009893797223552,UNKNOWN,0.0062082202761090215
105020104,金属家具,C 前3个>=90%,2074797365.2073057,24,0.7611373275533021,0.8986255461840378,0.934440167304821,个,0.7611373275533021,套,0.13748821863073568,OTHER,0.03581462112078332,千克,0.01650355557804631,平方米,0.013834940614859605
109020108,矿山设备专用配套件,C 前3个>=90%,2048095894.1085536,20,0.7196436335015371,0.8996995104626428,0.9362530814364524,个,0.7196436335015371,套,0.18005587696110573,千米,0.0365535709738095,千克,0.03516075666839377,OTHER,0.014266810757872794
105010401,单板,C 前3个>=90%,2037260992.899131,16,0.801454538532507,0.8841338056046918,0.9584378704324779,立方米,0.801454538532507,个,0.08267926707218477,平方米,0.07430406482778609,千克,0.023728449502901636,套,0.005838695671571234
103030704,包装饮用水,C 前3个>=90%,2036073233.2492592,22,0.41072414435297233,0.7353370783651509,0.910720449887428,箱,0.41072414435297233,个,0.32461293401217856,桶,0.17538337152227698,瓶,0.06641592833790337,UNKNOWN,0.010530704924916945
501020200,取得的商业用房,C 前3个>=90%,1938830060.4843752,14,0.5980670628890266,0.7744620750844848,0.9360568541379009,平方米,0.5980670628890266,月,0.17639501219545828,UNKNOWN,0.16159477905341602,OTHER,0.034965601111343225,套,0.00943044732111907
108010902,矿物材料制品,C 前3个>=90%,1922868847.8409064,20,0.49194994304677575,0.8815807734817414,0.9221705811727857,千克,0.49194994304677575,个,0.3896308304349656,立方米,0.040589807691044345,平方米,0.02875735273669065,OTHER,0.011424038524508075
109023210,净化设备及类似设备,C 前3个>=90%,1908487337.6757088,21,0.5096668336654384,0.7521223787289092,0.9706891357546764,个,0.5096668336654384,OTHER,0.24245554506347075,套,0.21856675702576722,项,0.008576542489468063,批,0.005350547232095377
109051099,其他计算机网络设备,C 前3个>=90%,1893995631.3307788,22,0.6301638032670527,0.8959431148350419,0.9264854941012843,个,0.6301638032670527,套,0.2657793115679892,OTHER,0.0305423792662425,UNKNOWN,0.02640283795401118,批,0.019057266968787262
107021203,密封用粘胶品,C 前3个>=90%,1870298129.525361,20,0.5449553192539678,0.7559385468819801,0.9064803052163545,千克,0.5449553192539678,个,0.21098322762801236,卷,0.15054175833437436,千米,0.023331007241493874,OTHER,0.021650378401352456
304080199,其他企业管理服务,C 前3个>=90%,1843270608.5164719,17,0.5733611830734471,0.7898346337854576,0.9262207816333039,UNKNOWN,0.5733611830734471,次,0.2164734507120105,月,0.13638614784784633,项,0.03229975658564865,笔,0.011780942689353518
109024507,手术室、急救室、诊疗室设备及器具,C 前3个>=90%,1825055356.6166997,21,0.48440042355315555,0.8846992965048038,0.9278903303193737,个,0.48440042355315555,套,0.4002988729516483,批,0.043191033814569874,UNKNOWN,0.02798897304227889,盒,0.0163593991600714
107050602,橡胶零附件,C 前3个>=90%,1824652821.9956574,22,0.7817204455487081,0.8604590093623992,0.9221404479321914,个,0.7817204455487081,千克,0.07873856381369108,套,0.06168143856979224,批,0.029101377711611857,千米,0.020766783657710994
107030405,中成药注射剂,C 前3个>=90%,1796024623.8481617,10,0.7414730226172518,0.8977406983360969,0.9985611100201208,瓶,0.7414730226172518,个,0.15626767571884514,盒,0.10082041168402393,OTHER,0.000821492039725657,包,0.00031823516220806576
501029900,其他商业用房,C 前3个>=90%,1763461531.9834898,18,0.5704015985211944,0.788699145015753,0.9159067453606637,UNKNOWN,0.5704015985211944,平方米,0.21829754649455854,月,0.1272076003449107,个,0.0352774137930316,OTHER,0.025147816844782657
304040301,铁路货运客运场站服务,C 前3个>=90%,1743582198.6875005,12,0.7347419902824854,0.8795683170482006,0.9860130798207161,UNKNOWN,0.7347419902824854,OTHER,0.14482632676571514,千克,0.10644476277251547,车,0.005172796788833239,次,0.003491987934141122
103020104,膨化食品,C 前3个>=90%,1743183555.4185479,17,0.6585343133975737,0.850101416206529,0.9145217833476916,箱,0.6585343133975737,个,0.19156710280895525,袋,0.06442036714116259,包,0.0270061506854561,千克,0.010533573888391407
107030499,其他中成药,C 前3个>=90%,1703445798.8259087,15,0.44811519351229767,0.7930198484857892,0.9278212147592882,瓶,0.44811519351229767,盒,0.34490465497349154,千克,0.13480136627349906,个,0.062480765339435175,OTHER,0.0030468371553772134
107060104,塑料管附件,C 前3个>=90%,1666975138.7431784,21,0.798142132399223,0.8888797928329679,0.9418466056845587,个,0.798142132399223,千米,0.0907376604337449,千克,0.052966812851590786,套,0.02208080877873049,OTHER,0.012429352238166389
109020699,其他冶金专用设备,C 前3个>=90%,1624964554.3924599,16,0.5198012604407196,0.8907234474676514,0.942769366192608,套,0.5198012604407196,个,0.3709221870269318,千克,0.05204591872495656,OTHER,0.02545893122922751,批,0.024457320220122467
501019900,其他住房,C 前3个>=90%,1622075217.6174316,12,0.7090296119647963,0.8473933065471357,0.9381815384081922,OTHER,0.7090296119647963,套,0.13836369458233938,平方米,0.09078823186105646,UNKNOWN,0.03755724922437502,项,0.008843866313469183
105010504,木制地板,C 前3个>=90%,1593963112.3788416,21,0.7967141774206037,0.882264774737885,0.9154488091651047,平方米,0.7967141774206037,立方米,0.0855505973172813,个,0.03318403442721979,UNKNOWN,0.020755234540769475,批,0.01901329321882168
109020603,金属轧制设备,C 前3个>=90%,1545430705.7234344,12,0.45722099050697473,0.7373568356533388,0.9951732120400034,千克,0.45722099050697473,套,0.280135845146364,个,0.2578163763866647,千米,0.0017483176003132833,OTHER,0.0015190768318642986
109024902,水质污染防治设备,C 前3个>=90%,1522667567.12422,19,0.5303356626956129,0.8986444746846228,0.9264016722636296,套,0.5303356626956129,个,0.3683088119890099,批,0.027757197579006753,千克,0.01597529581101019,项,0.014399885051016685
301050602,无运输工具承运货物联运运输服务,C 前3个>=90%,1505350957.1790047,15,0.5611468823472264,0.7367855324168925,0.9025319230925243,UNKNOWN,0.5611468823472264,次,0.17563865006966603,OTHER,0.1657463906756318,票,0.022831913750637076,千克,0.020751442067853215
109021107,模架、模具标准件,C 前3个>=90%,1497522481.5622752,20,0.5111763936588616,0.8829020298263475,0.9127299163815729,套,0.5111763936588616,个,0.3717256361674859,批,0.02982788655522543,OTHER,0.02730602921981973,千克,0.02641799302604033
104011203,针织或钩编起绒织物,C 前3个>=90%,1481282646.0228133,15,0.4588173238368685,0.7594915491105441,0.9303054302326844,个,0.4588173238368685,千克,0.30067422527367554,千米,0.17081388112214033,OTHER,0.05800226536197677,套,0.004357968999188162
108010503,建筑砌块,C 前3个>=90%,1465532410.3912036,15,0.734309321310103,0.8885519975755197,0.9569928705487178,立方米,0.734309321310103,千克,0.15424267626541674,个,0.0684408729731981,平方米,0.01687452193704292,UNKNOWN,0.007463590082694054
105010599,其他建筑用木料及加工木材组件,C 前3个>=90%,1465228202.6691437,21,0.6205375546279549,0.8605201895434946,0.9044267930561382,立方米,0.6205375546279549,个,0.23998263491553978,平方米,0.043906603512643486,千克,0.023129901178367378,UNKNOWN,0.01795965510642831
107030204,输液,C 前3个>=90%,1442084890.6028214,10,0.5034832428329669,0.8552210659147859,0.990875736777119,袋,0.5034832428329669,瓶,0.35173782308181906,个,0.13565467086233318,盒,0.009005842615808259,OTHER,6.832919516809759e-05
101020202,小规格木材,C 前3个>=90%,1436379027.75294,21,0.577367303172838,0.7678599180269844,0.9140940842358349,立方米,0.577367303172838,个,0.19049261485414634,千克,0.1462341662088505,平方米,0.02607298272703528,OTHER,0.021470000589054013
108011002,特种玻璃,C 前3个>=90%,1416524338.5118935,20,0.6269533585235761,0.8115341680695194,0.9451046416277424,平方米,0.6269533585235761,个,0.18458080954594322,千克,0.133570473558223,批,0.02559008489001314,OTHER,0.02015308639111035
307010100,文化服务,C 前3个>=90%,1401387750.2484627,26,0.5121827419034128,0.8588901456569026,0.9074202057240117,UNKNOWN,0.5121827419034128,次,0.34670740375348974,千克,0.048530060067109186,OTHER,0.02633542526983283,个,0.020768357582384468
109011004,焊接设备用零件,C 前3个>=90%,1400310236.9069998,22,0.645955755711359,0.8850869298787156,0.9524288646220208,个,0.645955755711359,套,0.23913117416735669,千克,0.06734193474330522,UNKNOWN,0.012678546117419663,OTHER,0.008163824700420466
201020000,垃圾处理、污泥处理处置劳务,C 前3个>=90%,1388669685.2300835,24,0.698840967891379,0.8507639484189562,0.9102565941803387,千克,0.698840967891379,OTHER,0.1519229805275772,UNKNOWN,0.05949264576138248,个,0.02655063354944242,次,0.020933405836488443
109011704,泵、液体提升机零件,C 前3个>=90%,1386588668.8971303,22,0.7394644659705772,0.8995550698891617,0.9598890262177459,个,0.7394644659705772,套,0.16009060391858437,OTHER,0.060333956328584196,千克,0.019056386575014028,UNKNOWN,0.007051397905507254
109013604,铝铸件,C 前3个>=90%,1378995920.2691655,15,0.6667314993194358,0.8926706800279692,0.9824776809980431,个,0.6667314993194358,千克,0.22593918070853347,套,0.08980700097007384,副,0.011762098499227125,OTHER,0.0028830819418375632
107020901,油墨,C 前3个>=90%,1357539145.1450782,22,0.7556290750855001,0.8833602847135883,0.9379339663409879,千克,0.7556290750855001,OTHER,0.12773120962808818,瓶,0.05457368162739958,批,0.015726818975834427,个,0.01163646456491286
109050102,卫星通信设备,C 前3个>=90%,1314272927.4375596,13,0.48367885515001524,0.8697369370007526,0.9653621026173009,个,0.48367885515001524,套,0.3860580818507373,千克,0.09562516561654838,UNKNOWN,0.03146837183187667,项,0.001318321304371779
109040805,继电器保护装置,C 前3个>=90%,1299681753.002196,17,0.4441073105317308,0.8836544730064217,0.9558167695327299,套,0.4441073105317308,个,0.43954716247469094,UNKNOWN,0.07216229652630808,OTHER,0.026999692387101728,项,0.01015052678836295
109022818,纺织机械及其辅助机械零件、附件,C 前3个>=90%,1274664378.6372666,21,0.6693816252416519,0.8068078829079603,0.9363963237953836,个,0.6693816252416519,套,0.1374262576663084,OTHER,0.12958844088742325,千克,0.024342964554536585,批,0.01828721370212416
103030701,碳酸型饮料（汽水）,C 前3个>=90%,1271716334.0750055,19,0.8125061012967035,0.8869764646061242,0.9247837101672434,箱,0.8125061012967035,瓶,0.07447036330942072,OTHER,0.037807245561119154,个,0.028641720158558922,罐,0.017429781203324106
303010200,出租或出售网络元素,C 前3个>=90%,1253102569.2644043,15,0.5014136498288275,0.717789936483112,0.9236788639477366,UNKNOWN,0.5014136498288275,项,0.21637628665428438,月,0.20588892746462464,元,0.0557037560626974,套,0.00958838629391142
109023201,半导体材料、器件及集成电路生产设备,C 前3个>=90%,1230759320.8243713,18,0.7793755452169686,0.8645268145773873,0.9127433528355758,个,0.7793755452169686,千米,0.08515126936041877,千克,0.048216538258188495,套,0.03323271886030182,OTHER,0.01968487656727676
109012003,液压辅件,C 前3个>=90%,1220534898.1719177,22,0.807185791887926,0.873078078617084,0.9204396214870552,个,0.807185791887926,千米,0.06589228672915794,套,0.047361542869971136,千克,0.03853584244247406,批,0.02655857161440268
104030601,鞣制毛皮,C 前3个>=90%,1218241240.7692566,10,0.6516047963777025,0.8775457751296392,0.9628744772956899,平方米,0.6516047963777025,个,0.22594097875193667,千米,0.08532870216605073,OTHER,0.020464592374383368,千克,0.01154189357529985
106040806,塑胶玩具,C 前3个>=90%,1194515444.7587821,21,0.7182255792829438,0.8697640921065333,0.9710256387433601,个,0.7182255792829438,套,0.1515385128235894,千克,0.10126154663682686,OTHER,0.008039083841514647,UNKNOWN,0.006953699234223635
109020601,金属冶炼设备,C 前3个>=90%,1171873576.7350311,11,0.40214445409225724,0.7357505403583344,0.9889888383966782,千克,0.40214445409225724,套,0.33360608626607713,个,0.25323829803834375,UNKNOWN,0.005160029893623284,项,0.0031404098514325645
109061906,已装配光学元件,C 前3个>=90%,1124730143.6186142,12,0.6669235610423057,0.8972009170118099,0.9490740116302644,OTHER,0.6669235610423057,个,0.2302773559695043,平方米,0.05187309461845446,千克,0.042117332401959716,套,0.007231451291368334
107020802,VOC含量高于420克/升的涂料,C 前3个>=90%,1114880186.4394572,18,0.8323990521721737,0.8941323347243686,0.9449107956526437,千克,0.8323990521721737,个,0.06173328255219493,桶,0.05077846092827511,立方米,0.015640426618380956,罐,0.009358477144755696
104030502,皮革制座套,C 前3个>=90%,1108152909.9789183,17,0.46920816517496977,0.8647818311462496,0.9656660296742348,千米,0.46920816517496977,个,0.39557366597127985,套,0.10088419852798519,平方米,0.010694801092583915,UNKNOWN,0.00834966706559167
106040603,体育器材及配件,C 前3个>=90%,1097214561.1728723,21,0.6876437971962734,0.8590876369061161,0.9046614346686992,个,0.6876437971962734,千克,0.1714438397098427,OTHER,0.045573797762583135,套,0.04075423840844134,平方米,0.017911419524648753
105010602,包装用木容器,C 前3个>=90%,1094101192.4168797,22,0.7799818074035276,0.8712851602929348,0.9127800873026726,个,0.7799818074035276,套,0.09130335288940722,批,0.04149492700973776,立方米,0.0310474216187339,平方米,0.013680385451717063
109062001,眼镜成镜,C 前3个>=90%,1084679451.1215148,15,0.4484270489174658,0.8053262861858123,0.9935117922023107,副,0.4484270489174658,个,0.35689923726834644,箱,0.1881855060164984,UNKNOWN,0.0021390007996194664,套,0.0016550580186543767
103030301,每吨不超过3000元的啤酒,C 前3个>=90%,1080013985.4474564,15,0.5434983646267824,0.8816454563872601,0.9372986232821536,包,0.5434983646267824,箱,0.33814709176047775,瓶,0.055653166894893545,个,0.022449163494739702,OTHER,0.008660893936592275
108042600,金属焊接材料,C 前3个>=90%,1076366448.77563,20,0.7248942887299781,0.8720960903306081,0.9075778156138388,千克,0.7248942887299781,个,0.14720180160063004,千米,0.03548172528323072,OTHER,0.028711381396281686,套,0.024170806040064153
106050204,贵金属摆件,C 前3个>=90%,1072420911.8330079,11,0.3873529815000459,0.734166803983122,0.978105010290018,个,0.3873529815000459,套,0.346813822483076,千克,0.243938206306896,UNKNOWN,0.021048984778101475,批,0.0005101927740841132
107022201,肥（香）皂,C 前3个>=90%,1065073025.8333347,18,0.7843535146285172,0.8764973118358339,0.9375253419799217,个,0.7843535146285172,箱,0.09214379720731664,千克,0.061028030144087794,套,0.021310260011402883,包,0.011402859511115223
109022202,印刷机设备,C 前3个>=90%,1062335436.4757767,20,0.7433452739130211,0.889698942601419,0.965047850265164,个,0.7433452739130211,套,0.14635366868839791,OTHER,0.07534890766374497,UNKNOWN,0.015910227342754324,批,0.008124778922120433
108042700,金属链条及零件,C 前3个>=90%,1061528750.1894515,18,0.590791038445467,0.8330440136822073,0.912254210060924,个,0.590791038445467,千克,0.24225297523674022,千米,0.07921019637871671,套,0.0492527366907871,OTHER,0.020195752584971274
103010301,薯类及类似植物加工品,C 前3个>=90%,1022778309.5610864,17,0.6645223378456185,0.882390939475951,0.9569194631963465,千克,0.6645223378456185,箱,0.21786860163033248,OTHER,0.07452852372039546,袋,0.019480242347061458,个,0.01489211511560036
109013699,其他金属铸件,C 前3个>=90%,1016849620.141324,18,0.5319745419685475,0.8590900640834871,0.9415210091078313,个,0.5319745419685475,千克,0.3271155221149396,套,0.08243094502434421,批,0.019835608455591094,副,0.015087550665028942
101020299,其他木材采伐产品,C 前3个>=90%,995410541.7042603,20,0.7184151334983203,0.8925176972374821,0.9508550246519633,立方米,0.7184151334983203,个,0.17410256373916175,千克,0.05833732741448121,平方米,0.015902886603599096,套,0.012639829113306597
109020605,冶金专用设备配套件,C 前3个>=90%,970447585.5906448,11,0.45775703298155973,0.7994052286677318,0.9904258551855676,套,0.45775703298155973,个,0.341648195686172,千克,0.19102062651783583,OTHER,0.004507775238846448,批,0.002338857137077956
106010508,纸制筒管、卷轴、纡子及类似品,C 前3个>=90%,958037707.5695925,16,0.6963900911902867,0.8878116695533036,0.9845269536734942,个,0.6963900911902867,千克,0.1914215783630169,千米,0.0967152841201906,套,0.010578799842677138,批,0.0016989510690859377
109020702,反应器（釜）,C 前3个>=90%,920601879.8277531,12,0.7521906838864666,0.8940692818809935,0.9789292469449387,个,0.7521906838864666,套,0.14187859799452696,OTHER,0.08485996506394515,千克,0.01817400210298334,UNKNOWN,0.0012063123348537443
304070102,电视节目制作服务,C 前3个>=90%,920289237.5163422,10,0.5418936428098667,0.8423371433186838,0.9401661265662506,UNKNOWN,0.5418936428098667,套,0.3004435005088171,次,0.09782898324756689,个,0.04283720638349848,元,0.009670872631325276
108040412,专用手工具,C 前3个>=90%,915448585.5157708,20,0.6258382579321431,0.8491912200751832,0.9619833128106009,个,0.6258382579321431,千克,0.22335296214304015,套,0.11279209273541772,批,0.013754901887251966,OTHER,0.011010588356447566
109024701,矫形器具,C 前3个>=90%,856756917.6861539,13,0.8037716633161444,0.8795904571299956,0.9129410932769644,个,0.8037716633161444,套,0.07581879381385122,OTHER,0.033350636146968794,批,0.0312605447906182,UNKNOWN,0.024762004487073355
109062002,眼镜片,C 前3个>=90%,845826441.1385635,14,0.701590041104076,0.8945392113721089,0.9268741241354574,盒,0.701590041104076,个,0.19294917026803288,副,0.032334912763348586,套,0.021745637288998452,OTHER,0.019380275870203887
107030501,兽用化学药品,C 前3个>=90%,843098912.5410881,16,0.694266950538825,0.8058672449115991,0.9067872754256153,千克,0.694266950538825,OTHER,0.11160029437277409,个,0.10092003051401618,瓶,0.058100380606766866,盒,0.01578096064863604
109062003,眼镜框架及其零件,C 前3个>=90%,828075035.5320349,13,0.7643357884940695,0.8666434869088258,0.9565782831339443,副,0.7643357884940695,千克,0.10230769841475626,个,0.0899347962251186,批,0.025725552269171004,UNKNOWN,0.009929542765210924
109031404,脚踏自行车零件,C 前3个>=90%,788987584.7871954,14,0.5736731600771171,0.8617188138223528,0.9153845161957378,个,0.5736731600771171,套,0.2880456537452357,副,0.05366570237338494,千克,0.04249449786089069,OTHER,0.022157479035390084
104010702,包装用织物制品,C 前3个>=90%,761112159.645558,20,0.7339368330494065,0.8721520952238097,0.9001817311527297,个,0.7339368330494065,千克,0.13821526217440316,平方米,0.028029635928920004,套,0.021203461778400712,卷,0.02055331265101908
104010604,窗帘及类似品,C 前3个>=90%,734455500.1803322,17,0.4680957012354324,0.8881645417369288,0.9199222637277485,个,0.4680957012354324,千米,0.4200688405014964,千克,0.03175772199081977,平方米,0.027348301991420514,批,0.022232599314850807
105010503,木模,C 前3个>=90%,717953799.466466,11,0.7710097557624357,0.8808011079915383,0.9742331202998021,个,0.7710097557624357,立方米,0.10979135222910268,平方米,0.09343201230826384,UNKNOWN,0.010408838466421474,套,0.007716304376973834
106050206,铁制工艺品,C 前3个>=90%,716625791.4703937,18,0.6079534277074778,0.8684122357105579,0.9336935512408949,千克,0.6079534277074778,个,0.26045880800308013,OTHER,0.06528131553033699,套,0.036096201769857686,批,0.01922714774531301
108010404,轻骨料，相关轻质建筑材料,C 前3个>=90%,710297196.3905096,19,0.7799261495635512,0.8676735356724551,0.9093309801201626,UNKNOWN,0.7799261495635512,千米,0.08774738610890391,立方米,0.04165744444770745,平方米,0.02841916979261657,千克,0.026223913085498467
109023102,电线、电缆专用生产机械,C 前3个>=90%,702208433.8630052,17,0.670541760801074,0.8135127798974846,0.9015845078047918,千米,0.670541760801074,个,0.1429710190964106,套,0.08807172790730723,千克,0.03567021029183957,OTHER,0.03041589692994788
106051202,刷子类制品,C 前3个>=90%,701561098.0672876,21,0.7878416764140977,0.8494965039219103,0.902370562180912,个,0.7878416764140977,包,0.06165482750781263,套,0.05287405825900176,千克,0.028053254829383277,箱,0.024562898809549004
109012704,风机、工业风扇用零件,C 前3个>=90%,696109621.0721322,19,0.45432475664972044,0.892001334267911,0.9280359416214589,个,0.45432475664972044,套,0.43767657761819045,千克,0.03603460735354795,批,0.025353998599713823,次,0.015978579757118312
109051001,网络控制设备,C 前3个>=90%,683428890.095171,19,0.5722898663499363,0.8877003295186188,0.9621063707566563,个,0.5722898663499363,套,0.3154104631686825,UNKNOWN,0.07440604123803751,批,0.024600930953009824,项,0.005263119359447519
108010703,天然石材制成品,C 前3个>=90%,682014454.7459488,14,0.7902000417997537,0.8645026721833609,0.9003008606934163,平方米,0.7902000417997537,千克,0.0743026303836072,千米,0.03579818851005541,OTHER,0.019907430606404708,UNKNOWN,0.01920399899685991
107050801,橡胶手套,C 前3个>=90%,679494339.9907794,18,0.5054926336494393,0.8881043788359375,0.9192063848435947,副,0.5054926336494393,个,0.38261174518649826,OTHER,0.03110200600765728,箱,0.02744817626317202,包,0.017723160371979844
104011004,涂胶或淀粉纺织物,C 前3个>=90%,679207358.4153728,21,0.45909602290564344,0.8673363407605899,0.918478014605682,千米,0.45909602290564344,千克,0.40824031785494636,平方米,0.051141673845092196,个,0.03831123697535726,OTHER,0.016825807137891544
109060511,分析仪器及装置零件、附件,C 前3个>=90%,677004067.7887945,23,0.5403030713768922,0.8275316885380821,0.91701764987022,个,0.5403030713768922,套,0.28722861716119,包,0.0894859613321379,瓶,0.038282979609352945,盒,0.014264374910175988
109060607,检测器具及设备,C 前3个>=90%,675098795.4386735,19,0.5000370126429516,0.8535556966434272,0.9636064974698082,个,0.5000370126429516,套,0.35351868400047554,副,0.11005080082638098,OTHER,0.017342431421484623,UNKNOWN,0.008833876026002678
104030599,其他相关皮革制品,C 前3个>=90%,670817501.0628037,18,0.7560721290985828,0.8461199826335732,0.9190176239250339,个,0.7560721290985828,平方米,0.09004785353499041,千米,0.07289764129146074,套,0.042287017724122834,千克,0.025909636049764283
108020401,铸铁管,C 前3个>=90%,668159976.4640942,17,0.7078906468277533,0.8762553182096917,0.9609510958453547,千克,0.7078906468277533,个,0.1683646713819384,千米,0.08469577763566291,套,0.025309220812265564,平方米,0.008066673311566786
107060105,塑料条、棒、型材,C 前3个>=90%,662133035.0825758,20,0.5384734160309979,0.7837408993877899,0.9178650030131991,千克,0.5384734160309979,个,0.2452674833567921,千米,0.13412410362540916,套,0.026129384693245074,OTHER,0.021627772308480394
109012606,窑炉,C 前3个>=90%,638824810.2455672,10,0.7226492592377006,0.8833543641929448,0.9820790121933052,个,0.7226492592377006,千克,0.16070510495524415,套,0.09872464800036038,项,0.009086743981919854,OTHER,0.00742021685597627
109011602,仓储货物堆放架,C 前3个>=90%,616924125.9950713,20,0.4970655934402122,0.8096410269955232,0.9121733528016585,个,0.4970655934402122,套,0.312575433555311,OTHER,0.10253232580613526,批,0.03493642196227685,千克,0.021102251244065378
103020901,冰淇淋,C 前3个>=90%,603874289.379076,18,0.7815264678332332,0.8652087854693871,0.9181851484165948,个,0.7815264678332332,箱,0.0836823176361539,盒,0.0529763629472078,桶,0.023484762495563246,OTHER,0.02131401048222389
109060310,电力自动化仪表及系统,C 前3个>=90%,602293907.7048781,12,0.46321142182657243,0.8918414825035887,0.947422442756255,套,0.46321142182657243,个,0.42863006067701637,UNKNOWN,0.05558096025266626,OTHER,0.02949861881048506,千克,0.009685574642185822
103030302,每吨3000元（含）以上的啤酒,C 前3个>=90%,601677706.3531553,15,0.6410744112700776,0.8459726047601072,0.9148336049115818,箱,0.6410744112700776,个,0.20489819349002958,瓶,0.06886100015147466,桶,0.029967193598084634,罐,0.01973016043492431
109050402,集群通信系统设备,C 前3个>=90%,596894636.8428345,12,0.5798192916060801,0.8859052174593681,0.9701854667035424,套,0.5798192916060801,个,0.306085925853288,批,0.08428024924417431,UNKNOWN,0.01801263426646178,千米,0.007666576622223734
104011307,针织手套,C 前3个>=90%,595076146.2383568,22,0.7891884768712517,0.8959582922499125,0.9753834133021407,个,0.7891884768712517,副,0.10676981537866079,OTHER,0.0794251210522282,批,0.00883164430018584,包,0.004763494932846015
109011003,钎焊机械,C 前3个>=90%,591190248.6101769,16,0.668738918900211,0.8554568818896253,0.9891164072044678,个,0.668738918900211,套,0.18671796298941437,项,0.13365952531484254,千克,0.009655258376502327,副,0.0006172515050353559
109042404,特殊用途灯具及照明装置,C 前3个>=90%,585828104.9671472,17,0.6666778532413298,0.8636767003966133,0.9436015620552103,个,0.6666778532413298,套,0.19699884715528346,OTHER,0.07992486165859707,批,0.02867450130519103,UNKNOWN,0.018791281964288732
105010901,竹制工业、建筑用品,C 前3个>=90%,575321235.993715,18,0.7385963877268421,0.8340845135804604,0.9273456714695449,立方米,0.7385963877268421,个,0.09548812585361836,平方米,0.09326115788908455,OTHER,0.03041158859564679,千克,0.0286003169667503
105020204,金属家具零配件,C 前3个>=90%,574447756.3667375,20,0.38078747210768277,0.7501128145966389,0.9167761775375524,个,0.38078747210768277,千克,0.3693253424889562,套,0.16666336294091344,批,0.02456224127302032,OTHER,0.017692827292958416
109011601,立体（高架）仓库存储系统,C 前3个>=90%,571686653.2367859,12,0.734456394993771,0.8580587133499442,0.9584331504215629,套,0.734456394993771,个,0.12360231835617318,UNKNOWN,0.10037443707161858,OTHER,0.014444692222831991,批,0.014444524209846718
109041101,电气绝缘子,C 前3个>=90%,562447619.0862283,19,0.7632289442193086,0.8364488110849391,0.9072946806968323,个,0.7632289442193086,套,0.07321986686563041,千克,0.07084586961189325,批,0.059213588267787914,OTHER,0.02172037906696222
106040899,其他玩具,C 前3个>=90%,558304896.7613099,16,0.8015899739210856,0.8891374043125301,0.9536283061172296,个,0.8015899739210856,套,0.0875474303914445,UNKNOWN,0.06449090180469949,副,0.013488540034796182,盒,0.012730882265921773
109024611,体外循环设备,C 前3个>=90%,554540280.6905518,18,0.46702579393866234,0.8903798501707734,0.9900726247310938,个,0.46702579393866234,套,0.4233540562321111,UNKNOWN,0.09969277456032045,副,0.003702246836683184,包,0.0013909498825238216
304040704,商业流通仓储服务,C 前3个>=90%,548410441.1343255,19,0.6470994768028642,0.8314206912112753,0.9099400642395011,千克,0.6470994768028642,UNKNOWN,0.18432121440841107,立方米,0.07851937302822586,月,0.04170669880755665,平方米,0.023904595475761563
109041305,其他电池,C 前3个>=90%,540210254.8565463,17,0.7906678783874587,0.8716869946158546,0.9306325296002256,个,0.7906678783874587,OTHER,0.08101911622839594,瓦,0.05894553498437096,套,0.05423670722905512,UNKNOWN,0.007065460872619717
107060113,降解塑料制品,C 前3个>=90%,534182934.68437487,13,0.5357183920474282,0.7679480739451581,0.9434269870919686,个,0.5357183920474282,千克,0.23222968189772988,箱,0.17547891314681055,套,0.025764212423289082,盒,0.02374485612647164
109022201,印前设备,C 前3个>=90%,530285917.67349243,19,0.7866359408516536,0.8943734166599094,0.978439813096135,个,0.7866359408516536,千克,0.10773747580825584,套,0.08406639643622558,瓦,0.0062740700612919755,批,0.004843578914412338
109024903,固体废弃物处理设备,C 前3个>=90%,522755173.4453163,15,0.38962499527597394,0.7720317441375435,0.9159850962746219,个,0.38962499527597394,套,0.38240674886156956,千克,0.1439533521370784,UNKNOWN,0.05622229242799093,批,0.012345050201688865
109011214,起重机专用配套件,C 前3个>=90%,518249765.20966536,22,0.6765480528444195,0.883564347740389,0.9154647183711198,个,0.6765480528444195,套,0.20701629489596943,千米,0.0319003706307308,OTHER,0.02702542902806579,千克,0.022038068055320624
109020701,塔类设备,C 前3个>=90%,517721972.3745346,14,0.631857609145231,0.8946778007482392,0.949172451770173,个,0.631857609145231,套,0.2628201916030082,千克,0.05449465102193377,立方米,0.01981735694535621,OTHER,0.01227597055297901
109041599,其他家用空气调节器,C 前3个>=90%,514294766.3977318,14,0.7441319767369496,0.8948266395851106,0.9921796205475627,个,0.7441319767369496,套,0.15069466284816094,UNKNOWN,0.09735298096245219,千克,0.004003990652915736,项,0.0023489436956169616
102050399,其他耐火土石类,C 前3个>=90%,504474826.31799316,16,0.814156452623953,0.8854955908272774,0.9242486092735869,千克,0.814156452623953,个,0.07133913820332435,立方米,0.03875301844630956,OTHER,0.020692424225361546,平方米,0.02065024894509476
109060601,试验机,C 前3个>=90%,491774183.21758723,18,0.7536633352890446,0.8869449684555115,0.9566604038778928,个,0.7536633352890446,套,0.13328163316646688,千克,0.06971543542238127,批,0.021643395598494753,OTHER,0.014427828345069282
109024404,医用消毒灭菌器具,C 前3个>=90%,491114732.11268324,22,0.5143983528623174,0.8200687641096842,0.9094774980754164,个,0.5143983528623174,盒,0.3056704112473668,套,0.08940873396573225,箱,0.029392462524570905,瓶,0.01670379475413775
104030304,塑料作面类似箱、包容器,C 前3个>=90%,484427886.20570207,19,0.610180661247613,0.8527946003088047,0.9340415902428116,个,0.610180661247613,千克,0.2426139390611917,套,0.08124698993400697,OTHER,0.028414810289907267,批,0.010878350253586147
104020119,西服套装,C 前3个>=90%,477888856.2094307,9,0.5094393131498106,0.8992482168345861,0.9427232419134319,套,0.5094393131498106,个,0.3898089036847755,UNKNOWN,0.043475025078845854,OTHER,0.037019234534851016,批,0.01997495416762058
109023101,电机、变压器专用生产机械,C 前3个>=90%,476849345.5377083,17,0.3768354399984334,0.7302852565648389,0.985506533701449,千克,0.3768354399984334,套,0.3534498165664055,个,0.2552212771366101,OTHER,0.010191521148222792,千米,0.002500451792248041
104010901,纤维纺制绳、缆,C 前3个>=90%,476565408.1072575,20,0.7987585089960554,0.8807037873387,0.9473467533951507,千克,0.7987585089960554,千米,0.08194527834264469,个,0.06664296605645065,副,0.026444509665452382,OTHER,0.008610096841381214
105010199,其他锯材,C 前3个>=90%,471315090.3788286,17,0.7285043334419659,0.8846511630194174,0.928211659904559,立方米,0.7285043334419659,个,0.1561468295774515,千克,0.043560496885141596,副,0.01805640467221136,套,0.012898740407590497
104010399,其他麻纺织品,C 前3个>=90%,470765735.6970933,15,0.4637402403156153,0.801263620341337,0.9595411708073313,千米,0.4637402403156153,千克,0.33752338002572174,个,0.15827755046599426,套,0.01508351542989023,平方米,0.005019821828862977
103020203,巧克力制品,C 前3个>=90%,457366535.21477556,16,0.6747945490764357,0.8351239635771879,0.9437394082426718,个,0.6747945490764357,箱,0.16032941450075225,盒,0.10861544466548392,袋,0.02060852937163527,千克,0.010448968496504566
106050102,塑造工艺品,C 前3个>=90%,453268736.7743187,19,0.5061820680060349,0.8925937166313207,0.9271678524160397,个,0.5061820680060349,千克,0.3864116486252858,套,0.034574135784719046,UNKNOWN,0.021271299554808845,箱,0.015587417996870226
107030110,心血管系统用药,C 前3个>=90%,442786501.31802255,13,0.7428660571879271,0.8659813020817198,0.9763306749783736,千克,0.7428660571879271,盒,0.12311524489379268,个,0.11034937289665378,瓶,0.015606863974367974,OTHER,0.003555635013293298
109024504,眼科专用仪器及器具,C 前3个>=90%,442591655.222826,10,0.47074403017179794,0.8292757234479569,0.9825866291084767,套,0.47074403017179794,个,0.35853169327615886,盒,0.15331090566051983,副,0.010905303385870294,批,0.005228952341430507
108041402,铜制紧固件,C 前3个>=90%,440222015.57053494,20,0.8272909487524294,0.8935489560850165,0.933274070921989,个,0.8272909487524294,千克,0.06625800733258717,UNKNOWN,0.039725114836972525,OTHER,0.03114577048279355,套,0.028310494570972112
304070101,广播节目制作服务,C 前3个>=90%,432790755.1875,9,0.5999892771074835,0.7834326502581054,0.9052521367664501,UNKNOWN,0.5999892771074835,套,0.18344337315062187,次,0.12181948650834477,项,0.04897285754363581,个,0.04461098063805786
106040112,画具及类似用品,C 前3个>=90%,422424225.4549315,15,0.702356616768247,0.8357653882658053,0.9676443894701138,个,0.702356616768247,千克,0.13340877149755828,批,0.1318790012043085,盒,0.011610423349449383,瓶,0.006938338365393724
109040802,电力微电子组件,C 前3个>=90%,421756777.788498,15,0.7121550492745692,0.8788750423921577,0.9334379974746252,个,0.7121550492745692,UNKNOWN,0.16671999311758853,套,0.05456295508246742,瓦,0.04545177459984565,OTHER,0.017757590756596754
107040399,其他合成纤维,C 前3个>=90%,418859388.1678982,18,0.7710549040100916,0.8680729507773545,0.938452521082439,千克,0.7710549040100916,个,0.09701804676726293,平方米,0.07037957030508463,千米,0.04273035774780595,套,0.009114942060596999
304040299,其他港口码头服务,C 前3个>=90%,418249800.31740576,13,0.4965187121309772,0.853773274457305,0.9585264485443745,千克,0.4965187121309772,UNKNOWN,0.35725456232632785,OTHER,0.10475317408706947,项,0.02458643773012851,票,0.004376728329842121
109013404,包装专用设备零件,C 前3个>=90%,416175592.2057724,21,0.6773367142866165,0.8141943352652325,0.9388751487305793,个,0.6773367142866165,套,0.13685762097861606,UNKNOWN,0.12468081346534675,批,0.016333794652656077,瓶,0.010427754867241788
109020104,矿物破碎机械,C 前3个>=90%,414545842.39147186,12,0.7862072831059149,0.8872928804443216,0.9784355715497111,个,0.7862072831059149,套,0.10108559733840668,千克,0.09114269110538946,OTHER,0.007841249549801987,批,0.007275810065058438
304020104,软件测试服务,C 前3个>=90%,407024000.8078613,10,0.7634944411840345,0.8635142354071894,0.9371931708914532,UNKNOWN,0.7634944411840345,次,0.10001979422315484,项,0.07367893548426377,套,0.03812784442796491,OTHER,0.014192808434905998
109013403,容器装封、贴标签及包封机,C 前3个>=90%,392743005.7773745,22,0.7451410682219629,0.8838071364893799,0.9344851216023584,个,0.7451410682219629,套,0.13866606826741698,袋,0.05067798511297849,OTHER,0.017405373202933387,批,0.008137404680477222
109023301,金属表面处理机械,C 前3个>=90%,391170990.04481226,17,0.7777180082838925,0.8985775720122666,0.9692991473498569,个,0.7777180082838925,套,0.12085956372837417,千克,0.07072157533759031,UNKNOWN,0.014602766062481284,批,0.0062326629044398545
109025301,消防自动系统,C 前3个>=90%,389663408.51650476,14,0.5324674286680275,0.873399676215294,0.925459665195652,套,0.5324674286680275,个,0.3409322475472664,批,0.052059988980357984,UNKNOWN,0.03580137083755355,OTHER,0.012785928944188646
109024705,植入人体支夹（器）,C 前3个>=90%,382075511.8370127,13,0.6643420016209377,0.8831217558385384,0.9504683835595938,个,0.6643420016209377,套,0.21877975421760068,盒,0.06734662772105553,UNKNOWN,0.04506306463988484,千克,0.002128283482673042
108010302,水泥混凝土排水管,C 前3个>=90%,380143265.33575296,19,0.5161604359027345,0.8687166022446994,0.9527401742617575,千米,0.5161604359027345,个,0.35255616634196485,OTHER,0.08402357201705814,千克,0.022838296540852926,批,0.010049649298997316
110020102,高炉煤气,C 前3个>=90%,378537003.5,5,0.542131114270312,0.7687458103418944,0.9258622889162275,立方米,0.542131114270312,个,0.22661469607158233,千克,0.15711647857433308,OTHER,0.03950704121849477,UNKNOWN,0.03463066986527778
109060399,其他电工仪器仪表,C 前3个>=90%,373840878.06691456,19,0.7456916419460211,0.8955272351960945,0.9887382593617423,个,0.7456916419460211,套,0.14983559325007334,OTHER,0.0932110241656479,批,0.0036789989562059995,UNKNOWN,0.002852319003470756
109042102,家用电冰箱用配件,C 前3个>=90%,373573915.4753132,12,0.716161839881378,0.8664551754269111,0.9816124988542407,个,0.716161839881378,千克,0.15029333554553304,套,0.11515732342732962,UNKNOWN,0.016192644405198825,平方米,0.0008453632418317743
105010403,指接材,C 前3个>=90%,365712990.00708085,15,0.4797539284647432,0.8561032387485893,0.9593999839935203,立方米,0.4797539284647432,个,0.3763493102838461,套,0.10329674524493103,平方米,0.027029247395945956,OTHER,0.006215798559952254
109020209,石油钻探、开采专用设备零件,C 前3个>=90%,364307304.80066675,13,0.7730199119612434,0.8844062173840207,0.9560787371680699,个,0.7730199119612434,套,0.11138630542277728,千克,0.07167251978404915,千米,0.01652605274458933,UNKNOWN,0.012143618482260277
108040411,通用手工具可互换部件,C 前3个>=90%,364030303.2698654,20,0.6946489479641658,0.8366911441873246,0.9575130566965272,个,0.6946489479641658,千克,0.14204219622315886,套,0.1208219125092026,UNKNOWN,0.02596565874822816,OTHER,0.005290776464772658
104010205,特种羊毛或动物细毛织物,C 前3个>=90%,362757816.29404545,11,0.525529135868524,0.8669161177211507,0.922134115053254,千克,0.525529135868524,个,0.3413869818526267,平方米,0.055217997332103294,千米,0.04024925628527262,套,0.014756997786575686
107021305,离子交换树脂,C 前3个>=90%,359045161.4509925,16,0.7542521114300906,0.8626276890018085,0.9350290323173575,千克,0.7542521114300906,立方米,0.10837557757171794,套,0.07240134331554891,平方米,0.025184121583641535,OTHER,0.024393415936061036
104010504,被罩,C 前3个>=90%,356283305.3250075,11,0.7629950177288103,0.8867088687761309,0.9693027085133323,个,0.7629950177288103,千克,0.12371385104732054,套,0.08259383973720145,千米,0.016645658529591812,OTHER,0.009058388299302337
108040102,锌制建筑结构体及其部件,C 前3个>=90%,355883107.8480702,17,0.6829456125725014,0.8747015188378728,0.9154941739391927,千克,0.6829456125725014,个,0.19175590626537142,千米,0.040792655101319866,套,0.03300260580028069,平方米,0.023699301630147416
104020201,天然皮革服装,C 前3个>=90%,353170093.9893607,12,0.34782335719276786,0.6915673767289492,0.9341716768848463,平方米,0.34782335719276786,个,0.34374401953618133,套,0.2426043001558971,OTHER,0.028126195935770953,千克,0.024190174817088735
107030209,滴剂,C 前3个>=90%,348584342.02731514,11,0.47353293120841583,0.8554404647954604,0.9326450584145645,个,0.47353293120841583,盒,0.3819075335870446,瓶,0.07720459361910406,千克,0.060417309273030094,OTHER,0.005334501535128289
108010401,石膏板,C 前3个>=90%,335931553.7328758,19,0.6324367550557964,0.8780489664511886,0.9189735261422485,平方米,0.6324367550557964,个,0.24561221139539213,千克,0.04092455969105986,OTHER,0.03433674353691596,UNKNOWN,0.015945319987576877
105010303,刨花板,C 前3个>=90%,328885921.30192953,14,0.7250229298613776,0.8529803329623024,0.950200389374848,个,0.7250229298613776,立方米,0.1279574031009247,千克,0.09722005641254562,套,0.030908335694191116,批,0.005979815104929703
109012608,窑炉、熔炉及电炉用零件,C 前3个>=90%,327228465.6881752,17,0.34812050360829183,0.6838027250748699,0.9906769161522971,个,0.34812050360829183,千克,0.33568222146657817,套,0.3068741910774272,OTHER,0.004947755985117163,批,0.0027200218068686305
109060103,楼宇控制系统,C 前3个>=90%,326075042.9791489,15,0.5971371831195234,0.8109360241814102,0.9005204785862216,个,0.5971371831195234,套,0.21379884106188682,批,0.08958445440481144,项,0.06172785204263422,OTHER,0.023817127971220053
105010203,锯末、木废料及碎片,C 前3个>=90%,322784881.3164792,17,0.7263367405165801,0.8593282109501379,0.9722717940117411,千克,0.7263367405165801,平方米,0.13299147043355777,个,0.11294358306160325,立方米,0.01340714867105266,OTHER,0.009471190689073938
104020125,特种服装,C 前3个>=90%,319656493.35687286,19,0.5383715956801647,0.8873293313648262,0.9279031666155798,个,0.5383715956801647,套,0.3489577356846615,OTHER,0.04057383525075369,千米,0.028918131985120745,批,0.014439217079761278
109025309,安全检查仪器,C 前3个>=90%,315476104.14588547,18,0.44577003858760894,0.8615037570643316,0.9552870319758392,个,0.44577003858760894,套,0.4157337184767227,UNKNOWN,0.09378327491150766,批,0.025415905181497323,OTHER,0.014394431179801043
108040404,手动扳手及扳钳,C 前3个>=90%,313457534.72004133,19,0.7466812004324467,0.839966371742899,0.9307178357648006,个,0.7466812004324467,套,0.09328517131045234,千克,0.09075146402190157,箱,0.03874873839245183,OTHER,0.014020630204311239
109013501,工业用衡器,C 前3个>=90%,312306838.7263288,19,0.7152605749390244,0.8814597582480008,0.9763927861790018,个,0.7152605749390244,套,0.16619918330897648,千克,0.09493302793100095,UNKNOWN,0.014131398140848028,千米,0.002952807631820898
109050801,广播电视节目制作及播控设备,C 前3个>=90%,311791323.9847793,13,0.5973857497147391,0.8847600195482727,0.9612520545255754,个,0.5973857497147391,套,0.28737426983353354,批,0.07649203497730278,UNKNOWN,0.013911782545195612,项,0.009479354932737905
106040402,专用墨水,C 前3个>=90%,309336896.26334614,15,0.5242750828126338,0.892283973968593,0.9347560668470353,立方米,0.5242750828126338,千克,0.36800889115595925,瓶,0.04247209287844224,个,0.027569150841336237,桶,0.02080867135558287
109012103,气动电磁线圈、气动管件系列,C 前3个>=90%,306183490.1841888,18,0.8403427644168778,0.8848589957431723,0.9189769921183717,个,0.8403427644168778,千克,0.044516231326294405,套,0.03411799637519938,UNKNOWN,0.030136637110870845,卷,0.017992350162786434
109010702,抛光机床,C 前3个>=90%,302739951.63258934,19,0.703066358862714,0.8255684602672155,0.9259017514593862,个,0.703066358862714,OTHER,0.12250210140450157,套,0.10033329119217067,桶,0.023041384217986603,批,0.015742123848535936
108012001,结构陶瓷制品,C 前3个>=90%,299164633.84418964,16,0.6712480422150537,0.8579770865466488,0.9566571844197773,个,0.6712480422150537,千克,0.18672904433159512,套,0.09868009787312848,平方米,0.028314213010821317,OTHER,0.006916142643290342
109041999,其他家用美容、保健电器具,C 前3个>=90%,298339418.03439236,13,0.5990631903646977,0.7804132146318274,0.9296369151159819,个,0.5990631903646977,OTHER,0.18135002426712973,套,0.14922370048415443,副,0.04989160700945026,批,0.011799369504850988
109060605,环境试验设备,C 前3个>=90%,291893952.6611634,17,0.5355907722427058,0.8844084836773836,0.9592398626794543,个,0.5355907722427058,套,0.3488177114346778,OTHER,0.0748313790020707,UNKNOWN,0.015494667648721077,项,0.007893942271539646
105010801,木制餐具及厨房用具,C 前3个>=90%,290811577.39909387,17,0.8230308464669144,0.8876637500041243,0.9487633060546492,个,0.8230308464669144,套,0.06463290353720992,千克,0.06109955605052492,包,0.01739708695650571,OTHER,0.009350728850615338
109020501,玻璃制品制造机械,C 前3个>=90%,288926505.00193787,11,0.368955420652594,0.722856662254519,0.9536455352596311,套,0.368955420652594,个,0.353901241601925,OTHER,0.23078887300511214,千克,0.04078784204432355,平方米,0.0041481344883604965
109050204,通信交换设备零件,C 前3个>=90%,287575092.9685596,18,0.48817693673793466,0.8029072579169145,0.9147704563771424,个,0.48817693673793466,套,0.31473032117897987,千克,0.11186319846022781,批,0.03593146172918157,UNKNOWN,0.014164349549121302
107010108,润滑脂,C 前3个>=90%,286169509.3866055,19,0.459017611842011,0.8750138852747902,0.9101043216137515,桶,0.459017611842011,千克,0.4159962734327791,个,0.03509043633896141,套,0.029872672896794183,立方米,0.01811562314485085
103020802,营养配餐食品,C 前3个>=90%,285077629.13696,15,0.5050182333671734,0.7442033454360062,0.9042408358599211,盒,0.5050182333671734,OTHER,0.23918511206883278,袋,0.16003749042391494,个,0.03131711973749834,箱,0.019155776780265296
107030409,中成药散剂,C 前3个>=90%,281945714.1019621,11,0.5056794003318755,0.8825295770070831,0.9458404211429263,瓶,0.5056794003318755,盒,0.37685017667520765,千克,0.06331084413584316,个,0.040942251971738584,UNKNOWN,0.011338281770611445
109024213,医用化验和基础设备器具,C 前3个>=90%,281766768.7703801,19,0.640473307781975,0.8760880658803282,0.9234981443752774,个,0.640473307781975,套,0.23561475809835322,盒,0.04741007849494927,副,0.02086228807482403,瓶,0.0183994540247843
109012199,其他气动装置,C 前3个>=90%,272842223.78475976,18,0.4248925404992428,0.7875495992287538,0.9871613033762947,套,0.4248925404992428,UNKNOWN,0.362657058729511,个,0.19961170414754087,千米,0.007122877804347409,批,0.0016490165543619625
109020401,水泥专用设备,C 前3个>=90%,270540331.4329529,17,0.41900316175162394,0.7655238235267086,0.9730121207643294,个,0.41900316175162394,套,0.3465206617750846,千克,0.2074882972376209,立方米,0.016792749147081534,项,0.0037468202786290054
109011608,立体仓储及物料搬运设备专用配套件,C 前3个>=90%,269416398.099165,13,0.44605063874522843,0.8866491562387717,0.9347305771967938,套,0.44605063874522843,个,0.44059851749354334,平方米,0.04808142095802203,UNKNOWN,0.037664801387720166,批,0.00961073645950441
107050902,橡胶减震制品,C 前3个>=90%,268910934.1619783,17,0.7204733969113623,0.8442221139549932,0.9654239293939004,个,0.7204733969113623,套,0.12374871704363104,千克,0.12120181543890712,批,0.012225576101597444,副,0.008641703371676418
109040503,电力电容器零件,C 前3个>=90%,264931407.29983526,17,0.635887903115372,0.8047662007047531,0.9160493017951414,个,0.635887903115372,套,0.16887829758938117,千克,0.11128310109038832,OTHER,0.05341816936959784,千米,0.019522316125248882
109025302,灭火器,C 前3个>=90%,257587936.92488626,19,0.6329751431969289,0.8840714953255882,0.9743739746912135,个,0.6329751431969289,OTHER,0.2510963521286592,套,0.09030247936562528,瓶,0.009348065358911051,批,0.004875737918777656
107030214,外用液体制剂,C 前3个>=90%,256815694.53115612,13,0.5867461668299004,0.8461421667090001,0.9597609392291421,瓶,0.5867461668299004,盒,0.2593959998790996,个,0.11361877252014199,袋,0.020489887359641485,OTHER,0.006067355156884844
107029901,室内散香或除臭制品,C 前3个>=90%,249271838.60516265,16,0.6084774623388827,0.8235564121388361,0.9212556996277872,个,0.6084774623388827,千克,0.2150789497999534,瓶,0.09769928748895104,包,0.023159298718437384,盒,0.02078064369191071
109040903,同轴电缆,C 前3个>=90%,244297081.55625919,12,0.7447459777466654,0.8614861987334019,0.9336737844119405,千米,0.7447459777466654,个,0.11674022098673648,千克,0.07218758567853854,卷,0.021946049401830345,套,0.017011018072186475
101030303,天然蜂蜜及副产品,C 前3个>=90%,241318989.71185216,15,0.38218833897119403,0.6982494928061351,0.9247741592612512,千克,0.38218833897119403,个,0.3160611538349411,瓶,0.22652466645511604,UNKNOWN,0.026962415950860064,套,0.01589435992269831
109013302,喷涂机,C 前3个>=90%,241297919.300045,19,0.5563055317321086,0.7989890308744547,0.9486961019291419,套,0.5563055317321086,个,0.24268349914234613,项,0.14970707105468714,批,0.021417917548469233,平方米,0.01778655774343098
109022206,印刷、装订机械零件,C 前3个>=90%,231567155.74535373,19,0.858733293549743,0.8982396747946412,0.9353096335088688,个,0.858733293549743,套,0.039506381244898095,盒,0.03706995871422761,千克,0.02562664513811045,UNKNOWN,0.018484808945821166
109062504,复印设备配套装置、零件,C 前3个>=90%,229301342.8813448,24,0.8221130109360406,0.8854366721847212,0.9081352508857191,个,0.8221130109360406,套,0.06332366124868062,箱,0.02269857870099794,包,0.018631953085363535,批,0.013086825275567752
102050202,天然花岗石荒料,C 前3个>=90%,227371293.77850723,14,0.5116080164574006,0.8056782396858524,0.9563118462402195,千克,0.5116080164574006,立方米,0.2940702232284517,平方米,0.15063360655436706,千米,0.025722252853315523,个,0.011925190830523867
105020205,塑料家具零配件,C 前3个>=90%,226999594.10003436,19,0.7047732253423848,0.8296767582998916,0.9230281348760814,个,0.7047732253423848,套,0.12490353295750678,千克,0.09335137657618975,千米,0.022725422138151676,批,0.01414145681088776
108010603,建筑陶瓷装饰物,C 前3个>=90%,216324478.61070633,14,0.48041401731295574,0.7641012467662514,0.9052708718966481,箱,0.48041401731295574,套,0.28368722945329566,平方米,0.14116962513039677,个,0.032981491322637654,批,0.020347385911691523
109020201,石油钻井设备,C 前3个>=90%,215473243.71880338,15,0.672019731157621,0.8973405599346889,0.9489665705850633,个,0.672019731157621,套,0.22532082877706788,OTHER,0.05162601065037439,千克,0.029176248876445637,项,0.009302366690203978
104011002,纺织材料制传输带,C 前3个>=90%,214359000.05408525,17,0.6020271930293974,0.8541829255869662,0.9330244098222236,千克,0.6020271930293974,个,0.2521557325575687,千米,0.07884148423525744,副,0.0162749533451744,卷,0.01586543228242865
108041403,铝制紧固件,C 前3个>=90%,213254041.7617477,18,0.7021004958153556,0.8216309371515584,0.9328033996520064,个,0.7021004958153556,套,0.11953044133620289,千克,0.11117246250044802,千米,0.027600672727132746,OTHER,0.017555761847942643
109060405,量具,C 前3个>=90%,210521517.54527208,20,0.752007458879126,0.854320592016361,0.9317903056946324,个,0.752007458879126,套,0.10231313313723497,批,0.07746971367827137,副,0.01967611703269041,千克,0.016986812929758788
109022699,其他日用化工专用设备,C 前3个>=90%,210240960.01553538,19,0.6659438670060848,0.8293343479046932,0.9140861381512825,瓶,0.6659438670060848,千克,0.16339048089860844,个,0.08475179024658933,套,0.062355725322611015,项,0.007927220151947783
109013603,铜铸件,C 前3个>=90%,202345907.70726225,11,0.5302392673099876,0.8607390434118724,0.9768787580617379,个,0.5302392673099876,千克,0.33049977610188475,套,0.11613971464986546,批,0.010071745243096416,千米,0.005967755310284616
107051002,硬质橡胶制品,C 前3个>=90%,201406624.08010477,18,0.6670382205556404,0.8004293094643828,0.9077836222798829,个,0.6670382205556404,千克,0.13339108890874238,批,0.10735431281549998,套,0.03684586867008938,平方米,0.022159116019068715
106010303,油印蜡纸或胶印版纸,C 前3个>=90%,200743077.62919572,18,0.8095723708729977,0.889784816306422,0.9303032553838443,千克,0.8095723708729977,个,0.08021244543342435,OTHER,0.04051843907742226,套,0.02410916571048262,千米,0.012731985183248622
103011403,再制蛋,C 前3个>=90%,198577183.02967688,12,0.7558535458348697,0.8849463492904125,0.9656350158867133,个,0.7558535458348697,千克,0.12909280345554272,盒,0.08068866659630085,UNKNOWN,0.010330850577374328,箱,0.009292745929890416
104030303,皮革作面类似箱、包容器,C 前3个>=90%,193472255.1145344,15,0.7577303567128278,0.8717275169432632,0.9499333527543112,个,0.7577303567128278,UNKNOWN,0.11399716023043534,千克,0.07820583581104801,套,0.033649096378102955,千米,0.008504788060781811
109023399,其他金属处理机械,C 前3个>=90%,193203457.97450542,18,0.7029504631786923,0.817691279673309,0.9244371225545697,个,0.7029504631786923,套,0.11474081649461676,千克,0.1067458428812607,OTHER,0.019795167325986074,千米,0.019396889659938257
109012603,工业电炉,C 前3个>=90%,192055900.14739946,14,0.5872884787929994,0.7837461471382163,0.9675074462669822,个,0.5872884787929994,套,0.19645766834521694,千克,0.18376129912876585,OTHER,0.014100679614560243,副,0.005788223795243046
103010603,加工糖,C 前3个>=90%,191679866.8070946,16,0.8252911996098068,0.8841324173120169,0.9183562107904598,千克,0.8252911996098068,箱,0.05884121770221005,袋,0.03422379347844294,包,0.02504620820174268,瓶,0.015685392427141672
106050802,工艺陶瓷制品,C 前3个>=90%,190919887.55521196,16,0.7801455498641127,0.8595923682747239,0.9300477878410067,个,0.7801455498641127,千克,0.07944681841061123,平方米,0.07045541956628283,套,0.039156937737954325,批,0.009181928014469145
101040400,海水贝类,C 前3个>=90%,189518789.811513,14,0.8371017910617169,0.8786293062067778,0.9154520168467112,千克,0.8371017910617169,个,0.041527515145060895,UNKNOWN,0.03682271063993335,袋,0.031236404297671577,盒,0.016976679694292136
109061499,其他教学专用仪器,C 前3个>=90%,187877653.57137442,17,0.4879507377011585,0.8913286305886376,0.9429273699981582,套,0.4879507377011585,个,0.4033778928874791,批,0.05159873940952055,UNKNOWN,0.039294524147119904,OTHER,0.011037676279353538
109021004,木材加工机械用零件、附件,C 前3个>=90%,187855884.018158,18,0.7767966951295028,0.8909575753302588,0.9556462744820091,个,0.7767966951295028,UNKNOWN,0.114160880200756,套,0.06468869915175031,立方米,0.015301526300459958,平方米,0.008690069164094993
109010699,其他金属成形机床,C 前3个>=90%,187535638.86972043,12,0.7261931984265009,0.8987295866665674,0.9852485049742086,个,0.7261931984265009,千克,0.17253638824006656,套,0.08651891830764114,千米,0.00500813075136325,UNKNOWN,0.0029943754288340937
108041199,其他金属丝,C 前3个>=90%,187051247.5137181,16,0.8039659681912436,0.8738980880652814,0.9423790077637202,千克,0.8039659681912436,千米,0.0699321198740378,OTHER,0.06848091969843886,个,0.04881720354198299,套,0.004643582617515585
107030212,气雾剂,C 前3个>=90%,183043695.53164387,13,0.4332272227768855,0.8406495336807717,0.9620704448574643,瓶,0.4332272227768855,盒,0.40742231090388614,个,0.12142091117669263,箱,0.014702279648795192,OTHER,0.012621467226809202
104010605,垫子套,C 前3个>=90%,180119227.01718614,15,0.8022938549558675,0.8953348464746578,0.9696999087837963,个,0.8022938549558675,套,0.09304099151879036,千克,0.0743650623091385,批,0.01286862565776411,千米,0.009388260717551226
109011206,塔式起重机,C 前3个>=90%,175393652.7001953,10,0.8060396985508352,0.8670078227410448,0.9251494457017749,个,0.8060396985508352,UNKNOWN,0.060968124190209604,套,0.05814162296073012,千克,0.044250641374500306,OTHER,0.02089856413598665
109021106,橡胶用模具,C 前3个>=90%,172889103.68048668,13,0.5295661810199505,0.8220881909940617,0.9423126958600947,套,0.5295661810199505,个,0.29252200997411126,副,0.12022450486603298,千克,0.04375130237880187,UNKNOWN,0.008593972253759645
304020201,电路设计服务,C 前3个>=90%,166520063.63012692,8,0.7997985016892741,0.8991631646571692,0.9422896723046725,UNKNOWN,0.7997985016892741,套,0.09936466296789505,项,0.0431265076475034,个,0.022228120239033863,OTHER,0.021463350495548036
106050199,其他雕塑工艺品,C 前3个>=90%,163865697.04059586,19,0.7691624120100218,0.8847115286053906,0.9812075443002937,个,0.7691624120100218,千克,0.11554911659536884,套,0.09649601569490308,UNKNOWN,0.005856139767687328,平方米,0.0034224755884170945
109022905,生皮、皮革处理、鞣制及加工机械零件,C 前3个>=90%,163383934.3111725,13,0.4067457750982536,0.7471684914605276,0.9801473467545934,平方米,0.4067457750982536,个,0.34042271636227395,千米,0.23297885529406584,套,0.010873057462716032,桶,0.0026366729496153517
109011604,机械式停车设备,C 前3个>=90%,161709469.0192318,14,0.398649136912353,0.6729341371117693,0.929977221088853,个,0.398649136912353,批,0.2742850001994163,套,0.25704308397708364,UNKNOWN,0.042889912644355724,OTHER,0.02284554801503605
108040406,螺丝刀,C 前3个>=90%,160129392.46041852,20,0.6301404403709631,0.8670996564709169,0.9208346496283851,个,0.6301404403709631,套,0.23695921609995385,千克,0.05373499315746826,OTHER,0.04239828612204864,批,0.019030038178329167
109012901,蒸馏或精馏设备,C 前3个>=90%,159351239.03442764,13,0.3994448238631065,0.7657373855506744,0.9913650304784636,千克,0.3994448238631065,个,0.36629256168756796,套,0.22562764492778914,桶,0.003355262220173221,项,0.0019234152270579856
109012404,滚珠、滚子螺杆及传动装置,C 前3个>=90%,156156142.61298084,15,0.6045487147979314,0.8390568561796476,0.9654532834303456,个,0.6045487147979314,套,0.23450814138171627,副,0.12639642725069797,千克,0.0300635753472001,千米,0.0018693457707362753
108012903,超硬材料,C 前3个>=90%,155904949.13050842,14,0.5033206717065949,0.7908814700408991,0.9700558666067154,OTHER,0.5033206717065949,千克,0.28756079833430426,个,0.17917439656581627,桶,0.013629177360792296,立方米,0.005296999499410996
108041299,其他金属制绳、缆,C 前3个>=90%,152527273.29004192,18,0.44338013688013034,0.8507423260917735,0.9518773688183652,个,0.44338013688013034,千克,0.40736218921164313,千米,0.10113504272659164,套,0.024994298253792513,UNKNOWN,0.012484255107636014
106020502,光盘复制品,C 前3个>=90%,151530811.81580782,11,0.428118824352823,0.8186491913601797,0.9713708439167678,批,0.428118824352823,个,0.3905303670073566,套,0.15272165255658807,OTHER,0.02646283288565833,月,0.0017863516287963401
104030603,天然毛皮制品,C 前3个>=90%,146380968.09352398,14,0.6586451446466174,0.8526249519014836,0.9627989395749448,个,0.6586451446466174,千克,0.1939798072548662,平方米,0.11017398767346122,套,0.018127982123048298,OTHER,0.008248606099911612
304010200,技术咨询服务,C 前3个>=90%,146114651.05841064,10,0.425787711980142,0.7800346564230334,0.9076781977964008,UNKNOWN,0.425787711980142,月,0.35424694444289134,次,0.12764354137336748,个,0.02569621620327155,OTHER,0.021795849881795157
103021299,其他食品用类似原料,C 前3个>=90%,143320261.74118614,15,0.408248321297328,0.7961163823236843,0.9247694097357971,千克,0.408248321297328,个,0.38786806102635635,批,0.1286530274121128,箱,0.05179769289790303,包,0.01186635835694678
106050401,人造花类工艺品,C 前3个>=90%,141856428.8053894,15,0.48558207654008845,0.8740955564634858,0.9263932209244751,个,0.48558207654008845,千克,0.38851347992339735,OTHER,0.05229766446098923,平方米,0.03234023195941124,套,0.008515324335588508
109042302,荧光灯,C 前3个>=90%,141175379.5947914,16,0.6060916016045563,0.7758319090038496,0.9358367192828112,个,0.6060916016045563,套,0.16974030739929327,千克,0.16000481027896168,OTHER,0.05654792278059969,卷,0.0024110577990084483
106010503,纸浆模制品,C 前3个>=90%,138990462.04120493,17,0.7028725072228775,0.884150920678805,0.9613689584663061,个,0.7028725072228775,套,0.1812784134559275,千克,0.07721803778750111,盒,0.009169982526697353,包,0.008689564823546261
104010405,特种丝织物,C 前3个>=90%,138290397.92764425,13,0.6980739532522905,0.8516163177141055,0.9342732995205957,千克,0.6980739532522905,平方米,0.15354236446181502,千米,0.0826569818064902,个,0.054046112473524234,套,0.006720252844226324
110039900,其他水冰雪,C 前3个>=90%,137939667.37575528,19,0.7606763089080036,0.8909577740281402,0.9503316826850855,个,0.7606763089080036,千克,0.1302814651201366,套,0.059373908656945217,平方米,0.015006221845970768,批,0.011465517851668956
103020205,代可可脂巧克力制品,C 前3个>=90%,133310335.79484153,14,0.6702827150795849,0.8743946207045483,0.9152700687461337,千克,0.6702827150795849,箱,0.20411190562496337,个,0.0408754480415854,盒,0.0397430277087282,包,0.015527507305174729
108012802,天然石制磨具,C 前3个>=90%,131528356.70260812,15,0.5034665370833854,0.7559947174165595,0.9410435153353296,个,0.5034665370833854,千米,0.2525281803331741,卷,0.18504879791877002,OTHER,0.045565704489549934,副,0.008085072881888283
109020703,化工专用炉,C 前3个>=90%,130056544.56633139,11,0.6979975256372573,0.8699153792886807,0.9981445810122914,套,0.6979975256372573,个,0.17191785365142345,千克,0.12822920172361077,平方米,0.0009452824714430122,UNKNOWN,0.0003598434831253808
109042207,非电力家用器具零件,C 前3个>=90%,129762034.57130797,19,0.5681134024477883,0.8223894787208379,0.922801206406101,个,0.5681134024477883,平方米,0.25427607627304954,套,0.10041172768526309,OTHER,0.04206687276807224,UNKNOWN,0.015943715605422508
304010403,专业技术服务,C 前3个>=90%,128729683.94372559,10,0.7730977257283613,0.8827530786308495,0.9445847996636576,次,0.7730977257283613,项,0.10965535290248822,UNKNOWN,0.06183172103280813,月,0.01703316249854642,套,0.0152517270286959
109020202,采油设备,C 前3个>=90%,126440489.74240543,15,0.5333797541517007,0.8682821304424542,0.9339644809843234,个,0.5333797541517007,套,0.3349023762907534,千克,0.06568235054186919,UNKNOWN,0.0598243842674363,平方米,0.0035471232428292525
109024802,病床及相关医用家具,C 前3个>=90%,124911160.47043943,14,0.5509859842914345,0.7758742799696073,0.9741845267818781,个,0.5509859842914345,套,0.22488829567817284,批,0.19831024681227075,千克,0.01377157885974648,盒,0.003711250922716665
109021300,非金属相关成型、加工机械,C 前3个>=90%,124107498.84830284,17,0.533304960217908,0.8618716657429685,0.9654252376057922,个,0.533304960217908,套,0.3285667055250605,千克,0.1035535718628238,UNKNOWN,0.017128009355546342,千米,0.004876023036909146
104010803,遮阳篷,C 前3个>=90%,123804029.7678919,11,0.8632836368145385,0.8993262558697313,0.9344959164824758,个,0.8632836368145385,千克,0.03604261905519278,平方米,0.035169660612744534,千米,0.026556342763349,套,0.02621236944266241
104011007,狭幅机织物,C 前3个>=90%,121140312.84095526,16,0.705879724982214,0.8396954523815884,0.9211653291014233,千米,0.705879724982214,千克,0.1338157273993744,OTHER,0.08146987671983495,个,0.05012937820352712,卷,0.01177086815825095
108010304,钢筋混凝土井管、烟道管，相关钢筋混凝土管,C 前3个>=90%,119208974.3461914,14,0.5680713247547183,0.8647381471649742,0.9454797370328841,千克,0.5680713247547183,千米,0.2966668224102559,个,0.08074158986790989,OTHER,0.023162263863888498,套,0.01297262088328279
109032801,手推车,C 前3个>=90%,115298479.24193192,15,0.7409291934503605,0.8616003436462172,0.9356125930329122,个,0.7409291934503605,千克,0.12067115019585668,套,0.07401224938669504,箱,0.047786824216844215,OTHER,0.011803554870952585
106040902,非电动游乐设备,C 前3个>=90%,115084634.96356535,14,0.5474428641757979,0.8671761140994303,0.9554447585467862,套,0.5474428641757979,个,0.3197332499236324,UNKNOWN,0.08826864444735595,平方米,0.013606463141198186,批,0.007345533139742172
108012199,其他日用陶瓷制品,C 前3个>=90%,112772094.94595778,17,0.6561572048651839,0.8364451740215368,0.9181000458876969,个,0.6561572048651839,套,0.18028796915635292,千克,0.08165487186616009,批,0.0398195484634417,卷,0.019562722773197413
107060302,石化、酿造用纤维增强塑料制品,C 前3个>=90%,108626257.0338459,17,0.3882294589087369,0.7662661500030713,0.9474472234934412,千克,0.3882294589087369,千米,0.3780366910943344,个,0.18118107349036988,套,0.020197852440145023,OTHER,0.015845172331107025
109021002,木质板材挤压加工机械,C 前3个>=90%,106568032.89510061,11,0.6273293220629996,0.8631531988252533,0.9372964112422665,个,0.6273293220629996,千克,0.23582387676225366,套,0.07414321241701315,立方米,0.02913665033842904,批,0.01365418841344586
109041699,其他家用通风电器具,C 前3个>=90%,106059499.31023027,8,0.561908557135889,0.8904554409942405,0.9664502844134569,个,0.561908557135889,套,0.32854688385835146,UNKNOWN,0.07599484341921647,批,0.031875018070212216,千米,0.0008104884575078178
107021703,火工产品,C 前3个>=90%,105631083.65597725,10,0.5822639242581203,0.8959879623786493,0.9583260737186028,OTHER,0.5822639242581203,千克,0.31372403812052896,千米,0.06233811133995348,个,0.025618677095066864,UNKNOWN,0.01581527607385734
109061610,声学测量仪器,C 前3个>=90%,104491210.587883,10,0.5639682258866645,0.8167412543892181,0.9744094026190747,个,0.5639682258866645,套,0.2527730285025535,平方米,0.15766814822985661,批,0.011569776952514235,OTHER,0.006438340566780776
104011001,帘子布,C 前3个>=90%,104364578.89745235,19,0.6520666476525988,0.8888809380265487,0.9486780429327362,千克,0.6520666476525988,个,0.23681429037394983,平方米,0.05979710490618754,千米,0.028571804171796174,套,0.00784446929122726
304070303,电影放映服务,C 前3个>=90%,103381223.99789047,10,0.45280218434858344,0.7907009252120613,0.9660395998651546,UNKNOWN,0.45280218434858344,个,0.3378987408634778,月,0.1753386746530934,OTHER,0.020023715891144222,批,0.012624473922197725
106051001,剧装、道具,C 前3个>=90%,102877445.306427,8,0.41349994540702995,0.7083178497471057,0.9241476774234322,套,0.41349994540702995,批,0.29481790434007565,个,0.21582982767632655,千克,0.02501241594268326,项,0.02428395332559888
304040701,农产品仓储服务,C 前3个>=90%,102578963.0785408,8,0.663896005808276,0.8628346260708702,0.9052984326767614,千克,0.663896005808276,OTHER,0.1989386202625942,批,0.0424638066058911,UNKNOWN,0.0358394681896481,月,0.028465807338725706
108011003,玻璃陶瓷型材,C 前3个>=90%,97940720.12864971,15,0.5716736863979396,0.8766035463283481,0.9639514780072571,平方米,0.5716736863979396,千克,0.30492985993040855,个,0.08734793167890897,箱,0.008414818641096099,批,0.00831024814225267
108011004,玻璃熟料,C 前3个>=90%,96302238.37850952,14,0.5231880282364152,0.8706214856521388,0.9798109829789895,个,0.5231880282364152,千克,0.34743345741572357,套,0.10918949732685065,平方米,0.007385348667750914,批,0.005909292811692252
109011606,搬运机械及装置,C 前3个>=90%,94447247.60061455,15,0.6935276539829022,0.883893265092178,0.972972001886891,个,0.6935276539829022,套,0.1903656111092759,OTHER,0.08907873679471297,UNKNOWN,0.016168515113342538,副,0.0029984674746430335
109010499,其他非电力相关原动机,C 前3个>=90%,94108388.49516296,15,0.5862907089594478,0.8823068933350837,0.9150577776983535,个,0.5862907089594478,套,0.29601618437563587,千米,0.032750884363269776,立方米,0.030333406465107238,UNKNOWN,0.018291989988584195
304040201,客运港口码头服务,C 前3个>=90%,93525432.16064453,5,0.784933187880643,0.8793017926866086,0.9396492764630588,UNKNOWN,0.784933187880643,千克,0.0943686048059655,项,0.060347483776450314,OTHER,0.06025451975801022,月,9.6203778930905e-05
109012801,气体发生器,C 前3个>=90%,90901444.08124161,15,0.4975061044884225,0.7225716778545144,0.9127451924065538,个,0.4975061044884225,瓶,0.22506557336609184,套,0.19017351455203943,立方米,0.026130601790848425,千克,0.024841171750225315
108011202,石英玻璃制仪器和器皿,C 前3个>=90%,90782239.87295198,16,0.4482995808597612,0.8073533073193933,0.9805043518215832,个,0.4482995808597612,UNKNOWN,0.359053726459632,千克,0.17315104450219004,盒,0.007183909422008424,套,0.006822839034160408
108040701,剪刀及类似品,C 前3个>=90%,90466863.53346503,16,0.7115039832284679,0.8690612790452676,0.9411525884468517,个,0.7115039832284679,千克,0.15755729581679973,套,0.07209130940158405,盒,0.021716498902971736,批,0.014268467119963138
105011099,其他棕、藤、草及类似制品,C 前3个>=90%,89603478.92297173,13,0.5805237619261787,0.8542077811714739,0.9120585595375253,个,0.5805237619261787,平方米,0.27368401924529523,立方米,0.05785077836605145,批,0.030238936857970695,OTHER,0.01980329359226569
105020208,坐具零配件,C 前3个>=90%,86724395.17956638,17,0.7618423123671708,0.8887949402528716,0.9858387111356618,个,0.7618423123671708,套,0.12695262788570086,千克,0.09704377088279019,UNKNOWN,0.0042035998693928595,千米,0.0035497852293381316
106030200,电子出版物,C 前3个>=90%,86632876.68307114,14,0.49449868101013195,0.8270931587879438,0.9439250698061347,套,0.49449868101013195,个,0.33259447777781187,批,0.11683191101819089,UNKNOWN,0.03463016035300606,OTHER,0.007492436508827582
110030104,天然水,C 前3个>=90%,86085406.4235115,16,0.6248417841536006,0.8734040230599156,0.9072958175430641,千克,0.6248417841536006,箱,0.248562238906315,个,0.03389179448314854,桶,0.03234367758206186,立方米,0.025615320199008147
109010202,航空器用发动机,C 前3个>=90%,85933579.6643982,20,0.6928439122810652,0.8755121016224243,0.943989208532855,个,0.6928439122810652,套,0.18266818934135903,批,0.0684771069104306,千米,0.03327767205311267,笔,0.0071636722501743945
106040399,其他教具及类似用具,C 前3个>=90%,85562206.43516922,18,0.4662809994015097,0.8522328729595304,0.9208217330758895,个,0.4662809994015097,套,0.38595187355802074,UNKNOWN,0.06858886011635908,批,0.04071108263529829,千克,0.024562824048576015
109061011,大地测量仪器零件、附件,C 前3个>=90%,84742589.85070802,13,0.6531046820156798,0.8461659054576497,0.9308610288940629,个,0.6531046820156798,副,0.19306122344196988,套,0.08469512343641318,千克,0.04452402884475986,批,0.017057800083719328
109020705,化工用液体运送机械,C 前3个>=90%,83587864.49385643,11,0.5548206250809257,0.8368494389603222,0.9241637643614266,套,0.5548206250809257,个,0.2820288138793965,立方米,0.08731432540110438,千克,0.061019465485625334,OTHER,0.00603967233230495
109020407,非金属矿物混合搅拌机械,C 前3个>=90%,82596733.46019211,10,0.4717509690728754,0.7839780548139111,0.989133661346149,千克,0.4717509690728754,套,0.31222708574103575,个,0.20515560653223788,UNKNOWN,0.004992754384454574,批,0.004528787507895593
109012807,气体液化设备,C 前3个>=90%,78465542.72985077,12,0.523264427473958,0.8818479835704245,0.9548074610790418,套,0.523264427473958,个,0.35858355609646647,千克,0.07295947750861734,千米,0.018616037679483187,瓶,0.00838187998018438
109022101,制浆设备,C 前3个>=90%,76804686.79554607,9,0.4609179577165111,0.8944404938080575,0.9706726423177575,套,0.4609179577165111,个,0.4335225360915463,千克,0.07623214850970002,UNKNOWN,0.020117698351510782,平方米,0.005207859268598638
109023608,喷灌机械设备,C 前3个>=90%,75644760.84693909,11,0.6183446562751004,0.7754966793827374,0.9263072395859593,个,0.6183446562751004,套,0.15715202310763693,UNKNOWN,0.1508105602032219,批,0.04854619105909842,OTHER,0.017950595780848306
104010301,麻纤维原料,C 前3个>=90%,73820499.42524196,15,0.7143039866745213,0.8760073359195183,0.9288180630651033,千克,0.7143039866745213,卷,0.161703349244997,个,0.05281072714558494,千米,0.03018860508460412,批,0.019793653677215754
107020305,氢化物、氮化物、叠氮化物,C 前3个>=90%,73452905.1856842,12,0.7567794040379657,0.8849054568361181,0.9911778777152431,千克,0.7567794040379657,瓶,0.1281260527981524,立方米,0.10627242087912507,OTHER,0.007192295507774734,UNKNOWN,0.0007219355256908896
104010601,台布（桌布）,C 前3个>=90%,73006639.09915222,19,0.7920124971537472,0.8615027692063528,0.929720072621969,个,0.7920124971537472,套,0.06949027205260565,千克,0.06821730341561612,千米,0.04385884991247383,UNKNOWN,0.010277523995028728
307020103,教育辅助服务,C 前3个>=90%,71798321.54345703,13,0.5918363304709087,0.8007290584286526,0.9238854585005957,UNKNOWN,0.5918363304709087,OTHER,0.208892727957744,次,0.12315640007194302,个,0.041511809850323524,批,0.01365686521524759
109040603,敞开式组合电器,C 前3个>=90%,71356700.61996078,11,0.5019238964009657,0.8978988008594362,0.9854021950151542,套,0.5019238964009657,个,0.39597490445847056,千克,0.08750339415571806,UNKNOWN,0.010709717003542547,OTHER,0.0031628844668984924
104020202,非天然皮革服装,C 前3个>=90%,70781675.70501947,12,0.8006474932819845,0.8809068627795004,0.9381675515047968,个,0.8006474932819845,平方米,0.08025936949751587,OTHER,0.05726068872529647,千米,0.05176257579303834,套,0.006734892133005741
109061010,测量型GNSS接收机,C 前3个>=90%,68461645.77874994,7,0.6654415984568789,0.8137412706238512,0.960285792591274,套,0.6654415984568789,OTHER,0.14829967216697232,个,0.14654452196742282,UNKNOWN,0.022843447337712475,批,0.01608272759843233
107050802,橡胶制衣着用品及附件,C 前3个>=90%,68024800.71919107,18,0.4751132473096836,0.8767006926653185,0.948959263480177,套,0.4751132473096836,个,0.4015874453556349,OTHER,0.07225857081485858,千克,0.020451874691090707,盒,0.01860466311333682
108040410,打孔冲及类似手工工具,C 前3个>=90%,67936817.13819522,15,0.7668836774436131,0.8639503993641782,0.91866751880088,个,0.7668836774436131,套,0.09706672192056504,批,0.054717119436701836,千米,0.04267499191743407,千克,0.01963587577831362
109060504,质谱仪器,C 前3个>=90%,67617602.27392578,8,0.5735330396905308,0.8244236737076791,0.9994545177777563,套,0.5735330396905308,个,0.25089063401714834,盒,0.17503084407007719,UNKNOWN,0.00022183572761473374,包,0.00013605924627037002
303020400,广播电视信号传输服务,C 前3个>=90%,66086245.87411499,10,0.7246778930395198,0.8650962566075846,0.9033838244900125,UNKNOWN,0.7246778930395198,OTHER,0.14041836356806478,项,0.038287567882427924,元,0.027942690276545074,个,0.025377221828808777
103011101,冷冻水果及坚果,C 前3个>=90%,65249193.847130775,13,0.7950003848400241,0.8575550899238686,0.90823254251146,千克,0.7950003848400241,UNKNOWN,0.06255470508384459,袋,0.05067745258759136,盒,0.02869657047530709,批,0.020868610318621993
108032408,铟加工材,C 前3个>=90%,64895639.03125,4,0.4986506477256071,0.7872574906442975,0.9999400576054406,千克,0.4986506477256071,套,0.2886068429186904,个,0.2126825669611431,批,5.9942394559468014e-05,,
109020402,建筑材料专用窑炉,C 前3个>=90%,64108850.23251343,12,0.4414082846697125,0.8720318335788166,0.9464325040042079,套,0.4414082846697125,个,0.4306235489091042,平方米,0.07440067042539127,UNKNOWN,0.02816624176616755,千克,0.014076296796028504
109020811,橡胶制品卷绕、包覆机械,C 前3个>=90%,63736007.87457037,17,0.5237467440040982,0.8556033195692119,0.9035417965357082,个,0.5237467440040982,套,0.33185657556511367,千米,0.04793847696649631,批,0.02341848901075468,卷,0.01806726360909176
109020107,矿山用牵引车及其矿车,C 前3个>=90%,63052336.52109241,7,0.7223096509766715,0.8715289768430236,0.9968578274652505,个,0.7223096509766715,UNKNOWN,0.14921932586635203,套,0.12532885062222696,千克,0.001866639786784556,副,0.0011120920154409075
109032104,船用环保设备,C 前3个>=90%,61737352.03649902,9,0.4551366891049677,0.7462010837906425,0.9093699222837803,OTHER,0.4551366891049677,UNKNOWN,0.2910643946856748,套,0.1631688384931378,平方米,0.05103648190381114,个,0.03236608299867648
109010102,核反应堆及其零件,C 前3个>=90%,61679664.40340805,19,0.578267549842092,0.7621999086369019,0.935868957821287,个,0.578267549842092,千克,0.18393235879480982,套,0.1736690491843851,批,0.028509561119016286,UNKNOWN,0.02312855150429534
105011001,棕制品,C 前3个>=90%,59892937.62786292,15,0.5744010456417403,0.8672142664824045,0.9118165355864339,平方米,0.5744010456417403,个,0.29281322084066413,批,0.044602269104029375,立方米,0.03072148525144323,千克,0.020990708834107304
109061808,钟表零配件,C 前3个>=90%,57642493.72755623,10,0.6106071756708816,0.8963318532905542,0.9782474559468529,个,0.6106071756708816,套,0.2857246776196725,千克,0.08191560265629874,副,0.01025816208684032,OTHER,0.009762112004385088
109020204,固井压裂设备,C 前3个>=90%,57318926.12455369,10,0.5658974632336192,0.8904353176616558,0.986171081944218,套,0.5658974632336192,个,0.3245378544280366,OTHER,0.09573576428256209,批,0.007746459677823515,UNKNOWN,0.003440347299368529
304050199,其他融资租赁服务,C 前3个>=90%,56744450.10926819,8,0.6078429589945731,0.8679186280765612,0.9317675039615413,UNKNOWN,0.6078429589945731,月,0.26007566908198815,个,0.0638488758849801,OTHER,0.054141250137577146,套,0.006987467483366075
108041114,钼丝,C 前3个>=90%,56163382.09163046,12,0.41675920590131826,0.764038251933097,0.9122911815180084,千米,0.41675920590131826,千克,0.3472790460317787,UNKNOWN,0.14825292958491126,个,0.03201081537875905,盒,0.03092374830262928
109032102,船舶自动化、检测、监控系统,C 前3个>=90%,55704031.286865234,10,0.5774663860693263,0.8189683518969737,0.9018910756799681,套,0.5774663860693263,个,0.2415019658276474,OTHER,0.08292272378299433,UNKNOWN,0.05176503727369004,项,0.020627922379195793
104010808,野营用织物制品,C 前3个>=90%,53101249.636650085,13,0.6217785899884672,0.8051286912877821,0.9557339690005988,个,0.6217785899884672,千克,0.18335010129931487,套,0.1506052777128167,OTHER,0.018346353610219374,平方米,0.018072692382409054
109011703,液体提升机,C 前3个>=90%,52746894.52132035,9,0.705845361282423,0.8972627313817418,0.9609734015642616,个,0.705845361282423,套,0.19141737009931883,桶,0.06371067018251977,OTHER,0.02242786064915784,瓶,0.008683817510144753
109023803,畜牧饲养机械,C 前3个>=90%,51633963.67437744,6,0.4063505600219601,0.7838685041299964,0.9294593800776125,个,0.4063505600219601,套,0.3775179441080363,批,0.14559087594761605,千克,0.05322043110946117,千米,0.015988700871509335
101011204,白菜类蔬菜,C 前3个>=90%,50986146.86744428,13,0.6331986039180231,0.8362140945129078,0.9633300635229816,箱,0.6331986039180231,千克,0.2030154905948848,UNKNOWN,0.12711596901007366,批,0.013843861634439382,个,0.01023691967435318
109020103,矿山提升设备,C 前3个>=90%,49628940.32980347,11,0.6675593414548033,0.8229093242300886,0.9541462945986269,个,0.6675593414548033,千克,0.1553499827752852,套,0.13123697036853835,项,0.02462044055101909,千米,0.01714526734271512
108040408,切管器及类似手工工具,C 前3个>=90%,49107490.391070604,17,0.4784848604523273,0.8999878033131345,0.9392031157020716,套,0.4784848604523273,个,0.4215029428608072,UNKNOWN,0.039215312388937,千克,0.02389648494683834,项,0.020453010162022715
102020500,天然气水合物,C 前3个>=90%,47867649.569179535,16,0.7367274549143066,0.8448260554121869,0.9371547624138041,千克,0.7367274549143066,瓶,0.1080986004978803,个,0.09232870700161719,批,0.030028662424982137,套,0.012578244501640776
109022701,搪瓷制品生产设备,C 前3个>=90%,47034308.74563599,8,0.7564779954146313,0.8799618501771165,0.9964244526068428,个,0.7564779954146313,OTHER,0.12348385476248516,套,0.11646260242972624,批,0.0017264928982707436,副,0.0008547165052942336
108041302,铜丝制品,C 前3个>=90%,45887147.966999054,15,0.6045944007486592,0.7700928608354491,0.9351078017703214,千米,0.6045944007486592,个,0.16549846008678998,千克,0.16501494093487223,OTHER,0.034983558045310344,平方米,0.009058440509288944
106050501,天然植物纤维编织工艺品,C 前3个>=90%,45847830.12515259,11,0.4599912284955669,0.8870397353479775,0.9316864452980417,千克,0.4599912284955669,个,0.4270485068524106,批,0.04464670995006413,OTHER,0.021678272934384284,UNKNOWN,0.02022756391155193
106051213,棉胎,C 前3个>=90%,45393976.66697026,13,0.6269348727304505,0.8692667011506584,0.9359025772811356,个,0.6269348727304505,OTHER,0.24233182842020795,千米,0.06663587613047714,千克,0.043696715847738675,套,0.016671335427325837
109025305,消防、防爆专用手工工具,C 前3个>=90%,45143417.3166393,19,0.42360230677013866,0.842035231607248,0.9167568842978316,套,0.42360230677013866,个,0.41843292483710937,批,0.07472165269058362,OTHER,0.03772433814798594,千米,0.010830386957001057
101030311,燕窝,C 前3个>=90%,44471729.09933472,15,0.35467020872760774,0.7018189304310819,0.9073866545972825,盒,0.35467020872760774,个,0.34714872170347416,千克,0.2055677241662006,套,0.03661561249332522,OTHER,0.023202421177681086
108012401,已加工石棉纤维,C 前3个>=90%,42529641.795957565,16,0.6388150943795164,0.8636211957220131,0.93992845928909,千克,0.6388150943795164,个,0.2248061013424967,立方米,0.07630726356707682,平方米,0.03644059584881241,套,0.008843149956549784
109025402,铁道电气交通管理设备,C 前3个>=90%,41789098.82054139,9,0.5661608046939769,0.8350948322774502,0.9984128097548877,套,0.5661608046939769,个,0.2689340275834733,千米,0.16331797747743743,UNKNOWN,0.0008862359094902397,千克,0.0006180140450242284
108042500,铸币及贵金属制实验室用品,C 前3个>=90%,41451150.01791381,12,0.5965736954588892,0.8745746719009517,0.9537804719470572,个,0.5965736954588892,套,0.27800097644206256,批,0.0792058000461054,千克,0.026448042989866694,OTHER,0.01582465142020234
107030706,抗血清类,C 前3个>=90%,41074965.11152649,9,0.466150784402775,0.8178524416259962,0.9635104059953579,OTHER,0.466150784402775,个,0.3517016572232212,瓶,0.14565796436936168,盒,0.030405517254830098,UNKNOWN,0.003989717326723001
109024208,微波、射频、高频诊断治疗设备,C 前3个>=90%,40012393.47813463,10,0.6328915669308237,0.8115020575500828,0.9798681465921288,个,0.6328915669308237,UNKNOWN,0.17861049061925907,套,0.16836608904204609,盒,0.013120934649582862,次,0.003204657078814118
106010506,纸浆制滤块、滤板及滤片,C 前3个>=90%,40005511.233062744,14,0.8320497078136003,0.8767160006389554,0.9208342378120834,个,0.8320497078136003,盒,0.044666292825355114,千克,0.04411823717312804,千米,0.028695222849942015,套,0.024162056364336604
102020601,沥青页岩,C 前3个>=90%,39609985.97736359,15,0.3383895527924243,0.671170737654518,0.9194501307757106,个,0.3383895527924243,千克,0.3327811848620937,箱,0.24827939312119257,瓶,0.02873014934037966,OTHER,0.014571104766939368
109041299,其他相关电工器材,C 前3个>=90%,38930852.53308487,16,0.7760568331830934,0.8802980957284658,0.9248136500278639,个,0.7760568331830934,套,0.10424126254537247,千米,0.04451555429939806,批,0.025919104893613668,箱,0.01481088808702516
109032200,船用推进器及螺旋桨、锚制品,C 前3个>=90%,38389254.04082489,14,0.33144186205242077,0.6560571026358122,0.9037086401976557,个,0.33144186205242077,套,0.32461524058339136,千克,0.24765153756184355,OTHER,0.07601945057063401,批,0.008704310837732024
108041303,铝丝制品,C 前3个>=90%,38233512.82336998,10,0.48407062765040043,0.81194548917748,0.948133351752169,个,0.48407062765040043,千克,0.3278748615270795,千米,0.13618786257468896,套,0.05062844211727214,瓶,0.0005284630814160981
109062102,电影放映机,C 前3个>=90%,38216566.482810974,6,0.5684553114244882,0.7733911179554764,0.9560457635367234,个,0.5684553114244882,套,0.20493580653098825,UNKNOWN,0.18265464558124694,批,0.04312265992658541,OTHER,0.0007007432238070129
109021104,矿物材料用模具,C 前3个>=90%,38211709.168735504,13,0.7161295614389461,0.8870074637838613,0.9630635749399112,套,0.7161295614389461,个,0.1708779023449152,OTHER,0.07605611115604993,批,0.01796281859492426,副,0.01651589562013147
101059900,其他淡水产品,C 前3个>=90%,37330977.605929375,16,0.6678270133362305,0.8809065151200673,0.9110246874696157,千克,0.6678270133362305,批,0.2130795017838368,UNKNOWN,0.030118172349548382,盒,0.02664527835191861,袋,0.014984751035032195
109023211,环境模拟和可靠性设备,C 前3个>=90%,37238779.03275299,7,0.34369331648914847,0.6685453409549218,0.9642747141323822,套,0.34369331648914847,个,0.3248520244657733,OTHER,0.29572937317746045,UNKNOWN,0.029643521584795083,千克,0.005297465743344919
104010809,降落伞、旗帜及类似品,C 前3个>=90%,37054417.359809875,17,0.5526222345487954,0.833730845132336,0.9118968294132851,个,0.5526222345487954,千克,0.28110861058354053,OTHER,0.07816598428094913,千米,0.039012345003907815,套,0.01818553950596675
109022205,印刷用辅助机械,C 前3个>=90%,36522040.011154175,18,0.6717188257288224,0.8326893271563031,0.9207539930133503,个,0.6717188257288224,套,0.16097050142748068,UNKNOWN,0.08806466585704718,平方米,0.054545228871158154,千克,0.009005846888349397
109022502,灯丝、灯头玻璃零件加工机械,C 前3个>=90%,35696208.98404861,14,0.6623559653243273,0.8500126908574507,0.9098360425673092,个,0.6623559653243273,套,0.1876567255331234,OTHER,0.05982335170985856,批,0.038978288997694455,千克,0.02079902677009128
109031900,非金属船舶,C 前3个>=90%,34698491.4593811,12,0.7473055613010515,0.8614927732908915,0.9420374988371794,OTHER,0.7473055613010515,套,0.11418721198983992,个,0.08054472554628785,项,0.03550644273519016,批,0.007342581457705374
101011602,饮料原料,C 前3个>=90%,34516105.195866585,13,0.7821048073874116,0.850343593046522,0.9072116266375171,千克,0.7821048073874116,包,0.0682387856591104,箱,0.05686803359099512,袋,0.025312856005208325,个,0.021804265669058392
109024612,婴儿保育设备,C 前3个>=90%,33718375.85110474,9,0.5754949223081877,0.8817113668832659,0.9350795586949436,个,0.5754949223081877,套,0.30621644457507824,千克,0.053368191811677734,包,0.03777216334289861,盒,0.01401400451015376
109024508,中医治疗器具,C 前3个>=90%,33557292.87037039,15,0.7188245594013382,0.8753797310395108,0.9502222602041407,个,0.7188245594013382,盒,0.15655517163817267,套,0.0748425291646299,OTHER,0.018884300977514847,千克,0.014845059222278724
106050502,人造纤维编织工艺品,C 前3个>=90%,33283402.278498653,13,0.6316104542167769,0.8090193240492999,0.919123099478754,个,0.6316104542167769,千克,0.17740886983252302,平方米,0.1101037754294542,箱,0.07532141069963606,套,0.004113752898081216
109012605,其他电炉,C 前3个>=90%,32614997.017723087,6,0.6863967252686995,0.8809497481174846,0.962787575622101,个,0.6863967252686995,套,0.19455302284878506,千克,0.08183782750461639,UNKNOWN,0.033131479653983414,OTHER,0.003568297122233639
105011002,藤制品,C 前3个>=90%,31116249.75051117,10,0.6402644592472208,0.8591085790136398,0.9347076335706999,千克,0.6402644592472208,个,0.21884411976641902,批,0.07559905455706005,OTHER,0.04382320598398025,套,0.015485033427659268
103020599,其他罐头,C 前3个>=90%,30925254.146669388,13,0.5568110765034987,0.8374542369831861,0.9192430419185822,千克,0.5568110765034987,个,0.28064316047968746,箱,0.08178880493539611,瓶,0.042914380615859615,套,0.013189859585053419
108011800,未封口玻璃外壳,C 前3个>=90%,30873128.169664383,14,0.8317599179458905,0.8868238134809927,0.9264439306347987,个,0.8317599179458905,套,0.055063895535102214,OTHER,0.039620117153806034,千米,0.03589717833407929,千克,0.029912200858379652
109011104,卷扬机及绞盘,C 前3个>=90%,30730886.202487946,11,0.42125781175656213,0.7614498955805131,0.9734132333640184,套,0.42125781175656213,个,0.340192083823951,千克,0.21196333778350526,千米,0.025011286525729065,OTHER,0.0006462817196821317
108040401,手工锯,C 前3个>=90%,30691502.21611714,17,0.6129794094366351,0.8541473506810116,0.9489841980925241,个,0.6129794094366351,千克,0.24116794124437643,批,0.09483684741151253,套,0.030096451172785945,OTHER,0.009138095807400484
101011201,萝卜等根菜类蔬菜,C 前3个>=90%,30063125.763289686,14,0.8093572735692819,0.8958481099213722,0.9321170664025507,千克,0.8093572735692819,箱,0.08649083635209036,批,0.03626895648117844,袋,0.030230959437017098,个,0.019350978855477492
109060503,热学分析仪器,C 前3个>=90%,29388319.04927063,11,0.48982132982450693,0.7142856906115428,0.9314291750449738,个,0.48982132982450693,套,0.22446436078703583,批,0.21714348443343098,盒,0.05396213704299492,袋,0.005811099206241891
109042605,紫外线辐照设备,C 前3个>=90%,28647279.276336674,11,0.42704352065198914,0.6686961667447343,0.9024219068471104,OTHER,0.42704352065198914,个,0.24165264609274517,千克,0.2337257401023761,套,0.06284342025559378,平方米,0.024325191170858934
108032301,包金金属材料,C 前3个>=90%,28322698.58116054,10,0.46687569919346195,0.8230643459536616,0.9802231927579238,套,0.46687569919346195,个,0.3561886467601997,千克,0.15715884680426215,批,0.007226038147606445,UNKNOWN,0.007087206017092122
101010108,黑麦,C 前3个>=90%,28261393.842277527,15,0.6524815854094147,0.8739314591481482,0.9487232603798071,个,0.6524815854094147,千克,0.22144987373873354,平方米,0.07479180123165892,套,0.02374914711375434,袋,0.00619663811871569
109020502,玻璃材料加工机床,C 前3个>=90%,28195012.526542664,11,0.6438114617830845,0.8228088108798062,0.9052421844352178,个,0.6438114617830845,千米,0.17899734909672174,套,0.08243337355541157,批,0.06168125362997499,千克,0.0174644082706963
107021903,污水处理生物药剂,C 前3个>=90%,27486725.28056336,9,0.7976977743533158,0.877736410369214,0.942099399484539,千克,0.7976977743533158,立方米,0.08003863601589828,个,0.064362989115325,套,0.05266323962656972,桶,0.0021511183797868565
107020501,有机肥料,C 前3个>=90%,27407009.317956924,10,0.799605591862294,0.8639234784940615,0.9123111553334596,千克,0.799605591862294,袋,0.0643178866317675,OTHER,0.04838767683939813,个,0.03266410070934912,瓶,0.0289209008835666
109011605,机场专用搬运机械,C 前3个>=90%,26441577.824630734,9,0.7689599947546931,0.8674347044510944,0.9613604299630536,个,0.7689599947546931,UNKNOWN,0.09847470969640128,套,0.09392572551195925,批,0.01825976510184837,千克,0.012299260714769457
109022001,食品生产设备零件,C 前3个>=90%,25899066.321799275,15,0.7055674176319666,0.8932476520202599,0.9718324278139199,个,0.7055674176319666,套,0.18768023438829332,OTHER,0.07858477579366002,千克,0.008065183408770438,副,0.007427767766210168
101010203,甘薯,C 前3个>=90%,25466544.76603794,11,0.5732467692070642,0.8733847278625437,0.9675312158147455,箱,0.5732467692070642,千克,0.3001379586554795,套,0.09414648795220185,包,0.012870192655245562,袋,0.00665479978095703
103021203,植物液汁及浸膏,C 前3个>=90%,25064428.969357967,14,0.8149238476968761,0.8752357027373697,0.9062689670420118,千克,0.8149238476968761,盒,0.060311855040493675,桶,0.031033264304642066,瓶,0.030182515314339672,OTHER,0.020435462556341738
102020603,焦（重）油砂,C 前3个>=90%,24812123.455863956,14,0.6421069475923675,0.7798743783437303,0.9168929488642041,千克,0.6421069475923675,UNKNOWN,0.13776743075136272,立方米,0.1370185705204739,个,0.04839000635930707,桶,0.01302117049762441
109025099,其他地质勘查专用设备,C 前3个>=90%,24454435.193614952,11,0.6434617228192665,0.8885917114066554,0.9476283795435237,个,0.6434617228192665,套,0.2451299885873889,千米,0.05903666813686836,立方米,0.022081883949664635,千克,0.020803359162035788
108012105,园林艺术陶瓷制品,C 前3个>=90%,24192390.46789551,10,0.7503889594708516,0.8661509885984012,0.9454254733018044,个,0.7503889594708516,套,0.11576202912754965,千克,0.0792744847034031,批,0.03464754758783932,千米,0.014206946620513038
106050399,其他漆器工艺品,C 前3个>=90%,22368875.26241684,14,0.43859837687375125,0.7134328516187018,0.9408651570178389,千克,0.43859837687375125,个,0.27483447474495065,平方米,0.22743230539913703,套,0.018788789061896374,立方米,0.013694810483430223
107030303,矿物类饮片,C 前3个>=90%,21392034.91339088,10,0.6870530001214525,0.8442793588325117,0.9088131101162288,千克,0.6870530001214525,袋,0.15722635871105914,盒,0.06453375128371712,个,0.040460423006012165,OTHER,0.03181745943035623
109060402,绘图工具,C 前3个>=90%,21237908.417660117,13,0.45932518580166454,0.7409459055671902,0.9523215938705567,千克,0.45932518580166454,个,0.28162071976552566,套,0.2113756883033665,立方米,0.03212225159294487,副,0.009015457731497813
107051001,硬质橡胶,C 前3个>=90%,20410602.43196583,16,0.6160611750528505,0.8707974615448937,0.9220289406277865,千克,0.6160611750528505,个,0.2547362864920432,千米,0.051231479082892876,平方米,0.04445030062618873,套,0.009910266033265638
109062599,其他复印和胶版印制设备,C 前3个>=90%,19064684.885818485,18,0.8195832440194332,0.8771806292674221,0.9221327768543992,个,0.8195832440194332,千克,0.05759738524798898,套,0.04495214758697706,卷,0.04231647440446874,月,0.01900813609930496
106051203,已加工刷类制品材料,C 前3个>=90%,19021518.867093563,18,0.4646394427350021,0.6992456525528888,0.9333911241107731,个,0.4646394427350021,千克,0.2346062098178868,平方米,0.2341454715578842,卷,0.04587487810369228,套,0.004742791605468052
302030200,邮政代理服务,C 前3个>=90%,18915524.15283203,14,0.7543291457069354,0.8448319615626855,0.9231383298151472,UNKNOWN,0.7543291457069354,月,0.09050281585575005,OTHER,0.07830636825246177,个,0.034691399228382096,批,0.013375621451500714
107021808,未灌（录）制相关媒体,C 前3个>=90%,18870932.189425234,11,0.6741674590845784,0.8214362835445239,0.9686733183714438,个,0.6741674590845784,批,0.14726882445994552,千米,0.1472370348269198,千克,0.02123861082974048,UNKNOWN,0.005564113046775675
109010404,太阳能源原动机,C 前3个>=90%,18293526.16152954,10,0.4722483748468139,0.7809777608727085,0.915774692216577,UNKNOWN,0.4722483748468139,个,0.3087293860258946,套,0.13479693134386844,OTHER,0.046194022044714116,千米,0.019965194070506665
106050801,室内陈设艺术陶瓷制品,C 前3个>=90%,18122084.163206104,12,0.5877663133959604,0.7796352597182242,0.9487204400730274,个,0.5877663133959604,套,0.19186894632226378,千克,0.1690851803548031,箱,0.017595389534243486,UNKNOWN,0.011547790426301491
109031805,其他机动船,C 前3个>=90%,18063363.203125,7,0.682157372159148,0.8572635222549421,0.9659202396075803,OTHER,0.682157372159148,套,0.17510615009579408,项,0.10865671735263828,个,0.02480822618472701,UNKNOWN,0.007861216009620716
101011208,瓜类蔬菜,C 前3个>=90%,17492757.54071855,15,0.7351307763665214,0.8658978483792347,0.953958208375736,千克,0.7351307763665214,批,0.1307670720127133,箱,0.08806035999650128,副,0.010275132770325747,桶,0.009626841257475214
109021809,水产品加工机械,C 前3个>=90%,17469501.79725647,12,0.4897589306961919,0.8127369562948117,0.9285662617597384,个,0.4897589306961919,千克,0.3229780255986197,OTHER,0.11582930546492679,袋,0.03658897056798442,批,0.017670108946580176
103010907,水产品精、汁制品,C 前3个>=90%,16158552.187220572,11,0.8069240837837773,0.8764808045420049,0.9344605659182097,千克,0.8069240837837773,箱,0.06955672075822765,罐,0.057979761376204746,UNKNOWN,0.03979089021322904,个,0.015489042403065116
104011403,手帕,C 前3个>=90%,15506917.16455889,13,0.6852492476617856,0.8272030171726088,0.9265709291599808,个,0.6852492476617856,OTHER,0.14195376951082322,盒,0.09936791198737206,千米,0.04406271119198543,套,0.010553290397012008
109050603,电力线宽带接入设备（BPL）,C 前3个>=90%,15353752.904970169,13,0.5726737210259464,0.8280719161317127,0.9305184081871387,个,0.5726737210259464,千米,0.2553981951057663,副,0.10244649205542598,套,0.04417613061750299,OTHER,0.009211842243702554
106040106,修正液,C 前3个>=90%,15181657.882378463,13,0.668393575900283,0.8874162381494304,0.927285071498555,千克,0.668393575900283,个,0.21902266224914738,瓶,0.03986883334912465,套,0.030261943297171336,OTHER,0.020647895431972086
109022401,化学药原料药生产设备,C 前3个>=90%,15156047.260227203,12,0.32498018219601166,0.6147068017635042,0.9032120541502875,套,0.32498018219601166,个,0.28972661956749257,千克,0.2885052523867832,千米,0.03791674637410607,批,0.022907028068662506
101030199,其他活牲畜,C 前3个>=90%,15078772.794094086,10,0.7115418573189395,0.8456866675131687,0.9196050748765742,OTHER,0.7115418573189395,千克,0.13414481019422925,个,0.07391840736340545,箱,0.06004251223806621,UNKNOWN,0.011512733300613715
109061103,气象、水文仪器及装置零件、附件,C 前3个>=90%,14551114.535949707,11,0.5633790268528157,0.7764820673339423,0.9383663706457475,个,0.5633790268528157,套,0.2131030404811266,UNKNOWN,0.1618843033118052,项,0.0236078136249499,副,0.01776633668584667
109021405,可可及巧克力生产专用机械,C 前3个>=90%,13994077.749126434,15,0.43305794971757977,0.7581856274085245,0.9569414904144754,个,0.43305794971757977,千克,0.3251276776909447,套,0.19875586300595094,批,0.017029346575902528,包,0.010971037434165259
109032000,游艇,C 前3个>=90%,13983044.71307373,7,0.4523621378458398,0.8582095849825896,0.9410384698045853,UNKNOWN,0.4523621378458398,OTHER,0.4058474471367498,套,0.0828288848219957,个,0.056009025869843895,桶,0.0012443641822679375
302030100,邮册等邮品销售服务,C 前3个>=90%,13836508.239990234,8,0.3333460994992686,0.6616177935725129,0.9449915633121801,UNKNOWN,0.3333460994992686,套,0.3282716940732444,个,0.28337376973966716,次,0.03830407775628037,千克,0.009760410477672314
109022102,造纸机,C 前3个>=90%,13504916.262695312,6,0.5235823421602455,0.7364567137282656,0.9265759229152443,个,0.5235823421602455,套,0.21287437156802017,OTHER,0.19011920918697864,平方米,0.06191484613715925,批,0.007010409998729215
101030299,其他活家禽,C 前3个>=90%,13113426.593147278,8,0.4534186318573116,0.880462834404353,0.9542191103018409,千克,0.4534186318573116,个,0.42704420254704134,UNKNOWN,0.07375627589748787,批,0.02625823264454314,包,0.014983963800711016
109021599,其他乳品加工机械,C 前3个>=90%,12446685.000427246,13,0.70377743993561,0.8786996782605347,0.9402068185130374,个,0.70377743993561,套,0.17492223832492468,卷,0.06150714025250268,UNKNOWN,0.015535304932065253,次,0.013733295250432745
102020602,油母页岩,C 前3个>=90%,12433348.195653915,13,0.7662626874844455,0.8509006848160166,0.9202641407756478,个,0.7662626874844455,千克,0.08463799733157107,套,0.06936345595963117,UNKNOWN,0.04622835626858036,平方米,0.01429984885826236
109022601,合成洗涤剂专用设备,C 前3个>=90%,12406652.305366516,11,0.6813672844643206,0.8646766867081961,0.9318977358984972,个,0.6813672844643206,套,0.18330940224387549,瓶,0.06722104919030115,UNKNOWN,0.02411875440972633,桶,0.010060657572650233
106050899,其他陈设艺术陶瓷制品,C 前3个>=90%,12318209.944824219,11,0.6666784159503595,0.7969458620474473,0.9258119884660008,个,0.6666784159503595,UNKNOWN,0.13026744609708782,次,0.12886612641855344,千克,0.028342098645056078,平方米,0.017760434409347693
104030402,毛皮手套,C 前3个>=90%,11857626.283543587,14,0.5357202464971091,0.8244339710930195,0.9114948022672947,个,0.5357202464971091,副,0.28871372459591044,包,0.08706083117427524,OTHER,0.04030202735890049,UNKNOWN,0.025226322102537963
109024706,有创医用传感器（植入体内）,C 前3个>=90%,11437669.065800667,5,0.4737276559284874,0.8955924582969608,0.9813660538045804,个,0.4737276559284874,套,0.4218648023684734,UNKNOWN,0.08577359550761962,盒,0.01860771707493409,包,2.6229120485485842e-05
109012805,稀有气体提取设备,C 前3个>=90%,11307654.20050621,3,0.4466326516999463,0.7959601452682556,0.9999999999999999,套,0.4466326516999463,千克,0.3493274935683094,个,0.20403985473174424,,,,
302010199,其他邮件寄递服务,C 前3个>=90%,11071920.477050781,8,0.7413473108786475,0.8329626013822236,0.9084035434095037,UNKNOWN,0.7413473108786475,批,0.09161529050357609,个,0.07544094202728013,份,0.05836916188926092,OTHER,0.02571180169435884
109031804,机动工程（工作）船,C 前3个>=90%,11027734.117168427,10,0.44580590040217005,0.8288943893985609,0.9782825286268786,OTHER,0.44580590040217005,项,0.3830884889963908,个,0.14938813922831778,套,0.016020154106269134,千克,0.005244957793274352
109032101,船用甲板机械,C 前3个>=90%,10948131.028961182,7,0.62330870282095,0.8050258652685638,0.9632408920313881,个,0.62330870282095,批,0.18171716244761377,套,0.15821502676282426,OTHER,0.034358761299810414,平方米,0.0021132227758828034
108010705,水磨石建筑制成品,C 前3个>=90%,10180192.283904076,14,0.6923044292956819,0.8207478079996695,0.9438145895555419,平方米,0.6923044292956819,个,0.12844337870398756,千克,0.12306678155587233,UNKNOWN,0.02102001356692135,千米,0.010537865789589916
109020802,橡胶初加工机械,C 前3个>=90%,9953554.17388916,6,0.7597652758528919,0.8943939037617875,0.995630706455179,个,0.7597652758528919,套,0.13462862790889565,千克,0.10123680269339147,千米,0.004087986993303434,副,0.00024111990130076783
103010908,水产品油脂制品,C 前3个>=90%,9539358.523872375,12,0.43789965639613887,0.8441971364670625,0.946194627346379,瓶,0.43789965639613887,千克,0.40629748007092364,盒,0.10199749087931656,UNKNOWN,0.020052371396993608,个,0.011126912838297654
304040600,代理报关服务,C 前3个>=90%,9490218.063232422,6,0.5104845818842964,0.7658639086660148,0.9082096162587232,批,0.5104845818842964,月,0.2553793267817185,票,0.14234570759270843,个,0.08282757599194368,UNKNOWN,0.008467666334384411
109023004,制帽机械,C 前3个>=90%,9439284.617715597,9,0.5600395267574558,0.8918308015980729,0.9846863532596637,OTHER,0.5600395267574558,个,0.3317912748406171,套,0.0928555516615908,千米,0.011081136361085145,副,0.0030803923314909787
109024605,磁疗设备,C 前3个>=90%,9413973.454833984,5,0.5815539024266929,0.8122084873959907,0.999589374228031,套,0.5815539024266929,个,0.2306545849692978,盒,0.18738088683204027,袋,0.00040265889163316614,副,7.966880335899845e-06
109013599,其他衡器（秤）,C 前3个>=90%,8778496.863933563,9,0.6610459712826626,0.8413935982926461,0.9893346433405411,个,0.6610459712826626,套,0.1803476270099835,千克,0.14794104504789496,次,0.004642594356608115,千米,0.004385716666161513
109024803,医用家具零件,C 前3个>=90%,8463845.491168976,10,0.51974684704056,0.8501585205733428,0.9920009610163559,个,0.51974684704056,套,0.33041167353278283,千克,0.14184244044301306,批,0.004060979141911629,UNKNOWN,0.0019392107226869685
109061201,农、林专用仪器,C 前3个>=90%,7973901.40272522,10,0.524029429128871,0.8992340186771954,0.9621102413043445,套,0.524029429128871,个,0.37520458954832453,UNKNOWN,0.0628762226271491,批,0.021457501335735554,包,0.006982780095696994
109021601,原料压榨、轧碎机械,C 前3个>=90%,7279737.409240723,9,0.6494455367630342,0.8240012835660684,0.9400768990034298,个,0.6494455367630342,套,0.17455574680303423,批,0.11607561543736145,OTHER,0.04615551099047745,UNKNOWN,0.009815051832680369
105011004,苇制品,C 前3个>=90%,7266282.5712890625,9,0.5006361869787083,0.8361471421792167,0.9836975731569922,个,0.5006361869787083,千克,0.33551095520050844,OTHER,0.1475504309777755,卷,0.009809692824449944,平方米,0.005614975690762594
106051007,料器,C 前3个>=90%,6881511.724897384,16,0.4623514800482546,0.7143967019874067,0.9398245239707024,个,0.4623514800482546,套,0.252045221939152,千克,0.22542782198329575,OTHER,0.017500303461130427,次,0.014749666070141523
109024004,纺织纤维初加工机械,C 前3个>=90%,6782736.72996521,7,0.6842202365694672,0.8753659424424785,0.9666209954752054,个,0.6842202365694672,批,0.19114570587301122,千米,0.09125505303272692,套,0.017470824051961664,副,0.011492411264560437
101040700,海水产品种苗,C 前3个>=90%,6301966.4883880615,9,0.5315588505043893,0.8508972522490095,0.9051784453330944,千克,0.5315588505043893,箱,0.3193384017446202,UNKNOWN,0.054281193084084925,包,0.03747245261619969,袋,0.03075754145004628
106051113,高温竹炭制品,C 前3个>=90%,6173363.630816698,15,0.7613528005618534,0.8774998472917631,0.9546850540205876,千克,0.7613528005618534,包,0.11614704672990968,个,0.07718520672882447,瓶,0.01597168187336406,套,0.007203183333641169
109024007,竹、藤、棕、草材料制品加工机械,C 前3个>=90%,6066579.051285088,8,0.613913640586297,0.7711494553570513,0.9059112367644524,个,0.613913640586297,千克,0.1572358147707542,OTHER,0.13476178140740114,套,0.05910233707810142,立方米,0.03322240068021517
106051106,养生理疗枕,C 前3个>=90%,5709609.172040939,8,0.7913426300194488,0.8948016693141377,0.9805755267478753,个,0.7913426300194488,套,0.10345903929468896,千克,0.08577385743373758,UNKNOWN,0.014210760937636584,OTHER,0.0028359015758428166
105010603,木质保温容器,C 前3个>=90%,5539016.237564087,11,0.4194788208495691,0.8092244480898192,0.979480764293494,桶,0.4194788208495691,个,0.3897456272402501,千克,0.17025631620367476,批,0.008335415174790018,千米,0.008176134159173438
101020403,栲胶原料,C 前3个>=90%,5488179.672044755,14,0.6786282710107246,0.8229850609379075,0.9140668603893967,千克,0.6786282710107246,OTHER,0.14435678992718284,个,0.09108179945148916,千米,0.04454282013491749,箱,0.030337928047090772
110020106,加压气化炉煤气,C 前3个>=90%,5473637.786529541,8,0.529644291936923,0.7425980980635515,0.9134377293303855,千克,0.529644291936923,个,0.21295380612662854,瓶,0.17083963126683396,平方米,0.034943417309363047,立方米,0.030463087393241797
109010509,刨床,C 前3个>=90%,5401357.254489899,6,0.7136017741689414,0.8846615821454613,0.97218476895319,个,0.7136017741689414,箱,0.17105980797651993,套,0.08752318680772869,UNKNOWN,0.023075681560665615,千米,0.004724738394000213
109024505,兽医专用仪器及机械,C 前3个>=90%,5062994.409019947,10,0.5456044013692118,0.8267806352350862,0.9011062259008353,个,0.5456044013692118,套,0.28117623386587437,包,0.07432559066574913,千克,0.03321793954342038,盒,0.028601441803574348
109023202,制版设备,C 前3个>=90%,4876816.09462738,9,0.6898232495548762,0.8392896197965234,0.9183170000630427,个,0.6898232495548762,套,0.1494663702416472,UNKNOWN,0.07902738026651938,盒,0.03440974536334689,批,0.024485647537858167
107030701,菌苗,C 前3个>=90%,4204638.613723755,10,0.6989523404955064,0.8255941243218752,0.9516729740640919,千克,0.6989523404955064,盒,0.12664178382636887,OTHER,0.12607884974221678,个,0.04511172467774437,包,0.001081614907365328
102049905,铌矿石,C 前3个>=90%,4007717.531372071,9,0.6043598774278303,0.7735650408884992,0.9179347186770906,千克,0.6043598774278303,套,0.16920516346066897,个,0.14436967778859144,批,0.062071240081919235,千米,0.00754996322925935
109021803,油脂加工机械,C 前3个>=90%,3710482.453655243,14,0.7517284757253189,0.898282122496399,0.9263736445319483,个,0.7517284757253189,套,0.14655364677108015,副,0.02809152203554922,千克,0.026446857302590464,桶,0.022891632304129488
105020202,竹家具零配件,C 前3个>=90%,3669681.518661499,11,0.6845876780381533,0.8851382067733091,0.9413379066522303,平方米,0.6845876780381533,个,0.20055052873515575,千克,0.0561996998789212,套,0.03088742154423876,立方米,0.016125432110222035
101011205,芥菜类蔬菜,C 前3个>=90%,3623344.9757890706,12,0.7802532366472086,0.8593072604605555,0.9188588630382288,千克,0.7802532366472086,批,0.07905402381334689,套,0.05955160257767329,包,0.03357831266642806,个,0.01711815474655987
104010805,篷房,C 前3个>=90%,3466981.3588867188,6,0.67253409988011,0.8536712694873168,0.9304242059627086,个,0.67253409988011,批,0.1811371696072067,套,0.07675293647539184,平方米,0.03885339609765158,OTHER,0.030549336726471844
302019900,其他邮政普遍服务,C 前3个>=90%,3333902.0075683594,5,0.49525812658911644,0.80333539542221,0.9443483043642267,批,0.49525812658911644,UNKNOWN,0.3080772688330936,个,0.14101290894201673,OTHER,0.05387455887793282,份,0.0017771367578403596
109024610,医用刺激器,C 前3个>=90%,3213626.5856933594,5,0.5878626518978091,0.8688009425457979,0.931035926812599,个,0.5878626518978091,套,0.28093829064798886,批,0.062234984266801116,副,0.05635066650437507,盒,0.012613406683025918
108041105,铅丝,C 前3个>=90%,2936392.190631867,10,0.46980668322735825,0.8055683418861546,0.9309685937896213,千克,0.46980668322735825,个,0.3357616586587963,OTHER,0.1254002519034667,套,0.035750276262879105,卷,0.03009168884319106
104010806,风帆,C 前3个>=90%,2591564.5761680603,9,0.49049032211635235,0.8065247703462803,0.9352109596733725,千米,0.49049032211635235,个,0.31603444822992804,OTHER,0.12868618932709217,平方米,0.029206596266011405,副,0.019848396610803665
109013606,镁铸件,C 前3个>=90%,2513234.883125305,7,0.49455465079903943,0.8429912920721322,0.9175963364549463,套,0.49455465079903943,个,0.34843664127309276,UNKNOWN,0.0746050443828141,批,0.0453487259647898,千克,0.030569272388584586
109060403,划线用具,C 前3个>=90%,2502252.032901287,12,0.5365293164346049,0.8161985866753805,0.9440833863647904,个,0.5365293164346049,桶,0.27966927024077554,包,0.12788479968940997,千克,0.033219675279320356,套,0.015324987054371235
306030101,一年期以上的返还性人身保险和健康保险服务,C 前3个>=90%,2446791.2996618743,10,0.6325213865039375,0.8514506799547353,0.9197576557420026,UNKNOWN,0.6325213865039375,个,0.2189292934507978,元,0.06830697578726733,次,0.04297245126201691,份,0.030375463543680953
301050601,无运输工具承运旅客联运运输服务,C 前3个>=90%,2227070.248046875,5,0.42342265621257225,0.7433397650800802,0.9546340935426351,千克,0.42342265621257225,套,0.3199171088675079,个,0.2112943284625549,箱,0.0364245358093853,UNKNOWN,0.008941370647979612
106020503,非音像复制品,C 前3个>=90%,1736829.145248413,6,0.5440884378750922,0.7888252337556129,0.9892362642258641,个,0.5440884378750922,千米,0.24473679588052064,套,0.20041103047025116,UNKNOWN,0.010104620853474841,箱,0.00046060949759429477
103030803,边销茶,C 前3个>=90%,1489585.8213348389,12,0.6664889567157296,0.8874168114835045,0.9280039325033748,箱,0.6664889567157296,千克,0.2209278547677749,OTHER,0.0405871210198703,个,0.01946824408904561,盒,0.01843901155606243
109023805,养蜂设备,C 前3个>=90%,1428944.125,4,0.5200847163985506,0.7959723626352431,0.9983407328820503,套,0.5200847163985506,千克,0.27588764623669243,个,0.20236837024680723,UNKNOWN,0.001659267117949766,,
109022303,软磁盘复制生产设备,C 前3个>=90%,1369766.4870605466,5,0.7875188511077212,0.8890371012537065,0.9837977785123132,个,0.7875188511077212,令,0.10151825014598521,套,0.09476067725860675,千克,0.01502445869015506,UNKNOWN,0.0011777627975317192
101020407,野生植物活体,C 前3个>=90%,1330638.9897651672,10,0.5450392147946159,0.8517558394122959,0.9518731522407069,千克,0.5450392147946159,OTHER,0.30671662461768,个,0.10011731282841098,UNKNOWN,0.028845539846065894,份,0.008680040257980384
109025403,内河航道、港口用交通管制设备,C 前3个>=90%,1291924.1993789673,7,0.571020219575258,0.8992724500109563,0.9762578949951206,个,0.571020219575258,套,0.32825223043569846,千克,0.0769854449841643,立方米,0.013623090277634232,批,0.007433098632734178
109041803,家用脱水机,C 前3个>=90%,1247923.8683700562,6,0.7446573265618606,0.886272536014361,0.9592107809482484,个,0.7446573265618606,OTHER,0.14161520945250036,UNKNOWN,0.07293824493388748,千克,0.029464938472589835,桶,0.010581574994031786
109020809,再生橡胶设备,C 前3个>=90%,1194341.3984375,6,0.6949587455361366,0.878555328796894,0.9378452424933802,个,0.6949587455361366,立方米,0.18359658326075748,批,0.05928991369648619,套,0.04772504752374018,千克,0.014233786103571634
109023704,风力灭火机具,C 前3个>=90%,1172257.1291351318,9,0.8221897783282619,0.8950765178297204,0.94606959649336,个,0.8221897783282619,千克,0.07288673950145855,OTHER,0.050993078663639516,桶,0.015832703882716587,瓶,0.01429038014241747
109061203,渔业专用仪器,C 前3个>=90%,880117.3125,4,0.7662697948576032,0.8638954167828621,0.9423849533694975,套,0.7662697948576032,个,0.09762562192525898,副,0.07848953658663543,OTHER,0.05761504663050245,,
108041112,银丝,C 前3个>=90%,802718.5502319336,7,0.7720836365906866,0.8421463024481657,0.9109054973540919,千克,0.7720836365906866,卷,0.07006266585747908,千米,0.06875919490592616,OTHER,0.06373965069726698,个,0.023312031339743123
101020404,非直接食用果类,C 前3个>=90%,742546.3077163696,9,0.5273086451440526,0.8416451889653269,0.9282283411969015,千克,0.5273086451440526,袋,0.31433654382127424,桶,0.0865831522315745,个,0.029987018638556948,包,0.021478566269050755
106050803,陶瓷壁画,C 前3个>=90%,682516.2827148438,5,0.571954892842969,0.7831675221158425,0.988058892943064,平方米,0.571954892842969,个,0.2112126292728735,套,0.2048913708272215,OTHER,0.006270912663029008,批,0.00567019439390707
109050403,无中心选址通信系统设备,C 前3个>=90%,598538.0,3,0.5545412321356372,0.8746946726857777,1.0,个,0.5545412321356372,UNKNOWN,0.3201534405501405,套,0.1253053273142223,,,,
109023801,草原建设机械,C 前3个>=90%,424184.0556640625,3,0.7084911661272076,0.8731890119383682,1.0,千米,0.7084911661272076,个,0.16469784581116054,套,0.12681098806163182,,,,
106050305,漆线雕工艺品,C 前3个>=90%,259052.10447692874,8,0.5569932861589045,0.8090038670793341,0.9460039513979341,千克,0.5569932861589045,桶,0.2520105809204296,个,0.13700008431859995,瓶,0.038477510377993754,UNKNOWN,0.007488300430017651
106051112,Spa精油温灸仪,C 前3个>=90%,223559.09179687497,5,0.6911484592672056,0.8915921076996081,0.9891949375582371,个,0.6911484592672056,套,0.20044364843240248,盒,0.09760282985862896,UNKNOWN,0.006081479108549804,瓶,0.004723583333213207
106050804,陶瓷制塑像,C 前3个>=90%,221942.009765625,7,0.6469888244755376,0.8443962905604504,0.9182894666081879,千克,0.6469888244755376,个,0.19740746608491277,批,0.07389317604773749,UNKNOWN,0.07028863087467711,袋,0.008583323193349994
101030499,其他野生动物,C 前3个>=90%,197464.6395263672,3,0.613213992370953,0.8947833920030112,1.0,个,0.613213992370953,项,0.2815693996320582,千克,0.10521660799698893,,,,
102050308,夕线石,C 前3个>=90%,148626.31689453125,6,0.6679809400474555,0.8530491068077131,0.9304236939106442,立方米,0.6679809400474555,卷,0.18506816676025759,千克,0.07737458710293112,个,0.05329385994815667,套,0.015744183458845443
107021007,美工塑型用膏,C 前3个>=90%,127413.97024154666,10,0.8135797044045235,0.8920640337213352,0.9481018448535389,个,0.8135797044045235,袋,0.07848432931681175,千克,0.05603781113220359,瓶,0.029434527375666705,桶,0.010548293860179499
106041005,沙狐球桌及其配套器材,C 前3个>=90%,117200.23828125,3,0.5595572094646645,0.7805465212598057,1.0,个,0.5595572094646645,千克,0.2209893117951412,套,0.21945347874019427,,,,
108030900,汞及汞化合物,C 前3个>=90%,51386.66986083985,3,0.6054677225622931,0.87988324756091,1.0,瓶,0.6054677225622931,个,0.2744155249986169,千克,0.12011675243909005,,,,
109025101,邮资机,C 前3个>=90%,27620.209899902344,3,0.46131329390691095,0.8563139126400283,1.0,个,0.46131329390691095,箱,0.39500061873311737,千米,0.14368608735997176,,,,
