product_id,product_name,class,v_prod,n_units,top1,top2,top3,unit1,share1,unit2,share2,unit3,share3,unit4,share4,unit5,share5
305010000,工程服务,B 前2个>=90%,357108617534.4899,30,0.8041286201515023,0.9145506538532279,0.9683669337912884,UNKNOWN,0.8041286201515023,项,0.11042203370172551,次,0.05381627993806053,元,0.005676590236006315,OTHER,0.005609901931830351
102010200,洗煤,B 前2个>=90%,222931694627.93008,20,0.7325043439221279,0.9998206518056719,0.999925326128984,千克,0.7325043439221279,UNKNOWN,0.267316307883544,个,0.00010467432331210758,OTHER,3.5033887635560555e-05,套,3.210485212497599e-05
109030501,乘用车,B 前2个>=90%,190147511686.5099,26,0.8649551450264823,0.9470520121129502,0.9985574344418863,个,0.8649551450264823,UNKNOWN,0.08209686708646788,批,0.051505422328936075,套,0.001033695429388807,OTHER,0.00017850049290131203
110010102,供电,B 前2个>=90%,114216077480.01048,30,0.8484788631509531,0.9134258375175721,0.9637681953329709,千瓦时,0.8484788631509531,UNKNOWN,0.06494697436661903,OTHER,0.050342357815398704,个,0.015066064508047584,套,0.007242746532026361
109031001,机动车（汽车）零配件,B 前2个>=90%,106549361010.3102,30,0.8326190917029126,0.9104158931063289,0.9491205105764509,个,0.8326190917029126,套,0.07779680140341633,UNKNOWN,0.03870461747012198,OTHER,0.030081337779959586,千克,0.010311633463889896
109041501,房间空气调节器,B 前2个>=90%,82748171523.08011,25,0.7825326455719807,0.9774281476926755,0.9979000993714823,套,0.7825326455719807,个,0.19489550212069484,UNKNOWN,0.020471951678806815,批,0.0015655004453345302,OTHER,0.0003095533928850074
107010103,柴油,B 前2个>=90%,78407086418.16992,19,0.8219770934894047,0.982863936268283,0.9986723822989055,千克,0.8219770934894047,立方米,0.1608868427788782,OTHER,0.01580844603062258,UNKNOWN,0.0008980078136621498,桶,0.00017337739190433361
305990000,其他建筑服务,B 前2个>=90%,59284991374.21007,28,0.826304716018402,0.9240661413239518,0.9414112111437195,UNKNOWN,0.826304716018402,项,0.09776142530554979,次,0.01734506981976771,立方米,0.015938774423454833,OTHER,0.011854672677336874
108031601,铝材,B 前2个>=90%,37737171191.88999,25,0.8830301342751777,0.9342997369810053,0.9803967279932476,千克,0.8830301342751777,个,0.05126960270582753,平方米,0.046096991012242274,套,0.007678511198854057,千米,0.005007615555471516
307040200,住宿服务,B 前2个>=90%,33054513915.01975,21,0.857453841717243,0.9560439859419687,0.9768137596111571,UNKNOWN,0.857453841717243,OTHER,0.09859014422472562,次,0.020769773669188425,元,0.008615137618181782,月,0.005448194478157775
109040904,专用电缆,B 前2个>=90%,30264891922.590004,24,0.5969757683814616,0.9229170473512018,0.9610843911637796,千米,0.5969757683814616,UNKNOWN,0.3259412789697403,个,0.038167343812577754,OTHER,0.010607698715764186,千克,0.00937541031356562
104010105,布,B 前2个>=90%,27394376396.950047,23,0.8016912372637609,0.9505389110379291,0.970953321270763,千米,0.8016912372637609,千克,0.14884767377416822,个,0.020414410232833892,OTHER,0.011696960048182563,平方米,0.009345555861914186
304020101,软件开发服务,B 前2个>=90%,27178222205.43678,19,0.8563189413162264,0.9126029914184438,0.9404460081492667,UNKNOWN,0.8563189413162264,月,0.05628405010221739,项,0.027843016730822935,套,0.02475860409241164,次,0.019927176038823474
109051299,其他电子计算机配套产品及耗材,B 前2个>=90%,24688955074.28135,28,0.8924239100602231,0.9529226338383691,0.9628800486827943,个,0.8924239100602231,套,0.06049872377814594,UNKNOWN,0.00995741484442528,OTHER,0.00864254188838776,卷,0.00668166361126573
109031002,汽车底盘车架、车身及其零配件,B 前2个>=90%,20695325295.000008,28,0.8739994544642408,0.9236933280332863,0.9516646863187179,个,0.8739994544642408,套,0.04969387356904557,千克,0.02797135828543157,OTHER,0.016117168663233605,UNKNOWN,0.0158495187161541
109041302,蓄电池,B 前2个>=90%,20548333885.48998,21,0.694272020315179,0.9433839610825333,0.964316472260665,个,0.694272020315179,套,0.24911194076735435,千克,0.02093251117813164,OTHER,0.015415042576452988,批,0.009510219034740986
108020713,焊接钢管,B 前2个>=90%,18365282903.330036,23,0.8816011795998131,0.9375658884414958,0.9873429741080737,千克,0.8816011795998131,千米,0.05596470884168272,个,0.04977708566657792,批,0.004432457228591876,UNKNOWN,0.0026900049898519237
106010204,包装用纸及纸板,B 前2个>=90%,17242927762.489998,25,0.7949651056967919,0.9522613862675529,0.9811927246841768,千克,0.7949651056967919,个,0.1572962805707609,平方米,0.028931338416624014,套,0.0072378651716846045,UNKNOWN,0.002562972035766287
109041303,太阳能电池,B 前2个>=90%,15567660396.929993,14,0.5377867077535304,0.9748706826038454,0.9858915164739004,瓦,0.5377867077535304,个,0.4370839748503149,UNKNOWN,0.011020833870055004,OTHER,0.007741406832960344,千克,0.004849140694570064
109010206,发动机零部件,B 前2个>=90%,15277624349.259949,26,0.8581517331230248,0.9212223684477293,0.9475747505822921,个,0.8581517331230248,千克,0.0630706353247045,套,0.026352382134562848,UNKNOWN,0.01618661500156463,OTHER,0.01068195335342857
104020199,其他服装,B 前2个>=90%,14875013919.29007,25,0.8502402879145461,0.9278320932918337,0.9556617113672269,个,0.8502402879145461,套,0.07759180537728759,UNKNOWN,0.027829618075393196,批,0.019220225971636945,千米,0.01033518661522956
305040000,装饰服务,B 前2个>=90%,13988556851.050005,27,0.7102391024849893,0.9192875355733889,0.9479266786755546,UNKNOWN,0.7102391024849893,项,0.20904843308839963,次,0.02863914310216559,批,0.014966031852262559,套,0.0105136857858901
109010201,汽车用发动机,B 前2个>=90%,12819959206.50001,25,0.8638114566047315,0.9279914330872486,0.9661245197145552,个,0.8638114566047315,千克,0.06417997648251716,套,0.03813308662730648,UNKNOWN,0.024088922482173092,批,0.0031592356697566493
109040401,变压器,B 前2个>=90%,12329251480.370008,23,0.8709886744274387,0.9135645779497056,0.9517470550051474,个,0.8709886744274387,套,0.04257590352226691,UNKNOWN,0.038182477055441824,千克,0.028227372923985136,千瓦时,0.009323898552400204
105010301,胶合板,B 前2个>=90%,11447872511.640013,24,0.6941147368090016,0.9224300076047245,0.9714117413146215,个,0.6941147368090016,立方米,0.22831527079572292,平方米,0.04898173370989695,OTHER,0.009801165538480124,UNKNOWN,0.006221116453523232
109051700,集成电路,B 前2个>=90%,11078004395.990005,18,0.8119446913512598,0.9265750354843302,0.9796947790342615,个,0.8119446913512598,套,0.1146303441330704,OTHER,0.05311974354993128,UNKNOWN,0.015166375833973941,批,0.002052220367255802
109050902,计算机数字式处理部件,B 前2个>=90%,11056396279.599957,24,0.8586064549771579,0.9853360200077899,0.9908704755295138,个,0.8586064549771579,套,0.12672956503063196,批,0.005534455521723939,UNKNOWN,0.004810247214829778,OTHER,0.0019307119643845081
107050102,子午线轮胎外胎,B 前2个>=90%,10983720157.59002,19,0.8960960432944601,0.9858833884280224,0.9905005749597601,个,0.8960960432944601,套,0.08978734513356226,千克,0.004617186531737653,批,0.004587096639127671,UNKNOWN,0.002709344416375723
109013104,工商用空调设备,B 前2个>=90%,10671868422.259995,25,0.6214480903490677,0.9553269494135085,0.9714088576154515,个,0.6214480903490677,套,0.3338788590644408,批,0.016081908201943045,UNKNOWN,0.015742427185437842,OTHER,0.0031513169024696406
109059900,其他未列明电子设备,B 前2个>=90%,10292760908.990137,25,0.8441184842622157,0.949117306568099,0.9637108695147328,个,0.8441184842622157,套,0.10499882230588335,UNKNOWN,0.014593562946633868,副,0.008656841212756998,批,0.008297624290038956
104010106,印染布,B 前2个>=90%,9860360231.079979,21,0.7149913775450172,0.9649568884977588,0.9832772607120115,千米,0.7149913775450172,千克,0.2499655109527417,个,0.01832037221425268,OTHER,0.008916241509400786,平方米,0.003449347844594392
301020201,国内水路货物运输服务,B 前2个>=90%,9265554324.089996,18,0.7090797499992276,0.9619463984444743,0.9745705759203845,千克,0.7090797499992276,UNKNOWN,0.25286664844524664,票,0.012624177475910277,OTHER,0.0067020159677385355,个,0.00662474784270703
109040702,低压开关、保护控制装置,B 前2个>=90%,9059017936.039986,24,0.898416090364617,0.9407613273194836,0.9612446306057904,个,0.898416090364617,套,0.042345236954866604,批,0.020483303286306792,OTHER,0.019872337156304907,千米,0.008314451775213658
106050901,金银珠宝首饰,B 前2个>=90%,8411572116.640008,21,0.5142936346812215,0.9265156617194994,0.9724889257595241,个,0.5142936346812215,千克,0.4122220270382779,批,0.04597326404002463,UNKNOWN,0.013564613892364522,OTHER,0.009531209019940588
109040703,电路连接装置,B 前2个>=90%,7899091913.810093,27,0.8647218421915314,0.9385164365196326,0.9625732495803558,个,0.8647218421915314,套,0.07379459432810115,千米,0.02405681306072323,千克,0.01116621050146202,OTHER,0.009276160649795117
106010201,未涂布印刷书写用纸,B 前2个>=90%,7683020062.879998,25,0.8856773176418401,0.9332821029380662,0.9761058176566593,千克,0.8856773176418401,令,0.04760478529622611,箱,0.04282371471859308,个,0.01340215863387993,OTHER,0.004449522724164979
109051906,电声器件,B 前2个>=90%,7527140531.580277,21,0.8926727753466838,0.9393963353034107,0.9802968260964748,个,0.8926727753466838,套,0.046723559956726904,副,0.04090049079306413,OTHER,0.005903706199393956,千克,0.005680614932138518
109011901,阀门,B 前2个>=90%,7283026630.959996,23,0.7660338897998245,0.9213858957900679,0.9586395435917424,个,0.7660338897998245,套,0.15535200599024346,千克,0.037253647801674554,UNKNOWN,0.019876876489042617,批,0.011946710754857042
107050101,橡胶轮胎外胎,B 前2个>=90%,7219407108.839995,21,0.7915256489418516,0.9633036826866842,0.9751139938721549,个,0.7915256489418516,套,0.17177803374483258,批,0.011810311185470743,OTHER,0.010488301558348673,UNKNOWN,0.007618021423484586
108041000,金属容器,B 前2个>=90%,7037724049.54001,26,0.8805598972490345,0.9478075608969057,0.9662263838484069,个,0.8805598972490345,套,0.06724766364787112,千克,0.018418822951501268,罐,0.011163243849428135,UNKNOWN,0.009036789374280287
109062201,照相机,B 前2个>=90%,6898021157.080026,14,0.8432338912471887,0.9754007308333874,0.9918214114837709,个,0.8432338912471887,套,0.13216683958619863,UNKNOWN,0.016420680650383518,盒,0.006330270126118927,千克,0.001053438988446944
106030102,应用软件产品,B 前2个>=90%,6799448282.840001,24,0.8471294703566966,0.9195279398784603,0.9768360369211876,套,0.8471294703566966,个,0.0723984695217637,UNKNOWN,0.05730809704272729,OTHER,0.011088003778228618,项,0.005849696107018093
103040101,片烟,B 前2个>=90%,6689564657.18,10,0.802922260765507,0.9999529468199904,0.9999882052997401,千克,0.802922260765507,个,0.19703068605448332,OTHER,3.525847974977626e-05,UNKNOWN,4.972821357559513e-06,批,3.650461764173201e-06
109013601,铸铁件,B 前2个>=90%,6230728574.289996,22,0.5590143301751671,0.9259309145588019,0.9705872472528811,个,0.5590143301751671,千克,0.3669165843836348,套,0.044656332694079225,OTHER,0.011429752488955931,副,0.005447624719211562
109042401,室内照明灯具,B 前2个>=90%,6018616840.209994,24,0.7822909430492532,0.9186496331301732,0.9587965795790138,个,0.7822909430492532,套,0.13635869008092003,OTHER,0.04014694644884049,批,0.011301522884056319,千米,0.008867392855687734
104020101,女内衣,B 前2个>=90%,5896568091.699997,18,0.8736044965631647,0.955315521194289,0.9787159268224752,个,0.8736044965631647,套,0.08171102463112426,盒,0.023400405628186238,OTHER,0.012838967662658473,包,0.0033008113799952135
501020100,房地产开发商业用房,B 前2个>=90%,5827896024.92,17,0.5394421937569067,0.9223528050869418,0.9612774312659262,平方米,0.5394421937569067,UNKNOWN,0.3829106113300352,月,0.03892462617898435,套,0.018896195767581784,OTHER,0.0170533677720107
110020203,液化天然气（LNG）,B 前2个>=90%,5655225267.689995,15,0.8755913041891283,0.991484816398893,0.99635469060485,千克,0.8755913041891283,立方米,0.11589351220976468,UNKNOWN,0.004869874205957038,个,0.0016784540156571407,OTHER,0.000955636381255512
109040806,配电或电器控制设备专用零件,B 前2个>=90%,5615912479.009988,26,0.7777151163313598,0.9310499630349901,0.9479230441441003,个,0.7777151163313598,套,0.15333484670363026,千克,0.016873081109110257,OTHER,0.016309995289696372,千米,0.012399586133200526
109041403,家用冷冻箱,B 前2个>=90%,5552409180.6100235,14,0.7830522763403973,0.9805028214962884,0.9973903506714524,个,0.7830522763403973,UNKNOWN,0.19745054515589114,套,0.01688752917516396,批,0.00133787516344101,OTHER,0.0008164538657977554
106010299,其他机制纸及纸板,B 前2个>=90%,5515853168.389995,24,0.8676282432091789,0.9377746823488807,0.9577919334520728,千克,0.8676282432091789,个,0.07014643913970182,平方米,0.020017251103192052,UNKNOWN,0.011783209073161575,令,0.005833697453080009
107060109,塑料包装箱及容器,B 前2个>=90%,5439300902.540053,27,0.8045506042838064,0.910176532801882,0.954570218756494,个,0.8045506042838064,套,0.10562592851807563,千克,0.044393685954611864,批,0.012350307367373177,OTHER,0.007299309803114465
109012301,滚动轴承,B 前2个>=90%,5305301880.600001,22,0.6165654575362371,0.970217469534056,0.9806666668234155,套,0.6165654575362371,个,0.35365201199781876,副,0.010449197289359596,OTHER,0.01023984120086605,千克,0.004973791946975074
109011501,电梯,B 前2个>=90%,5085616968.89,25,0.891962475512598,0.9687676645465755,0.9783773403398877,个,0.891962475512598,UNKNOWN,0.07680518903397751,OTHER,0.009609675793312197,批,0.007735435438934821,套,0.007694405658029882
107021402,催化剂,B 前2个>=90%,5074513916.590001,20,0.5763504359222165,0.9426405696536949,0.9776569638957282,千克,0.5763504359222165,个,0.36629013373147845,立方米,0.0350163942420333,桶,0.009686216784095448,套,0.005265486818874527
101010102,小麦,B 前2个>=90%,5064384622.610005,26,0.8882702438804135,0.9198110102643219,0.945299652600787,千克,0.8882702438804135,UNKNOWN,0.03154076638390834,个,0.02548864233646504,袋,0.016679620649836437,包,0.006923688703155631
109030801,汽车车身,B 前2个>=90%,4927485986.009999,22,0.8873433570331674,0.926785171881914,0.9619864188265964,个,0.8873433570331674,千克,0.039441814848746606,UNKNOWN,0.035201246944682435,套,0.03084399149008388,OTHER,0.0029445258416145514
109050502,移动通信终端设备零件,B 前2个>=90%,4909152041.230048,23,0.887516041499167,0.9296476701028263,0.9567160859990886,个,0.887516041499167,UNKNOWN,0.042131628603659335,套,0.02706841589626229,批,0.026478678942571506,OTHER,0.007615821809143265
107010203,合成液体燃料,B 前2个>=90%,4753849425.909997,18,0.8696626263943159,0.9846922826765659,0.9917613364115961,千克,0.8696626263943159,立方米,0.11502965628225004,UNKNOWN,0.007069053735030148,OTHER,0.004559031918822565,瓶,0.00190346014761876
102050404,建筑用砂、土,B 前2个>=90%,4737068010.409998,21,0.6718199109926972,0.9051444676722914,0.9705478538299634,千克,0.6718199109926972,立方米,0.23332455667959418,UNKNOWN,0.06540338615767202,OTHER,0.007496711588678745,个,0.00704777596535086
109024506,外科手术器械,B 前2个>=90%,4703832757.22999,17,0.8353547987692318,0.9408177655121532,0.9687508652313225,个,0.8353547987692318,OTHER,0.10546296674292144,盒,0.027933099719169217,套,0.01857868564431342,批,0.0068034403648410315
109011701,泵,B 前2个>=90%,4681359040.730004,24,0.7841848057391355,0.9052104500575108,0.9486928765471179,个,0.7841848057391355,套,0.12102564431837524,千克,0.043482426489607096,批,0.03407322936185779,OTHER,0.006654485336194635
107021599,其他专项化学用品,B 前2个>=90%,4613074827.839999,22,0.8449257554889998,0.9131766109249221,0.9426104846788358,千克,0.8449257554889998,个,0.06825085543592227,桶,0.029433873753913743,立方米,0.01740025908436967,瓶,0.011288689920164073
103010101,小麦粉,B 前2个>=90%,4609468554.409996,15,0.6429408408296072,0.9296779621178064,0.9736994448776497,千克,0.6429408408296072,袋,0.28673712128819917,包,0.044021482759843356,箱,0.007789929987839147,个,0.005348758313235939
108041201,钢铁制绳、缆、带,B 前2个>=90%,4562195482.070002,21,0.8942896041970608,0.9529044848046466,0.9777955570079963,千克,0.8942896041970608,千米,0.05861488060758578,个,0.024891072203349657,OTHER,0.00684902888593947,UNKNOWN,0.006820219802567981
105010101,普通锯材,B 前2个>=90%,4529335030.360002,22,0.8494751002564255,0.9240555041425895,0.9596120683005736,立方米,0.8494751002564255,个,0.07458040388616403,平方米,0.03555656415798402,千克,0.01676528620448827,UNKNOWN,0.011512186782494563
109050303,数据终端设备,B 前2个>=90%,4510124670.170001,22,0.6368759172219801,0.9768175251337212,0.9901446903155507,个,0.6368759172219801,套,0.33994160791174105,UNKNOWN,0.013327165181829522,批,0.0057712270465948975,项,0.001550309435179415
108030601,氧化铝,B 前2个>=90%,4488008543.159995,20,0.8357336553617789,0.9726008802417699,0.9854666196726811,千克,0.8357336553617789,个,0.13686722487999103,平方米,0.012865739430911226,OTHER,0.005683067985436929,套,0.005091432255588155
107030206,胶囊剂,B 前2个>=90%,4479951013.72,18,0.8288946650772665,0.9285842162179508,0.9827978104573051,盒,0.8288946650772665,瓶,0.0996895511406843,OTHER,0.05421359423935426,千克,0.007150421402353779,个,0.004154960590639036
109050101,光通信设备,B 前2个>=90%,4410220194.879997,24,0.5495499427746711,0.9050616597610965,0.9364536050183259,套,0.5495499427746711,个,0.35551171698642553,UNKNOWN,0.0313919452572293,项,0.017336679435816727,OTHER,0.014317018194080915
109052203,家用音响设备,B 前2个>=90%,4262182245.700025,19,0.8333666676368615,0.9387307939064651,0.9744297147992788,个,0.8333666676368615,套,0.1053641262696036,OTHER,0.035698920892813645,箱,0.010220924331414907,UNKNOWN,0.00696424756823716
109025310,监控电视摄像机,B 前2个>=90%,4105709924.0499997,21,0.7719640730593909,0.9387633467729275,0.9665631664487927,个,0.7719640730593909,套,0.16679927371353664,批,0.027799819675865152,UNKNOWN,0.012969919769069279,项,0.011884466641001248
102020300,液化天然气,B 前2个>=90%,4002886683.679999,16,0.8755259323249351,0.9482945347981412,0.9923818873103933,千克,0.8755259323249351,立方米,0.07276860247320605,千瓦时,0.044087352512252126,UNKNOWN,0.004667433908677087,瓶,0.0021613944269953875
109013103,中央空调冷水/热泵机组,B 前2个>=90%,3978681295.5300026,23,0.7155547387141892,0.9061548546676791,0.9386440038401013,个,0.7155547387141892,套,0.1906001159534899,批,0.032489149172422134,UNKNOWN,0.030903901010654024,项,0.009608336702653023
109040701,高压电路开关、保护电器装置,B 前2个>=90%,3911915132.2499948,20,0.7386667376799656,0.9163647089087485,0.9725253578064762,个,0.7386667376799656,套,0.17769797122878292,OTHER,0.05616064889772768,千米,0.00869248234187585,批,0.00620499034089188
109013002,气体过滤、净化机械及装置,B 前2个>=90%,3897202617.6399994,23,0.8458400451902044,0.949450243775291,0.9605072478004228,个,0.8458400451902044,套,0.10361019858508663,UNKNOWN,0.011057004025131881,瓶,0.0103274625876067,OTHER,0.010115077163699433
104010404,化纤长丝机织物,B 前2个>=90%,3803834576.4299994,20,0.512100378978151,0.919373125064277,0.95908541508236,千克,0.512100378978151,千米,0.40727274608612607,个,0.03971229001808302,平方米,0.020791733239416132,OTHER,0.01035087295698138
109012403,齿轮传动装置（齿轮箱）,B 前2个>=90%,3803694762.960002,20,0.879169105753286,0.9931087018455704,0.9955500120685742,个,0.879169105753286,套,0.11393959609228438,批,0.0024413102230037296,UNKNOWN,0.002002497693603733,千克,0.00123492772231403
109051603,半导体光电器件,B 前2个>=90%,3746923242.010004,20,0.7217662673813544,0.9082017762083952,0.9547098664959663,个,0.7217662673813544,OTHER,0.18643550882704069,套,0.046508090287571156,平方米,0.03485127052134351,千米,0.0035179275070841725
109052205,家用音视频设备用配件,B 前2个>=90%,3729396757.8700166,19,0.8825109700180438,0.9239570006163755,0.96293376519184,个,0.8825109700180438,套,0.041446030598331796,UNKNOWN,0.0389767645754645,千克,0.015188052266219672,副,0.014075800527048564
109060102,工业自动控制系统,B 前2个>=90%,3704725692.6099944,21,0.6136420310833842,0.9547723351247752,0.9742676196026706,个,0.6136420310833842,套,0.34113030404139094,UNKNOWN,0.019495284477895426,OTHER,0.01161216763924357,项,0.005830356871788475
109013001,液体过滤、净化机械,B 前2个>=90%,3598291685.239987,23,0.7944585373626617,0.9456904349968043,0.9804661134842625,个,0.7944585373626617,套,0.1512318976341426,UNKNOWN,0.034775678487458224,批,0.005354761093725765,项,0.003044248809770801
108040301,金属切削机床用切削刀具,B 前2个>=90%,3387313964.139997,25,0.8900496860394936,0.935699984068262,0.9554913526835479,个,0.8900496860394936,千克,0.04565029802876846,套,0.0197913686152859,千米,0.01640201278304173,批,0.010260715064487462
109051099,其他计算机网络设备,B 前2个>=90%,3305471113.8199987,21,0.6781794695822813,0.9108489314918131,0.9343555361101802,个,0.6781794695822813,套,0.2326694619095318,UNKNOWN,0.02350660461836703,项,0.022864861055359894,批,0.014664717176723654
109013701,锻件,B 前2个>=90%,3294672966.830003,16,0.6797089407646665,0.9647509139300889,0.9834811436103278,个,0.6797089407646665,千克,0.28504197316542246,套,0.01873022968023888,批,0.007763827763036315,OTHER,0.004686886090201971
109010299,其他发动机,B 前2个>=90%,3264416714.260004,22,0.8693903120555947,0.9426632860803652,0.9795195322680623,个,0.8693903120555947,套,0.07327297402477052,OTHER,0.03685624618769711,UNKNOWN,0.012443092385405776,千克,0.0032811399271456157
107021308,功能高分子材料,B 前2个>=90%,3263357925.69,22,0.85863022750333,0.9232031070030388,0.9633032114567452,千克,0.85863022750333,个,0.06457287949970883,平方米,0.04010010445370651,千米,0.008377895083089684,卷,0.005534760152360859
106010511,箱板纸,B 前2个>=90%,3184133502.510001,22,0.46587452369715543,0.914937689121234,0.9530165441046767,个,0.46587452369715543,千克,0.4490631654240785,套,0.03807885498344276,平方米,0.02257982098530877,批,0.01348189716485205
107030408,中成药胶囊,B 前2个>=90%,3137924408.2400026,15,0.8397554211600557,0.9672614535837019,0.9804679071334365,盒,0.8397554211600557,瓶,0.1275060324236461,OTHER,0.013206453549734607,个,0.011473953115458927,千克,0.00428035712865799
107030401,中成药丸剂,B 前2个>=90%,3131273643.219996,16,0.7919839652882623,0.9396825522550697,0.9624325373782943,盒,0.7919839652882623,瓶,0.14769858696680735,OTHER,0.022749985123224535,个,0.0165994322382345,袋,0.0115781968109048
109025601,工业机器人,B 前2个>=90%,3042382139.4100003,17,0.6410614525196451,0.9626221537567754,0.9771891782688883,个,0.6410614525196451,套,0.3215607012371303,项,0.014567024512112914,UNKNOWN,0.010160358401260733,箱,0.007125995028423463
107030404,中成药片剂,B 前2个>=90%,2954116204.97,16,0.7960343442934674,0.9451342513990083,0.9646989372914466,盒,0.7960343442934674,瓶,0.14909990710554086,OTHER,0.019564685892438313,个,0.01187775233789638,袋,0.00998990659553276
109023210,净化设备及类似设备,B 前2个>=90%,2917336559.969986,21,0.7211751778723917,0.9563461358838521,0.9718593537658731,个,0.7211751778723917,套,0.23517095801146037,OTHER,0.015513217882020992,项,0.009593706346410696,UNKNOWN,0.005722451193691466
107021411,建工建材用化学助剂,B 前2个>=90%,2862651957.719999,23,0.8846806292536771,0.9317324675942619,0.9459409078485201,千克,0.8846806292536771,立方米,0.0470518383405848,个,0.014208440254258244,桶,0.012569508620481585,OTHER,0.008228098622495511
103030199,其他酒精,B 前2个>=90%,2772992792.549999,18,0.8225289260966853,0.9714208911927524,0.9847320569264565,千克,0.8225289260966853,瓶,0.14889196509606714,箱,0.0133111657337041,盒,0.0039322919479976935,桶,0.002563282334918596
109051102,输入设备及装置,B 前2个>=90%,2758358638.3299937,22,0.8039769184121178,0.9851397464816916,0.9957793803466223,个,0.8039769184121178,套,0.1811628280695737,UNKNOWN,0.010639633864930702,批,0.0013487997638525003,OTHER,0.0007305495347842159
110030101,自来水,B 前2个>=90%,2745993261.2000046,28,0.6899041090043007,0.9180978189321131,0.9848159685862524,千克,0.6899041090043007,立方米,0.2281937099278124,UNKNOWN,0.06671814965413937,OTHER,0.003962822663754315,千瓦时,0.0037793056911817825
109050404,移动通信设备零件,B 前2个>=90%,2732195843.330001,23,0.8692378551039145,0.9365633220974541,0.9577584427003096,个,0.8692378551039145,套,0.06732546699353957,千克,0.02119512060285555,批,0.014238918998055565,OTHER,0.010664581307790489
107030402,中成药冲剂,B 前2个>=90%,2684222111.7200003,15,0.8459326454191959,0.9071551979950322,0.9516104799215851,盒,0.8459326454191959,包,0.06122255257583629,袋,0.044455281926552945,OTHER,0.016002852629984157,千克,0.011734511019960505
105010302,纤维板,B 前2个>=90%,2549425456.0,19,0.8423280417656581,0.961215425959095,0.9743809936170968,个,0.8423280417656581,立方米,0.11888738419343689,平方米,0.013165567658001764,套,0.0076122672519513745,千克,0.0075662495346167135
102040301,钨矿石,B 前2个>=90%,2526488311.819999,8,0.6779106764345971,0.9986408006583943,0.9992133182961103,千克,0.6779106764345971,OTHER,0.3207301242237972,个,0.0005725176377158929,UNKNOWN,0.0005684946268226905,套,0.00019052694514673654
109010804,机床数控系统,B 前2个>=90%,2501097004.899999,16,0.5846651181162268,0.9774168337776014,0.9953344789517804,个,0.5846651181162268,套,0.39275171566137457,UNKNOWN,0.01791764517417899,批,0.001554832252560106,项,0.0010356322345456425
107021502,矿物油用配制添加剂,B 前2个>=90%,2485099421.5900006,20,0.6077061773946038,0.9073112373336656,0.9418860463749176,千克,0.6077061773946038,OTHER,0.29960505993906184,桶,0.03457480904125198,瓶,0.021339923348446765,个,0.019699130930012694
109023299,其他电子工业专用设备,B 前2个>=90%,2463538813.7400007,24,0.6008174040428218,0.9569138206112298,0.9701710098050214,个,0.6008174040428218,套,0.3560964165684079,UNKNOWN,0.013257189193791558,批,0.009910584393405359,OTHER,0.007556998739442152
109010900,机床附件及辅助装置,B 前2个>=90%,2454602774.3399954,23,0.6911412712943549,0.90370197720747,0.9427958169208233,个,0.6911412712943549,套,0.21256070591311518,UNKNOWN,0.039093839713353264,批,0.015660253097504073,千克,0.01511838102602088
107021399,其他橡胶,B 前2个>=90%,2444046514.88,20,0.8737559804809405,0.945420733313437,0.9679515092191909,千克,0.8737559804809405,个,0.07166475283249651,千米,0.022530775905753943,立方米,0.009559132298734951,套,0.00799659706188513
109013602,铸钢件,B 前2个>=90%,2407432052.250001,20,0.4909776047782117,0.9233624398380983,0.9722702770333194,千克,0.4909776047782117,个,0.4323848350598866,套,0.04890783719522108,OTHER,0.008876983003539717,千米,0.0055888876562165055
104020124,婴幼儿服装,B 前2个>=90%,2399999008.419992,18,0.8764738333808012,0.9352185266016609,0.9522270767538852,个,0.8764738333808012,套,0.058744693220859734,盒,0.01700855015222429,批,0.013004288631163595,千克,0.01125077384418434
109050601,光纤接入设备,B 前2个>=90%,2393851631.350001,21,0.8929003583837753,0.9361862330858612,0.964460319931348,个,0.8929003583837753,套,0.04328587470208587,千米,0.028274086845486733,OTHER,0.01653831290608151,UNKNOWN,0.006195688665815857
108020701,铁道用钢材,B 前2个>=90%,2314622067.69,20,0.7260855981932539,0.9340515335739709,0.9830805893166464,千克,0.7260855981932539,套,0.20796593538071695,个,0.04902905574267561,千米,0.007571829636745378,UNKNOWN,0.005656473854959162
109012408,齿轮、传动和驱动部件零件,B 前2个>=90%,2256604249.49,23,0.709240253851207,0.9515883123216267,0.9753422568744274,个,0.709240253851207,套,0.24234805847041965,千克,0.023753944552800756,批,0.010574409143913006,UNKNOWN,0.0049431099416395174
109012701,风机,B 前2个>=90%,2169691241.119999,22,0.8237676267188044,0.9411732059930729,0.9622429805598918,个,0.8237676267188044,套,0.11740557927426844,批,0.02106977456681896,千克,0.019189648011164767,UNKNOWN,0.006228399997146229
109050102,卫星通信设备,B 前2个>=90%,2157836593.1000004,16,0.7011665779225588,0.9047488005545771,0.9634301033023852,套,0.7011665779225588,个,0.20358222263201828,UNKNOWN,0.05868130274780814,千克,0.030049871027001816,项,0.0038866367670368517
109012101,气动元件,B 前2个>=90%,2154193487.459996,25,0.8947601142609943,0.9686965059394405,0.9777910461300248,个,0.8947601142609943,套,0.07393639167844612,千米,0.009094540190584345,批,0.004812652809671315,卷,0.004696798499715959
107022101,金属材料制焊料,B 前2个>=90%,2146721180.219998,21,0.8218331436964703,0.9201229097332392,0.9462810163599439,千克,0.8218331436964703,个,0.09828976603676891,套,0.02615810662670467,千米,0.011472964801826748,OTHER,0.01076481825070164
108042600,金属焊接材料,B 前2个>=90%,2084751107.959999,22,0.8542038289369591,0.930930775582654,0.9448839143621146,千克,0.8542038289369591,个,0.07672694664569486,套,0.01395313877946054,千米,0.012661347725978263,批,0.0087707171374967
108010503,建筑砌块,B 前2个>=90%,2052249674.769998,17,0.7654218821625817,0.9208593295851283,0.9557952123002932,立方米,0.7654218821625817,千克,0.15543744742254664,个,0.03493588271516493,OTHER,0.012321943967579905,平方米,0.011264907668990593
104010103,线,B 前2个>=90%,2034982744.8899975,20,0.8205289195414078,0.9409350993506841,0.9687037022943197,千克,0.8205289195414078,个,0.1204061798092763,千米,0.027768602943635583,OTHER,0.008541731488214467,套,0.007532065551164438
109052000,传感器,B 前2个>=90%,2016172360.349999,20,0.8734048209074289,0.955427794286199,0.9767603526258707,个,0.8734048209074289,套,0.08202297337877008,OTHER,0.021332558339671723,批,0.009760915711880749,UNKNOWN,0.005042191649842501
109012402,齿轮,B 前2个>=90%,1986032786.5799997,18,0.8511118460691692,0.9803670862820224,0.9882141031919682,个,0.8511118460691692,套,0.12925524021285312,千克,0.007847016909945782,OTHER,0.0038453866429623367,副,0.002865106199882361
306049900,其他金融商品转让,B 前2个>=90%,1977260876.99,12,0.5905111517542584,0.9752756633083135,0.994045889373019,UNKNOWN,0.5905111517542584,OTHER,0.3847645115540551,千克,0.018770226064705423,项,0.0023092409823790246,次,0.0022767727022713798
108011300,玻璃包装容器,B 前2个>=90%,1947407261.1899998,21,0.8395488633543129,0.9476237756720326,0.9709149052697951,个,0.8395488633543129,箱,0.10807491231771975,千克,0.02329112959776249,套,0.018849561974812107,包,0.004874489475919566
304010402,地质勘查服务,B 前2个>=90%,1879795639.9299998,15,0.8293444543727393,0.903922028776104,0.9632320144956961,UNKNOWN,0.8293444543727393,元,0.07457757440336463,项,0.05930998571959216,OTHER,0.015497488153065845,千米,0.008811026165917044
109040901,裸电线,B 前2个>=90%,1870344778.0299993,19,0.8293967575988376,0.9444657065370574,0.9645683437201346,千克,0.8293967575988376,千米,0.11506894893821984,卷,0.020102637183077126,个,0.01915281039131783,OTHER,0.008754892783589952
104010401,蚕丝,B 前2个>=90%,1859451898.2499988,16,0.8942318297961381,0.9850248861203635,0.9965543630109336,千克,0.8942318297961381,千米,0.09079305632422542,个,0.011529476890570066,UNKNOWN,0.002040810355767428,套,0.000888000830542593
104030399,其他箱、包及类似容器,B 前2个>=90%,1846665667.3399699,17,0.8783461122209507,0.9644102719228708,0.9732539286653088,个,0.8783461122209507,批,0.08606415970192008,套,0.008843656742438057,OTHER,0.00745432681370458,副,0.006996292858257526
108041501,钢铁制弹簧,B 前2个>=90%,1784364545.580001,17,0.8181257482144643,0.9687850667746285,0.9850053979405294,个,0.8181257482144643,千克,0.15065931856016426,套,0.016220331165900968,OTHER,0.008378293408167103,批,0.00297287399211114
109042409,电光源、灯具及照明装置零件,B 前2个>=90%,1746789096.4499977,22,0.8017317668836768,0.9458920624521395,0.9646665888712989,个,0.8017317668836768,套,0.14416029556846277,OTHER,0.018774526419159367,千米,0.011871582380577108,批,0.00894894227458184
109050299,其他通信交换设备,B 前2个>=90%,1716382709.2800014,18,0.5865640005790581,0.9631787501130729,0.982168648259782,套,0.5865640005790581,个,0.37661474953401475,UNKNOWN,0.0189898981467092,批,0.004643379251555865,月,0.004346232090120089
109020199,其他矿山专用设备,B 前2个>=90%,1681184798.73,23,0.7012367753447275,0.9417023531892281,0.9633787589998976,个,0.7012367753447275,套,0.24046557784450062,千米,0.021676405810669385,千克,0.014911922936097294,OTHER,0.00913313164715686
501010100,房地产开发住宅,B 前2个>=90%,1653480138.19,17,0.7011320939113602,0.9239403408391298,0.9646480790183625,平方米,0.7011320939113602,UNKNOWN,0.22280824692776957,个,0.04070773817923269,套,0.015993979007784816,OTHER,0.006262228018858837
109040301,直流电动机,B 前2个>=90%,1634056421.6799996,13,0.5574751909444119,0.9932137009512811,0.9967347955620074,个,0.5574751909444119,套,0.4357385100068692,UNKNOWN,0.0035210946107262094,千瓦时,0.0013045652045529314,千克,0.00129884027983437
109022818,纺织机械及其辅助机械零件、附件,B 前2个>=90%,1557424616.0400002,22,0.8088480450135931,0.9263935549307795,0.9436056503631477,个,0.8088480450135931,套,0.11754550991718642,OTHER,0.017212095432368273,千克,0.016896820667257343,批,0.014122433492752178
109011704,泵、液体提升机零件,B 前2个>=90%,1549403799.129997,23,0.8082791087405377,0.9158022187222902,0.9495852897263701,个,0.8082791087405377,套,0.10752310998175255,千克,0.03378307100408001,批,0.02795382463520479,项,0.006317489995504229
109051202,计算机电源,B 前2个>=90%,1548103764.309997,21,0.8302360167781533,0.9296904071552892,0.9744827332503728,个,0.8302360167781533,套,0.09945439037713588,OTHER,0.0447923260950837,项,0.014403179382448072,批,0.006812592355332659
106010199,其他纸浆,B 前2个>=90%,1510119753.8599977,25,0.8648718698246245,0.9321577385646874,0.9464100904030008,千克,0.8648718698246245,个,0.0672858687400629,令,0.014252351838313455,平方米,0.010634469186268819,箱,0.009045170871439608
107030407,中成药口服液,B 前2个>=90%,1504967554.78,13,0.8813793223561577,0.9899186697734371,0.994383169196471,盒,0.8813793223561577,瓶,0.10853934741727948,OTHER,0.004464499423033868,千克,0.0025791414556889975,个,0.0016968289461717348
108041600,锁及其附件,B 前2个>=90%,1435248510.240001,22,0.7234472165425715,0.9075065760299579,0.9357561644536518,个,0.7234472165425715,套,0.18405935948738633,OTHER,0.02824958842369399,千克,0.02536606370273265,批,0.016202551442545215
108032201,金加工材,B 前2个>=90%,1427687265.0,11,0.7629259833525236,0.9185806200841891,0.9651818139317786,千克,0.7629259833525236,套,0.15565463673166546,瓶,0.04660119384758959,个,0.023631142692864197,OTHER,0.008438828170117494
304040301,铁路货运客运场站服务,B 前2个>=90%,1424480433.97,12,0.8109146560550985,0.9427723896615369,0.9647961560761907,UNKNOWN,0.8109146560550985,千克,0.13185773360643838,月,0.02202376641465383,OTHER,0.020567830018096995,车,0.005890162251380354
109031600,助动自行车及其零件,B 前2个>=90%,1419218817.089999,16,0.8492224287240197,0.9651886626677478,0.9848289367215778,个,0.8492224287240197,套,0.1159662339437282,UNKNOWN,0.019640274053829992,批,0.007073076708905721,副,0.005530788730729066
109050304,通信终端设备用零件,B 前2个>=90%,1414102607.5600011,20,0.7147170819053292,0.9478862054450505,0.978261078647579,个,0.7147170819053292,套,0.23316912353972136,批,0.030374873202528532,UNKNOWN,0.008034035019285507,千米,0.005325499677137442
106040604,室内训练健身器材,B 前2个>=90%,1397747741.029999,18,0.8465313282767837,0.9054215093901105,0.9584064986524974,个,0.8465313282767837,千克,0.05889018111332677,套,0.05298498926238688,副,0.012600262975221653,批,0.010100574936072812
109051501,半导体二极管,B 前2个>=90%,1390934893.510001,13,0.8584312927522483,0.9934476046128937,0.9968079467409175,个,0.8584312927522483,OTHER,0.13501631186064542,套,0.003360342128023834,UNKNOWN,0.0018381711120554446,批,0.0006171856310496877
109024503,注射穿刺器械,B 前2个>=90%,1389225398.22,16,0.7815826701276966,0.9080813634680053,0.9578271878738559,个,0.7815826701276966,套,0.1264986933403087,盒,0.04974582440585061,OTHER,0.014051623152738129,千克,0.00967759649890228
109024201,医用X射线设备,B 前2个>=90%,1366345380.1199994,17,0.5486509734853147,0.9801344440908373,0.9947869747769231,套,0.5486509734853147,个,0.4314834706055226,盒,0.014652530686085904,UNKNOWN,0.0030229308709905033,OTHER,0.0011609807396287188
109062799,其他文化、办公用设备或器具,B 前2个>=90%,1349784981.860003,26,0.8243540833568187,0.9100807588459385,0.9332576543222024,个,0.8243540833568187,套,0.08572667548911986,批,0.02317689547626386,UNKNOWN,0.012438001263627397,OTHER,0.009210756607224934
109024507,手术室、急救室、诊疗室设备及器具,B 前2个>=90%,1332006757.1700008,21,0.6320367985509805,0.9282635501842241,0.9563692160815496,个,0.6320367985509805,套,0.29622675163324363,盒,0.028105665897325487,包,0.014070482449968537,OTHER,0.0078900228496804
107010106,溶剂油,B 前2个>=90%,1327842160.53,23,0.7970246316833146,0.9079316718553327,0.9465787734954231,千克,0.7970246316833146,个,0.11090704017201816,桶,0.038647101640090324,立方米,0.011961733180440876,OTHER,0.01116963795160721
109060203,流量测量仪表,B 前2个>=90%,1319818286.209999,18,0.7850797745691583,0.970036042595255,0.9800391267530838,个,0.7850797745691583,套,0.1849562680260966,UNKNOWN,0.010003084157828801,千克,0.009747831951127372,批,0.005902082181607664
109060299,其他工业仪表,B 前2个>=90%,1297069478.5700002,24,0.6765607588712071,0.9039575431322764,0.9387834031238329,个,0.6765607588712071,套,0.2273967842610693,OTHER,0.034825859991556476,项,0.02895526145708557,批,0.011637144269743448
109011001,电焊机,B 前2个>=90%,1284650678.1000004,21,0.7903065546826956,0.977367328491974,0.9862447381212338,个,0.7903065546826956,套,0.1870607738092784,UNKNOWN,0.008877409629259743,千克,0.002759914862804445,批,0.002242080418514978
109011902,龙头,B 前2个>=90%,1281856511.0500007,19,0.6920141264979692,0.9443848847156815,0.9712611660022507,个,0.6920141264979692,套,0.2523707582177122,UNKNOWN,0.026876281286569183,千克,0.02209585344837024,OTHER,0.0033930941509492736
109030803,挂车及半挂车零件,B 前2个>=90%,1272468158.4299989,21,0.7965291809899202,0.9339118568092436,0.9861533156305151,个,0.7965291809899202,套,0.13738267581932342,千克,0.052241458821271534,UNKNOWN,0.00645449182801836,OTHER,0.002332553046877111
104010402,蚕丝及交织机织物,B 前2个>=90%,1263925320.1100001,14,0.7987779941872944,0.9793855096061115,0.9920503856991126,千米,0.7987779941872944,千克,0.18060751541881703,个,0.012664876093001176,UNKNOWN,0.0037821048395359057,套,0.0018421639814901105
109041899,其他家用清洁卫生电器具,B 前2个>=90%,1246817527.3399997,18,0.7766361423999645,0.940986715853301,0.9899769570238065,个,0.7766361423999645,批,0.1643505734533365,套,0.048990241170505565,UNKNOWN,0.007897949542792132,项,0.0005998953203647383
107021306,油脂类高分子聚合物,B 前2个>=90%,1210462581.97,18,0.8844896201645122,0.9518256363405332,0.9738644980842671,千克,0.8844896201645122,个,0.06733601617602102,OTHER,0.022038861743733915,桶,0.013407304390679808,瓶,0.0020748074475070775
109013604,铝铸件,B 前2个>=90%,1177991607.3500001,18,0.768355058798883,0.9231288585207253,0.9865143740321403,个,0.768355058798883,千克,0.15477379972184238,套,0.06338551551141491,副,0.005527823865102683,千米,0.0023222011964532012
109023001,缝纫机及其零件,B 前2个>=90%,1177259841.9799995,24,0.8042481331798328,0.9550836982674396,0.9645333856374679,个,0.8042481331798328,套,0.1508355650876068,批,0.009449687370028374,包,0.007751280324530963,千克,0.0073507420124392705
108010305,水泥混凝土电杆,B 前2个>=90%,1116017010.4600003,16,0.7815307360328639,0.9444429905826941,0.9665104251550838,个,0.7815307360328639,UNKNOWN,0.16291225454983013,千米,0.02206743457238969,OTHER,0.01764674263511673,千克,0.010357900839912254
109062501,静电复印设备,B 前2个>=90%,1114843370.3400009,22,0.897663565658371,0.9883418271160046,0.9942271969845978,个,0.897663565658371,套,0.09067826145763357,UNKNOWN,0.005885369868593253,项,0.0036442327577917585,千克,0.00035897413990805576
108042100,金属制卫生器具,B 前2个>=90%,1110493049.3000002,18,0.5004097756580169,0.9257838198879758,0.9548519713909029,个,0.5004097756580169,套,0.4253740442299588,UNKNOWN,0.029068151502927173,箱,0.020468240394955886,千克,0.014487884503321759
106010508,纸制筒管、卷轴、纡子及类似品,B 前2个>=90%,1110205363.1200004,19,0.8149589141754172,0.9288172619361973,0.9790638276825838,个,0.8149589141754172,千克,0.11385834776078005,千米,0.05024656574638651,批,0.0063500351774449055,UNKNOWN,0.004322678370525289
107060114,再生塑料制品,B 前2个>=90%,1097736862.1499996,22,0.7205186069008245,0.9337340590644572,0.9479963810651377,千克,0.7205186069008245,个,0.2132154521636327,批,0.014262322000680576,套,0.013943722059238316,千米,0.011871320467891253
109060313,电工仪器仪表零部件,B 前2个>=90%,1093895534.330001,19,0.70161703515874,0.9408004763730355,0.961866328382491,个,0.70161703515874,套,0.23918344121429552,UNKNOWN,0.02106585200945546,批,0.020071016519367692,OTHER,0.014608056252636026
109040101,交流发电机,B 前2个>=90%,1088845277.5300002,22,0.7923717483875745,0.9408827757824145,0.9827026462173537,个,0.7923717483875745,套,0.14851102739483998,UNKNOWN,0.041819870434939184,千瓦时,0.00489496112991421,OTHER,0.004467168008510726
109013703,粉末冶金零件,B 前2个>=90%,1087647634.3300004,13,0.8600665725037362,0.9473806339263038,0.9746893186349289,个,0.8600665725037362,千克,0.08731406142256758,套,0.02730868470862515,UNKNOWN,0.016422764842405273,OTHER,0.0029566963035606523
102049999,其他未列明有色金属矿石,B 前2个>=90%,1087016869.35,19,0.8893456058488538,0.9675380708294802,0.9909477634731797,千克,0.8893456058488538,OTHER,0.07819246498062639,个,0.023409692643699534,UNKNOWN,0.0037539063146646836,套,0.0012908313932966289
109010301,汽轮机,B 前2个>=90%,1078000992.6,16,0.7133245112282839,0.9609913283673538,0.982277531105123,套,0.7133245112282839,个,0.24766681713906988,OTHER,0.02128620273776917,UNKNOWN,0.01299761196527863,副,0.0014695691477789091
109010803,数控金属成形机床（数控锻压设备）,B 前2个>=90%,1075135846.1400008,15,0.878456301574207,0.9699632205772488,0.9798505811542078,个,0.878456301574207,套,0.0915069190030419,千克,0.009887360576958906,UNKNOWN,0.009105716626552875,批,0.006163708533941928
109023206,检测设备,B 前2个>=90%,1073525824.2299999,23,0.8223183661307683,0.9691809114198713,0.9815295130191932,个,0.8223183661307683,套,0.146862545289103,UNKNOWN,0.012348601599321959,项,0.006342427863701993,批,0.003604697532800963
107030406,膏药,B 前2个>=90%,1069104854.1299996,15,0.8602670039492358,0.9073552396966704,0.9458164212460342,盒,0.8602670039492358,个,0.047088235747434544,袋,0.03846118154936375,千克,0.020647022024760063,瓶,0.017013988646419707
109051604,激光器件,B 前2个>=90%,1058163645.7199997,18,0.8590667280404175,0.9642680005470486,0.9841110355491753,个,0.8590667280404175,套,0.10520127250663117,UNKNOWN,0.01984303500212675,批,0.005126186513721275,项,0.003927006523809043
109040805,继电器保护装置,B 前2个>=90%,1048696829.7700002,18,0.5050569625219169,0.9079793078890448,0.9710886571702046,个,0.5050569625219169,套,0.40292234536712784,OTHER,0.06310934928115987,UNKNOWN,0.009763615498147,项,0.008615744563642497
109024204,医用超声诊断、治疗仪器及设备,B 前2个>=90%,1042860130.6299999,19,0.5234749609904166,0.982271344759502,0.9864471991354566,个,0.5234749609904166,套,0.45879638376908544,UNKNOWN,0.004175854375954724,千克,0.003942014139054805,OTHER,0.00347112447170954
109060904,导航仪器及装置零件、附件,B 前2个>=90%,1025157406.2500001,14,0.6253033471658634,0.9880404146082811,0.995231430656213,个,0.6253033471658634,套,0.3627370674424176,UNKNOWN,0.007191016047931908,批,0.0020910651836789575,千克,0.0012365120636809522
104020118,便服套装,B 前2个>=90%,999975251.9999994,21,0.7623005464039225,0.9765699812838968,0.9859353224873609,个,0.7623005464039225,套,0.21426943487997435,批,0.009365341203464111,OTHER,0.005823749606155255,UNKNOWN,0.004097384332067452
109040802,电力微电子组件,B 前2个>=90%,997249521.8199997,20,0.6709689743935262,0.9288724435981198,0.971179797662327,个,0.6709689743935262,平方米,0.2579034692045936,套,0.04230735406420717,OTHER,0.009577590062483848,千克,0.005847333783984027
109025603,具有独立功能专用机械,B 前2个>=90%,991970488.8399998,19,0.7340783043672305,0.9617104114715994,0.9834923014704309,个,0.7340783043672305,套,0.2276321071043689,OTHER,0.021781889998831516,UNKNOWN,0.00795139372464963,批,0.005501487454915848
109023104,电池生产专用设备,B 前2个>=90%,974235448.5299989,20,0.8913521752778423,0.9805164515532248,0.9887642559439644,个,0.8913521752778423,套,0.08916427627538251,OTHER,0.008247804390739712,千克,0.006039607785652052,项,0.0019799278736064223
109060310,电力自动化仪表及系统,B 前2个>=90%,962387446.4000003,20,0.5445648917600013,0.9226514961531818,0.96100035743359,个,0.5445648917600013,套,0.3780866043931805,OTHER,0.0383488612804083,批,0.0174210775012869,UNKNOWN,0.00796333708286409
109060206,执行器,B 前2个>=90%,956500963.6599996,18,0.8685316858972876,0.9734618384252638,0.9952739543170949,个,0.8685316858972876,套,0.10493015252797623,UNKNOWN,0.021812115891831067,批,0.0023814131783872214,OTHER,0.0012864496709878836
109032103,船舶专用设备,B 前2个>=90%,948640299.7199999,19,0.7723094913069228,0.9384485180239186,0.9744246265869569,个,0.7723094913069228,套,0.16613902671699582,OTHER,0.03597610856303839,UNKNOWN,0.011456635684998686,千克,0.0065839908359823195
109013403,容器装封、贴标签及包封机,B 前2个>=90%,936912592.2499999,21,0.821433704836621,0.9529258429283322,0.9611816179216264,个,0.821433704836621,套,0.1314921380917111,卷,0.008255774993294206,项,0.008254904442501371,千克,0.005566337770608611
104020103,女睡衣,B 前2个>=90%,934236334.1899997,15,0.5235431522839135,0.9940480089389574,0.9968701017365854,套,0.5235431522839135,个,0.470504856655044,UNKNOWN,0.0028220927976280188,盒,0.001072962700459622,OTHER,0.0010428992797039403
109022202,印刷机设备,B 前2个>=90%,929596091.5599997,23,0.8279510533530711,0.927182723836107,0.9694119966637523,个,0.8279510533530711,套,0.09923167048303595,千克,0.04222927282764533,UNKNOWN,0.011510981658757701,平方米,0.006794039440722368
107020119,氰化物、氧氰化物及氰络合物,B 前2个>=90%,914665589.6600001,10,0.7518638956950745,0.9794408329420263,0.9982213370237262,千克,0.7518638956950745,瓶,0.2275769372469518,OTHER,0.018780504081699814,UNKNOWN,0.001631767562781935,套,8.77971150416307e-05
108031199,其他贵金属,B 前2个>=90%,906444212.6699997,16,0.7906060588649816,0.9306329628220693,0.986012267150283,千克,0.7906060588649816,个,0.14002690395708767,套,0.05537930432821374,OTHER,0.008560079143916195,UNKNOWN,0.0038646070889255283
109062601,装有计算和电子装置设备,B 前2个>=90%,896164080.2000002,20,0.8717212042192718,0.9671832433258911,0.9814223915264664,个,0.8717212042192718,套,0.09546203910661938,UNKNOWN,0.014239148200575244,OTHER,0.005977994586442697,批,0.003275034756297075
109060801,汽车仪器仪表,B 前2个>=90%,895607945.2399999,18,0.7048788132633516,0.9910943769286653,0.9968139198349393,个,0.7048788132633516,套,0.28621556366531375,UNKNOWN,0.005719542906273917,副,0.0011807130626969025,次,0.0007219518355509136
109012905,热交换装置,B 前2个>=90%,892092467.6800002,14,0.7656702171427981,0.9708007554219774,0.9888423985958702,个,0.7656702171427981,套,0.2051305382791793,千克,0.018041643173892733,UNKNOWN,0.0041774221675602964,项,0.0032302762823390274
103011003,干制蔬菜（脱水蔬菜）,B 前2个>=90%,890401980.2199998,16,0.6900019881112568,0.9532296194245766,0.9630601010771863,UNKNOWN,0.6900019881112568,千克,0.26322763131331983,箱,0.00983048165260964,OTHER,0.009010656589080873,卷,0.006699875261425226
109060702,气体或烟雾分析、检测仪器,B 前2个>=90%,887321714.1400001,20,0.5294180932620357,0.9462581302360914,0.9667171229562174,个,0.5294180932620357,套,0.4168400369740557,千克,0.020458992720126013,UNKNOWN,0.012743823665985327,盒,0.007357500877038099
106040801,供儿童乘骑带轮玩具,B 前2个>=90%,878045827.8000007,18,0.7347762076001293,0.9438335047686904,0.9789294034044267,个,0.7347762076001293,箱,0.20905729716856114,批,0.03509589863573631,千克,0.008549106552681913,UNKNOWN,0.0056605994956474715
109010501,组合机床,B 前2个>=90%,876913288.0299995,21,0.8364575478127618,0.949313619936297,0.9603048903749658,个,0.8364575478127618,套,0.1128560721235352,批,0.010991270438668809,千克,0.010230813619160348,UNKNOWN,0.009726343843142006
105010303,刨花板,B 前2个>=90%,858852579.7099998,14,0.7426999729748531,0.9366705718129582,0.9640613526591232,个,0.7426999729748531,立方米,0.19397059883810502,平方米,0.027390780846164926,千克,0.015552968932701307,套,0.011103442098549673
108041202,铜丝绞线、缆、编带,B 前2个>=90%,854756759.8800004,17,0.6708126574167107,0.908454850452443,0.9636241960644277,千克,0.6708126574167107,千米,0.23764219303573228,个,0.055169345611984714,箱,0.013856006323556559,卷,0.00813132108013484
108031403,稀有稀土金属合金,B 前2个>=90%,843757617.15,11,0.8697062494779754,0.9891211952776147,0.9938682559483427,千克,0.8697062494779754,个,0.11941494579963924,UNKNOWN,0.004747060670728074,套,0.004294626307777446,批,0.0011396874889830438
107021901,水处理剂,B 前2个>=90%,836991381.0300002,21,0.8868868762501552,0.915031549222786,0.9392018111615703,千克,0.8868868762501552,桶,0.02814467297263083,套,0.024170261938784406,个,0.02301144685181609,批,0.010214704074346445
109050801,广播电视节目制作及播控设备,B 前2个>=90%,836616978.3400003,17,0.838089136119647,0.9640964289900021,0.976023527337682,个,0.838089136119647,套,0.12600729287035517,UNKNOWN,0.01192709834767994,批,0.011195706903516196,项,0.0052944079724376565
109010699,其他金属成形机床,B 前2个>=90%,832812469.33,12,0.7910383305139459,0.976948833120325,0.9965159615077157,千克,0.7910383305139459,个,0.18591050260637912,套,0.01956712838739071,副,0.0021632099258184143,UNKNOWN,0.0005134985554959858
109060104,工业自动调节仪表与控制系统零件、附件,B 前2个>=90%,829365924.3000001,21,0.6540855437819679,0.9293152535902902,0.9629942053431914,个,0.6540855437819679,套,0.2752297098083223,UNKNOWN,0.033678951752901184,OTHER,0.00951943613630329,千克,0.007930034990949289
108031402,硬质合金,B 前2个>=90%,828880619.9299996,17,0.5586803306718736,0.9854027614000411,0.9898791193106813,个,0.5586803306718736,千克,0.4267224307281675,批,0.00447635791064019,套,0.004412604918074794,OTHER,0.002874905170543431
102050202,天然花岗石荒料,B 前2个>=90%,821067826.32,17,0.8128602192602353,0.9003413428136091,0.954314983101797,千克,0.8128602192602353,立方米,0.08748112355337384,平方米,0.05397364028818787,千米,0.01287196729820585,批,0.010340082704313849
104030501,钱包及类似物品,B 前2个>=90%,819193748.4399941,13,0.870975413446112,0.9764146459530565,0.9902094817553561,个,0.870975413446112,千克,0.10543923250694458,套,0.013794835802299548,UNKNOWN,0.006808348270016833,千米,0.0017828203191018123
109012003,液压辅件,B 前2个>=90%,816305850.6600007,21,0.8355584676362805,0.9157174304405958,0.943960097648432,个,0.8355584676362805,套,0.08015896280431536,千克,0.028242667207836157,千米,0.021410913281913614,批,0.017811769226257806
109012002,液压系统及装置,B 前2个>=90%,805674708.2299998,16,0.4858384859193782,0.9686555213263679,0.9818266548019525,套,0.4858384859193782,个,0.4828170354069896,OTHER,0.013171133475584592,UNKNOWN,0.010639853047928666,项,0.002897786868758836
109041001,光纤,B 前2个>=90%,804618447.1199999,18,0.7293830343445683,0.9138399911434535,0.9598739667906411,千米,0.7293830343445683,个,0.18445695679888519,OTHER,0.04603397564718762,套,0.013498074719607109,项,0.005184108436651226
109042107,家用型过滤、净化装置零件,B 前2个>=90%,796028806.8699999,16,0.8254279329709051,0.9526794467550572,0.9940364080181141,个,0.8254279329709051,UNKNOWN,0.12725151378415217,套,0.0413569612630569,盒,0.0021793478138327164,千克,0.0019871363151036416
110020204,民用液化石油气,B 前2个>=90%,794943484.8500003,11,0.7759737573374743,0.9730872680288248,0.9877384377810968,千克,0.7759737573374743,OTHER,0.19711351069135055,瓶,0.014651169752271976,立方米,0.008365098911722968,UNKNOWN,0.0022230228106510652
108012902,普通磨料,B 前2个>=90%,792633263.0599998,19,0.7924172727690019,0.9316124234545319,0.9469493242086954,千克,0.7924172727690019,个,0.13919515068552998,瓶,0.015336900754163515,桶,0.009051771638123766,包,0.00785178013596547
109020105,矿物粉磨机械,B 前2个>=90%,791644927.3799999,14,0.8506536422695369,0.9023085643257369,0.9525830432410748,个,0.8506536422695369,千克,0.0516549220562,OTHER,0.050274478915337886,套,0.04445420656767173,UNKNOWN,0.0014982969245132891
108032499,其他稀有稀土金属压延加工材,B 前2个>=90%,784228350.5600001,10,0.5322032577016198,0.9758830919508399,0.9891455735769797,个,0.5322032577016198,千克,0.4436798342492201,套,0.013262481626139898,UNKNOWN,0.006035230384900355,平方米,0.004573440972184788
104020407,靴鞋零件、护腿及类似品,B 前2个>=90%,782300909.5500008,21,0.888721574732573,0.9261287387442232,0.9539541687600485,个,0.888721574732573,千克,0.03740716401165019,OTHER,0.02782543001582527,千米,0.018684324000604755,套,0.008953843609908651
101030399,其他畜禽产品,B 前2个>=90%,780837749.9000001,13,0.8561929494899796,0.9278754665649651,0.9722444456575319,千克,0.8561929494899796,个,0.07168251707498549,副,0.04436897909256678,批,0.009295800492393686,OTHER,0.008489342838315556
108012799,其他炭素产品,B 前2个>=90%,776042766.3799998,17,0.7969375083088703,0.97279551069269,0.9890175052081773,千克,0.7969375083088703,个,0.17585800238381966,套,0.016221994515487368,OTHER,0.00592404275790758,立方米,0.001891326178899394
109051305,安全智能卡类设备,B 前2个>=90%,764305502.0600001,17,0.7628633351827268,0.9237862151024694,0.9568979442366832,个,0.7628633351827268,套,0.16092287991974263,UNKNOWN,0.03311172913421379,批,0.02181369730436819,OTHER,0.01323924425864678
109040803,电力集成电路,B 前2个>=90%,761681333.9200003,20,0.8881377755031753,0.9372872114586742,0.9732901703586494,个,0.8881377755031753,套,0.04914943595549888,UNKNOWN,0.036002958899975124,OTHER,0.009248172163740919,千克,0.0077973517736536595
109069900,其他仪器仪表及文化、办公用机械,B 前2个>=90%,760438599.6099999,23,0.6889111194627356,0.9009077503579567,0.9410853120646734,个,0.6889111194627356,套,0.211996630895221,UNKNOWN,0.04017756170671669,千克,0.021184930746890183,批,0.012573579819466949
109011305,工业车辆专用配套件,B 前2个>=90%,756355983.7899997,25,0.6976683347117011,0.9379168367457016,0.9577577478664188,个,0.6976683347117011,套,0.2402485020340005,批,0.019840911120717196,副,0.010283656527743648,千克,0.009816259220686508
101040200,海水虾,B 前2个>=90%,748990261.7000005,13,0.8601671780187312,0.9029345219856548,0.9356930390914854,千克,0.8601671780187312,盒,0.042767343966923554,箱,0.032758517105830595,个,0.028368620643709493,UNKNOWN,0.009697473253543117
109030101,铁路机车,B 前2个>=90%,745204831.22,15,0.7753013334523507,0.9049044167038163,0.988740248333786,个,0.7753013334523507,OTHER,0.12960308325146555,套,0.08383583162996981,千克,0.0073832605204563985,UNKNOWN,0.0019306044992283028
106040702,西乐器,B 前2个>=90%,742387162.4300009,15,0.8853635334945269,0.932085697232468,0.9628919263907698,个,0.8853635334945269,箱,0.046722163737941136,OTHER,0.030806229158301772,套,0.01965907356510373,副,0.007720279148200401
109013005,离心、过滤、净化机设备及其零件,B 前2个>=90%,727076127.6899997,23,0.8082112840879097,0.9352331792413383,0.9533094072448021,个,0.8082112840879097,套,0.12702189515342865,项,0.01807622800346381,千克,0.015511631286577753,批,0.0070595176963208625
109025311,防盗、防火报警器及类似装置,B 前2个>=90%,726078791.1199995,23,0.768608050910231,0.9152624912991963,0.9410545523937133,个,0.768608050910231,套,0.14665444038896536,UNKNOWN,0.025792061094516896,平方米,0.01687250839692315,OTHER,0.013886485273102583
109013203,风动和电动工具零件,B 前2个>=90%,715479336.6699985,22,0.8654859653558523,0.9513927668381562,0.970056712609324,个,0.8654859653558523,套,0.08590680148230385,副,0.018663945771167825,千克,0.01288600966858167,批,0.008619911482984704
109060101,工业自动调节仪表,B 前2个>=90%,714990790.5999999,20,0.7935210599760137,0.9525900796966154,0.9721105840212763,个,0.7935210599760137,套,0.15906901972060158,批,0.01952050432466088,UNKNOWN,0.007799869387576417,OTHER,0.006434215252114607
109024205,医用电气诊断仪器及装置,B 前2个>=90%,711389662.4699999,19,0.4559134175831204,0.9073882385200132,0.9630690366812746,套,0.4559134175831204,个,0.45147482093689273,UNKNOWN,0.05568079816126149,盒,0.023505200387565595,批,0.005375823745767848
109052299,其他家用音视频设备,B 前2个>=90%,706326943.3300009,21,0.8255239658578014,0.9859236614235247,0.9911682335228639,个,0.8255239658578014,套,0.16039969556572325,UNKNOWN,0.005244572099339111,批,0.0023831357360716778,千克,0.0019434821975333443
109011201,桥式起重机,B 前2个>=90%,704382955.5199999,12,0.8455768812723471,0.9308360667613901,0.9547374639460668,个,0.8455768812723471,套,0.08525918548904302,千克,0.02390139718467673,千米,0.017555953140392086,批,0.010036852204609122
109020308,混凝土机械,B 前2个>=90%,692045314.85,17,0.8055359118511342,0.9368987902194451,0.9568302792477174,个,0.8055359118511342,套,0.13136287836831093,UNKNOWN,0.019931489028272263,千克,0.01740981480759171,立方米,0.01671164009326
109060202,压力测量仪表,B 前2个>=90%,689691586.1400013,22,0.8901612232882562,0.9696919447328782,0.9790936540770369,个,0.8901612232882562,套,0.07953072144462203,批,0.009401709344158576,千米,0.007897292934199095,UNKNOWN,0.007765628141087401
103010504,植物油脂加工产品,B 前2个>=90%,685868847.19,15,0.8650062406547075,0.9402465062119276,0.950691647144266,千克,0.8650062406547075,箱,0.07524026555722008,桶,0.010445140932338368,OTHER,0.009855735943824563,瓶,0.00935190746201531
109024213,医用化验和基础设备器具,B 前2个>=90%,685280002.7599993,20,0.7360954196655038,0.9489186953668346,0.9706178013674628,个,0.7360954196655038,套,0.21282327570133072,盒,0.021699106000628184,UNKNOWN,0.007962623085487924,箱,0.006156954300441877
109020702,反应器（釜）,B 前2个>=90%,674224671.0799999,17,0.8151997251592474,0.9907710309828432,0.9952446243255023,个,0.8151997251592474,套,0.17557130582359587,OTHER,0.0044735933426590865,批,0.0019530826540219463,千克,0.0012794136539356136
109060701,水污染监测仪器,B 前2个>=90%,672826606.729999,18,0.8109684207820891,0.9703600157150105,0.9819784128351723,套,0.8109684207820891,个,0.1593915949329214,UNKNOWN,0.011618397120161716,次,0.00751108970639742,批,0.003356661578792621
106051205,伞、手杖、鞭子、马鞭及其零件,B 前2个>=90%,671051573.5100023,19,0.8512539897672824,0.9503736841181795,0.9665796118282021,个,0.8512539897672824,OTHER,0.0991196943508971,套,0.016205927710022577,千克,0.016130177988232765,UNKNOWN,0.010792874327254743
109042199,其他家用电力器具专用配件,B 前2个>=90%,664777467.9900013,19,0.8719714442528607,0.9740753137555811,0.9836518288099327,个,0.8719714442528607,套,0.10210386950272043,千克,0.00957651505435162,千米,0.0032443240991923013,UNKNOWN,0.003128269157930122
109060301,电能表,B 前2个>=90%,661868625.1800001,18,0.8123154494047564,0.9464329514480945,0.9741032580667521,个,0.8123154494047564,套,0.13411750204333803,OTHER,0.02767030661865766,千瓦时,0.015512206500508769,UNKNOWN,0.00453789494732913
109012907,冷却设备,B 前2个>=90%,661294607.82,21,0.6819448404949796,0.9485913661052359,0.9584875097794957,个,0.6819448404949796,套,0.26664652561025626,千克,0.009896143674259786,UNKNOWN,0.00786630389615385,项,0.007465721482706887
106050999,其他珠宝首饰,B 前2个>=90%,637138055.2100064,10,0.7529734958962342,0.9356355262809046,0.9582530518739257,个,0.7529734958962342,千克,0.1826620303846704,副,0.022617525593021083,UNKNOWN,0.01640404897264384,批,0.01561789051624007
109060601,试验机,B 前2个>=90%,634341355.0200009,21,0.8173376083191888,0.9802747614183134,0.9864180405836409,个,0.8173376083191888,套,0.16293715309912454,千克,0.0061432791653275205,UNKNOWN,0.004035976276399757,OTHER,0.003918285510364732
109060205,显示仪表、记录仪,B 前2个>=90%,629793213.2700002,18,0.7969368538031976,0.9195399525236297,0.9561434349592479,个,0.7969368538031976,套,0.12260309872043215,UNKNOWN,0.0366034824356182,千克,0.024434391075920835,OTHER,0.011776041839975285
107030104,维生素类,B 前2个>=90%,627946081.95,16,0.8525341268275111,0.9401485396273359,0.9649186465315757,千克,0.8525341268275111,盒,0.0876144127998249,批,0.024770106904239756,瓶,0.01833839087623596,个,0.010089575446231507
109041101,电气绝缘子,B 前2个>=90%,624805791.56,17,0.7983464616174243,0.9476276465390963,0.9666276858318819,个,0.7983464616174243,千克,0.149281184921672,套,0.019000039292785587,OTHER,0.013730039071150625,千米,0.011400610311589857
108040703,理发用手工具,B 前2个>=90%,623145242.2600008,16,0.8385810543057458,0.9142715474545652,0.979900262040717,个,0.8385810543057458,盒,0.07569049314881936,箱,0.06562871458615178,UNKNOWN,0.010550545706095354,OTHER,0.006400526730389215
109042699,其他具有独立功能电气设备及装置,B 前2个>=90%,614625837.8,18,0.5711109511543544,0.9269741973252267,0.955519076617641,个,0.5711109511543544,套,0.3558632461708723,千克,0.02854487929241429,千米,0.019448637032225984,OTHER,0.011051580396153662
109060511,分析仪器及装置零件、附件,B 前2个>=90%,612085415.0999998,22,0.5904954562607088,0.9254572646653478,0.9416070709115644,个,0.5904954562607088,套,0.33496180840463907,包,0.016149806246216522,盒,0.015386897755865188,批,0.009817429188405443
109061908,光学仪器零件、附件,B 前2个>=90%,610183093.1200001,20,0.8388285616418096,0.9317547284421226,0.9610215472402108,个,0.8388285616418096,套,0.0929261668003129,UNKNOWN,0.029266818798088182,批,0.02810758456499398,平方米,0.005803080124515396
109062403,幻灯及投影设备附件、零件,B 前2个>=90%,606253860.0500002,15,0.8904723908817281,0.9532425353008688,0.9765527570103594,个,0.8904723908817281,套,0.06277014441914064,副,0.023310221709490566,批,0.007990518113320504,OTHER,0.006649982269255159
108012703,炭素新材料,B 前2个>=90%,602824643.07,16,0.8594597162310066,0.9179210604131616,0.9555794267241153,千克,0.8594597162310066,个,0.058461344182155,平方米,0.037658366310953734,千米,0.03449397016038281,UNKNOWN,0.003413510070723924
104020501,帽子,B 前2个>=90%,601988991.2799994,19,0.7920068066630775,0.9617004524933644,0.9803615128494912,个,0.7920068066630775,OTHER,0.16969364583028693,UNKNOWN,0.018661060356126837,千米,0.0059183302711641635,套,0.005139075389770813
108041101,铁丝,B 前2个>=90%,600432357.4600004,20,0.8540716126281768,0.9004918087979956,0.929303278724735,千克,0.8540716126281768,个,0.04642019616981883,套,0.028811469926739327,卷,0.02284526867943454,平方米,0.018257392500253933
106040805,木制玩具,B 前2个>=90%,597873016.0300001,18,0.5362387320619811,0.96216384010737,0.9751680834191468,套,0.5362387320619811,个,0.42592510804538886,千克,0.013004243311776879,立方米,0.011115071615251736,UNKNOWN,0.004189733376216309
109040604,隔离开关,B 前2个>=90%,585140278.2800001,20,0.8171335180265998,0.9689979026852781,0.9813994809210658,个,0.8171335180265998,套,0.15186438465867824,千米,0.012401578235787688,UNKNOWN,0.006727760771437147,OTHER,0.006314226378092564
109050402,集群通信系统设备,B 前2个>=90%,583513030.5200001,10,0.7117638624108923,0.964391186857501,0.979285919374879,套,0.7117638624108923,个,0.2526273244466088,OTHER,0.014894732517377954,UNKNOWN,0.010388225048887291,批,0.007455580462570128
109061808,钟表零配件,B 前2个>=90%,572535462.1500009,15,0.858954266506477,0.9237518369847931,0.9647294052421342,个,0.858954266506477,批,0.06479757047831616,套,0.04097756825734111,千克,0.01798381365118378,UNKNOWN,0.013220167920388068
106040303,具有书写或绘画面板类教具,B 前2个>=90%,568657964.2099994,20,0.6494268592774337,0.9704022187865033,0.9821615654251984,个,0.6494268592774337,套,0.3209753595090696,盒,0.011759346638694997,OTHER,0.006583857724038469,批,0.003168595523854471
107030403,中成药糖浆,B 前2个>=90%,559708516.7500002,12,0.5239197908631787,0.9599320320508594,0.9879182413209188,盒,0.5239197908631787,瓶,0.43601224118768067,OTHER,0.027986209270059324,箱,0.0063665709800010805,千克,0.0021372517376474233
105010304,细木工板,B 前2个>=90%,556292083.1999999,16,0.7485410470425331,0.9310178847786988,0.9687256042187011,个,0.7485410470425331,立方米,0.18247683773616574,平方米,0.03770771944000228,UNKNOWN,0.012620454275772805,千米,0.005595377184041148
405010100,出让土地使用权,B 前2个>=90%,555677677.91,9,0.8921100111210333,0.9763071161693626,0.997276369503104,平方米,0.8921100111210333,UNKNOWN,0.08419710504832938,OTHER,0.020969253333741496,月,0.001046667921208453,元,0.0007895785946454054
109020104,矿物破碎机械,B 前2个>=90%,554828576.65,13,0.6558291397444371,0.9731606151580874,0.9958079314983316,个,0.6558291397444371,套,0.3173314754136502,千克,0.022647316340244243,OTHER,0.0019144460193694318,UNKNOWN,0.00092384269947823
109024799,其他假肢、人工器官及植（介）入器械,B 前2个>=90%,547348187.2499998,15,0.6058104328544118,0.9226929542553262,0.9563062261151207,个,0.6058104328544118,盒,0.31688252140091433,套,0.0336132718597946,OTHER,0.019757762996044353,批,0.017824920456973717
109010204,摩托车用发动机,B 前2个>=90%,546889946.1,19,0.83982628745568,0.9610420420562928,0.9735771309510273,个,0.83982628745568,批,0.12121575460061286,千瓦时,0.01253508889473439,千克,0.012497228955732671,套,0.005535704160570598
304070101,广播节目制作服务,B 前2个>=90%,546638877.4300001,14,0.781441862822318,0.919235251657245,0.9440041000853991,UNKNOWN,0.781441862822318,次,0.137793388834927,个,0.02476884842815414,OTHER,0.020813394728692595,元,0.016855577567623497
107022604,日用香精,B 前2个>=90%,541722240.1700011,17,0.8238646746715477,0.9378226168461715,0.9560073477645636,千克,0.8238646746715477,瓶,0.11395794217462388,盒,0.018184730918392168,箱,0.013542238523745682,个,0.01027828580243019
109051302,边界防护类设备,B 前2个>=90%,541381364.0999999,20,0.5756048398120321,0.9691573951797208,0.9793324106591648,个,0.5756048398120321,套,0.39355255536768863,UNKNOWN,0.010175015479443987,项,0.008434978118597565,OTHER,0.0028342136647994754
106041001,电子游戏机,B 前2个>=90%,539404060.03,16,0.7903565570980117,0.9907668502908136,0.9960393674643807,个,0.7903565570980117,套,0.20041029319280187,批,0.005272517173567111,UNKNOWN,0.002261549162110783,千瓦时,0.001279463858617631
109060201,温度测量仪表,B 前2个>=90%,533817216.2800005,19,0.8502489792909383,0.9599674305206544,0.9742598601151283,个,0.8502489792909383,套,0.10971845122971602,OTHER,0.014292429594473988,UNKNOWN,0.010129488025286426,千克,0.007224424002048592
109050201,程控交换机,B 前2个>=90%,527536587.2300001,14,0.752731077165785,0.9146326768414917,0.9499884553249056,个,0.752731077165785,套,0.1619015996757067,批,0.03535577848341383,项,0.032325863291383525,UNKNOWN,0.014928139811782431
109020209,石油钻探、开采专用设备零件,B 前2个>=90%,526791627.8799998,17,0.6862105343335968,0.9308562031697715,0.9702736876570726,个,0.6862105343335968,套,0.2446456688361747,千克,0.039417484487301126,UNKNOWN,0.01087779508391378,OTHER,0.010199087012111538
108012801,固结磨具,B 前2个>=90%,498051774.8399999,20,0.8853246024906787,0.9300345565253844,0.9523314962834396,个,0.8853246024906787,千克,0.04470995403470572,套,0.022296939758055297,箱,0.015533169945002824,平方米,0.007568503457719754
103020701,酵母,B 前2个>=90%,494229470.97999996,15,0.8573517206487006,0.9467153334102456,0.9706878758134878,千克,0.8573517206487006,箱,0.08936361276154506,袋,0.02397254240324216,千瓦时,0.013681001896937911,包,0.008280770088203855
104020119,西服套装,B 前2个>=90%,491710533.20000005,14,0.5711919747624393,0.9539511726489897,0.9733866076554488,套,0.5711919747624393,个,0.38275919788655033,OTHER,0.019435435006459195,批,0.01730654784761076,千克,0.005062859430321432
107060115,塑木（木塑）制品,B 前2个>=90%,489051270.56,18,0.6534105201977906,0.9159996933185353,0.9380218751598534,个,0.6534105201977906,千克,0.2625891731207447,千米,0.022022181841318145,平方米,0.01995103114409134,套,0.016396371858553874
108010401,石膏板,B 前2个>=90%,484092555.9400003,17,0.5689324210639917,0.9218382167506627,0.9636110293499672,平方米,0.5689324210639917,个,0.352905795686671,OTHER,0.04177281259930456,千克,0.012717304189992618,千米,0.006475735892928175
104030303,皮革作面类似箱、包容器,B 前2个>=90%,482495956.2699999,17,0.8172659267621681,0.9086449841968538,0.9394940961460341,个,0.8172659267621681,UNKNOWN,0.09137905743468563,千米,0.030849111949180236,套,0.02926843470186002,平方米,0.011036976021867461
109050301,收发合一中小型电台,B 前2个>=90%,482369812.18,7,0.8748386416489285,0.9983306893183035,0.9990283492080861,套,0.8748386416489285,个,0.12349204766937495,批,0.000697659889782699,OTHER,0.00047217921654476945,副,0.00035974473447199457
109060506,色谱仪器,B 前2个>=90%,474111479.34,21,0.5349261060775228,0.9711777607472768,0.9784269320282263,套,0.5349261060775228,个,0.436251654669754,包,0.0072491712809494785,盒,0.0069277924351722996,UNKNOWN,0.004955937163282608
109012407,联轴器,B 前2个>=90%,472500326.31999993,14,0.5918628032028149,0.9861908486268831,0.9898901932889569,套,0.5918628032028149,个,0.3943280454240682,副,0.003699344662073757,UNKNOWN,0.0033742492252169186,千克,0.002443686799102908
109022816,印染机械,B 前2个>=90%,469350137.3,18,0.8687902773944709,0.9914253911522186,0.9937635704192219,个,0.8687902773944709,套,0.12263511375774769,UNKNOWN,0.0023381792670032738,千克,0.0021743707285797357,千米,0.0015857856232483942
109011213,其他起重机,B 前2个>=90%,469275846.05000013,13,0.8916663268993749,0.9540968118403758,0.9901760472464018,个,0.8916663268993749,UNKNOWN,0.062430484941000924,套,0.03607923540602606,千米,0.002582064366191343,千克,0.0025317986638362156
109024611,体外循环设备,B 前2个>=90%,466090426.97,18,0.8375953690315289,0.968259185441386,0.9786454607645468,个,0.8375953690315289,套,0.1306638164098571,桶,0.010386275323160816,OTHER,0.00808931342896403,瓶,0.003847349990982373
109013402,灌装、装填容器用机械,B 前2个>=90%,465857856.5099999,21,0.7937079139977172,0.9287040674620735,0.9620549282297645,个,0.7937079139977172,套,0.13499615346435628,UNKNOWN,0.033350860767691046,千克,0.012036017192037292,次,0.009736390975522032
109024206,医用激光诊断、治疗仪器及设备,B 前2个>=90%,463688585.54000103,13,0.809237826876872,0.9658925749237885,0.98019717563393,个,0.809237826876872,套,0.15665474804691662,盒,0.014304600710141484,袋,0.010907570636249113,OTHER,0.0032489827159440337
109025401,道路交通安全管制设备,B 前2个>=90%,458334616.8499999,22,0.5186018085729497,0.9020562825506773,0.9288217256767304,个,0.5186018085729497,套,0.38345447397772753,千米,0.026765443126053074,批,0.02316649469545735,千克,0.015488171085107513
108012006,耐火陶瓷制品,B 前2个>=90%,458156845.08000004,18,0.4597480400914236,0.9140003347912,0.9607993163632337,千克,0.4597480400914236,个,0.45425229469977646,套,0.04679898157203365,OTHER,0.02069627657389752,立方米,0.007264134162218768
109030105,铁路货车,B 前2个>=90%,453812150.77000004,17,0.757694893331029,0.977222142834957,0.9900548311182452,个,0.757694893331029,OTHER,0.21952724950392802,千克,0.012832688283288204,UNKNOWN,0.005725288526522544,套,0.0037882618107140547
109023212,电子整机装联设备,B 前2个>=90%,451909976.0899998,18,0.8837769867475996,0.98212276942877,0.9891703656503805,个,0.8837769867475996,套,0.09834578268117032,UNKNOWN,0.007047596221610558,OTHER,0.004083720824150308,次,0.003340656502124533
109051002,网络接口和适配器,B 前2个>=90%,446979106.9899998,19,0.7623578085667068,0.9145193305626815,0.9363701664681247,个,0.7623578085667068,套,0.1521615219959747,千克,0.021850835905443143,盒,0.020380223566476032,OTHER,0.015288226369276103
106040802,填充类玩具,B 前2个>=90%,445415684.0999982,18,0.701872584890415,0.9290470363344797,0.9616907128574098,个,0.701872584890415,千克,0.2271744514440647,UNKNOWN,0.03264367652293012,套,0.027450807451259326,盒,0.004650356316449272
104010203,绒线,B 前2个>=90%,445283751.43,17,0.6493177136185087,0.9384346640721528,0.9757431522589525,千克,0.6493177136185087,千米,0.2891169504536441,个,0.03730848818679968,套,0.019094342950298746,OTHER,0.0018195333815753825
109012904,干燥、分散、混合设备及类似设备,B 前2个>=90%,436608086.42,20,0.6420836541271131,0.9435811411511419,0.9797518840466555,个,0.6420836541271131,套,0.3014974870240288,项,0.03617074289551359,千克,0.006911729795808393,UNKNOWN,0.005795856166451623
108040411,通用手工具可互换部件,B 前2个>=90%,436367928.6400009,23,0.794531755829452,0.9035428839117906,0.9516629204723216,个,0.794531755829452,套,0.10901112808233862,千克,0.04812003656053094,批,0.021605518717618608,UNKNOWN,0.006870657748254067
109012603,工业电炉,B 前2个>=90%,431672724.72999996,19,0.5407834510878851,0.9487835794493886,0.975518228499125,个,0.5407834510878851,套,0.4080001283615036,千克,0.026734649049736364,OTHER,0.009286148163535837,千米,0.00902396435270834
109061601,光学检测仪器及设备,B 前2个>=90%,428493173.0500001,20,0.7076500832946002,0.9419194147648744,0.9788015174772924,个,0.7076500832946002,套,0.23426933147027412,千米,0.03688210271241799,立方米,0.007344161186047161,批,0.00423823319534682
109024504,眼科专用仪器及器具,B 前2个>=90%,428131634.75,14,0.5584836067290867,0.9398327828892116,0.9731084560786476,套,0.5584836067290867,个,0.38134917616012487,千克,0.03327567318943604,UNKNOWN,0.010731536861747869,副,0.008597502289568898
108032202,银材,B 前2个>=90%,420036388.18999994,8,0.8694773906464488,0.9587955507031665,0.9822843844266321,千克,0.8694773906464488,套,0.08931816005671761,OTHER,0.0234888337234657,个,0.009348882121669214,盒,0.0048018887332390865
109051004,网络优化设备,B 前2个>=90%,413742929.18,15,0.7532141687294467,0.9797435501396718,0.9949835239139592,个,0.7532141687294467,套,0.22652938141022516,UNKNOWN,0.01523997377428728,项,0.0019834477694311956,千米,0.001121203450943287
109021499,其他食品制造机械,B 前2个>=90%,412737930.8400001,19,0.7135394481932563,0.9449162689658067,0.9632070199870074,个,0.7135394481932563,套,0.2313768207725504,批,0.018290751021200712,UNKNOWN,0.017458108067109773,次,0.006622362026279522
106040601,运动用球,B 前2个>=90%,412200220.0100011,18,0.5623359794285824,0.9479997297927694,0.9689878238306379,个,0.5623359794285824,OTHER,0.38566375036418693,套,0.020988094037868534,桶,0.011886171263763819,盒,0.009478933878068281
106010106,再生纸浆,B 前2个>=90%,411515058.4500001,19,0.8283866978136825,0.9218127903722644,0.9490494833433961,千克,0.8283866978136825,个,0.09342609255858197,箱,0.02723669297113178,令,0.012558825743743568,批,0.009194986847509854
109041599,其他家用空气调节器,B 前2个>=90%,408839264.0900002,11,0.5428060772097157,0.9062043521300376,0.972105133039547,个,0.5428060772097157,套,0.3633982749203219,UNKNOWN,0.06590078090950947,批,0.026014778286213392,项,0.0006519744638355531
108041199,其他金属丝,B 前2个>=90%,408093653.0399998,18,0.8200667992677585,0.9275821244465585,0.9576436929336272,千克,0.8200667992677585,个,0.10751532517880007,千米,0.030061568487068688,OTHER,0.018203190872149826,卷,0.009836360918866208
109012906,加热设备,B 前2个>=90%,403055920.50999945,20,0.7242946860093498,0.9287780166988322,0.9634578707555926,个,0.7242946860093498,套,0.20448333068948243,千米,0.0346798540567604,千克,0.019045971438123435,OTHER,0.005029335054637187
110020101,焦炉煤气,B 前2个>=90%,400830806.71000004,8,0.7832825155755853,0.9828192080431022,0.9995930847697592,立方米,0.7832825155755853,OTHER,0.19953669246751693,千克,0.01677387672665695,瓶,0.0003091904811839107,平方米,4.740164598612421e-05
109060599,其他分析仪器及装置,B 前2个>=90%,399837719.45,22,0.6542734823013957,0.9377305550505635,0.9621714590339158,个,0.6542734823013957,套,0.2834570727491678,UNKNOWN,0.024440903983352292,包,0.009496112911065174,盒,0.009442005609658594
109060103,楼宇控制系统,B 前2个>=90%,396942652.24999994,17,0.6859954045918479,0.9312511419588823,0.9586990479176958,个,0.6859954045918479,套,0.2452557373670343,批,0.027447905958813478,项,0.012373620779120999,UNKNOWN,0.009000696901047123
107050103,橡胶内胎,B 前2个>=90%,396898785.74,17,0.8307560224333782,0.9877650834306632,0.9971820772192217,个,0.8307560224333782,千克,0.15700906099728495,套,0.00941699378855852,千米,0.0007076829410710204,UNKNOWN,0.0005791308974942897
104030503,专门技术用途皮革制品,B 前2个>=90%,393471136.54999995,16,0.775481541684128,0.9551681483560144,0.9804033613555281,平方米,0.775481541684128,个,0.17968660667188643,千米,0.025235212999513725,千克,0.007703508030035197,套,0.006317106184189307
107020206,含不同卤素无环烃卤化衍生物,B 前2个>=90%,389210473.98999995,18,0.8102562741877871,0.9535325813188043,0.9661631161027328,千克,0.8102562741877871,瓶,0.14327630713101713,OTHER,0.012630534783928516,罐,0.01199382514592847,个,0.005991004728356592
108031404,贵金属合金,B 前2个>=90%,387083397.4400002,13,0.715406676575232,0.9079255062198207,0.9444597051380061,千克,0.715406676575232,个,0.19251882964458866,平方米,0.03653419891818544,卷,0.03323420718914726,OTHER,0.018052056859615428
103010702,动物肠衣,B 前2个>=90%,386696506.0,12,0.8276418594276101,0.9158866561881994,0.9483246347459886,个,0.8276418594276101,副,0.08824479676058929,千克,0.032437978557789196,OTHER,0.0274462508332051,千米,0.012731621190288178
109013404,包装专用设备零件,B 前2个>=90%,385644565.23000014,21,0.5569384193237734,0.9167015576095534,0.9413554612483344,个,0.5569384193237734,套,0.35976313828577994,千克,0.024653903638780953,OTHER,0.01591465321529846,千米,0.009834523890510573
108020402,铸铁直管,B 前2个>=90%,385520253.8200001,13,0.6219360670009013,0.9146501081746978,0.9915049400711146,千克,0.6219360670009013,千米,0.2927140411737965,个,0.07685483189641669,OTHER,0.003121055218442011,批,0.001666191422201943
109013501,工业用衡器,B 前2个>=90%,384503618.87000006,19,0.8089963462350911,0.9551202022734815,0.969846708818832,个,0.8089963462350911,套,0.14612385603839034,千克,0.014726506545350473,OTHER,0.008429912232102783,UNKNOWN,0.007390557358995292
109012302,滑动轴承,B 前2个>=90%,382764006.9799997,19,0.7145459430418462,0.9464049946026614,0.9611637277306045,个,0.7145459430418462,套,0.23185905156081527,千克,0.014758733127943187,批,0.012489486087571952,OTHER,0.010385540979582525
107030302,动物类饮片,B 前2个>=90%,381636302.21999997,12,0.8763185494004968,0.9306272547029921,0.9507727369206874,千克,0.8763185494004968,盒,0.05430870530249527,袋,0.02014548221769529,个,0.015938503320089104,UNKNOWN,0.0154777040224934
104019905,图案花边,B 前2个>=90%,376729914.7000004,13,0.858655092302921,0.9444858306602644,0.9880864006683036,千米,0.858655092302921,千克,0.08583073835734334,个,0.043600570008039186,OTHER,0.0052258369011331345,套,0.0024176315032621936
109060502,光学分析仪器,B 前2个>=90%,374779215.18,20,0.5543611862792737,0.985739387848835,0.9919678013932705,个,0.5543611862792737,套,0.43137820156956125,UNKNOWN,0.006228413544435449,OTHER,0.003585366918906199,批,0.002621586950941541
109050803,应用广播电视设备,B 前2个>=90%,362564426.6499997,16,0.6890362747340423,0.9356571274364983,0.9631516027001267,个,0.6890362747340423,套,0.24662085270245604,UNKNOWN,0.027494475263628318,项,0.008781578489148236,批,0.008567285457926496
109024502,内窥镜,B 前2个>=90%,359693138.08,11,0.60350206926027,0.9263683719645787,0.9588514605560584,个,0.60350206926027,套,0.3228663027043087,OTHER,0.032483088591479754,盒,0.02504920838383095,批,0.011059072244840196
109020305,桩工机械,B 前2个>=90%,359422003.53999996,13,0.6708135983198577,0.9217080973817778,0.9495594801335463,个,0.6708135983198577,套,0.2508944990619202,千克,0.02785138275176841,UNKNOWN,0.026109805013525302,批,0.01453655354580577
109061699,其他光学、电子测量仪器,B 前2个>=90%,359147354.46,15,0.7123981453091723,0.9656916174183532,0.9839479806034821,个,0.7123981453091723,套,0.25329347210918085,批,0.018256363185128948,OTHER,0.007735932606763605,UNKNOWN,0.00507911217317115
108032102,钛材,B 前2个>=90%,353649971.07000005,10,0.8192601192455683,0.936369258501803,0.961675744072612,千克,0.8192601192455683,个,0.11710913925623467,副,0.025306485570809067,套,0.016078327767979704,批,0.015836809778478456
105010403,指接材,B 前2个>=90%,352317154.71999997,15,0.6998885790445509,0.9312615424609489,0.953566714022196,立方米,0.6998885790445509,个,0.23137296341639801,平方米,0.022305171561246992,OTHER,0.012699159919010375,套,0.012424240322554795
102050405,其他砂石骨料,B 前2个>=90%,351620091.76000005,17,0.8034526242966477,0.9622882053365404,0.9859061451090728,千克,0.8034526242966477,立方米,0.15883558103989268,UNKNOWN,0.023617939772532407,个,0.006553356830282626,袋,0.0017274257479421343
102050900,天然石墨,B 前2个>=90%,350747465.0099997,16,0.7816671755908017,0.9887473615813945,0.9926506376890664,千克,0.7816671755908017,个,0.20708018599059289,包,0.00390327610767185,平方米,0.003531133004666733,千米,0.0016955903016520578
109025309,安全检查仪器,B 前2个>=90%,349064564.15,17,0.501968148318558,0.9485623445229336,0.9691905271273007,个,0.501968148318558,套,0.44659419620437574,UNKNOWN,0.02062818260436706,OTHER,0.019602895918875242,批,0.006036392164672841
109020902,挤塑机,B 前2个>=90%,345098120.53,10,0.5183864116827273,0.9749198068459269,0.984660595334828,个,0.5183864116827273,套,0.4565333951631997,批,0.009740788488901019,千克,0.007920842906365163,OTHER,0.004989660324302781
107020205,无环烃氟化、溴化或碘化衍生物,B 前2个>=90%,343852280.8500001,15,0.8266049620708806,0.908113687476795,0.956777001672752,千克,0.8266049620708806,瓶,0.08150872540591436,罐,0.04866331419595699,个,0.021208152500757207,OTHER,0.012416035715820667
109050802,广播电视发射及传输设备,B 前2个>=90%,342017874.7099999,14,0.5760406481007805,0.9682373086517446,0.9825871463734177,个,0.5760406481007805,套,0.3921966605509641,批,0.014349837721673038,千米,0.006120036626082221,千克,0.004109697486401296
109020405,建筑卫生陶瓷机械,B 前2个>=90%,340751903.2399999,14,0.8506015406929529,0.9461633830785116,0.9603815752116531,个,0.8506015406929529,套,0.09556184238555862,平方米,0.014218192133141619,UNKNOWN,0.011057233618285223,千米,0.010711305337682261
103011106,果核及核仁,B 前2个>=90%,340235688.96999997,14,0.587111795457805,0.9386178940156937,0.9647801178757099,箱,0.587111795457805,千克,0.3515060985578888,盒,0.026162223860016248,袋,0.011514146213936498,OTHER,0.008896707365307878
109011109,轻小型起重设备配套件,B 前2个>=90%,334288041.1499999,20,0.6563895428180798,0.9002830891726621,0.9540360327364944,个,0.6563895428180798,套,0.24389354635458232,千克,0.05375294356383232,千米,0.028371001539191608,UNKNOWN,0.006585080945244579
106051208,打火机及其零件,B 前2个>=90%,332035471.7599997,15,0.8928118912074395,0.943894950677242,0.9745354394059695,个,0.8928118912074395,箱,0.05108305946980252,OTHER,0.030640488728727537,套,0.016732148136316353,千克,0.004320767514372638
109041699,其他家用通风电器具,B 前2个>=90%,329748722.6799998,16,0.8319300347562457,0.935291076106133,0.9764455963411345,个,0.8319300347562457,套,0.10336104134988736,UNKNOWN,0.04115452023500147,千米,0.009555689024026402,批,0.008151535745624381
109062102,电影放映机,B 前2个>=90%,326207846.62,7,0.6955811762379857,0.9851831813057814,0.9942786093610614,个,0.6955811762379857,套,0.2896020050677958,笔,0.009095428055279929,批,0.003969861587997138,UNKNOWN,0.0011502175802566843
107021703,火工产品,B 前2个>=90%,322863240.41,15,0.508819880551852,0.9748773783918548,0.9862685242074318,OTHER,0.508819880551852,千克,0.46605749784000283,千米,0.011391145815576991,批,0.005072492854622526,箱,0.0031324425435230673
104020404,塑料鞋,B 前2个>=90%,322652585.97000533,19,0.8377489821362638,0.9691105745517672,0.9810937571082505,个,0.8377489821362638,千克,0.13136159241550333,OTHER,0.011983182556483308,批,0.00962026648777133,UNKNOWN,0.004462787383746117
108040799,其他刀剪及类似日用金属工具,B 前2个>=90%,321718788.1900002,18,0.5847749764583001,0.9382514365363464,0.9597610423288224,个,0.5847749764583001,套,0.35347646007804623,千克,0.021509605792476037,OTHER,0.020743400960651238,箱,0.0082684992535437
110020199,其他煤气,B 前2个>=90%,320822527.8900001,12,0.4940958256034645,0.9626988035138757,0.9874118461800018,立方米,0.4940958256034645,千克,0.46860297791041117,UNKNOWN,0.02471304266612609,项,0.0054547291660267064,瓶,0.00430809307279659
109010203,船舶用发动机,B 前2个>=90%,318445469.94,19,0.8341042097098955,0.9563065534183243,0.9791133067107118,个,0.8341042097098955,套,0.12220234370842878,批,0.02280675329238756,千克,0.005197571911799701,OTHER,0.004119615268030589
107030411,药酒,B 前2个>=90%,315712542.43000007,10,0.7199261566568733,0.9628263502942642,0.9966194656006209,盒,0.7199261566568733,瓶,0.24290019363739096,OTHER,0.033793115306356654,个,0.002823868805268231,UNKNOWN,0.00027566833211669685
107040305,丙纶纤维,B 前2个>=90%,313316849.0799999,14,0.8499648752116832,0.9821459031442905,0.9874230508778228,千克,0.8499648752116832,个,0.13218102793260736,UNKNOWN,0.00527714773353229,平方米,0.004896228991528962,立方米,0.00218205328569941
109024210,病人监护设备及器具,B 前2个>=90%,311927085.13,18,0.5753040667347321,0.9459265259284217,0.966762633274763,个,0.5753040667347321,套,0.3706224591936897,箱,0.020836107346341233,副,0.011365011148430885,批,0.008792262425229942
109060605,环境试验设备,B 前2个>=90%,310864478.7800001,20,0.7011293807043438,0.9589931210538162,0.977661966728227,个,0.7011293807043438,套,0.25786374034947235,UNKNOWN,0.018668845674410888,批,0.0053551953138336605,OTHER,0.0050180838805451876
109010601,锻造机及冲压机,B 前2个>=90%,309354633.1699999,16,0.8953619070181776,0.9717909228622916,0.9810396270781672,个,0.8953619070181776,套,0.07642901584411402,千克,0.00924870421587551,OTHER,0.006399128921118012,UNKNOWN,0.005898511204767551
109032803,非机械驱动车辆零件,B 前2个>=90%,308229959.93999994,14,0.6797033898676892,0.9667915209735208,0.9931691202555071,千克,0.6797033898676892,个,0.28708813110583165,套,0.026377599281986273,批,0.005130738492480889,UNKNOWN,0.0005141434337883593
109050704,雷达及无线电导航设备零件,B 前2个>=90%,307926168.25,14,0.5591131042822632,0.9688062987482065,0.9940879745935656,个,0.5591131042822632,套,0.4096931944659432,UNKNOWN,0.025281675845359074,项,0.0025570350336732058,批,0.0025414874755452033
107030707,血液制品,B 前2个>=90%,307627614.26,12,0.8615067144980303,0.922141155605892,0.9443369527433658,瓶,0.8615067144980303,盒,0.060634441107861814,OTHER,0.02219579713747379,套,0.01866826134518032,个,0.018220409027593646
109060304,电磁参数测量仪器仪表,B 前2个>=90%,306873970.7299997,18,0.8725130903186914,0.9798593938896238,0.9906319136055712,个,0.8725130903186914,套,0.10734630357093249,UNKNOWN,0.010772519715947441,份,0.004820733724925792,盒,0.0014584219669571594
109032801,手推车,B 前2个>=90%,306688959.2299998,16,0.7342149000255681,0.9265781729262939,0.9786579444645371,个,0.7342149000255681,箱,0.19236327290072572,UNKNOWN,0.052079771538243294,套,0.013726537990051671,OTHER,0.00462428104213695
109042407,自供能源灯具,B 前2个>=90%,306476125.2700001,16,0.6589740105924305,0.9511754834187578,0.9746202846203845,个,0.6589740105924305,套,0.2922014728263273,UNKNOWN,0.023444801201626723,OTHER,0.013687837890485863,千克,0.005381855890232554
109024202,X射线附属设备及部件,B 前2个>=90%,306310483.49,17,0.6050252551217374,0.9523067345147626,0.9712243292505927,个,0.6050252551217374,套,0.3472814793930251,UNKNOWN,0.018917594735830108,盒,0.01820183434949923,OTHER,0.0033098923629660847
104020104,男睡衣,B 前2个>=90%,305052091.44999987,10,0.5626720809030531,0.9929484164498752,0.9950983171664467,套,0.5626720809030531,个,0.4302763355468221,UNKNOWN,0.002149900716571535,包,0.0016555997292114293,OTHER,0.001517080239641151
109020106,矿物筛分、洗选设备,B 前2个>=90%,304304887.37,18,0.7216430536752834,0.9152489199141842,0.9465456790701429,个,0.7216430536752834,套,0.19360586623890083,OTHER,0.03129675915595861,批,0.025139523936394674,千克,0.014596092354571506
104020125,特种服装,B 前2个>=90%,301269500.1700001,20,0.5394417741201647,0.9445786928295816,0.9628982149082709,套,0.5394417741201647,个,0.405136918709417,副,0.01831952207868928,OTHER,0.009237557032589138,千克,0.0061552245712015695
107021704,爆破器材,B 前2个>=90%,300697510.44,15,0.7129974786498269,0.9410264282732117,0.9711878618904338,千克,0.7129974786498269,OTHER,0.22802894962338477,箱,0.03016143361722207,个,0.013390354293616347,UNKNOWN,0.006882862205847799
301040201,国内气体管道运输服务,B 前2个>=90%,296685067.94,12,0.7152648967925676,0.9834731960929304,0.9925101591548605,立方米,0.7152648967925676,UNKNOWN,0.26820829930036283,平方米,0.009036963061930093,瓶,0.0021267999915911104,个,0.0014567157120539782
109042207,非电力家用器具零件,B 前2个>=90%,293882572.2400001,18,0.7529733412340165,0.9320406985423765,0.9638006969623495,个,0.7529733412340165,套,0.17906735730836,瓦,0.03175999841997298,UNKNOWN,0.0159894429403678,千克,0.005286796349159378
109050703,无线电遥控设备,B 前2个>=90%,292418620.53000003,12,0.8573912435042017,0.9796591031404931,0.9963688747724905,个,0.8573912435042017,套,0.1222678596362914,UNKNOWN,0.016709771631997376,盒,0.0021159877195184302,OTHER,0.0011480935085170377
109060603,动力测试仪器,B 前2个>=90%,291254629.25000113,13,0.8635837667805931,0.9978120526989014,0.9987168451847018,个,0.8635837667805931,套,0.13422828591830824,千克,0.0009047924858004604,UNKNOWN,0.0005427761969211666,元,0.00019707879029359592
109020704,混合搅拌设备,B 前2个>=90%,288251289.0400001,16,0.6598573388638195,0.9470904981178294,0.9724723333018682,个,0.6598573388638195,套,0.28723315925400994,千克,0.025381835184038762,UNKNOWN,0.00750881641226467,批,0.0067629983771884524
109022405,制剂生产设备,B 前2个>=90%,287639461.94,17,0.503230058155907,0.994590352243377,0.9969137026122474,个,0.503230058155907,套,0.49136029408746995,UNKNOWN,0.002323350368870461,次,0.0007339625744538409,副,0.0005024866860241492
109012299,其他真空应用设备,B 前2个>=90%,287436392.36,20,0.6329311571380453,0.9496969324194311,0.974179236738038,个,0.6329311571380453,套,0.31676577528138583,OTHER,0.024482304318606846,批,0.00889744655853083,UNKNOWN,0.006291668271897176
108031701,铅材,B 前2个>=90%,287015814.85,13,0.5411244721520613,0.9652465067640505,0.9779007418691723,个,0.5411244721520613,千克,0.4241220346119892,平方米,0.012654235105121769,套,0.011256627868009622,千米,0.005875658178910276
109062504,复印设备配套装置、零件,B 前2个>=90%,284488688.9799999,22,0.7612444558216684,0.9092544819530068,0.9238462671479951,个,0.7612444558216684,套,0.14801002613133837,瓶,0.014591785194988322,OTHER,0.01331602435085327,盒,0.011641228028692649
109060306,配电系统电气安全检测与分析装置,B 前2个>=90%,283847208.56000024,14,0.6259395051350088,0.9242550198429895,0.9641249342149246,个,0.6259395051350088,套,0.29831551470798073,批,0.03986991437193505,UNKNOWN,0.012615777016679909,OTHER,0.011984363831715947
109051304,安全检测类设备,B 前2个>=90%,282041791.22999996,18,0.5095649964611098,0.9158361693262602,0.9434873934799184,套,0.5095649964611098,个,0.40627117286515047,项,0.027651224153658206,UNKNOWN,0.027215324532315417,OTHER,0.01321616695080582
109024612,婴儿保育设备,B 前2个>=90%,281444205.1699999,13,0.8394778662338731,0.9008794392723435,0.9496036075376553,个,0.8394778662338731,盒,0.061401573038470415,袋,0.04872416826531176,包,0.027287004915809907,套,0.018966484446804294
109012404,滚珠、滚子螺杆及传动装置,B 前2个>=90%,276414550.0400001,15,0.7829941095672434,0.9120234521428741,0.9460507926668765,个,0.7829941095672434,套,0.1290293425756307,OTHER,0.03402734052400245,千克,0.032789407716375354,副,0.01135161484641794
109012004,液力机械及装置,B 前2个>=90%,273290200.14000005,17,0.7720826805787708,0.9537136048657437,0.9695512755095602,个,0.7720826805787708,套,0.1816309242869729,千克,0.015837670643816446,批,0.015211462752306504,UNKNOWN,0.009631305362034997
103040203,烟草代用品制的卷烟,B 前2个>=90%,271577137.6900001,15,0.8803620675276144,0.9219160428216677,0.9480539402175183,个,0.8803620675276144,套,0.041553975294053386,批,0.026137897395850547,UNKNOWN,0.021080334555020248,千克,0.013099343082630154
109042599,其他车辆专用照明、信号及其装置,B 前2个>=90%,271260494.10999995,9,0.765243579021954,0.9600212302732063,0.984698893056219,UNKNOWN,0.765243579021954,个,0.1947776512512523,项,0.02467766278301277,套,0.013481914725544185,OTHER,0.0013756076100365844
108011103,光学仪器用玻璃,B 前2个>=90%,269803903.6099999,14,0.8984204279726952,0.9598041602627203,0.9791204731487391,个,0.8984204279726952,套,0.061383732290025174,UNKNOWN,0.01931631288601874,千克,0.013454047259624081,平方米,0.002680610733658763
108041302,铜丝制品,B 前2个>=90%,268944825.48000014,16,0.8744187227632247,0.9303260022327757,0.9617473035904716,千克,0.8744187227632247,个,0.05590727946955104,千米,0.03142130135769584,OTHER,0.01301998718045757,批,0.009070476093548817
109050106,通信导航定向设备,B 前2个>=90%,266873021.5300001,14,0.4866467112540286,0.9638956445849778,0.9880010339687332,套,0.4866467112540286,个,0.47724893333094925,UNKNOWN,0.02410538938375544,批,0.006937113048693407,项,0.0020341021991950457
109062503,办公印刷设备,B 前2个>=90%,265212676.88,24,0.8763444680480389,0.9625974324957012,0.9722778541490057,个,0.8763444680480389,套,0.08625296444766234,批,0.00968042165330449,UNKNOWN,0.0050884046187981,千克,0.004033856686586904
109013003,发动机燃油、进气过滤器,B 前2个>=90%,262466639.42999974,20,0.8505230019891219,0.9025699969888171,0.9522495458195461,个,0.8505230019891219,千克,0.0520469949996952,套,0.04967954883072895,UNKNOWN,0.017510252769574047,瓶,0.01049484028134799
109013201,风动手提工具,B 前2个>=90%,260369542.05000022,19,0.7555110267936965,0.9363050413676449,0.9667271522936567,个,0.7555110267936965,套,0.18079401457394836,批,0.030422110926011797,OTHER,0.021160087031001463,千克,0.005412111604549326
107022002,动物胶,B 前2个>=90%,258727639.18,14,0.7787025953181351,0.95622285629824,0.9827051251494361,千克,0.7787025953181351,盒,0.17752026098010484,千米,0.026482268851196034,个,0.006539220260201657,UNKNOWN,0.004774922284744824
109060204,物位、液位测量仪表,B 前2个>=90%,257808825.3,14,0.8467370929446612,0.9843299521445824,0.988529880516856,个,0.8467370929446612,套,0.13759285919992123,批,0.004199928372273608,项,0.0036805993312906187,UNKNOWN,0.003488134430439143
109042408,灯用电器附件,B 前2个>=90%,256693316.88,17,0.8615121882716621,0.9252053213797717,0.9730941824900384,个,0.8615121882716621,套,0.06369313310810962,OTHER,0.0478888611102667,批,0.009081135061610257,千米,0.006555663312366951
101020100,育种和育苗,B 前2个>=90%,254182536.54,18,0.8939391131390431,0.9327186297973357,0.9536050607546589,OTHER,0.8939391131390431,平方米,0.038779516658292615,批,0.020886430957323236,千克,0.019206354521651987,UNKNOWN,0.011806558785865832
109013004,离心机,B 前2个>=90%,249560963.23,18,0.7946357824289763,0.9907846805035752,0.9948941040557467,个,0.7946357824289763,套,0.19614889807459893,UNKNOWN,0.00410942355217163,OTHER,0.002044288471229427,千克,0.0009487930200917586
110030102,再生水,B 前2个>=90%,249263115.24999988,17,0.8860045667346284,0.9130666482352727,0.9381823178509762,千克,0.8860045667346284,UNKNOWN,0.02706208150064434,立方米,0.025115669615703395,个,0.01768178442919465,千瓦时,0.01361931839211418
101010303,芝麻,B 前2个>=90%,245257154.44,18,0.8853208874406935,0.9180896515501463,0.94187752755858,千克,0.8853208874406935,箱,0.03276876410945282,瓶,0.023787876008433722,个,0.019047447690839315,袋,0.018735081879636274
102050599,其他化学矿石,B 前2个>=90%,244025374.82,16,0.8877454993760144,0.983576074812071,0.9901132979642808,千克,0.8877454993760144,个,0.09583057543605657,UNKNOWN,0.006537223152209889,桶,0.00344978435386468,瓶,0.0028918784389555317
109012601,炉用燃烧器,B 前2个>=90%,242528654.84,16,0.5056568422436726,0.9346584527900232,0.969847793635666,个,0.5056568422436726,套,0.4290016105463507,UNKNOWN,0.03518934084564273,千克,0.02372230788067319,项,0.002894503333897269
105010203,锯末、木废料及碎片,B 前2个>=90%,242413522.53,18,0.7808695801884316,0.929632869231175,0.9629450209037396,千克,0.7808695801884316,个,0.1487632890427435,立方米,0.03331215167256454,平方米,0.016555029926201205,UNKNOWN,0.006525314815324465
109011608,立体仓储及物料搬运设备专用配套件,B 前2个>=90%,241247021.7400002,21,0.5908979963434888,0.9050792405027932,0.9525418625381453,个,0.5908979963434888,套,0.3141812441593044,UNKNOWN,0.047462622035352106,批,0.0235287930149765,次,0.008378304591790392
304070103,电影制作服务,B 前2个>=90%,240194216.7,12,0.8515938251564074,0.9004822442504713,0.9483564656950378,UNKNOWN,0.8515938251564074,OTHER,0.04888841909406389,次,0.04787422144456653,套,0.03844009080173661,项,0.006208720469996229
109020201,石油钻井设备,B 前2个>=90%,238200317.0,16,0.5019042025876062,0.9024568692744436,0.9393256001418336,个,0.5019042025876062,套,0.4005526666868374,UNKNOWN,0.036868730867390065,千克,0.030310789972626276,OTHER,0.01547119091365441
104010303,亚麻布,B 前2个>=90%,238194895.96,16,0.832773842657447,0.921338555914538,0.960930528580416,千米,0.832773842657447,千克,0.0885647132570909,个,0.03959197266587811,包,0.013317202231456245,UNKNOWN,0.011374143929830325
109012807,气体液化设备,B 前2个>=90%,236965891.44,16,0.5159378795279331,0.904375344306725,0.9815159688452081,个,0.5159378795279331,套,0.3884374647787918,千克,0.07714062453848315,瓶,0.013165016496856896,UNKNOWN,0.001961125912155453
109061903,显微镜,B 前2个>=90%,235582679.79,8,0.6024547641045407,0.9829328056137907,0.993668260920838,个,0.6024547641045407,套,0.3804780415092501,OTHER,0.010735455307047385,批,0.004704209710951094,UNKNOWN,0.001547005282072821
109060405,量具,B 前2个>=90%,234121730.76,22,0.8015163349461307,0.937679563991619,0.9567631478840517,个,0.8015163349461307,套,0.13616322904548825,副,0.019083583892432702,OTHER,0.01309515776279152,UNKNOWN,0.009459437245790167
108032402,钼加工材,B 前2个>=90%,232944162.92000002,12,0.8961894562762457,0.9494386691971117,0.9795357694297017,千克,0.8961894562762457,立方米,0.05324921292086609,个,0.030097100232589935,千米,0.008536807426606107,OTHER,0.008495164142316856
108042500,铸币及贵金属制实验室用品,B 前2个>=90%,232942007.16,16,0.5160107647198141,0.9425803699252371,0.967611898463561,个,0.5160107647198141,套,0.4265696052054229,千克,0.02503152853832394,平方米,0.017169562367739324,批,0.005715630882692185
109011503,升降机,B 前2个>=90%,232435036.89,15,0.8796708996448062,0.9513812091705087,0.9800515109854357,个,0.8796708996448062,套,0.07171030952570259,千克,0.02867030181492704,UNKNOWN,0.00533184866009036,次,0.005084909555005427
108040403,钳子,B 前2个>=90%,228971892.09999973,22,0.7305069008074984,0.9014345973516108,0.9408276974709071,个,0.7305069008074984,千克,0.17092769654411244,套,0.0393931001192963,UNKNOWN,0.027901069215997498,盒,0.01169547810187311
108041111,金丝,B 前2个>=90%,228748800.53000012,10,0.7007399172743545,0.9778294155062253,0.991356535529721,OTHER,0.7007399172743545,卷,0.27708949823187073,千米,0.01352712002349575,千克,0.006496424053620804,个,0.0017141080044639472
109051303,数据保护类设备,B 前2个>=90%,228607052.85,11,0.586085215743159,0.9422379371704497,0.9602012595124533,套,0.586085215743159,个,0.35615272142729076,UNKNOWN,0.01796332234200359,OTHER,0.01588512040519926,项,0.00788617506557388
106051201,镜子类制品及零配件,B 前2个>=90%,227085228.25000033,18,0.48787065650977735,0.9233968681536202,0.945035515932992,个,0.48787065650977735,平方米,0.4355262116438429,套,0.02163864777937176,千克,0.014666927548159422,OTHER,0.011881495202451572
104030305,纺织材料作面类似箱、包容器,B 前2个>=90%,226489988.94000158,19,0.8535528310313681,0.9143536646331039,0.947388565844486,个,0.8535528310313681,千克,0.06080083360173573,套,0.03303490121138221,UNKNOWN,0.02692838027209957,千米,0.015649299497025156
109013301,喷枪,B 前2个>=90%,225557121.24999988,20,0.7444222694875345,0.9325357879384621,0.9907095725535644,个,0.7444222694875345,套,0.18811351845092766,千克,0.058173784615102274,OTHER,0.0025694453218244396,项,0.0013755655254001436
106050701,手工地毯、挂毯,B 前2个>=90%,222849798.94999993,16,0.8525429679325272,0.9594410101665474,0.9816871885044166,平方米,0.8525429679325272,个,0.10689804223402023,OTHER,0.022246178337869224,批,0.005847449161452342,套,0.0033600091789537613
109042506,照明及电气信号装置零件,B 前2个>=90%,221799954.8299999,11,0.714005327284133,0.9524433847694666,0.9905703642203036,个,0.714005327284133,套,0.23843805748533353,千克,0.03812697945083709,OTHER,0.005961749050009942,UNKNOWN,0.001664890780897731
108011800,未封口玻璃外壳,B 前2个>=90%,221720915.75,15,0.7072040795050699,0.9762473726838736,0.9861778059610057,千克,0.7072040795050699,个,0.26904329317880377,平方米,0.009930433277132087,OTHER,0.0065902933652302485,UNKNOWN,0.002420662787651327
109022102,造纸机,B 前2个>=90%,218022488.44,8,0.8175271488062646,0.9842025920599111,0.990701738134881,套,0.8175271488062646,个,0.16667544325364647,批,0.0064991460749699165,千克,0.004507935887863587,平方米,0.002840168390108115
109040202,内燃发电机组,B 前2个>=90%,215780484.79999998,13,0.8413497046698637,0.940980465208409,0.9913682164922081,个,0.8413497046698637,套,0.09963076053854523,批,0.050387751283799145,项,0.004797057532609641,UNKNOWN,0.0010551764225158512
109051907,射频元器件,B 前2个>=90%,214980010.6599999,11,0.5099729269405928,0.9103791933452311,0.975561954835378,个,0.5099729269405928,套,0.4004062664046383,OTHER,0.06518276149014685,包,0.010675613806856254,千米,0.007758687028060271
107021504,酶及酶制品,B 前2个>=90%,214555151.4499999,15,0.8042566397675742,0.9749860400753384,0.984485465403632,千克,0.8042566397675742,OTHER,0.17072940030776418,批,0.009499425328293606,瓶,0.006699552540620207,个,0.004056886745051399
102050304,白云岩,B 前2个>=90%,211759511.7300001,8,0.893671777734789,0.9865337929488812,0.9981256500510538,千克,0.893671777734789,UNKNOWN,0.09286201521409217,立方米,0.011591857102172582,包,0.0011854249093663598,套,0.0006771664178317282
109060409,数显装置,B 前2个>=90%,210497217.7999998,14,0.8892464371564723,0.9785430454748746,0.9902434817834442,个,0.8892464371564723,套,0.08929660831840228,UNKNOWN,0.011700436308569597,OTHER,0.0041333870779550076,千米,0.003621142777878562
109062105,电影设备零件和附件,B 前2个>=90%,208856436.17000002,13,0.5028450662373475,0.9443109586504059,0.9709607094173373,套,0.5028450662373475,个,0.4414658924130584,OTHER,0.026649750766931317,UNKNOWN,0.011937054063158961,批,0.005698900267699612
109013302,喷涂机,B 前2个>=90%,208547220.27999997,23,0.5530957316291879,0.904786015304639,0.9317090772973212,套,0.5530957316291879,个,0.35169028367545113,千克,0.02692306199268225,项,0.01687238696001669,OTHER,0.015082002703162574
102050203,石英岩,B 前2个>=90%,207007948.61,16,0.8807543635123606,0.9137990120678005,0.9444636021119209,千克,0.8807543635123606,立方米,0.033044648555439836,个,0.030664590044120428,UNKNOWN,0.022272860974466326,批,0.02183491035175473
109012203,真空干燥设备,B 前2个>=90%,205657888.1800001,14,0.8539344602541664,0.9887204457824167,0.9989072256746928,个,0.8539344602541664,套,0.13478598552825025,UNKNOWN,0.01018677989227614,OTHER,0.0005673203251891913,批,0.00023612028903796932
109060407,量仪,B 前2个>=90%,203990805.28,14,0.7810463594244211,0.9902571124356707,0.9939593840109182,个,0.7810463594244211,套,0.20921075301124964,OTHER,0.003702271575247541,千克,0.0036944811260759785,月,0.0008288952032318778
109021402,食品用烤炉及烘箱,B 前2个>=90%,202549650.52999997,16,0.5906202871590805,0.9667047854570296,0.985935058922365,千瓦时,0.5906202871590805,个,0.37608449829794915,套,0.019230273465335318,包,0.004701140522871285,千克,0.00367057320540715
109060501,电化学式分析仪器,B 前2个>=90%,199526653.7000001,17,0.5922811926053969,0.9461819745338615,0.9705319730924752,个,0.5922811926053969,套,0.3539007819284646,项,0.024349998558613615,OTHER,0.017357328636439705,UNKNOWN,0.006497132067122917
109040602,六氟化硫断路器,B 前2个>=90%,197737225.98999998,12,0.8450199391309869,0.946677031615012,0.9731387992149308,个,0.8450199391309869,套,0.1016570924840251,OTHER,0.026461767599918782,批,0.011133361404146197,项,0.007814403900245593
104030701,加工填充用羽毛,B 前2个>=90%,196273038.39000002,10,0.8869961824510583,0.9915891224105893,0.99593392701032,千克,0.8869961824510583,个,0.10459293995953103,OTHER,0.004344804599730739,千米,0.0034767561841278732,UNKNOWN,0.00041470800405231346
109013603,铜铸件,B 前2个>=90%,196051132.17999992,13,0.4955487345046353,0.9367306158751916,0.9766661243465816,个,0.4955487345046353,千克,0.4411818813705563,套,0.03993550847139006,千米,0.010983435678519737,批,0.004170993969314196
109041202,电磁铁及电磁性装置,B 前2个>=90%,195261010.5799999,15,0.7111100833574308,0.9174018099051466,0.987795019789557,个,0.7111100833574308,千克,0.2062917265477159,套,0.07039320988441033,项,0.006691022012634309,批,0.0031482682496316323
104010503,枕套,B 前2个>=90%,194771478.63000003,16,0.7618463074970188,0.9071564726150069,0.9458701062180256,个,0.7618463074970188,千克,0.1453101651179881,OTHER,0.038713633603018674,套,0.02494359946421689,千米,0.016000665867101856
109021003,木材处理及制品加工机械,B 前2个>=90%,194227668.88,11,0.8439930386091343,0.9823898892484098,0.9907553439200809,个,0.8439930386091343,套,0.1383968506392754,立方米,0.008365454671671185,千克,0.0026430219904310472,UNKNOWN,0.002114400087114921
104020202,非天然皮革服装,B 前2个>=90%,192580785.56,11,0.8557164986672932,0.9323528361766851,0.9612917064995692,个,0.8557164986672932,千米,0.07663633750939197,套,0.02893887032288414,OTHER,0.014487097255768406,平方米,0.010754325484640524
109012102,气动系统及机械,B 前2个>=90%,192490459.9100001,21,0.7058646022952403,0.9316596729201508,0.9534748423678386,个,0.7058646022952403,套,0.22579507062491058,项,0.021815169447687764,UNKNOWN,0.013480588187140556,OTHER,0.01182715663448694
109022104,纸制品生产专用机械,B 前2个>=90%,190296664.27999958,15,0.8173671592642167,0.9609600546698558,0.9956452133665326,个,0.8173671592642167,套,0.1435928954056391,千克,0.03468515869667673,UNKNOWN,0.002509449978047724,OTHER,0.0007441176151760988
109022504,灯泡及类似品封装机零件,B 前2个>=90%,189942971.1400002,17,0.836369727063542,0.9046335362067771,0.9608975149992486,个,0.836369727063542,套,0.06826380914323518,OTHER,0.05626397879247152,批,0.009922861839466529,盒,0.009341307442707185
107021410,钻井用助剂,B 前2个>=90%,188163482.36000007,10,0.8245466388805626,0.9828816756599063,0.9945765146499174,千克,0.8245466388805626,立方米,0.15833503677934369,OTHER,0.011694838990011128,UNKNOWN,0.0017663830719507091,盒,0.001670876814442051
106051213,棉胎,B 前2个>=90%,186624758.18999988,17,0.5826817293410264,0.95052079118785,0.9697224495034723,箱,0.5826817293410264,个,0.3678390618468237,千克,0.019201658315622233,套,0.008734350446367221,OTHER,0.007738666423506652
109010502,特种加工机床,B 前2个>=90%,185695757.4999999,19,0.8249703327228678,0.9126554445380907,0.9417059402662982,个,0.8249703327228678,套,0.08768511181522286,批,0.02905049572820748,OTHER,0.025682449207273902,UNKNOWN,0.017440750039752536
106051002,发制品及其专用原料,B 前2个>=90%,184711679.06999978,19,0.7233467786266274,0.9759292962828027,0.9802611256724146,千克,0.7233467786266274,个,0.25258251765617523,UNKNOWN,0.0043318293896119735,立方米,0.0038871590774067926,副,0.003833408280218503
109020808,橡胶硫化设备,B 前2个>=90%,184495760.09,13,0.8525538685727528,0.9846379507116184,0.9896509797348807,个,0.8525538685727528,套,0.13208408213886558,千克,0.0050130290232622545,项,0.004799486717570345,UNKNOWN,0.00452986995252526
109011103,电动葫芦,B 前2个>=90%,183269548.5499999,16,0.8793167954797146,0.9787783402601719,0.9853700395334989,个,0.8793167954797146,套,0.09946154478045725,批,0.006591699273326991,OTHER,0.005204622849495203,千米,0.0038197095782609787
109031801,机动货船,B 前2个>=90%,181334472.08,8,0.8760650425580129,0.9631026515628632,0.9798102852810864,OTHER,0.8760650425580129,UNKNOWN,0.08703760900485039,个,0.016707633718223137,套,0.014134902043717356,单,0.0021439387422623364
109013304,喷水器、喷雾器,B 前2个>=90%,179111447.62999988,20,0.4826298960442385,0.9473333995407895,0.9708257991371134,个,0.4826298960442385,套,0.4647035034965511,UNKNOWN,0.023492399596323904,千克,0.014743246481123882,副,0.004562578276337504
109020904,塑料成型机械,B 前2个>=90%,179008510.46,12,0.6159755609755717,0.9858086879027594,0.9913000469307407,个,0.6159755609755717,套,0.3698331269271878,项,0.005491359027981266,千克,0.0038334966211192503,OTHER,0.002045722066838989
109011202,门式起重机（龙门起重机）,B 前2个>=90%,178537931.63000003,11,0.892411124321705,0.9522078782245383,0.9802939299907918,个,0.892411124321705,套,0.05979675390283336,千克,0.02808605176625345,千米,0.0071655864292819674,项,0.006313605124181867
108041902,文件、档案柜,B 前2个>=90%,178037665.01,20,0.7105267450170992,0.9027679215573419,0.9451585565366093,个,0.7105267450170992,套,0.1922411765402427,立方米,0.042390634979267414,OTHER,0.028040614044896592,批,0.015568149300566927
107030118,生化药（酶及辅酶）,B 前2个>=90%,177282572.77,11,0.8891013088719855,0.953484143922603,0.9933039545768546,千克,0.8891013088719855,个,0.06438283505061748,盒,0.03981981065425171,瓶,0.0030704236265016154,OTHER,0.0021135137771613236
109050701,雷达设备,B 前2个>=90%,176926146.28,12,0.6547971453956658,0.9145474614245352,0.9821550910004933,套,0.6547971453956658,个,0.2597503160288695,UNKNOWN,0.067607629575958,OTHER,0.0162486767526738,批,0.00093720461043436
109010505,镗床,B 前2个>=90%,176541219.43,11,0.8904386757809312,0.9602391572196924,0.9743866502417984,个,0.8904386757809312,千克,0.06980048143876123,套,0.014147493022105946,元,0.012610451979361859,千米,0.005189637881499253
109050203,光交换机,B 前2个>=90%,174160426.28,11,0.5340639889136587,0.987691734765545,0.994112129879888,个,0.5340639889136587,套,0.4536277458518862,UNKNOWN,0.0064203951143429645,OTHER,0.0018983417017392017,项,0.0011926733554616562
109011003,钎焊机械,B 前2个>=90%,172901869.10000008,15,0.797399968245919,0.9506214022760962,0.9979107811160153,个,0.797399968245919,千克,0.1532214340301772,套,0.04728937883991908,UNKNOWN,0.0011579509871244066,OTHER,0.0003512920960089261
109021300,非金属相关成型、加工机械,B 前2个>=90%,172230019.9300001,16,0.6207513519039981,0.9306630902391257,0.9830599052291477,个,0.6207513519039981,套,0.3099117383351276,千克,0.052396814990021905,UNKNOWN,0.003481075716322131,副,0.0034376799134125235
109012199,其他气动装置,B 前2个>=90%,169076449.08,18,0.7298749423795268,0.9189793342920376,0.9429932988748807,个,0.7298749423795268,套,0.1891043919125108,OTHER,0.024013964582843127,千克,0.015990900593853417,项,0.01392050763312612
108011202,石英玻璃制仪器和器皿,B 前2个>=90%,168237046.8,15,0.55438224145052,0.9738525867894633,0.9839464493619487,千克,0.55438224145052,个,0.41947034533894334,套,0.010093862572485431,盒,0.005804792752698271,UNKNOWN,0.004322897505830445
101050100,淡水鱼,B 前2个>=90%,168012942.3999999,16,0.868779237866618,0.9138977780321286,0.9361520800316632,千克,0.868779237866618,个,0.04511854016551052,批,0.022254301999534546,UNKNOWN,0.02145253650411637,OTHER,0.017983994190199953
103011001,冷冻蔬菜,B 前2个>=90%,166542890.6199999,20,0.8724341060077128,0.9120659657972736,0.9502822793024968,千克,0.8724341060077128,箱,0.03963185978956083,个,0.03821631350522313,OTHER,0.020072562374503132,套,0.010102656701444017
104010301,麻纤维原料,B 前2个>=90%,165058953.23,16,0.8724096286333877,0.9456326097773351,0.9608837858616293,千克,0.8724096286333877,个,0.07322298114394749,千米,0.015251176084294136,套,0.013413653101960849,卷,0.010696480229944327
109022204,印刷包装机械,B 前2个>=90%,163373057.98000002,17,0.8378817799123135,0.9330827660620862,0.9556649768967003,个,0.8378817799123135,套,0.09520098614977274,UNKNOWN,0.022582210834614137,OTHER,0.013862922491646439,令,0.01059038749346179
109010604,剪切机床,B 前2个>=90%,161192004.57999998,9,0.7111054515307028,0.9939196398571148,0.9982675695315806,套,0.7111054515307028,个,0.28281418832641203,千克,0.004347929674465744,UNKNOWN,0.0006308005180836123,OTHER,0.0006278351104553278
107050502,未硫化橡胶制品,B 前2个>=90%,159909641.87,18,0.6473686687645634,0.9286123756735045,0.9538144358049147,千克,0.6473686687645634,个,0.281243706908941,千米,0.025202060131410135,箱,0.0106533876261504,套,0.008232852344640173
109042505,电气音响或视觉信号装置,B 前2个>=90%,159466816.44,14,0.8355037776786007,0.9436973836285358,0.9863158663431332,个,0.8355037776786007,套,0.10819360594993514,批,0.0426184827145973,千克,0.004803811959764235,OTHER,0.0023974294999727784
108040407,钻孔或攻丝工具,B 前2个>=90%,159048465.0000002,19,0.7941749322132725,0.9178622274663262,0.9474237791606477,个,0.7941749322132725,套,0.12368729525305362,UNKNOWN,0.029561551694321564,千克,0.023887472475763883,批,0.009286061893146834
109042603,电气空间加热器具装置,B 前2个>=90%,158904133.41,15,0.7352336439767378,0.9488126093044214,0.9731145594622326,个,0.7352336439767378,套,0.21357896532768356,千米,0.02430195015781119,千克,0.010352861594577448,OTHER,0.007323836422789752
109012201,真空镀膜设备,B 前2个>=90%,158689781.70999998,17,0.7373469528355053,0.9678306381482765,0.9809251348928584,个,0.7373469528355053,套,0.23048368531277122,批,0.013094496744581857,千克,0.005972028191026744,卷,0.003235394204135112
109040605,接地开关,B 前2个>=90%,158671716.8199999,19,0.7079728819436364,0.9065260351545491,0.9413245585502702,个,0.7079728819436364,套,0.19855315321091274,UNKNOWN,0.0347985233957211,千米,0.0312549326331793,OTHER,0.013890683759981778
108012502,云母制品,B 前2个>=90%,158615470.89000002,14,0.8814012278597598,0.9865690269174473,0.9905589472981577,千克,0.8814012278597598,个,0.10516779905768749,批,0.003989920380710474,套,0.002339572287102769,OTHER,0.0014619316684487383
109061602,通信测量仪器,B 前2个>=90%,155958619.07,13,0.8561952338143385,0.9934709877782198,0.9955874947206919,个,0.8561952338143385,套,0.13727575396388134,月,0.0021165069424719934,千克,0.0021119448348806157,卷,0.0008589879853954774
109012204,真空炉,B 前2个>=90%,155805904.18,12,0.7021147643007118,0.9286289804707708,0.9703969133629786,个,0.7021147643007118,套,0.22651421617005896,千克,0.041767932892207815,次,0.010513080416436886,平方米,0.008222095027413228
109021701,烟草加工机械,B 前2个>=90%,155650302.18,13,0.5733511062946527,0.9523740002031778,0.9765009446254067,套,0.5733511062946527,个,0.3790228939085251,项,0.024126944422228937,批,0.012030975422292624,千克,0.009858266951679361
101030102,牛,B 前2个>=90%,154265947.59,13,0.7936193646272737,0.954949864901679,0.9761137946671591,千克,0.7936193646272737,个,0.16133050027440538,批,0.02116392976548014,箱,0.010936255708770317,UNKNOWN,0.00423666914319312
109020204,固井压裂设备,B 前2个>=90%,153889907.9500002,10,0.8919938736632406,0.9513935725893714,0.9694577966637871,套,0.8919938736632406,个,0.05939969892613083,UNKNOWN,0.018064224074415637,立方米,0.016632502768353215,批,0.011618587364292447
105010202,木丝、木粉,B 前2个>=90%,152055743.96,15,0.8820738546074455,0.9327971016820771,0.9698073271654394,千克,0.8820738546074455,个,0.050723247074631585,立方米,0.03701022548336227,平方米,0.011465923315982307,套,0.007009717766928876
109011106,汽车举升机,B 前2个>=90%,151683391.33,11,0.7668517877276286,0.9859496375225195,0.9954755690522046,个,0.7668517877276286,套,0.21909784979489091,批,0.00952593152968503,UNKNOWN,0.0040566658261305625,OTHER,0.00018934175817256893
109022801,化学纺织纤维加工专用机械,B 前2个>=90%,150607279.85999998,14,0.8381066120265563,0.9689932930576735,0.9809245053581039,个,0.8381066120265563,套,0.13088668103111706,批,0.011931212300430429,千米,0.010067289452471493,千克,0.005336228970784627
109060311,自动测试系统与虚拟仪器,B 前2个>=90%,150301994.4500001,11,0.6859156355659393,0.9867054839337828,0.991329507736948,个,0.6859156355659393,套,0.30078984836784356,批,0.004624023803165171,UNKNOWN,0.00415156340595053,项,0.0024217908839598884
109010603,弯曲、折叠、矫直或矫平机床,B 前2个>=90%,148764343.01,17,0.8104526363007262,0.9254022112728046,0.9564108045059957,个,0.8104526363007262,套,0.11494957497207853,千米,0.031008593233191065,UNKNOWN,0.028134605479477392,千克,0.006742742714445844
106051105,养生美体美容仪,B 前2个>=90%,144155899.48,7,0.8512177460140947,0.9751562286877002,0.9992237460943073,个,0.8512177460140947,UNKNOWN,0.12393848267360554,套,0.024067517406607078,OTHER,0.0007143861636705873,瓶,4.1548074144762706e-05
109013505,衡器零配件,B 前2个>=90%,143418362.46,20,0.7505804883250093,0.9709611062449442,0.9822535165208718,个,0.7505804883250093,套,0.22038061791993493,批,0.011292410275927508,OTHER,0.003842629985080922,UNKNOWN,0.0037436323410103447
109010507,螺纹加工机床,B 前2个>=90%,142607873.53,8,0.893293958858458,0.9791494486496604,0.9904622538270029,千克,0.893293958858458,个,0.08585548979120235,OTHER,0.011312805177342582,套,0.007911035148859918,批,0.0008268056810705885
109011105,千斤顶,B 前2个>=90%,141845420.74,16,0.8304576655732792,0.9452475113438054,0.9795106625590174,个,0.8304576655732792,套,0.11478984577052621,千克,0.034263151215212076,OTHER,0.01136984875215789,UNKNOWN,0.003506516089170719
108041203,铝制绞股线、缆、编带,B 前2个>=90%,141491563.89,14,0.47574752451200714,0.9006434644334753,0.9497346543181248,千米,0.47574752451200714,千克,0.4248959399214681,卷,0.049091189884649465,个,0.04511449597774307,UNKNOWN,0.003448304454245156
109024601,机械治疗器具,B 前2个>=90%,139878946.95999998,16,0.7126921525832451,0.9076071114283143,0.9653758019683621,个,0.7126921525832451,套,0.19491495884506918,盒,0.05776869054004781,瓶,0.009060757873466338,批,0.004394401826429078
101010402,绿豆,B 前2个>=90%,135669454.93,15,0.8727697495438003,0.9431647356143763,0.9686465486118836,千克,0.8727697495438003,袋,0.07039498607057605,个,0.02548181299750727,OTHER,0.012835301364617939,包,0.008661726109287612
109061907,偏振材料制片及板,B 前2个>=90%,135517825.67,5,0.7797293642927146,0.9183568879201013,0.9996542790605711,个,0.7797293642927146,平方米,0.13862752362738673,千克,0.08129739114046988,批,0.00033774892545470107,UNKNOWN,7.972013974241031e-06
109023302,电解设备及装置,B 前2个>=90%,135137609.42,12,0.774883580073915,0.9562093694316589,0.9793776047840347,千克,0.774883580073915,个,0.18132578935774388,套,0.023168235352375825,卷,0.013649916614012575,OTHER,0.006333727773293921
109050702,无线电导航设备,B 前2个>=90%,134965981.20999998,11,0.7278393197998073,0.9227340162572214,0.9567701128262703,个,0.7278393197998073,套,0.1948946964574141,UNKNOWN,0.03403609656904891,箱,0.023571754685722857,批,0.008849192880253801
108032299,其他贵金属压延加工材,B 前2个>=90%,134736859.7999999,10,0.7654790266234184,0.9163690458073153,0.9700781274256773,千克,0.7654790266234184,个,0.15089001918389683,套,0.05370908161836207,UNKNOWN,0.013379857617848398,OTHER,0.008051746208204274
109022004,烟草加工及制作机械零件,B 前2个>=90%,134713069.86000007,8,0.6200638069996398,0.9824488951780466,0.9955283679554922,个,0.6200638069996398,套,0.3623850881784068,千米,0.013079472777445611,UNKNOWN,0.00293766232490487,项,0.0008708167672365738
108011101,光学元件毛坯,B 前2个>=90%,133995156.67999999,13,0.7660482201243694,0.9309223329459224,0.9556550066642304,个,0.7660482201243694,千克,0.16487411282155306,套,0.024732673718308004,平方米,0.02010575581051666,UNKNOWN,0.015112554439829624
501010200,取得的住宅,B 前2个>=90%,132616494.80000001,11,0.5558270789856526,0.9235303273903148,0.9855769326215066,UNKNOWN,0.5558270789856526,平方米,0.36770324840466223,月,0.06204660523119179,个,0.004685548512929027,OTHER,0.004236306960512425
301020101,国内水路旅客运输服务,B 前2个>=90%,130795405.0600001,10,0.8662928767873951,0.9831058861052011,0.9893520468141742,千克,0.8662928767873951,UNKNOWN,0.11681300931780597,批,0.0062461607089731455,个,0.004018330840895364,箱,0.00225879494669153
109060504,质谱仪器,B 前2个>=90%,130138507.11999999,10,0.577764634495678,0.985683128681644,0.995428939418742,套,0.577764634495678,个,0.40791849418596593,UNKNOWN,0.009745810737097996,瓶,0.002129346694783262,OTHER,0.001936628946938853
109024802,病床及相关医用家具,B 前2个>=90%,129204486.30000001,20,0.7204686486958309,0.9078225149833671,0.9648698217841991,个,0.7204686486958309,套,0.18735386628753617,批,0.05704730680083203,OTHER,0.011076785806624113,盒,0.007768517787141265
107050104,橡胶实心或半实心轮胎,B 前2个>=90%,128263890.87000002,16,0.6465494812881627,0.9874594071714987,0.9914233209164459,个,0.6465494812881627,套,0.340909925883336,千克,0.0039639137449471945,UNKNOWN,0.0036976057468948035,OTHER,0.003117184402313461
109042104,电动理发工具零件,B 前2个>=90%,125208939.34000005,12,0.7479241388324982,0.9150576108538098,0.9817427825676843,个,0.7479241388324982,副,0.16713347202131162,箱,0.06668517171387452,套,0.00994341854952734,袋,0.004746181248179877
101050200,淡水虾,B 前2个>=90%,124775686.98,11,0.708038305284272,0.9363396568493892,0.953850494520435,千克,0.708038305284272,个,0.22830135156511722,批,0.017510837671045776,OTHER,0.013282697375696708,袋,0.011394073832892471
109051306,密钥管理类设备,B 前2个>=90%,124503899.06,11,0.6522307926345836,0.981073091222112,0.9960123823932554,个,0.6522307926345836,套,0.32884229858752834,批,0.014939291171143504,UNKNOWN,0.002191442694244567,OTHER,0.0013073121502930705
102050403,硅质土,B 前2个>=90%,124307315.51,16,0.6170366577004042,0.9651613019536923,0.9782775008138378,千克,0.6170366577004042,个,0.34812464425328815,UNKNOWN,0.013116198860145426,平方米,0.008489552249361418,袋,0.0065330732681993225
108040600,专用刀具及类似器具,B 前2个>=90%,123200305.3400001,19,0.8640349437952133,0.9061980771223956,0.9340083065738936,个,0.8640349437952133,套,0.04216313332718235,千克,0.027810229451497862,批,0.026131270138619916,千米,0.023305646135178628
103021203,植物液汁及浸膏,B 前2个>=90%,122699324.92999999,16,0.8907437257079619,0.9342537146426663,0.9695294126342346,千克,0.8907437257079619,桶,0.043509988934704404,盒,0.0352756979915684,瓶,0.007941104326008945,箱,0.006290112357507329
302030100,邮册等邮品销售服务,B 前2个>=90%,119750034.49,10,0.7273257806641655,0.9285797667915144,0.9797697082066202,UNKNOWN,0.7273257806641655,个,0.20125398612734888,套,0.051189941415105814,平方米,0.008847477117749596,批,0.007272877237231434
109060703,噪声监测仪器，相关环境监测仪器,B 前2个>=90%,117165238.13999999,15,0.57172874500505,0.9553853745105356,0.9767033682231032,套,0.57172874500505,个,0.3836566295054857,UNKNOWN,0.021317993712567554,OTHER,0.017022693178132094,项,0.002575325282396938
107050105,力车胎,B 前2个>=90%,116771083.41000001,13,0.8822490851461733,0.9722933159004763,0.9872918370142233,个,0.8822490851461733,套,0.09004423075430297,UNKNOWN,0.014998521113747025,批,0.007114603853447281,千克,0.0032494659544068704
103011101,冷冻水果及坚果,B 前2个>=90%,115520814.30999999,18,0.8631945665861538,0.9201380385421905,0.9587782562091256,千克,0.8631945665861538,箱,0.056943471956036634,袋,0.038640217666935185,个,0.01285115967081171,盒,0.007905792695931006
109022001,食品生产设备零件,B 前2个>=90%,114137802.18000002,18,0.8743538469631323,0.9628940465900953,0.9725970539973472,个,0.8743538469631323,套,0.08854019962696287,次,0.009703007407251968,批,0.007969402797554375,千克,0.006935445618197725
109051503,小信号晶体管,B 前2个>=90%,112510362.4800001,6,0.8907521669198698,0.9918533726156742,0.9953943797835324,个,0.8907521669198698,OTHER,0.10110120569580437,批,0.003541007167858159,UNKNOWN,0.002666421060134156,套,0.0019349328826373524
109061901,光学望远镜,B 前2个>=90%,112357681.28,9,0.8147247207058063,0.9207284143947048,0.9909866397342585,个,0.8147247207058063,OTHER,0.10600369368889846,UNKNOWN,0.07025822533955375,套,0.005471175739806084,盒,0.0019826894562272692
104011006,硬挺纺织物,B 前2个>=90%,112337830.52999991,13,0.858290495063916,0.9070591611860283,0.9444574861330108,千米,0.858290495063916,个,0.0487686661221123,平方米,0.03739832494698259,千克,0.027478476622135303,卷,0.011675315909271912
107030412,清凉油,B 前2个>=90%,112304463.73000006,14,0.7988525521629327,0.9230273557889683,0.9542053703015354,瓶,0.7988525521629327,盒,0.12417480362603564,个,0.031178014512567045,千克,0.02887215478625569,OTHER,0.007226654516165949
109061001,测距仪,B 前2个>=90%,112025403.22000007,9,0.8889327398753907,0.958063016646556,0.9901924810942895,个,0.8889327398753907,套,0.06913027677116532,OTHER,0.03212946444773348,千克,0.00704401204832369,UNKNOWN,0.00139570575517541
109060606,产品、材料检验专用仪器,B 前2个>=90%,111717052.75999998,18,0.8320253814758799,0.9556082224917442,0.9754136080200689,个,0.8320253814758799,套,0.12358284101586428,千克,0.019805385528324775,UNKNOWN,0.017809719025387583,OTHER,0.004692634267091098
106051301,宠物玩具,B 前2个>=90%,111667089.53999989,12,0.5551158790414726,0.9353348169120732,0.9655864763214459,个,0.5551158790414726,千克,0.38021893787060057,包,0.030251659409372685,套,0.01951078450217484,袋,0.0059184381246299355
109025402,铁道电气交通管理设备,B 前2个>=90%,110488175.41,10,0.7932323130034029,0.9713020484931185,0.9806924672972116,套,0.7932323130034029,个,0.17806973548971564,OTHER,0.009390418804093092,批,0.008075072257182458,千米,0.006658405365733064
106051209,烟具,B 前2个>=90%,110291878.80000009,6,0.7043943988013742,0.9520833326306525,0.9881203750969197,个,0.7043943988013742,套,0.24768893382927828,UNKNOWN,0.03603704246626722,盒,0.006220596180468724,瓶,0.004087712847992573
109011002,气体焊接机械,B 前2个>=90%,109906423.27999999,18,0.5682056983230398,0.9412739878400309,0.9857908046373103,个,0.5682056983230398,套,0.37306828951699106,千克,0.044516816797279375,UNKNOWN,0.004221816033607896,瓶,0.0039411895781238096
108012002,功能陶瓷制品,B 前2个>=90%,109678033.85,15,0.8813047582727068,0.922568146584258,0.9612136498925761,个,0.8813047582727068,千克,0.04126338831155114,OTHER,0.03864550330831811,立方米,0.017104081228932425,套,0.013344606651152145
109022203,装订机械,B 前2个>=90%,109467422.53000002,14,0.7544147543746869,0.964889009248878,0.9856289992616857,个,0.7544147543746869,套,0.2104742548741912,盒,0.020739990012807675,OTHER,0.008663450075661518,UNKNOWN,0.002832684033599306
108011502,玻璃保温瓶胆,B 前2个>=90%,109157553.52999997,12,0.8773937612450995,0.9367780392027258,0.9954690682045738,个,0.8773937612450995,套,0.05938427795762639,箱,0.05869102900184797,批,0.0018560053193599642,立方米,0.001236836074407759
109013605,锌铸件,B 前2个>=90%,108777900.39,8,0.839735497766579,0.9295592616466385,0.9693134138641006,个,0.839735497766579,千克,0.08982376388005957,千米,0.039754152217462195,套,0.016172253772989007,OTHER,0.008698136263043567
104010403,印染蚕丝及交织机织物,B 前2个>=90%,107747242.49000001,12,0.6833581050283823,0.9085640275117541,0.9895807842126059,千米,0.6833581050283823,千克,0.22520592248337173,个,0.08101675670085169,套,0.004076987863896098,批,0.0030083841823616395
109020803,炼胶机械,B 前2个>=90%,107661862.88000003,10,0.803460248374257,0.9795816229517577,0.9885434351867495,个,0.803460248374257,套,0.17612137457750068,千克,0.008961812234991859,批,0.007610857624796096,OTHER,0.001905465821529169
109025602,机械式遥控操作装置（遥控机械手）,B 前2个>=90%,106259654.88,11,0.6361201289081393,0.9417035058414638,0.988920733825745,个,0.6361201289081393,套,0.3055833769333245,UNKNOWN,0.047217227984281206,项,0.004667617362018671,OTHER,0.004063587355780803
109030104,铁路客车,B 前2个>=90%,105598508.17999999,18,0.8009253696636834,0.9020151549644743,0.9591835941218692,个,0.8009253696636834,UNKNOWN,0.1010897853007908,套,0.057168439157394925,次,0.01685730253845713,项,0.011493328276297248
109021599,其他乳品加工机械,B 前2个>=90%,104481846.83999999,15,0.7543658526700675,0.9859164367351453,0.99037176083286,套,0.7543658526700675,个,0.2315505840650778,包,0.00445532409771481,项,0.0028329514547467015,UNKNOWN,0.002078522696220748
109020903,吹塑机,B 前2个>=90%,102848722.93,10,0.6078442528892565,0.994363815966927,0.9965520784323072,个,0.6078442528892565,套,0.3865195630776706,OTHER,0.0021882624653801327,月,0.0010695319967644833,副,0.0010500859604596745
109040603,敞开式组合电器,B 前2个>=90%,102264711.52,14,0.7456652245587834,0.9650322369579007,0.9785775154749099,个,0.7456652245587834,套,0.21936701239911735,千克,0.013545278517009207,OTHER,0.009882674629188648,批,0.006475475363468762
108032301,包金金属材料,B 前2个>=90%,101713700.69000001,12,0.7095729077832652,0.9122303378066187,0.9778820329538833,个,0.7095729077832652,千克,0.20265743002335349,OTHER,0.06565169514726463,套,0.008617875606271974,批,0.006488423737637974
109012901,蒸馏或精馏设备,B 前2个>=90%,101564009.81000002,15,0.8163484036826254,0.9296006517133788,0.9859736809066026,个,0.8163484036826254,套,0.11325224803075346,千克,0.05637302919322381,OTHER,0.004330296340433548,桶,0.0029771758772193352
109020905,塑料破碎、研磨、筛选、均化机械,B 前2个>=90%,100709346.71,15,0.6031140114025669,0.9564199975138534,0.9704206173774712,个,0.6031140114025669,套,0.35330598611128655,千克,0.014000619863617822,OTHER,0.012152595960375484,UNKNOWN,0.005777506050907834
108041108,锡丝,B 前2个>=90%,100103221.55,14,0.8562215332619332,0.9600886613024294,0.9825619666083564,千克,0.8562215332619332,卷,0.10386712804049622,个,0.022473305305926988,OTHER,0.011915011340611546,千米,0.0023516126289943565
109060604,天平仪器,B 前2个>=90%,99848519.26,14,0.882911321503357,0.9948452922104956,0.9969689240036507,个,0.882911321503357,套,0.11193397070713855,UNKNOWN,0.0021236317931551466,盒,0.0017110111523550699,包,0.00042313606964951197
109061010,测量型GNSS接收机,B 前2个>=90%,98031613.45000002,7,0.5618409048025312,0.9480235419913922,0.9928331396855123,套,0.5618409048025312,个,0.3861826371888609,OTHER,0.044809597694120164,千克,0.0038259380499872813,批,0.0023500582301188267
109024302,口腔综合治疗设备,B 前2个>=90%,96256926.37,13,0.6717329882470878,0.9714880701732509,0.9891405644308441,个,0.6717329882470878,套,0.2997550819261631,副,0.017652494257593236,盒,0.0041693623008212,OTHER,0.0021443054311396457
108032401,钨加工材,B 前2个>=90%,94888656.6,12,0.834087255588778,0.9515838013244672,0.9792451612177213,千克,0.834087255588778,个,0.11749654573568914,套,0.02766135989325409,平方米,0.014117506011777598,OTHER,0.004130834433164481
109061610,声学测量仪器,B 前2个>=90%,94745156.44000003,11,0.6978310886200275,0.9303782968137554,0.9529377879826108,个,0.6978310886200275,套,0.23254720819372784,批,0.022559491168855358,平方米,0.014205314873824907,千米,0.012231538408339555
106040807,玩具乐器,B 前2个>=90%,94731317.36000004,15,0.6463753362291468,0.9236443372521469,0.9447718751749448,个,0.6463753362291468,箱,0.2772690010230001,套,0.021127537922797857,千克,0.01581507005024087,盒,0.013979050507315773
109013503,称重系统,B 前2个>=90%,94342638.12999995,15,0.705889968947384,0.9617919677523439,0.9824814500340495,个,0.705889968947384,套,0.2559019988049599,UNKNOWN,0.020689482281705633,OTHER,0.008546800640542999,千克,0.003770382162833421
107021699,其他林产化学产品,B 前2个>=90%,92981090.88999991,13,0.8767237963086452,0.978990372329455,0.9877052871819667,千克,0.8767237963086452,套,0.1022665760208098,盒,0.008714914852511694,瓶,0.006872108015552674,袋,0.001413140335764027
109024203,医用α、β、γ射线应用设备,B 前2个>=90%,92646432.89,11,0.6617192913707657,0.9070512930570748,0.9972853111322849,套,0.6617192913707657,个,0.24533200168630906,OTHER,0.09023401807521012,千米,0.0009487359335718943,千克,0.0008739794666043726
109060510,气体分析测定装置,B 前2个>=90%,91105851.95,15,0.594101103074093,0.9506846835429874,0.9787902326948166,个,0.594101103074093,套,0.3565835804688943,批,0.02810554915182921,OTHER,0.01029845536722408,UNKNOWN,0.00452441298969709
108041104,铝丝,B 前2个>=90%,90938862.88000004,14,0.8432800322255362,0.9420123204425976,0.9587011779006314,千克,0.8432800322255362,个,0.09873228821706152,千米,0.01668885745803378,卷,0.012588681051693392,OTHER,0.010812123209605715
109024613,医院制气供气设备及装置,B 前2个>=90%,90754971.22,14,0.7113198979867408,0.9068094751581366,0.948574048922496,个,0.7113198979867408,套,0.19548957717139584,千克,0.04176457376435935,瓶,0.03754544389353617,副,0.007247963182153935
108012103,盥洗用陶瓷器具,B 前2个>=90%,90386283.9899998,15,0.5431148728874754,0.9601573593798984,0.9773693394649755,套,0.5431148728874754,个,0.41704248649242304,批,0.017211980085077103,OTHER,0.011366913591819655,千克,0.007253088312298935
109011108,其他轻小型起重设备,B 前2个>=90%,89510040.05000001,15,0.7084450631971314,0.9518738529488571,0.9757019508785262,个,0.7084450631971314,套,0.2434287897517257,批,0.02382809792966906,千米,0.007219198088159049,月,0.006297462828584668
109020604,冶金专用有轨车辆,B 前2个>=90%,88474448.80000001,10,0.5381883070855592,0.9806629085209966,0.9973414068898951,个,0.5381883070855592,千克,0.4424746014354374,套,0.016678498368898568,月,0.0015813379105222521,OTHER,0.0006329235249216945
106020502,光盘复制品,B 前2个>=90%,87064222.60000002,15,0.7158445833294559,0.9482227877837848,0.9677753034918846,套,0.7158445833294559,个,0.2323782044543289,OTHER,0.01955251570809982,千克,0.016502967316450828,盒,0.006594751240562962
109022814,非织造机械,B 前2个>=90%,86701040.2,12,0.6367875526365369,0.9665257764692885,0.9771830880525006,个,0.6367875526365369,套,0.32973822383275164,批,0.010657311583212124,UNKNOWN,0.01056042693245565,副,0.007981449800414275
107030211,栓剂,B 前2个>=90%,84892087.92000003,14,0.820558300976702,0.9118864634705525,0.9786501109301495,盒,0.820558300976702,个,0.09132816249385042,OTHER,0.06676364745959704,瓶,0.01521226620338259,包,0.0019830767993201685
102020699,其他油页岩,B 前2个>=90%,83988654.83,19,0.8086923693143758,0.9203322639998995,0.9723250175311803,千克,0.8086923693143758,立方米,0.11163989468552368,个,0.051992753531280717,桶,0.01641070871762169,批,0.0044304317142972865
107020701,生物农药制剂,B 前2个>=90%,83951691.89,16,0.8596539726032196,0.9279285651809392,0.9722883898153204,千克,0.8596539726032196,个,0.06827459257771966,瓶,0.04435982463438117,OTHER,0.009655594208418277,UNKNOWN,0.00824158196724104
109061809,表带及其零件,B 前2个>=90%,83721259.33,9,0.7813723405920965,0.9711641063533916,0.9917842196175192,个,0.7813723405920965,套,0.18979176576129508,批,0.020620113264127608,盒,0.004197858498696331,UNKNOWN,0.0016461037626869152
109023002,服装裁剪定型设备,B 前2个>=90%,83652207.74000001,16,0.7462644974538959,0.9513016188088953,0.9753467080461301,个,0.7462644974538959,套,0.20503712135499938,平方米,0.024045089237234755,副,0.004841213530893476,UNKNOWN,0.004701356373311182
107021807,空盘,B 前2个>=90%,82979726.25999999,10,0.7143722267082832,0.9789860758935698,0.9871059628872775,个,0.7143722267082832,桶,0.2646138491852866,批,0.00811988699370771,套,0.007265688104476522,OTHER,0.002643185147571732
109022401,化学药原料药生产设备,B 前2个>=90%,82604726.09,18,0.46556055361892423,0.9094068554643397,0.9672386795756519,个,0.46556055361892423,套,0.4438463018454155,千克,0.05783182411131218,项,0.008389846838120543,OTHER,0.00776137504894667
103010405,饲料用水产品渣粉,B 前2个>=90%,81993843.44999981,13,0.8470535360664322,0.9639499715389911,0.9817876955492321,箱,0.8470535360664322,千克,0.1168964354725589,个,0.01783772401024096,袋,0.006868978039106682,罐,0.006333379899634418
109060308,标准与校验设备,B 前2个>=90%,81763301.03,17,0.5359327018110731,0.9413525090157431,0.9785091247801347,个,0.5359327018110731,套,0.40541980720467,UNKNOWN,0.03715661576439167,盒,0.006680104681678604,瓶,0.00512964098460397
108032413,锗加工材,B 前2个>=90%,81202130.08,4,0.7850415207975047,0.9308658215681133,0.9976355300062838,千克,0.7850415207975047,OTHER,0.14582430077060857,个,0.06676970843817057,套,0.0023644699937162045,,
109051405,真空电子器件零件,B 前2个>=90%,80130177.02,16,0.5449426799481691,0.9848414866262327,0.9902205153021886,个,0.5449426799481691,套,0.4398988066780636,千米,0.0053790286759558695,OTHER,0.003963188549062312,批,0.0015618344380889527
106040701,中乐器,B 前2个>=90%,79772890.45000008,14,0.8295472925288745,0.9384221598052926,0.9763503761822134,个,0.8295472925288745,套,0.10887486727641812,UNKNOWN,0.03792821637692078,批,0.020262616922639018,副,0.00103722993529815
109061612,电子测量仪器零、附件,B 前2个>=90%,79669995.21,19,0.719898191393402,0.957637076529203,0.9781177098680035,个,0.719898191393402,套,0.23773888513580094,OTHER,0.020480633338800475,期,0.006376302630130408,UNKNOWN,0.0059340889723143745
109060509,物性分析仪器,B 前2个>=90%,78751445.49,16,0.7001348471375214,0.9827633017838083,0.9904262102706961,个,0.7001348471375214,套,0.28262845464628694,OTHER,0.007662908486887763,UNKNOWN,0.004698368997518702,瓶,0.0015250342295653524
103020704,食品用发酵有机酸,B 前2个>=90%,77691606.77000001,15,0.894938980549546,0.9422237154485872,0.9583424941952711,千克,0.894938980549546,OTHER,0.04728473489904115,瓶,0.016118778746683913,箱,0.01437875603869429,个,0.008797723440364369
102051102,天然玉石类矿石,B 前2个>=90%,77103281.35,12,0.5245027078215265,0.9084033600601099,0.9914054425648644,个,0.5245027078215265,批,0.3839006522385834,千克,0.08300208250475452,UNKNOWN,0.006239994998604558,千米,0.0012094167507178345
109061904,望远镜瞄准具及类似器具,B 前2个>=90%,76127803.2400003,11,0.8971776258232147,0.9682793920588113,0.9768966250811785,个,0.8971776258232147,套,0.07110176623559666,UNKNOWN,0.008617233022367157,袋,0.008592813297629544,副,0.007411355326007144
109010514,直线移动式动力头机床,B 前2个>=90%,74977346.65,13,0.6493835501712836,0.9437863461656655,0.9728247928069351,个,0.6493835501712836,套,0.29440279599438196,千米,0.029038446641269613,副,0.016106704944326006,卷,0.004037828804655359
109024703,助听器,B 前2个>=90%,74545251.53000002,13,0.8998114304169414,0.9654384140220768,0.9827844518106758,个,0.8998114304169414,套,0.06562698360513533,批,0.01734603778859903,OTHER,0.009127272174085852,UNKNOWN,0.005681435923917392
109060901,定向罗盘及定位系统,B 前2个>=90%,74356359.03000002,14,0.46078076034057264,0.9213911526028091,0.9867041826294758,个,0.46078076034057264,套,0.46061039226223655,UNKNOWN,0.06531303002666668,OTHER,0.007716219668159293,千克,0.0017427293602113854
102050303,铁铝矾土,B 前2个>=90%,73862779.49000001,12,0.8378486559442092,0.9630016375112179,0.9793705931387772,千克,0.8378486559442092,个,0.1251529815670087,平方米,0.016368955627559204,套,0.013394193216543412,千米,0.0035637704377972624
109020807,橡胶成型压力机,B 前2个>=90%,71434414.37,17,0.5712185003526332,0.9116562831002879,0.9483721995549971,个,0.5712185003526332,套,0.3404377827476546,平方米,0.03671591645470922,批,0.01808846550217753,千克,0.017810544836415938
107021903,污水处理生物药剂,B 前2个>=90%,70990600.24,14,0.6493581871987846,0.982790802502447,0.9891879592874957,千克,0.6493581871987846,套,0.33343261530366236,立方米,0.006397156785048759,个,0.003208424203063197,箱,0.0021709916450764187
104030602,已缝制整张毛皮及其块、片,B 前2个>=90%,68799935.03999999,9,0.8245705260770547,0.921089832325516,0.9471975081388099,个,0.8245705260770547,平方米,0.09651930624846126,OTHER,0.026107675813293908,千克,0.02263481788310712,千米,0.018565936279697978
109024208,微波、射频、高频诊断治疗设备,B 前2个>=90%,68379863.42999999,12,0.5198438036716623,0.9154459062949316,0.9468380327532924,个,0.5198438036716623,套,0.39560210262326934,OTHER,0.031392126458360786,袋,0.017013780689851255,盒,0.015068660689192607
103030101,木质水解酒精,B 前2个>=90%,67626979.17,13,0.5933731107392299,0.916524512860331,0.9736916654885976,千克,0.5933731107392299,批,0.3231514021211011,瓶,0.05716715262826665,OTHER,0.009138329518556254,箱,0.00803581923471564
109042502,车辆用视觉信号装置,B 前2个>=90%,66995037.6,8,0.7337660332919942,0.9900417003422952,0.9988853637123715,套,0.7337660332919942,个,0.256275667050301,UNKNOWN,0.008843663370076233,批,0.0008724825314524489,OTHER,0.0002212775831026625
108040405,锤子,B 前2个>=90%,66937191.74000012,14,0.6556218777516352,0.929955407926111,0.9746560462741038,个,0.6556218777516352,千克,0.27433353017447587,套,0.04470063834799286,UNKNOWN,0.015985239628160088,批,0.006027617973087068
109011702,农用水泵,B 前2个>=90%,66830101.22000002,9,0.8648501963169704,0.959903181633996,0.9889960501843453,个,0.8648501963169704,套,0.09505298531702568,千克,0.029092868550349316,批,0.0077300616124968335,UNKNOWN,0.0022866586644382752
107040405,丙纶纤维加工丝,B 前2个>=90%,66699516.21,8,0.8729773860229323,0.9373534669000563,0.9904829464129632,千克,0.8729773860229323,平方米,0.06437608087712396,千米,0.05312947951290695,批,0.006431830759451321,个,0.0023952268183925407
109041206,内燃机电点火起动装置零件,B 前2个>=90%,65980967.369999975,11,0.6721692625586613,0.9790185499670403,0.9888120483917664,个,0.6721692625586613,套,0.306849287408379,千克,0.009793498424726117,千瓦时,0.006959597870472995,OTHER,0.0019765161863827953
109060305,电磁参量分析与记录装置,B 前2个>=90%,65012786.099999994,13,0.8009396485470726,0.9893448944191611,0.9938055554275038,个,0.8009396485470726,套,0.18840524587208854,OTHER,0.004460661008342789,批,0.003665213787845958,笔,0.0013225398442045849
102049907,钒矿石,B 前2个>=90%,64971094.7,13,0.8119701169203172,0.9062670043021455,0.945239215740042,千克,0.8119701169203172,套,0.09429688738182827,立方米,0.03897221143789655,个,0.03684150792059842,千米,0.015131387342931749
109024401,热力消毒设备及器具,B 前2个>=90%,64214821.319999844,16,0.8427231856696845,0.9513975517513749,0.9799609055425461,个,0.8427231856696845,套,0.10867436608169039,千克,0.02856335379117122,箱,0.009683127465252933,千米,0.004114562410496179
104020106,男浴衣,B 前2个>=90%,64192941.50000001,8,0.8641385855483815,0.9612845547823977,0.9858433380872569,个,0.8641385855483815,套,0.09714596923401615,UNKNOWN,0.02455878330485916,千米,0.008935794132443673,批,0.00518148556878329
109012804,制氧设备,B 前2个>=90%,63948196.05000001,16,0.5156570167236171,0.9685106313487635,0.9744611666805573,套,0.5156570167236171,个,0.45285361462514634,瓶,0.005950535331793772,OTHER,0.005612256829252651,盒,0.0047517221558902745
109012405,飞轮及滑轮,B 前2个>=90%,63122139.95999996,15,0.8123563648585782,0.9171734908969649,0.9840378714879046,个,0.8123563648585782,套,0.10481712603838667,千克,0.06686438059093969,UNKNOWN,0.008276673609783623,OTHER,0.005018305307784755
106051214,居民用煤制品,B 前2个>=90%,62909716.64999999,8,0.7202128477556893,0.9980964544687709,0.9990326317897985,千克,0.7202128477556893,盒,0.27788360671308165,个,0.000936177321027562,平方米,0.0006644442579920603,OTHER,0.0001592782567396924
102050301,耐火粘土,B 前2个>=90%,61158887.38000001,17,0.8057241408566646,0.9504752901866803,0.9641180301995219,千克,0.8057241408566646,个,0.1447511493300158,UNKNOWN,0.013642740012841612,批,0.008872570009791437,平方米,0.00554665093712828
106040999,其他游乐场设备,B 前2个>=90%,60594123.779999994,12,0.7741329778166156,0.9628728924578898,0.9750576548398107,套,0.7741329778166156,个,0.18873991464127415,UNKNOWN,0.012184762381920858,批,0.01058016586439366,平方米,0.007387423269378944
109023211,环境模拟和可靠性设备,B 前2个>=90%,60238746.80999999,13,0.6819391978649298,0.9662974328399712,0.9961465033339395,个,0.6819391978649298,套,0.28435823497504137,UNKNOWN,0.02984907049396834,批,0.002344291132838725,项,0.0006046938545201121
109023803,畜牧饲养机械,B 前2个>=90%,58815694.03,9,0.5942371318813798,0.9983932773121439,0.9993545042590054,套,0.5942371318813798,个,0.40415614543076406,千米,0.0009612269468615501,立方米,0.00025326573537331765,OTHER,0.0002138884902655972
109042602,信号发生器（电气装置）,B 前2个>=90%,58798875.06000001,15,0.5986008102040039,0.9330401565339063,0.980028575397034,个,0.5986008102040039,套,0.33443934632990235,千克,0.04698841886312781,批,0.010141734844272034,项,0.004263687013470559
109061008,空间扫描测量仪,B 前2个>=90%,58210209.11,10,0.4986703137442139,0.9592583983761607,0.9920569199618187,套,0.4986703137442139,个,0.4605880846319468,UNKNOWN,0.032798521585657985,OTHER,0.005482234214224419,千克,0.000818773901154261
109011104,卷扬机及绞盘,B 前2个>=90%,57992449.489999995,11,0.6813004654478857,0.9556370468461826,0.9796413655504657,个,0.6813004654478857,套,0.2743365813982968,千克,0.024004318704283104,OTHER,0.013223980134383527,UNKNOWN,0.006922368058780199
109060508,能谱仪及射线分析仪器,B 前2个>=90%,57715263.28,7,0.7499386890087838,0.996939104667288,0.9992109300484509,个,0.7499386890087838,套,0.2470004156585041,次,0.002271825381162846,箱,0.00047632113998389094,卷,0.00019838772881363177
109061402,供示范用机器或装置,B 前2个>=90%,57710967.57,5,0.6991100121664449,0.9337371225779295,0.9998265217094506,UNKNOWN,0.6991100121664449,个,0.23462711041148465,套,0.06608939913152109,千克,0.0001178285564481656,OTHER,5.564973410131304e-05
104011303,针织或钩编台布,B 前2个>=90%,57693635.44,12,0.5528096726227034,0.9022506878446763,0.9904064629351427,千克,0.5528096726227034,千米,0.34944101522197296,个,0.08815577509046639,平方米,0.004121251818968405,OTHER,0.0025232362095017257
109021803,油脂加工机械,B 前2个>=90%,56270283.599999994,15,0.6199413455595237,0.9729334484818555,0.9876452694828785,套,0.6199413455595237,个,0.3529921029223318,千克,0.014711821001023,桶,0.005896647018142983,盒,0.0036628889497901875
109024209,中医诊断、治疗仪器设备,B 前2个>=90%,55767981.480000004,14,0.5524160032768681,0.9196878886210675,0.9467375246302352,个,0.5524160032768681,套,0.3672718853441994,OTHER,0.027049636009167603,盒,0.025939306419379478,批,0.007026289810050338
109040303,交直流两用电动机,B 前2个>=90%,54832842.6,7,0.8264965767067491,0.9927922959806574,0.9985657701430202,个,0.8264965767067491,套,0.1662957192739083,千克,0.005773474162362686,UNKNOWN,0.0006775136622225745,批,0.0006120054771699908
109030102,动车组,B 前2个>=90%,54242652.550000004,12,0.7916155114357513,0.9149543001100894,0.9384249471037346,个,0.7916155114357513,套,0.12333878867433815,千克,0.023470646993645223,OTHER,0.021826079742481175,UNKNOWN,0.017996270353854586
109025308,取证鉴定专用器材,B 前2个>=90%,54138573.23,12,0.6792106124367474,0.9759654859304832,0.9908552392414054,套,0.6792106124367474,个,0.29675487349373575,批,0.014889753310922266,UNKNOWN,0.005157320988379508,箱,0.0024936009936292886
110020102,高炉煤气,B 前2个>=90%,54016236.25,6,0.7454684618090176,0.9772270286602946,0.9913682871601406,立方米,0.7454684618090176,千克,0.23175856685127705,OTHER,0.01414125849984596,套,0.008536692520852932,个,5.103354456688936e-05
109020804,橡胶挤出机,B 前2个>=90%,53913037.43999999,12,0.6748664921818213,0.9865810615696595,0.993429047836634,个,0.6748664921818213,套,0.31171456938783826,批,0.006847986266974463,千克,0.003919274632507147,千米,0.001919220376243005
107021608,木材热解、水解产品,B 前2个>=90%,53737091.62,15,0.680680853899923,0.9212372338657654,0.9693017052045662,千克,0.680680853899923,盒,0.2405563799658423,UNKNOWN,0.04806447133880075,立方米,0.02575773954772136,个,0.0017473911811976839
109051499,其他真空电子器件,B 前2个>=90%,53683386.99999999,12,0.8759140368695439,0.971822797805213,0.9928569065509968,个,0.8759140368695439,套,0.09590876093566901,OTHER,0.02103410874578387,千克,0.005432324901556603,盒,0.0006668729750602361
109011603,灌装码垛系统搬运设备,B 前2个>=90%,53463847.51,7,0.567174055969845,0.9631416025636499,0.9784790696220509,个,0.567174055969845,套,0.39596754659380484,次,0.015337467058401014,UNKNOWN,0.01496338249600099,千米,0.006170345296198456
109011703,液体提升机,B 前2个>=90%,53225235.17999999,11,0.8397536202300346,0.9816216646729338,0.9892974879664965,个,0.8397536202300346,套,0.14186804444289916,千米,0.007675823293562759,OTHER,0.006660302933395137,批,0.002381577076574977
109024801,手术台床,B 前2个>=90%,51804718.749999985,11,0.648896239592074,0.9548404732918273,0.974890245688285,个,0.648896239592074,套,0.3059442336997533,千克,0.020049772396457614,OTHER,0.01661752540640905,千瓦时,0.007401158605846115
108041903,金属制安全帽,B 前2个>=90%,51084850.51000001,16,0.6413087655720342,0.9113540203251933,0.9333006132741251,个,0.6413087655720342,OTHER,0.27004525475315905,平方米,0.02194659294893177,千克,0.020847558510355708,套,0.017389151208852188
307030200,娱乐服务,B 前2个>=90%,50132847.43,15,0.8797331997066659,0.9079174914920647,0.9258230573239953,UNKNOWN,0.8797331997066659,OTHER,0.028184291785398795,项,0.017905565831930644,次,0.01692675727595312,个,0.016419203619928914
109042305,高强度气体放电灯（HID灯）,B 前2个>=90%,49749495.190000005,12,0.7265721260477377,0.9402726078194,0.9745851793034043,个,0.7265721260477377,OTHER,0.21370048177166234,套,0.03431257148400424,瓦,0.01602528823569355,批,0.007595740390064448
109012999,其他利用温度变化加工机械,B 前2个>=90%,49723449.33000001,14,0.8064333653499578,0.9271729546362105,0.9739313688517997,个,0.8064333653499578,套,0.12073958928625272,千克,0.04675841421558916,千米,0.011548551392502519,OTHER,0.004031518382194262
108012003,生物陶瓷制品,B 前2个>=90%,48732654.04999999,13,0.8793692673916659,0.9166407038731764,0.9430348226642502,个,0.8793692673916659,盒,0.0372714364815105,瓶,0.02639411879107373,千克,0.01912361963794993,套,0.01081530198333206
109061608,微波测量仪器,B 前2个>=90%,47782363.20000001,6,0.6781584582656222,0.9990731144917503,0.9997857786991999,个,0.6781584582656222,套,0.32091465622612814,OTHER,0.000712664207449664,UNKNOWN,0.00018835401594369025,卷,2.42767398327423e-05
110020106,加压气化炉煤气,B 前2个>=90%,47456164.29,9,0.8589104146916717,0.9614880800557006,0.9892936437741754,千克,0.8589104146916717,OTHER,0.10257766536402894,瓶,0.027805563718474726,平方米,0.003795464776700351,UNKNOWN,0.0032988557407069787
109011102,手动葫芦,B 前2个>=90%,47096602.79999997,17,0.8946718263084572,0.9378006888853563,0.9593738206951946,个,0.8946718263084572,盒,0.0431288625768991,套,0.021573131809838324,千克,0.019310243328208816,千米,0.006833014715872463
109061607,集成电路测试仪器,B 前2个>=90%,46659575.910000004,11,0.7655106799276523,0.9306128944196828,0.9823775142837556,个,0.7655106799276523,套,0.1651022144920305,盒,0.051764619864072825,项,0.008063725241003803,OTHER,0.004447200943280069
109011209,悬臂起重机,B 前2个>=90%,45767913.129999995,7,0.8969655372617596,0.9808413903970368,0.9886124001651634,个,0.8969655372617596,套,0.0838758531352771,OTHER,0.007771009768126609,UNKNOWN,0.007308202562129801,千米,0.002414475392096603
109024403,特种消毒灭菌设备,B 前2个>=90%,45093376.38000001,13,0.807487529945745,0.9695451110507418,0.9926097297041654,个,0.807487529945745,套,0.16205758110499682,UNKNOWN,0.023064618653423612,瓶,0.0032359603940573228,盒,0.0011898865045687223
106050601,刺绣工艺品,B 前2个>=90%,44970495.36,15,0.4782037544360285,0.9543626748255593,0.9711901196633828,千米,0.4782037544360285,个,0.4761589203895307,UNKNOWN,0.016827444837823554,套,0.01037585390742736,OTHER,0.00980616927765147
109020207,石油测井仪器设备,B 前2个>=90%,44958912.13,10,0.6382181656671682,0.9038830292978443,0.9911636020273072,个,0.6382181656671682,套,0.2656648636306761,OTHER,0.08728057272946296,批,0.005738186663726109,UNKNOWN,0.0015612922260447941
109061501,离子射线测量或检验仪器,B 前2个>=90%,44113654.98,9,0.5235290279273069,0.976410331212143,0.9936566917856419,套,0.5235290279273069,个,0.4528813032848361,次,0.01724636057349878,盒,0.0016380415549960853,千米,0.0014836777870632927
107020305,氢化物、氮化物、叠氮化物,B 前2个>=90%,42304355.90000001,13,0.8970239206502137,0.9602707765135836,0.987470219349209,千克,0.8970239206502137,立方米,0.06324685586336984,个,0.02719944283562534,瓶,0.007869767377784373,套,0.0024813756826398098
109023608,喷灌机械设备,B 前2个>=90%,41975688.39,11,0.7523544068314445,0.944092087586607,0.9866027312101457,个,0.7523544068314445,套,0.19173768075516245,千米,0.04251064362353868,批,0.00968135927216416,副,0.0013376361926056312
109062702,削笔类用具,B 前2个>=90%,41180352.030000046,15,0.8797811746146941,0.9318904018120896,0.9651590632601981,个,0.8797811746146941,OTHER,0.052109227197395545,千克,0.03326866144810852,盒,0.02679614465646419,套,0.0034201999996841662
109020806,橡胶注射机,B 前2个>=90%,40903680.39,19,0.8433581902921767,0.939136541351212,0.9564595082149281,个,0.8433581902921767,套,0.09577835105903534,批,0.017322966863716,千克,0.0087898293398532,UNKNOWN,0.00850393599508565
107050106,翻新橡胶轮胎,B 前2个>=90%,39118160.71,13,0.7793479426604667,0.9479262929793306,0.9849415353557404,个,0.7793479426604667,批,0.16857835031886395,套,0.037015242376409775,千克,0.006019126045969967,平方米,0.0053172234129818825
109025099,其他地质勘查专用设备,B 前2个>=90%,38307976.730000004,14,0.5752045284277273,0.9678032405967789,0.9881704807018661,个,0.5752045284277273,套,0.3925987121690516,批,0.020367240105087114,千米,0.004578333678026122,副,0.003552342400099395
109062599,其他复印和胶版印制设备,B 前2个>=90%,38071208.18999999,21,0.8376787056728288,0.9209973622326484,0.9379293124030483,个,0.8376787056728288,套,0.08331865655981958,箱,0.01693195017039989,UNKNOWN,0.01683647198168943,千克,0.007791005699627629
101020203,薪材,B 前2个>=90%,37817275.66000001,12,0.743231250254477,0.9430081331247329,0.9666771754969935,千克,0.743231250254477,盒,0.19977688287025583,UNKNOWN,0.023669042372260606,平方米,0.011174146011976365,车,0.008250197682272703
105020103,藤家具,B 前2个>=90%,35367323.56999999,9,0.6325096304141964,0.9291137514254375,0.9737901408297036,个,0.6325096304141964,套,0.2966041210112412,批,0.044676389404266145,千克,0.019325134927081513,立方米,0.003487129291983346
109061701,纺织专用测试仪器,B 前2个>=90%,34746149.980000004,18,0.5347173851115691,0.9653771275179419,0.9740694862447029,个,0.5347173851115691,套,0.4306597424063729,项,0.008692358726761011,批,0.006839318892504245,UNKNOWN,0.006511818435430582
109031805,其他机动船,B 前2个>=90%,33916272.68,6,0.8492409343372458,0.9533646991541997,0.9829964838577304,OTHER,0.8492409343372458,个,0.10412376481695394,套,0.029631784703530693,项,0.01450631101601345,立方米,0.0017873662171535533
109061102,水文仪器,B 前2个>=90%,33487479.249999993,13,0.5216729443736795,0.9434515603320606,0.9876982529223964,个,0.5216729443736795,套,0.421778615958381,UNKNOWN,0.04424669259033584,OTHER,0.0103384610533204,副,0.0005661817617998227
109024602,电疗仪器,B 前2个>=90%,33122474.6,10,0.8581561469444073,0.9514267463578944,0.9803330105051994,个,0.8581561469444073,套,0.09327059941348706,袋,0.02890626414730498,UNKNOWN,0.0072351321238540555,盒,0.005052860996080287
109020906,塑料二次加工机械,B 前2个>=90%,33055062.720000003,9,0.8160700576640745,0.9014014634427533,0.947175380522164,个,0.8160700576640745,套,0.08533140577867886,OTHER,0.0457739170794107,副,0.0357282637762304,批,0.010749330685281482
104010807,充气褥垫,B 前2个>=90%,32507252.56999999,12,0.7005288813923286,0.9691027422930563,0.9804957214198677,个,0.7005288813923286,套,0.2685738609007277,UNKNOWN,0.01139297912681152,OTHER,0.00879030515989251,千克,0.006168588057947958
109042304,卤钨灯,B 前2个>=90%,31581315.57999999,11,0.7383060246789123,0.9286732152023921,0.9815287571373554,个,0.7383060246789123,OTHER,0.19036719052347986,套,0.05285554193496332,千克,0.00967914079531199,批,0.006637557560545426
108040501,农林牧通用金属手工具,B 前2个>=90%,30775768.89000002,15,0.828572690779652,0.9140497035360992,0.9802636859481564,个,0.828572690779652,套,0.08547701275644712,千克,0.06621398241205725,批,0.013655874577890999,OTHER,0.0026669553015349523
109062302,非自动洗印用装置和设备,B 前2个>=90%,30445253.720000006,14,0.558940413060877,0.9834791082831548,0.9962971834284323,套,0.558940413060877,个,0.4245386952222777,UNKNOWN,0.01281807514527752,批,0.0016183284413765098,箱,0.00089544335057031
109022003,酒及饮料加工机械零件,B 前2个>=90%,30185722.59,11,0.823534855787595,0.919642029016606,0.9899267115738771,个,0.823534855787595,套,0.09610717322901098,千米,0.0702846825572712,OTHER,0.004861565250341751,批,0.002787410496771547
109061003,电子速测仪,B 前2个>=90%,30096191.35,6,0.5518787728600748,0.9790658428279828,0.9924200375606661,套,0.5518787728600748,个,0.42718706996790806,OTHER,0.013354194732683343,UNKNOWN,0.006645359131131388,副,0.0008951298749633979
108031302,碱土金属,B 前2个>=90%,29605092.94,6,0.7658478240872565,0.989271251718624,0.9994350434895137,千克,0.7658478240872565,个,0.22342342763136752,UNKNOWN,0.010163791770889809,盒,0.00046264066887945394,瓶,9.3702458749991e-05
109062101,电影摄影机,B 前2个>=90%,29595153.84,5,0.5258249436421919,0.9779481463915243,0.9978928982651304,套,0.5258249436421919,个,0.4521232027493323,UNKNOWN,0.019944751873606073,次,0.0016894657912682098,副,0.0004176359436015015
101010799,其他糖料,B 前2个>=90%,29489220.71,14,0.87793657060665,0.9703842743560923,0.9779895143251481,千克,0.87793657060665,OTHER,0.09244770374944236,批,0.007605239969055798,UNKNOWN,0.00677068960090536,箱,0.005146818950984751
104030402,毛皮手套,B 前2个>=90%,29208909.26,15,0.6732967987589962,0.9106872880196006,0.9439786776892469,个,0.6732967987589962,副,0.23739048926060444,OTHER,0.033291389669646294,套,0.02965325518629106,UNKNOWN,0.012254385359407288
101030106,羊,B 前2个>=90%,28412619.86,12,0.7193081504170732,0.9062033056743258,0.9349165793541152,千克,0.7193081504170732,个,0.18689515525725264,袋,0.028713273679789417,批,0.02575158516198865,UNKNOWN,0.0168333392822157
106010105,秸秆浆,B 前2个>=90%,27836806.74,13,0.8521991344614982,0.9196727688313864,0.979460159876082,千克,0.8521991344614982,OTHER,0.06747363436988822,个,0.05978739104469567,份,0.008406052539918593,箱,0.0037331225154742737
105010509,木制栏杆,B 前2个>=90%,27682794.3,9,0.7671996399583115,0.9537944617823497,0.9857284938175479,千米,0.7671996399583115,个,0.18659482182403822,套,0.03193403203519812,UNKNOWN,0.007022506033648489,平方米,0.0035038731621106615
109021808,淀粉加工机械,B 前2个>=90%,27640754.44,14,0.5718691830323283,0.95405738172753,0.9721807311132133,个,0.5718691830323283,套,0.38218819869520176,千米,0.01812334938568341,千克,0.01482833802129751,包,0.004332777900833592
103040302,烟草代用品制的雪茄烟,B 前2个>=90%,27546845.84,4,0.7009928055705125,0.9692936779436379,0.999979743597389,千克,0.7009928055705125,个,0.2683008723731254,批,0.030686065653751086,瓶,2.025640261106569e-05,,
107020501,有机肥料,B 前2个>=90%,27467932.05,11,0.8727838752608243,0.9185855223491424,0.9394353991785122,千克,0.8727838752608243,袋,0.04580164708831803,桶,0.020849876829369833,个,0.020749923909907153,瓶,0.01309513032671129
109061004,水准仪,B 前2个>=90%,27080855.659999996,9,0.672169052135482,0.9491574691255529,0.9923244301210534,个,0.672169052135482,套,0.2769884169900709,OTHER,0.04316696099550055,UNKNOWN,0.00256823495066773,千克,0.001934170790525162
108040402,锉及类似工具,B 前2个>=90%,27064614.58000004,17,0.7692308419342733,0.9079002834999914,0.9450092601318691,个,0.7692308419342733,套,0.1386694415657182,千克,0.037108976631877774,批,0.033844995918652344,平方米,0.006960675513894561
109024099,其他农产品初加工机械,B 前2个>=90%,26852294.900000002,12,0.5958592373421312,0.9547446274321976,0.9850092809013504,个,0.5958592373421312,套,0.35888539009006637,OTHER,0.030264653469152834,千米,0.0055769989327802295,千克,0.0029204207793800145
109051401,电子管,B 前2个>=90%,26830158.340000004,11,0.8602338445983244,0.9489362655770297,0.9924266939678448,个,0.8602338445983244,UNKNOWN,0.08870242097870525,套,0.04349042839081508,批,0.005065195601078215,千克,0.0014937668086829484
109011101,起重滑车,B 前2个>=90%,26705311.06999999,15,0.6043452554323681,0.9625745576458473,0.978920384094219,个,0.6043452554323681,套,0.35822930221347926,千米,0.016345826448371722,批,0.006872917882098277,千克,0.005111642760579911
107060307,航空航天用纤维增强塑料制品,B 前2个>=90%,26574139.64,12,0.534898799079239,0.9098136770383884,0.9484341333881843,平方米,0.534898799079239,个,0.3749148779591495,千克,0.03862045634979586,千米,0.025407547681570018,套,0.017638477721192557
109022817,织造辅助机械及装置,B 前2个>=90%,26538295.19,9,0.5044122146566566,0.969620536126081,0.9982739968912071,个,0.5044122146566566,套,0.46520832146942437,OTHER,0.02865346076512611,千克,0.000618471528878943,UNKNOWN,0.0005426120968548922
109023602,种植施肥机械,B 前2个>=90%,26190256.96,6,0.8737434953368246,0.9442051484171463,0.974750553191976,个,0.8737434953368246,千克,0.07046165308032167,批,0.030545404774829667,套,0.024295217911447325,卷,0.0009472988385677908
109021802,屠宰及肉制品加工机械,B 前2个>=90%,25589151.830000002,13,0.7399344642522292,0.924622004167459,0.974106704497208,个,0.7399344642522292,套,0.18468753991522976,千克,0.04948470032974907,UNKNOWN,0.011719509188593531,批,0.005992773852715852
108032303,包铂金属材料,B 前2个>=90%,25533988.020000003,10,0.8842569422494778,0.9794611037809987,0.9969484997823695,千克,0.8842569422494778,个,0.0952041615315209,OTHER,0.01748739600137088,套,0.0013136999975767983,UNKNOWN,0.0009841000935818564
109024706,有创医用传感器（植入体内）,B 前2个>=90%,25074299.24,5,0.5631679555563923,0.9941551886017933,0.9963949321520501,个,0.5631679555563923,套,0.430987233045401,UNKNOWN,0.0022397435502568407,瓶,0.002217158671828948,盒,0.0013879091761210074
109061806,定时器,B 前2个>=90%,24141839.18,6,0.6717673653229927,0.9902382018932826,0.9956420983829949,个,0.6717673653229927,套,0.31847083657028985,千瓦时,0.005403896489712264,OTHER,0.0037646497983174786,UNKNOWN,0.00042019126730012457
107022003,明胶衍生物,B 前2个>=90%,23967745.54,9,0.7817327686799198,0.9974205141698946,0.9982569716484064,千克,0.7817327686799198,OTHER,0.21568774548997485,千瓦时,0.000836457478511765,个,0.0008244292299842232,箱,0.000346966300444126
108041107,镍丝,B 前2个>=90%,23938758.740000002,11,0.8575606765148425,0.9530667115115425,0.9734857735568623,千克,0.8575606765148425,个,0.09550603499670009,盒,0.02041906204531973,套,0.012105890833669848,卷,0.003912838632000015
109012607,熔炉,B 前2个>=90%,23610149.2,6,0.4955134591017324,0.9640822684847752,0.9937305351717134,个,0.4955134591017324,套,0.4685688093830428,UNKNOWN,0.029648266686938176,千克,0.005371545894339372,千米,0.0008809770672690201
102051103,彩石类矿石,B 前2个>=90%,23568778.38,13,0.6348797315136874,0.9506801047870008,0.9647873272590041,千克,0.6348797315136874,个,0.3158003732733134,立方米,0.014107222472003236,千米,0.010907183896223645,包,0.008589753645093252
304070203,电影发行服务,B 前2个>=90%,23391638.38,5,0.5031522080156234,0.9576834771502654,0.9827753493169383,UNKNOWN,0.5031522080156234,个,0.454531269134642,OTHER,0.02509187216667292,批,0.016933948514640126,瓶,0.0002907021684216033
108040599,其他农林、畜牧用金属工具,B 前2个>=90%,23283967.39,9,0.8125073928820684,0.9627738806071228,0.9895572671990416,个,0.8125073928820684,批,0.15026648772505433,套,0.026783386591918774,千克,0.009068222629906373,OTHER,0.0011874939324934349
102050206,蜡石,B 前2个>=90%,23028973.900000002,15,0.7766814504053956,0.9156368382527021,0.9424101409919962,千克,0.7766814504053956,立方米,0.13895538784730654,个,0.026773302739294003,盒,0.018665380049781546,OTHER,0.015935202393016736
109061503,核辐射监测报警仪器,B 前2个>=90%,22992817.25999999,10,0.8108713246912483,0.9401634960847769,0.9688206020213462,个,0.8108713246912483,套,0.12929217139352853,千米,0.028657105936569352,平方米,0.01735003133756912,项,0.0076545643802502904
304070201,广播节目发行服务,B 前2个>=90%,22865268.9,8,0.8228012074679778,0.9088744571903985,0.9777215749253664,UNKNOWN,0.8228012074679778,个,0.08607324972242072,次,0.0688471177349679,项,0.011056164749499185,批,0.00743485680153099
101011204,白菜类蔬菜,B 前2个>=90%,22861374.36,12,0.6337686410205831,0.9432485965380081,0.9614694818373991,千克,0.6337686410205831,批,0.309479955517425,个,0.018220885299391074,袋,0.01704297055218687,包,0.006457065427277313
101010203,甘薯,B 前2个>=90%,22800928.41,16,0.5975786794727277,0.9270707819392693,0.9650614683018515,千克,0.5975786794727277,个,0.3294921024665416,UNKNOWN,0.0379906863625822,平方米,0.007543552477651062,袋,0.005999589470225436
109060499,其他绘图、计算仪器及零件,B 前2个>=90%,22692400.09,12,0.6329556526869785,0.9200061741904534,0.948784531588082,个,0.6329556526869785,套,0.2870505215034749,平方米,0.028778357397628625,批,0.027157132676837094,副,0.013709610211618652
107030216,抗艾滋病病毒药品,B 前2个>=90%,22675415.71,6,0.5867664112606472,0.9917298878927587,0.9974046813186297,瓶,0.5867664112606472,盒,0.4049634766321115,OTHER,0.005674793425871,千克,0.0013238121136964153,个,0.0012573568822125908
102040112,钠矿石,B 前2个>=90%,22668285.39,6,0.6260620424454608,0.9808302951668458,0.9931296374065988,千克,0.6260620424454608,UNKNOWN,0.354768252721385,个,0.012299342239752875,千米,0.0034443716697886515,套,0.0026081469763955534
109050202,ATM交换机,B 前2个>=90%,22599126.18,8,0.8517971609466893,0.9880608295271707,0.995197439089656,个,0.8517971609466893,套,0.13626366858048136,UNKNOWN,0.007136609562485305,箱,0.0036675612738226674,千克,0.000573473500558153
106041004,保龄球设备及器材,B 前2个>=90%,22146306.43,9,0.8664473866399038,0.9724696896104493,0.9919686973282794,批,0.8664473866399038,个,0.10602230297054552,千克,0.019499007717830082,包,0.0034818934815939876,套,0.0031191137997813754
109042605,紫外线辐照设备,B 前2个>=90%,21278467.51,11,0.5925871261205313,0.9610898599905797,0.9833204458999124,个,0.5925871261205313,套,0.36850273387004834,OTHER,0.022230585909332714,UNKNOWN,0.006490215516465076,次,0.005368807690042148
109060902,航空或航天导航仪器及装置,B 前2个>=90%,21064946.25,7,0.5555376900142814,0.9401482607628301,0.9901753706112589,个,0.5555376900142814,套,0.38461057074854865,UNKNOWN,0.050027109848428876,千克,0.008015762679669785,千米,0.0015183518448332143
109012803,制氢设备,B 前2个>=90%,20774099.12,8,0.6008858992100544,0.971751795511795,0.9932446649460293,个,0.6008858992100544,套,0.3708658963017406,瓶,0.02149286943423422,批,0.0028304476483117886,项,0.002111764257337384
109022701,搪瓷制品生产设备,B 前2个>=90%,20568024.58,9,0.7142716259822751,0.9188099419317206,0.9698720726635772,个,0.7142716259822751,套,0.20453831594944544,千克,0.0510621307318566,平方米,0.022799272636808567,OTHER,0.0037756178138523017
109060903,船舶导航系统,B 前2个>=90%,20505963.68,8,0.8007572000147033,0.985108673517362,0.9989561573240825,套,0.8007572000147033,个,0.18435147350265862,UNKNOWN,0.013847483806720563,瓶,0.00045840323072297574,次,0.00031454264235778655
109061009,摄影测量系统,B 前2个>=90%,20484802.05,11,0.6772041919731414,0.9854947966167923,0.9908168495091706,套,0.6772041919731414,个,0.3082906046436509,UNKNOWN,0.005322052892378327,批,0.003645434298936757,次,0.0018550337907707534
109023202,制版设备,B 前2个>=90%,20084372.44,15,0.7533140602325934,0.960110214924893,0.9755663194622574,个,0.7533140602325934,套,0.20679615469229967,OTHER,0.015456104537364372,卷,0.005967326106804659,平方米,0.00539424372474941
109024001,碾米机,B 前2个>=90%,19868966.97,7,0.6512004408450633,0.9512180315431871,0.9984119254892496,个,0.6512004408450633,千克,0.3000175906981237,套,0.04719389394606257,OTHER,0.0011305771474640488,盒,0.00018873653600924982
104010306,苎麻印染布,B 前2个>=90%,19691035.99,10,0.5899535431198001,0.9419053334430476,0.9734767550947938,千米,0.5899535431198001,个,0.3519517903232475,千克,0.03157142165174622,套,0.023488148121555488,卷,0.0018221489218861564
104010509,枕巾,B 前2个>=90%,19201828.73000002,9,0.8297288307289263,0.958820896117846,0.9827266920946024,个,0.8297288307289263,套,0.12909206538891974,OTHER,0.0239057959767564,千米,0.015505627312196098,UNKNOWN,0.0008882851857412637
109011211,铁路起重机,B 前2个>=90%,19171703.0,3,0.8526537783315338,0.9882703169353292,1.0,个,0.8526537783315338,UNKNOWN,0.13561653860379538,套,0.011729683064670884,,,,
107020502,微生物肥料,B 前2个>=90%,18631099.84,11,0.8918901719545506,0.988502825821366,0.9965064112930007,千克,0.8918901719545506,UNKNOWN,0.09661265386681542,桶,0.008003585471634723,批,0.0014599245473207662,瓶,0.0007871247605315822
108032408,铟加工材,B 前2个>=90%,18329401.66,5,0.572275981757279,0.942401988914678,0.9919113944497411,个,0.572275981757279,千克,0.37012600715739896,套,0.04950940553506317,平方米,0.0049336034900334,OTHER,0.003155002060225462
108041112,银丝,B 前2个>=90%,17241002.21,8,0.5655594814751781,0.9208843242761814,0.9672298029361485,千克,0.5655594814751781,卷,0.3553248428010033,个,0.04634547865996706,OTHER,0.026259784349276526,千米,0.006019371654613343
109023003,羽绒加工设备,B 前2个>=90%,17217746.57,10,0.6134397853435242,0.9261337158826586,0.9633888269038449,千克,0.6134397853435242,个,0.3126939305391344,UNKNOWN,0.037255111021186324,套,0.031922876653190276,立方米,0.001951474884555697
109024610,医用刺激器,B 前2个>=90%,16946087.68,6,0.5908733832303646,0.9279490090541064,0.9802833547005465,套,0.5908733832303646,个,0.33707562582374173,盒,0.05233434564644009,箱,0.009795771338768383,包,0.006203201705610437
109021601,原料压榨、轧碎机械,B 前2个>=90%,16693975.16,10,0.5244374827499144,0.976527205399292,0.9881906227779483,个,0.5244374827499144,千克,0.45208972264937763,UNKNOWN,0.011663417378656265,瓶,0.00433809199462113,批,0.004223080442153958
103010908,水产品油脂制品,B 前2个>=90%,16622071.620000001,14,0.858158991616714,0.9267886267235323,0.9681785296025575,千克,0.858158991616714,瓶,0.06862963510681828,包,0.04138990287902513,盒,0.020759203057747384,箱,0.00386411341909499
110020103,油制气,B 前2个>=90%,16585423.65,6,0.8939792569000793,0.9551196908979772,0.9775607179018306,立方米,0.8939792569000793,瓶,0.061140433997897904,UNKNOWN,0.022441027003853472,千克,0.021247693603533607,批,0.0011132064148388515
109022403,制药专用粉碎机械,B 前2个>=90%,16364832.25,11,0.7897386103667516,0.9852377344106293,0.9941635820923249,个,0.7897386103667516,套,0.1954991240438777,千克,0.008925847681695607,批,0.0029331189752953317,副,0.0012649075580961119
109025102,邮政分拣机,B 前2个>=90%,16028863.31,6,0.5671033075894388,0.9691154356721506,0.995968896936086,套,0.5671033075894388,个,0.4020121280827118,UNKNOWN,0.02685346126393538,千米,0.0029163016176472715,平方米,0.0006013526856883528
107030503,兽用疫苗,B 前2个>=90%,16013993.37,9,0.8774650885221392,0.9529111270014221,0.9749218767161262,瓶,0.8774650885221392,OTHER,0.07544603847928283,桶,0.02201074971470405,包,0.015981647680674668,个,0.0064502899191596205
109024603,光谱辐射治疗仪器,B 前2个>=90%,15770402.92,6,0.7098210474891278,0.9908103806392792,0.9980029045446861,个,0.7098210474891278,套,0.2809893331501514,盒,0.007192523905406978,OTHER,0.0016912059974178517,袋,0.00030335306106433964
307020101,学历教育服务,B 前2个>=90%,15528751.299999999,12,0.8000066914588296,0.9524370327187865,0.9821459250236044,UNKNOWN,0.8000066914588296,个,0.15243034125995694,OTHER,0.029708892304817842,次,0.012477287211110143,元,0.0038058436804252254
106050301,镶嵌漆器工艺品,B 前2个>=90%,15310982.87,11,0.8452492978329614,0.9633936603052317,0.9794005686847197,千克,0.8452492978329614,桶,0.11814436247227021,批,0.016006908379487986,个,0.011705824604583337,OTHER,0.007489527679159372
109061304,金属、矿藏探测器,B 前2个>=90%,15182062.15,6,0.5651107619790636,0.96824378893746,0.9878722160283081,套,0.5651107619790636,个,0.4031330269583964,OTHER,0.019628427090848128,UNKNOWN,0.010661950820692694,千克,0.0013077518589923569
108032204,钯材,B 前2个>=90%,14659331.77,5,0.4762709692053037,0.910301777691467,0.9921718123444858,千克,0.4762709692053037,OTHER,0.4340308084861634,立方米,0.08187003465301884,个,0.0067606082974954055,套,0.0010675793580187183
109023804,畜产品采集加工机械设备,B 前2个>=90%,13869637.42,6,0.8654417845625267,0.9837032855902875,0.9992202881969786,个,0.8654417845625267,套,0.11826150102776081,盒,0.015517002606691071,箱,0.0005710315100652429,千克,0.00012112789607444547
109012202,真空浸渍设备,B 前2个>=90%,13600711.790000001,10,0.790231206715395,0.9382131146534648,0.9778805238545534,个,0.790231206715395,套,0.14798190793806976,UNKNOWN,0.039667409201088584,桶,0.01776193803162709,千克,0.0030234814644212087
109021404,糖果生产专用机械,B 前2个>=90%,13425035.04,4,0.8045465064201426,0.9984449202599622,0.9999910614758439,个,0.8045465064201426,套,0.19389841383981968,批,0.0015461412158816982,千米,8.938524155986115e-06,,
107021606,五倍子单宁产品,B 前2个>=90%,13415301.370000001,10,0.6556375058162409,0.9979510411848467,0.9986964586543612,个,0.6556375058162409,千克,0.3423135353686057,批,0.0007454174695145145,OTHER,0.0005263392752241987,瓶,0.0004665567941691346
106041003,台球器材及配件,B 前2个>=90%,13318443.81,11,0.6129273109123099,0.9723223429659834,0.9854914603570339,个,0.6129273109123099,套,0.3593950320536735,千克,0.013169117391050507,批,0.005177337606682443,副,0.004478676401758983
301020203,港澳台水路货物运输服务,B 前2个>=90%,13182874.42,3,0.7672680553381165,0.9682542678730911,1.0,UNKNOWN,0.7672680553381165,千克,0.2009862125349746,月,0.031745732126908933,,,,
109060401,绘图台及绘图机,B 前2个>=90%,12965983.16,11,0.5235683662572334,0.9908263678479126,0.9946002043087645,套,0.5235683662572334,个,0.46725800159067926,卷,0.0037738364608519205,箱,0.0013091949750766141,OTHER,0.0012962888963061092
109020801,橡胶前加工机械,B 前2个>=90%,12814374.14,8,0.5071826160992674,0.967945111051674,0.9941716232736747,个,0.5071826160992674,套,0.4607624949524066,千米,0.026226512222000724,千克,0.0028842610334459924,OTHER,0.001780188384604166
109020410,石材加工机床,B 前2个>=90%,12699148.15,12,0.854847684409446,0.9271146057147148,0.9545927440810272,个,0.854847684409446,套,0.07226692130526881,平方米,0.02747813836631239,千克,0.022820428313532194,OTHER,0.011714877111658863
109061599,其他核子及核辐射测量仪器,B 前2个>=90%,12610597.0,6,0.5783389945773384,0.9600157700702037,0.9989512788331909,套,0.5783389945773384,个,0.3816767754928653,UNKNOWN,0.038935508762987195,千米,0.0009515806428514051,瓶,8.326330624949795e-05
106051303,宠物消毒用品,B 前2个>=90%,12558082.919999987,12,0.7571973262619618,0.9874265784828884,0.9915988403108904,瓶,0.7571973262619618,个,0.23022925222092658,桶,0.0041722618280020125,UNKNOWN,0.0025869306809769045,包,0.002209206626261075
109021406,调味食品加工机械,B 前2个>=90%,12511998.389999999,13,0.797414639852747,0.9036657724505989,0.9779201578046238,个,0.797414639852747,套,0.10625113259785195,平方米,0.07425438535402498,批,0.008629796506871195,千米,0.005407609391484265
109062502,胶印设备,B 前2个>=90%,12368153.75,11,0.8843803263684363,0.9445505841969339,0.9975037583923954,个,0.8843803263684363,套,0.06017025782849764,千克,0.05295317419546147,UNKNOWN,0.0009717618524915249,卷,0.0005387222810033389
109023004,制帽机械,B 前2个>=90%,12327480.34,11,0.8650801093064245,0.9338085555608356,0.9662982443661313,个,0.8650801093064245,OTHER,0.06872844625441114,UNKNOWN,0.03248968880529563,套,0.03068630081465618,箱,0.0013017177523237486
109022804,丝、绢预处理机械,B 前2个>=90%,11957302.5,7,0.8206549621037019,0.9564867209807564,0.9907202648757946,千米,0.8206549621037019,套,0.13583175887705443,个,0.0342335438950382,千克,0.004719793615658716,副,0.003616702011176852
109022815,纺织废料回用、处理设备,B 前2个>=90%,11805993.43,6,0.5960175686799446,0.9974046233227489,0.9989123321068966,个,0.5960175686799446,千克,0.4013870546428044,套,0.0015077087841476125,桶,0.000952905832677564,OTHER,0.0001250212452472964
109032302,浮动结构体、浮式装置,B 前2个>=90%,11676561.420000002,7,0.7083197871792636,0.9424617277438172,0.9809511411793695,个,0.7083197871792636,套,0.2341419405645536,千克,0.038489413435552323,千米,0.0135823376673507,OTHER,0.0035857088824356987
109042503,自行车照明或视觉、音响信号装置,B 前2个>=90%,11244661.69,7,0.7947730226466244,0.9963157851127845,0.9985390623166005,个,0.7947730226466244,套,0.2015427624661601,批,0.0022232772038159915,盒,0.0011801155397855284,OTHER,0.00022718335779473326
102040201,金矿砂及其精矿石,B 前2个>=90%,11042828.57,10,0.6760379392541814,0.9187616647027238,0.9657702727517755,千克,0.6760379392541814,个,0.2427237254485424,套,0.047008608049051694,OTHER,0.01508067783035411,立方米,0.007969878318956824
109010607,开槽机床,B 前2个>=90%,10808202.79,7,0.8274668752768655,0.9219828664965306,0.9956704180233095,个,0.8274668752768655,副,0.09451599121966513,套,0.07368755152677886,千克,0.0023577462872529987,千米,0.0013702555630897817
109010705,金属拉拔机,B 前2个>=90%,10585068.620000001,7,0.7695761191957203,0.9495696618355979,0.998810632178972,个,0.7695761191957203,套,0.17999354263987755,千克,0.04924097034337411,批,0.0010108578776506787,副,0.00015115631815337252
109060408,机械量仪表,B 前2个>=90%,10330003.59,14,0.6793438365107093,0.9166849582866409,0.9640382816168993,个,0.6793438365107093,套,0.23734112177593156,批,0.0473533233302584,UNKNOWN,0.022625258351918927,次,0.005118584861982608
109061002,经纬仪,B 前2个>=90%,9711204.61,7,0.7418803391889403,0.9924544891243929,0.9967089561714012,个,0.7418803391889403,套,0.25057414993545274,副,0.004254467047008291,千克,0.001659938251470947,UNKNOWN,0.0008562274541551443
109062301,自动洗印设备,B 前2个>=90%,9225137.63,11,0.8871613170718624,0.940598705192434,0.9639913101220583,个,0.8871613170718624,套,0.05343738812057159,卷,0.02339260492962423,UNKNOWN,0.015950127347856162,平方米,0.010533934982604697
109024605,磁疗设备,B 前2个>=90%,9111684.79,10,0.7807394026412541,0.9015475073298712,0.9547470188551157,个,0.7807394026412541,盒,0.12080810468861711,OTHER,0.053199511525244506,UNKNOWN,0.029257377328567577,瓶,0.012210255574479767
109024003,茶叶加工机械,B 前2个>=90%,9045279.6,9,0.6548070841281678,0.9008727778851634,0.9563200898731754,个,0.6548070841281678,套,0.24606569375699563,OTHER,0.05544731198801196,次,0.01691987498097903,千米,0.012669591772486503
102049905,铌矿石,B 前2个>=90%,8992122.090000002,8,0.8788797906546217,0.9529163754937406,0.9896646754715048,千克,0.8788797906546217,个,0.07403658483911887,套,0.036748299977764194,项,0.008896676357293541,包,0.0008896676357293542
109022901,生皮处理机械,B 前2个>=90%,8936007.219999999,7,0.8277452824170839,0.9876691012789939,0.9970708394302306,个,0.8277452824170839,套,0.15992381886191,平方米,0.009401738151236634,千克,0.0014027517762010046,副,0.0006803933625290872
109032502,航天器及其运载工具零件,B 前2个>=90%,8882214.959999999,4,0.8666922231298937,0.9328283167332847,0.9937964797915676,个,0.8666922231298937,套,0.06613609360339102,批,0.06096816305828293,UNKNOWN,0.006203520208432335,,
106041002,投币式游戏机,B 前2个>=90%,8768118.040000001,6,0.8691597028271758,0.9806120322257887,0.9932886407628699,个,0.8691597028271758,套,0.11145232939861288,箱,0.012676608537081236,UNKNOWN,0.005547373994978744,OTHER,0.0011088993049185728
109010706,金属丝加工机,B 前2个>=90%,8752228.64,8,0.5785194546745753,0.9775892394876924,0.9941735868545591,个,0.5785194546745753,套,0.399069784813117,OTHER,0.016584347366866776,千克,0.0026468686951487135,批,0.0021739034459227744
109061902,天文仪器,B 前2个>=90%,7508834.08,5,0.8451440692907147,0.9854176841792728,0.9969987098183425,个,0.8451440692907147,套,0.14027361488855805,千克,0.011581025639069655,OTHER,0.0020558118391663808,UNKNOWN,0.0009454783424912222
101010901,饲料牧草,B 前2个>=90%,7489651.5,8,0.6715941776463163,0.9431192239051442,0.9795413444804474,UNKNOWN,0.6715941776463163,千克,0.27152504625882795,个,0.036422120575303134,套,0.019841216911093924,瓶,0.00024358943803994086
109010401,潮汐能源原动机,B 前2个>=90%,7309744.13,5,0.8178691105566782,0.9615819384364689,0.9985761225270138,个,0.8178691105566782,套,0.14371282787979064,UNKNOWN,0.036994184090544904,千克,0.001082005041399445,包,0.0003418724315867401
101011908,水果籽,B 前2个>=90%,7282629.359999999,9,0.6473151779345805,0.9785490937026075,0.9881719917708404,UNKNOWN,0.6473151779345805,千克,0.33123391576802697,瓶,0.009622898068232874,盒,0.007800726522213127,平方米,0.0012248323454428828
102050307,蓝晶石,B 前2个>=90%,7264571.66,6,0.7797647631711847,0.9859750423330534,0.9988124131189313,千克,0.7797647631711847,个,0.2062102791618687,UNKNOWN,0.012837370785877829,套,0.0010378189317771832,瓶,8.094076671273416e-05
108011102,眼镜用光学玻璃坯件,B 前2个>=90%,7078906.429999999,11,0.5738243710617884,0.9114894050096944,0.9945133912442462,个,0.5738243710617884,副,0.3376650339479061,套,0.08302398623455179,千克,0.0028743140202801077,UNKNOWN,0.0009539623198551024
106051112,Spa精油温灸仪,B 前2个>=90%,6854723.77,8,0.8362145860766028,0.9168220063811559,0.9506850995981128,批,0.8362145860766028,套,0.08060742030455299,UNKNOWN,0.033863093216956866,个,0.02143100508921018,OTHER,0.02104534111664138
109024505,兽医专用仪器及机械,B 前2个>=90%,6821746.44,11,0.5263167975501594,0.9484797180470987,0.9702898661240771,个,0.5263167975501594,套,0.42216292049693943,UNKNOWN,0.021810148076978363,OTHER,0.012618762769493965,千克,0.01148093097403368
109041205,去雾器,B 前2个>=90%,6745042.29,6,0.8422684033312414,0.9445318525942111,0.9798787028806013,套,0.8422684033312414,个,0.10226344926296971,OTHER,0.035346850286390126,平方米,0.0186424331521871,千克,0.0014677446892627265
106050202,珐琅珀晶工艺品,B 前2个>=90%,6626730.57,7,0.5537571086129128,0.9610384914140246,0.9939804071436693,个,0.5537571086129128,套,0.40728138280111187,批,0.03294191572964464,千克,0.0044290317359318866,平方米,0.0013113887622565586
102049906,钛钽铌矿石,B 前2个>=90%,6524081.86,8,0.6455384053075018,0.9784038945213358,0.993796659688142,千克,0.6455384053075018,个,0.332865489213834,立方米,0.015392765166806169,套,0.0022049079561978395,瓶,0.002023273202767569
109025003,专用勘探设备,B 前2个>=90%,6436076.19,10,0.5692836740641506,0.9158837505930768,0.9430742304497175,个,0.5692836740641506,套,0.3466000765289262,元,0.027190479856640727,千米,0.017215458103518815,千克,0.015269396616636385
109011107,单轨（猫头）小车,B 前2个>=90%,6412923.510000001,9,0.6616682630602592,0.9680889286016138,0.9842762415857975,个,0.6616682630602592,套,0.3064206655413546,千米,0.016187312984183713,批,0.007426254176544824,项,0.004536152654033448
109011212,浮式起重机,B 前2个>=90%,6352921.3,5,0.8554959275192029,0.9592156131384786,0.990697193116496,个,0.8554959275192029,套,0.10371968561927566,项,0.03148157997801736,批,0.00536760938625196,副,0.00393519749725217
107020237,活性硅酸钙,B 前2个>=90%,5860727.5,6,0.5265114271223155,0.9821986434277997,0.9990216402315242,UNKNOWN,0.5265114271223155,千克,0.45568721630548426,个,0.01682299680372445,袋,0.00047313238842788715,千米,0.0003415958172428252
101020406,染色、鞣革用植物原料,B 前2个>=90%,5853945.9,9,0.5778714063619891,0.985833017349887,0.9897192849014884,千克,0.5778714063619891,千米,0.4079616109878979,OTHER,0.0038862675516013905,箱,0.003442464338455878,套,0.0028549973446116064
101040700,海水产品种苗,B 前2个>=90%,5800295.48,9,0.8156074852241838,0.9752235087857972,0.9817405905672929,千克,0.8156074852241838,OTHER,0.15961602356161345,箱,0.006517081781495724,个,0.004976262002431641,包,0.004651509581370499
104020406,舞蹈、戏剧用靴鞋,B 前2个>=90%,5681054.05,6,0.797261833831699,0.9991079507507943,0.9996016971533654,个,0.797261833831699,套,0.20184611691909532,千克,0.0004937464025711919,UNKNOWN,0.0002565967489782992,OTHER,0.00011970313853993345
301040303,港澳台固体管道运输服务,B 前2个>=90%,5540477.58,4,0.5948535613422696,0.9662252707825233,0.9875940947314508,千克,0.5948535613422696,UNKNOWN,0.37137170944025366,项,0.021368823948927522,次,0.01240590526854907,,
109060803,速度计及转速表,B 前2个>=90%,5448974.2700000005,5,0.8203252683004503,0.9712942322262058,0.9991526864009215,个,0.8203252683004503,套,0.1509689639257555,副,0.02785845417471571,千米,0.0008258435032030348,OTHER,2.147009587549401e-05
109060312,非电量电测仪表及装置,B 前2个>=90%,5420082.779999999,8,0.8405360259091835,0.958779688600992,0.9967074119115206,个,0.8405360259091835,套,0.11824366269180858,UNKNOWN,0.03792772331052848,批,0.0013112899356861854,千米,0.0009778448439121442
109023706,木材运输机械,B 前2个>=90%,5383136.08,5,0.8188188510367361,0.9751427424439175,0.9937174168556407,千克,0.8188188510367361,个,0.15632389140718136,UNKNOWN,0.018574674411723214,套,0.006256575999468324,次,2.6007144890901587e-05
106051302,宠物服装,B 前2个>=90%,5246753.149999995,6,0.5007424906201272,0.9856738505031442,0.9979684159526355,个,0.5007424906201272,千克,0.48493135988301694,OTHER,0.01229456544949138,UNKNOWN,0.0019128801590370247,套,0.00010383755141977672
101011205,芥菜类蔬菜,B 前2个>=90%,4920303.910000001,12,0.829522867826268,0.9196080349435163,0.9463596324886362,千克,0.829522867826268,UNKNOWN,0.09008516711724823,包,0.026751597545119923,个,0.02335756939046474,批,0.010974931830989274
109023704,风力灭火机具,B 前2个>=90%,4817517.53,7,0.6207848713318538,0.9709276408175311,0.9984439599953049,套,0.6207848713318538,个,0.35014276948567735,OTHER,0.027516319177773703,千米,0.000990136511241714,千克,0.00023585798970616304
109020908,连续混炼挤出造粒机,B 前2个>=90%,4753895.8,5,0.49447318555025965,0.9238945035353952,0.9819516447962533,套,0.49447318555025965,个,0.4294213179851355,OTHER,0.05805714126085809,千克,0.015566180478755971,副,0.002482174724990817
109011208,桅杆起重机及甲板起重机,B 前2个>=90%,4695659.66,7,0.8378851843789717,0.9714434158969689,0.9951029244738746,个,0.8378851843789717,套,0.1335582315179972,千克,0.02365950857690568,OTHER,0.0036203645985705872,批,0.0010648131172266433
108041109,钛丝,B 前2个>=90%,4506277.539999999,7,0.8377595446551213,0.964003981432533,0.9772521667629022,千克,0.8377595446551213,个,0.12624443677741165,副,0.013248185330369157,套,0.012893580007945986,千米,0.008500142226037859
109061502,离子射线应用设备,B 前2个>=90%,4459021.58,3,0.5531209987999206,0.9914073526416978,1.0,套,0.5531209987999206,个,0.4382863538417771,OTHER,0.008592647358302312,,,,
104010307,黄红麻织物,B 前2个>=90%,4102973.9899999998,8,0.490349108939879,0.9106998750435656,0.9778255747607115,个,0.490349108939879,千米,0.42035076610368666,包,0.06712569971714591,副,0.013951706771604467,千克,0.006241716389725396
106051004,工艺扇,B 前2个>=90%,3991435.18,6,0.7167604335240638,0.9255028488274234,0.9941206611302151,个,0.7167604335240638,OTHER,0.2087424153033596,套,0.06861781230279179,UNKNOWN,0.004610371751045197,包,0.0010021457995968257
101010701,甘蔗,B 前2个>=90%,3928163.57,11,0.8220448187701104,0.9498220844199723,0.9816696762451773,千克,0.8220448187701104,套,0.12777726564986194,袋,0.03184759182520498,个,0.007765055974998516,OTHER,0.004357074163283888
104011304,针织或钩编相关餐桌用制品,B 前2个>=90%,3912920.4,10,0.8815831699515277,0.9330921605254223,0.9784648519811443,个,0.8815831699515277,OTHER,0.051508990573894624,千克,0.045372691455721925,千米,0.011449088000870144,副,0.008528668255045516
102049902,铍矿石,B 前2个>=90%,3776997.89,11,0.8614248312434191,0.9469392184383773,0.9828788201944163,千克,0.8614248312434191,个,0.08551438719495816,套,0.0359396017560391,批,0.007513904118172541,OTHER,0.004841675990451771
109024212,医用电泳仪,B 前2个>=90%,3762055.9499999997,6,0.7812824580665793,0.9064856411824498,0.9562589572863743,个,0.7812824580665793,批,0.12520318311587048,套,0.049773316103924506,UNKNOWN,0.031104601195524488,盒,0.008237251229610235
109032601,潜水装备,B 前2个>=90%,3726748.2,9,0.501998128019489,0.9234505352414204,0.966373746420539,个,0.501998128019489,UNKNOWN,0.42145240722193145,套,0.04292321117911856,批,0.010221511611651144,千克,0.009804794431778353
107021004,植物性着色料,B 前2个>=90%,3711289.44,12,0.7085543185227828,0.9815789522468504,0.9895558563602629,千克,0.7085543185227828,瓶,0.2730246337240676,桶,0.0079769041134124,份,0.0068439825054442535,罐,0.002585144639109581
405030000,采矿权,B 前2个>=90%,3671081.88,8,0.8444845692191426,0.9534442745798959,0.9836207194594092,OTHER,0.8444845692191426,平方米,0.10895970536075322,次,0.030176444879513285,项,0.006809981585047076,千克,0.005064904735930325
103010404,饲料用植物根粉,B 前2个>=90%,3607869.75,10,0.7312260621381912,0.9748951524649692,0.9874734779435982,千克,0.7312260621381912,个,0.243669090326778,瓶,0.012578325478629046,袋,0.006503061813692138,箱,0.0025078510664083703
109060403,划线用具,B 前2个>=90%,3492381.5999999996,15,0.8736576266465269,0.9054808042740805,0.9315505499169965,个,0.8736576266465269,项,0.03182317762755365,OTHER,0.026069745642916,千克,0.021384490171406242,套,0.012107597291200943
109022407,脏器生化制药机械,B 前2个>=90%,3475207.5,3,0.7762196933564399,0.9925184323526006,1.0,套,0.7762196933564399,个,0.21629873899616067,批,0.0074815676473994714,,,,
101020405,编结用原料,B 前2个>=90%,3451249.92,7,0.8507187998717868,0.9173059017412452,0.9736217306453426,千克,0.8507187998717868,个,0.06658710186945836,包,0.05631582890409745,OTHER,0.02414371660456279,平方米,0.0012430279172596112
109021702,采盐及盐加工机械,B 前2个>=90%,3152814.5,4,0.8972339825257718,0.9618560463991777,0.9823076143553641,个,0.8972339825257718,UNKNOWN,0.06462206387340581,套,0.02045156795618645,千米,0.017692385644635926,,
107021610,林产色素（紫胶红色素）,B 前2个>=90%,3149289.14,8,0.7794409502837837,0.9607040781272944,0.989717215993702,千克,0.7794409502837837,批,0.18126312784351073,个,0.029013137866407527,瓶,0.00522222611798674,桶,0.0026228141122666177
101010801,未去梗烤烟叶,B 前2个>=90%,3104917.9,6,0.8950136813601416,0.9652479055887435,0.9975876978904981,千克,0.8950136813601416,个,0.07023422422860198,UNKNOWN,0.03233979230175458,盒,0.002166240852938495,包,0.00021256600697879967
302020000,邮政特殊服务,B 前2个>=90%,2997671.88,8,0.49169160902293285,0.9170434557367233,0.9715023847106309,票,0.49169160902293285,UNKNOWN,0.42535184671379045,个,0.05445892897390758,OTHER,0.027581404272972,元,0.00030623765266797647
109061005,平板仪,B 前2个>=90%,2995350.95,5,0.6521951225782073,0.9930533448843448,0.9989374200041568,个,0.6521951225782073,套,0.34085822230613744,UNKNOWN,0.00588407511981192,千克,0.0008956546477467023,副,0.0001669253480965227
101011303,切叶,B 前2个>=90%,2971348.19,10,0.8057842019517747,0.9478002071510846,0.9802693066409024,千克,0.8057842019517747,元,0.14201600519930987,批,0.032469099489817785,千米,0.00979353415999355,OTHER,0.005558574405916393
109023707,木生产专用工具,B 前2个>=90%,2936161.21,6,0.7744857612910158,0.950641358006361,0.9942313351384409,个,0.7744857612910158,套,0.1761555967153452,千克,0.043589977132079884,UNKNOWN,0.003419975703582025,OTHER,0.0023377905738356923
109020206,石油专用工程车辆设备,B 前2个>=90%,2851111.82,7,0.47186843762585223,0.9333721432223587,0.99153425346888,个,0.47186843762585223,OTHER,0.46150370559650655,套,0.058162110246521306,桶,0.004242555453331887,立方米,0.0032201087083283883
109021602,酿酒设备,B 前2个>=90%,2712630.5,6,0.592518221703988,0.9932862216214113,0.9983012798831244,套,0.592518221703988,个,0.40076799991742335,UNKNOWN,0.005015058261713123,OTHER,0.0013639896771786648,平方米,0.00020644168087028439
109051402,电子束管,B 前2个>=90%,2668787.09,7,0.8397810519984193,0.9683204852433546,0.9918435269409221,个,0.8397810519984193,套,0.12853943324493525,千米,0.023523041697567564,千克,0.003747020523844036,UNKNOWN,0.0026716256335007978
109040203,旋转式变流机,B 前2个>=90%,2308386.96,5,0.7925242568516329,0.9460578741096337,0.9845843436925324,个,0.7925242568516329,千克,0.1535336172580008,套,0.0385264695828987,千米,0.013723868895880438,UNKNOWN,0.0016917874115871805
106050304,彩绘雕填漆器工艺品,B 前2个>=90%,2300034.7,9,0.7293172707350893,0.9493233123830697,0.972018622153831,千克,0.7293172707350893,个,0.22000604164798035,罐,0.02269530977076128,桶,0.015431071539920679,瓶,0.007479039337971726
108032406,镓加工材,B 前2个>=90%,2142759.0,2,0.6630512344132028,1.0,1.0,立方米,0.6630512344132028,千克,0.3369487655867972,,,,,,
109060505,波谱仪器,B 前2个>=90%,2123456.0,6,0.5593325220772175,0.9735054552578438,0.9920224388920703,个,0.5593325220772175,套,0.4141729331806263,UNKNOWN,0.018516983634226467,OTHER,0.0047093040778805875,瓶,0.0031269779077127097
109061006,垂准仪,B 前2个>=90%,1986366.45,5,0.7634721981938429,0.9613503389568426,0.9951024192942849,个,0.7634721981938429,套,0.1978781407629997,批,0.033752080337442265,项,0.004721379582302148,副,0.00017620112341305402
301040202,国际气体管道运输服务,B 前2个>=90%,1964348.16,2,0.701173136232632,1.0,1.0,立方米,0.701173136232632,元,0.298826863767368,,,,,,
108031399,其他碱金属及碱土金属,B 前2个>=90%,1902099.04,5,0.7556220626660954,0.9998475368559147,0.9999211397530593,千克,0.7556220626660954,个,0.24422547418981924,包,7.360289714461976e-05,盒,5.257349796044269e-05,OTHER,2.6286748980221345e-05
109012805,稀有气体提取设备,B 前2个>=90%,1782177.91,5,0.6453363906861578,0.9593601067583652,0.9867953699414893,套,0.6453363906861578,个,0.3140237160722074,UNKNOWN,0.02743526318312407,瓶,0.01303629669610258,桶,0.00016833336240824578
110030204,人造雪,B 前2个>=90%,1697158.4,9,0.7019583440178595,0.9464019386758479,0.9632248822502367,个,0.7019583440178595,OTHER,0.24444359465798834,瓶,0.016822943574388814,批,0.013257454342505685,UNKNOWN,0.00944119299648165
103020905,雪泥,B 前2个>=90%,1641056.7899999998,10,0.7359290655626854,0.9329892599268306,0.9731687652320674,个,0.7359290655626854,OTHER,0.19706019436414507,袋,0.04017950530523689,箱,0.018587961236856406,瓶,0.003743928934963915
109013606,镁铸件,B 前2个>=90%,1622693.6199999999,6,0.5109421641776098,0.9642847304717942,0.9828636782339725,千克,0.5109421641776098,个,0.45334256629418435,OTHER,0.018578947762178298,箱,0.009095986955319392,副,0.007424075531892459
109023999,其他渔业捕捞养殖机械,B 前2个>=90%,1542253.75,3,0.8448661577253419,0.9939985556851458,1.0,OTHER,0.8448661577253419,套,0.14913239795980396,个,0.006001444314854154,,,,
109042206,铜制家用烹饪或供暖器具,B 前2个>=90%,1492819.75,6,0.8667819607826062,0.9173107001029427,0.9507330205136956,个,0.8667819607826062,UNKNOWN,0.050528739320336566,OTHER,0.033422320410752875,套,0.027177628109488774,卷,0.020801573666211208
109061611,干扰场强测量仪器,B 前2个>=90%,1450189.0799999998,4,0.7907261651701308,0.998766009188264,0.9997793391190065,个,0.7907261651701308,套,0.20803984401813316,盒,0.0010133299307425485,UNKNOWN,0.00022066088099353227,,
109022303,软磁盘复制生产设备,B 前2个>=90%,1377040.28,4,0.8043751269207607,0.9574570687213303,0.9967064652604061,个,0.8043751269207607,套,0.15308194180056955,UNKNOWN,0.03924939653907582,项,0.0032935347395938192,,
109032403,航空器发射、甲板停机装置及地面飞行训练装置,B 前2个>=90%,1311394.3,4,0.8174505562514646,0.9187753828120192,0.9958898708039222,套,0.8174505562514646,个,0.10132482656055466,UNKNOWN,0.07711448799190297,批,0.004110129196077793,,
105011006,玉米皮制篮筐，类似编结品,B 前2个>=90%,1257980.71,5,0.7717049969708996,0.9944471803546178,0.9987425562352225,千克,0.7717049969708996,个,0.22274218338371818,OTHER,0.004295375880604719,UNKNOWN,0.0012335960223110256,套,2.384774246657566e-05
109024607,眼科康复治疗仪器,B 前2个>=90%,1183723.36,4,0.8997034577403287,0.9899598923180833,0.9999890768397101,套,0.8997034577403287,个,0.0902564345777547,UNKNOWN,0.010029184521626742,盒,1.092316028974878e-05,,
101030203,活鹅,B 前2个>=90%,1103173.1,4,0.8384913845343037,0.9693976131216396,0.9931997797988366,千克,0.8384913845343037,个,0.13090622858733594,UNKNOWN,0.023802166677196895,OTHER,0.0068002202011633525,,
109025403,内河航道、港口用交通管制设备,B 前2个>=90%,1094786.44,5,0.5915624968829537,0.9174269641118318,0.9503557607089106,个,0.5915624968829537,OTHER,0.325864467228878,套,0.03292879659707879,千克,0.02538379996741648,千米,0.024260439323673028
301030103,航空运输湿租业务,B 前2个>=90%,1080543.8,4,0.8391069385618611,0.9740760161688957,0.9999888944807235,千克,0.8391069385618611,UNKNOWN,0.13496907760703453,月,0.025912878311827803,个,1.110551927649763e-05,,
109061306,金属、矿藏探测器零件,B 前2个>=90%,1064177.81,4,0.8967088404145543,0.995379569134222,0.9995865352614334,个,0.8967088404145543,套,0.09867072871966762,UNKNOWN,0.004206966127211391,批,0.00041346473856657465,,
106051008,美术人形,B 前2个>=90%,1025476.9,3,0.6490658151344023,0.9976596254874195,0.9999999999999999,个,0.6490658151344023,OTHER,0.34859381035301723,UNKNOWN,0.0023403745125804396,,,,
501010300,房改房,B 前2个>=90%,995835.2,5,0.8506604305612013,0.9861647790718786,0.9952024190347961,UNKNOWN,0.8506604305612013,个,0.13550434851067727,月,0.00903763996291756,OTHER,0.004646351123157728,箱,0.00015122984204615382
106051102,排汗活动机,B 前2个>=90%,947897.48,5,0.8485094822701713,0.9492645554875829,0.995894070738536,套,0.8485094822701713,个,0.10075507321741166,千克,0.04662951525095309,千米,0.003104766139899433,UNKNOWN,0.0010011631215645811
109022301,光盘复制生产设备,B 前2个>=90%,946545.87,8,0.6993395787570231,0.9464380104473965,0.9865757377399998,个,0.6993395787570231,平方米,0.24709843169037335,千克,0.04013772729260336,套,0.008629270127183588,OTHER,0.0023601603163722006
101011904,种用豆类,B 前2个>=90%,825519.56,4,0.5026361822365542,0.9946457961577555,0.99843977046407,桶,0.5026361822365542,千克,0.4920096139212013,袋,0.0037939743063144377,个,0.0015602295359300753,,
301050100,无船承运,B 前2个>=90%,733979.0,4,0.8395935033563631,0.9087848562424811,0.9676421260008802,个,0.8395935033563631,票,0.069191352886118,千克,0.05885726975839908,UNKNOWN,0.032357873999119866,,
109025404,飞机场用电气交通管理设备,B 前2个>=90%,713268.14,4,0.6682902449561254,0.9497524170923994,0.9962987271518955,套,0.6682902449561254,个,0.281462172136274,次,0.046546310059496,千瓦时,0.003701272848104501,,
106041006,桌式足球器材及配件,B 前2个>=90%,600349.5700000001,5,0.5191978400184413,0.9362063672336769,0.9953627017672387,个,0.5191978400184413,瓶,0.41700852721523557,套,0.05915633453356184,千米,0.004254188105773108,卷,0.0003831101269881812
105011004,苇制品,B 前2个>=90%,541856.4,4,0.5883707196223944,0.9966596315924292,0.9987081448147516,个,0.5883707196223944,瓶,0.4082889119700348,UNKNOWN,0.0020485132223223715,OTHER,0.0012918551852483424,,
109061202,牧业专用仪器,B 前2个>=90%,526164.8,4,0.6314082584011701,0.9968831058253991,0.9991257491949289,个,0.6314082584011701,套,0.36547484742422903,盒,0.0022426433695298506,次,0.0008742508050709587,,
106051107,养生塑身机,B 前2个>=90%,504600.02999999997,4,0.8450514757202849,0.9941858901593804,0.99802021414862,个,0.8450514757202849,套,0.14913441443909545,OTHER,0.0038343239892395567,份,0.0019797858513801517,,
109024606,离子电渗治疗设备,B 前2个>=90%,503769.82,7,0.5601105878077413,0.940108500346448,0.9962849501385376,个,0.5601105878077413,套,0.3799979125387067,千克,0.05617644979208957,盒,0.0018058842826273317,包,0.0009885070129846206
108032207,锇加工材,B 前2个>=90%,495378.27,2,0.5615854122951336,1.0,1.0,立方米,0.5615854122951336,个,0.4384145877048664,,,,,,
109010510,插床,B 前2个>=90%,473798.08,5,0.7142573688774763,0.9959089956633003,0.9975341605436645,个,0.7142573688774763,套,0.281651626785824,千米,0.001625164880364226,OTHER,0.0013767679261173875,副,0.0010890715302181047
306010200,金融机构农户小额贷款,B 前2个>=90%,470819.44,3,0.5254668328903327,0.9719263928439319,1.0,次,0.5254668328903327,UNKNOWN,0.4464595599535992,千瓦时,0.028073607156068152,,,,
101011304,切枝,B 前2个>=90%,463656.67,4,0.8839299130539846,0.9533955588302009,0.9983900156121986,OTHER,0.8839299130539846,千克,0.06946564577621626,个,0.04499445678199777,瓶,0.0016099843878014308,,
101030401,野生动物,B 前2个>=90%,423391.62,6,0.7281232680042179,0.9394632326449919,0.9809024089801305,个,0.7281232680042179,千克,0.21133996464077393,批,0.04143917633513861,箱,0.01221233429230366,UNKNOWN,0.0066726875699618235
109060805,频闪观测仪,B 前2个>=90%,409329.93,2,0.754467013931769,1.0,1.0,个,0.754467013931769,套,0.24553298606823107,,,,,,
106041005,沙狐球桌及其配套器材,B 前2个>=90%,387368.32,3,0.5895405179236134,0.91708408163063,1.0,个,0.5895405179236134,套,0.3275435637070166,千克,0.08291591836937001,,,,
108032206,铱加工材,B 前2个>=90%,272863.81,3,0.7654507572843757,0.9157088658990725,1.0,个,0.7654507572843757,平方米,0.15025810861469682,套,0.08429113410092749,,,,
101030107,骆驼,B 前2个>=90%,235064.32000000024,3,0.8266554447735829,0.9968944670122628,1.0,箱,0.8266554447735829,个,0.17023902223867993,袋,0.0031055329877371406,,,,
102040402,钍矿石,B 前2个>=90%,226493.17,3,0.7108875291912776,0.9429607524147416,1.0,个,0.7108875291912776,千克,0.23207322322346408,套,0.05703924758525831,,,,
107030704,类毒素,B 前2个>=90%,219901.64,4,0.8438251756558068,0.9559939616639512,0.9902501864015203,个,0.8438251756558068,盒,0.11216878600814435,OTHER,0.03425622473756903,瓶,0.009749813598479757,,
106050211,蒙镶工艺品,B 前2个>=90%,205304.34,5,0.8113298530367162,0.9866792879293249,0.9925242690924119,个,0.8113298530367162,千米,0.1753494348926087,副,0.005844981163086957,盒,0.0038713258570179277,套,0.00360440505057029
110030201,自然冰,B 前2个>=90%,205297.5,4,0.6137434698425456,0.9846486196860653,0.9935703065064114,套,0.6137434698425456,千克,0.37090514984351974,个,0.008921686820346083,桶,0.006429693493588573,,
109032402,无动力航空器,B 前2个>=90%,187902.14,3,0.6343562132927277,0.9819054748391902,1.0,个,0.6343562132927277,UNKNOWN,0.34754926154646243,套,0.01809452516080977,,,,
109023805,养蜂设备,B 前2个>=90%,121921.38,4,0.5577200651764276,0.9087003444350776,0.977105081979879,批,0.5577200651764276,套,0.3509802792586501,个,0.0684047375448014,平方米,0.022894918020120836,,
301060100,旅客联运服务,B 前2个>=90%,103849.09,2,0.6302414397661068,1.0,1.0,项,0.6302414397661068,UNKNOWN,0.3697585602338932,,,,,,
109022305,感光纸及类似品生产设备,B 前2个>=90%,75625.0,3,0.5135867768595042,0.9984132231404959,1.0,瓶,0.5135867768595042,个,0.48482644628099175,包,0.0015867768595041322,,,,
301040102,国际液体管道运输服务,B 前2个>=90%,70770.0,2,0.8160237388724035,1.0,1.0,千米,0.8160237388724035,个,0.18397626112759644,,,,,,
110030203,自然雪,B 前2个>=90%,70678.4,2,0.8969982342554444,1.0,1.0,个,0.8969982342554444,盒,0.10300176574455563,,,,,,
306010400,国债,B 前2个>=90%,45670.0,2,0.7742500547405299,1.0,1.0,个,0.7742500547405299,UNKNOWN,0.22574994525947012,,,,,,
307050400,育养服务,B 前2个>=90%,31444.84,4,0.7770063387188486,0.924629923383296,0.9866432775615968,月,0.7770063387188486,UNKNOWN,0.14762358466444733,卷,0.0620133541783008,包,0.01335672243840325,,
102050510,冰洲晶石,B 前2个>=90%,28568.2,3,0.8503160857176861,0.9999579952534636,1.0,个,0.8503160857176861,千克,0.14964190953577755,OTHER,4.20047465363586e-05,,,,
306010500,地方政府债,B 前2个>=90%,17670.5,2,0.8662629806740046,1.0,1.0,箱,0.8662629806740046,千克,0.1337370193259953,,,,,,
