product_id,product_name,class,v_prod,n_units,top1,top2,top3,unit1,share1,unit2,share2,unit3,share3,unit4,share4,unit5,share5
305010000,工程服务,B 前2个>=90%,441400437156.9375,28,0.7999653073291956,0.9221991927979036,0.975114569729478,UNKNOWN,0.7999653073291956,项,0.12223388546870802,次,0.0529153769315743,批,0.0046417456054241605,OTHER,0.004641350187531953
109031001,机动车（汽车）零配件,B 前2个>=90%,147896975010.62152,27,0.8683363158668381,0.9570312043183229,0.9741903111624425,个,0.8683363158668381,套,0.0886948884514848,UNKNOWN,0.01715910684411964,千克,0.011116094061614663,桶,0.003671175867492015
107010103,柴油,B 前2个>=90%,91674693692.26031,17,0.8664251164309024,0.9962340157164802,0.9982203637798422,千克,0.8664251164309024,立方米,0.12980889928557776,UNKNOWN,0.001986348063362077,OTHER,0.0010727058572308611,个,0.0005639970736495514
304060300,咨询服务,B 前2个>=90%,55478231692.200775,23,0.8974216952138061,0.9309328345397685,0.958911339898167,UNKNOWN,0.8974216952138061,项,0.033511139325962364,次,0.0279785053583985,个,0.015201967397723613,笔,0.008175639460617324
109040904,专用电缆,B 前2个>=90%,36542719955.29021,21,0.8972905518171714,0.9342685628414863,0.9526146728988996,千米,0.8972905518171714,UNKNOWN,0.036978011024314895,千克,0.018346110057413233,个,0.017113417413436662,OTHER,0.013106460469201237
108031601,铝材,B 前2个>=90%,36194565868.99458,22,0.8280485733695659,0.9113709494410713,0.9806906206124288,千克,0.8280485733695659,平方米,0.08332237607150533,个,0.06931967117135752,千米,0.007255894563068058,UNKNOWN,0.00411222050179137
109051299,其他电子计算机配套产品及耗材,B 前2个>=90%,35361767397.46127,27,0.7259177336746727,0.9659217827858321,0.9777872977657206,个,0.7259177336746727,套,0.24000404911115936,UNKNOWN,0.011865514979888539,卷,0.0091023692250667,批,0.003266157685064188
306020000,直接收费金融服务,B 前2个>=90%,33338736491.98321,15,0.852109398143331,0.982662873507933,0.9891154816684475,UNKNOWN,0.852109398143331,笔,0.1305534753646021,批,0.00645260816051452,次,0.005046095944523103,元,0.0032062183938982055
104010105,布,B 前2个>=90%,32872817845.33084,21,0.7852657234590196,0.9287746677624995,0.9520693868448729,千米,0.7852657234590196,千克,0.14350894430348,OTHER,0.023294719082373374,平方米,0.019499191055616198,个,0.018883734733761766
106010204,包装用纸及纸板,B 前2个>=90%,22899503295.303345,24,0.8512029062533298,0.9540561869106968,0.9790395002099148,千克,0.8512029062533298,个,0.10285328065736694,平方米,0.024983313299217966,UNKNOWN,0.006633345963171115,套,0.003964174513226043
102020200,天然气,B 前2个>=90%,19301887153.839954,19,0.8278193522926064,0.9175665760913954,0.9687457876993936,立方米,0.8278193522926064,OTHER,0.08974722379878895,千瓦时,0.051179211607998244,千克,0.02546825523030023,UNKNOWN,0.005546467220832789
107022301,清洁类化妆品,B 前2个>=90%,18728402389.474823,21,0.8392928157490761,0.959749540017508,0.9755848163788287,个,0.8392928157490761,瓶,0.12045672426843196,盒,0.01583527636132064,箱,0.006664565070729975,套,0.0058053431297677245
109040201,发电机组,B 前2个>=90%,14208826977.589231,17,0.5568422165484743,0.973717383111268,0.9824708436480736,个,0.5568422165484743,套,0.4168751665627936,UNKNOWN,0.00875346053680557,项,0.005928736761776151,批,0.0050324964976195515
104010106,印染布,B 前2个>=90%,12796685712.4137,23,0.7187148423820112,0.9546253999331356,0.9839285885893323,千米,0.7187148423820112,千克,0.23591055755112436,个,0.02930318865619671,OTHER,0.010221943346892193,平方米,0.00337806139442459
105010301,胶合板,B 前2个>=90%,12531427819.507786,19,0.6059312451980778,0.9501250654694915,0.970114736675305,个,0.6059312451980778,立方米,0.3441938202714136,千克,0.019989671205813506,平方米,0.014241659385916946,套,0.00527601383407399
107030205,片剂,B 前2个>=90%,12431622247.831944,18,0.7854152085002379,0.9487070509567055,0.9674420091321024,盒,0.7854152085002379,瓶,0.1632918424564675,UNKNOWN,0.018734958175396922,个,0.010686115074126356,OTHER,0.008745356954033914
109041303,太阳能电池,B 前2个>=90%,11704137219.586412,14,0.4804715453340352,0.9311849573902613,0.9789149456863137,个,0.4804715453340352,瓦,0.4507134120562261,OTHER,0.04772998829605237,套,0.010065540444023056,千克,0.005730987917637517
103010701,鲜、冷、冻肉,B 前2个>=90%,10398117505.349081,20,0.8497423385135942,0.9162769674177289,0.9529531168615167,千克,0.8497423385135942,OTHER,0.06653462890413481,个,0.03667614944378782,UNKNOWN,0.014542694083470892,袋,0.013029503302340017
108041000,金属容器,B 前2个>=90%,10363062958.510685,23,0.8532765116888522,0.9335735658703647,0.984588345237944,个,0.8532765116888522,套,0.08029705418151246,千克,0.05101477936757936,罐,0.009377388460251705,OTHER,0.002496101604587312
109013104,工商用空调设备,B 前2个>=90%,9544197511.045942,23,0.6205612357235684,0.9070432833824603,0.9679500257367422,个,0.6205612357235684,套,0.28648204765889196,UNKNOWN,0.06090674235428185,批,0.01891819957514654,项,0.010272530865746051
107060110,塑料零件,B 前2个>=90%,9493545885.820927,23,0.8557860332556576,0.9115449586478703,0.9444665610122402,个,0.8557860332556576,套,0.05575892539221274,千米,0.03292160236436995,千克,0.024914777317314,OTHER,0.009779366569811017
109011800,气体压缩机,B 前2个>=90%,9255321189.45594,22,0.8997140496226143,0.9818512011972168,0.9889745795028029,个,0.8997140496226143,套,0.08213715157460252,千克,0.007123378305586033,OTHER,0.0030050530786429716,桶,0.0023826016418935364
109051700,集成电路,B 前2个>=90%,9004095088.811754,16,0.6592113103140962,0.9227010266228298,0.9907651884675843,个,0.6592113103140962,套,0.26348971630873363,OTHER,0.06806416184475444,UNKNOWN,0.005361759689155582,批,0.0012194773653483304
109040703,电路连接装置,B 前2个>=90%,8643344135.766363,22,0.8195430219676041,0.9003604616573461,0.9472013528633079,个,0.8195430219676041,套,0.08081743968974194,千克,0.04684089120596181,UNKNOWN,0.01634030966939636,千米,0.015928584492211406
109011901,阀门,B 前2个>=90%,8511724417.454424,22,0.7925030226355875,0.9389469129915128,0.9653867518579082,个,0.7925030226355875,套,0.1464438903559253,千克,0.026439838866395435,批,0.017684537924708095,UNKNOWN,0.009074788381524082
301020201,国内水路货物运输服务,B 前2个>=90%,8396714861.068847,14,0.504532047036436,0.9682587729169583,0.9923525133079768,UNKNOWN,0.504532047036436,千克,0.4637267258805223,立方米,0.02409374039101853,个,0.0016845502610797543,OTHER,0.0015236957325872446
109050303,数据终端设备,B 前2个>=90%,7402065224.739142,18,0.8594112016801954,0.9907685361387141,0.995177553717056,套,0.8594112016801954,个,0.13135733445851872,UNKNOWN,0.004409017578341862,项,0.0017632527410395735,千米,0.0011922384556954514
305040000,装饰服务,B 前2个>=90%,7255523624.933041,24,0.5535564991416959,0.9231797743242784,0.9456382894051254,UNKNOWN,0.5535564991416959,项,0.36962327518258253,批,0.022458515080846946,次,0.018126439081461724,OTHER,0.008909233221120107
109042101,家用空调设备零件,B 前2个>=90%,7140659227.976725,23,0.6927436991851105,0.9410704879325029,0.9790337475444215,个,0.6927436991851105,套,0.2483267887473924,千克,0.03796325961191855,UNKNOWN,0.009109549130962442,批,0.00813676753219198
107060109,塑料包装箱及容器,B 前2个>=90%,7126547786.035177,23,0.878529895088983,0.9385569516357787,0.9646026998004686,个,0.878529895088983,套,0.06002705654679563,千克,0.026045748164689988,OTHER,0.014491880612113336,卷,0.004963683058176048
106010299,其他机制纸及纸板,B 前2个>=90%,6937337943.5024185,21,0.8489588445219528,0.9129611633519676,0.9576216604663838,千克,0.8489588445219528,令,0.06400231883001489,平方米,0.04466049711441616,个,0.03578400944489063,UNKNOWN,0.002886878455551442
109020309,建筑工程用机械零件,B 前2个>=90%,6830058457.696899,23,0.7999369466608187,0.9480027636916951,0.9717795904615582,个,0.7999369466608187,套,0.1480658170308764,OTHER,0.023776826769863053,UNKNOWN,0.012330408966807158,千克,0.011810886195573064
109029900,其他专用设备及零部件,B 前2个>=90%,6719545994.760485,24,0.650173569840947,0.9227254772387059,0.9429321434776603,个,0.650173569840947,套,0.27255190739775886,千米,0.02020666623895441,UNKNOWN,0.0162673224376219,OTHER,0.014012103234201097
109040704,电力控制或电力分配装置,B 前2个>=90%,6655087407.123859,22,0.6658990041184959,0.9051551271415521,0.9500930429304215,个,0.6658990041184959,套,0.23925612302305618,OTHER,0.04493791578886936,千米,0.02288944694997857,批,0.013148184065312506
109011501,电梯,B 前2个>=90%,6505659727.232372,20,0.7708082567505627,0.9788557817609655,0.9912783618486647,个,0.7708082567505627,UNKNOWN,0.20804752501040277,套,0.01242258008769917,批,0.0046377646294535535,OTHER,0.003228674237632625
107050102,子午线轮胎外胎,B 前2个>=90%,6458225371.578128,17,0.7940945205489605,0.9895062785218939,0.9964619289390646,个,0.7940945205489605,套,0.1954117579729334,批,0.00695565041717073,UNKNOWN,0.0028643249526147502,千克,0.0005570529183388104
109013702,冲压件、钣金件,B 前2个>=90%,6154497173.535074,22,0.77562151962092,0.917005958354275,0.9681320261478158,个,0.77562151962092,套,0.14138443873335504,千克,0.051126067793540744,批,0.019642243759635154,UNKNOWN,0.004592190928925798
107050101,橡胶轮胎外胎,B 前2个>=90%,6068678541.732283,21,0.768996190511277,0.970723446903691,0.9849459888744861,个,0.768996190511277,套,0.20172725639241396,千克,0.014222541970795217,批,0.006631316399262963,UNKNOWN,0.006294109449318155
107021402,催化剂,B 前2个>=90%,6046401281.305062,18,0.6022168556764939,0.9083714420536225,0.961707126744529,千克,0.6022168556764939,个,0.30615458637712867,立方米,0.0533356846909064,套,0.027117122113251402,OTHER,0.003648526925493846
107020101,无机酸类,B 前2个>=90%,5784155968.85974,17,0.8813760031341384,0.9572505413877408,0.9818218175816282,千克,0.8813760031341384,OTHER,0.07587453825360238,立方米,0.024571276193887392,桶,0.011019794338242996,个,0.002075604300517624
106050901,金银珠宝首饰,B 前2个>=90%,5700643451.3488455,15,0.6267630622494802,0.9561575991769351,0.9900790942458539,个,0.6267630622494802,千克,0.32939453692745485,UNKNOWN,0.0339214950689188,套,0.006340436444746295,OTHER,0.0019204390794536404
106010203,卫生用纸原纸,B 前2个>=90%,5695223896.601644,20,0.7905139839406845,0.9361660303813251,0.9683304940289862,个,0.7905139839406845,千克,0.14565204644064061,箱,0.03216446364766112,OTHER,0.008177576634934292,UNKNOWN,0.007533436337040872
107060106,塑料丝、绳、袋及编织品,B 前2个>=90%,5517800655.850595,26,0.599240794900566,0.9047628706018864,0.9421575196583106,个,0.599240794900566,千克,0.3055220757013204,箱,0.037394649056424235,卷,0.016802315593712012,套,0.014250289484537734
109012303,轴承零配件,B 前2个>=90%,5468612517.611462,23,0.7746604384418875,0.9018946820771473,0.9462669741192568,个,0.7746604384418875,套,0.12723424363525979,OTHER,0.04437229204210949,千克,0.03087100525175135,副,0.01255837011171058
109023207,电子元件及机电组件生产设备,B 前2个>=90%,5456283230.667014,22,0.8691348110794905,0.9357507374479335,0.9582993203460465,个,0.8691348110794905,套,0.06661592636844291,OTHER,0.022548582898113022,千克,0.015539617900380252,UNKNOWN,0.007799062102665282
307040200,住宿服务,B 前2个>=90%,5325166982.450391,19,0.7942608789385929,0.9492682614627636,0.9679395747362919,UNKNOWN,0.7942608789385929,OTHER,0.15500738252417068,个,0.018671313273528285,元,0.017782028684418284,月,0.0070412840263055195
107060108,塑料人造革、合成革,B 前2个>=90%,5155641922.03285,18,0.5276803691260082,0.9382552331647247,0.9884209131989952,千米,0.5276803691260082,千克,0.4105748640387164,个,0.05016568003427044,平方米,0.0037966818794793926,套,0.0033218492581515136
109050107,通信传输设备零件,B 前2个>=90%,4935815052.439109,22,0.7271641787956099,0.9220408708743755,0.940014139057036,个,0.7271641787956099,套,0.19487669207876554,OTHER,0.017973268182660533,千克,0.015185444077275727,UNKNOWN,0.010915749146302152
109011701,泵,B 前2个>=90%,4928229421.915145,22,0.8350638652638279,0.936295511729415,0.9845217678953808,个,0.8350638652638279,套,0.10123164646558715,千克,0.048226256165965736,UNKNOWN,0.004951079188379783,OTHER,0.004383247319725529
109013601,铸铁件,B 前2个>=90%,4912048332.87669,23,0.535600239844476,0.9165911773103348,0.9714349453037175,个,0.535600239844476,千克,0.3809909374658588,套,0.054843767993382725,副,0.012459298296391237,批,0.0043870463966348226
109012408,齿轮、传动和驱动部件零件,B 前2个>=90%,4739452046.753539,21,0.8912697334819493,0.973090509895625,0.986804498999112,个,0.8912697334819493,套,0.08182077641367567,批,0.013713989103487062,千克,0.005833299202781226,UNKNOWN,0.0030649885802440297
107022303,护发用化妆品,B 前2个>=90%,4571586358.907149,16,0.8692666854865101,0.945895434672457,0.9612244427201865,个,0.8692666854865101,瓶,0.07662874918594685,箱,0.01532900804772956,批,0.011003345195834078,盒,0.010002553757972658
109040601,全封闭组合电器（GIS）,B 前2个>=90%,4519039499.612418,13,0.5834794987466799,0.9066835190594336,0.974438388568776,个,0.5834794987466799,套,0.32320402031275364,OTHER,0.06775486950934245,千克,0.013045695074983583,UNKNOWN,0.01185991906626462
105010302,纤维板,B 前2个>=90%,4403998762.123297,14,0.8939866790382796,0.9671948048036475,0.9793357843523482,个,0.8939866790382796,立方米,0.0732081257653679,平方米,0.012140979548700755,千克,0.01041294949818127,UNKNOWN,0.007013540847698359
109024506,外科手术器械,B 前2个>=90%,4284349419.5627894,16,0.8382024679238679,0.9510959142615484,0.9710047336923106,盒,0.8382024679238679,个,0.11289344633768053,套,0.01990881943076218,箱,0.019055251569170834,批,0.00278876586933776
109051603,半导体光电器件,B 前2个>=90%,4277391427.4569836,18,0.8829461268374191,0.9374960843019853,0.9688267760272503,个,0.8829461268374191,OTHER,0.05454995746456611,套,0.03133069172526508,平方米,0.01672137040776339,UNKNOWN,0.003823213324017427
106010511,箱板纸,B 前2个>=90%,4273656277.3285856,17,0.5844227587479203,0.9399626064677246,0.9659887348817588,千克,0.5844227587479203,个,0.3555398477198043,批,0.026026128414034285,套,0.019882630400978443,UNKNOWN,0.006919467663248474
109040501,电力电容器,B 前2个>=90%,4261506892.7605505,18,0.8351182094286403,0.9831047241816037,0.9939792859020751,千瓦时,0.8351182094286403,个,0.14798651475296332,套,0.010874561720471437,UNKNOWN,0.0019042312229747382,千克,0.0017533275172907832
107030407,中成药口服液,B 前2个>=90%,4179929665.8920155,10,0.658522802928297,0.9937331699166873,0.9988700739628262,瓶,0.658522802928297,盒,0.33521036698839024,OTHER,0.005136904046138992,千克,0.0007069457225416116,UNKNOWN,0.00019508570733394508
109013701,锻件,B 前2个>=90%,3935615035.9335933,17,0.4910657745320912,0.9487990500589021,0.9883851769710734,个,0.4910657745320912,千克,0.4577332755268108,套,0.03958612691217134,UNKNOWN,0.006009771305947432,OTHER,0.0033478493100421013
109012301,滚动轴承,B 前2个>=90%,3906633455.4365335,20,0.7157697398922007,0.9358667807344672,0.9726728150106799,套,0.7157697398922007,个,0.2200970408422664,OTHER,0.03680603427621275,UNKNOWN,0.009306461436636954,千克,0.007816337292325466
107030404,中成药片剂,B 前2个>=90%,3875203972.5347843,15,0.8736781211133294,0.9568339812272821,0.9787422628376184,盒,0.8736781211133294,瓶,0.08315586011395272,包,0.02190828161033627,个,0.008139501332838382,OTHER,0.00584353735516814
108012701,石墨制品,B 前2个>=90%,3836588487.941099,18,0.887400377069247,0.9658280313232733,0.9876209845745787,千克,0.887400377069247,个,0.07842765425402633,套,0.02179295325130537,OTHER,0.006415066362489863,批,0.0018138323885426662
106030103,嵌入式软件产品,B 前2个>=90%,3802586952.955953,23,0.4938917610419557,0.927178788964174,0.9718588694987135,个,0.4938917610419557,套,0.4332870279222183,UNKNOWN,0.04468008053453941,OTHER,0.017114810880136264,批,0.007673995691761178
107030408,中成药胶囊,B 前2个>=90%,3753667611.7668185,13,0.8757993941753435,0.9945249569494099,0.997274571120559,盒,0.8757993941753435,瓶,0.11872556277406643,个,0.0027496141711490594,OTHER,0.0016997734759270236,袋,0.0005229319322774845
109040403,静止式变流器,B 前2个>=90%,3665299317.5572762,14,0.8674482619170178,0.9825738111396236,0.9908721320582738,个,0.8674482619170178,套,0.11512554922260572,瓦,0.008298320918650242,UNKNOWN,0.007859106170112125,批,0.0004997302651999245
107021599,其他专项化学用品,B 前2个>=90%,3599544395.7874746,20,0.7392455638843128,0.9587979630837196,0.9761050489032967,千克,0.7392455638843128,立方米,0.2195523991994067,瓶,0.017307085819577163,桶,0.010688420283586233,个,0.0034059890216954526
107030206,胶囊剂,B 前2个>=90%,3594131007.487724,14,0.8825748326475958,0.9630927634198313,0.9893535441932125,盒,0.8825748326475958,瓶,0.0805179307722355,OTHER,0.02626078077338118,千克,0.004689309467475795,UNKNOWN,0.0030969799766791192
104020101,女内衣,B 前2个>=90%,3562527347.8678503,13,0.8655918607671726,0.9145291453441089,0.9586635344785736,个,0.8655918607671726,套,0.04893728457693623,UNKNOWN,0.04413438913446467,批,0.01902729200537058,OTHER,0.015288802359632672
105010101,普通锯材,B 前2个>=90%,3554169685.8205347,19,0.8657587126523916,0.935121500296813,0.965449945576513,立方米,0.8657587126523916,个,0.06936278764442143,千克,0.03032844527970005,平方米,0.019525179349739637,套,0.003830268797884328
109030103,城市轨道车辆,B 前2个>=90%,3499631893.1521387,9,0.7328337576043875,0.9934692691719593,0.9986254369476875,个,0.7328337576043875,OTHER,0.26063551156757186,套,0.005156167775728193,千克,0.0011966834412796663,副,9.921386322927356e-05
103030703,蛋白饮料,B 前2个>=90%,3482085681.307893,15,0.7437625586689782,0.9047355789221283,0.9470678332266054,个,0.7437625586689782,箱,0.16097302025315005,瓶,0.04233225430447701,OTHER,0.01686048600837636,盒,0.012081537265195199
108041600,锁及其附件,B 前2个>=90%,3480530358.7455773,22,0.5706558906674806,0.9547654468052842,0.9730898712420724,个,0.5706558906674806,套,0.3841095561378036,千克,0.018324424436788205,UNKNOWN,0.012213712342241409,副,0.011424632642642294
108041201,钢铁制绳、缆、带,B 前2个>=90%,3455733790.620746,19,0.81014367499082,0.9374814594889529,0.9848707592620329,千克,0.81014367499082,千米,0.12733778449813293,个,0.04738929977307999,OTHER,0.004175052964549888,套,0.0035826951501073574
109025310,监控电视摄像机,B 前2个>=90%,3439874246.34651,21,0.7989232530350896,0.9189565862016285,0.9611673786340641,个,0.7989232530350896,套,0.1200333331665389,批,0.04221079243243561,项,0.01691225088605482,UNKNOWN,0.01510400164085991
109013103,中央空调冷水/热泵机组,B 前2个>=90%,3401722868.811973,20,0.8115985976165472,0.9407278830704641,0.9567276664905808,个,0.8115985976165472,套,0.12912928545391691,批,0.01599978342011681,UNKNOWN,0.013594115122785798,千克,0.010772098071535086
106010201,未涂布印刷书写用纸,B 前2个>=90%,3373246751.1495304,21,0.809086431731404,0.9652197485739019,0.9843218115382573,千克,0.809086431731404,令,0.1561333168424979,个,0.01910206296435534,包,0.0049641572721695,箱,0.0030159896351102445
108041102,钢丝,B 前2个>=90%,3332316614.5964904,16,0.8988672026837188,0.954345707737373,0.9837381137105831,千克,0.8988672026837188,千米,0.05547850505365431,个,0.029392405973210054,OTHER,0.008617757334454405,套,0.002328171596518922
104030302,手提包（袋）、背包,B 前2个>=90%,3312962867.847736,17,0.8823877472536167,0.9816269343825443,0.9899793224343375,个,0.8823877472536167,千克,0.09923918712892765,套,0.008352388051793178,UNKNOWN,0.00472935609367534,批,0.0018401959619795411
107021308,功能高分子材料,B 前2个>=90%,3278454476.876314,22,0.7378717158503825,0.9025047065061624,0.9372079533682344,千克,0.7378717158503825,个,0.16463299065578,OTHER,0.034703246862071956,平方米,0.024638971805653807,UNKNOWN,0.009094352724398014
103030901,酒及酒精专用原辅料,B 前2个>=90%,3248355025.789156,16,0.6278944325858967,0.9444577205960548,0.9787862265246199,千克,0.6278944325858967,瓶,0.3165632880101581,个,0.034328505928565047,批,0.006786396646246051,箱,0.006126705325884231
109012701,风机,B 前2个>=90%,3231248786.965754,19,0.6176557368641757,0.9636398433808906,0.97982653089457,个,0.6176557368641757,套,0.3459841065167148,UNKNOWN,0.0161866875136793,千克,0.012978767874014283,批,0.0038998753022904593
107030401,中成药丸剂,B 前2个>=90%,3087561520.750499,15,0.7774712189450728,0.9496990626934309,0.9786452604149591,盒,0.7774712189450728,瓶,0.1722278437483581,OTHER,0.028946197721528344,套,0.008747308264450741,袋,0.005941275462184727
108040301,金属切削机床用切削刀具,B 前2个>=90%,3070211600.164883,23,0.8682403078911775,0.9009470062986836,0.9291173563524178,个,0.8682403078911775,千克,0.03270669840750619,OTHER,0.028170350053734167,批,0.02350269274303942,套,0.020844302654873584
109040101,交流发电机,B 前2个>=90%,3039913182.336869,21,0.8939654420261861,0.9743578775655886,0.9915913655099433,个,0.8939654420261861,套,0.08039243553940247,千克,0.017233487944354746,千瓦时,0.0035762736377368243,批,0.002195554553744863
109031300,摩托车零部件及配件,B 前2个>=90%,3018247926.782329,17,0.8071164666057821,0.9544227129779876,0.9833704160305109,个,0.8071164666057821,套,0.14730624637220552,千克,0.02894770305252321,副,0.009988226588405815,批,0.0020932453214000464
109023209,平板显示器件（FPD）生产设备,B 前2个>=90%,2986993407.924263,17,0.5884587241698085,0.9047816811678048,0.9693555667111513,个,0.5884587241698085,OTHER,0.3163229569979963,套,0.0645738855433465,千克,0.017768034689156886,平方米,0.006187038753961936
304030302,广告代理服务,B 前2个>=90%,2926449563.2727056,18,0.8081934939669255,0.9076698771925726,0.9299612635786727,UNKNOWN,0.8081934939669255,次,0.09947638322564706,月,0.022291386386100075,项,0.018505946374689167,笔,0.017220359999522025
109060102,工业自动控制系统,B 前2个>=90%,2912030346.225696,19,0.476059128937265,0.9411492039654028,0.959273221695056,个,0.476059128937265,套,0.4650900750281378,OTHER,0.01812401772965326,批,0.01620304822123068,UNKNOWN,0.011739091659859133
104020124,婴幼儿服装,B 前2个>=90%,2911040284.8163123,17,0.8911901317068698,0.9410906459168591,0.9870824756586467,个,0.8911901317068698,套,0.04990051420998927,千克,0.04599182974178763,UNKNOWN,0.005298163811557688,批,0.0028773475095610714
110020203,液化天然气（LNG）,B 前2个>=90%,2839127170.0796514,11,0.8805276040570803,0.9604310293160797,0.9980485791649159,千克,0.8805276040570803,立方米,0.0799034252589994,UNKNOWN,0.03761754984883611,OTHER,0.0014471197332839919,套,0.00034818535443492183
107010203,合成液体燃料,B 前2个>=90%,2838138784.1121526,17,0.8569448386900242,0.9791408695322885,0.992143949741914,千克,0.8569448386900242,立方米,0.12219603084226427,UNKNOWN,0.013003080209625525,个,0.002631811841931084,瓶,0.001848687502526702
101010399,其他油料,B 前2个>=90%,2771222301.9772086,20,0.8635188947664494,0.9051337701963984,0.9342527025605648,千克,0.8635188947664494,瓶,0.04161487542994898,箱,0.029118932364166364,桶,0.025589618758803723,个,0.011682518250884082
103030799,其他软饮料,B 前2个>=90%,2736290432.115696,18,0.504271477954422,0.9298193817592535,0.9651691076851833,个,0.504271477954422,箱,0.42554790380483154,瓶,0.03534972592592979,千克,0.011318684082909352,OTHER,0.005829739637663661
109011401,输送机械（输送机和提升机）,B 前2个>=90%,2716795042.2103577,14,0.6172331304186304,0.9072753868523851,0.9383850656949707,个,0.6172331304186304,套,0.2900422564337547,千米,0.031109678842585673,千克,0.02533002042300124,UNKNOWN,0.020971589548342343
107030202,粉针剂,B 前2个>=90%,2697544246.0667343,13,0.6084254568607862,0.9372591379885633,0.9696330853825068,个,0.6084254568607862,瓶,0.3288336811277771,OTHER,0.03237394739394348,盒,0.02902348231070474,千克,0.0010667851414081777
104010401,蚕丝,B 前2个>=90%,2631600397.7274847,11,0.8170816876473456,0.9980111108748012,0.9997479506814335,千克,0.8170816876473456,千米,0.18092942322745562,个,0.0017368398066323002,套,0.00010942977520070568,批,9.523066157438384e-05
103010101,小麦粉,B 前2个>=90%,2614307202.1427484,15,0.7903176323049751,0.9538330433044404,0.9817299355517124,千克,0.7903176323049751,袋,0.1635154109994653,OTHER,0.02789689224727203,个,0.007803347834809619,包,0.006287686577594722
104010103,线,B 前2个>=90%,2597697471.6606255,21,0.860957957005065,0.9454875333426732,0.9680807990688377,千克,0.860957957005065,个,0.08452957633760814,千米,0.022593265726164484,OTHER,0.007812313249985774,平方米,0.0071196898326734755
103011107,焙、炒加工坚果及果仁,B 前2个>=90%,2593700431.2463627,18,0.8244274067966957,0.9077993066692426,0.9358138108274319,个,0.8244274067966957,千克,0.08337189987254688,袋,0.028014504158189336,箱,0.02057308891358474,盒,0.013083382600941459
109030106,铁路特殊用途车辆,B 前2个>=90%,2549744171.4060783,7,0.5586600845976167,0.9998823228662301,0.9999680351662917,OTHER,0.5586600845976167,个,0.44122223826861345,套,8.571230006164964e-05,UNKNOWN,2.1048758467855934e-05,千克,9.341015261784401e-06
109010900,机床附件及辅助装置,B 前2个>=90%,2546809842.507912,25,0.5956671871916484,0.908531300044066,0.9297785326535224,个,0.5956671871916484,套,0.3128641128524176,千克,0.02124723260945634,千米,0.016229972402625786,UNKNOWN,0.013992319759204718
108031101,黄金,B 前2个>=90%,2538540057.8869014,10,0.7286480582125334,0.9931290264829046,0.996224077584127,千克,0.7286480582125334,个,0.26448096827037115,OTHER,0.0030950511012224503,套,0.0018391858280636631,UNKNOWN,0.00172274092586537
109041306,电池零部件,B 前2个>=90%,2536313447.63566,17,0.6842756852907373,0.9734495181421774,0.990364548696416,个,0.6842756852907373,千克,0.28917383285144005,套,0.01691503055423864,千米,0.004804110868614662,UNKNOWN,0.0015019763388977555
304040202,货运港口码头服务,B 前2个>=90%,2403204334.3461914,13,0.6656543560853362,0.9428437630643702,0.9602394220911123,千克,0.6656543560853362,UNKNOWN,0.2771894069790341,票,0.017395659026742075,箱,0.01368738231281067,批,0.013550110107743317
107010106,溶剂油,B 前2个>=90%,2382099390.304015,20,0.5365585916222421,0.9095653996152688,0.952248816242233,个,0.5365585916222421,千克,0.3730068079930268,桶,0.04268341662696416,OTHER,0.017914036130949034,套,0.007446502427181907
103030600,其他酒,B 前2个>=90%,2322141060.2326865,18,0.6461367828671948,0.9181538744811792,0.9442866520570308,瓶,0.6461367828671948,个,0.27201709161398446,箱,0.026132777575851484,批,0.020994566804823128,盒,0.014687166610776582
110030101,自来水,B 前2个>=90%,2265187845.744821,22,0.6058106598982185,0.9143333570170038,0.9831661239258517,千克,0.6058106598982185,立方米,0.3085226971187853,UNKNOWN,0.0688327669088479,月,0.006337793446663431,千瓦时,0.005236346175923277
109061907,偏振材料制片及板,B 前2个>=90%,2229890368.409668,6,0.6189346541661201,0.9897308768462769,0.9949419352752558,OTHER,0.6189346541661201,个,0.3707962226801567,千克,0.005211058428978871,平方米,0.004774807161301625,套,0.0001627882720794419
501010100,房地产开发住宅,B 前2个>=90%,2194324614.451831,15,0.5122248583646937,0.9123217836216404,0.9691315645349128,UNKNOWN,0.5122248583646937,平方米,0.4000969252569467,千克,0.056809780913272385,套,0.016346963463637575,个,0.005144022399017592
109025601,工业机器人,B 前2个>=90%,2178784206.645942,18,0.5856029954805053,0.9103613206637671,0.9653172315618398,个,0.5856029954805053,套,0.32475832518326175,批,0.05495591089807274,UNKNOWN,0.021063756060252216,OTHER,0.006112204799152816
109040302,交流电动机,B 前2个>=90%,2163089358.415348,15,0.7722600338812597,0.9491991023071646,0.9962445018918263,个,0.7722600338812597,批,0.1769390684259049,套,0.047045399584661675,千克,0.002046762552666066,UNKNOWN,0.0009625420752941612
109031600,助动自行车及其零件,B 前2个>=90%,2138613486.7109427,14,0.8505262858685623,0.985982341933556,0.9912432411724342,个,0.8505262858685623,套,0.13545605606499378,UNKNOWN,0.005260899238878189,批,0.0029514935619374735,副,0.002328261043066244
108010801,沥青和改性沥青防水卷材,B 前2个>=90%,2137875847.0256047,15,0.8134659341994902,0.9835534450651424,0.9929843619700898,千克,0.8134659341994902,平方米,0.17008751086565221,卷,0.009430916904947401,OTHER,0.0027827286587281752,UNKNOWN,0.002270676890804436
109024201,医用X射线设备,B 前2个>=90%,2089329011.0939481,15,0.6130952606246762,0.988573869188238,0.9954520792057614,套,0.6130952606246762,个,0.3754786085635617,UNKNOWN,0.006878210017523466,OTHER,0.002821488651355795,批,0.0005194107745777155
107021411,建工建材用化学助剂,B 前2个>=90%,2023086772.7287347,20,0.8914630841102608,0.914038324234319,0.9323353171264497,千克,0.8914630841102608,套,0.02257524012405824,批,0.018296992892130676,个,0.015369376302881729,立方米,0.012839860881908994
107021399,其他橡胶,B 前2个>=90%,1993403747.4419987,21,0.7665059474993584,0.962374370843777,0.9849536426710688,千克,0.7665059474993584,个,0.19586842334441856,套,0.02257927182729184,千米,0.0058821610136670435,卷,0.00222336964458761
107021809,电子半导体材料,B 前2个>=90%,1865207060.9108963,20,0.7625449660040278,0.9225656016380748,0.9486259587753999,个,0.7625449660040278,千克,0.16002063563404698,OTHER,0.026060357137325182,立方米,0.014059031460664577,UNKNOWN,0.011657728904566792
109012101,气动元件,B 前2个>=90%,1850612040.9399137,24,0.8488599934013624,0.9266549226775176,0.9572655323302122,个,0.8488599934013624,套,0.07779492927615514,UNKNOWN,0.030610609652694607,千克,0.017394703062033202,千米,0.00908541124980497
107050804,医疗、卫生用橡胶制品,B 前2个>=90%,1847701201.1058419,19,0.8994061396641675,0.9318895144938864,0.9597690765894745,个,0.8994061396641675,千克,0.03248337482971884,副,0.02787956209558818,套,0.014965717849101388,盒,0.009689129580904381
109041403,家用冷冻箱,B 前2个>=90%,1784431341.0207253,10,0.5293956974543422,0.9856856675138035,0.9925203408882487,个,0.5293956974543422,UNKNOWN,0.45628997005946126,千克,0.00683467337444526,OTHER,0.003490830151909834,套,0.0024348757836918345
104011204,针织钩编织物（针织坯布）,B 前2个>=90%,1728409584.4621775,15,0.7135316250348325,0.9304299146999527,0.9814057749244567,千克,0.7135316250348325,千米,0.2168982896651203,个,0.050975860224504,UNKNOWN,0.0069720517877778065,OTHER,0.005333873039733441
109010804,机床数控系统,B 前2个>=90%,1714610609.04809,14,0.5551642189116234,0.9804714651760489,0.9893436610523443,套,0.5551642189116234,个,0.4253072462644255,UNKNOWN,0.008872195876295412,批,0.005119659985825861,OTHER,0.0019746188000187826
106010199,其他纸浆,B 前2个>=90%,1681783452.9857209,21,0.8396532260835519,0.9402344117348352,0.9544146343337818,千克,0.8396532260835519,个,0.10058118565128338,令,0.01418022259894656,OTHER,0.013900937954748175,UNKNOWN,0.007454379562090401
109060307,电源装置,B 前2个>=90%,1680133910.4395943,18,0.8655991005555751,0.975091988871902,0.9928386789129008,个,0.8655991005555751,套,0.10949288831632685,OTHER,0.017746690040998873,千克,0.00236991725698035,UNKNOWN,0.0019978219719604005
106040201,笔,B 前2个>=90%,1671746363.5466769,21,0.8782644838840873,0.9453114881912277,0.9666872402038263,个,0.8782644838840873,套,0.06704700430714038,盒,0.021375752012598632,千克,0.014894066675009072,OTHER,0.009035755059711256
109024204,医用超声诊断、治疗仪器及设备,B 前2个>=90%,1671148352.8242722,18,0.5944847354558143,0.9863143992004231,0.9916335246896605,套,0.5944847354558143,个,0.3918296637446088,OTHER,0.005319125489237403,UNKNOWN,0.004795829446078614,瓶,0.0013571041350096025
108020300,球墨铸铁,B 前2个>=90%,1670675808.191653,12,0.7677032182556572,0.928074416623837,0.9624160372529008,千克,0.7677032182556572,个,0.1603711983681798,千米,0.03434162062906378,套,0.03166071893248624,批,0.002783805954972175
109010803,数控金属成形机床（数控锻压设备）,B 前2个>=90%,1616034218.1776006,15,0.7584434570721342,0.9584154801692328,0.9795623305235017,个,0.7584434570721342,套,0.19997202309709858,OTHER,0.02114685035426885,千米,0.007078218716983587,批,0.005695655856931905
109011402,装卸机械,B 前2个>=90%,1606250352.3846378,15,0.8206983388034448,0.9447369176614746,0.9759340998342314,个,0.8206983388034448,批,0.12403857885802977,套,0.031197182172756854,OTHER,0.011354204016857855,千克,0.011148227974983329
109012002,液压系统及装置,B 前2个>=90%,1604968151.755105,19,0.6532870855040797,0.9784578686980538,0.9888927257291349,个,0.6532870855040797,套,0.32517078319397424,千克,0.010434857031081058,项,0.0045210093372040775,千米,0.0031853172074157053
109041002,光缆,B 前2个>=90%,1568615614.0045526,13,0.7424235322954952,0.9778103040441913,0.984664243183071,千米,0.7424235322954952,个,0.23538677174869616,UNKNOWN,0.006853939138879684,OTHER,0.004381281028604246,批,0.0033775706867876696
107021502,矿物油用配制添加剂,B 前2个>=90%,1536651713.0203454,18,0.7898120233869053,0.9463520117989453,0.9690891531143118,千克,0.7898120233869053,个,0.15653998841204006,瓶,0.02273714131536642,桶,0.016502628371683026,箱,0.004059160480643849
107022101,金属材料制焊料,B 前2个>=90%,1480028800.438924,22,0.8377571069929323,0.9270305183092625,0.9503596555024462,千克,0.8377571069929323,个,0.08927341131633029,套,0.023329137193183677,平方米,0.011916950158597917,OTHER,0.008752025666772243
101010105,高粱,B 前2个>=90%,1463614227.9815686,26,0.858490349968272,0.9115720844720626,0.9321815692535397,千克,0.858490349968272,个,0.05308173450379063,OTHER,0.020609484781477016,千米,0.01310173851970689,UNKNOWN,0.011735680615600975
109020199,其他矿山专用设备,B 前2个>=90%,1451752074.1129832,21,0.8033110119061262,0.9019979880267206,0.9411250098320517,个,0.8033110119061262,套,0.09868697612059443,千克,0.03912702180533115,千米,0.02152300563736861,OTHER,0.0116211141713246
109050404,移动通信设备零件,B 前2个>=90%,1447388596.4017649,19,0.8235351582857755,0.9376918359535598,0.9632026259225788,个,0.8235351582857755,套,0.11415667766778423,UNKNOWN,0.025510789969019006,批,0.013832529504941826,千米,0.010613912209583992
108012101,日用陶瓷餐具,B 前2个>=90%,1412319147.778963,16,0.8487254540271756,0.9182508150565339,0.9650845868222577,个,0.8487254540271756,套,0.06952536102935836,千克,0.04683377176572374,批,0.015547529208766904,箱,0.010318261764857582
102040301,钨矿石,B 前2个>=90%,1406812636.6972654,5,0.7776724555906561,0.9999033361249465,0.9999643074277208,千克,0.7776724555906561,OTHER,0.22223088053429035,个,6.097130277427848e-05,UNKNOWN,3.5047497038768845e-05,盒,6.450752405313278e-07
109060299,其他工业仪表,B 前2个>=90%,1393906513.6407247,21,0.7294278172645396,0.9208698963455024,0.9523728485675822,个,0.7294278172645396,套,0.19144207908096283,OTHER,0.03150295222207977,瓶,0.011996070163759464,批,0.011775284081835634
109012402,齿轮,B 前2个>=90%,1370341197.6546404,17,0.8933472555423908,0.9742422750065766,0.9850331868858052,个,0.8933472555423908,套,0.08089501946418579,千克,0.010790911879228683,UNKNOWN,0.00663900171920546,批,0.0029338578931518986
109010299,其他发动机,B 前2个>=90%,1369601644.1610308,23,0.8326077787484413,0.9141859242761482,0.9569187969920564,个,0.8326077787484413,套,0.08157814552770697,UNKNOWN,0.04273287271590823,瓶,0.015515468063386367,批,0.008653453415034647
108020404,铸铁管附件,B 前2个>=90%,1360542527.0551934,19,0.6508284716884521,0.9397202536416135,0.9617382070525916,千克,0.6508284716884521,个,0.28889178195316134,千米,0.02201795341097813,平方米,0.01628428079245966,套,0.009538729188266171
109050304,通信终端设备用零件,B 前2个>=90%,1343012587.1944408,19,0.6351106076650965,0.9009286251680668,0.9745959868468417,套,0.6351106076650965,个,0.26581801750297024,项,0.07366736167877484,OTHER,0.01276492633827413,UNKNOWN,0.004352879197330183
109050601,光纤接入设备,B 前2个>=90%,1300433363.8854935,18,0.8294213705648505,0.9174900962790986,0.9485918412085623,个,0.8294213705648505,套,0.08806872571424801,千米,0.031101744929463694,OTHER,0.023877586733502962,UNKNOWN,0.015874921537173604
109023001,缝纫机及其零件,B 前2个>=90%,1251420681.6068392,21,0.7603493978780956,0.9533926653143103,0.9651865680975465,个,0.7603493978780956,套,0.19304326743621467,批,0.011793902783236205,副,0.010236755486743547,包,0.004636176156248041
106040604,室内训练健身器材,B 前2个>=90%,1244362329.6510606,17,0.8818319140114422,0.967428091300742,0.978674398998577,个,0.8818319140114422,千克,0.08559617728929979,批,0.011246307697834978,UNKNOWN,0.009427987870744687,套,0.008434900727394303
104011202,纬编制物,B 前2个>=90%,1213000981.234116,12,0.6110011752682787,0.9766215295865606,0.9948360504634065,千米,0.6110011752682787,千克,0.36562035431828194,个,0.018214520876845917,平方米,0.0025679742211179597,套,0.0022940821938307702
105010604,木托板、箱形托盘及类似装载木板,B 前2个>=90%,1203326103.9094954,23,0.7999275212311265,0.9110604266708772,0.9559593563842865,个,0.7999275212311265,套,0.11113290543975064,立方米,0.044898929713409357,批,0.020414569408675327,千克,0.008197186998305862
107010202,生物能源,B 前2个>=90%,1194308269.4050293,19,0.8143359473222097,0.9412789955007959,0.9699159135129483,千克,0.8143359473222097,OTHER,0.12694304817858618,立方米,0.028636918012152447,UNKNOWN,0.01756142864461602,瓶,0.005024995705082648
306019900,其他贷款服务,B 前2个>=90%,1190847624.621338,17,0.8916937129648721,0.9512115912681833,0.9632231731943226,UNKNOWN,0.8916937129648721,千克,0.05951787830331119,元,0.012011581926139233,笔,0.011618921593001577,次,0.010507320077371077
106050902,珠宝玉石,B 前2个>=90%,1164582225.0305426,13,0.7801597488386528,0.9206957648259542,0.995334406986801,OTHER,0.7801597488386528,个,0.14053601598730134,千克,0.07463864216084685,UNKNOWN,0.0034864436192744053,千米,0.0006284731552623075
109010301,汽轮机,B 前2个>=90%,1141667223.495655,13,0.6677477108644141,0.9670801731135816,0.9867150680625346,个,0.6677477108644141,套,0.2993324622491675,OTHER,0.01963489494895297,批,0.008347413154965002,次,0.0036456931488809095
109042199,其他家用电力器具专用配件,B 前2个>=90%,1137100430.4635854,21,0.8989878003376389,0.9507202569002213,0.9852135176756048,个,0.8989878003376389,套,0.051732456562582435,千克,0.03449326077538347,UNKNOWN,0.00457679894500159,OTHER,0.0032186532028723627
109020105,矿物粉磨机械,B 前2个>=90%,1129077993.7205381,11,0.8348382577613868,0.9923513900241365,0.9972514281106502,个,0.8348382577613868,套,0.1575131322627498,千克,0.0049000380865136,OTHER,0.0019722357643888015,UNKNOWN,0.00042600160227981496
109050103,微波通信设备,B 前2个>=90%,1117988450.17704,9,0.8065960420734062,0.9165442279404441,0.9646103152882073,套,0.8065960420734062,个,0.10994818586703786,副,0.04806608734776319,千米,0.014891336844635655,批,0.01178271748729961
109011902,龙头,B 前2个>=90%,1112570237.198638,18,0.5918618273265036,0.9605863491986036,0.9793642743767123,个,0.5918618273265036,套,0.36872452187210003,千克,0.01877792517810859,UNKNOWN,0.010357384902162675,批,0.004492256046309881
105020106,软体家具,B 前2个>=90%,1110514500.1291418,18,0.7234150213443898,0.912880046949176,0.93577642633593,个,0.7234150213443898,套,0.1894650256047862,OTHER,0.02289637938675394,千克,0.019418410886459708,千米,0.017828908445625288
109042699,其他具有独立功能电气设备及装置,B 前2个>=90%,1093299892.9546123,21,0.5152554954778634,0.9069654757402146,0.9508037649668489,个,0.5152554954778634,套,0.39170998026235115,UNKNOWN,0.043838289226634394,OTHER,0.014053708292980785,千米,0.012673582035935473
107030399,其他中药饮片,B 前2个>=90%,1076996900.900761,15,0.882800631788583,0.9621422994100953,0.9730218511404065,千克,0.882800631788583,盒,0.07934166762151228,个,0.01087955173031115,批,0.00735827172131666,瓶,0.005575081738703686
109010304,汽轮机、燃气轮机、水轮机零件,B 前2个>=90%,1065773485.885601,18,0.6047317202086655,0.926297734683731,0.952188558173486,个,0.6047317202086655,套,0.3215660144750655,副,0.02589082348975501,OTHER,0.023812371399348588,千克,0.01046022545121553
109024100,农林牧渔机械零配件,B 前2个>=90%,1063700324.0065665,19,0.8478730127548569,0.9681698800783243,0.9916818976928684,个,0.8478730127548569,套,0.12029686732346728,千克,0.02351201761454411,副,0.003162656594450293,UNKNOWN,0.0024901773733037183
109031401,两轮脚踏自行车,B 前2个>=90%,1046337489.0675716,13,0.8500692090519739,0.952876788762593,0.9819763280070322,个,0.8500692090519739,套,0.10280757971061909,千克,0.029099539244439226,OTHER,0.0063292805829178265,UNKNOWN,0.005738267851202519
109013101,工商用制冷设备,B 前2个>=90%,1034584139.8425751,22,0.7468388986278371,0.9195847265624992,0.9422001045897945,个,0.7468388986278371,套,0.17274582793466206,批,0.0226153780272953,UNKNOWN,0.016685629297463398,项,0.014617898733496167
109011201,桥式起重机,B 前2个>=90%,1026051696.3823066,13,0.8757456282502767,0.9565911815973572,0.9735129547021801,个,0.8757456282502767,套,0.08084555334708057,批,0.016921773104822874,UNKNOWN,0.01481158774743883,千米,0.004753044105479561
109060203,流量测量仪表,B 前2个>=90%,1015229296.0580902,19,0.7598639419378278,0.9715092724093559,0.9876595429866465,个,0.7598639419378278,套,0.21164533047152806,UNKNOWN,0.01615027057729062,批,0.0049065731880386715,项,0.003976874008341247
109040804,继电器,B 前2个>=90%,1012490913.9438511,19,0.8911766186686532,0.9526439486500848,0.9887750290030286,个,0.8911766186686532,OTHER,0.0614673299814317,套,0.03613108035294377,批,0.004966521661478543,UNKNOWN,0.0024709936354169264
107060114,再生塑料制品,B 前2个>=90%,1004175711.4972658,18,0.6310842843400085,0.979907925247429,0.986139082944429,千克,0.6310842843400085,个,0.34882364090742046,千米,0.006231157697000031,卷,0.004567741940068074,套,0.003884254191800199
101010302,油菜籽,B 前2个>=90%,1003881049.719346,19,0.7587158380470316,0.9298196788542747,0.9620664666822688,千克,0.7587158380470316,瓶,0.1711038408072432,箱,0.0322467878279941,个,0.013668347038210517,桶,0.011824635686792675
108042100,金属制卫生器具,B 前2个>=90%,969612037.9563346,17,0.766872376653279,0.9450053796597118,0.9647360973175118,个,0.766872376653279,套,0.17813300300643273,平方米,0.019730717657800018,千克,0.01516012282653821,OTHER,0.009488157534884111
109030801,汽车车身,B 前2个>=90%,961057530.4522275,18,0.5485889854528196,0.9028858840832146,0.9591715199951246,个,0.5485889854528196,套,0.354296898630395,UNKNOWN,0.05628563591191009,OTHER,0.03380509102040754,瓶,0.0024029186878883756
107030213,口服液体制剂,B 前2个>=90%,960999001.4714956,13,0.5109985380163213,0.9653619283100053,0.9828140609937139,瓶,0.5109985380163213,盒,0.454363390293684,袋,0.017452132683708592,桶,0.006546033596671318,包,0.004852494296641337
109060904,导航仪器及装置零件、附件,B 前2个>=90%,935187261.3507996,14,0.6596587669076286,0.9894918588278472,0.9933288693261536,套,0.6596587669076286,个,0.32983309192021854,UNKNOWN,0.003837010498306412,项,0.002745287608271809,元,0.0022451118474040204
304040101,航空地面服务,B 前2个>=90%,911150477.2965698,10,0.8898096912212715,0.9513197624745215,0.9767560702140129,UNKNOWN,0.8898096912212715,个,0.061510071253250066,OTHER,0.025436307739491376,千克,0.011891343027276258,票,0.007424416348956312
106051205,伞、手杖、鞭子、马鞭及其零件,B 前2个>=90%,908555867.1807474,17,0.7963456725970672,0.9657800062941673,0.9808097081780608,个,0.7963456725970672,OTHER,0.16943433369709998,千克,0.015029701883893487,盒,0.010381893223853965,UNKNOWN,0.006957391053977707
109020102,采掘、凿岩设备,B 前2个>=90%,892546906.4468155,14,0.8574443105320667,0.9639255697194257,0.9815618852404105,个,0.8574443105320667,套,0.10648125918735891,千克,0.017636315520984866,OTHER,0.01111431618568912,批,0.0026148414252994434
109060206,执行器,B 前2个>=90%,892041914.0550919,15,0.7965652261823173,0.9928115434703567,0.9960790288217554,个,0.7965652261823173,套,0.19624631728803946,UNKNOWN,0.003267485351398696,OTHER,0.0015578069178848904,批,0.0011438099422010292
104020501,帽子,B 前2个>=90%,887015054.907789,18,0.8412219074655379,0.9882333725191078,0.9916043111672562,个,0.8412219074655379,OTHER,0.1470114650535699,UNKNOWN,0.0033709386481483817,套,0.002984364832716454,批,0.0017778711708863098
108030700,镁,B 前2个>=90%,885718411.6397095,10,0.8452604005046617,0.9571320857914348,0.9985846868862114,千克,0.8452604005046617,个,0.11187168528677319,平方米,0.04145260109477659,UNKNOWN,0.0011194621642384144,批,0.0001433864288367766
109024503,注射穿刺器械,B 前2个>=90%,881759282.2243977,17,0.7787304960767545,0.9467623425167836,0.9775102409256694,个,0.7787304960767545,套,0.16803184644002914,盒,0.030747898408885806,千克,0.012187889480332113,批,0.003953126743845539
107020602,化学农药制剂,B 前2个>=90%,877221596.9157181,16,0.8426240295102522,0.9015478109511286,0.931948078219699,千克,0.8426240295102522,OTHER,0.05892378144087641,立方米,0.030400267268570445,箱,0.029568436403295806,个,0.025233777364269714
109040307,电动机零件,B 前2个>=90%,865254806.8934679,16,0.7555266268749278,0.9049914824934719,0.974175389679921,个,0.7555266268749278,套,0.14946485561854417,千克,0.06918390718644905,批,0.009705601173701305,UNKNOWN,0.008099471976811892
108020701,铁道用钢材,B 前2个>=90%,864111160.384686,15,0.8191168468113669,0.9407595390543574,0.9633115737744226,千克,0.8191168468113669,个,0.12164269224299054,千米,0.022552034720065135,套,0.022266895574543602,OTHER,0.009457764899232318
301010101,铁路旅客运输服务,B 前2个>=90%,863504489.7985954,20,0.7659307805941238,0.9570484603293409,0.9724326921158195,UNKNOWN,0.7659307805941238,千克,0.1911176797352171,平方米,0.015384231786478627,批,0.009168900487305337,个,0.008781433568335275
106020299,其他本册,B 前2个>=90%,854042751.4397722,21,0.7730752509903268,0.9070998937739572,0.9350457373018891,个,0.7730752509903268,套,0.13402464278363038,千克,0.02794584352793199,批,0.02524910354823538,份,0.015620097854726823
107021412,生物化学制剂,B 前2个>=90%,851880735.2760115,18,0.5397610051581535,0.9626816810459751,0.975285119406262,个,0.5397610051581535,千克,0.4229206758878215,瓶,0.012603438360286861,桶,0.006464536060553857,盒,0.006294365913437206
109050299,其他通信交换设备,B 前2个>=90%,851781331.3423862,19,0.7880717260865672,0.9114970671054283,0.9601419554547966,个,0.7880717260865672,套,0.12342534101886116,批,0.04864488834936828,UNKNOWN,0.024002878958776317,OTHER,0.007099189131712524
109042408,灯用电器附件,B 前2个>=90%,848315460.6952608,17,0.8816745570632885,0.9533630811208493,0.9775554108378154,个,0.8816745570632885,套,0.07168852405756086,UNKNOWN,0.024192329716966058,OTHER,0.006936610730633087,批,0.006922765317942525
107020103,过氧化氢（双氧水）,B 前2个>=90%,846430985.8464565,14,0.8908007708584866,0.9973497347564843,0.9985047050580583,千克,0.8908007708584866,OTHER,0.10654896389799759,瓶,0.0011549703015741228,个,0.0007459545083847389,桶,0.0003277966823301819
109060313,电工仪器仪表零部件,B 前2个>=90%,838440328.4007522,20,0.8695171719873306,0.9618835973345493,0.9796079809736429,个,0.8695171719873306,套,0.0923664253472187,批,0.01772438363909353,千克,0.009775969555892102,千米,0.003952085259061846
109060701,水污染监测仪器,B 前2个>=90%,836696498.1417236,18,0.7965616347756699,0.9738507777974952,0.9946113948649603,套,0.7965616347756699,个,0.17728914302182525,UNKNOWN,0.020760617067465136,项,0.0026143877114664696,瓶,0.0010043550589540445
109060202,压力测量仪表,B 前2个>=90%,826361461.626245,15,0.8844326723545377,0.9846031959230896,0.9932690593891131,个,0.8844326723545377,套,0.100170523568552,批,0.008665863466023457,UNKNOWN,0.0018675453958140128,千克,0.001796383020309132
107021306,油脂类高分子聚合物,B 前2个>=90%,820500861.491643,18,0.8329132907758324,0.903204964125008,0.9718812065676512,千克,0.8329132907758324,OTHER,0.07029167334917556,个,0.06867624244264324,UNKNOWN,0.012706230082948314,桶,0.007879041718625007
106051206,拉链及其零件,B 前2个>=90%,820338095.7716291,19,0.7757363797891391,0.9328205682919406,0.9877661323884303,个,0.7757363797891391,千米,0.15708418850280148,千克,0.05494556409648967,OTHER,0.006562683059437432,套,0.0033275004229120506
104020407,靴鞋零件、护腿及类似品,B 前2个>=90%,798274751.8910103,18,0.8420360910295773,0.9000113300996355,0.948850168958133,个,0.8420360910295773,千米,0.05797523907005814,千克,0.048838838858497484,OTHER,0.03865866284761168,副,0.005826762034929406
105020105,塑料家具,B 前2个>=90%,787968348.4120542,20,0.6791723505273861,0.9021892426694731,0.9606858594022957,个,0.6791723505273861,千克,0.223016892142087,套,0.058496616732822596,批,0.008490983989026155,UNKNOWN,0.006250485869071588
109069900,其他仪器仪表及文化、办公用机械,B 前2个>=90%,785005501.3124418,20,0.796758854007117,0.9016921650367599,0.9302494226411833,个,0.796758854007117,套,0.10493331102964291,千克,0.028557257604423358,批,0.028090280968583202,平方米,0.017208457746365983
109013305,喷枪及类似器具零件,B 前2个>=90%,782977115.9739456,17,0.8833705066645876,0.9781282158357953,0.989423815787572,个,0.8833705066645876,套,0.09475770917120778,千克,0.011295599951776624,批,0.007999228517948685,千米,0.0009814784945115479
104010402,蚕丝及交织机织物,B 前2个>=90%,779123082.1338654,11,0.7463892552264887,0.9771284424491946,0.9944979261564666,千米,0.7463892552264887,千克,0.23073918722270587,个,0.01736948370727195,OTHER,0.0028976511902154578,UNKNOWN,0.0017510566245370538
405010100,出让土地使用权,B 前2个>=90%,777209248.4375,8,0.7172720005046742,0.9589384608274301,0.9802289704723763,平方米,0.7172720005046742,UNKNOWN,0.24166646032275588,OTHER,0.021290509644946224,项,0.016773732461636243,月,0.002906613636599904
109011305,工业车辆专用配套件,B 前2个>=90%,777170132.0833206,23,0.5169075645728859,0.9428922419629295,0.9571192607832021,个,0.5169075645728859,套,0.4259846773900437,千克,0.014227018820272582,副,0.01311141422962518,OTHER,0.01220001090197698
109050106,通信导航定向设备,B 前2个>=90%,774120406.0350494,8,0.8760725599342929,0.9560215815862096,0.9988035808476821,套,0.8760725599342929,个,0.07994902165191674,UNKNOWN,0.04278199926147244,批,0.0007555833374504611,OTHER,0.0004039940008839403
107021899,其他信息化学品,B 前2个>=90%,767134273.5505638,15,0.852311542160916,0.9585247928232657,0.9760949035759162,千克,0.852311542160916,个,0.10621325066234981,平方米,0.01757011075265051,千米,0.006104493139545773,套,0.005438227599958611
107021901,水处理剂,B 前2个>=90%,754258006.4102298,20,0.8318346235745341,0.9190834178552044,0.9440757395671299,千克,0.8318346235745341,个,0.08724879428067037,月,0.02499232171192546,UNKNOWN,0.012023311979078266,套,0.011469790675469172
109012905,热交换装置,B 前2个>=90%,742298644.3538609,14,0.7309486803848245,0.9162551044936825,0.9859717307331539,个,0.7309486803848245,套,0.185306424108858,UNKNOWN,0.06971662623947135,批,0.005068980023903003,项,0.004235009586655524
106051304,宠物专用品,B 前2个>=90%,742297959.8539906,16,0.7962508843515632,0.9729280410882053,0.9809938848509095,个,0.7962508843515632,千克,0.17667715673664203,袋,0.008065843762704287,套,0.006820777866107573,批,0.004992665404171361
109060306,配电系统电气安全检测与分析装置,B 前2个>=90%,739873475.7740812,12,0.7331287382738264,0.9644586222001666,0.9910142479422361,个,0.7331287382738264,套,0.2313298839263402,项,0.026555625742069502,批,0.00257017214101773,UNKNOWN,0.0021350837193444077
105020206,软体家具零配件,B 前2个>=90%,731332835.0004044,11,0.8808363171051383,0.9564851810919877,0.9968940887828295,个,0.8808363171051383,千米,0.07564886398684931,套,0.040408907690841815,千克,0.000931205752599911,批,0.000730994117062588
108011401,餐饮用玻璃器皿,B 前2个>=90%,725519927.8920741,18,0.8891451894078306,0.9421730189509625,0.9854086361891579,个,0.8891451894078306,千克,0.05302782954313189,套,0.04323561723819536,UNKNOWN,0.006637580765209506,箱,0.0030697955224663663
109061908,光学仪器零件、附件,B 前2个>=90%,723717403.6728888,19,0.8994928765317992,0.9594994395450371,0.9775547943717455,个,0.8994928765317992,套,0.06000656301323796,平方米,0.018055354826708354,UNKNOWN,0.008071294351549164,批,0.007118137459170351
109012906,加热设备,B 前2个>=90%,706196494.0877819,18,0.8915267451024613,0.9862910426527889,0.9908623691414108,个,0.8915267451024613,套,0.09476429755032752,UNKNOWN,0.004571326488621924,千克,0.0024964728095690316,OTHER,0.001862657065931186
109062799,其他文化、办公用设备或器具,B 前2个>=90%,698834784.8705515,24,0.8462786027366288,0.9139122606521364,0.9401848971792536,个,0.8462786027366288,套,0.06763365791550763,批,0.026272636527117227,UNKNOWN,0.018806603881995083,卷,0.009287454813672354
104019905,图案花边,B 前2个>=90%,686242365.0556755,14,0.8875328842700468,0.9468029857350837,0.9808086234717334,千米,0.8875328842700468,个,0.05927010146503687,千克,0.03400563773664967,OTHER,0.016732685666692886,UNKNOWN,0.0011519279229042728
108032001,锡材,B 前2个>=90%,679344933.3547592,11,0.8768349225185132,0.9791282445964931,0.988227276578304,千克,0.8768349225185132,OTHER,0.10229332207797986,卷,0.009099031981810952,千米,0.006771383393239777,个,0.004537671817296243
104020103,女睡衣,B 前2个>=90%,677574515.2887623,9,0.7867341392353424,0.9587008795556302,0.9988449214998268,个,0.7867341392353424,套,0.17196674032028783,UNKNOWN,0.040144041944196636,批,0.0005581169473400224,千克,0.00042260747449373426
101030399,其他畜禽产品,B 前2个>=90%,673648381.3224144,13,0.8640402692440251,0.9558647816519162,0.9773110914285428,千克,0.8640402692440251,OTHER,0.09182451240789112,个,0.021446309776626524,UNKNOWN,0.00949629125875621,盒,0.003930226569968826
109011301,电动（起升）车辆,B 前2个>=90%,669317484.8391953,20,0.8703201319085265,0.9543734962810384,0.9692694002043605,个,0.8703201319085265,批,0.08405336437251182,套,0.014895903923322113,OTHER,0.011039061709750227,UNKNOWN,0.007873276435933881
109013402,灌装、装填容器用机械,B 前2个>=90%,667699112.7301579,19,0.5321413305796671,0.9146221654531264,0.9339437901081612,个,0.5321413305796671,套,0.3824808348734593,千克,0.019321624655034803,UNKNOWN,0.016635811960652645,批,0.015955470985653322
108012902,普通磨料,B 前2个>=90%,647890967.067239,19,0.8312591023421809,0.968034974068461,0.9793285389794749,千克,0.8312591023421809,个,0.13677587172628006,桶,0.011293564911013998,OTHER,0.005012343296267574,批,0.004905848223795557
106040804,仿真模型及其附件,B 前2个>=90%,647263429.6551635,17,0.8861146183504973,0.9874655886520564,0.9931125367626815,个,0.8861146183504973,套,0.10135097030155907,UNKNOWN,0.0056469481106252006,OTHER,0.0030677018336602124,千克,0.000737100852862288
109060608,试验机械，相关检测仪器、器具零件,B 前2个>=90%,639052463.7779546,19,0.5951206759936518,0.9484299331855282,0.9640333931514861,个,0.5951206759936518,套,0.35330925719187634,副,0.015603459965957963,项,0.01036525696316157,批,0.005736867259029683
108041899,其他散热器及其零件,B 前2个>=90%,634425971.6642761,17,0.8199167664146263,0.9116416506430788,0.973016875338093,个,0.8199167664146263,千克,0.09172488422845247,套,0.06137522469501423,OTHER,0.013630130937162616,批,0.010137972120851513
101040200,海水虾,B 前2个>=90%,634283289.3130121,13,0.8918920547654019,0.9283469976548888,0.9492542831277357,千克,0.8918920547654019,批,0.03645494288948688,UNKNOWN,0.020907285472846905,箱,0.015163330746347427,个,0.014120471868732706
109012500,密封垫及类似接合衬垫,B 前2个>=90%,629377374.3168001,19,0.7839167386155798,0.9341622089376903,0.9669761955442455,个,0.7839167386155798,套,0.15024547032211055,千克,0.03281398660655519,千米,0.009545702857629472,OTHER,0.007263294078829641
107022002,动物胶,B 前2个>=90%,628439181.9117813,11,0.7392115467411099,0.9963277552974632,0.9977655933936274,千克,0.7392115467411099,盒,0.2571162085563533,箱,0.0014378380961641633,桶,0.000981049328475656,个,0.0006367468217671692
108031203,混合稀土金属,B 前2个>=90%,621373147.6286325,10,0.8798059443717647,0.9799543591784687,0.9935489156668683,千克,0.8798059443717647,个,0.10014841480670396,套,0.013594556488399542,批,0.005841009403590548,OTHER,0.00048330205453592055
109040905,电子元器件引线,B 前2个>=90%,614034707.97319,16,0.6672667441903846,0.9012989729314309,0.9716622662539182,个,0.6672667441903846,套,0.2340322287410464,千米,0.07036329332248725,OTHER,0.009636602626170122,批,0.0075820582475580114
109013203,风动和电动工具零件,B 前2个>=90%,612547478.1595006,20,0.8302376597992505,0.9174051813342113,0.980390482516877,个,0.8302376597992505,套,0.08716752153496088,千克,0.06298530118266568,副,0.007798337540297621,UNKNOWN,0.00463356246698076
107030210,膏霜剂,B 前2个>=90%,607527215.1301277,13,0.7337687443244468,0.9259613183243947,0.9647577170856875,个,0.7337687443244468,盒,0.19219257399994785,OTHER,0.0387963987612928,瓶,0.024574103562638012,千克,0.005331439644735154
109012907,冷却设备,B 前2个>=90%,606114945.1118565,18,0.8162827122163244,0.9256592781603764,0.9657289126146478,个,0.8162827122163244,套,0.10937656594405194,千克,0.04006963445427134,项,0.0130097149322797,OTHER,0.00950638189550788
109050804,广播电视设备专用配件,B 前2个>=90%,600738557.9235097,15,0.6913487656093885,0.9007229782864128,0.9492229367909198,个,0.6913487656093885,OTHER,0.2093742126770243,套,0.048499958504507105,批,0.03566364388870794,千米,0.007027202132625783
109025311,防盗、防火报警器及类似装置,B 前2个>=90%,595267727.1587601,20,0.7847704262409921,0.915118691500459,0.9500901221177465,个,0.7847704262409921,套,0.1303482652594669,平方米,0.03497143061728744,批,0.01770871502354656,千克,0.011116211026297416
109020909,塑料加工专用设备零件,B 前2个>=90%,594294847.0972147,21,0.774349332713848,0.9417222953534922,0.969792479997401,个,0.774349332713848,套,0.1673729626396442,千克,0.028070184643908824,批,0.011527191805325611,千米,0.005991178157129973
108041901,保险箱、柜、库门及钱箱,B 前2个>=90%,594277589.4263887,14,0.8628145401701658,0.9363778559297852,0.9804905382291522,个,0.8628145401701658,套,0.07356331575961936,千克,0.04411268229936709,平方米,0.0054858853984971,批,0.004575501496909145
109012102,气动系统及机械,B 前2个>=90%,593133483.1750374,21,0.6723266087292008,0.9503847111421995,0.978535630747378,套,0.6723266087292008,个,0.2780581024129987,项,0.028150919605178546,批,0.01115413826116729,千克,0.0028398120706042266
109051399,其他信息系统安全设备,B 前2个>=90%,592954633.8487701,15,0.4733045310713301,0.9204367002643146,0.9653948302633188,个,0.4733045310713301,套,0.44713216919298454,UNKNOWN,0.044958129999004226,批,0.011216325174645301,项,0.010759261063835391
102050900,天然石墨,B 前2个>=90%,592402044.0297627,16,0.8503429352139659,0.9965537643505169,0.998243462162312,千克,0.8503429352139659,个,0.14621082913655098,千米,0.0016896978117950415,平方米,0.0009741694948827794,桶,0.0003063148033565584
102050401,粘土,B 前2个>=90%,577799246.2489624,21,0.8636363833844456,0.9404486140530165,0.9613767701837311,千克,0.8636363833844456,个,0.07681223066857092,UNKNOWN,0.020928156130714637,立方米,0.014000480582278024,袋,0.008169484418531287
102050201,天然大理石荒料,B 前2个>=90%,577332234.6859283,15,0.8857837917585424,0.9746905561229847,0.9888586793604648,千克,0.8857837917585424,平方米,0.08890676436444232,立方米,0.014168123237480072,批,0.0031870525313810426,个,0.0027148551535353276
109060702,气体或烟雾分析、检测仪器,B 前2个>=90%,576964420.4491196,17,0.6388061837232479,0.9555964901669468,0.9707886156204417,套,0.6388061837232479,个,0.3167903064436989,盒,0.015192125453494923,OTHER,0.00879757106286684,UNKNOWN,0.005809208976265399
108040702,日常用刀及类似制品,B 前2个>=90%,574920052.7405192,18,0.8252701558802638,0.900483967041001,0.9506568337440485,个,0.8252701558802638,套,0.07521381116073719,OTHER,0.05017286670304754,千克,0.02617005043662498,UNKNOWN,0.009649479036844804
109060201,温度测量仪表,B 前2个>=90%,566259342.9426203,20,0.7360246764612385,0.964699506798144,0.9838603722832764,个,0.7360246764612385,套,0.22867483033690553,千米,0.019160865485132392,批,0.0045240362095782015,OTHER,0.0036996797032428173
109061601,光学检测仪器及设备,B 前2个>=90%,556363555.9177608,15,0.8829257833218,0.9851475686313566,0.9907178341835059,个,0.8829257833218,套,0.10222178530955651,千克,0.00557026555214931,UNKNOWN,0.003889530491124494,OTHER,0.0030186688046844744
108012102,厨房用陶瓷器具,B 前2个>=90%,554913187.8107681,17,0.8999300184660247,0.9481938830117459,0.9831488457447128,个,0.8999300184660247,套,0.048263864545721215,箱,0.03495496273296693,批,0.008981535373927431,千克,0.0028979819011769286
109060101,工业自动调节仪表,B 前2个>=90%,552308296.3231381,19,0.7414482976791859,0.9680748405728277,0.9790062590078032,个,0.7414482976791859,套,0.2266265428936418,OTHER,0.010931418434975622,UNKNOWN,0.008352898698221346,批,0.007387388164187719
110010300,冷气,B 前2个>=90%,549962458.0540771,17,0.8803007076392038,0.9295615071324232,0.9739163125047272,平方米,0.8803007076392038,立方米,0.04926079949321944,月,0.04435480537230401,千瓦时,0.013147414860523126,UNKNOWN,0.010406100592564083
103011203,淀粉制品,B 前2个>=90%,547704523.9603469,19,0.8682169147986136,0.9386396093574512,0.9672077648482712,千克,0.8682169147986136,箱,0.07042269455883754,个,0.028568155490820073,袋,0.018222072536339822,套,0.005362909582636219
109060506,色谱仪器,B 前2个>=90%,546454155.537304,18,0.5691670197152191,0.9503819559487845,0.9698526202843758,套,0.5691670197152191,个,0.38121493623356545,OTHER,0.019470664335591324,包,0.007291002863129603,盒,0.005769799405170832
106040803,玩偶及其零配件和装饰品,B 前2个>=90%,531944515.4944524,16,0.8795819444345715,0.9388542701422691,0.9860242309783852,个,0.8795819444345715,千克,0.059272325707697554,套,0.047169960836116166,OTHER,0.0060173784118675395,批,0.005984693336909782
109041499,其他家用制冷电器具,B 前2个>=90%,523593158.9816533,19,0.5427938112925407,0.9063846678751368,0.9490653187733274,个,0.5427938112925407,套,0.3635908565825962,UNKNOWN,0.04268065089819061,批,0.031953385620482756,项,0.006181266302819296
108031402,硬质合金,B 前2个>=90%,521545019.80827075,15,0.5571350300637531,0.972131771396799,0.981717581107469,千克,0.5571350300637531,个,0.41499674133304587,批,0.009585809710669978,平方米,0.006854278133677061,千米,0.00433289958559293
103010905,鱼糜（熟肉）制品,B 前2个>=90%,516922604.59050703,16,0.8775736059645564,0.9382622300221772,0.9572425175184776,千克,0.8775736059645564,个,0.06068862405762082,包,0.01898028749630034,袋,0.012088778076166092,盒,0.00823235090049755
109060205,显示仪表、记录仪,B 前2个>=90%,516532132.5123491,19,0.80721934645857,0.9571018910841584,0.983264556893099,个,0.80721934645857,套,0.14988254462558853,批,0.026162665808940576,UNKNOWN,0.007061430728691066,OTHER,0.006007600849690875
107020307,有机－无机化合物,B 前2个>=90%,516326621.34992605,17,0.871556208033391,0.9479259299113946,0.9756180454605626,千克,0.871556208033391,罐,0.0763697218780036,个,0.027692115549168048,立方米,0.01900641104722191,桶,0.0020828680224322274
109023199,其他电工机械专用设备,B 前2个>=90%,516115045.6450948,19,0.5984431304547019,0.9366463350792165,0.9657710719877869,套,0.5984431304547019,个,0.3382032046245146,OTHER,0.029124736908570422,批,0.017518784360646043,千克,0.007521638900378036
108031404,贵金属合金,B 前2个>=90%,512899578.43517494,11,0.6163627045932625,0.9754695728589542,0.9927324726004854,个,0.6163627045932625,千克,0.35910686826569177,卷,0.017262899741531116,平方米,0.0032690609828838397,OTHER,0.0013469093342194003
109012401,齿轮传动轴,B 前2个>=90%,507131456.9219227,15,0.8958544934636387,0.9656762499333945,0.9876560482142102,个,0.8958544934636387,套,0.06982175646975582,批,0.021979798280815626,千克,0.005559740108580673,UNKNOWN,0.0033657044881301146
108031199,其他贵金属,B 前2个>=90%,507092187.1230469,12,0.5404393908736884,0.9774965968512521,0.9961046784419522,千克,0.5404393908736884,个,0.43705720597756376,OTHER,0.01860808159070004,UNKNOWN,0.0016106943486024175,批,0.0013052081885840576
109040803,电力集成电路,B 前2个>=90%,505088649.3951784,17,0.7927528076769476,0.9270446816359925,0.984894936057164,个,0.7927528076769476,套,0.134291873959045,OTHER,0.057850254421171504,千瓦时,0.004478351970973333,UNKNOWN,0.004205244002034523
109023206,检测设备,B 前2个>=90%,502860263.4533119,17,0.6407997309141308,0.9675435263085097,0.9909049899739086,个,0.6407997309141308,套,0.32674379539437887,UNKNOWN,0.02336146366539897,OTHER,0.0033968626873178216,批,0.00155762191978813
109020308,混凝土机械,B 前2个>=90%,500492975.6636428,15,0.5556911497383935,0.924446567409335,0.9661627145267231,套,0.5556911497383935,个,0.3687554176709414,千克,0.041716147117388185,千米,0.01754212629776206,UNKNOWN,0.014296306997101861
109050802,广播电视发射及传输设备,B 前2个>=90%,499582151.96170425,12,0.8586064672857908,0.9754740520012288,0.9870802991963761,个,0.8586064672857908,套,0.11686758471543807,批,0.011606247195147279,千米,0.010504462115413274,OTHER,0.0016769854501612008
109024202,X射线附属设备及部件,B 前2个>=90%,497034086.3529701,16,0.6173186444028791,0.9283966082342658,0.9904908175398279,个,0.6173186444028791,套,0.31107796383138675,UNKNOWN,0.06209420930556209,盒,0.004205057726549446,OTHER,0.0027045089047135935
304010402,地质勘查服务,B 前2个>=90%,477178407.7548828,10,0.5157097039744081,0.9191032993504122,0.9569350066984806,OTHER,0.5157097039744081,UNKNOWN,0.4033935953760041,次,0.03783170734806844,项,0.02437876417297868,千米,0.008885531058391889
109022816,印染机械,B 前2个>=90%,476651194.4081116,16,0.8553691071076958,0.9769396485866434,0.9882124178977392,个,0.8553691071076958,套,0.12157054147894761,千克,0.011272769311095759,批,0.010476377817957315,OTHER,0.0003824386920950886
109061007,建筑施工激光仪器,B 前2个>=90%,475993881.098299,13,0.8807076393794779,0.9679519127177763,0.9940116006109219,个,0.8807076393794779,套,0.0872442733382983,千克,0.026059687893145642,UNKNOWN,0.0018360246522150577,平方米,0.0015355617562005084
109025603,具有独立功能专用机械,B 前2个>=90%,475169115.60145473,17,0.6936335748213602,0.9342278413303099,0.9707912536861587,个,0.6936335748213602,套,0.24059426650894963,项,0.03656341235584885,UNKNOWN,0.013330778686720402,次,0.009244165089391496
109010603,弯曲、折叠、矫直或矫平机床,B 前2个>=90%,473295806.18431854,9,0.8340430518079595,0.996132796059931,0.9984154755453659,个,0.8340430518079595,套,0.16208974425197156,UNKNOWN,0.002282679485434941,OTHER,0.0007083808790145549,批,0.0005110334738647717
109040502,电力电容器成套装置,B 前2个>=90%,470840943.7817286,18,0.5171105850448772,0.9351347483356243,0.9696507386632616,个,0.5171105850448772,套,0.4180241632907471,OTHER,0.03451599032763734,千克,0.016701035497155386,批,0.005528307284678848
107030403,中成药糖浆,B 前2个>=90%,467401527.251689,14,0.5373757072690848,0.9867768700231477,0.9967393409307881,盒,0.5373757072690848,瓶,0.44940116275406294,千克,0.009962470907640394,OTHER,0.001469810369899581,个,0.0007233199410585427
106020201,用于书写本册,B 前2个>=90%,467142561.79119164,19,0.7964472988602082,0.9069634712108401,0.9554509017683928,个,0.7964472988602082,千克,0.11051617235063196,套,0.0484874305575527,UNKNOWN,0.021565984620536948,批,0.007791060656567891
104019902,纺织材料制标签、徽章及类似品,B 前2个>=90%,462021081.0779705,17,0.8564320991257494,0.9163231749512554,0.9445595519323892,个,0.8564320991257494,套,0.059891075825506034,千米,0.028236376981133845,千克,0.026578212110976693,OTHER,0.011270355493200554
109024799,其他假肢、人工器官及植（介）入器械,B 前2个>=90%,459236490.1233521,9,0.6732658290980201,0.9067589205301534,0.9682957101220133,个,0.6732658290980201,盒,0.2334930914321332,批,0.06153678959185997,套,0.02193475063810738,UNKNOWN,0.008161383277133453
107020205,无环烃氟化、溴化或碘化衍生物,B 前2个>=90%,457483591.46494293,13,0.6265779154525983,0.9558545854204292,0.9954344075584634,千克,0.6265779154525983,OTHER,0.3292766699678309,瓶,0.039579822138034175,个,0.003571827846312612,千米,0.00041440720417243183
107040202,人造纤维长丝,B 前2个>=90%,453643475.45396423,14,0.8713207785717937,0.9664665687793395,0.9876657398400388,千克,0.8713207785717937,个,0.09514579020754577,千米,0.02119917106069934,批,0.004491015765103288,立方米,0.003896562158710869
109061603,通用电子测量仪器,B 前2个>=90%,444413592.2003765,18,0.7862096413499141,0.9871739467278187,0.9930400594778682,个,0.7862096413499141,套,0.2009643053779046,OTHER,0.005866112750049557,UNKNOWN,0.003610885915169548,千米,0.0014181979547232032
109032404,航空器零件,B 前2个>=90%,440781614.03724676,11,0.4826918043529055,0.959851305953579,0.9937385396184266,UNKNOWN,0.4826918043529055,个,0.47715950160067355,套,0.033887233664847555,批,0.00332978031891174,千克,0.0024437380682274506
108040399,其他金属切削工具,B 前2个>=90%,436983570.50959206,18,0.7105337346597264,0.9055668991598949,0.9317802068129162,个,0.7105337346597264,千克,0.19503316450016855,UNKNOWN,0.026213307653021364,批,0.024665830280254493,套,0.023006574023893035
109051302,边界防护类设备,B 前2个>=90%,429962450.82070345,18,0.5504169600256404,0.9665355043825201,0.9819263341770506,个,0.5504169600256404,套,0.4161185443568797,UNKNOWN,0.015390829794530424,OTHER,0.004811216778652319,月,0.003170562911709867
109051907,射频元器件,B 前2个>=90%,429017181.7530518,12,0.5959171731538088,0.958517262404076,0.9921801074198042,个,0.5959171731538088,套,0.3626000892502672,批,0.03366284501572825,OTHER,0.006054146246844837,千克,0.0006353805840272991
109011213,其他起重机,B 前2个>=90%,424681098.01768506,12,0.6236188923711956,0.9509579810391362,0.9677831738946071,个,0.6236188923711956,套,0.32733908866794065,千克,0.016825192855470926,批,0.01007055291302817,千米,0.00866258814695269
106040802,填充类玩具,B 前2个>=90%,422659981.0375118,12,0.8542878324440571,0.9386467262289669,0.9683092506279526,个,0.8542878324440571,UNKNOWN,0.08435889378490977,箱,0.029662524398985635,OTHER,0.009542261624097312,批,0.00824810860367684
109042099,其他家用电热电力器具类似产品,B 前2个>=90%,421231690.68550396,16,0.8854266744018556,0.9676696703729121,0.9819734336063711,个,0.8854266744018556,套,0.08224299597105646,OTHER,0.014303763233459076,千瓦时,0.0057970670430531656,UNKNOWN,0.004960116265309091
109024205,医用电气诊断仪器及装置,B 前2个>=90%,420900143.6205444,15,0.7051359341600242,0.9758095171445373,0.9831271672966758,套,0.7051359341600242,个,0.2706735829845131,袋,0.007317650152138516,包,0.006240324313982231,批,0.003549505797619494
102051102,天然玉石类矿石,B 前2个>=90%,418923464.0214692,6,0.8754259726161797,0.9988261006446042,0.999895170850056,个,0.8754259726161797,千克,0.12340012802842443,OTHER,0.0010690702054517718,UNKNOWN,6.915198863989954e-05,桶,3.20965549910351e-05
109042602,信号发生器（电气装置）,B 前2个>=90%,415580526.61970145,14,0.7635550683792179,0.9403752689677314,0.9958822971425844,个,0.7635550683792179,套,0.1768202005885135,千克,0.055507028174852965,千米,0.001464312864235236,OTHER,0.0009662874323216595
105010304,细木工板,B 前2个>=90%,412848601.34842205,17,0.7784028280399519,0.9222510625069207,0.9662624981673922,个,0.7784028280399519,立方米,0.14384823446696876,平方米,0.044011435660471485,批,0.009057145885967916,套,0.006368405175924843
108012801,固结磨具,B 前2个>=90%,412113352.20068765,18,0.8527575956011421,0.9256755200013131,0.9707321749176273,个,0.8527575956011421,箱,0.07291792440017103,千克,0.04505665491631421,套,0.014439091708087742,批,0.00460666538068269
109020306,公共工程用机械,B 前2个>=90%,411517718.7576034,19,0.7223462663055672,0.9568922379877047,0.9727389652736839,个,0.7223462663055672,套,0.23454597168213756,次,0.01584672728597913,UNKNOWN,0.008825449876045943,项,0.007372195319217822
109011304,其他工业车辆,B 前2个>=90%,407152973.2195597,17,0.8701979445593672,0.925651898152084,0.9499402214311699,个,0.8701979445593672,套,0.05545395359271682,千克,0.024288323279085866,桶,0.019128451708522683,UNKNOWN,0.016381339091701103
109012302,滑动轴承,B 前2个>=90%,406033979.1257929,14,0.7877040290546462,0.9486875669528054,0.970144470679823,个,0.7877040290546462,套,0.16098353789815925,平方米,0.02145690372701757,千克,0.020267376097436805,副,0.004036583537201502
107029906,蜡烛及类似品,B 前2个>=90%,402996340.040214,18,0.8179968323486209,0.9061564743936206,0.9940134779597741,千克,0.8179968323486209,个,0.0881596420449997,套,0.08785700356615356,箱,0.0011223840555444518,罐,0.0010772942257580573
109042399,其他电光源,B 前2个>=90%,400318228.775896,18,0.8623175698619497,0.9339589327539082,0.9826437642061738,个,0.8623175698619497,副,0.07164136289195842,套,0.048684831452265605,OTHER,0.006411459254652956,千米,0.004430060858417048
107021704,爆破器材,B 前2个>=90%,394766721.29640204,12,0.886508170790285,0.9554672215832578,0.9721847982539569,千克,0.886508170790285,OTHER,0.06895905079297276,个,0.016717576670699116,套,0.014401367819343088,UNKNOWN,0.012148572159908937
102050407,以自己采掘的砂、土、石料或其他矿物连续生产的砖、瓦、石灰（不含粘土实心砖、瓦）,B 前2个>=90%,393752064.2857628,17,0.6080229795972805,0.9062106452430589,0.9462201735801005,千克,0.6080229795972805,立方米,0.2981876656457784,个,0.040009528337041494,UNKNOWN,0.022536572204671756,OTHER,0.02224263005677574
104010206,毛染整精加工产品,B 前2个>=90%,386151355.1399384,10,0.4802388540499171,0.9332450418800488,0.9886894240557857,千米,0.4802388540499171,千克,0.45300618783013163,个,0.05544438217573702,UNKNOWN,0.007133106951105088,OTHER,0.0020329804917828347
109011403,给料机械,B 前2个>=90%,382068198.16813654,10,0.8113489369415663,0.9791436260933033,0.9851930510024732,个,0.8113489369415663,套,0.16779468915173698,UNKNOWN,0.006049424909169935,项,0.005681561427797039,批,0.003816657082230839
101030101,猪,B 前2个>=90%,380632851.5261783,13,0.8769928359091593,0.9431427563366301,0.9696679497336735,千克,0.8769928359091593,个,0.06614992042747085,平方米,0.02652519339704344,批,0.014864854878629543,UNKNOWN,0.009027690972241839
106010103,废纸纸浆,B 前2个>=90%,376413696.68256235,18,0.8108871652179119,0.95153878301044,0.9695179441820858,千克,0.8108871652179119,个,0.1406516177925281,OTHER,0.01797916117164573,套,0.01599544756192163,UNKNOWN,0.011101841973086696
104010501,床褥单,B 前2个>=90%,375043287.92084503,12,0.7925502756992374,0.9207738623516658,0.9640023614041906,个,0.7925502756992374,套,0.1282235866524284,OTHER,0.043228499052524835,批,0.012320700180012351,千克,0.012108961643500797
104010203,绒线,B 前2个>=90%,371093299.81242436,16,0.6231395264630604,0.9175187648257159,0.9842715044950788,千克,0.6231395264630604,千米,0.2943792383626556,个,0.06675273966936293,套,0.007682212645892545,UNKNOWN,0.004045683441521091
109013005,离心、过滤、净化机设备及其零件,B 前2个>=90%,370222371.1588955,20,0.687578432948407,0.9493212147514167,0.9692993478329717,个,0.687578432948407,套,0.26174278180300975,千克,0.019978133081554963,UNKNOWN,0.012551643896888117,箱,0.004242667656910252
108012006,耐火陶瓷制品,B 前2个>=90%,368768206.0895958,17,0.5806195226118512,0.9771963816788175,0.9820021077038518,千克,0.5806195226118512,个,0.39657685906696627,千米,0.004805726025034241,批,0.004166608182666077,箱,0.003701428004225122
104019903,成匹编带、装饰带及类似品,B 前2个>=90%,367204603.0188584,15,0.6221937087385866,0.9385490211145038,0.96705577328321,千米,0.6221937087385866,千克,0.3163553123759172,个,0.028506752168706198,卷,0.019513132337419463,OTHER,0.0028052387127961024
104020104,男睡衣,B 前2个>=90%,366746768.02223015,8,0.8784645326499964,0.9957786259343322,0.9972746570117397,个,0.8784645326499964,套,0.11731409328433584,包,0.001496031077407458,千克,0.0011269509673632562,盒,0.0006886262414451181
103010702,动物肠衣,B 前2个>=90%,366326583.5107154,9,0.7733545581238509,0.9768564755933318,0.9930059144173011,个,0.7733545581238509,千克,0.20350191746948082,OTHER,0.016149438823969357,UNKNOWN,0.00619235359688633,批,0.000349414991326328
104010104,缝纫线,B 前2个>=90%,366171738.06397086,17,0.472325619839576,0.9122483087371547,0.9318870522546576,千克,0.472325619839576,个,0.43992268889757863,OTHER,0.019638743517502902,千米,0.016083222227420504,批,0.015005951168583036
104010804,帐篷,B 前2个>=90%,361326542.28219414,14,0.8722295321675454,0.933839862485246,0.966214998796345,个,0.8722295321675454,千克,0.06161033031770059,套,0.032375136311098965,OTHER,0.022395580477552936,平方米,0.008792835088630402
109010604,剪切机床,B 前2个>=90%,356669584.8529968,8,0.6620769015889612,0.9960161493231747,0.9979757220753287,套,0.6620769015889612,个,0.3339392477342135,UNKNOWN,0.0019595727521539673,批,0.0014469786254348276,千克,0.0005479324270932042
109060104,工业自动调节仪表与控制系统零件、附件,B 前2个>=90%,354898636.9262596,18,0.5671209129893394,0.9196009998265093,0.955502959658689,个,0.5671209129893394,套,0.3524800868371699,批,0.03590195983217965,千克,0.01618539718253941,OTHER,0.011299739830822652
108012103,盥洗用陶瓷器具,B 前2个>=90%,354323507.2692065,11,0.8757826549174628,0.9785200153956496,0.9885659184709533,个,0.8757826549174628,套,0.10273736047818678,千克,0.010045903075303729,批,0.004674332086454855,OTHER,0.003728709255693442
109041001,光纤,B 前2个>=90%,354134468.14248854,16,0.7027570633015962,0.9477327762419885,0.9636403822064971,千米,0.7027570633015962,个,0.24497571294039228,OTHER,0.01590760596450855,套,0.01343234842407241,千克,0.008894392090725976
109060599,其他分析仪器及装置,B 前2个>=90%,351516908.038642,17,0.6685846897839625,0.9546506359663638,0.9716331263202667,个,0.6685846897839625,套,0.2860659461824014,千克,0.01698249035390287,盒,0.01082602079039544,UNKNOWN,0.009443163015552949
109012899,其他气体分离及液化设备,B 前2个>=90%,348280282.22157294,15,0.7744190312722947,0.9195662732480151,0.989652992893308,个,0.7744190312722947,套,0.14514724197572035,千克,0.07008671964529292,瓶,0.0029079382239454014,批,0.0024338807873157684
109024206,医用激光诊断、治疗仪器及设备,B 前2个>=90%,346897089.2074891,16,0.6849057303907757,0.945920878519742,0.9650732124967164,个,0.6849057303907757,套,0.2610151481289663,盒,0.019152333976974335,UNKNOWN,0.01286406048455638,箱,0.012410239618427616
109020813,橡胶制品加工机械,B 前2个>=90%,345723898.8662948,14,0.556905436002397,0.9874931178894695,0.9978457722199624,千米,0.556905436002397,个,0.4305876818870725,套,0.010352654330492947,UNKNOWN,0.0008701024598825528,批,0.0004860092129904562
109012407,联轴器,B 前2个>=90%,330491020.7856293,13,0.5913519094843068,0.9033427705214063,0.9706984532029439,个,0.5913519094843068,套,0.31199086103709944,千克,0.06735568268153756,批,0.02222796048326735,UNKNOWN,0.0031640791811902084
106051201,镜子类制品及零配件,B 前2个>=90%,325595253.5351104,20,0.8328147695000226,0.9317426518660978,0.9656393487981423,个,0.8328147695000226,平方米,0.09892788236607519,千克,0.03389669693204442,套,0.018100065304222396,OTHER,0.009510368781144913
109040801,电力半导体器件（5A以上）,B 前2个>=90%,322646375.55053234,15,0.7318044535644065,0.9616538582484844,0.972370590655965,个,0.7318044535644065,套,0.22984940468407783,批,0.010716732407480627,千米,0.010009782455640532,OTHER,0.009864695007520408
109012904,干燥、分散、混合设备及类似设备,B 前2个>=90%,322286546.1954422,20,0.6781587920125802,0.9675359903915708,0.9809565395074638,个,0.6781587920125802,套,0.2893771983789906,OTHER,0.013420549115892912,UNKNOWN,0.00599982929115864,千克,0.0054277001650867305
109021499,其他食品制造机械,B 前2个>=90%,319219902.88734436,17,0.5700872994392907,0.9508728086357496,0.9657886684315196,个,0.5700872994392907,套,0.380785509196459,UNKNOWN,0.01491585979576989,批,0.010696626492983852,OTHER,0.010362329079657956
108011700,玻璃制绝缘子,B 前2个>=90%,317535891.21614265,9,0.8054643863067564,0.9077049744588693,0.9866089285096832,个,0.8054643863067564,千克,0.10224058815211286,OTHER,0.07890395405081387,套,0.006762885895434894,千米,0.006147002823976524
109022813,针织机械,B 前2个>=90%,315546659.82763666,10,0.8941777095386708,0.9984098615074365,0.9991795384868495,个,0.8941777095386708,套,0.10423215196876567,批,0.0007696769794130101,UNKNOWN,0.0006397009561446824,OTHER,0.0001284120707287269
109060502,光学分析仪器,B 前2个>=90%,313858396.66648096,13,0.7215664570853226,0.9842668070705455,0.9937632620688094,个,0.7215664570853226,套,0.26270034998522285,OTHER,0.009496454998263935,UNKNOWN,0.0034795171930302542,瓶,0.0010241848024909945
109020405,建筑卫生陶瓷机械,B 前2个>=90%,308504631.3277588,12,0.8205943325520887,0.9130337106167317,0.9604398060683822,个,0.8205943325520887,套,0.092439378064643,月,0.047406095451650566,平方米,0.020141295425403997,项,0.00789639101859737
108012901,天然研磨料,B 前2个>=90%,307055445.8822007,17,0.8906282534431516,0.9545156698688562,0.9745387044908171,千克,0.8906282534431516,个,0.0638874164257046,立方米,0.02002303462196103,UNKNOWN,0.013060544985109012,套,0.0033065157228849124
101030306,生皮,B 前2个>=90%,304773664.93998903,9,0.556233723420371,0.9234758253159749,0.9853033522064953,个,0.556233723420371,千克,0.36724210189560397,平方米,0.061827526890520346,OTHER,0.014671908418246846,瓶,1.8192484212775976e-05
109051301,访问控制类设备,B 前2个>=90%,304425470.2544948,11,0.7650595125037437,0.931557691496347,0.9898332342915483,个,0.7650595125037437,套,0.16649817899260339,UNKNOWN,0.05827554279520126,批,0.004176690599958847,项,0.0031674452236302242
109032401,民用飞机及直升机,B 前2个>=90%,303914850.67419434,5,0.6396170738849611,0.9925949565452665,0.9999311715108571,个,0.6396170738849611,UNKNOWN,0.3529778826603054,套,0.007336214965590577,OTHER,5.034304827835495e-05,次,1.8485440864561966e-05
109024210,病人监护设备及器具,B 前2个>=90%,303806825.80882263,17,0.6206384860582699,0.9811498718177007,0.9870061260214247,个,0.6206384860582699,套,0.3605113857594309,盒,0.005856254203723922,UNKNOWN,0.004275324669963061,批,0.0041087687765959
306010901,有形动产融资性售后回租,B 前2个>=90%,302641092.328125,10,0.6243804321031368,0.9773267222951656,0.9950580272502175,期,0.6243804321031368,UNKNOWN,0.35294629019202883,OTHER,0.01773130495505189,次,0.002574373844961158,批,0.0008646483369937988
109011503,升降机,B 前2个>=90%,302333130.64041513,14,0.8477322931896217,0.9315079212260817,0.9738024683839385,个,0.8477322931896217,套,0.08377562803645998,UNKNOWN,0.04229454715785677,OTHER,0.021293270395014677,批,0.002371177444170482
106040602,运动用球类器材及器械,B 前2个>=90%,300985030.0190057,18,0.8601652537857127,0.9176793546640901,0.9475699372098494,个,0.8601652537857127,千克,0.057514100878377356,副,0.029890582545759322,批,0.02867735628986707,套,0.007717374007532732
108020402,铸铁直管,B 前2个>=90%,299826700.7686968,9,0.7854430974386277,0.9441890841298151,0.9954602280985592,千克,0.7854430974386277,千米,0.1587459866911873,个,0.0512711439687441,套,0.00263984807891931,OTHER,0.0012980678185786536
109040604,隔离开关,B 前2个>=90%,297769129.47257614,17,0.8304394895928098,0.9636256816895081,0.9740106790802687,个,0.8304394895928098,套,0.13318619209669838,OTHER,0.010384997390760622,批,0.008075959177648228,UNKNOWN,0.007833353161669204
104020301,毛皮服装,B 前2个>=90%,297534648.99538237,9,0.6279613858633415,0.986884151196993,0.9918080238111828,个,0.6279613858633415,套,0.35892276533365153,千克,0.0049238726141898,平方米,0.0046694292738374875,UNKNOWN,0.00222455324835847
107050502,未硫化橡胶制品,B 前2个>=90%,295872207.1834145,18,0.8070889466240878,0.9404160440537492,0.9747459938315258,套,0.8070889466240878,千克,0.1333270974296614,个,0.03432994977777662,千米,0.01359851319838829,平方米,0.004762669290198127
109050803,应用广播电视设备,B 前2个>=90%,295536346.841095,12,0.5613279973395159,0.9087115652001063,0.9603282059867193,个,0.5613279973395159,套,0.34738356786059044,UNKNOWN,0.051616640786613,项,0.018464430197082774,批,0.01606632957620836
109024501,诊断专用器械,B 前2个>=90%,291970926.17747265,14,0.6744012845609395,0.9113968656327467,0.9440643739160144,个,0.6744012845609395,套,0.23699558107180715,盒,0.03266750828326765,UNKNOWN,0.022731002828853326,OTHER,0.012363888769294578
109012201,真空镀膜设备,B 前2个>=90%,288813408.619812,15,0.7016262470170447,0.9292118054690259,0.9635679397545424,个,0.7016262470170447,套,0.22758555845198122,OTHER,0.03435613428551647,副,0.019138476036880334,千克,0.015604862229900611
103010503,植物油分离制品,B 前2个>=90%,282999498.812109,15,0.8280611111292074,0.9546062566517568,0.9711678736947604,千克,0.8280611111292074,OTHER,0.1265451455225494,瓶,0.016561617043003605,箱,0.010462971082555266,个,0.00789775256310348
109061903,显微镜,B 前2个>=90%,269806163.3484145,15,0.6487583261485618,0.9793710074297899,0.990352404085929,个,0.6487583261485618,套,0.33061268128122806,OTHER,0.010981396656139106,UNKNOWN,0.0065477188491275045,批,0.0015299502238091693
306010100,金融同业往来业务,B 前2个>=90%,268793834.97021484,8,0.7953439594463539,0.9961473988762474,0.9981063107596183,次,0.7953439594463539,UNKNOWN,0.20080343942989345,个,0.0019589118833709357,批,0.000686317824292518,项,0.0006190779776196851
101040600,海水软体水生动物,B 前2个>=90%,268088427.7626591,13,0.884919135087058,0.9400858890072814,0.9586437614117183,千克,0.884919135087058,UNKNOWN,0.055166753920223355,包,0.018557872404436848,袋,0.016299568786109095,盒,0.01045206653826262
109011002,气体焊接机械,B 前2个>=90%,265096439.41131026,17,0.5435331129858808,0.9624908435844336,0.9820202934498585,个,0.5435331129858808,套,0.4189577305985528,千克,0.019529449865424924,副,0.007792273369027737,平方米,0.0036698984515696953
109020904,塑料成型机械,B 前2个>=90%,263091537.66177937,7,0.689152027277403,0.9900351502058665,0.9935517537166544,个,0.689152027277403,套,0.30088312292846353,UNKNOWN,0.0035166035107878986,OTHER,0.0034883999240593166,千克,0.0024208074330765396
109020704,混合搅拌设备,B 前2个>=90%,262847426.089283,16,0.7374889158884603,0.980579656643776,0.9853458238750921,个,0.7374889158884603,套,0.24309074075531564,UNKNOWN,0.004766167231316019,千克,0.004338112204172033,OTHER,0.004270017084431179
109010502,特种加工机床,B 前2个>=90%,260272696.3042984,15,0.8496734913067098,0.9179881907455493,0.9563059764013218,个,0.8496734913067098,套,0.06831469943883947,千克,0.038317785655772534,UNKNOWN,0.02967444016935735,批,0.007301616397692215
109022404,药品专用包装机械,B 前2个>=90%,259788534.61367032,15,0.7889191221260605,0.9705063198449765,0.9811049977431161,个,0.7889191221260605,套,0.181587197718916,千克,0.01059867789813967,UNKNOWN,0.007011223167668922,批,0.0039091657185871456
109060302,自动抄表系统（不含表）,B 前2个>=90%,256618561.8598861,7,0.6314895757532172,0.9991060483723702,0.9994439039014933,个,0.6314895757532172,套,0.367616472619153,OTHER,0.0003378555291231749,次,0.0002604869295717503,UNKNOWN,0.0001819041845455525
110020101,焦炉煤气,B 前2个>=90%,256283979.015625,7,0.8724670121649224,0.9454104597881554,0.9832236427940629,立方米,0.8724670121649224,千克,0.07294344762323304,UNKNOWN,0.03781318300590756,OTHER,0.016182874926692715,套,0.0004994459680688669
109051904,频率控制元器件,B 前2个>=90%,255162220.6958236,9,0.8929788160978579,0.9794565407336437,0.9879454498536419,个,0.8929788160978579,套,0.08647772463578587,千米,0.00848890911999812,OTHER,0.0063848837458234465,千克,0.0049988591434957565
109024502,内窥镜,B 前2个>=90%,254478949.12377933,11,0.5207631835240218,0.9622120779633692,0.9877543581768555,个,0.5207631835240218,套,0.4414488944393473,OTHER,0.025542280213486417,批,0.007066635840378674,UNKNOWN,0.004573270221396284
109050704,雷达及无线电导航设备零件,B 前2个>=90%,253633795.17340848,16,0.6482013722917992,0.9434093752611978,0.9686542681810169,个,0.6482013722917992,套,0.2952080029693986,项,0.025244892919818993,千克,0.018272149087042413,OTHER,0.005723467675640394
109020208,石油钻井工具,B 前2个>=90%,252728884.2733078,12,0.5693514436365751,0.9589473879661978,0.9746745364899906,个,0.5693514436365751,套,0.3895959443296227,千克,0.015727148523792783,千米,0.01149492247729573,副,0.005264562720346417
109050201,程控交换机,B 前2个>=90%,251811331.88816452,13,0.735191116619908,0.9591533989204329,0.9777788506096285,个,0.735191116619908,套,0.22396228230052498,批,0.01862545168919557,UNKNOWN,0.010473756172437782,OTHER,0.006976601052669193
106040705,乐器辅助用品及零件,B 前2个>=90%,249607897.61912724,17,0.8381663663741007,0.9088683353603149,0.9468179472680437,个,0.8381663663741007,套,0.07070196898621411,千克,0.03794961190772887,副,0.03417292121595219,UNKNOWN,0.013221380969758313
109060204,物位、液位测量仪表,B 前2个>=90%,249451994.85587382,11,0.7308622722877028,0.9929634536252281,0.9983728731842083,个,0.7308622722877028,套,0.26210118133752525,OTHER,0.005409419558980231,批,0.000649535795829635,UNKNOWN,0.0005741696318696303
104010101,已梳皮棉,B 前2个>=90%,248586116.46593407,15,0.8579719086306532,0.9136463879987622,0.9606679920079887,千克,0.8579719086306532,个,0.055674479368108966,千米,0.04702160400922654,OTHER,0.023713070078080396,套,0.00842797699283261
106041009,牌类娱乐用品,B 前2个>=90%,247525343.673769,12,0.6509596052207212,0.9787184064077503,0.998104142742538,千克,0.6509596052207212,个,0.3277588011870292,副,0.019385736334787674,盒,0.0005825339653823524,箱,0.00044255565254202727
109012903,浓缩设备,B 前2个>=90%,246865237.33672673,13,0.7501622267372203,0.9659988964683803,0.9759880534139294,套,0.7501622267372203,个,0.21583666973116003,千克,0.009989156945549072,UNKNOWN,0.009933631837823318,千米,0.006442929722140236
109020903,吹塑机,B 前2个>=90%,246276460.9261961,8,0.7137105443978043,0.9981246388814916,0.9998446571016939,套,0.7137105443978043,个,0.28441409448368726,OTHER,0.0017200182202023117,千克,8.358573588938714e-05,副,4.2635012540425574e-05
108010804,高分子防水卷（片）材,B 前2个>=90%,246049382.50638846,18,0.743908500894432,0.9404468054649321,0.9600464771017116,千克,0.743908500894432,平方米,0.19653830457050017,个,0.01959967163677956,桶,0.012155267245681247,卷,0.010851019960080033
107030302,动物类饮片,B 前2个>=90%,245686265.91977885,10,0.6181628175878485,0.9088115507974349,0.9675966091139062,千克,0.6181628175878485,盒,0.2906487332095864,个,0.05878505831647128,OTHER,0.013578676011160676,瓶,0.00788496570615201
109013201,风动手提工具,B 前2个>=90%,245443650.134843,18,0.8087518415048337,0.9236320876808354,0.9727004854592595,个,0.8087518415048337,套,0.11488024617600168,OTHER,0.04906839777842409,批,0.012345322643682705,千克,0.010907300356139073
109011109,轻小型起重设备配套件,B 前2个>=90%,241387899.80931377,17,0.762751817607367,0.9224045811971282,0.9414270419024681,个,0.762751817607367,套,0.1596527635897612,千米,0.019022460705339868,千克,0.016844434859255134,OTHER,0.01464259275413876
307010200,体育服务,B 前2个>=90%,241350069.89955997,13,0.5708314505220957,0.9184656116164192,0.9407356279550795,UNKNOWN,0.5708314505220957,次,0.3476341610943234,笔,0.022270016338660274,个,0.01955951451323254,项,0.012226909240715842
108041203,铝制绞股线、缆、编带,B 前2个>=90%,240576234.9415398,11,0.7870260051577368,0.9792214634199542,0.9842483143692754,千克,0.7870260051577368,千米,0.19219545826221743,UNKNOWN,0.005026850949321203,平方米,0.004778347204338072,个,0.0046106783770215555
109020902,挤塑机,B 前2个>=90%,239441406.6700859,12,0.5323668305024832,0.9598398269380053,0.982076432809559,套,0.5323668305024832,个,0.427472996435522,OTHER,0.022236605871553766,UNKNOWN,0.01015321465827207,立方米,0.004888382326611313
104010302,麻纱线,B 前2个>=90%,239041032.93862632,15,0.7843401391111201,0.9921659010890151,0.9965761108576993,千克,0.7843401391111201,千米,0.2078257619778951,个,0.004410209768684102,副,0.001916449633664874,UNKNOWN,0.000865768503095284
104011302,针织或钩编相关床上制品,B 前2个>=90%,236154662.84765005,14,0.8864397711700233,0.9458963211842962,0.965278703998379,个,0.8864397711700233,千米,0.05945655001427299,套,0.019382382814082753,千克,0.017952459826682764,UNKNOWN,0.011549954252861264
108010202,熟石膏,B 前2个>=90%,235039339.17349628,17,0.8789657587795906,0.9193838772896243,0.9485527218729627,千克,0.8789657587795906,立方米,0.04041811851003369,平方米,0.029168844583338367,个,0.013025074015120623,套,0.012089638410556722
109024002,磨粉（浆）机械,B 前2个>=90%,235027327.44207382,8,0.7865727642222998,0.9603199469198715,0.9946991970595731,个,0.7865727642222998,套,0.17374718269757167,千克,0.034379250139701556,袋,0.0036827502546923014,包,0.0013796392999444597
109020907,塑料加工辅助机械或装置,B 前2个>=90%,234541626.61480856,19,0.6108777224766471,0.9209657388518777,0.9573302888389273,个,0.6108777224766471,套,0.3100880163752306,批,0.036364549987049584,千克,0.012413503463993492,OTHER,0.010626530476218242
109021701,烟草加工机械,B 前2个>=90%,233001162.86854625,12,0.5319050609386697,0.9583963228503649,0.9773866195668947,套,0.5319050609386697,个,0.42649126191169523,OTHER,0.018990296716529746,项,0.013775783178433657,UNKNOWN,0.006597039122832964
108032413,锗加工材,B 前2个>=90%,232663764.3984375,3,0.6158612638735518,0.9303616485279012,1.0,个,0.6158612638735518,千克,0.3145003846543493,UNKNOWN,0.06963835147209889,,,,
109024702,穿戴或植入式人造人体器官,B 前2个>=90%,232241302.0478611,11,0.6959828438960604,0.9249661935945158,0.9627914829203095,个,0.6959828438960604,套,0.22898334969845546,OTHER,0.03782528932579363,盒,0.027907487384373892,批,0.00888454700964334
108040600,专用刀具及类似器具,B 前2个>=90%,231039481.57217622,16,0.8848505128279304,0.9795827536317371,0.9883059721845809,个,0.8848505128279304,套,0.09473224080380671,千克,0.0087232185528439,批,0.008594177594348544,千米,0.0011314868740084484
104010303,亚麻布,B 前2个>=90%,229686815.94346043,16,0.8499664502925651,0.9299582879469172,0.9561592066991056,千米,0.8499664502925651,千克,0.07999183765435199,个,0.02620091875218847,包,0.01642094008082566,平方米,0.014395666014193308
108012703,炭素新材料,B 前2个>=90%,229112714.56934357,13,0.7581889728174578,0.9725937128265071,0.9913160837463064,千克,0.7581889728174578,个,0.2144047400090493,套,0.018722370919799385,OTHER,0.005244450189055798,平方米,0.0031075656712414154
109012406,离合器,B 前2个>=90%,227056008.94897082,14,0.7746207549054438,0.9489907530742431,0.9926241364736146,个,0.7746207549054438,套,0.17436999816879925,千克,0.04363338339937147,UNKNOWN,0.006386880042359519,副,0.00046733263458874455
108012799,其他炭素产品,B 前2个>=90%,224061438.0430064,18,0.5618040564867218,0.9257853380580296,0.9604057171205342,千克,0.5618040564867218,个,0.36398128157130777,套,0.034620379062504626,平方米,0.020444978372421,UNKNOWN,0.006634643195618373
109013004,离心机,B 前2个>=90%,222405532.27651212,15,0.8224234038481951,0.9756841455333212,0.9857086263867385,个,0.8224234038481951,套,0.15326074168512605,批,0.010024480853417395,项,0.006291749965375209,UNKNOWN,0.0028869339433696883
107021706,焰火制品,B 前2个>=90%,217500112.27651978,9,0.8230522455672219,0.9487956283578913,0.990110769257257,千克,0.8230522455672219,箱,0.1257433827906694,个,0.04131514089936571,批,0.007633927093743604,平方米,0.0013091892667070593
109012299,其他真空应用设备,B 前2个>=90%,216700124.60792354,17,0.7091421233510578,0.9751831001560136,0.9834452616838696,个,0.7091421233510578,套,0.26604097680495586,千克,0.008262161527856004,OTHER,0.004405554227166276,批,0.0033116986754088817
102050303,铁铝矾土,B 前2个>=90%,216544599.23188782,12,0.8652777607335759,0.9824987706155318,0.9902762446600195,千克,0.8652777607335759,个,0.11722100988195593,立方米,0.007777474044487706,UNKNOWN,0.004231594799640996,套,0.003695042873215067
109051304,安全检测类设备,B 前2个>=90%,214722999.54895782,14,0.4740750984314459,0.9237131589031258,0.9564678906420958,套,0.4740750984314459,个,0.4496380604716799,UNKNOWN,0.032754731738969985,批,0.027700553649325492,次,0.007875185720915043
109060501,电化学式分析仪器,B 前2个>=90%,214613751.51427075,18,0.7545213966844693,0.9551721605967016,0.9864265581023245,个,0.7545213966844693,套,0.20065076391223238,千米,0.031254397505622915,OTHER,0.004526663583127244,平方米,0.003038980691000276
109020106,矿物筛分、洗选设备,B 前2个>=90%,213495798.03257754,14,0.6219922301648111,0.9071404492957197,0.9396046076006435,个,0.6219922301648111,套,0.2851482191309086,OTHER,0.032464158304923746,千克,0.02721520216431096,千米,0.01614489459861283
107020206,含不同卤素无环烃卤化衍生物,B 前2个>=90%,213192399.77951047,14,0.5299715387819091,0.9572353159833217,0.976213164181402,千克,0.5299715387819091,瓶,0.4272637772014126,套,0.01897784819808031,UNKNOWN,0.009952961607515345,批,0.006752402267805204
106020106,票证,B 前2个>=90%,212819242.90127647,21,0.8860201090982066,0.9175352827672426,0.9436890164906568,个,0.8860201090982066,份,0.031515173669036,套,0.026153733723414205,批,0.01623477390443673,UNKNOWN,0.013468003875208728
109061699,其他光学、电子测量仪器,B 前2个>=90%,207738428.24198908,14,0.71151738107287,0.9592264332056044,0.978124718097925,个,0.71151738107287,套,0.24770905213273445,UNKNOWN,0.018898284892320556,批,0.01008577176948385,项,0.0038346299562450788
104010505,床罩,B 前2个>=90%,207015125.6396847,10,0.702189643665953,0.9224919113956309,0.9797816147638155,个,0.702189643665953,套,0.22030226772967787,千克,0.057289703368184584,千米,0.01567882293610429,UNKNOWN,0.0019717565016593476
104010606,安全用织物制品,B 前2个>=90%,206944550.3497276,18,0.8049164150130106,0.9176691939323999,0.9492843975011312,个,0.8049164150130106,千克,0.11275277891938933,套,0.03161520356873137,副,0.020421301400731454,批,0.00939890570519663
109060410,测量仪器,B 前2个>=90%,206898104.06186146,14,0.7409663145289536,0.970893647499669,0.9882762537656006,个,0.7409663145289536,套,0.22992733297071546,UNKNOWN,0.01738260626593156,批,0.004908074877356679,副,0.003481041140537543
107050501,未硫化复合橡胶,B 前2个>=90%,205691763.58410642,17,0.8083340404337693,0.9165279875299468,0.9545506882624708,千克,0.8083340404337693,个,0.10819394709617751,卷,0.03802270073252404,千米,0.0340785502512174,套,0.003135905344047841
102050405,其他砂石骨料,B 前2个>=90%,203408741.36117548,12,0.6208988772590665,0.9534551782639944,0.98257629806107,千克,0.6208988772590665,立方米,0.332556301004928,个,0.02912111979707567,批,0.006627179237623939,OTHER,0.005364211452754522
109011103,电动葫芦,B 前2个>=90%,203132585.51879597,14,0.7868694468570022,0.9804102401729815,0.9888239864285476,个,0.7868694468570022,套,0.19354079331597934,UNKNOWN,0.008413746255566129,批,0.004559746028114702,千米,0.004009021109461064
109011499,其他连续搬运设备,B 前2个>=90%,201064048.02276894,11,0.7103911482843056,0.96611194298195,0.9876769653856783,个,0.7103911482843056,套,0.2557207946976444,UNKNOWN,0.02156502240372829,项,0.006203614927449637,千克,0.0022411409669269742
109010799,其他金属非切削、成形加工机械,B 前2个>=90%,200913161.97765636,12,0.6313725557951214,0.9368667303337195,0.9665899546251505,个,0.6313725557951214,套,0.30549417453859806,批,0.029723224291431066,OTHER,0.019355775309185266,千克,0.011527426839942276
106010102,非木材纤维纸浆,B 前2个>=90%,200079747.7760098,18,0.49181243811506686,0.9451851859253818,0.9599830456596766,千克,0.49181243811506686,个,0.45337274781031495,卷,0.014797859734294837,平方米,0.009878301762018626,千米,0.00879308260608947
109042103,家用洗衣机用配件,B 前2个>=90%,199500997.20514297,16,0.8199593133727252,0.9267126802864614,0.9952083530252477,个,0.8199593133727252,套,0.10675336691373616,千克,0.06849567273878633,UNKNOWN,0.0019744477605882853,批,0.0018597427012156077
304070302,电视节目播出服务,B 前2个>=90%,198924742.00256348,8,0.6533871397675597,0.9064605156242003,0.946110710574206,UNKNOWN,0.6533871397675597,次,0.2530733758566406,个,0.0396501949500058,项,0.023088113392856952,OTHER,0.016963577109516553
109024207,医用高频仪器设备,B 前2个>=90%,198273612.08111578,8,0.7607209609574134,0.9909563709082272,0.9961393218590051,套,0.7607209609574134,个,0.2302354099508138,盒,0.005182950950777963,UNKNOWN,0.0030838425430384955,OTHER,0.00042070146967350587
109013304,喷水器、喷雾器,B 前2个>=90%,196858640.59593415,18,0.889422260098049,0.9750552024440723,0.9838827209434653,个,0.889422260098049,套,0.08563294234602324,千克,0.008827518499393052,UNKNOWN,0.007320478857817014,盒,0.0026147976918093185
109024601,机械治疗器具,B 前2个>=90%,196834513.300642,18,0.8172126934423931,0.9609232223349393,0.9794957973293558,个,0.8172126934423931,套,0.14371052889254624,盒,0.018572574994416394,瓶,0.010237329685544387,批,0.0058837009528062804
101050100,淡水鱼,B 前2个>=90%,194278159.88814613,14,0.8987616966018696,0.9505998891184707,0.9723868450544432,千克,0.8987616966018696,批,0.05183819251660111,UNKNOWN,0.021786955935972428,个,0.013369269975276848,盒,0.004766952078938569
106040304,教学或学生绘图用具、量具及类似器具,B 前2个>=90%,194243947.07423028,20,0.8231488412513802,0.9038651165132411,0.9819268525035537,个,0.8231488412513802,千克,0.08071627526186084,套,0.0780617359903126,批,0.006995548744078591,副,0.0040124775418775484
109052204,汽车用音响设备,B 前2个>=90%,189176875.07786557,10,0.808732983851501,0.9353393795170216,0.9916331630050218,个,0.808732983851501,套,0.12660639566552054,UNKNOWN,0.056293783488000175,千克,0.006591763062516931,瓶,0.0007239336096999461
304010300,合同能源管理服务,B 前2个>=90%,188476096.55664062,10,0.8809954908697128,0.9265742447910006,0.9638129552964773,UNKNOWN,0.8809954908697128,批,0.04557875392128779,项,0.03723871050547663,次,0.01649493006300519,OTHER,0.016188922923088284
109024614,呼吸器具,B 前2个>=90%,187769503.93110967,18,0.5264505521321021,0.9027061238426133,0.9447126362680487,个,0.5264505521321021,套,0.3762555717105112,立方米,0.042006512425435405,盒,0.03142473138618699,OTHER,0.0065538959432952125
106040999,其他游乐场设备,B 前2个>=90%,186050432.6825561,9,0.6983899201613146,0.9215004628324251,0.9926745280785965,套,0.6983899201613146,UNKNOWN,0.2231105426711105,个,0.07117406524617136,千米,0.0038360386061223615,批,0.0020907180617187045
106040807,玩具乐器,B 前2个>=90%,185830968.46256948,11,0.8956124936497348,0.9770450810588117,0.9978376817591534,个,0.8956124936497348,套,0.08143258740907688,批,0.02079260070034171,千克,0.0009398790811756344,UNKNOWN,0.0007068079339677111
109010203,船舶用发动机,B 前2个>=90%,185540768.67650363,16,0.6250048002569892,0.9701108675803605,0.987021108746827,个,0.6250048002569892,套,0.3451060673233713,批,0.0169102411664665,千克,0.008883800909344665,UNKNOWN,0.0011169075223510302
101010499,其他杂豆,B 前2个>=90%,184021362.68438858,18,0.8727516501239646,0.9284330252009297,0.9503840055433886,千克,0.8727516501239646,UNKNOWN,0.055681375076965106,袋,0.021950980342458883,套,0.019058816046613067,盒,0.008093603731844605
106020107,明信片、卡片、日历、挂历,B 前2个>=90%,183367269.83258796,17,0.8304479577220922,0.9131583837919584,0.9373504922710278,个,0.8304479577220922,套,0.08271042606986613,千克,0.024192108479069527,UNKNOWN,0.023411189735750907,份,0.009336388351495155
108011101,光学元件毛坯,B 前2个>=90%,180482224.98450372,10,0.6412203727554607,0.9157900151912507,0.9773339189335407,个,0.6412203727554607,OTHER,0.27456964243578996,千克,0.06154390374229004,批,0.00810247726680873,千米,0.005906450067819854
103020801,婴幼儿用均化食品,B 前2个>=90%,180119149.355545,12,0.8712753975854971,0.9004679280234452,0.9294556262430036,个,0.8712753975854971,套,0.029192530437948127,盒,0.028987698219558326,UNKNOWN,0.02083690434495945,OTHER,0.01560763943226436
109025602,机械式遥控操作装置（遥控机械手）,B 前2个>=90%,172588042.43479016,12,0.8860699868121951,0.9869266143788544,0.9959720637054019,个,0.8860699868121951,套,0.1008566275666594,UNKNOWN,0.009045449326547442,OTHER,0.002107691551250783,批,0.0010746571206987194
109042603,电气空间加热器具装置,B 前2个>=90%,170947594.45846182,14,0.6829287450512515,0.9113745813635598,0.9542773116123927,个,0.6829287450512515,套,0.2284458363123083,千克,0.04290273024883297,桶,0.013801984213198795,千米,0.01090047641733377
109023212,电子整机装联设备,B 前2个>=90%,170770432.604826,14,0.6971817832876532,0.964015859479554,0.9897313315438814,个,0.6971817832876532,套,0.2668340761919008,UNKNOWN,0.025715472064327352,批,0.005912831567418332,项,0.002458382248005946
109025504,自来水生产专用设备,B 前2个>=90%,167551545.20897675,15,0.868308147808224,0.9511687654046491,0.9733141968595166,套,0.868308147808224,个,0.08286061759642513,千克,0.022145431454867456,千米,0.010426482308742277,批,0.009638586131722984
109025499,其他交通安全及管制专用设备,B 前2个>=90%,167515038.0930672,13,0.6146573122379978,0.9327207831642201,0.9669540367199487,套,0.6146573122379978,个,0.3180634709262223,UNKNOWN,0.03423325355572857,批,0.012300653254143742,千克,0.007737679194388959
109051002,网络接口和适配器,B 前2个>=90%,164145057.63240546,16,0.7708611476669243,0.9543860444309797,0.9846803079174353,个,0.7708611476669243,套,0.18352489676405542,OTHER,0.03029426348645558,UNKNOWN,0.007871063974772016,箱,0.00250689522348593
108010802,自粘防水卷材,B 前2个>=90%,162922742.15290266,18,0.6179144556940794,0.9041241675336471,0.9456478151640297,平方米,0.6179144556940794,卷,0.28620971183956767,千克,0.04152364763038261,OTHER,0.02638858202375173,立方米,0.00782389237472879
109025202,餐饮服务用机械,B 前2个>=90%,161713183.07796475,15,0.8190380009284204,0.9206487281334684,0.9646220164058462,个,0.8190380009284204,套,0.10161072720504806,UNKNOWN,0.04397328827237781,平方米,0.013907705433372707,千米,0.011552839252931987
109022812,织机,B 前2个>=90%,160345302.50061035,11,0.6094431690452135,0.9954991364457201,0.9979693845996908,个,0.6094431690452135,套,0.3860559674005066,批,0.0024702481539706613,千米,0.0013055823696438075,月,0.00031182703341003503
108012003,生物陶瓷制品,B 前2个>=90%,159541237.34901425,11,0.7479537441498018,0.9798521204768054,0.9907483629084537,个,0.7479537441498018,批,0.23189837632700355,千克,0.01089624243164829,OTHER,0.0033588369308413853,盒,0.002195611027095775
109010205,农用柴油机,B 前2个>=90%,157493216.67984387,15,0.8886455612593223,0.9440456081241825,0.9704566759003598,个,0.8886455612593223,套,0.05540004686486023,千克,0.026411067776177282,批,0.012659898618383953,副,0.010249740694496787
301020101,国内水路旅客运输服务,B 前2个>=90%,157335094.5625,10,0.6774491882445809,0.9572263766893658,0.993618574046361,千克,0.6774491882445809,次,0.279777188444785,UNKNOWN,0.036392197356995185,批,0.002764407121429603,票,0.0016649368707497198
106040608,休闲运动器材和用品,B 前2个>=90%,155381926.66768408,14,0.47081780448895844,0.9039489835952093,0.9589868798788503,个,0.47081780448895844,千克,0.4331311791062508,套,0.05503789628364114,副,0.015245340680776829,OTHER,0.00886395639238172
109013503,称重系统,B 前2个>=90%,154628232.9958239,13,0.689849454948006,0.910621612425811,0.981212956959975,个,0.689849454948006,套,0.22077215747780496,千克,0.07059134453416399,次,0.009863467980269753,UNKNOWN,0.006638405314947722
405019900,其他土地使用权,B 前2个>=90%,154593802.9765625,5,0.7452311915598995,0.9098949845867248,0.9993146426444011,平方米,0.7452311915598995,UNKNOWN,0.16466379302682532,OTHER,0.08941965805767631,月,0.0006847104991397871,次,6.468564591503108e-07
103011001,冷冻蔬菜,B 前2个>=90%,154501208.11406043,18,0.709647579123637,0.9446089708323062,0.9681049424451628,千克,0.709647579123637,箱,0.2349613917086693,批,0.023495971612856513,个,0.013756708291322691,袋,0.005446566580137697
109061612,电子测量仪器零、附件,B 前2个>=90%,153152921.46793175,15,0.6999914731195912,0.9908605232035581,0.992706521290243,个,0.6999914731195912,套,0.29086905008396696,项,0.0018459980866848689,包,0.0017177752796362071,批,0.0016936284852061194
109020804,橡胶挤出机,B 前2个>=90%,153079314.47631076,9,0.8229194172575012,0.9788310033960681,0.9868165108056219,个,0.8229194172575012,套,0.15591158613856693,千克,0.007985507409553828,批,0.007198422783442273,OTHER,0.003040109402588603
106050601,刺绣工艺品,B 前2个>=90%,152315416.4908943,10,0.6592923425059205,0.9546541383751332,0.9810281901373269,千米,0.6592923425059205,个,0.29536179586921274,OTHER,0.0263740517621937,套,0.014282333517139749,批,0.001833203100401151
109012204,真空炉,B 前2个>=90%,152080731.3653259,13,0.7682339120576179,0.9061344391901054,0.9643839550081553,个,0.7682339120576179,套,0.13790052713248746,千克,0.05824951581804995,批,0.01831250070273511,项,0.015682136248220097
101011215,其他蔬菜,B 前2个>=90%,151842077.54049012,15,0.7693145118541674,0.9412535590699127,0.983595806031933,千克,0.7693145118541674,个,0.1719390472157453,批,0.042342246962020214,袋,0.007052653706716758,包,0.003088181009835175
101020100,育种和育苗,B 前2个>=90%,149958294.9185472,14,0.8741035661442021,0.9341383280855142,0.979344334230387,OTHER,0.8741035661442021,千克,0.06003476194131213,平方米,0.04520600614487285,项,0.007495638728991555,个,0.005073069793527928
109024203,医用α、β、γ射线应用设备,B 前2个>=90%,147653198.61246687,9,0.7701498005695248,0.9896995571302245,0.9932417330188288,套,0.7701498005695248,个,0.2195497565606998,OTHER,0.0035421758886042968,盒,0.003242878207149854,千克,0.00217289093558391
109020814,橡胶专用生产设备零件,B 前2个>=90%,146332757.14670992,14,0.6660290803473428,0.9257489277553302,0.9708405552808044,个,0.6660290803473428,套,0.2597198474079875,OTHER,0.04509162752547419,千克,0.014400078102289179,项,0.004802677224863601
109013301,喷枪,B 前2个>=90%,146239860.28298232,19,0.7885911157694506,0.9489669746038732,0.9751026817178047,个,0.7885911157694506,套,0.16037585883442262,千克,0.02613570711393144,UNKNOWN,0.011789448768359299,OTHER,0.006801242101740728
109041203,风挡刮水器,B 前2个>=90%,144705579.46619457,11,0.71871425825224,0.9847925036147855,0.9927904603048299,个,0.71871425825224,套,0.2660782453625456,副,0.007997956690044293,车,0.002819518096711088,OTHER,0.0015663225316499595
109030102,动车组,B 前2个>=90%,144507661.28212738,9,0.512872798133591,0.9185088435163957,0.9909386199094659,个,0.512872798133591,OTHER,0.40563604538280473,套,0.0724297763930701,UNKNOWN,0.008717675819689227,次,0.00024238853282398335
109022811,织造准备设备,B 前2个>=90%,144479329.36666867,12,0.7476798032699261,0.9364657982597648,0.9701542298252762,个,0.7476798032699261,套,0.1887859949898387,OTHER,0.033688431565511406,千克,0.021973400437945906,UNKNOWN,0.006496500254496177
101010201,马铃薯,B 前2个>=90%,143061680.73348978,13,0.7466518935108435,0.9646435320138425,0.9887129821428859,千克,0.7466518935108435,UNKNOWN,0.217991638502999,袋,0.024069450129043463,箱,0.007142227882136215,个,0.0034841738718919034
101040300,海水蟹,B 前2个>=90%,142586461.86907482,10,0.7879228645550027,0.9639866078148287,0.9855168047614075,千克,0.7879228645550027,批,0.17606374325982593,UNKNOWN,0.02153019694657881,个,0.008070689114621657,箱,0.003914132255022279
109050701,雷达设备,B 前2个>=90%,140991422.83314133,11,0.59825978264528,0.9229739656303653,0.9737329829450889,套,0.59825978264528,个,0.32471418298508525,UNKNOWN,0.05075901731472363,千克,0.02515573148869809,OTHER,0.000639848873869188
102040104,钴矿石,B 前2个>=90%,140557139.22435004,7,0.8353326050704859,0.9975482571947577,0.999973194318083,千克,0.8353326050704859,OTHER,0.16221565212427178,个,0.0024249371233252045,UNKNOWN,1.845213960932251e-05,套,7.3432770106953335e-06
109040404,电抗器,B 前2个>=90%,139269542.15765193,12,0.839511015935016,0.9664595843836951,0.9860521500297283,个,0.839511015935016,套,0.12694856844867905,UNKNOWN,0.019592565646033296,千克,0.006945694958492327,项,0.003492371644687543
105010102,特种锯材,B 前2个>=90%,139012814.50434113,15,0.6421064284195475,0.912067587602825,0.9609095220788133,个,0.6421064284195475,立方米,0.2699611591832776,套,0.048841934475988336,千克,0.011777393064161866,UNKNOWN,0.010464453103203463
109030101,铁路机车,B 前2个>=90%,138996898.70668218,14,0.7107417496233425,0.9243199522626981,0.9600224626418843,个,0.7107417496233425,套,0.21357820263935573,千克,0.035702510379186106,OTHER,0.01377915304397304,千米,0.011211890610064239
101010202,木薯,B 前2个>=90%,135327166.03082472,12,0.846449888327782,0.9263404924251731,0.9679433372853663,千克,0.846449888327782,袋,0.07989060409739117,个,0.04160284486019314,千米,0.02013556879124201,次,0.007856515666321019
102050599,其他化学矿石,B 前2个>=90%,135201339.65675074,13,0.829707129940569,0.9893557937212123,0.996036656065888,千克,0.829707129940569,个,0.15964866378064319,套,0.006680862344675733,瓶,0.002486401398397741,UNKNOWN,0.0005429735399543767
104030605,人造毛皮制品,B 前2个>=90%,133655603.4171524,9,0.8874737239675482,0.9622543675542479,0.9925611162710299,千克,0.8874737239675482,个,0.07478064358669968,千米,0.030306748716782066,平方米,0.004782961412809429,卷,0.0023350872841889966
301059902,其他无运输工具承运货物运输业务,B 前2个>=90%,131768433.53491211,6,0.7562897686243174,0.9325324324503391,0.9774302910746698,票,0.7562897686243174,UNKNOWN,0.17624266382602172,次,0.0448978586243307,批,0.01979326671823093,千克,0.0027255954312800663
109051303,数据保护类设备,B 前2个>=90%,131581788.73715973,14,0.5350201295445659,0.9456680173171863,0.9824010162096553,套,0.5350201295445659,个,0.4106478877726204,UNKNOWN,0.03673299889246895,批,0.012110338484477397,项,0.0024685953097376093
104030305,纺织材料作面类似箱、包容器,B 前2个>=90%,131530658.51528358,17,0.7400329281855865,0.9028184775144683,0.9520185722278007,个,0.7400329281855865,千米,0.16278554932888178,千克,0.04920009471333242,套,0.023921658071942933,UNKNOWN,0.020806528837677148
109060311,自动测试系统与虚拟仪器,B 前2个>=90%,130564681.38272095,8,0.7537573859873786,0.9946059401938359,0.9983267013893998,个,0.7537573859873786,套,0.24084855420645723,OTHER,0.0037207611955639578,UNKNOWN,0.0010707336664056016,千米,0.000318692617018148
109012802,制氮设备,B 前2个>=90%,129568727.8939457,9,0.503972250797553,0.9795486292829636,0.9964250177683843,套,0.503972250797553,个,0.4755763784854106,UNKNOWN,0.016876388485420755,千克,0.0028819454051107357,千米,0.00030470315362141303
109051599,其他半导体分立器件,B 前2个>=90%,128474636.86072926,10,0.8368227191417013,0.9183390849855904,0.9504550095214216,个,0.8368227191417013,千克,0.08151636584388905,套,0.03211592453583121,平方米,0.02980779489691303,OTHER,0.012741387444235412
106040301,教学用模型,B 前2个>=90%,126826520.55121875,20,0.4897891173624294,0.9145721417673289,0.942424427626715,套,0.4897891173624294,个,0.4247830244048995,UNKNOWN,0.02785228585938608,项,0.02071223935327584,副,0.015044098755592865
104010503,枕套,B 前2个>=90%,126451621.32731915,11,0.8696948314869877,0.9346201820330717,0.9657544457853665,个,0.8696948314869877,千克,0.06492535054608406,套,0.031134263752294788,OTHER,0.020429030652068154,千米,0.0041397369501790324
109013401,包装容器洗涤及干燥机械,B 前2个>=90%,126431509.19915865,19,0.6405970638366465,0.9233810882865201,0.9691831840436985,个,0.6405970638366465,套,0.28278402444987366,OTHER,0.04580209575717845,千克,0.009154773112631335,UNKNOWN,0.007539616074834284
108040403,钳子,B 前2个>=90%,125735317.05354552,18,0.811424346384459,0.9099137001033334,0.9837200056601431,个,0.811424346384459,千克,0.09848935371887436,套,0.07380630555680971,OTHER,0.005005039675390901,批,0.0029122055908627547
109011101,起重滑车,B 前2个>=90%,125711080.11552234,9,0.8198442441367617,0.9949301932254869,0.9968478869545088,个,0.8198442441367617,套,0.17508594908872518,UNKNOWN,0.001917693729021873,千克,0.0010762739192156485,千米,0.0007935909852971047
107030111,呼吸系统用药,B 前2个>=90%,124456853.96445906,13,0.7844782675880678,0.9084102953493434,0.9388642702139258,千克,0.7844782675880678,盒,0.12393202776127557,个,0.0304539748645825,UNKNOWN,0.02922260317243567,瓶,0.025104015738640108
102049901,锂矿石,B 前2个>=90%,124208046.32446289,8,0.6488101728086535,0.9696312595694536,0.9930717512636639,OTHER,0.6488101728086535,千克,0.3208210867608002,个,0.023440491694210263,套,0.0044625530825279,平方米,0.0023486642663869423
102040299,其他贵金属矿石,B 前2个>=90%,122450721.937047,9,0.47472901592206784,0.9490092568041244,0.9739042667494059,OTHER,0.47472901592206784,千克,0.47428024088205656,套,0.024895009945281526,个,0.019273647706398424,千米,0.005141515623948102
109010507,螺纹加工机床,B 前2个>=90%,122044941.46312332,7,0.7886176255503725,0.9814822131938177,0.9949261460625615,千克,0.7886176255503725,个,0.19286458764344522,批,0.013443932868743827,OTHER,0.0025069312794291218,副,0.0015270605515535678
109050702,无线电导航设备,B 前2个>=90%,120588133.95832062,10,0.691851676371331,0.9407886757696042,0.9734435694000259,个,0.691851676371331,套,0.24893699939827316,OTHER,0.03265489363042168,UNKNOWN,0.02374894876091724,千克,0.0020584612096207194
106051212,礼仪电子用品,B 前2个>=90%,118412526.80627489,15,0.7813532979323566,0.9432224727313889,0.9732662987020504,个,0.7813532979323566,批,0.16186917479903223,UNKNOWN,0.030043825970661513,项,0.011678798158428596,套,0.010779618700515232
109024307,口腔科手术器械,B 前2个>=90%,118159347.18221283,12,0.5141689634505792,0.9184931780420891,0.9643200603762454,个,0.5141689634505792,套,0.40432421459150997,批,0.04582688233415638,袋,0.016539055704766385,盒,0.010012938313133027
307030200,娱乐服务,B 前2个>=90%,118120534.83520506,10,0.8858539416682852,0.9620389688424756,0.9852732232955975,UNKNOWN,0.8858539416682852,次,0.07618502717419039,个,0.02323425445312187,批,0.0064900205564449275,项,0.0034574174640316768
106050701,手工地毯、挂毯,B 前2个>=90%,117004237.20765305,14,0.7855017970682994,0.9091291948912825,0.9481790642280302,平方米,0.7855017970682994,个,0.12362739782298315,千克,0.03904986933674773,批,0.0304873275116457,UNKNOWN,0.010201714822032444
304040102,通用航空服务,B 前2个>=90%,116242135.11315921,14,0.866305523262247,0.9173208284631291,0.9587385789656745,UNKNOWN,0.866305523262247,OTHER,0.051015305200882176,次,0.0414177505025454,箱,0.019960602046248326,个,0.00851111574363496
108011199,其他玻璃制光学元件,B 前2个>=90%,115809901.03632426,13,0.6121313521764008,0.9081769265623194,0.9429752613917877,个,0.6121313521764008,千克,0.29604557438591855,套,0.03479833482946822,平方米,0.03102452825469609,批,0.013590829683304221
109060901,定向罗盘及定位系统,B 前2个>=90%,115282560.8804512,9,0.6050320280693111,0.9754092177113194,0.9993535858376135,个,0.6050320280693111,套,0.37037718964200833,UNKNOWN,0.023944368126294042,OTHER,0.00022596652781693518,千米,0.00019447867768351964
301030102,航空货物运输服务,B 前2个>=90%,115089665.516613,9,0.8973014915604488,0.9644626409482212,0.991477401446578,UNKNOWN,0.8973014915604488,千克,0.06716114938777236,次,0.02701476049835688,OTHER,0.007426845414001428,项,0.0009283935397110142
109023400,航空、航天设备，相关专用设备,B 前2个>=90%,114822934.94698143,14,0.6023871206617201,0.9374423055735752,0.9830077388478539,个,0.6023871206617201,套,0.3350551849118552,UNKNOWN,0.04556543327427862,千克,0.009785989188648063,批,0.005687598885854541
108041902,文件、档案柜,B 前2个>=90%,114792341.74601698,19,0.5155590203078851,0.9073098342888177,0.9503921310265072,个,0.5155590203078851,套,0.3917508139809326,OTHER,0.04308229673768947,立方米,0.01990146807924378,UNKNOWN,0.015472484683080056
109012601,炉用燃烧器,B 前2个>=90%,114109553.29771423,6,0.6414913062999108,0.9907784529058359,0.998585358754799,套,0.6414913062999108,个,0.349287146605925,千克,0.007806905848963172,OTHER,0.0007712973878795125,UNKNOWN,0.0004873386880668294
109011108,其他轻小型起重设备,B 前2个>=90%,112885457.00796509,12,0.6605860919343858,0.9487908020605837,0.9674392609108337,个,0.6605860919343858,套,0.288204710126198,UNKNOWN,0.01864845885024987,千克,0.012435079749035738,批,0.012419779081029678
109060409,数显装置,B 前2个>=90%,110364519.4974289,12,0.8721481558904516,0.9778947361374478,0.985101616692334,个,0.8721481558904516,套,0.10574658024699628,UNKNOWN,0.007206880554886215,千克,0.005446817847871089,千米,0.00492957258497051
109013505,衡器零配件,B 前2个>=90%,109959031.11247446,17,0.8335087266419275,0.9698636831435035,0.9846778909047803,个,0.8335087266419275,套,0.13635495650157586,千克,0.01481420776127689,UNKNOWN,0.005045642873771742,次,0.004707151874097232
106051199,其他保健休闲用品,B 前2个>=90%,109383411.10910627,16,0.827232415091633,0.904187956955794,0.9635591360775406,个,0.827232415091633,箱,0.07695554186416101,盒,0.059371179121746664,瓶,0.012467112132197157,套,0.011294812086034034
109022105,纸浆、造纸及纸制品机械零件,B 前2个>=90%,109243513.83872223,16,0.6729574434751293,0.9123857525776962,0.9541446070826398,个,0.6729574434751293,套,0.23942830910256688,OTHER,0.041758854504943654,千克,0.01833257495971497,平方米,0.017196066932195622
106010104,化学溶解浆,B 前2个>=90%,107438059.30659127,18,0.8783830927473794,0.9604356450420631,0.979993020831995,千克,0.8783830927473794,瓶,0.08205255229468374,批,0.019557375789931938,个,0.006648548866091695,OTHER,0.005754835800321616
108041802,暖气分布器及零件,B 前2个>=90%,106887521.5622654,16,0.8552435413250437,0.9470651071273405,0.9617290508841347,个,0.8552435413250437,套,0.09182156580229686,千米,0.014663943756794208,OTHER,0.013721333259964642,批,0.011036385330656349
109022504,灯泡及类似品封装机零件,B 前2个>=90%,106628921.49527836,18,0.6489424040007625,0.9055000450831373,0.9736951105255347,个,0.6489424040007625,OTHER,0.2565576410823748,套,0.06819506544239738,千克,0.016754717014478213,千米,0.0030998180579205475
106040104,装订类文具,B 前2个>=90%,105734258.86835837,18,0.7979387555843848,0.9155456467119164,0.9717624911337405,盒,0.7979387555843848,个,0.11760689112753164,千克,0.05621684442182407,OTHER,0.006781854131407187,卷,0.006748026299035119
109012405,飞轮及滑轮,B 前2个>=90%,103400167.18087006,13,0.8516671015682554,0.9459126337994667,0.9881270031231588,个,0.8516671015682554,套,0.09424553223121128,千克,0.04221436932369215,OTHER,0.007629838339136364,UNKNOWN,0.00227783549051662
109013303,喷射机械,B 前2个>=90%,101224432.94798279,16,0.722073633972028,0.972666213967976,0.9850519464767635,套,0.722073633972028,个,0.2505925799959481,千克,0.012385732508787512,OTHER,0.005809875380946485,桶,0.003720793279957581
109061102,水文仪器,B 前2个>=90%,101144356.25923157,7,0.5734890991185206,0.9792696603384032,0.9902708401486553,个,0.5734890991185206,套,0.40578056121988254,批,0.011001179810252061,UNKNOWN,0.005144087415245791,OTHER,0.0029480853997126155
109012203,真空干燥设备,B 前2个>=90%,101110432.94528198,15,0.8961812363861444,0.985864268523715,0.9893002809102925,个,0.8961812363861444,套,0.08968303213757052,千克,0.003436012386577543,OTHER,0.0021030767429813715,瓶,0.002007854126288489
109051503,小信号晶体管,B 前2个>=90%,100136341.76504707,5,0.8033792262334026,0.9990359543967913,0.9997190230888799,个,0.8033792262334026,OTHER,0.1956567281633887,UNKNOWN,0.0006830686920887223,套,0.00025748893504116396,桶,2.3487976078840275e-05
107021802,摄影感光纸、纸板及纺织物,B 前2个>=90%,99268185.40035439,13,0.71380739170837,0.9071747673945934,0.9820346432058016,卷,0.71380739170837,千米,0.19336737568622336,平方米,0.07485987581120823,个,0.01140318436601304,箱,0.0039904633893801215
104030701,加工填充用羽毛,B 前2个>=90%,97440144.53240967,9,0.8626155205675308,0.9409415015364063,0.9929166946476288,千克,0.8626155205675308,千米,0.07832598096887552,个,0.05197519311122248,套,0.0031275799642172756,副,0.001622099336043455
304070203,电影发行服务,B 前2个>=90%,94291018.359375,6,0.49083360011668,0.9742702321192633,0.9868389796057218,个,0.49083360011668,UNKNOWN,0.4834366320025833,份,0.012568747486458427,OTHER,0.008484371193775096,元,0.0024707126901216364
109061608,微波测量仪器,B 前2个>=90%,93555865.78567123,5,0.5370021492302258,0.9052851499413265,0.999866156975898,套,0.5370021492302258,个,0.36828300071110065,UNKNOWN,0.09458100703457152,次,0.00013361000825577808,袋,2.3301584624316929e-07
109022801,化学纺织纤维加工专用机械,B 前2个>=90%,92296272.72392273,12,0.5396316198116463,0.9000365780053495,0.9922091967382507,个,0.5396316198116463,套,0.3604049581937032,OTHER,0.09217261873290122,千克,0.0019507385962140899,项,0.001571027688558183
108040800,喷灯、台钳，相关金属手工具,B 前2个>=90%,90228985.645576,17,0.5120179424309645,0.9277042197073605,0.9653365615274245,千克,0.5120179424309645,个,0.41568627727639595,套,0.037632341820064044,批,0.01746002061252246,OTHER,0.008884713885941746
106040110,固体胶,B 前2个>=90%,90083566.43783653,16,0.8459865106419352,0.9390600888290537,0.9533750149137251,千克,0.8459865106419352,个,0.09307357818711848,批,0.014314926084671465,盒,0.012506081411480156,卷,0.01114321826730295
108041104,铝丝,B 前2个>=90%,89823868.33929193,11,0.8688811779158911,0.9499646167814392,0.9699338818000759,千克,0.8688811779158911,个,0.081083438865548,千米,0.019969265018636745,卷,0.011143255734173942,UNKNOWN,0.010399769206904363
109050105,载波通信设备,B 前2个>=90%,89225110.79077148,6,0.8152462626579937,0.9958852267403006,0.9978931379481185,套,0.8152462626579937,个,0.18063896408230684,千米,0.0020079112078179224,箱,0.0014378799741795276,UNKNOWN,0.0006556450250555546
109060604,天平仪器,B 前2个>=90%,89006072.54888535,14,0.858443872441476,0.9901623422226143,0.9930449544541257,个,0.858443872441476,套,0.13171846978113833,UNKNOWN,0.0028826122315113454,盒,0.00246047770404619,OTHER,0.0019229111576659031
109041899,其他家用清洁卫生电器具,B 前2个>=90%,88966810.80391502,16,0.8228470601125433,0.9417445250157217,0.988379708254236,个,0.8228470601125433,UNKNOWN,0.1188974649031784,套,0.04663518323851436,OTHER,0.004498553270735763,批,0.0036316745297926187
106020499,其他磁介质复制品,B 前2个>=90%,88056457.89575243,13,0.71423109178775,0.9630194433012254,0.9802142280441869,个,0.71423109178775,千克,0.2487883515134754,套,0.017194784742961516,批,0.009938728043502366,平方米,0.007724966501665431
302010102,包裹寄递服务,B 前2个>=90%,85970139.75853157,10,0.8741820310389149,0.9439641369025086,0.9867195291746022,UNKNOWN,0.8741820310389149,批,0.06978210586359367,OTHER,0.042755392272093615,个,0.012979246013605167,份,0.00028164917792924976
109020905,塑料破碎、研磨、筛选、均化机械,B 前2个>=90%,85894002.4309082,11,0.607391909177936,0.9793820726035822,0.9967167171405822,个,0.607391909177936,套,0.3719901634256463,OTHER,0.017334644536999913,千克,0.00173507803405575,UNKNOWN,0.0008968147697125671
109040102,直流发电机,B 前2个>=90%,84718199.32129669,16,0.8307997083813421,0.9774959160625124,0.9821453302752267,个,0.8307997083813421,套,0.1466962076811703,批,0.004649414212714302,卷,0.0037666370341636036,千米,0.0033982698621340983
109042106,家用电动器具零件,B 前2个>=90%,83928064.8249371,9,0.8434055918379156,0.9377019184237939,0.9869044011077868,个,0.8434055918379156,套,0.09429632658587829,千克,0.04920248268399288,UNKNOWN,0.012700679627761283,批,0.00024765255869243233
109051306,密钥管理类设备,B 前2个>=90%,83544533.4780426,5,0.5709450150074347,0.9848124496040969,0.9946802586118122,套,0.5709450150074347,个,0.41386743459666214,UNKNOWN,0.009867809007715285,立方米,0.005297130692773707,份,2.2610695414278326e-05
101011211,莲藕等水生蔬菜,B 前2个>=90%,83408416.81064439,14,0.7998217392537021,0.9759898343186638,0.9823853056459111,个,0.7998217392537021,千克,0.1761680950649617,袋,0.006395471327247285,批,0.0061482883815456284,UNKNOWN,0.003656962587921424
109061099,其他大地测量仪器,B 前2个>=90%,82154574.8078003,10,0.724005128747594,0.9550403065362917,0.9873503453407038,个,0.724005128747594,套,0.23103517778869762,UNKNOWN,0.03231003880441205,批,0.01062420445899658,项,0.0009068271629947805
109022814,非织造机械,B 前2个>=90%,81627026.04638672,14,0.7070355545258128,0.9909674700245563,0.9949367436302844,套,0.7070355545258128,个,0.2839319154987435,千克,0.003969273605728064,次,0.0023276604478034944,批,0.0015639231835416218
109061602,通信测量仪器,B 前2个>=90%,81584896.58644104,7,0.8471462721937154,0.9725964029000239,0.9968832281324445,个,0.8471462721937154,套,0.12545013070630848,批,0.02428682523242058,UNKNOWN,0.002346686800642345,OTHER,0.0005569555402709396
109024613,医院制气供气设备及装置,B 前2个>=90%,79517205.86114746,14,0.7300809179950613,0.9501978878357987,0.981268487111826,个,0.7300809179950613,套,0.22011696984073748,瓶,0.031070599276027323,盒,0.005894249864553095,UNKNOWN,0.004949180441365184
109020504,玻璃、陶瓷制品专用设备零件,B 前2个>=90%,79212873.23173238,16,0.7396236830662117,0.9807358370713335,0.9893947472745204,个,0.7396236830662117,套,0.24111215400512181,批,0.008658910203186924,千克,0.00394925707447613,千米,0.0028843284027347347
107030109,抗肿瘤药,B 前2个>=90%,79080556.53499603,10,0.553621835871254,0.9621575078541951,0.9869335095143874,千克,0.553621835871254,盒,0.4085356719829411,OTHER,0.024776001660192393,个,0.010530143394096638,UNKNOWN,0.0019473813380644252
109060509,物性分析仪器,B 前2个>=90%,76493637.12941265,13,0.772547965511193,0.9831407670130428,0.9912040957285647,个,0.772547965511193,套,0.21059280150184984,OTHER,0.008063328715521996,包,0.0021973827084187077,盒,0.002068587738049193
109060606,产品、材料检验专用仪器,B 前2个>=90%,75635162.70778656,16,0.7459250915862256,0.9612043429446057,0.9695748637088321,个,0.7459250915862256,套,0.2152792513583801,千克,0.00837052076422643,平方米,0.006869783016894442,副,0.005622808853377632
109022104,纸制品生产专用机械,B 前2个>=90%,75261755.97616386,11,0.7926381685381731,0.9105594750828657,0.9731844223601088,个,0.7926381685381731,套,0.11792130654469259,OTHER,0.06262494727724313,平方米,0.02142921034835793,副,0.0025540196014145347
109024302,口腔综合治疗设备,B 前2个>=90%,74958429.76704405,9,0.8871718588004639,0.9382658595265204,0.9882801260268143,个,0.8871718588004639,UNKNOWN,0.05109400072605652,套,0.05001426650029384,OTHER,0.008225605871363685,盒,0.0024794876383831864
304040502,国际货物运输代理服务,B 前2个>=90%,74392685.39697266,6,0.7984195548899468,0.9436647418641988,0.974321671462555,UNKNOWN,0.7984195548899468,次,0.145245186974252,票,0.03065692959835625,OTHER,0.020911885569358107,项,0.003824910654610935
109025304,灭火器用装配药及灭火弹,B 前2个>=90%,74335280.88977051,13,0.8621955443799029,0.9325237103444304,0.9857814918329468,千克,0.8621955443799029,个,0.07032816596452746,OTHER,0.05325778148851649,桶,0.004821936158299922,项,0.002670518176212583
109023605,收获后处理机械,B 前2个>=90%,73466062.36374664,10,0.6277414776292812,0.9947244440840666,0.9965206900747506,个,0.6277414776292812,套,0.3669829664547853,UNKNOWN,0.001796245990684114,OTHER,0.0012859162028233415,千克,0.001047612972898075
109021003,木材处理及制品加工机械,B 前2个>=90%,73313813.5883789,9,0.8213676427326291,0.9228475363004534,0.9790426015738292,个,0.8213676427326291,套,0.10147989356782426,千克,0.056195065273375866,千米,0.006915067914027605,UNKNOWN,0.005691230357437172
109041202,电磁铁及电磁性装置,B 前2个>=90%,72795962.39066935,15,0.8747316937639674,0.9795712443620316,0.9895512552876529,个,0.8747316937639674,套,0.1048395505980642,千克,0.009980010925621337,UNKNOWN,0.004435337062681204,瓶,0.00193363746253655
107050103,橡胶内胎,B 前2个>=90%,72070940.07124043,17,0.696315431108868,0.9186413832034479,0.9543595591385525,个,0.696315431108868,千克,0.22232595209457992,套,0.03571817593510465,UNKNOWN,0.03293738797898634,千米,0.008887413917242206
108041111,金丝,B 前2个>=90%,70970948.1451416,8,0.8351400122031122,0.9777559944396882,0.9877725849356865,OTHER,0.8351400122031122,卷,0.14261598223657598,千米,0.01001659049599835,千克,0.0062462508298946375,个,0.005677659764449687
109025201,自动售货机、售票机,B 前2个>=90%,69886717.03225708,10,0.8765781541626877,0.9307700833913768,0.9617624395273472,个,0.8765781541626877,套,0.054191929228689144,UNKNOWN,0.030992356135970404,千瓦时,0.024991397853097758,批,0.007670358916381443
109042505,电气音响或视觉信号装置,B 前2个>=90%,69868502.94138765,11,0.8398672429063562,0.96560360305873,0.9788348619390801,个,0.8398672429063562,套,0.12573636015237383,千克,0.013231258880350065,UNKNOWN,0.009713302152608894,批,0.006587945655236952
103010703,可食用动物杂碎,B 前2个>=90%,69482697.24144363,13,0.8870501462668466,0.9523858153881758,0.9700092257408623,千克,0.8870501462668466,盒,0.06533566912132914,个,0.017623410352686594,UNKNOWN,0.008658602521798887,箱,0.006099542516936688
108032299,其他贵金属压延加工材,B 前2个>=90%,68871942.65065384,9,0.7118165398332099,0.9590796689990762,0.9961425447037412,千克,0.7118165398332099,个,0.24726312916586618,UNKNOWN,0.03706287570466501,副,0.0015721932013627038,套,0.0013864862282796878
108032401,钨加工材,B 前2个>=90%,68267652.88265228,12,0.689931188533096,0.9907414568489836,0.993082389827516,千克,0.689931188533096,个,0.3008102683158876,副,0.0023409329785323532,瓶,0.0022693031539592775,盒,0.001471272495111497
109022406,药物检测设备及仪器,B 前2个>=90%,68185525.63588047,14,0.48887949185755303,0.9333619610681265,0.9916658790888601,个,0.48887949185755303,套,0.4444824692105735,批,0.058303918020733536,盒,0.002715299788099319,UNKNOWN,0.002610988181175163
104020502,帽子附件,B 前2个>=90%,67732400.65491772,18,0.7884739286688818,0.9022167330427948,0.9313461863425512,个,0.7884739286688818,OTHER,0.11374280437391301,UNKNOWN,0.029129453299756365,副,0.023444850432694647,千米,0.011548985279260978
109061605,新型显示器件测量仪器,B 前2个>=90%,67272707.9490223,11,0.4789755016417819,0.9076473041346309,0.9847890601013556,个,0.4789755016417819,套,0.42867180249284903,平方米,0.0771417559667247,OTHER,0.00441057854731879,UNKNOWN,0.004038174558841864
109010701,砂轮机,B 前2个>=90%,66366516.90547561,10,0.7192239474822758,0.9594824303686215,0.9784474455402427,个,0.7192239474822758,OTHER,0.24025848288634563,千克,0.0189650151716212,套,0.01450905946135499,箱,0.005994724727932426
108012002,功能陶瓷制品,B 前2个>=90%,65970244.33697128,11,0.7010334121230363,0.9278240343658976,0.9819155870839359,个,0.7010334121230363,千克,0.22679062224286126,套,0.05409155271803835,OTHER,0.011122487354861077,UNKNOWN,0.002690782368574893
104010502,被面,B 前2个>=90%,65848967.683235176,8,0.6620087320896744,0.9540959025364608,0.9731549169148217,个,0.6620087320896744,套,0.2920871704467865,千米,0.019059014378360876,OTHER,0.01834902916808374,UNKNOWN,0.005877526914252903
109060703,噪声监测仪器，相关环境监测仪器,B 前2个>=90%,65272379.951021194,17,0.5500204281800247,0.9464844552424125,0.9673963325329945,个,0.5500204281800247,套,0.39646402706238787,次,0.020911877290582002,批,0.018692837627730947,UNKNOWN,0.005246162164904289
109060510,气体分析测定装置,B 前2个>=90%,64706348.65408993,11,0.6091779712384684,0.9247004278824287,0.9638107980800839,个,0.6091779712384684,套,0.3155224566439603,盒,0.03911037019765512,千米,0.018719822709752566,OTHER,0.009132901681999506
109023899,其他畜牧机械,B 前2个>=90%,64678274.578125,5,0.5086690772843705,0.9848887840410858,0.9938526373021944,套,0.5086690772843705,个,0.47621970675671527,OTHER,0.00896385326110855,千米,0.005084610166938897,UNKNOWN,0.0010627525308667977
109012604,非电热金属处理用炉,B 前2个>=90%,62973034.37886048,6,0.8601296585680034,0.9554564500874421,0.992594560440039,个,0.8601296585680034,千克,0.09532679151943868,批,0.03713811035259692,UNKNOWN,0.005635015106070885,套,0.0015496950553927859
101011999,其他种子、种苗,B 前2个>=90%,62645872.24670791,10,0.6367560105877057,0.901420898767884,0.9829994580043797,OTHER,0.6367560105877057,千克,0.26466488818017836,批,0.08157855923649565,UNKNOWN,0.010926792223305216,平方米,0.0032370516141333903
105010601,木制桶、槽、盆及类似容器,B 前2个>=90%,62189193.05067754,18,0.847971165712136,0.9346292930704415,0.9537517331553758,个,0.847971165712136,套,0.08665812735830551,千克,0.019122440084934272,UNKNOWN,0.01656091259819703,批,0.010883056448281568
109050203,光交换机,B 前2个>=90%,61838856.88667298,6,0.6553082204578107,0.9367765724814257,0.9882422715617378,个,0.6553082204578107,套,0.281468352023615,批,0.05146569908031214,OTHER,0.010317157986843106,UNKNOWN,0.001419670970259715
106051301,宠物玩具,B 前2个>=90%,61446704.48318958,7,0.8621859172525925,0.9936907027586384,0.9984674796813369,个,0.8621859172525925,千克,0.13150478550604588,套,0.004776776922698458,袋,0.0015037939609276677,UNKNOWN,1.76212868270044e-05
105020102,竹家具,B 前2个>=90%,60997470.5010147,11,0.848574124437715,0.9329535425620535,0.9529781710829965,个,0.848574124437715,套,0.08437941812433859,千克,0.020024628520943027,平方米,0.017803374158293955,OTHER,0.01415314535693556
109021404,糖果生产专用机械,B 前2个>=90%,58571961.90313721,4,0.8418851631548957,0.9999898210680873,0.9999969610032818,个,0.8418851631548957,套,0.15810465791319162,桶,7.139935194566734e-06,箱,3.0389967181629617e-06,,
101010109,荞麦,B 前2个>=90%,58404932.199367285,18,0.8784171676939126,0.9249548197359244,0.9508150300786125,千克,0.8784171676939126,个,0.04653765204201179,袋,0.02586021034268808,千米,0.020764678244299686,套,0.014849899952657414
107021102,用作发光体有机、无机产品,B 前2个>=90%,57681435.50732136,16,0.887995840914706,0.961819809797372,0.9842234339776874,千克,0.887995840914706,立方米,0.07382396888266604,个,0.02240362418031535,OTHER,0.007608314049633832,罐,0.004396821919728563
104030602,已缝制整张毛皮及其块、片,B 前2个>=90%,57671739.53233337,6,0.7376810787627041,0.9837794818123088,0.9938621931145054,个,0.7376810787627041,套,0.24609840304960473,平方米,0.010082711302196668,千克,0.0038613192840342633,UNKNOWN,0.0021785366805098807
109051405,真空电子器件零件,B 前2个>=90%,56502700.13009263,14,0.5015493242701841,0.9949567664375116,0.9977411527303396,套,0.5015493242701841,个,0.49340744216732757,千克,0.0027843862928279865,OTHER,0.0007574859237073036,箱,0.0004937817119493871
109040602,六氟化硫断路器,B 前2个>=90%,55845164.00740719,12,0.5739510529222955,0.9383520491435318,0.9571392759994773,个,0.5739510529222955,套,0.3644009962212362,OTHER,0.018787226855945617,千克,0.016095323847214037,千米,0.012081226270738718
109040304,小功率电动机,B 前2个>=90%,54929020.44895173,7,0.8918699613615816,0.9435273043618453,0.9788965678972389,个,0.8918699613615816,千克,0.051657343000263735,批,0.035369263535393644,套,0.020758550478971096,UNKNOWN,0.0003188480264617433
107050702,再生胶粉,B 前2个>=90%,54862062.534570694,14,0.8503957966509412,0.9822789626445767,0.9919218330648495,千克,0.8503957966509412,个,0.13188316599363553,袋,0.00964287042027275,UNKNOWN,0.004973008439631296,立方米,0.0012668134734490776
109061401,电气化教学设备,B 前2个>=90%,54627658.31282425,19,0.8197671568212118,0.9565129394968344,0.9817379505999022,个,0.8197671568212118,套,0.1367457826756226,UNKNOWN,0.025225011103067803,批,0.007193608734785312,OTHER,0.004428359142193192
109020806,橡胶注射机,B 前2个>=90%,54368466.379220255,18,0.8806707515381785,0.9364681623282565,0.9795372698040583,个,0.8806707515381785,千克,0.05579741079007789,套,0.04306910747580187,OTHER,0.007727259353092783,卷,0.002948877305240878
108041502,铜弹簧,B 前2个>=90%,53871319.0676769,10,0.8815794552191752,0.927352776815331,0.9710457923764909,个,0.8815794552191752,套,0.04577332159615582,千克,0.04369301556115994,OTHER,0.02494903453568439,UNKNOWN,0.003309777458765948
108031701,铅材,B 前2个>=90%,53455740.72707367,12,0.6746924346775758,0.938232378203639,0.9597769748986897,千克,0.6746924346775758,个,0.2635399435260632,批,0.021544596695050728,千米,0.020275729161205163,套,0.011658392373269735
102050800,云母,B 前2个>=90%,52344766.90789796,10,0.8756734387992052,0.9933679711944472,0.9957007927392418,千克,0.8756734387992052,个,0.11769453239524201,平方米,0.002332821544794681,卷,0.0020643897821392447,套,0.0015865960420862841
103010904,熏制水产品,B 前2个>=90%,52337311.17361736,8,0.7376494945308799,0.909514978051361,0.9779578980257309,千克,0.7376494945308799,箱,0.1718654835204811,包,0.06844291997436992,袋,0.0180745645726576,个,0.0015503517197854302
109023204,芯片制造设备,B 前2个>=90%,51801221.944843285,14,0.8591715939939959,0.9256519567764155,0.9851026001336819,个,0.8591715939939959,套,0.06648036278241966,OTHER,0.059450643357266346,UNKNOWN,0.008399396069440419,次,0.003611575940702763
109025307,警棍及类似警用器械,B 前2个>=90%,51617223.3481536,13,0.6918023524096968,0.9478535729076318,0.9749117720861682,套,0.6918023524096968,个,0.25605122049793505,OTHER,0.027058199178536392,副,0.01806095065694505,UNKNOWN,0.0036318857904776066
104010306,苎麻印染布,B 前2个>=90%,51177769.638793945,6,0.7707260129181264,0.9992876199905378,0.9998933517412334,个,0.7707260129181264,千米,0.22856160707241147,千克,0.0006057317506955456,OTHER,0.00010209550076935284,套,3.3217547618787986e-06
109021699,其他酒及饮料加工机械,B 前2个>=90%,50789962.67337036,12,0.6409704651558803,0.9884165563852303,0.9963167633873586,套,0.6409704651558803,个,0.34744609122935,千米,0.007900207002128389,千瓦时,0.001908152613209409,批,0.000574050431726085
101011209,番茄等茄果类蔬菜,B 前2个>=90%,50418889.381779194,15,0.8336090090700317,0.9173070080105974,0.9693280293521008,千克,0.8336090090700317,UNKNOWN,0.08369799894056569,箱,0.05202102134150339,批,0.012927353626626031,袋,0.005994112507633748
109051307,税控设备,B 前2个>=90%,50388375.96447754,9,0.691597819572907,0.9594304537952141,0.9878951248512159,个,0.691597819572907,套,0.267832634222307,UNKNOWN,0.028464671056001787,OTHER,0.010434053289803253,批,0.0015317223173537196
108040405,锤子,B 前2个>=90%,50222974.86273384,14,0.8383186478606721,0.9406361394450726,0.984434081417766,个,0.8383186478606721,千克,0.10231749158440051,套,0.04379794197269338,UNKNOWN,0.008805519505252822,OTHER,0.0046937646069989195
109060406,手动测量长度器具,B 前2个>=90%,49807100.20009327,14,0.5110914562160871,0.9869225948290186,0.9953524321106824,个,0.5110914562160871,千克,0.4758311386129315,套,0.008429837281663782,OTHER,0.0026378381707981018,副,0.0008399404870376625
101010299,其他薯类,B 前2个>=90%,49731890.32240677,12,0.8530850017628172,0.9122392382187223,0.9565780342140123,千克,0.8530850017628172,个,0.05915423645590517,袋,0.044338795995290024,包,0.018882212589348992,UNKNOWN,0.013076675830146312
104010508,毛巾被,B 前2个>=90%,49678548.57232475,13,0.742170102193538,0.9105461103532357,0.9534312456644302,个,0.742170102193538,OTHER,0.1683760081596978,套,0.042885135311194415,UNKNOWN,0.013794367607714847,千克,0.013771224894941316
109021406,调味食品加工机械,B 前2个>=90%,48842995.833496094,5,0.6350389108140798,0.9932981178894944,0.999716950204137,套,0.6350389108140798,个,0.3582592070754146,UNKNOWN,0.006418832314642629,千克,0.0002825379517473431,月,5.118441154843172e-07
105011003,柳（荆）条制品,B 前2个>=90%,47889322.70248985,7,0.47590059148644165,0.9400574915071152,0.986913756867981,千克,0.47590059148644165,个,0.46415690002067345,箱,0.04685626536086581,套,0.00962745919094047,OTHER,0.0023723450988396046
104011006,硬挺纺织物,B 前2个>=90%,47875465.24308109,10,0.8844527246793566,0.9187082664620448,0.9508338863842924,千米,0.8844527246793566,批,0.03425554178268818,OTHER,0.032125619922247634,平方米,0.023286303632095537,个,0.014658478483829618
109022003,酒及饮料加工机械零件,B 前2个>=90%,46958357.92968177,13,0.8390456037384982,0.9139928527249253,0.9439702411934053,个,0.8390456037384982,套,0.07494724898642702,千克,0.02997738846848003,UNKNOWN,0.021577220428308525,箱,0.013776784709311153
109011203,装卸桥,B 前2个>=90%,46149191.699474335,6,0.6938708591420264,0.9463763542736504,0.9931128174829198,个,0.6938708591420264,千克,0.252505495131624,套,0.04673646320926934,UNKNOWN,0.00683701912494372,OTHER,4.041240878377602e-05
109060305,电磁参量分析与记录装置,B 前2个>=90%,45753759.71662903,9,0.6325226542135044,0.9069948396612676,0.9877541018046374,个,0.6325226542135044,套,0.2744721854477632,OTHER,0.08075926214336987,UNKNOWN,0.011599268061601773,千克,0.00023774570293228864
110020199,其他煤气,B 前2个>=90%,45660710.865867615,9,0.5740970453522362,0.9908116789887964,0.9962606690515335,立方米,0.5740970453522362,千克,0.4167146336365603,套,0.00544899006273711,个,0.0018715650267994374,瓶,0.0011030045076962686
107050901,充气橡胶制品,B 前2个>=90%,45105098.422649376,18,0.7333962052460372,0.9536834904981804,0.9787193148105624,个,0.7333962052460372,套,0.22028728525214308,千克,0.025035824312381993,OTHER,0.007439931905155405,UNKNOWN,0.004417010873140866
304070201,广播节目发行服务,B 前2个>=90%,44452574.40814209,4,0.7842728429639942,0.9652900305428118,0.9997638381997045,UNKNOWN,0.7842728429639942,OTHER,0.18101718757881752,项,0.034473807656892674,个,0.0002361618002955786,,
107040102,化纤木浆粕,B 前2个>=90%,44355136.213867195,9,0.8902831355029162,0.9744820709315576,0.9973091905489572,千克,0.8902831355029162,UNKNOWN,0.08419893542864144,OTHER,0.022827119617399617,盒,0.0010280658316577014,批,0.0009018121330330713
109030702,其他低速载货汽车,B 前2个>=90%,43679391.66578865,10,0.8917132566748128,0.9458580168765068,0.9778308464360574,个,0.8917132566748128,UNKNOWN,0.05414476020169405,OTHER,0.031972829559550636,千克,0.011526055527561798,批,0.007550366823121491
108012004,陶瓷管及管子配件,B 前2个>=90%,43572003.915885925,16,0.8091420883354495,0.9033969010030266,0.9621926777346473,个,0.8091420883354495,千克,0.09425481266757704,套,0.0587957767316207,千米,0.016891444910789984,批,0.012279963583286379
301040201,国内气体管道运输服务,B 前2个>=90%,43491114.015625,2,0.8428675568635744,1.0,1.0,立方米,0.8428675568635744,UNKNOWN,0.15713244313642566,,,,,,
105020103,藤家具,B 前2个>=90%,42907571.510447025,11,0.8810236872101278,0.9912738219553932,0.994909821678982,个,0.8810236872101278,套,0.1102501347452654,UNKNOWN,0.0036359997235888802,OTHER,0.0028452477179266747,千克,0.0018029778350841703
109013605,锌铸件,B 前2个>=90%,42576416.24697542,9,0.7933528627758635,0.9484315181866065,0.9778851391237394,个,0.7933528627758635,千克,0.15507865541074306,批,0.029453620937132885,副,0.01662422679950855,套,0.0033331128476573285
109060308,标准与校验设备,B 前2个>=90%,42569168.45592118,15,0.5572854425747145,0.9446300949955604,0.9795334736280559,套,0.5572854425747145,个,0.387344652420846,瓶,0.03490337863249548,批,0.010322952407562848,OTHER,0.0050809336190014275
109021603,制酒、饮料加热及冷却设备,B 前2个>=90%,42471727.96526718,13,0.734201762990648,0.9706581199870037,0.9833306968153388,个,0.734201762990648,套,0.2364563569963557,瓶,0.012672576828335107,箱,0.006981366532527121,次,0.004785983752915132
106051211,香水喷射器、粉扑及粉拍,B 前2个>=90%,42091552.91754079,17,0.6802756337290052,0.9010122259397212,0.9319999663136391,个,0.6802756337290052,千克,0.22073659221071593,包,0.030987740373917938,套,0.025929111294693715,瓶,0.016539293134564252
109060404,数学计算器具,B 前2个>=90%,41243160.18292165,14,0.8694047253140813,0.9940281714602022,0.9973088560695682,个,0.8694047253140813,套,0.12462344614612084,UNKNOWN,0.0032806846093660367,批,0.0009735505186729025,盒,0.0006437278305931228
109061503,核辐射监测报警仪器,B 前2个>=90%,41173827.47369385,7,0.5484788820469529,0.9817087444571149,0.9970097266260063,个,0.5484788820469529,套,0.43322986241016187,千米,0.01530098216889139,批,0.001700109129876821,UNKNOWN,0.0007541684100133578
107030117,抗组织胺类药及解毒药,B 前2个>=90%,40763696.0201416,4,0.8302239321792106,0.9437292636947883,0.9999894268664993,千克,0.8302239321792106,盒,0.11350533151557766,个,0.05626016317171105,瓶,1.0573133500628602e-05,,
105011005,草制品,B 前2个>=90%,40533536.37527239,12,0.874901764978095,0.9364268398076915,0.9900690516371944,个,0.874901764978095,千克,0.06152507482959641,OTHER,0.053642211829502906,UNKNOWN,0.004003129294446401,箱,0.0024315420960932047
109025102,邮政分拣机,B 前2个>=90%,40435312.208984375,6,0.8375064306409764,0.949129476498936,0.9789608771757925,套,0.8375064306409764,个,0.11162304585795955,UNKNOWN,0.029831400676856492,OTHER,0.009378683612976738,次,0.006068668364219451
106051210,头发装饰用物品,B 前2个>=90%,40409012.80574142,15,0.776146031738051,0.9389899894671225,0.982714564907456,个,0.776146031738051,千克,0.16284395772907162,套,0.043724575440333494,瓶,0.005212508556185788,盒,0.004002197268252285
102020400,煤层气,B 前2个>=90%,40341684.620233536,9,0.7458785651393445,0.9384013544949286,0.9897024347418848,立方米,0.7458785651393445,千瓦时,0.19252278935558403,UNKNOWN,0.05130108024695622,千克,0.010173100203013392,个,9.094811073308025e-05
109023302,电解设备及装置,B 前2个>=90%,40253303.20685195,9,0.4879963588949334,0.9435723808491578,0.9719274759360114,千克,0.4879963588949334,个,0.4555760219542245,千米,0.028355095086853545,套,0.027071821848252922,OTHER,0.0004903237265744509
109022503,灯泡及类似品封装机,B 前2个>=90%,40118026.5898056,15,0.47286248777634515,0.9418625218667063,0.9797077176772332,套,0.47286248777634515,个,0.46900003409036106,OTHER,0.03784519581052695,UNKNOWN,0.005777481629929156,千米,0.005495724212620884
109061607,集成电路测试仪器,B 前2个>=90%,40065406.04547119,8,0.783397223491082,0.9946596822266778,0.9975349806791446,个,0.783397223491082,套,0.21126245873559585,OTHER,0.0028752984524668674,UNKNOWN,0.002341795809919304,副,7.517707412178998e-05
109010703,台钻,B 前2个>=90%,39905774.080806725,10,0.8994226041696012,0.9918399466772558,0.9976596556875531,个,0.8994226041696012,套,0.09241734250765467,UNKNOWN,0.0058197090102972415,袋,0.0013984347672144912,OTHER,0.0003525329459633891
109011702,农用水泵,B 前2个>=90%,39891638.18357086,14,0.8624353210800078,0.9603320820624983,0.9744096939523826,个,0.8624353210800078,套,0.09789676098249056,千米,0.014077611889884307,批,0.01389238510210493,UNKNOWN,0.009439346618637495
109061101,气象观测仪器,B 前2个>=90%,39814614.2444172,10,0.7095868979039377,0.9615482802151474,0.985986067412543,个,0.7095868979039377,套,0.25196138231120974,OTHER,0.024437787197395644,UNKNOWN,0.010246072396636335,盒,0.0034115550929655443
103010202,粗磨谷物,B 前2个>=90%,39106483.403558254,13,0.8257478896891979,0.940436446180735,0.953461556993552,千克,0.8257478896891979,袋,0.11468855649153706,盒,0.013025110812816935,UNKNOWN,0.012237949047618189,个,0.010118426296788099
109022405,制剂生产设备,B 前2个>=90%,39081366.05173111,12,0.5456316126106626,0.9419009712478683,0.9800523687196674,个,0.5456316126106626,套,0.3962693586372057,UNKNOWN,0.03815139747179909,箱,0.010067662411779277,盒,0.0046440290689879985
109011603,灌装码垛系统搬运设备,B 前2个>=90%,39018259.932640076,6,0.5762038347894818,0.9610620042346912,0.9903808924161457,套,0.5762038347894818,个,0.38485816944520945,UNKNOWN,0.02931888818145448,千米,0.008622808925380879,项,0.00097800363383396
107030708,细胞因子,B 前2个>=90%,38958711.626091,10,0.683532353214794,0.9809443057298696,0.9891454652724547,个,0.683532353214794,OTHER,0.2974119525150756,瓶,0.008201159542585185,盒,0.005768000525718927,千克,0.003625556239016015
301050201,无运输工具承运铁路运输服务,B 前2个>=90%,38477820.478027344,13,0.8351089210890525,0.9143949898924635,0.9550365849873053,千克,0.8351089210890525,UNKNOWN,0.07928606880341098,套,0.04064159509484182,OTHER,0.021118659786461477,票,0.010867663365672997
109060508,能谱仪及射线分析仪器,B 前2个>=90%,38375902.35595703,6,0.5466208665382369,0.9923173142024051,0.9997519276573175,套,0.5466208665382369,个,0.44569644766416816,OTHER,0.007434613454912332,UNKNOWN,0.00013341705824945196,瓶,8.338566140590748e-05
307050300,员工制家政服务,B 前2个>=90%,38250056.51269531,10,0.8567033467737446,0.964073769838006,0.9887659721482323,UNKNOWN,0.8567033467737446,月,0.10737042306426132,项,0.024692202310226317,次,0.006660094735165895,批,0.0017523242084035535
109060407,量仪,B 前2个>=90%,37926040.11738968,10,0.7891259639956805,0.9604765457998325,0.9947529689638724,个,0.7891259639956805,套,0.17135058180415208,OTHER,0.034276423164039845,副,0.003779904232469964,批,0.0010612761014705764
108011201,玻璃计、量器,B 前2个>=90%,37832628.42744564,17,0.8885553407834679,0.9424045789524996,0.9786380667411702,个,0.8885553407834679,千克,0.05384923816903171,套,0.03623348778867049,副,0.007526733188038552,盒,0.005161949055302901
109024005,农产品清洁、分选机械,B 前2个>=90%,37667577.921761036,5,0.8713125354099285,0.9999500605001922,0.9999872277426124,个,0.8713125354099285,套,0.12863752509026374,包,3.7167242420203566e-05,次,1.2212093938066885e-05,千克,5.60163449460338e-07
109061008,空间扫描测量仪,B 前2个>=90%,36341430.35534668,2,0.5241881110368573,1.0,1.0,个,0.5241881110368573,套,0.47581188896314275,,,,,,
108040502,林业、园艺专用工具,B 前2个>=90%,35739297.92390251,11,0.8073599039151922,0.9791669256706722,0.9938666987660189,个,0.8073599039151922,千克,0.17180702175548,套,0.014699773095346617,批,0.005605873971743735,包,0.00019810126139229172
106041099,其他游艺用品及室内游艺器材,B 前2个>=90%,35543425.573018074,13,0.6597190675078617,0.9471663034674671,0.9894353674703914,个,0.6597190675078617,副,0.2874472359596054,套,0.04226906400292429,UNKNOWN,0.005300227734464918,千克,0.0026708174147419207
107030412,清凉油,B 前2个>=90%,35494218.57132959,12,0.6210251251698758,0.9087214126590609,0.9564402206158755,瓶,0.6210251251698758,盒,0.2876962874891851,个,0.04771880795681465,千克,0.033008220695027755,套,0.004703689967682348
102049907,钒矿石,B 前2个>=90%,35355979.69091797,10,0.6670016950812722,0.9887972413867603,0.9927070184940118,个,0.6670016950812722,千克,0.32179554630548807,套,0.003909777107251499,卷,0.002741092195640521,盒,0.002152054635882287
106040901,电动游乐设备,B 前2个>=90%,34789989.087940216,11,0.521249962788958,0.9100098533396155,0.9792214568155757,套,0.521249962788958,个,0.38875989055065757,批,0.06921160347596018,项,0.007482037414327093,OTHER,0.006444008358325796
109012804,制氧设备,B 前2个>=90%,34536930.609375,11,0.5675239049042425,0.9624624363661074,0.9949601534645098,个,0.5675239049042425,套,0.3949385314618648,UNKNOWN,0.032497717098402455,项,0.002084724922846957,OTHER,0.0010246422995792792
109021401,烹煮、调制、腌制食品设备,B 前2个>=90%,34489425.147861004,14,0.5151503132896131,0.9167105576432122,0.9864842945568253,个,0.5151503132896131,套,0.4015602443535991,UNKNOWN,0.06977373691361306,批,0.004894949662867033,千克,0.004511007374137943
108040402,锉及类似工具,B 前2个>=90%,34173251.62557626,18,0.8369111027697487,0.9362936980537642,0.9843406874227371,个,0.8369111027697487,套,0.09938259528401544,千克,0.04804698936897286,UNKNOWN,0.0039590148388766,平方米,0.0036763957908960455
109020801,橡胶前加工机械,B 前2个>=90%,33838505.3881855,9,0.7441737367275104,0.980803145046343,0.9969507258490925,套,0.7441737367275104,个,0.23662940831883258,千克,0.016147580802749507,桶,0.0018121367742621839,箱,0.0009042952591719313
106040103,文件架,B 前2个>=90%,33135471.14396459,18,0.47218860461348355,0.9401153244298643,0.9567650111691651,套,0.47218860461348355,个,0.46792671981638084,UNKNOWN,0.016649686739300732,千克,0.009918345318739849,批,0.008632970351777564
109012607,熔炉,B 前2个>=90%,32670623.299989704,6,0.749506810490831,0.9457942513833044,0.9710009942249771,个,0.749506810490831,套,0.19628744089247335,批,0.025206742841672677,OTHER,0.01925809600333515,UNKNOWN,0.009306758275104467
109020203,修井设备,B 前2个>=90%,32170035.259094242,9,0.521006452424201,0.9807136454316898,0.9937867302632241,个,0.521006452424201,套,0.4597071930074889,千米,0.013073084831534217,千克,0.0028418286093315898,次,0.0013521900007151175
106010402,手工纸板,B 前2个>=90%,32126690.81027222,11,0.6480369589293741,0.9126128373961844,0.9656359878175883,个,0.6480369589293741,千克,0.2645758784668103,批,0.05302315042140395,套,0.018682786321006995,卷,0.008446263625547084
109011209,悬臂起重机,B 前2个>=90%,31761126.703418728,7,0.5941645357162727,0.9838552761397474,0.9940721680979623,套,0.5941645357162727,个,0.3896907404234748,批,0.010216891958214796,千克,0.004851213290976073,UNKNOWN,0.0010679602280462058
109022802,棉纺前纺设备,B 前2个>=90%,31575001.536598206,11,0.7947155056234313,0.9351549287176841,0.9627079978378177,个,0.7947155056234313,UNKNOWN,0.14043942309425286,套,0.02755306912013355,批,0.012905879035929515,OTHER,0.01082002132625229
109024615,防毒面具,B 前2个>=90%,31521547.603841778,16,0.8223460703554387,0.9433084856122177,0.9649278578309086,个,0.8223460703554387,套,0.12096241525677899,副,0.02161937221869093,盒,0.01153307333792562,OTHER,0.007697656484640075
109010514,直线移动式动力头机床,B 前2个>=90%,31458199.56111336,13,0.7965280889879239,0.9571449242478726,0.9733275056448476,个,0.7965280889879239,套,0.16061683525994866,箱,0.016182581396974993,副,0.010085227478339004,千克,0.007799927078502269
102050505,硫磺矿石,B 前2个>=90%,30671146.552780148,9,0.6894698339857981,0.9137954006035791,0.9743046970788938,千克,0.6894698339857981,个,0.22432556661778108,千米,0.06050929647531469,套,0.01807553535192428,UNKNOWN,0.0037123456810315794
101020203,薪材,B 前2个>=90%,30487048.035000805,6,0.8026999450833063,0.9251004558089064,0.9989688604828206,千克,0.8026999450833063,立方米,0.12240051072560006,UNKNOWN,0.0738684046739142,个,0.0010236543715586865,盒,7.163697634672574e-06
109050703,无线电遥控设备,B 前2个>=90%,29959628.332038876,9,0.5268123070916994,0.9389306464895246,0.9924069340520727,个,0.5268123070916994,套,0.4121183393978253,UNKNOWN,0.05347628756254803,OTHER,0.00734009351707075,份,0.00016338653957082903
109061809,表带及其零件,B 前2个>=90%,29939539.507965088,5,0.5530336671969396,0.9746403268060283,0.9970605426320406,个,0.5530336671969396,套,0.4216066596090887,OTHER,0.02242021582601232,UNKNOWN,0.0029384553485398445,盒,1.0020194195711936e-06
109024403,特种消毒灭菌设备,B 前2个>=90%,29843140.314319607,14,0.6707281328936636,0.9821976361515143,0.9886507774084884,个,0.6707281328936636,套,0.3114695032578508,批,0.006453141256974004,桶,0.0063049665021249575,UNKNOWN,0.002585490025141198
108020403,铸铁空心异型管,B 前2个>=90%,28692295.20492363,9,0.5981398965394215,0.9821322620147126,0.993301985131591,千克,0.5981398965394215,个,0.3839923654752912,千米,0.011169723116878354,副,0.0033801757338449965,UNKNOWN,0.0015032352491566666
109023802,饲料（草）加工机械设备,B 前2个>=90%,28401428.34919739,8,0.7823899222252645,0.9929193152687239,0.9966368043577184,个,0.7823899222252645,套,0.2105293930434594,千克,0.0037174890889944867,千米,0.0015914692544425262,批,0.001088325545460586
105010402,强化木,B 前2个>=90%,28073381.365077022,8,0.8060794273594483,0.9773700890846349,0.9945254147554896,平方米,0.8060794273594483,个,0.17129066172518662,UNKNOWN,0.017155325670854708,套,0.003024203542875666,立方米,0.0013779779320820646
109021802,屠宰及肉制品加工机械,B 前2个>=90%,28010865.29724121,9,0.5314672047177423,0.9855166335468408,0.9898849562923738,套,0.5314672047177423,个,0.45404942882909854,千米,0.004368322745533009,UNKNOWN,0.003690788087825766,次,0.0026052264956158734
109012999,其他利用温度变化加工机械,B 前2个>=90%,27985469.119338986,9,0.8259259275037184,0.9107974957614955,0.9561356539174082,个,0.8259259275037184,千克,0.08487156825777707,月,0.04533815815591263,套,0.03992672762997772,OTHER,0.00306395076829787
302039900,其他未列邮政服务,B 前2个>=90%,27983715.78488922,11,0.7069141622243756,0.9688776134451829,0.9799249891214569,批,0.7069141622243756,UNKNOWN,0.2619634512208072,个,0.011047375676274002,盒,0.007976052977564166,月,0.006271504518880488
109021902,配制、加工饲料用机械,B 前2个>=90%,27380596.659423828,7,0.8604179940810358,0.936326704153727,0.9675598735085542,个,0.8604179940810358,套,0.07590871007269118,千克,0.03123316935482719,批,0.027176690459150075,千米,0.003152598905575363
109060603,动力测试仪器,B 前2个>=90%,27347297.829154965,8,0.763582915146236,0.9466791456675117,0.9857534924726771,个,0.763582915146236,套,0.18309623052127563,UNKNOWN,0.03907434680516537,OTHER,0.00864145649238729,项,0.0055318079667352115
109024801,手术台床,B 前2个>=90%,27299747.724411014,4,0.5069628417399137,0.9997239959827402,0.9999958314631987,个,0.5069628417399137,套,0.49276115424282657,箱,0.00027183548045855093,副,4.1685368011661e-06,,
107020227,醌基化合物,B 前2个>=90%,27223406.92461777,11,0.872338779774533,0.9329530630866132,0.968763448709935,千克,0.872338779774533,桶,0.060614283312080214,OTHER,0.035810385623321825,盒,0.013273320308533478,瓶,0.010808439503135264
109021402,食品用烤炉及烘箱,B 前2个>=90%,27217274.17907906,13,0.887443362568982,0.9336046346983468,0.9644545288031181,个,0.887443362568982,千米,0.04616127212936471,套,0.03084989410477137,UNKNOWN,0.017988460928612095,盒,0.007182199792552627
101011207,芹菜等叶菜类蔬菜,B 前2个>=90%,27155521.14382243,16,0.8940284699385392,0.9678654309004342,0.9794377313560353,千克,0.8940284699385392,批,0.07383696096189492,盒,0.011572300455601127,UNKNOWN,0.008926100444527752,袋,0.0038352392909702915
106051003,民间工艺品,B 前2个>=90%,26875171.392143253,9,0.83430523102945,0.9625651116682038,0.9756030029391943,个,0.83430523102945,套,0.1282598806387538,批,0.01303789127099057,UNKNOWN,0.012999901838708826,千克,0.008984154332522181
109023601,土壤耕整机械,B 前2个>=90%,26250728.270374298,7,0.8703124989544766,0.9896540729558474,0.9990812780775921,个,0.8703124989544766,套,0.11934157400137077,千克,0.009427205121744662,盒,0.000868786545886197,次,4.571301746909171e-05
106051105,养生美体美容仪,B 前2个>=90%,25999131.70671585,7,0.8424921217584155,0.9127125064464322,0.9796444917000203,个,0.8424921217584155,UNKNOWN,0.0702203846880167,OTHER,0.0669319852535881,批,0.01689242110868468,盒,0.002643319045237494
101011210,菜豆等豆类蔬菜,B 前2个>=90%,25964120.494732857,12,0.6533412849667098,0.9530251152607729,0.9705713148361372,千克,0.6533412849667098,箱,0.29968383029406304,批,0.017546199575364317,袋,0.010521273716384517,UNKNOWN,0.009156151444555677
107030603,脂肪类药制剂,B 前2个>=90%,25875314.506484985,10,0.8357017648840745,0.962489047441056,0.9845562325552479,千克,0.8357017648840745,瓶,0.12678728255698146,盒,0.022067185114191895,个,0.014763200254485492,套,0.00027052811274025785
109020207,石油测井仪器设备,B 前2个>=90%,25016762.547460552,11,0.49273136553254715,0.9789818430392703,0.9864731001371646,个,0.49273136553254715,套,0.48625047750672307,UNKNOWN,0.007491257097894294,批,0.0073222104439966545,千米,0.0053641402088065926
104011402,领带,B 前2个>=90%,24787611.012495995,10,0.8979724231374114,0.9543583659896115,0.989960627491636,个,0.8979724231374114,UNKNOWN,0.05638594285220006,套,0.03560226150202446,OTHER,0.003415610648493659,批,0.0021873798910135595
101030106,羊,B 前2个>=90%,24737847.773434643,8,0.7136356088376813,0.9733473088546623,0.9955673181025609,千克,0.7136356088376813,个,0.259711700016981,UNKNOWN,0.022220009247898704,袋,0.0022661393334173874,包,0.0019768655945486303
107020503,动物、植物肥料,B 前2个>=90%,24382139.815345764,9,0.8167531648400592,0.9911188233684629,0.99717472337968,个,0.8167531648400592,千克,0.1743656585284037,立方米,0.006055900011217128,袋,0.001588458205895857,UNKNOWN,0.0011796860221901777
107021505,化学陶瓷,B 前2个>=90%,24288643.72071457,11,0.7926386106145907,0.9687091729426665,0.9811119033538813,千克,0.7926386106145907,个,0.1760705623280757,套,0.012402730411214896,OTHER,0.011703411819473842,立方米,0.003455318500490193
103021101,木糖,B 前2个>=90%,24242708.983436584,12,0.8874476367754892,0.9504971003751115,0.9719111948711281,千克,0.8874476367754892,袋,0.06304946359962232,个,0.021414094496016625,瓶,0.012104699589189949,包,0.0047768527701100155
109062105,电影设备零件和附件,B 前2个>=90%,24215775.949890137,9,0.7580036694562676,0.9366779144331101,0.9688501387141798,个,0.7580036694562676,套,0.17867424497684245,批,0.032172224281069736,UNKNOWN,0.018143402032745653,千克,0.007348564980665315
109024704,心脏起搏器,B 前2个>=90%,24111815.250854496,5,0.7726620417025082,0.9403497420233,0.9974067485442523,个,0.7726620417025082,套,0.1676877003207918,盒,0.05705700652095221,UNKNOWN,0.0025725147341530744,副,2.073672159470783e-05
103010705,动物精及汁,B 前2个>=90%,23399709.298562527,12,0.6867085665835159,0.9043867446251459,0.9420787259706684,千克,0.6867085665835159,袋,0.21767817804163006,箱,0.037691981345522596,个,0.019102153222237496,UNKNOWN,0.00974289944597629
101030201,活鸡,B 前2个>=90%,22986232.687545773,9,0.8843725979304893,0.9397477685780414,0.979434986461913,千克,0.8843725979304893,UNKNOWN,0.05537517064755213,批,0.03968721788387158,个,0.011735522699910246,箱,0.005190952419540946
109061199,其他气象、水文仪器及装置,B 前2个>=90%,22857592.284591675,8,0.5619106045853351,0.9575492471858423,0.9969644221868997,套,0.5619106045853351,个,0.3956386426005072,项,0.03941517500105739,千米,0.0016508300406354052,UNKNOWN,0.0007481102903181595
108010307,混凝土轨枕及铁道用混凝土制品,B 前2个>=90%,22804101.802442078,12,0.8652353091096059,0.9315953092564784,0.9820903061711685,个,0.8652353091096059,套,0.06636000014687247,UNKNOWN,0.050494996914690164,批,0.009502098874813835,副,0.003751342663750033
109042502,车辆用视觉信号装置,B 前2个>=90%,21962274.998992916,6,0.7580060376246525,0.9298171733034926,0.9980158002703565,个,0.7580060376246525,套,0.17181113567884007,千克,0.06819862696686393,UNKNOWN,0.001310492655554536,OTHER,0.0005746280852273241
109031802,机动客船,B 前2个>=90%,21464656.0,3,0.8864108514014853,0.9974771550030898,1.0,OTHER,0.8864108514014853,UNKNOWN,0.11106630360160442,项,0.0025228449969102694,,,,
109024212,医用电泳仪,B 前2个>=90%,21389989.669921875,3,0.8506166099549338,0.9861659119725474,1.0,套,0.8506166099549338,个,0.1355493020176136,千克,0.013834088027452554,,,,
106050307,漆画工艺品,B 前2个>=90%,21112082.762664795,9,0.8870312422759867,0.9665920985730698,0.9828743578894221,千克,0.8870312422759867,个,0.07956085629708315,批,0.016282259316352316,套,0.011164352958542168,桶,0.0035552115263419062
109030602,排气量在1.0升以上至1.5升（含1.5升）的乘用车底盘（车架）改装、改制的车辆,B 前2个>=90%,21086594.875,2,0.7382942975044946,1.0,1.0,个,0.7382942975044946,UNKNOWN,0.26170570249550545,,,,,,
109022403,制药专用粉碎机械,B 前2个>=90%,20940765.41021729,7,0.6672900477246975,0.9881503471756232,0.9915599646657826,套,0.6672900477246975,个,0.3208602994509257,批,0.0034096174901593118,副,0.003295963573820668,OTHER,0.0021393678369627054
109020503,日用陶瓷制品成型机械,B 前2个>=90%,20312795.539062507,6,0.7035365827556196,0.9954915718458955,0.9974614631847342,个,0.7035365827556196,套,0.29195498909027595,批,0.00196989133883867,OTHER,0.0015716585752799054,副,0.0009422632135095751
109023002,服装裁剪定型设备,B 前2个>=90%,20025362.69457245,12,0.860139927278403,0.9239436205978695,0.9522000376540941,个,0.860139927278403,套,0.0638036933194665,副,0.028256417056224562,UNKNOWN,0.015964684707016525,平方米,0.011784508731389845
109022004,烟草加工及制作机械零件,B 前2个>=90%,19419814.137001038,10,0.7165203437140371,0.9570242280877683,0.9757214204212513,个,0.7165203437140371,套,0.2405038843737312,千米,0.01869719233348297,千克,0.011015563877998848,项,0.009126245943946468
109032302,浮动结构体、浮式装置,B 前2个>=90%,19313723.468711857,8,0.8583336341727801,0.9943844593107227,0.9978651449542189,个,0.8583336341727801,套,0.1360508251379427,千克,0.0034806856434961486,平方米,0.0012923453129291764,UNKNOWN,0.0007104792621800543
109024602,电疗仪器,B 前2个>=90%,19193892.7162323,10,0.6996799017230203,0.9591823993999914,0.9838759857340531,个,0.6996799017230203,套,0.2595024976769711,千瓦时,0.024693586334061685,副,0.00536368528896356,盒,0.004591720986617051
109012902,发酵、提取设备,B 前2个>=90%,18843779.5546875,7,0.7332890410313258,0.9929780864692781,0.9989787085877053,个,0.7332890410313258,套,0.25968904543795235,千克,0.0060006221184272495,次,0.0007321774378825673,盒,0.0001889217600783506
109025105,邮政专用器材,B 前2个>=90%,18806974.31158829,9,0.8837410592814221,0.9390230846147655,0.9695428264132284,OTHER,0.8837410592814221,个,0.055282025333343324,月,0.030519741798462945,UNKNOWN,0.02472571789161299,千米,0.003365905591788622
108041108,锡丝,B 前2个>=90%,18379038.37232304,13,0.8695685890559832,0.9498741228250942,0.9898743755214399,千克,0.8695685890559832,卷,0.08030553376911097,个,0.04000025269634568,OTHER,0.005647989242966508,UNKNOWN,0.0020816432182627713
109011607,其他相关物料搬运设备,B 前2个>=90%,18172149.427780148,14,0.757489784600147,0.9636015286594062,0.9776810408831429,个,0.757489784600147,套,0.2061117440592591,桶,0.014079512223736674,项,0.011806126790226398,千米,0.004008164265344974
107021608,木材热解、水解产品,B 前2个>=90%,18096039.964397427,12,0.8423707565414414,0.9914842888040372,0.9955176883843408,千克,0.8423707565414414,箱,0.14911353226259566,个,0.004033399580303646,盒,0.0018905009395574312,桶,0.0012765190339197063
104030504,鞍具及挽具,B 前2个>=90%,17994866.081298828,5,0.8860316459409403,0.9289523071206028,0.9679065286654072,个,0.8860316459409403,OTHER,0.042920661179662506,千克,0.03895422154480436,套,0.0316266715283564,UNKNOWN,0.0004667998062363856
108041903,金属制安全帽,B 前2个>=90%,17586236.321782112,16,0.6294875418868414,0.9210826702046763,0.9595969695515347,OTHER,0.6294875418868414,个,0.29159512831783485,套,0.03851429934685843,千克,0.024210394090218666,UNKNOWN,0.007223807736775952
109024304,牙科手机,B 前2个>=90%,16862999.14038086,7,0.8505212308481468,0.9100234576849643,0.9608101880262521,个,0.8505212308481468,UNKNOWN,0.059502226836817475,套,0.0507867303412878,盒,0.015628166937037977,批,0.015160055330123568
109042503,自行车照明或视觉、音响信号装置,B 前2个>=90%,16851682.135299683,7,0.652343436211615,0.9977266613677194,0.9989757948269784,个,0.652343436211615,套,0.3453832251561045,千克,0.001249133459259001,UNKNOWN,0.00038895701713716663,OTHER,0.0003204427876483898
405990000,其他自然资源使用权,B 前2个>=90%,16690718.594772343,8,0.7309011388562354,0.9656109318470495,0.9891182958138645,UNKNOWN,0.7309011388562354,千克,0.23470979299081407,项,0.02350736396681497,次,0.007902539471327002,平方米,0.0020015914719491846
109011211,铁路起重机,B 前2个>=90%,16480693.00097656,8,0.886694873820576,0.9981193751987151,0.9991308617908755,个,0.886694873820576,套,0.11142450137813908,千米,0.0010114865921604281,桶,0.0005642966590937001,包,0.00017748040084398633
108040599,其他农林、畜牧用金属工具,B 前2个>=90%,16450814.12049866,5,0.6959436041668448,0.9231166317523463,0.9984110208887821,个,0.6959436041668448,千克,0.22717302758550154,套,0.07529438913643587,批,0.0015683114410642886,包,2.0667670153560392e-05
109021808,淀粉加工机械,B 前2个>=90%,16433064.842285156,9,0.505244626797465,0.9780101571350202,0.9843260818268603,个,0.505244626797465,套,0.4727655303375552,UNKNOWN,0.006315924691840206,副,0.006120525961851779,袋,0.004130145762606385
109020404,玻璃纤维加工机械,B 前2个>=90%,16375196.66415119,12,0.8180426958630168,0.9668388324818926,0.976738119930664,个,0.8180426958630168,套,0.1487961366188758,OTHER,0.009899287448771317,千米,0.00962600652883033,千克,0.007421783240155649
109024209,中医诊断、治疗仪器设备,B 前2个>=90%,16346828.74585152,8,0.7056794931910647,0.9808931789878339,0.988879157980999,个,0.7056794931910647,套,0.2752136857967692,盒,0.00798597899316514,UNKNOWN,0.0057000046583130905,OTHER,0.0026582281295024317
109020906,塑料二次加工机械,B 前2个>=90%,15849124.94311523,7,0.8264814243178684,0.9730343787727125,0.9859749985694599,个,0.8264814243178684,套,0.1465529544548441,千克,0.012940619796747403,UNKNOWN,0.011464607708763832,卷,0.0015931478924310239
102050402,煅烧高岭土,B 前2个>=90%,15831990.75292969,8,0.7636712240119657,0.931036184069795,0.9556938578009245,千克,0.7636712240119657,袋,0.16736496005782928,套,0.024657673731129526,UNKNOWN,0.020685571786946483,个,0.020202933246696198
109023603,田间管理机械,B 前2个>=90%,15827020.41015244,9,0.8054140634159903,0.9383777827683767,0.9921655443267002,个,0.8054140634159903,千克,0.13296371935238635,套,0.05378776155832357,批,0.005261002882550652,副,0.001296516935483143
106050603,手工编结工艺品,B 前2个>=90%,15355519.38282776,9,0.7487047779679454,0.9343021210992132,0.9855563952385921,个,0.7487047779679454,套,0.18559734313126772,千克,0.05125427413937888,千米,0.0121350804388298,OTHER,0.0016685563909811226
109022809,细纱机,B 前2个>=90%,15275206.519943237,9,0.6461479808511122,0.9574896634523156,0.998437456805117,个,0.6461479808511122,套,0.3113416826012034,千克,0.04094779335280138,盒,0.0012677406341261015,千米,0.0001623545970892193
108032204,钯材,B 前2个>=90%,14901528.40625,3,0.7367610292676584,0.99995919881616,1.0,OTHER,0.7367610292676584,千克,0.26319816954850156,个,4.080118383997393e-05,,,,
109010303,水轮机,B 前2个>=90%,14752024.21811819,8,0.48709186164620727,0.9594241704570319,0.9709258462603844,套,0.48709186164620727,个,0.47233230881082466,批,0.011501675803352495,OTHER,0.01146051399458564,项,0.010858170894491183
109051505,半导体敏感器件,B 前2个>=90%,14218085.30561829,7,0.8557710751894405,0.9407089447437043,0.9811773860881474,个,0.8557710751894405,OTHER,0.08493786955426372,UNKNOWN,0.04046844134444317,套,0.01875797792323343,卷,5.781369167022693e-05
106040704,媒诱音响器，相关乐器,B 前2个>=90%,14147143.72613049,11,0.8231790251827922,0.9360672743190921,0.976070296197968,个,0.8231790251827922,套,0.11288824913629991,UNKNOWN,0.04000302187887591,OTHER,0.010508871093959628,次,0.007211349652973689
107050106,翻新橡胶轮胎,B 前2个>=90%,13880053.020996092,11,0.7728682181826999,0.9619392347274672,0.9795015883822842,个,0.7728682181826999,千克,0.18907101654476735,套,0.017562353654816953,桶,0.009700251129900774,千米,0.005125196560300663
302010101,函件寄递服务,B 前2个>=90%,13856439.940673828,5,0.4989485280563194,0.9557064876384849,0.9796633626670831,份,0.4989485280563194,UNKNOWN,0.4567579595821655,项,0.02395687502859823,个,0.02025003500178871,次,8.66023311281819e-05
109042304,卤钨灯,B 前2个>=90%,13550575.29611969,8,0.6579983735482129,0.9469292428612774,0.9931490451647816,个,0.6579983735482129,批,0.2889308693130646,套,0.04621980230350423,OTHER,0.0037469331158347624,千米,0.0018430951789295455
109060802,计数装置,B 前2个>=90%,13300916.11851883,8,0.732671294986448,0.9267389283358602,0.9837567157927435,个,0.732671294986448,千克,0.19406763334941227,套,0.05701778745688324,UNKNOWN,0.011567290505333524,批,0.004420748125622183
109022806,精梳机械,B 前2个>=90%,13167044.59521484,7,0.8444168465065433,0.9405185427651221,0.9981715714695194,个,0.8444168465065433,套,0.09610169625857894,UNKNOWN,0.057653028704397265,卷,0.0014240097589412065,批,0.00030378874857412406
109020206,石油专用工程车辆设备,B 前2个>=90%,13055130.22875023,5,0.8235350808736789,0.9767367697848639,0.9895095263241116,个,0.8235350808736789,套,0.15320168891118496,UNKNOWN,0.012772756539247712,批,0.010340762415582856,平方米,0.00014971126030560513
109024402,气体消毒灭菌设备,B 前2个>=90%,12850301.00065613,11,0.502816963620919,0.986028563853276,0.9972249552835354,个,0.502816963620919,套,0.483211600232357,瓶,0.011196391430259394,UNKNOWN,0.0011997501029223307,包,0.0006534477285451332
109024609,低温治疗仪器,B 前2个>=90%,12746830.242523193,10,0.46714166890447945,0.9059603315505096,0.9486092723464763,个,0.46714166890447945,立方米,0.43881866264603014,千克,0.04264894079596669,盒,0.03942296479067868,瓶,0.005355607653635158
109023901,渔业养殖机械,B 前2个>=90%,12745682.106445312,4,0.8967745610713536,0.9914381670234813,0.9989992846441511,套,0.8967745610713536,个,0.09466360595212778,千米,0.007561117620669845,批,0.0010007153558488312,,
106050208,金属制民间刀剑工艺品,B 前2个>=90%,12511001.267836332,10,0.5174280246072217,0.9318955188687607,0.9643437611244509,千克,0.5174280246072217,个,0.41446749426153895,千米,0.03244824225569016,批,0.021972102321394803,套,0.010335669946409474
109060903,船舶导航系统,B 前2个>=90%,12433150.943725586,6,0.5844491403760091,0.9166582948530098,0.9917639542491297,个,0.5844491403760091,套,0.33220915447700067,UNKNOWN,0.07510565939611985,批,0.00699742168286831,项,0.0010455917457159543
109020604,冶金专用有轨车辆,B 前2个>=90%,12184138.749816895,7,0.6295030906567167,0.9505090246805248,0.9909916570514864,千克,0.6295030906567167,个,0.32100593402380806,套,0.0404826323709616,OTHER,0.0063032768730702585,UNKNOWN,0.002535173065973925
109061004,水准仪,B 前2个>=90%,12084229.144927979,7,0.52686674745308,0.9942429914911897,0.9989339824786916,套,0.52686674745308,个,0.46737624403810957,UNKNOWN,0.004690990987501958,千克,0.0004898947155834724,批,0.00048410204158164083
109020409,矿石烘干机,B 前2个>=90%,11915190.494262695,4,0.5650685566046691,0.9919116693898931,0.9999686114963768,个,0.5650685566046691,套,0.42684311278522397,千米,0.008056942106483746,瓶,3.138850362317626e-05,,
107030107,计划生育用药,B 前2个>=90%,11362154.893523216,11,0.7890696337131478,0.9130827989562204,0.9526879622564068,OTHER,0.7890696337131478,盒,0.12401316524307264,千克,0.039605163300186486,个,0.038180020075963036,套,0.004174405183323695
109042506,照明及电气信号装置零件,B 前2个>=90%,11237102.415176392,9,0.8325842958328397,0.9141739082557282,0.9562903825499012,个,0.8325842958328397,套,0.08158961242288856,OTHER,0.04211647429417298,UNKNOWN,0.032256001234833735,副,0.00925655872789936
110020201,人工煤气,B 前2个>=90%,10939279.70336914,5,0.5120177972496431,0.9755726781471686,0.9993395908964537,立方米,0.5120177972496431,千克,0.4635548808975255,UNKNOWN,0.02376691274928512,月,0.0006540101447575472,瓶,6.398958788707177e-06
106041007,飞镖器材及配件,B 前2个>=90%,10925139.925857544,9,0.7025450522454098,0.9054256743898493,0.9817755660673552,批,0.7025450522454098,个,0.20288062214443958,套,0.07634989167750586,UNKNOWN,0.017648451378174515,项,0.0004542733579323416
106041003,台球器材及配件,B 前2个>=90%,10863876.021754742,12,0.7429512962005507,0.9325030367811087,0.965446195769932,个,0.7429512962005507,千克,0.18955174058055807,副,0.03294315898882327,批,0.018422984137909226,套,0.00927975704059853
109021602,酿酒设备,B 前2个>=90%,10846830.557258606,9,0.6921795917153297,0.9841557736199746,0.9913306805745153,个,0.6921795917153297,套,0.2919761819046449,UNKNOWN,0.00717490695454076,千米,0.0037862469668056282,批,0.0023647460762476133
109060902,航空或航天导航仪器及装置,B 前2个>=90%,10802722.488609314,5,0.5889528872637582,0.9463003820924429,0.9830397318645477,套,0.5889528872637582,个,0.3573474948286847,批,0.0367393497721048,UNKNOWN,0.014117234813770306,卷,0.0028430333216820204
109062502,胶印设备,B 前2个>=90%,10800939.47669983,9,0.88222267118178,0.9729552970067595,0.9916956112578164,个,0.88222267118178,千克,0.09073262582497958,套,0.01874031425105682,箱,0.00432092042554985,批,0.002593663269795447
104011301,针织或钩编床罩,B 前2个>=90%,10210258.281036379,11,0.6934371967103706,0.9388281138244057,0.9608810024390684,个,0.6934371967103706,千克,0.24539091711403505,套,0.02205288861466271,千米,0.012687247153492303,盒,0.009604115518030412
109022817,织造辅助机械及装置,B 前2个>=90%,9907934.534269333,4,0.8109881727549202,0.9992096819074862,0.999732495212528,个,0.8109881727549202,套,0.188221509152566,UNKNOWN,0.000522813305041887,千克,0.0002675047874718782,,
109022602,肥皂成型专用设备,B 前2个>=90%,9811203.461759448,11,0.8858274060306114,0.9852170990280827,0.9948081752265092,个,0.8858274060306114,套,0.09938969299747138,箱,0.009591076198426427,OTHER,0.0029044550273386914,盒,0.001272015206762612
109061003,电子速测仪,B 前2个>=90%,9789524.935548782,5,0.7702982330252413,0.9721085546236782,0.9970740153185591,套,0.7702982330252413,个,0.2018103215984369,UNKNOWN,0.02496546069488094,次,0.0029214900813158548,千米,4.494600125101315e-06
109041304,燃料电池,B 前2个>=90%,9687414.66658783,4,0.5964057013341205,0.9372358622844904,0.9995236634051006,个,0.5964057013341205,套,0.3408301609503699,UNKNOWN,0.062287801120610206,OTHER,0.00047633659489946893,,
303020500,卫星电视信号落地转接服务,B 前2个>=90%,9662187.03125,4,0.8690315632312605,0.9583278885957447,0.9806595546747737,个,0.8690315632312605,UNKNOWN,0.08929632536448423,次,0.022331666079029047,套,0.01934044532522617,,
102050503,钾矿石,B 前2个>=90%,9157278.273384094,6,0.8490954175904748,0.9723752970066931,0.9880040593162412,千克,0.8490954175904748,个,0.1232798794162183,UNKNOWN,0.01562876230954814,套,0.008975024501972208,千米,0.002391540296820837
106051302,宠物服装,B 前2个>=90%,8996398.29706955,5,0.6705262167218623,0.9513068043068755,0.992506334449203,个,0.6705262167218623,千克,0.2807805875850132,UNKNOWN,0.041199530142327426,套,0.007476325278073671,袋,1.7340272723453653e-05
108010803,玻纤胎沥青瓦,B 前2个>=90%,8775481.585983276,8,0.8643329904882504,0.9196523976022667,0.9579236187533443,平方米,0.8643329904882504,千克,0.055319407114016325,卷,0.03827122115107758,个,0.028663280656901612,千米,0.008245288671315992
109011210,移动式吊运架,B 前2个>=90%,8362449.522968293,10,0.5850071311826134,0.983619141780185,0.990471201077239,个,0.5850071311826134,套,0.3986120105975715,批,0.006852059297054038,卷,0.005355189275223778,副,0.00212385138556858
101020408,野生植物采集产品,B 前2个>=90%,8136805.329870462,6,0.8168450565607743,0.9978533086092928,0.9993846245868726,千克,0.8168450565607743,OTHER,0.18100825204851845,包,0.0015313159775798056,盒,0.0004366812031697969,个,0.0001442826702133588
107060307,航空航天用纤维增强塑料制品,B 前2个>=90%,8113336.5,4,0.8503532424668938,0.9917186474513482,0.9978428110309487,个,0.8503532424668938,千克,0.14136540498445443,套,0.006124163579600544,UNKNOWN,0.002157188969051142,,
101010701,甘蔗,B 前2个>=90%,8112556.854803085,9,0.48856228928672885,0.9744627220688953,0.9836240113885193,千克,0.48856228928672885,袋,0.48590043278216644,盒,0.009161289319624004,套,0.008407191416969181,个,0.0026200864140495514
109061303,其他地震专用仪器,B 前2个>=90%,8062706.0,3,0.6228172030581296,0.9900281617610762,1.0,个,0.6228172030581296,套,0.3672109587029466,项,0.009971838238923756,,,,
106050308,漆器工艺框架类制品,B 前2个>=90%,7943337.171329498,10,0.8473836667261975,0.967070675160746,0.9942889897861831,个,0.8473836667261975,千克,0.1196870084345485,桶,0.027218314625437095,OTHER,0.003282298001064768,UNKNOWN,0.001982868114550445
501010300,房改房,B 前2个>=90%,7890678.0,5,0.6907338000612875,0.9632072174279573,0.9782224037021913,UNKNOWN,0.6907338000612875,平方米,0.2724734173666699,月,0.015015186274233976,个,0.01163905053532789,项,0.01013854576248074
109061701,纺织专用测试仪器,B 前2个>=90%,7420078.353258133,12,0.5482660473851968,0.9731645555581769,0.9808013347540622,套,0.5482660473851968,个,0.4248985081729802,千米,0.007636779195885224,千克,0.0067702789119391885,批,0.0058826872065081935
301030200,航天运输服务,B 前2个>=90%,7297884.3876953125,6,0.8617262779064125,0.9646602444634288,0.9875463854681313,次,0.8617262779064125,项,0.10293396655701621,UNKNOWN,0.022886141004702584,千克,0.009112229855562407,笔,0.0026425520106917256
101011904,种用豆类,B 前2个>=90%,7188947.9636974335,6,0.8854936512160986,0.9661163587590605,0.9961059476166652,千克,0.8854936512160986,袋,0.08062270754296194,个,0.029989588857604624,瓶,0.003627164938691363,OTHER,0.00026258361594830483
108011203,耐热玻璃制仪器和器皿,B 前2个>=90%,7023408.822856903,15,0.8127700852582728,0.925071954919175,0.9526435954436608,个,0.8127700852582728,套,0.11230186966090228,千克,0.0275716405244858,盒,0.012355598522945675,箱,0.008564217393162208
306010902,不动产融资性售后回租,B 前2个>=90%,6940823.218261719,6,0.8870331452616816,0.952090605151589,0.987504271840763,UNKNOWN,0.8870331452616816,OTHER,0.06505745988990744,笔,0.03541366668917393,批,0.010085259024581671,个,0.0014279286027518421
109010606,冲孔机床,B 前2个>=90%,6836471.149902344,7,0.6870787870205345,0.975871704155461,0.9917286274219401,个,0.6870787870205345,套,0.28879291713492644,UNKNOWN,0.015856923266479157,副,0.004597693650831686,OTHER,0.002324298552803369
103011109,暂时保藏水果及坚果（原料）,B 前2个>=90%,6347528.459270476,11,0.8474228943708605,0.9464744983194406,0.9618530284962401,千克,0.8474228943708605,UNKNOWN,0.09905160394858009,盒,0.015378530176799455,箱,0.014919145274637157,批,0.01299693242288851
109062103,电路投影装置,B 前2个>=90%,6266348.1212768555,7,0.6819814216017747,0.9289977985118394,0.9605556800798212,套,0.6819814216017747,个,0.24701637691006478,平方米,0.03155788156798176,OTHER,0.02870778905327467,UNKNOWN,0.010532450276087053
109022501,玻壳加工机械,B 前2个>=90%,5978897.858423233,8,0.7938117568336364,0.9342254280937099,0.9794688817419022,个,0.7938117568336364,套,0.14041367126007356,UNKNOWN,0.045243453648192246,批,0.007185268806813083,OTHER,0.004982189143444533
109032601,潜水装备,B 前2个>=90%,5948500.160194397,7,0.8940850864860205,0.9961141667004465,0.9994780398552127,个,0.8940850864860205,套,0.102029080214426,副,0.0033638731547661373,千克,0.00026475245229401587,UNKNOWN,0.00011700428364403956
109012202,真空浸渍设备,B 前2个>=90%,5940759.517578125,8,0.6356342129027008,0.9714314662022056,0.9868200709301864,套,0.6356342129027008,个,0.3357972532995047,千克,0.015388604727980855,瓶,0.0050412390829631245,次,0.003156162094176778
109041604,电热干手器,B 前2个>=90%,5890691.945064545,4,0.8690503433315737,0.9185825260792441,0.9594997905106231,个,0.8690503433315737,UNKNOWN,0.04953218274767031,套,0.040917264431378955,OTHER,0.04050020948937705,,
103011202,菊粉,B 前2个>=90%,5590456.669921875,7,0.8769104725157468,0.9917991189935266,0.9967473140257335,千克,0.8769104725157468,盒,0.11488864647777973,瓶,0.004948195032206837,UNKNOWN,0.0014488977338077097,包,0.0012922021270403573
106020401,录音带复制品,B 前2个>=90%,5570852.112350464,10,0.8713051206314053,0.9619515764725995,0.9868277350199415,个,0.8713051206314053,套,0.09064645584119424,UNKNOWN,0.02487615854734196,OTHER,0.007100350036632167,副,0.0026925862861707115
109061599,其他核子及核辐射测量仪器,B 前2个>=90%,5513675.020019531,3,0.6578008291803807,0.9998494651939067,1.0,套,0.6578008291803807,个,0.3420486360135259,UNKNOWN,0.00015053480609327966,,,,
109022302,录音带、录像带复制生产设备,B 前2个>=90%,5499383.759292603,7,0.8937062254606208,0.9323964763500046,0.9670978480871167,个,0.8937062254606208,UNKNOWN,0.03869025088938376,套,0.03470137173711217,OTHER,0.0315434069893273,批,0.0012074552452180844
107021607,紫胶类产品,B 前2个>=90%,5462430.304126263,16,0.8319077767577794,0.9511104887336136,0.9824216723536521,千克,0.8319077767577794,个,0.11920271197583417,瓶,0.03131118362003851,箱,0.005826710498430975,桶,0.002801022401490367
109061305,钻探测试、分析仪器,B 前2个>=90%,5426495.371719361,3,0.765446587010267,0.9763088344882774,1.0,个,0.765446587010267,套,0.2108622474780104,UNKNOWN,0.02369116551172259,,,,
106050699,其他抽纱刺绣工艺品,B 前2个>=90%,5283365.5291137695,7,0.8755625374977924,0.9572279073500984,0.98188329020872,个,0.8755625374977924,千米,0.08166536985230594,千克,0.024655382858621584,OTHER,0.01419549709114684,套,0.0019622341015549647
109023701,林地清理机械,B 前2个>=90%,5262329.1337890625,7,0.8913393588505047,0.9961002306021838,0.998478810466529,个,0.8913393588505047,千克,0.104760871751679,OTHER,0.0023785798643451463,月,0.000878888393791864,套,0.0005187816897409273
109061002,经纬仪,B 前2个>=90%,5179112.558830261,5,0.8247702655497885,0.982081872338963,0.9994477818414809,个,0.8247702655497885,套,0.1573116067891746,UNKNOWN,0.017365909502517856,副,0.0003205182318676856,OTHER,0.00023169992665133897
109024604,透热疗法设备,B 前2个>=90%,5141246.6039123535,6,0.7029721152161277,0.9703660783147583,0.9797222721926001,袋,0.7029721152161277,个,0.26739396309863067,盒,0.009356193877841857,OTHER,0.0092867749175405,套,0.007878867196902223
109023905,网片处理机械,B 前2个>=90%,5118142.059753418,4,0.6701650637976334,0.9903894909902544,0.9960013712497893,套,0.6701650637976334,个,0.32022442719262106,平方米,0.005611880259534802,卷,0.0039986287502107665,,
109024305,洁牙、补牙设备,B 前2个>=90%,5104902.054397583,10,0.5211677366413061,0.9337678751899844,0.9838707953389946,个,0.5211677366413061,套,0.4126001385486783,千克,0.050102920149010154,批,0.009193124471325061,盒,0.00563791424268499
109061302,地震前兆仪器,B 前2个>=90%,5036058.0,4,0.6751606117324304,0.9764895479758176,0.9987490215561456,个,0.6751606117324304,UNKNOWN,0.3013289362433872,套,0.022259473580328107,OTHER,0.0012509784438543003,,
103020904,甜味冰,B 前2个>=90%,5026060.700439453,11,0.867350686783971,0.9340425215418539,0.9592342951489077,个,0.867350686783971,箱,0.06669183475788283,袋,0.02519177360705387,瓶,0.014792682062564289,副,0.014325334350559014
106050201,景泰蓝工艺品,B 前2个>=90%,4936116.749389648,6,0.7539164674285311,0.9066251826282286,0.9783414766246726,个,0.7539164674285311,UNKNOWN,0.15270871519969742,批,0.0717162939964441,OTHER,0.016515816812898612,平方米,0.004980635841532707
405030000,采矿权,B 前2个>=90%,4863054.8984375,5,0.882658532153658,0.9543620204511141,0.9982844117176878,UNKNOWN,0.882658532153658,个,0.07170348829745614,OTHER,0.04392239126657376,套,0.0013283831120384018,次,0.0003872051702737323
109023602,种植施肥机械,B 前2个>=90%,4835535.571533203,7,0.8639816559539689,0.948926951862476,0.9727415902921727,个,0.8639816559539689,套,0.0849452959085071,千克,0.023814638429696697,UNKNOWN,0.02105330593883854,批,0.004756453480644625
109025104,邮政计费、缴费设备,B 前2个>=90%,4782501.3125,5,0.5650103519966363,0.9753824819258741,0.9995010978891394,UNKNOWN,0.5650103519966363,个,0.4103721299292377,套,0.024118615963265352,笔,0.0003345529662099805,次,0.00016434914465065294
108032101,镁材,B 前2个>=90%,4776565.446533203,6,0.7082810179381539,0.9466030534658032,0.9874168980958382,千克,0.7082810179381539,个,0.23832203552764927,套,0.04081384463003502,平方米,0.01197492432708938,千米,0.0006029436908668933
109025003,专用勘探设备,B 前2个>=90%,4680524.480606078,8,0.7912595748811624,0.963899866201388,0.9767189424071876,个,0.7912595748811624,套,0.17264029132022565,月,0.012819076205799619,次,0.011964471125412978,UNKNOWN,0.008601719778281188
105010508,木制楼梯,B 前2个>=90%,4654228.391769408,7,0.6242869398369558,0.9751432505343849,0.9848082253086242,套,0.6242869398369558,个,0.350856310697429,千米,0.009664974774239369,副,0.006594065971659892,OTHER,0.006270298225162806
106041010,专供游戏用家具式桌子,B 前2个>=90%,4552868.9595263,13,0.8762373033292636,0.9454614480965949,0.9634764625257679,个,0.8762373033292636,套,0.06922414476733127,桶,0.018015014429172964,OTHER,0.011287950634085645,立方米,0.01078528735101328
108041113,钨丝,B 前2个>=90%,4497400.800098419,9,0.8867782430243317,0.9660017803155162,0.9879964712013187,千克,0.8867782430243317,OTHER,0.07922353729118448,个,0.02199469088580256,盒,0.00783488987992294,套,0.002167918856550796
109060499,其他绘图、计算仪器及零件,B 前2个>=90%,4488640.732410431,7,0.7845891113691937,0.9116598737676147,0.9868049141085538,个,0.7845891113691937,千克,0.12707076239842094,套,0.07514504034093902,OTHER,0.0059692903926421926,卷,0.0052053620222469515
109040203,旋转式变流机,B 前2个>=90%,4482165.279785156,7,0.5469568896159249,0.9866727137710016,0.9975556456944119,个,0.5469568896159249,套,0.4397158241550767,千米,0.01088293192341027,箱,0.0011771096491678002,包,0.0007362512968638629
109061806,定时器,B 前2个>=90%,4364848.792556762,8,0.8229310642728066,0.9039046596474518,0.9567304002294192,个,0.8229310642728066,月,0.08097359537464523,套,0.052825740581967415,OTHER,0.036725652505905676,千克,0.0037675189158138857
301049901,国内其他管道运输服务,B 前2个>=90%,4340223.1875,4,0.8294504324957598,0.9695863566693597,0.9979401980926356,项,0.8294504324957598,立方米,0.14013592417359988,个,0.028353841423275884,UNKNOWN,0.00205980190736447,,
106020403,软磁盘复制品,B 前2个>=90%,4228915.284326553,8,0.7218903371594976,0.9377560943628542,0.9705118069696266,个,0.7218903371594976,套,0.2158657572033567,OTHER,0.03275571260677238,UNKNOWN,0.022475645315181637,千克,0.003482512419811996
107030704,类毒素,B 前2个>=90%,4192312.219970703,6,0.611834201608659,0.9988282790706038,0.9994592482904301,千克,0.611834201608659,个,0.3869940774619448,箱,0.0006309692198262873,盒,0.00041981606036305645,OTHER,0.00011926592623950468
109012803,制氢设备,B 前2个>=90%,4107127.8515625,5,0.7885817884462353,0.9268466892537329,0.9721995506040647,个,0.7885817884462353,千克,0.13826490080749765,UNKNOWN,0.04535286135033175,套,0.024158001305523792,批,0.0036424480904115692
104010308,大麻织物,B 前2个>=90%,4086609.1219177246,9,0.5533274066425635,0.9465886041120277,0.9865837670405415,个,0.5533274066425635,千米,0.3932611974694642,平方米,0.039995162928513774,千克,0.007725696060473903,包,0.0028201865302428675
109032502,航天器及其运载工具零件,B 前2个>=90%,4027973.173095703,3,0.8675207164823584,0.9706353555703808,1.0,个,0.8675207164823584,批,0.10311463908802244,UNKNOWN,0.029364644429619124,,,,
106051104,养生桑拿蒸汽机,B 前2个>=90%,4015239.9109497066,4,0.5889705976350117,0.998018133326401,0.9992221958992181,套,0.5889705976350117,个,0.4090475356913893,批,0.0012040625728171606,UNKNOWN,0.000777804100781786,,
108032303,包铂金属材料,B 前2个>=90%,3998737.9010238647,6,0.651207518960733,0.9335172188878793,0.9735298438611322,千克,0.651207518960733,个,0.2823096999271463,平方米,0.04001262497325281,千米,0.025832519939866776,OTHER,0.0005794578424426887
107020124,铝酸钠,B 前2个>=90%,3995606.244987488,5,0.8688687428485264,0.9529611131669266,0.9984801755690751,千克,0.8688687428485264,平方米,0.08409237031840013,个,0.04551906240214858,桶,0.0008108907137845727,瓶,0.0007089337171402542
110030202,工业人造冰,B 前2个>=90%,3976570.236511231,7,0.5486999465333109,0.923806830455937,0.961364446973992,个,0.5486999465333109,千克,0.3751068839226261,项,0.037557616518054976,UNKNOWN,0.015329690214960657,盒,0.013789018359727678
107030503,兽用疫苗,B 前2个>=90%,3901057.251953125,5,0.7875656652979871,0.9551867638157645,0.9778993246108257,OTHER,0.7875656652979871,瓶,0.16762109851777746,个,0.02271256079506127,千克,0.02159414603767323,盒,0.000506529351500977
301040303,港澳台固体管道运输服务,B 前2个>=90%,3715927.109375,3,0.7378911222672454,0.9601499180039335,0.9999999999999999,UNKNOWN,0.7378911222672454,次,0.2222587957366881,千克,0.03985008199606647,,,,
109061301,测震仪器,B 前2个>=90%,3626457.4537963867,4,0.643082685985633,0.9530991178366415,0.9988815641676172,套,0.643082685985633,个,0.3100164318510084,千克,0.04578244633097574,UNKNOWN,0.0011184358323827804,,
107029905,火柴,B 前2个>=90%,3617483.4432296758,11,0.8419133632706947,0.9626033643921079,0.9726783462545228,个,0.8419133632706947,盒,0.1206900011214133,千克,0.01007498186241485,瓶,0.008005565320333469,包,0.007204596891380044
109011212,浮式起重机,B 前2个>=90%,3611619.760902405,3,0.5233136722919467,0.9999183635000756,1.0,套,0.5233136722919467,个,0.47660469120812887,UNKNOWN,8.163649992440552e-05,,,,
107030216,抗艾滋病病毒药品,B 前2个>=90%,3445671.1938676834,7,0.776170693465971,0.9414634165130099,0.9899690604344183,千克,0.776170693465971,盒,0.1652927230470389,个,0.048505643921408395,桶,0.006082994813115903,袋,0.0028136084338238475
107021004,植物性着色料,B 前2个>=90%,3409099.2238769527,9,0.857140525459556,0.9895698899638187,0.9951370497188277,千克,0.857140525459556,卷,0.13242936450426268,罐,0.005567159755008945,桶,0.0019060753510747733,OTHER,0.001357038832104071
107020125,铝酸三钙,B 前2个>=90%,3326161.0849609375,5,0.7941904189694478,0.9224018883201597,0.9692690770563805,千克,0.7941904189694478,UNKNOWN,0.12821146935071193,个,0.04686718873622089,袋,0.027574130553895623,OTHER,0.003156792389723756
102051101,天然宝石类矿石,B 前2个>=90%,3205911.42786789,12,0.7173780934494095,0.9380403188164802,0.9816407123847333,个,0.7173780934494095,千克,0.2206622253670707,套,0.04360039356825302,UNKNOWN,0.009370190248823648,千米,0.003244007276556789
108032406,镓加工材,B 前2个>=90%,3149872.8125,2,0.7970353564871121,1.0,1.0,千克,0.7970353564871121,个,0.20296464351288787,,,,,,
101011903,种用油料,B 前2个>=90%,3149701.261832237,10,0.8369748433770064,0.9070845206782888,0.9506160303677941,千克,0.8369748433770064,箱,0.07010967730128237,瓶,0.043531509689505275,批,0.018748222727287735,桶,0.011810326411197704
301020301,水路旅客运输期租业务,B 前2个>=90%,3094884.890625,3,0.7689923322218876,0.9147563762632469,1.0,千克,0.7689923322218876,月,0.14576404404135931,UNKNOWN,0.08524362373675318,,,,
102049906,钛钽铌矿石,B 前2个>=90%,3065109.7204284673,8,0.8456583951348754,0.926885784065082,0.9909797682556907,千克,0.8456583951348754,瓶,0.08122738893020662,个,0.06409398419060862,项,0.0038497806200394336,批,0.003262525949185961
109010511,拉床,B 前2个>=90%,3036768.521476746,6,0.8319548635755757,0.9933896179869366,0.9967360041011029,个,0.8319548635755757,UNKNOWN,0.16143475441136088,套,0.003346386114166274,OTHER,0.00194417189135277,副,0.0011222455633011924
107020702,微生物农药,B 前2个>=90%,3008524.984375,4,0.7993269168411374,0.9989204011876688,0.99953465568434,千克,0.7993269168411374,个,0.19959348434653135,瓶,0.0006142544966712015,盒,0.00046534431566000114,,
109061606,新型材料测试仪器,B 前2个>=90%,2969729.2133903503,9,0.8739304084242568,0.9560578287018482,0.9945591672377461,个,0.8739304084242568,套,0.08212742027759133,OTHER,0.03850133853589785,桶,0.0026298694051919373,副,0.001306516426651052
108012202,食品用陶瓷容器,B 前2个>=90%,2948886.7484264374,9,0.541150337018128,0.9680566301759028,0.9801968047753863,套,0.541150337018128,个,0.42690629315777484,批,0.012140174599483458,UNKNOWN,0.006003078970008014,OTHER,0.004874042723976976
109022902,皮革鞣制加工机械,B 前2个>=90%,2943115.79107666,6,0.8681839154353901,0.9239071732485001,0.9595666604892678,个,0.8681839154353901,套,0.05572325781311003,卷,0.035659487240767666,千米,0.01822898037605703,千克,0.01573162705333533
109061304,金属、矿藏探测器,B 前2个>=90%,2813868.9291687007,5,0.8609366963594282,0.9567238978210508,0.9811014651575437,个,0.8609366963594282,套,0.09578720146162267,OTHER,0.02437756733649284,千克,0.018845227455447266,UNKNOWN,5.3307387009072375e-05
106050605,工艺织锦,B 前2个>=90%,2738581.854053498,8,0.8946575216898103,0.9349376761196384,0.9738134172308048,个,0.8946575216898103,千克,0.04028015442982816,OTHER,0.038875741111166415,套,0.00903971519542406,批,0.00787853025757269
107021705,烟火制品,B 前2个>=90%,2723203.5264587402,8,0.7988740389255792,0.9926546070443688,0.9963561298655838,UNKNOWN,0.7988740389255792,个,0.19378056811878966,千克,0.003701522821214929,OTHER,0.0025348821463141522,袋,0.0006977076746337664
108032302,包银金属材料,B 前2个>=90%,2694472.745887756,8,0.6541658147534362,0.9743871038533689,0.985185428198575,个,0.6541658147534362,千克,0.3202212890999327,UNKNOWN,0.010798324345206091,套,0.01024319137839583,OTHER,0.0032006261756262915
109032603,潜水服,B 前2个>=90%,2665393.9737167363,8,0.5429933489522564,0.9224180831097071,0.9819131691321582,个,0.5429933489522564,批,0.37942473415745076,千克,0.059495086022451106,套,0.011025762153660214,千米,0.0028179811588249387
106050203,银蓝工艺品,B 前2个>=90%,2661120.7878112793,7,0.8749326551529754,0.9915561780954482,0.9967633825423373,个,0.8749326551529754,OTHER,0.11662352294247279,套,0.005207204446889131,袋,0.0028146035438550614,千克,0.00018789075726669303
102049903,铯矿石,B 前2个>=90%,2648066.92578125,4,0.5561742840498598,0.9147045726824434,0.9879157132742937,千克,0.5561742840498598,个,0.3585302886325836,套,0.07321114059185034,千米,0.012084286725706207,,
106020104,地图、地图册,B 前2个>=90%,2630615.6207180023,8,0.8032834648107002,0.9174024253788803,0.9784147598058283,套,0.8032834648107002,个,0.11411896056818006,批,0.061012334426947944,份,0.012893940008894999,OTHER,0.004548395434092055
109061611,干扰场强测量仪器,B 前2个>=90%,2615135.619630814,4,0.6535315441392247,0.9336470358564055,0.9998003927612467,个,0.6535315441392247,套,0.28011549171718086,UNKNOWN,0.06615335690484109,OTHER,0.00019960723875333554,,
109022399,其他信息化学品生产设备,B 前2个>=90%,2573768.700073242,5,0.8177273660666142,0.9466783475555707,0.9735261369462932,个,0.8177273660666142,套,0.1289509814889564,批,0.026847789390722486,UNKNOWN,0.02564332995351207,OTHER,0.000830533100194831
102040109,汞矿石,B 前2个>=90%,2546403.2768096924,6,0.7932008341017982,0.9735245274738288,0.9998282950702627,千克,0.7932008341017982,个,0.18032369337203055,套,0.026303767596433943,瓶,8.224541437842064e-05,副,6.982397669332164e-05
109061006,垂准仪,B 前2个>=90%,2530852.600219726,4,0.6775297621751172,0.9976482233696726,0.9993867679216619,个,0.6775297621751172,套,0.32011846119455545,UNKNOWN,0.0017385445519893163,千米,0.0006132320783380497,,
102049904,钽矿石,B 前2个>=90%,2524047.533432007,5,0.6110213904470244,0.9107393184395951,0.9664831180853517,个,0.6110213904470244,千克,0.29971792799257074,套,0.05574379964575663,卷,0.03154386043464929,袋,0.001973021479999062
306030204,国际航运保险服务,B 前2个>=90%,2493797.82421875,3,0.7621600945707427,0.971746353241537,1.0,次,0.7621600945707427,份,0.2095862586707943,个,0.02825364675846293,,,,
109022803,毛、麻预处理机械,B 前2个>=90%,2385513.4020824432,7,0.5461885055278219,0.9720473421175369,0.997242757053178,套,0.5461885055278219,个,0.42585883658971485,千克,0.0251954149356411,副,0.0019475891420036695,OTHER,0.0005781732305634343
109061799,其他纺织相关专用测试仪器,B 前2个>=90%,2381150.875793457,6,0.8060742549084378,0.9017588153939544,0.9493097810167314,个,0.8060742549084378,套,0.09568456048551666,平方米,0.04755096562277699,批,0.028163272089028652,千米,0.011267685554461749
106050211,蒙镶工艺品,B 前2个>=90%,2369557.2524528503,5,0.8475312052888766,0.965323780130051,0.9907577670987564,个,0.8475312052888766,千克,0.11779257484117442,套,0.025433986968705354,平方米,0.008735809180627465,副,0.0005064237206160849
109024607,眼科康复治疗仪器,B 前2个>=90%,2229282.0,3,0.747457701627699,0.9928497157380718,1.0,个,0.747457701627699,套,0.24539201411037276,瓶,0.00715028426192828,,,,
109060401,绘图台及绘图机,B 前2个>=90%,2132268.547554016,5,0.8984414508918753,0.9727097695713677,0.99376204277118,个,0.8984414508918753,UNKNOWN,0.07426831867949236,套,0.021052273199812305,OTHER,0.0058529213003287745,千米,0.0003850359284911798
109011303,越野叉车,B 前2个>=90%,2105252.589111328,3,0.6738633627379464,0.9968649842616812,0.9999999999999999,个,0.6738633627379464,套,0.3230016215237348,OTHER,0.0031350157383186025,,,,
109042206,铜制家用烹饪或供暖器具,B 前2个>=90%,2046569.052978516,7,0.8501471731967338,0.920136016129513,0.984831686986168,个,0.8501471731967338,平方米,0.06998884293277918,UNKNOWN,0.06469567085665494,OTHER,0.009856007531553222,千克,0.00462823376822528
107022001,动物炭黑,B 前2个>=90%,1887155.6588287358,4,0.882483356457495,0.999285761079731,0.9999330420890196,千克,0.882483356457495,个,0.11680240462223597,千米,0.0006472810092885433,副,6.695791098057963e-05,,
102051103,彩石类矿石,B 前2个>=90%,1830501.3633117678,12,0.7932568105271107,0.909077472632077,0.9621995308555531,千克,0.7932568105271107,个,0.11582066210496635,千米,0.05312205822347604,立方米,0.012127824892648787,卷,0.010652819162461772
104020405,木制鞋,B 前2个>=90%,1773991.232025146,2,0.828687023214277,1.0,1.0,个,0.828687023214277,千克,0.17131297678572302,,,,,,
109024003,茶叶加工机械,B 前2个>=90%,1687037.5200195315,3,0.6991690379765165,0.9928613798008191,1.0,个,0.6991690379765165,套,0.2936923418243026,UNKNOWN,0.007138620199180912,,,,
109051402,电子束管,B 前2个>=90%,1667143.2329788203,5,0.8011118681578605,0.9262886969970483,0.9946691443064897,个,0.8011118681578605,套,0.12517682883918782,UNKNOWN,0.06838044730944139,千米,0.005309453812976392,卷,2.1401880533937943e-05
107030705,抗毒素类,B 前2个>=90%,1583606.669845581,4,0.6491225481989393,0.9444122073397596,0.9963374743801973,盒,0.6491225481989393,瓶,0.2952896591408203,个,0.051925267040437664,OTHER,0.003662525619802778,,
106040501,墨汁,B 前2个>=90%,1564684.1300222871,9,0.7857578704567961,0.9276197108827811,0.9596501054142337,瓶,0.7857578704567961,个,0.1418618404259849,UNKNOWN,0.03203039453145264,批,0.02207065243825481,套,0.009978371800689006
109024905,放射性污染防治和处理设备,B 前2个>=90%,1464264.450012207,3,0.5652771601421448,0.9014799546467092,1.0,UNKNOWN,0.5652771601421448,个,0.33620279450456436,套,0.09852004535329083,,,,
109042202,沼气用具,B 前2个>=90%,1449980.0,2,0.7505206968371978,1.0,1.0,套,0.7505206968371978,个,0.24947930316280226,,,,,,
109022815,纺织废料回用、处理设备,B 前2个>=90%,1343446.339599609,5,0.8958804710862598,0.9974766390736453,0.9994491778508843,千克,0.8958804710862598,个,0.1015961679873855,批,0.001972538777238983,卷,0.0003721771277809402,包,0.0001786450213348513
109062101,电影摄影机,B 前2个>=90%,1337782.869140625,5,0.55393927355279,0.9416450897828443,0.9772010834466786,个,0.55393927355279,套,0.38770581623005435,UNKNOWN,0.035555993663834204,副,0.012244139447324743,平方米,0.010554777105996664
109061505,辐照加工用仪器设备,B 前2个>=90%,1292118.0,3,0.8053637516078253,0.9465993043978955,1.0,套,0.8053637516078253,个,0.14123555279007025,UNKNOWN,0.053400695602104455,,,,
107030702,菌苗制剂,B 前2个>=90%,1201965.9939460754,9,0.7162154477207769,0.9444986129222128,0.9756074796390753,盒,0.7162154477207769,个,0.22828316520143588,瓶,0.03110886671686251,包,0.009991963217337755,千克,0.009149177310663054
109023203,掩模修补设备,B 前2个>=90%,1118245.6508026123,12,0.7911106109512207,0.9133290168427058,0.9457037011972586,套,0.7911106109512207,个,0.12221840589148512,OTHER,0.0323746843545527,袋,0.024994508120768547,桶,0.009908377458966564
109061604,广播电视测量仪器,B 前2个>=90%,1117823.689315796,3,0.7767682938724156,0.909973558193786,1.0,套,0.7767682938724156,UNKNOWN,0.1332052643213704,个,0.09002644180621397,,,,
109060505,波谱仪器,B 前2个>=90%,1021277.819152832,3,0.7863775996488339,0.9998482293484757,0.9999999999999999,套,0.7863775996488339,个,0.21347062969964184,卷,0.0001517706515241614,,,,
109011208,桅杆起重机及甲板起重机,B 前2个>=90%,989458.9901428223,3,0.7446706805013381,0.995148864128965,1.0,个,0.7446706805013381,套,0.2504781836276268,次,0.004851135871035089,,,,
109032501,航天器及其运载工具,B 前2个>=90%,983961.7456054688,3,0.6573638435526645,0.9623969121104069,1.0,千克,0.6573638435526645,个,0.30503306855774237,套,0.03760308788959321,,,,
109022804,丝、绢预处理机械,B 前2个>=90%,965303.860534668,3,0.8682765311181501,0.9799452061665378,1.0,千米,0.8682765311181501,OTHER,0.1116686750483877,个,0.020054793833462255,,,,
301020102,国际水路旅客运输服务,B 前2个>=90%,782482.2421875,3,0.6716532315075401,0.9998210822016758,1.0,UNKNOWN,0.6716532315075401,千克,0.3281678506941357,个,0.00017891779832423713,,,,
105011006,玉米皮制篮筐，类似编结品,B 前2个>=90%,717118.7205200195,4,0.5304165541086042,0.9939909113272849,0.99924806037684,千克,0.5304165541086042,个,0.4635743572186807,套,0.0052571490495551135,UNKNOWN,0.0007519396231599235,,
102049902,铍矿石,B 前2个>=90%,635769.3076782227,4,0.8596851576493957,0.9796702988900156,0.9999842710242862,千克,0.8596851576493957,个,0.11998514124061987,套,0.020313972134270716,瓶,1.5728975713721033e-05,,
108040503,畜牧专用手工具,B 前2个>=90%,625719.5704650879,5,0.5783126312974897,0.946827699197549,0.9884313191696728,UNKNOWN,0.5783126312974897,个,0.36851506790005945,千克,0.04160361997212371,副,0.00767116808641966,套,0.0038975127439074887
101011906,蔬菜籽,B 前2个>=90%,625001.353012085,5,0.7577022697700693,0.9956904253694896,0.9992136817071199,个,0.7577022697700693,千克,0.23798815559942033,盒,0.0035232563376303054,袋,0.0005779187440275158,包,0.00020839954885262704
109023804,畜产品采集加工机械设备,B 前2个>=90%,615347.6494140625,3,0.8965137836138052,0.9862191721897781,1.0,个,0.8965137836138052,盒,0.08970538857597286,箱,0.01378082781022192,,,,
109062302,非自动洗印用装置和设备,B 前2个>=90%,567988.0797367096,7,0.8162583274897477,0.9562085880190834,0.9863764746549136,卷,0.8162583274897477,个,0.13995026052933568,OTHER,0.030167886635830306,令,0.006760705263004866,包,0.0061356921462426975
108041118,铱丝,B 前2个>=90%,523627.56640625,3,0.8884929596870187,0.9740931906538981,0.9999999999999999,立方米,0.8884929596870187,千米,0.08560023096687944,个,0.02590680934610184,,,,
102050306,红柱石,B 前2个>=90%,498681.09375,3,0.7254094942315026,0.9992580428561716,1.0,千克,0.7254094942315026,个,0.273848548624669,袋,0.000741957143828455,,,,
109060309,扩大量限装置,B 前2个>=90%,493518.5471801758,5,0.5735210333392887,0.9694210478703909,0.9897850241736581,个,0.5735210333392887,OTHER,0.39590001453110213,UNKNOWN,0.020363976303267292,套,0.008026608223602738,千克,0.0021883676027391716
101011303,切叶,B 前2个>=90%,488590.80989456177,6,0.8947079282004533,0.970418150011736,0.9881762000369048,个,0.8947079282004533,千克,0.0757102218112827,OTHER,0.017758050025168687,UNKNOWN,0.011461533632219738,盒,0.0003315657943606424
103040302,烟草代用品制的雪茄烟,B 前2个>=90%,472767.1375808716,4,0.8847419878465578,0.9762585010741696,0.9998991046606855,个,0.8847419878465578,盒,0.0915165132276118,瓶,0.023640603586515988,包,0.00010089533931444185,,
105020203,藤家具零配件,B 前2个>=90%,463793.7615966797,6,0.6238764381044479,0.9677159089362644,0.9861510425744378,立方米,0.6238764381044479,批,0.3438394708318165,个,0.01843513363817343,千米,0.009573220615806977,卷,0.0027103858712245977
106050602,抽纱工艺品,B 前2个>=90%,438053.14630126953,6,0.8068762872119066,0.9142605176350536,0.9814538485094692,个,0.8068762872119066,OTHER,0.10738423042314689,千克,0.06719333087441563,盒,0.013767735835076506,次,0.0036525248443247237
106020501,唱片复制品,B 前2个>=90%,433544.61991882324,5,0.8860881495241015,0.9588804493497725,0.9868937135952704,千瓦时,0.8860881495241015,个,0.07279229982567087,套,0.02801326424549802,UNKNOWN,0.012563781697850124,盒,0.0005425047068794925
102040402,钍矿石,B 前2个>=90%,417132.09375,2,0.5678910764703058,1.0,1.0,个,0.5678910764703058,千克,0.43210892352969427,,,,,,
109023706,木材运输机械,B 前2个>=90%,411937.2000732422,3,0.7112132626554518,0.9838761830715481,1.0,个,0.7112132626554518,OTHER,0.27266292041609635,次,0.016123816928451853,,,,
306010400,国债,B 前2个>=90%,390309.8125,2,0.6396875110589232,1.0,1.0,UNKNOWN,0.6396875110589232,箱,0.36031248894107676,,,,,,
109021805,薯类加工机械,B 前2个>=90%,323546.79998779297,3,0.5927426882517015,0.9999227314255591,1.0,套,0.5927426882517015,个,0.4071800431738576,盒,7.726857444098727e-05,,,,
307050100,殡葬服务,B 前2个>=90%,317731.1374511719,3,0.7959950298823544,0.9886331250490774,1.0,立方米,0.7959950298823544,UNKNOWN,0.192638095166723,盒,0.011366874950922612,,,,
106020402,录像带复制品,B 前2个>=90%,304821.90002441406,3,0.7046737783039737,0.9947592348191778,1.0,套,0.7046737783039737,个,0.2900854565152041,盒,0.005240765180822151,,,,
108041115,铂丝,B 前2个>=90%,293413.52087402344,5,0.7006169974295811,0.9092379592556087,0.9938653133821573,千克,0.7006169974295811,千米,0.2086209618260276,个,0.0846273541265486,瓶,0.003237751270528125,卷,0.0028969353473146386
108032403,钽加工材,B 前2个>=90%,286609.455078125,2,0.5104195065747167,1.0,1.0,个,0.5104195065747167,千克,0.48958049342528326,,,,,,
102050510,冰洲晶石,B 前2个>=90%,235350.4836425781,2,0.5742115253534549,1.0,1.0,千克,0.5742115253534549,个,0.4257884746465451,,,,,,
109023702,造林机械,B 前2个>=90%,228571.41999816895,2,0.7807625292848495,1.0,1.0,套,0.7807625292848495,个,0.2192374707151506,,,,,,
101030105,骡,B 前2个>=90%,200486.28887939453,4,0.692004679351482,0.9490534247369531,0.9981443119976182,瓶,0.692004679351482,盒,0.2570487453854711,桶,0.04909088726066514,个,0.001855688002381716,,
109021806,食用菌生产机械,B 前2个>=90%,184010.52045822146,4,0.8367703128498212,0.977270049620958,0.9999046250225619,个,0.8367703128498212,千克,0.1404997367711368,份,0.02263457540160395,桶,9.537497743801652e-05,,
109025501,地平线开凿机系统,B 前2个>=90%,170261.9400024414,2,0.6783665215980966,1.0,1.0,套,0.6783665215980966,个,0.3216334784019034,,,,,,
109024301,牙钻机,B 前2个>=90%,165752.19995117188,3,0.6801719677519305,0.981078984459357,1.0,个,0.6801719677519305,套,0.30090701670742664,盒,0.018921015540642915,,,,
106050306,刻灰漆器工艺品,B 前2个>=90%,158073.5800113678,5,0.6070021314953437,0.9855323703553588,0.998032561798261,千克,0.6070021314953437,个,0.37853023886001513,桶,0.012500191442902295,千米,0.0018978503553751715,OTHER,6.95878463637563e-05
109025404,飞机场用电气交通管理设备,B 前2个>=90%,139821.89999389648,5,0.6705566152662262,0.9961636911390855,0.9985696089095576,个,0.6705566152662262,套,0.3256070758728593,OTHER,0.0024059177704720716,千克,0.0007151955452212079,千米,0.0007151955452212079
109022407,脏器生化制药机械,B 前2个>=90%,136500.0,2,0.6446886446886447,1.0,1.0,套,0.6446886446886447,个,0.3553113553113553,,,,,,
109023502,特种结构拖拉机,B 前2个>=90%,108753.81954956056,2,0.8407780060349157,1.0,1.0,个,0.8407780060349157,千克,0.15922199396508432,,,,,,
304040400,打捞救助服务,B 前2个>=90%,107108.66058588028,4,0.8774614456207875,0.9589202219882859,0.9925309494524156,UNKNOWN,0.8774614456207875,月,0.08145877636749829,千克,0.03361072746412977,次,0.007469050547584393,,
108041117,铑丝,B 前2个>=90%,93898.203125,3,0.7774984046053863,0.9941425929176959,1.0,千米,0.7774984046053863,个,0.2166441883123096,套,0.005857407082304058,,,,
106051008,美术人形,B 前2个>=90%,80662.68937683105,2,0.8032034417513846,1.0,1.0,个,0.8032034417513846,套,0.19679655824861536,,,,,,
102050513,天青石,B 前2个>=90%,64842.829650878906,3,0.6161051301291954,0.9854262991746662,1.0,千米,0.6161051301291954,个,0.36932116904547074,千克,0.014573700825333909,,,,
109041204,除霜器,B 前2个>=90%,64417.450043678284,4,0.8693766978009855,0.9407859199431374,0.9716846910462423,个,0.8693766978009855,千克,0.07140922214215198,UNKNOWN,0.030898771103104947,OTHER,0.028315308953757654,,
109032604,水下潜器,B 前2个>=90%,61728.79998779297,3,0.8780342402690186,0.9967924210410837,1.0,个,0.8780342402690186,套,0.11875818077206513,UNKNOWN,0.003207578958916341,,,,
109061202,牧业专用仪器,B 前2个>=90%,43271.0,2,0.6401747128561854,1.0,1.0,个,0.6401747128561854,套,0.35982528714381457,,,,,,
302010200,邮票发行服务,B 前2个>=90%,37990.72998046875,2,0.8581040695127429,1.0,1.0,UNKNOWN,0.8581040695127429,OTHER,0.14189593048725715,,,,,,
109032802,畜力拖曳车辆,B 前2个>=90%,30530.29995727539,2,0.5317012942131827,1.0,1.0,套,0.5317012942131827,个,0.46829870578681737,,,,,,
102050511,硫镁矾矿石,B 前2个>=90%,23961.310302734375,3,0.5893333885710349,0.9993322568842083,1.0,千克,0.5893333885710349,个,0.40999886831317345,瓶,0.0006677431157917161,,,,
301050401,无运输工具承运航空旅客运输服务,B 前2个>=90%,21797.64990234375,3,0.8164641637852167,0.9584358862510869,1.0,盒,0.8164641637852167,个,0.14197172246587023,UNKNOWN,0.04156411374891309,,,,
109042604,电篱网激发器,B 前2个>=90%,17030.0,3,0.6438637698179683,0.9471520845566648,1.0,个,0.6438637698179683,套,0.30328831473869644,盒,0.05284791544333529,,,,
108032105,铋材,B 前2个>=90%,15962.400390625,2,0.6617050150445095,1.0,1.0,千克,0.6617050150445095,个,0.3382949849554905,,,,,,
302020000,邮政特殊服务,B 前2个>=90%,8925.260009765625,2,0.6473873132361532,1.0,1.0,UNKNOWN,0.6473873132361532,千克,0.3526126867638468,,,,,,
107021614,阿拉伯糖,B 前2个>=90%,2119.0,4,0.8966493629070316,0.9674374705049551,0.9858423784804152,个,0.8966493629070316,盒,0.07078810759792355,瓶,0.018404907975460124,包,0.014157621519584709,,
109023904,渔业织网机械,B 前2个>=90%,2091.8800048828125,2,0.8835497229597727,1.0,1.0,个,0.8835497229597727,包,0.11645027704022733,,,,,,
