product_id,product_name,class,v_prod,n_units,top1,top2,top3,unit1,share1,unit2,share2,unit3,share3,unit4,share4,unit5,share5
103010501,食用植物油及食用植物油脂,C 前3个>=90%,37507753709.729996,20,0.751649831232267,0.8715882396257562,0.9295192488764203,千克,0.751649831232267,箱,0.11993840839348914,瓶,0.0579310092506642,桶,0.030585624074107084,个,0.01707120956896712
305020000,安装服务,C 前3个>=90%,34559605423.52005,29,0.6756749771737307,0.8765362028255066,0.9100754987403596,UNKNOWN,0.6756749771737307,项,0.2008612256517759,次,0.0335392959148531,个,0.024904865348787705,批,0.018736375679489672
108049900,其他金属制品,C 前3个>=90%,34054596499.369976,28,0.4513742399882593,0.8273416349537785,0.9013226471207149,个,0.4513742399882593,千克,0.37596739496551923,套,0.07398101216693635,千米,0.023885595372860995,平方米,0.023260146824662976
306020000,直接收费金融服务,C 前3个>=90%,17945784896.509983,20,0.7333203769481985,0.8522116082916059,0.9069187656503754,UNKNOWN,0.7333203769481985,笔,0.11889123134340741,元,0.054707157358769465,次,0.05414318569030438,OTHER,0.018813498064699275
107030205,片剂,C 前3个>=90%,12677712295.539993,20,0.7689486037374038,0.8898295619800931,0.9669952259717076,盒,0.7689486037374038,瓶,0.12088095824268932,OTHER,0.07716566399161456,个,0.012923050106416834,千克,0.007875848637543726
306030299,其他财产保险服务,C 前3个>=90%,12640905809.890017,15,0.37156032172989123,0.6884760906390878,0.9180644404272316,份,0.37156032172989123,单,0.31691576890919654,UNKNOWN,0.22958834978814385,次,0.02867557419076704,个,0.02761582374792144
304020500,信息系统增值服务,C 前3个>=90%,11171632775.249989,22,0.4393392688894725,0.8326313031043795,0.9073428378783394,次,0.4393392688894725,UNKNOWN,0.39329203421490705,项,0.07471153477395989,个,0.023981901455224348,批,0.0170268872479779
109050401,数字蜂窝移动电话系统设备,C 前3个>=90%,10872536269.869999,18,0.45433479144319866,0.7646797306080092,0.9614196291998192,批,0.45433479144319866,套,0.31034493916481054,个,0.19673989859180993,OTHER,0.03425409766459698,项,0.001691865095081439
110010202,供热,C 前3个>=90%,10024242396.090004,18,0.8443196490291666,0.8937874204413402,0.93686247998683,千克,0.8443196490291666,千瓦时,0.04946777141217364,OTHER,0.043075059545489805,平方米,0.02544170003804746,立方米,0.012749441263496407
109010101,锅炉、辅助设备、零件,C 前3个>=90%,9991443731.600002,27,0.4581108651309017,0.7616542831004218,0.9080744150342207,个,0.4581108651309017,套,0.3035434179695201,千克,0.14642013193379888,OTHER,0.023286586236195648,项,0.02202144710019456
109029900,其他专用设备及零部件,C 前3个>=90%,9710666470.760006,29,0.6315215877062295,0.8637257508189929,0.9223761918927275,个,0.6315215877062295,套,0.2322041631127635,千克,0.058650441073734495,OTHER,0.020593787032245646,UNKNOWN,0.020205715989815427
103010701,鲜、冷、冻肉,C 前3个>=90%,9118629705.740013,22,0.8026176470915336,0.892681669788171,0.9491407271217442,千克,0.8026176470915336,个,0.09006402269663737,箱,0.0564590573335733,UNKNOWN,0.012197622403724255,OTHER,0.012020983817447855
109051999,其他电子元件,C 前3个>=90%,8641111206.18999,24,0.8545449053254129,0.8949291494200871,0.9323287617915257,个,0.8545449053254129,套,0.04038424409467406,平方米,0.0373996123714386,千克,0.016760089167265357,副,0.012348120054694501
107060110,塑料零件,C 前3个>=90%,7988579370.510019,25,0.8312388522085963,0.8965593901575966,0.9478044849001257,个,0.8312388522085963,套,0.06532053794900024,千克,0.05124509474252919,OTHER,0.017482830274625327,UNKNOWN,0.012117313826453223
107060103,塑料管,C 前3个>=90%,7929676265.759982,24,0.5403979513808422,0.8204429976002885,0.9242945256514244,千米,0.5403979513808422,个,0.2800450462194463,千克,0.10385152805113597,批,0.029842706613612314,套,0.018160107901479212
101010101,稻谷,C 前3个>=90%,7247257639.07,28,0.800350018583626,0.8777220985131531,0.9094852468658505,千克,0.800350018583626,袋,0.07737207992952708,个,0.031763148352697425,箱,0.020060104170472944,UNKNOWN,0.01920009632883094
107030203,注射液,C 前3个>=90%,7109124319.710001,15,0.4315083468444869,0.6806555780849517,0.9114542000503828,个,0.4315083468444869,盒,0.24914723124046484,瓶,0.2307986219654311,袋,0.04979432332172809,批,0.015791054629437033
304030101,工程设计服务,C 前3个>=90%,7021147150.839997,24,0.7363275552587564,0.8741000434388781,0.9322646216062994,UNKNOWN,0.7363275552587564,项,0.13777248818012183,次,0.05816457816742123,个,0.014391452440633041,批,0.011727015865227855
107020306,气体及稀有气体,C 前3个>=90%,6553359147.160003,21,0.5195960472509205,0.831713500030296,0.9375195848441413,千克,0.5195960472509205,立方米,0.3121174527793756,瓶,0.10580608481384535,OTHER,0.035443915374401634,个,0.01765950458249384
108011001,平板玻璃,C 前3个>=90%,6332086720.219993,23,0.7081093038179701,0.8627604021396269,0.9737037772432442,平方米,0.7081093038179701,个,0.15465109832165685,OTHER,0.11094337510361728,千克,0.014453309751389566,UNKNOWN,0.005406953518288282
109030300,铁路机车车辆配件及零件,C 前3个>=90%,5857051866.000001,22,0.5084364674601636,0.8425777746356737,0.9229866202588277,OTHER,0.5084364674601636,个,0.3341413071755101,套,0.08040884562315394,UNKNOWN,0.056656118868659525,千克,0.008972787749255692
103020602,酱油及酱类制品,C 前3个>=90%,5719649728.039989,17,0.8217623428053263,0.8797486328195672,0.9294544890481835,箱,0.8217623428053263,瓶,0.0579862900142408,个,0.04970585622861633,OTHER,0.03275397141919007,桶,0.014412933168942384
109040201,发电机组,C 前3个>=90%,5701205470.220001,20,0.5370018279786466,0.8265722271851663,0.9757030536079495,个,0.5370018279786466,套,0.2895703992065198,UNKNOWN,0.1491308264227832,千瓦时,0.018769602304101955,OTHER,0.0030548767696541063
107060106,塑料丝、绳、袋及编织品,C 前3个>=90%,5662441912.299984,24,0.6786962448095107,0.8626191594760173,0.9069764653186443,个,0.6786962448095107,千克,0.18392291466650654,套,0.04435730584262702,OTHER,0.021781689140525272,卷,0.02011497860359259
109023207,电子元件及机电组件生产设备,C 前3个>=90%,5649486366.699992,27,0.7560754452453077,0.8752306246024734,0.9199347024224759,个,0.7560754452453077,瓦,0.11915517935716571,套,0.04470407782000255,千克,0.03340170185599118,OTHER,0.0123742667602604
304030302,广告代理服务,C 前3个>=90%,5521010488.329999,24,0.706279039754095,0.8464614977508566,0.9515383753489425,UNKNOWN,0.706279039754095,OTHER,0.14018245799676157,次,0.10507687759808594,项,0.02126266043292895,月,0.007164507905502048
304080101,物业管理服务,C 前3个>=90%,5241761388.049991,25,0.7534861929587557,0.8844089905844792,0.9146980577426972,UNKNOWN,0.7534861929587557,月,0.13092279762572345,项,0.03028906715821797,平方米,0.02464789938064383,OTHER,0.020622054759385625
106030103,嵌入式软件产品,C 前3个>=90%,5072835164.749999,25,0.5131308778960258,0.8527621899741327,0.980433943119283,套,0.5131308778960258,个,0.33963131207810676,UNKNOWN,0.1276717531451504,OTHER,0.007177883938161526,批,0.006776143271687404
108019901,以废渣生产非金属矿物制品,C 前3个>=90%,4972423922.850002,22,0.7657786990308604,0.8394924526904469,0.9106517290996867,千克,0.7657786990308604,平方米,0.07371375365958653,立方米,0.07115927640923986,个,0.03767248556165608,千米,0.02048786749895802
109013702,冲压件、钣金件,C 前3个>=90%,4731508160.199999,24,0.7866869719194698,0.8979664428202965,0.9325297161536531,个,0.7866869719194698,套,0.11127947090082672,千克,0.034563273333356626,OTHER,0.022939788455402763,批,0.018223158005999378
109041301,原电池及原电池组,C 前3个>=90%,4631765728.050028,22,0.41912829525324796,0.7422903190480389,0.9065910017512597,个,0.41912829525324796,千克,0.3231620237947909,套,0.16430068270322085,OTHER,0.06724505524184332,箱,0.012521329880476537
107060102,塑料板、片,C 前3个>=90%,4605462760.22,23,0.533562385998452,0.8267877410017549,0.9054788774387561,千克,0.533562385998452,个,0.29322535500330293,平方米,0.07869113643700118,套,0.028386936600428566,千米,0.02002806572592801
109050107,通信传输设备零件,C 前3个>=90%,4597349143.310012,23,0.5844034408045038,0.806063917199451,0.9364431380820414,个,0.5844034408045038,套,0.2216604763949473,千米,0.13037922088259032,UNKNOWN,0.015982167344614336,副,0.01114884210928065
106030101,基础软件产品,C 前3个>=90%,4495107840.740002,23,0.7462507003297554,0.8941475120401852,0.968559012725102,套,0.7462507003297554,个,0.14789681171042973,UNKNOWN,0.0744115006849169,OTHER,0.010803942403749999,批,0.0083261266483517
304030199,其他设计服务,C 前3个>=90%,4467954547.000002,24,0.6036292471016489,0.7618444216460375,0.9096964747278123,UNKNOWN,0.6036292471016489,次,0.1582151745443886,项,0.14785205308177488,个,0.03945161891549568,批,0.019770296624729733
107021307,调制粘合剂,C 前3个>=90%,4177218961.1000032,21,0.7531521041194197,0.8570356841881377,0.9035955407413082,千克,0.7531521041194197,个,0.10388358006871802,桶,0.04655985655317051,OTHER,0.04239650949333135,套,0.013135682816959801
107021809,电子半导体材料,C 前3个>=90%,4027992992.579999,21,0.6361213159953405,0.8643210437985522,0.9489328685156806,个,0.6361213159953405,千克,0.22819972780321174,瓦,0.08461182471712832,平方米,0.013978871769072889,UNKNOWN,0.01336650371268755
106010305,瓦楞纸板,C 前3个>=90%,3915883341.2600007,22,0.47179726202352495,0.7389724027628707,0.9782910999609487,个,0.47179726202352495,千克,0.26717514073934573,平方米,0.2393186971980779,套,0.010405424073968753,OTHER,0.004058154920643453
106020101,有刊号图书、报纸、期刊类印刷品,C 前3个>=90%,3889414212.6799865,26,0.592542970544654,0.8067946757740125,0.9349464709890959,个,0.592542970544654,批,0.21425170522935857,UNKNOWN,0.12815179521508333,份,0.027789665376248027,套,0.015677228257461748
105020199,其他家具,C 前3个>=90%,3511589615.8299937,26,0.6084757736689462,0.8323305600188035,0.9062458091583733,个,0.6084757736689462,套,0.2238547863498572,批,0.07391524913956977,UNKNOWN,0.029892325654115353,箱,0.01962456572924787
108042200,金属制烹饪炊具,C 前3个>=90%,3173874285.280018,20,0.7064567250880256,0.8796789117227726,0.9737500494438618,个,0.7064567250880256,套,0.17322218663474695,OTHER,0.0940711377210892,UNKNOWN,0.017111928371544745,千克,0.005353748013526268
109020309,建筑工程用机械零件,C 前3个>=90%,3151033645.57,23,0.744180322316367,0.8761655695683901,0.9430723168341316,个,0.744180322316367,千克,0.13198524725202307,套,0.0669067472657415,UNKNOWN,0.025765114505882668,OTHER,0.00802206302859944
109012303,轴承零配件,C 前3个>=90%,3102883597.509995,21,0.4995468454388264,0.8485393859160113,0.9178240643494915,个,0.4995468454388264,套,0.34899254047718486,OTHER,0.06928467843348017,千克,0.043097244733032315,批,0.018364817602480644
107060108,塑料人造革、合成革,C 前3个>=90%,3096188322.92,18,0.7622005092488607,0.8801395823203649,0.9686802814311546,千米,0.7622005092488607,个,0.11793907307150418,千克,0.08854069911078964,平方米,0.01143083776203314,套,0.008768563969130855
304040299,其他港口码头服务,C 前3个>=90%,3067957623.15,19,0.47624119674112064,0.8590730700914702,0.9383210284841839,瓦,0.47624119674112064,千克,0.38283187335034946,UNKNOWN,0.07924795839271373,次,0.015664720883809383,OTHER,0.014753346049652066
106010399,其他加工纸,C 前3个>=90%,3063690395.749999,23,0.6575799117249946,0.8459466593443231,0.9034053393121814,千克,0.6575799117249946,个,0.18836674761932845,平方米,0.057458679967858216,卷,0.02771784172049528,箱,0.0131784860004159
107050200,橡胶带、管,C 前3个>=90%,3014348457.980002,23,0.4168911737371337,0.811793941576955,0.9088980713218453,千米,0.4168911737371337,个,0.39490276783982126,千克,0.09710412974489034,平方米,0.030101348296276483,卷,0.02073338878740031
304010401,工程勘察服务,C 前3个>=90%,2972220376.4399986,18,0.7713933121561329,0.8714095651017029,0.9231465110895988,UNKNOWN,0.7713933121561329,项,0.1000162529455699,元,0.05173694598789596,次,0.03386800019538596,批,0.014372258870375305
107060299,其他塑料半成品、辅料,C 前3个>=90%,2895597205.67,22,0.45201083111874074,0.8708313356886745,0.9172510356893515,千克,0.45201083111874074,个,0.41882050456993386,套,0.04641970000067695,千米,0.018235510790867125,平方米,0.017234792533394747
106040806,塑胶玩具,C 前3个>=90%,2843961945.8700113,20,0.8215657626442817,0.8989320864832916,0.9413016646188169,个,0.8215657626442817,套,0.07736632383900988,箱,0.04236957813552529,盒,0.021682497404562132,千克,0.015409024707112941
109040204,电机及发电机组专用零件,C 前3个>=90%,2805864789.66,23,0.5644023995190078,0.8948321166481594,0.9747783876896737,个,0.5644023995190078,套,0.33042971712915153,千克,0.07994627104151435,UNKNOWN,0.008625313703349407,OTHER,0.006684152318783901
105010401,单板,C 前3个>=90%,2790437812.48,18,0.6999404608247289,0.8590773653040086,0.9427122442811485,立方米,0.6999404608247289,个,0.15913690447927967,平方米,0.08363487897713998,千克,0.027680230308144028,套,0.016434749276581017
107030709,诊断用生物制品,C 前3个>=90%,2784417567.5,19,0.45293338758178225,0.8586930934991668,0.919343939101907,盒,0.45293338758178225,个,0.40575970591738447,OTHER,0.06065084560274029,套,0.025147043581853143,千克,0.012630645496744447
304030401,会议服务,C 前3个>=90%,2738695275.499997,25,0.8161174184491703,0.8984524301743549,0.9404695905205317,UNKNOWN,0.8161174184491703,次,0.08233501172518462,项,0.04201716034617672,OTHER,0.03350299695290072,元,0.011953045051360642
109041306,电池零部件,C 前3个>=90%,2730979623.9000006,18,0.5472546178230749,0.8684268350721471,0.9404945423181411,千克,0.5472546178230749,个,0.32117221724907224,平方米,0.07206770724599398,套,0.0412966551720159,OTHER,0.008202089398240126
109042101,家用空调设备零件,C 前3个>=90%,2718983362.6099977,25,0.4197433630945313,0.7700799718281802,0.9338800555302307,个,0.4197433630945313,千克,0.3503366087336489,套,0.1638000837020504,批,0.02173608453538636,OTHER,0.019990439440506543
107022304,美容、修饰类化妆品,C 前3个>=90%,2670813154.5999894,16,0.6410778957977796,0.8433424479135216,0.917812309628647,个,0.6410778957977796,瓶,0.20226455211574207,盒,0.07446986171512542,套,0.03751874489513217,UNKNOWN,0.02376111571515181
109011401,输送机械（输送机和提升机）,C 前3个>=90%,2552318330.67,18,0.6807929537785627,0.8918709111541139,0.9312070727228179,个,0.6807929537785627,套,0.21107795737555113,千克,0.039336161568704,千米,0.03051675281803651,批,0.01061821680091362
103030705,茶饮料,C 前3个>=90%,2524295982.230001,16,0.601286828499854,0.8735930764948918,0.9018988184732466,箱,0.601286828499854,个,0.2723062479950378,瓶,0.02830574197835477,千克,0.027226966910308136,盒,0.023062448868840936
109051905,磁性材料元件,C 前3个>=90%,2523476087.2599993,19,0.578638926071802,0.8761630800277115,0.9371373167905689,个,0.578638926071802,千克,0.2975241539559095,副,0.060974236762857355,批,0.027189146263913392,OTHER,0.021729152206684015
103030302,每吨3000元（含）以上的啤酒,C 前3个>=90%,2523117871.080001,18,0.7817934226971581,0.8782878131141171,0.9064785438188836,箱,0.7817934226971581,个,0.09649439041695898,套,0.028190730704766468,OTHER,0.023969816199713483,瓶,0.01899007814862438
109031300,摩托车零部件及配件,C 前3个>=90%,2470599117.119999,21,0.7498063208487834,0.8619996188384292,0.9527594715098688,个,0.7498063208487834,千克,0.11219329798964585,套,0.09075985267143966,批,0.023155612893073562,副,0.012104673814852437
201020000,垃圾处理、污泥处理处置劳务,C 前3个>=90%,2453124589.7200003,27,0.7920896938266739,0.8673325594534328,0.9023090586005036,千克,0.7920896938266739,UNKNOWN,0.07524286562675889,个,0.03497649914707081,次,0.028713060317103443,项,0.02160997141040064
103030801,精制茶,C 前3个>=90%,2448711967.8999996,15,0.7736169540121923,0.8592533789772066,0.9142390733524703,千克,0.7736169540121923,盒,0.08563642496501417,个,0.054985694375263815,罐,0.019578127774298442,袋,0.013958510403864647
109011903,阀门、龙头零件,C 前3个>=90%,2351556041.980001,24,0.7772338989127714,0.8510062683749641,0.92075280460546,个,0.7772338989127714,千克,0.07377236946219268,套,0.06974653623049604,UNKNOWN,0.05464439535185563,批,0.008333622320775915
108012104,卫生陶瓷制品,C 前3个>=90%,2280783041.3,21,0.5705419622062322,0.8925190431395551,0.9292355239067344,个,0.5705419622062322,套,0.32197708093332283,UNKNOWN,0.036716480767179226,OTHER,0.029490991686636575,批,0.02361094830366056
103030901,酒及酒精专用原辅料,C 前3个>=90%,2258897338.44,17,0.5985910255106157,0.8269122721442415,0.9267504481260448,瓶,0.5985910255106157,千克,0.22832124663362577,箱,0.09983817598180338,盒,0.023534303080242472,批,0.015918470298801987
107050602,橡胶零附件,C 前3个>=90%,2251491263.510002,23,0.779051433748639,0.8884930786190969,0.9392734788333801,个,0.779051433748639,千克,0.10944164487045786,套,0.05078040021428317,批,0.019039321428754714,OTHER,0.014164125451805568
107022201,肥（香）皂,C 前3个>=90%,2182301694.5400014,19,0.5690532179473754,0.8826113466158496,0.9109651406557899,箱,0.5690532179473754,个,0.3135581286684742,套,0.028353794039940334,盒,0.027240534115302886,千克,0.019723103481836684
109020108,矿山设备专用配套件,C 前3个>=90%,2181056015.009997,23,0.7140378487266219,0.8526225880271459,0.9087940412483684,个,0.7140378487266219,套,0.13858473930052398,千克,0.0561714532212225,千米,0.03054141542517637,OTHER,0.021085138847197014
108041404,其他金属紧固件,C 前3个>=90%,2156902776.589999,25,0.785271074275204,0.8481225876634542,0.9092006277493759,个,0.785271074275204,千克,0.06285151338825008,OTHER,0.0610780400859218,套,0.04775535044877905,批,0.019489100814482616
109030400,铁路专用设备及器材、配件,C 前3个>=90%,2137108087.43,25,0.6228836666145469,0.8505534595893661,0.9093731660980653,个,0.6228836666145469,套,0.2276697929748193,OTHER,0.058819706508699166,千克,0.03216667813590484,千米,0.023193908582138368
105020104,金属家具,C 前3个>=90%,2079556715.629998,23,0.6211208115950293,0.7922894893928667,0.9123613294313121,个,0.6211208115950293,套,0.1711686777978374,千克,0.1200718400384454,批,0.02415222361693759,UNKNOWN,0.01800618216784544
109021105,塑料用模具,C 前3个>=90%,2077540169.6699998,25,0.5718649050760427,0.8793799411446257,0.9688631344007779,套,0.5718649050760427,副,0.307515036068583,个,0.08948319325615219,批,0.011223585974611401,UNKNOWN,0.008229490995938593
107030405,中成药注射剂,C 前3个>=90%,2077284026.1200006,10,0.5609650893655334,0.8871789806771174,0.9924962343165394,个,0.5609650893655334,盒,0.32621389131158407,瓶,0.10531725363942204,OTHER,0.006693128351816836,袋,0.0006742961542029804
105020106,软体家具,C 前3个>=90%,2068587419.4099991,21,0.5925611963450941,0.8844351707465263,0.9330836138752691,个,0.5925611963450941,套,0.2918739744014323,千米,0.04864844312874272,千克,0.026884175398234657,OTHER,0.0184920189164209
109051800,微电子组件,C 前3个>=90%,2054774731.080005,18,0.8462970690543775,0.8970448883957182,0.9363518897853782,个,0.8462970690543775,套,0.0507478193413407,批,0.03930700138965999,UNKNOWN,0.022810838259318178,OTHER,0.020234783366323728
108010801,沥青和改性沥青防水卷材,C 前3个>=90%,2026557835.5099988,16,0.5212543441397318,0.8981808922427952,0.9417615124167928,千克,0.5212543441397318,平方米,0.3769265481030634,卷,0.043580620173997615,OTHER,0.03517239927281035,立方米,0.009858840478131237
305030000,修缮服务,C 前3个>=90%,2001072258.9900012,26,0.5517179426130445,0.8618112484905615,0.9148348233681393,UNKNOWN,0.5517179426130445,项,0.31009330587751693,次,0.05302357487757776,个,0.023504149557167512,OTHER,0.02003006075864063
109042402,户外照明用灯具及装置,C 前3个>=90%,1927455984.1900005,24,0.48163787330797453,0.8786132878835502,0.9356881742116189,个,0.48163787330797453,套,0.3969754145755756,OTHER,0.05707488632806867,批,0.01954737072547644,千克,0.0139811578843004
107050601,橡胶密封件,C 前3个>=90%,1924859705.4000041,25,0.8173357519492915,0.8749517519615903,0.9182737110405097,个,0.8173357519492915,千克,0.057616000012298746,套,0.0433219590789195,千米,0.03327585633919722,OTHER,0.022596834708512526
304060201,工程监理服务,C 前3个>=90%,1887846060.970001,15,0.6654742850772961,0.8489319182659079,0.9335352096211017,UNKNOWN,0.6654742850772961,项,0.18345763318861175,次,0.08460329135519383,元,0.02284783887402216,OTHER,0.020739059566055446
104011201,经编织物,C 前3个>=90%,1753428050.9900002,18,0.4418374780833354,0.8710277362151715,0.9518715227109816,千克,0.4418374780833354,千米,0.42919025813183614,个,0.08084378649581016,平方米,0.023404015577844793,OTHER,0.013598741976631001
107030207,颗粒剂,C 前3个>=90%,1742150328.0900009,15,0.8192023018786655,0.8966196086376447,0.9296503815176685,盒,0.8192023018786655,OTHER,0.07741730675897922,包,0.03303077288002392,个,0.019122402575054338,瓶,0.01683700612802953
108020300,球墨铸铁,C 前3个>=90%,1696539002.23,17,0.6883750318942999,0.8816991989537587,0.9544783867694838,千克,0.6883750318942999,个,0.19332416705945876,千米,0.07277918781572514,套,0.03840628678406684,UNKNOWN,0.0034389353102588123
104011204,针织钩编织物（针织坯布）,C 前3个>=90%,1691322221.6899998,19,0.674598153408006,0.8845739612083321,0.9731045321721449,千克,0.674598153408006,千米,0.20997580780032607,个,0.08853057096381277,套,0.013449376350811832,OTHER,0.006089597433248752
106050204,贵金属摆件,C 前3个>=90%,1659484088.05,12,0.4448598473682726,0.7972305921924203,0.9790426197934403,千克,0.4448598473682726,套,0.35237074482414765,个,0.18181202760102005,UNKNOWN,0.016126598798212557,OTHER,0.0028861610029825686
102059900,其他非金属矿石,C 前3个>=90%,1651588741.6199992,19,0.8240084401127039,0.8975753453344129,0.930087997084103,千克,0.8240084401127039,立方米,0.07356690522170893,平方米,0.03251265174969014,个,0.023705562179842068,UNKNOWN,0.013115244385084214
109060307,电源装置,C 前3个>=90%,1614645782.180001,21,0.7308050630131677,0.8432193347210694,0.9376027961972105,个,0.7308050630131677,UNKNOWN,0.11241427170790164,套,0.09438346147614114,千米,0.028562004087196637,OTHER,0.018000635898456064
101020202,小规格木材,C 前3个>=90%,1606462748.45,22,0.5926781623717394,0.8148303985218375,0.9078289022743506,立方米,0.5926781623717394,个,0.2221522361500981,千克,0.0929985037525132,平方米,0.033200165040527856,UNKNOWN,0.017904806238272532
109041002,光缆,C 前3个>=90%,1565774519.4199998,18,0.5456418767476638,0.7626624431481643,0.9430221019543432,千米,0.5456418767476638,个,0.2170205664005005,OTHER,0.1803596588061789,千克,0.021743237687001753,套,0.013964699858635795
109024599,其他医疗、外科及兽医用器械,C 前3个>=90%,1550128734.1400008,22,0.7419716818217011,0.8607480433683101,0.9367422617293772,个,0.7419716818217011,套,0.11877636154660895,盒,0.07599421836106707,OTHER,0.02233408254909054,批,0.011226572739879467
107060104,塑料管附件,C 前3个>=90%,1544665661.5599978,22,0.7165865380875526,0.8474886167780264,0.909567827772564,个,0.7165865380875526,千米,0.13090207869047393,套,0.062079210994537525,批,0.028918670280329097,千克,0.0288521210246823
105010503,木模,C 前3个>=90%,1535297327.4899988,14,0.7271649960370764,0.8186293722954364,0.9083179741867186,个,0.7271649960370764,平方米,0.09146437625836006,立方米,0.08968860189128218,UNKNOWN,0.03935557236250944,OTHER,0.022338635791198838
301050202,无运输工具承运道路运输服务,C 前3个>=90%,1516933849.8899994,17,0.6451323520277199,0.7879212068520135,0.907331513335144,千克,0.6451323520277199,UNKNOWN,0.1427888548242936,次,0.11941030648313049,票,0.017158986314325764,立方米,0.014305979691582245
109040601,全封闭组合电器（GIS）,C 前3个>=90%,1454911951.0299997,16,0.4750586154101556,0.8251772315500381,0.9674324653416618,套,0.4750586154101556,个,0.35011861613988243,OTHER,0.14225523379162372,项,0.017725905448602797,批,0.007874815071722342
103010801,蒸煮香肠制品,C 前3个>=90%,1453950559.3399994,17,0.5836388886945387,0.7905110151350242,0.9243745566356034,个,0.5836388886945387,袋,0.20687212644048544,千克,0.13386354150057916,OTHER,0.0293786770090655,箱,0.0237320049284641
109021107,模架、模具标准件,C 前3个>=90%,1436957118.6200018,22,0.44974420513024566,0.8500651240261715,0.9111033211466483,套,0.44974420513024566,个,0.40032091889592586,副,0.061038197120476784,批,0.02780209736416271,OTHER,0.025231035401264288
107020802,VOC含量高于420克/升的涂料,C 前3个>=90%,1434828355.34,20,0.7843971873508905,0.8832475778398565,0.9157173142279141,千克,0.7843971873508905,桶,0.09885039048896602,OTHER,0.03246973638805757,罐,0.026982880646253895,立方米,0.020375254929411
105010399,其他人造板,C 前3个>=90%,1411785342.1999998,22,0.5097669807922162,0.7368301690389939,0.9393478285752952,个,0.5097669807922162,立方米,0.22706318824677774,平方米,0.20251765953630124,千克,0.02251054339498725,批,0.00915935719367182
105010504,木制地板,C 前3个>=90%,1410283226.0499997,20,0.7013020890705359,0.832878600314825,0.90817743049905,平方米,0.7013020890705359,立方米,0.13157651124428904,个,0.07529883018422505,OTHER,0.032595648888736214,批,0.014124066579016235
105010604,木托板、箱形托盘及类似装载木板,C 前3个>=90%,1381317624.25,18,0.7843500667330314,0.8704585949975436,0.9555496954559326,个,0.7843500667330314,立方米,0.08610852826451222,套,0.08509110045838902,批,0.013745191863680804,UNKNOWN,0.010643129076111185
104011203,针织或钩编起绒织物,C 前3个>=90%,1330852207.8200004,14,0.38032668690471066,0.6857494745903709,0.9594938626218285,个,0.38032668690471066,千克,0.3054227876856602,千米,0.2737443880314575,套,0.01840761072946528,OTHER,0.011056200007439227
109024211,临床检验分析仪器及诊断系统,C 前3个>=90%,1311497237.7599998,21,0.5497670419584552,0.8631396210284307,0.9451109265445716,个,0.5497670419584552,套,0.3133725790699755,盒,0.08197130551614096,OTHER,0.03528483481142366,UNKNOWN,0.007114429517164918
109013699,其他金属铸件,C 前3个>=90%,1309330754.340001,21,0.43891160689926817,0.8664721039122553,0.909255098296464,个,0.43891160689926817,千克,0.4275604970129871,套,0.042782994384208684,UNKNOWN,0.024282095409899812,瓦,0.016643892147011355
109051001,网络控制设备,C 前3个>=90%,1279037401.0500002,20,0.47685522535095703,0.7951396325667281,0.9345462760578591,个,0.47685522535095703,套,0.31828440721577117,批,0.1394066434911309,UNKNOWN,0.028976108407443812,项,0.02161274967198504
109011004,焊接设备用零件,C 前3个>=90%,1260903000.369998,23,0.6286055339763766,0.8661972435385645,0.9057999655364875,个,0.6286055339763766,套,0.23759170956218795,千克,0.03960272199792297,项,0.027062551671291853,UNKNOWN,0.01893481460746319
108041899,其他散热器及其零件,C 前3个>=90%,1240970559.1999998,22,0.8258975212681259,0.8989702635163047,0.9666613704303583,个,0.8258975212681259,千克,0.07307274224817885,套,0.06769110691405354,OTHER,0.013205574579113675,批,0.007403881898635136
105010199,其他锯材,C 前3个>=90%,1217587038.4900005,20,0.7049174893192239,0.8469739013556933,0.9307091612155882,立方米,0.7049174893192239,UNKNOWN,0.14205641203646938,个,0.08373525985989494,千克,0.018116210112876587,千米,0.014046835338532114
107020602,化学农药制剂,C 前3个>=90%,1204601837.2600002,17,0.8231218799942676,0.888828709638523,0.9394448218708338,千克,0.8231218799942676,个,0.06570682964425548,OTHER,0.05061611223231083,立方米,0.027152527489413363,桶,0.014247795453341624
109020602,铸造机械,C 前3个>=90%,1173035895.7700002,21,0.5299351073582876,0.8141503856820206,0.9607155714533774,个,0.5299351073582876,千克,0.28421527832373294,套,0.14656518577135677,OTHER,0.014147852644446273,UNKNOWN,0.009659025679314398
109013101,工商用制冷设备,C 前3个>=90%,1172426506.2199993,23,0.6257005932552208,0.8784403766599447,0.9052249554146896,个,0.6257005932552208,套,0.25273978340472397,平方米,0.026784578754744923,千克,0.02439370461028574,OTHER,0.020003480001158605
109050204,通信交换设备零件,C 前3个>=90%,1162391281.1700003,19,0.6977855450219748,0.8780239251560042,0.9391283872081523,个,0.6977855450219748,套,0.18023838013402943,OTHER,0.06110446205214802,项,0.02064696163742991,平方米,0.010484236295830987
109040307,电动机零件,C 前3个>=90%,1157749377.6700015,16,0.7001428951500136,0.8182282750576572,0.9239788385746064,个,0.7001428951500136,套,0.11808537990764353,UNKNOWN,0.10575056351694928,千克,0.04747593322020941,批,0.02252636355761762
101010302,油菜籽,C 前3个>=90%,1067010805.520001,20,0.7528196946407989,0.8833570132690967,0.9312332788005449,千克,0.7528196946407989,桶,0.13053731862829773,瓶,0.047876265531448185,箱,0.04631557512289282,个,0.009668927949583553
105010602,包装用木容器,C 前3个>=90%,1059724519.3099997,24,0.7482331913923072,0.8548452650409969,0.9048420202774407,个,0.7482331913923072,套,0.10661207364868971,批,0.04999675523644371,立方米,0.021623022986124642,千米,0.019957451908134246
106051206,拉链及其零件,C 前3个>=90%,1054917628.510001,22,0.705133554200482,0.8546187934439792,0.93847492433919,个,0.705133554200482,千米,0.1494852392434972,OTHER,0.0838561308952108,千克,0.0481337010565642,套,0.008270286062356092
107030213,口服液体制剂,C 前3个>=90%,1050378505.2900002,16,0.679262779566318,0.8901605944533807,0.9527858655330079,盒,0.679262779566318,瓶,0.21089781488706275,OTHER,0.06262527107962729,袋,0.02568130076362561,个,0.013458302629771636
108020401,铸铁管,C 前3个>=90%,1046503845.5799997,18,0.6023858840104078,0.8191968552918842,0.9843826418516963,千克,0.6023858840104078,千米,0.21681097128147636,个,0.16518578655981211,套,0.005943270773699742,批,0.0031525570631529957
109062003,眼镜框架及其零件,C 前3个>=90%,1031402029.1500001,14,0.7242983604517956,0.8250996570574278,0.9227416214163651,副,0.7242983604517956,OTHER,0.10080129660563214,个,0.09764196435893728,千克,0.04989782657535894,UNKNOWN,0.011925550001231544
109010304,汽轮机、燃气轮机、水轮机零件,C 前3个>=90%,1005064358.1400002,18,0.40041793106142715,0.6887058714836858,0.9431275700137425,套,0.40041793106142715,千克,0.2882879404222587,个,0.25442169853005664,OTHER,0.026514797807891146,次,0.010568441626621104
109020601,金属冶炼设备,C 前3个>=90%,994589533.3899999,17,0.716358525000303,0.8560450079722912,0.9608785836732281,套,0.716358525000303,个,0.13968648297198827,千克,0.10483357570093683,项,0.023079335825866833,批,0.012945913432361745
307030100,旅游服务,C 前3个>=90%,961614771.2100006,20,0.7577306851195161,0.8911835660985823,0.9459957021306414,UNKNOWN,0.7577306851195161,次,0.1334528809790661,OTHER,0.05481213603205915,项,0.025237738849895493,套,0.012233841328370033
109020603,金属轧制设备,C 前3个>=90%,959098493.0000007,13,0.4411732594600171,0.7229471653856516,0.9748257763241006,千克,0.4411732594600171,套,0.2817739059256345,个,0.25187861093844904,项,0.01638621685332998,OTHER,0.003542071523200691
107021412,生物化学制剂,C 前3个>=90%,944713552.5400003,18,0.8601164719351218,0.8984375968651752,0.9197864941746018,千克,0.8601164719351218,桶,0.03832112493005348,盒,0.021348897309426528,个,0.02114443963071464,瓶,0.017479115553707302
104010399,其他麻纺织品,C 前3个>=90%,934603684.8499997,20,0.4265065777629329,0.7571710252603763,0.9293543654168271,千克,0.4265065777629329,个,0.33066444749744334,千米,0.17218334015645084,盒,0.03198593825873681,平方米,0.008542015058801427
106040899,其他玩具,C 前3个>=90%,917270915.9399991,19,0.6664599561008945,0.8122196134895581,0.9131637660413837,个,0.6664599561008945,套,0.14575965738866356,盒,0.10094415255182562,UNKNOWN,0.03911525197899871,批,0.021836927969610058
109012704,风机、工业风扇用零件,C 前3个>=90%,895911169.1600001,20,0.7043218638647294,0.8794431196886766,0.9283676202293905,个,0.7043218638647294,套,0.1751212558239472,批,0.048924500540713844,UNKNOWN,0.02293652659701372,千克,0.022145519749019574
101040100,海水鱼,C 前3个>=90%,874038165.8699999,17,0.8531568989298695,0.8820220401161096,0.9057392801514643,千克,0.8531568989298695,袋,0.028865141186240215,包,0.02371724003535474,个,0.023463319750559066,盒,0.017975267469426244
108011401,餐饮用玻璃器皿,C 前3个>=90%,869159847.8000023,19,0.7467094479372942,0.8623061096610408,0.9046718831412638,个,0.7467094479372942,套,0.11559666172374665,盒,0.04236577348022299,箱,0.038944056925405424,千克,0.021173847821643423
108040303,机器用刀具及刀片,C 前3个>=90%,864057250.7699999,22,0.8485498667091985,0.8950389673147469,0.9263645246153531,个,0.8485498667091985,套,0.04648910060554831,千米,0.031325557300606315,千克,0.016876016834538998,批,0.013688679401115745
109051399,其他信息系统安全设备,C 前3个>=90%,852499639.21,21,0.5044307884734126,0.8946729820634196,0.9558133588831692,个,0.5044307884734126,套,0.39024219359000695,UNKNOWN,0.06114037681974962,项,0.02214802542027694,OTHER,0.0115267494765231
109020202,采油设备,C 前3个>=90%,838459822.4800011,15,0.5972590228101773,0.7931690435958412,0.9173373995965645,个,0.5972590228101773,套,0.19591002078566383,千米,0.12416835600072326,OTHER,0.06453559397748082,千克,0.012403547684895848
108020404,铸铁管附件,C 前3个>=90%,829584493.2599998,16,0.487336209819067,0.8131328541462809,0.9083854806743835,个,0.487336209819067,千克,0.3257966443272139,套,0.09525262652810261,千米,0.057572916282839774,副,0.012619882091647093
108042300,金属制餐具,C 前3个>=90%,826984806.8699933,21,0.7819010707190001,0.8540893954549162,0.9024271242716008,个,0.7819010707190001,套,0.07218832473591624,千克,0.04833772881668457,批,0.035398865573841296,OTHER,0.026299799173238183
109031404,脚踏自行车零件,C 前3个>=90%,811279777.0599996,19,0.7049810426344462,0.8799063801354998,0.9124332951852366,个,0.7049810426344462,套,0.17492533750105366,副,0.03252691504973678,批,0.02430927825104835,OTHER,0.023819102948711694
107030210,膏霜剂,C 前3个>=90%,800129400.2899992,17,0.5150601515337799,0.8373426350127497,0.92522691038685,个,0.5150601515337799,盒,0.3222824834789698,OTHER,0.0878842753741003,千克,0.03305819282532694,瓶,0.032616965818955165
102050407,以自己采掘的砂、土、石料或其他矿物连续生产的砖、瓦、石灰（不含粘土实心砖、瓦）,C 前3个>=90%,772409700.9499998,21,0.6319999194204837,0.8604450996829496,0.916227935251957,千克,0.6319999194204837,立方米,0.2284451802624658,UNKNOWN,0.05578283556900738,个,0.05335414553871291,OTHER,0.011628160546084869
104010702,包装用织物制品,C 前3个>=90%,758254897.3700005,22,0.730295385747823,0.8976788881296982,0.9232928024972342,个,0.730295385747823,千克,0.1673835023818752,桶,0.025613914367536014,套,0.019476468218303768,平方米,0.01330772134146354
104030502,皮革制座套,C 前3个>=90%,752217743.29,21,0.47370609704246897,0.8583952962288279,0.9197990818640638,个,0.47370609704246897,套,0.38468919918635897,千米,0.0614037856352358,平方米,0.034198382130003105,OTHER,0.011899510613576608
109024701,矫形器具,C 前3个>=90%,750889233.3900001,15,0.83628149813123,0.8830208854860779,0.9183672209771009,个,0.83628149813123,批,0.046739387354847894,套,0.035346335491022986,OTHER,0.03525048108693856,盒,0.02538115210942351
106050299,其他金属工艺品,C 前3个>=90%,747360217.35,20,0.43346749323731576,0.8175258903751174,0.9327607577130824,个,0.43346749323731576,套,0.3840583971378016,千克,0.1152348673379651,OTHER,0.015649736483795997,批,0.014776774631058705
109031401,两轮脚踏自行车,C 前3个>=90%,725096203.8399999,14,0.8113353479779265,0.8996065682808856,0.9519935637289847,个,0.8113353479779265,批,0.08827122030295913,套,0.052386995448099063,千克,0.02121064017236767,UNKNOWN,0.012604122958581454
108040900,集装箱,C 前3个>=90%,718114723.2499998,20,0.7194314537123647,0.8446178495477603,0.9013959285926674,个,0.7194314537123647,OTHER,0.12518639583539556,套,0.056778079044907004,次,0.028131592064527422,平方米,0.02593362683850252
109020306,公共工程用机械,C 前3个>=90%,715708662.1699998,19,0.8145200008932288,0.8969475668544011,0.9355511362959533,个,0.8145200008932288,套,0.08242756596117225,UNKNOWN,0.03860356944155218,OTHER,0.026984466041592558,项,0.016814292177927525
109050103,微波通信设备,C 前3个>=90%,708221398.47,14,0.5074501909803895,0.8825562403653873,0.9268601260398175,套,0.5074501909803895,个,0.37510604938499775,OTHER,0.04430388567443026,批,0.03849168783786014,副,0.012801111798634864
109062001,眼镜成镜,C 前3个>=90%,701278836.9600004,14,0.5163197155351374,0.7873560461250514,0.9054773784599737,副,0.5163197155351374,个,0.27103633058991394,批,0.11812133233492231,套,0.040359284307925514,UNKNOWN,0.03304484070909127
109011601,立体（高架）仓库存储系统,C 前3个>=90%,686375480.11,13,0.5980148467049236,0.8152997583339034,0.9558570437930791,套,0.5980148467049236,个,0.2172849116289799,UNKNOWN,0.14055728545917565,OTHER,0.02284429889233095,项,0.014540024009017044
106050102,塑造工艺品,C 前3个>=90%,679595541.9800001,21,0.6497851831008562,0.8793057171755052,0.931272228943823,千克,0.6497851831008562,个,0.22952053407464904,套,0.05196651176831781,箱,0.019415733940156294,UNKNOWN,0.01877255279343111
105020105,塑料家具,C 前3个>=90%,663055374.1900023,21,0.70887567011155,0.8276283762579852,0.9044452249295181,个,0.70887567011155,套,0.11875270614643524,千克,0.07681684867153286,OTHER,0.040471693970932636,UNKNOWN,0.013314385047831969
101010301,花生,C 前3个>=90%,654247488.7,21,0.7692491628665226,0.8759805030184749,0.93107548550228,千克,0.7692491628665226,桶,0.10673134015195235,箱,0.05509498248380514,袋,0.027263746484442564,瓶,0.008867259210314182
103010301,薯类及类似植物加工品,C 前3个>=90%,654049554.95,17,0.7504590462683258,0.8550169240200015,0.9573872146245391,千克,0.7504590462683258,箱,0.10455787775167569,个,0.10237029060453764,袋,0.017218530392335372,OTHER,0.00618711002763293
109011214,起重机专用配套件,C 前3个>=90%,650188945.8199998,22,0.47836728944651424,0.8637843552718307,0.9036646987422939,个,0.47836728944651424,套,0.3854170658253165,千米,0.03988034347046325,千克,0.030038323391316013,UNKNOWN,0.017044849549115643
109012500,密封垫及类似接合衬垫,C 前3个>=90%,647661754.3700001,21,0.6469698981030477,0.8953203604620006,0.9319689500380341,个,0.6469698981030477,套,0.24835046235895286,千克,0.03664858957603357,UNKNOWN,0.021629736333013412,OTHER,0.019835459008223092
109020605,冶金专用设备配套件,C 前3个>=90%,641411896.29,14,0.41147707017375257,0.7711308445335914,0.9512163828719311,个,0.41147707017375257,套,0.3596537743598388,千克,0.18008553833833976,UNKNOWN,0.022490383423568107,项,0.02023193026986319
109024705,植入人体支夹（器）,C 前3个>=90%,640792275.4300001,13,0.7825203576049918,0.8885861449685984,0.9609341595399201,个,0.7825203576049918,套,0.10606578736360657,盒,0.07234801457132166,OTHER,0.03415431567946669,千克,0.0016521956031532305
107020902,印刷用助剂和油,C 前3个>=90%,624698036.4499998,22,0.812038650998068,0.8812749660756517,0.9115630480864784,千克,0.812038650998068,瓶,0.06923631507758364,桶,0.030288082010826698,个,0.023780487888869856,OTHER,0.018912982866315847
108040702,日常用刀及类似制品,C 前3个>=90%,618288377.3600018,23,0.5401635747804815,0.8921199655817516,0.9453614899826428,个,0.5401635747804815,套,0.35195639080127,UNKNOWN,0.05324152440089129,箱,0.016934869024561035,OTHER,0.012323414670244639
109025499,其他交通安全及管制专用设备,C 前3个>=90%,612848176.9,16,0.8029596953183006,0.8756752581277035,0.9381724209058343,批,0.8029596953183006,个,0.07271556280940292,套,0.062497162778130805,UNKNOWN,0.023560657817468005,OTHER,0.012190277333922833
108040399,其他金属切削工具,C 前3个>=90%,609163068.7899984,22,0.7452731140641536,0.829354940974211,0.9059181218030187,个,0.7452731140641536,千米,0.08408182691005738,千克,0.0765631808288076,套,0.034758183177547954,批,0.02491719673707378
109024903,固体废弃物处理设备,C 前3个>=90%,608072805.2,17,0.4527251323621601,0.8577765933117905,0.9264281872048435,套,0.4527251323621601,个,0.40505146094963035,UNKNOWN,0.06865159389305311,千克,0.05449145782650434,OTHER,0.009403367049311351
103030902,饮料专用原辅料,C 前3个>=90%,588609256.4399999,15,0.472742899734477,0.7709333216309282,0.9242900062436539,个,0.472742899734477,千克,0.2981904218964512,箱,0.15335668461272564,OTHER,0.01805515999574382,瓶,0.014371801746991911
107021501,油田用化学制剂,C 前3个>=90%,578999726.8600001,14,0.6779258498595279,0.8865171000229373,0.9728451637874405,千克,0.6779258498595279,立方米,0.2085912501634094,UNKNOWN,0.08632806376450315,个,0.010533181670178306,OTHER,0.005483769512671509
104011307,针织手套,C 前3个>=90%,577489935.1700002,19,0.48939523430274645,0.7818448290827552,0.9005396700410169,个,0.48939523430274645,副,0.29244959478000876,OTHER,0.1186948409582617,箱,0.047135954849129774,千克,0.012364348078028508
105020204,金属家具零配件,C 前3个>=90%,576625049.2,23,0.5148537186545795,0.769647287653767,0.9085321103667376,个,0.5148537186545795,千克,0.25479356899918754,套,0.13888482271297065,OTHER,0.037807163685042354,批,0.02065654882063351
108041399,其他金属丝绳制品,C 前3个>=90%,562209305.1400001,20,0.7902018182878915,0.8693257374640827,0.9268061116495522,千克,0.7902018182878915,个,0.07912391917619123,平方米,0.05748037418546949,千米,0.02428955425524211,批,0.015273805967799956
109041499,其他家用制冷电器具,C 前3个>=90%,558555564.5500001,25,0.4842545665047926,0.8524771245518155,0.9218242886449818,个,0.4842545665047926,套,0.3682225580470228,批,0.06934716409316631,瓦,0.036993610862416565,UNKNOWN,0.018533550799623842
102050201,天然大理石荒料,C 前3个>=90%,549691149.7800001,18,0.6269556155814591,0.8499792429930797,0.904108177908456,千克,0.6269556155814591,平方米,0.22302362741162066,OTHER,0.05412893491537631,立方米,0.04909133603624524,个,0.022000444676688165
105010404,人造板表面装饰板,C 前3个>=90%,541900443.6299998,22,0.6682729310464652,0.8036507739184482,0.9174121627762357,个,0.6682729310464652,立方米,0.135377842871983,平方米,0.11376138885778758,千克,0.03518746170840816,OTHER,0.014176558665534753
109060608,试验机械，相关检测仪器、器具零件,C 前3个>=90%,523812855.6700002,22,0.6633953786711194,0.8903211558133388,0.9220637807795253,个,0.6633953786711194,套,0.2269257771422194,UNKNOWN,0.03174262496618651,立方米,0.030253045392959005,批,0.01217343154330147
109040502,电力电容器成套装置,C 前3个>=90%,522328157.1799998,18,0.520349510310502,0.844882776246583,0.9114256742929969,个,0.520349510310502,套,0.324533265936081,千克,0.0665428980464139,项,0.029040903465544252,OTHER,0.01523513347042801
104030304,塑料作面类似箱、包容器,C 前3个>=90%,518543458.4799999,24,0.6774106423011564,0.8215539136464315,0.9076531102901821,个,0.6774106423011564,千克,0.14414327134527502,套,0.08609919664375071,OTHER,0.038968618636579286,批,0.013585530999947446
109042099,其他家用电热电力器具类似产品,C 前3个>=90%,513964244.9000001,22,0.5434442322818477,0.8590571500862005,0.9141937734042558,个,0.5434442322818477,UNKNOWN,0.3156129178043528,千瓦时,0.05513662331805524,套,0.04595317974812686,OTHER,0.026346859094516745
109040905,电子元器件引线,C 前3个>=90%,513699443.33000004,15,0.8038538591810935,0.8803928512717315,0.9159045183308705,个,0.8038538591810935,千米,0.07653899209063797,套,0.03551166705913901,批,0.02877437095158473,千克,0.025371755195045673
104010206,毛染整精加工产品,C 前3个>=90%,505969197.3800001,16,0.4324238122853139,0.8564534728080446,0.9829985984630216,千克,0.4324238122853139,千米,0.4240296605227308,个,0.12654512565497703,平方米,0.009464077150933062,OTHER,0.003914956246856893
107040399,其他合成纤维,C 前3个>=90%,504506207.8700001,17,0.8218938775017931,0.8888241947174358,0.9323461056820237,千克,0.8218938775017931,千米,0.06693031721564273,个,0.04352191096458788,平方米,0.03602895317530715,套,0.013144501408610586
109024100,农林牧渔机械零配件,C 前3个>=90%,499224403.9799991,20,0.7672275792337754,0.8685077286353373,0.9070378794585944,个,0.7672275792337754,套,0.10128014940156192,批,0.0385301508232571,千克,0.0376848014640601,UNKNOWN,0.01617743104226043
109042404,特殊用途灯具及照明装置,C 前3个>=90%,498423538.0400002,18,0.6368285899542064,0.870161185957461,0.97400670586115,个,0.6368285899542064,套,0.23333259600325446,OTHER,0.10384551990368904,批,0.010999608268018863,千瓦时,0.003309523375414141
109011403,给料机械,C 前3个>=90%,494626161.9099999,12,0.6656651684144232,0.8479991237429125,0.9543990759750712,个,0.6656651684144232,套,0.18233395532848923,批,0.10639995223215873,UNKNOWN,0.0384688865759232,千米,0.004668400254210889
109060607,检测器具及设备,C 前3个>=90%,494195600.3100002,23,0.4507076521933436,0.8890842283994109,0.923589392952279,个,0.4507076521933436,套,0.4383765762060674,UNKNOWN,0.034505164552868124,副,0.02854302501105161,批,0.014467408179099734
109030106,铁路特殊用途车辆,C 前3个>=90%,490345949.04,13,0.6026071400987463,0.8207442688124873,0.9776415234765083,个,0.6026071400987463,套,0.21813712871374108,UNKNOWN,0.1568972546640211,千克,0.018725289294173386,OTHER,0.002865700517667317
104010104,缝纫线,C 前3个>=90%,488280428.5899997,20,0.4855304714436289,0.8888369454480494,0.9279911465803934,个,0.4855304714436289,千克,0.4033064740044205,千米,0.039154201132344045,OTHER,0.022911184546767063,卷,0.0160592696345491
109010403,风力发动机（风车）,C 前3个>=90%,477709319.78,12,0.49042104976702705,0.8333246816355424,0.9469729041048102,个,0.49042104976702705,套,0.34290363186851536,UNKNOWN,0.11364822246926773,OTHER,0.04804529696127755,千克,0.0036531780054106944
109025302,灭火器,C 前3个>=90%,466801504.65999967,21,0.3954932334986104,0.7609403421883134,0.9548962582814825,OTHER,0.3954932334986104,个,0.365447108689703,套,0.19395591609316912,千克,0.017593496353405704,瓶,0.010507043210095041
107050902,橡胶减震制品,C 前3个>=90%,456108914.73,19,0.6810782914293424,0.8430677589970551,0.9044452193270552,个,0.6810782914293424,套,0.16198946756771268,千克,0.061377460330000154,千米,0.02945590646469406,OTHER,0.02294762194287708
109020699,其他冶金专用设备,C 前3个>=90%,451587622.34000003,15,0.4810487529404502,0.8391138109288152,0.9122524924074074,个,0.4810487529404502,套,0.358065057988365,千克,0.0731386814785921,OTHER,0.02491861980558818,UNKNOWN,0.024009324710491796
104030601,鞣制毛皮,C 前3个>=90%,446587388.37,9,0.4981334122353017,0.8111577955485649,0.9153908153387114,平方米,0.4981334122353017,个,0.31302438331326315,OTHER,0.10423301979014639,千克,0.08037883304545948,UNKNOWN,0.0016664349226615824
301030102,航空货物运输服务,C 前3个>=90%,441036092.6899999,13,0.5744997486817817,0.799229217704323,0.9624402487357344,UNKNOWN,0.5744997486817817,月,0.2247294690225413,千克,0.16321103103141138,批,0.021862280819672755,票,0.008500144233399613
109023199,其他电工机械专用设备,C 前3个>=90%,437635677.85,20,0.49946465163409204,0.8634495376757592,0.9292269616084272,个,0.49946465163409204,套,0.3639848860416671,千克,0.06577742393266806,千米,0.023694273375842408,OTHER,0.01867744746076579
107040499,其他化学纤维加工丝,C 前3个>=90%,423533037.44,17,0.816382643960763,0.877403983727348,0.9287499102492683,千克,0.816382643960763,套,0.061021339766584984,千米,0.051345926521920396,个,0.03883327272274479,平方米,0.028890803900353222
109040501,电力电容器,C 前3个>=90%,423160540.54999965,19,0.6701574100491822,0.8044372073954711,0.9294654589456617,个,0.6701574100491822,套,0.13427979734628886,千瓦时,0.12502825155019062,UNKNOWN,0.028767422912774256,OTHER,0.01962375761503409
109061603,通用电子测量仪器,C 前3个>=90%,417681881.45000017,20,0.6898889432542803,0.8538536161825174,0.9762704364010426,个,0.6898889432542803,套,0.16396467292823713,千瓦时,0.12241682021852515,UNKNOWN,0.011159639110555916,盒,0.0050747273801814066
108012804,超硬材料制品,C 前3个>=90%,416813656.6800005,19,0.7645989075513228,0.870435322536803,0.9085478166103741,个,0.7645989075513228,千米,0.1058364149854802,OTHER,0.038112494073571056,千克,0.024179387571596274,套,0.02072880624598442
109024501,诊断专用器械,C 前3个>=90%,414833660.1199995,20,0.6930486831199618,0.8794530844591192,0.9701029527439688,个,0.6930486831199618,套,0.18640440133915737,盒,0.09064986828484972,副,0.007111458142395262,OTHER,0.0057078861906120545
108010802,自粘防水卷材,C 前3个>=90%,403316593.67,19,0.8215376130819636,0.8844203207563999,0.9234103201682929,平方米,0.8215376130819636,卷,0.06288270767443627,套,0.03898999941189303,OTHER,0.031249839946611388,千克,0.024373693134092368
108041402,铜制紧固件,C 前3个>=90%,402278032.6899998,15,0.7818456678253971,0.8955663592936619,0.9326351293686397,个,0.7818456678253971,千克,0.11372069146826479,批,0.03706877007497778,套,0.03499891439722156,OTHER,0.025435929950182345
109020909,塑料加工专用设备零件,C 前3个>=90%,393509998.6,21,0.5696187590848167,0.8654546914224202,0.9215237950246075,个,0.5696187590848167,套,0.29583593233760336,批,0.056069103602187344,OTHER,0.030613778666004142,千克,0.0199486672204725
104030403,皮革制衣着附件,C 前3个>=90%,392271063.7399988,16,0.787031800119287,0.8772423690371485,0.9200530588185667,个,0.787031800119287,平方米,0.09021056891786149,千米,0.042810689781418165,UNKNOWN,0.03562089613946515,套,0.024843211163949806
104010999,其他纤维纺制线、绳、索、缆,C 前3个>=90%,391250976.6100001,17,0.713028685237203,0.8363310486919731,0.9537175884980598,千克,0.713028685237203,千米,0.12330236345477011,个,0.1173865398060867,OTHER,0.015852878614492562,套,0.010731360075773638
109051301,访问控制类设备,C 前3个>=90%,389521357.35,14,0.49073748910831066,0.7697148385899668,0.9824788174224102,个,0.49073748910831066,套,0.2789773494816561,UNKNOWN,0.21276397883244333,批,0.006295902891395077,OTHER,0.005850953014502274
109060399,其他电工仪器仪表,C 前3个>=90%,388309952.8599998,22,0.6679147256199947,0.8754243001146029,0.9241962158239797,个,0.6679147256199947,套,0.20750957449460833,UNKNOWN,0.04877191570937683,OTHER,0.04450038270389135,批,0.009608533292849171
109024702,穿戴或植入式人造人体器官,C 前3个>=90%,381515356.4700003,15,0.6838301172826184,0.8645530855477809,0.9258759661952854,个,0.6838301172826184,盒,0.18072296826516246,OTHER,0.06132288064750457,千克,0.027479894510679777,套,0.01858638264422676
104011202,纬编制物,C 前3个>=90%,376408083.8900002,13,0.6152781353061499,0.8939062211754456,0.9490116041035699,千克,0.6152781353061499,千米,0.2786280858692956,个,0.05510538292812431,OTHER,0.0334523727542466,套,0.006652412546835109
107030209,滴剂,C 前3个>=90%,374083091.5999999,14,0.41721587998659526,0.7985506825564311,0.9242162111130285,盒,0.41721587998659526,个,0.3813348025698359,瓶,0.12566552855659743,OTHER,0.048084850729457576,袋,0.014528762758974164
109012103,气动电磁线圈、气动管件系列,C 前3个>=90%,372624633.32,19,0.6158766033401756,0.8934143947324797,0.9384139669309182,个,0.6158766033401756,千克,0.27753779139230417,套,0.04499957219843847,千米,0.01781994107807043,卷,0.016640550880260833
109020401,水泥专用设备,C 前3个>=90%,365837734.76,20,0.46812318374524586,0.8286679551492421,0.9555308390189092,个,0.46812318374524586,套,0.3605447714039962,千克,0.12686288386966718,千米,0.01649578377681293,平方米,0.007188120251523941
103020601,味精（谷氨酸钠）,C 前3个>=90%,362683736.22,14,0.6416737941864362,0.8461387564228948,0.9140090855326306,千克,0.6416737941864362,箱,0.20446496223645866,个,0.06787032910973576,袋,0.061750091976594666,包,0.012355941726820885
108040404,手动扳手及扳钳,C 前3个>=90%,357934401.5100003,22,0.7242636973880181,0.8639931328907486,0.9236489154585034,个,0.7242636973880181,套,0.1397294355027306,千克,0.059655782567754764,OTHER,0.04482359726339898,UNKNOWN,0.017196571477994773
107030208,缓释控释片,C 前3个>=90%,353882480.26,10,0.7438097739865773,0.8805647168264821,0.9699685659143347,盒,0.7438097739865773,瓶,0.13675494283990472,个,0.08940384908785255,OTHER,0.028780542660707755,袋,0.001135039235920608
109012606,窑炉,C 前3个>=90%,346709395.90000004,17,0.43340964691750367,0.7594660397549381,0.9785392442547299,千克,0.43340964691750367,个,0.32605639283743443,套,0.21907320449979184,项,0.008301995948301902,OTHER,0.005722378636003962
108011199,其他玻璃制光学元件,C 前3个>=90%,340190272.5199999,19,0.5306402618240271,0.8309643364167054,0.9351039410196478,个,0.5306402618240271,千克,0.30032407459267824,套,0.10413960460294236,平方米,0.04792257794214722,UNKNOWN,0.008536726016553768
104020201,天然皮革服装,C 前3个>=90%,338826889.1900001,15,0.6046720641616856,0.8460602966763022,0.9492928410107213,个,0.6046720641616856,平方米,0.24138823251461664,OTHER,0.10323254433441911,项,0.018833578070663742,套,0.01469146256927862
109020208,石油钻井工具,C 前3个>=90%,336332315.15,16,0.4774636846250722,0.860306889009324,0.9373938576178472,个,0.4774636846250722,套,0.3828432043842517,千克,0.07708696860852327,千米,0.03975959471523294,UNKNOWN,0.012070551199308392
104010504,被罩,C 前3个>=90%,334796601.0100001,13,0.730286479260574,0.8849169261761736,0.9347733793469792,个,0.730286479260574,套,0.15463044691559963,OTHER,0.049856453170805726,千克,0.02616724397312004,千米,0.02061390972662192
102050204,砂岩,C 前3个>=90%,334430951.7400001,16,0.8141510512809211,0.8910044782926108,0.9241436922389807,千克,0.8141510512809211,立方米,0.07685342701168964,UNKNOWN,0.03313921394636998,OTHER,0.0169091758719641,千瓦时,0.014791308861405084
109023101,电机、变压器专用生产机械,C 前3个>=90%,332456018.37999994,18,0.7991885087076641,0.8681534445260115,0.9338513564977382,个,0.7991885087076641,套,0.06896493581834737,OTHER,0.06569791197172674,千克,0.036386497946243025,千米,0.02699081545801192
104010901,纤维纺制绳、缆,C 前3个>=90%,329104302.05,20,0.6872508383243117,0.8184386028143686,0.9287319850457725,千克,0.6872508383243117,千米,0.13118776449005698,个,0.11029338223140378,批,0.017409545072217023,平方米,0.014107662832358286
108012102,厨房用陶瓷器具,C 前3个>=90%,326848364.43000007,17,0.7245290008502306,0.8391430734197233,0.9403774825552982,个,0.7245290008502306,套,0.11461407256949259,箱,0.10123440913557487,OTHER,0.023522356929665977,批,0.011421459631625296
109042103,家用洗衣机用配件,C 前3个>=90%,325894318.2199999,13,0.6150922517915138,0.8472346588246082,0.9525822982603579,个,0.6150922517915138,千克,0.23214240703309436,套,0.10534763943574964,OTHER,0.033333253059866744,UNKNOWN,0.012407367953160758
107030110,心血管系统用药,C 前3个>=90%,325455096.9,12,0.6672180648524974,0.8560735954478148,0.9252707063073806,千克,0.6672180648524974,盒,0.18885553059531746,个,0.06919711085956583,瓶,0.03350063404706814,套,0.021203034752656846
109020304,工程钻机,C 前3个>=90%,320893111.43,17,0.80074468546531,0.8953378320577432,0.9748672274264158,个,0.80074468546531,套,0.09459314659243322,UNKNOWN,0.07952939536867265,千米,0.010057210282944963,OTHER,0.005288534466936345
109042403,装饰用灯,C 前3个>=90%,318970392.31,13,0.7781679423047138,0.8527604432503072,0.9069834937495863,个,0.7781679423047138,套,0.07459250094559343,千米,0.05422305049927914,OTHER,0.03126695354942927,千克,0.030836115097606944
103010704,动物油脂及加工制品,C 前3个>=90%,317260229.4199999,17,0.8167225430168131,0.8945743738786708,0.923783873937791,千克,0.8167225430168131,箱,0.0778518308618577,个,0.029209500059120277,桶,0.028595593234567875,千米,0.025431862968612495
108040701,剪刀及类似品,C 前3个>=90%,305363864.46999943,19,0.6965935575880742,0.8069566558822765,0.9127093468761798,个,0.6965935575880742,套,0.11036309829420228,UNKNOWN,0.10575269099390322,OTHER,0.03270373875878532,千克,0.015655128115100416
304040302,道路货运客运场站服务,C 前3个>=90%,300243546.15000004,18,0.6080303191223149,0.8755858994506482,0.9085066099763023,UNKNOWN,0.6080303191223149,千克,0.2675555803283334,票,0.03292071052565403,OTHER,0.02097588631215279,次,0.015679680913600877
304020201,电路设计服务,C 前3个>=90%,297054538.94,15,0.7429742951834796,0.8794967007145101,0.9204771144238554,个,0.7429742951834796,UNKNOWN,0.1365224055310306,项,0.04098041370934522,批,0.02495561608468584,次,0.02112431145604363
109041201,内燃机电点火起动装置,C 前3个>=90%,288250256.4900002,15,0.74750116601362,0.8926805270992945,0.974328805566018,个,0.74750116601362,套,0.14517936108567442,瓶,0.08164827846672347,盒,0.012681866217617108,UNKNOWN,0.0069520499457717535
104010605,垫子套,C 前3个>=90%,280959080.29999983,19,0.5917900994424632,0.8640356312057587,0.9591837676940174,个,0.5917900994424632,千克,0.2722455317632955,套,0.09514813648825866,包,0.014613373006545976,UNKNOWN,0.011602349482776272
101030306,生皮,C 前3个>=90%,273551903.06,13,0.7398244993222018,0.8999406824671351,0.9906381386809863,个,0.7398244993222018,千克,0.16011618314493328,平方米,0.09069745621385113,OTHER,0.008092672268905546,令,0.0005402893138256934
106010102,非木材纤维纸浆,C 前3个>=90%,273108196.76,20,0.7125813868963425,0.8462851207395596,0.9206615945729332,千克,0.7125813868963425,箱,0.13370373384321707,个,0.07437647383337358,令,0.020266578907787155,UNKNOWN,0.011780454369984757
109020907,塑料加工辅助机械或装置,C 前3个>=90%,269918011.14999986,18,0.6470438946845358,0.8962176993648909,0.9527916317784412,个,0.6470438946845358,套,0.24917380468035516,千克,0.05657393241355027,批,0.027646936557534738,副,0.007776308817100593
108042000,搪瓷制品,C 前3个>=90%,266498462.7799998,20,0.7591188226740583,0.8642140710962639,0.9240005773814917,个,0.7591188226740583,千克,0.10509524842220563,套,0.05978650628522778,千米,0.030732116292772286,平方米,0.02196059428992405
107029906,蜡烛及类似品,C 前3个>=90%,261812273.38000017,16,0.5200181822354566,0.8998833187550542,0.9589951779517297,箱,0.5200181822354566,千克,0.37986513651959763,个,0.059111859196675526,套,0.013441332923656681,OTHER,0.011342454277114299
109012608,窑炉、熔炉及电炉用零件,C 前3个>=90%,261383776.54999998,19,0.5897320595584608,0.8748889855306515,0.9214321689316032,个,0.5897320595584608,套,0.2851569259721908,项,0.0465431834009516,千克,0.03931468293723374,批,0.01421270688270649
109041203,风挡刮水器,C 前3个>=90%,257500155.8100003,14,0.7571758672793328,0.8507128740987462,0.9434976910043681,个,0.7571758672793328,OTHER,0.09353700681941335,套,0.09278481690562186,UNKNOWN,0.03434196756962339,千克,0.010510192591871415
101011101,作物茎、秆、根,C 前3个>=90%,257441257.56999987,18,0.7771470180361428,0.8852351025283255,0.9524850643387106,千克,0.7771470180361428,次,0.10808808449218264,个,0.06724996181038508,OTHER,0.01801015417561535,盒,0.01123539757108871
109011206,塔式起重机,C 前3个>=90%,251517969.82999998,12,0.7988598400178173,0.8987455298434014,0.9433493221990038,个,0.7988598400178173,千克,0.09988568982558411,UNKNOWN,0.04460379235560245,套,0.025954853263217437,OTHER,0.014246878672016832
109020103,矿山提升设备,C 前3个>=90%,249331476.93,12,0.7642743123985873,0.8612449074381697,0.9344599309272619,个,0.7642743123985873,千克,0.09697059503958234,套,0.0732150234890922,OTHER,0.04089191968674871,立方米,0.015298046267422798
103021201,食品用原料粉,C 前3个>=90%,247417571.90999997,16,0.8115957791916398,0.8625344119763172,0.9126686490648296,千克,0.8115957791916398,袋,0.05093863278467735,包,0.05013423708851239,箱,0.04347237056352858,个,0.020285680888606
109024614,呼吸器具,C 前3个>=90%,245301959.7,18,0.4639528731005079,0.8035637828212587,0.926583635646348,个,0.4639528731005079,盒,0.33961090972075086,套,0.12301985282508936,包,0.044505864907690755,副,0.009984075516539794
104011007,狭幅机织物,C 前3个>=90%,235596502.27999988,17,0.6757684323801413,0.8196257350650511,0.9154393291615042,千米,0.6757684323801413,个,0.14385730268490987,千克,0.09581359409645313,OTHER,0.03903267502278475,卷,0.01723729966573764
304070202,电视节目发行服务,C 前3个>=90%,226564090.49,8,0.6832360270121111,0.8784626788806351,0.9311052665661114,UNKNOWN,0.6832360270121111,个,0.195226651868524,笔,0.05264258768547624,次,0.034331480347029285,项,0.029851155959326713
109060410,测量仪器,C 前3个>=90%,222174703.29000005,18,0.5994704694447307,0.8751994178481795,0.9369418893666164,个,0.5994704694447307,套,0.2757289484034488,立方米,0.06174247151843691,千克,0.028220453036077953,UNKNOWN,0.010044417374948033
108040406,螺丝刀,C 前3个>=90%,219686582.9500003,20,0.6683302376432184,0.8245732490692375,0.9073897193137621,个,0.6683302376432184,套,0.15624301142601904,千克,0.08281647024452467,OTHER,0.07152423961902213,批,0.008565174963043858
108010307,混凝土轨枕及铁道用混凝土制品,C 前3个>=90%,217977228.55,11,0.6262674873338278,0.832671250237345,0.9526407962030216,个,0.6262674873338278,OTHER,0.20640376290351728,套,0.11996954596567651,千克,0.020576891402081274,立方米,0.018054929481302464
105020208,坐具零配件,C 前3个>=90%,213255060.3700001,18,0.45587541257556174,0.8612188561028706,0.9455547246107302,个,0.45587541257556174,箱,0.40534344352730894,套,0.0843358685078596,千克,0.02629072806184495,OTHER,0.015585108574837607
107021802,摄影感光纸、纸板及纺织物,C 前3个>=90%,212971172.7600002,17,0.5691674049078936,0.7981317878244087,0.91940897034294,卷,0.5691674049078936,千米,0.22896438291651516,个,0.12127718251853127,包,0.03641102131103273,平方米,0.031675862946964194
107030109,抗肿瘤药,C 前3个>=90%,209197216.56,10,0.5086372841843322,0.7556756181536453,0.9286534360474189,盒,0.5086372841843322,千克,0.24703833396931313,OTHER,0.17297781789377362,个,0.05418008282509435,瓶,0.017063716853881642
109022699,其他日用化工专用设备,C 前3个>=90%,208559941.58999997,19,0.5792861389341359,0.7962734938163347,0.9280710442972272,千克,0.5792861389341359,个,0.21698735488219884,套,0.13179755048089245,瓶,0.03426848006147833,立方米,0.02229086498853771
108012099,其他技术陶瓷制品,C 前3个>=90%,208348971.26,15,0.5749754023047534,0.8498014713451674,0.9036880435806957,千克,0.5749754023047534,个,0.27482606904041396,箱,0.053886572235528306,平方米,0.03649458283387159,套,0.028255929916032357
108012903,超硬材料,C 前3个>=90%,199483386.63,19,0.6618797683884098,0.8408617868069328,0.9518572229385056,OTHER,0.6618797683884098,个,0.17898201841852301,千克,0.11099543613157276,瓶,0.020072505423355515,千米,0.014435332027629312
109061499,其他教学专用仪器,C 前3个>=90%,195821626.11999997,17,0.4821872227847682,0.887983686303585,0.9240827874093439,套,0.4821872227847682,个,0.4057964635188169,批,0.03609910110575892,UNKNOWN,0.029115669872469146,OTHER,0.017287454848962932
109020703,化工专用炉,C 前3个>=90%,194986107.3500001,12,0.45635220872570514,0.8653929481094389,0.9368848733006927,个,0.45635220872570514,千克,0.4090407393837337,UNKNOWN,0.07149192519125384,套,0.04524425534668737,OTHER,0.015384747358514812
109050804,广播电视设备专用配件,C 前3个>=90%,190993612.43,19,0.7156909577805821,0.828384760081895,0.9351260333141184,个,0.7156909577805821,千克,0.1126938023013129,套,0.10674127323222335,批,0.018485520563123473,UNKNOWN,0.017644046505665645
108012199,其他日用陶瓷制品,C 前3个>=90%,186290959.04999998,16,0.5609555906679949,0.8229114325341707,0.9351281933829307,个,0.5609555906679949,套,0.26195584186617565,千克,0.11221676084876005,平方米,0.03404066451930159,箱,0.020126418636310095
109032404,航空器零件,C 前3个>=90%,185228272.64,12,0.6637635507671925,0.8562198520213982,0.9642495806087327,个,0.6637635507671925,UNKNOWN,0.1924563012542057,套,0.10802972858733452,项,0.012462418976861437,批,0.008794657515195193
109022105,纸浆、造纸及纸制品机械零件,C 前3个>=90%,184176172.83999997,18,0.4463106756019395,0.7600846511324433,0.950494254553107,个,0.4463106756019395,套,0.31377397553050385,千克,0.19040960342066365,UNKNOWN,0.025520866339661316,批,0.006659225463792627
109021106,橡胶用模具,C 前3个>=90%,183006548.8,17,0.41359536052843165,0.8243273812833085,0.9771031159405155,套,0.41359536052843165,个,0.41073202075487686,副,0.15277573465720698,批,0.014566595553437374,千克,0.002555023320564362
101040300,海水蟹,C 前3个>=90%,179802100.48,14,0.7757382926987261,0.8794351853391652,0.9309109519475176,千克,0.7757382926987261,批,0.10369689264043909,箱,0.05147576660835237,盒,0.0380293121812589,个,0.010537126457044603
109013305,喷枪及类似器具零件,C 前3个>=90%,173550157.9799999,20,0.6538637687271782,0.8965439254623488,0.9564730849690696,个,0.6538637687271782,套,0.24268015673517063,千克,0.05992915950672075,OTHER,0.01740261469740669,UNKNOWN,0.008966972477082622
301050302,无运输工具承运水路货物运输服务,C 前3个>=90%,172801292.63,10,0.7867910012172922,0.8966447743638039,0.9334349120024866,千克,0.7867910012172922,立方米,0.10985377314651168,OTHER,0.03679013763868278,箱,0.024955739244576277,UNKNOWN,0.018205095761267744
307010200,体育服务,C 前3个>=90%,171235704.6,20,0.7837896816760026,0.871537364410156,0.9162975939890519,UNKNOWN,0.7837896816760026,套,0.08774768273415333,次,0.044760229578895895,个,0.030029109653338035,项,0.0277848017217783
104019903,成匹编带、装饰带及类似品,C 前3个>=90%,168061996.1800001,17,0.6801690107712967,0.83554685676589,0.9251962088648804,千米,0.6801690107712967,个,0.15537784599459334,千克,0.08964935209899036,OTHER,0.05008968690925135,副,0.005993332001847697
107030106,中枢神经系统用药,C 前3个>=90%,167628392.92,12,0.6921946748924306,0.8255425159748648,0.9409837226398676,千克,0.6921946748924306,瓶,0.13334784108243422,盒,0.11544120666500274,个,0.050570961770454226,袋,0.006529276758754957
107030113,血液系统用药,C 前3个>=90%,165217725.46,10,0.6370432221298297,0.8819791043260619,0.9312784747012579,千克,0.6370432221298297,OTHER,0.24493588219623225,盒,0.04929937037519605,瓶,0.03264912112172834,个,0.021207307873562828
301020202,国际水路货物运输服务,C 前3个>=90%,165070750.25000003,11,0.5949951232501894,0.7987586657860967,0.9029987148192535,千克,0.5949951232501894,UNKNOWN,0.20376354253590725,票,0.10424004903315691,OTHER,0.05765927243672898,项,0.023012470981363334
109061101,气象观测仪器,C 前3个>=90%,163906744.36999997,12,0.5675924526326432,0.8860176240958912,0.9873111879075266,套,0.5675924526326432,个,0.31842517146324806,UNKNOWN,0.10129356381163537,OTHER,0.0075564849070768,立方米,0.003547797878818915
109020501,玻璃制品制造机械,C 前3个>=90%,162995968.2,15,0.6703688727191475,0.8998834041098693,0.9502500560624297,个,0.6703688727191475,套,0.22951453139072184,千米,0.05036665195256038,平方米,0.017591549973074737,千克,0.017558237001840147
109024207,医用高频仪器设备,C 前3个>=90%,162093398.36000004,13,0.5495870736953066,0.7704044789205688,0.9732863610497997,个,0.5495870736953066,套,0.22081740522526233,盒,0.2028818821292309,OTHER,0.014234175625559384,UNKNOWN,0.007103265226402522
109025504,自来水生产专用设备,C 前3个>=90%,161482368.98,18,0.6892328092721048,0.8331140839695155,0.9488711933559597,套,0.6892328092721048,个,0.14388127469741063,UNKNOWN,0.11575710938644418,立方米,0.02157860193660877,千克,0.015869990366052897
109042105,电热器具零件,C 前3个>=90%,159662836.71999997,16,0.6026823372100737,0.8771178205708131,0.9487405782827681,个,0.6026823372100737,千克,0.2744354833607394,UNKNOWN,0.07162275771195506,套,0.043889948117915425,OTHER,0.0024915141066773347
109020407,非金属矿物混合搅拌机械,C 前3个>=90%,158860717.43,15,0.4848865833930409,0.7809858338621001,0.9831258557598974,套,0.4848865833930409,个,0.29609925046905916,千克,0.20214002189779734,立方米,0.008204567378806656,OTHER,0.006207137207689495
105020206,软体家具零配件,C 前3个>=90%,158116806.39000002,18,0.7756463665696479,0.8593992957638814,0.9070303008540291,个,0.7756463665696479,套,0.08375292919423351,平方米,0.04763100509014777,千克,0.026572762920828424,UNKNOWN,0.021757581743173732
104010508,毛巾被,C 前3个>=90%,156208643.89,14,0.451104372493122,0.897742849549041,0.9495312637401068,个,0.451104372493122,OTHER,0.446638477055919,UNKNOWN,0.051788414191065675,千克,0.031492766261156484,套,0.008036978740331858
106040804,仿真模型及其附件,C 前3个>=90%,152098963.24999937,19,0.7530974498604932,0.8443963842074376,0.9039772177408314,个,0.7530974498604932,套,0.09129893434694439,盒,0.05958083353339378,UNKNOWN,0.04827042908854298,OTHER,0.02621393719460487
104010505,床罩,C 前3个>=90%,149742327.96,11,0.7520161935113006,0.8600750687167291,0.9417185478622232,个,0.7520161935113006,套,0.10805887520542858,OTHER,0.08164347914549411,千米,0.04815281676351467,UNKNOWN,0.007539791289351341
109012802,制氮设备,C 前3个>=90%,145930984.69,14,0.7336710067258028,0.8463934539493582,0.9039888079302455,套,0.7336710067258028,个,0.11272244722355543,桶,0.05759535398088734,批,0.049836355078733074,瓶,0.02310330199691329
109012899,其他气体分离及液化设备,C 前3个>=90%,145422391.53,20,0.47266710481666074,0.8758475348944084,0.962061583694545,个,0.47266710481666074,套,0.4031804300777476,千克,0.08621404880013665,瓶,0.008575974764812755,立方米,0.005669923395737185
104010808,野营用织物制品,C 前3个>=90%,142401908.89000002,15,0.7185667691367982,0.8690962316074048,0.9272605861765425,个,0.7185667691367982,千克,0.1505294624706066,套,0.05816435456913769,批,0.03537375284688853,UNKNOWN,0.01751888601386009
102020400,煤层气,C 前3个>=90%,140599422.58,10,0.704302448565575,0.871904248754988,0.9504004843545353,立方米,0.704302448565575,千克,0.16760180018941295,UNKNOWN,0.07849623559954737,千瓦时,0.04184625990659599,平方米,0.004418619995729431
109020814,橡胶专用生产设备零件,C 前3个>=90%,134006435.14999999,18,0.7553635085262546,0.8700968657175715,0.9281197313456032,个,0.7553635085262546,套,0.11473335719131694,千克,0.058022865628031745,项,0.03910702492857113,UNKNOWN,0.012998378906581936
101011700,香料原料,C 前3个>=90%,128842381.52999993,18,0.5941808894783163,0.8172096543052777,0.9083812771867196,千克,0.5941808894783163,批,0.2230287648269614,袋,0.09117162288144183,箱,0.03440875438155216,个,0.02755555701346095
101059900,其他淡水产品,C 前3个>=90%,127607058.55000007,15,0.4639379082372866,0.8932794258033621,0.9507179912971985,千克,0.4639379082372866,批,0.42934151756607547,UNKNOWN,0.05743856549383643,包,0.011723342321332734,OTHER,0.01025964758436162
108040704,修饰用手工具,C 前3个>=90%,125605770.61999944,18,0.7459958388653836,0.8840682682163216,0.9415565568861597,个,0.7459958388653836,套,0.13807242935093803,千克,0.057488288669838114,瓶,0.016628411017188097,OTHER,0.013671980765878675
109042302,荧光灯,C 前3个>=90%,124308287.89999992,16,0.7314895110867341,0.8872694957292546,0.9756159699308352,个,0.7314895110867341,套,0.15577998464252046,OTHER,0.08834647420158062,批,0.013837603180439277,千米,0.004752122726323868
109023899,其他畜牧机械,C 前3个>=90%,123191313.7,7,0.476256300122563,0.8511113545337572,0.9712001300786518,个,0.476256300122563,套,0.37485505441119427,OTHER,0.1200887755448946,UNKNOWN,0.01454651132598483,千米,0.008731624151841479
109051005,网络检测设备,C 前3个>=90%,122586790.32000002,10,0.5946158864240015,0.8566283546202567,0.9412381357632728,个,0.5946158864240015,套,0.2620124681962551,千米,0.08460978114301605,UNKNOWN,0.050000401299355915,项,0.0056801815120727265
109023399,其他金属处理机械,C 前3个>=90%,121406465.02,17,0.559272016435159,0.7567607542552597,0.9334809610124994,个,0.559272016435159,千克,0.19748873782010065,套,0.17672020675723982,批,0.03499363917152293,OTHER,0.01682972187406499
109020504,玻璃、陶瓷制品专用设备零件,C 前3个>=90%,119743341.03000002,17,0.5581887447357456,0.8209245984323443,0.9252740400173216,个,0.5581887447357456,套,0.26273585369659863,平方米,0.10434944158497728,千克,0.042787932221770575,OTHER,0.01280078254719798
109012903,浓缩设备,C 前3个>=90%,119010341.59000002,16,0.44903902506309906,0.8461992919652455,0.9371791393074347,套,0.44903902506309906,个,0.3971602669021464,千克,0.09097984734218928,UNKNOWN,0.054578706885635785,平方米,0.005273564646693994
108011004,玻璃熟料,C 前3个>=90%,118638415.29000002,17,0.7621020247867474,0.847463226006818,0.9231335805716155,千克,0.7621020247867474,平方米,0.08536120122007067,个,0.07567035456479755,UNKNOWN,0.061762752748246004,立方米,0.008071584550916668
109013502,商业用衡器,C 前3个>=90%,115274295.72000003,21,0.6479696300329738,0.8588383489279756,0.9297232218214762,个,0.6479696300329738,千克,0.21086871889500183,UNKNOWN,0.07088487289350058,套,0.023308356066874952,OTHER,0.013672473990457443
109061605,新型显示器件测量仪器,C 前3个>=90%,114070300.77000001,16,0.7534494109320653,0.8733607464652258,0.9573454402490748,个,0.7534494109320653,套,0.11991133553316043,平方米,0.08398469378384894,千克,0.018188955459874343,OTHER,0.005572419251191916
109061099,其他大地测量仪器,C 前3个>=90%,112148817.71000001,13,0.3909497887296096,0.6961639331043823,0.9732847561732891,OTHER,0.3909497887296096,套,0.3052141443747726,个,0.2771208230689069,千克,0.01905988884811401,副,0.004039971256510181
405019900,其他土地使用权,C 前3个>=90%,111345274.59999998,10,0.7989550592926554,0.8972517398596456,0.943784254046826,平方米,0.7989550592926554,UNKNOWN,0.09829668056699016,月,0.046532514187180435,OTHER,0.030434547062493846,批,0.012238546583098555
109040102,直流发电机,C 前3个>=90%,110258418.38000001,15,0.6543021111672871,0.8815710771852631,0.9915879407338911,个,0.6543021111672871,套,0.22726896601797597,OTHER,0.11001686354862801,千克,0.004783687429491314,UNKNOWN,0.0020630442857981434
109022903,皮革制品制作机械,C 前3个>=90%,109792166.16000004,17,0.7851920288590472,0.8517064877263372,0.9142419219028916,个,0.7851920288590472,套,0.06651445886729006,千米,0.06253543417655434,千克,0.05063897903150723,平方米,0.016973050675439916
109020705,化工用液体运送机械,C 前3个>=90%,109146353.05000001,15,0.4074580278429194,0.7626085717391727,0.9314904540459128,个,0.4074580278429194,套,0.35515054389625333,千克,0.16888188230674006,OTHER,0.04643338836688689,批,0.010119715126844541
106040608,休闲运动器材和用品,C 前3个>=90%,103707249.66999994,19,0.7421410790943406,0.846703282166021,0.9150168789737995,个,0.7421410790943406,套,0.10456220307168046,OTHER,0.06831359680777853,副,0.028502776511824562,UNKNOWN,0.013478591944612706
106051210,头发装饰用物品,C 前3个>=90%,103680962.21999995,17,0.707737609864169,0.8804688202670888,0.9441473565058895,个,0.707737609864169,套,0.1727312104029198,千克,0.06367853623880075,盒,0.024268168679424523,UNKNOWN,0.013107132697287582
106051212,礼仪电子用品,C 前3个>=90%,103601210.74999997,20,0.7746676326367161,0.8488034379463081,0.9092917708010474,个,0.7746676326367161,套,0.07413580530959193,UNKNOWN,0.06048833285473927,批,0.03260993057458068,OTHER,0.026699785842029852
109022406,药物检测设备及仪器,C 前3个>=90%,102934554.14,16,0.5475933391943092,0.8298986175605735,0.9337621616281866,个,0.5475933391943092,套,0.2823052783662643,千克,0.10386354406761313,UNKNOWN,0.03733859209971996,盒,0.012953012534416561
103010102,大米粉,C 前3个>=90%,102867608.30000018,15,0.8393742784238527,0.8931154746211788,0.9399515680194929,千克,0.8393742784238527,箱,0.05374119619732611,包,0.04683609339831411,盒,0.020908149956471722,袋,0.017481611556045062
106010503,纸浆模制品,C 前3个>=90%,102002553.83999999,19,0.6522781220200083,0.8279058857924767,0.901828619745076,个,0.6522781220200083,千克,0.17562776377246833,套,0.07392273395259925,包,0.03176118830398884,箱,0.020856720639927072
107050901,充气橡胶制品,C 前3个>=90%,101164572.36000021,18,0.7963402905843119,0.8982194148623595,0.9375334624307803,个,0.7963402905843119,套,0.10187912427804759,千克,0.039314047568420836,桶,0.013137408768659943,UNKNOWN,0.01299910353320449
107021505,化学陶瓷,C 前3个>=90%,100839476.47999999,15,0.6819212004104208,0.891247993615129,0.9524585584203142,千克,0.6819212004104208,个,0.20932679320470818,立方米,0.06121056480518533,套,0.017958839466596963,桶,0.011119613460333586
109051601,电子束光电器件,C 前3个>=90%,100464707.08000003,13,0.7491360413768899,0.8574022077365719,0.9189828238535687,个,0.7491360413768899,套,0.10826616635968195,平方米,0.061580616116996674,盒,0.025550871988865995,千克,0.018238722067251953
109022502,灯丝、灯头玻璃零件加工机械,C 前3个>=90%,98069901.23000002,17,0.7519095066391553,0.8515782094461073,0.9100562263307176,个,0.7519095066391553,OTHER,0.09966870280695192,套,0.058478016884610254,批,0.057309822580719635,项,0.010464556781730123
109022503,灯泡及类似品封装机,C 前3个>=90%,97107443.86000007,16,0.6920498308748296,0.8672917810649083,0.9085778135319975,个,0.6920498308748296,套,0.17524195019007874,箱,0.04128603246708915,批,0.03892321133948543,OTHER,0.029665550399546856
109020101,建井设备,C 前3个>=90%,96391285.06,12,0.5179159088804038,0.8193505725215611,0.9044499145927248,套,0.5179159088804038,个,0.3014346636411572,千米,0.08509934207116379,千克,0.045847235538453136,OTHER,0.019043158091080644
104010701,毡呢,C 前3个>=90%,96342824.85999995,16,0.6582472687733062,0.8461105848666517,0.9065048214738427,个,0.6582472687733062,平方米,0.18786331609334553,千克,0.06039423660719099,千米,0.04774507397602585,套,0.013634231422099083
109020813,橡胶制品加工机械,C 前3个>=90%,95024306.99999999,16,0.7032628389491964,0.8241015441449102,0.9294284446610066,个,0.7032628389491964,套,0.1208387051957138,千米,0.10532690051609639,UNKNOWN,0.05184030755415033,项,0.013818894148841309
106050212,金属制工艺框架类制品,C 前3个>=90%,94587294.4,12,0.5056871456511394,0.8567567279945372,0.9172028486523662,副,0.5056871456511394,个,0.35106958234339775,套,0.06044612065782907,千克,0.05020107690066246,批,0.011734749017199923
108012004,陶瓷管及管子配件,C 前3个>=90%,92717672.97000001,19,0.6207524088597712,0.8433370500497797,0.9097487820611336,个,0.6207524088597712,千米,0.22258464119000845,套,0.06641173201135399,千克,0.03820272917274446,OTHER,0.02602517160650435
109022810,纺织纱线处理机械,C 前3个>=90%,91271329.07000001,10,0.46524109874014347,0.8940786672166733,0.9467498520124268,个,0.46524109874014347,套,0.4288375684765298,OTHER,0.052671184795753515,千克,0.05209062909945856,批,0.0008491165932355585
109011605,机场专用搬运机械,C 前3个>=90%,90620043.89,9,0.513038505437431,0.8633930535828611,0.9295675699765984,套,0.513038505437431,个,0.35035454814543016,UNKNOWN,0.06617451639373731,千克,0.04940303599316651,副,0.019719003912303225
109011606,搬运机械及装置,C 前3个>=90%,88341881.53000002,15,0.6927762954563822,0.8298389578119277,0.9489834946692921,个,0.6927762954563822,千克,0.13706266235554557,套,0.11914453685736434,OTHER,0.02731831412465955,千米,0.008891856460327306
104010405,特种丝织物,C 前3个>=90%,87883169.05,15,0.5902049450502832,0.8301835606143291,0.9092192881044041,千克,0.5902049450502832,千米,0.23997861556404582,平方米,0.07903572749007506,个,0.06281828977809262,套,0.014351622428208284
106010401,手工纸,C 前3个>=90%,87853888.80999999,21,0.49270873784101527,0.7306011404778474,0.9174589900546942,千克,0.49270873784101527,个,0.23789240263683217,OTHER,0.18685784957684679,套,0.020060309951804856,箱,0.013314783168333151
105010402,强化木,C 前3个>=90%,84495726.88999999,11,0.44711361983053277,0.7912312817550576,0.9205470363165248,平方米,0.44711361983053277,个,0.34411766192452486,立方米,0.12931575456146716,OTHER,0.05381730233435241,UNKNOWN,0.014287364041161633
109022404,药品专用包装机械,C 前3个>=90%,84458682.1,16,0.7808502039129024,0.8980328192925946,0.9472414956141021,个,0.7808502039129024,套,0.11718261537969227,盒,0.049208676321507515,千克,0.031193936898998808,瓶,0.006817663805341334
106051001,剧装、道具,C 前3个>=90%,83565374.52,18,0.388569109472831,0.7502948121771909,0.9054368023192582,套,0.388569109472831,批,0.3617257027043598,个,0.15514199014206728,UNKNOWN,0.021889545167564698,项,0.01901959381058728
105010601,木制桶、槽、盆及类似容器,C 前3个>=90%,80641422.07999998,20,0.7150909312188558,0.8966475935688261,0.9317017422567754,个,0.7150909312188558,套,0.18155666234997023,批,0.03505414868794934,千克,0.02447608299915537,令,0.009284657694369867
109023204,芯片制造设备,C 前3个>=90%,80406076.07999998,13,0.5061800961348444,0.8713473415901085,0.9688137463951717,个,0.5061800961348444,OTHER,0.3651672454552642,套,0.09746640480506323,UNKNOWN,0.012683060655582239,卷,0.012059875288967094
106040301,教学用模型,C 前3个>=90%,80329443.55,18,0.3498178366256093,0.6442624379414115,0.9069225669994075,千克,0.3498178366256093,个,0.29444460131580225,套,0.2626601290579961,平方米,0.02643113827470301,UNKNOWN,0.0188671680397816
106051211,香水喷射器、粉扑及粉拍,C 前3个>=90%,80326607.83,16,0.44790871371220464,0.7022864370096233,0.9399094485576264,个,0.44790871371220464,套,0.25437772329741865,瓶,0.23762301154800303,UNKNOWN,0.02027167527659309,盒,0.013898844108577366
109024307,口腔科手术器械,C 前3个>=90%,80225472.77000009,14,0.8223995079362375,0.8998434661390405,0.9387241281320531,个,0.8223995079362375,OTHER,0.07744395820280303,盒,0.038880661993012496,套,0.02744234734909868,袋,0.027068887162882065
104010601,台布（桌布）,C 前3个>=90%,80094751.59999993,17,0.7255462653810137,0.8844881760017842,0.9252553801540223,个,0.7255462653810137,千克,0.15894191062077043,千米,0.04076720415223813,UNKNOWN,0.019349611042429417,平方米,0.015459183470393595
109061007,建筑施工激光仪器,C 前3个>=90%,78232666.79999997,13,0.7763267829698987,0.8598102319835529,0.9132621999535365,个,0.7763267829698987,次,0.08348344901365426,OTHER,0.05345196796998363,套,0.035250242166102425,项,0.031179410338086556
301050201,无运输工具承运铁路运输服务,C 前3个>=90%,76772700.97000001,13,0.6890334292220747,0.8502085360459866,0.9111828310864754,千克,0.6890334292220747,UNKNOWN,0.16117510682391192,个,0.060974295040488784,箱,0.022952158485195988,车,0.022706934600115317
109013401,包装容器洗涤及干燥机械,C 前3个>=90%,75905336.28999999,21,0.7057984920232543,0.86017168503872,0.9102437573826077,个,0.7057984920232543,套,0.15437319301546568,盒,0.05007207234388765,OTHER,0.043570017493430174,瓶,0.012062909338834313
303020400,广播电视信号传输服务,C 前3个>=90%,75836015.41999999,13,0.687777057393293,0.846009897338037,0.9048951662339328,UNKNOWN,0.687777057393293,OTHER,0.15823283994474405,个,0.058885268895895806,项,0.028328039099921373,月,0.024492418934633952
103010703,可食用动物杂碎,C 前3个>=90%,75397235.52000001,15,0.6498241679829695,0.8859104032041305,0.9566047535107292,千克,0.6498241679829695,副,0.23608623522116104,个,0.07069435030659861,箱,0.01876458400951197,UNKNOWN,0.007080535464173473
109024615,防毒面具,C 前3个>=90%,75285533.84000003,14,0.5305092272425334,0.8113217806200523,0.9154702602823438,箱,0.5305092272425334,个,0.280812553377519,套,0.10414847966229145,包,0.03506132327639212,盒,0.013997451120418324
109031804,机动工程（工作）船,C 前3个>=90%,73749617.83,12,0.5663693926697057,0.8291776338551367,0.9558563919950824,批,0.5663693926697057,OTHER,0.262808241185431,UNKNOWN,0.12667875813994575,个,0.019730511056398784,套,0.013262386284558189
107022306,高档美容、修饰类化妆品,C 前3个>=90%,73694496.66000001,10,0.671774050624203,0.8843776967592087,0.9619668838647306,瓶,0.671774050624203,个,0.21260364613500568,套,0.0775891871055219,盒,0.023004485095020386,OTHER,0.01071616614254788
109012604,非电热金属处理用炉,C 前3个>=90%,73337237.0,11,0.6772817684691339,0.880415435340167,0.974806014303484,套,0.6772817684691339,个,0.20313366687103304,千克,0.0943905789633171,千瓦时,0.015997270663469364,批,0.004583539464406056
109022101,制浆设备,C 前3个>=90%,71969499.96,14,0.7064002732859893,0.8946328801198468,0.9917456289076598,个,0.7064002732859893,千克,0.18823260683385748,套,0.09711274878781304,批,0.0031938715723710026,UNKNOWN,0.001836457528167603
109022205,印刷用辅助机械,C 前3个>=90%,70534183.33,18,0.7203122222638769,0.8931537418567571,0.940989317328217,个,0.7203122222638769,套,0.17284151959288022,千克,0.04783557547145985,平方米,0.015203852080951003,批,0.0121181583119919
109021401,烹煮、调制、腌制食品设备,C 前3个>=90%,70417827.74,19,0.7729955828938497,0.8722259003327785,0.912595377512564,个,0.7729955828938497,套,0.09923031743892874,批,0.040369477179785555,UNKNOWN,0.03679168945065786,千瓦时,0.017219815477369626
106040304,教学或学生绘图用具、量具及类似器具,C 前3个>=90%,68386456.74000013,16,0.7110469531251234,0.8370366547521181,0.9249650317531574,个,0.7110469531251234,套,0.1259897016269946,OTHER,0.08792837700103924,千克,0.03673097305728309,副,0.015221726195840894
109023605,收获后处理机械,C 前3个>=90%,67584267.66,10,0.7336442044388057,0.8751929999088786,0.9937701974945097,个,0.7336442044388057,千克,0.14154879547007287,套,0.11857719758563114,UNKNOWN,0.005174044228150478,千米,0.000587118886892737
109021699,其他酒及饮料加工机械,C 前3个>=90%,65493056.04,15,0.4707120678743639,0.8851925577360796,0.9652593305676502,个,0.4707120678743639,套,0.4144804898617157,瓶,0.08006677283157057,千克,0.014028741145303258,OTHER,0.012623089988274123
109010202,航空器用发动机,C 前3个>=90%,62791917.57999999,18,0.7334061423005199,0.8838317294466037,0.9183454911459322,个,0.7334061423005199,套,0.1504255871460838,千克,0.034513761699328564,盒,0.029354179184791832,项,0.023929525612681572
109022802,棉纺前纺设备,C 前3个>=90%,62525809.27,11,0.6456606692713343,0.8185578711822724,0.9206369046968753,个,0.6456606692713343,套,0.1728972019109382,千克,0.10207903351460293,UNKNOWN,0.04314625338714948,OTHER,0.02364717893718515
109013303,喷射机械,C 前3个>=90%,61583307.8,20,0.6908543295233648,0.8769843959242476,0.9562961872924923,个,0.6908543295233648,套,0.18613006640088275,千克,0.07931179136824475,批,0.012838914118867775,桶,0.011400699557746068
104010304,亚麻印染布,C 前3个>=90%,58615741.07,12,0.8179741822719908,0.8910312676526226,0.9386075942347545,千米,0.8179741822719908,UNKNOWN,0.07305708538063187,千克,0.04757632658213187,个,0.04490410548348628,套,0.010239555434149184
301990100,其他旅客运输服务,C 前3个>=90%,58441741.97,14,0.6111897104014403,0.8487250492201577,0.9134021562430851,UNKNOWN,0.6111897104014403,千克,0.2375353388187173,OTHER,0.06467710702292744,个,0.04700961773881225,批,0.02269710236701899
109060503,热学分析仪器,C 前3个>=90%,58361255.01999999,15,0.4931570909524967,0.7418057018335861,0.9871923607581118,个,0.4931570909524967,OTHER,0.24864861088108936,套,0.2453866589245257,千克,0.007675010413098551,UNKNOWN,0.0027027657295228607
105010701,天然软木,C 前3个>=90%,57832167.320000015,15,0.4818703114791032,0.8336717094350806,0.9140996996963316,个,0.4818703114791032,立方米,0.3518013979559774,套,0.08042799026125101,平方米,0.047856191255742114,千克,0.017407182657182833
108041802,暖气分布器及零件,C 前3个>=90%,56124073.07000001,17,0.43546235551218176,0.8382971278887619,0.9225721833377979,个,0.43546235551218176,千米,0.40283477237658005,套,0.084275055449036,平方米,0.03715187113022551,OTHER,0.02341049585551756
107030708,细胞因子,C 前3个>=90%,55976625.07,13,0.5566968153408896,0.829740081005566,0.9145135033772409,个,0.5566968153408896,盒,0.27304326566467646,瓶,0.08477342237167493,UNKNOWN,0.04758903179083712,OTHER,0.030559277338725772
109050105,载波通信设备,C 前3个>=90%,55353270.819999985,15,0.4563827437072127,0.865414759242948,0.9163419320773571,个,0.4563827437072127,套,0.4090320155357353,OTHER,0.05092717283440922,批,0.04504646397695927,千米,0.021331802484440797
304070303,电影放映服务,C 前3个>=90%,55277206.150000006,12,0.5657293144508897,0.8434635555472987,0.9396925725414942,UNKNOWN,0.5657293144508897,个,0.27773424109640893,批,0.09622901699419552,OTHER,0.017968437067979418,次,0.011914033755846756
106040901,电动游乐设备,C 前3个>=90%,52721154.800000004,14,0.6926217050541541,0.8879189260475,0.9729402310057138,套,0.6926217050541541,个,0.1952972209933459,批,0.08502130495821386,OTHER,0.009164093272099572,UNKNOWN,0.008390711502396756
109021902,配制、加工饲料用机械,C 前3个>=90%,52189002.49,11,0.6201129478610197,0.7964441408506406,0.9359935854179227,个,0.6201129478610197,千克,0.176331192989621,套,0.13954944456728208,UNKNOWN,0.04275746658364613,OTHER,0.008383302594906524
108041305,锌丝制品,C 前3个>=90%,51824483.65,7,0.5903163017814265,0.8007981221825449,0.9488590864136859,千克,0.5903163017814265,卷,0.21048182040111846,个,0.14806096423114096,平方米,0.033816367797038345,千米,0.009912973633650473
109011607,其他相关物料搬运设备,C 前3个>=90%,51569142.98999999,18,0.4624962312176675,0.7321812454265879,0.9498251619092885,个,0.4624962312176675,套,0.2696850142089205,千克,0.21764391648270057,UNKNOWN,0.03358589457916451,千米,0.011005224579940225
110020201,人工煤气,C 前3个>=90%,51170964.82,9,0.6468061584616415,0.8629669251954512,0.9618188467449733,立方米,0.6468061584616415,OTHER,0.21616076673380966,千克,0.0988519215495222,瓶,0.03153910534376358,UNKNOWN,0.0046409130809896655
105011005,草制品,C 前3个>=90%,50535716.45999999,13,0.828173133216127,0.8956215872753058,0.9507872357569421,个,0.828173133216127,OTHER,0.06744845405917889,千克,0.05516564848163627,套,0.02089084085382729,千米,0.013495670938786966
106020499,其他磁介质复制品,C 前3个>=90%,47818460.68,16,0.45877971243803745,0.8293172060761534,0.9235886430043905,千克,0.45877971243803745,个,0.370537493638116,立方米,0.09427143692823697,盒,0.021478474534617747,OTHER,0.015965420867663106
109020502,玻璃材料加工机床,C 前3个>=90%,46169311.85,16,0.5287466089880652,0.7707905024796249,0.9082019183268377,个,0.5287466089880652,批,0.24204389349155958,套,0.1374114158472128,千克,0.04870107501938,OTHER,0.031035153927684106
306030101,一年期以上的返还性人身保险和健康保险服务,C 前3个>=90%,45502254.400000036,12,0.8417115456151992,0.8968475155376038,0.9372693782398615,UNKNOWN,0.8417115456151992,元,0.05513596992240451,次,0.04042186270225764,份,0.034865588769597285,月,0.02163591085719918
109022703,日用杂品生产专用设备,C 前3个>=90%,44977498.12,18,0.47157236077051945,0.8762725851235054,0.9214922234985355,个,0.47157236077051945,千克,0.40470022435298586,套,0.04521963837503019,OTHER,0.04027285699989931,批,0.011555379728177734
101011301,盆栽花,C 前3个>=90%,44970256.449999996,21,0.7094475884404255,0.8680963583875669,0.9039925726285244,OTHER,0.7094475884404255,UNKNOWN,0.1586487699471414,批,0.035896214240957486,平方米,0.027788279157122755,千克,0.016494523681996928
109025307,警棍及类似警用器械,C 前3个>=90%,43552489.07999999,14,0.6102437798946576,0.8521183657684991,0.9274535495733371,个,0.6102437798946576,套,0.24187458587384145,批,0.07533518380483802,OTHER,0.03437292498369419,UNKNOWN,0.014213785780713872
109024305,洁牙、补牙设备,C 前3个>=90%,43127968.33999999,11,0.8233109647102843,0.8963712024464912,0.9413357274320425,个,0.8233109647102843,盒,0.07306023773620682,OTHER,0.04496452498555142,套,0.04357915437108208,UNKNOWN,0.005938202977265497
109025304,灭火器用装配药及灭火弹,C 前3个>=90%,43068958.82,16,0.7240600983722596,0.8449856371522101,0.9393004588077942,千克,0.7240600983722596,OTHER,0.12092553877995049,个,0.09431482165558418,套,0.03016543412228232,批,0.012615605644678085
109020402,建筑材料专用窑炉,C 前3个>=90%,40836129.23,14,0.4771773132622149,0.7908053608145564,0.9560836559728951,个,0.4771773132622149,套,0.31362804755234147,千克,0.16527829515833867,批,0.016552462065954728,千米,0.012498416466589286
106050307,漆画工艺品,C 前3个>=90%,40353066.28,14,0.6323601892589561,0.8301959525837549,0.9365393650080759,千克,0.6323601892589561,个,0.19783576332479882,桶,0.10634341242432097,OTHER,0.03421198132554897,套,0.024987503874017873
109031900,非金属船舶,C 前3个>=90%,40053239.08,13,0.6768303800812107,0.8660252692851627,0.9474866690357069,OTHER,0.6768303800812107,套,0.189194889203952,个,0.08146139975054423,UNKNOWN,0.026089899943243244,副,0.009986707921450831
109021901,饲料粉碎机（饲料专用设备）,C 前3个>=90%,39780414.9500001,8,0.6249177672290731,0.8232513356424911,0.9815075051146496,千克,0.6249177672290731,个,0.19833356841341798,套,0.15825616947215843,批,0.015268672304284208,副,0.002986494739919743
109062701,打字机及文字处理机,C 前3个>=90%,38315017.39,17,0.7044044387421848,0.8167311616089026,0.921549696574469,个,0.7044044387421848,包,0.11232672286671774,箱,0.10481853496556641,套,0.046514747777855574,OTHER,0.018276109674499615
109024803,医用家具零件,C 前3个>=90%,37327885.86,15,0.47482633992387596,0.7780505188246416,0.9116200544447337,批,0.47482633992387596,个,0.30322417890076564,套,0.13356953562009205,盒,0.05696313978173957,副,0.015975685369286542
108040401,手工锯,C 前3个>=90%,37011038.75,19,0.7517528602193041,0.8666365036836475,0.9153508030087374,个,0.7517528602193041,千克,0.11488364346434347,套,0.048714299325089874,盒,0.029231096627894564,OTHER,0.0237424195504375
102051101,天然宝石类矿石,C 前3个>=90%,36180699.9,12,0.391881940625477,0.725426128365195,0.9685781106185842,个,0.391881940625477,OTHER,0.3335441877397181,千克,0.24315198225338916,立方米,0.018943801581903615,套,0.004096613951904231
106040106,修正液,C 前3个>=90%,36135751.17000003,14,0.5170541498390555,0.8852348271248073,0.9347548924911417,OTHER,0.5170541498390555,个,0.36818067728575177,盒,0.0495200653663345,瓶,0.03361591445229115,袋,0.009484854442006047
108040502,林业、园艺专用工具,C 前3个>=90%,35975565.53999999,15,0.6910660198616574,0.8793626013974818,0.9391762112101603,个,0.6910660198616574,套,0.18829658153582435,千克,0.05981360981267844,批,0.021102149989995687,盒,0.015389689687696847
109012602,机械加煤机,C 前3个>=90%,35278876.72,7,0.4274016953451346,0.838710228923638,0.9704905938966643,套,0.4274016953451346,个,0.4113085335785034,千克,0.13178036497302628,OTHER,0.021442723531249666,项,0.006802937687183823
304050102,有形动产融资租赁售后回租服务,C 前3个>=90%,35232253.290000014,6,0.6327441108152863,0.8754617235552917,0.9934185390275387,期,0.6327441108152863,UNKNOWN,0.24271761274000553,批,0.11795681547224703,次,0.004671855604725642,个,0.0011461004116776427
103011402,其他蛋品,C 前3个>=90%,33997177.66,11,0.7716239592695648,0.862404358479915,0.9174252119374311,千克,0.7716239592695648,个,0.09078039921035022,盒,0.0550208534575161,箱,0.05357425249281708,袋,0.0070601084125405025
103020903,冰棍,C 前3个>=90%,33882686.77,12,0.49783347036501846,0.8560315640517902,0.905199684965833,箱,0.49783347036501846,个,0.3581980936867717,OTHER,0.049168120914042844,盒,0.03650482644413975,袋,0.0232693335493713
109032104,船用环保设备,C 前3个>=90%,33135744.27,16,0.41367533435518034,0.7622161700730679,0.9540455132803934,套,0.41367533435518034,OTHER,0.34854083571788746,个,0.19182934320732556,千克,0.01650843136471369,批,0.009417926377544438
108020403,铸铁空心异型管,C 前3个>=90%,33055743.770000003,12,0.45023569318404116,0.8977320364194001,0.975673958341552,千克,0.45023569318404116,个,0.447496343235359,千米,0.07794192192215192,套,0.014284103945303541,平方米,0.005929371953139385
108041114,钼丝,C 前3个>=90%,32424726.84999999,11,0.37647274336252434,0.6892847064955304,0.9745713376765115,OTHER,0.37647274336252434,千米,0.3128119631330061,千克,0.285286631180981,盒,0.010699363532186548,个,0.007524830081953337
108040410,打孔冲及类似手工工具,C 前3个>=90%,32403190.84,16,0.45878171669589807,0.8424589971646138,0.9334743516265387,套,0.45878171669589807,个,0.38367728046871574,千克,0.09101535446192494,OTHER,0.02318874347005513,副,0.021828817214101254
109012902,发酵、提取设备,C 前3个>=90%,31698860.19,11,0.5193125633328962,0.830810325107781,0.9813980939230735,个,0.5193125633328962,套,0.3114977617748848,千克,0.15058776881529254,批,0.017429648785109834,UNKNOWN,0.0005867718867023401
107030107,计划生育用药,C 前3个>=90%,31338890.42,12,0.3693489732684671,0.7276807409060784,0.926402796362948,个,0.3693489732684671,千克,0.3583317676376112,套,0.19872205545686963,盒,0.03537294891884688,包,0.01450122687528131
108041105,铅丝,C 前3个>=90%,30736994.06,17,0.6223160866889272,0.8769281640678432,0.9240322041432572,平方米,0.6223160866889272,千克,0.25461207737891595,个,0.04710404007541394,箱,0.04150821799651284,OTHER,0.023546055889109928
105011002,藤制品,C 前3个>=90%,30381976.14000002,11,0.47829606813719294,0.7357738465395294,0.971972716781944,个,0.47829606813719294,千克,0.2574777784023365,套,0.23619887024241462,OTHER,0.025879683940795813,UNKNOWN,0.0010661452649011257
108011201,玻璃计、量器,C 前3个>=90%,30315054.350000013,17,0.7447474937481021,0.8790017287236036,0.9256860966175374,个,0.7447474937481021,千克,0.13425423497550149,套,0.046684367893933834,盒,0.021559719552341816,批,0.012834755811678096
106040902,非电动游乐设备,C 前3个>=90%,29710037.79,10,0.5487574033139593,0.8425103238483629,0.969300464158043,套,0.5487574033139593,个,0.29375292053440366,批,0.12679014030968017,OTHER,0.011061402961615015,UNKNOWN,0.009921159040033656
108010803,玻纤胎沥青瓦,C 前3个>=90%,29184087.62,10,0.5707408512091083,0.8288957422613441,0.9760841692538752,千克,0.5707408512091083,平方米,0.2581548910522357,个,0.14718842699253107,OTHER,0.015924897363640795,卷,0.0021423489681806265
109020406,复合材料成型设备,C 前3个>=90%,28885887.18,15,0.7141340333933964,0.8157482414566435,0.9080335129246324,个,0.7141340333933964,套,0.10161420806324703,千米,0.09228527146798889,千克,0.03801122649126126,平方米,0.02298154513528776
109025001,地质钻探机,C 前3个>=90%,28372419.799999997,10,0.47517805865821855,0.8455264996466745,0.914838388229403,套,0.47517805865821855,个,0.370348440988456,UNKNOWN,0.0693118885827285,千米,0.04197875995053479,OTHER,0.03518018579437486
108013002,泥炭制品,C 前3个>=90%,28262689.68,14,0.8665502231845614,0.8949008157527915,0.9181885851566269,千克,0.8665502231845614,千米,0.028350592568230047,平方米,0.023287769403835454,包,0.022522223015824447,立方米,0.021229401971058263
101020301,原竹,C 前3个>=90%,28090621.51,14,0.42166937480480116,0.7240656531134188,0.9469395527802973,立方米,0.42166937480480116,个,0.3023962783086176,千克,0.2228738996668785,套,0.021377597494104002,车,0.017575082837674103
104030605,人造毛皮制品,C 前3个>=90%,27773851.790000003,10,0.5107786175019405,0.8500362250258843,0.9314935726457262,千米,0.5107786175019405,个,0.33925760752394374,千克,0.08145734761984195,车,0.020111002399786332,套,0.01832117143302434
109024005,农产品清洁、分选机械,C 前3个>=90%,27661969.16999999,11,0.7160496748540045,0.8965988363871782,0.988483962293419,个,0.7160496748540045,OTHER,0.1805491615331737,套,0.09188512590624079,UNKNOWN,0.010092412376150446,次,0.0008510449800345869
108012802,天然石制磨具,C 前3个>=90%,26820333.58,17,0.7200664507916982,0.8938245536169055,0.9258034452083053,个,0.7200664507916982,卷,0.1737581028252073,套,0.031978891591399806,千克,0.01901414792172022,副,0.013736219905733179
106050399,其他漆器工艺品,C 前3个>=90%,26600406.3,15,0.659129802464709,0.8870761921407193,0.9443962226246145,千克,0.659129802464709,个,0.22794638967601027,桶,0.05732003048389528,批,0.013400930646687152,UNKNOWN,0.011322654120512438
109024616,医用低温设备,C 前3个>=90%,25931413.65,12,0.8009585867679837,0.8830566562652477,0.9418987541390749,个,0.8009585867679837,袋,0.08209806949726399,立方米,0.05884209787382726,套,0.026531488382624292,盒,0.024940211464329475
108011203,耐热玻璃制仪器和器皿,C 前3个>=90%,25879124.19,15,0.6235741411309329,0.8956391224768105,0.9553108060570732,个,0.6235741411309329,千克,0.2720649813458776,套,0.059671683580262605,瓶,0.01656112343112489,盒,0.009339171535541828
106050207,锡制工艺品,C 前3个>=90%,25441715.949999996,10,0.7222229635025856,0.8928644921059266,0.948129739259981,千克,0.7222229635025856,个,0.17064152860334092,箱,0.05526524715405449,批,0.03895291504502471,卷,0.0056229933657442645
109022601,合成洗涤剂专用设备,C 前3个>=90%,25214820.75,16,0.7393718652550803,0.8868972875803609,0.9233545033232093,UNKNOWN,0.7393718652550803,个,0.14752542232528065,套,0.03645721574284838,桶,0.02514974491738158,千克,0.020202205879254566
109010704,切断机,C 前3个>=90%,25043982.57,10,0.7068532463045872,0.8707894724429206,0.9812870657176791,个,0.7068532463045872,套,0.1639362261383334,UNKNOWN,0.11049759327475844,批,0.01243372531224374,副,0.005322651843707939
101030299,其他活家禽,C 前3个>=90%,24967089.98999999,12,0.5955468248784886,0.8552895555129931,0.9647027530900489,千克,0.5955468248784886,个,0.2597427306345044,批,0.10941319757705575,UNKNOWN,0.02898852090050885,箱,0.001995838522629526
101011207,芹菜等叶菜类蔬菜,C 前3个>=90%,24367610.18,18,0.5344298428858074,0.8289103412602279,0.9086559517507844,千克,0.5344298428858074,袋,0.2944804983744205,批,0.07974561049055652,箱,0.03967875359371823,OTHER,0.014284589971227116
109032101,船用甲板机械,C 前3个>=90%,24325618.9,11,0.3910913493756987,0.6915385301872011,0.9035178582856118,个,0.3910913493756987,套,0.3004471808115024,OTHER,0.2119793280984107,批,0.03406798911907643,千克,0.027515393246582517
303020500,卫星电视信号落地转接服务,C 前3个>=90%,23909252.35,8,0.5884486270855726,0.796713326337032,0.9233011407820119,元,0.5884486270855726,月,0.20826469925145943,次,0.1265878144449799,UNKNOWN,0.048916192898018414,个,0.023670032492672233
101039900,其他饲养动物,C 前3个>=90%,23884032.72,13,0.702060769493034,0.8270708209781753,0.9083073316941931,千克,0.702060769493034,批,0.12501005148514133,个,0.08123651071601781,UNKNOWN,0.03668713865335887,OTHER,0.02814460220685881
107029904,动物用化妆盥洗品,C 前3个>=90%,23305538.6,13,0.625325268818289,0.8863324651934885,0.9792785033511305,瓶,0.625325268818289,个,0.2610071963751995,千克,0.09294603815764206,桶,0.007030612886157456,UNKNOWN,0.005193246638805421
109060303,电力负荷控制系统,C 前3个>=90%,21617019.42,10,0.685975388738398,0.8771415138970162,0.9410563674277348,个,0.685975388738398,套,0.19116612515861817,项,0.06391485353071862,平方米,0.04142522253421743,UNKNOWN,0.015568748098945824
109024306,口腔综合治疗设备配件,C 前3个>=90%,21612842.62,16,0.624104923038578,0.8329760340428556,0.9082555578244431,个,0.624104923038578,套,0.20887111100427752,盒,0.07527952378158759,副,0.026069129818148833,瓶,0.019532845698387816
109012605,其他电炉,C 前3个>=90%,21212368.01,12,0.5983043903451494,0.8158666162043452,0.9689363252754541,个,0.5983043903451494,项,0.2175622258591958,套,0.153069709071109,OTHER,0.0141261927880347,批,0.005515650112464742
106050502,人造纤维编织工艺品,C 前3个>=90%,21148612.669999998,15,0.714589836970143,0.8288340754788621,0.9353431385151941,个,0.714589836970143,平方米,0.11424423850871918,千克,0.10650906303633202,套,0.029728918383940504,OTHER,0.017755475777976884
107030706,抗血清类,C 前3个>=90%,20963987.080000002,10,0.5516707392475648,0.7876482348986449,0.9484556632344574,瓶,0.5516707392475648,OTHER,0.23597749565108012,UNKNOWN,0.16080742833581252,个,0.03364786561392982,盒,0.014165623593772988
109032105,海上救生设备,C 前3个>=90%,20651638.25,19,0.4194042668745662,0.7481106933489888,0.9203665893188885,套,0.4194042668745662,个,0.3287064264744226,OTHER,0.17225589596989963,批,0.03137809175986317,副,0.018883489788031706
106040502,墨汁类似品,C 前3个>=90%,20569624.5,17,0.6333209845420367,0.7832557045462837,0.9058187255678877,盒,0.6333209845420367,个,0.14993472000424704,卷,0.12256302102160396,瓶,0.017758587182765535,UNKNOWN,0.016119519342708468
109042306,照相闪光灯源,C 前3个>=90%,20110240.22,12,0.718404694919154,0.8846137398352769,0.9759724724959055,个,0.718404694919154,盒,0.16620904491612284,套,0.09135873266062856,包,0.015412373328676232,OTHER,0.0034457932497039064
101011208,瓜类蔬菜,C 前3个>=90%,20085319.0,14,0.7987693454109441,0.8823157954324747,0.925623235060394,千克,0.7987693454109441,袋,0.08354645002153066,个,0.043307439627919275,箱,0.033223896518646275,OTHER,0.016193951910845918
109061103,气象、水文仪器及装置零件、附件,C 前3个>=90%,19964113.96999999,12,0.4289100304109311,0.728530207844731,0.9685130068409442,UNKNOWN,0.4289100304109311,个,0.2996201774337999,套,0.23998279899621322,项,0.01720687432040342,千米,0.007022481949896425
109020303,捣固机（车）,C 前3个>=90%,19703103.0,7,0.6193379119014908,0.8852995728642336,0.949851587843803,个,0.6193379119014908,立方米,0.26596166096274276,UNKNOWN,0.06455201497956946,千克,0.030021435202363812,套,0.01949509678754661
301020402,水路货物运输程租业务,C 前3个>=90%,19585874.03,7,0.5502921056007628,0.7817655728075771,0.9484162923516974,千克,0.5502921056007628,UNKNOWN,0.23147346720681425,套,0.16665071954412033,项,0.03944169143622333,月,0.0121311920844617
106050604,手工染织工艺品及机织工艺品,C 前3个>=90%,19529810.25,13,0.5829528282283234,0.8562836390077062,0.9120847674390488,个,0.5829528282283234,千米,0.27333081077938276,千克,0.055801128431342537,套,0.03582221184151034,UNKNOWN,0.023888288417958387
101020403,栲胶原料,C 前3个>=90%,19484137.05,16,0.7852721488632723,0.8834874506284588,0.9260783186700074,千克,0.7852721488632723,套,0.09821530176518646,个,0.0425908680415487,UNKNOWN,0.02180986455338036,次,0.021802351261946188
106041008,棋类娱乐用品,C 前3个>=90%,18772632.95,11,0.7127574137116446,0.8636812701331809,0.9321641426968827,副,0.7127574137116446,个,0.15092385642153625,盒,0.06848287256370184,套,0.030649300581994283,UNKNOWN,0.0191987192718217
101011210,菜豆等豆类蔬菜,C 前3个>=90%,18260411.23,15,0.6750593108083032,0.8907353112222325,0.9223057913575805,千克,0.6750593108083032,个,0.21567600041392934,箱,0.03157048013534797,桶,0.02363933618815878,OTHER,0.022477329498783692
106050899,其他陈设艺术陶瓷制品,C 前3个>=90%,18037012.499999996,14,0.5763039305982629,0.8440958911571415,0.9168635460002037,个,0.5763039305982629,千克,0.26779196055887855,平方米,0.0727676548430623,套,0.02970993727481201,UNKNOWN,0.02547754679440401
106051203,已加工刷类制品材料,C 前3个>=90%,17101550.66,18,0.48979390971789216,0.8425486031335125,0.9160821852630759,个,0.48979390971789216,千克,0.3527546934156204,套,0.07353358212956344,OTHER,0.023213739963858927,包,0.022465579738252812
109023802,饲料（草）加工机械设备,C 前3个>=90%,16685509.879999999,7,0.6888559044741641,0.8800780327127768,0.9427775940401769,批,0.6888559044741641,个,0.1912221282386127,套,0.0626995613274001,UNKNOWN,0.048138116591975554,千克,0.006562340664893125
106020501,唱片复制品,C 前3个>=90%,16220395.98,7,0.6176267892813798,0.8232065805584605,0.9853539395528369,个,0.6176267892813798,盒,0.20557979127708076,UNKNOWN,0.1621473589943764,套,0.010907940855337861,OTHER,0.0018098362109159802
103021101,木糖,C 前3个>=90%,16110949.67,12,0.809966454944552,0.8911552033915577,0.9369599656877334,千克,0.809966454944552,袋,0.08118874844700574,包,0.04580476229617568,个,0.033484882086407756,箱,0.023724955252746437
109022902,皮革鞣制加工机械,C 前3个>=90%,15711407.56,9,0.5949461895316017,0.8847798013585486,0.9674687650964354,个,0.5949461895316017,平方米,0.28983361182694695,千克,0.08268896373788677,套,0.02358763838215906,千米,0.004684748945561692
106051003,民间工艺品,C 前3个>=90%,15548016.329999998,14,0.3527839489991067,0.6736478170395643,0.9139945455665726,个,0.3527839489991067,OTHER,0.32086386804045763,套,0.2403467285270082,副,0.029897797901270926,UNKNOWN,0.016041346671263758
304020102,软件咨询服务,C 前3个>=90%,15496425.19,10,0.5673779302128197,0.7910190698632993,0.9007011080856901,UNKNOWN,0.5673779302128197,次,0.2236411396504796,OTHER,0.10968203822239082,批,0.06812044178299938,月,0.013540542249408942
109060507,电泳仪,C 前3个>=90%,14374209.16,12,0.7009572246964576,0.8878699758672497,0.9385069181781684,个,0.7009572246964576,套,0.18691275117079206,盒,0.05063694231091877,千克,0.022056754320945195,包,0.019498053554133754
105011003,柳（荆）条制品,C 前3个>=90%,14090627.749999998,9,0.373906153329471,0.6886929420160148,0.902836119561813,套,0.373906153329471,个,0.3147867886865438,OTHER,0.21414317754579815,千克,0.05876343372991314,千米,0.01742629245173268
106051005,工艺伞,C 前3个>=90%,13294656.03,7,0.8157129372530295,0.898259898041153,0.946782730714997,个,0.8157129372530295,UNKNOWN,0.08254696078812353,套,0.04852283267384391,OTHER,0.03708459014565419,批,0.01573402271769795
108041113,钨丝,C 前3个>=90%,12362498.66,10,0.5794736797973494,0.8574741248950721,0.9333997331248246,千克,0.5794736797973494,个,0.27800044509772265,OTHER,0.07592560822975247,千米,0.04661505378881069,卷,0.008883503490709377
109022501,玻壳加工机械,C 前3个>=90%,12135015.219999999,13,0.7106621082589791,0.885809551543356,0.9417864718590769,个,0.7106621082589791,套,0.1751474432843769,UNKNOWN,0.05597692031572088,OTHER,0.04053563354327627,月,0.009407035585077743
106050209,金属丝编织工艺品,C 前3个>=90%,11805648.04,9,0.7876518839536741,0.8971210893392008,0.9614080388932211,千克,0.7876518839536741,个,0.10946920538552664,平方米,0.06428694955402042,卷,0.013563135158483008,千米,0.013167595668894768
109032000,游艇,C 前3个>=90%,11785224.8,15,0.6611710962017457,0.8323951190137671,0.9247218305076369,OTHER,0.6611710962017457,项,0.17122402281202137,个,0.09232671149386985,套,0.04906772418969895,UNKNOWN,0.018752293974061487
109021104,矿物材料用模具,C 前3个>=90%,11338537.97,14,0.4736671398208494,0.8983812725195646,0.9582796475831707,个,0.4736671398208494,套,0.4247141326987151,副,0.05989837506360619,千米,0.029520844828991647,批,0.006114103968556009
109024004,纺织纤维初加工机械,C 前3个>=90%,11131674.5,9,0.5809216286372729,0.8886504559579065,0.992213423955219,千克,0.5809216286372729,个,0.30772882732063356,套,0.10356296799731253,千米,0.0058960159138681245,次,0.0014085931096889332
109024402,气体消毒灭菌设备,C 前3个>=90%,11008859.379999999,11,0.5057235093868554,0.8223876323143662,0.9535604405185891,个,0.5057235093868554,套,0.3166641229275108,千克,0.1311728082042229,瓶,0.018429238034285804,UNKNOWN,0.011271552820942655
109061201,农、林专用仪器,C 前3个>=90%,10838807.55,13,0.484003099584511,0.8431455690898395,0.910098607664641,个,0.484003099584511,套,0.3591424695053285,包,0.06695303857480152,OTHER,0.03092775643940647,立方米,0.027705999817295397
108011402,盥洗用玻璃器具,C 前3个>=90%,10565038.03,12,0.5726263921456041,0.7947374960845266,0.9209397658931096,个,0.5726263921456041,套,0.22211110393892258,平方米,0.12620226980858298,千克,0.030070612060068468,OTHER,0.02519982883582673
106050699,其他抽纱刺绣工艺品,C 前3个>=90%,10352802.86,5,0.44011769871565004,0.8444804395705454,0.9953945157997531,个,0.44011769871565004,千米,0.40436274085489543,千克,0.15091407622920774,套,0.004168050003803511,UNKNOWN,0.0004374341964433002
109042601,粒子加速器,C 前3个>=90%,9711744.82,8,0.5557365437449786,0.7969651482255481,0.9541671802286913,千克,0.5557365437449786,UNKNOWN,0.24122860448056951,个,0.15720203200314317,OTHER,0.03460901168941546,批,0.010789076725349955
102050800,云母,C 前3个>=90%,9449675.14,11,0.7364458488675624,0.869959106340242,0.9735346034339971,千克,0.7364458488675624,个,0.13351325747267961,立方米,0.10357549709375512,套,0.010721003473564911,平方米,0.009989697910398217
108040409,白铁剪及类似工具,C 前3个>=90%,9332191.2,14,0.6788382261177847,0.889366917385919,0.9607921042166389,个,0.6788382261177847,千克,0.21052869126813434,套,0.0714251868307199,平方米,0.013408704056556408,OTHER,0.007411723411753503
109010402,风力提水机组,C 前3个>=90%,9167083.84,8,0.5017953452032572,0.8392231994684147,0.9568057403083597,UNKNOWN,0.5017953452032572,个,0.3374278542651575,套,0.11758254083994502,批,0.019971454739089633,千克,0.011545438205570071
105010603,木质保温容器,C 前3个>=90%,8372156.249999999,12,0.6336725512020873,0.8248580812141437,0.9487188190019746,立方米,0.6336725512020873,批,0.19118553001205635,个,0.12386073778783095,套,0.027279099097081476,千米,0.008903292983811668
109061301,测震仪器,C 前3个>=90%,8368542.099999999,4,0.4002232670849561,0.7101937827378558,0.9965027337318408,UNKNOWN,0.4002232670849561,套,0.30997051565289974,个,0.28630895099398496,OTHER,0.0034972662681591834,,
301020102,国际水路旅客运输服务,C 前3个>=90%,8270536.74,6,0.625887208137836,0.8198090720288609,0.9118816936662324,千克,0.625887208137836,UNKNOWN,0.19392186389102478,OTHER,0.09207262163737151,个,0.08445038356724596,票,0.0030454722337646006
109061606,新型材料测试仪器,C 前3个>=90%,8150208.400000001,8,0.7867871673072802,0.8941256213767491,0.984824688654587,个,0.7867871673072802,套,0.10733845406946893,千克,0.09069906727783794,批,0.007997341515831667,平方米,0.006119403032688096
304040600,代理报关服务,C 前3个>=90%,8127304.76,10,0.4117123460742476,0.6635953245587409,0.9044015177302149,UNKNOWN,0.4117123460742476,个,0.2518829784844933,次,0.240806193171474,批,0.03799625326219464,票,0.03375873405785758
109061199,其他气象、水文仪器及装置,C 前3个>=90%,8073621.519999999,7,0.4788169213064623,0.7916491210502026,0.960793785141417,套,0.4788169213064623,个,0.3128321997437402,UNKNOWN,0.16914466409121445,瓶,0.023781149453733625,批,0.010466182962710891
105010506,木制盖屋板,C 前3个>=90%,7927841.94,7,0.5528034379555251,0.775085367052613,0.9013689808755192,个,0.5528034379555251,平方米,0.2222819290970879,套,0.12628361382290626,立方米,0.0769138782804744,UNKNOWN,0.018764004268228385
106050208,金属制民间刀剑工艺品,C 前3个>=90%,7834567.989999998,13,0.6287450688139347,0.8077086264459108,0.9393581062023562,个,0.6287450688139347,批,0.1789635576319761,千克,0.13164947975644542,套,0.033319562780385045,UNKNOWN,0.009710954081591935
109020809,再生橡胶设备,C 前3个>=90%,7639327.0600000005,5,0.48214155004380715,0.7430842292017277,0.9991781213252572,千克,0.48214155004380715,个,0.26094267915792047,套,0.2560938921235295,平方米,0.0007854094939090092,包,3.646918083384167e-05
110030202,工业人造冰,C 前3个>=90%,7631971.28,10,0.5829583493925307,0.803603237615957,0.9455470343436616,千克,0.5829583493925307,瓶,0.22064488822342632,个,0.14194379672770466,盒,0.016511591222864247,袋,0.01564176483641065
109060402,绘图工具,C 前3个>=90%,7560222.889999997,12,0.5325836193699839,0.8900825435849021,0.9562695300376256,个,0.5325836193699839,套,0.35749892421491825,千克,0.06618698645272351,批,0.013816828090897734,盒,0.006894143302169233
103030803,边销茶,C 前3个>=90%,7518400.24,13,0.4504667139135971,0.8349825693770194,0.903592311281369,瓶,0.4504667139135971,千克,0.3845158554634224,批,0.06860974190434958,袋,0.051127170372616396,个,0.016145060933866962
109025104,邮政计费、缴费设备,C 前3个>=90%,7508440.41,12,0.3511100609507268,0.6495736935601517,0.9197015935297275,UNKNOWN,0.3511100609507268,千瓦时,0.29846363260942493,个,0.2701278999695757,千克,0.055185239194033904,批,0.011525163053135291
103011109,暂时保藏水果及坚果（原料）,C 前3个>=90%,7373397.849999969,13,0.46268218118733595,0.8165344014361064,0.9192986704223477,千克,0.46268218118733595,箱,0.35385222024877055,UNKNOWN,0.10276426898624129,OTHER,0.027736249170387688,盒,0.015951770458174922
109020203,修井设备,C 前3个>=90%,6923883.66,8,0.4533505838831498,0.7242958152188248,0.9597356319531227,套,0.4533505838831498,个,0.270945231335675,OTHER,0.23543981673429792,项,0.018637950366716588,千米,0.009324246791287074
106020503,非音像复制品,C 前3个>=90%,6733610.41,10,0.4312693552462296,0.7072436805859101,0.9114188550151061,个,0.4312693552462296,套,0.2759743253396806,项,0.204175174429196,UNKNOWN,0.031085607460916348,千瓦时,0.029704777648399766
109020812,橡胶干燥、去水、刺孔机械,C 前3个>=90%,6724573.26,7,0.43085876798076556,0.7881535593531477,0.9574800200778837,个,0.43085876798076556,套,0.3572947913723822,包,0.169326460724736,千克,0.03677299814263604,千米,0.005063518335437095
106020104,地图、地图册,C 前3个>=90%,6670929.719999999,10,0.47538777548386474,0.8493104226557494,0.9389721257624043,套,0.47538777548386474,个,0.37392264717188467,批,0.08966170310665485,UNKNOWN,0.04871223407222466,份,0.007819692634987017
107021007,美工塑型用膏,C 前3个>=90%,6580238.7700000005,10,0.7709640663996756,0.8898962066083204,0.9855006401234282,个,0.7709640663996756,千克,0.11893214020864473,箱,0.09560443351510783,桶,0.006764268221227479,盒,0.0035641989325563635
106020403,软磁盘复制品,C 前3个>=90%,6554181.53,9,0.5214713438063715,0.7744149512441105,0.9276552903166232,个,0.5214713438063715,套,0.2529436074377391,UNKNOWN,0.1532403390725127,副,0.06374016619585451,千克,0.005401229709302849
301030200,航天运输服务,C 前3个>=90%,6407327.890000001,8,0.3629599077689779,0.7186100382323339,0.9344326921905037,UNKNOWN,0.3629599077689779,批,0.35565013046335603,千克,0.21582265395816974,次,0.0326552665310843,票,0.026827617214389192
106010509,神纸及类似用品,C 前3个>=90%,6109678.319999999,12,0.7029062800150827,0.8402802866387244,0.9586051365139631,千克,0.7029062800150827,箱,0.1373740066236417,个,0.1183248498752386,批,0.023377662868509258,千米,0.007035558624958835
109030601,排气量在1.0升以下（含1.0升）的乘用车底盘（车架）改装、改制的车辆,C 前3个>=90%,6046981.22,6,0.6311153054978398,0.8812781082194265,0.9885136752582804,套,0.6311153054978398,个,0.25016280272158675,UNKNOWN,0.10723556703885381,次,0.00829464954084974,批,0.0016537177206579782
101020404,非直接食用果类,C 前3个>=90%,6045889.45,11,0.42735151235687907,0.7460996661128165,0.9660869171201931,份,0.42735151235687907,箱,0.31874815375593746,千克,0.2199872510073766,UNKNOWN,0.014902356509347023,瓶,0.008105672524329732
106051101,桑拿浴箱,C 前3个>=90%,5824505.390000001,9,0.6371497477487956,0.8742576766677179,0.9740900917940434,个,0.6371497477487956,套,0.2371079289189223,千克,0.09983241512632542,项,0.01716883980770082,盒,0.005066593302611743
109020802,橡胶初加工机械,C 前3个>=90%,5776191.44,10,0.6403076522685335,0.8154809114152213,0.980066103903232,个,0.6403076522685335,套,0.17517325914668783,平方米,0.16458519248801073,批,0.010370501154996345,千克,0.006232480411002443
109020205,原油稳定站专用设备,C 前3个>=90%,5720818.68,6,0.5204334618065539,0.8262862755160771,0.973759787121937,套,0.5204334618065539,千米,0.30585281370952316,个,0.1474735116058599,批,0.022971799553696045,OTHER,0.0026566127769670897
109024301,牙钻机,C 前3个>=90%,5284374.359999999,8,0.511390491267163,0.8120050752800942,0.9444710877750909,个,0.511390491267163,千克,0.30061458401293134,批,0.13246601249499668,套,0.03747785196656658,袋,0.015633744767469503
102020602,油母页岩,C 前3个>=90%,5248008.92,11,0.6598103305053071,0.8978386263870908,0.9349610575738122,千克,0.6598103305053071,个,0.2380282958817837,批,0.037122431186721386,套,0.02339758218246321,桶,0.016236633988038266
106040501,墨汁,C 前3个>=90%,5192316.419999998,15,0.7100207463858682,0.868863394500137,0.9168668653671918,瓶,0.7100207463858682,个,0.15884264811426885,OTHER,0.04800347086705475,盒,0.024720421410681294,千米,0.016086461849333912
104010308,大麻织物,C 前3个>=90%,5176314.51,12,0.4623315942987398,0.711121295448487,0.9466067702288825,个,0.4623315942987398,千克,0.2487897011497472,千米,0.23548547478039544,平方米,0.02147926672253151,OTHER,0.01778654481332897
106050605,工艺织锦,C 前3个>=90%,5152704.28,6,0.5782233441116477,0.789981054375587,0.9292341884599672,千米,0.5782233441116477,个,0.21175771026393933,OTHER,0.13925313408438023,套,0.04128876186933048,千克,0.02934546827903735
109011204,缆索起重机,C 前3个>=90%,4986411.71,7,0.6783795355718832,0.8609067922311614,0.9937478086822478,个,0.6783795355718832,套,0.18252725665927816,OTHER,0.13284101645108642,UNKNOWN,0.004411990280682218,千米,0.0014461300869999761
109024604,透热疗法设备,C 前3个>=90%,4955094.09,6,0.41714779627928317,0.8162779387303218,0.925830449770531,个,0.41714779627928317,盒,0.3991301424510387,套,0.10955251104020913,袋,0.05742072599069455,包,0.016163567945487792
107021806,空白磁盘,C 前3个>=90%,4944859.44,7,0.4500082311743122,0.7639583077815453,0.9140544629919752,个,0.4500082311743122,套,0.3139500766072331,OTHER,0.15009615521043,盒,0.05233091114921559,UNKNOWN,0.03276129523309564
109050403,无中心选址通信系统设备,C 前3个>=90%,4942666.27,4,0.4883160966479738,0.8605210867291675,0.9954373775674725,套,0.4883160966479738,个,0.3722049900811936,UNKNOWN,0.13491629083830498,批,0.004562622432527697,,
109020409,矿石烘干机,C 前3个>=90%,4863447.72,4,0.39772684551444093,0.7354214388470901,0.9761486075972459,个,0.39772684551444093,套,0.33769459333264923,千克,0.2407271687501557,UNKNOWN,0.023851392402754152,,
102040401,铀矿石,C 前3个>=90%,4756771.96,5,0.7494996585877958,0.8980520815212676,0.9624905289762934,个,0.7494996585877958,千克,0.14855242293347187,立方米,0.06443844745502578,套,0.01985043655529789,UNKNOWN,0.017659034468408698
109025502,清淤机械,C 前3个>=90%,4586438.47,6,0.7986501059502931,0.8829316247210006,0.9537605265202653,个,0.7986501059502931,OTHER,0.08428151877070751,UNKNOWN,0.07082890179926475,套,0.04589541566443385,瓶,0.00018053223768638065
302019900,其他邮政普遍服务,C 前3个>=90%,4372712.87,10,0.6171163783731356,0.8003958215532225,0.9464498888992909,UNKNOWN,0.6171163783731356,月,0.18327944318008696,次,0.14605406734606838,批,0.03140663567054656,项,0.012686119955550615
107021612,桃胶粉,C 前3个>=90%,4341992.91,8,0.6806181772415653,0.826298120325581,0.9631823443028146,千克,0.6806181772415653,包,0.14567994308401577,份,0.13688422397723354,桶,0.02826766476686854,个,0.005051597378126534
306011002,个人贷款,C 前3个>=90%,4134265.85,7,0.821082446838778,0.8718290624682494,0.9140448406335554,UNKNOWN,0.821082446838778,笔,0.050746615629471435,次,0.04221577816530594,个,0.037247038673141934,批,0.031025174638926522
108041115,铂丝,C 前3个>=90%,4097576.280000001,8,0.7046338036689338,0.8874491922820287,0.9680262206125422,千克,0.7046338036689338,UNKNOWN,0.1828153886130949,OTHER,0.08057702833051346,个,0.02156396707763058,卷,0.00565578244708113
109024006,农用包装机械,C 前3个>=90%,4029982.95,6,0.5704542124675738,0.7907713232384767,0.9641447614561247,个,0.5704542124675738,批,0.22031711077090288,套,0.17337343821764803,千克,0.03579419610199591,千米,5.2109401604292145e-05
107021609,竹材热解产品,C 前3个>=90%,3998764.0,6,0.7654575763911049,0.8949102272602234,0.9973999465834943,千克,0.7654575763911049,平方米,0.12945265086911856,个,0.10248971932327089,瓶,0.002138160691653721,包,0.0004396358474768704
109061303,其他地震专用仪器,C 前3个>=90%,3872169.52,3,0.36852712481451483,0.724841592162525,1.0,套,0.36852712481451483,个,0.35631446734801014,UNKNOWN,0.275158407837475,,,,
107021805,空白磁带,C 前3个>=90%,3137190.38,9,0.500597340222623,0.8615616595126752,0.9375112995214527,盒,0.500597340222623,OTHER,0.3609643192900522,个,0.07594964000877755,套,0.03115526575087866,UNKNOWN,0.019345191922971537
106051106,养生理疗枕,C 前3个>=90%,3093264.12,6,0.5894618562348953,0.7486074936271527,0.9018594603554255,个,0.5894618562348953,UNKNOWN,0.15914563739225734,千克,0.1532519667282728,OTHER,0.06670650548909479,套,0.02968733559034073
102050513,天青石,C 前3个>=90%,3075156.5,6,0.4868428094635184,0.8514159523263287,0.9220790226448637,UNKNOWN,0.4868428094635184,千克,0.3645731428628104,套,0.07066307031853501,立方米,0.06694267429966573,个,0.01052304167283844
103011600,微生物蛋白,C 前3个>=90%,2990956.38,11,0.5545762456087708,0.8650810514327862,0.9225877409820333,千克,0.5545762456087708,个,0.3105048058240154,箱,0.05750668954924712,瓶,0.020696724437017703,OTHER,0.01971275823153262
109032603,潜水服,C 前3个>=90%,2923613.87,11,0.5091890298085089,0.8931829667369857,0.9684323019031238,个,0.5091890298085089,UNKNOWN,0.3839939369284768,项,0.07524933516613806,千米,0.026288526261506618,副,0.0024887007394037296
109023901,渔业养殖机械,C 前3个>=90%,2914215.05,6,0.43707877014772817,0.804986148843065,0.9573125874838921,个,0.43707877014772817,UNKNOWN,0.36790737869533685,套,0.15232643864082715,千克,0.03988391316557095,千瓦时,0.002082893642320597
307050200,养老服务,C 前3个>=90%,2770860.5,6,0.5373384910572004,0.8260574648200442,0.9962372699744357,千克,0.5373384910572004,立方米,0.2887189737628437,UNKNOWN,0.17017980515439157,元,0.0016240442274159958,OTHER,0.0014168883637411555
109041204,除霜器,C 前3个>=90%,2645890.51,7,0.48170450938274084,0.8797537544363467,0.9838957810843051,套,0.48170450938274084,个,0.39804924505360584,千克,0.10414202664795832,OTHER,0.011712502797404116,批,0.0036207091577648088
106041007,飞镖器材及配件,C 前3个>=90%,2558300.41,11,0.5018609483786152,0.7735080494319273,0.924529648963313,批,0.5018609483786152,个,0.27164710105331213,套,0.15102159953138575,UNKNOWN,0.057951431122195696,OTHER,0.011787798603370434
109061799,其他纺织相关专用测试仪器,C 前3个>=90%,2556841.49,10,0.6515514538212535,0.8489571991418208,0.9908216836703474,个,0.6515514538212535,套,0.19740574532056734,平方米,0.14186448452852662,包,0.005319062622063443,副,0.0013454099573454589
306011003,票据贴现,C 前3个>=90%,2522845.51,7,0.7405058029098263,0.8547626762924536,0.9263451649086512,笔,0.7405058029098263,次,0.1142568733826274,个,0.07158248861619751,元,0.03107602098076945,千克,0.0276435198760942
109060309,扩大量限装置,C 前3个>=90%,2501538.89,7,0.5665583635999358,0.8941527109338683,0.9990600266062623,套,0.5665583635999358,OTHER,0.3275943473339325,个,0.10490731567239395,UNKNOWN,0.0005784879082971202,千米,0.00025584251460507973
101020407,野生植物活体,C 前3个>=90%,2269291.03,11,0.4086735538720215,0.7528033149630879,0.9092086571196645,OTHER,0.4086735538720215,盒,0.3441297610910664,千克,0.15640534215657656,立方米,0.07428917127478357,包,0.010763220616969523
109022803,毛、麻预处理机械,C 前3个>=90%,1908067.2000000002,3,0.4469240915623936,0.7927798350079074,0.9999999999999999,个,0.4469240915623936,千克,0.34585574344551384,套,0.2072201649920925,,,,
108012202,食品用陶瓷容器,C 前3个>=90%,1897907.01,10,0.7364924164540602,0.82880726068871,0.9030852939417723,个,0.7364924164540602,套,0.09231484423464982,UNKNOWN,0.07427803325306227,千克,0.05708394006089897,OTHER,0.039284827764032554
109010708,软管加工机,C 前3个>=90%,1840256.43,8,0.6304592507251829,0.8166667511657602,0.9844161989967888,个,0.6304592507251829,千米,0.18620750044057718,OTHER,0.16774944783102863,套,0.01441049169435588,卷,0.0007913027642566096
107021607,紫胶类产品,C 前3个>=90%,1771165.45,11,0.6407346078255987,0.855634429860858,0.9329609156502009,千克,0.6407346078255987,个,0.21489982203525934,盒,0.07732648578934283,UNKNOWN,0.03672727468797452,瓶,0.013917858436093592
108032103,镉材,C 前3个>=90%,1562167.3399999999,5,0.46803884659373307,0.8055080321932733,0.9406644873269467,立方米,0.46803884659373307,千克,0.3374691855995402,个,0.13515645513367347,平方米,0.059276620134690566,OTHER,5.889253836275953e-05
106050803,陶瓷壁画,C 前3个>=90%,1456408.3699999999,8,0.4315782942115336,0.793564678566081,0.9060956165749035,套,0.4315782942115336,箱,0.3619863843545475,平方米,0.11253093800882236,千克,0.07482310747774679,个,0.008457881905745982
106020402,录像带复制品,C 前3个>=90%,1249980.6500000001,9,0.7265908716266927,0.8738619513830073,0.9731802888308709,OTHER,0.7265908716266927,个,0.14727107975631462,千米,0.09931833744786368,UNKNOWN,0.010435361539396629,套,0.006100790440236014
302010300,报刊发行服务,C 前3个>=90%,1187393.95,6,0.40963174016509013,0.8174291691481164,0.9808782923308645,UNKNOWN,0.40963174016509013,份,0.40779742898302623,个,0.16344912318274823,批,0.011700413329544083,套,0.005053082845840675
102050517,明矾石,C 前3个>=90%,1039564.36,9,0.47883793361288374,0.8772121718370568,0.9923289886544397,千克,0.47883793361288374,套,0.39837423822417306,个,0.115116816817383,千米,0.00581974549416065,袋,0.0011847558914005094
106050602,抽纱工艺品,C 前3个>=90%,1020712.39,11,0.5906580892978089,0.8945674011069857,0.9302287689483225,个,0.5906580892978089,批,0.30390931180917674,千米,0.03566136784133678,UNKNOWN,0.03095569360140715,OTHER,0.024198785320907096
106050804,陶瓷制塑像,C 前3个>=90%,909928.7,6,0.639675416326576,0.836174328823786,0.9467035164403541,千克,0.639675416326576,UNKNOWN,0.19649891249720997,个,0.1105291876165682,千米,0.04061417119824883,套,0.00646204477339818
109031806,非机动船,C 前3个>=90%,738416.0,4,0.6094125804424606,0.8074039565773222,0.931453272951832,UNKNOWN,0.6094125804424606,套,0.19799137613486165,OTHER,0.12404931637450976,个,0.06854672704816797,,
109021805,薯类加工机械,C 前3个>=90%,661391.11,5,0.5625234968761524,0.8113529678377442,0.9197328189065015,个,0.5625234968761524,套,0.24882947096159186,千克,0.1083798510687572,OTHER,0.06737314627648987,副,0.012894034817008654
109021807,养蚕机械,C 前3个>=90%,532210.8,5,0.5585192934829583,0.7955785564667233,0.9971064097158493,副,0.5585192934829583,个,0.23705926298376506,套,0.2015278532491261,瓶,0.0016910592569711097,桶,0.001202531027179456
102050306,红柱石,C 前3个>=90%,529219.4,4,0.6494667429047386,0.8640450444560422,0.998582818392523,千克,0.6494667429047386,个,0.21457830155130367,套,0.13453777393648078,袋,0.0014171816074769745,,
302010200,邮票发行服务,C 前3个>=90%,453253.93,4,0.45324467456906553,0.7585018181750791,0.9085280959395102,个,0.45324467456906553,批,0.3052571436060135,套,0.1500262777644311,UNKNOWN,0.0914719040604899,,
109061504,放射性物体加工计量仪器,C 前3个>=90%,392160.0,4,0.632609139126887,0.7881680946552427,0.9184006527947777,个,0.632609139126887,套,0.15555895552835577,桶,0.13023255813953488,千克,0.08159934720522236,,
108032407,铪加工材,C 前3个>=90%,337904.9,6,0.5557368360151037,0.7833748489589822,0.9964282849997144,千克,0.5557368360151037,平方米,0.22763801294387856,千米,0.21305343604073215,个,0.0029005202351312454,箱,0.0006510707598498867
302010400,邮政汇兑,C 前3个>=90%,318137.5,4,0.5233586106636281,0.8555734548740717,0.9796314486660641,个,0.5233586106636281,OTHER,0.3322148442104436,元,0.12405799379199246,卷,0.020368551333935798,,
107021614,阿拉伯糖,C 前3个>=90%,296830.88,7,0.6579991946929511,0.8438962954258667,0.9661881540087743,千克,0.6579991946929511,个,0.18589710073291565,袋,0.12229185858290754,UNKNOWN,0.02820461267372182,瓶,0.002779360422338808
301020401,水路旅客运输程租业务,C 前3个>=90%,257806.72,10,0.37899438773357036,0.6875480980480261,0.9956956901666489,UNKNOWN,0.37899438773357036,千克,0.3085537103144557,平方米,0.30814759211862286,OTHER,0.0015415036504866902,袋,0.0011260373662874265
109042205,固体燃料家用器具,C 前3个>=90%,245551.46,8,0.7295001218889108,0.896818206660225,0.9500707509537919,个,0.7295001218889108,箱,0.16731808477131432,罐,0.053252544293566816,桶,0.02621853683948774,套,0.014579428686760812
109025501,地平线开凿机系统,C 前3个>=90%,167724.1,7,0.6028994044385988,0.8841410387654487,0.9699963213396285,平方米,0.6028994044385988,个,0.28124163432684984,套,0.08585528257417986,批,0.01842311271904276,千米,0.011447371009890647
102050308,夕线石,C 前3个>=90%,67364.35,7,0.6542533253864988,0.8563038164845351,0.9602163458862142,千克,0.6542533253864988,个,0.20205049109803627,箱,0.10391252940167907,批,0.02516167676226372,OTHER,0.011133485293037043
