product_id,product_name,class,v_prod,n_units,top1,top2,top3,unit1,share1,unit2,share2,unit3,share3,unit4,share4,unit5,share5
102010100,原煤,A 首要单位>=90%,363319813012.4861,19,0.994592199903529,0.9994758038052958,0.9997755328158676,千克,0.994592199903529,UNKNOWN,0.004883603901766802,个,0.0002997290105718822,OTHER,0.00012273799393085552,千瓦时,3.979712221062684e-05
108030100,铜,A 首要单位>=90%,301687433770.98,22,0.9943400105291809,0.9975408048497195,0.9988116664805785,千克,0.9943400105291809,个,0.003200794320538712,UNKNOWN,0.001270861630858962,OTHER,0.00047192722878236845,平方米,0.0002592924841802349
109050501,移动通信手持机（手机）,A 首要单位>=90%,270928982158.9611,21,0.9878626047890597,0.9967395640132343,0.9996563850658051,个,0.9878626047890597,UNKNOWN,0.008876959224174528,套,0.00291682105257082,批,0.0001903640588958774,OTHER,0.00011162073371459745
108020708,热轧薄板,A 首要单位>=90%,151938919425.8853,17,0.9981001067738539,0.9993488614242619,0.999617192820844,千克,0.9981001067738539,OTHER,0.0012487546504080381,个,0.00026833139658215445,千米,0.00016401005259413697,套,0.0001342404745867694
109050901,电子计算机整机,A 首要单位>=90%,138222143366.13507,21,0.9755136496284792,0.9939462434286608,0.9990141953098889,个,0.9755136496284792,套,0.01843259380018158,UNKNOWN,0.005067951881228114,批,0.0004575444393054773,项,0.00018271349787773268
108020799,其他钢材,A 首要单位>=90%,123722527505.41045,23,0.9557789198894657,0.9836484846769512,0.9895384696789986,千克,0.9557789198894657,个,0.027869564787485434,套,0.005889985002047366,千米,0.0040968032653551315,UNKNOWN,0.002432077096256877
107010101,汽油,A 首要单位>=90%,116021338592.18398,23,0.904559184719138,0.9963912205467941,0.9990183565710161,千克,0.904559184719138,立方米,0.09183203582765612,UNKNOWN,0.0026271360242220024,OTHER,0.0004478117294894616,个,0.00018942949156906854
108020705,钢筋,A 首要单位>=90%,114783703636.66328,19,0.9973970973295458,0.9985393681946731,0.9991259565071542,千克,0.9973970973295458,UNKNOWN,0.001142270865127295,套,0.0005865883124810876,个,0.00038282359726177277,OTHER,0.00018178029069472297
110010101,发电,A 首要单位>=90%,114223408191.70702,27,0.9130897074658182,0.9397286405876436,0.9619771984432919,千瓦时,0.9130897074658182,个,0.02663893312182539,UNKNOWN,0.02224855785564826,OTHER,0.019083589245799636,套,0.008567253182039316
102010200,洗煤,A 首要单位>=90%,104915088417.15742,13,0.9955263959647965,0.9998772450124421,0.9999285171403055,千克,0.9955263959647965,UNKNOWN,0.004350849047645545,OTHER,5.127212786340561e-05,个,3.846901663974602e-05,套,2.179407418997744e-05
109030501,乘用车,A 首要单位>=90%,88871608665.10364,20,0.9515860947534636,0.9967078177856197,0.9983378210033169,个,0.9515860947534636,UNKNOWN,0.04512172303215616,批,0.0016300032176972746,OTHER,0.0012405616339096774,套,0.00026904977900285934
102020101,天然原油,A 首要单位>=90%,88682773269.10677,21,0.99800986664362,0.9992584371305487,0.9995799708933867,千克,0.99800986664362,UNKNOWN,0.0012485704869287604,桶,0.0003215337628379885,OTHER,0.00023176081187491768,立方米,7.666132367810377e-05
109041501,房间空气调节器,A 首要单位>=90%,72923769551.98178,21,0.9033416575034813,0.9774632863957027,0.9945466728258272,个,0.9033416575034813,套,0.07412162889222142,UNKNOWN,0.017083386430124477,OTHER,0.0034723863732119987,批,0.0014759758731046732
107010199,其他石油制品,A 首要单位>=90%,72420682673.76512,22,0.9776568436090319,0.9924805846277843,0.9957057410024179,千克,0.9776568436090319,个,0.01482374101875241,桶,0.0032251563746335575,立方米,0.0013801439770888746,OTHER,0.0013326383467543975
107021301,初级形态塑料,A 首要单位>=90%,65697472756.90242,21,0.9854085771879013,0.99471943618004,0.9964276068398044,千克,0.9854085771879013,个,0.009310858992138692,UNKNOWN,0.0017081706597644152,平方米,0.001592316332110222,套,0.0010158173012639223
107021303,合成纤维单体,A 首要单位>=90%,65577070089.63677,13,0.9985837254913208,0.9999688786773672,0.9999913709127752,千克,0.9985837254913208,UNKNOWN,0.001385153186046423,个,2.249223540806286e-05,千米,3.8211593582341725e-06,瓶,1.1519479329464254e-06
107010104,燃料油,A 首要单位>=90%,65270266619.81421,16,0.9963019924368914,0.9977982569100403,0.9990294015706975,千克,0.9963019924368914,UNKNOWN,0.0014962644731488556,立方米,0.0012311446606572169,桶,0.00045780473626080766,个,0.0004000488663749095
108010102,水泥,A 首要单位>=90%,61810074406.52739,21,0.9924256482319284,0.9943808449486429,0.9963135162344342,千克,0.9924256482319284,UNKNOWN,0.0019551967167144835,立方米,0.0019326712857912949,个,0.0017517006742583708,OTHER,0.0004620443594815721
102030100,铁矿石,A 首要单位>=90%,58315328613.495285,17,0.9934770913408657,0.9957795533690751,0.998041499461226,千克,0.9934770913408657,UNKNOWN,0.002302462028209331,OTHER,0.0022619460921508997,个,0.0010405758948281167,套,0.0006235362617536034
108020600,轧制、锻造钢坯,A 首要单位>=90%,57736224133.48809,16,0.9912090822403686,0.9993876623571415,0.9995635828679552,千克,0.9912090822403686,个,0.008178580116772857,OTHER,0.00017592051081367403,千米,0.00013057334170981603,套,0.00011104052934954748
109052201,视频设备,A 首要单位>=90%,56689542039.90402,17,0.9744376062373241,0.9950403601798105,0.9972299306069944,个,0.9744376062373241,UNKNOWN,0.02060275394248631,OTHER,0.0021895704271839246,套,0.002054078549234259,平方米,0.0002721361770510052
108020707,钢板,A 首要单位>=90%,54165227698.03836,22,0.9710310912540235,0.9848416282005021,0.9888653975141689,千克,0.9710310912540235,个,0.013810536946478609,UNKNOWN,0.004023769313666762,OTHER,0.0037131298743440454,千米,0.0026419323709973718
108030602,原铝（电解铝）,A 首要单位>=90%,52851207723.85604,19,0.986890280578247,0.9943897934390714,0.9963526166316722,千克,0.986890280578247,个,0.007499512860824361,平方米,0.001962823192600736,UNKNOWN,0.0014808150310501654,套,0.000712050399733144
107010301,焦炭,A 首要单位>=90%,50514679716.87413,10,0.9989099066303607,0.9999721082075951,0.9999910375565558,千克,0.9989099066303607,UNKNOWN,0.0010622015772343157,箱,1.8929348960725643e-05,个,4.1348107356131225e-06,OTHER,1.907762269109432e-06
109041302,蓄电池,A 首要单位>=90%,49552240967.373146,22,0.9099443604766994,0.9467488874091415,0.9737556719794923,个,0.9099443604766994,千克,0.036804526932442225,UNKNOWN,0.027006784570350745,套,0.020212888193606764,OTHER,0.0055592150761309975
108030202,锌,A 首要单位>=90%,44658716730.275375,13,0.9929475948792688,0.9966626061851382,0.9989621112796895,千克,0.9929475948792688,OTHER,0.0037150113058694416,个,0.002299505094551224,UNKNOWN,0.000774553862233048,副,0.0001868480917263595
108020713,焊接钢管,A 首要单位>=90%,40286319034.00982,20,0.9482570077352426,0.9718830982549672,0.9929507047383496,千克,0.9482570077352426,千米,0.023626090519724637,个,0.021067606483382302,批,0.003263517791094807,套,0.002134503000191471
107020209,无环醇及其衍生物,A 首要单位>=90%,37831239620.76709,14,0.9991999078949155,0.9994795900648322,0.9997563970290441,千克,0.9991999078949155,UNKNOWN,0.000279682169916697,桶,0.00027680696421188394,瓶,9.845737765870608e-05,立方米,9.755980249716604e-05
108020710,钢带,A 首要单位>=90%,37252747851.84016,16,0.989358572230462,0.9972575547731,0.9984693359907597,千克,0.989358572230462,个,0.007898982542638018,千米,0.0012117812176597948,OTHER,0.00048317228510543706,副,0.0003625207779711586
102030200,锰矿石,A 首要单位>=90%,36363116447.63054,14,0.9806248964829773,0.9994728561452647,0.9999089142080501,千克,0.9806248964829773,OTHER,0.018847959662287403,UNKNOWN,0.0004360580627853049,个,5.5316569956642575e-05,套,2.4459122130824816e-05
108020709,冷轧薄板,A 首要单位>=90%,35806709724.959236,18,0.9903846395252566,0.9954936463875158,0.9978664847158559,千克,0.9903846395252566,个,0.005109006862259187,UNKNOWN,0.0023728383283400964,套,0.0006169676791762614,平方米,0.0005960616008061885
107060201,塑料粒料,A 首要单位>=90%,35471814372.60686,22,0.9935572060750116,0.9969977514867233,0.997849026978104,千克,0.9935572060750116,个,0.0034405454117117044,UNKNOWN,0.0008512754913805969,千米,0.0007770699544686879,套,0.00047660976449023876
107029999,其他未列明化学制品,A 首要单位>=90%,34433686495.04332,23,0.9104462362385651,0.9283559397677092,0.9448694859613859,千克,0.9104462362385651,卷,0.01790970352914406,个,0.016513546193676596,平方米,0.01617565845801763,立方米,0.011740104916929403
108020900,废旧物资冶炼、提纯金属及合金,A 首要单位>=90%,31359299181.346863,12,0.9974431227312555,0.9986057853799216,0.999099219406995,千克,0.9974431227312555,个,0.0011626626486661955,OTHER,0.0004934340270733503,UNKNOWN,0.0004924623995996489,批,0.0002695781668407701
109041801,家用洗衣机,A 首要单位>=90%,30933244885.55044,13,0.9806000060866513,0.9983468039314469,0.9998448250359459,个,0.9806000060866513,UNKNOWN,0.017746797844795548,OTHER,0.0014980211044989722,千克,6.109028257107179e-05,批,5.445176171848379e-05
107010111,石油气，相关烃类气石油气,A 首要单位>=90%,30769912576.288048,14,0.9834250573021291,0.9888150582887533,0.9940008235346457,千克,0.9834250573021291,立方米,0.005390000986624147,UNKNOWN,0.0051857652458924385,瓶,0.002981306523899789,OTHER,0.002908142458916778
109041401,家用冷藏冷冻箱,A 首要单位>=90%,30176757262.29974,16,0.9973338020084574,0.9990158819895879,0.9997426933938139,个,0.9973338020084574,OTHER,0.0016820799811304602,UNKNOWN,0.0007268114042260518,批,0.0001442865103812741,套,8.604422359363173e-05
107030709,诊断用生物制品,A 首要单位>=90%,29649435722.336,22,0.9184609104304466,0.971825804139152,0.9870948011481828,个,0.9184609104304466,盒,0.05336489370870532,OTHER,0.015268997009030822,千克,0.007033637915634947,套,0.0015161969494396224
108010301,商品混凝土,A 首要单位>=90%,29516834328.41121,22,0.9439343170602493,0.966231360458184,0.9779317132634299,立方米,0.9439343170602493,千克,0.02229704339793473,OTHER,0.011700352805245843,批,0.01140591786128447,UNKNOWN,0.00843142618259367
107020202,环烃,A 首要单位>=90%,29348804384.55526,17,0.9983201333555276,0.9990846957821079,0.9995267643739579,千克,0.9983201333555276,UNKNOWN,0.0007645624265803131,桶,0.00044206859185003203,OTHER,0.00033018268695985564,瓶,6.425756145397491e-05
107020217,醚醇,A 首要单位>=90%,27968699236.145416,7,0.9997695659568709,0.9999310667863112,0.9999776590908077,千克,0.9997695659568709,UNKNOWN,0.00016150082944016523,桶,4.659230449659181e-05,个,1.4288964750668263e-05,瓶,6.84332048204489e-06
108031501,铜材,A 首要单位>=90%,26139174664.1139,22,0.962940265711323,0.9865925496961222,0.993151717678768,千克,0.962940265711323,个,0.02365228398479919,OTHER,0.006559167982645743,千米,0.00317129814377469,批,0.0009767414761166842
109030503,载货汽车,A 首要单位>=90%,25495104345.097572,20,0.993919441863434,0.9987499618732567,0.9996624626684821,个,0.993919441863434,UNKNOWN,0.004830520009822764,批,0.0009125007952254676,笔,9.306251870493844e-05,OTHER,7.947824099920624e-05
109031002,汽车底盘车架、车身及其零配件,A 首要单位>=90%,24582156690.633488,25,0.9252798313025021,0.9591413162178409,0.9812668346464068,个,0.9252798313025021,UNKNOWN,0.03386148491533884,套,0.022125518428565933,千克,0.007679351565947285,OTHER,0.002893131115973284
109061803,其他表,A 首要单位>=90%,23056493820.82506,13,0.9963541790802504,0.999133170907008,0.9996285135945447,个,0.9963541790802504,UNKNOWN,0.002778991826757669,套,0.0004953426875366599,批,0.0003410020864880423,盒,2.884154577199301e-05
108020800,铁合金,A 首要单位>=90%,23007497311.454216,15,0.9777053855625797,0.9889732498738619,0.9956779134347258,千克,0.9777053855625797,UNKNOWN,0.011267864311282207,OTHER,0.006704663560863908,个,0.002433250790971894,千米,0.0014641428775513561
107010102,煤油,A 首要单位>=90%,22946575475.95386,14,0.9975575776430979,0.9987625719704748,0.9993150909028325,千克,0.9975575776430979,UNKNOWN,0.0012049943273768873,桶,0.0005525189323577148,个,0.0003121884255362651,OTHER,0.00016524018993571135
107040302,涤纶纤维,A 首要单位>=90%,21984111443.017685,13,0.9819761902929504,0.9981957193455885,0.9992247814646694,千克,0.9819761902929504,千米,0.016219529052638144,个,0.0010290621190809236,平方米,0.00037983988524257334,UNKNOWN,0.00019762528126722665
104010102,纱,A 首要单位>=90%,21956281282.889782,20,0.9331956149541799,0.9657363491152349,0.9931960187576833,千克,0.9331956149541799,千米,0.03254073416105494,个,0.027459669642448416,UNKNOWN,0.0029262232986500152,平方米,0.001481095384345453
109051104,外存储设备及部件,A 首要单位>=90%,21631787253.31578,19,0.9825576833499615,0.9969023739551279,0.9985968992196105,个,0.9825576833499615,套,0.014344690605166403,UNKNOWN,0.0016945252644825072,项,0.00041029295364418785,千克,0.0003990611558163527
108030300,镍,A 首要单位>=90%,21155498255.185856,14,0.9970785455256307,0.9983558016996892,0.9992490816212105,千克,0.9970785455256307,OTHER,0.0012772561740584428,个,0.0008932799215213024,套,0.000379731141408711,UNKNOWN,0.0003145876871036868
108020706,线材（盘条）,A 首要单位>=90%,20612530128.19569,19,0.990372538766159,0.997110437587796,0.9986277856867132,千克,0.990372538766159,个,0.00673789882163701,千米,0.0015173480989171696,批,0.0003819529265495293,UNKNOWN,0.00029220267447115545
101010103,玉米,A 首要单位>=90%,20602673822.946396,24,0.9831676383777812,0.989940880638943,0.994153494090121,千克,0.9831676383777812,UNKNOWN,0.006773242261161817,个,0.004212613451177992,OTHER,0.002095449140239954,套,0.0016470297782622942
109010206,发动机零部件,A 首要单位>=90%,19061592137.261776,24,0.9368149516850617,0.9578422032486672,0.9751190785922079,个,0.9368149516850617,套,0.02102725156360548,千克,0.017276875343540707,桶,0.008066454512852574,OTHER,0.005554828572046232
109040401,变压器,A 首要单位>=90%,18908309786.876945,20,0.9194777654418597,0.9739602583859914,0.9836275115264251,个,0.9194777654418597,套,0.05448249294413177,千克,0.009667253140433757,UNKNOWN,0.009177740973242362,OTHER,0.005017312600362096
107020201,无环烃,A 首要单位>=90%,17910892252.66915,20,0.9953704122723867,0.9968854742975177,0.9981387735467026,千克,0.9953704122723867,平方米,0.0015150620251310198,UNKNOWN,0.0012532992491847946,瓶,0.0009082150050566993,桶,0.0002655572799788614
109041602,家用吸排油烟机,A 首要单位>=90%,17423248418.845325,12,0.9892150172853611,0.9961757553829245,0.9984108945931467,个,0.9892150172853611,UNKNOWN,0.006960738097563415,套,0.002235139210222218,OTHER,0.001347624798345093,副,0.0001272437806489661
102019900,其他煤炭采选产品（低热值燃料）,A 首要单位>=90%,17356465102.41777,22,0.9912862568697249,0.9992680336611098,0.9995672594681342,千克,0.9912862568697249,UNKNOWN,0.007981776791384947,个,0.00029922580702440447,套,0.00015061661372717212,平方米,7.498303811838438e-05
108031401,常用有色金属合金,A 首要单位>=90%,16926242353.20068,20,0.9041132575952733,0.9685573101965466,0.9829705233258752,千克,0.9041132575952733,个,0.06444405260127332,OTHER,0.014413213129328627,千米,0.007146639658067698,套,0.004106888784646252
104020199,其他服装,A 首要单位>=90%,16832368317.890364,25,0.9191093528701496,0.9589701418658,0.9765552573684435,个,0.9191093528701496,套,0.03986078899565035,批,0.017585115502643474,UNKNOWN,0.009658686630480386,千米,0.007367822840490988
109031100,汽车底盘,A 首要单位>=90%,16768798143.524122,17,0.9914133262482506,0.9990709829868994,0.9994169823559064,个,0.9914133262482506,套,0.007657656738648772,UNKNOWN,0.0003459993690069327,OTHER,0.00032914788855001564,桶,8.027818481633664e-05
109059900,其他未列明电子设备,A 首要单位>=90%,16438466576.502605,23,0.9335563503429098,0.9798147685906814,0.9864771447488593,个,0.9335563503429098,套,0.046258418247771584,OTHER,0.006662376158177897,UNKNOWN,0.0061372434558789645,批,0.0029945795045850914
107020402,氮肥,A 首要单位>=90%,16150837332.104008,13,0.993739665974274,0.9998759928236727,0.9999162369878969,千克,0.993739665974274,UNKNOWN,0.006136326849398719,包,4.024416422417759e-05,瓶,3.215909116230095e-05,桶,2.3804986376147716e-05
108020704,棒材,A 首要单位>=90%,16079121693.17758,18,0.9724094977288359,0.9927057558960233,0.9964034639809388,千克,0.9724094977288359,个,0.020296258167187355,UNKNOWN,0.0036977080849155118,套,0.0016108566957465612,OTHER,0.000928654511716265
103040202,乙类卷烟,A 首要单位>=90%,15548899947.431475,9,0.9992943844960976,0.9995462081556982,0.9997257545970402,个,0.9992943844960976,包,0.000251823659600525,UNKNOWN,0.00017954644134197544,千克,0.00015089778106055566,盒,0.00011038380062122398
108010101,硅酸盐水泥熟料,A 首要单位>=90%,14949598420.879774,17,0.9948831374222243,0.9973011333269711,0.9983975433418781,千克,0.9948831374222243,个,0.002417995904746793,UNKNOWN,0.0010964100149069849,套,0.0006784226543334788,OTHER,0.0005606791059968382
101010401,大豆,A 首要单位>=90%,14722920939.668207,16,0.990768599241081,0.9955302500226941,0.9973125039122692,千克,0.990768599241081,次,0.004761650781613168,UNKNOWN,0.001782253889575111,个,0.0017285064603741942,箱,0.0004928687383142331
108031102,白银（银锭）,A 首要单位>=90%,14627462976.686815,10,0.9926025409148761,0.9973697303626153,0.9999615485104666,千克,0.9926025409148761,个,0.004767189447739267,UNKNOWN,0.0025918181478513077,批,3.418227759638823e-05,套,2.300166451489175e-06
102040102,铅锌矿石,A 首要单位>=90%,14163112147.334932,16,0.9780704230556342,0.9937034378251252,0.9984672797157459,千克,0.9780704230556342,OTHER,0.015633014769490968,个,0.004763841890620782,UNKNOWN,0.0007181072963394422,箱,0.0002846934669481331
108020703,中小型型钢,A 首要单位>=90%,14019228887.591412,17,0.9680202555871874,0.9883774083441773,0.9938605119646498,千克,0.9680202555871874,个,0.020357152756989943,千米,0.005483103620472459,批,0.0016350785375404482,平方米,0.0011065174972630756
109051003,网络连接设备,A 首要单位>=90%,13850239542.213879,22,0.946573748252087,0.9862630775936849,0.9908066372664792,个,0.946573748252087,套,0.039689329341597954,UNKNOWN,0.004543559672794343,批,0.00237349196252004,OTHER,0.0023362084254966767
103010602,成品糖,A 首要单位>=90%,13078064861.805893,19,0.9773935856428496,0.9898329233139462,0.995237757852493,千克,0.9773935856428496,UNKNOWN,0.012439337671096631,袋,0.005404834538546753,箱,0.0017996445811629118,包,0.0016812595757864696
109051101,终端显示设备,A 首要单位>=90%,12346822405.315376,20,0.9477075507115602,0.9833748276208326,0.9927857426729355,个,0.9477075507115602,套,0.03566727690927243,平方米,0.009410915052102932,UNKNOWN,0.004377694955211928,批,0.001368285406082982
108020711,板带,A 首要单位>=90%,12278747124.443638,15,0.960837687519423,0.992640874215025,0.997251643337161,千克,0.960837687519423,OTHER,0.03180318669560203,个,0.0046107691221360225,千米,0.001151531014678628,平方米,0.0011291597297668373
109041805,家用电清洁器具,A 首要单位>=90%,12170475174.949886,17,0.9906551529322729,0.9974220355282848,0.9987183716941744,个,0.9906551529322729,UNKNOWN,0.006766882596011833,套,0.0012963361658895954,OTHER,0.0007146603794750521,千克,0.0002755526394237718
101010500,棉花,A 首要单位>=90%,12000290629.234247,19,0.988090144216279,0.9969022405395712,0.998190958569175,千克,0.988090144216279,千米,0.00881209632329212,个,0.001288718029603713,UNKNOWN,0.000845589669014334,盒,0.00065586533637105
109062201,照相机,A 首要单位>=90%,11959576921.973312,15,0.9855596881671105,0.9933653755928158,0.9988196033200691,个,0.9855596881671105,UNKNOWN,0.007805687425705259,套,0.005454227727253393,OTHER,0.0005295530449211766,批,0.00045434448328113904
109051906,电声器件,A 首要单位>=90%,11704376919.48018,21,0.9709388436377921,0.9893838828456082,0.9937078953965413,个,0.9709388436377921,套,0.018445039207816035,千米,0.004324012550933065,UNKNOWN,0.0032453770302008278,OTHER,0.0009388691973858616
109042201,家用燃气用具,A 首要单位>=90%,11583412649.524055,16,0.9605078189314923,0.9905998160992772,0.995851528587589,个,0.9605078189314923,UNKNOWN,0.030091997167784858,套,0.005251712488311805,OTHER,0.00199758341422122,千米,0.0014147740981915666
109040702,低压开关、保护控制装置,A 首要单位>=90%,11577779554.747028,20,0.9006763702595101,0.9611392302857248,0.9789485283683514,个,0.9006763702595101,套,0.06046286002621466,OTHER,0.01780929808262666,批,0.00915212479321297,UNKNOWN,0.006143746033011351
102040101,铜矿石,A 首要单位>=90%,11388608823.390944,19,0.985496985143466,0.9949199240517034,0.9969245954761116,千克,0.985496985143466,UNKNOWN,0.009422938908237463,个,0.0020046714244081405,千米,0.0013566877170584633,箱,0.0009787947038013168
108030201,铅,A 首要单位>=90%,11319088616.73102,13,0.9983529994936735,0.9994273302206539,0.9996644399589898,千克,0.9983529994936735,个,0.0010743307269803623,套,0.00023710973833588892,OTHER,0.00022262861218986363,UNKNOWN,9.199080026272019e-05
109052100,印制电路板,A 首要单位>=90%,11304157057.766397,21,0.9314187248699195,0.9577627730973198,0.980165051625906,个,0.9314187248699195,套,0.026344048227400295,平方米,0.02240227852858607,千克,0.011205171101147023,批,0.005199518795355699
104020401,皮革鞋靴,A 首要单位>=90%,11223237841.274204,19,0.9848356103882023,0.9920166006822394,0.9945432130229436,个,0.9848356103882023,OTHER,0.007180990294037048,平方米,0.0025266123407042098,UNKNOWN,0.0018256099212545752,千克,0.0017144450700079315
109041701,家用电热烹调器具,A 首要单位>=90%,11087405367.654482,17,0.9682057961039631,0.9860496615217108,0.9939417047696677,个,0.9682057961039631,套,0.01784386541774774,UNKNOWN,0.007892043247956925,OTHER,0.00569609656172287,批,0.00028929328226623164
107020216,醚,A 首要单位>=90%,11076888166.666695,12,0.9998378227539706,0.9998826092240095,0.9999102235553106,千克,0.9998378227539706,UNKNOWN,4.4786470038864176e-05,瓶,2.761433130106139e-05,袋,2.2673823412408683e-05,份,2.004172983059061e-05
107021304,合成纤维聚合物,A 首要单位>=90%,10937168040.102716,18,0.9894525512687786,0.9950052865436596,0.9967714302829104,千克,0.9894525512687786,个,0.005552735274880991,千米,0.0017661437392508022,立方米,0.0013477281729559643,套,0.0009782465653666484
106010202,涂布类印刷用纸,A 首要单位>=90%,10685050012.291576,22,0.9559686367779896,0.9740546033869432,0.9841124681391565,千克,0.9559686367779896,令,0.018085966608953598,平方米,0.010057864752213343,个,0.009935599310306431,卷,0.0014080948484062083
108020100,生铁,A 首要单位>=90%,10444827038.360157,19,0.983615407126139,0.9922006260155748,0.9956076971415343,千克,0.983615407126139,个,0.008585218889435755,UNKNOWN,0.00340707112595952,千米,0.001632381130053041,套,0.001047970229427393
109041804,电热水器,A 首要单位>=90%,10280553123.35532,14,0.9781101721579973,0.9893913748005415,0.9954378331267547,个,0.9781101721579973,套,0.011281202642544164,UNKNOWN,0.006046458326213154,OTHER,0.003020672167362832,批,0.0010691329356063292
304080301,劳务派遣服务,A 首要单位>=90%,10115057060.646597,18,0.9298504949050069,0.9560986302431758,0.9679706576944995,UNKNOWN,0.9298504949050069,个,0.026248135338168853,项,0.011872027451323807,元,0.009993359695433426,月,0.00803155199759375
109010201,汽车用发动机,A 首要单位>=90%,9808838894.57478,24,0.9527914804663492,0.96975597224771,0.9816391038264544,个,0.9527914804663492,千克,0.016964491781360853,套,0.0118831315787443,UNKNOWN,0.005373759003359848,立方米,0.004203161641270735
107030201,冻干粉针剂,A 首要单位>=90%,9773347695.346064,14,0.9818166456453573,0.9938708999570786,0.9992462341177168,个,0.9818166456453573,瓶,0.012054254311721298,盒,0.00537533416063826,千克,0.0005586093853015898,袋,8.800715341574774e-05
107020301,活性炭、硫磺、磷,A 首要单位>=90%,9658488864.846098,20,0.9826547408696373,0.9955830071098103,0.9979090316351127,千克,0.9826547408696373,个,0.012928266240172953,UNKNOWN,0.002326024525302347,立方米,0.001424440704152194,箱,0.00020752820219874674
109051201,微机板卡,A 首要单位>=90%,9553730546.623013,17,0.9923893120294566,0.9978527897096676,0.9994420749485594,个,0.9923893120294566,套,0.00546347768021103,UNKNOWN,0.0015892852388917633,千克,0.00021449823961138675,OTHER,9.742528075557106e-05
101020201,原木,A 首要单位>=90%,9482728313.920898,16,0.9320403938704145,0.960572031151629,0.9885907626579303,立方米,0.9320403938704145,个,0.02853163728121457,千克,0.028018731506301332,UNKNOWN,0.009773238005136955,平方米,0.0006585223886698728
107020213,羧酸及其衍生物,A 首要单位>=90%,9432817370.533096,14,0.9947494773570911,0.9977000490584993,0.9994860354694544,千克,0.9947494773570911,UNKNOWN,0.002950571701408223,桶,0.0017859864109550493,瓶,0.00030515597637349577,OTHER,0.000125527272102455
104020499,其他鞋,A 首要单位>=90%,9334212627.858412,20,0.9820257973581349,0.9877591430323986,0.9921147820086844,个,0.9820257973581349,千米,0.005733345674263775,千克,0.004355638976285764,OTHER,0.0037688817913592776,UNKNOWN,0.0020162210671716887
108020702,大型型钢,A 首要单位>=90%,9272239987.741764,17,0.9846389610601379,0.9947753424032131,0.9974175166970707,千克,0.9846389610601379,个,0.010136381343075195,OTHER,0.0026421742938576047,UNKNOWN,0.0012603678820642787,千米,0.0009661399488682927
107020106,纯碱类,A 首要单位>=90%,9221184078.832973,14,0.9975840654967298,0.9991702870334445,0.9996740184371654,千克,0.9975840654967298,UNKNOWN,0.0015862215367146658,卷,0.0005037314037209707,袋,6.919416392567069e-05,盒,6.398450514334088e-05
108031201,稀有金属,A 首要单位>=90%,9218588044.67626,16,0.9888711911937886,0.998634471380023,0.9989653415723065,千克,0.9888711911937886,个,0.009763280186234404,OTHER,0.00033087019228348333,UNKNOWN,0.0002622684448293846,项,0.0002218234495445244
108013001,沥青混合物,A 首要单位>=90%,9205873088.61654,17,0.9639996464451613,0.981350109605502,0.9941815872039291,千克,0.9639996464451613,立方米,0.01735046316034063,平方米,0.012831477598427194,UNKNOWN,0.0035689428351351232,OTHER,0.0011427765555949148
108032500,废弃物资冶炼、提纯有色金属及合金,A 首要单位>=90%,8977949737.10962,9,0.998334541561413,0.9995601598263723,0.9997291695129513,千克,0.998334541561413,批,0.0012256182649592337,个,0.000169009686579055,UNKNOWN,0.000144852169824987,套,6.534676815743425e-05
102030300,铬矿石,A 首要单位>=90%,8567445012.249747,19,0.9109087809720305,0.9969397695224123,0.9980898908147694,千克,0.9109087809720305,OTHER,0.0860309885503817,套,0.0011501212923571503,个,0.001127016465277865,UNKNOWN,0.0005931550179468909
108020500,粗钢,A 首要单位>=90%,8533459738.589876,15,0.9923802494284137,0.9969146277006753,0.9986630438558395,千克,0.9923802494284137,个,0.004534378272261524,平方米,0.0017484161551642268,千米,0.0006736517195286257,套,0.0004262798406312156
108031099,其他常用有色金属,A 首要单位>=90%,8459101946.914497,18,0.9403841634626587,0.992856967339753,0.9956466716386845,千克,0.9403841634626587,个,0.05247280387709434,套,0.0027897042989313884,UNKNOWN,0.0019420899079572748,OTHER,0.0010715350816197945
107020105,烧碱,A 首要单位>=90%,8307906071.926455,16,0.9914627658686083,0.9962078243296338,0.9990672546282094,千克,0.9914627658686083,平方米,0.00474505846102553,OTHER,0.0028594302985755792,瓶,0.0003411082344749488,UNKNOWN,0.00022713169075200233
109041901,家用理发、吹风电器具,A 首要单位>=90%,8138640127.77773,15,0.9869315041919597,0.9920993578184502,0.9956348597571517,个,0.9869315041919597,套,0.005167853626490397,UNKNOWN,0.003535501938701551,副,0.0023687802504254564,OTHER,0.0014726731233623603
109012001,液压元件,A 首要单位>=90%,7805629857.139009,20,0.956386503156708,0.9886911981422443,0.9922693388618135,个,0.956386503156708,套,0.032304694985536196,千克,0.0035781407195692107,UNKNOWN,0.0026152478901783436,批,0.00258145662018764
107020403,磷肥,A 首要单位>=90%,7378653071.249771,6,0.9984982996255582,0.9999864621525084,0.9999998151803645,千克,0.9984982996255582,UNKNOWN,0.0014881625269502117,包,1.3353027856061288e-05,袋,9.333952471443029e-08,瓶,8.950142976523952e-08
109052205,家用音视频设备用配件,A 首要单位>=90%,7377842070.43266,17,0.943111735897756,0.9827482818893295,0.9888828364446715,个,0.943111735897756,套,0.03963654599157352,UNKNOWN,0.006134554555341998,批,0.0056133068429160176,千克,0.0039054192461924864
107021302,合成橡胶,A 首要单位>=90%,7352874020.060527,21,0.9496838992728852,0.9773536169978445,0.9875787402929482,千克,0.9496838992728852,个,0.027669717724959245,OTHER,0.010225123295103737,千米,0.003336546574789486,套,0.003245703493163125
108020200,还原铁,A 首要单位>=90%,7222021709.964065,10,0.9950797044311327,0.9987272017727579,0.9998931911990121,千克,0.9950797044311327,个,0.003647497341625177,UNKNOWN,0.0011659894262542791,套,5.3443179087799017e-05,千米,3.732153006667799e-05
109010801,加工中心,A 首要单位>=90%,7199182311.724205,18,0.9166505484867234,0.9786876453040477,0.990073135090885,个,0.9166505484867234,千克,0.06203709681732428,套,0.01138548978683732,批,0.006474401400299566,UNKNOWN,0.0012400954476297465
107021801,感光胶片,A 首要单位>=90%,7124902695.279445,19,0.9517886191427263,0.9742457721807593,0.9827599596975882,个,0.9517886191427263,盒,0.022457153038033015,OTHER,0.008514187516828937,千克,0.005850166597251613,平方米,0.0036749669377165663
109050599,其他移动通信终端设备,A 首要单位>=90%,7042034028.622644,18,0.9386397916301187,0.9896386022539635,0.9931930023094382,个,0.9386397916301187,套,0.050998810623844856,批,0.0035544000554746445,UNKNOWN,0.002210068909113369,OTHER,0.002058051937249008
109050502,移动通信终端设备零件,A 首要单位>=90%,6900979399.14016,21,0.9248241032611251,0.9854374812397787,0.9916838311349186,个,0.9248241032611251,套,0.06061337797865367,OTHER,0.006246349895139973,批,0.0037687886115283357,千克,0.0016641284703639014
107021001,无机颜料,A 首要单位>=90%,6466358787.857397,17,0.9981886911730811,0.9986585965819109,0.9991071601328264,千克,0.9981886911730811,UNKNOWN,0.00046990540882985144,份,0.00044856355091550584,批,0.0002973332346807603,OTHER,0.00023110510094227164
103040201,甲类卷烟,A 首要单位>=90%,6449939490.645309,18,0.9899662826027729,0.9963910653843312,0.99835653926032,个,0.9899662826027729,UNKNOWN,0.00642478278155832,盒,0.0019654738759888055,包,0.0006441711100615093,元,0.0004634556035672674
102060000,其他矿产品,A 首要单位>=90%,6267897246.708103,22,0.9219545761521795,0.9403129992081274,0.955423041877543,千克,0.9219545761521795,个,0.018358423055947946,立方米,0.01511004266941561,UNKNOWN,0.013753683131267853,平方米,0.012861348230820985
101011800,中草药材,A 首要单位>=90%,6263351016.140807,18,0.9344745995723079,0.9597938015203511,0.9799001626437135,千克,0.9344745995723079,OTHER,0.02531920194804314,个,0.020106361123362414,盒,0.008809781585402006,UNKNOWN,0.006600623729894757
109062104,银幕,A 首要单位>=90%,6260204993.180145,13,0.9964113198424253,0.9982873193854945,0.9994181694760093,个,0.9964113198424253,套,0.0018759995430692948,OTHER,0.0011308500905147585,平方米,0.00043246591699762306,批,6.389567121775711e-05
107020108,金属氧化物,A 首要单位>=90%,6242619194.476405,17,0.978537422064438,0.9984101327168212,0.9989298992537469,千克,0.978537422064438,OTHER,0.019872710652383312,套,0.0005197665369256504,个,0.00044736240799181663,UNKNOWN,0.00034831211985071316
107020407,复合肥、复混合肥,A 首要单位>=90%,5940494288.895157,13,0.9948351183150906,0.9984256316668046,0.9990401988118005,千克,0.9948351183150906,UNKNOWN,0.0035905133517139605,包,0.0006145671449958139,个,0.00039624443760833273,批,0.0003811044822031233
109020301,挖掘、铲土运输机械,A 首要单位>=90%,5842121396.054039,25,0.9768074054009498,0.9850077164195111,0.9915143308263246,个,0.9768074054009498,UNKNOWN,0.008200311018561337,套,0.006506614406813491,OTHER,0.002086529936961903,批,0.0014962947046081704
107021404,塑料助剂,A 首要单位>=90%,5776032731.493852,19,0.9932178174567797,0.9954900112056375,0.9967157177003906,千克,0.9932178174567797,桶,0.002272193748857777,个,0.0012257064947531198,瓶,0.0008402931918602163,罐,0.0006412333054122279
109013002,气体过滤、净化机械及装置,A 首要单位>=90%,5703561058.303665,22,0.9486533279074053,0.9911150496501494,0.9928459596345124,个,0.9486533279074053,套,0.04246172174274405,UNKNOWN,0.0017309099843630011,OTHER,0.0015956007525481227,批,0.0015231313821464315
103010406,豆粕,A 首要单位>=90%,5655449786.203228,8,0.9989801623799369,0.999689506800214,0.9999796247505144,千克,0.9989801623799369,套,0.0007093444202769978,UNKNOWN,0.0002901179503003795,OTHER,1.547024609158609e-05,袋,4.179427132544918e-06
109041704,家用电炉灶,A 首要单位>=90%,5503464857.195075,19,0.9743669293190941,0.989721293891267,0.9948629070003357,个,0.9743669293190941,UNKNOWN,0.0153543645721729,套,0.005141613109068811,OTHER,0.0045220455864328785,批,0.0003374116311944462
109041703,家用水及饮料加热器具,A 首要单位>=90%,5502506308.67994,17,0.9831936878062235,0.9908040346167077,0.9953281574479835,个,0.9831936878062235,UNKNOWN,0.0076103468104842375,套,0.004524122831275734,OTHER,0.0027410744782199463,箱,0.0012171809106596417
107010302,矿物焦油,A 首要单位>=90%,5410721115.733131,6,0.9985481444059082,0.9999802236674818,0.9999974485803831,千克,0.9985481444059082,UNKNOWN,0.0014320792615736392,桶,1.722491290119723e-05,个,1.5478528316026912e-06,瓶,9.328183606699945e-07
109062402,投影仪,A 首要单位>=90%,5393137239.612272,16,0.9651398742391238,0.9980826893603165,0.9993634022350807,个,0.9651398742391238,套,0.032942815121192716,UNKNOWN,0.0012807128747641598,OTHER,0.00025157743852283155,项,0.00021726686118676267
109013001,液体过滤、净化机械,A 首要单位>=90%,5348980379.112653,22,0.902785211463791,0.9859093305884665,0.9907090505385319,个,0.902785211463791,套,0.08312411912467556,千米,0.004799719950065284,千克,0.0021737215426540384,批,0.001827621709042633
109030900,电动汽车,A 首要单位>=90%,5328196793.012581,16,0.9885984142886735,0.9942979270793029,0.998943714513894,个,0.9885984142886735,UNKNOWN,0.005699512790629467,套,0.00464578743459115,批,0.00043065171026201245,副,0.00019491345577962548
107010113,油类残渣,A 首要单位>=90%,5320063089.690826,10,0.9932750969890313,0.9996606530768585,0.9997725615241763,千克,0.9932750969890313,UNKNOWN,0.006385556087827192,卷,0.00011190844731779283,平方米,0.00010869728062916756,OTHER,9.398384785490529e-05
106010101,木浆,A 首要单位>=90%,5319721623.0613,18,0.9379650464166115,0.9639573312283454,0.98989114591098,千克,0.9379650464166115,OTHER,0.025992284811733914,个,0.025933814682634726,UNKNOWN,0.0055534640143439775,箱,0.0025918375127768935
107010303,石油焦、碳黑,A 首要单位>=90%,5307454950.706544,10,0.9987887508804244,0.9999397650277158,0.9999637569735839,千克,0.9987887508804244,UNKNOWN,0.0011510141472913977,个,2.399194586815073e-05,OTHER,1.9787261686699656e-05,桶,1.1751395080931798e-05
104020123,运动服装,A 首要单位>=90%,5251944072.111263,15,0.9609885749569989,0.9758378871640879,0.9889454117888462,个,0.9609885749569989,UNKNOWN,0.014849312207089111,套,0.0131075246247583,批,0.007158167209841763,OTHER,0.0026412884353974615
107020601,化学农药原药,A 首要单位>=90%,5250860504.210821,16,0.9962741574316063,0.9975864453878942,0.9984563551857906,千克,0.9962741574316063,OTHER,0.0013122879562878808,立方米,0.0008699097978963573,瓶,0.00045108969373256196,UNKNOWN,0.0003523432638130844
109041706,家用厨房电清洁器具,A 首要单位>=90%,5177171540.231962,17,0.9863777463756964,0.9941990326160608,0.9984885093804887,个,0.9863777463756964,UNKNOWN,0.007821286240364399,套,0.004289476764427959,OTHER,0.0008022877211907996,批,0.0004336652518571464
109051901,电容器,A 首要单位>=90%,5155312971.313576,16,0.9350175656889567,0.9635084679094335,0.9777436924853545,个,0.9350175656889567,千克,0.028490902220476743,套,0.014235224575921033,OTHER,0.012856753818457122,UNKNOWN,0.008052041539604309
104010204,毛机织物（呢绒）,A 首要单位>=90%,5074820384.271211,15,0.9285584830085462,0.9756100331828648,0.9870683827607214,千米,0.9285584830085462,个,0.047051550174318585,平方米,0.01145834957785668,OTHER,0.0038521647197936283,套,0.003357365846977089
102040103,镍矿石,A 首要单位>=90%,5042040312.790186,14,0.9921038919820645,0.9979781952725135,0.9995105744574638,千克,0.9921038919820645,OTHER,0.005874303290449021,套,0.0015323791849503037,个,0.0002578439944841612,立方米,0.00012139926736549107
109051102,输入设备及装置,A 首要单位>=90%,4958228849.751703,18,0.9158116187361359,0.9955220557973612,0.9981497495200121,个,0.9158116187361359,套,0.07971043706122523,UNKNOWN,0.0026276937226509416,OTHER,0.0007151533978460007,千米,0.0003577496692283292
107010105,石脑油,A 首要单位>=90%,4873956318.519371,11,0.9963347118008116,0.999180638720936,0.9995132418761675,千克,0.9963347118008116,UNKNOWN,0.002845926920124416,元,0.00033260315523149004,项,0.0002680394610916142,桶,0.00015397733336744047
109041601,家用电风扇,A 首要单位>=90%,4768864359.27068,13,0.9917476655071389,0.9987201896256886,0.9996136328146927,个,0.9917476655071389,套,0.006972524118549788,UNKNOWN,0.000893443189004099,千克,0.00017026262580554876,OTHER,0.0001113834392105059
107050601,橡胶密封件,A 首要单位>=90%,4731212140.963553,23,0.9195531315483796,0.9557411137804651,0.9684168058974579,个,0.9195531315483796,千克,0.03618798223208553,套,0.012675692116992796,OTHER,0.011484876104998815,千米,0.011423912564311993
109050902,计算机数字式处理部件,A 首要单位>=90%,4726015306.972984,22,0.9033341900190672,0.9715401871832513,0.994312735158177,个,0.9033341900190672,套,0.06820599716418407,UNKNOWN,0.022772547974925637,批,0.002181668315648375,千克,0.00101672975744257
109030502,客车,A 首要单位>=90%,4668698689.778015,13,0.9856274664038209,0.9984327305559387,0.999082443934667,个,0.9856274664038209,UNKNOWN,0.012805264152117753,千克,0.0006497133787282868,批,0.000554431367710105,套,0.00014233891372235827
108030603,再生铝,A 首要单位>=90%,4651982575.195519,12,0.9120688665330168,0.9762612498623169,0.9883552862449145,千克,0.9120688665330168,个,0.06419238332930016,平方米,0.012094036382597668,副,0.0059795778574752885,UNKNOWN,0.002424665054629862
109042301,白炽灯泡,A 首要单位>=90%,4599092119.551506,20,0.9908947784253466,0.9950782293554302,0.997544648992245,个,0.9908947784253466,千克,0.004183450930083649,OTHER,0.002466419636814827,套,0.00178316766008248,批,0.000313876238364143
107020214,氨基化合物,A 首要单位>=90%,4590526995.386781,18,0.9962844810901947,0.9983547080995021,0.9989166381529784,千克,0.9962844810901947,UNKNOWN,0.002070227009307315,桶,0.0005619300534762431,瓶,0.0005242647418519885,OTHER,0.00018173583582328649
109040901,裸电线,A 首要单位>=90%,4515418456.798319,19,0.9306704296596929,0.978617119319064,0.9905742556954851,千克,0.9306704296596929,千米,0.047946689659371135,个,0.011957136376420988,卷,0.003796682918766038,OTHER,0.002354221126030967
102050101,石灰石,A 首要单位>=90%,4451040283.4385805,18,0.98700543294654,0.9951579878736457,0.9979147395093672,千克,0.98700543294654,UNKNOWN,0.008152554927105813,立方米,0.002756751635721422,个,0.0008145653839403948,OTHER,0.00044457542264831327
103010402,饲料添加剂,A 首要单位>=90%,4438181750.300163,14,0.9991710774567918,0.999554277421446,0.9997757911122273,千克,0.9991710774567918,UNKNOWN,0.00038319996465415763,个,0.00022151369078124235,批,5.78705457437901e-05,包,4.764461483313274e-05
109041705,家用食品加工电动器具,A 首要单位>=90%,4411644491.826666,17,0.9749489430011896,0.9886377381819922,0.9979733006227984,个,0.9749489430011896,套,0.013688795180802522,UNKNOWN,0.009335562440806222,OTHER,0.0018952357197307545,包,3.9245743508526374e-05
108030400,锡,A 首要单位>=90%,4387345941.647556,11,0.9986513584913798,0.9996835612652251,0.9998296614581773,千克,0.9986513584913798,个,0.0010322027738452605,UNKNOWN,0.0001461001929522655,卷,0.00014386356776327768,瓶,2.0762422476871865e-05
108042200,金属制烹饪炊具,A 首要单位>=90%,4307329813.880443,19,0.9130238250874968,0.9716139836113423,0.9935842347109993,个,0.9130238250874968,套,0.05859015852384553,OTHER,0.021970251099657025,UNKNOWN,0.0031790039801823295,千克,0.0014714054806968207
109030504,半挂牵引车,A 首要单位>=90%,4297914649.275885,13,0.9838548761691059,0.9941588400143887,0.9976095354913507,个,0.9838548761691059,UNKNOWN,0.010303963845282794,箱,0.0034506954769619965,批,0.000686511350437943,千克,0.0006577665520827174
104020111,女上衣,A 首要单位>=90%,4266652039.790419,13,0.9780485265081907,0.9854456884308184,0.9909209131172753,个,0.9780485265081907,UNKNOWN,0.007397161922627638,套,0.0054752246864569094,批,0.004837723506569904,千克,0.0030754348190965165
104020122,防寒服,A 首要单位>=90%,4178376897.338505,13,0.9462374577396355,0.9701184831607693,0.9903255084469739,个,0.9462374577396355,千克,0.023881025421133788,UNKNOWN,0.020207025286204532,套,0.007503925242955227,批,0.0017410130062874888
109012403,齿轮传动装置（齿轮箱）,A 首要单位>=90%,4172270888.999258,18,0.9284066322396496,0.9825000668685392,0.9964479314102684,个,0.9284066322396496,套,0.05409343462888959,UNKNOWN,0.013947864541729294,千克,0.0020285082838000157,OTHER,0.0006496882227261441
109041904,电动牙刷,A 首要单位>=90%,4114188758.354416,9,0.9958158722101569,0.9985584732539811,0.9995235113901423,个,0.9958158722101569,套,0.002742601043824127,UNKNOWN,0.0009650381361612661,盒,0.00039102040149281437,OTHER,4.9839915520623425e-05
109062202,照相机器材,A 首要单位>=90%,4060250616.382243,13,0.9876720990163045,0.9925057452584922,0.9964009401604159,个,0.9876720990163045,套,0.004833646242187697,UNKNOWN,0.003895194901923741,批,0.0020767166654867245,千克,0.0011767322885741303
109024211,临床检验分析仪器及诊断系统,A 首要单位>=90%,4009887550.0339665,18,0.9066984320145094,0.9693548432736271,0.9829180058220656,个,0.9066984320145094,套,0.0626564112591177,盒,0.013563162548438451,OTHER,0.01239094358655458,UNKNOWN,0.002843191784702179
104020112,男上衣,A 首要单位>=90%,4004100301.502761,14,0.9576285042461192,0.9841876918394693,0.994415286340834,个,0.9576285042461192,套,0.02655918759335007,UNKNOWN,0.01022759450136473,批,0.00287760274419216,千克,0.001996333702530687
103030199,其他酒精,A 首要单位>=90%,3985901148.0068636,18,0.936529692806324,0.980247286172095,0.9909561964863131,千克,0.936529692806324,瓶,0.043717593365771,箱,0.010708910314218043,套,0.002947109102187577,OTHER,0.0025236678396415085
108041501,钢铁制弹簧,A 首要单位>=90%,3938696005.684723,19,0.9185570736756707,0.973106198435965,0.9874236109706692,个,0.9185570736756707,千克,0.054549124760294276,UNKNOWN,0.01431741253470418,套,0.00932838396163463,批,0.0018134675234408963
101020401,天然橡胶,A 首要单位>=90%,3927834795.6663275,17,0.9944448715080643,0.998617778983219,0.9991739369579653,千克,0.9944448715080643,个,0.004172907475154735,UNKNOWN,0.0005561579747462984,千米,0.0002173918364605258,桶,0.000139185955691869
109062501,静电复印设备,A 首要单位>=90%,3911444114.70145,20,0.9854050183709402,0.9969962103784769,0.9983218197915313,个,0.9854050183709402,套,0.0115911920075367,UNKNOWN,0.001325609413054524,批,0.0012848077923550412,OTHER,0.00018939182263782384
108031801,锌材,A 首要单位>=90%,3901192850.7343216,11,0.9486829047325955,0.9730548722499232,0.9947845634861954,千克,0.9486829047325955,个,0.024371967517327665,套,0.021729691236272206,平方米,0.004862417716879703,千米,0.00029980110825984844
107022401,牙膏、漱口液,A 首要单位>=90%,3884544030.0509825,16,0.9400257140123195,0.97807328060153,0.9841618094669249,个,0.9400257140123195,箱,0.038047566589210505,瓶,0.006088528865394941,盒,0.00465823408545654,套,0.004091424853368533
109041702,家用电热烘烤器具,A 首要单位>=90%,3871599519.2753944,12,0.9784699978499477,0.9878764387121283,0.9955859592701876,个,0.9784699978499477,套,0.009406440862180565,UNKNOWN,0.007709520558059327,千克,0.0025758692727980655,OTHER,0.0017005086819354082
101010102,小麦,A 首要单位>=90%,3773698082.806866,24,0.9204424928196961,0.9427920732538588,0.9616901661846352,千克,0.9204424928196961,千米,0.022349580434162665,个,0.01889809293077639,套,0.010001894713459253,袋,0.0090493070352825
104020114,男裤子,A 首要单位>=90%,3654469439.505083,11,0.9443830795673591,0.977154193112286,0.9873092823135095,个,0.9443830795673591,盒,0.03277111354492686,OTHER,0.010155089201223473,UNKNOWN,0.009150773889737916,套,0.002738991224925409
109051800,微电子组件,A 首要单位>=90%,3564254247.938701,16,0.934520010448907,0.9622691995835484,0.9790807248703427,个,0.934520010448907,瓦,0.027749189134641382,套,0.016811525286794346,盒,0.008597903760014552,OTHER,0.006460017004251867
103030705,茶饮料,A 首要单位>=90%,3513690781.031989,18,0.911402429015248,0.9392729364113619,0.954180887702042,箱,0.911402429015248,个,0.027870507396113884,瓶,0.014907951290680083,OTHER,0.013754877699813556,千克,0.011016274360457686
108032402,钼加工材,A 首要单位>=90%,3396055472.455353,10,0.99961314976842,0.9998439866513166,0.9999154481008846,千克,0.99961314976842,个,0.0002308368828965952,OTHER,7.14614495680004e-05,千米,3.56274803634833e-05,卷,2.8354672301463256e-05
109052203,家用音响设备,A 首要单位>=90%,3360355965.577309,18,0.9529070992999874,0.972710737648666,0.9923922861103228,个,0.9529070992999874,UNKNOWN,0.019803638348678584,套,0.01968154846165681,批,0.005724207900747155,OTHER,0.001492595364580247
104010507,寝具及类似填充用品,A 首要单位>=90%,3353266251.633276,16,0.9104180831270959,0.9435818332974548,0.9644475026618787,个,0.9104180831270959,套,0.033163750170358865,千克,0.020865669364423876,OTHER,0.018059710774627192,UNKNOWN,0.006044550007360009
102059900,其他非金属矿石,A 首要单位>=90%,3316937953.8398743,20,0.9103687723720519,0.9711671696819093,0.9813191431203899,千克,0.9103687723720519,UNKNOWN,0.060798397309857394,个,0.010151973438480672,立方米,0.0068213716100513095,平方米,0.006682935227756784
103011201,淀粉,A 首要单位>=90%,3224998715.4241133,15,0.98476777115288,0.9901310701139281,0.9954926911002232,千克,0.98476777115288,袋,0.005363298961048126,包,0.005361620986295098,UNKNOWN,0.0019812803618128715,批,0.0009884159099833054
107020102,非金属无机氧化物,A 首要单位>=90%,3172704635.6373405,22,0.9514022214147243,0.9731355271960072,0.9854561824170771,千克,0.9514022214147243,平方米,0.021733305781282877,个,0.012320655221069964,OTHER,0.005776326696406838,UNKNOWN,0.004028508364297154
109051103,输出设备及装置,A 首要单位>=90%,3171025282.5908813,23,0.9416628008593254,0.9909166820016141,0.9944899372625392,个,0.9416628008593254,套,0.0492538811422887,UNKNOWN,0.0035732552609250815,批,0.0013424043924191785,OTHER,0.0011877900785833425
104020113,女裤子,A 首要单位>=90%,3127904009.416857,11,0.9525107410956416,0.9880074684055223,0.9926157269701911,个,0.9525107410956416,UNKNOWN,0.03549672730988074,盒,0.004608258564668743,OTHER,0.0023652318577118896,千克,0.0018234647951403539
109040399,其他电机,A 首要单位>=90%,3110453324.964973,17,0.9296128712934165,0.9808316679207085,0.9960325037932798,个,0.9296128712934165,套,0.051218796627292056,千克,0.015200835872571282,批,0.0020890301033314965,UNKNOWN,0.0011257848433723983
107022304,美容、修饰类化妆品,A 首要单位>=90%,3109921688.2832484,16,0.9194209443769236,0.9542102978105244,0.9770342000763669,个,0.9194209443769236,瓶,0.03478935343360076,盒,0.022823902265842543,套,0.010946166378708004,千克,0.005647382528125701
110020202,民用天然气,A 首要单位>=90%,3103232208.4499893,10,0.9162347689666626,0.972433064745063,0.9859400150804952,立方米,0.9162347689666626,千克,0.056198295778400444,OTHER,0.013506950335432224,UNKNOWN,0.013053624540824144,个,0.0006228328022753404
102050502,磷矿石,A 首要单位>=90%,3096629799.1491694,8,0.9259261630916333,0.9935122428460488,0.99857071254246,千克,0.9259261630916333,UNKNOWN,0.06758607975441547,千米,0.0050584696964112085,个,0.0007289660345219779,OTHER,0.0005320090249253073
109042001,家用电热取暖器具,A 首要单位>=90%,3092292429.016197,18,0.9543763891842759,0.9782987918004923,0.9876374913440551,个,0.9543763891842759,套,0.023922402616216417,UNKNOWN,0.0093386995435628,OTHER,0.009273708572451739,千克,0.0015935911991246505
102020300,液化天然气,A 首要单位>=90%,2967694386.8308105,12,0.9462673850237574,0.9933004933640937,0.9990848800488155,千克,0.9462673850237574,立方米,0.047033108340336256,UNKNOWN,0.005784386684721814,瓶,0.0004686781281065591,OTHER,0.0004124475174824997
107021101,染料,A 首要单位>=90%,2930246526.609445,19,0.9854558167055102,0.9935151107586885,0.9960122250486187,千克,0.9854558167055102,批,0.008059294053178344,个,0.0024971142899303084,OTHER,0.000959887570604652,桶,0.0006478558322598873
103021199,其他食品添加剂,A 首要单位>=90%,2926197648.4587555,18,0.9731465261936232,0.982873931769401,0.9914860892391253,千克,0.9731465261936232,盒,0.00972740557577776,个,0.008612157469724307,箱,0.0018753331642692268,包,0.001724411291079525
107020211,酚,A 首要单位>=90%,2882615778.4619036,10,0.9979305097848047,0.9996620225439082,0.9997936699231169,千克,0.9979305097848047,桶,0.0017315127591035506,批,0.00013164737920864583,瓶,9.362882915226419e-05,个,3.9384141752711946e-05
109010503,车床,A 首要单位>=90%,2815491333.687319,18,0.9821136818125549,0.9910094059156944,0.995468984821601,个,0.9821136818125549,套,0.008895724103139515,UNKNOWN,0.00445957890590653,批,0.0013441979658578194,千克,0.0011288500242620095
107040403,涤纶加工丝,A 首要单位>=90%,2731142052.5811076,11,0.9807033042241026,0.9911935894710087,0.9975051274307725,千克,0.9807033042241026,千米,0.010490285246906116,个,0.00631153795976377,套,0.0016502128645196697,卷,0.0006249736253692392
104020402,纺织面鞋,A 首要单位>=90%,2696471846.2504206,13,0.972683857992596,0.9835592426125854,0.990043721955348,个,0.972683857992596,千米,0.010875384619989416,千克,0.006484479342762518,UNKNOWN,0.004970855506766087,OTHER,0.003958771288236536
109052000,传感器,A 首要单位>=90%,2659270132.113341,16,0.9624664337657313,0.9855426280471709,0.9919203795466497,个,0.9624664337657313,套,0.023076194281439595,OTHER,0.006377751499478832,UNKNOWN,0.0035423166726938223,千克,0.002262433894031761
108010306,预应力混凝土桩,A 首要单位>=90%,2603922663.4816747,12,0.994703064637903,0.996638605992753,0.99787592373271,千米,0.994703064637903,瓦,0.0019355413548500227,千克,0.0012373177399569513,个,0.0011265707690448015,立方米,0.0005030464780580525
104020115,裙子,A 首要单位>=90%,2559407755.2287936,7,0.98902119474225,0.9937816499988097,0.9976499068031931,个,0.98902119474225,UNKNOWN,0.004760455256559637,套,0.003868256804383417,OTHER,0.0020290806106487967,千克,0.00023938227212851079
108010201,石灰,A 首要单位>=90%,2458111830.85472,21,0.9767342400298622,0.984179554868026,0.991377742126889,千克,0.9767342400298622,UNKNOWN,0.007445314838163811,立方米,0.00719818725886296,个,0.00315838384611546,千米,0.0016432431260607506
107021406,纺织工业用整理剂、助剂,A 首要单位>=90%,2450903729.0799875,19,0.9742809038330758,0.9837623990563594,0.9873087862643446,千克,0.9742809038330758,批,0.009481495223283655,套,0.003546387207985203,罐,0.00342418988124586,桶,0.0024539566320294676
103010604,制糖副产品,A 首要单位>=90%,2434663254.1086617,15,0.9756395621398339,0.9946357357633705,0.9976748087896077,千克,0.9756395621398339,箱,0.018996173623536533,袋,0.0030390730262371862,罐,0.0010938914736999337,个,0.0006432039375572756
109052202,家用影视摄、录、放设备,A 首要单位>=90%,2409530310.0516663,11,0.9523718796816022,0.9938241927039805,0.9968042034928906,个,0.9523718796816022,套,0.041452313022378305,UNKNOWN,0.00298001078891012,批,0.0027993207770110992,OTHER,0.00021293932166591321
103021002,非食用盐,A 首要单位>=90%,2404921539.0374947,13,0.9910137810197255,0.998600376995582,0.9993459488671034,千克,0.9910137810197255,OTHER,0.007586595975856509,袋,0.0007455718715213408,UNKNOWN,0.000237050163057258,套,0.00011166122470776096
109042107,家用型过滤、净化装置零件,A 首要单位>=90%,2403311726.6840897,16,0.9813542668175556,0.9916350798348611,0.9939916010746991,个,0.9813542668175556,套,0.010280813017305542,平方米,0.0023565212398380074,千克,0.0022289371420308136,千米,0.0016320913893312827
108012702,炭制品,A 首要单位>=90%,2376378323.365094,14,0.9921815878191447,0.9950732531472477,0.9975871273347945,千克,0.9921815878191447,套,0.0028916653281030723,UNKNOWN,0.002513874187546746,个,0.0019792031728993412,OTHER,0.00036247201526094786
109041707,家用饮水电过滤、净化装置,A 首要单位>=90%,2372276110.075907,17,0.9517782261670363,0.9810406672112301,0.9925772075036816,个,0.9517782261670363,UNKNOWN,0.029262441044193746,OTHER,0.011536540292451554,套,0.006186740964652395,千克,0.0008929006937941669
109041502,家用空气湿度调节装置,A 首要单位>=90%,2324070675.6308827,12,0.9856825786488588,0.9924117625218539,0.99570394123235,个,0.9856825786488588,套,0.006729183872995138,千克,0.00329217871049598,UNKNOWN,0.0023121262489222204,OTHER,0.0009611857326967552
109051602,电真空光电子器件,A 首要单位>=90%,2289137557.053164,14,0.9898748391660389,0.9956932320739545,0.9982098090244091,个,0.9898748391660389,OTHER,0.005818392907915639,套,0.0025165769504546243,卷,0.0007231116605717079,平方米,0.0006604586340406574
109040204,电机及发电机组专用零件,A 首要单位>=90%,2250926239.0314794,23,0.9028607800492273,0.9572098785796674,0.97637928496535,个,0.9028607800492273,套,0.05434909853044013,OTHER,0.01916940638568254,UNKNOWN,0.007806022522947199,批,0.00718959882728133
107020120,硅化物及硅酸盐,A 首要单位>=90%,2239243979.7936053,17,0.9890506205460107,0.9935125124401761,0.9964024355578687,千克,0.9890506205460107,立方米,0.004461891894165508,UNKNOWN,0.0028899231176925345,盒,0.0008503604496350745,平方米,0.000571840587852345
107040499,其他化学纤维加工丝,A 首要单位>=90%,2228574547.9766693,14,0.9926625215626341,0.9962952656608508,0.9983492576412234,千克,0.9926625215626341,个,0.0036327440982167046,平方米,0.0020539919803725876,包,0.0005390449305771109,批,0.0003701948534205538
109041799,其他家用厨房电器具,A 首要单位>=90%,2217145840.611037,21,0.9082852591626861,0.9590502677761973,0.9836342461273747,个,0.9082852591626861,套,0.050765008613511145,批,0.02458397835117745,千克,0.007909678963729936,UNKNOWN,0.006867225758405984
107040201,人造纤维短纤维,A 首要单位>=90%,2204693518.554077,14,0.9650253530986898,0.9989570694334494,0.9996674178759871,千克,0.9650253530986898,千米,0.03393171633475967,个,0.0007103484425376471,立方米,0.00016011158275709404,平方米,9.133627086048005e-05
107040305,丙纶纤维,A 首要单位>=90%,2199381898.191559,11,0.9843944192930278,0.9884849935618247,0.9916043429143138,千克,0.9843944192930278,箱,0.004090574268796866,套,0.0031193493524890605,袋,0.0022824339893529394,平方米,0.001592392504150076
108031802,锌末、锌粉及锌片状粉末,A 首要单位>=90%,2192483307.2757564,6,0.9989999785547805,0.999511963672966,0.9999680674876138,千克,0.9989999785547805,个,0.0005119851181854995,UNKNOWN,0.0004561038146477557,瓶,2.5581084147580144e-05,桶,6.303537338123395e-06
107010112,矿物蜡及合成法制类似产品,A 首要单位>=90%,2188605284.8384995,18,0.9934195352362694,0.9968190018059341,0.998108785998431,千克,0.9934195352362694,平方米,0.0033994665696647146,批,0.0012897841924969585,UNKNOWN,0.0009032012778630545,瓶,0.0002729269378234789
104030399,其他箱、包及类似容器,A 首要单位>=90%,2177811575.344534,17,0.9706035122367017,0.9802485175778763,0.9891998783386978,个,0.9706035122367017,套,0.009645005341174604,千克,0.00895136076082146,平方米,0.00792508113782504,UNKNOWN,0.001833598425999591
107020122,碳化物及碳酸盐,A 首要单位>=90%,2166983021.230004,15,0.9816863627449868,0.9934264634406349,0.99676870651732,千克,0.9816863627449868,UNKNOWN,0.011740100695648105,平方米,0.0033422430766850346,个,0.0018173824630690325,瓶,0.0008252989387921563
109010802,数控金属切削机床,A 首要单位>=90%,2149576172.770505,16,0.9206720407451692,0.9861108212067343,0.9926985996177659,个,0.9206720407451692,套,0.06543878046156519,OTHER,0.006587778411031481,千克,0.0026758405793861125,批,0.0015822584621850754
107021413,炭黑,A 首要单位>=90%,2099627415.03035,20,0.9910633042006985,0.9946613164818169,0.9958813675491732,千克,0.9910633042006985,个,0.003598012281118305,罐,0.0012200510673563306,桶,0.001192366095929374,套,0.001014728429909659
107030104,维生素类,A 首要单位>=90%,2083689636.263399,14,0.934977782165787,0.961164789602197,0.9789620641715195,千克,0.934977782165787,批,0.026187007436409965,盒,0.017797274569322556,瓶,0.011590164937174916,个,0.00534630169555056
108011300,玻璃包装容器,A 首要单位>=90%,2079567008.5072377,19,0.9447157127281972,0.9690315259388934,0.9888004975983256,个,0.9447157127281972,千克,0.024315813210696206,套,0.019768971659432175,OTHER,0.007648904126330984,批,0.0009550310794868949
104030702,加工填充用羽绒,A 首要单位>=90%,2075622395.7671053,8,0.9943796423827457,0.9971816642498642,0.9994840959010629,千克,0.9943796423827457,个,0.0028020218671184977,千米,0.002302431651198755,OTHER,0.0002812727407406077,套,0.00015389103569244796
103010203,谷物加工制品,A 首要单位>=90%,2020304182.7002735,16,0.9025643485266607,0.9357962638952108,0.9605097683254028,千克,0.9025643485266607,袋,0.03323191536855006,个,0.024713504430192046,盒,0.009336973844997909,箱,0.007911985478808357
104020118,便服套装,A 首要单位>=90%,1997480991.5454001,17,0.9141279144846128,0.9823727717996061,0.9914400777325616,个,0.9141279144846128,套,0.0682448573149933,OTHER,0.009067305932955514,UNKNOWN,0.003428436747985871,批,0.0030814877439468073
107020302,非金属基础化学品,A 首要单位>=90%,1992464302.1157494,19,0.9914953858410448,0.9951462564087137,0.9976987808442656,千克,0.9914953858410448,瓶,0.0036508705676688374,桶,0.0025525244355518602,个,0.0007247632003477944,批,0.0005906805952559692
109060801,汽车仪器仪表,A 首要单位>=90%,1976428208.509741,16,0.985163377575847,0.995461258741851,0.9973236173846658,个,0.985163377575847,套,0.010297881166003926,UNKNOWN,0.0018623586428148152,千米,0.0014766465626448134,千克,0.00048491484328826124
109011001,电焊机,A 首要单位>=90%,1969184274.693678,21,0.9113920984340765,0.9834481300821328,0.989221760130935,个,0.9113920984340765,套,0.07205603164805628,项,0.0057736300488021065,千克,0.004156558129135192,UNKNOWN,0.0016522527630945816
107020110,金属硫化物及硫酸盐,A 首要单位>=90%,1954552816.6382086,12,0.9972140326447702,0.9987132058444164,0.9996824070763917,千克,0.9972140326447702,UNKNOWN,0.0014991731996461756,瓶,0.0009692012319753299,OTHER,8.088346278199498e-05,个,7.669576816314187e-05
106040805,木制玩具,A 首要单位>=90%,1945900541.5896556,14,0.937534466649059,0.9942975406073318,0.9970956619217962,个,0.937534466649059,套,0.05676307395827269,千克,0.0027981213144644846,UNKNOWN,0.001155904492517985,批,0.0007152896290503294
109060301,电能表,A 首要单位>=90%,1938844752.9959867,16,0.9857337905616288,0.9923780113938996,0.9971948870111116,个,0.9857337905616288,套,0.006644220832270754,UNKNOWN,0.004816875617212039,千瓦时,0.0021997965950326546,OTHER,0.0005248121193642028
104011306,针织袜,A 首要单位>=90%,1909496842.3855937,16,0.925017662413669,0.94379361254929,0.9610865894139252,个,0.925017662413669,套,0.01877595013562092,OTHER,0.017292976864635278,盒,0.016620497275636206,UNKNOWN,0.015147577914333759
102040105,锡矿石,A 首要单位>=90%,1890381570.3437502,8,0.9989533999276551,0.9997350291560931,0.999988417153265,千克,0.9989533999276551,个,0.0007816292284380262,立方米,0.0002533879971718608,桶,5.935309662355487e-06,卷,2.97082879356403e-06
109051202,计算机电源,A 首要单位>=90%,1875955672.0345385,16,0.9320148562029645,0.9838038279320993,0.9896369591911279,个,0.9320148562029645,套,0.05178897172913479,UNKNOWN,0.005833131259028668,批,0.003099422377062543,千克,0.003090566989538856
109030803,挂车及半挂车零件,A 首要单位>=90%,1863526521.3397994,20,0.9401055562556894,0.967876038613913,0.9830923563862211,个,0.9401055562556894,套,0.02777048235822362,千克,0.015216317772307994,UNKNOWN,0.011984084594671741,批,0.0023565117649722244
104010602,毛巾,A 首要单位>=90%,1848217160.7691941,18,0.902802962378585,0.9332235473641942,0.9514911391756977,个,0.902802962378585,套,0.030420584985609136,千克,0.018267591811503447,盒,0.012957317250800418,OTHER,0.00987428678095958
102020102,沥青矿原油,A 首要单位>=90%,1810401589.1072009,16,0.9789736603914289,0.9920506303535854,0.9951772180093057,千克,0.9789736603914289,立方米,0.013076969962156527,个,0.0031265876557202313,UNKNOWN,0.0020827098654169,平方米,0.0012351327430420809
109042403,装饰用灯,A 首要单位>=90%,1786109010.9187315,15,0.9015169543293341,0.9833902413917552,0.9928742856594679,个,0.9015169543293341,套,0.08187328706242109,千克,0.009484044267712629,批,0.001914770753614775,千米,0.0017683865513617968
106040199,其他文具及类似用品,A 首要单位>=90%,1693688742.816925,24,0.9092777165322105,0.9274949100820351,0.9443563911998448,个,0.9092777165322105,千克,0.01821719354982465,批,0.016861481117809725,套,0.012883802212371882,包,0.009886906854075315
109020305,桩工机械,A 首要单位>=90%,1663139127.626167,10,0.9819336481700646,0.9948045416237399,0.9978627138418751,个,0.9819336481700646,套,0.012870893453675335,UNKNOWN,0.003058172218135226,OTHER,0.00101378049015451,月,0.0006926660439071466
108011501,玻璃保温容器,A 首要单位>=90%,1652215720.0515835,18,0.9795426506476641,0.9906865732822195,0.9958236559148129,个,0.9795426506476641,千米,0.011143922634555388,套,0.005137082632593339,批,0.001366303365257305,UNKNOWN,0.00120658834034034
102040199,其他常用有色金属矿石,A 首要单位>=90%,1608656601.140276,15,0.9602157909371684,0.9934889930744009,0.9965322324105058,千克,0.9602157909371684,个,0.03327320213723251,套,0.0030432393361049634,批,0.0012390159115296452,OTHER,0.0009603130953523444
107020113,磷化物、金属磷酸盐,A 首要单位>=90%,1607285530.4007244,14,0.9891998328619225,0.9955858077281561,0.9992373820060236,千克,0.9891998328619225,UNKNOWN,0.00638597486623362,批,0.003651574277867558,瓶,0.0002826232910848591,个,0.00013662821353492148
107021002,有机颜料,A 首要单位>=90%,1601496306.165014,17,0.9918726715712244,0.9962286896661878,0.9978066593625052,千克,0.9918726715712244,份,0.004356018094963418,批,0.0015779696963173582,桶,0.000566143770684057,立方米,0.0005375019328309685
102050603,井矿盐,A 首要单位>=90%,1590785055.0780144,9,0.9504126485424835,0.9993924220834028,0.9998486348179315,千克,0.9504126485424835,立方米,0.048979773540919314,箱,0.0004562127345286274,个,0.0001413245170803259,包,4.5914436879354526e-06
109030699,其他改装汽车,A 首要单位>=90%,1581851679.7786028,17,0.9682388612225687,0.9838746701752873,0.9936889044965783,个,0.9682388612225687,UNKNOWN,0.015635808952718565,套,0.00981423432129101,卷,0.0031047923536594735,千克,0.0020445601095816137
109031201,摩托车，排气量在250毫升以下（不含250毫升）,A 首要单位>=90%,1565132961.209958,5,0.9958270902646578,0.9996786836182839,0.9999111450186998,个,0.9958270902646578,UNKNOWN,0.003851593353626157,千克,0.0002324614004159311,OTHER,6.73169645079542e-05,套,2.1538016792228472e-05
109032103,船舶专用设备,A 首要单位>=90%,1562888169.2646062,13,0.9318622839021277,0.9621059872465931,0.9831450781625733,套,0.9318622839021277,个,0.030243703344465484,OTHER,0.021039090915980243,UNKNOWN,0.007812597209527369,千克,0.005787849636684241
104030301,衣箱、提箱及类似容器,A 首要单位>=90%,1561191481.4363394,19,0.931849014066909,0.9704943774804707,0.9822199781339893,个,0.931849014066909,千克,0.038645363413561735,套,0.011725600653518612,千米,0.006586506191998013,平方米,0.006326066696452649
107020115,氯化物及其盐,A 首要单位>=90%,1547735473.5687554,17,0.9819737230132536,0.9904788942913938,0.9928022822008473,千克,0.9819737230132536,UNKNOWN,0.008505171278140175,桶,0.0023233879094535564,瓶,0.0022484700630427228,千米,0.002205193071275077
107021702,炸药,A 首要单位>=90%,1540147414.1640131,9,0.9205532613131643,0.9531208767770474,0.9844061555801509,千克,0.9205532613131643,OTHER,0.032567615463883114,UNKNOWN,0.03128527880310346,包,0.009382978451997108,箱,0.005567519655028849
103021001,食用盐,A 首要单位>=90%,1510272623.726941,13,0.9810671181595623,0.9903612072864352,0.9958042309150926,千克,0.9810671181595623,个,0.009294089126872854,箱,0.0054430236286574065,袋,0.0018500709692002178,UNKNOWN,0.001587724461316959
107022500,香料,A 首要单位>=90%,1506799050.8347025,15,0.9917970795219498,0.9940981613142575,0.9954407760800683,千克,0.9917970795219498,UNKNOWN,0.0023010817923077255,瓶,0.0013426147658107941,盒,0.0013165462758831495,箱,0.0009646976425836375
107022203,表面活性剂,A 首要单位>=90%,1505168173.4707024,16,0.9538031478802579,0.9700079522154258,0.9798121276858827,千克,0.9538031478802579,箱,0.016204804335167876,立方米,0.009804175470456922,瓶,0.005707683961273943,个,0.004694817831194644
107020210,环醇,A 首要单位>=90%,1482897932.5594213,14,0.9985961755040488,0.9991011395793346,0.9995387837215918,千克,0.9985961755040488,瓶,0.0005049640752857757,UNKNOWN,0.0004376441422572383,桶,0.00023886937218360973,OTHER,0.00010860824198603187
109013202,电动手提式工具,A 首要单位>=90%,1477895888.6951973,19,0.9218688878414298,0.9608013537491622,0.989443888289135,个,0.9218688878414298,UNKNOWN,0.03893246590773236,套,0.028642534539972772,千克,0.0031067365364323336,批,0.0019964466733657232
107021403,橡胶助剂,A 首要单位>=90%,1470688430.0096579,18,0.9890105007079082,0.9942017921140212,0.9956940866954,千克,0.9890105007079082,个,0.005191291406112982,批,0.0014922945813788631,UNKNOWN,0.0009063236527877838,OTHER,0.0007179242240575282
109042002,家用电熨烫器具,A 首要单位>=90%,1466764874.098954,12,0.9958723095863438,0.9971499170274477,0.998172809745427,个,0.9958723095863438,套,0.0012776074411039889,UNKNOWN,0.0010228927179792783,千克,0.0009092895778144884,OTHER,0.0006211383454789688
101030305,动物毛类,A 首要单位>=90%,1452344310.0045831,15,0.954511524155481,0.9977512961698417,0.9992833790164227,千克,0.954511524155481,个,0.04323977201436068,千米,0.0015320828465809724,批,0.0003167293022950931,盒,0.00019348029118461122
102040107,铝土矿石,A 首要单位>=90%,1446973049.1965795,15,0.9846699048149908,0.9962106621698948,0.9977305039212279,千克,0.9846699048149908,个,0.011540757354903992,UNKNOWN,0.001519841751333052,平方米,0.0006675340726189134,套,0.0006294212342142032
106051204,清洁清扫类工具及其已加工材料,A 首要单位>=90%,1446381017.1203227,23,0.904394998603802,0.923563486344412,0.9395617876835805,个,0.904394998603802,月,0.019168487740609967,OTHER,0.015998301339168478,套,0.014139974920436964,包,0.008419674991043485
104020110,男Ｔ恤衫,A 首要单位>=90%,1436173679.1710398,13,0.9882984422067435,0.9946286255357152,0.9982323535468389,个,0.9882984422067435,套,0.006330183328971712,UNKNOWN,0.0036037280111237188,批,0.0007314700270836043,OTHER,0.0005882054954355383
107020220,醛,A 首要单位>=90%,1407406199.6720967,12,0.9996670672826061,0.9998357223525193,0.9998808007382931,千克,0.9996670672826061,瓶,0.00016865506991314564,UNKNOWN,4.507838577388415e-05,桶,4.464951199919449e-05,卷,3.074307901306727e-05
107030207,颗粒剂,A 首要单位>=90%,1402625295.7852616,14,0.902129318624888,0.9387510961743263,0.9563232724953786,盒,0.902129318624888,包,0.03662177754943828,个,0.01757217632105231,千克,0.01229152272047381,瓶,0.009595974055979561
107020303,贵金属化合物,A 首要单位>=90%,1398099263.8791127,12,0.9939366128895948,0.9967989142249779,0.9994112385029507,千克,0.9939366128895948,瓶,0.0028623013353831547,OTHER,0.0026123242779727968,个,0.0005407384405077323,批,2.7074615499742498e-05
109020901,注塑机,A 首要单位>=90%,1353198508.199654,16,0.9697996540151673,0.9864256686184348,0.9908248753600385,个,0.9697996540151673,套,0.016626014603267517,月,0.004399206741603709,UNKNOWN,0.003159830689358238,千克,0.0020820263664173
109062601,装有计算和电子装置设备,A 首要单位>=90%,1347115328.2718852,16,0.9096383334120685,0.9903008468224004,0.9964492820571434,个,0.9096383334120685,套,0.0806625134103319,OTHER,0.006148435234743099,项,0.0009725759721557938,批,0.0007738224342211695
107020215,含氮基化合物,A 首要单位>=90%,1307354053.7136273,13,0.991667328188056,0.9964554138504014,0.9981272789068156,千克,0.991667328188056,立方米,0.004788085662345367,瓶,0.0016718650564143103,OTHER,0.0008691863682003967,UNKNOWN,0.0008642341351912717
107020404,钾肥,A 首要单位>=90%,1302136829.6495967,8,0.9941561427442334,0.9998498769441908,0.9999618094974227,千克,0.9941561427442334,UNKNOWN,0.005693734199957391,OTHER,0.00011193255323192228,瓶,2.0104845629606587e-05,箱,1.5743353181644146e-05
109052299,其他家用音视频设备,A 首要单位>=90%,1294517778.3601913,16,0.967115574789619,0.9945082516119297,0.996487059207411,个,0.967115574789619,套,0.027392676822310676,UNKNOWN,0.0019788075954812715,项,0.001179718975690325,千克,0.001088612861624903
106040801,供儿童乘骑带轮玩具,A 首要单位>=90%,1254160752.8901932,11,0.9778625917134945,0.9887112957964922,0.9933618810631806,个,0.9778625917134945,千克,0.010848704082997637,UNKNOWN,0.004650585266688388,套,0.0044943845891215785,批,0.0018339764218418203
107020107,金属氢氧化物,A 首要单位>=90%,1226851413.0574641,16,0.9188250879732814,0.9897782938572376,0.9924209680617294,千克,0.9188250879732814,OTHER,0.07095320588395611,UNKNOWN,0.0026426742044917797,个,0.0022776204906649502,立方米,0.0017659383825468374
104020102,男内衣,A 首要单位>=90%,1226073929.1279695,13,0.9018905554989136,0.958336175641594,0.984342959549548,个,0.9018905554989136,套,0.05644562014268039,盒,0.026006783907953968,千米,0.008733616094109414,千克,0.0038725072264881944
108030500,锑,A 首要单位>=90%,1225762137.7412639,6,0.9989907716822601,0.9994799367343843,0.9997332913540732,千克,0.9989907716822601,套,0.0004891650521241379,UNKNOWN,0.00025335461968891646,平方米,0.00015859520702623815,个,9.15666478322627e-05
108042300,金属制餐具,A 首要单位>=90%,1223185787.937199,21,0.90117701104033,0.9503971410237765,0.9739931322315636,个,0.90117701104033,套,0.04922012998344653,千克,0.02359599120778707,OTHER,0.012951000225322487,批,0.006267604133718778
107030406,膏药,A 首要单位>=90%,1200306944.879232,13,0.9270841347889346,0.9539572221318152,0.9697159080085362,盒,0.9270841347889346,个,0.026873087342880582,袋,0.01575868587672099,OTHER,0.012048014236988152,千克,0.011185437822701762
108031901,镍材,A 首要单位>=90%,1178948868.1733398,5,0.9930963920998326,0.996976370972269,0.9998200591851382,千克,0.9930963920998326,个,0.0038799788724363563,千米,0.0028436882128691906,UNKNOWN,9.397440636351821e-05,套,8.596640849830189e-05
106050999,其他珠宝首饰,A 首要单位>=90%,1175461021.687608,11,0.9705249395393845,0.9868436984879939,0.9953103705013033,个,0.9705249395393845,千克,0.01631875894860944,UNKNOWN,0.008466672013309442,套,0.003259154251041372,批,0.0008377829948908931
108032499,其他稀有稀土金属压延加工材,A 首要单位>=90%,1159850782.65271,8,0.9407379344399329,0.9993783712217265,0.999959773273685,千克,0.9407379344399329,个,0.05864043678179351,千米,0.0005814020519585364,套,3.146956534919119e-05,OTHER,4.4229827463383775e-06
107021407,造纸工业用整理剂、助剂,A 首要单位>=90%,1146951616.7739565,15,0.995617657761383,0.9965645158703759,0.9972751386970758,千克,0.995617657761383,个,0.0009468581089928182,卷,0.0007106228266999615,桶,0.0006979637669024775,瓶,0.0006347741193847891
107020240,二甲醚,A 首要单位>=90%,1146726183.7598267,6,0.9999849155272883,0.9999929417326664,0.9999992204765391,千克,0.9999849155272883,桶,8.026205378082593e-06,OTHER,6.27874387274651e-06,瓶,4.949742873446213e-07,箱,2.474871436723107e-07
109042501,机动车辆用电气照明装置,A 首要单位>=90%,1134748478.0090935,18,0.906793809705035,0.9894242301677212,0.9942301333620202,个,0.906793809705035,套,0.08263042046268615,千克,0.0048059031942989895,UNKNOWN,0.003961386461026655,OTHER,0.0005322825497789137
109051501,半导体二极管,A 首要单位>=90%,1123549060.6401,10,0.9433273968814455,0.9903083532702183,0.9948891477068971,个,0.9433273968814455,OTHER,0.04698095638877273,套,0.00458079443667885,UNKNOWN,0.0029934975709957267,千米,0.0018897675004866808
109013703,粉末冶金零件,A 首要单位>=90%,1099718977.0387502,9,0.983461800402893,0.9905778015480876,0.9967983082739362,个,0.983461800402893,UNKNOWN,0.007116001145194618,千克,0.006220506725848603,批,0.0022784830054921462,套,0.0005940708702916242
104020120,女毛衣,A 首要单位>=90%,1096375446.2341688,7,0.9832388742940785,0.9940350078091547,0.9972991614871713,个,0.9832388742940785,套,0.010796133515076179,千克,0.003264153678016734,UNKNOWN,0.0022552143047896707,批,0.00028403591221386003
109051305,安全智能卡类设备,A 首要单位>=90%,1093231402.4704893,17,0.9569460724076165,0.9927727999857555,0.9948094637617054,个,0.9569460724076165,套,0.035826727578139005,UNKNOWN,0.0020366637759499243,项,0.001329740777400731,批,0.0010672702754130582
104030501,钱包及类似物品,A 首要单位>=90%,1064402561.8035257,15,0.9914485015533401,0.9946177591600702,0.9966034755454134,个,0.9914485015533401,千克,0.0031692576067301626,UNKNOWN,0.0019857163853431283,OTHER,0.0018426231299890532,套,0.0012553723148558877
109041905,家用电动按摩器,A 首要单位>=90%,1049859625.8349859,13,0.9946126739788022,0.9984328207096712,0.9993879765800066,个,0.9946126739788022,套,0.00382014673086901,UNKNOWN,0.0009551558703353092,批,0.00028156547094150796,OTHER,0.00017215902395870434
109011302,内燃叉车,A 首要单位>=90%,1049034257.4131117,22,0.9511715484195938,0.9651065128855152,0.9757660007931214,个,0.9511715484195938,千克,0.013934964465921386,UNKNOWN,0.010659487907606234,月,0.008540530134443272,套,0.007048244999054373
104020108,男衬衫,A 首要单位>=90%,1039396709.9521252,10,0.9846634808668575,0.9931794361873533,0.9987629962576519,个,0.9846634808668575,UNKNOWN,0.008515955320495766,套,0.005583560070298606,批,0.00107518956842905,副,7.97718716807356e-05
108032202,银材,A 首要单位>=90%,1025642801.3095702,5,0.9993053767386203,0.9997381796204711,0.9999993652760989,千克,0.9993053767386203,个,0.00043280288185074204,OTHER,0.00026118565562782583,UNKNOWN,3.422244075148123e-07,瓶,2.9249949360240366e-07
109012004,液力机械及装置,A 首要单位>=90%,1015965875.1183033,17,0.9015226001361458,0.9813395456679643,0.9875307122236535,个,0.9015226001361458,套,0.07981694553181848,千克,0.0061911665556891576,OTHER,0.004929258254731724,UNKNOWN,0.0031171490299765126
102050102,石膏类,A 首要单位>=90%,1006006154.5773904,19,0.921586673214468,0.9562569602368117,0.9698852004748697,千克,0.921586673214468,个,0.03467028702234381,UNKNOWN,0.013628240238058021,平方米,0.00660730982060331,袋,0.005649340614472678
108031403,稀有稀土金属合金,A 首要单位>=90%,1001822703.6560756,9,0.9063953446805245,0.952823871610922,0.9979763759761345,千克,0.9063953446805245,个,0.046428526930397465,套,0.04515250436521256,平方米,0.0011416191665712446,OTHER,0.0008753389872033232
107020225,酮,A 首要单位>=90%,995298826.6088637,8,0.9894623049214406,0.9939034831735777,0.9979907985669425,千克,0.9894623049214406,桶,0.004441178252137033,UNKNOWN,0.004087315393364806,瓶,0.0014509909788864698,OTHER,0.0005103839934472295
109040405,电感器,A 首要单位>=90%,993566098.392441,11,0.9695666195192761,0.9839871041685648,0.9924731679764209,个,0.9695666195192761,套,0.014420484649288719,OTHER,0.008486063807856159,千克,0.006189983211686433,UNKNOWN,0.0011921759774286384
109050302,电话单机,A 首要单位>=90%,993048831.4684883,15,0.9556173763590596,0.9857731042681901,0.9979437096591295,个,0.9556173763590596,套,0.030155727909130424,UNKNOWN,0.012170605390939384,批,0.0013581133650218844,OTHER,0.0005410259525787379
102049999,其他未列明有色金属矿石,A 首要单位>=90%,982615839.6553345,14,0.9660251399188289,0.9786683349854022,0.9899388645535847,千克,0.9660251399188289,个,0.012643195066573285,OTHER,0.01127052956818258,套,0.006581585331800431,平方米,0.0019054838067086987
109051604,激光器件,A 首要单位>=90%,970071670.7319603,14,0.9357114392999453,0.980162067874572,0.9870414151746738,个,0.9357114392999453,套,0.04445062857462676,千克,0.006879347300101722,OTHER,0.005728707732348788,UNKNOWN,0.0047457235507943315
104020403,胶鞋,A 首要单位>=90%,962033501.6332246,17,0.9657068806584916,0.9827411617277203,0.9921025982346626,个,0.9657068806584916,UNKNOWN,0.017034281069228652,OTHER,0.009361436506942317,平方米,0.00323697407077123,千克,0.0031051351480789365
106041001,电子游戏机,A 首要单位>=90%,954858227.1485729,12,0.9969663356065321,0.9983610657889723,0.9995372474283662,个,0.9969663356065321,UNKNOWN,0.0013947301824402147,套,0.0011761816393938754,次,0.00018422420732060077,平方米,0.00012315964470577034
107010110,液体石蜡,A 首要单位>=90%,954452866.3592691,16,0.9927035669060157,0.9955695484284841,0.9978467195116927,千克,0.9927035669060157,OTHER,0.0028659815224684705,个,0.0022771710832085695,桶,0.001270471297916755,瓶,0.0003189257956743197
104030403,皮革制衣着附件,A 首要单位>=90%,939523003.6611834,15,0.9882856777493643,0.9928528766355252,0.9959815593216013,个,0.9882856777493643,千克,0.004567198886160968,套,0.0031286826860760226,UNKNOWN,0.001767128175358359,千米,0.000816154642872336
108031003,钴,A 首要单位>=90%,930155314.0524902,5,0.9880641466432952,0.998562408441592,0.9999148277429658,千克,0.9880641466432952,OTHER,0.010498261798296778,UNKNOWN,0.0013524193013738038,瓶,7.269648035712236e-05,个,1.2475776677108436e-05
108041103,铜丝,A 首要单位>=90%,922469811.3604083,16,0.926853083423725,0.9689613026651127,0.9810229584990604,千克,0.926853083423725,千米,0.0421082192413877,卷,0.01206165583394774,个,0.010881629604753897,副,0.0038161693278704173
107040301,锦纶纤维,A 首要单位>=90%,911628027.133465,17,0.97677000842196,0.9848571308326087,0.9920343740349278,千克,0.97677000842196,个,0.008087122410648647,千米,0.007177243202319063,平方米,0.006132860765141047,套,0.0005304015953873969
109062503,办公印刷设备,A 首要单位>=90%,883527271.9768515,20,0.986785078053307,0.9955172577622873,0.9966076834592333,个,0.986785078053307,套,0.008732179708980334,盒,0.0010904256969460756,箱,0.0008592980364955747,UNKNOWN,0.0007599784864939606
104020404,塑料鞋,A 首要单位>=90%,879522711.4219179,15,0.9505737242373894,0.9929089105125589,0.9962811525942066,个,0.9505737242373894,千克,0.04233518627516952,千米,0.003372242081647614,UNKNOWN,0.0016301814339986763,套,0.0013977223144556843
307030100,旅游服务,A 首要单位>=90%,876358704.9472084,11,0.9748652835664611,0.9836241243603828,0.9923781847559057,UNKNOWN,0.9748652835664611,项,0.0087588407939217,OTHER,0.008754060395522791,次,0.004947404016396845,个,0.001248851199652157
104010202,毛纱,A 首要单位>=90%,865775655.2540321,14,0.9079291396601628,0.9778445055619007,0.9897833793388604,千克,0.9079291396601628,个,0.06991536590173791,千米,0.011938873776959659,UNKNOWN,0.00537929577562984,套,0.0014009901972801388
107021902,污水处理化学药剂,A 首要单位>=90%,859818170.3924699,21,0.957912559502034,0.9781219742345331,0.9822051666267,千克,0.957912559502034,月,0.020209414732499098,桶,0.004083192392166914,套,0.0039024864157602775,UNKNOWN,0.0028136103243173493
104020116,女大衣、女风衣,A 首要单位>=90%,856204166.0129805,7,0.9864278489247261,0.9929311849971116,0.996804506074851,个,0.9864278489247261,UNKNOWN,0.006503336072385535,套,0.0038733210777394515,批,0.0026625577058514787,OTHER,0.0005271253388481763
109041903,电美容仪,A 首要单位>=90%,853739134.1034203,8,0.9729380271177483,0.9987237643770799,0.9998930731925485,个,0.9729380271177483,套,0.025785737259331528,UNKNOWN,0.0011693088154686201,盒,5.111701954711729e-05,千克,3.584233025950662e-05
107010109,润滑油基础油,A 首要单位>=90%,841165079.7098389,15,0.9027978940184292,0.9582175414863082,0.9803882418483453,千克,0.9027978940184292,个,0.05541964746787895,桶,0.02217070036203706,OTHER,0.012154199069495653,UNKNOWN,0.0024065436726669947
109020302,压实机械,A 首要单位>=90%,838716931.708271,12,0.9881731319237044,0.9950717073324723,0.9977790778577997,个,0.9881731319237044,UNKNOWN,0.006898575408767966,批,0.002707370525327392,月,0.0006438405850471455,OTHER,0.0005081571432353582
107020207,芳香烃卤化衍生物,A 首要单位>=90%,838164970.0680542,11,0.9946902196963172,0.9986797454691833,0.9993703990287196,千克,0.9946902196963172,OTHER,0.003989525772866045,盒,0.0006906535595363172,桶,0.0004202397995995171,瓶,0.00014246593982581246
107020401,氨及氨水,A 首要单位>=90%,828728201.5931778,11,0.9849991577170695,0.9960423296591414,0.9980751195713061,千克,0.9849991577170695,OTHER,0.011043171942071916,UNKNOWN,0.0020327899121646933,瓶,0.0013463470567430455,桶,0.00021758023983343514
103011204,淀粉糖,A 首要单位>=90%,827318544.4852734,13,0.9973665664269878,0.9980763864411965,0.9986027018766741,千克,0.9973665664269878,个,0.0007098200142086144,桶,0.0005263154354776851,瓶,0.0002815486131591502,UNKNOWN,0.0002728469360335853
108010305,水泥混凝土电杆,A 首要单位>=90%,824083547.9565735,15,0.9470077297954472,0.9723550646671835,0.9903401575353332,个,0.9470077297954472,OTHER,0.025347334871736203,套,0.01798509286814971,千克,0.006023205988331498,千米,0.002110446075474968
107020233,镍钴锰氢氧化物,A 首要单位>=90%,819418764.8125,6,0.9998969434144954,0.9999708677650244,0.9999964956867926,千克,0.9998969434144954,个,7.392435052895184e-05,UNKNOWN,2.562792176818801e-05,瓶,2.161898257730717e-06,盒,9.763017816452575e-07
109041603,家用换气、排气扇,A 首要单位>=90%,805492479.7935562,9,0.9961081573082403,0.9990631299611048,0.9997769835763457,个,0.9961081573082403,UNKNOWN,0.002954972652864451,套,0.0007138536152409153,批,0.00015924618141112303,OTHER,3.7160285409501835e-05
109010508,磨床,A 首要单位>=90%,805383686.2823372,15,0.9787593535794656,0.9919114417835182,0.9970617477566915,个,0.9787593535794656,套,0.013152088204052604,批,0.005150305973173297,OTHER,0.0009536908231990887,UNKNOWN,0.0006801637895631526
107020208,烃磺化、硝化或亚硝化衍生物,A 首要单位>=90%,797125940.2581415,6,0.9995756649942176,0.9999374177184801,0.9999886404901124,千克,0.9995756649942176,桶,0.00036175272426257587,OTHER,5.1222771632268395e-05,瓶,7.5834440892496175e-06,UNKNOWN,3.7635207292695544e-06
110020204,民用液化石油气,A 首要单位>=90%,795500555.9884033,8,0.971408292416084,0.9801324307639535,0.9883758748865847,千克,0.971408292416084,瓶,0.008724138347869578,立方米,0.008243444122631257,个,0.004639797825677203,套,0.0035511499379029744
108031502,铜盘条（电工用铜线坯）,A 首要单位>=90%,787901162.5271568,12,0.9954178419017125,0.997873028948457,0.998670462459056,千克,0.9954178419017125,个,0.0024551870467444804,千米,0.0007974335105989981,OTHER,0.0003890869369629963,卷,0.0003154179900981635
106040601,运动用球,A 首要单位>=90%,787729121.212327,15,0.9635825598742187,0.9819743998203653,0.9963346827594518,个,0.9635825598742187,OTHER,0.01839183994614657,袋,0.014360282939086574,UNKNOWN,0.0017870935153635292,盒,0.0007554600016486364
107021501,油田用化学制剂,A 首要单位>=90%,785116708.3575783,17,0.9471056408411831,0.9950392161929948,0.998056080462112,千克,0.9471056408411831,立方米,0.04793357535181177,UNKNOWN,0.0030168642691171766,桶,0.0011474627031849679,套,0.0002873152457446649
104010506,毯子,A 首要单位>=90%,781037444.4227254,14,0.9046938376254005,0.9317025607844709,0.9528968017322673,个,0.9046938376254005,千克,0.027008723159070432,UNKNOWN,0.021194240947796473,平方米,0.019756749001827112,套,0.013930915016164523
107050104,橡胶实心或半实心轮胎,A 首要单位>=90%,751665322.104393,14,0.9634079141247999,0.9889492426968832,0.9992753316779072,个,0.9634079141247999,套,0.025541328572083303,千克,0.010326088981023962,OTHER,0.00033183350501727254,批,0.0002055249796112646
108032102,钛材,A 首要单位>=90%,749898765.9625168,10,0.9491427611318888,0.9878124630009789,0.99273402967492,千克,0.9491427611318888,个,0.038669701869090106,千米,0.004921566673941028,套,0.0035666114114227495,UNKNOWN,0.0017438434755043522
104020109,女Ｔ恤衫,A 首要单位>=90%,748237354.6479521,11,0.9801559178164903,0.9973401588928665,0.9987121100813684,个,0.9801559178164903,UNKNOWN,0.0171842410763763,套,0.0013719511885018298,千克,0.0007596444784121093,千瓦时,0.0003746296397576777
109040305,微电机,A 首要单位>=90%,746910368.4933014,9,0.9483731567999453,0.9973865734033108,0.9989533191056418,个,0.9483731567999453,套,0.049013416603365535,OTHER,0.0015667457023309163,批,0.00041338025688790405,UNKNOWN,0.0003587156149001537
102050501,硫铁矿石,A 首要单位>=90%,740794954.3774605,12,0.9580616116592392,0.9913183334729746,0.9960356410349213,千克,0.9580616116592392,OTHER,0.03325672181373539,个,0.004717307561946652,元,0.002942526116193433,UNKNOWN,0.0008668083859871802
109011205,门座起重机,A 首要单位>=90%,723542690.28479,9,0.9900942058691887,0.9954862893526224,0.997742023564183,个,0.9900942058691887,套,0.005392083483433629,批,0.002255734211560605,千克,0.0012167127618323286,UNKNOWN,0.00044566785664544735
104020107,女衬衫,A 首要单位>=90%,722273194.4866371,10,0.9714184169780684,0.9930261617631462,0.9986614638866934,个,0.9714184169780684,套,0.021607744785077817,UNKNOWN,0.005635302123547182,千米,0.0008252639010980947,批,0.00041230936198824924
109010504,钻床,A 首要单位>=90%,711666830.9925575,15,0.9886389491353136,0.9963543584873876,0.9985153626886486,个,0.9886389491353136,UNKNOWN,0.007715409352074047,套,0.002161004201260937,批,0.0008112760421822131,盒,0.0005450232933562929
108041101,铁丝,A 首要单位>=90%,709867324.2468381,18,0.9181980684530712,0.941002411481453,0.9611160586749076,千克,0.9181980684530712,个,0.022804343028381836,平方米,0.020113647193454542,卷,0.01279531630818534,OTHER,0.009798019126103601
102050514,天然碱,A 首要单位>=90%,700954709.1181107,8,0.9997777166074931,0.9999045969317886,0.999974174180312,千克,0.9997777166074931,个,0.00012688032429544638,UNKNOWN,6.957724852345944e-05,袋,1.543031204361912e-05,瓶,3.93463367051191e-06
101020402,天然树脂、树胶,A 首要单位>=90%,700404275.1020737,18,0.9829142475672448,0.9863525783634574,0.989629706235125,千克,0.9829142475672448,桶,0.0034383307962126343,个,0.0032771278716677084,UNKNOWN,0.0026451990465551052,立方米,0.002095352715809908
109011502,自动扶梯等连续运载乘客输送机,A 首要单位>=90%,665737784.5201416,10,0.9949987926051743,0.998699686796399,0.9993005239567658,个,0.9949987926051743,套,0.003700894191224673,UNKNOWN,0.0006008371603668503,批,0.00034863576230286495,平方米,0.00019510384271432366
107030108,激素类药,A 首要单位>=90%,655626515.5357909,9,0.9782438887494747,0.9940910536425986,0.9966723799327668,千克,0.9782438887494747,瓶,0.015847164893123995,盒,0.0025813262901681726,OTHER,0.0016955735829133254,个,0.001269561144925342
109051004,网络优化设备,A 首要单位>=90%,648945233.6647015,12,0.9023239889099285,0.992146705132389,0.9981031175512709,个,0.9023239889099285,套,0.08982271622246052,UNKNOWN,0.005956412418881845,批,0.0007310012854556858,项,0.00043796455389712266
104010201,毛条,A 首要单位>=90%,645648751.9618099,16,0.9106653967716654,0.9658855594446805,0.9888252531836232,千克,0.9106653967716654,个,0.05522016267301513,千米,0.02293969373894281,OTHER,0.007393665341246725,套,0.00220766516029365
108011103,光学仪器用玻璃,A 首要单位>=90%,620815125.1743267,15,0.9842036683412284,0.9952900052769847,0.9969558248524776,个,0.9842036683412284,套,0.011086336935756348,UNKNOWN,0.0016658195754928461,批,0.001233252974296311,千米,0.0007975216452095473
304020102,软件咨询服务,A 首要单位>=90%,605738723.6523438,4,0.9958765673796784,0.9981889505001671,0.9994416671754767,UNKNOWN,0.9958765673796784,次,0.0023123831204886194,套,0.0012527166753095263,项,0.0005583328245233796,,
109030802,挂车、半挂车,A 首要单位>=90%,601372236.1018677,12,0.9561510526549181,0.9819159955344483,0.9908649941569726,个,0.9561510526549181,UNKNOWN,0.02576494287953025,千克,0.008948998622524346,套,0.006965926839513086,OTHER,0.0007570685386993476
106040606,运动防护用具,A 首要单位>=90%,597509995.3098539,19,0.9578152727570428,0.9688214147066796,0.9798104132896118,个,0.9578152727570428,批,0.011006141949636734,副,0.010988998582932277,OTHER,0.007844220910320247,UNKNOWN,0.004261145284541661
102040202,银矿砂及其精矿石,A 首要单位>=90%,575227917.6695557,6,0.9976598415532568,0.9996102458461245,0.9999011883499035,千克,0.9976598415532568,OTHER,0.0019504042928676143,个,0.0002909425037789836,UNKNOWN,9.861346778225873e-05,套,1.634134872674922e-07
109051902,电阻器及电阻网络,A 首要单位>=90%,570889587.8912648,14,0.9039965606952526,0.9348031272679862,0.964428992847142,个,0.9039965606952526,OTHER,0.030806566572733635,千克,0.02962586557915578,套,0.022347458383130743,箱,0.011615422895919728
107020111,金属硝酸盐、亚硝酸盐,A 首要单位>=90%,569755157.9935913,14,0.994287149590612,0.996415057452439,0.9983917293502327,千克,0.994287149590612,包,0.0021279078618268925,瓶,0.001976671897793764,桶,0.0006565701858976549,UNKNOWN,0.0005978620732448578
107020203,无环烃饱和氯化衍生物,A 首要单位>=90%,567626698.097187,11,0.9844400141443785,0.993278464020923,0.9965299513897333,千克,0.9844400141443785,瓶,0.008838449876544524,桶,0.003251487368810298,UNKNOWN,0.0029285133707988246,OTHER,0.00044190919986829643
109062602,银行专用机器,A 首要单位>=90%,557056868.9084218,15,0.9493971555162201,0.9906309777415657,0.9950414659468623,个,0.9493971555162201,套,0.04123382222534565,立方米,0.004410488205296513,UNKNOWN,0.00248411294803486,批,0.0015933741230752482
104011401,围巾类,A 首要单位>=90%,556814276.8125744,14,0.9893217135099263,0.9927760743580542,0.9943333855694334,个,0.9893217135099263,千米,0.003454360848127886,套,0.0015573112113793004,千克,0.0015500275069330071,UNKNOWN,0.0013051467936527248
109040402,互感器,A 首要单位>=90%,551072878.9560289,16,0.9648502133244369,0.9813159539521238,0.9892390747336518,个,0.9648502133244369,套,0.016465740627686864,千克,0.007923120781528051,OTHER,0.0035992702249739166,UNKNOWN,0.00284812737534548
107021602,松香类产品,A 首要单位>=90%,550505456.337043,13,0.9962058587651508,0.9984216598092428,0.9991184188618327,千克,0.9962058587651508,桶,0.002215801044091998,个,0.0006967590525899205,立方米,0.00033604417834198037,OTHER,0.0001978825441718448
109022703,日用杂品生产专用设备,A 首要单位>=90%,547263126.062318,18,0.9160532088226613,0.9876322890277958,0.9915730738588269,千克,0.9160532088226613,个,0.07157908020513443,副,0.003940784831031099,套,0.003562687999302039,批,0.001988790164417181
107021508,工业用脂肪醇,A 首要单位>=90%,544586629.0151505,10,0.9994914961646396,0.999773820063393,0.9998508584955953,千克,0.9994914961646396,桶,0.00028232389875334715,卷,7.703843220228801e-05,瓶,6.250081875259003e-05,个,4.2561565932519524e-05
106040702,西乐器,A 首要单位>=90%,540467195.1793175,10,0.9776605005937747,0.9880486022532131,0.9950637040655121,个,0.9776605005937747,套,0.010388101659438348,批,0.007015101812299069,UNKNOWN,0.0048090555938773575,次,6.19834104619158e-05
107030411,药酒,A 首要单位>=90%,534001927.440341,6,0.9383592942332353,0.9955203858464154,0.9998338119305016,盒,0.9383592942332353,瓶,0.057161091613180205,OTHER,0.004313426084086134,UNKNOWN,0.0001487498552566605,箱,1.2829167182766644e-05
109061801,钟,A 首要单位>=90%,516460039.5751381,7,0.9967258112577481,0.998570774531052,0.9999658593528101,个,0.9967258112577481,UNKNOWN,0.0018449632733040066,套,0.0013950848217580934,OTHER,3.227999986828602e-05,包,1.5079578827311454e-06
109051504,功率晶体管,A 首要单位>=90%,513858952.18048096,6,0.9687427642234536,0.987172272462599,0.9962754039958269,个,0.9687427642234536,OTHER,0.018429508239145312,套,0.009103131533227905,UNKNOWN,0.003281725447896276,千米,0.00033063547745749224
109040301,直流电动机,A 首要单位>=90%,511650275.28240967,13,0.9060637437589228,0.9514188119095803,0.9857893123266737,个,0.9060637437589228,套,0.04535506815065744,项,0.03437050041709337,千克,0.009687504082688009,批,0.002251037584929052
109010512,齿轮加工机床,A 首要单位>=90%,502224820.34368896,14,0.9957109367691446,0.9989201812642439,0.9994492117685869,个,0.9957109367691446,套,0.00320924449509933,千克,0.0005290305043430113,副,0.00011541683645086356,桶,0.00010369867969808801
109013102,工商用冷藏、冷冻柜,A 首要单位>=90%,492937905.5462646,17,0.9341461208625175,0.9634200507266149,0.9780627937555575,个,0.9341461208625175,套,0.029273929864097385,UNKNOWN,0.014642743028942659,批,0.009425615771475557,项,0.007183884542365834
109022808,粗纱机,A 首要单位>=90%,486840430.8750229,5,0.9964272621177461,0.9991453395740938,0.9997442113635135,个,0.9964272621177461,UNKNOWN,0.002718077456347699,千米,0.0005988717894197355,千克,0.00021841499443438147,套,3.7373642052072806e-05
107020114,氟化物及其盐,A 首要单位>=90%,486245741.10272217,13,0.9650215620149816,0.9950417935004797,0.9978002646404185,千克,0.9650215620149816,瓶,0.030020231485498164,平方米,0.002758471139938774,个,0.001695737546471708,UNKNOWN,0.00016641854754097463
107020116,氯氧化物及氢氧基氯化物,A 首要单位>=90%,485052087.05702025,14,0.997797736734077,0.9987640529942416,0.9993266482680285,千克,0.997797736734077,次,0.0009663162601646541,个,0.0005625952737868967,瓶,0.0002967365841765017,平方米,0.0002582187084224963
106051208,打火机及其零件,A 首要单位>=90%,474796023.78458285,14,0.9644339566863288,0.9799359030393613,0.9950567989406659,个,0.9644339566863288,UNKNOWN,0.015501946353032477,千克,0.015120895901304558,套,0.004160559666222912,盒,0.0004606797004210716
109050301,收发合一中小型电台,A 首要单位>=90%,471316343.26075745,6,0.9522022055122777,0.9846143240920984,0.9996838577695627,套,0.9522022055122777,个,0.03241211857982064,UNKNOWN,0.015069533677464334,千米,0.00017134351726759642,项,7.302101972933118e-05
109040202,内燃发电机组,A 首要单位>=90%,463030190.1414109,10,0.9560549961420179,0.9916862284573171,0.9951177355863712,个,0.9560549961420179,套,0.035631232315299216,批,0.003431507129054042,UNKNOWN,0.0023059183455650637,千克,0.0012536958110406123
107020234,镍钴锰酸锂,A 首要单位>=90%,461383945.8984375,1,1.0,1.0,1.0,千克,1.0,,,,,,,,
107020236,氯化钴,A 首要单位>=90%,460239506.94000244,3,0.999555945074421,0.9999996088992855,1.0,千克,0.999555945074421,瓶,0.00044366382486448597,OTHER,3.911007144883481e-07,,,,
109051502,半导体三极管,A 首要单位>=90%,457406812.83732945,10,0.9602315250411734,0.9779142964030995,0.9921945821720894,个,0.9602315250411734,OTHER,0.017682771361926045,千米,0.014280285768990026,UNKNOWN,0.0025920115922637797,卷,0.0015814773188725106
109031700,休闲专用车及其零附件,A 首要单位>=90%,445819585.76030725,14,0.9284085970717253,0.9870735872039319,0.995799650966886,个,0.9284085970717253,套,0.0586649901322066,UNKNOWN,0.0087260637629541,千克,0.00309140305915359,OTHER,0.0006479800810254824
104020117,男大衣、男风衣,A 首要单位>=90%,439904413.74929047,6,0.9902065921315348,0.9964584601890091,0.9999390335295684,个,0.9902065921315348,UNKNOWN,0.006251868057474267,套,0.003480573340559274,OTHER,5.579716562603673e-05,盒,4.6373710657120915e-06
107030410,中成药栓剂,A 首要单位>=90%,438069171.27642745,8,0.9951563138422466,0.9973925355660057,0.9989767716764305,盒,0.9951563138422466,瓶,0.002236221723759127,千克,0.001584236110424839,个,0.0009287387017618579,UNKNOWN,4.260245079132381e-05
109030105,铁路货车,A 首要单位>=90%,437354005.11784357,8,0.9985937645860498,0.9992799803358338,0.9997502206479839,个,0.9985937645860498,UNKNOWN,0.0006862157497839826,千克,0.0004702403121501174,套,0.00020398121191541878,OTHER,2.3619310396429583e-05
108031301,碱金属,A 首要单位>=90%,436432465.5870972,8,0.9990830110223384,0.9995044848937011,0.9997234949975905,千克,0.9990830110223384,OTHER,0.0004214738713627293,个,0.00021901010388932917,桶,0.00017113454156395626,瓶,9.958262378210289e-05
102050302,耐火粘土熟料,A 首要单位>=90%,433417478.8096333,14,0.9820071734892931,0.9895457690057308,0.9962609250441847,千克,0.9820071734892931,个,0.007538595516437622,OTHER,0.006715156038453959,项,0.0016243864966720206,套,0.0015062452067991906
109041503,家用房间空气清洁装置,A 首要单位>=90%,430218271.16462713,18,0.9379693634390498,0.9664701511325725,0.9833194541163274,个,0.9379693634390498,OTHER,0.028500787693522663,套,0.016849302983754838,千米,0.007934753220171172,UNKNOWN,0.007670296092913553
109060304,电磁参数测量仪器仪表,A 首要单位>=90%,425448862.80206466,16,0.955807815760214,0.9937051045223925,0.9955422016410137,个,0.955807815760214,套,0.03789728876217841,UNKNOWN,0.0018370971186212612,千米,0.001320603077451502,OTHER,0.0012860376945609722
109062403,幻灯及投影设备附件、零件,A 首要单位>=90%,423575744.24057007,17,0.9367528606432135,0.9806722100703547,0.9859127990122639,个,0.9367528606432135,套,0.04391934942714113,OTHER,0.005240588941909281,平方米,0.004847728024513974,千瓦时,0.0038801156519164617
102040111,钛矿石,A 首要单位>=90%,416418182.6702423,4,0.9757667834481389,0.9978955926199928,0.9999994985809655,千克,0.9757667834481389,UNKNOWN,0.022128809171853923,个,0.0021039059609727056,袋,5.014190343775277e-07,,
109042599,其他车辆专用照明、信号及其装置,A 首要单位>=90%,415927344.1145725,7,0.9937426509499465,0.9978669818559892,0.9994527403701498,个,0.9937426509499465,套,0.004124330906042727,UNKNOWN,0.0015857585141604898,千克,0.000410340860705677,OTHER,0.00011079579318859557
107040103,化纤用再生聚酯专用料,A 首要单位>=90%,411691144.1755829,11,0.9901115968067369,0.994436879849138,0.9966046010586557,千克,0.9901115968067369,个,0.004325283042401149,千米,0.0021677212095176507,套,0.0013607530983495604,平方米,0.001111914402280091
107030120,制剂用辅料及附加剂,A 首要单位>=90%,404602915.68820286,14,0.9029039106263052,0.9389367016289378,0.9636700985274214,千克,0.9029039106263052,UNKNOWN,0.036032791002632694,袋,0.024733396898483556,个,0.014406398149496282,盒,0.00816064683379064
102050601,海盐,A 首要单位>=90%,404572384.4979515,14,0.9866988798966377,0.992902916279887,0.995860704072286,千克,0.9866988798966377,个,0.0062040363832492375,箱,0.0029577877923989276,袋,0.002401254010039587,元,0.0005582313787439032
101011101,作物茎、秆、根,A 首要单位>=90%,404404900.41769487,13,0.978939483777648,0.9904478408364908,0.9957756888741311,千克,0.978939483777648,个,0.01150835705884288,盒,0.005327848037640306,套,0.0018880087734134488,袋,0.0006377339109788719
107040307,氨纶纤维,A 首要单位>=90%,399609413.69473267,6,0.9837190986197423,0.9982552285904877,0.9992776619616698,千克,0.9837190986197423,千米,0.014536129970745397,UNKNOWN,0.0010224333711820802,个,0.0007209539868850129,OTHER,1.1588315257408302e-06
107020304,稀土化合物,A 首要单位>=90%,398720057.76577765,5,0.9996203710327629,0.9999983325644562,0.9999994611758497,千克,0.9996203710327629,套,0.0003779615316933141,OTHER,1.1286113934713211e-06,瓶,3.7620379782377374e-07,个,1.6262035248796024e-07
107030707,血液制品,A 首要单位>=90%,397411148.2744222,10,0.9379102616508679,0.9690226987178199,0.9882252240965314,瓶,0.9379102616508679,个,0.031112437066951947,盒,0.019202525378711473,千克,0.010597100454420291,OTHER,0.0006032487177723941
101010801,未去梗烤烟叶,A 首要单位>=90%,395103187.45002365,7,0.9999870326279656,0.9999922434186265,0.9999967485708412,千克,0.9999870326279656,个,5.21079066085104e-06,UNKNOWN,4.505152214762001e-06,OTHER,1.3640994026170162e-06,袋,7.89818982662766e-07
109010601,锻造机及冲压机,A 首要单位>=90%,393377305.0350504,14,0.9324361952612145,0.9759332623178179,0.9942942808509986,个,0.9324361952612145,套,0.04349706705660341,千克,0.018361018533180732,OTHER,0.0030754002271470215,批,0.0013538007441324018
107021504,酶及酶制品,A 首要单位>=90%,391049807.22567755,13,0.938633786992711,0.9706271898248715,0.9822723575405635,千克,0.938633786992711,OTHER,0.0319934028321604,个,0.011645167715691976,立方米,0.008389013468343594,瓶,0.004173722544612992
107021601,松节油类产品,A 首要单位>=90%,383989366.742508,8,0.998800910178845,0.9993463052291671,0.99986095115003,千克,0.998800910178845,瓶,0.0005453950503221775,OTHER,0.0005146459208629507,桶,6.760848624421568e-05,UNKNOWN,4.375121150494146e-05
103020701,酵母,A 首要单位>=90%,379625308.2311,15,0.9385478233400585,0.9602658861229892,0.9780770128987398,千克,0.9385478233400585,箱,0.021718062782930744,千瓦时,0.017811126775750547,OTHER,0.007383086476428377,个,0.0044135636535226185
108031702,铅粉及铅片状粉末,A 首要单位>=90%,363822624.3401871,5,0.9999484602140368,0.9999811915220539,0.9999949151045696,千克,0.9999484602140368,千米,3.273130801707541e-05,个,1.3723582515706317e-05,瓶,5.0024376667082566e-06,袋,8.245776373694929e-08
108030800,钛,A 首要单位>=90%,359561754.0947418,10,0.9141110246376486,0.971250171852362,0.9947984879394668,千克,0.9141110246376486,UNKNOWN,0.05713914721471331,个,0.02354831608710482,套,0.004435839551443896,OTHER,0.0005577901367873346
109041802,家用干衣机,A 首要单位>=90%,358541899.65657043,12,0.9763202357357619,0.9916742031282547,0.9969713571620319,个,0.9763202357357619,UNKNOWN,0.015353967392492871,批,0.0052971540337772086,套,0.0024153392315814383,OTHER,0.00046008357798426296
107021510,工业用脂肪胺,A 首要单位>=90%,356015761.7558594,8,0.997501593761992,0.9991876595615495,0.9998196540521594,千克,0.997501593761992,桶,0.001686065799557597,套,0.0006319944906099284,OTHER,0.00012399731905766797,个,5.270834051686804e-05
109025205,洗衣店用洗衣机械,A 首要单位>=90%,351589192.10754776,19,0.9768882951979002,0.9891470873277165,0.9928445570703602,个,0.9768882951979002,套,0.01225879212981629,批,0.0036974697426437053,千克,0.002048041126303273,OTHER,0.00143771044296031
107020230,亚硝酸酯及硝酸酯,A 首要单位>=90%,351437986.8123322,5,0.9998802542372417,0.9999663775396045,0.9999839406950315,千克,0.9998802542372417,UNKNOWN,8.612330236276527e-05,瓶,1.7563155427041535e-05,盒,1.586638329926784e-05,个,1.9292166924448892e-07
102050506,萤石,A 首要单位>=90%,347611375.03002936,5,0.9337128961075569,0.999792948861917,0.9999058753449066,千克,0.9337128961075569,UNKNOWN,0.06608005275436012,个,0.00011292648298953328,包,8.040243441065634e-05,套,1.372222068276083e-05
107022601,食品用香精,A 首要单位>=90%,340357692.50500584,13,0.9948034654038389,0.9961400004962353,0.9973092418652583,千克,0.9948034654038389,批,0.0013365350923963898,个,0.0011692413690229375,箱,0.0007662329251479202,桶,0.00048807158955493766
107030116,麻醉用药,A 首要单位>=90%,340352193.3222656,7,0.9008046621267612,0.9684561045568627,0.9895322225920649,千克,0.9008046621267612,盒,0.06765144243010142,桶,0.021076118035202117,个,0.007452732933024587,瓶,0.0029940750199165386
104020121,男毛衣,A 首要单位>=90%,338455341.1393967,7,0.9889967371795755,0.9952051618290201,0.9984872895088938,个,0.9889967371795755,UNKNOWN,0.006208424649444613,套,0.0032821276798736354,批,0.000892762909229882,千克,0.00022216372696872615
106040703,电子乐器,A 首要单位>=90%,334029761.87744147,9,0.9925762588103125,0.9959050241780314,0.9982410715942761,个,0.9925762588103125,套,0.003328765367718846,UNKNOWN,0.0023360474162446633,千瓦时,0.0008959475198756571,批,0.0004378052996776281
107020117,溴化物及其盐,A 首要单位>=90%,328375330.6544724,9,0.9978440736938491,0.9995705687197393,0.9997576334375831,千克,0.9978440736938491,UNKNOWN,0.0017264950258902112,瓶,0.0001870647178438037,OTHER,0.00011251758750074295,个,9.502419049992346e-05
107020112,金属氧化物酸盐、金属过氧化物酸盐,A 首要单位>=90%,326427465.6214142,11,0.99455834019094,0.9979096751590321,0.9997247797761392,千克,0.99455834019094,瓶,0.0033513349680920263,UNKNOWN,0.001815104617107106,个,0.00017390736416327666,OTHER,6.29423139565286e-05
109010605,冲床,A 首要单位>=90%,320503101.2173233,12,0.958802996762172,0.9873559615872624,0.9927114147639811,个,0.958802996762172,套,0.02855296482509041,千克,0.005355453176718671,UNKNOWN,0.0037815006338990584,副,0.002372817913809612
109010506,铣床,A 首要单位>=90%,319340404.95742035,11,0.9741585990617357,0.9934523888657271,0.9969207602581529,个,0.9741585990617357,套,0.019293789803991275,千克,0.003468371392425841,批,0.0013963852599061417,UNKNOWN,0.001123455172954543
109010403,风力发动机（风车）,A 首要单位>=90%,314026828.5039062,11,0.9221946414320606,0.9691507870908593,0.9953946316049135,个,0.9221946414320606,批,0.04695614565879864,套,0.026243844514054104,UNKNOWN,0.002339025628950972,平方米,0.0013217024584408626
109022204,印刷包装机械,A 首要单位>=90%,313485720.52222204,16,0.9468514817364979,0.9784021417055324,0.9884712170827173,个,0.9468514817364979,套,0.031550659969034535,OTHER,0.010069075377184907,批,0.004848889612185196,UNKNOWN,0.004346987847556766
107020224,多聚甲醛,A 首要单位>=90%,312013143.7233363,7,0.9997666105035209,0.9999483961484134,0.9999822343703335,千克,0.9997666105035209,个,0.00018178564489250415,瓶,3.383822192014821e-05,UNKNOWN,1.2816639431329211e-05,千米,4.512630407802567e-06
107050701,初级形状再生橡胶,A 首要单位>=90%,311687171.742157,12,0.9953023210252033,0.9981834617486591,0.9992236649696894,千克,0.9953023210252033,个,0.0028811407234558546,UNKNOWN,0.0010402032210302488,套,0.0003980818309155265,盒,0.00019519937145497676
107020222,醛醚、醛酚及含有相关含氧基醛,A 首要单位>=90%,308981590.22058105,6,0.9989401408681755,0.9998358317726156,0.9999916986641207,千克,0.9989401408681755,UNKNOWN,0.0008956909044400592,套,0.00015586689150514992,瓶,6.828108957828543e-06,个,1.3437693703752127e-06
104011005,涂焦油、蜡、沥青或类似产品纺织物,A 首要单位>=90%,304550779.6293227,19,0.9560609684608198,0.974099804553811,0.9836556690668814,千克,0.9560609684608198,千米,0.018038836092991128,OTHER,0.009555864513070481,个,0.005197598781350508,平方米,0.0051933391790185595
109013504,家用秤,A 首要单位>=90%,304188871.0198316,9,0.9393422204655101,0.9704681998595186,0.9964944067797706,个,0.9393422204655101,套,0.03112597939400854,箱,0.02602620692025205,UNKNOWN,0.0034242310380126957,批,7.483133842223464e-05
103011205,面筋,A 首要单位>=90%,301745171.17719334,12,0.9467709375135681,0.9810226672048008,0.9948336616581598,千克,0.9467709375135681,袋,0.03425172969123264,包,0.01381099445335902,个,0.0018755806601082707,箱,0.0016201263982969817
301050302,无运输工具承运水路货物运输服务,A 首要单位>=90%,300432049.96875006,7,0.9781066441025419,0.9874160636544536,0.9953147548901151,千克,0.9781066441025419,箱,0.009309419551911717,个,0.007898691235661554,票,0.0031672667723624255,UNKNOWN,0.001412147418340119
106040303,具有书写或绘画面板类教具,A 首要单位>=90%,298300191.5566487,19,0.9085145217937656,0.9718918423920935,0.990551756489158,个,0.9085145217937656,套,0.06337732059832787,千克,0.01865991409706454,UNKNOWN,0.005704090028203193,批,0.0014878177876409596
109011202,门式起重机（龙门起重机）,A 首要单位>=90%,298045457.56414795,9,0.962857697297533,0.9915611840531019,0.9971345591825231,个,0.962857697297533,套,0.028703486755568924,批,0.005573375129421254,千米,0.0015423639176630397,项,0.0006604363696943543
107022499,其他口腔清洁护理用品,A 首要单位>=90%,295148716.6414122,14,0.9780620518770551,0.98577979124697,0.9896149669735237,个,0.9780620518770551,套,0.00771773936991492,箱,0.003835175726553703,盒,0.003509441295648,UNKNOWN,0.0027157594108315392
107030113,血液系统用药,A 首要单位>=90%,291457567.3801384,7,0.9940606212571568,0.9967108688624755,0.9992857524271558,OTHER,0.9940606212571568,千克,0.0026502476053186837,个,0.0025748835646803294,包,0.000321144518021454,盒,0.0002964575966396941
103040101,片烟,A 首要单位>=90%,290433451.53009033,4,0.9903858714780276,0.9999874835354087,0.9999986091822402,千克,0.9903858714780276,个,0.0096016120573811,OTHER,1.1125646831459601e-05,袋,1.3908177598459458e-06,,
107021005,工业用调制颜料、遮光剂和着色剂及类似颜料,A 首要单位>=90%,287115685.4180221,18,0.9465536258623103,0.9857793643101097,0.9922235853524571,千克,0.9465536258623103,份,0.03922573844779941,桶,0.006444221042347481,个,0.0023747279386728986,UNKNOWN,0.0013835445806716735
103011003,干制蔬菜（脱水蔬菜）,A 首要单位>=90%,285541582.8207817,15,0.9105148156321348,0.9469721243201925,0.9663328020102636,千克,0.9105148156321348,箱,0.036457308688057695,袋,0.01936067769007112,瓶,0.007976760035103158,包,0.006815276656423693
107030208,缓释控释片,A 首要单位>=90%,283869362.05668217,10,0.9201936780325308,0.9980395402900922,0.9989337690804444,盒,0.9201936780325308,瓶,0.07784586225756138,OTHER,0.0008942287903522084,千克,0.000714124829968904,UNKNOWN,0.00020222598327745988
109010505,镗床,A 首要单位>=90%,282148961.3653145,6,0.9865865078396492,0.993546354477034,0.9979007264506793,个,0.9865865078396492,套,0.006959846637384808,UNKNOWN,0.004354371973645343,批,0.0016318679655402133,千克,0.0004669660996178913
101030102,牛,A 首要单位>=90%,281586986.9954386,12,0.9435981220715851,0.9790237559278883,0.9881379149225795,千克,0.9435981220715851,OTHER,0.03542563385630314,平方米,0.009114158994691306,包,0.005768119282778091,个,0.00212103742424479
102049908,锆矿石,A 首要单位>=90%,280623442.0032348,14,0.9412757154847258,0.9767049001566371,0.9889836095997195,千克,0.9412757154847258,立方米,0.035429184671911314,个,0.012278709443082349,千米,0.008332053858798965,瓶,0.0005928371443682965
109024401,热力消毒设备及器具,A 首要单位>=90%,276895415.2117481,13,0.9642037070033813,0.9973093314967877,0.9980287143752204,个,0.9642037070033813,套,0.0331056244934064,UNKNOWN,0.000719382878432735,瓶,0.0006143485610690778,千米,0.000507064558852049
101030103,马,A 首要单位>=90%,276261798.5250015,3,0.9999898433297093,0.9999996166679501,1.0,OTHER,0.9999898433297093,个,9.77333824081237e-06,千克,3.8333204985739285e-07,,,,
109010602,金属加工压力机,A 首要单位>=90%,275895639.93775177,11,0.9407875544825195,0.9822967946324557,0.9982620441288098,个,0.9407875544825195,套,0.04150924014993618,千克,0.01596524949635416,次,0.0005686932929980341,UNKNOWN,0.000530723277520031
107021408,制革工业用整理剂、助剂,A 首要单位>=90%,274901491.5463639,9,0.9956588444660239,0.9990852594876347,0.9996752222388797,千克,0.9956588444660239,OTHER,0.00342641502161073,个,0.0005899627512450035,UNKNOWN,0.00015473117202701293,瓶,6.200977815537271e-05
107021405,农药乳化剂,A 首要单位>=90%,272959945.5349961,11,0.9945704609171141,0.996689451522188,0.9979001633727846,千克,0.9945704609171141,个,0.002118990605073923,瓶,0.0012107118505966074,OTHER,0.0008202346188946945,桶,0.0004942817413121225
107021003,矿物颜料,A 首要单位>=90%,271057264.4254122,16,0.9408978661507219,0.9880443742035122,0.9939251449269201,千克,0.9408978661507219,批,0.04714650805279028,卷,0.005880770723407909,个,0.003317529497804392,桶,0.0009212106533649299
108031603,铝粉及铝片状粉末,A 首要单位>=90%,270507352.30648804,12,0.9939055868855551,0.997098814070365,0.9985314139515771,千克,0.9939055868855551,个,0.0031932271848099858,UNKNOWN,0.0014325998812120097,批,0.0008635957651959427,副,0.0004617838614085756
101010303,芝麻,A 首要单位>=90%,268147953.4105434,16,0.9049204042733848,0.9452091603994466,0.9739397834346563,千克,0.9049204042733848,个,0.04028875612606171,瓶,0.02873062303520967,箱,0.01825748939714738,罐,0.0030330810645812245
109062703,文件装订用机械,A 首要单位>=90%,266162469.0112472,15,0.9918866859754693,0.9950052049151134,0.9976104446448796,个,0.9918866859754693,套,0.0031185189396440716,盒,0.002605239729766217,UNKNOWN,0.0004329566116613175,OTHER,0.0003999353479812537
108031104,钯,A 首要单位>=90%,261459308.33593756,4,0.9806023017730838,0.9996047071314547,0.9999871949481497,千克,0.9806023017730838,OTHER,0.019002405358370826,个,0.0003824878166950093,瓶,1.2805051850356393e-05,,
109020808,橡胶硫化设备,A 首要单位>=90%,261147783.57464597,9,0.9917671125901009,0.9966729554904822,0.9982308553663319,个,0.9917671125901009,批,0.004905842900381341,千克,0.0015578998758497373,OTHER,0.0009740821707170741,套,0.0006914199980236098
107022604,日用香精,A 首要单位>=90%,254859115.2301416,13,0.9745892045205429,0.9898368610766742,0.9969058688667075,千克,0.9745892045205429,个,0.015247656556131358,瓶,0.007069007790033248,盒,0.0010966027650542883,UNKNOWN,0.0009149284048147029
102040302,钼矿石,A 首要单位>=90%,252904738.19122314,14,0.9142234501905808,0.9648538479900807,0.9890708880696558,千克,0.9142234501905808,UNKNOWN,0.05063039779949989,个,0.02421704007957514,OTHER,0.007867683595775318,平方米,0.001502415505211703
109051601,电子束光电器件,A 首要单位>=90%,251515796.64592746,10,0.9605736517882189,0.9810198119394578,0.9900794019548227,个,0.9605736517882189,套,0.02044616015123888,平方米,0.009059590015364927,OTHER,0.006024393364475569,UNKNOWN,0.0026262971236643766
107020238,环氧环己烷,A 首要单位>=90%,251218886.10354614,12,0.987489395033478,0.9934999839901619,0.9967369005099049,千克,0.987489395033478,平方米,0.006010588956683937,批,0.0032369165197429855,UNKNOWN,0.0018268530965893878,OTHER,0.00032675887260389086
105010202,木丝、木粉,A 首要单位>=90%,244417827.9324035,16,0.9816169701815591,0.9896667845391798,0.9939506373532616,千克,0.9816169701815591,个,0.008049814357620613,立方米,0.004283852814081849,千米,0.002415351633692078,套,0.002244326409701085
109051105,阅读机、数据转录及处理机械,A 首要单位>=90%,242589300.41461566,10,0.9570298061202347,0.9802653194684477,0.9953808553965646,个,0.9570298061202347,套,0.0232355133482131,UNKNOWN,0.015115535928116822,OTHER,0.0023062759283177525,批,0.0018282127158617235
109041902,电动脱毛器,A 首要单位>=90%,242411377.05319208,5,0.9998420538231063,0.9999223057917674,0.9999927965426647,个,0.9998420538231063,盒,8.025196866113355e-05,UNKNOWN,7.04907508972126e-05,OTHER,4.493188502320289e-06,瓶,2.7102688330335057e-06
107020231,碳酸酯、过碳酸酯及其盐,A 首要单位>=90%,237452355.95350644,8,0.9836335330038722,0.9990435906775744,0.9999684111367911,千克,0.9836335330038722,桶,0.015410057673702208,个,0.0009248204592166616,瓶,2.0694888320060077e-05,卷,5.836960405949314e-06
109023205,封装测试设备,A 首要单位>=90%,229406789.5836618,16,0.9195534229882879,0.9622306087266408,0.97756178748723,个,0.9195534229882879,套,0.042677185738352885,次,0.015331178760589237,OTHER,0.008993585559277853,UNKNOWN,0.006079388813398164
106040701,中乐器,A 首要单位>=90%,229061472.20911217,10,0.9912250634998067,0.9957912288719787,0.9989148000857896,个,0.9912250634998067,千克,0.0045661653721720576,套,0.0031235712138108747,OTHER,0.0009237683576793883,副,0.00011150172813297747
109031801,机动货船,A 首要单位>=90%,228887836.43115234,6,0.9552271776825727,0.9945564847368937,0.9971978877956004,OTHER,0.9552271776825727,UNKNOWN,0.03932930705432104,批,0.0026414030587066798,套,0.0019391157123961175,个,0.0008514624583860969
108031503,铜粉及片状粉末,A 首要单位>=90%,225725481.7727814,14,0.9920644524689313,0.997802045716395,0.9989981889159997,千克,0.9920644524689313,UNKNOWN,0.005737593247463695,批,0.0011961431996046683,个,0.00035099585944137684,瓶,0.00018809701800208832
109042407,自供能源灯具,A 首要单位>=90%,223097896.9530642,16,0.9219604936135245,0.9846848584977478,0.995128027977412,个,0.9219604936135245,套,0.06272436488422327,千克,0.010443169479664161,OTHER,0.0023611351080289975,UNKNOWN,0.0020160196059452067
109023609,园艺、草坪专用机械,A 首要单位>=90%,221237605.67748785,14,0.9288579541862795,0.9774725820131912,0.9867264382442792,个,0.9288579541862795,千克,0.048614627826911755,套,0.009253856231087992,UNKNOWN,0.008023026485333819,批,0.004372361604338368
102050699,其他原盐,A 首要单位>=90%,220855287.11086562,11,0.9532721374052421,0.98511286257869,0.9925608189828318,千克,0.9532721374052421,UNKNOWN,0.03184072517344789,个,0.0074479564041417656,桶,0.00495799767496772,袋,0.0015863170971008227
109041201,内燃机电点火起动装置,A 首要单位>=90%,217219030.49832726,18,0.9530041359020449,0.9754080361396711,0.994851931456657,个,0.9530041359020449,UNKNOWN,0.02240390023762623,套,0.019443895316985878,OTHER,0.0022398228715631453,盒,0.0016050477050871135
108012005,瓷绝缘子,A 首要单位>=90%,215583061.17795426,10,0.9699051544029791,0.9909679477884848,0.9960215324898479,个,0.9699051544029791,千克,0.021062793385505787,UNKNOWN,0.005053584701363026,套,0.0023092211512068406,OTHER,0.0007311554955213181
107021511,工业级混合油,A 首要单位>=90%,214223909.5860596,9,0.9922463211218409,0.9978524149472807,0.9987013043481016,千克,0.9922463211218409,桶,0.005606093825439844,OTHER,0.000848889400820803,个,0.0005827187084225912,UNKNOWN,0.0004738826781574437
108041304,镍丝制品,A 首要单位>=90%,211385563.59130856,8,0.9375871336796067,0.9967562919821193,0.9986246276470069,个,0.9375871336796067,千克,0.059169158302512695,千米,0.0018683356648875643,UNKNOWN,0.0009165803789702032,卷,0.0002822803931651907
304070202,电视节目发行服务,A 首要单位>=90%,209127400.0859375,7,0.9010590691774618,0.9595520308600212,0.9804969429002418,UNKNOWN,0.9010590691774618,个,0.058492961682559345,OTHER,0.02094491204022068,套,0.009946090273896476,元,0.007162493410162768
109040605,接地开关,A 首要单位>=90%,208658126.11614415,17,0.931133341694058,0.9743842191983897,0.9854421656688611,个,0.931133341694058,套,0.04325087750433167,批,0.011057946470471394,UNKNOWN,0.003955398956102166,千米,0.0038947539249523867
107020204,无环烃不饱和氯化衍生物,A 首要单位>=90%,207950083.93751526,7,0.970490162788974,0.9851631792274614,0.997525392318813,千克,0.970490162788974,OTHER,0.014673016438487419,个,0.012362213091351527,桶,0.000971497564101507,立方米,0.0009548391192747144
109020304,工程钻机,A 首要单位>=90%,206821809.08497623,14,0.9414407442957876,0.9690177472618275,0.9907344705603583,个,0.9414407442957876,套,0.02757700296603989,期,0.021716723298530836,千米,0.003572007484469474,UNKNOWN,0.00185141016652975
104020105,女浴衣,A 首要单位>=90%,203343391.00400543,8,0.9553638467712366,0.9893681959260091,0.9993918069833257,个,0.9553638467712366,套,0.0340043491547725,千克,0.010023611057316592,千米,0.0002923016052594707,千瓦时,0.00019773920725413676
103010403,动物源性饲料,A 首要单位>=90%,202441977.72079462,15,0.9518157604342893,0.9752347442590847,0.9824661962854587,千克,0.9518157604342893,袋,0.023418983824795406,OTHER,0.0072314520263740325,包,0.006513731254245307,个,0.005515547393437607
108041106,锌丝,A 首要单位>=90%,201975712.35021976,6,0.9832955667102184,0.9997685776168842,0.9999144109967422,千克,0.9832955667102184,个,0.016473010906665767,副,0.00014583337985795179,套,7.248396269851835e-05,UNKNOWN,1.2600029343780557e-05
109031403,特种脚踏自行车,A 首要单位>=90%,198028181.0395966,6,0.9185558073823463,0.9990527594641947,0.9996269201690151,个,0.9185558073823463,套,0.08049695208184837,OTHER,0.0005741607048204174,千克,0.00015063269972310386,箱,0.00013881761998184135
107021699,其他林产化学产品,A 首要单位>=90%,197130152.4486084,11,0.9522762491442358,0.9766771535226464,0.9928270633561,千克,0.9522762491442358,包,0.024400904378410613,个,0.01614990983345366,盒,0.0040940220825732045,UNKNOWN,0.0013156282627418566
107021410,钻井用助剂,A 首要单位>=90%,192523845.6047287,12,0.9777715227195432,0.9946193888848309,0.9973463238177528,千克,0.9777715227195432,UNKNOWN,0.016847866165287793,批,0.002726934932921915,个,0.002401783124501138,桶,6.544643839012597e-05
109011207,流动式起重机,A 首要单位>=90%,191461369.68500608,8,0.9878572581702655,0.9979419870802613,0.9988708428608951,个,0.9878572581702655,UNKNOWN,0.010084728909995757,千米,0.0009288557806338894,批,0.00042448710643933475,套,0.0003558576861332028
109012702,工业风扇,A 首要单位>=90%,191067763.3855114,15,0.9451026167715187,0.9788342368314458,0.9855891910797765,个,0.9451026167715187,套,0.03373162005992703,千克,0.0067549542483306725,UNKNOWN,0.006188984509343479,项,0.002971732017377362
102050509,冰晶石,A 首要单位>=90%,187852311.2955246,5,0.9996940347472799,0.999975106615046,0.9999926437956088,千克,0.9996940347472799,箱,0.0002810718677660364,批,1.7537180562878897e-05,个,6.920330077572866e-06,套,4.358743136495477e-07
102050203,石英岩,A 首要单位>=90%,184885094.89112088,10,0.9549555758537308,0.972618189837963,0.9884044847549022,千克,0.9549555758537308,UNKNOWN,0.01766261398423215,个,0.015786294916939128,平方米,0.010994198947308536,千米,0.00033686609543191645
104030604,人造毛皮,A 首要单位>=90%,182821966.61752322,8,0.961162257601353,0.979334373738338,0.991812984307834,千米,0.961162257601353,OTHER,0.01817211613698499,个,0.012478610569496064,千克,0.005035312503233761,批,0.0016805003287310237
107020104,非金属卤化物及硫化物,A 首要单位>=90%,182619588.23706052,14,0.9940579390624706,0.9967873650500475,0.9978531034078659,千克,0.9940579390624706,瓶,0.002729425987576885,个,0.001065738357818427,桶,0.0008022541361616773,套,0.0004259395304921498
109010599,其他金属切削机床,A 首要单位>=90%,180870184.37469003,15,0.9452219093191158,0.96849847127996,0.9902424249734387,个,0.9452219093191158,千克,0.023276561960844256,套,0.021743953693478726,桶,0.003873161718406051,UNKNOWN,0.0030690869918513974
102050305,煅烧白云石,A 首要单位>=90%,180538632.1132813,5,0.9869945591127597,0.9982717465832093,0.9999896974958864,千克,0.9869945591127597,UNKNOWN,0.011277187470449567,个,0.001717950912677173,瓶,7.112051226766455e-06,桶,3.190452886773737e-06
109020307,建筑工程用货运自卸车,A 首要单位>=90%,178760578.43812373,17,0.9065872344765646,0.9395543576056715,0.9720338188166745,个,0.9065872344765646,OTHER,0.032967123129106914,UNKNOWN,0.03247946121100301,项,0.012754489943593465,车,0.00469723250694586
107020221,醛醇,A 首要单位>=90%,177906835.66528058,9,0.9841273348735685,0.9906748762363184,0.997177953361736,千克,0.9841273348735685,桶,0.006547541362749907,瓶,0.006503077125417553,UNKNOWN,0.002351619520045496,个,0.000281979328099311
107021509,工业用脂肪酸,A 首要单位>=90%,176764573.33345032,12,0.9710035697609433,0.9900791456152565,0.9936124702697494,千克,0.9710035697609433,个,0.019075575854313194,箱,0.00353332465449291,套,0.002384517855027895,桶,0.002287296819504771
102050204,砂岩,A 首要单位>=90%,176043814.8137016,16,0.9384725308199668,0.9946095321215256,0.9982040641838329,千克,0.9384725308199668,立方米,0.05613700130155869,UNKNOWN,0.003594532062307361,袋,0.0006340410205159484,千米,0.0002988335650242652
106051209,烟具,A 首要单位>=90%,175818458.83319858,7,0.9961083052961759,0.9984095539971661,0.9992799674618379,个,0.9961083052961759,套,0.002301248700990216,批,0.0008704134646717397,UNKNOWN,0.0004595860495749175,瓶,0.00016710987114199519
107021616,纤维素,A 首要单位>=90%,174347688.5836973,11,0.9509753573402693,0.9920219661338174,0.9956569085018593,千克,0.9509753573402693,瓶,0.041046608793548205,包,0.0036349423680418734,盒,0.002375839777392426,袋,0.0013984994717814935
107020212,酚及酚醇衍生物,A 首要单位>=90%,173748014.83363342,8,0.9978089564973496,0.9989349687869359,0.9994253574632458,千克,0.9978089564973496,立方米,0.0011260122895863146,瓶,0.0004903886763098939,UNKNOWN,0.0003147604308018461,个,0.0001553974589341521
108031105,铑,A 首要单位>=90%,172780377.0,3,0.9850859156013996,0.9999873423126053,1.0,千克,0.9850859156013996,OTHER,0.014901426711205753,瓶,1.2657687394674455e-05,,,,
108031602,铝盘条（电工用圆铝杆）,A 首要单位>=90%,169134354.69163892,9,0.9754348212804059,0.9876981506161913,0.996237168958605,千克,0.9754348212804059,千米,0.012263329335785361,个,0.008539018342413763,套,0.002224681086737257,平方米,0.00148993976096364
107040304,维纶纤维,A 首要单位>=90%,168738349.02053073,9,0.9784002923383394,0.99430811640841,0.9976039884092219,千克,0.9784002923383394,个,0.015907824070070603,套,0.0032958720008119395,平方米,0.0019325778751119744,OTHER,0.0004266961269796448
101030309,麝香,A 首要单位>=90%,166208496.59777832,7,0.9969205870442537,0.9996610933771055,0.9999022844161954,千克,0.9969205870442537,瓶,0.00274050633285187,盒,0.00024119103908997063,个,6.228291818536834e-05,UNKNOWN,1.5643002934392427e-05
107040101,化纤棉绒浆粕,A 首要单位>=90%,163507685.2999268,12,0.986737088079594,0.9937626195317398,0.9962499374756234,千克,0.986737088079594,个,0.0070255314521457685,UNKNOWN,0.0024873179438835657,千米,0.0023346256761951497,批,0.0005241594693563825
101010402,绿豆,A 首要单位>=90%,161709785.71350434,15,0.9346983974986687,0.9719315518061225,0.9824971545859607,千克,0.9346983974986687,袋,0.03723315430745379,UNKNOWN,0.010565602779838186,个,0.010433565893115698,包,0.0037006306512183305
109061904,望远镜瞄准具及类似器具,A 首要单位>=90%,157683155.31612852,7,0.9590407850629261,0.9934941360222783,0.9973204876623223,个,0.9590407850629261,套,0.0344533509593522,副,0.003826351640043941,UNKNOWN,0.0020866335362950514,OTHER,0.0005864513551664813
107020118,碘化物及其盐,A 首要单位>=90%,156889914.7072296,8,0.9865446226357275,0.993985250220177,0.9975952228628293,千克,0.9865446226357275,瓶,0.007440627584449563,个,0.003609972642652254,OTHER,0.0022619487726437903,桶,0.00011416922517566134
103011206,糊精及改性淀粉,A 首要单位>=90%,156848563.89033705,11,0.9650786022569596,0.9839345351813299,0.9944419951103368,千克,0.9650786022569596,桶,0.01885593292437027,箱,0.01050745992900693,UNKNOWN,0.0034693758839925495,个,0.0008378718729734975
108031108,钌,A 首要单位>=90%,154928407.91000366,2,0.999987736851948,1.0,1.0,千克,0.999987736851948,个,1.226314805200701e-05,,,,,,
301040101,国内液体管道运输服务,A 首要单位>=90%,153749963.8515625,4,0.9837975280503639,0.9915411630518781,0.9967490073657346,千克,0.9837975280503639,立方米,0.007743635001514184,次,0.005207844313856486,批,0.0032509926342653922,,
107030106,中枢神经系统用药,A 首要单位>=90%,150044515.63115308,8,0.9146220142813763,0.9686998840113631,0.9861874395267225,千克,0.9146220142813763,UNKNOWN,0.05407786972998676,个,0.017487555515359396,盒,0.010094244889846778,瓶,0.0035513789217056094
107021613,糠醛,A 首要单位>=90%,148945948.54990387,4,0.9915984821199443,0.9999778439767177,0.9999923210398729,千克,0.9915984821199443,UNKNOWN,0.008379361856773414,个,1.4477063155210076e-05,瓶,7.678960127047633e-06,,
104020302,毛皮服装附件,A 首要单位>=90%,147495323.9237146,14,0.9292879435472191,0.9515651925463156,0.9642103863667163,个,0.9292879435472191,套,0.022277248999096444,副,0.012645193820400758,OTHER,0.01211592963854958,千克,0.007220068438784329
109011105,千斤顶,A 首要单位>=90%,146916718.958683,14,0.9239524495313363,0.9949213080038304,0.9972913946886067,个,0.9239524495313363,套,0.07096885847249414,副,0.0023700866847763246,千克,0.0015922544275929328,OTHER,0.0004468191924110291
103020702,食品用氨基酸,A 首要单位>=90%,146504621.70228344,10,0.9944024236704824,0.9975235098126306,0.9984599165065167,千克,0.9944024236704824,盒,0.0031210861421482193,瓶,0.0009364066938860767,箱,0.0006484336068026666,包,0.0004377543810955142
109042105,电热器具零件,A 首要单位>=90%,144545766.81429294,12,0.9700435642488232,0.9909360570364909,0.9934005705802025,个,0.9700435642488232,套,0.02089249278766774,项,0.0024645135437115747,卷,0.0024328330500456253,千米,0.0018491990868534753
106051103,熏蒸足道机,A 首要单位>=90%,141324298.9832039,5,0.9931583681701539,0.9997985979042309,0.9999910771890793,个,0.9931583681701539,UNKNOWN,0.006640229734077007,套,0.00019247928484848102,盒,8.604323592962023e-06,OTHER,3.1848732769502397e-07
101030304,蚕茧,A 首要单位>=90%,137721995.694458,3,0.9997108562079556,0.999980965567121,1.0,千克,0.9997108562079556,盒,0.0002701093591653272,OTHER,1.9034432878998005e-05,,,,
108040703,理发用手工具,A 首要单位>=90%,137022451.73222342,13,0.9406058637825377,0.9689950245963703,0.9849972509835363,个,0.9406058637825377,套,0.028389160813832526,OTHER,0.01600222638716599,千克,0.005021074950144129,UNKNOWN,0.004850800588138409
107020123,氧化铁,A 首要单位>=90%,136939939.81422427,13,0.9812435369449208,0.9937060104739381,0.9958888585701151,千克,0.9812435369449208,UNKNOWN,0.012462473529017356,个,0.002182848096176928,瓶,0.0017758475745360022,批,0.0011415661509131324
109061807,时间记录器及类似计时仪器,A 首要单位>=90%,135468642.45238397,11,0.981718506565427,0.9933431934918334,0.9961741659815356,个,0.981718506565427,套,0.011624686926406379,千克,0.002830972489702181,UNKNOWN,0.0012215901555360266,项,0.001081436988879133
107040405,丙纶纤维加工丝,A 首要单位>=90%,131779022.8632297,6,0.9971395668876212,0.9988645035659324,0.9994949057986142,千克,0.9971395668876212,个,0.0017249366783112052,卷,0.0006304022326818462,OTHER,0.0002370242215630774,千米,0.00013876260122962515
109020303,捣固机（车）,A 首要单位>=90%,131485212.6309948,8,0.998619443614308,0.9995320937716817,0.9998995774525842,个,0.998619443614308,OTHER,0.0009126501573737623,套,0.00036748368090241745,批,6.0843343824917485e-05,桶,2.8748479957273513e-05
107020223,环聚醛,A 首要单位>=90%,131309256.63832855,7,0.9884229971500362,0.9986898440795204,0.999951796239195,千克,0.9884229971500362,个,0.010266846929484211,千米,0.0012619521596745618,桶,3.152862262713894e-05,瓶,9.402231267477507e-06
107040303,腈纶纤维,A 首要单位>=90%,131301722.10371396,10,0.9815972043679501,0.9973222532623514,0.9981653495921357,千克,0.9815972043679501,平方米,0.015725048894401347,OTHER,0.000843096329784305,千米,0.000677649147127852,个,0.0003418946741735121
108040704,修饰用手工具,A 首要单位>=90%,131104411.7517114,13,0.966169319599243,0.9766470670549696,0.9847035320506548,个,0.966169319599243,套,0.010477747455726633,盒,0.008056464995685107,千克,0.006355257027572781,瓶,0.005916506657830868
101050200,淡水虾,A 首要单位>=90%,127073489.25959392,11,0.9303794898111041,0.9450770722176336,0.9564949660494708,千克,0.9303794898111041,批,0.014697582406529516,个,0.01141789383183724,袋,0.010734036751522328,箱,0.009007720579991713
109022304,感光胶片生产设备,A 首要单位>=90%,125982052.1007462,11,0.9510274320685093,0.9963432413608484,0.9991753801480835,盒,0.9510274320685093,个,0.0453158092923391,千克,0.0028321387872351275,平方米,0.0002437847255848763,批,0.00016224454237560347
109025308,取证鉴定专用器材,A 首要单位>=90%,125738275.93737796,10,0.9061833132417169,0.992602998301123,0.999127861107486,套,0.9061833132417169,个,0.08641968505940607,UNKNOWN,0.006524862806362958,项,0.00036464473875945933,千米,0.0001485943708127928
109024099,其他农产品初加工机械,A 首要单位>=90%,123966954.6327324,6,0.9930562946992592,0.9969102411111512,0.998647962269489,个,0.9930562946992592,千克,0.003853946411892021,套,0.00173772115833779,UNKNOWN,0.0008273172500191427,千米,0.0005129108816811347
109051401,电子管,A 首要单位>=90%,123895687.63309674,6,0.9621176196916941,0.9983601563431512,0.9998532792361502,个,0.9621176196916941,套,0.03624253665145719,千米,0.001493122892998986,卷,0.00011392648339625829,UNKNOWN,3.263430717213004e-05
107040402,锦纶加工丝,A 首要单位>=90%,123044723.80505373,7,0.9759924120755408,0.990406962081186,0.996098553506361,千克,0.9759924120755408,个,0.014414550005645206,千米,0.005691591425175041,OTHER,0.0021907676974193707,UNKNOWN,0.0016746918813558796
109022203,装订机械,A 首要单位>=90%,122854374.34779213,11,0.9808828174737058,0.9971126155640933,0.9986069675457362,个,0.9808828174737058,套,0.016229798090387493,盒,0.0014943519816429194,批,0.0004554090995702953,UNKNOWN,0.00029157879206329816
102050301,耐火粘土,A 首要单位>=90%,122672828.2739182,14,0.9260743922756951,0.9637731449590268,0.9904421334875613,千克,0.9260743922756951,个,0.037698752683331706,套,0.026668988528534443,OTHER,0.00447478830661892,卷,0.0025484861187183463
109041205,去雾器,A 首要单位>=90%,122543896.63232422,6,0.9625557309794744,0.9989577102286601,0.9999176682782475,套,0.9625557309794744,个,0.03640197924918566,平方米,0.0009599580495873517,卷,4.610592738822426e-05,副,3.407758456163266e-05
109022903,皮革制品制作机械,A 首要单位>=90%,117020934.21488023,13,0.9137054930997316,0.9715651132485352,0.9860397455984162,个,0.9137054930997316,套,0.0578596201488036,千米,0.014474632349880985,副,0.008605250478911874,批,0.00236770456379392
109061001,测距仪,A 首要单位>=90%,116795601.49501805,4,0.9644036560025071,0.9925691016708802,0.9996685495046641,个,0.9644036560025071,套,0.028165445668373135,OTHER,0.007099447833783928,UNKNOWN,0.00033145049533580385,,
101030104,驴,A 首要单位>=90%,116361849.9300232,2,0.9999851110995481,1.0,1.0,千克,0.9999851110995481,袋,1.4888900451839479e-05,,,,,,
107020228,无机酸酯及其盐,A 首要单位>=90%,115452127.80195622,9,0.9951822619371377,0.9978116344376091,0.9989282021705711,千克,0.9951822619371377,桶,0.002629372500471449,瓶,0.001116567732961995,OTHER,0.0005513298127006865,袋,0.00035851864126087627
101030308,制刷用兽毛,A 首要单位>=90%,115302278.90442085,13,0.9865378774888955,0.9981127864787431,0.9986553473075005,千克,0.9865378774888955,个,0.01157490898984758,套,0.0005425608287574047,UNKNOWN,0.0003616056003027698,OTHER,0.00029000294111895423
103030101,木质水解酒精,A 首要单位>=90%,113510127.60980363,9,0.985142323883434,0.9908990985734184,0.9962550199823599,千克,0.985142323883434,个,0.005756774689984382,瓶,0.005355921408941482,桶,0.0012442993650525632,箱,0.0010069586071906429
103010601,原糖,A 首要单位>=90%,113265690.9320455,15,0.944635838126477,0.957975533770678,0.9657929964785393,千克,0.944635838126477,个,0.01333969564420099,批,0.00781746270786127,罐,0.007538872146308631,UNKNOWN,0.007360679389651072
102050304,白云岩,A 首要单位>=90%,111583143.67153163,8,0.9613910835465334,0.9965965085842422,0.9983767066810373,千克,0.9613910835465334,UNKNOWN,0.03520542503770882,个,0.0017801980967950934,平方米,0.0010397771360881702,立方米,0.00032645782207667165
107030118,生化药（酶及辅酶）,A 首要单位>=90%,110584235.0883727,11,0.9753440982658487,0.988333653231365,0.9947815202074325,千克,0.9753440982658487,个,0.012989554965516358,袋,0.006447866976067471,套,0.0029952045694877365,盒,0.0010357107268110192
109023604,收获机械,A 首要单位>=90%,108499813.557312,6,0.9809497571265781,0.9975671220868194,0.9999142044609793,个,0.9809497571265781,批,0.01661736496024139,套,0.0023470823741598783,千米,8.29494512932596e-05,包,2.5880227678423067e-06
107020121,硼化物、硼酸盐和过硼酸盐,A 首要单位>=90%,108277526.33224916,9,0.9966152634631319,0.9983544668452035,0.9991451411695923,千克,0.9966152634631319,桶,0.0017392033820715549,瓶,0.0007906743243888594,个,0.00021311993717483053,OTHER,0.00021163791490723245
101011302,鲜切花及花蕾,A 首要单位>=90%,108111578.15991259,14,0.953047895336512,0.9912630358279517,0.9964188854431683,个,0.953047895336512,OTHER,0.03821514049143971,千克,0.005155849615216508,包,0.0022297240549485945,UNKNOWN,0.0004785431930142399
109023501,拖拉机,A 首要单位>=90%,105568536.95035556,9,0.9509052143924867,0.9832469053795048,0.9907915580233204,个,0.9509052143924867,UNKNOWN,0.032341690987018085,套,0.007544652643815648,千克,0.007075576857016244,批,0.0018945038529240164
101030307,生毛皮,A 首要单位>=90%,105394269.0,5,0.93141087680963,0.9871985212023247,0.9997134331848728,千克,0.93141087680963,个,0.05578764439269464,UNKNOWN,0.012514911982548121,千米,0.0002794506786702036,OTHER,7.116136457097112e-06
109041402,家用冷藏箱,A 首要单位>=90%,104768263.50436406,8,0.9680078281589477,0.9976012369927054,0.9999046799130292,个,0.9680078281589477,UNKNOWN,0.029593408833757683,OTHER,0.0023034429203238407,套,4.438366967689893e-05,批,3.680503876862845e-05
109061501,离子射线测量或检验仪器,A 首要单位>=90%,104634698.96414185,5,0.9146930739074526,0.9997077260191624,0.9999237155544096,个,0.9146930739074526,套,0.08501465211170979,OTHER,0.0002159895352472413,箱,6.792201889390018e-05,UNKNOWN,8.362426696519298e-06
102050602,湖盐,A 首要单位>=90%,103492343.30651852,9,0.9958169351128157,0.9981605552274886,0.9997028601449379,千克,0.9958169351128157,UNKNOWN,0.002343620114672928,个,0.0015423049174493515,瓶,0.0001004373818188084,套,6.76378539354138e-05
108012099,其他技术陶瓷制品,A 首要单位>=90%,102562449.07300186,12,0.9610814046353652,0.993544788309011,0.9986019705885685,个,0.9610814046353652,千克,0.032463383673645874,套,0.005057182279557465,包,0.0004117717614410699,盒,0.00035003064303239397
102050507,重晶石,A 首要单位>=90%,102209876.578125,5,0.9795277758857227,0.9982475715068192,0.9999393405000812,千克,0.9795277758857227,OTHER,0.01871979562109652,UNKNOWN,0.0016917689932619236,套,3.443894188943138e-05,个,2.6220558029453436e-05
101010901,饲料牧草,A 首要单位>=90%,102176241.82983397,5,0.9942905014985681,0.9982822611551746,0.9998497879807036,千克,0.9942905014985681,个,0.003991759656606492,批,0.00156752682552897,袋,0.00014334153759312131,套,6.8704817032625115e-06
103020705,食品用酶制剂,A 首要单位>=90%,101282752.01786518,14,0.9670569846201724,0.9786589367338437,0.9833994270610152,千克,0.9670569846201724,包,0.01160195211367132,立方米,0.004740490327171503,批,0.003246294112392447,个,0.0031245346584656735
109021001,木工机床,A 首要单位>=90%,97653312.82395172,14,0.9339345759730768,0.9720865944992337,0.9966537077965061,个,0.9339345759730768,套,0.038152018526156885,UNKNOWN,0.02456711329727234,批,0.0011320353278674003,OTHER,0.0007247629184643563
109051903,电位器,A 首要单位>=90%,97192244.57417977,11,0.9712031108074334,0.9875713566920714,0.9992490855584674,个,0.9712031108074334,套,0.016368245884638023,OTHER,0.011677728866395917,UNKNOWN,0.00040178524708313275,千克,0.00017905194017466555
109011106,汽车举升机,A 首要单位>=90%,96938376.32063293,9,0.9349867166011466,0.9844912603580213,0.9994011357297685,个,0.9349867166011466,套,0.049504543756874665,UNKNOWN,0.014909875371747294,批,0.00027091437877127143,OTHER,0.00015783222889347547
108031202,单一稀土金属,A 首要单位>=90%,96453879.4773655,5,0.9984413716598527,0.9999320346671896,0.999975371441435,千克,0.9984413716598527,个,0.0014906630073369005,千米,4.3336774245362585e-05,瓶,2.2555028696816408e-05,副,2.0735298681991667e-06
107010201,页岩原油,A 首要单位>=90%,96278995.09997559,5,0.9997541976840222,0.9999629451889076,0.9999883505226199,千克,0.9997541976840222,桶,0.00020874750488546692,瓶,2.5405333712302324e-05,套,8.076527749157352e-06,个,3.5729496308389204e-06
109032803,非机械驱动车辆零件,A 首要单位>=90%,96135859.75383377,12,0.9778704435917484,0.9883628284955183,0.9937380787838553,个,0.9778704435917484,套,0.010492384903769966,千克,0.005375250288337081,UNKNOWN,0.003554257005967884,元,0.0013374176629223171
109042406,非电气灯具及照明装置,A 首要单位>=90%,92829748.61297989,10,0.9287739999021845,0.9644906124646574,0.9872081284559602,个,0.9287739999021845,OTHER,0.03571661256247299,千克,0.02271751599130274,套,0.01252027498373248,UNKNOWN,0.00019700409261379082
109061804,组装钟表机心,A 首要单位>=90%,92483214.18555641,5,0.9992936695535094,0.9999756689904391,0.999997248149275,个,0.9992936695535094,套,0.0006819994369297182,UNKNOWN,2.157915883592393e-05,OTHER,1.7300436777530168e-06,千米,1.0218070471728756e-06
109010204,摩托车用发动机,A 首要单位>=90%,90563362.67084289,13,0.9370762817153243,0.9728008539630412,0.9885472851224321,个,0.9370762817153243,套,0.035724572247716885,批,0.015746431159390856,千克,0.00559708678047127,UNKNOWN,0.002787848237574639
107020226,酮醇、酮醛及酮酚,A 首要单位>=90%,89204568.86210632,8,0.9907222604184827,0.9960203299657521,0.9974005473869838,千克,0.9907222604184827,盒,0.005298069547269437,桶,0.0013802174212317695,UNKNOWN,0.0011546493785449358,瓶,0.0008479506294058438
103020703,柠檬酸及其盐和酸酯,A 首要单位>=90%,88741442.5915699,10,0.9760060899605908,0.9907059717981865,0.9945627833337557,千克,0.9760060899605908,UNKNOWN,0.014699881837595734,袋,0.003856811535569156,瓶,0.0034755941697463977,OTHER,0.0016320223763557503
107020229,亚磷酸酯,A 首要单位>=90%,87967386.01094055,5,0.999846962600419,0.999903847319028,0.9999584129963508,千克,0.999846962600419,个,5.68847186089814e-05,箱,5.456567732276393e-05,瓶,4.0995875478251e-05,OTHER,5.911281709966093e-07
107020235,硫酸铵,A 首要单位>=90%,86562941.28536892,8,0.9580018386253671,0.995990227636541,0.9979987983618618,千克,0.9580018386253671,立方米,0.0379883890111739,瓶,0.002008570725320746,UNKNOWN,0.001136953048713409,个,0.00047227946850338494
107020109,金属过氧化物、超氧化物,A 首要单位>=90%,85646562.5834732,13,0.9690162306350439,0.9935822369817598,0.9961601688139313,千克,0.9690162306350439,千米,0.024566006346715862,批,0.002577931832171452,袋,0.0016566339117429897,UNKNOWN,0.0010996074882831666
109042504,车辆用电气音响信号装置,A 首要单位>=90%,85123701.63983536,8,0.9695683650848381,0.9889431699582577,0.9929485819460696,个,0.9695683650848381,千克,0.019374804873419624,套,0.0040054119878118665,UNKNOWN,0.003892882308938316,OTHER,0.0028609687981600894
103020704,食品用发酵有机酸,A 首要单位>=90%,83525876.40290356,14,0.9013664322539835,0.9425505975467456,0.963535989919427,千克,0.9013664322539835,个,0.04118416529276213,瓶,0.020985392372681395,箱,0.01899282624618374,桶,0.012758451703840814
106040808,儿童娱乐塑形用膏、泥,A 首要单位>=90%,82421545.25792646,12,0.9837901965411052,0.9949353049705174,0.9962284236317268,个,0.9837901965411052,盒,0.011145108429412184,套,0.001293118661209442,桶,0.0012270341573199317,包,0.0008347567432934004
107021414,增炭剂,A 首要单位>=90%,81924138.97255707,10,0.992787526759909,0.9982447247922223,0.9993433020995791,千克,0.992787526759909,UNKNOWN,0.005457198032313303,桶,0.0010985773073568486,个,0.00028391888337557405,瓶,0.00019609116677876145
107020701,生物农药制剂,A 首要单位>=90%,81260056.10722923,14,0.931255517780374,0.9515606969673375,0.9699494563552852,千克,0.931255517780374,立方米,0.020305179186963535,个,0.018388759387947744,瓶,0.00894644155239128,箱,0.006989957263602704
102040303,稀土矿产品,A 首要单位>=90%,80908398.73373413,6,0.992512989309952,0.996321148426509,0.9984440429923161,千克,0.992512989309952,个,0.0038081591165569756,批,0.002122894565807122,桶,0.001527702957103071,瓶,1.7352957442904045e-05
301030101,航空旅客运输服务,A 首要单位>=90%,78804026.3125,3,0.9972276670339959,0.9994610554563345,1.0,UNKNOWN,0.9972276670339959,元,0.0022333884223385506,次,0.0005389445436655715,,,,
109061802,高档手表,A 首要单位>=90%,78533925.33126831,6,0.9141257174811585,0.9958629058736024,0.9984515054984259,个,0.9141257174811585,套,0.0817371883924439,UNKNOWN,0.0025885996248234946,月,0.0012005684316018807,OTHER,0.00034105006068423197
101020301,原竹,A 首要单位>=90%,78252721.70002775,6,0.9861668467072426,0.9973667052658363,0.9999618290594656,千克,0.9861668467072426,个,0.011199858558593663,袋,0.0025951237936293783,UNKNOWN,2.754217301555194e-05,盒,6.518367355037119e-06
109020410,石材加工机床,A 首要单位>=90%,78007073.79838562,13,0.9503833589715729,0.9888574535005759,0.9971680908368198,个,0.9503833589715729,千米,0.03847409452900298,套,0.008310637336243942,千克,0.0014206762474058283,OTHER,0.0010468755744687678
104010305,苎麻布,A 首要单位>=90%,78001231.59277344,11,0.9913056436034688,0.9958547861170451,0.9981976708985519,千米,0.9913056436034688,UNKNOWN,0.0045491425135763455,OTHER,0.0023428847815068475,个,0.0005238262204031239,千克,0.00047999242108721647
107030105,抗寄生虫病药,A 首要单位>=90%,75890287.58114243,13,0.985650108487492,0.9915909057471934,0.994631704362429,千克,0.985650108487492,月,0.005940797259701372,瓶,0.0030407986152355586,箱,0.0020793532845856753,盒,0.0011984918509908534
108031106,铱,A 首要单位>=90%,75874966.35754395,2,0.9900349958116487,1.0,1.0,千克,0.9900349958116487,个,0.009965004188351377,,,,,,
107040199,其他化学纤维用浆粕,A 首要单位>=90%,75761129.7944336,14,0.9683441148445011,0.9942778308586511,0.9975341840924188,千克,0.9683441148445011,UNKNOWN,0.02593371601415001,平方米,0.0032563532337677227,桶,0.0008515844493747276,个,0.0005819079007879201
108010602,陶瓷马赛克,A 首要单位>=90%,75549450.2840004,10,0.9539926644481084,0.9771834234432276,0.991855623916268,平方米,0.9539926644481084,千克,0.02319075899511929,个,0.014672200473040428,OTHER,0.005545042809184738,UNKNOWN,0.002450659790428807
109022904,毛皮及其制品制作及修理机械,A 首要单位>=90%,73914100.01319122,15,0.9123836158678906,0.9553821235874299,0.9885384902287423,个,0.9123836158678906,UNKNOWN,0.04299850771953927,千米,0.03315636664131238,套,0.005882291060545481,批,0.003116523098554799
102051000,滑石,A 首要单位>=90%,72205686.78110123,15,0.9665691570815725,0.992128033562994,0.9938501681563952,千克,0.9665691570815725,包,0.02555887648142137,个,0.0017221345934012268,袋,0.0016931153965701288,UNKNOWN,0.001601335090829207
109024001,碾米机,A 首要单位>=90%,71709527.55249023,6,0.9893134390067025,0.9988883870426858,0.9999502821994244,个,0.9893134390067025,千克,0.009574948035983206,套,0.0010618951567385642,UNKNOWN,2.6917483019553713e-05,OTHER,1.2341456291874104e-05
107021415,脱硫剂,A 首要单位>=90%,71637568.28759766,10,0.9663743922795305,0.9860224628889245,0.9919128638347793,千克,0.9663743922795305,立方米,0.019648070609393956,OTHER,0.005890400945854757,袋,0.0055316187891682675,包,0.0012490089079836989
104011305,针织或钩编窗帘及类似品,A 首要单位>=90%,71369698.91839695,15,0.9012723144334983,0.9339637214703855,0.9654451238481299,个,0.9012723144334983,千米,0.03269140703688724,批,0.03148140237774429,平方米,0.0098666920621597,套,0.009682517988563264
104010403,印染蚕丝及交织机织物,A 首要单位>=90%,71298765.9877832,8,0.9282401972885999,0.9876478462238167,0.9924208489316519,千米,0.9282401972885999,个,0.059407648935216884,千克,0.004773002707835236,UNKNOWN,0.002880352927990208,OTHER,0.0023288481602676135
108031103,铂,A 首要单位>=90%,70657116.18722534,7,0.9276811886652879,0.9964634120155479,0.99959140704351,千克,0.9276811886652879,OTHER,0.06878222335025994,个,0.003127995027962072,副,0.00026182783841586734,千米,9.08047249338489e-05
109050104,散射通信设备,A 首要单位>=90%,67774490.82949829,8,0.9028004597279491,0.9748271679601537,0.9858192872795407,个,0.9028004597279491,套,0.0720267082322046,UNKNOWN,0.010992119319386996,副,0.009188291086783954,项,0.002898414895424072
103011106,果核及核仁,A 首要单位>=90%,66320077.82180405,12,0.9543776410772257,0.9683776098683413,0.9798499015473034,千克,0.9543776410772257,个,0.013999968791115598,包,0.01147229167896218,袋,0.010782490618674416,箱,0.0045856320084781835
109061901,光学望远镜,A 首要单位>=90%,66262887.59582137,8,0.9056675461845153,0.9633419259580402,0.9805523138746682,个,0.9056675461845153,OTHER,0.05767437977352494,批,0.017210387916627948,套,0.016727312077928477,UNKNOWN,0.001868409968808863
109032301,航标器材,A 首要单位>=90%,66182736.0,5,0.9831303438407261,0.9908362809298183,0.997190203801789,个,0.9831303438407261,批,0.007705937089092237,OTHER,0.00635392287197072,套,0.002408483082355495,千克,0.0004013131158554702
108032201,金加工材,A 首要单位>=90%,65530166.24824524,6,0.9018735550908598,0.974116100334315,0.9870037145179981,千克,0.9018735550908598,瓶,0.07224254524345523,批,0.012887614183683147,个,0.0061852973058204785,套,0.005864859033686511
101011699,其他未列明饮料原料,A 首要单位>=90%,65392159.16805435,11,0.9219129108448956,0.9676937349879754,0.9862592374941989,千克,0.9219129108448956,箱,0.045780824143079865,罐,0.01856550250622344,瓶,0.009771094085537457,个,0.0014749291204289377
101030202,活鸭,A 首要单位>=90%,64669666.03968048,7,0.97321326564854,0.9867759642244354,0.9969609054672999,千克,0.97321326564854,箱,0.013562698575895314,个,0.010184941242864485,UNKNOWN,0.0018248655970800475,批,0.0009760372036136753
103011299,其他淀粉及淀粉制品,A 首要单位>=90%,59231696.33226643,11,0.9572998960855381,0.9759805993174879,0.9839593299372952,千克,0.9572998960855381,袋,0.01868070323194979,个,0.007978730619807214,箱,0.006043829467931393,盒,0.0035313384170370388
109031402,三轮脚踏自行车,A 首要单位>=90%,57834933.31366348,12,0.9545190745366943,0.9949937559425597,0.998730303891752,个,0.9545190745366943,副,0.04047468140586539,套,0.0037365479491923187,千克,0.0003974302085681617,千米,0.0002299648194953115
108031002,铋,A 首要单位>=90%,57464244.04864501,3,0.9999939191753331,0.9999975637023976,1.0,千克,0.9999939191753331,瓶,3.644527064490629e-06,个,2.436297602409705e-06,,,,
301050402,无运输工具承运航空货物运输服务,A 首要单位>=90%,56566694.337890625,6,0.9885020267579087,0.9968353579790022,0.9991651271025684,UNKNOWN,0.9885020267579087,次,0.008333331221093556,OTHER,0.002329769123566208,批,0.0007246313485308839,个,9.652322915293062e-05
108031902,镍粉及镍片状粉末,A 首要单位>=90%,56362854.41103554,7,0.9676391382409357,0.9977431849172479,0.9995392355431362,千克,0.9676391382409357,OTHER,0.03010404667631215,个,0.0017960506258882325,UNKNOWN,0.0002794393606317468,卷,0.00017032494362315996
109042305,高强度气体放电灯（HID灯）,A 首要单位>=90%,56205172.967163086,11,0.9377966817937968,0.9836448891346699,0.9912440942981258,个,0.9377966817937968,套,0.04584820734087303,批,0.007599205163455941,千米,0.006415595526423668,UNKNOWN,0.0014552398646396274
108012502,云母制品,A 首要单位>=90%,54553828.1362381,12,0.9134957398143473,0.9729864959833673,0.9807754407453205,千克,0.9134957398143473,个,0.05949075616901999,卷,0.007788944761953258,UNKNOWN,0.006940668976600807,千米,0.0059876330852286
107021512,脂肪酸甲酯,A 首要单位>=90%,54080733.37976074,11,0.9945275371116317,0.9968064514438948,0.9986615331374493,千克,0.9945275371116317,个,0.002278914332263124,桶,0.0018550816935545178,卷,0.00041419556651912953,立方米,0.0003619514452942058
102050307,蓝晶石,A 首要单位>=90%,53734613.69921875,3,0.982510493201606,0.994606606958714,1.0,千克,0.982510493201606,UNKNOWN,0.012096113757107927,个,0.005393393041286088,,,,
103010502,非食用植物油,A 首要单位>=90%,51303487.545209885,15,0.9201835388934781,0.9475503650524746,0.9623984026161347,千克,0.9201835388934781,桶,0.02736682615899648,OTHER,0.01484803756366017,UNKNOWN,0.011397605854326986,瓶,0.00717498494778957
109010302,燃气轮机,A 首要单位>=90%,51164754.0150795,5,0.9877140032801734,0.9994427804736128,0.9996586126458293,个,0.9877140032801734,套,0.011728777193439373,千米,0.00021583217221654889,副,0.00017762227484415435,卷,0.0001637650793264931
107029904,动物用化妆盥洗品,A 首要单位>=90%,50911984.69382096,10,0.9776844736943575,0.9935415808337871,0.9985107711072229,个,0.9776844736943575,盒,0.015857107139429557,瓶,0.004969190273435765,OTHER,0.0006821788294812873,桶,0.0006353101452466183
109011102,手动葫芦,A 首要单位>=90%,50446955.63503266,13,0.9400555251588184,0.97797075913124,0.9863034215220554,个,0.9400555251588184,套,0.037915233972421546,千米,0.008332662390815444,千克,0.005201653832118038,OTHER,0.0045228833665188406
108032002,锡粉及锡片状粉末,A 首要单位>=90%,50423685.025877945,6,0.9678581060834283,0.9997056048169249,0.9999581827468431,千克,0.9678581060834283,OTHER,0.03184749873349673,瓶,0.000252577929918154,个,1.9831949995062634e-05,卷,1.9831949995062634e-05
107040306,氯纶纤维,A 首要单位>=90%,50275922.78062439,4,0.9998392890761121,0.9999435934769061,0.9999809053728523,千克,0.9998392890761121,卷,0.000104304400794031,个,3.7311895946196115e-05,千米,1.9094627147648697e-05,,
102040106,锑矿石,A 首要单位>=90%,49647996.85096741,6,0.9562961604162973,0.9965009496647301,0.9987776981172268,千克,0.9562961604162973,UNKNOWN,0.0402047892484328,套,0.0022767484524966785,个,0.001121294786699491,包,9.063809791778771e-05
108011102,眼镜用光学玻璃坯件,A 首要单位>=90%,48744937.62557113,13,0.9036749145905689,0.9503778780344565,0.993934401099658,个,0.9036749145905689,UNKNOWN,0.04670296344388762,千克,0.04355652306520155,副,0.0027904928494275056,平方米,0.0024983107155750134
101010999,其他饲料作物,A 首要单位>=90%,48332330.55821992,12,0.9525365534990196,0.9727318720616994,0.9853175230477876,千克,0.9525365534990196,UNKNOWN,0.020195318562679906,个,0.012585650986088171,套,0.007009262663051625,批,0.003105167871415126
107030211,栓剂,A 首要单位>=90%,47427281.92705488,9,0.9260598027667148,0.9784386776217474,0.9867336279712996,盒,0.9260598027667148,个,0.0523788748550326,OTHER,0.008294950349552173,套,0.005124054976917606,瓶,0.0038383010767170326
102020699,其他油页岩,A 首要单位>=90%,47308087.53835094,17,0.9100253815136,0.93936974067247,0.9614339553721214,千克,0.9100253815136,个,0.02934435915887006,桶,0.022064214699651315,平方米,0.021690223667743057,UNKNOWN,0.003334228272086381
102050403,硅质土,A 首要单位>=90%,45988971.74097633,13,0.9372999076146817,0.9877155026834612,0.9931368024116709,千克,0.9372999076146817,个,0.05041559506877952,套,0.005421299728209731,平方米,0.004269501851572199,批,0.0010515999416640422
109024703,助听器,A 首要单位>=90%,44841192.957242966,8,0.9257327755732677,0.9702096125680209,0.9869357342551749,个,0.9257327755732677,UNKNOWN,0.04447683699475319,盒,0.016726121687154028,套,0.010045046321159629,批,0.0022300923192510097
101030310,鹿茸,A 首要单位>=90%,44774480.74918175,8,0.9926574894739982,0.9955953041077052,0.9978464389285605,千克,0.9926574894739982,OTHER,0.0029378146337070647,个,0.0022511348208552324,盒,0.0014552577237143649,袋,0.00032173549651237757
109062303,照相及电影洗印设备零件,A 首要单位>=90%,43964652.77709961,4,0.996401067885525,0.9999820992558729,0.9999973615167488,个,0.996401067885525,套,0.003581031370347977,盒,1.5262260875844145e-05,UNKNOWN,2.6384832512636675e-06,,
101011203,葱蒜类蔬菜,A 首要单位>=90%,43747507.78216649,15,0.9595065853309441,0.9889181533746989,0.9915399580632724,千克,0.9595065853309441,批,0.029411568043754818,袋,0.002621804688573576,UNKNOWN,0.0017779968289339328,个,0.0017277930469225243
107020119,氰化物、氧氰化物及氰络合物,A 首要单位>=90%,43657425.93547057,12,0.9730304537244077,0.9838831369165423,0.992523125375952,千克,0.9730304537244077,瓶,0.010852683192134612,个,0.008639988459409711,OTHER,0.0066696144803795555,UNKNOWN,0.00031295935816727006
102040108,镁矿石,A 首要单位>=90%,43059153.462135315,7,0.9760342988575172,0.9885443521193944,0.9978469037906027,千克,0.9760342988575172,个,0.012510053261877187,批,0.009302551671208265,套,0.001046467391413632,千米,0.0009968612141375663
109042601,粒子加速器,A 首要单位>=90%,42627454.32949829,3,0.9877182712940942,0.9995516973673285,1.0,千克,0.9877182712940942,个,0.011833426073234338,套,0.00044830263267154187,,,,
108041305,锌丝制品,A 首要单位>=90%,42535275.17828369,11,0.9002910776571096,0.9316458177971454,0.9552934847227331,千克,0.9002910776571096,卷,0.0313547401400358,千米,0.02364766692558773,个,0.016942818085931274,平方米,0.016819651383500646
107021416,石墨增碳剂,A 首要单位>=90%,41371160.575683594,6,0.9421055506606605,0.9959662891316877,0.9996804537311489,千克,0.9421055506606605,UNKNOWN,0.05386073847102722,个,0.003714164599461182,瓶,0.0002673359858920818,包,2.9005712755017917e-05
107020232,硅酸酯及其盐,A 首要单位>=90%,41126981.290412426,8,0.9949644843009191,0.9979967498878402,0.9987690586978688,千克,0.9949644843009191,个,0.0030322655869210505,瓶,0.0007723088100286446,立方米,0.0005765071798626588,箱,0.0003233886753341781
107020406,微量元素肥料,A 首要单位>=90%,40096097.59387207,10,0.9524423380128768,0.9853821583260101,0.9973821953651142,千克,0.9524423380128768,个,0.032939820313133236,箱,0.012000037039104159,UNKNOWN,0.0009759677960775081,桶,0.0006782767309543967
101039900,其他饲养动物,A 首要单位>=90%,39780826.68586349,10,0.9250709075673607,0.951156082197578,0.971719948750377,千克,0.9250709075673607,UNKNOWN,0.02608517463021726,个,0.020563866552799074,批,0.0083193344023091,包,0.0075838711804918826
104010304,亚麻印染布,A 首要单位>=90%,39028440.65229797,10,0.9558387940839956,0.9869115611164214,0.995956641937595,千米,0.9558387940839956,个,0.031072767032425765,平方米,0.009045080821173642,千克,0.0018257798389312546,UNKNOWN,0.0016685729422037208
109010513,锯床,A 首要单位>=90%,38810990.31912327,10,0.9402661533934552,0.989628034760702,0.9981226967052139,个,0.9402661533934552,套,0.04936188136724688,UNKNOWN,0.00849466194451189,OTHER,0.00133905369516925,箱,0.00019633613925706532
107050105,力车胎,A 首要单位>=90%,37960174.963024616,11,0.9785796255518022,0.9935823122209949,0.9961707394376799,个,0.9785796255518022,套,0.01500268666919267,千克,0.0025884272166849112,UNKNOWN,0.0022227091965424635,批,0.0006732045087355892
109040306,与内燃机配用发电机,A 首要单位>=90%,36687933.51956177,6,0.9459236650849018,0.995803825247759,0.999199191745582,个,0.9459236650849018,项,0.04988016016285725,UNKNOWN,0.0033953664978230605,套,0.0007084073019850601,桶,5.8329804780609026e-05
306030201,出口货物保险服务,A 首要单位>=90%,36431521.97363281,5,0.9518776452094038,0.9910234115518545,0.9957153862494965,单,0.9518776452094038,UNKNOWN,0.039145766342450684,个,0.004691974697642036,份,0.004023850557385377,千克,0.0002607631931181901
306011003,票据贴现,A 首要单位>=90%,35441943.69628906,6,0.9328444585505472,0.996529537996016,0.9987941479564268,笔,0.9328444585505472,UNKNOWN,0.06368507944546876,个,0.0022646099604108714,立方米,0.0005643031367406098,批,0.0005625464676888637
103011500,植物蛋白,A 首要单位>=90%,34676255.84705972,11,0.9793784235177014,0.9915628714030226,0.9936112816943212,千克,0.9793784235177014,个,0.012184447885321166,罐,0.002048410291298598,袋,0.0014239495882183548,UNKNOWN,0.0010630080725887734
104010807,充气褥垫,A 首要单位>=90%,33650556.350387566,8,0.9339136285350181,0.9632072324816627,0.9878709613253633,个,0.9339136285350181,千克,0.029293603946644608,套,0.024663728843700564,千米,0.005805259140295066,OTHER,0.005298940013169925
109062004,眼镜盒（袋）,A 首要单位>=90%,33415413.626821995,8,0.9806044278315861,0.9907776921961834,0.9960682713462525,个,0.9806044278315861,UNKNOWN,0.010173264364597326,副,0.0052905791500691204,千克,0.0030020935948620988,批,0.0006912977423525896
106051214,居民用煤制品,A 首要单位>=90%,33014348.576898575,18,0.9036856486226351,0.97985707433296,0.9922563139167878,千克,0.9036856486226351,UNKNOWN,0.07617142571032488,个,0.012399239583827779,套,0.0020692772552384302,卷,0.001720068156281479
109022810,纺织纱线处理机械,A 首要单位>=90%,31813044.51132584,5,0.9235947090505706,0.9798602960918469,0.9986973896828628,个,0.9235947090505706,套,0.05626558704127626,千克,0.018837093591015916,千米,0.0012617465764934777,副,4.086374064378478e-05
101011202,山药等薯芋类蔬菜,A 首要单位>=90%,31343355.054003242,12,0.9416899948925193,0.9628660994082289,0.978899737132529,千克,0.9416899948925193,批,0.02117610451570958,套,0.016033637724300144,箱,0.00612638403335202,袋,0.0037594625665724915
109022005,谷物磨粉工业用机械零件,A 首要单位>=90%,30832162.378295895,6,0.9678138731686067,0.9985481637628549,0.9995965566814742,个,0.9678138731686067,套,0.03073429059424823,OTHER,0.0010483929186192737,千米,0.00029412338484962003,平方米,6.287492659462986e-05
109061905,物镜,A 首要单位>=90%,30830628.50130463,7,0.9917023592311898,0.9985961045205862,0.9990826336874945,个,0.9917023592311898,套,0.006893745289396427,千米,0.0004865291669083314,副,0.0003008047662605244,OTHER,0.0002941879695905711
107020405,中量元素肥料,A 首要单位>=90%,30783025.08935547,7,0.9697199346547398,0.9908882266146267,0.9972835674535645,千克,0.9697199346547398,个,0.021168291959886898,箱,0.006395340838937736,批,0.0014834474476581121,立方米,0.0011584966437340706
109010510,插床,A 首要单位>=90%,30459225.58747482,8,0.9947724782047487,0.999823403258085,0.9999680228245724,个,0.9947724782047487,UNKNOWN,0.005050925053336344,套,0.00014461956648731693,包,1.2311540847387935e-05,盒,7.419755284025795e-06
104020106,男浴衣,A 首要单位>=90%,30083895.68296814,5,0.9739348269978021,0.9878913454614113,0.9986963789393073,个,0.9739348269978021,套,0.01395651846360929,千米,0.010805033477895944,批,0.0006680883326692971,UNKNOWN,0.0006355327280234207
109010706,金属丝加工机,A 首要单位>=90%,29931343.5238266,8,0.9879921514790543,0.9934745315088506,0.9963032050674766,个,0.9879921514790543,套,0.005482380029796308,副,0.0028286735586260047,千米,0.001673830643790457,UNKNOWN,0.0011275805235115353
108040501,农林牧通用金属手工具,A 首要单位>=90%,29406388.63397694,12,0.9731212910838979,0.9924016592738535,0.9967831218069075,个,0.9731212910838979,千克,0.019280368189955568,套,0.004381462533054036,UNKNOWN,0.002057314183682182,副,0.0005805537720993879
109012602,机械加煤机,A 首要单位>=90%,28872949.81455231,8,0.9037964211031612,0.9775985165906391,0.995700543214416,个,0.9037964211031612,套,0.073802095487478,平方米,0.01810202662377689,OTHER,0.002443809879253727,千克,0.0007203974700747947
107020218,醚酚及醚醇酚,A 首要单位>=90%,28017393.678894043,4,0.9967195806633138,0.9990135841932859,0.999887398520221,千克,0.9967195806633138,OTHER,0.0022940035299720664,瓶,0.0008738143269351527,个,0.00011260147977895357,,
107022306,高档美容、修饰类化妆品,A 首要单位>=90%,27688118.805791024,9,0.9070775970241536,0.9566674244538463,0.9777633703935842,个,0.9070775970241536,瓶,0.049589827429692736,UNKNOWN,0.021095945939737792,盒,0.010720250107120632,批,0.006331618084264123
109060408,机械量仪表,A 首要单位>=90%,26945284.101887222,8,0.9639879055942038,0.98364255083741,0.9931087297624005,个,0.9639879055942038,批,0.019654645243206297,套,0.009466178924990415,OTHER,0.006855494032889494,副,2.6757929041449662e-05
109051499,其他真空电子器件,A 首要单位>=90%,26776951.45497119,9,0.9406146998841268,0.9863686014087363,0.9942974352924974,个,0.9406146998841268,套,0.04575390152460947,UNKNOWN,0.007928833883761038,OTHER,0.00488734271972776,桶,0.00036336958312308627
109062204,照相机、缩微阅读机零件,A 首要单位>=90%,25993106.7883749,4,0.9032130604978263,0.9567150786938677,0.9920992208739016,个,0.9032130604978263,OTHER,0.0535020181960414,套,0.0353841421800338,UNKNOWN,0.007900779126098486,,
109061805,未组装钟表机心,A 首要单位>=90%,25537559.700048447,2,0.9999418229436995,1.0,1.0,个,0.9999418229436995,套,5.817705630048264e-05,,,,,,
106051303,宠物消毒用品,A 首要单位>=90%,24690624.050924305,11,0.9138253633117057,0.9838948170517533,0.9959169995161486,个,0.9138253633117057,瓶,0.07006945374004755,千克,0.01202218246439534,桶,0.003251849764159466,UNKNOWN,0.0006318187814056489
101011206,甘蓝类蔬菜,A 首要单位>=90%,24474313.185219284,11,0.986947667231854,0.9952163564681259,0.9984504002347883,千克,0.986947667231854,批,0.008268689236271939,箱,0.003234043766662326,袋,0.0006346527429498055,个,0.00026383580522895456
109023607,农田基本建设机械,A 首要单位>=90%,24431005.978515625,6,0.9335830828483678,0.9890703190756484,0.9988022965557851,个,0.9335830828483678,UNKNOWN,0.05548723622728056,套,0.009731977480136735,箱,0.0011790754758658607,盒,1.3593382376295146e-05
109042104,电动理发工具零件,A 首要单位>=90%,24311803.36385155,5,0.9864350307209332,0.9946848480832362,0.9994725565941535,个,0.9864350307209332,UNKNOWN,0.008249817362303041,套,0.004787708510917279,盒,0.00043247965442430684,包,9.496375142217229e-05
108011402,盥洗用玻璃器具,A 首要单位>=90%,23938703.615091328,12,0.9253900044693818,0.9622026581810098,0.990806397730536,套,0.9253900044693818,个,0.036812653711628056,平方米,0.028603739549526257,千克,0.006290900393831768,OTHER,0.0014198630065360926
108011502,玻璃保温瓶胆,A 首要单位>=90%,23198120.95940399,9,0.9697659197814562,0.990819349102507,0.9962766014472785,个,0.9697659197814562,批,0.021053429321050837,千克,0.005457252344771487,套,0.0012406043572136655,UNKNOWN,0.001187052609253915
108032203,铂加工材,A 首要单位>=90%,22865499.277109623,4,0.9767430908389574,0.9972266146983675,0.9986514792773301,千克,0.9767430908389574,千米,0.02048352385941013,个,0.0014248645789625791,平方米,0.0013485207226698586,,
103040102,烟梗,A 首要单位>=90%,22368404.910650253,7,0.9437351264796258,0.9820033893897108,0.9949409247745978,千克,0.9437351264796258,次,0.03826826291008499,个,0.012937535384887051,UNKNOWN,0.0040180872746186005,批,0.0008979182950339451
108012501,已加工云母,A 首要单位>=90%,22279890.24010467,5,0.9864988675046081,0.9967867884792747,0.9987841053206251,千克,0.9864988675046081,个,0.010287920974666527,套,0.001997316841350424,千米,0.0011541798331533967,UNKNOWN,6.171484622150186e-05
107021615,木质素,A 首要单位>=90%,21803987.5637207,1,1.0,1.0,1.0,千克,1.0,,,,,,,,
102040112,钠矿石,A 首要单位>=90%,21629381.243743896,5,0.9997519161582373,0.999860657133002,0.9999309319126117,千克,0.9997519161582373,套,0.00010874097476460611,瓶,7.027477960977947e-05,个,5.2793927899660476e-05,桶,1.627415948858051e-05
109022805,纺织纤维梳理机,A 首要单位>=90%,21508921.16015625,5,0.9505955993114403,0.9821851485938398,0.9947759234801536,个,0.9505955993114403,千克,0.03158954928239944,批,0.012590774886313856,套,0.0027992222181525083,UNKNOWN,0.002424854301693908
107021807,空盘,A 首要单位>=90%,21456724.721934438,11,0.9571130308399126,0.9797441717582297,0.9877229892101701,个,0.9571130308399126,桶,0.022631140918317107,OTHER,0.007978817451940403,套,0.006765430528190264,UNKNOWN,0.002180887381543184
109041206,内燃机电点火起动装置零件,A 首要单位>=90%,21414954.971908573,9,0.9314220037752073,0.9843543316942834,0.9986188124076061,个,0.9314220037752073,套,0.052932327919076066,OTHER,0.014264480713322607,包,0.0009339267827663115,千米,0.00026260153733842083
109030701,三轮运输车,A 首要单位>=90%,21341875.56785202,7,0.9160131758692547,0.980166628345681,0.9929034751674483,个,0.9160131758692547,UNKNOWN,0.06415345247642638,OTHER,0.012736846821767253,批,0.006589026793560272,套,0.00037484990363502387
102050515,芒硝矿石,A 首要单位>=90%,20836199.985086445,7,0.9056616402510292,0.9993534363269585,0.9997190999337829,千克,0.9056616402510292,袋,0.09369179607592928,个,0.00036566360682446146,OTHER,0.00015880966606159294,千米,6.794424857628384e-05
103040203,烟草代用品制的卷烟,A 首要单位>=90%,20194925.87007141,13,0.9801648744507362,0.9886493819504111,0.9941606673453699,个,0.9801648744507362,批,0.008484507499674923,次,0.00551128539495879,UNKNOWN,0.0018920594334355379,包,0.0018541093113467243
109024616,医用低温设备,A 首要单位>=90%,20088139.38150787,8,0.9095454075884789,0.9955139867090733,0.9975801760765034,个,0.9095454075884789,套,0.08596857912059443,盒,0.0020661893674301227,袋,0.0012510466857098283,UNKNOWN,0.0004878500598727121
106051005,工艺伞,A 首要单位>=90%,20019187.37065125,7,0.9784545220555121,0.9916998618903418,0.9953706197241448,个,0.9784545220555121,UNKNOWN,0.013245339834829685,套,0.0036707578338029674,盒,0.0028419375969979343,OTHER,0.0008946417088965667
102040201,金矿砂及其精矿石,A 首要单位>=90%,19981903.12109375,5,0.9637045582893257,0.9994259806020233,0.9997292550180423,千克,0.9637045582893257,个,0.03572142231269759,瓶,0.0003032744160191031,套,0.0002602354724916396,箱,1.0509509466008523e-05
109030603,中轻型商用客车底盘（车架）改装、改制的车辆,A 首要单位>=90%,19535512.979980465,3,0.9461393037819692,0.9859947368528086,1.0,个,0.9461393037819692,套,0.03985543307083936,桶,0.014005263147191417,,,,
109031202,摩托车，排气量是250毫升以上（含250毫升）,A 首要单位>=90%,19331916.256256104,3,0.9989615954393757,0.9999852911629487,1.0,个,0.9989615954393757,套,0.001023695723572962,UNKNOWN,1.4708837051344852e-05,,,,
109021901,饲料粉碎机（饲料专用设备）,A 首要单位>=90%,19138378.49026489,6,0.9361368346564284,0.9863647053451063,0.9938111789324132,个,0.9361368346564284,套,0.05022787068867793,UNKNOWN,0.007446473587306931,千克,0.004092509720185596,副,0.0014274981558075493
109061609,印制电路板测量仪器,A 首要单位>=90%,18968701.68884277,5,0.9505323861295936,0.9855341707355018,0.9991200241179491,个,0.9505323861295936,套,0.03500178460590819,UNKNOWN,0.013585853382447386,千克,0.0008272574611276586,OTHER,5.271842092325125e-05
108032414,钒加工材,A 首要单位>=90%,18888894.75,4,0.9986627724737573,0.999403948714363,0.9998645368067394,千克,0.9986627724737573,套,0.0007411762406056077,个,0.00046058809237634193,UNKNOWN,0.0001354631932606856,,
107022699,其他工业用香精,A 首要单位>=90%,18790121.831344604,10,0.9845579993630514,0.992147546930519,0.9992161546379176,千克,0.9845579993630514,个,0.007589547567467532,UNKNOWN,0.0070686077073985375,桶,0.0005727791411014944,瓶,0.00014730931664831012
108041107,镍丝,A 首要单位>=90%,18386233.661067963,11,0.983426178794058,0.9913452209458666,0.9968862247140472,千克,0.983426178794058,副,0.007919042151808635,个,0.005541003768180607,千米,0.0017308601960925752,UNKNOWN,0.0009675717348066526
109060806,计数装置、速度计及转速表零件,A 首要单位>=90%,17987063.600247387,6,0.9078100663428309,0.9927416223739766,0.9998274926879197,个,0.9078100663428309,千克,0.08493155603114563,套,0.00708587031394313,箱,8.00019409493948e-05,副,7.28579177304947e-05
109062401,幻灯机,A 首要单位>=90%,17930165.19433594,4,0.9763672004464378,0.9986335876031003,0.9996374824253123,个,0.9763672004464378,套,0.022266387156662567,OTHER,0.0010038948222120185,UNKNOWN,0.0003625175746876733,,
109011107,单轨（猫头）小车,A 首要单位>=90%,17837876.501052853,6,0.9087783258066178,0.9900697787661495,0.9950440255603105,个,0.9087783258066178,套,0.08129145295953182,OTHER,0.004974246794160889,UNKNOWN,0.004859270103840135,千米,7.259832749282486e-05
107021503,鞣料及鞣料制剂,A 首要单位>=90%,17555852.77734375,5,0.9992346142240757,0.9995456216168379,0.9997834910073462,千克,0.9992346142240757,桶,0.00031100739276227363,个,0.0002378693905082884,套,0.00021645203159279116,UNKNOWN,5.696106094547136e-08
109051404,真空开关管,A 首要单位>=90%,17503866.701564785,11,0.9691261754439261,0.9936493055358967,0.9960177867541125,个,0.9691261754439261,套,0.02452313009197059,千米,0.0023684812182157683,平方米,0.0016779149716316351,千克,0.0012751468221592814
102040304,磷钇矿石,A 首要单位>=90%,16828825.485824585,5,0.9994250157236769,0.9999801863770754,0.9999963158450926,千克,0.9994250157236769,个,0.0005551706533984402,瓶,1.6129468017245067e-05,盒,2.6145615472132917e-06,OTHER,1.0695933602236192e-06
106010105,秸秆浆,A 首要单位>=90%,15521995.780189514,10,0.9632213834951484,0.9771715483489655,0.9897735121934238,千克,0.9632213834951484,套,0.013950164853817063,个,0.012601963844458374,OTHER,0.006093894195913872,千米,0.0022839718089922812
107040309,PBT纤维,A 首要单位>=90%,15503193.619873047,5,0.9935256810735833,0.9985721444977553,0.9993546813485464,千克,0.9935256810735833,个,0.0050464634241720535,箱,0.0007825368507910918,套,0.0005485643931517668,OTHER,9.675425830179906e-05
107030112,泌尿系统用药,A 首要单位>=90%,15300704.671237944,8,0.9224004354373994,0.9622025238434837,0.9862837656337802,盒,0.9224004354373994,千克,0.039802088406084325,个,0.024081241790296498,瓶,0.010258174699576792,UNKNOWN,0.0014218946379702258
109062702,削笔类用具,A 首要单位>=90%,15207309.745487927,13,0.9487543293106362,0.9646016436358823,0.9801872067824768,个,0.9487543293106362,批,0.01584731432524607,千克,0.015585563146594565,套,0.011127838904563014,盒,0.00507402371314742
109023903,鱼货起卸设备,A 首要单位>=90%,15041990.5300293,1,1.0,1.0,1.0,个,1.0,,,,,,,,
109062701,打字机及文字处理机,A 首要单位>=90%,14967767.059642795,14,0.9548859026016623,0.9930018485341614,0.9946599709866357,个,0.9548859026016623,套,0.03811594593249911,卷,0.00165812245247437,次,0.0015573465238412317,项,0.0011102744993227865
306011002,个人贷款,A 首要单位>=90%,14954527.39099121,5,0.9204053287893973,0.9982519514943976,0.9994451151934055,次,0.9204053287893973,UNKNOWN,0.07784662270500035,元,0.001193163699007898,个,0.00037935937314450467,批,0.00017552543345000806
101020406,染色、鞣革用植物原料,A 首要单位>=90%,13949505.474040981,10,0.957625294842955,0.9844649559833969,0.9930735480073917,千克,0.957625294842955,平方米,0.02683966114044195,千米,0.008608592023994728,瓶,0.006275442535407377,盒,0.0002032688546039614
106010509,神纸及类似用品,A 首要单位>=90%,13401801.070785519,10,0.900431254321889,0.9555919240400806,0.9766822982746411,千克,0.900431254321889,个,0.05516066971819163,批,0.021090374234560484,卷,0.017721868777672928,OTHER,0.004694503347385185
109020908,连续混炼挤出造粒机,A 首要单位>=90%,13160751.039901733,3,0.9042493064353915,0.994799878837271,0.9999999999999999,套,0.9042493064353915,个,0.09055057240187951,千克,0.005200121162728947,,,,
107022603,烟用香精,A 首要单位>=90%,13085483.535100937,3,0.9997510095754432,0.9999877727101509,1.0,千克,0.9997510095754432,个,0.00023676313470773032,盒,1.2227289849153122e-05,,,,
109022901,生皮处理机械,A 首要单位>=90%,13084936.43450928,8,0.9652493248801134,0.9950089937137361,0.9976007525785755,个,0.9652493248801134,套,0.029759668833622705,批,0.00259175886483944,副,0.0012533496117526264,OTHER,0.0006629760903630508
108031299,其他稀土金属,A 首要单位>=90%,12780090.1875,2,0.9990003200437118,1.0,1.0,千克,0.9990003200437118,个,0.0009996799562882585,,,,,,
109020805,橡胶压延机械,A 首要单位>=90%,12243447.061653137,9,0.926288491674962,0.9953090865895039,0.9978018486234567,个,0.926288491674962,套,0.06902059491454195,千克,0.0024927620339528075,项,0.0011937814511223538,UNKNOWN,0.0008549062978173013
101011902,种用薯类,A 首要单位>=90%,12027930.0,3,0.9976779046768646,0.9999526102995279,1.0,千克,0.9976779046768646,UNKNOWN,0.0022747056226632514,个,4.738970047215107e-05,,,,
109025001,地质钻探机,A 首要单位>=90%,11971344.934143065,7,0.9072973708053911,0.9426751836016871,0.9711181866120564,个,0.9072973708053911,套,0.03537781279629602,千克,0.028443003010369262,千米,0.025550942861752943,OTHER,0.0018444042938756517
110020103,油制气,A 首要单位>=90%,11956340.299804688,2,0.9891231516882459,1.0,1.0,个,0.9891231516882459,千克,0.010876848311754048,,,,,,
109031806,非机动船,A 首要单位>=90%,11826668.953125,3,0.984984702469576,0.9994081173635836,1.0,OTHER,0.984984702469576,个,0.014423414894007567,套,0.000591882636416433,,,,
108031302,碱土金属,A 首要单位>=90%,11788034.72489929,4,0.9859369092265093,0.9995286016613428,0.9998619057354903,千克,0.9859369092265093,个,0.01359169243483346,盒,0.0003333040741474035,瓶,0.000138094264509852,,
108032208,钌加工材,A 首要单位>=90%,11712850.0,3,0.9989157207682161,0.9999829247365073,1.0,个,0.9989157207682161,千克,0.0010672039682912357,项,1.707526349265977e-05,,,,
109030200,工矿有轨专用车辆（窄轨机车车辆）,A 首要单位>=90%,11598568.500358587,9,0.973772169603641,0.983639163103439,0.988057811835687,个,0.973772169603641,套,0.009866993499797999,副,0.004418648732247909,盒,0.004370904761193819,千瓦时,0.004213293126975253
101011908,水果籽,A 首要单位>=90%,11261986.30318832,3,0.9793018459039985,0.9953163207949811,1.0,千克,0.9793018459039985,罐,0.01601447489098266,个,0.004683679205018867,,,,
109010704,切断机,A 首要单位>=90%,11029566.206962584,7,0.9430483810396846,0.9771990668356701,0.9882448087897456,个,0.9430483810396846,套,0.03415068579598561,千米,0.0110457419540755,OTHER,0.009146687921082102,UNKNOWN,0.0013482180232386102
104020406,舞蹈、戏剧用靴鞋,A 首要单位>=90%,11027173.86523438,4,0.9986288417880425,0.9999764218825986,0.9999931986199804,个,0.9986288417880425,套,0.0013475800945561816,袋,1.677673738175596e-05,包,6.801380019630795e-06,,
109050202,ATM交换机,A 首要单位>=90%,10857303.15550995,9,0.951393172776434,0.9801369276192629,0.990801675280724,个,0.951393172776434,套,0.02874375484282884,千米,0.010664747661461195,次,0.0049478216856031825,OTHER,0.002923285787032007
102050406,干化污泥,A 首要单位>=90%,10844545.752990728,8,0.939552335985298,0.9826836529398236,0.9883600058412833,千克,0.939552335985298,个,0.043131316954525614,UNKNOWN,0.005676352901459572,套,0.005163886185325579,批,0.0035831790564426072
109031500,残疾人用车,A 首要单位>=90%,10530058.064483644,7,0.903854830046595,0.9598824531980662,0.983916793602476,个,0.903854830046595,千克,0.056027623151471216,副,0.02403434040440975,UNKNOWN,0.010898344156753823,盒,0.003711292010168462
304070301,广播节目播出服务,A 首要单位>=90%,10459908.668945312,5,0.9489360518069555,0.9728368341094082,0.9967112523551824,UNKNOWN,0.9489360518069555,套,0.02390078230245273,个,0.02387441824577423,月,0.0030593001347139492,次,0.00022944751010354618
109042306,照相闪光灯源,A 首要单位>=90%,10249004.741265297,8,0.9294203303022179,0.9948615498451318,0.9970407858357322,个,0.9294203303022179,套,0.0654412195429138,UNKNOWN,0.0021792359906004513,千米,0.0011208893243795828,OTHER,0.000991608478731694
107020219,过氧化醇、过氧化醚及过氧化酮,A 首要单位>=90%,10190990.232912067,3,0.9992109697077386,0.9996895296798752,0.9999999999999999,千克,0.9992109697077386,瓶,0.0004785599721366576,个,0.00031047032012470975,,,,
306010200,金融机构农户小额贷款,A 首要单位>=90%,9939802.921875,3,0.9644716924695943,0.9939636630150931,1.0,UNKNOWN,0.9644716924695943,次,0.02949197054549876,批,0.006036336984906927,,,,
109021801,制糖机械,A 首要单位>=90%,9911327.43941331,7,0.9719270942628441,0.9939014464705935,0.9963229143399792,个,0.9719270942628441,套,0.021974352207749494,OTHER,0.002421467869385683,千米,0.0023003982200541263,副,0.0007869783384395696
109023208,电子真空器件生产设备,A 首要单位>=90%,9875809.851198196,8,0.9493735818356741,0.9985748551024957,0.9991476749648418,个,0.9493735818356741,套,0.04920127326682155,OTHER,0.0005728198623461663,平方米,0.00030377255589181083,UNKNOWN,0.0002535488266510314
106051108,养生制氧机,A 首要单位>=90%,9799510.947265623,1,1.0,1.0,1.0,个,1.0,,,,,,,,
109024603,光谱辐射治疗仪器,A 首要单位>=90%,9382602.25012207,4,0.9611911503554078,0.9961494690879037,0.9996666170091609,个,0.9611911503554078,套,0.034958318732495844,UNKNOWN,0.0035171479212572033,包,0.00033338299083916767,,
109061502,离子射线应用设备,A 首要单位>=90%,9294562.53100586,3,0.9685862138289637,0.9990491860296961,1.0,个,0.9685862138289637,UNKNOWN,0.03046297220073235,套,0.0009508139703039219,,,,
102050512,蛇纹石,A 首要单位>=90%,9172213.367919922,3,0.9726281328038809,0.9998618436030278,1.0,千克,0.9726281328038809,卷,0.027233710799146865,个,0.00013815639697217937,,,,
109020205,原油稳定站专用设备,A 首要单位>=90%,8772127.96736908,5,0.9258384030398565,0.963428483944581,0.9993894639965246,个,0.9258384030398565,包,0.03759008090472448,套,0.03596098005194363,UNKNOWN,0.00042578038235347295,OTHER,0.0001847556211218784
107020239,正戊醇,A 首要单位>=90%,8658580.854686737,2,0.9997660066894056,1.0,1.0,千克,0.9997660066894056,瓶,0.00023399331059435633,,,,,,
109020810,裁切橡胶专用机械,A 首要单位>=90%,8569982.191062927,6,0.9445320901021567,0.9695632973109307,0.9897140976451588,个,0.9445320901021567,套,0.0250312072087741,平方米,0.020150800334228135,UNKNOWN,0.009754979431250272,盒,0.0005029181979508215
109010708,软管加工机,A 首要单位>=90%,8398170.40107727,7,0.9701481014654909,0.9855819310347785,0.9954647979017516,个,0.9701481014654909,套,0.015433829569287625,盒,0.009882866866973011,千米,0.003724858928319354,瓶,0.0005953677719326376
109040303,交直流两用电动机,A 首要单位>=90%,8102811.250699043,5,0.9061400479951717,0.9987100156138726,0.9999145358350684,个,0.9061400479951717,套,0.09256996761870095,UNKNOWN,0.0012045202211958211,OTHER,5.954723394270735e-05,批,2.5916930988844512e-05
302010300,报刊发行服务,A 首要单位>=90%,7925805.776554108,7,0.9017632177086115,0.9702256598664061,0.9897780956644386,UNKNOWN,0.9017632177086115,份,0.06846244215779461,个,0.019552435798032588,平方米,0.006407726844346208,套,0.003016980313943069
109010607,开槽机床,A 首要单位>=90%,7686010.265136719,8,0.9446676513133131,0.9933254057397376,0.998084702011553,个,0.9446676513133131,套,0.048657754426424456,UNKNOWN,0.004759296271815389,副,0.0005934158090691633,桶,0.0004944047521295375
107021610,林产色素（紫胶红色素）,A 首要单位>=90%,7270408.171453476,6,0.9963363638175866,0.9984250457887632,0.9995391510506664,千克,0.9963363638175866,个,0.0020886819711766046,套,0.0011141052619031532,瓶,0.000451401061813866,卷,6.840056069684801e-06
109062301,自动洗印设备,A 首要单位>=90%,6777172.719970703,8,0.9837823640458763,0.9954686531921771,0.9969294393354647,个,0.9837823640458763,包,0.011686289146300873,箱,0.0014607861432876092,副,0.001095589607465707,OTHER,0.0008701578739022631
109030601,排气量在1.0升以下（含1.0升）的乘用车底盘（车架）改装、改制的车辆,A 首要单位>=90%,6697867.439941406,4,0.9791223936282278,0.9949473604158781,0.9999596886617389,UNKNOWN,0.9791223936282278,个,0.01582496678765018,批,0.005012328245860848,套,4.031133826117675e-05,,
108032205,铑加工材,A 首要单位>=90%,6695302.259765625,2,0.9919426699986635,1.0,1.0,OTHER,0.9919426699986635,个,0.008057330001336405,,,,,,
109022301,光盘复制生产设备,A 首要单位>=90%,6592774.1875190735,6,0.9051465165174766,0.9988685476268899,0.9994719355007733,个,0.9051465165174766,千米,0.09372203110941336,UNKNOWN,0.0006033878738833251,瓶,0.0005026715470209501,包,1.865678946396405e-05
104010307,黄红麻织物,A 首要单位>=90%,6589564.459228516,4,0.9634589506503064,0.9876213973469187,0.9961765909942087,个,0.9634589506503064,卷,0.02416244669661232,副,0.008555193647290037,千米,0.0038234090057912493,,
109025103,信件处理机械,A 首要单位>=90%,6172931.550048828,4,0.9972588307659601,0.9998663519928399,0.9999927101087004,套,0.9972588307659601,个,0.002607521226879765,瓶,0.0001263581158604991,桶,7.289891299644178e-06,,
101020204,短条及细枝等,A 首要单位>=90%,5724322.80475235,10,0.9461186118307022,0.9689959816564382,0.9831496209188392,千克,0.9461186118307022,个,0.022877369825735915,OTHER,0.014153639262400953,车,0.005093702957456023,批,0.004761646075605833
109042204,液体燃料家用器具,A 首要单位>=90%,5551686.603210449,7,0.9024177440244616,0.9871528860527934,0.9938990179642366,千克,0.9024177440244616,个,0.08473514202833178,套,0.006746131911443251,箱,0.003074528793219232,瓶,0.0019276880499137425
101010899,其他未加工烟草,A 首要单位>=90%,5542344.392578125,4,0.9730810580672704,0.9998015280318067,0.9999494798626417,个,0.9730810580672704,套,0.026720469964536305,UNKNOWN,0.00014795183083499467,包,5.052013735829086e-05,,
107021603,栲胶,A 首要单位>=90%,5378059.75,3,0.998703900602815,0.9999358504709808,1.0,千克,0.998703900602815,个,0.001231949868165745,套,6.414952901927131e-05,,,,
107040401,人造纤维长丝纱,A 首要单位>=90%,5339914.864303589,11,0.9579021170107965,0.9811522799403495,0.9879479875353493,千克,0.9579021170107965,箱,0.023250162929552936,个,0.006795707594999758,UNKNOWN,0.005636793987337386,千米,0.003512614142215781
103010404,饲料用植物根粉,A 首要单位>=90%,5317788.862060547,6,0.9185793813619415,0.9885976802386951,0.9932020562762739,千克,0.9185793813619415,个,0.07001829887675357,包,0.004604376037578797,袋,0.0038840897412079104,罐,0.002534181138803845
103011600,微生物蛋白,A 首要单位>=90%,5039543.082443237,8,0.9754835869200789,0.9869135913981979,0.9921225160183827,千克,0.9754835869200789,个,0.011430004478119033,盒,0.005208924620184902,瓶,0.004642881232926446,罐,0.0018846748101891495
103040400,烟丝,A 首要单位>=90%,4985807.769989014,7,0.917342631522894,0.9782463033065876,0.996154685281811,个,0.917342631522894,UNKNOWN,0.06090367178369356,千克,0.017908381975223396,套,0.003332258435634916,瓶,0.00041758529330636183
106051004,工艺扇,A 首要单位>=90%,4832645.4248046875,5,0.9200092236811012,0.9712854871388149,0.9955786533248271,个,0.9200092236811012,UNKNOWN,0.051276263457713724,千克,0.02429316618601216,箱,0.004414104265080058,套,7.242410092897418e-06
109023503,农林用自装或自卸式挂车,A 首要单位>=90%,4705350.5,1,1.0,1.0,1.0,个,1.0,,,,,,,,
109061902,天文仪器,A 首要单位>=90%,4635280.690254211,3,0.9816196912420969,0.9983094442992874,1.0,套,0.9816196912420969,个,0.016689753057190424,卷,0.0016905557007126446,,,,
109060803,速度计及转速表,A 首要单位>=90%,4372936.686058044,5,0.9886848555925036,0.9963413076493044,0.999743421851138,个,0.9886848555925036,套,0.00765645205680074,UNKNOWN,0.003402114201833531,包,0.00017654040189086625,OTHER,8.003774697124765e-05
107020502,微生物肥料,A 首要单位>=90%,4308513.184371948,7,0.9231428138138056,0.9589324222939007,0.9882501926231595,千克,0.9231428138138056,袋,0.035789608480095145,套,0.029317770329258742,桶,0.007241477202198239,UNKNOWN,0.0037135780524093533
109020812,橡胶干燥、去水、刺孔机械,A 首要单位>=90%,4274151.09072876,8,0.9830729659637667,0.9928023367554201,0.9970076631029844,个,0.9830729659637667,套,0.00972937079165342,UNKNOWN,0.004205326347564336,千克,0.002367721632946415,卷,0.00039072086235380566
109022807,成条、针梳机,A 首要单位>=90%,4109650.0,2,0.9890501624225907,1.0,1.0,个,0.9890501624225907,OTHER,0.010949837577409268,,,,,,
108041109,钛丝,A 首要单位>=90%,4093294.979248047,4,0.942166029763267,0.9869623371219135,0.9957278915669028,个,0.942166029763267,千克,0.04479630735864649,千米,0.008765554444989275,UNKNOWN,0.004272108433097198,,
109060804,汽车速测仪,A 首要单位>=90%,3681107.9699859624,3,0.901250114651861,0.9967808605190015,1.0,个,0.901250114651861,套,0.09553074586714048,UNKNOWN,0.0032191394809984856,,,,
101030203,活鹅,A 首要单位>=90%,3600687.159896851,5,0.904259642853524,0.9945912547254417,0.9979566122450665,千克,0.904259642853524,批,0.0903316118719177,OTHER,0.0033653575196247077,UNKNOWN,0.0017792159538393155,个,0.000264171801094289
301050500,无运输工具承运管道运输服务,A 首要单位>=90%,3555334.125,4,0.9360487672870971,0.9955559732378176,0.9999437464966812,千克,0.9360487672870971,OTHER,0.05950720595072059,个,0.004387773258863539,UNKNOWN,5.625350331876333e-05,,
106051101,桑拿浴箱,A 首要单位>=90%,3487430.8129882812,3,0.9581202263728545,0.9984924117078682,1.0,批,0.9581202263728545,套,0.040372185335013584,个,0.001507588292131924,,,,
109060602,真空计,A 首要单位>=90%,3483898.4837036133,4,0.9002690802791327,0.9981407609825041,0.9998534974551401,个,0.9002690802791327,套,0.09787168070337146,副,0.001712736472635875,OTHER,0.0001465025448600028,,
307020101,学历教育服务,A 首要单位>=90%,3310168.0599365234,6,0.9489811221428552,0.9898781574248401,0.9961557843077478,UNKNOWN,0.9489811221428552,个,0.04089703528198487,套,0.006277626882907716,OTHER,0.003806453259125949,瓶,2.416795720079968e-05
107021806,空白磁盘,A 首要单位>=90%,3275599.6232109065,10,0.9040142977238624,0.9598804050171034,0.9745738979760568,个,0.9040142977238624,套,0.05586610729324091,项,0.014693492958953442,盒,0.010315573906837574,OTHER,0.010015863957426558
301020402,水路货物运输程租业务,A 首要单位>=90%,3271536.200012207,4,0.9532938990521832,0.9936419165980406,0.9996941192299191,千克,0.9532938990521832,UNKNOWN,0.040348017545857345,个,0.006052202631878602,笔,0.00030588077008082535,,
109022002,乳品加工机械零件,A 首要单位>=90%,3177091.686941147,13,0.9552002006578891,0.9737453657796843,0.9822084517241404,个,0.9552002006578891,桶,0.018545165121795142,包,0.00846308594445612,套,0.006975074180703997,OTHER,0.0030433241702206215
102040110,铋矿石,A 首要单位>=90%,3141506.25,2,0.935416330939975,1.0,1.0,千克,0.935416330939975,个,0.06458366906002495,,,,,,
109010705,金属拉拔机,A 首要单位>=90%,3069790.3007659907,7,0.9750077228504341,0.9925406989576713,0.9975144914659707,个,0.9750077228504341,套,0.01753297610723719,OTHER,0.004973792508299385,千克,0.001319308357639094,副,0.0006059045790638803
109022402,饮片生产机械,A 首要单位>=90%,3024926.868751526,6,0.9899287151976339,0.9980809783993483,0.9997008522715461,个,0.9899287151976339,套,0.008152263201714324,次,0.001619873872197899,千米,0.00026446920362414676,瓶,2.806679473904755e-05
108040409,白铁剪及类似工具,A 首要单位>=90%,2971550.9478602414,10,0.9078369058206402,0.946045289977071,0.9768941670693512,个,0.9078369058206402,千克,0.03820838415643074,套,0.03084887709228018,OTHER,0.013297530723531617,盒,0.002712179607290903
108032404,锆加工材,A 首要单位>=90%,2942696.0,3,0.9790603582565104,0.9910796086309969,1.0,千克,0.9790603582565104,个,0.012019250374486526,千米,0.008920391369003118,,,,
101050500,淡水藻类,A 首要单位>=90%,2600653.2499771114,3,0.9803279887721992,0.9991534472779445,1.0,千克,0.9803279887721992,袋,0.01882545850574534,UNKNOWN,0.0008465527220555072,,,,
107021611,林产蜡（虫白蜡）,A 首要单位>=90%,2570188.23009491,5,0.9779313478701533,0.9998675194306732,0.9999929966218858,千克,0.9779313478701533,个,0.02193617156051989,UNKNOWN,0.00012547719121260272,瓶,5.83614842849315e-06,批,1.16722968569863e-06
109025203,理发用椅,A 首要单位>=90%,2531121.797637939,2,0.9934930037679854,1.0,1.0,个,0.9934930037679854,套,0.006506996232014565,,,,,,
109011204,缆索起重机,A 首要单位>=90%,2500038.384033203,6,0.9843022410173208,0.9931561050785159,0.9964720541667159,个,0.9843022410173208,套,0.00885386406119516,UNKNOWN,0.0033159490882000396,千米,0.002607959958391346,项,0.000719988945568163
306049900,其他金融商品转让,A 首要单位>=90%,2353089.169921875,5,0.9639070242981082,0.9851471883509049,0.9909054105741674,UNKNOWN,0.9639070242981082,个,0.02124016405279677,批,0.005758222223262522,元,0.005728801124548996,OTHER,0.0033657883012835218
109042303,冷阴极荧光灯,A 首要单位>=90%,2274457.080169678,5,0.9267639245557596,0.9617133107628275,0.9951829647059817,个,0.9267639245557596,UNKNOWN,0.03494938620706786,套,0.03346965394315415,OTHER,0.0032284012147912513,包,0.0015886340792270824
107020237,活性硅酸钙,A 首要单位>=90%,2140578.167114258,7,0.9636805506878235,0.9897587622546722,0.9932503422935716,千克,0.9636805506878235,个,0.026078211566848693,UNKNOWN,0.003491580038899397,平方米,0.002906130642766409,千米,0.0025845820932848427
108031001,镉,A 首要单位>=90%,2091221.6069946287,6,0.9833325029369949,0.9959758306032569,0.9986204235886095,千克,0.9833325029369949,个,0.012643327666261967,瓶,0.0026445929853525976,千米,0.0009468150067775603,套,0.0003753786769294873
106010510,纸扇,A 首要单位>=90%,1979171.1193695064,8,0.9393281975903081,0.9763380444350107,0.9866352844263119,个,0.9393281975903081,UNKNOWN,0.03700984684470269,卷,0.010297239991301178,OTHER,0.009735403426366241,包,0.0031669973979576976
107021605,冰片（龙脑）,A 首要单位>=90%,1936910.0302209854,7,0.985725444243876,0.9947244271304766,0.998551140753904,千克,0.985725444243876,个,0.008998982886600627,盒,0.0038267136234274917,箱,0.0007021492887022921,UNKNOWN,0.0003097717450157171
109023705,竹木采集机械,A 首要单位>=90%,1857190.590538025,4,0.9613003582395673,0.9852532041276744,0.9997490564564738,个,0.9613003582395673,套,0.02395284588810714,千克,0.01449585232879942,批,0.0002509435435261143,,
109060312,非电量电测仪表及装置,A 首要单位>=90%,1785201.570789337,3,0.9317822176609148,0.9993502134330483,1.0,个,0.9317822176609148,套,0.0675679957721335,副,0.0006497865669517081,,,,
105010505,木瓦,A 首要单位>=90%,1600739.03125,4,0.9426613086467152,0.9910485096444418,0.9986506232697323,平方米,0.9426613086467152,个,0.048387200997726657,套,0.007602113625290537,OTHER,0.0013493767302676933,,
107021606,五倍子单宁产品,A 首要单位>=90%,1543943.3001098633,5,0.9847013163578077,0.9910810843190399,0.9958480987550469,千克,0.9847013163578077,瓶,0.006379767961232189,套,0.004767014436006996,盒,0.0023254093007222506,个,0.0018264919442309414
109032602,潜水水下作业用装备,A 首要单位>=90%,1459691.300003052,3,0.9051169243800313,0.9881481790019823,1.0,个,0.9051169243800313,UNKNOWN,0.08303125462195095,套,0.01185182099801775,,,,
106051107,养生塑身机,A 首要单位>=90%,1445799.2375488277,3,0.9160842700778182,0.9980103393143154,1.0,个,0.9160842700778182,套,0.08192606923649712,OTHER,0.001989660685684654,,,,
108032104,锑材,A 首要单位>=90%,1441891.9765625,1,1.0,1.0,1.0,千克,1.0,,,,,,,,
405020000,探矿权,A 首要单位>=90%,1423800.44140625,3,0.9017657827547391,0.9693909220122477,1.0,个,0.9017657827547391,次,0.0676251392575087,UNKNOWN,0.03060907798775226,,,,
301030103,航空运输湿租业务,A 首要单位>=90%,1413358.5,1,1.0,1.0,1.0,UNKNOWN,1.0,,,,,,,,
109021702,采盐及盐加工机械,A 首要单位>=90%,1361731.703437805,1,1.0,1.0,1.0,个,1.0,,,,,,,,
108032405,铌加工材,A 首要单位>=90%,1303809.4449996948,3,0.9808175035887237,0.9999920847331376,1.0,千克,0.9808175035887237,卷,0.019174581144413977,个,7.91526686234938e-06,,,,
106050303,脱胎漆器工艺品,A 首要单位>=90%,1303175.3922348022,5,0.9518112986870401,0.980712243428954,0.9893269623785204,个,0.9518112986870401,千克,0.028900944741913907,桶,0.008614718949566379,套,0.006937515887473131,瓶,0.003735521734006483
109060805,频闪观测仪,A 首要单位>=90%,1265483.675292969,2,0.9606541743902995,1.0,1.0,个,0.9606541743902995,OTHER,0.03934582560970049,,,,,,
101020405,编结用原料,A 首要单位>=90%,1243063.0702657704,8,0.9036021875723242,0.9527126247161384,0.9816733434931053,个,0.9036021875723242,千克,0.04911043714381419,副,0.028960718776966883,UNKNOWN,0.015112668415113885,OTHER,0.002226427581179318
107022003,明胶衍生物,A 首要单位>=90%,1160545.3800048828,5,0.994694408240325,0.9989194735323536,0.9998000939868469,千克,0.994694408240325,个,0.004225065292028635,瓶,0.0008806204544933005,OTHER,0.00017233276995955,盒,2.7573243193528e-05
109025204,自动擦鞋器,A 首要单位>=90%,1041171.4899902347,4,0.9980412160606752,0.9995537430583245,0.9999135589085321,个,0.9980412160606752,套,0.0015125269976492915,UNKNOWN,0.00035981585020766,盒,8.6441091467885e-05,,
102050508,毒重石,A 首要单位>=90%,1033924.0,1,1.0,1.0,1.0,千克,1.0,,,,,,,,
110020104,水煤气,A 首要单位>=90%,939150.0,2,0.9966778469892988,1.0,1.0,千克,0.9966778469892988,套,0.003322153010701166,,,,,,
109061402,供示范用机器或装置,A 首要单位>=90%,935986.843120575,2,0.9011246785355955,1.0,1.0,个,0.9011246785355955,套,0.0988753214644045,,,,,,
301040301,国内固体管道运输服务,A 首要单位>=90%,904505.0,3,0.9613136466907314,0.9959182094073554,1.0,项,0.9613136466907314,个,0.03460456271662401,立方米,0.004081790592644596,,,,
109023707,木生产专用工具,A 首要单位>=90%,899458.8783035278,5,0.922442980230873,0.9745898889238704,0.9940793846894393,个,0.922442980230873,套,0.052146908692997485,OTHER,0.019489495765568948,包,0.005643393069368396,UNKNOWN,0.00027722224119218817
109061005,平板仪,A 首要单位>=90%,867815.059173584,3,0.9731970541947608,0.9936391977280773,0.9999999999999999,个,0.9731970541947608,套,0.02044214353331655,瓶,0.006360802271922625,,,,
109024608,水疗仪器,A 首要单位>=90%,839521.8775024414,2,0.9984514995560717,1.0,1.0,个,0.9984514995560717,套,0.00154850044392824,,,,,,
109022306,摄影、复印化学制剂生产设备,A 首要单位>=90%,760846.5200195312,2,0.9998685674477457,1.0,1.0,个,0.9998685674477457,套,0.00013143255225434028,,,,,,
106020504,电影胶片拷贝,A 首要单位>=90%,702976.1999511719,5,0.9239573118479901,0.9651820361018311,0.9958156478125372,千瓦时,0.9239573118479901,盒,0.04122472425384092,个,0.030633611710706082,OTHER,0.004159458030304723,千米,2.48941571581165e-05
101050700,淡水产品种苗,A 首要单位>=90%,648592.1978607178,5,0.9402299940934609,0.9702053007100462,0.9950613036022679,千克,0.9402299940934609,箱,0.02997530661658534,UNKNOWN,0.024856002892221715,OTHER,0.0027801752119736476,个,0.0021585211857584564
103040301,烟草制的雪茄烟,A 首要单位>=90%,640101.6005859375,4,0.9812889079030009,0.9974582160105354,0.9999375099203573,个,0.9812889079030009,平方米,0.016169308107534485,盒,0.0024792939098219544,包,6.249007964264535e-05,,
107030703,人用疫苗,A 首要单位>=90%,604823.4500732422,5,0.9266133777255707,0.959316144164304,0.9842899609006935,瓶,0.9266133777255707,盒,0.03270276643873322,个,0.024973816736389542,OTHER,0.014519609065694588,UNKNOWN,0.0011904300336119744
101011905,种用饲料作物,A 首要单位>=90%,569800.0,1,1.0,1.0,1.0,千克,1.0,,,,,,,,
302010400,邮政汇兑,A 首要单位>=90%,483360.3703613281,2,0.9607738417877439,1.0,1.0,套,0.9607738417877439,个,0.03922615821225603,,,,,,
106041002,投币式游戏机,A 首要单位>=90%,462734.5994644165,2,0.9295016212311382,1.0,1.0,个,0.9295016212311382,套,0.07049837876886182,,,,,,
307050200,养老服务,A 首要单位>=90%,431335.36083984375,2,0.9955265433030189,1.0,1.0,UNKNOWN,0.9955265433030189,OTHER,0.00447345669698108,,,,,,
102050517,明矾石,A 首要单位>=90%,421795.94219398504,4,0.9833258234550085,0.993097610236,0.9983750436518394,千克,0.9833258234550085,个,0.009771786780991484,包,0.005277433415839398,袋,0.001624956348160569,,
107021609,竹材热解产品,A 首要单位>=90%,419471.04998779297,4,0.9934320855089448,0.9972940921958119,0.9992413064024103,千克,0.9934320855089448,个,0.0038620066868670522,包,0.0019472142065983778,桶,0.0007586935975897774,,
108032103,镉材,A 首要单位>=90%,412762.6015625,1,1.0,1.0,1.0,千克,1.0,,,,,,,,
110020105,发生炉煤气,A 首要单位>=90%,411760.0,2,0.9514280163201865,1.0,1.0,个,0.9514280163201865,套,0.04857198367981348,,,,,,
109062203,缩微设备,A 首要单位>=90%,411134.0507507324,1,1.0,1.0,1.0,个,1.0,,,,,,,,
109061306,金属、矿藏探测器零件,A 首要单位>=90%,402556.5199584961,2,0.9974661943120307,1.0,1.0,个,0.9974661943120307,OTHER,0.002533805687969388,,,,,,
101010702,甜菜,A 首要单位>=90%,381216.12031173706,5,0.9107397646342674,0.9968784111253561,0.9982634522394838,千克,0.9107397646342674,瓶,0.08613864649108871,袋,0.00138504111412768,UNKNOWN,0.0012171573427182643,盒,0.00051939041779788
108012201,耐酸陶瓷容器,A 首要单位>=90%,369113.7802352905,4,0.9445428453336219,0.9934437560189235,0.9986454041361412,个,0.9445428453336219,箱,0.04890091068530164,卷,0.005201648117217681,套,0.0013545958638587713,,
108032411,铍加工材,A 首要单位>=90%,368358.2418212891,1,1.0,1.0,1.0,千克,1.0,,,,,,,,
109024606,离子电渗治疗设备,A 首要单位>=90%,353855.3400039673,4,0.9699132984573642,0.9855312625664774,0.9943479728185604,盒,0.9699132984573642,个,0.015617964109113173,瓶,0.008816710252082974,UNKNOWN,0.005652027181439672,,
106050202,珐琅珀晶工艺品,A 首要单位>=90%,341254.0,3,0.9871649856118903,0.9987692451956607,1.0,个,0.9871649856118903,UNKNOWN,0.011604259583770447,盒,0.0012307548043392898,,,,
108031399,其他碱金属及碱土金属,A 首要单位>=90%,322109.0,2,0.9964608253727776,1.0,1.0,千克,0.9964608253727776,千米,0.003539174627222462,,,,,,
107022605,饲料用香精,A 首要单位>=90%,317751.4296875,1,1.0,1.0,1.0,千克,1.0,,,,,,,,
106051110,Spa水疗机,A 首要单位>=90%,304645.6231249571,3,0.9769825348940566,0.9999961594722908,1.0,套,0.9769825348940566,个,0.02301362457823425,OTHER,3.840527709156533e-06,,,,
301049902,国际其他管道运输服务,A 首要单位>=90%,303500.0,2,0.9555189456342669,1.0,1.0,UNKNOWN,0.9555189456342669,套,0.044481054365733116,,,,,,
307050400,育养服务,A 首要单位>=90%,276897.59375,2,0.9983748504495626,1.0,1.0,次,0.9983748504495626,UNKNOWN,0.0016251495504373628,,,,,,
301020401,水路旅客运输程租业务,A 首要单位>=90%,190763.0,2,0.9750318457981894,1.0,1.0,UNKNOWN,0.9750318457981894,月,0.024968154201810623,,,,,,
107022602,酒用香精,A 首要单位>=90%,184825.0,1,1.0,1.0,1.0,千克,1.0,,,,,,,,
109061504,放射性物体加工计量仪器,A 首要单位>=90%,175498.0,3,0.9207968181973584,0.9948717364300448,1.0,个,0.9207968181973584,副,0.07407491823268642,套,0.005128263569955213,,,,
306030203,农牧业保险服务,A 首要单位>=90%,174500.0,1,1.0,1.0,1.0,千克,1.0,,,,,,,,
106051111,Spa气泡按摩机,A 首要单位>=90%,161417.41082763672,4,0.9059079817477786,0.9590311235206106,0.9961126871181277,个,0.9059079817477786,卷,0.05312314177283192,千克,0.037081563597517145,UNKNOWN,0.0038873128818723277,,
106041006,桌式足球器材及配件,A 首要单位>=90%,155449.15998840335,4,0.9624005687551622,0.9980070654413644,0.9992164640641298,个,0.9624005687551622,套,0.0356064966862022,包,0.0012093986227653141,盒,0.0007835359358702497,,
109051403,射线计数管,A 首要单位>=90%,146994.0,2,0.9585425255452603,1.0,1.0,套,0.9585425255452603,个,0.04145747445473965,,,,,,
108041119,钌丝,A 首要单位>=90%,125385.35623931885,2,0.9672693039090963,1.0,1.0,千米,0.9672693039090963,个,0.03273069609090375,,,,,,
109010707,旋锻机,A 首要单位>=90%,122523.200012207,2,0.9931441555565288,1.0,1.0,个,0.9931441555565288,千克,0.006855844443471201,,,,,,
110030203,自然雪,A 首要单位>=90%,116161.0,2,0.9996900853126265,1.0,1.0,套,0.9996900853126265,千克,0.0003099146873735591,,,,,,
108041110,镁丝,A 首要单位>=90%,112794.0,2,0.9421068496551235,1.0,1.0,千克,0.9421068496551235,个,0.0578931503448765,,,,,,
301020302,水路货物运输期租业务,A 首要单位>=90%,98880.0,1,1.0,1.0,1.0,车,1.0,,,,,,,,
304050102,有形动产融资租赁售后回租服务,A 首要单位>=90%,94200.0,1,1.0,1.0,1.0,月,1.0,,,,,,,,
107021701,发射药,A 首要单位>=90%,93472.18000793457,3,0.9071616816649068,0.9922971733414275,1.0,个,0.9071616816649068,盒,0.0851354916765207,瓶,0.007702826658572437,,,,
108031107,锇,A 首要单位>=90%,92567.138671875,1,1.0,1.0,1.0,个,1.0,,,,,,,,
108041116,钯丝,A 首要单位>=90%,63152.890625,2,0.9912909766353233,1.0,1.0,千米,0.9912909766353233,个,0.008709023364676745,,,,,,
109032402,无动力航空器,A 首要单位>=90%,60317.0,1,1.0,1.0,1.0,个,1.0,,,,,,,,
301050301,无运输工具承运水路旅客运输服务,A 首要单位>=90%,53712.0,2,0.9389708072683944,1.0,1.0,千克,0.9389708072683944,次,0.0610291927316056,,,,,,
108032407,铪加工材,A 首要单位>=90%,49148.0,1,1.0,1.0,1.0,套,1.0,,,,,,,,
405010200,收回土地使用权,A 首要单位>=90%,48997.0,1,1.0,1.0,1.0,UNKNOWN,1.0,,,,,,,,
106051109,养生水氧吧,A 首要单位>=90%,35829.9501953125,3,0.9444319629486821,0.992380675984425,1.0,个,0.9444319629486821,UNKNOWN,0.04794871303574292,桶,0.007619324015574981,,,,
106051102,排汗活动机,A 首要单位>=90%,24504.0,1,1.0,1.0,1.0,个,1.0,,,,,,,,
107040404,维纶纤维加工丝,A 首要单位>=90%,20800.0,2,0.9615384615384616,1.0,1.0,千克,0.9615384615384616,卷,0.038461538461538464,,,,,,
109021807,养蚕机械,A 首要单位>=90%,18037.4296875,2,0.9950103755601958,1.0,1.0,个,0.9950103755601958,套,0.004989624439804209,,,,,,
301059901,其他无运输工具承运旅客运输业务,A 首要单位>=90%,10000.0,1,1.0,1.0,1.0,UNKNOWN,1.0,,,,,,,,
109042205,固体燃料家用器具,A 首要单位>=90%,6154.5,4,0.900804289544236,0.970996831586644,0.99439434560078,个,0.900804289544236,罐,0.07019254204240799,箱,0.023397514014136,盒,0.005605654399220083,,
108032410,钴加工材,A 首要单位>=90%,4180.0,1,1.0,1.0,1.0,千克,1.0,,,,,,,,
102050518,砷矿石,A 首要单位>=90%,4179.850006103516,1,1.0,1.0,1.0,瓶,1.0,,,,,,,,
101030402,野生鸟类,A 首要单位>=90%,3363.5,1,1.0,1.0,1.0,千克,1.0,,,,,,,,
109031803,机动渔船,A 首要单位>=90%,2760.0,1,1.0,1.0,1.0,个,1.0,,,,,,,,
110030204,人造雪,A 首要单位>=90%,1801.1199703216553,2,0.9903393444605343,1.0,1.0,个,0.9903393444605343,盒,0.00966065553946574,,,,,,
301060100,旅客联运服务,A 首要单位>=90%,801.1699999570847,2,0.9985396358361555,1.0,1.0,OTHER,0.9985396358361555,UNKNOWN,0.0014603641638445373,,,,,,
101030107,骆驼,A 首要单位>=90%,764.3600001335144,1,1.0,1.0,1.0,个,1.0,,,,,,,,
109021604,醋化机械设备（制醋用）,A 首要单位>=90%,764.1999893188477,1,1.0,1.0,1.0,个,1.0,,,,,,,,
109032403,航空器发射、甲板停机装置及地面飞行训练装置,A 首要单位>=90%,580.0,1,1.0,1.0,1.0,个,1.0,,,,,,,,
109032303,海洋石油浮动工程结构物,A 首要单位>=90%,480.0,1,1.0,1.0,1.0,个,1.0,,,,,,,,
306040100,股票转让,A 首要单位>=90%,80.0,1,1.0,1.0,1.0,UNKNOWN,1.0,,,,,,,,
