product_id,product_name,class,v_prod,n_units,top1,top2,top3,unit1,share1,unit2,share2,unit3,share3,unit4,share4,unit5,share5
109050501,移动通信手持机（手机）,A 首要单位>=90%,292140941134.1606,24,0.9789244874246014,0.9893823810787427,0.9958894448068184,个,0.9789244874246014,UNKNOWN,0.010457893654141293,OTHER,0.006507063728075722,套,0.0030690025153929427,批,0.0007699078627487156
108030100,铜,A 首要单位>=90%,283599989390.9602,20,0.9963107967103706,0.9976526150999524,0.9986601174224088,千克,0.9963107967103706,UNKNOWN,0.0013418183895818215,个,0.00100750232245639,OTHER,0.0009252870536544681,千米,0.00020916074259165948
102010100,原煤,A 首要单位>=90%,201555569626.3102,22,0.9753598813084264,0.9990673468408314,0.9996654856197474,千克,0.9753598813084264,UNKNOWN,0.023707465532404992,OTHER,0.000598138778916,个,0.00019539708633712228,套,2.8373702947544263e-05
108020705,钢筋,A 首要单位>=90%,162344393099.9404,22,0.9889448252670167,0.9967287933753706,0.9979496694758343,千克,0.9889448252670167,OTHER,0.007783968108353856,批,0.0012208761004636923,UNKNOWN,0.0012113900526206228,个,0.00025075813320475545
109050901,电子计算机整机,A 首要单位>=90%,140300013139.94092,26,0.9397313679688256,0.9870698927810466,0.9974498522404047,个,0.9397313679688256,套,0.04733852481222095,UNKNOWN,0.01037995945935814,包,0.0009378294902136557,批,0.0006660974075375582
108020799,其他钢材,A 首要单位>=90%,121835306236.2899,25,0.9582796503295858,0.9749632616793849,0.9888989762205963,千克,0.9582796503295858,个,0.01668361134979899,UNKNOWN,0.013935714541211407,千米,0.005178237430014206,套,0.0018507398280157704
108020708,热轧薄板,A 首要单位>=90%,121064770548.5402,17,0.996100056198837,0.9991775532469201,0.9994825104737229,千克,0.996100056198837,个,0.00307749704808318,OTHER,0.00030495722680279916,平方米,0.0001479404054445298,套,0.00011575566200227668
107021301,初级形态塑料,A 首要单位>=90%,87856905281.81995,24,0.9911381190277242,0.9939288194026523,0.9962785491820908,千克,0.9911381190277242,平方米,0.00279070037492813,个,0.002349729779438499,立方米,0.0009204056137717501,UNKNOWN,0.0008074809894843866
107010101,汽油,A 首要单位>=90%,78382839198.1999,23,0.9069104320772351,0.9914659953981948,0.9970786700217507,千克,0.9069104320772351,立方米,0.08455556332095969,OTHER,0.005612674623555911,UNKNOWN,0.0016626097965202675,个,0.0004930620376263118
107010104,燃料油,A 首要单位>=90%,75052360673.92024,20,0.9921350427321719,0.9955590405318746,0.9984070801941937,千克,0.9921350427321719,OTHER,0.0034239977997027487,UNKNOWN,0.0028480396623190582,立方米,0.0014542482662764057,个,4.444685670172615e-05
109052201,视频设备,A 首要单位>=90%,71918370640.01054,21,0.9653065825090889,0.9883400580484859,0.9984454424149899,个,0.9653065825090889,UNKNOWN,0.02303347553939701,套,0.010105384366503961,OTHER,0.0005868152850854662,元,0.00037955090176659205
102030100,铁矿石,A 首要单位>=90%,68291575960.57999,21,0.9867721078668408,0.9939071261215265,0.9989478030588798,千克,0.9867721078668408,OTHER,0.0071350182546857975,UNKNOWN,0.005040676937353204,个,0.0006503317361666403,套,0.00014951909260219805
108020707,钢板,A 首要单位>=90%,63409691190.25007,24,0.9657108303625627,0.9865937858019295,0.9904433334797067,千克,0.9657108303625627,个,0.020882955439366756,平方米,0.003849547677777255,UNKNOWN,0.0027580672880944575,千米,0.002400913509943238
108010102,水泥,A 首要单位>=90%,63371760181.35006,23,0.9920787219666382,0.994968708863734,0.9974300318409346,千克,0.9920787219666382,UNKNOWN,0.0028899868970958154,立方米,0.0024613229772005533,个,0.0007317626240346616,批,0.0005194774521931019
108030602,原铝（电解铝）,A 首要单位>=90%,63325831414.39005,18,0.9712537823770863,0.9882927428815166,0.9926651844562367,千克,0.9712537823770863,UNKNOWN,0.01703896050443032,OTHER,0.0043724415747201754,个,0.0020673027468574444,千瓦时,0.001956958714036548
108020710,钢带,A 首要单位>=90%,60708896251.39003,21,0.9904489223091957,0.9947602325657053,0.9981930302480586,千克,0.9904489223091957,OTHER,0.004311310256509681,个,0.0034327976823533245,千米,0.000603752053376539,UNKNOWN,0.000594346919611042
108030202,锌,A 首要单位>=90%,51893247304.87995,16,0.9897698472095795,0.9947642337826015,0.999356334337804,千克,0.9897698472095795,OTHER,0.004994386573021951,UNKNOWN,0.004592100555202511,个,0.0004066182568230939,套,0.00011950226016048209
108010301,商品混凝土,A 首要单位>=90%,51469730924.85985,24,0.9182049544794377,0.9634348819911743,0.9793930733345311,立方米,0.9182049544794377,UNKNOWN,0.045229927511736635,千克,0.015958191343356756,OTHER,0.00983409804276878,批,0.008082565046771377
107021303,合成纤维单体,A 首要单位>=90%,49014488778.459755,17,0.9947697653987844,0.9989520997203062,0.9995081657550493,千克,0.9947697653987844,UNKNOWN,0.004182334321521854,OTHER,0.0005560660347431349,个,0.000300419349400031,平方米,6.622003903112004e-05
108020600,轧制、锻造钢坯,A 首要单位>=90%,48062472818.02998,20,0.9867440619657216,0.9969927460275041,0.9983851041600822,千克,0.9867440619657216,个,0.010248684061782523,套,0.0013923581325781436,UNKNOWN,0.001090693714792276,千米,0.00015133252709526585
107010301,焦炭,A 首要单位>=90%,46611220360.13998,15,0.99668404740992,0.9998842737221142,0.9999581208767994,千克,0.99668404740992,UNKNOWN,0.0032002263121941577,箱,7.384715468517424e-05,个,1.977654721068607e-05,立方米,1.0644714216156814e-05
102020101,天然原油,A 首要单位>=90%,44062552012.559975,22,0.9965209394375001,0.9987867962390203,0.9991697641203449,千克,0.9965209394375001,立方米,0.0022658568015202765,OTHER,0.00038296788132448465,桶,0.0003540280609610042,UNKNOWN,0.00015548085135983872
107020202,环烃,A 首要单位>=90%,43202547839.05003,19,0.9976365873343769,0.9992862618483781,0.999667160022053,千克,0.9976365873343769,OTHER,0.001649674514001235,UNKNOWN,0.0003808981736749774,桶,0.00011376491100271351,瓶,0.00010070247167384801
107010199,其他石油制品,A 首要单位>=90%,38944450304.450096,25,0.9754980465098269,0.9823851806214451,0.986350475369805,千克,0.9754980465098269,桶,0.006887134111618247,立方米,0.003965294748359929,个,0.0038401483767485914,UNKNOWN,0.003483441276984678
108031501,铜材,A 首要单位>=90%,38883953471.50988,22,0.9744027964540882,0.9923328550123269,0.9947075412269798,千克,0.9744027964540882,个,0.01793005855823868,千米,0.0023746862146529183,UNKNOWN,0.002363208469975361,OTHER,0.0007022505360728608
108020709,冷轧薄板,A 首要单位>=90%,38696107494.99013,17,0.9640993722960414,0.9954656935098003,0.9977092018784712,千克,0.9640993722960414,个,0.031366321213758964,UNKNOWN,0.002243508368670924,OTHER,0.0006227814012848723,套,0.0005378070833789767
108020706,线材（盘条）,A 首要单位>=90%,37622651714.6,18,0.992638272001372,0.9968511362644322,0.9978340788278787,千克,0.992638272001372,个,0.004212864263060234,千米,0.0009829425634463999,UNKNOWN,0.000688165501102964,OTHER,0.00046884618617020174
107060201,塑料粒料,A 首要单位>=90%,36972493127.35,23,0.9922926198506965,0.9955397206803993,0.9967064934915109,千克,0.9922926198506965,个,0.0032471008297028175,OTHER,0.0011667728111115334,套,0.0009850502165097135,UNKNOWN,0.0006737887903364537
108020704,棒材,A 首要单位>=90%,33964884141.2398,21,0.9877135276256306,0.9933876411779863,0.9981328221004293,千克,0.9877135276256306,个,0.005674113552355704,UNKNOWN,0.004745180922443062,套,0.000491267320406968,OTHER,0.00044582751929997464
107020209,无环醇及其衍生物,A 首要单位>=90%,33954145288.89002,13,0.9976326589747408,0.999381347639551,0.999674697889285,千克,0.9976326589747408,UNKNOWN,0.0017486886648101843,立方米,0.00029335024973398805,桶,0.00012180513497871065,瓶,0.00011242078743325025
107020217,醚醇,A 首要单位>=90%,33843080521.06003,11,0.9957048221130596,0.9987806323418366,0.9997889183472658,千克,0.9957048221130596,UNKNOWN,0.0030758102287769973,OTHER,0.0010082860054292475,立方米,6.908938087196216e-05,罐,5.3352008215576155e-05
108031101,黄金,A 首要单位>=90%,30808027103.96001,13,0.9868290265179673,0.9971355677735476,0.998684738813905,千克,0.9868290265179673,个,0.010306541255580304,UNKNOWN,0.001549171040357377,OTHER,0.0007892262554804966,套,0.0005090243028896926
107029999,其他未列明化学制品,A 首要单位>=90%,30247145997.91998,25,0.9327151950035236,0.9447484441601558,0.9559307741433964,千克,0.9327151950035236,立方米,0.012033249156632151,个,0.011182329983240702,桶,0.007711857033587259,箱,0.0074735759081384105
102020200,天然气,A 首要单位>=90%,29543074402.83998,19,0.9366763779077047,0.9593240319574025,0.9808314678865798,立方米,0.9366763779077047,千瓦时,0.02264765404969772,千克,0.021507435929177348,UNKNOWN,0.012932887864685843,OTHER,0.005060851580349647
109041401,家用冷藏冷冻箱,A 首要单位>=90%,27595640938.74002,16,0.9959813693370565,0.9978086761606937,0.9994843693160965,个,0.9959813693370565,UNKNOWN,0.0018273068236371367,OTHER,0.0016756931554028015,套,0.00021170829309488572,项,0.0001569698130808401
102030200,锰矿石,A 首要单位>=90%,27565438022.439938,19,0.9860992129365742,0.9967161094873113,0.9992807284493771,千克,0.9860992129365742,UNKNOWN,0.010616896550737104,OTHER,0.002564618962065834,立方米,0.00030629060358579676,个,0.0002932493277784849
109041801,家用洗衣机,A 首要单位>=90%,27207985040.31,14,0.9703691882476565,0.9948285707805433,0.9987836109138194,个,0.9703691882476565,UNKNOWN,0.024459382532886844,OTHER,0.003955040133276033,千克,0.0007857841206662324,批,0.0002455130683181194
103040201,甲类卷烟,A 首要单位>=90%,26813532571.10001,18,0.9942218404874787,0.9975021277016596,0.99847276229339,个,0.9942218404874787,UNKNOWN,0.003280287214180806,批,0.0009706345917304208,箱,0.0005572755410119015,OTHER,0.0004032576804763928
104010102,纱,A 首要单位>=90%,25806407825.50997,24,0.9682179914889494,0.985656335226397,0.9958625816842879,千克,0.9682179914889494,个,0.01743834373744758,千米,0.010206246457890937,UNKNOWN,0.0013985157354726413,OTHER,0.0008487732821283176
301010201,铁路货物运输服务,A 首要单位>=90%,25614350361.30997,18,0.9277182583796236,0.9850584037700956,0.9918985650230098,UNKNOWN,0.9277182583796236,千克,0.05734014539047193,个,0.00684016125291415,次,0.00150406137991273,车,0.0013560765192181736
107010111,石油气，相关烃类气石油气,A 首要单位>=90%,25330993070.41,20,0.9876471043993328,0.9923202629869556,0.9964248100977222,千克,0.9876471043993328,瓶,0.004673158587622795,UNKNOWN,0.004104547110766595,OTHER,0.0014183373498281278,立方米,0.0012238280095782374
108031401,常用有色金属合金,A 首要单位>=90%,24170255973.97004,21,0.924734637037392,0.9702372942067836,0.9784476750907807,千克,0.924734637037392,个,0.04550265716939164,千米,0.00821038088399709,OTHER,0.007479885863215563,平方米,0.006560836842223695
102019900,其他煤炭采选产品（低热值燃料）,A 首要单位>=90%,21678729616.52002,22,0.9823209222362393,0.9979527560818795,0.9991287539853992,千克,0.9823209222362393,UNKNOWN,0.015631833845640195,个,0.0011759979035197935,套,0.00046088413651260195,车,8.766657611485437e-05
108020711,板带,A 首要单位>=90%,21244987677.420002,17,0.9898896567905148,0.9959955402873487,0.9978174181329705,千克,0.9898896567905148,个,0.006105883496833978,千米,0.001821877845621816,平方米,0.0013182201145621473,套,0.00031159519885416633
101010401,大豆,A 首要单位>=90%,21122452110.54999,20,0.9961868190507213,0.9970958310863272,0.9978755199909962,千克,0.9961868190507213,UNKNOWN,0.0009090120356059386,个,0.0007796889046690885,袋,0.0007616665245965649,桶,0.00037091611281659997
109061803,其他表,A 首要单位>=90%,20658180056.010174,18,0.976531573430209,0.9910504063480554,0.9973156735564482,个,0.976531573430209,批,0.014518832917846424,UNKNOWN,0.006265267208392844,套,0.0011469175782068384,盒,0.0005956764287384493
101010103,玉米,A 首要单位>=90%,20530782071.93997,26,0.983418053345114,0.9884089206204548,0.9923774883824865,千克,0.983418053345114,UNKNOWN,0.00499086727534086,个,0.003968567762031731,千米,0.0014049179577733692,OTHER,0.0012675588474326924
108020800,铁合金,A 首要单位>=90%,20492183072.82001,16,0.9808758586741403,0.9896283194838376,0.9941550163257683,千克,0.9808758586741403,OTHER,0.008752460809697323,UNKNOWN,0.0045266968419306955,个,0.003687404042384513,套,0.0014702812947226804
108020712,无缝钢管,A 首要单位>=90%,20264099647.45996,20,0.9306044825062697,0.9660961106023717,0.9911404534633491,千克,0.9306044825062697,千米,0.035491628096101985,个,0.0250443428609775,套,0.0029830668789460426,批,0.002531832291223013
109051104,外存储设备及部件,A 首要单位>=90%,19513068761.43968,24,0.9384622526476761,0.9886424285180632,0.9933665350523548,个,0.9384622526476761,套,0.05018017587038707,UNKNOWN,0.004724106534291678,OTHER,0.0030639654408509804,批,0.0028069160099633114
108030300,镍,A 首要单位>=90%,19171628371.71999,15,0.9896102642896093,0.9987099559510302,0.9993538631555017,千克,0.9896102642896093,UNKNOWN,0.009099691661420863,OTHER,0.0006439072044714628,个,0.0004537751567745161,平方米,0.00015967180985604335
107020201,无环烃,A 首要单位>=90%,18555592583.82,17,0.9957311540317462,0.9977496157645532,0.9986826511290555,千克,0.9957311540317462,瓶,0.0020184617328071063,平方米,0.000933035364502264,UNKNOWN,0.00042908734140577277,OTHER,0.00022335184399412998
107010102,煤油,A 首要单位>=90%,18294172492.95,19,0.9944814838370576,0.9987155149674545,0.999443929560415,千克,0.9944814838370576,OTHER,0.004234031130396847,立方米,0.0007284145929604262,个,0.0002782347620238934,桶,0.00012148627060647204
108030201,铅,A 首要单位>=90%,17504486720.03,16,0.9988872279798007,0.9993463949498783,0.9997399051818646,千克,0.9988872279798007,个,0.0004591669700776136,UNKNOWN,0.00039351023198629353,套,0.00014075268126432545,平方米,8.525708601854065e-05
108020900,废旧物资冶炼、提纯金属及合金,A 首要单位>=90%,16267242669.01998,16,0.9575770121254621,0.9916795730448057,0.9966580482847572,千克,0.9575770121254621,UNKNOWN,0.03410256091934363,个,0.004978475239951591,批,0.0030696536103870836,套,8.961420073828798e-05
102060000,其他矿产品,A 首要单位>=90%,15196861054.339972,24,0.9380677386767831,0.9589874876600252,0.9741364681209773,千克,0.9380677386767831,立方米,0.020919748983242094,个,0.01514898046095209,UNKNOWN,0.008371194329875719,平方米,0.005721175790126098
107040302,涤纶纤维,A 首要单位>=90%,13759400843.62001,16,0.9796816928355111,0.9922199529705804,0.9956189233590101,千克,0.9796816928355111,千米,0.012538260135069325,OTHER,0.00339897038842977,个,0.0015112132284191375,UNKNOWN,0.001217900530005286
108031102,白银（银锭）,A 首要单位>=90%,13667540349.26001,10,0.9968218792942981,0.9987807108723186,0.9998220605860416,千克,0.9968218792942981,个,0.0019588315780205124,UNKNOWN,0.0010413497137230394,套,0.00014633161994713145,OTHER,2.7216528394601736e-05
101010500,棉花,A 首要单位>=90%,13393931209.88,24,0.9838678136691777,0.9892596708796081,0.993917923922895,千克,0.9838678136691777,个,0.005391857210430382,千米,0.004658253043286983,UNKNOWN,0.004193653673431345,OTHER,0.000848365717424183
106010202,涂布类印刷用纸,A 首要单位>=90%,13357967377.209991,26,0.9440203792610111,0.9629115434077756,0.9791751882539704,千克,0.9440203792610111,令,0.018891164146764543,个,0.01626364484619484,平方米,0.010466570482013098,卷,0.003732306181182872
109030503,载货汽车,A 首要单位>=90%,13035828779.48,22,0.9885908527669437,0.9968992040894532,0.9983909095252143,个,0.9885908527669437,UNKNOWN,0.008308351322509495,千克,0.001491705435761,批,0.0005155783720157223,套,0.0002681989974817285
108020703,中小型型钢,A 首要单位>=90%,12872857485.58996,21,0.964880312385492,0.9888259107388535,0.9930336798499956,千克,0.964880312385492,个,0.023945598353361474,千米,0.004207769111142115,批,0.0020552285807262237,OTHER,0.001781744703200125
109051003,网络连接设备,A 首要单位>=90%,12770053393.29999,21,0.9115087648346959,0.9789438504782544,0.9861723831669612,个,0.9115087648346959,套,0.06743508564355853,UNKNOWN,0.007228532688706784,批,0.005198925545200373,箱,0.0028226098309746704
107020213,羧酸及其衍生物,A 首要单位>=90%,12724312322.98,17,0.9982232318685569,0.999351103883619,0.9996054602109276,千克,0.9982232318685569,UNKNOWN,0.0011278720150621816,瓶,0.0002543563273085407,OTHER,0.000155883806499923,立方米,6.569688473382452e-05
109041602,家用吸排油烟机,A 首要单位>=90%,12459062352.960028,14,0.9697347633796518,0.986036352789528,0.9971748750449397,个,0.9697347633796518,批,0.016301589409876166,UNKNOWN,0.011138522255411825,套,0.002329226080412497,OTHER,0.0003909213985788312
107020402,氮肥,A 首要单位>=90%,12197116490.62001,13,0.9961753241328903,0.9991628024838615,0.9996312792483816,千克,0.9961753241328903,UNKNOWN,0.00298747835097111,包,0.00046847676452006564,瓶,0.00011366688930668116,袋,0.00010309581948873225
109042201,家用燃气用具,A 首要单位>=90%,11967441991.610031,18,0.9507934251018026,0.981477338756653,0.9912349084329352,个,0.9507934251018026,UNKNOWN,0.03068391365485031,OTHER,0.009757569676282175,套,0.008035853622471749,立方米,0.00025481923389626
109041701,家用电热烹调器具,A 首要单位>=90%,11890976587.620039,20,0.9548145642091851,0.9752666991720271,0.9896092718693403,个,0.9548145642091851,OTHER,0.020452134962842036,UNKNOWN,0.01434257269731317,套,0.009152771086380823,批,0.001026257142134568
108020702,大型型钢,A 首要单位>=90%,11870347557.01999,17,0.9794893856864354,0.9889434557918749,0.9944440466125191,千克,0.9794893856864354,个,0.009454070105439534,OTHER,0.00550059082064416,UNKNOWN,0.0023626293236388317,千米,0.0010135545359735364
107020403,磷肥,A 首要单位>=90%,11830515543.79999,10,0.9984393236920537,0.999986725703591,0.999991151622293,千克,0.9984393236920537,UNKNOWN,0.001547402011537351,包,4.425918702033297e-06,批,2.3951618925728075e-06,个,1.8277538218807457e-06
109051101,终端显示设备,A 首要单位>=90%,11398094781.96002,20,0.933893572277311,0.9828932357696653,0.993222139377866,个,0.933893572277311,套,0.048999663492354247,平方米,0.010328903608200662,UNKNOWN,0.002758069586309763,千克,0.0016653322614971198
108031201,稀有金属,A 首要单位>=90%,10728719593.02,19,0.9202966757080379,0.975383425375212,0.9879377486066282,千克,0.9202966757080379,OTHER,0.055086749667174216,UNKNOWN,0.012554323231416092,个,0.011618923874299053,套,0.0001865794489868413
107010113,油类残渣,A 首要单位>=90%,10494732877.029999,14,0.9977219229874514,0.9996226869767532,0.9997500872179662,千克,0.9977219229874514,UNKNOWN,0.0019007639893017716,立方米,0.00012740024121303588,个,0.00011570291633221995,平方米,5.298153716870546e-05
109050599,其他移动通信终端设备,A 首要单位>=90%,10409203827.119991,21,0.9443566038729156,0.9748260364181474,0.9916293359283649,个,0.9443566038729156,套,0.030469432545231667,UNKNOWN,0.01680329951021756,批,0.005757647620834616,OTHER,0.0011434779688902698
109041799,其他家用厨房电器具,A 首要单位>=90%,9970058931.669981,24,0.9612299877393748,0.9872665438318793,0.9918969580577526,个,0.9612299877393748,套,0.026036556092504392,批,0.004630414225873318,箱,0.0033264233789684267,UNKNOWN,0.002559532689314371
109041805,家用电清洁器具,A 首要单位>=90%,9608025684.790024,21,0.9847469559170727,0.9929053819227494,0.9977496679672466,个,0.9847469559170727,套,0.008158426005676638,UNKNOWN,0.0048442860444972745,批,0.0013931228453301667,OTHER,0.00045644760993328293
107020216,醚,A 首要单位>=90%,9567260851.240002,13,0.9953901276012262,0.9974534610157679,0.9988972632936383,千克,0.9953901276012262,UNKNOWN,0.0020633334145416828,个,0.0014438022778703356,OTHER,0.0004456424421047747,立方米,0.0002036877033354251
103010602,成品糖,A 首要单位>=90%,9462718556.209988,20,0.9780094639406307,0.9871429430287604,0.9907742934240915,千克,0.9780094639406307,袋,0.009133479088129627,个,0.003631350395331091,箱,0.0026226583114123494,包,0.002077914340704571
102040101,铜矿石,A 首要单位>=90%,9171853771.660011,21,0.9864596381852779,0.9904003767022482,0.9933443961886288,千克,0.9864596381852779,立方米,0.003940738516970319,副,0.0029440194863805482,个,0.002203264397044847,OTHER,0.0016904317443336063
104020401,皮革鞋靴,A 首要单位>=90%,8813913618.53999,23,0.9682546717134325,0.9845296434193341,0.9926569115331627,个,0.9682546717134325,OTHER,0.01627497170590169,平方米,0.008127268113828632,UNKNOWN,0.0032979144337036284,千米,0.00235750088545138
102030300,铬矿石,A 首要单位>=90%,8638264329.86999,16,0.9910151955790906,0.9972607302258419,0.9990209728485898,千克,0.9910151955790906,OTHER,0.006245534646751425,UNKNOWN,0.0017602426227479023,个,0.00038693155040907446,批,0.00033140847636496055
101020201,原木,A 首要单位>=90%,8553374738.919995,15,0.9564477741113169,0.9789796153988336,0.992378240488709,立方米,0.9564477741113169,千克,0.02253184128751671,UNKNOWN,0.013398625089875424,个,0.005681151434753537,平方米,0.000780361185349257
108010101,硅酸盐水泥熟料,A 首要单位>=90%,8519048328.519999,20,0.9800994396495631,0.9926859234955384,0.9957199325354297,千克,0.9800994396495631,UNKNOWN,0.012586483845975318,千米,0.003034009039891236,个,0.0012294310533415603,OTHER,0.0008708140855551181
109011800,气体压缩机,A 首要单位>=90%,8273294069.530001,24,0.9153722038820536,0.9809218485208557,0.9880488937249131,个,0.9153722038820536,套,0.06554964463880204,UNKNOWN,0.007127045204057361,桶,0.0029959049891971354,千克,0.0028980779250074567
107021302,合成橡胶,A 首要单位>=90%,8143343150.030002,21,0.923242727610257,0.9749796971199415,0.9832232529155428,千克,0.923242727610257,个,0.05173696950968442,千米,0.008243555795601307,套,0.0033531867768459935,OTHER,0.0032656835196613375
103040202,乙类卷烟,A 首要单位>=90%,8024724471.1699915,16,0.9991234942302044,0.9997115224879911,0.999834829367069,个,0.9991234942302044,UNKNOWN,0.0005880282577866517,OTHER,0.00012330687907789712,份,7.499184703001525e-05,包,4.0371970547266046e-05
102040102,铅锌矿石,A 首要单位>=90%,7967860950.630019,19,0.9751235524354466,0.9952563290155042,0.9986653059314294,千克,0.9751235524354466,OTHER,0.02013277658005766,UNKNOWN,0.003408976915925256,个,0.0009442588728164362,套,0.0001895835355762024
107020105,烧碱,A 首要单位>=90%,7948395033.410002,15,0.9969876238121839,0.9980742453406429,0.9987182431752352,千克,0.9969876238121839,UNKNOWN,0.0010866215284590125,OTHER,0.0006439978345922707,立方米,0.0006241015436636914,瓶,0.0003274949557814369
109052100,印制电路板,A 首要单位>=90%,7943784217.729971,22,0.9191734716878452,0.9520591438813243,0.9655454808592205,个,0.9191734716878452,套,0.03288567219347902,平方米,0.013486336977896207,批,0.010002603153878999,千克,0.0093151603343961
109020301,挖掘、铲土运输机械,A 首要单位>=90%,7882207276.920007,24,0.9710881210004099,0.9831891372004394,0.9906853376369609,个,0.9710881210004099,套,0.012101016200029579,UNKNOWN,0.0074962004365214125,千克,0.003407705090254326,OTHER,0.0028722920718277064
107020102,非金属无机氧化物,A 首要单位>=90%,7627823377.260002,21,0.9877135412220748,0.9921927337597333,0.9944614433462178,千克,0.9877135412220748,千瓦时,0.004479192537658492,UNKNOWN,0.002268709586484455,批,0.001561633450442959,个,0.0014259127410350444
109041804,电热水器,A 首要单位>=90%,7484409170.630048,20,0.9720487179040228,0.9883164660460916,0.996769899357605,个,0.9720487179040228,UNKNOWN,0.016267748142068727,套,0.008453433311513344,批,0.001984387522301876,OTHER,0.0009906105733895729
109012001,液压元件,A 首要单位>=90%,7472893069.560015,21,0.9101658140574028,0.9788120210531365,0.9846094280622737,个,0.9101658140574028,套,0.06864620699573361,千克,0.005797407009137191,OTHER,0.00461818740596966,UNKNOWN,0.0041576106884972834
108013001,沥青混合物,A 首要单位>=90%,7461293335.749996,16,0.9575263735414921,0.9744098403348985,0.9869016503249197,千克,0.9575263735414921,立方米,0.016883466793406462,UNKNOWN,0.012491809990021144,平方米,0.008435383625575351,OTHER,0.0028901382226426573
108020500,粗钢,A 首要单位>=90%,7457666546.350006,17,0.9873989367550907,0.9966661327808805,0.9977969022900277,千克,0.9873989367550907,个,0.009267196025789758,套,0.0011307695091472417,UNKNOWN,0.0008655705977038257,千米,0.0006838125650034476
109051201,微机板卡,A 首要单位>=90%,7258704033.679978,17,0.957977473031731,0.9974694340539619,0.9989517238001862,个,0.957977473031731,套,0.03949196102223091,UNKNOWN,0.0014822897462241902,千克,0.0004872653222378147,批,0.0003542214241095697
108031502,铜盘条（电工用铜线坯）,A 首要单位>=90%,7191513609.710003,10,0.99511050294996,0.9987040254644841,0.9991552691464287,千克,0.99511050294996,笔,0.0035935225145241867,批,0.00045124368194456624,千米,0.0003533910839810651,个,0.00033669950881142
108031099,其他常用有色金属,A 首要单位>=90%,7128469148.2599945,21,0.9350903955356329,0.9671116888136878,0.9917098962342532,千克,0.9350903955356329,UNKNOWN,0.03202129327805497,个,0.024598207420565343,OTHER,0.0041434223583908724,平方米,0.001888083631993452
110020202,民用天然气,A 首要单位>=90%,6885991553.339996,15,0.9382483629879346,0.9580388075817708,0.9743249160951635,立方米,0.9382483629879346,OTHER,0.01979044459383632,UNKNOWN,0.016286108513392593,千克,0.015929717646370738,千瓦时,0.008919870681544425
109051103,输出设备及装置,A 首要单位>=90%,6800406718.279979,22,0.9463707398235964,0.984230414607154,0.9930969262729813,个,0.9463707398235964,套,0.037859674783557555,千克,0.008866511665827333,UNKNOWN,0.0033242381443499545,OTHER,0.0006553586123047698
108020100,生铁,A 首要单位>=90%,6739954774.710002,18,0.9612177430402347,0.9841435587964166,0.9883084198078479,千克,0.9612177430402347,个,0.022925815756181883,套,0.004164861011431312,UNKNOWN,0.0033015706252951006,千米,0.0026319137060920785
107020106,纯碱类,A 首要单位>=90%,6685283848.82,17,0.9881178725935443,0.9980336424544906,0.9986458356406815,千克,0.9881178725935443,UNKNOWN,0.009915769860946236,瓶,0.0006121931861909479,袋,0.0003873935899456421,个,0.00037533729857153306
107021506,特种纤维及高功能化工产品,A 首要单位>=90%,6602193011.829996,19,0.9809704054448455,0.9868071253576005,0.9926350257160202,千克,0.9809704054448455,个,0.005836719912754994,平方米,0.005827900358419689,套,0.0024858602468289374,OTHER,0.0013701680735160146
109041901,家用理发、吹风电器具,A 首要单位>=90%,6549950053.200013,14,0.9791710423618643,0.9865715711760219,0.9923454043125863,个,0.9791710423618643,箱,0.00740052881415763,UNKNOWN,0.005773833136564482,套,0.0031867991023537957,副,0.0017899914983736409
104020499,其他鞋,A 首要单位>=90%,6459271558.939988,22,0.9670394873713998,0.9863459209919836,0.9904941894407554,个,0.9670394873713998,UNKNOWN,0.01930643362058383,千米,0.004148268448771832,OTHER,0.00393026086894636,批,0.002214395039670276
107020301,活性炭、硫磺、磷,A 首要单位>=90%,6316203994.58,20,0.9761112902433999,0.9833246938017867,0.9878829132488953,千克,0.9761112902433999,箱,0.007213403558386755,UNKNOWN,0.004558219447108667,个,0.0042761846962474466,套,0.0028507511276474086
107021304,合成纤维聚合物,A 首要单位>=90%,6155545606.570002,20,0.964591645780779,0.9765916481463143,0.9864695793966493,千克,0.964591645780779,OTHER,0.012000002365535228,个,0.009877931250334981,千米,0.006394341701893844,立方米,0.0025228311692508613
107020112,金属氧化物酸盐、金属过氧化物酸盐,A 首要单位>=90%,5853202871.170001,14,0.9983310795499477,0.9988973744047401,0.9994311981536811,千克,0.9983310795499477,个,0.0005662948547924556,OTHER,0.0005338237489409668,瓶,0.00030172257973470586,桶,0.00011827883216041914
107010105,石脑油,A 首要单位>=90%,5659420100.72,16,0.9959020843094772,0.997367474100729,0.9988244158939263,千克,0.9959020843094772,个,0.0014653897912517433,立方米,0.001456941793197328,桶,0.0005027111664034356,OTHER,0.0003710233314775242
108012701,石墨制品,A 首要单位>=90%,5640047406.059998,18,0.9385359156471755,0.9851347213908315,0.9898232256579388,千克,0.9385359156471755,个,0.04659880574365589,套,0.004688504267107343,OTHER,0.003972114222999082,平方米,0.002062870926846999
101011800,中草药材,A 首要单位>=90%,5614807908.290004,17,0.9123893431948567,0.957373418809818,0.9724676950743485,千克,0.9123893431948567,UNKNOWN,0.04498407561496128,盒,0.015094276264530505,袋,0.010312337849441062,OTHER,0.005306756194812466
107021801,感光胶片,A 首要单位>=90%,5593497422.249992,22,0.905500047308974,0.9600753915677733,0.9740951347803224,盒,0.905500047308974,个,0.054575344258799285,卷,0.014019743212549066,平方米,0.012750569617910238,箱,0.004078148896477759
107021404,塑料助剂,A 首要单位>=90%,5514205379.889996,21,0.9908810209421319,0.994391010365193,0.9954679923745425,千克,0.9908810209421319,个,0.0035099894230610114,桶,0.0010769820093495452,UNKNOWN,0.0010409839413914816,OTHER,0.0007176754486571093
109051901,电容器,A 首要单位>=90%,5502598200.429985,20,0.9460870659397196,0.9650227313280916,0.9756501547524351,个,0.9460870659397196,平方米,0.018935665388371978,OTHER,0.010627423424343497,千克,0.010368396286965263,UNKNOWN,0.0072706089201413525
106010101,木浆,A 首要单位>=90%,5383324613.069992,23,0.9323616281997993,0.9735009393463554,0.9844047027154615,千克,0.9323616281997993,OTHER,0.04113931114655608,个,0.010903763369106124,千米,0.0036081530831043457,令,0.002629584354922858
107020215,含氮基化合物,A 首要单位>=90%,5373005020.28,16,0.9956063472524412,0.9974534098017115,0.9987338995786672,千克,0.9956063472524412,套,0.0018470625492702077,UNKNOWN,0.001280489776955664,瓶,0.0004292637753537418,OTHER,0.00037148395217691135
107020101,无机酸类,A 首要单位>=90%,5315569886.309997,22,0.9814890010244404,0.9883714087779759,0.9921663811988923,千克,0.9814890010244404,立方米,0.006882407753535549,瓶,0.0037949724209163714,OTHER,0.00326017547330754,UNKNOWN,0.0015794317090294353
109010801,加工中心,A 首要单位>=90%,5292967028.920033,22,0.9471907539320092,0.9892544321456684,0.9946812623191904,个,0.9471907539320092,套,0.04206367821365917,批,0.005426830173521938,OTHER,0.0013006626193559857,千克,0.0011401560536891029
107021101,染料,A 首要单位>=90%,5291674454.0999975,19,0.9929817473236237,0.9948564882749144,0.9956945671927442,千克,0.9929817473236237,个,0.0018747409512906773,千米,0.0008380789178298524,箱,0.0008291638966188539,OTHER,0.0005590195685050166
109062402,投影仪,A 首要单位>=90%,5240269364.510002,14,0.9472029256942842,0.9980633686869741,0.9996126110608456,个,0.9472029256942842,套,0.050860442992689846,UNKNOWN,0.0015492423738715814,次,0.00012661200290455674,批,7.825458415883255e-05
104011306,针织袜,A 首要单位>=90%,5142389495.88997,15,0.9183260052052294,0.9444461600782422,0.9704337530963926,个,0.9183260052052294,盒,0.02612015487301276,OTHER,0.025987593018150373,套,0.016457539734716895,UNKNOWN,0.006053327787574115
109041704,家用电炉灶,A 首要单位>=90%,5073915374.890006,16,0.9557854605557219,0.9728865465394203,0.9870431751590999,个,0.9557854605557219,UNKNOWN,0.017101085983698406,次,0.014156628619679562,套,0.010631382676769495,OTHER,0.001844756045069615
104010204,毛机织物（呢绒）,A 首要单位>=90%,5018180638.59006,16,0.9485612562220307,0.979904518535161,0.9908026223996257,千米,0.9485612562220307,个,0.0313432623131303,千克,0.010898103864464648,OTHER,0.005270846759998575,平方米,0.0010515241200011055
109030900,电动汽车,A 首要单位>=90%,4943070083.1,16,0.9423589686753313,0.9854968178875101,0.9957127501221449,个,0.9423589686753313,UNKNOWN,0.04313784921217881,批,0.010215932234634757,套,0.003310160672401088,千克,0.0008069176226404127
109041601,家用电风扇,A 首要单位>=90%,4901475478.620007,21,0.9869447105613153,0.993746096926587,0.9985220424132286,个,0.9869447105613153,套,0.006801386365271761,UNKNOWN,0.004775945486641641,OTHER,0.0008209802145399996,千克,0.00032785457705736336
109041705,家用食品加工电动器具,A 首要单位>=90%,4835072106.049991,18,0.9005289565571933,0.9815074302763507,0.9963055474979062,个,0.9005289565571933,套,0.08097847371915738,UNKNOWN,0.014798117221555539,千克,0.001502228390950268,OTHER,0.0013549516959224985
102050101,石灰石,A 首要单位>=90%,4832238011.720002,19,0.9607205468895273,0.9728576480128067,0.983048041451741,千克,0.9607205468895273,批,0.012137101123279348,UNKNOWN,0.010190393438934207,立方米,0.008182718132695147,个,0.005205723196785613
108030603,再生铝,A 首要单位>=90%,4826127047.390003,11,0.9015903989210461,0.977553163334441,0.9870158242241284,千克,0.9015903989210461,个,0.07596276441339495,UNKNOWN,0.009462660889687417,批,0.005808758344884609,平方米,0.0038403192348662315
107020407,复合肥、复混合肥,A 首要单位>=90%,4694530049.4,13,0.9927764693668679,0.9953235646318196,0.9971198946246541,千克,0.9927764693668679,UNKNOWN,0.0025470952649516553,袋,0.00179632999283449,瓶,0.0017286384035473763,包,0.0003055471250382833
104020111,女上衣,A 首要单位>=90%,4629651577.780011,19,0.9845184455188809,0.9905015304907487,0.9961847443585657,个,0.9845184455188809,套,0.005983084971867879,UNKNOWN,0.005683213867816954,OTHER,0.00130191979865799,批,0.0011696289448625344
108030400,锡,A 首要单位>=90%,4583216337.890004,15,0.9942307688922724,0.9971660165236755,0.9986875728426187,千克,0.9942307688922724,OTHER,0.002935247631403182,卷,0.0015215563189431458,UNKNOWN,0.0007614269222138896,个,0.0003762802479435107
109041706,家用厨房电清洁器具,A 首要单位>=90%,4506170899.090001,20,0.983240565930322,0.9942011540495995,0.9963809142606433,个,0.983240565930322,UNKNOWN,0.01096058811927746,套,0.002179760211043833,批,0.001222823617522533,千克,0.001214111258209235
109030504,半挂牵引车,A 首要单位>=90%,4462916970.120001,13,0.9807424831482605,0.9983136456514006,0.9991625002515117,个,0.9807424831482605,UNKNOWN,0.01757116250314006,套,0.0008488546001110428,批,0.00029875051427724625,次,0.00020011459455316418
108032500,废弃物资冶炼、提纯有色金属及合金,A 首要单位>=90%,4433180172.359996,10,0.9976695096931961,0.9986501946035695,0.9994842506572922,千克,0.9976695096931961,UNKNOWN,0.000980684910373401,个,0.0008340560537226329,批,0.0002792830681052363,OTHER,0.00022729746160160663
104020123,运动服装,A 首要单位>=90%,4321537648.779999,19,0.940248538451841,0.9678875198046286,0.9772337616432025,个,0.940248538451841,套,0.027638981352787608,OTHER,0.009346241838573922,UNKNOWN,0.00925205717721504,批,0.008653232594319054
107020108,金属氧化物,A 首要单位>=90%,4287212065.999997,17,0.9882429020738812,0.9929608774757539,0.9966665930586135,千克,0.9882429020738812,个,0.004717975401872741,OTHER,0.003705715582859626,卷,0.00141313388904798,套,0.0005935823352853948
101020401,天然橡胶,A 首要单位>=90%,4145071900.69,19,0.9912720367567139,0.9970854340287827,0.9979092533235533,千克,0.9912720367567139,个,0.005813397272068732,立方米,0.0008238192947706322,批,0.00042175619190320634,套,0.00039413837664143884
103030701,碳酸型饮料（汽水）,A 首要单位>=90%,4054077054.670001,19,0.9167401719286079,0.9494467799930156,0.9669466508423562,箱,0.9167401719286079,个,0.032706608064407706,瓶,0.017499870849340553,批,0.009714564609627479,OTHER,0.0061001293405393885
103010402,饲料添加剂,A 首要单位>=90%,4045495885.08,19,0.994735812912691,0.9961560621684596,0.9971038707212112,千克,0.994735812912691,瓶,0.0014202492557686484,袋,0.0009478085527515437,包,0.0008499279118490577,箱,0.0007702337707206396
107020122,碳化物及碳酸盐,A 首要单位>=90%,4037082760.849993,16,0.9837757774908212,0.9959855248950636,0.9973700635188949,千克,0.9837757774908212,UNKNOWN,0.012209747404242412,个,0.0013845386238312222,千米,0.001314116730884905,瓶,0.0005626961830036185
108041102,钢丝,A 首要单位>=90%,4026399338.310005,17,0.9437001037420331,0.9675914708388637,0.9892120212476908,千克,0.9437001037420331,千米,0.023891367096830547,个,0.021620550408827204,OTHER,0.005566024255658295,平方米,0.001204093064955378
107020214,氨基化合物,A 首要单位>=90%,3995322426.840001,19,0.9947904353450486,0.9960351176381704,0.9971838180332045,千克,0.9947904353450486,瓶,0.0012446822931217586,UNKNOWN,0.001148700395034173,套,0.000689643038942234,千米,0.0005952901082582003
104030302,手提包（袋）、背包,A 首要单位>=90%,3949271010.490048,21,0.9584664272483928,0.979502476111419,0.9876525803520511,个,0.9584664272483928,UNKNOWN,0.021036048863026274,批,0.00815010424063201,套,0.00435529081552337,千克,0.003183143992045283
109041703,家用水及饮料加热器具,A 首要单位>=90%,3915906814.770009,23,0.9792672254856064,0.9925434720637716,0.9955129938297493,个,0.9792672254856064,UNKNOWN,0.013276246578165127,套,0.0029695217659777133,OTHER,0.0015920951301713149,批,0.0009622572058628801
107010303,石油焦、碳黑,A 首要单位>=90%,3883489211.969998,14,0.9774085697960534,0.9991726356416554,0.9994828219983696,千克,0.9774085697960534,UNKNOWN,0.021764065845601983,个,0.0003101863567142327,箱,0.0002380815729190554,瓶,0.00013058668952571764
108050000,核燃料,A 首要单位>=90%,3837807169.17,21,0.9835266313305489,0.9890439571670575,0.993657326161266,千克,0.9835266313305489,平方米,0.005517325836508711,个,0.004613368994208507,批,0.002769769337394538,套,0.0017660715823473328
107010302,矿物焦油,A 首要单位>=90%,3800624743.120002,9,0.9973078391444665,0.9985652808449794,0.9994338445741336,千克,0.9973078391444665,桶,0.0012574417005128422,UNKNOWN,0.0008685637291541915,平方米,0.0005081397955680841,个,3.713267410982174e-05
107020234,镍钴锰酸锂,A 首要单位>=90%,3790602722.94001,4,0.9991442503377183,0.9998697286325967,0.9999898498991289,千克,0.9991442503377183,UNKNOWN,0.0007254782948784162,个,0.00012012126653221055,桶,1.0150100871071659e-05,,
109030502,客车,A 首要单位>=90%,3768476271.3500004,12,0.93459689073438,0.9907850157385866,0.9962089700289177,个,0.93459689073438,套,0.05618812500420654,UNKNOWN,0.0054239542903311575,OTHER,0.002989844666306923,副,0.0005952992240007779
107020601,化学农药原药,A 首要单位>=90%,3756623039.06,15,0.9952365788811013,0.9966290267193888,0.9975320397618815,千克,0.9952365788811013,UNKNOWN,0.0013924478382874692,立方米,0.0009030130424927683,箱,0.000722462307711107,OTHER,0.0005967306851636964
107010109,润滑油基础油,A 首要单位>=90%,3704334626.570001,17,0.9667589056434632,0.991475446004931,0.9936293086238132,千克,0.9667589056434632,桶,0.02471654036146775,立方米,0.0021538626188821785,OTHER,0.0019404072376300395,个,0.0016928763846063653
104020402,纺织面鞋,A 首要单位>=90%,3662334894.4900017,18,0.9673524753621282,0.9891343139864489,0.9930855647477519,个,0.9673524753621282,千米,0.021781838624320756,OTHER,0.0039512507613029555,UNKNOWN,0.0028764758831447603,千克,0.0020342998072647557
108010306,预应力混凝土桩,A 首要单位>=90%,3650384598.149999,12,0.9312241424322151,0.9730323313494446,0.9837517370553066,千米,0.9312241424322151,UNKNOWN,0.04180818891722948,立方米,0.010719405705862033,千克,0.00993324583069316,个,0.002377207331632353
109041702,家用电热烘烤器具,A 首要单位>=90%,3650300777.079997,16,0.9752815518116899,0.9868315429370036,0.9951182912208525,个,0.9752815518116899,UNKNOWN,0.01154999112531376,套,0.008286748283848908,千克,0.0024355554960903327,千米,0.0015158273490071743
107021001,无机颜料,A 首要单位>=90%,3633862148.649998,19,0.9931860595512135,0.9963823658679831,0.9975705690918187,千克,0.9931860595512135,UNKNOWN,0.003196306316769616,个,0.001188203223835576,份,0.0009390466067260462,桶,0.00043229970641115416
109031100,汽车底盘,A 首要单位>=90%,3444263715.98,20,0.9824494320804931,0.9912363019475087,0.9978552430332999,个,0.9824494320804931,UNKNOWN,0.00878686986701565,套,0.006618941085791231,千克,0.0008176106135353638,批,0.000667499726961485
102040199,其他常用有色金属矿石,A 首要单位>=90%,3408103022.269999,17,0.9432275445619814,0.9661102369455163,0.9829613812667781,千克,0.9432275445619814,套,0.02288269238353491,个,0.016851144321261724,UNKNOWN,0.007558653286496564,OTHER,0.006730216208288919
109042001,家用电热取暖器具,A 首要单位>=90%,3405841375.6400003,20,0.9375809403131544,0.9773133262832941,0.9876946503587166,个,0.9375809403131544,OTHER,0.039732385970139686,UNKNOWN,0.010381324075422468,套,0.010112735691787127,批,0.0010503000479074888
103010406,豆粕,A 首要单位>=90%,3386698892.259998,11,0.9985457646496841,0.9990698198569705,0.9995490041929943,千克,0.9985457646496841,箱,0.0005240552072864193,UNKNOWN,0.0004791843360237569,瓶,0.0001540260934304382,袋,0.00013704150110914836
107040201,人造纤维短纤维,A 首要单位>=90%,3346482530.7400007,17,0.9817932293085878,0.9916162656752923,0.9959413099051808,千克,0.9817932293085878,个,0.009823036366704396,千米,0.004325044229888588,平方米,0.002756734333814082,立方米,0.0009374165414532468
109041904,电动牙刷,A 首要单位>=90%,3340774860.950008,15,0.9745292232006911,0.9877324627531633,0.9923624367423717,个,0.9745292232006911,套,0.013203239552472205,UNKNOWN,0.004629973989208419,盒,0.003935101010147569,箱,0.0031521507369716684
103011201,淀粉,A 首要单位>=90%,3198519449.369997,14,0.9563244049688315,0.9808473970348793,0.9883464536389355,千克,0.9563244049688315,UNKNOWN,0.024522992066047813,包,0.007499056604056116,OTHER,0.005725352892134822,袋,0.004282335645230453
104020114,男裤子,A 首要单位>=90%,3061259745.180008,14,0.9745027358907076,0.9820299938916928,0.9883204585379287,个,0.9745027358907076,盒,0.0075272580009851575,UNKNOWN,0.006290464646235913,OTHER,0.004197363137914467,批,0.003910284522196308
104020112,男上衣,A 首要单位>=90%,3004047063.370002,18,0.9660366937808412,0.9823625917130067,0.9908669130472205,个,0.9660366937808412,套,0.01632589793216545,UNKNOWN,0.008504321334213865,OTHER,0.005373038317812788,包,0.0016695787030625003
102040103,镍矿石,A 首要单位>=90%,2976785295.96,20,0.9885691265318394,0.9951212585906986,0.9982042481205297,千克,0.9885691265318394,UNKNOWN,0.006552132058859137,个,0.00308298952983115,套,0.0012910575597158023,OTHER,0.0001637318353666543
103021199,其他食品添加剂,A 首要单位>=90%,2964481817.6499968,19,0.9701993874632594,0.9786813658887276,0.9832792717449372,千克,0.9701993874632594,箱,0.008481978425468195,OTHER,0.004597905856209668,袋,0.004315233685643184,个,0.0035273228790754464
104020122,防寒服,A 首要单位>=90%,2939245778.5100007,17,0.9319542414240064,0.9852843247930337,0.9937875027690755,个,0.9319542414240064,套,0.05333008336902731,UNKNOWN,0.008503177976041774,千克,0.0031973206795805984,批,0.0011334922803525817
103010603,加工糖,A 首要单位>=90%,2927825222.039999,15,0.9686795314557383,0.97516011843107,0.9814813368052682,千克,0.9686795314557383,袋,0.0064805869753316835,箱,0.006321218374198143,瓶,0.00511964828950955,个,0.004649765067094573
109062202,照相机器材,A 首要单位>=90%,2922593719.6100173,20,0.9299563989354922,0.98124348539375,0.9897068359559692,个,0.9299563989354922,套,0.051287086458257726,盒,0.008463350562219288,UNKNOWN,0.00808220537514599,批,0.0007826591238638614
109040403,静止式变流器,A 首要单位>=90%,2918946068.519999,18,0.903992987803954,0.9893672508907516,0.9960120626771627,个,0.903992987803954,套,0.08537426308679763,UNKNOWN,0.006644811786411092,OTHER,0.002183007006782709,项,0.0008716884897054983
107020211,酚,A 首要单位>=90%,2855971137.92,8,0.9964602969421594,0.9993173054047668,0.9998717495582723,千克,0.9964602969421594,UNKNOWN,0.0028570084626074257,OTHER,0.0005544441535054321,瓶,4.7079075210096303e-05,立方米,4.3426209163418404e-05
104020113,女裤子,A 首要单位>=90%,2845692001.670001,14,0.9824128834425406,0.9864406183180203,0.9903097246174858,个,0.9824128834425406,UNKNOWN,0.004027734875479738,盒,0.003869106299465504,套,0.003658656841249875,千克,0.00302954195849047
107020233,镍钴锰氢氧化物,A 首要单位>=90%,2788877665.27,8,0.9990900028417868,0.9999003646687482,0.9999495781217832,千克,0.9990900028417868,UNKNOWN,0.0008103618269613853,千米,4.921345303495496e-05,箱,4.3748064506152524e-05,OTHER,3.7848737976027657e-06
108031801,锌材,A 首要单位>=90%,2787039446.21,14,0.9768640049541869,0.9947931475639018,0.9977346231325911,千克,0.9768640049541869,个,0.01792914260971493,UNKNOWN,0.0029414755686892743,千米,0.0006006324891728379,套,0.0005607124334480088
109051602,电真空光电子器件,A 首要单位>=90%,2738989569.690001,16,0.950797288828211,0.9928385939409694,0.9975213042812836,个,0.950797288828211,套,0.04204130511275834,平方米,0.00468271034031416,OTHER,0.0006771666020655643,千米,0.0006501594309472119
109040302,交流电动机,A 首要单位>=90%,2655567370.8900003,18,0.9705966383395382,0.9931194042861445,0.9970421182320193,个,0.9705966383395382,套,0.02252276594660625,千克,0.003922713945874694,批,0.0012242915941953227,UNKNOWN,0.0010415352554482673
108031901,镍材,A 首要单位>=90%,2600357460.47,10,0.9678965102494366,0.9797489795920281,0.9893492231968007,千克,0.9678965102494366,UNKNOWN,0.011852469342591591,OTHER,0.009600243604772662,个,0.008570926635590965,千米,0.0016988196919671017
109010503,车床,A 首要单位>=90%,2501158493.07001,19,0.9740093511426345,0.9894978940387906,0.9929815496304462,个,0.9740093511426345,套,0.015488542896156102,OTHER,0.0034836555916555067,千克,0.0024082578279981865,UNKNOWN,0.0016935045986633673
109010802,数控金属切削机床,A 首要单位>=90%,2473234488.550002,19,0.9276071815070922,0.9787532249112345,0.9869053449642832,个,0.9276071815070922,套,0.05114604340414226,UNKNOWN,0.008152120053048653,OTHER,0.004544455850035252,千克,0.0032254875536192884
107040403,涤纶加工丝,A 首要单位>=90%,2448800770.65,11,0.9894109470068824,0.9951896153410335,0.9976591784645352,千克,0.9894109470068824,千米,0.005778668334151115,UNKNOWN,0.002469563123501788,个,0.0013363927107599462,卷,0.0004931045083261232
109041707,家用饮水电过滤、净化装置,A 首要单位>=90%,2427437469.8299904,22,0.9345876904046009,0.9675219168733019,0.9978579847618632,个,0.9345876904046009,UNKNOWN,0.03293422646870102,套,0.030336067888561278,OTHER,0.0007722755923889134,批,0.0003192824324551112
107021406,纺织工业用整理剂、助剂,A 首要单位>=90%,2381816053.700001,19,0.9783484730401875,0.9843567604466684,0.990094033784285,千克,0.9783484730401875,千米,0.006008287406481005,个,0.005737273337616511,桶,0.0022998396880777555,UNKNOWN,0.001839955101987059
107020404,钾肥,A 首要单位>=90%,2372643905.19,9,0.9968794565152383,0.9999081877016928,0.9999570609859417,千克,0.9968794565152383,UNKNOWN,0.003028731186454438,OTHER,4.887328424899651e-05,瓶,2.328498173668242e-05,桶,1.176746326700221e-05
108010201,石灰,A 首要单位>=90%,2336465916.760003,22,0.9715852740869151,0.9795504971301886,0.9866356593836813,千克,0.9715852740869151,个,0.007965223043273535,立方米,0.007085162253492618,UNKNOWN,0.006153795463850925,平方米,0.0020527544123780405
109050104,散射通信设备,A 首要单位>=90%,2279962144.5699997,10,0.9315439815517482,0.9988850406810245,0.999757239565877,套,0.9315439815517482,个,0.06734105912927624,副,0.0008721988848525578,OTHER,9.715950790129396e-05,千克,7.465584479346784e-05
108030800,钛,A 首要单位>=90%,2261350097.769999,12,0.9847775718346549,0.9916138313086942,0.9966474306223188,千克,0.9847775718346549,个,0.006836259474039365,OTHER,0.005033599313624605,套,0.0014434019761994342,副,0.0014174069610719804
109010102,核反应堆及其零件,A 首要单位>=90%,2232185170.24,19,0.9177642480483538,0.9544837758692412,0.9755413896356413,UNKNOWN,0.9177642480483538,个,0.03671952782088742,千克,0.021057613766400113,套,0.010291580401248708,批,0.007577100473336402
107020901,油墨,A 首要单位>=90%,2221782896.720003,24,0.9076797578004537,0.9353225302741586,0.9536209729302879,千克,0.9076797578004537,瓶,0.027642772473704877,个,0.01829844265612938,立方米,0.012102353173073607,桶,0.011237660977973813
109023209,平板显示器件（FPD）生产设备,A 首要单位>=90%,2169787299.950017,17,0.9493447616674078,0.9831655732380582,0.9869055573693079,个,0.9493447616674078,套,0.03382081157065048,项,0.003739984131249614,平方米,0.003311006207919778,UNKNOWN,0.0026714327483313804
108041103,铜丝,A 首要单位>=90%,2133945765.800001,17,0.9391451889540801,0.959346771890673,0.9749729768132236,千克,0.9391451889540801,千米,0.02020158293659291,个,0.015626204922550607,OTHER,0.01386914074590114,批,0.00620197673348011
107020113,磷化物、金属磷酸盐,A 首要单位>=90%,2129767424.670001,15,0.9963964488276511,0.9983941371577086,0.998985462992357,千克,0.9963964488276511,UNKNOWN,0.0019976883300575577,套,0.000591325834648418,瓶,0.00034461758664269327,个,0.00028343750731070277
109020901,注塑机,A 首要单位>=90%,2119359778.36,15,0.9493042048183338,0.9835287876478372,0.9975917997396603,个,0.9493042048183338,套,0.034224582829503504,UNKNOWN,0.014063012091823004,批,0.0006126213318083724,OTHER,0.0005659215968173707
107020401,氨及氨水,A 首要单位>=90%,2117442040.129998,14,0.9973736092395433,0.9988022679006391,0.9995178734007107,千克,0.9973736092395433,UNKNOWN,0.0014286586610957612,瓶,0.0007156055000716679,OTHER,0.00025975155379753996,个,0.00010969186197216537
109011302,内燃叉车,A 首要单位>=90%,2094743129.9299998,23,0.9762522336990969,0.9867515115225954,0.9934628005198625,个,0.9762522336990969,批,0.010499277823498555,套,0.006711288997267074,UNKNOWN,0.002137311227343475,OTHER,0.0013119947170285456
107021403,橡胶助剂,A 首要单位>=90%,1945525468.82,19,0.981139206153772,0.985870442443155,0.9895571331470039,千克,0.981139206153772,OTHER,0.00473123628938297,个,0.003686690703848916,桶,0.002402340434450731,立方米,0.002272374369214196
109042102,家用电冰箱用配件,A 首要单位>=90%,1939250040.670001,19,0.9520445402657464,0.9747606296746089,0.9829509753839804,个,0.9520445402657464,千克,0.02271608940886251,UNKNOWN,0.008190345709371475,批,0.006457544301854669,套,0.00540490888239389
109041502,家用空气湿度调节装置,A 首要单位>=90%,1935617647.78,16,0.9832007829297825,0.9958043686885608,0.998363101543513,个,0.9832007829297825,套,0.01260358575877832,UNKNOWN,0.002558732854952194,批,0.0007947692261249982,OTHER,0.00035004362084479693
107021413,炭黑,A 首要单位>=90%,1888644289.900001,19,0.9885623193761152,0.9941700797027359,0.9954640189442695,千克,0.9885623193761152,桶,0.005607760326620726,个,0.0012939392415336148,套,0.0012466378992545294,OTHER,0.0008995882226663009
107022203,表面活性剂,A 首要单位>=90%,1872497118.4,18,0.9574846261723358,0.9667009385930171,0.9751406902939456,千克,0.9574846261723358,箱,0.009216312420681372,桶,0.008439751700928439,瓶,0.007989116753772415,个,0.004560505335942417
109040399,其他电机,A 首要单位>=90%,1863767384.379999,22,0.9023326647276029,0.9523779698991107,0.9752394207524178,个,0.9023326647276029,套,0.05004530517150784,千克,0.02286145085330707,千瓦时,0.009304629979759454,批,0.005489015826620014
109041503,家用房间空气清洁装置,A 首要单位>=90%,1812426670.8399978,21,0.9239769802349351,0.9786644707385165,0.9979972957811762,个,0.9239769802349351,套,0.05468749050358137,UNKNOWN,0.019332825042659776,批,0.0008840732846076363,OTHER,0.0003531856489969467
104020115,裙子,A 首要单位>=90%,1792251431.7300012,10,0.9813930995955126,0.9932993635673049,0.9978431628946901,个,0.9813930995955126,UNKNOWN,0.011906263971792255,套,0.004543799327385232,千克,0.0008705001108544429,OTHER,0.0007383124301497801
109011402,装卸机械,A 首要单位>=90%,1736395798.19,19,0.9700690774222243,0.9909200561781855,0.9941511259295913,个,0.9700690774222243,套,0.020850978755961206,千克,0.003231069751405892,UNKNOWN,0.0025559361895636035,批,0.0010223969683931155
102040105,锡矿石,A 首要单位>=90%,1716774035.4999979,10,0.9985084098157075,0.9991738354782452,0.9994469942692701,千克,0.9985084098157075,卷,0.0006654256625376377,OTHER,0.00027315879102483116,UNKNOWN,0.0002136763443612789,批,0.0002007144929237255
107020207,芳香烃卤化衍生物,A 首要单位>=90%,1679280093.59,12,0.9978084340700233,0.9988180513497562,0.999456637464183,千克,0.9978084340700233,UNKNOWN,0.0010096172797329325,个,0.0006385861144268529,瓶,0.00036643958464634797,套,6.752893721116596e-05
107020115,氯化物及其盐,A 首要单位>=90%,1674052136.139999,16,0.9560235592424564,0.9724661812765996,0.9832158248220471,千克,0.9560235592424564,UNKNOWN,0.01644262203414318,OTHER,0.010749643545447536,箱,0.005128615480158508,瓶,0.003102928228972189
102040107,铝土矿石,A 首要单位>=90%,1668758536.9199998,18,0.9755428696440841,0.9894440843056227,0.9939428639036922,千克,0.9755428696440841,个,0.013901214661538597,UNKNOWN,0.004498779598069498,立方米,0.003397074192928468,平方米,0.00159659412135054
102020102,沥青矿原油,A 首要单位>=90%,1666634112.93,18,0.9767681896346578,0.9888470310815121,0.9945897256092113,千克,0.9767681896346578,UNKNOWN,0.012078841446854218,OTHER,0.005742694527699246,立方米,0.001512986312014789,桶,0.0012450032397045686
107020210,环醇,A 首要单位>=90%,1642071881.660001,12,0.983054344172881,0.9983682588381628,0.9990210605163186,千克,0.983054344172881,UNKNOWN,0.015313914665281819,瓶,0.0006528016781557385,桶,0.0004942576564794056,OTHER,0.00014672332112309185
107040301,锦纶纤维,A 首要单位>=90%,1637147471.869999,15,0.9782921190786764,0.9862989605485089,0.994246801475226,千克,0.9782921190786764,千米,0.008006841469832411,个,0.007947840926717216,平方米,0.004176460042533629,套,0.0007900849326191379
109042501,机动车辆用电气照明装置,A 首要单位>=90%,1635021678.2700021,19,0.922738168044559,0.9711204180363152,0.9803745871529044,个,0.922738168044559,套,0.04838224999175619,千克,0.00925416911658914,OTHER,0.006938992987545244,批,0.004753043744485856
107020240,二甲醚,A 首要单位>=90%,1631366080.76,4,0.9998598803158311,0.9999728393274063,0.999987845156134,千克,0.9998598803158311,瓶,0.00011295901157522605,桶,1.5005828727660912e-05,罐,1.2154843866045271e-05,,
109061802,高档手表,A 首要单位>=90%,1627504317.81,9,0.9551612117513784,0.9822696463264506,0.9913856775268864,个,0.9551612117513784,批,0.027108434575072265,套,0.009116031200435817,UNKNOWN,0.008277500644746508,立方米,0.0001543871418652258
107010110,液体石蜡,A 首要单位>=90%,1612751000.16,18,0.9227528480294599,0.9701725883070433,0.9792637601795429,千克,0.9227528480294599,瓶,0.04741974027758343,个,0.009091171872499481,UNKNOWN,0.004260736436882248,罐,0.003926742038524063
102040302,钼矿石,A 首要单位>=90%,1595358360.030001,19,0.9479865452684628,0.9932338180935116,0.9967429345467546,千克,0.9479865452684628,个,0.04524727282504887,套,0.003509116453242971,OTHER,0.0007772647958397768,立方米,0.0006643773753629047
107010202,生物能源,A 首要单位>=90%,1582354760.8799992,21,0.9337101015756637,0.981573184281517,0.9865263120147955,千克,0.9337101015756637,立方米,0.04786308270585324,瓶,0.004953127733278504,UNKNOWN,0.0035387953374538227,盒,0.0025349302755402737
107021702,炸药,A 首要单位>=90%,1574362114.64,10,0.9855111989370908,0.9902347968570653,0.9944808286167462,千克,0.9855111989370908,OTHER,0.004723597919974399,UNKNOWN,0.0042460317596810125,箱,0.003474053763832254,套,0.0017213844101042143
107040307,氨纶纤维,A 首要单位>=90%,1570335581.560001,11,0.9969337865252874,0.9982440580074862,0.9988138645064965,千克,0.9969337865252874,个,0.0013102714821987128,OTHER,0.0005698064990102953,千米,0.00043524786550465405,箱,0.00021959955824055422
109031201,摩托车，排气量在250毫升以下（不含250毫升）,A 首要单位>=90%,1569602432.42,8,0.9949795059581741,0.9982141448419659,0.9990902191086705,个,0.9949795059581741,批,0.0032346388837918498,套,0.0008760742667045312,OTHER,0.0004287241508427631,UNKNOWN,0.00026061875386450734
107020307,有机－无机化合物,A 首要单位>=90%,1547148343.66,15,0.9873664710109431,0.9929008150220314,0.9954818126467023,千克,0.9873664710109431,立方米,0.00553434401108836,桶,0.0025809976246709146,个,0.0010730381458268444,OTHER,0.0010658909578759842
107022500,香料,A 首要单位>=90%,1539909996.8500001,21,0.9772552720732731,0.9813973265784374,0.9851974544768018,千克,0.9772552720732731,UNKNOWN,0.004142054505164244,桶,0.0038001278983644518,个,0.0033315628513967853,盒,0.0024671459486408343
301040101,国内液体管道运输服务,A 首要单位>=90%,1507136781.9299998,8,0.9602107547310956,0.9873626632311303,0.9956672494372821,千克,0.9602107547310956,OTHER,0.02715190850003463,立方米,0.008304586206151873,UNKNOWN,0.00380418334867916,套,0.00017011098997377387
104030702,加工填充用羽绒,A 首要单位>=90%,1499142051.19,9,0.98321673403796,0.9972650482676105,0.9985610853832779,千克,0.98321673403796,个,0.014048314229650555,UNKNOWN,0.0012960371156674018,千米,0.0011542225625826954,套,0.00022220404646482777
102050102,石膏类,A 首要单位>=90%,1455624420.9399972,19,0.9502481741730924,0.9740139196307429,0.9859771967024168,千克,0.9502481741730924,平方米,0.02376574545765058,个,0.011963277071673856,UNKNOWN,0.00572153689522588,千米,0.00203195405865063
109030699,其他改装汽车,A 首要单位>=90%,1440991237.1699998,16,0.9527179325505073,0.97228108268136,0.9873543783820733,个,0.9527179325505073,套,0.019563150130852785,UNKNOWN,0.015073295700713233,项,0.0049999693364894526,千克,0.004113269801446228
103021001,食用盐,A 首要单位>=90%,1430435529.739999,18,0.9220761338469687,0.9600199132145474,0.9755708443732857,千克,0.9220761338469687,箱,0.03794377936757866,个,0.015550931158738245,袋,0.009006576523124896,包,0.003590532207301605
107020220,醛,A 首要单位>=90%,1413346638.22,14,0.9907707331327946,0.9938060274505445,0.995325147071973,千克,0.9907707331327946,个,0.003035294317749836,UNKNOWN,0.001519119621428493,盒,0.0014219016734146584,袋,0.0013356036226027143
107020107,金属氢氧化物,A 首要单位>=90%,1387181316.809999,16,0.9626008742178686,0.9919282356572183,0.9956931382959088,千克,0.9626008742178686,OTHER,0.029327361439349775,立方米,0.0037649026386904075,UNKNOWN,0.001292952304262949,个,0.0010410842349874347
104020110,男Ｔ恤衫,A 首要单位>=90%,1379073288.340002,14,0.9699050492523442,0.9883699913227194,0.9928773887413745,个,0.9699050492523442,套,0.018464942070375218,UNKNOWN,0.004507397418655155,批,0.003802090145848196,OTHER,0.002037401858012988
104010202,毛纱,A 首要单位>=90%,1374077113.920001,19,0.937683962288171,0.9623230380045366,0.978732109134232,千克,0.937683962288171,个,0.024639075716365578,千米,0.016409071129695498,套,0.011790823335802428,OTHER,0.0035999941487184963
109013202,电动手提式工具,A 首要单位>=90%,1369816543.3,18,0.9280845329822933,0.9638580297543118,0.9853182169405327,个,0.9280845329822933,套,0.03577349677201845,千米,0.021460187186220853,批,0.0043199370886149524,OTHER,0.002700437929511753
109040305,微电机,A 首要单位>=90%,1355206012.739998,10,0.9678476215199912,0.9972354840040701,0.998358441765247,个,0.9678476215199912,套,0.02938786248407894,千克,0.0011229577611769135,批,0.0010757780413417517,UNKNOWN,0.0002735323755319841
102040202,银矿砂及其精矿石,A 首要单位>=90%,1349727033.4399998,9,0.9878242835974653,0.9965120952656616,0.9984678277023694,千克,0.9878242835974653,OTHER,0.008687811668196294,立方米,0.0019557324367077992,套,0.000920104561316254,个,0.0005089436478494722
304070102,电视节目制作服务,A 首要单位>=90%,1342205518.119999,10,0.9388090229020672,0.9599976400818228,0.9780474665822634,UNKNOWN,0.9388090229020672,个,0.021188617179755467,次,0.018049826500440628,OTHER,0.007863726417086866,项,0.006064342896906706
104020108,男衬衫,A 首要单位>=90%,1311266759.799999,15,0.9800842716672059,0.9891458775999394,0.9940558398115813,个,0.9800842716672059,UNKNOWN,0.009061605932733573,套,0.004909962211641814,OTHER,0.0015952971920977093,千克,0.0014697757078002622
109051105,阅读机、数据转录及处理机械,A 首要单位>=90%,1308607022.459999,14,0.9291749308010204,0.9811762038891603,0.9922619415025264,个,0.9291749308010204,套,0.052001273088139864,批,0.011085737613366231,UNKNOWN,0.00420520969668586,平方米,0.0016953397023878611
101030305,动物毛类,A 首要单位>=90%,1305885880.21,13,0.9663625734946028,0.9905782156492715,0.9946157671917938,千克,0.9663625734946028,个,0.024215642154668766,平方米,0.004037551542522317,箱,0.0021591472292713503,千米,0.001866738240257245
109040405,电感器,A 首要单位>=90%,1303161893.779998,10,0.9821678064015559,0.9914462103034131,0.9961744880864037,个,0.9821678064015559,OTHER,0.009278403901857229,UNKNOWN,0.004728277782990661,套,0.002949840053141525,批,0.0005292062508055706
109042002,家用电熨烫器具,A 首要单位>=90%,1297291051.0299969,13,0.9876749716285291,0.9977155804029889,0.9984496850044535,个,0.9876749716285291,UNKNOWN,0.010040608774459829,千克,0.0007341046014646247,套,0.0006851807921547489,OTHER,0.00044034336747058233
107010112,矿物蜡及合成法制类似产品,A 首要单位>=90%,1293791393.410001,20,0.9671629510859354,0.9825889219121885,0.9900915616649666,千克,0.9671629510859354,OTHER,0.01542597082625308,个,0.0075026397527780675,瓶,0.004834825963336517,桶,0.0016216558563356585
106010103,废纸纸浆,A 首要单位>=90%,1289391546.2600012,20,0.9657755975847683,0.9856449630884521,0.9927807482552525,千克,0.9657755975847683,个,0.019869365503683813,UNKNOWN,0.00713578516680044,OTHER,0.0013636604762146058,平方米,0.0012117987856614433
108031203,混合稀土金属,A 首要单位>=90%,1286778778.299999,14,0.9525621378131178,0.9805926307682875,0.9954102078231328,千克,0.9525621378131178,个,0.02803049295516969,OTHER,0.014817577054845352,UNKNOWN,0.0033781701589319746,套,0.001109645064155004
102050502,磷矿石,A 首要单位>=90%,1279174890.78,17,0.9695423842503327,0.9985132946450815,0.9996555672072869,千克,0.9695423842503327,UNKNOWN,0.02897091039474883,个,0.0011422725622053348,立方米,7.935920313296631e-05,平方米,7.751684364249588e-05
109020102,采掘、凿岩设备,A 首要单位>=90%,1273410949.410001,19,0.9301689590142127,0.9674943979245832,0.9892084141836796,个,0.9301689590142127,套,0.03732543891037059,千克,0.021714016259096285,UNKNOWN,0.004415275290828155,千米,0.001733096814522072
109023400,航空、航天设备，相关专用设备,A 首要单位>=90%,1269248027.6100001,16,0.9133612095288682,0.9585943902241396,0.9849770586636997,个,0.9133612095288682,套,0.045233180695271435,UNKNOWN,0.026382668439560057,批,0.007373870848256152,项,0.006663813861445587
108020200,还原铁,A 首要单位>=90%,1251096607.510001,14,0.9753603900330665,0.9896147464776046,0.9934007807706935,千克,0.9753603900330665,个,0.014254356444538143,批,0.0037860342930888624,千米,0.0030064721120826253,UNKNOWN,0.0011371741410374076
103021002,非食用盐,A 首要单位>=90%,1244739667.4799988,18,0.9905483601371698,0.9957280273546956,0.9969888364467503,千克,0.9905483601371698,OTHER,0.005179667217525707,个,0.001260809092054759,UNKNOWN,0.0010928313329597154,袋,0.0005892377331276667
107020110,金属硫化物及硫酸盐,A 首要单位>=90%,1210795656.3600001,13,0.9881767239956603,0.9939388029586572,0.9958767344235372,千克,0.9881767239956603,UNKNOWN,0.005762078962996917,平方米,0.001937931464879937,瓶,0.0014085523688837228,OTHER,0.0013847595349330247
108012702,炭制品,A 首要单位>=90%,1171654348.79,19,0.9701438581642051,0.9892543816331136,0.9954278815373045,千克,0.9701438581642051,个,0.0191105234689085,OTHER,0.006173499904190971,千米,0.0018551058187465253,UNKNOWN,0.0007991576278165832
109052202,家用影视摄、录、放设备,A 首要单位>=90%,1149078067.2400029,12,0.9369950381231335,0.9796437381002466,0.9886283806796647,个,0.9369950381231335,套,0.042648699977113194,UNKNOWN,0.008984642579418113,批,0.008944424276312736,OTHER,0.0015462431845624089
108030500,锑,A 首要单位>=90%,1127880766.7,11,0.9916053283914907,0.9975994903628671,0.9999015090040722,千克,0.9916053283914907,UNKNOWN,0.005994161971376402,OTHER,0.002302018641205011,个,6.65855844139735e-05,项,1.7271772491516854e-05
107040402,锦纶加工丝,A 首要单位>=90%,1063526192.2700009,10,0.9951515556763167,0.9980935409257083,0.9992043749687124,千克,0.9951515556763167,千米,0.00294198524939164,个,0.0011108340430040617,套,0.0005249207062859726,OTHER,0.00021659739240490516
107030108,激素类药,A 首要单位>=90%,1039314903.02,9,0.9913147571407178,0.9956460561117222,0.9987301282737648,千克,0.9913147571407178,盒,0.004331298971004339,个,0.003084072162042612,瓶,0.0006180942639553762,OTHER,0.0003490466642457249
108032001,锡材,A 首要单位>=90%,1024380882.1199996,16,0.9711051232147725,0.9824295002043082,0.9930277140908577,千克,0.9711051232147725,UNKNOWN,0.011324376989535694,卷,0.010598213886549492,平方米,0.003528899565675937,OTHER,0.0024373848375935582
109013102,工商用冷藏、冷冻柜,A 首要单位>=90%,1022370027.1999997,21,0.9213485483820139,0.9521307712002924,0.9697818916360345,个,0.9213485483820139,OTHER,0.030782222818278557,套,0.017651120435741983,批,0.01531124849470744,平方米,0.005733296990379533
107020103,过氧化氢（双氧水）,A 首要单位>=90%,1007871469.19,15,0.9867565755078599,0.9902353003127378,0.9930977591660661,千克,0.9867565755078599,桶,0.0034787248048779146,OTHER,0.002862458853328383,立方米,0.002007189519538462,瓶,0.0019069395441311786
104030301,衣箱、提箱及类似容器,A 首要单位>=90%,991753070.509992,19,0.9174292542922104,0.9480003567889327,0.9773253891127999,个,0.9174292542922104,UNKNOWN,0.030571102496722277,套,0.029325032323867146,千克,0.010404398369741209,OTHER,0.005710619929906173
107021305,离子交换树脂,A 首要单位>=90%,983735054.15,18,0.9295467246311709,0.9715619378083744,0.9786068834273838,千克,0.9295467246311709,立方米,0.042015213177203435,瓶,0.007044945619009382,桶,0.006230496894609415,OTHER,0.004305832339846787
104020403,胶鞋,A 首要单位>=90%,980075856.7499995,19,0.9786012095027562,0.9852803380772598,0.9898615897620927,个,0.9786012095027562,UNKNOWN,0.006679128574503581,千克,0.004581251684832917,OTHER,0.004273583163133054,批,0.0016648498060249772
109040804,继电器,A 首要单位>=90%,960388447.0799999,20,0.9456341843045404,0.9783427511302961,0.9903122500918371,个,0.9456341843045404,套,0.032708566825755785,批,0.011969498961540965,UNKNOWN,0.003657636356081018,千米,0.0021310906188248984
109030802,挂车、半挂车,A 首要单位>=90%,959641190.01,14,0.9510986787160408,0.9772720006841592,0.9981012463627359,个,0.9510986787160408,UNKNOWN,0.026173321968118383,套,0.020829245678576705,千克,0.00095367863481398,OTHER,0.0006075291536766202
103010906,甲壳水产品加工品,A 首要单位>=90%,953725550.7600015,13,0.9851698515377626,0.98938374779628,0.9927734551994463,千克,0.9851698515377626,盒,0.004213896258517382,个,0.0033897074031662643,箱,0.002052995202277763,包,0.00197782701585047
109050604,固定无线接入设备,A 首要单位>=90%,944595186.95,14,0.9838552065258329,0.9932221918569453,0.9959667330803352,个,0.9838552065258329,套,0.009366985331112373,月,0.0027445412233899377,批,0.0018128574903384966,UNKNOWN,0.0009055730346901277
103011204,淀粉糖,A 首要单位>=90%,937265856.2499998,12,0.9568419441610274,0.985738379499408,0.9911451270579665,千克,0.9568419441610274,个,0.028896435338380554,箱,0.005406747558558576,桶,0.0036477807627380973,袋,0.0019761231220034644
109040402,互感器,A 首要单位>=90%,933371259.4899995,15,0.9684252375350586,0.9847648864313973,0.9914309459192368,个,0.9684252375350586,套,0.016339648896338665,千克,0.0066660594878394834,UNKNOWN,0.0037121112684497908,批,0.002847303335065327
109041905,家用电动按摩器,A 首要单位>=90%,902367400.6599995,12,0.9701558573145451,0.9955495957111673,0.9991651824418202,个,0.9701558573145451,UNKNOWN,0.025393738396622203,套,0.0036155867306528525,箱,0.0005509097509910041,OTHER,0.00020902596864873763
107020225,酮,A 首要单位>=90%,896859341.8600001,12,0.9919938307883279,0.9950699535104021,0.9975196689646042,千克,0.9919938307883279,瓶,0.003076122722074134,立方米,0.002449715454202137,UNKNOWN,0.0006927056128016323,桶,0.0006470517537303939
107021002,有机颜料,A 首要单位>=90%,892773342.7000006,18,0.9771554434764823,0.9890563475266274,0.9922787915360995,千克,0.9771554434764823,份,0.011900904050145081,立方米,0.0032224440094721007,桶,0.002125994627325916,OTHER,0.0017699105522362936
107021005,工业用调制颜料、遮光剂和着色剂及类似颜料,A 首要单位>=90%,878807772.9200001,20,0.9812216648526364,0.9849537356547668,0.9885910149079751,千克,0.9812216648526364,个,0.0037320708021304294,桶,0.0036372792532081777,OTHER,0.0029199767788508145,份,0.0024337490244236834
107020120,硅化物及硅酸盐,A 首要单位>=90%,854948448.1800003,19,0.9664972047016693,0.9821902924645179,0.9876281652741556,千克,0.9664972047016693,个,0.015693087762848643,立方米,0.005437872809637735,包,0.0038550140736744107,UNKNOWN,0.0027412949575955792
109042399,其他电光源,A 首要单位>=90%,853766470.3699926,21,0.9101106727384813,0.9642993053044225,0.9889382303501482,个,0.9101106727384813,OTHER,0.05418863256594115,套,0.02463892504572564,UNKNOWN,0.005129843653970147,千米,0.0017399802423210882
107020231,碳酸酯、过碳酸酯及其盐,A 首要单位>=90%,853324085.3000003,9,0.9994727274575382,0.9998280977151273,0.9999455876837419,千克,0.9994727274575382,桶,0.00035537025758904816,个,0.00011748996861462427,UNKNOWN,1.9922090906438396e-05,OTHER,1.9513617729594386e-05
104020116,女大衣、女风衣,A 首要单位>=90%,837188966.960001,8,0.9871484929990554,0.9931016334448708,0.9972915396648934,个,0.9871484929990554,UNKNOWN,0.005953140445815408,套,0.0041899062200225975,批,0.0019426437091086316,千米,0.000429138980778237
102050302,耐火粘土熟料,A 首要单位>=90%,810265547.9399998,12,0.9851670138875386,0.9931565442537974,0.9984822245581999,千克,0.9851670138875386,批,0.007989530366258856,个,0.005325680304402553,UNKNOWN,0.0003355000106954196,平方米,0.00029098917089519325
108031003,钴,A 首要单位>=90%,810153909.59,6,0.998297458145085,0.9997919903267698,0.999930125622638,千克,0.998297458145085,OTHER,0.0014945321816847842,UNKNOWN,0.0001381352958682079,个,5.379101363845089e-05,桶,1.2343333632816468e-05
107030120,制剂用辅料及附加剂,A 首要单位>=90%,809109906.9799999,20,0.9116767031233911,0.9483362145866875,0.9707474678460648,千克,0.9116767031233911,OTHER,0.036659511463296414,盒,0.022411253259377314,个,0.009873923692047289,UNKNOWN,0.008545655343422848
108031002,铋,A 首要单位>=90%,808269960.8100013,6,0.9989955232417813,0.9999859731147392,0.9999979431253411,千克,0.9989955232417813,个,0.0009904498729579585,瓶,1.1970010601784925e-05,OTHER,9.662613209296151e-07,套,6.186051990586524e-07
109051504,功率晶体管,A 首要单位>=90%,804598295.5099998,6,0.9871085057253006,0.9979015186591592,0.9993679155264955,个,0.9871085057253006,OTHER,0.010793012933858587,套,0.0014663968673363122,UNKNOWN,0.0006266564729426942,千米,5.229143565775438e-06
108011501,玻璃保温容器,A 首要单位>=90%,801205552.7099894,20,0.9366430815559086,0.9634831967638768,0.9729322962545045,个,0.9366430815559086,套,0.026840115207968255,千米,0.009449099490627643,批,0.009052284142899917,UNKNOWN,0.007005642298677015
109041999,其他家用美容、保健电器具,A 首要单位>=90%,790463974.9699998,13,0.9630879318173768,0.9844318126572852,0.9892778652305797,个,0.9630879318173768,套,0.021343880839908385,UNKNOWN,0.004846052573294543,批,0.0036794478079919886,盒,0.0025166472894296034
109050302,电话单机,A 首要单位>=90%,790055701.8100002,18,0.9375699355032797,0.9683089843505475,0.9897638249031399,个,0.9375699355032797,套,0.03073904884726775,项,0.021454840552592346,UNKNOWN,0.006130516328030751,千米,0.0017813895359221946
107021902,污水处理化学药剂,A 首要单位>=90%,788184703.1300001,18,0.9514342398704401,0.9629001458365312,0.974044452754844,千克,0.9514342398704401,套,0.011465905966091086,桶,0.011144306918312825,批,0.003938477196617197,UNKNOWN,0.0033801337039658106
104020109,女Ｔ恤衫,A 首要单位>=90%,780745506.1499997,15,0.9842958795107757,0.99191958557519,0.9961384428648625,个,0.9842958795107757,套,0.007623706064414345,UNKNOWN,0.0042188572896725346,OTHER,0.0034360993292538783,批,0.00023331864040854598
109040801,电力半导体器件（5A以上）,A 首要单位>=90%,773307329.6199995,17,0.9207142253518681,0.9663817266380045,0.9913811377382455,个,0.9207142253518681,套,0.04566750128613636,OTHER,0.024999411100241075,千克,0.002994262735279932,UNKNOWN,0.001997483627575397
107022601,食品用香精,A 首要单位>=90%,769549203.7599998,16,0.9937326315114945,0.9975319387367045,0.9980997886387835,千克,0.9937326315114945,个,0.00379930722521004,UNKNOWN,0.0005678499020788853,OTHER,0.0005045349252561745,罐,0.00037149080085223233
109051902,电阻器及电阻网络,A 首要单位>=90%,769408986.4199992,14,0.9539777634977209,0.9812472395895258,0.9908697944734357,个,0.9539777634977209,OTHER,0.027269476091804887,套,0.009622554883909992,次,0.00516899638579088,千克,0.0020820064338650172
109010599,其他金属切削机床,A 首要单位>=90%,766274035.4600002,18,0.9716289512446428,0.9863130175307271,0.9922448561545836,个,0.9716289512446428,套,0.01468406628608436,千克,0.005931838623856481,批,0.0020664107835122597,UNKNOWN,0.0014941377457905075
107040303,腈纶纤维,A 首要单位>=90%,755149082.7900002,10,0.9954935774702565,0.9969346717187979,0.9980152861545396,千克,0.9954935774702565,套,0.0014410942485414229,千米,0.0010806144357417286,个,0.0010193066078503787,OTHER,0.0005070271536123625
109013504,家用秤,A 首要单位>=90%,750826446.3500022,11,0.927679565012701,0.9788599723848819,0.9900613046113702,个,0.927679565012701,套,0.05118040737218085,UNKNOWN,0.011201332226488331,箱,0.009594034313812736,OTHER,0.0001669311471503146
109051904,频率控制元器件,A 首要单位>=90%,744592892.0499994,15,0.9635351755168557,0.9881503498969642,0.9991653547507162,个,0.9635351755168557,千克,0.02461517438010845,套,0.01101500485375201,OTHER,0.00029151057217643257,UNKNOWN,0.00021024552029901445
109062602,银行专用机器,A 首要单位>=90%,743379530.7799985,20,0.933955062835151,0.9650410675920387,0.9754932249064152,个,0.933955062835151,套,0.031086004756887723,UNKNOWN,0.010452157314376594,期,0.009659782806321534,OTHER,0.007695642230015952
104020107,女衬衫,A 首要单位>=90%,743228574.9300007,11,0.9812277868873461,0.9892701611200146,0.9967533639025823,个,0.9812277868873461,UNKNOWN,0.008042374232668546,套,0.00748320278256769,OTHER,0.0018565326287810666,批,0.0011481382562294094
101030304,蚕茧,A 首要单位>=90%,728615407.69,8,0.9902578879267674,0.9992908583121538,0.9999024641268219,千克,0.9902578879267674,UNKNOWN,0.009032970385386389,瓶,0.0006116058146681379,千米,3.75120258390538e-05,批,2.6254179911796205e-05
107021003,矿物颜料,A 首要单位>=90%,725329330.8599999,19,0.9308718029221985,0.987706000997606,0.9931287459117493,千克,0.9308718029221985,批,0.056834198075407474,瓶,0.005422744914143262,个,0.0019630175141432723,桶,0.0018616132597299116
109020302,压实机械,A 首要单位>=90%,718602406.9100001,10,0.9963452927310763,0.9981913274746896,0.9991052403612662,个,0.9963452927310763,套,0.001846034743613297,OTHER,0.0009139128865765852,UNKNOWN,0.0006586405437120636,次,0.00013519118370023384
109011301,电动（起升）车辆,A 首要单位>=90%,717920922.4199996,21,0.9665755776707093,0.9775192809040909,0.9845034022096777,个,0.9665755776707093,批,0.010943703233381528,UNKNOWN,0.006984121305586732,套,0.006377487850007884,月,0.004749655363860738
104010101,已梳皮棉,A 首要单位>=90%,708108700.9299998,20,0.9145879756588687,0.9489211664642777,0.9731084248011769,千克,0.9145879756588687,千米,0.034333190805409024,个,0.024187258336899196,OTHER,0.011372613751848368,批,0.006011981937813868
102049908,锆矿石,A 首要单位>=90%,702701156.3800001,15,0.9782465263772332,0.994623804008717,0.9978599481068922,千克,0.9782465263772332,个,0.016377277631483833,套,0.0032361440981751636,UNKNOWN,0.0018688220277950523,批,0.00014393173980392017
109041903,电美容仪,A 首要单位>=90%,689859906.029999,10,0.9741334109664521,0.9936892332603388,0.9992807435166723,个,0.9741334109664521,UNKNOWN,0.019555822293886645,套,0.005591510256333494,箱,0.00026249358517166154,盒,0.0002038192809452614
108031602,铝盘条（电工用圆铝杆）,A 首要单位>=90%,687357239.5299999,12,0.9804975070035399,0.9908973280556728,0.9959637165211251,千克,0.9804975070035399,个,0.01039982105213283,UNKNOWN,0.005066388465452409,OTHER,0.0023358253724043675,套,0.00103900335797486
109010504,钻床,A 首要单位>=90%,661064610.6800001,18,0.9782161155394675,0.9944960275724678,0.9968563672046181,个,0.9782161155394675,套,0.016279912033000315,批,0.002360339632150281,UNKNOWN,0.0014811963825938062,千克,0.000988488370793027
102050399,其他耐火土石类,A 首要单位>=90%,654753132.6999996,19,0.906369567630478,0.9337345741423438,0.9563943128118156,千克,0.906369567630478,个,0.027365006511865766,套,0.02265973866947183,立方米,0.01586679252248808,平方米,0.01043054415308795
103010502,非食用植物油,A 首要单位>=90%,649180555.1200011,13,0.9497322238279798,0.9847197890143731,0.9897498568502718,千克,0.9497322238279798,箱,0.03498756518639325,桶,0.00503006783589873,瓶,0.004467418836141672,个,0.0026787721632829014
107020208,烃磺化、硝化或亚硝化衍生物,A 首要单位>=90%,640613749.03,8,0.9991212292417195,0.9995390287041963,0.999807365124169,千克,0.9991212292417195,OTHER,0.0004177994624768287,UNKNOWN,0.00026833641997270016,桶,0.0001123119041839838,个,4.1928931498381144e-05
104020120,女毛衣,A 首要单位>=90%,640441771.7000002,14,0.9874336331644371,0.9927355718730674,0.9954724169032524,个,0.9874336331644371,UNKNOWN,0.005301938708630299,套,0.0027368450301849655,批,0.00123024455120812,千克,0.0010513857305288568
107040103,化纤用再生聚酯专用料,A 首要单位>=90%,624481815.64,16,0.9843549195263802,0.9905199854315488,0.9948719280052726,千克,0.9843549195263802,个,0.006165065905168684,平方米,0.004351942573723715,千米,0.0029939736485102564,卷,0.0013744651301340813
109031700,休闲专用车及其零附件,A 首要单位>=90%,615291523.1000028,16,0.9675493614158652,0.9795785396543522,0.9862543092623992,个,0.9675493614158652,套,0.012029178238486881,批,0.0066757696080470864,UNKNOWN,0.006003630704009597,副,0.0028732355861055287
109040404,电抗器,A 首要单位>=90%,607236599.7399999,12,0.9336466170727327,0.9949913917057993,0.998713719577617,个,0.9336466170727327,套,0.06134477463306666,UNKNOWN,0.0037223278718176833,千克,0.0006959991874352763,OTHER,0.0003273161731112753
107020114,氟化物及其盐,A 首要单位>=90%,605974031.6900003,16,0.9556136530884218,0.9908115211233203,0.9963376679132426,千克,0.9556136530884218,个,0.035197868034898445,瓶,0.005526146789922352,UNKNOWN,0.0019739921967678264,桶,0.0005372366850309902
106040606,运动防护用具,A 首要单位>=90%,598121163.9500009,18,0.913291851390941,0.9377185600422693,0.9511973270813068,个,0.913291851390941,副,0.024426708651328236,套,0.013478767039037476,OTHER,0.013404823576298382,批,0.011353336128677192
102050401,粘土,A 首要单位>=90%,589753357.7600002,19,0.9188484423695704,0.9422461975131968,0.9581777027201982,千克,0.9188484423695704,个,0.023397755143626426,立方米,0.01593150520700139,平方米,0.013721446234297057,UNKNOWN,0.011997749070687711
103010601,原糖,A 首要单位>=90%,587438443.94,14,0.9586410587174959,0.9845781678174857,0.9905510128128984,千克,0.9586410587174959,袋,0.02593710909998976,包,0.00597284499541261,罐,0.003519118864837431,UNKNOWN,0.0019733050534200282
104010201,毛条,A 首要单位>=90%,581409877.5700002,17,0.9031978094950343,0.9645287543854688,0.9897009274162545,千克,0.9031978094950343,个,0.061330944890434565,千米,0.025172173030785727,UNKNOWN,0.0035640535703670008,套,0.0014673670553477724
107050501,未硫化复合橡胶,A 首要单位>=90%,575164136.2700001,17,0.9613756640946552,0.9710715123722713,0.9799471894322255,千克,0.9613756640946552,个,0.009695848277616045,千米,0.008875677059954182,平方米,0.00643833101975894,卷,0.004731888027042058
107020111,金属硝酸盐、亚硝酸盐,A 首要单位>=90%,571171647.98,12,0.9948288312446079,0.9962918660660234,0.9975127162298334,千克,0.9948288312446079,瓶,0.0014630348214154714,立方米,0.0012208501638099813,OTHER,0.0008575320601647766,UNKNOWN,0.0008480779319371285
103010604,制糖副产品,A 首要单位>=90%,565022691.74,12,0.9792804276515906,0.9867162850630189,0.9912495692433623,千克,0.9792804276515906,箱,0.007435857411428217,袋,0.004533284180343423,个,0.003908811738513842,UNKNOWN,0.0022376324676563336
107021408,制革工业用整理剂、助剂,A 首要单位>=90%,555267219.82,14,0.988287746569826,0.9955645202668395,0.9982425691718011,千克,0.988287746569826,桶,0.007276773697013518,OTHER,0.002678048904961558,UNKNOWN,0.0005157705871649305,瓶,0.0005129337728460326
107020304,稀土化合物,A 首要单位>=90%,547709774.86,7,0.9999228698812054,0.9999651692906069,0.9999870787042248,千克,0.9999228698812054,个,4.229940940148807e-05,批,2.1909413617946323e-05,瓶,6.573736977617978e-06,份,5.173579384673755e-06
109010602,金属加工压力机,A 首要单位>=90%,537489217.03,13,0.9612269915940718,0.975926497332359,0.9885249579813324,个,0.9612269915940718,千克,0.014699505738287242,套,0.01259846064897344,批,0.007978397955024742,桶,0.0012572449987629849
109030702,其他低速载货汽车,A 首要单位>=90%,532508882.50999993,9,0.9860941689364948,0.99867431259236,0.9994267078728133,个,0.9860941689364948,UNKNOWN,0.01258014365586512,OTHER,0.0007523952804533285,套,0.00035563765454455805,千克,0.00010706131272642085
107021508,工业用脂肪醇,A 首要单位>=90%,531793460.67,13,0.9922565658012945,0.9987467518890504,0.9992072314137356,千克,0.9922565658012945,UNKNOWN,0.006490186087755903,OTHER,0.0004604795246851639,个,0.0004024226242465954,桶,0.00025846421621437195
107020302,非金属基础化学品,A 首要单位>=90%,527722978.98999995,20,0.9216628289351346,0.9617878780101745,0.971417658315982,千克,0.9216628289351346,个,0.0401250490750399,套,0.009629780305807564,瓶,0.008239458320200219,OTHER,0.007960554736578196
107021407,造纸工业用整理剂、助剂,A 首要单位>=90%,524969808.99,16,0.9556257934245439,0.974719956895173,0.985004797923246,千克,0.9556257934245439,套,0.01909416347062911,OTHER,0.010284841028073003,瓶,0.006184851365541763,个,0.005095035189063511
107020303,贵金属化合物,A 首要单位>=90%,522789840.83000004,12,0.9239923806535459,0.9646200517388888,0.9821270970278124,千克,0.9239923806535459,个,0.04062767108534287,瓶,0.01750704528892365,OTHER,0.008889367231432469,桶,0.003794465471728742
109041802,家用干衣机,A 首要单位>=90%,521682011.8399999,16,0.9317753778696208,0.9680101649831884,0.9852123788919024,个,0.9317753778696208,批,0.03623478711356751,UNKNOWN,0.01720221390871404,月,0.008687141126479827,套,0.0022054028965692316
108041901,保险箱、柜、库门及钱箱,A 首要单位>=90%,516677842.7799992,20,0.9102317681934173,0.957137438232609,0.9772729605225203,个,0.9102317681934173,套,0.04690567003919169,千克,0.02013552228991138,UNKNOWN,0.007248106905166031,千米,0.00490151312929116
102040299,其他贵金属矿石,A 首要单位>=90%,511989602.13999903,13,0.9655553065017562,0.9923365891736857,0.9944475498171882,千克,0.9655553065017562,个,0.026781282671929432,UNKNOWN,0.002110960643502419,OTHER,0.0015190889556138466,套,0.0012071928754345954
107020203,无环烃饱和氯化衍生物,A 首要单位>=90%,511486195.0299998,13,0.9807436905908627,0.993568042496617,0.9968156022472816,千克,0.9807436905908627,瓶,0.012824351905754313,桶,0.0032475597506645784,UNKNOWN,0.001608284266502543,罐,0.0006340092912595224
109011304,其他工业车辆,A 首要单位>=90%,510950718.44999933,21,0.9128221188823733,0.9368285400636762,0.9568355679841201,个,0.9128221188823733,桶,0.024006421181302903,套,0.020007027920443884,UNKNOWN,0.015104524998833593,千克,0.013950970088904094
104010506,毯子,A 首要单位>=90%,509319222.11000013,15,0.9315761583754375,0.9516697325342972,0.9707100958840739,个,0.9315761583754375,平方米,0.020093574158859658,千克,0.01904036334977666,OTHER,0.016035998614315084,套,0.007852854725235925
104011401,围巾类,A 首要单位>=90%,499534686.36000013,16,0.952258321711792,0.9754699299676476,0.9863289277672334,个,0.952258321711792,UNKNOWN,0.023211608255855564,批,0.01085899779958575,套,0.005452965518468384,千米,0.004292321891847093
109042301,白炽灯泡,A 首要单位>=90%,499260744.120002,18,0.9481719743746155,0.9716331469742073,0.9893676904052282,个,0.9481719743746155,OTHER,0.023461172599591795,套,0.017734543431020922,盒,0.0030690737816785074,批,0.0029011216424655643
107020212,酚及酚醇衍生物,A 首要单位>=90%,494148635.3599999,9,0.9964577301954405,0.9976740666517016,0.998573978719001,千克,0.9964577301954405,OTHER,0.0012163364562610174,桶,0.0008999120672994103,瓶,0.0008282153196716663,个,0.0004372359742379843
107021602,松香类产品,A 首要单位>=90%,491536927.5200001,15,0.9938288093728694,0.9961465879286905,0.9969513280770975,千克,0.9938288093728694,桶,0.0023177785558210055,立方米,0.0008047401484070698,个,0.0007559870463341336,箱,0.0007520881531021047
109010302,燃气轮机,A 首要单位>=90%,489919845.05,10,0.9697313290942795,0.9986031089842254,0.9991990104014669,套,0.9697313290942795,个,0.028871779889945895,千米,0.0005959014172414365,千克,0.0005239804073946035,UNKNOWN,0.00017326875173088072
107021808,未灌（录）制相关媒体,A 首要单位>=90%,489097553.41,11,0.953458275856641,0.9904529207978153,0.994544240302582,千克,0.953458275856641,个,0.036994644941174326,千米,0.004091319504766688,OTHER,0.0037330063445839144,UNKNOWN,0.0012797502985571107
109051599,其他半导体分立器件,A 首要单位>=90%,488579704.99999976,11,0.9525563435959749,0.973695118813828,0.983877915907293,个,0.9525563435959749,套,0.021138775217853154,千米,0.010182797093465031,卷,0.007411508015872255,OTHER,0.0042055102350188715
106010104,化学溶解浆,A 首要单位>=90%,487165578.72999996,17,0.9707293550230423,0.9881538056012811,0.9924342069700233,千克,0.9707293550230423,UNKNOWN,0.017424450578238826,个,0.004280401368742246,桶,0.002658370308871432,瓶,0.0011808944948445172
109012401,齿轮传动轴,A 首要单位>=90%,484500060.6400001,16,0.9104167389315355,0.9717170337153335,0.9814932604793575,个,0.9104167389315355,套,0.061300294783798,千克,0.009776226764023961,UNKNOWN,0.0057868948175081505,OTHER,0.004923400931774957
109042106,家用电动器具零件,A 首要单位>=90%,478562784.2499996,15,0.9862035504487727,0.9909715733395957,0.993099828259368,个,0.9862035504487727,套,0.0047680228908230276,千米,0.0021282549197723178,盒,0.0016949939416439292,千克,0.0016541624130690033
109052204,汽车用音响设备,A 首要单位>=90%,477193915.0099999,12,0.9251007054873048,0.9731200011640315,0.9848408819088809,个,0.9251007054873048,套,0.04801929567672675,UNKNOWN,0.011720880744849381,千克,0.007173274495606819,OTHER,0.006876296819357468
109012406,离合器,A 首要单位>=90%,475509900.82000005,13,0.9399207974203374,0.9830908018400153,0.9969838890472589,个,0.9399207974203374,套,0.043170004419677895,千克,0.013893087207243566,UNKNOWN,0.001554942134169967,副,0.000498220961522481
104011005,涂焦油、蜡、沥青或类似产品纺织物,A 首要单位>=90%,465376392.6500001,19,0.9189806805942631,0.9511156569407045,0.9693211713454112,千克,0.9189806805942631,个,0.03213497634644145,千米,0.01820551440470666,平方米,0.010852827022960934,UNKNOWN,0.007151791566064947
107021601,松节油类产品,A 首要单位>=90%,461903914.4900001,7,0.996907507827516,0.9992530264862964,0.9998342818763843,千克,0.996907507827516,桶,0.0023455186587803965,瓶,0.0005812553900878719,个,8.191480698269582e-05,罐,6.964452777049679e-05
102050506,萤石,A 首要单位>=90%,450181668.67,5,0.9833922863361179,0.9998331207038661,0.9999915456353181,千克,0.9833922863361179,UNKNOWN,0.016440834367748267,瓶,0.00015842493145201838,个,7.232635681544753e-06,套,1.221729000260938e-06
109010508,磨床,A 首要单位>=90%,449917875.2099997,16,0.9195227526287997,0.9632952493334656,0.9854760872149168,个,0.9195227526287997,OTHER,0.04377249670466592,套,0.02218083788145121,副,0.008003654707693564,UNKNOWN,0.0035031628589202797
106040703,电子乐器,A 首要单位>=90%,444173714.9599997,16,0.947489388758404,0.9923644255034195,0.9964886812580964,个,0.947489388758404,套,0.044875036745015445,批,0.00412425575467691,千米,0.001639810586417958,千克,0.0005253753928708167
109051502,半导体三极管,A 首要单位>=90%,443686584.5199997,8,0.9586893932124879,0.9945371795664678,0.9991261868320418,个,0.9586893932124879,OTHER,0.035847786353979914,套,0.00458900726557402,UNKNOWN,0.0005487504208931635,批,0.00017894162855045987
109032501,航天器及其运载工具,A 首要单位>=90%,440012888.94,16,0.9986659033752077,0.9991317988186204,0.9995571823805676,个,0.9986659033752077,批,0.00046589544341268994,千米,0.000425383561947257,千克,0.0002246579645385785,次,7.53682467799758e-05
103011203,淀粉制品,A 首要单位>=90%,436214350.9799999,17,0.9137572021060699,0.9533138416829993,0.9695650395724631,千克,0.9137572021060699,袋,0.039556639576929384,包,0.016251197889463814,箱,0.01183310867330145,个,0.007403433478849644
107020236,氯化钴,A 首要单位>=90%,433747696.39,8,0.9977899080087839,0.9997021956287605,0.9998158145837663,千克,0.9977899080087839,UNKNOWN,0.0019122876199766784,个,0.00011361895500578891,批,0.000106052436434474,瓶,3.084742607594048e-05
304040101,航空地面服务,A 首要单位>=90%,431129731.36,15,0.9028719920384384,0.9466210011835543,0.9634737235812426,UNKNOWN,0.9028719920384384,批,0.04374900914511589,千克,0.016852722397688275,个,0.013666876166051107,次,0.00789285215674113
304070104,音像制作服务,A 首要单位>=90%,430479529.34,11,0.9154018759130435,0.9451510707461508,0.9661730234830777,UNKNOWN,0.9154018759130435,个,0.029749194833107326,项,0.021021952736926863,次,0.017533065397027876,OTHER,0.007642765371547924
107020221,醛醇,A 首要单位>=90%,420297845.24,13,0.98770019035656,0.991054954165056,0.9942753382934283,千克,0.98770019035656,套,0.0033547638084959887,个,0.0032203841283723637,瓶,0.002763243597732036,桶,0.0013254650156055126
108031503,铜粉及片状粉末,A 首要单位>=90%,411914701.7200001,12,0.961264346663582,0.9946359756018083,0.9971506296446836,千克,0.961264346663582,个,0.033371628938226275,平方米,0.002514654042875369,批,0.001745111905446461,千米,0.00044036184977758153
107030116,麻醉用药,A 首要单位>=90%,398880089.4,9,0.9254740718577467,0.9779330290633454,0.9902506047222122,千克,0.9254740718577467,个,0.05245895720559874,盒,0.012317575658866669,瓶,0.009415511527911325,桶,0.00014500598434733503
109010506,铣床,A 首要单位>=90%,397901422.85,15,0.9753126186389559,0.9861912646839885,0.9906504640688294,个,0.9753126186389559,套,0.010878646045032608,UNKNOWN,0.004459199384840802,OTHER,0.002653781060737918,千克,0.0023223570636698968
107020104,非金属卤化物及硫化物,A 首要单位>=90%,396318924.0900001,16,0.9705865912238075,0.9876688552755302,0.9935526137292912,千克,0.9705865912238075,个,0.01708226405172264,OTHER,0.005883758453760994,瓶,0.005406315090604735,UNKNOWN,0.000371096334442514
107020228,无机酸酯及其盐,A 首要单位>=90%,390316699.6000001,12,0.9973507148142529,0.9982749172641344,0.9990432049400327,千克,0.9973507148142529,桶,0.0009242024498815473,瓶,0.0007682876758983539,个,0.00032908507407352543,箱,0.0002714088331566738
109023501,拖拉机,A 首要单位>=90%,380104959.29999995,8,0.9936771069116646,0.9961214437119816,0.998347228930775,个,0.9936771069116646,套,0.0024443368003170384,千克,0.002225785218793382,桶,0.0008549873713789244,批,0.0005757034593891973
109061905,物镜,A 首要单位>=90%,377659895.9300003,8,0.9954108457406311,0.9989264592444967,0.999486488022451,个,0.9954108457406311,套,0.0035156135038656366,UNKNOWN,0.0005600287779542306,批,0.0002621406219376541,副,0.00024512764261619895
104020117,男大衣、男风衣,A 首要单位>=90%,370399784.1800002,7,0.9763851957706614,0.9850332342599154,0.9925692251789693,个,0.9763851957706614,UNKNOWN,0.008648038489253957,套,0.0075359909190538844,批,0.006221542501979756,OTHER,0.0006523097213323001
109010605,冲床,A 首要单位>=90%,362000322.83,12,0.9459959387959422,0.9842882847298703,0.9925556214454937,个,0.9459959387959422,套,0.03829234593392807,千克,0.008267336715623448,批,0.0030412856303363533,副,0.0016687929316673421
108030700,镁,A 首要单位>=90%,360524341.0999999,15,0.9550056362338636,0.9769794957126127,0.9850019664039821,千克,0.9550056362338636,OTHER,0.02197385947874908,个,0.008022470691369361,平方米,0.007695924972872797,套,0.004106186770865997
109011207,流动式起重机,A 首要单位>=90%,359641803.55,12,0.9621648331598687,0.9924888470324211,0.9963849589865066,个,0.9621648331598687,UNKNOWN,0.030324013872552492,批,0.003896111954085433,OTHER,0.0009608314622745417,套,0.0006823235996976747
108031301,碱金属,A 首要单位>=90%,358128645.2700001,14,0.9911139948953237,0.9979930075421414,0.9987889698974707,千克,0.9911139948953237,个,0.006879012646817642,UNKNOWN,0.0007959623553292981,批,0.0005220334996075248,立方米,0.00034289354292622615
107040102,化纤木浆粕,A 首要单位>=90%,341476308.0,11,0.9442732592153948,0.9970797953572814,0.9993799490768771,千克,0.9442732592153948,OTHER,0.0528065361418866,千米,0.00230015371959568,立方米,0.00033823722845217126,个,0.00016869457309465815
107020226,酮醇、酮醛及酮酚,A 首要单位>=90%,340835072.25,7,0.9990995924862601,0.9995048611961032,0.999815561351756,千克,0.9990995924862601,瓶,0.00040526870984299067,OTHER,0.0003107001556527755,盒,0.0001297875823282444,桶,3.529566344386086e-05
102050602,湖盐,A 首要单位>=90%,338934536.84999996,8,0.9983651066511253,0.9993812751513936,0.9996840533838918,千克,0.9983651066511253,袋,0.0010161685002683138,瓶,0.0003027782324980849,个,0.00013348211846590989,UNKNOWN,0.00011394108832612467
102040111,钛矿石,A 首要单位>=90%,337557146.83,6,0.9930568210390155,0.9981068934075277,0.9994682375956613,千克,0.9930568210390155,UNKNOWN,0.005050072368512204,个,0.001361344188133657,立方米,0.0004661758800777218,瓶,6.0668838424308946e-05
108031603,铝粉及铝片状粉末,A 首要单位>=90%,335493144.3899998,16,0.9587021975510358,0.9916921273158418,0.9957347084614744,千克,0.9587021975510358,个,0.03298992976480596,卷,0.004042581145632574,套,0.00154907785357265,UNKNOWN,0.0008163892603468771
107020109,金属过氧化物、超氧化物,A 首要单位>=90%,335291970.73,12,0.9982859045841488,0.9992413115964388,0.9996597266264634,千克,0.9982859045841488,个,0.0009554070122900732,UNKNOWN,0.00041841503002459923,瓶,0.0002789399632695463,套,3.989358877541171e-05
109061801,钟,A 首要单位>=90%,332958999.3000029,13,0.9803949443513361,0.9876650344978377,0.9928789513273865,个,0.9803949443513361,UNKNOWN,0.007270090146501585,套,0.005213916829548764,OTHER,0.002341302597733971,平方米,0.002283524402699613
102050501,硫铁矿石,A 首要单位>=90%,329482589.16,15,0.9685755239559195,0.9942466052460226,0.9989341027066244,千克,0.9685755239559195,个,0.025671081290103086,套,0.004687497460601781,千瓦时,0.0003146866129234226,桶,0.00023992163046167073
109011502,自动扶梯等连续运载乘客输送机,A 首要单位>=90%,328852043.2199999,7,0.9913995567662996,0.9970676833856408,0.9986644728562438,个,0.9913995567662996,套,0.005668126619341126,千克,0.0015967894706030651,OTHER,0.0012323837371716606,桶,5.826328403616481e-05
109012702,工业风扇,A 首要单位>=90%,326882792.5899996,17,0.9361329986366536,0.9723226377616404,0.981291058053121,个,0.9361329986366536,套,0.036189639124986815,平方米,0.00896842029148061,千米,0.006035239800690428,OTHER,0.00280867843402072
107020224,多聚甲醛,A 首要单位>=90%,322619267.5400001,9,0.9945211507871865,0.9971895823615445,0.9986510009668098,千克,0.9945211507871865,千米,0.0026684315743580427,个,0.0014614186052652393,UNKNOWN,0.0011207669112793122,桶,7.439109320097985e-05
107040101,化纤棉绒浆粕,A 首要单位>=90%,318463202.22,17,0.9898806221329969,0.9954698528120578,0.9978536787445609,千克,0.9898806221329969,个,0.005589230679060902,千米,0.002383825932503053,立方米,0.001329669478445653,卷,0.00040578594041369676
101020402,天然树脂、树胶,A 首要单位>=90%,315982781.6099999,21,0.933261975850229,0.9498339836454609,0.961367279768216,千克,0.933261975850229,套,0.016572007795231974,个,0.01153329612275515,UNKNOWN,0.010757732091223618,桶,0.008487163181283702
108031104,钯,A 首要单位>=90%,315307351.15,5,0.9958934843248104,0.9981585123915371,0.9998229646413368,千克,0.9958934843248104,立方米,0.0022650280667266963,OTHER,0.0016644522497996953,瓶,0.0001624446744206522,个,1.4590684242599208e-05
101010499,其他杂豆,A 首要单位>=90%,313400316.47,20,0.9111482502198891,0.9342099925991182,0.9524644987669434,千克,0.9111482502198891,袋,0.023061742379229058,个,0.018254506167825247,OTHER,0.013532727751428364,盒,0.010989230862278586
103011500,植物蛋白,A 首要单位>=90%,312822417.81,13,0.9714660671940031,0.9899634866900524,0.9940122553456584,千克,0.9714660671940031,盒,0.018497419496049383,箱,0.004048768655605961,个,0.002098195438150015,OTHER,0.0017551185552611911
107021511,工业级混合油,A 首要单位>=90%,312702496.4099999,13,0.9827395606943822,0.9914329842557844,0.99519816468612,千克,0.9827395606943822,OTHER,0.008693423561402264,桶,0.0037651804303355367,立方米,0.002600414161496909,UNKNOWN,0.000876975410009008
109022813,针织机械,A 首要单位>=90%,312491411.99,15,0.9638491348992289,0.9895315277652985,0.9924472878951454,个,0.9638491348992289,套,0.025682392866069624,副,0.0029157601298468888,桶,0.002899824971922743,OTHER,0.0017067201834560087
109061906,已装配光学元件,A 首要单位>=90%,312109796.06000024,12,0.9187583717009462,0.975745601466015,0.9840906552672077,个,0.9187583717009462,套,0.05698722976506881,OTHER,0.008345053801192753,千米,0.007246290531570565,UNKNOWN,0.002982697985618617
109041402,家用冷藏箱,A 首要单位>=90%,311495145.6599999,11,0.9757678777818293,0.9889045113281718,0.9982164389469927,个,0.9757678777818293,UNKNOWN,0.01313663354634251,套,0.009311927618820924,OTHER,0.001699651238154066,箱,3.040175788272669e-05
102040106,锑矿石,A 首要单位>=90%,304991214.44,8,0.9966296381622421,0.9997119433418392,0.9998543867892014,千克,0.9966296381622421,UNKNOWN,0.0030823051795970282,个,0.00014244344736214233,套,0.0001311513188123951,元,6.2296876435887675e-06
109023607,农田基本建设机械,A 首要单位>=90%,301723457.90000004,8,0.9289156121659309,0.9990973151312276,0.9996809329951669,个,0.9289156121659309,套,0.07018170296529669,千克,0.0005836178639393752,UNKNOWN,0.00019421758058805542,千米,0.00012069661488524256
107020121,硼化物、硼酸盐和过硼酸盐,A 首要单位>=90%,297006677.17,11,0.9924190452839171,0.9946334301801313,0.9965758287332446,千克,0.9924190452839171,个,0.00221438489621415,UNKNOWN,0.0019423985531133098,瓶,0.0012962337872950926,OTHER,0.0008418129935068489
109020307,建筑工程用货运自卸车,A 首要单位>=90%,290017027.71000004,13,0.9160771310837043,0.9474494674663044,0.9705002754232935,个,0.9160771310837043,UNKNOWN,0.03137233638260018,套,0.023050807956989116,立方米,0.014812923344265658,批,0.00795999537761072
107020222,醛醚、醛酚及含有相关含氧基醛,A 首要单位>=90%,290004705.33,10,0.9954900128654405,0.9982685884719399,0.9993922052064657,千克,0.9954900128654405,桶,0.0027785756064994537,瓶,0.0011236167345257606,个,0.0002725612327912225,OTHER,0.00017404814153813164
109020107,矿山用牵引车及其矿车,A 首要单位>=90%,287846439.23000014,13,0.9570476477212179,0.9949550524790766,0.9974655056287943,个,0.9570476477212179,套,0.037907404757858726,千克,0.0025104531497177752,批,0.0009535848375761055,OTHER,0.0006840800272768408
109025202,餐饮服务用机械,A 首要单位>=90%,287655834.23,18,0.9101975340456837,0.9527877906375394,0.9691528622259572,个,0.9101975340456837,套,0.04259025659185567,批,0.016365071588417823,UNKNOWN,0.014649964953015718,平方米,0.0048309158189675004
108012005,瓷绝缘子,A 首要单位>=90%,284377648.61,15,0.9817142149342002,0.9873332989508609,0.9917099305394668,个,0.9817142149342002,千克,0.005619084016660686,套,0.004376631588605918,OTHER,0.0039277042533388574,千米,0.0019436907320309104
103011206,糊精及改性淀粉,A 首要单位>=90%,279632035.76,15,0.9942567301860278,0.9957069770395323,0.9971405205493469,千克,0.9942567301860278,包,0.0014502468535045078,OTHER,0.0014335435098146282,UNKNOWN,0.0008883417428366542,个,0.0007768652093440669
306010902,不动产融资性售后回租,A 首要单位>=90%,278919775.58,4,0.9855763388177327,0.997310337718292,0.9999992829479388,UNKNOWN,0.9855763388177327,元,0.01173399890055942,次,0.002688945229646811,月,7.170520612391495e-07,,
109011205,门座起重机,A 首要单位>=90%,277718339.86,8,0.9005062221532466,0.9878387654495466,0.9938880598564155,个,0.9005062221532466,套,0.08733254329629997,瓶,0.006049294406868848,UNKNOWN,0.0055592832679984315,批,0.00025907543605607953
108031802,锌末、锌粉及锌片状粉末,A 首要单位>=90%,276205582.92000014,4,0.9959332710507689,0.9978679926242817,0.9990114332696921,千克,0.9959332710507689,个,0.0019347215735127895,瓶,0.0011434406454103973,批,0.0009885667303078563,,
104011001,帘子布,A 首要单位>=90%,272072648.49,19,0.9062910247998078,0.9369897397436108,0.9658091092521492,千克,0.9062910247998078,个,0.03069871494380291,千米,0.028819369508538424,UNKNOWN,0.019121780667310323,平方米,0.006520761200533569
108031103,铂,A 首要单位>=90%,270201607.13,6,0.9866884224405464,0.9965134796568892,0.9993899407122302,千克,0.9866884224405464,OTHER,0.009825057216342694,个,0.0028764610553410216,UNKNOWN,0.0005440345139371267,副,5.181316332165371e-05
109021001,木工机床,A 首要单位>=90%,269360718.72,14,0.9607719022646956,0.9876159908695984,0.9946196067604552,个,0.9607719022646956,套,0.02684408860490287,UNKNOWN,0.007003615890856797,批,0.0018480758900760923,千克,0.001768072131167203
102020603,焦（重）油砂,A 首要单位>=90%,265870561.98000002,17,0.9902632367768691,0.9937624630284388,0.9953564830539875,千克,0.9902632367768691,个,0.003499226251569681,平方米,0.0015940200255486743,UNKNOWN,0.0009042010826985954,OTHER,0.0008454372621249762
103020702,食品用氨基酸,A 首要单位>=90%,265086861.73999998,12,0.9877431311809531,0.9959659798943606,0.9977965023382679,千克,0.9877431311809531,盒,0.008222848713407536,箱,0.0018305224439072196,平方米,0.0005658522607096296,瓶,0.0004486585612705742
103040400,烟丝,A 首要单位>=90%,264982495.63,14,0.9910903397811734,0.9956225061687861,0.9977260525508774,千克,0.9910903397811734,个,0.004532166387612643,批,0.0021035463820912614,次,0.0005949449590063852,UNKNOWN,0.0005755870765628505
104020121,男毛衣,A 首要单位>=90%,263754299.6800002,6,0.9885815190362626,0.9934667129139103,0.9957426510530356,个,0.9885815190362626,UNKNOWN,0.004885193877647724,批,0.0022759381391253136,OTHER,0.002261808739132508,套,0.0019938340745080806
107021509,工业用脂肪酸,A 首要单位>=90%,263266627.3,9,0.9690376820123452,0.983657050860848,0.9951404479818776,千克,0.9690376820123452,箱,0.014619368848502736,个,0.011483397121029627,套,0.0032935316142897993,桶,0.0006205605764601216
107020117,溴化物及其盐,A 首要单位>=90%,262075865.52,9,0.9869378079770617,0.9920030683640342,0.9950748433189797,千克,0.9869378079770617,桶,0.005065260386972545,UNKNOWN,0.003071774954945496,千米,0.0028630080015618216,瓶,0.0013300239581709962
102020601,沥青页岩,A 首要单位>=90%,261690952.06,18,0.9513820716006913,0.9655242434292055,0.9725167412423529,千克,0.9513820716006913,个,0.014142171828514231,OTHER,0.006992497813147357,千米,0.006002248062592035,卷,0.005750027878896624
109010205,农用柴油机,A 首要单位>=90%,258037971.1,14,0.9583630757744708,0.9715487611040203,0.9782987130299909,个,0.9583630757744708,套,0.013185685329549548,批,0.006749951925970635,千克,0.006471330567673961,箱,0.005805747478224534
101030101,猪,A 首要单位>=90%,257309447.6699991,15,0.9500900647594164,0.9647003699543558,0.9786522226846299,千克,0.9500900647594164,OTHER,0.014610305194939496,批,0.01395185273027411,个,0.012411353912258045,箱,0.0029817764444622684
108012901,天然研磨料,A 首要单位>=90%,253239203.1199999,18,0.9116531657249041,0.9314005390319916,0.9503921201171722,千克,0.9116531657249041,个,0.019747373307087528,平方米,0.018991581085180606,UNKNOWN,0.013230822000384761,OTHER,0.010569034837515727
104010302,麻纱线,A 首要单位>=90%,251310799.23,17,0.9339990275355426,0.9729173787562906,0.9879617269959371,千克,0.9339990275355426,个,0.038918351220747896,千米,0.015044348239646479,卷,0.0053706588182259075,平方米,0.002213259444895364
107040202,人造纤维长丝,A 首要单位>=90%,248817637.5099999,13,0.9456608500293449,0.9812504623197682,0.9931543511262076,千克,0.9456608500293449,千米,0.03558961229042337,平方米,0.011903888806439465,个,0.005109054899490033,箱,0.0005013032888192544
109021603,制酒、饮料加热及冷却设备,A 首要单位>=90%,246976510.0,14,0.9411217383790872,0.9951989302545412,0.9973159712638259,个,0.9411217383790872,套,0.05407719187545406,瓶,0.002117041009284648,次,0.00047372926275458344,千克,0.00045388931927169916
107022603,烟用香精,A 首要单位>=90%,246907052.11,6,0.991425674755305,0.998939315998624,0.9997918364438733,千克,0.991425674755305,瓶,0.007513641243318961,个,0.0008525204452492622,盒,9.682996008290886e-05,OTHER,5.8394443888045004e-05
103010503,植物油分离制品,A 首要单位>=90%,241178096.9,17,0.9022587276664094,0.933150743963765,0.961940557173374,千克,0.9022587276664094,瓶,0.03089201629735557,桶,0.02878981320960908,箱,0.024766688089742528,个,0.0036592424492259104
107021616,纤维素,A 首要单位>=90%,239547363.20000002,10,0.9671548445998507,0.9823559737267022,0.9969322139046614,千克,0.9671548445998507,瓶,0.01520112912685152,盒,0.014576240177959094,UNKNOWN,0.0007583911489283301,平方米,0.0007158083383152847
104020105,女浴衣,A 首要单位>=90%,238262824.52,10,0.9541000179443352,0.9890247672700593,0.9954322442781725,个,0.9541000179443352,套,0.03492474932572414,千克,0.006407477008113158,UNKNOWN,0.002815471953509434,批,0.001533571176015873
102050603,井矿盐,A 首要单位>=90%,238247426.55,9,0.937642047198012,0.9908654456775705,0.9983861984762328,千克,0.937642047198012,立方米,0.053223398479558516,UNKNOWN,0.007520752798662286,箱,0.0005451055731455916,个,0.000521181243374064
109023205,封装测试设备,A 首要单位>=90%,236086196.0699999,15,0.9008114010483831,0.9570019163806165,0.9769281462843977,个,0.9008114010483831,套,0.05619051533223344,卷,0.019926229903781265,OTHER,0.009718475023926039,UNKNOWN,0.006502593313608303
109040304,小功率电动机,A 首要单位>=90%,234342879.20000008,10,0.9290062062188745,0.9654116958976068,0.9990624823303784,个,0.9290062062188745,套,0.03640548967873224,千克,0.03365078643277161,批,0.0005801584433208583,OTHER,0.000180177866484112
107030410,中成药栓剂,A 首要单位>=90%,233376135.56,9,0.9845943240024401,0.9927359050833021,0.9964379405460406,盒,0.9845943240024401,瓶,0.00814158108086208,OTHER,0.0037020354627385534,个,0.0034089513398231014,批,4.8974201979026036e-05
102050507,重晶石,A 首要单位>=90%,232405456.2800001,7,0.9903554013925581,0.998991103721259,0.9999062113241707,千克,0.9903554013925581,UNKNOWN,0.008635702328700935,OTHER,0.0009151076029117397,套,8.36899456291887e-05,瓶,7.207231821536817e-06
109022602,肥皂成型专用设备,A 首要单位>=90%,232266312.16,17,0.9584942815410997,0.985993168101972,0.9986151410120189,箱,0.9584942815410997,个,0.027498886560872324,套,0.012621972910046828,千克,0.00026784977735877616,OTHER,0.00022983862577206554
107020123,氧化铁,A 首要单位>=90%,229694097.2799999,15,0.9701999679092493,0.9835666117035708,0.989740775588467,千克,0.9701999679092493,个,0.013366643794321545,UNKNOWN,0.006174163884896157,套,0.0036251917653110023,OTHER,0.002516745649302914
109030603,中轻型商用客车底盘（车架）改装、改制的车辆,A 首要单位>=90%,229224326.86,5,0.9785641276939989,0.9946666540294972,0.9984169465127424,个,0.9785641276939989,套,0.016102526335498208,UNKNOWN,0.0037502924832452053,车,0.0015741784693750456,千克,8.875017882558783e-06
109060404,数学计算器具,A 首要单位>=90%,225745250.3100011,15,0.9921079286604991,0.9968339818932246,0.998060279410536,个,0.9921079286604991,套,0.004726053232725466,OTHER,0.0012262975173114228,UNKNOWN,0.000841093709565362,盒,0.0006351093092905185
104020301,毛皮服装,A 首要单位>=90%,219312527.2999999,10,0.9600867967381269,0.9808045690694114,0.9883873589833007,个,0.9600867967381269,套,0.020717772331284433,UNKNOWN,0.00758278991388925,批,0.0038059841372317287,千米,0.003709727073123745
109051404,真空开关管,A 首要单位>=90%,203092394.8200001,13,0.9699098999969141,0.9899565229815335,0.9944295265167231,个,0.9699098999969141,套,0.02004662298461934,批,0.0044730035351896865,UNKNOWN,0.0026419452115651588,平方米,0.0011014691131012774
102050699,其他原盐,A 首要单位>=90%,201599199.85000002,12,0.9900504440419782,0.9936472949746185,0.995027547823871,千克,0.9900504440419782,个,0.0035968509326402462,OTHER,0.0013802528492525658,瓶,0.0011269987686907974,袋,0.0011072932341303634
109024704,心脏起搏器,A 首要单位>=90%,196994425.6900001,4,0.9537259174310599,0.99809805765474,0.9999861925027043,个,0.9537259174310599,套,0.04437214022368004,盒,0.001888134847964285,副,1.3807497295788069e-05,,
101010202,木薯,A 首要单位>=90%,196635097.9,17,0.9737809712759321,0.9805528752453709,0.9865348213097413,千克,0.9737809712759321,千米,0.006771903969438815,个,0.0059819460643704345,UNKNOWN,0.004366485989376365,平方米,0.004068449267418398
109060302,自动抄表系统（不含表）,A 首要单位>=90%,196447117.67,10,0.9490359240759229,0.9853170068657083,0.9946435798474396,个,0.9490359240759229,套,0.03628108278978548,OTHER,0.009326572981731241,UNKNOWN,0.003061802978501293,批,0.0010799853035074567
109022812,织机,A 首要单位>=90%,196392160.01000002,14,0.9310578637695589,0.9765981464852467,0.9876139357605916,个,0.9310578637695589,套,0.045540282715687816,千米,0.011015789275345012,UNKNOWN,0.005972879110552432,OTHER,0.0031814494018915286
107020238,环氧环己烷,A 首要单位>=90%,195225148.04999998,12,0.9901706115263976,0.9931394269981193,0.9947106897327821,千克,0.9901706115263976,平方米,0.0029688154717217026,OTHER,0.001571262734662836,批,0.0013284507789620295,个,0.0009065929864459386
108031105,铑,A 首要单位>=90%,193139805.4,4,0.9998703374483155,0.9999505021764923,0.9999948224033988,千克,0.9998703374483155,瓶,8.01647281767428e-05,个,4.4320226906472794e-05,OTHER,5.1775966012234575e-06,,
103011299,其他淀粉及淀粉制品,A 首要单位>=90%,191609385.44,13,0.9231288595484157,0.9554903879556017,0.9781212894119286,千克,0.9231288595484157,个,0.03236152840718594,袋,0.022630901456326895,箱,0.007008527671628651,套,0.0047004222571447336
109062204,照相机、缩微阅读机零件,A 首要单位>=90%,191481274.27,11,0.9379632763293079,0.9569644644813654,0.9757509831303255,个,0.9379632763293079,批,0.019001188152057518,千克,0.018786518648960103,套,0.014875604263963622,千米,0.004526533434166705
304070301,广播节目播出服务,A 首要单位>=90%,188105620.3,8,0.9974978150081356,0.9988280196006456,0.9995588711285306,UNKNOWN,0.9974978150081356,个,0.0013302045925099877,OTHER,0.0007308515278849432,月,0.0003725566513548771,批,5.103515771984618e-05
109023609,园艺、草坪专用机械,A 首要单位>=90%,186988876.9100002,16,0.940741833508454,0.9856240093826873,0.9895129372270425,个,0.940741833508454,套,0.04488217587423333,OTHER,0.003888927844355163,平方米,0.0027416629719999286,千克,0.0022427755967637016
109041603,家用换气、排气扇,A 首要单位>=90%,183224833.4899996,16,0.9405761138235976,0.9884083035604672,0.9926784104837336,个,0.9405761138235976,套,0.04783218973686958,UNKNOWN,0.004270106923266506,平方米,0.002872688652374887,千米,0.0015828935656575698
109013599,其他衡器（秤）,A 首要单位>=90%,180341987.10999998,11,0.926982419951001,0.9596527340825973,0.9767710144091692,个,0.926982419951001,套,0.03267031413159636,UNKNOWN,0.017118280326571922,OTHER,0.012500653154192696,千克,0.009296016013051018
107020118,碘化物及其盐,A 首要单位>=90%,180149712.91,13,0.9763162751076293,0.9851962670552112,0.9928139851066721,千克,0.9763162751076293,OTHER,0.00887999194758195,瓶,0.0076177180514608684,批,0.003359877682971324,UNKNOWN,0.0020941981749839247
101011999,其他种子、种苗,A 首要单位>=90%,175687909.9,14,0.9204196749909653,0.9597876016965468,0.9868981441505554,OTHER,0.9204196749909653,平方米,0.03936792670558146,千克,0.02711054245400867,袋,0.010804427869171207,UNKNOWN,0.001153458425883408
102051000,滑石,A 首要单位>=90%,174897008.9,16,0.9287779625944191,0.952552309200755,0.9705144511479407,千克,0.9287779625944191,立方米,0.023774346606335813,包,0.017962141947185695,套,0.0077258839845145,个,0.0074122484892879155
107020116,氯氧化物及氢氧基氯化物,A 首要单位>=90%,174649184.14999998,15,0.965244909505064,0.9910401751510273,0.9939276221921018,千克,0.965244909505064,UNKNOWN,0.025795265645963225,批,0.002887447041074541,个,0.002449214876564312,卷,0.0011597191305860448
102050305,煅烧白云石,A 首要单位>=90%,174301485.10999998,6,0.999602596902968,0.9998029887698414,0.9999378385675076,千克,0.999602596902968,瓶,0.00020039186687340556,千米,0.00013484979766619043,个,4.8334814787625995e-05,包,1.2621808693205345e-05
109025205,洗衣店用洗衣机械,A 首要单位>=90%,170445393.1,19,0.9124502714412174,0.9690605343794416,0.9826015281136982,个,0.9124502714412174,套,0.05661026293822429,项,0.013540993734256582,UNKNOWN,0.0068213113822200465,桶,0.002952491650535552
107030112,泌尿系统用药,A 首要单位>=90%,168633781.33,10,0.9152841887471895,0.9905941030469094,0.9936834772274036,千克,0.9152841887471895,盒,0.07530991429971985,袋,0.003089374180494159,瓶,0.002481565595573542,包,0.0021690997919580363
107020204,无环烃不饱和氯化衍生物,A 首要单位>=90%,167936259.19,7,0.9317714112767239,0.9739141497427086,0.994981024859876,千克,0.9317714112767239,个,0.042142738465984764,瓶,0.021066875117167483,桶,0.004441756673620235,OTHER,0.00030966272710150156
102050509,冰晶石,A 首要单位>=90%,167728204.95,4,0.9993675962249068,0.999937075281983,0.999999402306845,千克,0.9993675962249068,千瓦时,0.0005694790570761427,个,6.232702486213545e-05,包,5.976931550056514e-07,,
108031202,单一稀土金属,A 首要单位>=90%,166346923.64999998,7,0.9921802870082714,0.999419119344802,0.9998465393321389,千克,0.9921802870082714,个,0.00723883233653056,UNKNOWN,0.00042741998733680824,批,0.00012909165693488918,套,1.3020980204944116e-05
101010999,其他饲料作物,A 首要单位>=90%,165368969.20000002,13,0.9072932912736569,0.9440719117090559,0.96813144554571,千克,0.9072932912736569,批,0.036778620435399076,个,0.02405953383665404,袋,0.0145180583855269,箱,0.007915469306801483
107020229,亚磷酸酯,A 首要单位>=90%,164599355.77,6,0.9999029321231224,0.9999560192081789,0.999996177324042,千克,0.9999029321231224,瓶,5.30870850564569e-05,OTHER,4.015811586308009e-05,包,3.4629540154244553e-06,UNKNOWN,2.366959446332224e-07
103020705,食品用酶制剂,A 首要单位>=90%,163878095.10000008,15,0.9715584719412571,0.9842517200457745,0.9910981142469969,千克,0.9715584719412571,袋,0.012693248104517411,箱,0.006846394201222317,盒,0.0021120024600530026,包,0.0021118227533021886
107021414,增炭剂,A 首要单位>=90%,163722558.32000002,13,0.9856522013575629,0.994504014845399,0.9983700201564256,千克,0.9856522013575629,个,0.008851813487836048,UNKNOWN,0.003866005311026708,OTHER,0.0007787534064230715,套,0.0007640303284017239
103020703,柠檬酸及其盐和酸酯,A 首要单位>=90%,162591368.29999998,12,0.9923984796184289,0.9943377584577472,0.9958708450084433,千克,0.9923984796184289,个,0.001939278839318311,瓶,0.001533086550696062,桶,0.0009357569936878379,箱,0.000725119612638133
107020227,醌基化合物,A 首要单位>=90%,160878054.78,10,0.9919293539956363,0.9953817202662225,0.9974491505969462,千克,0.9919293539956363,OTHER,0.0034523662705862558,桶,0.002067430330723694,盒,0.0016340294539207753,瓶,0.0006190480742459907
107050701,初级形状再生橡胶,A 首要单位>=90%,159341959.79,17,0.9411810084277112,0.9927771798368943,0.9944693144156038,千克,0.9411810084277112,个,0.05159617140918309,平方米,0.0016921345787095142,批,0.0015921732124693105,千米,0.0013731598399339608
109041902,电动脱毛器,A 首要单位>=90%,153514106.34,7,0.9190294539938239,0.9986354425336259,0.9995794338283349,个,0.9190294539938239,套,0.0796059885398021,UNKNOWN,0.0009439912947090541,盒,0.00033009350872139536,OTHER,8.058151980250129e-05
108031108,钌,A 首要单位>=90%,151485899.4,3,0.9998974882806815,0.9999975089430666,0.9999999999999999,千克,0.9998974882806815,OTHER,0.00010002066238516189,个,2.4910569333161314e-06,,,,
104030604,人造毛皮,A 首要单位>=90%,143985706.93,9,0.9397211677113234,0.9653262114938452,0.9835450230407116,千米,0.9397211677113234,个,0.02560504378252178,千克,0.018218811546866363,平方米,0.0076773816899577164,OTHER,0.0075210292263694755
102050601,海盐,A 首要单位>=90%,133995098.82000001,16,0.9300805153135824,0.9778238907529617,0.9885281916015083,千克,0.9300805153135824,UNKNOWN,0.047743375439379364,个,0.010704300848546514,袋,0.006308976577834506,桶,0.0017585966358108916
110030103,淡化水,A 首要单位>=90%,132066879.36999999,18,0.9071115765851385,0.959414697193053,0.9743860576085633,千克,0.9071115765851385,立方米,0.05230312060791446,桶,0.014971360415510363,个,0.00827494861098572,UNKNOWN,0.008169752061583825
108031299,其他稀土金属,A 首要单位>=90%,130777275.02,3,0.9515090882645308,0.9990849497362466,1.0,千克,0.9515090882645308,个,0.0475758614717158,OTHER,0.0009150502637533853,,,,
108041304,镍丝制品,A 首要单位>=90%,130246544.23,8,0.981603470908458,0.9922904612484242,0.9954653960034667,个,0.981603470908458,千克,0.010686990339966274,平方米,0.0031749347550424447,千米,0.0017427525723766376,套,0.0015739995345901855
101010201,马铃薯,A 首要单位>=90%,130226732.98,19,0.9189517046271831,0.9508356568310495,0.9705658929446638,千克,0.9189517046271831,个,0.03188395220386646,立方米,0.01973023611361428,套,0.009199543769434736,箱,0.005312953063993851
109051307,税控设备,A 首要单位>=90%,128432178.64999999,14,0.9241901241391112,0.9534082047591272,0.9741813798157508,个,0.9241901241391112,次,0.02921808062001602,UNKNOWN,0.020773175056623554,套,0.016722021401293113,千克,0.0051713831142737535
107040309,PBT纤维,A 首要单位>=90%,127423294.13,9,0.9916005677980035,0.9970361153148758,0.9990497973637658,千克,0.9916005677980035,个,0.00543554751687222,千米,0.0020136820488899096,卷,0.0006630534124616419,OTHER,0.00015183644507150523
104020302,毛皮服装附件,A 首要单位>=90%,127179195.6899999,13,0.9329808044959181,0.957295816186491,0.9679773449745113,个,0.9329808044959181,套,0.024315011690572846,千米,0.01068152878802029,OTHER,0.0060578427613108355,包,0.005880445036175088
107021416,石墨增碳剂,A 首要单位>=90%,124755591.42,11,0.9855643109098251,0.995656805247503,0.9974195639142439,千克,0.9855643109098251,UNKNOWN,0.01009249433767784,个,0.0017627586667409668,瓶,0.001252769500918294,批,0.0011633065768684567
107021405,农药乳化剂,A 首要单位>=90%,115124689.03999999,12,0.9839711554889947,0.9894859231317495,0.9926032509872481,千克,0.9839711554889947,个,0.0055147676427548,UNKNOWN,0.003117327855498545,桶,0.0023858432304174676,瓶,0.0019239833075513516
101011499,其他盆景及园艺产品,A 首要单位>=90%,114917049.47,23,0.9120312463065886,0.9360593976795565,0.9487932383650678,OTHER,0.9120312463065886,批,0.024028151372967894,袋,0.012733840685511293,千克,0.009474221405973591,个,0.007804842050301207
109020805,橡胶压延机械,A 首要单位>=90%,114900023.64,10,0.9325689213583177,0.9881960923328493,0.993248963355914,套,0.9325689213583177,个,0.05562717097453158,OTHER,0.0050528710230646565,千克,0.0042654898969871095,千米,0.0017068438611854754
107021512,脂肪酸甲酯,A 首要单位>=90%,113851784.69,10,0.9954086087326314,0.9977696915275295,0.9989442185704221,千克,0.9954086087326314,桶,0.002361082794898083,个,0.0011745270428926819,瓶,0.0007222987344810853,套,0.0001246357273944987
106040103,文件架,A 首要单位>=90%,111774807.1400004,20,0.9011963230125064,0.9594911488925341,0.9689841590542154,个,0.9011963230125064,套,0.058294825880027684,批,0.009493010161681376,立方米,0.00847693057357036,OTHER,0.004986490733121011
108032101,镁材,A 首要单位>=90%,111522705.59,8,0.9712333444294803,0.995518208804604,0.9983274146819414,千克,0.9712333444294803,个,0.0242848643751237,平方米,0.002809205877337431,UNKNOWN,0.0008035515236642133,副,0.0006545752240658134
107021510,工业用脂肪胺,A 首要单位>=90%,111194612.74000001,5,0.999890398557091,0.9999394387027027,0.9999880022065177,千克,0.999890398557091,桶,4.904014561164431e-05,个,4.85635038149421e-05,瓶,1.0513908643520493e-05,箱,1.4838848387898976e-06
103010202,粗磨谷物,A 首要单位>=90%,109926626.84,13,0.9138013766783567,0.9803089575089885,0.9856128612742575,千克,0.9138013766783567,袋,0.0665075808306318,批,0.0053039037652690335,OTHER,0.0043009883373221125,箱,0.0032329009832828236
107021102,用作发光体有机、无机产品,A 首要单位>=90%,109694174.83999999,19,0.9693017932364074,0.9824355213682923,0.9882485475470304,千克,0.9693017932364074,OTHER,0.013133728131884822,个,0.005813026178738153,平方米,0.003370515713703873,瓶,0.0030775535755878432
107050702,再生胶粉,A 首要单位>=90%,109001413.97999999,15,0.9777117082128333,0.9945390588225835,0.9962625382999641,千克,0.9777117082128333,个,0.01682735060975032,袋,0.0017234794773806294,UNKNOWN,0.0010821126597645996,立方米,0.0008220076852988363
102050402,煅烧高岭土,A 首要单位>=90%,107583065.31,11,0.9420985804591963,0.9922130244422201,0.9967199047639778,千克,0.9420985804591963,个,0.050114443983023935,UNKNOWN,0.0045068803217575846,包,0.0010247895398993814,平方米,0.0009295143219042008
101030307,生毛皮,A 首要单位>=90%,107393651.83,6,0.9116512037879176,0.9925582016592088,0.9990762778031141,千克,0.9116512037879176,个,0.08090699787129123,平方米,0.006518076143905349,千米,0.0009139064397899803,套,8.892518167756584e-06
109010512,齿轮加工机床,A 首要单位>=90%,106015964.28,11,0.9897878356589712,0.9937147913097302,0.9964834401825053,个,0.9897878356589712,套,0.003926955650758903,UNKNOWN,0.00276864887277522,批,0.0023412775772565938,副,0.0005553031602345767
109022809,细纱机,A 首要单位>=90%,105553121.05,13,0.9863753624175758,0.9967143099460251,0.9981372196478505,个,0.9863753624175758,套,0.01033894752844923,千克,0.0014229097018254393,千米,0.0009187131468529892,盒,0.0007245614268835493
102050406,干化污泥,A 首要单位>=90%,104793895.78,9,0.9798557049121283,0.9904725433426386,0.9973195006454411,千克,0.9798557049121283,个,0.010616838430510348,套,0.006846957302802547,OTHER,0.0015978554738677547,立方米,0.0007053368848427404
109061807,时间记录器及类似计时仪器,A 首要单位>=90%,104050206.7,13,0.9693788082594939,0.9905680931242206,0.9954712452291553,个,0.9693788082594939,套,0.02118928486472675,UNKNOWN,0.0049031521049347415,OTHER,0.0022177368725976782,批,0.0017913659752489468
109025201,自动售货机、售票机,A 首要单位>=90%,100366589.25,15,0.9200903007670952,0.9662257069276667,0.9810096197923753,个,0.9200903007670952,套,0.04613540616057151,千克,0.01478391286470861,UNKNOWN,0.011772921734510371,立方米,0.004389209629338879
109051903,电位器,A 首要单位>=90%,100351793.00000004,12,0.9578202264906218,0.977000088478738,0.9865106610501717,个,0.9578202264906218,套,0.019179861988116137,千克,0.009510572571433772,UNKNOWN,0.005244929305847079,千米,0.003713278944602413
107040199,其他化学纤维用浆粕,A 首要单位>=90%,99740685.0,16,0.9665563141059238,0.9746023221115837,0.9824285582157372,千克,0.9665563141059238,箱,0.008046008005659877,个,0.007826236104153486,平方米,0.00608892198805332,千米,0.003987172736982908
107010201,页岩原油,A 首要单位>=90%,99694844.08,7,0.9921405804158614,0.9972998622698683,0.9996292676884038,千克,0.9921405804158614,UNKNOWN,0.005159281854006988,个,0.0023294054185354616,桶,0.00017678045602696928,瓶,0.00010366634398571999
301030101,航空旅客运输服务,A 首要单位>=90%,98472060.35,10,0.9187835467078251,0.9625194895193436,0.9939273425591526,个,0.9187835467078251,UNKNOWN,0.04373594281151851,千克,0.031407853039808975,次,0.005095656963168234,OTHER,0.0005382237338349751
106040704,媒诱音响器，相关乐器,A 首要单位>=90%,97814622.54,11,0.9017628957667294,0.9482329142769087,0.9924906733683951,个,0.9017628957667294,OTHER,0.046470018510179276,套,0.044257759091486444,批,0.004088947333374845,UNKNOWN,0.0022688633277631416
109022811,织造准备设备,A 首要单位>=90%,97197525.13999999,11,0.9132810898440125,0.9711204020271416,0.984061044787215,个,0.9132810898440125,套,0.05783931218312912,千克,0.01294064276007347,千米,0.006634366451935775,OTHER,0.0032881907182271703
102050512,蛇纹石,A 首要单位>=90%,96555811.10000001,4,0.9986641763087006,0.9998777857089535,0.9999702503664224,千克,0.9986641763087006,OTHER,0.0012136094002528656,卷,9.246465746896926e-05,个,2.9749633577465746e-05,,
109011203,装卸桥,A 首要单位>=90%,95871248.17999999,6,0.981697803112925,0.991731164921191,0.9971869299177827,个,0.981697803112925,套,0.010033361808265967,千克,0.005455764996591703,千米,0.0024179619479321565,UNKNOWN,0.0002330208526966943
101010299,其他薯类,A 首要单位>=90%,95487429.97999999,19,0.9220825071786061,0.9428989246946742,0.9557969574541479,千克,0.9220825071786061,个,0.02081641751606812,项,0.012898032759473795,OTHER,0.010369311858193129,平方米,0.00808129405264783
101030202,活鸭,A 首要单位>=90%,95202685.78,7,0.9969777586877655,0.9981770179215211,0.9993380231924798,千克,0.9969777586877655,UNKNOWN,0.0011992592337556215,箱,0.0011610052709586489,个,0.0005523943948548549,份,9.513261023884529e-05
102040108,镁矿石,A 首要单位>=90%,93812234.95,11,0.987573223038324,0.9921221073094155,0.9949636119398305,千克,0.987573223038324,批,0.00454888427109155,UNKNOWN,0.002841504630414948,箱,0.002412478501558181,个,0.0009683152741048731
109031202,摩托车，排气量是250毫升以上（含250毫升）,A 首要单位>=90%,93113150.67999999,5,0.9918955437068881,0.9970332568709939,0.9991742004277757,个,0.9918955437068881,UNKNOWN,0.005137713164105768,千克,0.0021409435567818122,套,0.0004863974601788225,副,0.00033940211204546903
109062703,文件装订用机械,A 首要单位>=90%,90910463.21000016,18,0.9176773589557866,0.961252104261498,0.9776709779235102,个,0.9176773589557866,套,0.043574745305711364,OTHER,0.01641887366201218,盒,0.014765959523263534,UNKNOWN,0.004751155969827773
107021415,脱硫剂,A 首要单位>=90%,87804346.63999997,11,0.9051917492862742,0.9481094506781014,0.9700551265328565,千克,0.9051917492862742,个,0.04291770139182715,桶,0.021945675854755164,UNKNOWN,0.010460508450291001,袋,0.008691011199351716
101011903,种用油料,A 首要单位>=90%,87428447.33,14,0.9678566177734726,0.9795672531703875,0.987466208614413,千克,0.9678566177734726,桶,0.011710635396914809,瓶,0.007898955444025498,盒,0.005917819723449045,个,0.0035675170899778117
106041099,其他游艺用品及室内游艺器材,A 首要单位>=90%,87161063.36,13,0.9208958512641992,0.9631100505655877,0.9863949043955307,个,0.9208958512641992,副,0.04221419930138861,套,0.023284853829942997,千克,0.009500380423077942,UNKNOWN,0.0024779568040368617
101030308,制刷用兽毛,A 首要单位>=90%,86057127.08,17,0.9766626617905451,0.9975496876649859,0.9981990514294542,千克,0.9766626617905451,个,0.020887025874440798,OTHER,0.0006493637644683502,袋,0.0006127083460616031,千米,0.0004850103810832445
109010702,抛光机床,A 首要单位>=90%,85439589.32000019,20,0.9524132704480562,0.9690987254150816,0.9818151781584431,个,0.9524132704480562,套,0.016685454967025313,千克,0.012716452743361544,项,0.005587105506934557,UNKNOWN,0.00307133545571213
108032414,钒加工材,A 首要单位>=90%,83559235.82000001,2,0.9995626814960501,1.0,1.0,千克,0.9995626814960501,个,0.0004373185039499084,,,,,,
109010513,锯床,A 首要单位>=90%,83126128.09,12,0.9594080810988006,0.9905566604864587,0.9956058551216951,个,0.9594080810988006,套,0.031148579387658085,批,0.005049194635236378,UNKNOWN,0.002644780829463989,千米,0.0012570656471195686
102049901,锂矿石,A 首要单位>=90%,83060427.50999999,13,0.9637759272351716,0.9822297819280753,0.9973776993867053,千克,0.9637759272351716,个,0.01845385469290369,套,0.015147917458629995,平方米,0.001488422389652591,批,0.0004960244154177964
109032301,航标器材,A 首要单位>=90%,80210062.61,8,0.9151732833936009,0.9595562101008065,0.9807300696483024,个,0.9151732833936009,平方米,0.044382926707205575,千米,0.021173859547495996,OTHER,0.011646254467373243,套,0.005754833059343002
108011700,玻璃制绝缘子,A 首要单位>=90%,78758622.06999998,12,0.9177446322735037,0.9854582497776297,0.9938693687458009,个,0.9177446322735037,千米,0.06771361750412608,千克,0.008411118968171153,套,0.0016864770676402467,立方米,0.0013611208167751028
101030201,活鸡,A 首要单位>=90%,75031260.88,10,0.9319221135285286,0.9670410523427686,0.9794979801490976,千克,0.9319221135285286,个,0.03511893881424001,盒,0.012456927806329036,批,0.010208573346848441,箱,0.004068582700325801
109024002,磨粉（浆）机械,A 首要单位>=90%,74416196.17,12,0.9199009984817932,0.9552979031284984,0.9880069789114027,个,0.9199009984817932,千克,0.03539690464670522,套,0.03270907578290426,批,0.007091948623581468,千米,0.002736716474122894
102040303,稀土矿产品,A 首要单位>=90%,73368595.8,8,0.9904631370905971,0.9980685709130064,0.9989545085446491,千克,0.9904631370905971,套,0.007605433822409342,千米,0.0008859376316426653,批,0.0006983006753960528,个,0.00028415291001112497
102050514,天然碱,A 首要单位>=90%,71463072.12,6,0.9982396010097531,0.9992775149672646,0.9997081009900475,千克,0.9982396010097531,批,0.0010379139575115149,个,0.0004305860227829231,包,0.0002118576706942724,袋,7.913177858494785e-05
107020235,硫酸铵,A 首要单位>=90%,70158750.71,8,0.9074389903713836,0.9966908276209241,0.9977512797989786,千克,0.9074389903713836,UNKNOWN,0.08925183724954046,立方米,0.0010604521780544687,套,0.001059026839105471,OTHER,0.0004665704515649863
109042303,冷阴极荧光灯,A 首要单位>=90%,69273704.22999999,7,0.9200047639779577,0.9812844059024849,0.9960645421949021,OTHER,0.9200047639779577,个,0.061279641924527145,套,0.014780136292417234,平方米,0.002105246740029857,UNKNOWN,0.0010081964112690558
109022304,感光胶片生产设备,A 首要单位>=90%,67349225.58999999,13,0.9320955096374702,0.9679096114162165,0.9827706583136675,盒,0.9320955096374702,个,0.035814101778746235,OTHER,0.014861046897451047,批,0.0124790992418596,箱,0.0015984593595087249
306030201,出口货物保险服务,A 首要单位>=90%,67177347.17999999,8,0.9262454358799824,0.9954639459164188,0.9987324917762556,单,0.9262454358799824,UNKNOWN,0.06921851003643638,个,0.003268545859836676,次,0.000556674110690895,批,0.00035427269755429486
108030900,汞及汞化合物,A 首要单位>=90%,65835209.49,10,0.9909807667568796,0.9971712232490384,0.9987213782616916,千克,0.9909807667568796,批,0.006190456492158721,瓶,0.001550155012653245,UNKNOWN,0.0005468201632360295,个,0.00034456197794047606
108032203,铂加工材,A 首要单位>=90%,65260873.86,4,0.9848949209274349,0.9956624586332194,0.9994790141781899,千克,0.9848949209274349,个,0.01076753770578456,OTHER,0.0038165555449704487,套,0.0005209858218101402,,
109030701,三轮运输车,A 首要单位>=90%,65082595.319999985,10,0.971053772352851,0.9924774896023615,0.9973927776056611,个,0.971053772352851,UNKNOWN,0.021423717249510577,套,0.004915288003299621,千克,0.0016717219014553586,OTHER,0.00077747360490479
108031902,镍粉及镍片状粉末,A 首要单位>=90%,64690916.42999999,5,0.960527917041289,0.982168397301216,0.9974036540326068,千克,0.960527917041289,OTHER,0.02164048025992697,个,0.015235256731390845,瓶,0.0022012364000761463,批,0.0003951095673170386
108031106,铱,A 首要单位>=90%,63037053.32,4,0.9970601087734982,0.9987578404148667,0.9997731162983239,千克,0.9970601087734982,OTHER,0.0016977316413685436,立方米,0.0010152758834571743,个,0.00022688370167617473,,
109023604,收获机械,A 首要单位>=90%,62757187.87,8,0.9903471226076147,0.9971069003223009,0.9989807892582361,个,0.9903471226076147,千克,0.006759777714686182,套,0.001873888935935204,批,0.0009149122506722034,UNKNOWN,0.00010270504811897652
107021615,木质素,A 首要单位>=90%,61018819.32,3,0.998817315693679,0.9999972795278269,1.0,千克,0.998817315693679,立方米,0.0011799638341478155,包,2.7204721731741303e-06,,,,
102040104,钴矿石,A 首要单位>=90%,60648555.70000001,5,0.9950920674603962,0.9980071487506174,0.998976668953058,千克,0.9950920674603962,个,0.0029150812902210624,套,0.0009695202024406987,OTHER,0.0007324749862097704,盒,0.0002908560607322096
109042504,车辆用电气音响信号装置,A 首要单位>=90%,58241129.44000001,11,0.901580503930557,0.96990390902694,0.9896028297214972,个,0.901580503930557,套,0.06832340509638302,OTHER,0.019698920694557184,千克,0.0034595482940895377,UNKNOWN,0.0025954245986202144
109040306,与内燃机配用发电机,A 首要单位>=90%,57985472.15999998,6,0.9942171749662614,0.9978314388877781,0.9995959332721246,个,0.9942171749662614,UNKNOWN,0.0036142639215167175,套,0.001764494384346495,批,0.00035577877063888355,瓶,3.86303657891953e-05
107030117,抗组织胺类药及解毒药,A 首要单位>=90%,55972059.2700001,8,0.9804781254388177,0.995148765946056,0.9990563329152281,千克,0.9804781254388177,盒,0.014670640507238184,个,0.003907566969172182,OTHER,0.0004913165668489072,瓶,0.0004166968359604533
101011209,番茄等茄果类蔬菜,A 首要单位>=90%,54189963.44,14,0.9266208801856316,0.9649128414322473,0.9770685167304848,千克,0.9266208801856316,袋,0.03829196124661567,个,0.012155675298237476,盒,0.0056279787001089,箱,0.0051486163172801734
106050305,漆线雕工艺品,A 首要单位>=90%,54074181.989999995,10,0.9909724640847961,0.9956751194120099,0.9991083659849185,千克,0.9909724640847961,个,0.004702655327213763,桶,0.0034332465729085366,套,0.0004266435321068091,平方米,0.000313458278539185
107022001,动物炭黑,A 首要单位>=90%,53795720.58,11,0.9925971587385325,0.9975445225275203,0.9996462045717615,千克,0.9925971587385325,OTHER,0.004947363788987842,个,0.002101682044241148,UNKNOWN,0.00014380177301456272,箱,0.00011618024505695729
109031802,机动客船,A 首要单位>=90%,52511633.0,2,0.9995105846355987,1.0,1.0,OTHER,0.9995105846355987,个,0.0004894153644012556,,,,,,
104011402,领带,A 首要单位>=90%,51979814.63000001,9,0.969698211291986,0.9806921475741324,0.9902073713878499,个,0.969698211291986,UNKNOWN,0.010993936282146372,千米,0.00951522381371755,套,0.007540574216934254,千克,0.0014347338583419642
109062004,眼镜盒（袋）,A 首要单位>=90%,51845849.64999998,9,0.9098166472038905,0.9387504579163551,0.962173012435143,个,0.9098166472038905,副,0.028933810712464626,UNKNOWN,0.0234225545187878,盒,0.019693010663197806,千克,0.012417576418289063
107040304,维纶纤维,A 首要单位>=90%,49738441.06,8,0.9722991776453559,0.985970695801297,0.9942077854902516,千克,0.9722991776453559,立方米,0.013671518155941174,OTHER,0.008237089688954558,个,0.0022012073090092944,卷,0.0019052084862428136
107020223,环聚醛,A 首要单位>=90%,48241358.0,9,0.9836258531528073,0.9897323819118028,0.9943046205291319,千克,0.9836258531528073,平方米,0.006106528758995549,盒,0.004572238617329139,个,0.0022432158729859967,桶,0.00207291013656788
107021503,鞣料及鞣料制剂,A 首要单位>=90%,47085184.38999999,6,0.9938323117183825,0.9988266538463055,0.9998885590007137,千克,0.9938323117183825,OTHER,0.004994342127923013,UNKNOWN,0.0010619051544081678,桶,5.755568413098446e-05,瓶,2.9036734542136945e-05
107022699,其他工业用香精,A 首要单位>=90%,44407960.47,11,0.9763319486219133,0.9928741402070519,0.996305950593907,千克,0.9763319486219133,个,0.016542191585138564,瓶,0.003431810386855175,盒,0.0013722746857777505,项,0.0007200510823189354
106050203,银蓝工艺品,A 首要单位>=90%,43977873.99,7,0.9898268390577104,0.9949749867387803,0.9996927318495871,套,0.9898268390577104,个,0.005148147681069836,批,0.004717745110806798,OTHER,0.00019100514049201313,UNKNOWN,6.003018701177555e-05
101011203,葱蒜类蔬菜,A 首要单位>=90%,40128110.16999999,13,0.9260293376033661,0.9510615655289903,0.965604012893887,千克,0.9260293376033661,个,0.025032227925624248,UNKNOWN,0.014542447364896679,袋,0.007664011056018293,桶,0.006516628839289296
107020406,微量元素肥料,A 首要单位>=90%,40038466.12999999,11,0.9566681577069696,0.9812989042195358,0.9922307578169953,千克,0.9566681577069696,立方米,0.024630746512566273,个,0.010931853597459483,桶,0.0028407681660606123,袋,0.0022693816417687033
107020219,过氧化醇、过氧化醚及过氧化酮,A 首要单位>=90%,39298069.68,5,0.9878016573357554,0.9961827300622772,0.9998419428727523,千克,0.9878016573357554,个,0.008381072726521766,OTHER,0.0036592128104751226,瓶,0.00012141410605794417,桶,3.664302118973697e-05
101010899,其他未加工烟草,A 首要单位>=90%,39184690.42,9,0.9905895188644444,0.9958604983665456,0.9979009840547823,千克,0.9905895188644444,个,0.005270979502101168,卷,0.002040485688236809,批,0.0007699435589926501,立方米,0.000586859045038233
109060406,手动测量长度器具,A 首要单位>=90%,39074908.15999997,15,0.9706553032625221,0.9834070614486122,0.9883551055798566,个,0.9706553032625221,套,0.012751758186090142,OTHER,0.004948044131244355,UNKNOWN,0.004615852947407156,千克,0.003158203712077518
108041106,锌丝,A 首要单位>=90%,38965255.93,7,0.9464440992316613,0.980948029923539,0.9972947763979949,千克,0.9464440992316613,个,0.034503930691877786,卷,0.016346746474455918,千米,0.0014122768781208415,箱,0.0011025206680838038
107030105,抗寄生虫病药,A 首要单位>=90%,36681860.86,12,0.9480909006424927,0.9752490601972149,0.9909960200421523,千克,0.9480909006424927,盒,0.027158159554722224,个,0.01574695984493738,瓶,0.006734963118226058,OTHER,0.001149555638982924
108031001,镉,A 首要单位>=90%,36647280.920000024,7,0.924206899931718,0.9818968552824354,0.9985865532530754,千克,0.924206899931718,UNKNOWN,0.05768995535071743,个,0.01668969797064004,千米,0.0011611366227385574,瓶,0.0001744058451144701
109051505,半导体敏感器件,A 首要单位>=90%,36576971.24,8,0.9078468821848793,0.9841214873645727,0.995276525252286,个,0.9078468821848793,套,0.07627460517969338,UNKNOWN,0.011155037887713307,副,0.0021663904176227795,千克,0.0014785259185391207
306010999,其他融资性售后回租,A 首要单位>=90%,35958958.839999996,8,0.9781698529289231,0.9963577910978247,0.9980880720071482,UNKNOWN,0.9781698529289231,批,0.01818793816890167,个,0.0017302809093234582,OTHER,0.0011123792593100564,套,0.00033037664001508673
109031402,三轮脚踏自行车,A 首要单位>=90%,35285481.22000001,5,0.9875801631479068,0.9978233308050659,0.9995900628388823,个,0.9875801631479068,套,0.010243167657159128,UNKNOWN,0.0017667320338163714,OTHER,0.00020560382766971933,副,0.00020433333344801688
108041502,铜弹簧,A 首要单位>=90%,35073095.16000001,14,0.9604120887060029,0.9769431295894788,0.9873544568000996,个,0.9604120887060029,千克,0.016531040883475876,套,0.010411327210620776,OTHER,0.004720495275501654,副,0.002849387530359039
109032401,民用飞机及直升机,A 首要单位>=90%,34853887.339999996,6,0.9218666152376449,0.9759774572106596,0.9887702626630457,个,0.9218666152376449,UNKNOWN,0.05411084197301477,套,0.01279280545238602,批,0.010417776257149056,次,0.0007660551530318914
108032302,包银金属材料,A 首要单位>=90%,34839099.550000004,12,0.9506886497587449,0.9906897745868979,0.993590251387539,千克,0.9506886497587449,个,0.040001124828153024,包,0.0029004768006410772,卷,0.0017907179234200384,UNKNOWN,0.0016179809675936356
109023601,土壤耕整机械,A 首要单位>=90%,34622610.8,6,0.97747813951685,0.9966959161265793,0.999054779543084,个,0.97747813951685,套,0.01921777660972927,UNKNOWN,0.002358863416504685,批,0.0008480007521558716,盒,9.375376163140188e-05
106051111,Spa气泡按摩机,A 首要单位>=90%,34369501.25,12,0.9787994886891179,0.9867801948391671,0.9943246744088263,个,0.9787994886891179,批,0.00798070615004924,套,0.007544479569659161,UNKNOWN,0.0029069930131732707,月,0.0011638222419651783
109061804,组装钟表机心,A 首要单位>=90%,33793193.23,7,0.9732703150053867,0.9887995012065335,0.9978154943956448,个,0.9732703150053867,套,0.0155291862011467,批,0.009015993189111239,UNKNOWN,0.00131289457311815,千米,0.0007480204616342498
109021801,制糖机械,A 首要单位>=90%,33734699.54,10,0.9488993029875374,0.9924543569834327,0.9965421064485344,个,0.9488993029875374,套,0.04355505399589517,OTHER,0.004087749465101654,千克,0.0015410304733367724,千米,0.0013048878632461061
109022005,谷物磨粉工业用机械零件,A 首要单位>=90%,33707060.339999996,9,0.9704145991984777,0.9870354861684152,0.9918290913766468,个,0.9704145991984777,套,0.01662088696993741,千克,0.004793605208231576,OTHER,0.003162956333913277,UNKNOWN,0.0026530940134781274
107020232,硅酸酯及其盐,A 首要单位>=90%,33507516.959999997,9,0.9936054357517514,0.9949289883161787,0.9962418749156995,千克,0.9936054357517514,个,0.0013235525644273226,立方米,0.001312886599520802,OTHER,0.0009266577418155547,套,0.0009020662448990969
103040102,烟梗,A 首要单位>=90%,33138462.09,8,0.9615539548413606,0.987958958719439,0.9974643720709854,千克,0.9615539548413606,盒,0.026405003878078277,个,0.009505413351546393,OTHER,0.0015897237432722395,瓶,0.000563333323957521
109022002,乳品加工机械零件,A 首要单位>=90%,32981298.62999997,14,0.9663039581167638,0.9799416139606387,0.9870599734477467,个,0.9663039581167638,套,0.01363765584387483,千克,0.007118359487107928,次,0.006790126808296639,OTHER,0.002616257199815424
301040301,国内固体管道运输服务,A 首要单位>=90%,32947742.55,5,0.9429140859302969,0.9994217509751666,0.9997131214684692,千克,0.9429140859302969,UNKNOWN,0.05650766504486967,次,0.00029137049330258286,个,0.00017482229598154972,立方米,0.00011205623554928499
102050505,硫磺矿石,A 首要单位>=90%,31993221.56,7,0.9492282411462162,0.9803097040784536,0.9929248763030791,千克,0.9492282411462162,个,0.03108146293223745,套,0.012615172224625448,OTHER,0.0037507945167370013,桶,0.0033213285445706144
108032105,铋材,A 首要单位>=90%,31962770.31,2,0.9999718422404794,1.0,1.0,千克,0.9999718422404794,个,2.8157759520563913e-05,,,,,,
109060802,计数装置,A 首要单位>=90%,30925663.78,8,0.9337693789025601,0.980234746314635,0.9929556486952145,个,0.9337693789025601,套,0.04646536741207499,UNKNOWN,0.012720902380579395,千克,0.0035427908930076328,盒,0.00300428927446614
109010701,砂轮机,A 首要单位>=90%,30616485.74000001,16,0.9394754572508295,0.9646372294588503,0.9849533514750148,个,0.9394754572508295,千克,0.025161772208020888,套,0.02031612201616448,箱,0.0062176371781067765,OTHER,0.003086542355073047
109031403,特种脚踏自行车,A 首要单位>=90%,28617324.11000007,5,0.9501787950361933,0.9969329106501146,0.999052358637874,个,0.9501787950361933,套,0.046754115613921274,UNKNOWN,0.0021194479877594623,千米,0.0008037089670435977,箱,0.00014393239508234335
107020503,动物、植物肥料,A 首要单位>=90%,28168795.429999996,11,0.9478722537621838,0.9857521592999122,0.990481215262956,千克,0.9478722537621838,个,0.037879905537728464,包,0.004729055963043714,箱,0.0026345897603048487,立方米,0.0025560198404266663
102050516,天然硝石,A 首要单位>=90%,26365299.4099999,2,0.9996556079315164,1.0,1.0,千克,0.9996556079315164,个,0.0003443920684836264,,,,,,
109030200,工矿有轨专用车辆（窄轨机车车辆）,A 首要单位>=90%,26345595.19,13,0.9073861936918344,0.9749633642647646,0.9872243163393114,个,0.9073861936918344,套,0.06757717057293022,千克,0.012260952074546774,副,0.005866084971147695,UNKNOWN,0.0035927652921626777
109031500,残疾人用车,A 首要单位>=90%,26264331.23000003,10,0.9945376937739755,0.9971010958042963,0.9988314410242838,个,0.9945376937739755,UNKNOWN,0.0025634020303207977,OTHER,0.0017303452199875394,盒,0.0003967738568609267,千克,0.00030703237517767137
107040401,人造纤维长丝纱,A 首要单位>=90%,25960081.12,14,0.9214045148561538,0.950056069393361,0.9715718053195359,千克,0.9214045148561538,千米,0.028651554537207087,平方米,0.021515735926174954,立方米,0.021104781509249767,个,0.003309619858383555
109022808,粗纱机,A 首要单位>=90%,25814637.55,5,0.9665521734199208,0.9870525968318312,0.9986696183537933,个,0.9665521734199208,千克,0.020500423411910346,套,0.011617021521962062,OTHER,0.0009352569817506502,平方米,0.0003951246644561159
108032410,钴加工材,A 首要单位>=90%,25325674.259999998,3,0.9948199523276977,0.9999782829079158,1.0,千克,0.9948199523276977,个,0.0051583305802180845,OTHER,2.1717092084244475e-05,,,,
106051103,熏蒸足道机,A 首要单位>=90%,25266734.460000027,5,0.9605679795472862,0.9964974583423076,0.9979837164917116,个,0.9605679795472862,UNKNOWN,0.035929478795021424,OTHER,0.0014862581494039242,套,0.0012090343549682426,盒,0.0008072491533201468
107030303,矿物类饮片,A 首要单位>=90%,24429893.42,12,0.9465279668829599,0.9750448264542613,0.9841401010909526,千克,0.9465279668829599,袋,0.028516859571301383,盒,0.009095274636691394,OTHER,0.004703584580763185,个,0.0045656854936864475
102050503,钾矿石,A 首要单位>=90%,24309925.23,13,0.9213280245864417,0.9580666015894611,0.9745444976014843,千克,0.9213280245864417,个,0.03673857700301944,千米,0.016477896012023232,UNKNOWN,0.010511484407391573,套,0.0040003380956511484
109023208,电子真空器件生产设备,A 首要单位>=90%,23791642.34999999,14,0.9187824900200721,0.9822734322500438,0.9925322784620625,个,0.9187824900200721,套,0.0634909422299718,千克,0.010258846212018655,批,0.004606995952089034,千米,0.002157555970489781
109010703,台钻,A 首要单位>=90%,23603537.13999999,13,0.9576358787215229,0.9779396224849036,0.9956974270679162,个,0.9576358787215229,套,0.02030374376338072,千克,0.017757804583012602,批,0.0020593074551367866,OTHER,0.0007443151378454801
101030103,马,A 首要单位>=90%,23258519.1300001,6,0.9669341927703375,0.9789805723542642,0.9895230320280499,千克,0.9669341927703375,批,0.012046379583926623,个,0.01054245967378573,UNKNOWN,0.010462994597369234,OTHER,1.160864965180605e-05
107040404,维纶纤维加工丝,A 首要单位>=90%,22585171.81,5,0.9858588412482836,0.994470686295833,0.9978320288899322,千克,0.9858588412482836,卷,0.008611845047549364,个,0.0033613425940991325,千米,0.002053559759924625,套,0.00011441135014327792
109061805,未组装钟表机心,A 首要单位>=90%,22389024.91,2,0.9769339485718587,1.0000000000000002,1.0000000000000002,套,0.9769339485718587,个,0.02306605142814145,,,,,,
101030104,驴,A 首要单位>=90%,22322593.84,4,0.9983552251918767,0.9997762966062191,0.999937283274066,千克,0.9983552251918767,个,0.0014210714143424114,UNKNOWN,0.00016098666784684015,批,6.271672593403241e-05,,
107021611,林产蜡（虫白蜡）,A 首要单位>=90%,21778278.98,8,0.9757754797574,0.9928771984167134,0.9994659128018939,千克,0.9757754797574,个,0.017101718659313456,瓶,0.006588714385180494,OTHER,0.000245657611646593,盒,0.00017136340311496917
109023603,田间管理机械,A 首要单位>=90%,21429660.11,9,0.9164663032072701,0.979516902379839,0.9893981295627745,个,0.9164663032072701,套,0.06305059917256896,OTHER,0.009881227182935473,千克,0.004980760285142946,UNKNOWN,0.002269751351646613
108031702,铅粉及铅片状粉末,A 首要单位>=90%,21103390.1,9,0.9579240650060294,0.9974477621962737,0.9991048727284816,千克,0.9579240650060294,个,0.039523697190244324,UNKNOWN,0.0016571105322078087,批,0.0002676356724316061,卷,0.00023219018256218462
102050515,芒硝矿石,A 首要单位>=90%,21064090.509999998,4,0.9814914472659091,0.9998528301044601,0.9999952525840149,千克,0.9814914472659091,袋,0.01836138283855105,个,0.00014242247955475578,UNKNOWN,4.747415985158526e-06,,
107021603,栲胶,A 首要单位>=90%,20912790.869999997,5,0.9958947071897918,0.9986058709150186,0.9995344954166799,千克,0.9958947071897918,个,0.002711163725226886,千米,0.000928624501661265,箱,0.0004542674413498786,盒,1.1237141970233839e-05
102050504,硼矿石,A 首要单位>=90%,20380797.28,9,0.9711215428957939,0.9907838899813638,0.999014676917487,千克,0.9711215428957939,个,0.019662347085569944,UNKNOWN,0.008230786936123237,盒,0.0005935562693551309,套,0.00013591224925818996
107021613,糠醛,A 首要单位>=90%,19498979.029999997,4,0.996419633566835,0.9995147699792157,0.999957870101879,千克,0.996419633566835,包,0.0030951364123806644,个,0.0004431001226631916,瓶,4.2129898121132555e-05,,
101030309,麝香,A 首要单位>=90%,18849256.12,6,0.9750538632927228,0.9947789663754645,0.9996248164938192,千克,0.9750538632927228,瓶,0.019725103082741707,盒,0.004845850118354697,OTHER,0.0003225591482917364,个,5.209383297403038e-05
108032002,锡粉及锡片状粉末,A 首要单位>=90%,18533364.02,8,0.9864302724681496,0.991125858218588,0.9950220737098542,千克,0.9864302724681496,OTHER,0.004695585750438414,个,0.0038962154912662206,UNKNOWN,0.0021582698077280845,立方米,0.0020827303644576018
101011202,山药等薯芋类蔬菜,A 首要单位>=90%,18522203.759999998,15,0.9211541364665347,0.9478138156493319,0.9622202773996479,千克,0.9211541364665347,OTHER,0.02665967918279721,个,0.01440646175031604,瓶,0.008957972936153469,UNKNOWN,0.008020026230399272
104010305,苎麻布,A 首要单位>=90%,18436598.87,9,0.9335590653874221,0.9686368492324855,0.9964621077640229,千米,0.9335590653874221,千克,0.035077783845063396,个,0.027825258531537382,套,0.003289435346921989,卷,0.00012203986298477187
301020301,水路旅客运输期租业务,A 首要单位>=90%,17976345.03,3,0.910192748453271,0.9681618627677174,1.0,UNKNOWN,0.910192748453271,千克,0.057969114314446374,月,0.03183813723228252,,,,
101011206,甘蓝类蔬菜,A 首要单位>=90%,17828467.45,11,0.9183484999996453,0.9486937235314638,0.9676060877571393,千克,0.9183484999996453,包,0.03034522353181849,箱,0.018912364225675493,个,0.01458402359760878,袋,0.010057002403759613
109061609,印制电路板测量仪器,A 首要单位>=90%,17460595.15,8,0.900481735870269,0.9383924974630662,0.9655545297950512,个,0.900481735870269,套,0.03791076159279714,OTHER,0.027162032331984973,千克,0.013281346827401815,批,0.01186640651249508
109020810,裁切橡胶专用机械,A 首要单位>=90%,17223107.66,12,0.903242692730169,0.9587314592679032,0.9845174398683403,个,0.903242692730169,千克,0.05548876653773411,OTHER,0.02578598060043712,套,0.012258064233687778,批,0.0022114110154729185
108032403,钽加工材,A 首要单位>=90%,16955502.04,4,0.9533793568521196,0.9811506613460325,0.9991743093205397,千克,0.9533793568521196,个,0.02777130449391282,千米,0.018023647974507277,UNKNOWN,0.0008256906794604119,,
101020204,短条及细枝等,A 首要单位>=90%,15786731.03,11,0.9395097795620073,0.9606525734289401,0.9783389481109062,千克,0.9395097795620073,立方米,0.02114279386693269,个,0.01768637468196606,千米,0.012340743604852563,箱,0.005764841361207381
109024905,放射性污染防治和处理设备,A 首要单位>=90%,15753802.6,4,0.9123452676752469,0.9974015543396488,0.9999567088646903,个,0.9123452676752469,套,0.0850562866644019,千克,0.002555154525041465,副,4.329113530976959e-05,,
101030310,鹿茸,A 首要单位>=90%,15713571.81,10,0.9374794883124665,0.9748247212802217,0.987753219807254,千克,0.9374794883124665,瓶,0.03734523296775515,OTHER,0.01292849852703222,盒,0.008335035572030138,UNKNOWN,0.002101610022171019
107020405,中量元素肥料,A 首要单位>=90%,15577184.18,9,0.9667187012742889,0.9920401968310039,0.9954073599455893,千克,0.9667187012742889,袋,0.025321495556714924,UNKNOWN,0.00336716311458545,桶,0.002285393790599708,OTHER,0.0006994845714150117
109030602,排气量在1.0升以上至1.5升（含1.5升）的乘用车底盘（车架）改装、改制的车辆,A 首要单位>=90%,14642599.38,7,0.9314611583670876,0.9655398070448336,0.9845487133719559,个,0.9314611583670876,套,0.034078648677745904,OTHER,0.019008906327122363,UNKNOWN,0.012565869981481388,千克,0.0027297065884759595
107020124,铝酸钠,A 首要单位>=90%,14544914.75,7,0.9240055958389167,0.978870131913286,0.9926206422076141,千克,0.9240055958389167,OTHER,0.054864536074369225,平方米,0.013750510294328127,千米,0.004151601507324063,次,0.0021453546161210742
101050400,淡水贝类,A 首要单位>=90%,13795060.28000002,9,0.9417020619209647,0.97636332981649,0.9821422795551569,千克,0.9417020619209647,个,0.03466126789552523,袋,0.005778949738666882,箱,0.005528645649383121,份,0.0053101906416606025
109022806,精梳机械,A 首要单位>=90%,13635411.31,4,0.9845114976586651,0.9938757182969056,0.9996589761838288,个,0.9845114976586651,卷,0.009364220638240505,千米,0.005783257886923251,套,0.00034102381617118964,,
103040301,烟草制的雪茄烟,A 首要单位>=90%,13272624.28,12,0.9892292769700854,0.9939046281810368,0.9964321162868027,个,0.9892292769700854,千克,0.004675351210951329,OTHER,0.0025274881057659234,UNKNOWN,0.001681519760461418,箱,0.0004610994684165052
109062103,电路投影装置,A 首要单位>=90%,13000428.88,9,0.9591021077144648,0.9952490036621007,0.9970497127168623,个,0.9591021077144648,套,0.03614689594763584,批,0.001800709054761584,副,0.001530718731180813,OTHER,0.0005269056938989231
108010602,陶瓷马赛克,A 首要单位>=90%,12537536.24,8,0.9095249091778498,0.939717727188799,0.9588922456426735,平方米,0.9095249091778498,箱,0.030192818010949175,OTHER,0.019174518453874474,个,0.015958794149814555,UNKNOWN,0.015423285428525309
106010510,纸扇,A 首要单位>=90%,12403668.25,10,0.9733607281861961,0.9837602227066982,0.9937309626126127,个,0.9733607281861961,千克,0.01039949452050203,批,0.009970739905914527,OTHER,0.0025467490232173855,卷,0.0016430623255342224
109023701,林地清理机械,A 首要单位>=90%,12386198.24,7,0.9964554483022711,0.9982320709247748,0.9992911529567123,个,0.9964554483022711,项,0.0017766226225037391,千克,0.001059082031937509,套,0.0006055126726277877,桶,6.0551267262778765e-05
107020239,正戊醇,A 首要单位>=90%,12335358.83,4,0.9995052499011899,0.9999207319370701,0.9999659515377065,千克,0.9995052499011899,瓶,0.00041548203588010255,OTHER,4.5219600636457524e-05,盒,3.4048462293496164e-05,,
109022402,饮片生产机械,A 首要单位>=90%,12311027.53,7,0.9740718352532187,0.9928370520019462,0.9982188286114572,个,0.9740718352532187,套,0.018765216748727394,副,0.005381776609511002,OTHER,0.0012158245900697779,批,0.0002518067636877423
109041304,燃料电池,A 首要单位>=90%,12307546.430000002,9,0.9312109058604624,0.9897457246480605,0.9950237872066269,个,0.9312109058604624,套,0.0585348187875981,千克,0.005278062558566354,OTHER,0.00199297887190664,项,0.0016250192606423503
107020218,醚酚及醚醇酚,A 首要单位>=90%,12169810.76,7,0.9759317539297546,0.9862708629332869,0.9954287703320047,千克,0.9759317539297546,个,0.01033910900353228,OTHER,0.009157907398717842,瓶,0.0033495179837948444,桶,0.0011554822237843903
109022807,成条、针梳机,A 首要单位>=90%,11867272.68,5,0.9555942621181938,0.9923698559524462,0.9996369005654296,个,0.9555942621181938,套,0.036775593834252406,千克,0.007267044612983478,OTHER,0.0003623410463338237,盒,7.583882365126542e-07
108032405,铌加工材,A 首要单位>=90%,11835456.19,3,0.9522082646482256,0.9999618096681071,1.0,千克,0.9522082646482256,个,0.04775354501988149,UNKNOWN,3.8190331892901886e-05,,,,
109041803,家用脱水机,A 首要单位>=90%,11524728.07,4,0.9900016608374517,0.9983180279931758,0.9995971904957927,个,0.9900016608374517,UNKNOWN,0.008316367155724107,OTHER,0.0012791625026168621,套,0.00040280950420724335,,
109011303,越野叉车,A 首要单位>=90%,11427406.48,8,0.9127700863932163,0.985814279006902,0.9901897250092393,个,0.9127700863932163,UNKNOWN,0.0730441926136857,千克,0.004375446002337356,项,0.004275160779963784,套,0.00392635022465745
109060806,计数装置、速度计及转速表零件,A 首要单位>=90%,10578069.74,8,0.9519168286368284,0.9936096318457435,0.9973653454094168,个,0.9519168286368284,套,0.04169280320891513,千米,0.0037557135636732903,次,0.001228957675599518,UNKNOWN,0.0006610525522967482
107020125,铝酸三钙,A 首要单位>=90%,10435048.47,3,0.9868751620662093,0.9994422642102015,0.9999999999999999,千克,0.9868751620662093,个,0.012567102143992245,立方米,0.0005577357897983966,,,,
107021605,冰片（龙脑）,A 首要单位>=90%,10413569.33,8,0.998210201573604,0.9995574821798396,0.9999579212481221,千克,0.998210201573604,个,0.0013472806062357102,UNKNOWN,0.00040043906828245987,瓶,2.0165996244440426e-05,套,1.113931221121471e-05
109062401,幻灯机,A 首要单位>=90%,9691138.21,6,0.9664944413170226,0.980012667676112,0.9906151374555622,个,0.9664944413170226,套,0.013518226359089352,UNKNOWN,0.010602469779450188,批,0.007434627227341957,OTHER,0.0014446187534044052
109041604,电热干手器,A 首要单位>=90%,9553116.92,5,0.9821018394905188,0.9954686789283009,0.9981683234753082,个,0.9821018394905188,套,0.013366839437782156,UNKNOWN,0.002699644547007177,OTHER,0.0017160441076230436,份,0.0001156324170687529
107021604,樟脑,A 首要单位>=90%,9514922.91,10,0.9319124625466881,0.9678730229460156,0.9776965329086412,千克,0.9319124625466881,袋,0.035960560399327476,OTHER,0.009823509962625645,包,0.007015562882789558,盒,0.004618409462237041
101011906,蔬菜籽,A 首要单位>=90%,9008549.99,8,0.9771319279763468,0.9945861242870231,0.9989646213863104,千克,0.9771319279763468,瓶,0.017454196310676188,个,0.004378497099287332,OTHER,0.0004939751685831517,桶,0.0003446725614495924
109060602,真空计,A 首要单位>=90%,8542728.259999998,5,0.951572108182685,0.9955292034537923,0.9987951390133532,个,0.951572108182685,套,0.04395709527110723,OTHER,0.0032659355595609225,UNKNOWN,0.0010007107495187961,盒,0.00020415023712810928
109023502,特种结构拖拉机,A 首要单位>=90%,8375704.890000001,2,0.9818847796104717,1.0,1.0,个,0.9818847796104717,UNKNOWN,0.01811522038952831,,,,,,
107022602,酒用香精,A 首要单位>=90%,8194782.62,4,0.9932047813124297,0.998391298389316,0.9996871692491582,千克,0.9932047813124297,瓶,0.005186517076886171,个,0.0012958708598422833,UNKNOWN,0.00031283075084180816,,
107040308,腈氯纶纤维,A 首要单位>=90%,8156882.600000001,7,0.9870151140829218,0.9945070694041863,0.9964293429943444,千克,0.9870151140829218,个,0.007491955321264523,套,0.0019222735901580832,千米,0.0019028433730307703,平方米,0.001648198295755783
103011202,菊粉,A 首要单位>=90%,8006072.550000001,7,0.9691780210010712,0.9816640569913396,0.9898731619662877,千克,0.9691780210010712,盒,0.01248603599026841,袋,0.008209104974948048,桶,0.00412187121636813,UNKNOWN,0.0032862555061407726
102049904,钽矿石,A 首要单位>=90%,7898668.89,7,0.9185157006878915,0.9873925111450013,0.9949127656115738,千克,0.9185157006878915,个,0.06887681045710982,套,0.007520254466572532,卷,0.0028485812373380804,盒,0.002116685764758016
108012501,已加工云母,A 首要单位>=90%,7606290.76,7,0.9109856181727137,0.9946429868005731,0.99818781579157,千克,0.9109856181727137,个,0.0836573686278593,OTHER,0.0035448289909969207,立方米,0.0009465849028363991,套,0.0005889861617648706
109010511,拉床,A 首要单位>=90%,7521855.33,5,0.9394025037703032,0.9696228403797286,0.9991159096116251,个,0.9394025037703032,套,0.030220336609425323,千克,0.02949306923189654,批,0.0005184890999492275,UNKNOWN,0.00036560128842573735
108032404,锆加工材,A 首要单位>=90%,6949887.899999999,2,0.9253803964233726,1.0,1.0,千克,0.9253803964233726,个,0.07461960357662747,,,,,,
109025203,理发用椅,A 首要单位>=90%,6938463.649999999,5,0.9706319539484797,0.993438587806106,0.9995898054463397,个,0.9706319539484797,套,0.022806633857626393,UNKNOWN,0.0061512176402336565,千克,0.00034389745631945484,OTHER,6.62970973408501e-05
109010606,冲孔机床,A 首要单位>=90%,6769357.739999999,6,0.9737245663722303,0.9914086664889423,0.996896633209992,个,0.9737245663722303,批,0.017684100116712106,套,0.00548796672104967,UNKNOWN,0.001400103283653613,OTHER,0.001333952251724253
102040110,铋矿石,A 首要单位>=90%,6560224.409999999,6,0.9451875747646871,0.9989649713827397,0.9995000140551594,千克,0.9451875747646871,个,0.053777396618052586,套,0.0005350426724197992,包,0.00020548382429496801,OTHER,0.00014740349408260564
106041010,专供游戏用家具式桌子,A 首要单位>=90%,6524723.94,7,0.9113910051495603,0.985543066516313,0.9963012381486288,个,0.9113910051495603,套,0.07415206136675262,UNKNOWN,0.010758171632315834,批,0.0017548635168770066,OTHER,0.0016736340265761495
109025103,信件处理机械,A 首要单位>=90%,6257265.08,7,0.9392434114362308,0.9955470961124759,0.9984856003575286,套,0.9392434114362308,个,0.05630368467624517,UNKNOWN,0.0029385042450526962,卷,0.0009141373949911037,OTHER,0.0004890315434742617
109010509,刨床,A 首要单位>=90%,5924238.81,8,0.9774978956326037,0.9943132424129946,0.9995132353552102,个,0.9774978956326037,套,0.016815346780390848,千克,0.005199992942215644,OTHER,0.0002271177856180987,千米,0.00014043998337737504
109060804,汽车速测仪,A 首要单位>=90%,5483979.89,6,0.9083069686457219,0.9918583891816568,0.9986852614078422,个,0.9083069686457219,套,0.08355142053593491,UNKNOWN,0.006826872226185352,次,0.0010393911200137535,OTHER,0.0002188191831607902
101020408,野生植物采集产品,A 首要单位>=90%,5469731.26,10,0.920568002457949,0.954591633812737,0.9790094038367803,千克,0.920568002457949,瓶,0.03402363135478799,个,0.024417770024043196,OTHER,0.00957746688271482,盒,0.005124200562643365
109061203,渔业专用仪器,A 首要单位>=90%,5236406.43,5,0.9677363737405693,0.9885677323179057,0.9952616359460089,个,0.9677363737405693,包,0.020831358577336406,套,0.006693903628103215,副,0.0044232624624593936,瓶,0.00031510159153173297
107020702,微生物农药,A 首要单位>=90%,5157334.68,7,0.9214489256299342,0.9589450863406058,0.9847285594426461,千克,0.9214489256299342,盒,0.037496160710671585,瓶,0.025783473102040374,个,0.01089406321018515,箱,0.003955531542118186
109062303,照相及电影洗印设备零件,A 首要单位>=90%,4895445.860000009,6,0.98099628661811,0.9900291717249223,0.9951359588726,个,0.98099628661811,套,0.009032885106812298,箱,0.00510678714767769,UNKNOWN,0.004800308423796962,盒,3.4317609632394076e-05
109061604,广播电视测量仪器,A 首要单位>=90%,4645053.069999999,2,0.9745386977893022,1.0000000000000002,1.0000000000000002,个,0.9745386977893022,套,0.02546130221069789,,,,,,
301050301,无运输工具承运水路旅客运输服务,A 首要单位>=90%,4074306.89,4,0.9161147161400991,0.9700343166834936,0.9856417296047132,千克,0.9161147161400991,批,0.05391960054339451,UNKNOWN,0.01560741292121959,次,0.014358270395286792,,
109020503,日用陶瓷制品成型机械,A 首要单位>=90%,3925374.45,10,0.9135332120990394,0.9690081744940282,0.9835167317604566,个,0.9135332120990394,套,0.055474962394988836,千米,0.014508557266428428,副,0.012271440753887823,OTHER,0.0021908737903972445
101011901,种用谷物,A 首要单位>=90%,3699192.92,9,0.9022369100987575,0.9976493494153855,0.9985556822486567,袋,0.9022369100987575,千克,0.09541243931662803,包,0.0009063328332711017,OTHER,0.0005827703627849723,个,0.00026834502051328537
108040503,畜牧专用手工具,A 首要单位>=90%,3695651.5300000003,4,0.9327412749870386,0.9869267408986474,0.9998502293856694,千克,0.9327412749870386,套,0.054185465911608825,个,0.012923488487021934,OTHER,0.00014977061433062115,,
109023904,渔业织网机械,A 首要单位>=90%,3686474.8,5,0.9042817273564436,0.9980482709389469,0.9997029682665944,个,0.9042817273564436,千米,0.09376654358250326,卷,0.0016546973276475403,套,0.00024413567129226004,千克,5.2896062113323006e-05
107020230,亚硝酸酯及硝酸酯,A 首要单位>=90%,3647045.960000001,10,0.9537512957473122,0.9777832934137195,0.9950482252765469,千克,0.9537512957473122,瓶,0.024031997666407248,桶,0.01726493186282741,OTHER,0.002097588043557312,个,0.0008832765024984766
102040304,磷钇矿石,A 首要单位>=90%,3506393.4,4,0.9528537214335391,0.9810878608201806,0.9954249286460555,千克,0.9528537214335391,卷,0.028234139386641557,个,0.014337067825874872,桶,0.004575071353944483,,
109023705,竹木采集机械,A 首要单位>=90%,3454530.33,4,0.9480874032447705,0.9966613001194868,0.9993881541633476,个,0.9480874032447705,套,0.048573896874716395,卷,0.002726854043860718,OTHER,0.0006118458366524169,,
301050500,无运输工具承运管道运输服务,A 首要单位>=90%,3134161.82,2,0.9973198575943344,1.0,1.0,千克,0.9973198575943344,UNKNOWN,0.002680142405665576,,,,,,
107021701,发射药,A 首要单位>=90%,2671788.9,4,0.955363651671732,0.9788310745658086,0.9998224036337601,千克,0.955363651671732,OTHER,0.0234674228940767,个,0.02099132906795144,盒,0.00017759636623986274,,
106051108,养生制氧机,A 首要单位>=90%,2637133.69,3,0.9931152523405061,0.9974392652046397,1.0,个,0.9931152523405061,UNKNOWN,0.0043240128641335585,盒,0.002560734795360337,,,,
109032303,海洋石油浮动工程结构物,A 首要单位>=90%,2330397.8,3,0.9599918949460046,0.9972965988896831,1.0,个,0.9599918949460046,立方米,0.03730470394367863,千克,0.002703401110316874,,,,
304080203,婚姻介绍服务,A 首要单位>=90%,2194617.18,2,0.9974925011750797,1.0,1.0,UNKNOWN,0.9974925011750797,批,0.002507498824920344,,,,,,
101050500,淡水藻类,A 首要单位>=90%,2149843.47,8,0.9572639072183241,0.9835381922015001,0.9947017956614301,千克,0.9572639072183241,OTHER,0.026274284983176,个,0.011163603459930038,盒,0.003080224254652363,袋,0.0012037992700929057
301049902,国际其他管道运输服务,A 首要单位>=90%,2104714.84,1,1.0,1.0,1.0,个,1.0,,,,,,,,
109025204,自动擦鞋器,A 首要单位>=90%,2078874.0999999999,5,0.9986827485127647,0.999452395890641,0.9997258131216317,个,0.9986827485127647,套,0.0007696473778763226,盒,0.0002734172309905636,瓶,0.00014430888335181048,桶,0.00012987799501662945
109022306,摄影、复印化学制剂生产设备,A 首要单位>=90%,2056387.8299999998,7,0.9272883121468386,0.9562006112436485,0.9806415261658108,个,0.9272883121468386,千克,0.028912299096809965,套,0.024440914922162327,千米,0.015301846053037573,次,0.002748508777159997
108041110,镁丝,A 首要单位>=90%,2049883.99,4,0.9437643737097532,0.9858216366673511,0.9986887062813735,千克,0.9437643737097532,个,0.04205726295759791,UNKNOWN,0.0128670696140224,套,0.0013112937186264867,,
107040306,氯纶纤维,A 首要单位>=90%,1961271.18,5,0.9956976882717463,0.9973443753963692,0.9985680715504115,千克,0.9956976882717463,个,0.0016466871246229194,箱,0.0012236961540422983,千米,0.0008157974360281988,瓶,0.0006161310135602972
101050700,淡水产品种苗,A 首要单位>=90%,1835745.11,6,0.9698733720173167,0.9844128687342656,0.9963099452298145,千克,0.9698733720173167,个,0.014539496716948902,OTHER,0.011897076495548992,批,0.0029296006132354616,袋,0.0007038014117330265
104020405,木制鞋,A 首要单位>=90%,1833665.43,5,0.9867358899818491,0.9988329713998044,0.9998373749130451,个,0.9867358899818491,千克,0.012097081417955293,OTHER,0.0010044035132406898,UNKNOWN,9.718239602739307e-05,副,6.544269092753742e-05
109061302,地震前兆仪器,A 首要单位>=90%,1774944.43,3,0.9481955612548388,0.9978872577999527,1.0,个,0.9481955612548388,套,0.04969169654511381,元,0.0021127422000473558,,,,
109023903,鱼货起卸设备,A 首要单位>=90%,1748984.3599999999,2,0.9999124177416887,1.0,1.0,个,0.9999124177416887,千克,8.758225831133219e-05,,,,,,
109023503,农林用自装或自卸式挂车,A 首要单位>=90%,1725956.0,3,0.9382081582612767,0.9958573683222516,1.0,个,0.9382081582612767,UNKNOWN,0.057649210060974905,套,0.0041426316777484476,,,,
102049903,铯矿石,A 首要单位>=90%,1656311.51,7,0.9031019774776545,0.979426533116346,0.9890394772418143,千克,0.9031019774776545,个,0.07632455563869142,套,0.009612944125468283,OTHER,0.0049873710048661075,桶,0.003501756743814453
109023905,网片处理机械,A 首要单位>=90%,1595087.02,6,0.9627156517140989,0.9901509887529522,0.9948529265820243,个,0.9627156517140989,平方米,0.027435337038853216,袋,0.004701937829072172,OTHER,0.002745950499929465,卷,0.002350968914536086
104030504,鞍具及挽具,A 首要单位>=90%,1528243.44,5,0.9884964727870843,0.9974755003692344,0.998942576844956,个,0.9884964727870843,套,0.008979027582150132,副,0.0014670764757216954,OTHER,0.0009789016336297835,平方米,7.852152141415376e-05
109024608,水疗仪器,A 首要单位>=90%,1506955.95,3,0.9756265271058521,0.9992211119376118,1.0,个,0.9756265271058521,套,0.02359458483175968,袋,0.0007788880623882869,,,,
101010702,甜菜,A 首要单位>=90%,1359655.66,8,0.9739904587312938,0.9879351364594768,0.9927900421493483,千克,0.9739904587312938,个,0.013944677728183032,千瓦时,0.004854905689871508,平方米,0.003570904121415565,盒,0.002399372205753919
405010200,收回土地使用权,A 首要单位>=90%,1299944.1,3,0.913844295304698,0.996957869188375,0.9999999999999999,UNKNOWN,0.913844295304698,个,0.08311357388367699,套,0.0030421308116248998,,,,
109023702,造林机械,A 首要单位>=90%,1262829.54,1,1.0,1.0,1.0,个,1.0,,,,,,,,
102050511,硫镁矾矿石,A 首要单位>=90%,1147820.0,2,0.9467512327716889,1.0,1.0,千克,0.9467512327716889,个,0.05324876722831106,,,,,,
301050401,无运输工具承运航空旅客运输服务,A 首要单位>=90%,1138317.0,4,0.9540400433271224,0.9944962607076939,0.9998972166804151,UNKNOWN,0.9540400433271224,次,0.040456217380571494,OTHER,0.005400955972721131,个,0.00010278331958496623,,
102040109,汞矿石,A 首要单位>=90%,1052442.57,6,0.9908168670904294,0.9952733572911251,0.9980241012105772,个,0.9908168670904294,盒,0.004456490200695701,瓶,0.002750743919452061,桶,0.0016067385035555906,套,0.0003135753051114228
107022605,饲料用香精,A 首要单位>=90%,1020411.0399999999,2,0.9989321950103558,1.0,1.0,千克,0.9989321950103558,个,0.0010678049896441731,,,,,,
306010700,外汇局外汇贷款,A 首要单位>=90%,1019531.44,3,0.9121837380512758,0.9607636229442812,1.0,立方米,0.9121837380512758,UNKNOWN,0.04857988489300536,次,0.039236377055718856,,,,
102050508,毒重石,A 首要单位>=90%,902798.0,2,0.9999136019353166,1.0,1.0,千克,0.9999136019353166,OTHER,8.639806468335109e-05,,,,,,
108032104,锑材,A 首要单位>=90%,802357.2,3,0.9958818840287095,0.9996208671150456,1.0,千克,0.9958818840287095,个,0.003738983086336111,瓶,0.0003791328849544816,,,,
110020104,水煤气,A 首要单位>=90%,798522.8099999999,4,0.9554036283572163,0.9831149594837497,0.9926325335653217,千克,0.9554036283572163,千瓦时,0.027711331126533508,瓶,0.009517574081571948,立方米,0.007367466434678303,,
109031803,机动渔船,A 首要单位>=90%,626709.6599999999,3,0.9280815298107898,0.993617459159637,0.9999999999999999,个,0.9280815298107898,平方米,0.06553592934884712,套,0.006382540840362985,,,,
108041116,钯丝,A 首要单位>=90%,623497.3,2,0.9978347941522762,1.0,1.0,OTHER,0.9978347941522762,UNKNOWN,0.002165205847723799,,,,,,
108032411,铍加工材,A 首要单位>=90%,615996.6,1,1.0,1.0,1.0,千克,1.0,,,,,,,,
108041118,铱丝,A 首要单位>=90%,592138.06,1,1.0,1.0,1.0,千米,1.0,,,,,,,,
109023902,捕捞机械,A 首要单位>=90%,568031.3,2,0.9228915730524003,0.9999999999999999,0.9999999999999999,个,0.9228915730524003,套,0.07710842694759953,,,,,,
101030499,其他野生动物,A 首要单位>=90%,534105.14,3,0.9980003937052544,0.9994008670277916,1.0,千克,0.9980003937052544,袋,0.0014004733225372067,个,0.0005991329722084307,,,,
109042604,电篱网激发器,A 首要单位>=90%,530827.5,3,0.9099001087924043,0.9979663826761048,1.0,套,0.9099001087924043,个,0.08806627388370045,OTHER,0.002033617323895239,,,,
109042202,沼气用具,A 首要单位>=90%,506144.3199999999,1,1.0,1.0,1.0,个,1.0,,,,,,,,
108041119,钌丝,A 首要单位>=90%,493917.3,6,0.9076680448326067,0.9972768720593509,0.9992002709765381,千克,0.9076680448326067,个,0.08960882722674424,袋,0.0019233989171871485,OTHER,0.0003846797834374297,卷,0.00030369456587165506
108041117,铑丝,A 首要单位>=90%,485520.5,1,1.0,1.0,1.0,千克,1.0,,,,,,,,
109025101,邮资机,A 首要单位>=90%,475655.0,3,0.9751815916998665,0.9994638971523478,1.0,个,0.9751815916998665,箱,0.024282305452481317,UNKNOWN,0.0005361028476521849,,,,
101011902,种用薯类,A 首要单位>=90%,470600.49,2,0.9836379260888573,1.0,1.0,千克,0.9836379260888573,平方米,0.016362073911142763,,,,,,
109032802,畜力拖曳车辆,A 首要单位>=90%,460358.09,3,0.9904226729240274,0.9971652502077241,0.9999999999999999,个,0.9904226729240274,套,0.006742577283696698,OTHER,0.0028347497922758345,,,,
108012201,耐酸陶瓷容器,A 首要单位>=90%,339732.37,1,1.0,1.0,1.0,个,1.0,,,,,,,,
110020105,发生炉煤气,A 首要单位>=90%,291454.31,3,0.9404561558894086,0.9844847036230139,1.0,个,0.9404561558894086,立方米,0.04402854773360531,千克,0.015515296376986155,,,,
108031107,锇,A 首要单位>=90%,146279.23,2,0.9224770324536162,1.0,1.0,个,0.9224770324536162,平方米,0.07752296754638371,,,,,,
101030402,野生鸟类,A 首要单位>=90%,116329.45,4,0.9578361283406739,0.9828246415675481,0.9927275509340069,千克,0.9578361283406739,个,0.024988513226874193,包,0.009902909366458795,OTHER,0.007272449065993177,,
304040503,港澳台货物运输代理服务,A 首要单位>=90%,115595.0,2,0.9939443747566936,1.0,1.0,UNKNOWN,0.9939443747566936,票,0.006055625243306371,,,,,,
101011905,种用饲料作物,A 首要单位>=90%,109042.34999999999,4,0.9382150146250517,0.989387792907985,0.9969573289643887,千克,0.9382150146250517,包,0.05117277828293319,袋,0.007569536056403774,UNKNOWN,0.003042671035611393,,
307050100,殡葬服务,A 首要单位>=90%,95716.0,1,1.0,1.0,1.0,OTHER,1.0,,,,,,,,
306040100,股票转让,A 首要单位>=90%,92350.0,1,1.0,1.0,1.0,UNKNOWN,1.0,,,,,,,,
108032412,铊加工材,A 首要单位>=90%,80000.0,1,1.0,1.0,1.0,UNKNOWN,1.0,,,,,,,,
109032604,水下潜器,A 首要单位>=90%,74912.0,2,0.910561725758223,1.0,1.0,个,0.910561725758223,套,0.08943827424177701,,,,,,
102050518,砷矿石,A 首要单位>=90%,74500.03,3,0.9339262011035432,0.9982550342597177,1.0,千克,0.9339262011035432,个,0.06432883315617458,瓶,0.0017449657402822522,,,,
108032208,钌加工材,A 首要单位>=90%,60150.0,2,0.9733998337489609,1.0,1.0,个,0.9733998337489609,千克,0.02660016625103907,,,,,,
101030105,骡,A 首要单位>=90%,55358.54,4,0.9893772487496961,0.9958532143369389,0.9996278803595615,盒,0.9893772487496961,瓶,0.006475965587242727,桶,0.0037746660226227065,个,0.00037211964043849425,,
109051403,射线计数管,A 首要单位>=90%,51817.0,2,0.9810872879556902,1.0,1.0,个,0.9810872879556902,卷,0.018912712044309783,,,,,,
306010600,住房公积金个人住房贷款,A 首要单位>=90%,51025.0,2,0.9995100440960314,1.0,1.0,UNKNOWN,0.9995100440960314,份,0.0004899559039686428,,,,,,
301050601,无运输工具承运旅客联运运输服务,A 首要单位>=90%,41950.0,3,0.9702026221692491,0.9964243146603099,1.0,个,0.9702026221692491,次,0.026221692491060787,OTHER,0.003575685339690107,,,,
109023703,营林机械,A 首要单位>=90%,34523.28,1,1.0,1.0,1.0,个,1.0,,,,,,,,
106051109,养生水氧吧,A 首要单位>=90%,32942.0,1,1.0,1.0,1.0,个,1.0,,,,,,,,
301040103,港澳台液体管道运输服务,A 首要单位>=90%,20681.3,2,0.9671200553156717,1.0,1.0,千克,0.9671200553156717,立方米,0.03287994468432836,,,,,,
301020103,港澳台水路旅客运输服务,A 首要单位>=90%,3960.0,1,1.0,1.0,1.0,千克,1.0,,,,,,,,
108032205,铑加工材,A 首要单位>=90%,2527.8,1,1.0,1.0,1.0,千克,1.0,,,,,,,,
109010707,旋锻机,A 首要单位>=90%,2200.5,1,1.0,1.0,1.0,个,1.0,,,,,,,,
109025206,焚尸炉,A 首要单位>=90%,1050.0,1,1.0,1.0,1.0,个,1.0,,,,,,,,
306030203,农牧业保险服务,A 首要单位>=90%,368.0,1,1.0,1.0,1.0,份,1.0,,,,,,,,
306040300,外汇转让,A 首要单位>=90%,42.65,1,1.0,1.0,1.0,UNKNOWN,1.0,,,,,,,,
109021604,醋化机械设备（制醋用）,A 首要单位>=90%,42.4,1,1.0,1.0,1.0,个,1.0,,,,,,,,
