product_id,v_prod,n_units,dom_unit,dom_share,千克,个,UNKNOWN,套,千瓦时,千米,立方米,项,OTHER,平方米,盒,箱,次,瓶,批,月,伏安,桶,袋,份,笔,罐,瓦,副,卷,包,元,票,期,令,单,车
305010000,4.414e+11,28,UNKNOWN,0.8000,1.40211e+09,7.50803e+08,3.53105e+11,2.2866e+08,,6.24181e+07,1.18482e+09,5.39541e+10,2.04869e+09,4.15759e+08,19500,1.85824e+06,2.33569e+10,2026,2.04887e+09,3.47254e+07,,71795,7342.65,3.10981e+07,1.66813e+09,,58905,112816,533090,6.59432e+06,9.66393e+08,,3.87938e+07,30578.6,9.16667e+07,2.20501e+06
102010100,3.6332e+11,19,千克,0.9946,3.61355e+11,1.08897e+08,1.77431e+09,6.97807e+06,1.44591e+07,1.16453e+07,495194,,4.45931e+07,1.6867e+06,268676,106024,,257540,599639,99999.9,,54331.9,250,,,,,23603,273111,12669,,,,,,
108030100,3.01687e+11,22,千克,0.9943,2.9998e+11,9.65639e+08,3.83403e+08,4.17217e+07,2.19043e+06,6.78001e+07,2400,7.44465e+06,1.42375e+08,7.82253e+07,1540,41630,65610,37451.5,1.20533e+07,,,562720,1126,,,,,1.96173e+06,3.74235e+06,160067,856.56,,,,,117845
109050501,2.70929e+11,21,个,0.9879,1.08163e+06,2.67641e+11,2.40503e+09,7.90251e+08,,52549.6,,3.075e+06,3.02413e+07,2.67836e+06,690117,,240299,,5.15751e+07,1.82025e+06,,2765,56240,83296,637415,,,14399,299897,4173.75,420046,,,,122378,
108020708,1.51939e+11,17,千克,0.9981,1.5165e+11,4.077e+07,5.93038e+06,2.03964e+07,,2.49195e+07,,49198.2,1.89734e+08,5.99072e+06,1378,223,40074.7,,752491,,,1300,,,,8194.88,,35485.8,37915.7,90,,,,,,
109031001,1.47897e+11,27,个,0.8683,1.64404e+09,1.28424e+11,2.53778e+09,1.31177e+10,3.73769e+06,1.08305e+08,3.35677e+07,2.98658e+06,4.18338e+08,8.22324e+06,3.54472e+06,8.07552e+06,7.84886e+07,1.00119e+08,3.65689e+08,6.66343e+06,,5.42956e+08,57542.6,1.38752e+06,455098,1.52325e+07,,2.08903e+08,1.37401e+08,6.89513e+06,9.23809e+06,278168,,,,1.12595e+08
109050901,1.38222e+11,21,个,0.9755,5.14625e+06,1.34838e+11,7.00503e+08,2.54779e+09,,1.02099e+07,,2.52551e+07,2.3795e+07,687056,171580,1.53262e+06,2.46915e+06,7550.02,6.32428e+07,667349,,14350,140.4,32017,17015,,,1.7779e+06,1.23021e+06,4133.96,,,,,,
110010102,1.32703e+11,29,千瓦时,0.7543,1.55432e+08,4.97904e+09,6.62848e+09,1.7127e+09,1.00092e+11,4.51927e+08,8.32619e+06,7.35314e+07,2.44211e+09,1.07534e+07,4.80587e+06,321169,2.34448e+07,2.18067e+06,1.08593e+08,3.24699e+08,1.55616e+10,215979,250030,731267,2.38843e+06,22738.1,1.15659e+07,3.56593e+07,1.03585e+07,456626,5.73335e+07,4.23075e+06,108205,,,
108020799,1.23723e+11,23,千克,0.9558,1.18251e+11,3.44809e+09,3.00903e+08,7.28724e+08,1.76655e+06,5.06867e+08,2.60389e+06,8.75728e+06,2.77873e+08,1.178e+08,90023.4,190433,309922,249682,6.19385e+07,918684,,322614,30323.9,,,2233.53,,1.29454e+07,636478,80123.2,,,,,,41845.2
107010101,1.16021e+11,23,千克,0.9046,1.04948e+11,2.19779e+07,3.04804e+08,8.16343e+06,,35899,1.06545e+10,87614.2,5.19557e+07,313644,997562,227568,1.64034e+06,3.8259e+06,1.46557e+06,162091,,2.07881e+07,1.68301e+06,50,,2448,,167400,35686.3,,361530,,,,,127
108020705,1.14784e+11,19,千克,0.9974,1.14485e+11,4.39419e+07,1.31114e+08,6.73308e+07,314621,1.66872e+07,25175,162446,2.08654e+07,6.39633e+06,72,,72,576,8.86581e+06,,,3.01374e+06,,,,,,36028.8,3365,5145.88,,,,,,8000
110010101,1.14223e+11,27,千瓦时,0.9131,1.54721e+08,3.04279e+09,2.54131e+09,9.78581e+08,1.04296e+11,4.62522e+07,1.92957e+07,1.49731e+08,2.17979e+09,1.13517e+07,145774,273240,6.63103e+06,250185,1.09081e+08,240735,104073,1.33674e+06,85836.5,3.27619e+06,,7726.5,6.7974e+08,568222,1.47669e+06,21760.1,,,109400,20000,,
102010200,1.04915e+11,13,千克,0.9955,1.04446e+11,4.03598e+06,4.5647e+08,2.28653e+06,,163488,,,5.37922e+06,,662618,,91056,73073.1,120,,,115500,4588.16,,,,,66680,,,,,,,,
107010103,9.16747e+10,17,千克,0.8664,7.94293e+10,5.17043e+07,1.82098e+08,1.27161e+06,,19740.5,1.19002e+10,,9.834e+07,52908,24340,230526,2.86886e+06,60485.1,64053.8,,,8.50528e+06,,,,1530,,3047.37,,980,,,,,,
109030501,8.88716e+10,20,个,0.9516,2.53605e+06,8.4569e+10,4.01004e+09,2.39109e+07,,7018.05,2995.8,78640,1.10251e+08,2374.05,1227.8,680,8.02455e+06,69597.9,1.44861e+08,198546,,167929,,,,,,208221,364226,2009.25,1.89486e+06,,,,,
102020101,8.86828e+10,21,千克,0.9980,8.85063e+10,4.45677e+06,1.10727e+08,9072.9,,104213,6.79854e+06,3.21354e+06,2.05532e+07,,11248,994242,4100,692806,94886.2,,,2.85145e+07,150,,,13635,,3064,6009.6,178065,107298,8519.2,,,,
109041501,7.29238e+10,21,个,0.9033,3.55746e+06,6.58751e+10,1.24578e+09,5.40523e+09,,882537,,2.43865e+07,2.5322e+08,20214,32000,6.08378e+06,1.1981e+06,17936.9,1.07634e+08,,,1350,2100,3624,3790,,,21400,2054,50,611051,,,,,
107010199,7.24207e+10,22,千克,0.9777,7.08026e+10,1.07355e+09,3.90837e+07,4.52206e+07,,224439,9.9951e+07,158549,9.65106e+07,712211,155327,467034,20290.6,2.37929e+07,1.54236e+06,3600,,2.33568e+08,59527.4,1246,,2.5112e+06,,41594.8,350967,186062,,,,,,
107021301,6.56975e+10,21,千克,0.9854,6.47389e+10,6.117e+08,1.12222e+08,6.67366e+07,,2.58286e+07,5.93601e+06,1484.04,9.01984e+06,1.04611e+08,281849,573279,50614.9,322666,5.74715e+06,,,6.51678e+06,1.50011e+06,1.31254e+06,,64000.8,,315555,4.89131e+06,987659,,,,,,
107021303,6.55771e+10,13,千克,0.9986,6.54842e+10,1.47497e+06,9.08343e+07,23346,,250580,,,69328,75,5709.7,,,75541.4,,,,44849.2,9370,,,,,,56662.8,30407.8,,,,,,
107010104,6.52703e+10,16,千克,0.9963,6.50289e+10,2.61113e+07,9.76616e+07,39225,1.04636e+06,5089.5,8.03571e+07,,3.68645e+06,,,90920,400,394572,69075,2.00698e+06,,2.9881e+07,3241.55,,,16572.9,,,,,,,,,,
108010102,6.18101e+10,21,千克,0.9924,6.13419e+10,1.08273e+08,1.20851e+08,2.93887e+06,82418,2.27309e+07,1.19459e+08,127731,2.8559e+07,1.3293e+07,30163,173837,,4103.4,2.45898e+07,,,617774,3.17188e+06,,,,,4.87476e+06,76470,1.68882e+07,1.36387e+06,,,,,66270
301010202,6.05704e+10,26,千克,0.5139,3.11271e+10,1.70156e+09,1.8366e+10,2.32943e+08,,1.63041e+08,9.33455e+08,3.74069e+08,2.31908e+09,1.7926e+07,,6.28452e+08,1.25603e+09,1.00945e+07,8.75788e+08,7.23156e+08,,5.96293e+06,1.32732e+06,4.49159e+07,7.78397e+06,,,312580,3.25671e+06,822500,5.22023e+07,7.27168e+08,451800,,2.24914e+06,9.95294e+08
102030100,5.83153e+10,17,千克,0.9935,5.79349e+10,6.06815e+07,1.34269e+08,3.63617e+07,,365305,1.46273e+07,,1.31906e+08,1.05698e+06,33561.2,390,4157,106778,606988,,,26045,,,,,,327161,4870.5,7833.24,,,,,,
108020600,5.77362e+10,16,千克,0.9912,5.72287e+10,4.722e+08,4.47424e+06,6.41106e+06,,7.53881e+06,,128653,1.0157e+07,1.64704e+06,,3195,580,52387,4.28836e+06,,,7380,,,,,,606610,15548.7,23218,,,,,,
109052201,5.66895e+10,17,个,0.9744,9.04849e+06,5.52404e+10,1.16796e+09,1.16445e+08,,291431,,2.01037e+06,1.24126e+08,1.54273e+07,,928301,480357,2100,1.14712e+07,200,,,,1022,,,,854773,73469.8,247.62,,,,,,
304060300,5.54782e+10,23,UNKNOWN,0.8974,2.08409e+07,8.43378e+08,4.97874e+10,1.20376e+07,,900351,,1.85914e+09,1.47933e+08,3.8722e+06,320,819,1.5522e+09,10400,1.75544e+08,4.05468e+08,,,,4.33679e+07,4.5357e+08,,,14100,92400,80,8.6456e+07,183636,1.87725e+07,,6.70828e+07,
108020707,5.41652e+10,22,千克,0.9710,5.25961e+10,7.48051e+08,2.17948e+08,7.34531e+07,155909,1.43101e+08,6.55648e+06,1.45012e+06,2.01123e+08,1.18123e+08,53287.4,128545,256446,1445,2.53367e+07,,,9.90644e+06,,2500,,6.23251e+06,,1.69315e+07,287529,8768.18,,,,,,400
201050000,5.40205e+10,31,千克,0.3522,1.90267e+10,1.71192e+10,3.85884e+09,1.75335e+09,2.12883e+07,5.05539e+09,1.70983e+08,1.28709e+09,1.13689e+09,1.143e+09,4.04849e+07,2.83476e+08,3.54666e+08,5.94388e+07,2.01601e+09,7.93128e+07,,6.35382e+07,3.69969e+06,6.32664e+06,2.54979e+07,2.561e+06,325800,4.42839e+08,3.44208e+07,2.14353e+06,2.36004e+07,1.79798e+06,375737,5.90438e+06,60839.3,1.23233e+06
108030602,5.28512e+10,19,千克,0.9869,5.21583e+10,3.96358e+08,7.82629e+07,3.76327e+07,,3.10242e+07,9408,3500,2.39772e+07,1.03738e+08,200,101861,499.99,360,1.62513e+07,,,3840,,,,,,1.31966e+06,40759,15468.6,4.12467e+06,,,,,
107010301,5.05147e+10,10,千克,0.9989,5.04596e+10,208869,5.36568e+07,40664,,25304,,,96370,,,956210,,76682.4,,,,1128,,,,,,,,3717.95,,,,,,
109041302,4.95522e+10,22,个,0.9099,1.82375e+09,4.50898e+10,1.33825e+09,1.00159e+09,,18180,331,203498,2.75472e+08,,41422.1,160507,153079,126473,1.54375e+07,65264.2,,365418,120,1330,,8160,,16241,319394,6.47485e+06,8000,,,,,
108030202,4.46587e+10,13,千克,0.9929,4.43438e+10,1.02693e+08,3.45906e+07,1.51544e+06,,1.00555e+06,,,1.65908e+08,7150,75.38,2037,,33534.8,287327,,,,,,,,,8.3444e+06,,564685,,,,,,
108020713,4.02863e+10,20,千克,0.9483,3.82018e+10,8.48736e+08,2.05989e+07,8.59913e+07,,9.51808e+08,4500,877542,2.14393e+07,2.1184e+07,14610.6,77097.9,384208,10466.8,1.31475e+08,,,13704.6,800,,,,187600,1.47957e+06,213123,38415.2,,,,,,
103010501,3.93462e+10,21,千克,0.6525,2.56748e+10,3.49151e+08,4.1372e+08,3.77698e+07,,2037.5,6.6373e+06,,3.90875e+08,,9.70945e+07,8.90255e+09,5802,1.62543e+09,1.094e+07,2073.51,,1.79778e+09,5.69828e+06,357968,748.8,2.8236e+07,,,16132.5,5.05791e+06,,121416,,,,
107020209,3.78312e+10,14,千克,0.9992,3.7801e+10,155979,1.05807e+07,63670,,,3.69081e+06,,984906,,4498.78,59366,4380,3.72476e+06,438480,,,1.0472e+07,760,,,,,,88189,,,,,,,
106010504,3.76689e+10,24,个,0.6777,3.04835e+08,2.55273e+10,1.07991e+08,1.1692e+07,107600,193616,,2000,4.52144e+08,52366.9,3.12151e+07,7.67388e+09,98209,1.15115e+06,3.72554e+07,1434.79,,547452,2.41195e+09,5.12669e+06,,5.37463e+06,,116371,1.51818e+07,1.08266e+09,,,,30277,9733,
109990000,3.72968e+10,29,个,0.6416,1.74407e+09,2.39313e+10,1.1713e+09,7.20833e+09,4.46631e+06,3.72262e+08,2.65954e+07,1.11035e+08,5.8139e+08,7.89755e+07,1.4103e+07,1.80739e+07,3.67717e+07,8.16003e+06,8.33333e+08,6.34237e+06,,3.57696e+07,733981,69418.5,6.43329e+06,1.02271e+06,9.82499e+08,9.5295e+07,2.0224e+07,3.47727e+06,1.09653e+06,,3.03873e+06,,20608,608107
108020710,3.72527e+10,16,千克,0.9894,3.68563e+10,2.94259e+08,8.40927e+06,1.32586e+07,1.91941e+06,4.51422e+07,,,1.79995e+07,186472,195080,16021,4250,,727832,,,,1040,,,,,1.35049e+07,776744,22335.7,,,,,,
109040904,3.65427e+10,21,千米,0.8973,6.70417e+08,6.25371e+08,1.35128e+09,1.37914e+08,522529,3.27894e+10,,3.54745e+06,4.78946e+08,556374,12026,1.11347e+08,27562,23935,1.96305e+08,193576,,155267,,,,,8.33779e+06,987466,1.66529e+08,270245,,,,,543682,
102030200,3.63631e+10,14,千克,0.9806,3.56586e+10,2.01148e+06,1.58564e+07,889410,,266375,,,6.85371e+08,,10780,1600,,36527.4,,,,33305,8280,,,,,10456,2080,41867,,,,,,
108031601,3.61946e+10,22,千克,0.8280,2.99709e+10,2.509e+09,1.4884e+08,1.39059e+08,306840,2.62624e+08,374735,5.28317e+06,8.767e+07,3.01582e+09,356486,5.88508e+06,11702.8,4464,2.86373e+07,,,2577.52,1139,,,,,6.4449e+06,1.30524e+07,192518,3000,,,,144960,
108020709,3.58067e+10,18,千克,0.9904,3.54624e+10,1.82937e+08,8.49635e+07,2.20916e+07,,9.14925e+06,1.51022e+06,25663.7,1.8187e+07,2.1343e+07,283.36,3418.8,740,,3.79269e+06,,,4110,,,,,,74528.3,23722,875,187118,,,,,
107060201,3.54718e+10,22,千克,0.9936,3.52433e+10,1.22042e+08,3.01963e+07,1.69062e+07,91100,2.75641e+07,2.93235e+06,4000,1.65937e+07,591368,1.82182e+06,19385,9993.2,4281.6,6.62553e+06,,,124501,2220,1.03305e+06,,6783,,73573.5,1.2045e+06,690433,,,,,,
109051299,3.53618e+10,27,个,0.7259,4.10714e+07,2.56697e+10,4.19586e+08,8.48697e+09,,1.73112e+07,4.20312e+06,1.33912e+07,5.34498e+07,1.00065e+08,3.03624e+07,3.62542e+07,4.96746e+06,3.20308e+07,1.15497e+08,1.61106e+06,,293052,1.09242e+06,102252,2.73217e+06,346.9,,2.6187e+06,3.21876e+08,4.8027e+06,97870,,1.11304e+06,536606,1160,
107029999,3.44337e+10,23,千克,0.9104,3.135e+10,5.68622e+08,1.94281e+08,4.32387e+07,,2.08831e+07,4.04255e+08,10088,1.83772e+08,5.56988e+08,2.84366e+07,3.96089e+07,23796.8,2.04716e+08,1.77419e+07,4816,,9.87174e+07,7.22442e+06,812197,,3.82725e+06,,54781,6.16697e+08,9.37444e+07,,,,7140,,
305020000,3.37848e+10,28,项,0.4411,2.49255e+08,4.55458e+08,1.39187e+10,2.82198e+08,5000,3.0435e+07,1.46561e+07,1.49013e+10,6.31739e+08,2.83972e+08,590,179081,6.81291e+08,42421,1.61323e+09,1.0456e+08,,40746.1,8364.32,4.57967e+06,4.09655e+08,,4.38009e+07,155903,6022.5,669,1.52468e+08,,6.47454e+06,,585323,13320
306020000,3.33387e+10,15,UNKNOWN,0.8521,264036,1.51532e+07,2.84083e+10,12685,,,,2.45676e+07,3.45943e+07,,,122.87,1.6823e+08,,2.15122e+08,1.23477e+07,,,,669023,4.35249e+09,,,,,950,1.06891e+08,,,,144803,
108040101,3.32555e+10,27,千克,0.6059,2.01502e+10,6.22418e+09,1.30924e+09,2.2704e+09,475612,8.18416e+08,4.42191e+06,1.38049e+08,3.7053e+08,4.84386e+08,4.73794e+06,1.83143e+06,1.3025e+06,200807,1.30319e+09,515370,,291138,16901.2,,263255,4.11988e+07,6.99653e+07,6.01233e+07,1.26547e+06,153477,134400,25.74,,,,18900
104010105,3.28728e+10,21,千米,0.7853,4.71754e+09,6.20762e+08,1.13352e+08,9.18216e+07,42575,2.58139e+10,80860.5,116409,7.65763e+08,6.40993e+08,2.3144e+06,7.70497e+06,98054,120493,2.25731e+07,,,478136,1.83096e+06,,,,,1.65078e+07,3.04526e+07,2.63631e+07,2000,,,,,
108020900,3.13593e+10,12,千克,0.9974,3.12791e+10,3.64603e+07,1.54433e+07,3.3445e+06,738322,206800,,,1.54737e+07,8085,100,,,,8.45378e+06,,,52702.6,,,,,,,,285,,,,,,
304990000,3.09517e+10,29,UNKNOWN,0.5408,5.28536e+08,6.75948e+09,1.67386e+10,1.35377e+08,4.15907e+06,5.35804e+06,1.2454e+07,1.45542e+09,3.59376e+08,2.58638e+07,863200,1.18041e+06,2.87731e+09,37316.8,4.02475e+08,5.00139e+08,542400,8671.5,43301.1,2.00937e+08,6.60414e+08,,,2440,1.22832e+07,976499,1.06945e+08,1.40648e+07,1.31558e+08,,1.45975e+07,2.62381e+06
109041801,3.09332e+10,13,个,0.9806,1.88972e+06,3.03331e+10,5.48966e+08,1.02722e+06,,1690,,,4.63387e+07,,2580,149176,,37832.6,1.68437e+06,,,,5200,2199,,,,80,,,,,,,,
107010111,3.07699e+10,14,千克,0.9834,3.02599e+10,817744,1.59566e+08,63249,,2588,1.6585e+08,,8.94833e+07,,,384910,,9.17345e+07,,4000,,1.92474e+06,3162,,,175731,,,,182.01,,,,,,
109041401,3.01768e+10,16,个,0.9973,30100,3.00963e+10,2.19328e+07,2.59654e+06,,8060,54097.2,388731,5.07597e+07,6000,838,314379,,4680,4.3541e+06,,,4320,,2659,,,,180,,,,,,,,
108049900,2.97067e+10,27,个,0.5112,9.75734e+09,1.51862e+10,2.09541e+08,2.20105e+09,1.05644e+06,5.40161e+08,7.24125e+06,6.65862e+07,4.75974e+08,4.81997e+08,2.73969e+06,1.85354e+07,1.65451e+06,339687,4.77731e+08,618956,,1.39078e+06,370889,10475.4,390999,105729,9.6096e+07,8.07852e+07,8.37821e+07,1.48716e+07,2000,,,,,130850
107030709,2.96494e+10,22,个,0.9185,2.08543e+08,2.72318e+10,5.82602e+06,4.49544e+07,,18171.4,91374,7600,4.52717e+08,,1.58224e+09,3.20027e+07,350574,2.52326e+07,3.8764e+07,389690,,8.53721e+06,490173,1.31784e+07,,1500,,364.42,6464,4.23698e+06,223,,,,,
108010301,2.95168e+10,22,立方米,0.9439,6.58138e+08,1.90647e+07,2.48869e+08,2.8593e+06,,1.60744e+07,2.7862e+10,3.66354e+06,3.45357e+08,5.96522e+06,2984,221914,1.05685e+06,5421.4,3.36667e+08,,,7601.48,345850,,242329,,,57424.8,22190,1.30444e+06,1.49056e+07,,,,,50600
107020202,2.93488e+10,17,千克,0.9983,2.92995e+10,1.27228e+06,2.2439e+07,130187,,20627.3,711432,,9.69047e+06,,111495,6229,340,1.88588e+06,52031.2,,,1.29742e+07,535.5,,,4200,,2400,,798.25,,,,,,
107020217,2.79687e+10,7,千克,0.9998,2.79623e+10,399644,4.51697e+06,,,,33172.6,,631,,,,,191399,,,,1.30313e+06,,,,,,,,,,,,,,
108031501,2.61392e+10,22,千克,0.9629,2.51705e+10,6.18251e+08,2.0084e+07,1.88449e+07,1.00636e+07,8.28951e+07,144075,1.44446e+06,1.71451e+08,1.75581e+07,6057.72,66217.5,11134.5,60971.8,2.55312e+07,,,46950,5920.59,,,2004,,242847,1.31613e+06,674072,10800,,,,,
109030503,2.54951e+10,20,个,0.9939,299872,2.53401e+10,1.23155e+08,524294,,2696,105448,14298.4,2.02631e+06,,,,298922,644.1,2.32643e+07,585000,,356639,,,2.37264e+06,,,6266.14,240,2021.22,1.93176e+06,,,,58500,20000
109031002,2.45822e+10,25,个,0.9253,1.88775e+08,2.27454e+10,8.32388e+08,5.43893e+08,3789.86,2.71545e+07,1.25931e+06,1.15325e+07,7.11194e+07,3.62351e+07,290064,499946,1.52552e+07,3.11146e+06,6.19124e+07,5654,,1.56293e+07,21696.9,133151,,1.38844e+06,,1.59809e+07,9.08482e+06,332462,5000,,,,,771601
305990000,2.4574e+10,25,UNKNOWN,0.5435,1.11233e+09,1.28461e+08,1.33557e+10,1.17569e+07,,6.19057e+07,9.9534e+08,6.45418e+09,4.95445e+08,8.87577e+07,6.33527e+06,53622,1.17366e+09,26820.1,1.43399e+08,2.22968e+07,,178553,35810.8,2.6913e+06,3.71765e+08,6825,,15752.9,101847,11780.4,1.48249e+08,,,,,1.25765e+06
304020300,2.39381e+10,22,UNKNOWN,0.4815,115025,2.51567e+08,1.15262e+10,3.9057e+08,1.0494e+06,2.58237e+06,,7.84292e+09,4.44454e+08,2.75487e+06,100,1500,1.5833e+09,4848,1.26514e+08,5.38249e+08,,,,519173,1.49502e+08,,,10000,900,,2.69291e+08,,8.08188e+08,,269100,
109061803,2.30565e+10,13,个,0.9964,5000,2.29724e+10,6.40738e+07,1.14209e+07,,,,,1534.8,,664985,675,570,,7.86231e+06,13743.8,,990,,,,,,10818,,,4545,,,,,
108020800,2.30075e+10,15,千克,0.9777,2.24946e+10,5.5983e+07,2.59245e+08,8.78501e+06,,3.36863e+07,,,1.54258e+08,83250,172475,22350,1053,13956.8,483847,,,,49.5,,,,,43502.4,,165630,,,,,,
107010102,2.29466e+10,14,千克,0.9976,2.28905e+10,7.16366e+06,2.76505e+07,387729,,635550,3.14672e+06,,3.7917e+06,,,173968,,177520,228990,,,1.26784e+07,5400,,,,,196,4896,,,,,,,
106010204,2.28995e+10,24,千克,0.8512,1.94921e+10,2.35529e+09,1.519e+08,9.07776e+07,181204,5.27537e+07,669051,,7.85837e+07,5.72105e+08,243682,1.08537e+07,696503,720,3.89181e+07,,,94214.3,99998.1,832993,82.5,,,393182,2.15922e+07,7.73718e+06,4292.13,321.75,,2.36523e+07,,
107022302,2.22797e+10,19,个,0.7147,4.33302e+07,1.59241e+10,9.30769e+07,2.19001e+09,,50342.8,,,1.90801e+07,1.01645e+06,8.26045e+08,3.33092e+07,,2.91307e+09,1.38754e+07,46102.8,,39993.9,8.70059e+06,618017,,689915,,556.62,1716.3,2.12713e+08,,,,,,
107040302,2.19841e+10,13,千克,0.9820,2.15879e+10,2.2623e+07,4.34462e+06,2.78428e+06,,3.56572e+08,,,1.32049e+06,8.35044e+06,,4700,,6750,570,,,,,,,,,135568,95023,50,,,,,,
104010102,2.19563e+10,20,千克,0.9332,2.04895e+10,6.02912e+08,6.4249e+07,6.35805e+06,,7.14474e+08,1160,,1.3289e+07,3.25193e+07,5.17027e+06,216873,9560,1.53322e+06,6.84213e+06,1.15054e+07,,31487,134684,,,,,2.17772e+06,2.01853e+06,3.31718e+06,,,,16500,,
109051104,2.16318e+10,19,个,0.9826,8.63241e+06,2.12545e+10,3.66556e+07,3.10301e+08,,231782,,8.87537e+06,4.26081e+06,32965,2.22869e+06,300013,55140.7,29954.5,3.82867e+06,202472,,307329,6153.91,,,,,3705.3,11905,1.34422e+06,,,,,,
108030300,2.11555e+10,14,千克,0.9971,2.10937e+10,1.88978e+07,6.65526e+06,8.0334e+06,,331664,,,2.7021e+07,673280,108,,1041,1198.43,100331,,,26600,,,,,,,62870.6,300,,,,,,
108020706,2.06125e+10,19,千克,0.9904,2.04141e+10,1.38885e+08,6.02304e+06,4.22604e+06,57280,3.12764e+07,,565966,2.56804e+06,1.1784e+06,83475.8,643296,1293,140,7.87302e+06,,,,3600,,,,,865373,4.19199e+06,2965.04,900,,,,,
101010103,2.06027e+10,24,千克,0.9832,2.02559e+10,8.67911e+07,1.39547e+08,3.39332e+07,1.66615e+06,3.2728e+06,2.72464e+06,286283,4.31719e+07,639336,3.96521e+06,1.36666e+07,3.82391e+06,1.7501e+06,4.26371e+06,433275,,661263,3.78129e+06,24476,,26275.1,,262250,1.00074e+06,621383,478941,,,,,
107010107,2.04361e+10,24,千克,0.4395,8.98169e+09,1.4779e+08,3.83824e+07,1.09069e+07,374256,3.05769e+06,2.99305e+09,1.49516e+06,1.50642e+08,3407.48,523525,8.45408e+07,113218,9.45803e+07,4.61836e+07,,,7.86902e+09,124449,,,1.30672e+07,,30444,133158,65661.2,311893,,,,750,200
109051908,1.93323e+10,22,个,0.8561,1.01541e+08,1.65502e+10,2.12094e+08,6.14004e+08,8.48566e+06,2.60721e+08,,585907,1.38644e+08,7.63225e+08,482626,808892,4.12726e+06,30743.3,4.84791e+07,8500,,36535.5,1829.1,,5151,,5.65873e+08,1.47671e+07,4.70715e+07,1.16783e+06,,,,,,
102020200,1.93019e+10,19,立方米,0.8278,4.91585e+08,150407,1.07057e+08,311749,9.87855e+08,20770,1.59785e+10,,1.73229e+09,254194,1272.82,21456.8,46356.3,2.93445e+06,338895,20000,,519569,,,,1300,,,2100.64,,85.38,,,,,
109010206,1.90616e+10,24,个,0.9368,3.29325e+08,1.78572e+10,5.84095e+07,4.00813e+08,1.077e+06,6.06435e+06,1.00796e+07,411862,1.05884e+08,297427,151167,1.83877e+06,3.89101e+06,1.30296e+07,7.34544e+07,10000,,1.53759e+08,8115.33,196305,,3.40116e+06,,4.13147e+07,135821,822078,,,,,,33787.7
109040401,1.89083e+10,20,个,0.9195,1.82791e+08,1.73858e+10,1.73536e+08,1.03017e+09,1.76273e+07,2.35733e+06,179689,272080,9.48689e+07,7326,466.32,,436725,500,1.50917e+07,,,156863,,1521,,,4.4093e+06,333678,2793.3,,,,,,294320,
107022301,1.87284e+10,21,个,0.8393,4.18878e+07,1.57186e+10,6.81686e+07,1.08725e+08,,18150,176535,,4.52164e+07,,2.96569e+08,1.24817e+08,342,2.25596e+09,5.36136e+06,43011.9,,7.37539e+06,5.39394e+06,124223,314.67,543534,,319.98,7227.4,4.93988e+07,,,,,,
106051299,1.86606e+10,26,个,0.7454,6.85266e+07,1.39098e+10,6.82549e+07,3.7614e+08,,1.89257e+07,40359.8,99209.3,6.39004e+07,7.10988e+06,2.76728e+08,1.8208e+09,11193.5,1.44816e+09,4.30676e+07,112137,,2.5213e+06,3.64347e+07,1.22693e+06,10210.8,4.06564e+08,,3.84737e+06,1.62753e+07,9.19676e+07,10754.6,,,,1055,12541.4
103020899,1.82284e+10,16,瓶,0.4995,9.01358e+07,4.15342e+08,1.57004e+07,2.79942e+07,,4,29580.5,,8.8866e+07,,3.69757e+09,1.09385e+09,,9.10539e+09,4.85242e+06,,,4.57352e+07,1.92188e+07,8263.6,,3.62206e+09,,,,1.66424e+06,,,,,,
107020201,1.79109e+10,20,千克,0.9954,1.7828e+10,3.42622e+06,2.24477e+07,32368.2,,2.40497e+06,2.06858e+06,90784.2,1.70446e+06,2.71361e+07,8591.2,66031.6,2100,1.62669e+07,187920,,,4.75637e+06,534840,,,10207.6,,6430.1,967888,801538,,,,,,
106010599,1.74689e+10,27,个,0.4314,7.31024e+09,7.53572e+09,1.17635e+08,4.81369e+08,4.07895e+06,4.59018e+07,54542.5,518252,2.05442e+08,8.78863e+08,1.06953e+07,1.77533e+08,385026,244925,2.68218e+08,1.27589e+06,,179266,2.73971e+07,4.47448e+07,1000,91920.8,,1.45485e+07,1.00186e+08,8.08731e+07,11000,,2000,1.62714e+08,,
109041602,1.74232e+10,12,个,0.9892,396715,1.72353e+10,1.21279e+08,3.89434e+07,,18760,,,2.348e+07,416844,,738762,1940,8216.03,409140,,,,,,,,,2.217e+06,,,,,,,,
102019900,1.73565e+10,22,千克,0.9913,1.72052e+10,5.1935e+06,1.38535e+08,2.61417e+06,270840,4788,74790,20400,315014,1.30144e+06,2603.02,980759,27500,280784,61174.5,,,163973,468971,,,,,3751.28,8653.8,3924.46,863872,,,,,43435
108031401,1.69262e+10,20,千克,0.9041,1.53032e+10,1.0908e+09,2.6586e+07,6.95142e+07,,1.20966e+08,1.18776e+06,58030,2.43962e+08,4.93417e+07,7063.63,10600,12567.8,20524,1.00055e+07,,,24111,1269.85,,,,1.15e+06,8.99758e+06,355697,6729.5,,,,,,
104020199,1.68324e+10,25,个,0.9191,5.40557e+07,1.54708e+10,1.62579e+08,6.70951e+08,611333,1.24018e+08,3600,658314,1.62057e+07,515497,1.52063e+07,88200.9,278513,20403.3,2.95999e+08,766864,,67670,131938,2013,614.86,195,,1.258e+07,101508,6.03123e+06,708393,,,,,
109031100,1.67688e+10,17,个,0.9914,919719,1.66248e+10,5.80199e+06,1.2841e+08,,7330.87,158006,,5.51941e+06,,63642,12,210378,214541,891279,,,1.34617e+06,610,,,17560,,425374,,2470.93,,,,,,
107060199,1.67131e+10,27,个,0.4806,3.34586e+09,8.03221e+09,1.25946e+08,1.15742e+09,2.93649e+06,4.25026e+08,1.01435e+07,7.62042e+06,1.16018e+08,2.16114e+09,7.65749e+06,1.24201e+08,762605,252269,7.17619e+08,250800,,180802,2.82487e+06,4.21934e+06,200,103049,2.02121e+06,1.54447e+07,4.29222e+08,2.36644e+07,2960,,,,,320276
103030200,1.65327e+10,17,个,0.4205,4.73469e+08,6.95144e+09,6.16319e+08,1.45358e+08,,,83969.6,,7.11853e+07,11700,4.75187e+08,9.19111e+08,3078.41,6.79483e+09,7.46081e+07,,,9.60025e+06,1.34802e+06,69978.9,,30728.8,,,,21010.7,,,,,,
109059900,1.64385e+10,23,个,0.9336,2.89409e+07,1.53462e+10,1.00887e+08,7.60417e+08,,2.09558e+07,240000,8.70397e+06,1.09519e+08,3.87956e+06,1.36561e+06,1.49188e+06,1.49155e+06,48074.8,4.92263e+07,42752.3,,256558,3972.4,77211.4,1.65148e+06,,,2.54663e+06,301672,24298.7,160000,,,,,
109050401,1.61964e+10,16,套,0.4812,11441.4,6.2163e+09,2.23321e+08,7.79422e+09,,6.38694e+07,,5.85508e+08,7.32316e+08,,3256.45,,6.92094e+06,,5.39425e+08,1.85902e+06,,,,,3.03015e+07,,,38927,152163,,156000,,1.94912e+06,,,
107020402,1.61508e+10,13,千克,0.9937,1.60497e+10,35436.5,9.91068e+07,,,,,,306187,,1687.2,1200,270,519396,18600,,,384470,77595.4,,,8000,,,,649977,,,,,,
108020704,1.60791e+10,18,千克,0.9724,1.56355e+10,3.26346e+08,5.94559e+07,2.59012e+07,,8.85332e+06,361737,954543,1.49319e+07,2.63196e+06,1456.25,2287.91,9966.04,4220.62,3.18639e+06,,,38860,11225,,,,,938069,,2000,,,,,,
103040202,1.55489e+10,9,个,0.9993,2.34629e+06,1.55379e+10,2.79175e+06,,,,,,72788.9,,1.71635e+06,,,,8346.5,,,,,,,,,120000,437.8,3.91558e+06,,,,,,
108010101,1.49496e+10,17,千克,0.9949,1.48731e+10,3.61481e+07,1.63909e+07,1.01421e+07,,1.1529e+06,1.63863e+06,,8.38193e+06,572422,8115,99783.6,,87879,5163,,,241901,29583.1,,,,,105805,9050,1.48078e+06,,,,,,
101010401,1.47229e+10,16,千克,0.9908,1.4587e+10,2.54487e+07,2.624e+07,162994,,,38095,,452015,,5213.72,7.25647e+06,7.01054e+07,1.13877e+06,337067,,,2.9862e+06,978807,984,,230502,,,,532013,,,,,,
108031102,1.46275e+10,10,千克,0.9926,1.45193e+10,6.97319e+07,3.79117e+07,33645.6,8120.41,,,,5020,,,,,3569.2,500000,,,7152.52,4940.01,,,,,,,,,,,,,
109040999,1.43102e+10,25,千米,0.6218,2.28931e+09,2.2078e+09,1.87774e+07,1.24154e+08,7.46071e+07,8.89804e+09,3808,1.37965e+07,3.38544e+08,1.74632e+06,9.51702e+06,9.25667e+07,83872.8,25980.7,3.79556e+07,40000,,1.01511e+06,149681,926.85,3298.22,150,731637,3.1242e+06,1.98094e+08,75886.3,,,,,,
303029900,1.43073e+10,13,UNKNOWN,0.8006,7.78488e+06,2.07289e+08,1.14551e+10,2.4873e+06,47.9,,,4.39693e+08,1.37996e+08,,,,2.29117e+08,,9.33487e+07,8.84846e+08,,,,71193.3,1.69351e+08,,,,,,6.80244e+08,,,,,
109040201,1.42088e+10,17,个,0.5568,7.06291e+07,7.91207e+09,1.24376e+08,5.92331e+09,443792,599898,41733.1,8.42404e+07,1.50225e+07,5516,,,177394,16786.8,7.15059e+07,6.30427e+06,,74327.7,,,,,,6724.01,,492.48,,,,,,
102040102,1.41631e+10,16,千克,0.9781,1.38525e+10,6.74708e+07,1.01706e+07,2.74899e+06,,3.75172e+06,347373,,2.21412e+08,75784.6,123083,4.03215e+06,1440,24957.3,3549.5,,,170393,,,,,,,256859,1150,,,,,,
108020703,1.40192e+10,17,千克,0.9680,1.35709e+10,2.85392e+08,1.37279e+07,1.48964e+07,,7.68689e+07,16699.2,164997,3.75722e+06,1.55125e+07,4859.7,29775,2900,5774.04,2.29225e+07,,,,,,,,,1.46852e+07,10727,333367,,,,,,
109051003,1.38502e+10,22,个,0.9466,1.08077e+06,1.31103e+10,6.29294e+07,5.49707e+08,,1.96442e+07,,2.22392e+07,3.2357e+07,566455,249103,1.46319e+07,1.54666e+06,1404.5,3.28734e+07,1.63722e+06,,410,217236,13325,400,,,47290.2,83791.3,92372.6,48000,,,,,
108020712,1.3608e+10,19,千克,0.8274,1.12588e+10,6.50596e+08,6.62198e+08,1.00143e+08,,7.9393e+08,1.2111e+06,590013,5.01497e+07,4.38868e+06,12460.7,158,224535,66611.9,8.35771e+07,,,6576.19,9588,,,,,1.97378e+06,53716.4,32522.9,,,,,,
107060101,1.33022e+10,26,千克,0.4985,6.63097e+09,1.94884e+09,2.47015e+07,1.28101e+08,458100,1.03959e+09,3.10343e+06,52296.1,3.40373e+08,2.33462e+09,1.33924e+06,5.04655e+07,229384,115132,1.28135e+07,5400,,630205,672478,760,,595,,1.91115e+06,7.72957e+08,6.61853e+06,23600,476.97,,,,3.65215e+06
306030299,1.32444e+10,13,份,0.6617,1.43877e+06,8.17849e+08,1.8938e+09,792838,,,,1.46709e+07,2.41202e+07,,,,6.50663e+08,,8.41169e+07,4.35018e+06,,,,8.76368e+09,2.50467e+07,,,,,,1.39607e+07,,,,9.49892e+08,
304050202,1.32327e+10,21,UNKNOWN,0.5394,2.06584e+07,2.6976e+08,7.13827e+09,5.29626e+06,4.23342e+06,1.92926e+06,786283,1.8259e+08,5.83705e+08,6.38223e+08,1021,,1.48547e+08,,2.49414e+07,3.59382e+09,,117.6,,3.18081e+06,1.52782e+07,,,,,,5.10308e+08,3.91117e+07,5.19111e+07,,,110305
304030301,1.32264e+10,25,UNKNOWN,0.7131,945166,1.42617e+08,9.43149e+09,3.15382e+07,,377736,35625,3.12907e+08,9.49486e+07,1.34579e+07,191402,,2.18753e+09,3644.66,9.21949e+07,1.82479e+08,,180,28800,1.54103e+08,1.58822e+08,,,91128,6317.98,8002.1,4.09695e+07,,3.80133e+08,,1.323e+06,172000
103010602,1.30781e+10,19,千克,0.9774,1.27824e+10,9.13277e+06,1.62682e+08,60021.1,,902972,2257.53,,1.051e+06,,1.33152e+06,2.35359e+07,,276219,1.79362e+06,,,1.19402e+06,7.06848e+07,10383.2,,996956,,65.6,552,2.19876e+07,,5050.9,,,,
304030101,1.29463e+10,24,UNKNOWN,0.3735,1.07108e+09,5.60013e+08,4.83605e+09,4.02348e+07,,261262,,1.97164e+09,2.05879e+08,1.55508e+07,2.29015e+09,,7.33902e+08,9.49552e+08,7.08644e+07,8906.71,,22360,1.69638e+07,1.76131e+06,1.18994e+08,154235,1.2544e+06,265600,4792,1.29355e+07,4.50401e+07,,3.7349e+06,,,
104010106,1.27967e+10,23,千米,0.7187,3.01887e+09,3.74984e+08,1.92681e+07,8.5135e+06,498811,9.19717e+09,1562.4,166940,1.30807e+08,4.3228e+07,156910,17324,16060,6173.21,1.45466e+06,,,960,1282.1,,30735.6,5475.65,,242686,281591,961247,,,,,1750,
105010301,1.25314e+10,19,个,0.6059,2.50499e+08,7.59318e+09,4.51865e+07,6.6116e+07,,1.49096e+07,4.31324e+09,248110,9.68853e+06,1.78468e+08,26054,205466,1040,14282.1,5.91599e+07,,,158443,35312,,,,,248958,35704.1,2803.93,,,,,,
107030205,1.24316e+10,18,盒,0.7854,9.28459e+07,1.32846e+08,2.32906e+08,1.15712e+06,,249.5,,,1.08719e+08,,9.76399e+09,197197,92352.1,2.02998e+09,1.27566e+07,,,1.33455e+06,4.66213e+07,20935,,526525,,5013.92,2562.11,7.62368e+06,,,,,,
109051101,1.23468e+10,20,个,0.9477,756257,1.17012e+10,5.40506e+07,4.40378e+08,,282047,10249.2,3.34039e+06,9.95558e+06,1.16195e+08,878,923182,2.23821e+06,912,1.6894e+07,,,720,,,605500,,,4913.69,4800,3413,1500.58,,,,,
108020711,1.22787e+10,15,千克,0.9608,1.17979e+10,5.66145e+07,1.93572e+06,2.08798e+06,,1.41394e+07,5700,,3.90503e+08,1.38647e+07,,1500,67008,,237004,,,,500,,,,,653989,751917,1036.99,,,,,,
109041805,1.21705e+10,17,个,0.9907,3.35361e+06,1.20567e+10,8.23562e+07,1.5777e+07,,10340,,1.10768e+06,8.69776e+06,456926,78359.3,625509,630,3887.88,1.19582e+06,,,10597,,,,,,2154.57,17408.7,37353.8,,,,,,
101010500,1.20003e+10,19,千克,0.9881,1.18574e+10,1.5465e+07,1.01473e+07,644415,,1.05748e+08,790.01,,1.73353e+06,218270,7.87057e+06,10940,,71800.3,55162.8,,,243.99,70643.1,,,,,771.44,7510,245857,190,,,,,631000
109062201,1.19596e+10,15,个,0.9856,76418.9,1.17869e+10,9.33527e+07,6.52303e+07,,,,347990,6.33323e+06,,1.41902e+06,440,49280,,5.43377e+06,426581,,5360,,7494,,,,,,11287,,,,,,6171.2
106010501,1.18399e+10,26,个,0.8019,3.4715e+08,9.49495e+09,3.8046e+08,6.76369e+08,263509,2.88003e+06,6.65783e+07,1317.06,1.80485e+08,3.11886e+08,4.04886e+06,2.06797e+08,104328,697535,1.33938e+08,25165,,36905.3,1.39787e+06,1.88289e+06,,18009.8,,1.10567e+06,5.55234e+06,2.21406e+07,,1751.49,11000,1.08885e+06,,
107022202,1.17885e+10,24,个,0.7819,1.92972e+08,9.21735e+09,5.87528e+07,8.59368e+07,,1288.4,4.32166e+07,47634,2.23384e+07,172718,7.41998e+06,3.15774e+08,709018,1.2573e+09,4.07136e+06,88829.5,,2.13191e+08,2.726e+08,492766,,2.39211e+06,,153147,405906,9.31057e+07,,1086.3,,,,840
109019900,1.17388e+10,27,个,0.6172,5.06142e+08,7.245e+09,1.13611e+09,2.03759e+09,872528,8.55404e+07,8.2112e+06,1.72384e+07,3.1302e+08,1.90611e+07,8.43855e+06,2.49741e+06,2.83944e+07,4.47874e+06,2.13598e+08,177250,,2.87727e+07,223235,26000,186264,2.86738e+06,1.91922e+06,7.20465e+07,2.71648e+06,1.76055e+06,1.92393e+06,,,7650,,
109051906,1.17044e+10,21,个,0.9709,1.00905e+07,1.13642e+10,3.79851e+07,2.15888e+08,,5.06099e+07,,690742,1.09889e+07,367513,1.92216e+06,102854,61224.2,39358.2,6.33437e+06,6078.65,,5880,28287.1,,1.02777e+06,,,3.86271e+06,131306,399,,,,,26.5,
109041303,1.17041e+10,14,个,0.4805,6.70763e+07,5.6235e+09,3.02189e+07,1.17808e+08,2097.35,198053,,1.5739e+06,5.58638e+08,2.56183e+07,1.72,,380,,3.94967e+06,,,,,,336375,,5.27521e+09,,,,,,,,,
109042201,1.15834e+10,16,个,0.9605,914640,1.1126e+10,3.48568e+08,6.08328e+07,,1.63879e+07,,4.15997e+06,2.31388e+07,168779,,70807.5,31116,30013.5,3.10263e+06,,,39380.5,,,,1044,,,6012.5,,2315,,,,,
109040702,1.15778e+10,20,个,0.9007,1.69914e+07,1.04278e+10,7.11309e+07,7.00026e+08,,2.60881e+07,1800,1.32012e+07,2.06192e+08,73793.7,284419,1.27637e+06,123633,34704.3,1.05961e+08,203382,,89572.2,27678,,,,,4.75767e+06,2.83682e+06,646585,,,,,,
102040101,1.13886e+10,19,千克,0.9855,1.12234e+10,2.28304e+07,1.07314e+08,3.66738e+06,1.22951e+06,1.54508e+07,135486,7990,477476,966407,21502.5,1.11471e+07,,57947.2,349686,,,1.00699e+06,300,,,,,127967,337482,40553,,,,,,
108030201,1.13191e+10,13,千克,0.9984,1.13004e+10,1.21604e+07,1.04125e+06,2.68387e+06,,63437.3,,,2.51995e+06,29748,3114.06,,,2894.63,,,,6720.13,,,,5.85,,,130491,618.17,,,,,,
109052100,1.13042e+10,21,个,0.9314,1.26665e+08,1.05289e+10,1.39239e+07,2.97797e+08,541915,392455,11250,5.85492e+06,1.47013e+07,2.53239e+08,942574,59280,78262.4,42834,5.87762e+07,,,1542,,800,,,,1.93036e+06,216344,,,,77163.2,,,1263.36
104020401,1.12232e+10,19,个,0.9848,1.92416e+07,1.1053e+10,2.04893e+07,2.38978e+06,,8.11097e+06,1205,,8.0594e+07,2.83568e+07,249226,957834,162,96771.1,4.60969e+06,24497.4,,38586,1352,,,,,4.47592e+06,63814.2,492131,,,,,,
109041701,1.10874e+10,17,个,0.9682,162559,1.07349e+10,8.75023e+07,1.97842e+08,,75400,,27625,6.31549e+07,,16798.2,436015,,2216,3.20751e+06,37646.2,,6920,27458.6,15500,,,,30,,163.5,,,,,,
107020216,1.10769e+10,12,千克,0.9998,1.10751e+10,156112,496095,15.5,,,40270,,133307,,1996.15,21405,,305881,,,,168182,251155,222000,,,,,,,,,,,,
107021304,1.09372e+10,18,千克,0.9895,1.08218e+10,6.07312e+07,1.32486e+06,1.06992e+07,,1.93166e+07,1.47403e+07,,793980,6.35548e+06,108197,51078.5,365,165834,,,,49673.7,337959,,,296.97,,26654,503047,154412,,,,,,
108041401,1.08757e+10,25,个,0.6847,1.32546e+09,7.44668e+09,7.39896e+07,9.16354e+08,35000,3.88787e+07,23013.5,177470,9.14437e+08,9.36525e+06,2.16725e+06,7.34799e+06,698212,31429.4,1.00903e+08,1.9604e+06,,89277.4,3.38778e+06,175020,,810,51299,2.41325e+07,183452,9.16268e+06,,,,,,280
304080299,1.07229e+10,23,UNKNOWN,0.6241,1.13681e+08,3.90577e+08,6.69176e+09,8.65001e+06,6.36653e+07,,,1.02688e+08,1.80251e+08,53074.4,740,312772,2.2302e+09,,1.9399e+08,2.51077e+08,,780,,2.29561e+08,3.05172e+07,,,860,2975,,4.347e+07,4.63395e+07,3.12461e+06,,1.42935e+08,600
106010202,1.06851e+10,22,千克,0.9560,1.02146e+10,1.06162e+08,1.35055e+06,1.0501e+07,31014.9,3.83229e+06,405652,267847,1.45728e+07,1.07469e+08,370475,1.08659e+07,12900,570.8,2.80937e+06,,,2330,825,128361,,,,2933.6,1.50456e+07,3.39627e+06,,,,1.93249e+08,,
108020100,1.04448e+10,19,千克,0.9836,1.02737e+10,8.96711e+07,3.55863e+07,1.09459e+07,39500.5,1.70499e+07,,30768,1.01866e+07,2.71148e+06,87.25,21862.9,35020.4,3331.49,2.23838e+06,,,,4500,,,,300000,2.13056e+06,177291,1635.9,,,,,,
103010701,1.03981e+10,20,千克,0.8497,8.83572e+09,3.81363e+08,1.51217e+08,5.31177e+06,,3521,286801,282000,6.91835e+08,,3.11474e+07,1.00927e+08,30,109426,4.31672e+07,,,287815,1.35482e+08,9.02626e+06,,10546.6,,779109,13350.4,1.1148e+07,,,,,,
108041000,1.03631e+10,23,个,0.8533,5.28669e+08,8.84256e+09,1.88796e+07,8.32123e+08,444963,2.04426e+06,357354,3.52977e+06,2.58673e+07,1.43283e+06,16123.5,230999,18860,911151,6.03941e+06,80000,,1.91822e+06,47.5,1600,,9.71785e+07,,620201,131587,9207.4,,,,,,
304010100,1.03307e+10,17,套,0.5359,3.02901e+06,1.64999e+09,2.03804e+09,5.53657e+09,,2.36853e+06,,6.35659e+08,6.63413e+07,,244547,285,2.33598e+08,84000,2.55107e+07,7.86882e+07,,,,1.27876e+07,1.92747e+07,,1.72771e+07,,,,1.12626e+07,,,,,
501020100,1.03034e+10,11,平方米,0.7630,,7.68865e+07,1.20123e+09,1.03827e+08,,,1.38251e+07,1.2655e+07,4.80805e+08,7.86182e+09,,,1.97895e+06,,,5.4057e+08,,,,,7.8872e+06,,,,,,1.87358e+06,,,,,
109041804,1.02806e+10,14,个,0.9781,403032,1.00555e+10,6.21609e+07,1.15977e+08,,485502,,113082,3.10542e+07,,108636,3.64083e+06,14933.8,,1.09913e+07,,,,140,,,,,84025.5,5957.76,,,,,,,
304080301,1.01151e+10,18,UNKNOWN,0.9299,1.9293e+07,2.65501e+08,9.40549e+09,45200,,2100,476859,1.20086e+08,4.14485e+07,1.14629e+06,,99235.4,4.35343e+07,10392.2,3.49161e+07,8.12396e+07,,64611.2,,,535098,,,,,,1.01083e+08,,,,,83895
304020101,9.98347e+09,17,套,0.4638,,5.00039e+07,3.63934e+09,4.63033e+09,,92117.3,,4.97802e+08,6.32862e+07,2.97029e+06,,,9.06797e+08,89,4.42969e+07,1.22684e+08,,,,3.22715e+06,1.14763e+07,,,,,760000,7.07152e+06,,1.24378e+06,,2.08618e+06,
109010201,9.80884e+09,24,个,0.9528,1.66402e+08,9.34578e+09,5.27103e+07,1.1656e+08,1295.1,865554,4.12281e+07,12215.6,1.46237e+07,29963.7,229484,466534,6.62573e+06,6.77196e+06,1.67316e+07,270000,,2.0648e+07,5178.3,,113592,348653,,3.44067e+06,5.07359e+06,62358.8,,,,,,9.84053e+06
107030201,9.77335e+09,14,个,0.9818,5.45948e+06,9.59564e+09,202575,108.4,,100,,,749316,,5.2535e+07,24600,,1.1781e+08,,,,34530.4,860125,33222.5,,,,,341,2414.05,,,,,,
106020199,9.66308e+09,29,个,0.7088,6.42108e+08,6.84916e+09,2.97898e+08,5.29621e+08,4.89405e+06,1.19989e+07,1.05473e+06,1.50282e+07,4.13029e+08,1.11332e+08,6.56831e+06,1.44207e+08,1.40639e+06,1.94108e+06,3.20341e+08,457203,,6.55643e+06,409578,1.88038e+08,50320.6,783607,,2.73655e+06,8.90378e+07,5.87508e+06,2.89272e+06,,1.62014e+06,1.4023e+07,16260,1503.04
107020301,9.65849e+09,20,千克,0.9827,9.49096e+09,1.24868e+08,2.24659e+07,1.00542e+06,,5315,1.37579e+07,263280,286137,6770.4,179424,2.00441e+06,20500,71650.7,58762,,,847743,292550,,,99408.3,,775,809241,486266,,,,,,
108011001,9.57439e+09,22,平方米,0.7122,6.89577e+08,2.90376e+08,8.63112e+07,6.26596e+07,1.549e+07,2.27177e+06,2.07886e+06,1.25163e+06,1.58512e+09,6.8189e+09,5857.01,4.91643e+06,9400,106423,1.48325e+07,,,42.73,217981,260725,340,,,4155.8,930,316.82,,,,,,
304020199,9.56228e+09,20,UNKNOWN,0.7247,1.07615e+06,2.1601e+08,6.92999e+09,5.1338e+08,74674.9,89196,,9.43174e+08,3.03204e+07,,65,2900,7.32597e+08,,1.81392e+07,1.4992e+08,,,,398005,1.71498e+07,,,,86400,,2.10969e+06,109306,4.81418e+06,,2.83639e+06,
109051201,9.55373e+09,17,个,0.9924,2.04926e+06,9.48102e+09,1.51836e+07,5.21966e+07,,585544,,87265,930775,256444,457588,404542,9300,1060,525038,,,17784,,,,,,4800,700,168,,,,,,
109013104,9.5442e+09,23,个,0.6206,5.96709e+06,5.92276e+09,5.81306e+08,2.73424e+09,70390,1.99236e+06,528018,9.80431e+07,7.42394e+06,4.44726e+06,9072,,2.55594e+06,3.53909e+06,1.80559e+08,188962,,363002,1408,40600,,9027.8,,47339.6,58608.4,4224.6,42849.1,,,,,
107060110,9.49355e+09,23,个,0.8558,2.3653e+08,8.12444e+09,4.07666e+07,5.2935e+08,143354,3.12543e+08,3.93042e+06,8.86005e+06,9.28409e+07,2.17354e+06,4.07478e+06,2.9066e+06,435192,152002,6.264e+07,3000,,30925.5,66578.5,12440.4,,120239,,3.22442e+07,3.70542e+07,2.22471e+06,,,,,,
101020201,9.48273e+09,16,立方米,0.9320,2.65694e+08,2.70558e+08,9.2677e+07,328136,,4.76139e+06,8.83829e+09,,1.49048e+06,6.24459e+06,,,34,,2.34988e+06,,,,45035,,,1339.2,,64456,73356,708,,,,,,154330
107020213,9.43282e+09,14,千克,0.9947,9.38329e+09,623714,2.78322e+07,6559.38,,,26493.4,,1.18408e+06,,48966,47055.7,,2.87848e+06,,,,1.68469e+07,23566.9,,,94.33,,6.91,,9120.52,,,,,,
104020499,9.33421e+09,20,个,0.9820,4.06565e+07,9.16644e+09,1.88198e+07,1.48947e+07,40000,5.35163e+07,,54943,3.51795e+07,78282.9,88481.4,823639,1248.4,9727.83,2.15803e+06,47230.4,,1198.11,551.8,,,,,1.33846e+06,62694,3771.87,,,,,,
108020702,9.27224e+09,17,千克,0.9846,9.12981e+09,9.3987e+07,1.16864e+07,2.0732e+06,,8.95828e+06,1792,34240,2.44989e+07,717191,310,78221,,20975.8,312077,,,,5988,,,,,55104.6,30,1561.43,,,,,,
109011800,9.25532e+09,22,个,0.8997,6.59292e+07,8.32714e+09,1.63497e+07,7.60206e+08,,71596.5,3.80743e+06,4.33798e+06,2.78127e+07,15900,5741.28,78979.9,1.14893e+07,392488,1.08774e+07,570189,,2.20517e+07,8209.48,7072,,39162.7,,4.11506e+06,3245.12,9894.4,,,,,,
107020106,9.22118e+09,14,千克,0.9976,9.19891e+09,104492,1.46268e+07,137000,,,,,432067,,590013,139613,,570408,,,,152342,638052,,,638,,7552,4.645e+06,233758,,,,,,
108031201,9.21859e+09,16,千克,0.9889,9.116e+09,9.00037e+07,2.41774e+06,694299,,2.02617e+06,,2.0449e+06,3.05016e+06,204592,81487.5,11466,1200,235458,1.77545e+06,,,44571.7,715.6,,,35.9,,,,,,,,,,
108013001,9.20587e+09,17,千克,0.9640,8.87446e+09,280937,3.28552e+07,395087,,21968.2,1.59726e+08,3.24762e+06,1.05203e+07,1.18125e+08,65,480,,13384,5.00559e+06,,,112310,128397,,,,,,385041,,597200,,,,,
109051700,9.0041e+09,16,个,0.6592,1.0824e+07,5.9356e+09,4.82778e+07,2.37249e+09,,1.16728e+06,,195348,6.12856e+08,252299,7.12091e+06,627,1.87249e+06,310,1.09803e+07,,,,,,,,,12940,2.44231e+06,4532.95,,,,,,
108032500,8.97795e+09,9,千克,0.9983,8.963e+09,1.51736e+06,1.30048e+06,586680,,12783,,,,523564,4000,,,,1.10035e+07,,,,,,,,,,4000,,,,,,,
106030101,8.71861e+09,21,套,0.7201,65400,1.16156e+09,5.16145e+08,6.27868e+09,,11459,,5.22144e+07,4.31971e+08,4.52923e+06,100,21900,2.57659e+07,800,2.26844e+08,1.24152e+07,,,,26364,6.57871e+06,,,10909,96808.3,,1.04764e+06,,602958,,22000,
109040703,8.64334e+09,22,个,0.8195,4.04862e+08,7.08359e+09,1.41235e+08,6.98533e+08,,1.37676e+08,616,4.40946e+06,8.45198e+07,321839,373832,4.84768e+06,126179,43031.9,5.59353e+07,2167.24,,45562.4,175588,160,,,,2.28139e+06,2.09349e+07,3.41929e+06,9000,,,,,
102030300,8.56745e+09,19,千克,0.9109,7.80416e+09,9.65565e+06,5.08182e+06,9.8536e+06,,60161,,2250,7.37066e+08,,13928.1,9480,100,201567,13750,,,778048,1283.5,576,,470717,68400,,1120,5900,,,,,,
108020500,8.53346e+09,15,千克,0.9924,8.46844e+09,3.86939e+07,1.07811e+06,3.63764e+06,,5.74858e+06,,13947,557537,1.492e+07,4932.4,,,8648.97,62464.1,,,120,,,,,,106640,189516,723.36,,,,,,
109011901,8.51172e+09,22,个,0.7925,2.25049e+08,6.74557e+09,7.72421e+07,1.24649e+09,356716,2.27241e+07,328527,3.16067e+06,3.37129e+07,1.71515e+06,115095,48666,433088,101945,1.50526e+08,,,587757,488706,49446.6,27031.3,,,1.45732e+06,1.20505e+06,338255,,,,,,
108031099,8.4591e+09,18,千克,0.9404,7.95481e+09,4.43873e+08,1.64283e+07,2.35984e+07,,6.47251e+06,41250,760,9.06422e+06,924224,19307.3,53200,,1796,2.69062e+06,,,1440,26600.1,,,,,72679,1.02113e+06,7176,,,,,,
301020201,8.39671e+09,14,UNKNOWN,0.5045,3.89378e+09,1.41447e+07,4.23641e+09,558006,,1.19938e+06,2.02308e+08,8.2782e+06,1.2794e+07,60000,,5.00329e+06,1.02607e+07,,202308,1.04626e+07,,,,,,,,,,,,1.25054e+06,,,,
107020105,8.30791e+09,16,千克,0.9915,8.23698e+09,305965,1.88699e+06,5625,,1820,1800,,2.37559e+07,3.94215e+07,,8195.01,,2.8339e+06,42585,,,176024,1.67169e+06,,,3000,,,,782854,,,,,28718.4,
109051999,8.27765e+09,24,个,0.8061,7.92411e+07,6.67264e+09,1.18858e+08,1.37228e+08,91978.1,2.76535e+08,506048,1.80377e+06,8.04677e+07,2.44103e+08,104382,68269.2,1.67052e+06,800818,2.20474e+07,4232.91,,52549.7,250,1170,,5148,,4.6374e+08,1.77159e+08,521603,,500,,,,
108041700,8.23944e+09,27,个,0.5743,9.55335e+08,4.73183e+09,2.5447e+08,1.22391e+09,1.53521e+06,2.89305e+08,1.01538e+07,7.51149e+06,2.03116e+08,1.39368e+08,1.04823e+07,3.92534e+07,2.78274e+06,3.27203e+06,2.16428e+08,1.29589e+06,,8.57348e+06,7.26555e+06,2133.58,10365.4,203035,3.31082e+06,1.0024e+08,2.63043e+07,3.47412e+06,2942.37,11200,,,,
107021401,8.21186e+09,22,千克,0.8004,6.57299e+09,1.75321e+08,2.95804e+07,1.02096e+08,,1.21043e+06,1.48997e+08,,1.30578e+08,1.11963e+06,7.22175e+08,2.92005e+07,134786,2.25234e+08,6.99019e+06,40000,,5.3815e+07,3.34397e+06,3.35768e+06,,1.67743e+06,,148690,450389,3.34444e+06,53892,,,,,
105020101,8.20417e+09,23,个,0.6459,5.93996e+07,5.29948e+09,1.70288e+08,1.56368e+09,885558,1.51588e+08,5.30033e+07,1.12232e+07,2.68731e+08,3.39484e+08,4731.42,2.27114e+06,93194,129962,2.78784e+08,55300.2,,80373.3,105122,60,,300,,2.34894e+06,150082,2.39407e+06,,,,,,
109041901,8.13864e+09,15,个,0.9869,300881,8.03228e+09,2.87742e+07,4.20593e+07,,56637.8,,,1.19856e+07,,1.1717e+06,872877,,37277.4,1.70789e+06,,,1026,102381,,,,,1.92786e+07,11086.2,336.32,,,,,,
103010201,8.10231e+09,16,千克,0.6851,5.55107e+09,6.73343e+08,5.04074e+07,7.36777e+06,,280680,56749.6,,3.87548e+07,,1.53656e+08,3.06144e+07,,7.48706e+06,4.5847e+06,,,901141,1.06143e+09,138377,,131528,,,,5.22098e+08,,,,,,
109012001,7.80563e+09,20,个,0.9564,2.79296e+07,7.4652e+09,2.04137e+07,2.52158e+08,,9.97445e+06,3850,61928,4.88651e+06,320633,42426.1,99770,1.14002e+06,10662.2,2.01499e+07,,,1.16706e+06,16,,,,,1.96122e+06,16335,91653.5,2600,,,,,
110010202,7.67273e+09,14,千克,0.6994,5.3661e+09,8.12946e+06,1.9579e+08,3.53109e+06,6.28134e+08,4.48163e+06,4.00442e+08,4.31635e+06,2.93358e+08,7.66258e+08,90,,,,263776,1.8061e+06,,,,,,,,,,,120595,,,,,
109050303,7.40207e+09,18,套,0.8594,3840,9.72316e+08,3.26358e+07,6.36142e+09,,8.82503e+06,,1.30517e+07,4.659e+06,7333,40528.2,1.48895e+06,2.15115e+06,,4.10684e+06,7898.35,,,136448,,1.11284e+06,,,85524.7,7473.58,11500,,,,,,
304040800,7.39026e+09,25,千克,0.3077,2.27382e+09,1.00851e+09,2.21131e+09,1.20684e+07,474138,348792,2.68655e+08,2.53835e+08,5.45515e+08,50848.8,10704,5.71504e+07,9.91156e+07,117492,2.73688e+08,8.76834e+07,,,,250520,1.05969e+07,,,,1800,60188,2.74925e+07,1.83597e+08,836.23,,71051.3,7.58443e+07
107020403,7.37865e+09,6,千克,0.9985,7.36757e+09,,1.09806e+07,,,,,,,,14.6,,,660.4,,,,,688.72,,,,,,,98527.4,,,,,,
109052205,7.37784e+09,17,个,0.9431,2.88136e+07,6.95813e+09,4.52598e+07,2.92432e+08,,5.60109e+06,,9042,1.32988e+06,8888.88,154722,29785,8855.5,3948,4.14141e+07,,,,,,640,,,4.41883e+06,227137,192,,,,,,
107021302,7.35287e+09,21,千克,0.9497,6.98291e+09,2.03452e+08,5.2219e+06,2.38652e+07,,2.45332e+07,365981,5370.24,7.5184e+07,2.11625e+07,1.59514e+06,2.1136e+06,406,734774,1.0328e+06,,,4.95962e+06,52799.7,,,67834,,193781,5.21324e+06,209407,,,,,,4320
103020402,7.27983e+09,18,罐,0.4070,9.61664e+08,7.22081e+08,2.17832e+08,6.24863e+07,,,405320,,6.23954e+08,,2.56035e+08,1.19751e+09,,6.41696e+07,9.13349e+06,,,1.04694e+07,1.65399e+08,5756.05,,2.96296e+09,,2630,134830,2.55947e+07,,91.53,,,,
305040000,7.25552e+09,24,UNKNOWN,0.5536,2.12777e+07,5.10594e+07,4.01634e+09,3.09237e+07,,4.06953e+06,764888,2.68181e+09,6.46412e+07,5.4393e+07,1338,36000,1.31517e+08,2317.7,1.62948e+08,1.46579e+06,,212389,37319.2,3.37895e+06,7.59438e+06,,,21669.6,977749,1600,2.20303e+07,,,,,16657.3
108020200,7.22202e+09,10,千克,0.9951,7.18649e+09,2.63423e+07,8.4208e+06,385968,,269537,,,4125.76,,,,35735,4235,50000,,,,,,,,,21775,,,,,,,,
107060107,7.20329e+09,22,个,0.3780,2.47432e+09,2.72269e+09,1.58728e+07,6.1955e+08,2.37261e+06,4.09752e+08,6.32098e+08,,7.06628e+07,1.37774e+08,246276,1.97067e+06,2614.85,114830,7.7893e+07,,,131670,24809.4,,1000,37698.5,,6.03601e+06,2.7702e+07,4.03452e+06,5000,,,,,
109010801,7.19918e+09,18,个,0.9167,4.46616e+08,6.59913e+09,8.92767e+06,8.19662e+07,,5.34429e+06,,13200,5.34142e+06,16180,28877,,4.83079e+06,1166.7,4.66104e+07,4400,,17473,,,8455.9,,,314039,3999.75,2948.18,,,,,,
109042101,7.14066e+09,23,个,0.6927,2.71083e+08,4.94665e+09,6.50482e+07,1.77322e+09,,7.02748e+06,71255.2,1.4285e+07,1.95921e+06,1.02946e+06,8585,1963.68,970815,416718,5.81019e+07,18000,,226902,700,,74400,3695,,137797,309724,18279.8,,,,,2790,
107060109,7.12655e+09,23,个,0.8785,1.85616e+08,6.26089e+09,1.71713e+07,4.27786e+08,,2.05496e+07,2.80418e+06,10440,1.03277e+08,4.43046e+06,1.36516e+06,2.77916e+07,34692,3.76773e+06,2.86309e+07,1.17,,624743,126033,2500,,618,,2.08385e+06,3.53739e+07,4.21564e+06,,31.01,,,,
107021801,7.1249e+09,19,个,0.9518,4.16819e+07,6.7814e+09,1.84309e+06,2.15174e+06,,461703,,1800,6.06628e+07,2.61838e+07,1.60005e+08,2.22585e+07,630,244023,1.5971e+06,,,8332,105.3,19120.1,,,,1.47486e+06,2.48517e+07,55271.7,,,,,,
107030203,7.04565e+09,14,个,0.5761,1.43186e+08,4.05869e+09,2.5921e+06,164585,,,,,2.64489e+07,,1.17982e+09,149793,348,1.47316e+09,7.81487e+06,,,1391.5,1.53543e+08,,,,,,96.2,82101.7,,,,,,
109050599,7.04203e+09,18,个,0.9386,446694,6.60993e+09,1.55634e+07,3.59135e+08,,7.1609e+06,48510,5.94142e+06,1.44929e+07,236061,300,537410,1.68004e+06,74.7,2.50302e+07,1.4e+06,,,,1799,,,,423065,2580,,,,,,,
106010299,6.93734e+09,21,千克,0.8490,5.88951e+09,2.48246e+08,2.00273e+07,4.01564e+06,1.64131e+06,1.22789e+06,,1139,3.48547e+06,3.09825e+08,350361,4.60675e+06,659381,2819,2.47164e+06,17680,,,128.1,325740,,,,2421.5,5.86664e+06,1.04484e+06,,,,4.44006e+08,,
109050502,6.90098e+09,21,个,0.9248,1.14841e+07,6.38219e+09,1.03308e+07,4.18292e+08,,5.58943e+06,52000,1.61912e+06,4.31059e+07,203973,430057,40444.8,99402,240295,2.60083e+07,2640,,,826.1,18767.5,,,,502895,328164,395437,42970,,,,,
109023299,6.84924e+09,21,个,0.6816,6.94357e+06,4.66843e+09,1.43518e+07,1.36814e+09,93213.5,2.25845e+07,325,4.71651e+06,6.50849e+08,6.01104e+06,135465,,2.35188e+06,3.4583e+06,6.53161e+07,1.27483e+06,,1.74223e+06,12,,,,2.99324e+07,2.33043e+06,554795,21062.5,,,,,,
109040902,6.8391e+09,21,千米,0.6958,7.54738e+08,5.43562e+08,6.09872e+06,3.8476e+07,,4.75851e+09,26130,1.4323e+07,3.94987e+08,76318.8,9072.13,2.14081e+07,115021,3913,1.91686e+07,,,29668.8,681.5,,1500,55,,156694,2.8738e+08,28346.4,,,,,,
109020309,6.83006e+09,23,个,0.7999,8.0669e+07,5.46362e+09,8.42174e+07,1.0113e+09,440808,1.82814e+06,1.40828e+06,2.16514e+06,1.62397e+08,6930,11232.6,8370,993837,31548.7,1.45715e+07,19800,,5.05295e+06,219.4,,10500,,,1.22227e+06,45690,21938.6,,,,,,21458.1
304050201,6.82633e+09,27,UNKNOWN,0.3219,2.42999e+07,1.87477e+09,2.19706e+09,7.45957e+07,2.47028e+06,1.80618e+07,5.89496e+06,2.53842e+08,4.77426e+08,1.20526e+08,3318.48,15836.1,1.80068e+08,64688.7,8.89551e+07,1.46624e+09,,413815,56,900,1.79989e+07,,,13123.6,414288,58340,1.09224e+07,2.39403e+06,8.6907e+06,,,1.12237e+06
109010101,6.76582e+09,25,个,0.4914,7.64485e+08,3.32491e+09,8.27159e+07,2.23866e+09,,3.7911e+07,9.27067e+06,2.83062e+07,1.46953e+08,3.09138e+06,683339,583732,5.94463e+06,286401,1.07599e+08,940832,,5.76958e+06,155851,15300,235230,48348.2,,1.61984e+06,2.7572e+06,935966,1.9385e+06,,,,,2304.02
109029900,6.71955e+09,24,个,0.6502,6.40911e+07,4.36887e+09,1.09309e+08,1.83143e+09,,1.3578e+08,1.27575e+06,1.47166e+07,9.4155e+07,9.27063e+06,437547,809749,6.66386e+06,1.21486e+06,5.83579e+07,63285,,253312,75523,31012,130702,12494,,1.69095e+07,459446,5.18917e+06,43651.5,,,,,
109040704,6.65509e+09,22,个,0.6659,1.91421e+07,4.43162e+09,4.35795e+07,1.59227e+09,3.70897e+06,1.52331e+08,105726,1.61753e+07,2.99066e+08,939895,542783,286695,946533,3873.7,8.75023e+07,78120,,454616,2062,,,,4.3408e+06,720012,802326,472195,,,,,,
107060103,6.6532e+09,21,千米,0.5247,6.25706e+08,1.90044e+09,1.72456e+08,7.33866e+07,,3.49124e+09,2.14011e+06,1.27029e+06,2.13709e+08,6.57607e+06,6.07588e+06,7.94238e+06,43452.7,339781,5.91974e+07,,,26243.5,479753,,,2592.77,,828608,8.4876e+07,6.46087e+06,2400,,,,,
109011501,6.50566e+09,20,个,0.7708,263082,5.01462e+09,1.35349e+09,8.08171e+07,38946.3,1.13761e+06,,2.95589e+06,2.10047e+07,2841.6,,275,254941,,3.01717e+07,22800,,24696,38,,746183,,,930,10,190,,,,,115200,
107021001,6.46636e+09,17,千克,0.9982,6.45465e+09,1.14184e+06,3.03858e+06,45158,,115280,54.58,,1.49441e+06,,18899.3,113728,981,360718,1.92266e+06,,,358278,68862.2,2.90057e+06,,110627,,,,21925.3,,,,,,
107050102,6.45823e+09,17,个,0.7941,3.59757e+06,5.12844e+09,1.84985e+07,1.26201e+09,,31719,142366,,481364,4000,2234,240,47355,13728,4.49212e+07,,,13400,,,,,,1866,14959,400,,,,,,
103040201,6.44994e+09,18,个,0.9900,642777,6.38522e+09,4.14395e+07,39978.2,,,,939001,295911,,1.26772e+07,59405,,392713,508652,,,238969,327160,2000,,7926.54,,429.5,1173.86,4.15486e+06,2.98926e+06,,,,,
304010500,6.29115e+09,21,UNKNOWN,0.4898,4.08315e+08,1.67883e+08,3.08136e+09,1.41286e+08,,3.08123e+07,6.20546e+06,1.28159e+09,2.5296e+08,3.79754e+07,3234,,6.41863e+08,,7.06849e+07,5.31373e+07,,382760,,1.54572e+06,7.85576e+07,,2.22934e+07,286647,,759000,1.07575e+07,,2.49555e+06,,,
107020306,6.28985e+09,21,千克,0.5557,3.49556e+09,4.49144e+08,9.21629e+06,2.46358e+07,1.21669e+06,73543.5,1.04027e+09,6214.72,5.08018e+08,,5640,190096,2.01654e+07,7.12598e+08,3.26346e+06,1.42895e+06,,8.76187e+06,,,,1.52217e+07,,280,21492.5,700,,,,,,45760
101010101,6.27562e+09,27,千克,0.7718,4.84349e+09,3.22478e+08,4.56985e+08,2.50739e+07,2.15388e+06,8.23134e+06,2.45054e+07,3.31251e+06,1.90397e+07,5.88777e+06,2.75458e+07,1.79138e+07,7.16062e+06,7.61374e+06,1.9721e+07,1.48691e+06,,2.33714e+06,1.47954e+08,865643,4995,64198.8,,2.48779e+06,1.83853e+06,3.2671e+08,520970,13381.8,,228656,,
102060000,6.2679e+09,22,千克,0.9220,5.77872e+09,1.15069e+08,8.62067e+07,5.31342e+07,80205.2,9.02907e+06,9.47082e+07,460887,3.98947e+07,8.06136e+07,315903,163402,1.162e+06,1.03068e+06,3.88868e+06,,,1.10231e+06,862859,,,44175,,124053,149125,1.05123e+06,,,,,,89984
101011800,6.26335e+09,18,千克,0.9345,5.85294e+09,1.25933e+08,4.1342e+07,196873,,67099,,15650,1.58583e+08,46758.2,5.51788e+07,2.56948e+06,,5.2279e+06,4.25867e+06,,,59833,8.44448e+06,7015.04,,6.19587e+06,,,210,2.28173e+06,,,,,,
109062104,6.2602e+09,13,个,0.9964,14400,6.23774e+09,59830,1.17441e+07,,99328,,35400,7.07935e+06,2.70733e+06,105,,,23720,400000,,,,,,,,,280670,21600,,,,,,,
107020108,6.24262e+09,17,千克,0.9785,6.10864e+09,2.79271e+06,2.17438e+06,3.2447e+06,,106879,44813,,1.24058e+08,82952.6,2090,,,543916,68897,,,316905,38521.6,7055.83,,,,1151.4,491485,8472,,,,,,
109013702,6.1545e+09,22,个,0.7756,3.14655e+08,4.77356e+09,2.82626e+07,8.7015e+08,622913,1.74709e+07,107388,1.76981e+06,1.29504e+07,7.65477e+06,51160.1,7473,595301,140,1.20888e+08,499.95,,6556.2,85345,,,2550,,5.13294e+06,511050,11370.2,,,,,,
103020401,6.14224e+09,19,个,0.7165,2.36585e+07,4.4011e+09,8.36198e+07,1.18215e+08,11952.5,,733821,150,2.37818e+08,,3.05659e+08,5.70855e+08,,1.9863e+08,1.51935e+07,1307.43,,1.15119e+07,1.10935e+08,877363,,5.00503e+07,,,27767.7,1.33337e+07,,,,,,
103030500,6.10201e+09,18,瓶,0.4164,2.25217e+07,1.87307e+09,7.21278e+07,3.32039e+07,18952.9,3420,2.34013e+07,,1.11627e+08,,2.50226e+08,1.08874e+09,,2.54116e+09,8.52604e+07,,,256485,372588,9528.8,,13335.2,,604,,1243.99,,,,,,
307990000,6.08481e+09,29,UNKNOWN,0.6125,1.66015e+08,1.89016e+08,3.7272e+09,1.85618e+07,1.1422e+07,4.38013e+06,8.80176e+07,2.83659e+08,1.11052e+08,2.52724e+08,751949,943382,1.95469e+08,753233,4.77676e+07,6.51115e+08,,4.63294e+06,507496,2.69413e+06,1.12068e+08,439245,,736959,560622,34179.1,5.40375e+07,2.32472e+06,1.4719e+08,,2.61719e+06,8.11851e+06
103029900,6.07977e+09,23,箱,0.3014,1.19259e+09,1.40703e+09,1.15077e+09,1.24997e+07,,77005.8,59027.4,,2.70497e+07,17609,1.48898e+08,1.83273e+09,15973,2.02801e+07,2.19961e+07,166303,,3.10065e+06,1.04061e+08,6.46516e+07,,4.70422e+07,,2674,6869.09,4.57594e+07,887814,,,,83137.2,
107050101,6.06868e+09,21,个,0.7690,8.6312e+07,4.66679e+09,3.81969e+07,1.22422e+09,,637370,17596.8,324000,8.76115e+06,49037,37366.9,24947,2.35569e+06,38954,4.02433e+07,,,213898,1805,,,1200,,321374,111185,13024.2,,,,,,9100
107021402,6.0464e+09,18,千克,0.6022,3.64124e+09,1.85113e+09,1.66984e+07,1.63961e+08,,5930,3.22489e+08,,2.20605e+07,2.5245e+06,149133,1.29756e+06,,6.42105e+06,5.93049e+06,,,1.20258e+07,282568,,,81889.7,,9126,624,85494.9,,,,,,
107020407,5.94049e+09,13,千克,0.9948,5.90981e+09,2.35389e+06,2.13294e+07,,,,,329440,352594,,240,36000,,10015.2,2.26395e+06,,,27400,327988,180,,,,,,3.65083e+06,,,,,,
109020301,5.84212e+09,25,个,0.9768,8.31749e+06,5.70663e+09,4.79072e+07,3.80124e+07,,100904,1.62712e+06,156834,1.21898e+07,2511.81,31488.6,8513,1.50491e+06,122846,8.74154e+06,4.9518e+06,,1.70008e+06,220,,33257.2,5914.16,,522305,948,20572,3.20905e+06,,6.32248e+06,,,3760
108012600,5.82144e+09,20,千克,0.8068,4.69663e+09,2.91559e+08,9.57295e+06,1.61237e+08,1.57026e+06,8.5801e+06,1.11093e+08,2.80808e+06,4.49409e+08,5.78717e+07,8331.96,623594,520600,2717.5,7.17016e+06,,,233138,375827,,,,,903887,923964,2.0341e+07,,,,,,
107020101,5.78416e+09,17,千克,0.8814,5.09802e+09,1.20056e+07,1.18745e+07,123089,,150024,1.42124e+08,,4.3887e+08,3178.4,31271,1.59131e+06,201105,8.39587e+06,6.67971e+06,,,6.37402e+07,322493,,,370,,,,26738.9,,,,,,
107021404,5.77603e+09,19,千克,0.9932,5.73686e+09,7.07972e+06,1.32378e+06,1.62652e+06,,2.0459e+06,1.32103e+06,,2.64879e+06,170909,98459,464151,377,4.85356e+06,77548.1,,,1.31243e+07,60781.9,437295,,3.70378e+06,,,33252.7,103984,,,,,,
109021102,5.74027e+09,22,套,0.6976,3.12771e+08,6.63424e+08,2.43328e+07,4.00419e+09,85010.2,213812,2620,2.12786e+06,5.66871e+07,17870,133089,20465.2,1.28521e+06,3096,1.85128e+08,,,2240,850,,143123,,,4.89415e+08,8994.64,63050,204870,,,,,
109013002,5.70356e+09,22,个,0.9487,1.711e+06,5.4107e+09,9.87235e+06,2.42183e+08,,1.89145e+06,581283,4.19524e+06,9.10061e+06,8.02822e+06,1.72996e+06,502872,296571,438492,8.68727e+06,10000,,236091,250434,22000,,5325,,368285,2.44114e+06,307263,,,,,,
106050901,5.70064e+09,15,个,0.6268,1.87776e+09,3.57295e+09,1.93374e+08,3.61446e+07,,53075,151.2,,1.09477e+07,,67.4,,2592.52,,9.30071e+06,2701.38,,,413.75,,,533.76,,99344.4,,3651.81,,,,,,
106010203,5.69522e+09,20,个,0.7905,8.29521e+08,4.50215e+09,4.29046e+07,1.80451e+07,,59311.8,,,4.65731e+07,1.18574e+06,3.16954e+06,1.83184e+08,2100,114900,2.41086e+07,,,29420.8,7.54399e+06,1.52296e+06,,364.41,,7097.71,1.45712e+07,1.8505e+07,,,,2.02179e+06,,
103010406,5.65545e+09,8,千克,0.9990,5.64968e+09,,1.64075e+06,4.01166e+06,,,,,87491.2,,,,,2555.93,,,,,23636.5,,,594.27,,,,953.26,,,,,,
107020801,5.59636e+09,24,千克,0.7282,4.07507e+09,2.34402e+08,6.09802e+07,5.8083e+07,,4.23357e+06,2.85596e+08,4.35989e+06,1.04548e+08,3.95222e+07,193605,1.37628e+07,154314,8.42022e+06,5.28484e+07,867400,,5.91232e+08,7.7651e+06,222647,,4.47126e+07,,2292,488137,8.77514e+06,121600,,,160,,
107060112,5.58608e+09,27,个,0.7435,5.42293e+08,4.1534e+09,3.92393e+07,3.51115e+08,1.00203e+06,1.80405e+07,1.70308e+06,437127,5.7546e+07,4.18449e+06,1.80804e+07,7.69174e+07,36136,3.1965e+06,2.5375e+08,55754,,356759,8.2272e+06,1800,39900,53339.7,,2.60971e+06,3.87278e+07,1.50113e+07,,139.39,,49220,1110,
107060106,5.5178e+09,26,个,0.5992,1.68581e+09,3.30649e+09,2.14993e+07,7.86303e+07,540914,1.20734e+07,66634.6,1.94424e+06,7.19033e+07,1.93551e+07,650105,2.06336e+08,31529,14731.9,6.14824e+06,8593.89,,65783.4,3.47005e+06,778.8,,672,,73801.2,9.27118e+07,9.91238e+06,56901,4552.93,,270,,
109041704,5.50346e+09,19,个,0.9744,31175,5.36239e+09,8.45022e+07,2.82967e+07,,1.36381e+06,,28540,2.48869e+07,9056,1650,86676,500,40,1.85693e+06,,,1139,195.7,3600,,5.6,,800,,774.7,,,,,,
109041703,5.50251e+09,17,个,0.9832,2.51613e+06,5.41003e+09,4.1876e+07,2.4894e+07,,760163,,29204.7,1.50828e+07,,63811.5,6.69755e+06,12912,244662,245099,,,4785.2,8071.78,360,,,,461.3,,40858.3,,,,,,
109012303,5.46861e+09,23,个,0.7747,1.68822e+08,4.23632e+09,1.60581e+07,6.95795e+08,80500,8.32314e+06,25835.6,796685,2.42655e+08,315852,48034.4,89087,266140,100840,2.92695e+07,,,560380,13116,29010,,99,,6.86769e+07,325679,44358.1,352,,,,,
109023207,5.45628e+09,22,个,0.8691,8.47886e+07,4.74225e+09,4.25539e+07,3.63475e+08,,3.67077e+07,79870.2,1.09249e+06,1.23031e+08,7.10324e+06,289991,1.53178e+06,107854,131753,3.20188e+07,1580,,1.38783e+06,103796,,,210,6.47047e+06,1.11161e+07,1.75814e+06,286646,,,,,,
107010302,5.41072e+09,6,千克,0.9985,5.40287e+09,8375,7.74858e+06,,,,,,382.8,,,,,5047.22,,,,93199.2,,,,,,,,,,,,,,
109062402,5.39314e+09,16,个,0.9651,60,5.20513e+09,6.90706e+06,1.77665e+08,,800,,1.17175e+06,1.35679e+06,47400,11160,15980,8095,,754525,4800,,460,,,,,,55637.8,5800,,,,,,,
109013001,5.34898e+09,22,个,0.9028,1.16272e+07,4.82898e+09,6.22513e+06,4.44629e+08,,2.56736e+07,401688,4.33596e+06,4.63922e+06,4.41001e+06,2.78676e+06,263030,526442,12412.2,9.77591e+06,111969,,621186,122891,,,8760,,10280,2.75244e+06,1.06309e+06,,2743.99,,,,
109030900,5.3282e+09,16,个,0.9886,7400,5.26745e+09,3.03681e+07,2.47537e+07,,630,,1.02635e+06,319211,10610.6,,6600,864775,1010,2.2946e+06,47604.9,,2270,,,,,,1.03854e+06,,,8505,,,,,
307040200,5.32517e+09,19,UNKNOWN,0.7943,29551.9,9.94279e+07,4.22957e+09,4.89169e+06,,,,4.18709e+06,8.2544e+08,2.73455e+06,40574,24111.2,1.99657e+07,22947.5,1.31304e+06,3.7496e+07,,,,556085,4.71328e+06,,,,,5426,9.46923e+07,,6920,,47893,
107010113,5.32006e+09,10,千克,0.9933,5.28429e+09,53167.8,3.39716e+07,,,,27871.9,,500000,578276,,160,,,,,,49610.9,900,,,,,,595360,,,,,,,
106010101,5.31972e+09,18,千克,0.9380,4.98971e+09,1.37961e+08,2.95429e+07,5.80915e+06,,103327,,,1.38272e+08,527423,62492.9,1.37879e+07,,346874,838856,,,180720,5663.44,120640,,,,1100,361950,583302,,,,1.50406e+06,,
107010303,5.30745e+09,10,千克,0.9988,5.30103e+09,127336,6.10896e+06,,,,,,105020,,479.63,,,16056,,,,62370,577,,,,,5027.6,,2828,,,,,,
104020123,5.25194e+09,15,个,0.9610,2.86173e+06,5.04706e+09,7.79878e+07,6.884e+07,,3.45156e+06,,,1.38719e+07,,1061.56,168152,80,,3.75943e+07,14544.6,,,40429,1000,,,,9568.8,,43752.5,,,,,,
107020601,5.25086e+09,16,千克,0.9963,5.2313e+09,1.13035e+06,1.85011e+06,105200,,,4.56778e+06,,6.89064e+06,,342134,149034,,2.36861e+06,961815,303700,,155130,51535,,,343.94,,675000,,12511.7,,,,,,
109041706,5.17717e+09,17,个,0.9864,168,5.10665e+09,4.04921e+07,2.22074e+07,,22331.8,,,4.15358e+06,,141225,153441,1840,1.05522e+06,2.24516e+06,,,26985.3,20319.9,,,1080,,640,131,3119.67,,,,,,
108010601,5.16282e+09,17,个,0.3713,2.24962e+07,1.91689e+09,2.04274e+07,3.8902e+06,,854343,1.49067e+06,3.69903e+06,1.69252e+07,1.79754e+09,,1.30954e+09,530,,6.81423e+07,,,40000,,,,611.09,,,9906,32874,845531,,,,,
107060108,5.15564e+09,18,千米,0.5277,2.11678e+09,2.58636e+08,3.59562e+06,1.71263e+07,,2.72053e+09,258385,260000,6.27549e+06,1.95743e+07,8963.81,1798.9,,300936,2.63118e+06,,,9000,446.02,,,,,9.52674e+06,124526,3945.08,,,,,,
109051901,5.15531e+09,16,个,0.9350,1.4688e+08,4.82031e+09,4.15108e+07,7.3387e+07,93120,1.20295e+06,,,6.62806e+07,,14007.5,530000,90,705.33,2.82904e+06,,,,,,,,,28346.1,2.20211e+06,2841,43633.6,,,,,
104010204,5.07482e+09,15,千米,0.9286,1.06539e+07,2.38778e+08,1.1842e+07,1.7038e+07,26632.8,4.71227e+09,,,1.9549e+07,5.81491e+07,8035.8,5894.09,,920,6.34723e+06,,,,,,,,,26623.2,93778,33542.6,,,,,,
106030102,5.06717e+09,18,套,0.8417,,2.89878e+08,2.95226e+08,4.26501e+09,,385283,,7.05565e+07,8.85262e+07,1.52466e+06,116372,3.23186e+07,1.17914e+07,49.8,7.32708e+06,3.98124e+06,,,,259709,,,,7.48,151060,5922,,,114000,,,
102040103,5.04204e+09,14,千克,0.9921,5.00223e+09,1.30006e+06,67455,7.72632e+06,,24496,612100,,2.96185e+07,,95,,,24857,392845,,,10842,,,,,,5367,18951.4,10635,,,,,,
301990200,4.97377e+09,19,UNKNOWN,0.5972,1.40099e+09,4.13828e+07,2.97014e+09,3.381e+06,,1.88352e+07,7.80289e+07,1.20909e+07,1.61904e+08,2.64654e+06,,2.44473e+07,5.31127e+07,,5.98621e+07,4.37127e+07,,9600,,,3.55888e+06,,,,,,5.89767e+06,1.38822e+07,,,1.49758e+06,7.83937e+07
107030801,4.96142e+09,24,个,0.4057,1.77108e+08,2.0127e+09,3.45023e+07,1.66621e+08,847205,4.96364e+07,34851.1,,1.31703e+08,2.41178e+07,1.98793e+09,3.1276e+07,1521.8,1.04311e+08,4.32187e+07,5186.1,,3.91647e+06,6.82328e+07,742803,5849,72453,,4.74526e+06,6.14168e+07,5.82793e+07,,2025.74,,,,
109051102,4.95823e+09,18,个,0.9158,63746.7,4.5408e+09,1.30287e+07,3.95223e+08,,1.7738e+06,,1.29254e+06,3.54589e+06,701882,206456,158593,252338,2580,1.13312e+06,17397.8,,,,2100,,,,4900,15307.2,3297,,,,,,
109050107,4.93582e+09,22,个,0.7272,7.49525e+07,3.58915e+09,5.38781e+07,9.61875e+08,3.17655e+06,2.76349e+07,293602,8.93314e+06,8.87127e+07,4.40016e+06,186905,1.87784e+06,2.75162e+06,1303,4.34181e+07,,,23553.5,2899.99,,19005.7,,2.62495e+07,4.57926e+07,718743,1.7679e+06,,,,,,
109011701,4.92823e+09,22,个,0.8351,2.3767e+08,4.11539e+09,2.44001e+07,4.98893e+08,49634,2.65039e+06,19623,1.52923e+06,2.16016e+07,1.11281e+06,842070,9111,656436,11009.7,2.05053e+07,,,599198,,5104.2,18885,,33200,1.79199e+06,270266,174272,,,,,,
109013601,4.91205e+09,23,个,0.5356,1.87145e+09,2.63089e+09,1.28853e+07,2.69395e+08,311970,1.86372e+07,458067,4046,2.08716e+07,841563,32052.4,2.50452e+06,190609,10064.3,2.15494e+07,19440,,12265.2,,,,,,6.12007e+07,578649,122861,30000,,,,45100,7600
109040701,4.8939e+09,22,个,0.7779,2.93017e+07,3.8068e+09,1.41823e+07,5.6993e+08,581774,4.89463e+07,106920,930733,2.92402e+08,429088,40019.9,14322,5.22672e+06,58298.3,1.23082e+08,18960,,8596.4,2963,31349.3,,,,1.13295e+06,552993,124073,,,,,,
107030402,4.88023e+09,15,盒,0.6656,4.12728e+08,2.76305e+07,1.04274e+06,155372,,,,,3.12691e+07,,3.24852e+09,9.81095e+08,,7.71307e+06,40000,,,64742.4,4.42641e+07,60722,,128051,,95,,1.25513e+08,,,,,,
107010105,4.87396e+09,11,千克,0.9963,4.85609e+09,78155,1.38709e+07,,,10000,1660,1.30641e+06,140562,,,,,46756.5,,,,750479,,,,38413.4,,,,,1.62109e+06,,,,,
304080201,4.86071e+09,25,UNKNOWN,0.3802,9.29279e+08,6.90172e+07,1.8482e+09,3.04598e+07,592,15296,1.72805e+06,3.25676e+08,1.73822e+08,8800,,6.57557e+07,2.90455e+08,14756.1,8.05966e+07,2.9361e+07,,3026,11251.7,6084,9.92777e+06,,,,,2213.4,7.19482e+06,9.64468e+08,4.9722e+06,,2.08626e+07,8.88015e+06
109050101,4.82354e+09,24,个,0.5751,3.63237e+07,2.77397e+09,2.73877e+08,1.31003e+09,398050,1.3508e+08,1.1877e+06,8.4426e+06,9.55996e+07,3.62909e+06,58477.4,3.60084e+06,4.46979e+06,32278.2,4.1372e+07,2.4977e+06,,8988.44,62370,,21450.3,,,1.3151e+08,763153,568800,33747.2,,,,,2980
109041601,4.76886e+09,13,个,0.9917,811959,4.72951e+09,4.26071e+06,3.3251e+07,,16947.5,,,531173,,1693.14,24954.6,16809,,437579,,,,702.56,,,,,55,660,,,,,,,
109042401,4.75103e+09,23,个,0.6750,4.64008e+08,3.20679e+09,6.90748e+07,7.49397e+08,629000,3.59171e+07,548702,2.58637e+06,1.06848e+08,5.8694e+06,46546.9,3.44568e+06,222296,3580.08,5.29475e+07,90205.4,,69146,3475.58,,,,,65186.8,5.21172e+07,341557,97.45,,11112,,,
109012408,4.73945e+09,21,个,0.8913,2.76466e+07,4.22413e+09,1.45264e+07,3.87786e+08,12381.2,2.78595e+06,336728,2.16867e+06,1.10019e+07,37120,69526.3,30294,1.10093e+06,163739,6.49968e+07,,,1.78476e+06,3650,,,248055,,478683,57536.6,86539.5,,,,,,
107050601,4.73121e+09,23,个,0.9196,1.71213e+08,4.3506e+09,8.65491e+06,5.99714e+07,,5.4049e+07,189915,239119,5.43374e+07,2.99243e+06,357234,2.07239e+06,29809.1,570582,1.25577e+07,,,114707,14216,7095,849935,1031.18,,1.34225e+06,9.70439e+06,1.33938e+06,,3355.56,,,,
109050902,4.72602e+09,22,个,0.9033,4.80508e+06,4.26917e+09,1.07623e+08,3.22343e+08,,427314,419608,2.35144e+06,3.96605e+06,608958,205491,100540,1.07557e+06,49116.4,1.03106e+07,2.14305e+06,,,,,345257,4969.37,,8360,36254,7433,7419.53,,5600,,,
107060102,4.67768e+09,22,千克,0.5209,2.43651e+09,1.36629e+09,8.12184e+06,5.73893e+07,,8.82532e+07,1.10152e+08,118176,3.08943e+07,4.78649e+08,1.38034e+06,6.61046e+06,37800.8,28552.9,2.06233e+07,,,416581,495971,,269590,810,22680,1.23669e+06,6.95624e+07,628184,,,,,,
109030502,4.6687e+09,13,个,0.9856,3.03332e+06,4.6016e+09,5.97839e+07,664538,,4472.4,,525600,491670,,198.9,,7575,846,2.58847e+06,,,,,,,,,70,,350,,,,,,
108030603,4.65198e+09,12,千克,0.9121,4.24293e+09,2.98622e+08,1.12795e+07,5.53867e+06,,79802.6,,,2.11496e+06,5.62612e+07,1708,,13030,,7.32084e+06,,,,,,,,,2.78169e+07,5610,,,,,,,
109042301,4.59909e+09,20,个,0.9909,1.92401e+07,4.55722e+09,657233,8.20095e+06,23738.8,454361,,6871.2,1.13433e+07,74392.8,123894,176077,3690.9,9399.12,1.44355e+06,,,20370,3720,,,,30,4551.6,71007.5,18550,,,,,,
107020214,4.59053e+09,18,千克,0.9963,4.57347e+09,456292,9.50343e+06,44055.7,,955,245112,,834263,54431,573410,313406,643.5,2.40665e+06,,,,2.57956e+06,38835,,,4850,,224,12.5,60,,,,,,
105020199,4.5798e+09,21,个,0.7053,2.4695e+07,3.23007e+09,1.23732e+08,8.68262e+08,7721.8,2.56595e+07,3.83798e+06,6.99527e+07,7.84667e+07,2.30009e+07,2001.95,670981,306829,15732,1.3017e+08,,,17280,8569.35,,1000,,,859187,52205.4,16139.5,,,,,,
107022303,4.57159e+09,16,个,0.8693,2.57577e+07,3.97393e+09,1.85678e+07,3.31736e+07,,,,,1.25663e+06,,4.57275e+07,7.00779e+07,864,3.50315e+08,5.03027e+07,4331.4,,156625,1.34281e+06,,,186603,,,930.93,787688,,,,,,
304030199,4.5296e+09,25,UNKNOWN,0.4908,606300,4.23674e+07,2.2232e+09,3.8317e+07,,270828,67576.4,7.00747e+08,5.77723e+07,5.03418e+06,21455.9,3476,1.23693e+09,1081.3,6.8378e+07,1.22255e+08,,,99,1.72988e+07,5.26422e+06,,107536,16630,27042.8,51203.2,1.38402e+06,,9.19866e+06,,283830,
109040601,4.51904e+09,13,个,0.5835,5.8954e+07,2.63677e+09,5.35954e+07,1.46057e+09,,770866,,850114,3.06187e+08,,2500,,644000,199284,492960,2856,,,,,,,,,,1898,,,,,,
109040901,4.51542e+09,19,千克,0.9307,4.20237e+09,5.39915e+07,5.01452e+06,4.58082e+06,,2.16499e+08,,64000,1.06303e+07,13785,206020,2.00754e+06,247637,1975,2.23241e+06,,,4885,55983,,,311,,14586,1.71436e+07,342801,,,,,,
109041301,4.49688e+09,17,个,0.5164,1.20124e+09,2.32233e+09,1.9794e+08,5.27599e+08,,28800,,,1.48401e+08,,903046,3.38404e+06,12659,443.08,1.55799e+06,1.58047e+07,,2660,15722.8,,,,,6126,1.76459e+06,7.58818e+07,,,,,,
102050101,4.45104e+09,18,千克,0.9870,4.3932e+09,3.62566e+06,3.62874e+07,131921,,392521,1.22704e+07,,1.97882e+06,1.5596e+06,30914,26113,,55472.1,100002,,,332291,638152,,,,,1464,5240,396501,,,,,,6900
103010402,4.43818e+09,14,千克,0.9992,4.4345e+09,983118,1.70071e+06,2556,,81014.5,,,102846,,616,17684.6,,157138,256840,,,934,153568,,,,,,10427.2,211455,,,,,,
304080101,4.42388e+09,24,UNKNOWN,0.6095,1.60616e+06,8.14201e+06,2.69653e+09,701456,6.41135e+06,290,483540,1.39398e+08,1.36988e+08,6.03665e+07,200,6240,1.01115e+08,1990,7.85121e+06,1.20342e+09,,57741,,750534,7.76108e+06,,,538,5460,,5.16797e+07,,528316,,,80179.2
109041705,4.41164e+09,17,个,0.9749,24958,4.30113e+09,4.11852e+07,6.03901e+07,,10900,,6876,8.36111e+06,,20038.8,119746,,5427.4,89263.3,,,80832,1654.38,,,3104.9,,449.5,43582.7,173138,,,,,,
105010302,4.404e+09,14,个,0.8940,4.58586e+07,3.93712e+09,3.08876e+07,9.77984e+06,,51152.3,3.22408e+08,41565.3,645266,5.34689e+07,,37966.3,,,3.52212e+06,,,,,,,,,8167.94,172642,220,,,,,,
108030400,4.38735e+09,11,千克,0.9987,4.38143e+09,4.52863e+06,640992,896.44,,21504,,,1194,,368.5,,,91091.9,,,,,,,,850,,,631179,250,,,,,,
108042200,4.30733e+09,19,个,0.9130,6.33783e+06,3.93269e+09,1.3693e+07,2.52367e+08,678.13,95608,,6167,9.46331e+07,624719,41865.2,649908,2883,2647,6.1012e+06,,,29601.5,1073.29,,,,,17440,3306.65,26876.5,,,,,,
109030504,4.29791e+09,13,个,0.9839,2.82702e+06,4.22852e+09,4.42856e+07,1.25085e+06,,,49180,,843408,,,1.48308e+07,,,2.95057e+06,864000,,1.18328e+06,100,,7600,,,,,,298000,,,,,
109024506,4.28435e+09,16,盒,0.8382,1.83975e+06,4.83675e+08,8.99405e+06,8.52963e+07,,41212.6,,,1.61875e+06,,3.59115e+09,8.16394e+07,675,5.0171e+06,1.1948e+07,9.53406e+06,,,1.70298e+06,,,,,86612.4,66694.5,1.73657e+06,,,,,,
109051603,4.27739e+09,18,个,0.8829,1.4225e+07,3.77671e+09,1.63534e+07,1.34014e+08,,1.03728e+07,795.38,5.83327e+06,2.33332e+08,7.15238e+07,19848.9,15355,168489,1500,1.28484e+07,,,136.8,,,,,,10070,1.88834e+06,78834.8,,,,,,
106010511,4.27366e+09,17,千克,0.5844,2.49762e+09,1.51946e+09,2.95714e+07,8.49715e+07,8017.32,1.9659e+06,,,754025,1.84107e+07,6645.3,935646,50,,1.11227e+08,,,,,11868,,,,172869,5.34589e+06,113020,,,,3.08487e+06,,
104020111,4.26665e+09,13,个,0.9780,1.31218e+07,4.17299e+09,3.15611e+07,2.33609e+07,,338558,,,4.20165e+06,,2395.46,400000,480,668.75,2.06409e+07,,,,465.5,,,,,30391.1,,,,,,,,
109040501,4.26151e+09,18,千瓦时,0.8351,7.47182e+06,6.30646e+08,8.11489e+06,4.6342e+07,3.55886e+09,186477,,,6.92835e+06,967568,1125.5,2100,330,40,818592,585408,,481993,,,,,,78119.2,5700,14798.3,,,,,,
304060100,4.22512e+09,23,项,0.3378,2.3979e+06,1.23642e+08,1.19413e+09,6.9747e+07,,563885,52780,1.42728e+09,6.83825e+07,25111.5,5300,,1.18388e+09,492025,1.13854e+08,7.19177e+06,,4569.6,,803041,721838,,,17070,,,8.31939e+06,46800,42191,,2.34757e+07,45000
107030301,4.21556e+09,16,千克,0.7389,3.1149e+09,5.6603e+08,8.76364e+06,81536,,,,,3.60271e+08,,7.49727e+07,2.79641e+06,,4.03347e+07,5.88658e+06,,,602399,2.65771e+07,9990.89,,4.7302e+06,,48710.9,,9.47728e+06,69555.5,,,,,
107030407,4.17993e+09,10,瓶,0.6585,2.95498e+06,782167,815445,48888.6,,,,,2.14719e+07,,1.40116e+09,,,2.75258e+09,,,,,67983.8,,,4413.32,,,,49130.2,,,,,,
104020122,4.17838e+09,13,个,0.9462,9.97839e+07,3.95374e+09,8.44326e+07,3.13542e+07,,1.10474e+06,,,660546,10293.5,504,,,,7.27461e+06,,,,3538,,,,,12179.1,3000,37.44,,,,,,
109012403,4.17227e+09,18,个,0.9284,8.46349e+06,3.87356e+09,5.81943e+07,2.25692e+08,231546,279465,2200,185973,2.71068e+06,4740,107954,,21560,25707,866309,,,335003,,,2126,,,1.58152e+06,,1928.63,,,,,,
107059900,4.13749e+09,23,千克,0.3935,1.62805e+09,1.40662e+09,1.10182e+07,4.06448e+08,270244,9.27095e+07,5.05942e+06,92064.6,3.90997e+07,3.58222e+08,3.87262e+07,2.24705e+06,744206,1.25924e+07,5.71275e+07,2000,,1.41871e+06,1.06236e+06,1500,,154429,,3.36036e+06,7.04602e+07,2.00985e+06,,,,,,
109024901,4.13432e+09,21,套,0.5785,8.41356e+07,1.0593e+09,3.42355e+08,2.39174e+09,,1.54442e+07,6.97785e+06,3.75782e+07,1.46329e+08,1.77618e+07,7710,960,2.28918e+06,1.52852e+06,2.83826e+07,245000,,,5647.1,,,365,,76833.7,99035,10010.4,,,,,45000,
109041904,4.11419e+09,9,个,0.9958,,4.09697e+09,3.97035e+06,1.12836e+07,,,,,205051,,1.60873e+06,49044.9,,3640.97,,,,,93889.5,,,,,,,6.2,,,,,,
109040806,4.06283e+09,23,个,0.7377,1.5551e+08,2.99704e+09,2.55087e+07,4.22873e+08,102890,6.79255e+07,184955,6.33372e+06,1.23127e+08,265529,131274,5.55813e+06,188985,300027,2.41024e+08,912.2,,626123,72590.8,,,25135,8.82172e+06,2.43053e+06,3.22373e+06,1.54591e+06,,,,,,
109062202,4.06025e+09,13,个,0.9877,4.77783e+06,4.0102e+09,1.58155e+07,1.96258e+07,,4200,,,638934,,292529,5298,,,8.43199e+06,,,1063.8,105,,,,,457499,,3637.6,,,,,,
109013105,4.0556e+09,24,个,0.7096,3.32698e+08,2.87778e+09,2.13384e+08,3.75973e+08,,3.46593e+07,6.711e+06,2.16967e+07,8.49395e+07,3.60334e+07,51504,466601,927762,2.5413e+07,3.39439e+07,324250,,9.13305e+06,9297.51,1000,,306686,,529435,565118,55169.3,2152,,,,977,
109024211,4.00989e+09,18,个,0.9067,13920,3.63576e+09,1.14009e+07,2.51245e+08,,80990.7,26960,,4.96863e+07,,5.43868e+07,2.61967e+06,,1.10324e+06,1.42288e+06,,,302772,255223,138280,180000,,,8910,17397,1.23947e+06,,,,,,
104020112,4.0041e+09,14,个,0.9576,7.99352e+06,3.83444e+09,4.09523e+07,1.06346e+08,,116208,,,1.32659e+06,,129,427900,,168.48,1.15222e+07,200547,,692926,534.49,,,,,81017.1,,,,,,,,
103030199,3.9859e+09,18,千克,0.9365,3.73291e+09,2.08765e+06,6.07589e+06,1.17469e+07,,,589743,,1.00591e+07,,628447,4.26847e+07,6158,1.74254e+08,479173,,,4.3474e+06,4630.5,560,,3751.95,,900,,16177.5,,1248.81,,,,
108041501,3.9387e+09,19,个,0.9186,2.14852e+08,3.61792e+09,5.63919e+07,3.67417e+07,,668551,,9412.3,4.38348e+06,99600,37327.8,770,272813,140.4,7.1427e+06,,,20510,1065.36,,,,,91735,30877.2,11282.7,22639,,,,,
109013701,3.93562e+09,17,个,0.4911,1.80146e+09,1.93265e+09,2.36521e+07,1.55796e+08,77752.9,228648,1376.15,197000,1.31758e+07,171613,4564.2,,124524,,4.96278e+06,,,14140,,635,,,,3.10009e+06,350,,,,,,,
101020401,3.92783e+09,17,千克,0.9944,3.90602e+09,1.63905e+07,2.1845e+06,480422,,853879,,,52893.3,41830.1,14266.2,396054,,24928.1,407153,,,546699,7191.04,,,364.58,,70459.5,303863,44635.9,,,,,,
109030300,3.91434e+09,22,个,0.6722,2.52562e+07,2.6311e+09,4.45759e+06,4.13051e+08,377187,8.47472e+06,65734,2.30383e+06,8.08243e+08,1.69599e+06,25160.2,28842.9,475253,199299,8.70127e+06,,,631659,6740,39600,,1000,,9.05511e+06,54427.7,100777,,,,,,
109062501,3.91144e+09,20,个,0.9854,8294,3.85436e+09,5.18505e+06,4.53383e+07,,,,1954.4,740796,,25909.9,303449,19395.9,320,5.02545e+06,210170,,3925,33811.2,37400,1200,,,270,8775,7504.63,,,135480,,,
109012301,3.90663e+09,20,套,0.7158,3.05356e+07,8.59838e+08,3.63569e+07,2.79625e+09,,1.41068e+07,9219,6986,1.43788e+08,58036,117268,15335,34888.6,16999.6,1.31772e+07,,,410804,3904.36,,,900,,1.17484e+07,155561,2508.43,,,,,,
108031801,3.90119e+09,11,千克,0.9487,3.70099e+09,9.50797e+07,53984.9,8.47717e+07,,1.16958e+06,,2000,,1.89692e+07,,,,372,141738,,,18,,,,,,,9500,,,,,,,
103030702,3.89656e+09,18,箱,0.6688,5.11568e+08,2.37206e+08,1.8281e+08,3.63913e+06,,154826,316080,,2.50531e+07,,2.3162e+07,2.60602e+09,,2.56518e+08,7.59576e+06,,,6.58068e+06,6.29062e+06,15076.7,,2.00667e+07,,,110688,9.4264e+06,,27444.2,,,,
107022401,3.88454e+09,16,个,0.9400,6.89208e+06,3.65157e+09,1.02496e+07,1.58933e+07,,6400,2.34515e+06,,4.1072e+06,,1.80951e+07,1.47797e+08,,2.36512e+07,1.96242e+06,,,158807,1.09493e+06,,,33230.1,,,483826,202041,,,,,,
107030404,3.8752e+09,15,盒,0.8737,3.9079e+06,3.15422e+07,953004,1.69462e+06,,,,3800,2.26449e+07,,3.38568e+09,1.15822e+06,120,3.22246e+08,,,,44766.8,2.03839e+07,,,44616.6,,40,,8.48991e+07,,,,,,
109041702,3.8716e+09,12,个,0.9785,9.97273e+06,3.78824e+09,2.98482e+07,3.6418e+07,,17915.2,,3352.4,6.58369e+06,,19150.6,332629,,1424,133103,,,,,,,,,,,25401.1,,,,,,
108012701,3.83659e+09,18,千克,0.8874,3.40459e+09,3.00895e+08,3.59503e+06,8.36106e+07,,390004,2.30882e+06,,2.4612e+07,4.14513e+06,1.4818e+06,69060.3,203937,361106,6.95893e+06,,,2.94714e+06,99478,,,,,29239,144584,146971,,,,,,
106030103,3.80259e+09,23,个,0.4939,730604,1.87807e+09,1.699e+08,1.64761e+09,579843,136298,870,5.04434e+06,6.50806e+07,935570,35211.5,259476,674934,68602.5,2.9181e+07,811083,,28882.2,,196620,1.5e+06,,,224194,1225,5260,,,,,,1.51449e+06
104030201,3.7758e+09,14,平方米,0.5391,3.3576e+07,3.18899e+07,8.46675e+06,1.12394e+07,,6.55463e+08,,,9.99084e+08,2.03556e+09,,,460,3402.8,169992,,,,,,,,,293743,35276.1,1134.9,,,,,,14410
101010102,3.7737e+09,24,千克,0.9204,3.47347e+09,7.13157e+07,2.15398e+07,3.77441e+07,221290,8.43406e+07,2.81301e+06,2.36886e+06,1.12811e+07,78403,3.65156e+06,8.69382e+06,124250,3.53472e+06,1.2272e+07,55692.3,,150260,3.41494e+07,129472,,73953.6,,283818,1.32059e+06,3.49531e+06,,588352,,,,
107030408,3.75367e+09,13,盒,0.8758,627661,1.03211e+07,650831,53482.9,,5.4,,,6.38038e+06,,3.28746e+09,,,4.45656e+08,55649.9,,,14355.2,1.96291e+06,164,,,,,,484908,,,,,,
104011101,3.71229e+09,20,千克,0.5856,2.17382e+09,7.16252e+08,6.73103e+06,1.83931e+07,412414,2.86598e+08,199750,26000,3.94948e+07,2.20821e+08,5.27166e+06,1.9316e+07,3434.88,5242.16,4.17768e+06,,,92294.4,6.38571e+06,,,,,2.74333e+06,1.48561e+08,6.29834e+07,,,,,,
109040403,3.6653e+09,14,个,0.8674,781134,3.17946e+09,2.8806e+07,4.2197e+08,,31798,,250570,1.04603e+06,12000,5492,,685767,,1.83166e+06,,,,,,,,3.04158e+07,1000,4944,,,,,,,
104020114,3.65447e+09,11,个,0.9444,675721,3.45122e+09,3.34412e+07,1.00096e+07,,63110.1,,,3.71115e+07,,1.19761e+08,,,,320.4,35.75,,,,,,,,30106.5,,2.15776e+06,,,,,,
109021199,3.61812e+09,21,套,0.4886,1.08866e+08,1.02442e+09,8.39722e+07,1.76765e+09,158222,532933,281160,1.87621e+06,7.50699e+07,287480,145217,126171,1.31234e+06,139403,9.62052e+07,828080,,215170,,,78480,,,4.5593e+08,18012.2,14579.6,,,,,,
107021599,3.59954e+09,20,千克,0.7392,2.66095e+09,1.226e+07,1.64941e+06,8.88265e+06,160,262404,7.90289e+08,,9.64376e+06,790648,1.71998e+06,3.82923e+06,,6.22976e+07,5.20115e+06,121600,,3.84734e+07,68933.3,,,1.92602e+06,,431955,177802,571793,,,,,,
107030206,3.59413e+09,14,盒,0.8826,1.6854e+07,6.58005e+06,1.1131e+07,129179,,,,,9.43847e+07,,3.17209e+09,2621.04,,2.89392e+08,,,,16675.1,2.47006e+06,,,28853.3,,103770,1089.15,947515,,,,,,
304040799,3.57524e+09,21,UNKNOWN,0.6088,2.66673e+08,4.6539e+07,2.17675e+09,2.52086e+06,67589,,4.2745e+07,9.18842e+07,6.67213e+07,1.79401e+08,,850679,2.96322e+07,,1.90934e+08,3.61553e+08,,,,600,3.50899e+07,32000,,,,,2.96206e+06,7.4626e+07,5.94177e+06,,34980,281604
104010404,3.56803e+09,19,千米,0.5586,1.15259e+09,5.4606e+07,4.5202e+06,6.39488e+06,437730,1.99299e+09,1.81084e+07,,4.94703e+06,3.28103e+08,7792.12,304007,,30678.6,1.13363e+06,,,10671.5,568,100,,,,36788.4,3.5887e+06,211273,,,,,,
109051800,3.56425e+09,16,个,0.9345,5.47868e+06,3.33087e+09,4.62624e+06,5.99206e+07,,652431,,13930.5,2.30251e+07,6.25706e+06,3.06451e+07,,5900,,3.73598e+06,,,,,,10500,,9.89052e+07,847,106189,3604.96,,,,,,
104020101,3.56253e+09,13,个,0.8656,7.31597e+06,3.08369e+09,1.5723e+08,1.7434e+08,,3.99208e+06,,,5.44668e+07,,6.67115e+06,2637.81,,3923.18,6.77852e+07,,,,10046.4,,,,,5.19681e+06,,1.81765e+06,,,,,,
105010101,3.55417e+09,19,立方米,0.8658,1.07792e+08,2.46527e+08,1.33655e+07,1.36134e+07,,6.56869e+06,3.07705e+09,353278,6.20821e+06,6.93958e+07,139899,108132,,27263.6,8.16798e+06,,,3248,81955.5,,,,,4.53457e+06,182695,27709.1,,,,,,18375
103030705,3.51369e+09,18,箱,0.9114,3.87078e+07,9.79283e+07,2.97933e+07,8.2291e+06,,,5502.92,,4.83304e+07,,2.25171e+07,3.20239e+09,65,5.23819e+07,1.27374e+06,4146.41,,345962,3.0207e+06,614005,,6.13847e+06,,,,2.01216e+06,,1736.32,,,,
109030103,3.49963e+09,9,个,0.7328,4.18795e+06,2.56465e+09,145969,1.80447e+07,,2850,,62,9.12128e+08,,,,,,126420,,,,,,,,,347212,,,,,,,,
103030703,3.48209e+09,15,个,0.7438,1.61231e+07,2.58984e+09,1.25778e+07,9.92579e+06,,,69176.7,,5.87097e+07,,4.20689e+07,5.60522e+08,,1.47405e+08,4.35226e+06,,,812242,1.44353e+07,231078,,1.54849e+07,,,,9.52406e+06,,,,,,
108041600,3.48053e+09,22,个,0.5707,6.37787e+07,1.98619e+09,4.25102e+07,1.3369e+09,343931,1.03168e+06,,4524.88,7.00841e+06,259672,81022.6,53911.1,17475.2,3811.64,2.38506e+06,564.61,,44253.1,13556.9,196.8,,150,,3.97638e+07,79058.9,60265.1,,,,,,
501990000,3.47249e+09,20,UNKNOWN,0.4591,5.71537e+06,2.89337e+07,1.59433e+09,1.49804e+08,482235,1.52744e+06,1.24203e+07,1.19083e+08,2.80786e+08,9.35696e+08,,330,3.37801e+07,,8.63697e+06,2.8885e+08,,,,381227,3.36761e+06,,,80,,161013,8.43865e+06,,100000,,,
103010401,3.46513e+09,13,个,0.4065,1.34253e+09,1.40856e+09,2.24068e+06,26703.1,,28860,,,135288,,3.86638e+07,2.40787e+07,,219828,,,,1839.28,6.153e+08,,,3.15495e+07,,,,1.7918e+06,,,,,,
301010201,3.45927e+09,15,千克,0.4241,1.46702e+09,2.02524e+07,1.01595e+09,3.3209e+07,,3.47464e+07,1.24945e+06,289804,7.1449e+08,,,2.7788e+07,1.39075e+07,,2.93237e+07,9.32285e+07,,,,,,,,,4432.4,,,152500,,,,7.65712e+06
108041201,3.45573e+09,19,千克,0.8101,2.79964e+09,1.63765e+08,6.73533e+06,1.23808e+07,,4.40045e+08,,502248,1.44279e+07,1.7278e+06,65524,246368,30448.8,234,3.0864e+06,,,438447,5525,1100,,,,2.07539e+06,1.05505e+07,8580.17,,,,,,
109025310,3.43987e+09,21,个,0.7989,41601,2.7482e+09,5.19559e+07,4.129e+08,,3.65685e+06,186850,5.8176e+07,8.40252e+06,1.84037e+06,109447,6.88277e+06,1.50948e+06,,1.452e+08,175312,,,95.6,,1305.21,,176996,98923.6,79701.6,43073.1,242170,,,,,
109013103,3.40172e+09,20,个,0.8116,3.66437e+07,2.76083e+09,4.62434e+07,4.39262e+08,,1.64903e+06,2.06679e+06,3.51931e+07,5.702e+06,2.26406e+06,,1810,611226,1.06021e+07,5.44268e+07,750395,,4.32384e+06,,,,1.02782e+06,,858,111400,8126.12,811,,,,,
108032402,3.39606e+09,10,千克,0.9996,3.39474e+09,783935,5000,7116,,120993,,,242687,,52230,,,,720,,,,,,,,,4790,96294,,,,,,,
106010201,3.37325e+09,21,千克,0.8091,2.72925e+09,6.4436e+07,5.80789e+06,3.06609e+06,,133245,,23700,1.40667e+06,669497,443618,1.01737e+07,282319,,4.91188e+06,47209.5,,25800,1228.78,239426,,99.8,,195,8.90852e+06,1.67453e+07,,,,5.26676e+08,,
109052203,3.36036e+09,18,个,0.9529,25940.6,3.20211e+09,6.65473e+07,6.6137e+07,,237152,,328704,5.01565e+06,6750,8267.99,279144,32691.1,12,1.92354e+07,2810.58,,59800,11113.7,,,,,274308,46904.8,,,,,,,
104010507,3.35327e+09,16,个,0.9104,6.99681e+07,3.05287e+09,2.0269e+07,1.11207e+08,,1.90669e+07,106750,,6.0559e+07,793845,1.14595e+07,3.86511e+06,,3884,2.81144e+06,,,,46455,,,,,117704,58704.8,58741,,,,,,
108041102,3.33232e+09,16,千克,0.8989,2.99531e+09,9.79448e+07,5.35759e+06,7.7582e+06,,1.84872e+08,5625,10290,2.87171e+07,4.80771e+06,31013.4,159072,,,5.43067e+06,,,,689978,,,,,124054,1.07279e+06,25664.3,,,,,,
102059900,3.31694e+09,20,千克,0.9104,3.01964e+09,3.36735e+07,2.01665e+08,621695,,417340,2.26261e+07,,1.27266e+07,2.21669e+07,31700.5,21403,15404.8,4248.2,168971,,,64605.9,2.70396e+06,,,,,21761.5,36027,318685,416.4,,,,,17510
104030302,3.31296e+09,17,个,0.8824,3.28776e+08,2.92332e+09,1.56682e+07,2.76712e+07,,5.51534e+06,,,374287,,24446.9,31290.5,53424.7,574805,6.0965e+06,,,557193,1508.33,,,70,,4.18497e+06,45519.6,70602.9,,,,,,
105020299,3.28812e+09,22,个,0.5264,2.26438e+08,1.73079e+09,2.01913e+07,1.16057e+09,,7.70184e+06,7.67715e+06,1.21332e+07,1.07454e+07,3.20886e+07,787326,168655,49379.4,2.20189e+06,3.64483e+07,138000,,704295,139985,3864.8,,4324.24,,3.8845e+07,125937,169901,,,,,,
103020303,3.28732e+09,19,箱,0.6318,4.79374e+07,2.10763e+08,1.18422e+08,1.01872e+07,,1850,,,4.46295e+07,,2.30302e+08,2.0769e+09,,1.18423e+07,2.41399e+07,,,1.70029e+07,2.99114e+08,1.15264e+08,,1.67064e+07,,80,593962,6.35044e+07,141.4,1626,,,,
107021308,3.27845e+09,22,千克,0.7379,2.41908e+09,5.39742e+08,2.98154e+07,2.62093e+07,,1.2775e+07,3.28574e+06,30000,1.13773e+08,8.07777e+07,1.96924e+06,4.37905e+06,2.39349e+06,4.95635e+06,1.31221e+07,,,8.02628e+06,820558,54393,,1.07376e+07,,444322,5.40853e+06,645733,10000,,,,,
103030901,3.24836e+09,16,千克,0.6279,2.03962e+09,1.11511e+08,1.57887e+07,2.98828e+06,,,130254,,4.00313e+06,512,2.92327e+06,1.99017e+07,,1.02831e+09,2.20446e+07,,,928810,18938.2,290,,24095.3,,,,157280,,,,,,
109012701,3.23125e+09,19,个,0.6177,4.19376e+07,1.9958e+09,5.23032e+07,1.11796e+09,,2.06158e+06,156449,3.80655e+06,1.79276e+06,1.95107e+06,1300,61012.5,259455,15219,1.26015e+07,,,459436,,,3000,,,73574.4,4582,408.54,,,,,,
103011201,3.225e+09,15,千克,0.9848,3.17587e+09,1.73968e+06,6.38963e+06,,,,,,207908,,90202.8,2.81357e+06,,45861.2,3.18764e+06,,,29872.8,1.72966e+07,,,15586.1,,12785,3323.1,1.72912e+07,,11.01,,,,
109020602,3.21499e+09,17,千克,0.5166,1.66091e+09,1.10399e+09,7.74884e+06,4.2075e+08,106718,160388,,42975.6,6.13208e+06,18386,120,,496451,3111.98,1.26997e+07,,,3916,12990,,,,,1.85881e+06,54765,,,,,,,
107020102,3.1727e+09,22,千克,0.9514,3.01852e+09,3.90898e+07,1.27813e+07,67590.3,27410,18026,7.84632e+06,,1.83266e+07,6.89534e+07,10386.1,4816,160,690062,585,599000,,714896,296.8,131157,,84479,,,4.70622e+06,42051.9,,,,,,91930
104019999,3.17212e+09,24,千米,0.3683,7.21514e+08,9.08358e+08,7.25364e+06,8.15639e+07,102443,1.16815e+09,1.42506e+07,26105,3.01376e+07,1.16601e+08,3.72659e+06,3.04717e+07,401111,15901,2.8958e+07,813210,,2730,332788,60,7400,,,4.50414e+07,1.05455e+07,3.67664e+06,,,,164373,,
109051103,3.17103e+09,23,个,0.9417,2.12334e+06,2.98604e+09,1.13309e+07,1.56185e+08,,120746,329146,147039,3.76651e+06,1.14442e+06,686048,899403,478676,146093,4.2568e+06,948411,,119980,4949.71,31500,100981,,,47622,1.61042e+06,245872,,264591,,,,
304020103,3.17022e+09,17,UNKNOWN,0.4670,,8.70359e+07,1.48041e+09,1.64497e+08,139483,,,8.61156e+08,6.64627e+07,,27.5,220,3.29234e+08,,2.59169e+07,1.27325e+08,,,,264007,1.5353e+07,,,,,1.79879e+06,5.19157e+06,,959988,,4.47638e+06,
103020602,3.14352e+09,17,箱,0.8470,8.29647e+07,1.46931e+08,8.44932e+06,8.72374e+06,,,36427.9,,1.8569e+07,,1.68982e+07,2.66257e+09,466356,1.03968e+08,2.91952e+06,,,4.02266e+07,3.23738e+07,31667,,5.56245e+06,,,2016,1.28259e+07,,,,,,
104020113,3.1279e+09,11,个,0.9525,5.70362e+06,2.97936e+09,1.1103e+08,4.85048e+06,,45680,,,7.39822e+06,,1.44142e+07,,,,2.23654e+06,,,,2553.5,,,,,1957.5,,2.85824e+06,,,,,,
109040399,3.11045e+09,17,个,0.9296,4.72815e+07,2.89152e+09,3.5017e+06,1.59314e+08,278859,353034,,31724.5,946440,,4900,,480459,3394,6.49783e+06,26800,,178384,,,,,,25735.5,10500,950,,,,,,
107022304,3.10992e+09,16,个,0.9194,1.75629e+07,2.85933e+09,1.15655e+07,3.40417e+07,,,,,3.49526e+06,,7.09805e+07,2656,162000,1.08192e+08,3.55622e+06,,,777384,124447,940,,17699.5,,10880.8,,104244,,,,,,
110020202,3.10323e+09,10,立方米,0.9162,1.74396e+08,1.93279e+06,4.05084e+07,175177,,,2.84329e+09,,4.19152e+07,20580,,,,,13916.9,880502,,,,,,,,100000,,,,,,,,
109011903,3.10228e+09,21,个,0.7556,2.07611e+08,2.34412e+09,8.15217e+07,3.9408e+08,,7.79779e+06,1.38978e+06,248885,6.30593e+06,161933,107810,494914,13807.9,185504,5.59884e+07,,,67069.8,21575.8,,,52347.4,,910727,860270,338698,737,,,,,
102050502,3.09663e+09,8,千克,0.9259,2.86725e+09,2.25734e+06,2.09289e+08,486577,,1.56642e+07,,,1.64744e+06,,,,,624,34000,,,,,,,,,,,,,,,,,
109042001,3.09229e+09,18,个,0.9544,4.92785e+06,2.95121e+09,2.8878e+07,7.39751e+07,120000,2400,,34382,2.8677e+07,3024.43,280605,3556,1720,,4.14627e+06,,,7182,17754.6,,,,,5370.3,60,1295.55,,,,,,
107030401,3.08756e+09,15,盒,0.7775,1.17322e+06,1.00259e+07,4.42651e+06,2.70079e+07,,,,,8.93732e+07,,2.40049e+09,20595,,5.31764e+08,1425.9,,,1.5761e+06,1.83441e+07,350,,143244,,,1877.78,3.21289e+06,,,,,,
108040301,3.07021e+09,23,个,0.8682,1.00416e+08,2.66568e+09,2.61351e+07,6.39964e+07,,3.61231e+07,6299.86,463838,8.64889e+07,462179,3.55024e+06,580606,44791.6,116477,7.21582e+07,4400,,611009,6214.4,6907.3,6087,,,1.30479e+07,74022.7,230546,,315.79,,,,
107021307,3.04444e+09,20,千克,0.7408,2.25545e+09,2.23198e+08,4.89875e+06,4.03637e+07,,4.84338e+06,3.94823e+07,,3.73913e+07,6.63504e+07,2.56334e+06,3.5012e+07,12605,1.77968e+07,2.16903e+06,,,2.88746e+08,6.61345e+06,1413.04,,6.43998e+06,,3815.72,9.12145e+06,3.98346e+06,,,,,,
109040101,3.03991e+09,21,个,0.8940,5.23883e+07,2.71758e+09,1.02732e+06,2.44386e+08,1.08716e+07,616770,2513.88,277284,810031,21765.4,265.8,6601.5,4.9619e+06,20911.4,6.6743e+06,,,93192,4680,,,,,17926.8,145959,2041.5,,,,,,6500
109040406,3.02093e+09,19,个,0.6643,3.06174e+08,2.00695e+09,8.73444e+06,5.97302e+08,189235,9.04597e+06,,255807,5.49644e+07,97308,2314.5,6480,112633,39976,3.57063e+07,742365,,276615,,,,,,62200.1,235044,32621.9,,,,,,
109031300,3.01825e+09,17,个,0.8071,8.73713e+07,2.43608e+09,3.41705e+06,4.44607e+08,,2.40067e+06,,233660,3.55429e+06,3.18497e+06,45,984,152,449229,6.31793e+06,259546,,12628,,,,,,3.01469e+07,,214098,,,,,,
104011201,2.99889e+09,20,千米,0.4783,1.07503e+09,2.55909e+08,1.1688e+07,5.63184e+07,4.11287e+06,1.43428e+09,383328,,2.69061e+07,1.26431e+08,4556.03,455650,,26816.2,3.41827e+06,,,8370.01,100152,,,3402.88,,202317,3.60688e+06,179.64,600,,,,,
109023209,2.98699e+09,17,个,0.5885,5.3073e+07,1.75772e+09,1.17694e+07,1.92882e+08,,9080.03,,406109,9.44855e+08,1.84806e+07,1045,2605,13782,1476.9,7.76045e+06,,,552.5,820.26,,,,,11400,4316.12,,,,,,,
102020300,2.96769e+09,12,千克,0.9463,2.80823e+09,13517.3,1.71663e+07,120,,,1.3958e+08,,1.22402e+06,,,,206,1.39089e+06,200,,,40632.5,,,,39310,,,6898.94,,,,,,,
107060299,2.96701e+09,24,个,0.4548,1.25944e+09,1.34931e+09,8.67523e+06,1.59848e+08,1.10597e+06,4.80343e+07,934608,232616,8.23271e+06,4.29669e+07,4.08743e+06,2.76306e+06,21398.2,581480,3.042e+07,,,314347,936644,1.03246e+06,1400,11490.2,,1.42495e+07,3.28092e+07,995927,,,,,2825,
107021101,2.93025e+09,19,千克,0.9855,2.88763e+09,7.31716e+06,1.88414e+06,207080,,633798,626282,,2.81271e+06,,689532,149023,57119,583646,2.36157e+07,383715,,1.89838e+06,455666,5963.89,,1.18465e+06,,,48023.5,65441.2,,,,,,
304030302,2.92645e+09,18,UNKNOWN,0.8082,,2.04024e+07,2.36514e+09,907839,,76420.8,,5.41567e+07,2.00416e+07,1.44287e+06,8930,490,2.91113e+08,,3.53102e+07,6.52346e+07,,,,837165,5.03945e+07,,,700,,,1.29075e+07,,8.3497e+06,,127797,
103021199,2.9262e+09,18,千克,0.9731,2.84762e+09,2.52009e+07,2.77947e+06,507720,,624707,929383,,1.84251e+06,,2.84643e+07,5.4876e+06,1800,2.04494e+06,2.49557e+06,,,752445,2.10509e+06,,,269770,,,26352,5.04597e+06,,68.47,,,,
108019901,2.91883e+09,21,千克,0.7641,2.23025e+09,1.06649e+08,2.17429e+07,1.4083e+08,,3.73512e+07,2.08974e+08,6.661e+06,3.73339e+07,1.09574e+08,169960,417031,26773.5,44000.6,9.32267e+06,,,238857,4.65229e+06,,,4402.69,,1.25478e+06,1.4588e+06,1.85935e+06,,,,,,13284
106020101,2.91772e+09,23,个,0.4638,8.82306e+06,1.3531e+09,8.21037e+08,4.21635e+07,,8402,,165198,2.56757e+08,31407.1,3.79482e+06,1.58602e+06,433028,2814.11,2.53425e+07,593317,,,127.38,8.23483e+07,18361,52.25,,8900,3.20661e+08,128670,,,6700,705226,,
109060102,2.91203e+09,19,个,0.4761,4.83712e+06,1.3863e+09,3.41846e+07,1.35436e+09,,6.97529e+06,7343.5,2.22462e+07,5.27777e+07,112480,53702,900,2.70045e+06,57108,4.71838e+07,,,7940.04,5822,,,,,1040.5,81900.3,141934,,,,,,
104020124,2.91104e+09,17,个,0.8912,1.33884e+08,2.59429e+09,1.54232e+07,1.45262e+08,,1.03444e+06,113311,,2.22669e+06,,3.23721e+06,43195.3,,51956,8.37607e+06,831.17,,,215406,,,,,9504.22,1916.16,6.86187e+06,7860.79,,,,,
107020211,2.88262e+09,10,千克,0.9979,2.87665e+09,113529,91433,14760,,,3024,,102090,,38,,,269896,379489,,,4.99129e+06,,,,,,,,,,,,,,
303020300,2.87041e+09,10,UNKNOWN,0.7195,,1.21154e+08,2.06513e+09,2.36444e+06,,,,2.0661e+08,1.38136e+07,,,,2.04445e+07,,4.92914e+06,4.21989e+08,,,,,827297,,,,,,1.31411e+07,,,,,
108030601,2.84002e+09,17,千克,0.7783,2.21049e+09,2.29607e+08,1.32579e+08,2.23032e+08,,5.89865e+06,,,1.9934e+07,6.77124e+06,34659.8,73731,,53664.5,2.72908e+06,21773,,2.35739e+06,244301,,,,,6.16129e+06,4000,24559.5,,,,,,
110020203,2.83913e+09,11,千克,0.8805,2.49993e+09,7693.96,1.06801e+08,988542,,,2.26856e+08,,4.10856e+06,186000,,,,89992.5,70420,,,88060,,,,1066,,,,,,,,,,
107010203,2.83814e+09,17,千克,0.8569,2.43213e+09,7.46945e+06,3.69045e+07,55450,,83124.8,3.46809e+08,,1.51056e+06,3.9616e+06,8701.91,33987.9,84662.3,5.24683e+06,5000,,,3.21766e+06,2109.36,,,477295,,,140135,,,,,,,
304040702,2.83697e+09,19,千克,0.5860,1.66258e+09,3.15094e+07,6.96191e+08,330805,,,5.3098e+07,3.54132e+07,8.54289e+06,6.41981e+07,,254613,6.44791e+07,2.07935e+06,2.13282e+07,1.31077e+08,,60225,,,109083,,,,,,2.15064e+07,4.33757e+07,,,775050,66836.9
109010503,2.81549e+09,18,个,0.9821,3.17827e+06,2.76513e+09,1.25559e+07,2.50458e+07,,410076,,239000,2.33034e+06,39147,5495.47,1136.22,2.30959e+06,10703.5,3.78458e+06,,,16955,55495,,,,,274741,101460,52.94,,,,,,
102050404,2.80918e+09,19,千克,0.4376,1.2294e+09,5.63905e+07,1.00049e+09,1.51517e+06,,280220,4.78173e+08,1.65209e+07,6.22203e+06,1.41204e+07,1590.5,198195,,3507.7,4.12362e+06,,,92293.9,1.27425e+06,,,,,3043.85,125642,154076,,,,,,90927.2
101011501,2.79549e+09,18,千克,0.6635,1.85491e+09,4.27823e+08,7.25303e+07,1.38869e+06,,,1513.62,,1.85955e+07,,4.96421e+07,1.77784e+08,55800,728997,1.14646e+08,,,1.30794e+06,6.65175e+07,2.56668e+06,,316447,,,1050,6.65804e+06,,,,,,14400
101010399,2.77122e+09,20,千克,0.8635,2.393e+09,3.23749e+07,1.92736e+07,8.92004e+06,,114228,9.97297e+06,224445,2.37378e+07,280684,8.13996e+06,8.0695e+07,117680,1.15324e+08,4.83759e+06,,,7.09145e+07,1.04107e+06,495024,,776121,,,456,979315,,,,,,
103030799,2.73629e+09,18,个,0.5043,3.09712e+07,1.37983e+09,9.50742e+06,1.71409e+06,,812.5,496.8,200000,1.59519e+07,,8.76465e+06,1.16442e+09,,9.67271e+07,8.97472e+06,,,2.63256e+06,5.68368e+06,1200,,9.19741e+06,,,,1.70729e+06,,,,,40,
107040403,2.73114e+09,11,千克,0.9807,2.67844e+09,1.72377e+07,307406,4.50697e+06,,2.86505e+07,,,187324,,2254.5,,,,99661,,,,3232.58,,,,,116,1.70689e+06,,,,,,,
109011401,2.7168e+09,14,个,0.6172,6.88165e+07,1.6769e+09,5.69755e+07,7.87985e+08,,8.45186e+07,,1.48364e+07,1.67011e+07,1.6001e+06,557936,,91424.9,,6.9381e+06,,,24208.5,,,,,,853369,436,,,,,,,
107030202,2.69754e+09,13,个,0.6084,2.8777e+06,1.64125e+09,68048,,,,,,8.73302e+07,,7.82921e+07,162600,,8.87043e+08,,,,88236,359996,34920,,11941.4,,,238,20288.8,,,,,,
104020402,2.69647e+09,13,个,0.9727,1.74852e+07,2.62281e+09,1.34038e+07,387983,74815,2.93252e+07,,,1.06747e+07,1824,12807.2,63774.8,,,2.12189e+06,,,,,,,,,3256.5,,101988,,,,,,
109030400,2.68178e+09,24,个,0.6676,8.63276e+07,1.79027e+09,6.74205e+07,4.93441e+08,,1.36051e+08,342178,7.63911e+06,6.21402e+07,4.88256e+06,424135,60253.4,4.31741e+06,1.12679e+06,1.65849e+07,100705,,667718,453098,,328401,143875,,7.3687e+06,1.27222e+06,31573.5,,,,17005.6,368896,
104010699,2.67396e+09,22,千米,0.3791,5.28264e+08,7.52835e+08,6.71831e+06,5.42926e+07,391233,1.01378e+09,,10525,3.46904e+07,6.20969e+07,1.49575e+07,9.49906e+07,1444.5,26091.7,8.67133e+06,22600,,978105,2.32661e+07,19100,,,,2.54874e+06,1.39472e+07,6.14519e+07,,125.93,,,,
301010299,2.67299e+09,19,UNKNOWN,0.5250,9.96213e+08,2.98608e+07,1.40337e+09,3.35592e+06,,1.353e+06,2.65263e+07,2.88434e+06,3.24592e+07,,200000,1.36702e+06,3.73616e+07,,6.28606e+07,1.22837e+07,,,,,,,,222233,,2706,1.59522e+07,2.45225e+07,8567.24,,,2.21814e+07
109052000,2.65927e+09,16,个,0.9625,6.01642e+06,2.55946e+09,9.41998e+06,6.13658e+07,,552186,,24160,1.69602e+07,4094,29980,,20686,3000,5.17674e+06,,,,17.5,,,,,22410.5,13414,202807,,,,,,
104010401,2.6316e+09,11,千克,0.8171,2.15023e+09,4.57067e+06,69894,287975,,4.76134e+08,,,17027.9,1562.4,27417,,,,250609,,,,,2820,,,,,5987.3,,,,,,,
103010101,2.61431e+09,15,千克,0.7903,2.06613e+09,2.04003e+07,5.80393e+06,5976.47,,,1459.2,,7.2931e+07,,409847,1.27848e+06,99,24881.5,3.30148e+06,,,97599.1,4.2748e+08,,,1519,,,,1.64379e+07,,,,,,
108010306,2.60392e+09,12,千米,0.9947,3.22188e+06,2.9335e+06,1.12236e+06,41199,,2.59013e+09,1.30989e+06,,49168,54640.6,28,,,,9513.55,,,,,,,,5.04e+06,,10620,,,,,,,
104010103,2.5977e+09,21,千克,0.8610,2.23651e+09,2.19582e+08,1.76157e+07,3.69714e+06,432295,5.86905e+07,91446,4307.4,2.0294e+07,1.84948e+07,387411,3.21638e+06,,4982.86,4.13688e+06,67038.8,,1580,33723.5,,,2286.98,,5.81656e+06,6.20808e+06,2.41176e+06,,,,,,
103011107,2.5937e+09,18,个,0.8244,2.16242e+08,2.13832e+09,8.52559e+06,1.71764e+07,,9,,,8.36218e+06,,3.39344e+07,5.33604e+07,,3.46319e+06,115197,3580.6,,3.41101e+06,7.26612e+07,504574,,2.73597e+07,,,384,1.02629e+07,,165.33,,,,
106010399,2.57147e+09,22,千克,0.6178,1.58867e+09,4.45297e+08,9.9015e+07,3.46549e+07,,2.13231e+07,1347,28659,9.39617e+06,1.46039e+08,9.99612e+06,2.02372e+07,155968,12935.1,2.06797e+07,26045.8,,350,543178,2.39715e+06,,,,5268.26,4.09817e+07,1.12336e+08,,,,1.96776e+07,,
304060299,2.55948e+09,16,UNKNOWN,0.5001,4.12826e+07,6.80375e+07,1.27992e+09,5.29431e+06,,,100000,2.4641e+08,4.13646e+07,23212.7,,,5.42631e+08,1350,1.59545e+07,2.65869e+07,,,,4.05632e+07,2.46886e+08,,,,,,4.41999e+06,6840,,,,
104020115,2.55941e+09,7,个,0.9890,612677,2.53131e+09,1.21839e+07,9.90045e+06,,140616,,,5.19324e+06,,,,,,68309.2,,,,,,,,,,,,,,,,,
109030106,2.54974e+09,7,OTHER,0.5587,23817.2,1.125e+09,53668.9,218544,,,,3600,1.42444e+09,,,,,,,,,,,,,,,416,,,,,,,,
109010900,2.54681e+09,25,个,0.5957,5.41127e+07,1.51705e+09,3.56358e+07,7.96805e+08,78166.8,4.13347e+07,70687.9,1.13449e+07,2.95148e+07,194288,519656,129305,1.62033e+06,4.30166e+06,1.87867e+07,1.96054e+06,,3.72343e+06,43485.5,3000,413100,177270,,2.86946e+07,195857,98231.1,300,,,,,
304080400,2.54023e+09,16,UNKNOWN,0.7580,44372.4,7.55293e+07,1.92548e+09,5.41988e+06,,2.02335e+06,,2.53674e+07,1.30676e+08,,,,8.67425e+06,1368.9,1.39804e+06,3.01716e+08,,,,,76366.8,,,7025.2,2295,,6.38011e+07,,,,4500,
108031101,2.53854e+09,10,千克,0.7286,1.8497e+09,6.71396e+08,4.37325e+06,4.66885e+06,,,,,7.85691e+06,,,,,194880,323168,,,,2850.83,,22326.5,,,,,11.5,,,,,,
109041306,2.53631e+09,17,个,0.6843,7.33435e+08,1.73554e+09,3.80948e+06,4.29018e+07,,1.21847e+07,,,3.23342e+06,965720,430818,656230,220610,18084.2,2.73634e+06,,,17026.9,1755,,,,,99087,7807.28,57406.8,,,,,,
108040201,2.52745e+09,21,个,0.3719,4.81596e+08,9.39894e+08,7.22467e+07,3.56556e+08,521968,2.09466e+07,270383,8.76865e+06,3.25862e+07,4.96338e+08,211829,58851.1,4.99478e+06,,9.80177e+07,63750,,45731,70656,,,,,1.42448e+07,12341.2,409.77,,,,,,1160
107050200,2.52298e+09,22,千米,0.5263,1.99415e+08,7.19809e+08,1.51186e+07,7.51795e+07,,1.32783e+09,1.01738e+06,72838.5,2.68619e+07,8.38434e+07,538946,6.73228e+06,21093.5,109821,1.45328e+07,,,106626,55588.5,63.8,,9216,,1.87386e+06,4.8435e+07,1.41003e+06,,,,,,5030
106010305,2.51915e+09,14,个,0.4492,7.46716e+08,1.1317e+09,7.75933e+06,1.42992e+07,,4.5472e+06,,,1.37487e+06,6.02485e+08,,9069,2400,,9.07406e+06,,,,,10900,,,,334642,833885,2250,,,,,,
109042409,2.50887e+09,19,个,0.7287,1.74885e+08,1.82832e+09,1.64081e+07,2.30703e+08,679880,1.56273e+08,,86143.9,5.70482e+07,835208,58594.4,170046,635,4095.93,3.82015e+07,,,14077,40,,,,,312617,4.85557e+06,9916.82,,,,,,
103020101,2.46339e+09,20,盒,0.2945,4.36189e+08,6.29734e+08,5.39876e+07,5.00353e+07,,1.01691e+06,,,6.9574e+07,15619.5,7.25484e+08,1.97516e+08,5364.5,1.1573e+06,8.01784e+07,55809.3,,2.69623e+06,8.41918e+07,1.91532e+07,,1.70928e+07,,,1.19622e+06,9.33709e+07,,742593,,,,
108010201,2.45811e+09,21,千克,0.9767,2.40092e+09,7.76366e+06,1.83014e+07,2.14838e+06,,4.03928e+06,1.76939e+07,800,309607,4.02908e+06,33380.2,661599,,61456.8,232198,,,678416,79990.6,,37600,14538,,64107.4,129714,908672,,,,,,1989
107021406,2.4509e+09,19,千克,0.9743,2.38787e+09,3.36873e+06,5.0152e+06,8.69185e+06,,1.87321e+06,3000,,3.27953e+06,69430,18748,331165,,545651,2.32382e+07,,,6.01441e+06,1.25324e+06,,,8.39236e+06,,22035,64831.6,848199,,,,5200,,
103010604,2.43466e+09,15,千克,0.9756,2.37535e+09,1.56598e+06,46498.5,85220,,,23370,,278581,,433714,4.62493e+07,,113832,42560.5,,,79963.6,7.39912e+06,390.4,,2.66326e+06,,,,327686,,,,,,
109052202,2.40953e+09,11,个,0.9524,,2.29477e+09,7.18043e+06,9.98806e+07,,102306,,,513084,,1946,267226,,,6.74505e+06,,,267.56,123.88,,,,,70367,,,,,,,,
304030401,2.40731e+09,19,UNKNOWN,0.7611,,4.75854e+07,1.83218e+09,2.22043e+07,,56066.7,,8.8993e+07,1.73045e+08,238629,480,944,2.1401e+08,,2.19476e+06,3.75744e+06,,,,2.18326e+06,963613,,,,84,532,3.49251e+06,,6.40047e+06,,1.00085e+07,
103021002,2.40492e+09,13,千克,0.9910,2.38331e+09,221302,570087,268536,,154396,,,1.82452e+07,,61658.4,17752.2,,20289.2,,,,50686.4,1.79304e+06,,,,,,,97560.9,110673,,,,,
109042107,2.40331e+09,16,个,0.9814,5.35683e+06,2.3585e+09,1.8751e+06,2.4708e+07,,3.92242e+06,743491,410202,11940,5.66346e+06,152701,1.39416e+06,,,,,,980,,2335.94,,,,5892,421942,142059,,,,,,
304040202,2.4032e+09,13,千克,0.6657,1.5997e+09,1.03214e+06,6.66143e+08,57750,,,767069,1.18693e+06,1.38596e+07,,,3.28936e+07,9.97417e+06,,3.25637e+07,3.01805e+06,,,,,,,,,,,199780,4.18053e+07,,,,
104010599,2.38385e+09,18,个,0.7185,4.32679e+07,1.71272e+09,7.60742e+07,4.04574e+08,,1.08319e+08,,,3.00577e+07,93569,196315,131242,2150,167364,7.36051e+06,,,,48269.8,,,180.64,,24.9,828404,855.1,13336.4,,,,,
107010106,2.3821e+09,20,个,0.5366,8.88539e+08,1.27814e+09,6.79539e+06,1.77383e+07,,1.80064e+06,6.57868e+06,13710,4.2673e+07,133226,893159,702762,27153,8.78861e+06,1.26377e+07,,,1.01676e+08,630928,,,1.3765e+07,,142422,105172,322234,,,,,,
108012702,2.37638e+09,14,千克,0.9922,2.3578e+09,4.70334e+06,5.97392e+06,6.87169e+06,,4079.49,,,861371,,589.38,,,101489,539.9,,,715,210,,,,,1876,44250,15443.4,,,,,,
107030699,2.37507e+09,18,千克,0.5156,1.22466e+09,6.4091e+08,8.81581e+07,1.58429e+06,,33335,5365,,2.04919e+07,,2.29012e+08,269864,,1.62336e+08,2.47537e+06,,,81644.9,2.84871e+06,35,,12033.4,,2340.48,16616.8,2.1727e+06,,,,,,
109041707,2.37228e+09,17,个,0.9518,2.11821e+06,2.25788e+09,6.94186e+07,1.46767e+07,,47356.4,,193567,2.73679e+07,,73604.7,43494,880.01,140,392499,,,14069.8,42400,,,,,492,1790.25,3755.46,,,,,,
109041102,2.3697e+09,24,千米,0.4539,2.44793e+08,7.17521e+08,2.81154e+06,1.6588e+08,,1.07561e+09,84447.2,53706.5,1.67419e+07,1.52433e+07,172304,1.00038e+06,2.99452e+06,11088.1,1.16995e+08,5016.62,,2425,17846,,2503,,6000,1.36321e+06,7.69824e+06,667860,87.98,,,,25460,
109042402,2.35029e+09,18,套,0.4890,7.67628e+07,9.24301e+08,3.95549e+07,1.14929e+09,,1.88212e+07,,6.01215e+06,7.57269e+07,1.31755e+07,2232.5,38038.1,19029,140,4.63301e+07,,,2448,,,1034,,,87916.1,130044,35841.1,,,,,,
109021105,2.32787e+09,22,套,0.4577,3.03671e+07,2.24006e+08,4.16062e+07,1.06554e+09,16351.2,340130,1.41042e+07,298290,4.57457e+06,2714.4,8735,208016,670543,2164.01,1.95097e+07,2.78355e+06,,42123,70,1160,,,,9.23614e+08,30784,140475,,,,,,
109041502,2.32407e+09,12,个,0.9857,7.65126e+06,2.2908e+09,5.37354e+06,1.56391e+07,,45880,,2.00582e+06,2.23386e+06,660,9565.2,296203,,,17996,,,,,,,,,,,807,,,,,,
103030600,2.32214e+09,18,瓶,0.6461,9.13184e+06,6.31662e+08,1.68617e+07,5.68e+06,,,91225.3,,5.00488e+06,,3.41057e+07,6.0684e+07,8321.22,1.50042e+09,4.87523e+07,4500,,7.74793e+06,321998,7625.7,,1.25747e+06,,,320,398441,,,,,,
108040203,2.31552e+09,18,千克,0.5391,1.2483e+09,5.12406e+08,3.88465e+07,1.85603e+08,1.23703e+06,2.13965e+08,1.23199e+06,1.02203e+06,1.55167e+07,7.00591e+07,646,3222,95960,2153.25,2.51037e+07,,,,,,,,,646184,1.4758e+06,9521,,,,,,
304030102,2.31196e+09,21,UNKNOWN,0.4713,635604,5.84605e+07,1.08972e+09,5.29381e+07,,860215,,6.63182e+08,6.73507e+07,4.70947e+06,63505.3,,1.8401e+08,,1.09583e+08,3.60788e+06,,2810,,7.24197e+06,6.54419e+07,,,533884,1108.23,950,3.51424e+06,,80000,,19080,
304080399,2.30628e+09,14,UNKNOWN,0.4240,5.86984e+06,6.80824e+07,9.77942e+08,2.34499e+07,,,4275,7.29514e+08,6.12647e+06,,,,6.31833e+07,,2.90281e+08,1.40101e+08,,,,60000,303160,,,,,,1.22801e+06,,137600,,,
107030101,2.29218e+09,17,千克,0.7214,1.65363e+09,8.58367e+07,4.49161e+07,4.18231e+06,,110,110,,1.165e+08,,3.30764e+08,,,4.3009e+07,7.76153e+06,,,1.99647e+06,1.83665e+06,,,78968,,1351,112.8,1.66405e+06,,,,,,232
109051602,2.28914e+09,14,个,0.9899,410722,2.26596e+09,254424,5.76079e+06,,142084,,37000,1.33191e+07,1.51188e+06,36,,476,116,85000,,,,,,,,,,1.6553e+06,953,,,,,,
108011600,2.28592e+09,21,千克,0.3301,7.54683e+08,4.30806e+08,1.59926e+07,1.91814e+07,399227,4.61403e+08,1.09462e+07,7.15196e+06,1.78415e+07,5.51133e+08,368760,36348.4,18218,5606,6.16704e+06,,,9279.24,200480,,,7445.75,,39210,5.43749e+06,4.09388e+06,,,,,,
107021507,2.28387e+09,22,千克,0.4018,9.17617e+08,1.32187e+08,6.52775e+06,2.35072e+07,212664,337923,4.55851e+08,44729,3.13989e+08,4.29998e+06,122527,3.16336e+06,412146,6.46493e+07,2.27463e+08,,,1.26867e+08,612072,,,1.79447e+06,,2.98176e+06,224306,987438,,,,23170,,
303020200,2.28284e+09,16,UNKNOWN,0.7448,3.21926e+06,3.58598e+07,1.70034e+09,1.26958e+06,,,4.52763e+07,1.28049e+08,1.32178e+06,,,845.5,1.70018e+07,,412549,4.70477e+07,,,,43537.1,2.56779e+08,,,1.65517e+07,,,2.96548e+07,,,,,14400
110030101,2.26519e+09,22,千克,0.6058,1.37227e+09,4.36167e+06,1.55919e+08,797918,1.18613e+07,510,6.98862e+08,1.13841e+06,2.08508e+06,59796.3,,91168,2.47642e+06,104121,378790,1.43563e+07,,30136,1200,,85601.3,,,,,64760,236544,1825.41,,,,350
109040204,2.25093e+09,23,个,0.9029,8.59853e+06,2.03227e+09,1.75708e+07,1.22336e+08,30736.1,1.67479e+06,853991,301056,4.31489e+07,27630.8,19055.2,79584,5.6881e+06,130034,1.61833e+07,115935,,1.00824e+06,2518,2611.5,,18328.4,,630929,135662,96718.7,,,,,,
107020120,2.23924e+09,17,千克,0.9891,2.21473e+09,1.2371e+06,6.47124e+06,600,,424,9.99126e+06,720000,1.27396e+06,1.28049e+06,1.90416e+06,122855,,59146.1,,,,151799,517314,,,21000,,,1320,765652,,,,,,
109061907,2.22989e+09,6,OTHER,0.6189,1.16201e+07,8.26835e+08,,363000,,268633,,,1.38016e+09,1.06473e+07,,,,,,,,,,,,,,,,,,,,,,
107040499,2.22857e+09,14,千克,0.9927,2.21222e+09,8.09584e+06,28858,822558,,696833,,,15000,4.57747e+06,3472,9390,,72.25,825007,,,,988.32,,,,,,75322,1.2013e+06,,,,,,
304050101,2.21939e+09,26,UNKNOWN,0.5985,1.65876e+07,1.04627e+08,1.32837e+09,2.17046e+06,2.61368e+06,345.4,2.64157e+06,4.6621e+07,1.49301e+08,1.69895e+06,465438,43857,7.6203e+07,2.11591e+06,2.81173e+06,1.77645e+08,,521063,243468,37338.8,170122,158757,,,249691,409550,108093,,3.02791e+08,,,783943
109041799,2.21715e+09,21,个,0.9083,1.75369e+07,2.0138e+09,1.52256e+07,1.12553e+08,337983,156467,427.5,598473,1.4824e+06,477850,149027,60568.8,4500,27072,5.45063e+07,72252.3,,128330,882,,,,,3223.07,23173,85,,,,,,
107040201,2.20469e+09,14,千克,0.9650,2.12759e+09,1.5661e+06,1040,3078.2,,7.4809e+07,352997,,15434.4,201368,7500,111820,,,,,,,6731.2,,,,,678,31104,1490.4,,,,,,
107040305,2.19938e+09,11,千克,0.9844,2.16506e+09,3.10488e+06,301097,6.86064e+06,,212270,,,535680,3.50228e+06,2.39827e+06,8.99674e+06,,,,,,,5.01994e+06,,,,,,3.39084e+06,,,,,,,
501010100,2.19432e+09,15,UNKNOWN,0.5122,1.24659e+08,1.12877e+07,1.12399e+09,3.58705e+07,,171147,5.11598e+06,598000,502727,8.77943e+08,,,799375,,1.87096e+06,9.94652e+06,,,,1.16089e+06,,,,,,,280527,,,,,131040
108031802,2.19248e+09,6,千克,0.9990,2.19029e+09,1.12252e+06,1e+06,,,,,,105,,,,,56086.1,,,,13820.4,,,,,,,,,,,,,,
107010112,2.18861e+09,18,千克,0.9934,2.1742e+09,413819,1.97675e+06,245346,,21120.4,1120,,133493,7.44009e+06,219754,18810.2,505,597329,2.82283e+06,,,448200,5570.5,,,32255.6,,,23364.6,1683,,,,,,
108010403,2.18051e+09,19,立方米,0.2560,3.09275e+08,5.34732e+08,1.88496e+07,8.01804e+07,,7.66951e+07,5.58153e+08,3.62604e+06,4.67722e+07,5.00271e+08,8298,81257,15300.1,24923.7,4.90587e+07,,,242368,13718.4,,,,,1.72215e+06,709536,84103,,,,,,
109025601,2.17878e+09,18,个,0.5856,173616,1.2759e+09,4.58934e+07,7.07578e+08,,2.57033e+06,367344,1.2628e+07,1.33172e+07,350,,760,353382,8100,1.19737e+08,,,45700,,28698,,34984,,143012,,1468.5,,,,,,
104030399,2.17781e+09,17,个,0.9706,1.94944e+07,2.11379e+09,3.99323e+06,2.1005e+07,,356160,963055,220978,236595,1.72593e+07,8748.2,208251,,1524,226821,,,,3036,,,,,32644.3,515.54,9736.4,,,,,,
107020122,2.16698e+09,15,千克,0.9817,2.1273e+09,3.93824e+06,2.54406e+07,30834.9,,2688.98,,,369969,7.24258e+06,29434.6,60285,,1.78841e+06,756867,,,1933.76,870.05,,,,,8305,,14324.2,,,,,,
109040302,2.16309e+09,15,个,0.7723,4.42733e+06,1.67047e+09,2.08206e+06,1.01763e+08,,156034,,14332.5,233336,,1214.85,,8790,39390.6,3.82735e+08,,,9340,,,,,,361250,11417,778978,,,,,,
109010802,2.14958e+09,16,个,0.9207,5.75192e+06,1.97905e+09,2.20348e+06,1.40666e+08,,344614,,5004,1.41609e+07,,18547,10925,549414,9320,3.40119e+06,,,242649,,,,,,3.15594e+06,50,1870,,,,,,
304020500,2.1467e+09,12,UNKNOWN,0.6534,,1.3269e+07,1.40274e+09,3.71736e+07,,,,1.86608e+08,3.27398e+07,,,,2.48145e+08,,7.81193e+06,2.0001e+08,,,,125654,1.28464e+07,,,,,,4.75107e+06,,480969,,,
109011504,2.14454e+09,22,个,0.5880,2.52027e+08,1.26107e+09,1.16521e+08,2.8526e+08,,2.26494e+07,130068,883044,9.85062e+07,93120,1910.4,3.90852e+06,248790,739.72,1.02138e+08,29100,,309241,56,,29016,304,,371774,66836.5,298371,,,,,,
101011199,2.14225e+09,17,箱,0.5522,5.65829e+08,3.13201e+08,2.07424e+07,8063,,,,586280,2.60303e+06,,1.78232e+07,1.18285e+09,,3.13292e+06,2.66497e+06,,,478981,4.23055e+06,22002,,1.33753e+06,,,4912.5,2.66537e+07,77234,,,,,
109031600,2.13861e+09,14,个,0.8505,2.62863e+06,1.81895e+09,1.1251e+07,2.89688e+08,,32981.2,,3343.6,4.13035e+06,,27720,528683,8904.6,,6.3121e+06,,,1330,,,,,,4.97925e+06,,74030,,,,,,
108010801,2.13788e+09,15,千克,0.8135,1.73909e+09,1.16087e+06,4.85443e+06,148626,,485940,540824,638310,5.94913e+06,3.63626e+08,,5200,,,95920,,,1.1089e+06,3088.24,,,,,,2.01621e+07,7328,,,,,,
304010401,2.13667e+09,14,UNKNOWN,0.4751,261602,4.08576e+07,1.01512e+09,1.76306e+06,,1.63276e+06,,8.78057e+08,1.83267e+07,783026,,,1.74046e+08,,93404,1.13158e+06,,,,711612,745000,,,,,,3.14867e+06,,,,,
109013602,2.11328e+09,17,个,0.4431,8.9631e+08,9.3646e+08,3.61018e+06,2.39285e+08,92946.9,1.98234e+06,1.34331e+06,162991,5.39791e+06,1.02394e+06,146928,,425762,,2.17317e+07,17500,,,49605.8,,,,,5.17597e+06,,61486.8,,,,,,
304030402,2.11068e+09,20,UNKNOWN,0.5538,450,9.41074e+07,1.16883e+09,1.18908e+07,40261.6,381762,,2.81773e+08,2.94663e+07,1.71337e+06,1.91669e+08,1040,2.43053e+08,,7.20293e+07,6.7603e+06,,,,72472,3.49173e+06,,,,286,,4.35151e+06,,241025,,807250,
107021413,2.09963e+09,20,千克,0.9911,2.08086e+09,7.55449e+06,331926,2.13055e+06,,16735,204522,928,282849,394131,1156.4,529800,36660,794221,1.40046e+06,,,2.50352e+06,1005.12,,,2.56165e+06,,364,11139.9,7624,,,,,,
304020400,2.09802e+09,13,次,0.7698,83597,2.99575e+06,2.23385e+08,314924,,,,1.01619e+08,7.17394e+07,,,,1.61509e+09,12880,2.25471e+06,6.62491e+07,,,,5.3194e+06,6.34179e+06,,,,,,2.60936e+06,,,,,
103020604,2.09573e+09,21,箱,0.3185,2.96078e+08,2.51393e+08,3.22171e+07,5.42629e+07,,28666.9,48850.4,,1.15158e+08,,3.12011e+07,6.6743e+08,471634,2.02316e+08,3.33712e+07,905.22,,1.91189e+07,1.91247e+08,79583.3,,2.24132e+07,,16,100.8,1.78703e+08,,189914,,,,
108012104,2.09115e+09,17,套,0.5825,2.11184e+07,6.10142e+08,1.29823e+07,1.21801e+09,,110613,,262955,1.05232e+07,9.49132e+06,244.42,246733,3866,33743,2.07762e+08,,,,94367.3,,,,,367032,1628,300,,,,,,
109024201,2.08933e+09,15,套,0.6131,,7.84498e+08,1.43708e+07,1.28096e+09,,201170,,,5.89502e+06,,353927,,,526997,1.08522e+06,,,39200,120,,,,,1540,30624.7,590352,,,765034,,,12900
107030104,2.08369e+09,14,千克,0.9350,1.9482e+09,1.114e+07,6.75346e+06,49857.7,,,,,681572,,3.7084e+07,,,2.41503e+07,5.45656e+07,,,255930,206285,,,567717,,1787.3,26.91,29548.9,,,,,,
108011300,2.07957e+09,19,个,0.9447,5.05664e+07,1.9646e+09,1.98227e+06,4.11109e+07,4512,133418,34000,,1.59064e+07,84516,102775,973502,132,1.90069e+06,1.98605e+06,,,400,,,,1520.32,,,90560,81903.9,,7458.99,,,,
104030702,2.07562e+09,8,千克,0.9944,2.06396e+09,5.81594e+06,107066,319420,,4.77898e+06,,,583816,,,,,,56703,,,,,,,,,,,3817.74,,,,,,
105020104,2.0748e+09,24,个,0.7611,3.42415e+07,1.57921e+09,1.70193e+07,2.8526e+08,5.63279e+06,1.56916e+07,6.2631e+06,1.12248e+06,7.43081e+07,2.87047e+07,198227,184326,315348,106176,2.10331e+07,24681.8,,7208.68,2527,2600,550,,,3.77983e+06,1.32925e+06,7973.38,356054,,,,,
109020108,2.0481e+09,20,个,0.7196,7.20126e+07,1.4739e+09,1.47412e+07,3.68772e+08,104625,7.48652e+07,11204,550808,2.92198e+07,1.89855e+06,1.6139e+06,308406,71555,70472,7.09451e+06,,,534410,77131,,,,,1.96445e+06,207787,78429.1,,,,,,
105010401,2.03726e+09,16,立方米,0.8015,4.8341e+07,1.68439e+08,8.19922e+06,1.18949e+07,,1.12051e+07,1.63277e+09,312657,1.53224e+06,1.51377e+08,782,2232,,,3.16288e+06,,,,,,,,,14386.2,3830,560,,,,,,3010
103030704,2.03607e+09,22,箱,0.4107,2.13024e+06,6.60936e+08,2.14413e+07,1.68758e+06,,640,987923,,3.12216e+06,117600,754352,8.36264e+08,15578,1.35228e+08,9.56527e+06,25388.5,,3.57093e+08,2.20251e+06,41713.6,,370886,,203.97,2307.6,4.08526e+06,,1109.6,,,,
103020103,2.03432e+09,17,个,0.5250,6.79087e+07,1.06801e+09,1.59082e+07,1.24277e+06,,86179,,,1.81376e+07,,2.10238e+08,3.91322e+08,,1.03421e+06,1.29089e+07,,,7.6535e+06,9.22418e+07,649346,,3.7743e+07,,,17968.6,1.08898e+08,,313281,,,,
107021411,2.02309e+09,20,千克,0.8915,1.80351e+09,3.10936e+07,9.25512e+06,4.56717e+07,,1.44798e+07,2.59762e+07,199046,3.6793e+06,1.29981e+07,20870.3,1.90749e+06,16760,722195,3.70164e+07,,,1.56774e+07,592525,,,126884,,1103.24,460646,1.96846e+07,,,,,,
103010203,2.0203e+09,16,千克,0.9026,1.82345e+09,4.99288e+07,4.89976e+06,3.54602e+06,,,10144,,3.28271e+06,,1.88635e+07,1.59846e+07,,2.26011e+06,1.16051e+07,,,5.71589e+06,6.71386e+07,158445,,5.24397e+06,,,1591.2,8.21041e+06,,,,,,
104020118,1.99748e+09,17,个,0.9141,129139,1.82595e+09,6.84824e+06,1.36318e+08,,3.24943e+06,246.46,322000,1.81118e+07,,81971.9,30608.4,,546.87,6.15521e+06,58.38,,,,,100000,,,118625,62100,106.51,,,,,,
107021399,1.9934e+09,21,千克,0.7665,1.52796e+09,3.90445e+08,2.61796e+06,4.50096e+07,,1.17255e+07,311823,800,2.18055e+06,3.11478e+06,58403.3,576104,3830.01,2.18675e+06,1.51092e+06,,,829659,73910.4,480.14,,37318.3,,233398,4.43207e+06,99187.5,,,,,,
107020302,1.99246e+09,19,千克,0.9915,1.97552e+09,1.44406e+06,658737,25771.9,,31292,9969.2,20000,422396,,3164.9,12915,5800,7.27423e+06,1.17691e+06,,,5.08581e+06,17700,2976,,713114,,,2992.79,37294.4,,,,,,
103010901,1.98105e+09,14,千克,0.7678,1.5211e+09,9.51829e+07,8.10343e+07,145280,,,,,6.55873e+07,,9.55839e+06,6.7315e+06,,4004.17,2.92006e+07,,,45837.7,1.67078e+07,41473.2,,203696,,,,1.55507e+08,,,,,,
109060801,1.97643e+09,16,个,0.9852,958399,1.9471e+09,3.68082e+06,2.0353e+07,,2.91849e+06,,8000,108904,,512.46,,4064,9423.75,676472,,,2499.15,186.36,,,,,600477,1053.46,1200.42,,,,,,
109011001,1.96918e+09,21,个,0.9114,8.18503e+06,1.7947e+09,3.25359e+06,1.41892e+08,714346,2.98796e+06,10673.1,1.13693e+07,1.57691e+06,73405.5,105725,2.07301e+06,12522,101638,981135,,,209733,111738,,,129.7,,373244,333222,120339,,,,,,
107020110,1.95455e+09,12,千克,0.9972,1.94911e+09,149906,2.93021e+06,7578.9,,,,,158091,,459.96,133128,,1.89435e+06,,,,24774.5,66164.5,,,3088.92,,,,77560.3,,,,,,
106040805,1.9459e+09,14,个,0.9375,5.44487e+06,1.82435e+09,2.24928e+06,1.10455e+08,,,891252,,197680,,376408,391183,,89.5,1.39188e+06,,,6209.6,358.2,,,,,141679,,5537.66,,,,,,
109060301,1.93884e+09,16,个,0.9857,,1.91118e+09,9.33917e+06,1.28821e+07,4.26506e+06,4596.35,,27769.9,1.01753e+06,,,,18002,159,82184,4898.43,,13580.6,,,1032,,,581.48,167.5,3114,,,,,,
501020200,1.93883e+09,14,平方米,0.5981,152640,1.59884e+07,3.13305e+08,1.8284e+07,21424.4,,,2.35389e+06,6.77924e+07,1.15955e+09,,,8.1544e+06,,460001,3.42e+08,,,,1.05022e+07,16200,,,,,,,,249364,,,
108010902,1.92287e+09,20,千克,0.4919,9.45955e+08,7.49209e+08,1.25398e+07,2.03895e+07,,1.26825e+07,7.80489e+07,1874.59,2.19669e+07,5.52966e+07,34618.6,4.77896e+06,802546,48461.4,9.09443e+06,,,9.16838e+06,1.92652e+06,,,139174,,38798.4,346917,399646,,,,,,
103010801,1.91265e+09,19,袋,0.5075,3.6498e+08,3.70331e+08,7.3123e+07,3.2114e+06,,1034.75,,,5.62608e+07,,3.48919e+06,2.95436e+07,,159943,1.48925e+06,275.64,,6983,9.70594e+08,20256,,1.0565e+06,,10716,240,3.82825e+07,,90291.4,,,,
104011306,1.9095e+09,16,个,0.9250,8.14278e+06,1.76632e+09,2.89243e+07,3.58526e+07,3401.5,35810.2,,,3.30209e+07,,3.17368e+07,216318,647.5,2296.55,880577,,,,661567,,,,,628185,767.32,3.07165e+06,,,,,,
109023210,1.90849e+09,21,个,0.5097,1.98303e+06,9.72693e+08,8.26025e+06,4.17132e+08,,4.83674e+06,1.13765e+06,1.63682e+07,4.62723e+08,6.1579e+06,74418.6,2.54125e+06,2.20126e+06,24189.6,1.02115e+07,42499.8,,38532,11686.6,,,70980,,156951,1.12157e+06,700835,,,,,,
103020201,1.90794e+09,16,箱,0.5702,2.40808e+08,1.9411e+08,4.06288e+06,5.12543e+06,,,,,2.39708e+07,,1.42697e+08,1.08793e+09,,7.23293e+07,1.25574e+06,,,1.31517e+07,5.22581e+07,28715.9,,2.9878e+07,,,122734,4.0202e+07,,9190.69,,,,
109051099,1.894e+09,22,个,0.6302,229296,1.19353e+09,5.00069e+07,5.03385e+08,,1.24615e+07,,2.16523e+07,5.78471e+07,2.50657e+06,240801,1.17169e+07,1.22088e+06,5479,3.60944e+07,1.91874e+06,,24763.6,1321.13,33490,15600,,,258976,750848,33501,,,63870,,,
102040105,1.89038e+09,8,千克,0.9990,1.8884e+09,1.47758e+06,,,,,479000,,3850,,150,,,1060,,,,11220,,,,,,,5616,,,,,,,
109051202,1.87596e+09,16,个,0.9320,5.79777e+06,1.74842e+09,1.09427e+07,9.71538e+07,,436436,,612915,5.50333e+06,214388,306881,46411.8,325721,,5.81438e+06,345488,,,,,,,,17318.2,13150,6421,,,,,,
107021203,1.8703e+09,20,千克,0.5450,1.01923e+09,3.94602e+08,1.51343e+06,1.10916e+07,,4.36359e+07,1.84619e+06,,4.04927e+07,3.98412e+07,2.06595e+06,8.94448e+06,15563,5.22985e+06,5.88103e+06,,,9.39272e+06,1.13314e+06,,1572.2,1.74007e+06,,15050,2.81558e+08,2.06927e+06,,,,,,
107021809,1.86521e+09,20,个,0.7625,2.98472e+08,1.4223e+09,2.17441e+07,1.64343e+07,,1.63792e+07,2.6223e+07,301005,4.8608e+07,223073,79670.8,55310,,2.29549e+06,7.27462e+06,,,1.0392e+06,360,,7620,,1.20911e+06,217916,2.3039e+06,35360,,,,,,
109030803,1.86353e+09,20,个,0.9401,2.8356e+07,1.75191e+09,2.23327e+07,5.1751e+07,201057,315124,275248,480,240711,3600,195,393869,,1.12806e+06,4.39142e+06,,,903790,355,29,,,,1.2655e+06,9711,46028.7,,,,,,
109012101,1.85061e+09,24,个,0.8489,3.21908e+07,1.57091e+09,5.66484e+07,1.43968e+08,241727,1.68136e+07,6689.88,228073,6.24321e+06,402301,1.39995e+06,47747.5,885613,120967,1.02138e+07,,,1.49536e+06,15389.1,32.24,8956.6,197,,139107,8.40602e+06,224581,,,,,,800
104010602,1.84822e+09,18,个,0.9028,3.37625e+07,1.66858e+09,6.96669e+06,5.62238e+07,,1.74133e+07,,,1.82498e+07,92419.6,2.39479e+07,6.74134e+06,,30442.4,1.26314e+07,,,2646,1.52586e+06,137280,,,,46077.3,183299,1.68631e+06,,74.5,,,,
107050804,1.8477e+09,19,个,0.8994,6.00196e+07,1.66183e+09,6.46926e+06,2.76522e+07,,870403,3.03564e+06,,2.11372e+06,120344,1.79026e+07,2.78786e+06,1073,6.2021e+06,1.43265e+06,,,174949,3.38538e+06,,,2400,,5.15131e+07,721738,1.46242e+06,,,,,,
304080199,1.84327e+09,17,UNKNOWN,0.5734,1.64311e+06,5.00517e+06,1.05686e+09,3.52398e+06,136243,,12151.7,5.95372e+07,1.79438e+07,1.73952e+06,,,3.99019e+08,,4.49377e+06,2.51397e+08,,,,2.21372e+06,2.17155e+07,,,,,,8.65495e+06,,9.37055e+06,,,5400
109024507,1.82506e+09,21,个,0.4844,8.76143e+06,8.84058e+08,5.10814e+07,7.30568e+08,,1.13406e+06,22223.8,,5.07932e+06,58040,2.98568e+07,136303,37210.8,3.04398e+06,7.8826e+07,91272.4,,693759,421067,69984,,5040,,2.93672e+07,300108,1.44486e+06,,,,,,
107050602,1.82465e+09,22,个,0.7817,1.43671e+08,1.42637e+09,9.12946e+06,1.12547e+08,,3.78922e+07,395226,36000,2.05333e+07,5.98303e+06,514072,591083,16195,44047.7,5.30999e+07,,,112530,114063,11.1,2000,66303.7,,4.67072e+06,8.34095e+06,525560,,,,,,
102020102,1.8104e+09,16,千克,0.9790,1.77234e+09,5.66038e+06,3.77054e+06,125295,,157650,2.36746e+07,,264751,2.23609e+06,5833,4830,,8607.91,,,,2.0834e+06,3490,,,,,60470,1000,9220,,,,,,
107030405,1.79602e+09,10,瓶,0.7415,,2.80661e+08,10671.8,31938.8,,,,,1.47542e+06,,1.81076e+08,3100,,1.3317e+09,,,,,490373,,,,,1220,,571558,,,,,,
304060201,1.79072e+09,13,UNKNOWN,0.6291,62820,2.25495e+07,1.12648e+09,181243,,1272,,2.86956e+08,1.92499e+08,,,,9.19404e+07,,379411,261868,,,,,852720,,,,,,2.13144e+07,,4.72366e+07,,,
109042403,1.78611e+09,15,个,0.9015,1.69395e+07,1.61021e+09,2.60765e+06,1.46235e+08,,3.15853e+06,,,1.97081e+06,,324760,202377,1042,30,3.41999e+06,,,,999,,,,,170,40,1.0409e+06,,,,,,
109041403,1.78443e+09,10,个,0.5294,1.2196e+07,9.4467e+08,8.14218e+08,4.34487e+06,,1800,,5873.5,6.22915e+06,,,,1910,,2.76302e+06,,,,320,,,,,,,,,,,,,
501029900,1.76346e+09,18,UNKNOWN,0.5704,69013.1,6.22104e+07,1.00588e+09,1.35221e+06,2.28777e+06,792594,255663,5.50659e+06,4.43472e+07,3.84959e+08,,,1.81515e+07,,34660,2.24326e+08,,,,838426,3.9956e+06,,,6000,,,8.39471e+06,52944,,,,
304040301,1.74358e+09,12,UNKNOWN,0.7347,1.85595e+08,483022,1.28108e+09,3.0491e+06,,875306,,3.11268e+06,2.52517e+08,,,,6.08857e+06,,1.31517e+06,412000,,,,,,,,,,,,32300,,,,9.0192e+06
103020104,1.74318e+09,17,箱,0.6585,1.8362e+07,3.33937e+08,1.49779e+07,1.02039e+06,,194794,,,1.3572e+07,,1.4262e+07,1.14795e+09,,8.94594e+06,7.32381e+06,,,6.74427e+06,1.12297e+08,254845,,1.61012e+07,,,165088,4.70767e+07,,3324.31,,,,
104011204,1.72841e+09,15,千克,0.7135,1.23327e+09,8.81072e+07,1.20506e+07,6.09023e+06,,3.74889e+08,,,9.21912e+06,918559,1549.8,23020,165913,1856,3.47307e+06,,,,,,,,,56754.9,102306,35492.4,,,,,,
109010804,1.71461e+09,14,套,0.5552,5700,7.29236e+08,1.52124e+07,9.5189e+08,,486835,,,3.3857e+06,,1860,,542588,,8.77822e+06,,,825,,,1.2238e+06,,,1.11193e+06,150.8,2.73386e+06,,,,,,
107030499,1.70345e+09,15,瓶,0.4481,2.29627e+08,1.06433e+08,625660,1.86444e+06,,,,,5.19012e+06,,5.87526e+08,4.33703e+06,,7.6334e+08,103620,,,253147,2.33579e+06,,,291944,,100,856.36,1.51734e+06,,,,,,
106040199,1.69369e+09,24,个,0.9093,3.08543e+07,1.54003e+09,5.85303e+06,2.18212e+07,,133817,18136.2,40,1.0634e+07,295016,1.1762e+07,9.22512e+06,5045,2.68488e+06,2.85581e+07,4097.27,,966951,557524,43715.3,30.02,100054,,746101,1.25421e+07,1.67453e+07,,,,104807,,
106010199,1.68178e+09,21,千克,0.8397,1.41211e+09,1.69156e+08,1.25367e+07,9.13941e+06,,63182.7,4192.5,,2.33784e+07,6.33261e+06,926266,7.70586e+06,24480,96105.9,8.98936e+06,,,127.56,295512,230031,,3390.81,,950,5.72221e+06,1.21601e+06,,,,2.38481e+07,,
109060307,1.68013e+09,18,个,0.8656,3.98178e+06,1.45432e+09,3.35661e+06,1.83963e+08,,517715,184206,407657,2.98168e+07,125440,31143,79372.7,889863,50780,2.32094e+06,,,,90,,,,,14438.2,13658,58283.7,,,,,,
106040201,1.67175e+09,21,个,0.8783,2.48991e+07,1.46824e+09,5.53042e+06,1.12086e+08,,40867.9,1560,36782.9,1.51055e+07,,3.57348e+07,2.55021e+06,975,1.63685e+06,757485,,,3.72668e+06,674782,4720,578.6,3823.42,,43716.3,141320,535120,,,,,,
109024204,1.67115e+09,18,套,0.5945,67146.4,6.54805e+08,8.01454e+06,9.93472e+08,,33660,,28000,8.88905e+06,,1.44303e+06,416114,,2.26792e+06,227333,,,118274,861560,290245,,,,43700,1708.8,167885,,,,,500,
108020300,1.67068e+09,12,千克,0.7677,1.28258e+09,2.67928e+08,1.04306e+06,5.28948e+07,,5.73737e+07,,,3.76635e+06,11152.1,16073.8,4250,,1431,4.65084e+06,,,,,,,,,402673,,,,,,,,
107060104,1.66698e+09,21,个,0.7981,8.82944e+07,1.33048e+09,8.85862e+06,3.68082e+07,,1.51257e+08,40725,31138.3,2.07194e+07,642452,984602,2.01005e+06,23543.6,2.21249e+06,1.55524e+07,,,48855.5,146644,150.1,,50116.7,,3.42329e+06,3.21564e+06,2.17193e+06,,,,,,
109020305,1.66314e+09,10,个,0.9819,469718,1.63309e+09,5.08617e+06,2.14061e+07,,15320,,,1.68606e+06,,,,,,220000,1.152e+06,,9898,,,,,,1610.28,,,,,,,,
108011501,1.65222e+09,18,个,0.9795,57208.4,1.61842e+09,1.99354e+06,8.48757e+06,,1.84122e+07,61443,,825302,910476,26027.4,668920,336,9041.65,2.25743e+06,,,991.5,1022.1,,,,,439.2,2021.25,86020.3,,,,,,
110010201,1.62783e+09,13,千瓦时,0.4316,1.68337e+08,945863,9.81865e+07,418120,7.02642e+08,46860,24612,732896,3.46056e+08,3.08463e+08,,,,952,,1.97559e+06,,,,,,468,,,,,,,,,,
109020699,1.62496e+09,16,套,0.5198,8.45728e+07,6.02735e+08,6.22972e+06,8.44659e+08,,142539,,78300,4.13699e+07,,3925,,31855,67005,3.97423e+07,4.19368e+06,,,94004,,,,,454079,11010,579492,,,,,,
501019900,1.62208e+09,12,OTHER,0.7090,,334624,6.09207e+07,2.24436e+08,1.66294e+06,,13117,1.43454e+07,1.1501e+09,1.47265e+08,,,8.24974e+06,,699000,1.35185e+07,,,,,,,,,,,530200,,,,,
109010803,1.61603e+09,15,个,0.7584,2.26831e+06,1.22567e+09,9.13371e+06,3.23162e+08,,1.14386e+07,,20502.8,3.4174e+07,,2257.35,3860.74,603536,,9.20437e+06,,,35656.5,357.43,,,,,298760,,,,,,,,18000
102040199,1.60866e+09,15,千克,0.9602,1.54466e+09,5.35252e+07,1.01384e+06,4.89553e+06,,297531,256562,,1.54481e+06,89698,6316.11,350,,59014.2,1.99315e+06,,,134884,,,,180600,,,,1690,,,,,,
107020113,1.60729e+09,14,千克,0.9892,1.58993e+09,219601,1.02641e+07,2334.93,,9890,,,169787,4043.52,7698.23,25417.6,,454256,5.86912e+06,,,199655,111357,,,,,,,21704.3,,,,,,
109011402,1.60625e+09,15,个,0.8207,1.79068e+07,1.31825e+09,842226,5.01105e+07,,752786,,384680,1.82377e+07,346530,,48300,107993,,1.99237e+08,5000,,,,,,,,22456.8,600,750,,,,,,
109012002,1.60497e+09,19,个,0.6533,1.67476e+07,1.0485e+09,2.32671e+06,5.21889e+08,,5.11233e+06,675,7.25608e+06,1.67596e+06,2340,,6013.8,31053,9139.24,734722,,,511204,874.5,,,,1004,85401.7,28697,,44615.8,,,,,
107021002,1.6015e+09,17,千克,0.9919,1.58848e+09,516114,645616,118257,,,860807,2000,241158,,13227.6,1700,,15406.2,2.52711e+06,,,906677,22379,6.97615e+06,,3194.39,,,68925,97165,,,,,,
105010504,1.59396e+09,21,平方米,0.7967,2.15729e+07,5.28941e+07,3.30831e+07,3.34167e+06,,2.11379e+07,1.36364e+08,387265,2.19054e+07,1.26993e+09,6731.28,1.8276e+06,12200,17550,3.03065e+07,,,463594,88,,,,,6380,686674,752.81,12429,,,,,2800
102050603,1.59079e+09,9,千克,0.9504,1.5119e+09,224817,1500,44,,,7.79163e+07,,,,,725736,,34.99,,,,,7089.55,,,,,,,7304,,,,,,
109030699,1.58185e+09,17,个,0.9682,3.23419e+06,1.53161e+09,2.47335e+07,1.55247e+07,,9292.8,,517800,495328,,243.63,1656,279493,3817.64,248352,,,,,,107335,163.8,,86823.5,4.91132e+06,,,,,,,87400
109041002,1.56862e+09,13,千米,0.7424,3.40222e+06,3.69231e+08,1.07512e+07,5.00197e+06,,1.16458e+09,,41280,6.87255e+06,265453,,2.12013e+06,33166,,5.29811e+06,,,,,,,,,23573.2,997455,,,,,,,
109031201,1.56513e+09,5,个,0.9958,363833,1.5586e+09,6.02826e+06,33709.9,,,,,105360,,,,,,,,,,,,,,,,,,,,,,,
109032103,1.56289e+09,13,套,0.9319,9.04576e+06,4.72675e+07,1.22102e+07,1.4564e+09,,372314,1.10206e+06,,3.28817e+07,41000,,,157957,,2.31244e+06,,,73140,,,,,,1.02687e+06,605,,,,,,,
104030301,1.56119e+09,19,个,0.9318,6.03328e+07,1.45479e+09,5.33133e+06,1.83059e+07,,1.02828e+07,1315.02,,1.17061e+06,9.8762e+06,2881.23,153920,192.5,7176.98,9911.3,,,1119.99,2698.08,,,,,882767,12679.6,22391.8,,,,,29.9,
304040703,1.54932e+09,13,千克,0.5010,7.762e+08,1.8289e+07,3.84962e+08,505910,,,622196,6.49689e+07,7.97446e+06,2.48216e+07,,487357,1.35927e+08,,3.34752e+06,4.52153e+07,,,,,,,,,,,,8.59998e+07,,,,
103020302,1.54854e+09,17,个,0.3223,4.54281e+08,4.99061e+08,1.54758e+07,1.46064e+06,,,,,1.89077e+07,,4.04992e+07,1.27746e+08,550,694071,9.50926e+06,,,672149,2.3823e+08,4.09899e+07,477035,173922,,,,1.00359e+08,,38.24,,,,
107020115,1.54774e+09,17,千克,0.9820,1.51984e+09,1.70746e+06,1.31638e+07,884881,,3.41306e+06,790777,,546238,,1135,28413.2,12600,3.48004e+06,897.5,,,3.59599e+06,195084,11000,,980,,,,67608.7,,,,,,
109020603,1.54543e+09,12,千克,0.4572,7.06603e+08,3.98437e+08,921273,4.32931e+08,,2.7019e+06,,13457.7,2.34763e+06,303347,,,,,502643,,,302400,,,,,,366604,210.6,,,,,,,
107021702,1.54015e+09,9,千克,0.9206,1.41779e+09,244748,4.81839e+07,,,732500,,,5.01589e+07,13570,,8.5748e+06,,,,,,,,,,29.8,,,,1.44512e+07,,,,,,
107021502,1.53665e+09,18,千克,0.7898,1.21367e+09,2.40547e+08,704928,2.65975e+06,,540,6.11265e+06,469540,3.269e+06,41670,477771,6.23752e+06,6368,3.49391e+07,910330,,,2.53588e+07,127938,,,1.11402e+06,,,,8395.85,,,,,,
103030801,1.52632e+09,16,千克,0.7406,1.13043e+09,8.70102e+07,7.93567e+06,8.39246e+07,,22469.3,,,3.46743e+07,,5.96139e+07,4.91945e+07,,5.78725e+06,1.59037e+07,,,68289.8,1.02258e+07,6.95159e+06,,1.78641e+07,,,123,1.67139e+07,,,,,,
109024902,1.52267e+09,19,套,0.5303,2.43251e+07,5.60812e+08,9.9846e+06,8.07525e+08,,1.59207e+07,1.17346e+07,2.19262e+07,1.6948e+07,8.27177e+06,30253,466430,1.90111e+06,8818.05,4.2265e+07,,,78830.8,25784.7,,,,,420328,19920,3365,,,,,,
109024599,1.52185e+09,19,个,0.7578,1.43444e+06,1.15331e+09,8.49366e+06,8.5312e+07,,8.84728e+06,,8000,1.5393e+07,3663.36,4.63894e+07,4.6178e+06,3910,1.15552e+08,7.08086e+07,,,61819.9,536737,2900,,,,6.31199e+06,58169.6,4.70925e+06,,,,,,
304040901,1.51283e+09,16,UNKNOWN,0.5274,1.87873e+08,2.56596e+07,7.97843e+08,,,,1920,3.09182e+07,6.69511e+06,,,475,1.42846e+08,,1.06688e+08,2.07845e+08,,,,45642.6,6943,,,,,,6.20442e+06,189237,,,2770,14779
103021001,1.51027e+09,13,千克,0.9811,1.48168e+09,1.40366e+07,2.3979e+06,243000,,,,,35471.5,,122406,8.22045e+06,,180206,33500.8,,,6400,2.79411e+06,,,38351.7,,,,485411,,,,,,
107022500,1.5068e+09,15,千克,0.9918,1.49444e+09,1.35573e+06,3.46727e+06,1.06532e+06,,,23355.5,,181127,,1.98377e+06,1.45361e+06,,2.02305e+06,177650,15900,,53072.2,224351,,,15866.4,,,,320083,,,,,,
301050602,1.50535e+09,15,UNKNOWN,0.5611,3.12382e+07,3.05754e+07,8.44723e+08,547321,,1115.1,400864,1.74059e+07,2.49506e+08,,,1.34326e+07,2.64398e+08,200,2.02434e+06,9.82624e+06,,,,,,,,,,,,3.437e+07,,,,6.90148e+06
107022203,1.50517e+09,16,千克,0.9538,1.43563e+09,7.06649e+06,371480,440747,,,1.47569e+07,,3.40034e+06,132881,1.79451e+06,2.4391e+07,150,8.59102e+06,28194.8,,,6.52459e+06,547169,,,26805,,,,1.46176e+06,,,,,,
108040202,1.5048e+09,18,平方米,0.6824,1.36444e+08,8.39676e+07,1.49408e+08,3.86551e+07,,7.35444e+06,261369,178397,3.29593e+07,1.02683e+09,1614.5,3902,4.40718e+06,949.2,2.41127e+07,,,,398,,,,,196589,22195.8,582,,,,,,
108040103,1.49942e+09,16,平方米,0.6757,1.13943e+08,1.48239e+08,3.68335e+07,1.15421e+08,,2.02245e+07,,5.65348e+06,3.2512e+07,1.01316e+09,843.21,,118188,,6.68944e+06,231062,,,,,,,5.74744e+06,403380,243884,540,,,,,,
109021107,1.49752e+09,20,套,0.5112,3.95615e+07,5.56667e+08,1.27846e+07,7.65498e+08,98000,762320,,,4.08914e+07,604960,387915,44235.9,157508,42328.9,4.46679e+07,,,26904,4079.36,310,,1729.78,,3.5206e+07,21005,94099.9,,,,,,
107020210,1.4829e+09,14,千克,0.9986,1.48082e+09,16004.3,648982,1400,,,50515,,161055,,1716.58,40437,,748810,8768,,,354219,20020,,,682,,,,29120,,,,,,
104011203,1.48128e+09,15,个,0.4588,4.45384e+08,6.79638e+08,1.4577e+06,6.45538e+06,,2.53024e+08,,,8.59177e+07,6.36786e+06,12205.9,,1000,,2.49453e+06,,,,8087.04,,,,,450882,12179.8,44598.9,,,,,15177.2,
107022101,1.48003e+09,22,千克,0.8378,1.2399e+09,1.32127e+08,5.7935e+06,3.45278e+07,394074,1.19036e+07,235121,336892,1.29533e+07,1.76374e+07,161836,1.12324e+07,51370,2.53459e+06,3.07002e+06,,,1.21237e+06,134615,2355.48,,1.24654e+06,,61586.1,3.7102e+06,797364,,,,,,
109013202,1.4779e+09,19,个,0.9219,4.59143e+06,1.36243e+09,5.75381e+07,4.23307e+07,,2.89378e+06,,140,2.58299e+06,46075.2,141696,150999,32895.6,4285.16,2.95054e+06,,,3131,3550.05,1116,,,,2.149e+06,40167.6,9037.38,,,,,,
107021403,1.47069e+09,18,千克,0.9890,1.45453e+09,7.63477e+06,1.33292e+06,1.01926e+06,,367706,114770,,1.05584e+06,1.05299e+06,23262.9,56438,,516819,2.1947e+06,,,348657,160225,,,127996,,3000,148746,4021.22,,,,,,
109042002,1.46676e+09,12,个,0.9959,1.33371e+06,1.46071e+09,1.50034e+06,1.87395e+06,,5024,,,911064,,16597.7,398554,,,13140,,,600,,,,,,1265,,100,,,,,,
108010503,1.46553e+09,15,立方米,0.7343,2.26048e+08,1.00302e+08,1.09381e+07,542368,,5.43853e+06,1.07615e+09,,1.07457e+07,2.47302e+07,55,11152,,,1.05656e+07,,,11520,8712.42,,,,,,28611.2,7850,,,,,,
105010599,1.46523e+09,21,立方米,0.6205,3.38906e+07,3.51629e+08,2.6315e+07,1.23608e+07,,1.95191e+07,9.09229e+08,1.36994e+07,8.35206e+06,6.43332e+07,4048.22,42658.2,900,14075.3,1.86457e+07,,,4462.2,34468,,6.39579e+06,21600,,28776.8,590292,117015,,,,,,
101010105,1.46361e+09,26,千克,0.8585,1.2565e+09,7.76912e+07,1.71765e+07,1.38808e+07,1.52504e+06,1.91759e+07,7.55346e+06,2.39081e+06,3.01643e+07,9.53468e+06,1.80848e+06,1.81387e+06,72306,4.24299e+06,9.05631e+06,99000,,7.13737e+06,1.16662e+06,59090,,327309,,138311,643976,978252,12000,,,79290,,387636
101030305,1.45234e+09,15,千克,0.9545,1.38628e+09,6.2799e+07,3897.99,11698.2,,2.22511e+06,,,33350,189960,281000,20240,,32118.2,460000,,,6300,535.85,,,,,80,,1600,,,,,,
109020199,1.45175e+09,21,个,0.8033,5.68027e+07,1.16621e+09,8.41546e+06,1.43269e+08,449521,3.12461e+07,24000,9999,1.6871e+07,3.19901e+06,4.44121e+06,3.42465e+06,450,128821,1.4884e+07,602505,,211800,675,,,,,1.2633e+06,290520,8919.99,,,,,,
109050404,1.44739e+09,19,个,0.8235,5.04616e+06,1.19198e+09,3.6924e+07,1.65229e+08,,1.53625e+07,193631,942563,8.72841e+06,421172,6604.09,90788.5,,28487.1,2.0021e+07,40000,,,1900,,510494,,,1.64341e+06,222378,600,,,,,,
102040107,1.44697e+09,15,千克,0.9847,1.42479e+09,1.66992e+07,2.19917e+06,910756,,448607,79170.4,,,965904,1052.99,1821.6,,16117,710664,,,,61521.6,,,,,60780,18595,8911.25,,,,,,
106051204,1.44638e+09,23,个,0.9044,7.48898e+06,1.3081e+09,7.62519e+06,2.04518e+07,,7.36482e+06,17006.3,6386.4,2.31396e+07,334858,1.35767e+06,8.09901e+06,39908,3.23335e+06,3.78721e+06,2.77249e+07,,2.18933e+06,1.13618e+07,21308.2,,42106.4,,1.15897e+06,641385,1.21781e+07,,,,,,17550
107030204,1.44208e+09,10,袋,0.5035,,1.95626e+08,7272.3,11240.2,,19.2,,,98536.5,,1.29872e+07,,,5.07236e+08,,,,1940,7.26066e+08,,,,,,,51764.4,,,,,,
101020202,1.43638e+09,21,立方米,0.5774,2.10048e+08,2.7362e+08,1.09826e+07,1.71807e+07,,2.03996e+06,8.29318e+08,125911,3.08391e+07,3.74507e+07,46291.6,7.27949e+06,370,72477.6,1.5988e+07,,,77315,1704,,,,,1.09969e+06,89982.8,16905.8,90000,,,,,12390
104020110,1.43617e+09,13,个,0.9883,205138,1.41937e+09,5.17558e+06,9.09124e+06,,413532,,,844765,,8952.81,430,3000,,1.05052e+06,,,7380,779.94,,,,,4151,,,,,,,,
104011102,1.42516e+09,20,个,0.4272,3.06578e+08,6.08777e+08,2.71992e+06,6.01519e+07,,2.27e+08,2.88008e+06,454701,7.61087e+06,1.44047e+08,1.04387e+07,1.60098e+07,301328,18010.2,2.06259e+06,,,274655,1.61645e+07,,,5781.15,,1.74776e+06,5.17968e+06,1.27397e+07,,,,,,
108011002,1.41652e+09,20,平方米,0.6270,1.89206e+08,2.61463e+08,6.11986e+06,2.04217e+06,625.52,2.97736e+06,58312.5,1977.3,2.85473e+07,8.88095e+08,455.65,750,800,204180,3.6249e+07,,,274000,6800,,,,,3985,2597.36,1.27042e+06,,,,,,
108012101,1.41232e+09,16,个,0.8487,6.61442e+07,1.19867e+09,7.11403e+06,9.8192e+07,,1690,,131105,4.83882e+06,,612917,1.45727e+07,,30457.6,2.19581e+07,,,,154.57,12500,,,,27123,2954,9203.77,,,,,,
107020220,1.40741e+09,12,千克,0.9997,1.40694e+09,13919.2,63443.6,3131.42,,,17337.5,,10613.6,,6075.45,4960,,237366,,,,62840,,,,,,,43268,5616.57,,,,,,
102040301,1.40681e+09,5,千克,0.7777,1.09404e+09,85775.2,49305.3,,,,,,3.12637e+08,,907.5,,,,,,,,,,,,,,,,,,,,,
106010507,1.40473e+09,27,个,0.6737,1.00989e+08,9.46367e+08,1.06435e+07,8.38723e+07,318450,2.65354e+06,1.38442e+06,326579,2.24978e+07,2.94741e+07,4.71771e+06,5.40832e+06,187244,2223.88,3.11255e+07,94000,,15376.2,57794.6,886229,2800,,,400096,8.41767e+07,4.84943e+06,,9924.79,,7.41341e+07,1600,133537
107030207,1.40263e+09,14,盒,0.9021,1.72404e+07,2.46472e+07,1.49177e+06,198633,,,,,1.05439e+07,,1.26535e+09,752.4,,1.34596e+07,1164,,,5.90795e+06,1.20097e+07,82.8,,408203,,,,5.13666e+07,,,,,,
305030000,1.40242e+09,22,UNKNOWN,0.5031,2.15024e+06,1.99414e+07,7.05617e+08,2.96408e+07,13751.5,1.28504e+06,536229,4.72764e+08,5.01053e+07,2.08135e+07,,86000,6.19273e+07,260,7.37619e+06,7.01067e+06,,27093,,,1.32444e+07,,,5512,265,300,1.86627e+06,,8.01043e+06,,,
307010100,1.40139e+09,26,UNKNOWN,0.5122,6.80094e+07,2.91045e+07,7.17767e+08,653364,,288873,28397.4,8.24729e+06,3.69061e+07,2.34852e+06,41264.4,206539,4.85872e+08,2969.2,2.77112e+07,6.10771e+06,,101472,3960,23797.9,70808,,,700,761066,198788,8.61147e+06,,7.77111e+06,491672,58510.6,
109011004,1.40031e+09,22,个,0.6460,9.42996e+07,9.04538e+08,1.77539e+07,3.34858e+08,,7.75386e+06,90678.4,3.24863e+06,1.14319e+07,184804,324916,160661,372123,1.07215e+06,1.10478e+07,829280,,1.3266e+06,6839.9,,85,16002,,3.92628e+06,6.93467e+06,133146,,,,,,
107020303,1.3981e+09,12,千克,0.9939,1.38962e+09,756006,1291,850,,,,,3.65229e+06,,380,,,4.00178e+06,37853,,,3107,22085,,,1350,,,225,,,,,,,
109060299,1.39391e+09,21,个,0.7294,9.64723e+06,1.01675e+09,1.08046e+07,2.66852e+08,282256,6.42238e+06,165409,4.02848e+06,4.39122e+07,429309,306198,38842,298562,1.67214e+07,1.64136e+07,,,177521,13160,,7104.77,,,402713,138402,90594.6,,,,,,
107050402,1.39015e+09,23,卷,0.3372,5.35407e+07,2.99399e+08,2.84323e+06,1.91774e+07,,9.09919e+07,25945.8,18515,2.06961e+07,3.42622e+08,1.64638e+06,8.20234e+07,2486.1,336624,4.06722e+06,,,238957,329706,,5187.68,152189,,38402.9,4.68799e+08,777904,,,,2.41296e+06,130,
108041404,1.38972e+09,24,个,0.6735,1.34969e+08,9.36001e+08,6.02084e+06,7.56456e+07,1.27473e+06,3.29831e+07,38481,67520.2,1.3695e+08,6.04841e+06,227377,716653,59173,248335,5.07122e+07,336243,,195214,41882.4,1977.6,,3817,,3.01938e+06,226702,3.92282e+06,5350.53,,,,,
304040903,1.3889e+09,17,UNKNOWN,0.5514,6.72326e+07,3.17745e+07,7.65791e+08,43206,,,969565,5.3642e+06,6.4038e+06,,8,,4.15265e+07,,2.03526e+08,2.52486e+08,,,,3.43163e+06,163465,,,,,6,1.78317e+06,7.93283e+06,,,,473795
201020000,1.38867e+09,24,千克,0.6988,9.70459e+08,3.68701e+07,8.26156e+07,7.38896e+06,,1.61532e+06,160430,6.60081e+06,2.10971e+08,823054,187216,30220.5,2.90696e+07,36044,4.73667e+06,1.61279e+07,,135860,4298.91,,,111.15,,618952,320786,39628.5,9.05116e+06,,63000,,,1.07439e+07
109011704,1.38659e+09,22,个,0.7395,2.64234e+07,1.02533e+09,9.77739e+06,2.2198e+08,14559.2,9.00479e+06,547472,405367,8.36584e+07,104866,107020,24764.2,334524,942541,4.44493e+06,22516,,1.12763e+06,1575.45,3556.5,,,,2.08875e+06,46593,195204,,,,,,
109013604,1.379e+09,15,个,0.6667,3.11569e+08,9.1942e+08,2.48096e+06,1.23843e+08,140551,156502,,500,3.97576e+06,21000,,,14800,8600,1.13357e+06,,,,4270,,,,,1.62199e+07,,6810,,,,,,
109012402,1.37034e+09,17,个,0.8933,1.47872e+07,1.22419e+09,9.0977e+06,1.10854e+08,,714403,4465,6900,2.64656e+06,21600,,,1179,1310.25,4.02039e+06,,,1.86767e+06,,,,260067,,789844,8248,1.06931e+06,,,,,,
109010299,1.3696e+09,23,个,0.8326,5.53239e+06,1.14034e+09,5.8527e+07,1.1173e+08,,2.49684e+06,72092,2.12241e+06,1.18145e+07,217261,12403.7,63771,516070,2.125e+07,1.18518e+07,269100,,1.90259e+06,648,135.84,,150316,,583015,135756,6527,,,,,,6500
108020404,1.36054e+09,19,千克,0.6508,8.8548e+08,3.9305e+08,8.56886e+06,1.29778e+07,,2.99564e+07,67717,42719,2.48511e+06,2.21555e+07,4381.25,415595,896.8,5271.05,4.29562e+06,,,124626,2208,,,,,619632,219030,71826.5,,,,,,
107020901,1.35754e+09,22,千克,0.7556,1.0258e+09,1.5797e+07,1.77573e+06,1.84877e+06,140179,8.86992e+06,1.17483e+07,,1.734e+08,825335,1.07593e+06,881082,25621.4,7.40859e+07,2.13498e+07,12000,,1.36921e+07,2.20174e+06,,,3.7482e+06,,530,234908,29533.3,,,,,400,
102050299,1.35558e+09,20,平方米,0.4221,3.8135e+08,7.6528e+07,1.62273e+07,3.44806e+06,,5.60515e+06,1.65984e+08,913873,8.51101e+07,5.72202e+08,300,3.58024e+07,,5085,4.66361e+06,,,16733,5.38761e+06,,,,,48649.5,51335,2.19118e+06,1990,,,,,42900
109020901,1.3532e+09,16,个,0.9698,2.81739e+06,1.31233e+09,4.27588e+06,2.24983e+07,19026,24703.1,,14933.3,2.04002e+06,,,,77741.7,225677,1.44631e+06,5.953e+06,,1.28078e+06,,,,,,190705,526.5,2072.82,,,,,,
109062601,1.34712e+09,16,个,0.9096,18560,1.22539e+09,850959,1.08662e+08,,880400,,1.31017e+06,8.28265e+06,,15618.5,178442,332365,1448.8,1.04243e+06,,,90,,,,,,68491.2,74991.5,9261,,,,,,
109050304,1.34301e+09,19,套,0.6351,3.77602e+06,3.56997e+08,5.84597e+06,8.52962e+08,,2.49937e+06,8100,9.89362e+07,1.71435e+07,799631,1.91276e+06,165864,22925,,557632,59830,,,4210.8,,1.26756e+06,,,33044.5,19915.2,1623.01,,,,,,
109050102,1.31427e+09,13,个,0.4837,1.25678e+08,6.35686e+08,4.1358e+07,5.07386e+08,,1.06108e+06,,1.73263e+06,852510,,,10400,,,270246,,,,,,224564,,,9500,1430,,3257.28,,,,,
107020215,1.30735e+09,13,千克,0.9917,1.29646e+09,80231.1,1.12986e+06,17002,,,6.25972e+06,,1.13633e+06,,,,700,2.18572e+06,82000,,,360,938.18,,,600,,,,283.92,,,,,,
107020404,1.30214e+09,8,千克,0.9942,1.29453e+09,,7.41402e+06,,,,,,145752,,,20500,,26179.3,,,,,220,,,730,,,,2100,,,,,,
109050601,1.30043e+09,18,个,0.8294,3.07679e+06,1.07861e+09,2.06443e+07,1.14528e+08,,4.04457e+07,,2.3946e+06,3.10512e+07,,19119.9,1.52151e+06,489098,464,5.56886e+06,1.26243e+06,,92960,,,,,,50802,44326.8,10765.6,625671,,,,,
109040805,1.29968e+09,17,套,0.4441,889780,5.71271e+08,9.3788e+07,5.77198e+08,,1.90397e+06,,1.31925e+07,3.5091e+07,,2859.81,11016,763548,,5.38337e+06,,,5691.6,2550,128000,,,,19836.9,13430.5,16625.8,,,,,,
107021506,1.29908e+09,21,千克,0.6342,8.23813e+08,1.5923e+08,355786,6.48357e+07,,6.01243e+07,3.30217e+07,553800,2.44689e+07,1.23794e+08,38173,40792,21597.5,1.44309e+06,5.20093e+06,,,1.21224e+06,221815,,,14111.2,,38671.4,525086,13871.3,,,,108660,,
109032106,1.29728e+09,22,套,0.3069,1.17724e+08,3.38883e+08,4.63471e+06,3.98145e+08,,4.60896e+06,38706.9,3.73205e+07,1.31322e+08,479393,8795.39,530431,2.34664e+06,449055,2.49636e+08,,,9.04091e+06,1590.92,34022,913101,4195.86,,980833,176140,5661.52,,,,,,
109052299,1.29452e+09,16,个,0.9671,1.40923e+06,1.25195e+09,2.5616e+06,3.54603e+07,,16062,,1.52717e+06,272263,58942,1061.69,14228,3650,,1.18987e+06,,,8962.44,,,2000,,,41607.2,2520,,,,,,,
306030202,1.28806e+09,12,份,0.4957,270795,5.93133e+07,3.37905e+08,,,,,909994,5.48974e+06,,,,1.19733e+08,,2.08507e+07,1.15582e+07,,,,6.38554e+08,1.12264e+06,,,,,,772398,,,,9.15819e+07,
106010502,1.28165e+09,26,个,0.6508,7.10564e+07,8.34093e+08,2.27806e+07,3.03098e+07,2691.21,5.27144e+06,6250,1.12612e+06,2.8259e+07,6.47652e+06,1.61194e+07,1.03346e+08,656367,3.56044e+06,5.93727e+07,42244.5,,494534,1.35093e+06,2.11116e+06,30235,292535,,710502,2.53248e+07,5.23179e+07,,,8652,1.65269e+07,,
106040109,1.28103e+09,20,千克,0.4210,5.39371e+08,1.7267e+08,868066,1.12244e+07,,4.04347e+08,129617,98890,2.22961e+07,1.07406e+07,2.54613e+06,2.12729e+07,37716.5,1.09025e+07,1.9981e+06,,,3.72875e+07,313080,,,1.44104e+06,,20238.2,4.13965e+07,2.0689e+06,,,,,,
109022818,1.27466e+09,21,个,0.6694,3.10291e+07,8.53237e+08,5.03593e+06,1.75172e+08,,1.61077e+06,800,11400,1.65182e+08,1.06875e+06,200338,160910,90970,102971,2.33101e+07,,,126812,1735,,,,,1.79441e+07,190037,186994,323.56,,,,,1350
106010302,1.27344e+09,22,箱,0.3153,3.42263e+08,1.31804e+08,4.49988e+07,3.17189e+06,,1.52858e+08,,106044,3.73405e+06,8.29816e+06,4.83412e+06,4.01472e+08,10155,45065.4,1.34082e+07,956.24,,4800,311162,489135,,,,120329,3.10482e+07,9.90617e+07,,,6600,3.53964e+07,,
103030701,1.27172e+09,19,箱,0.8125,4.43983e+06,3.64241e+07,1.00161e+07,2.46318e+06,,,432856,,4.80801e+07,,4.25424e+06,1.03328e+09,408,9.47052e+07,1.17243e+07,394,,251662,173555,12438.9,,2.21657e+07,,,850,3.09604e+06,,198110,,,,
307059900,1.26199e+09,27,UNKNOWN,0.4737,2.39943e+08,3.67375e+07,5.97806e+08,1.09409e+06,1.49248e+07,239740,1.10414e+06,2.4587e+07,3.71904e+07,3.87843e+07,476961,1.01451e+06,3.42478e+07,431834,1.01537e+07,2.11547e+08,,278970,408555,407651,2.205e+06,2.45344e+06,,3970,158100,933898,3.8152e+06,,,,6062,1.03961e+06
106040801,1.25416e+09,11,个,0.9779,1.3606e+07,1.2264e+09,5.83258e+06,5.63668e+06,,,,,38749,,385.88,348903,,25,2.3001e+06,,,61.5,,,,,,,,361.4,,,,,,
303010200,1.2531e+09,15,UNKNOWN,0.5014,,1.00972e+07,6.28323e+08,1.20152e+07,11377.8,121894,,2.71142e+08,2.09087e+06,86247,,294440,33983.8,,1.03391e+06,2.58e+08,,,,,45000,,,,,5525.11,6.98025e+07,,,,,
109023001,1.25142e+09,21,个,0.7603,5.79043e+06,9.51517e+08,2.24356e+06,2.41578e+08,,4.59967e+06,33801,16762,5.55646e+06,1.80129e+06,905593,63237,141532,690428,1.47591e+07,1200,,2.71088e+06,7507.45,,,2196,,1.28105e+07,389409,5.80181e+06,,,,,,
106040604,1.24436e+09,17,个,0.8818,1.06513e+08,1.09732e+09,1.17318e+07,1.04961e+07,,,,43860,452530,627919,13777.6,22801,,3083.97,1.39945e+07,,,,220.8,70000,,65,,2.66351e+06,411023,83.34,,,,,,
109023201,1.23076e+09,18,个,0.7794,5.9343e+07,9.59224e+08,8.08783e+06,4.09015e+07,,1.04801e+08,855156,2.60254e+06,2.42273e+07,2.81721e+06,18631.1,,565670,6.33366e+06,1.70459e+07,,,47968.5,,,,20213,,83426.1,3.76316e+06,21797.5,,,,,,
107020107,1.22685e+09,16,千克,0.9188,1.12726e+09,2.7943e+06,3.24217e+06,1.51056e+06,,5189.4,2.16654e+06,,8.7049e+07,26000,8101,31390,,664221,53150.2,,,1.9739e+06,50078,,,,,,520,14396.7,,,,,,
104020102,1.22607e+09,13,个,0.9019,4.74798e+06,1.10578e+09,930140,6.92065e+07,,1.07081e+07,,,1.67621e+06,,3.18862e+07,,,,154707,,,,1752.99,209.6,,441,,,334.28,976855,,,,,,
108030500,1.22576e+09,6,千克,0.9990,1.22453e+09,112239,310553,599600,,,,,,194400,,,,20282.4,,,,,,,,,,,,,,,,,,
108042300,1.22319e+09,21,个,0.9012,2.88623e+07,1.10231e+09,4.31767e+06,6.02054e+07,359050,246648,,,1.58415e+07,91495.6,1.5705e+06,416564,16264.2,2603,7.66644e+06,28800,,1495.26,1459.33,15900,,26672.1,,4485.2,6734.8,1.19696e+06,,,,,,
109012003,1.22053e+09,22,个,0.8072,4.70343e+07,9.85198e+08,4.57237e+06,5.78064e+07,23888.5,8.04238e+07,25290,80,9.80059e+06,84187.7,45256.2,72963.8,26470.5,286060,3.24157e+07,218740,,722729,1606.08,,,99.14,,1.51565e+06,143129,117105,,,,,,
104030601,1.21824e+09,10,平方米,0.6516,1.40608e+07,2.75251e+08,263343,5.94373e+06,,1.03951e+08,,,2.49308e+07,7.93812e+08,,,,,28751.4,,,,,,,,,42,,359,,,,,,
104011202,1.213e+09,12,千米,0.6110,4.43498e+08,2.20942e+07,15436.3,2.78272e+06,,7.41145e+08,,,81201,3.11496e+06,,,1424,,137007,,,,,,,,,15045.8,113652,2430,,,,,,
201030000,1.20829e+09,23,千克,0.5259,6.35402e+08,1.72519e+07,2.99296e+08,4.04647e+07,,823024,9.88562e+07,4.9101e+07,9.76677e+06,1.91427e+07,1.14196e+06,43764.5,7.8086e+06,261608,1.01004e+07,1.83025e+07,,160588,12762,,,438.75,,902,207805,40096,,,96175.2,,,8526
105010604,1.20333e+09,23,个,0.7999,9.86389e+06,9.62574e+08,4.31678e+06,1.33729e+08,2666.23,1.31036e+06,5.40281e+07,8775,5.42137e+06,3.92593e+06,5276.5,101240,22498,1808,2.45654e+07,141558,,2108,124387,3252.6,,,,2.18231e+06,56413.8,939086,,,,,,165
107030406,1.20031e+09,13,盒,0.9271,1.3426e+07,3.2256e+07,604278,7847.76,,,,,1.44613e+07,,1.11279e+09,182251,,6.50258e+06,255858,,,31092.3,1.89153e+07,,,,,,81729.4,797293,,,,,,
106040806,1.19452e+09,21,个,0.7182,1.20958e+08,8.57932e+08,8.3063e+06,1.81015e+08,8192.04,1340,,29546,9.60281e+06,72228,6.19234e+06,610710,3203.52,1876.5,7.58783e+06,,,5569.21,1.21663e+06,102370,,4906.8,,290123,79915.5,494440,,,,,,
107010202,1.19431e+09,19,千克,0.8143,9.72568e+08,2.97631e+06,2.09738e+07,787616,528392,400,3.42013e+07,,1.51609e+08,,19475,43499.5,1.36858e+06,6.00139e+06,100000,,,1.84791e+06,150,654732,,1030,,,3040.2,623390,,,,,,
306019900,1.19085e+09,17,UNKNOWN,0.8917,7.08767e+07,1.83249e+06,1.06187e+09,121240,,,,2.37247e+06,1.79275e+06,,3.20611e+06,,1.25126e+07,951044,2.3877e+06,4.55441e+06,,714,124884,,1.38364e+07,,,,,100009,1.4304e+07,,,,2790,
401020000,1.18874e+09,16,UNKNOWN,0.3292,357829,3.57133e+08,3.91281e+08,1.0501e+08,,697720,,1.94976e+07,2.08472e+07,73153.5,,,4.05858e+07,,1.7456e+07,2.26481e+08,,,,117616,6.11602e+06,,872127,45580,,,2.17097e+06,,,,,
108031901,1.17895e+09,5,千克,0.9931,1.17081e+09,4.5743e+06,110791,101350,,3.35256e+06,,,,,,,,,,,,,,,,,,,,,,,,,,
106050999,1.17546e+09,11,个,0.9705,1.91821e+07,1.14081e+09,9.95224e+06,3.83101e+06,,2170,1763.2,,677943,,629,,,,984781,3732.66,,,,,,,,10448.7,,,,,,,,
109020601,1.17187e+09,11,千克,0.4021,4.71262e+08,2.96763e+08,6.0469e+06,3.90944e+08,,139937,,3.68016e+06,1.30128e+06,,,,,,1.61847e+06,,,,9200,,,,,101900,5838.8,,,,,,,
109051905,1.17121e+09,18,个,0.5501,1.77125e+08,6.44249e+08,309205,2.09252e+07,,2.30903e+06,,204.75,1.41274e+08,358362,26080.5,4225,170,1934.88,1.3219e+07,,,2524,381,,,,,1.71384e+08,15330.4,344.92,,,,,,
106050902,1.16458e+09,13,OTHER,0.7802,8.69228e+07,1.63666e+08,4.06025e+06,437184,,731909,24895.6,,9.0856e+08,,59053.2,,,40,105289,,,812.98,,,,,,,12602.6,1430.04,,,,,,
108032499,1.15985e+09,8,千克,0.9407,1.09112e+09,6.80142e+07,3340,36500,,674340,,,5130,,960,,,,,,,727,,,,,,,,,,,,,,
307020102,1.15364e+09,14,UNKNOWN,0.4156,,9.18341e+07,4.79465e+08,2.00604e+06,,209880,,2.33667e+08,8.32937e+07,1246.56,,,2.29327e+08,,238788,1.6361e+06,,,,9840,133270,,,,,,1.71124e+06,,3.01055e+07,,,
108010399,1.14915e+09,19,千克,0.5827,6.69577e+08,1.68166e+08,1.7736e+07,2.04273e+07,,3.85664e+07,9.42956e+07,12000,7.05206e+07,2.6941e+07,198,198314,3053,1070,3.42453e+07,,,529861,1.22315e+06,,,,,45546,1820,6.65794e+06,,,,,,
107021407,1.14695e+09,15,千克,0.9956,1.14193e+09,1.086e+06,276838,502461,,,53892.1,,707279,,24829.7,15943.2,,728055,2826.5,,,800531,1170,,,661.34,,,815050,10797,,,,,,
107020240,1.14673e+09,6,千克,1.0000,1.14671e+09,,,,,,,,7200,,42.5,283.8,,567.6,,,,9203.86,,,,,,,,,,,,,,
101010199,1.14653e+09,25,千克,0.6344,7.27368e+08,8.69971e+07,1.08838e+08,6.18095e+06,2.25267e+06,3.84867e+06,1.31961e+07,,7.51837e+06,170838,2.00342e+07,1.04287e+07,619765,2.59283e+06,2.01092e+07,6500,,1.03909e+06,9.84969e+07,2.75193e+06,4310,1.01489e+06,,58903,750702,3.22225e+07,12300,,,,,20600
109010301,1.14167e+09,13,个,0.6677,481354,7.62346e+08,4525,3.41738e+08,517.5,46600,,62868,2.24165e+07,,,,4.16217e+06,,9.52997e+06,,,37390,,,,,,822375,19205,,,,,,,
109042199,1.1371e+09,21,个,0.8990,3.92223e+07,1.02224e+09,5.20428e+06,5.8825e+07,148856,817339,,403960,3.65993e+06,144851,848796,28546.5,18140.4,5504.58,3.48756e+06,,,78,1254.6,,,65,,128325,953.34,55894,1.85937e+06,,,,,
109042501,1.13475e+09,18,个,0.9068,5.45349e+06,1.02898e+09,4.49518e+06,9.37647e+07,,21204.8,1410,482331,604007,,2307.56,12750,4204,,332692,,,11845,6,6960,,,,571295,520,638.49,,,,,,
109020105,1.12908e+09,11,个,0.8348,5.53253e+06,9.42598e+08,480989,1.77845e+08,,16200,,,2.22681e+06,,280,,,,252415,,,,,,,,,126300,120,240,,,,,,
109061906,1.12473e+09,12,OTHER,0.6669,4.73706e+07,2.59e+08,348981,8.13343e+06,947295,205432,,,7.50109e+08,5.83432e+07,,,640,,169423,,,,,,,,,96160,5998.3,,,,,,,
109051501,1.12355e+09,10,个,0.9433,174150,1.05987e+09,3.36334e+06,5.14675e+06,,2.12325e+06,,,5.27854e+07,,75,,,,38453,,,,,,,,,,42847,180.37,,,,,,
109050103,1.11799e+09,9,套,0.8066,,1.22921e+08,7.87823e+06,9.01765e+08,,1.66483e+07,,,1.84005e+06,,,5700,20000,,1.31729e+07,,,,,,,,,5.37373e+07,,,,,,,,
107020802,1.11488e+09,18,千克,0.8324,9.28025e+08,6.88252e+07,5.83442e+06,4.65814e+06,,186524,1.74372e+07,,9.29132e+06,1.82304e+06,1364.67,5.32787e+06,2605,338884,4.98487e+06,,,5.66119e+07,331321,,,1.04336e+07,,,1708.8,765011,,,,,,
109011902,1.11257e+09,18,个,0.5919,2.08918e+07,6.58488e+08,1.15233e+07,4.10232e+08,,568415,,23830.6,3.37485e+06,1.23799e+06,9828.22,15153,9510,2423,4.99795e+06,,,105175,20043.2,,,,,1.05495e+06,15008,250,,,,,,
107030710,1.11133e+09,19,个,0.5134,8.6813e+07,5.70555e+08,1.80839e+07,1.6938e+07,,1636,136051,,8.74412e+07,,1.2957e+08,1.20467e+07,340210,8.66804e+07,2.95717e+06,,,8.01212e+07,1.10533e+07,229278,,2000,,4860,373348,7.97999e+06,,,,,,
105020106,1.11051e+09,18,个,0.7234,2.15644e+07,8.03363e+08,2.44039e+06,2.10404e+08,,1.97993e+07,2.8411e+06,1.76451e+06,2.54268e+07,1.56443e+07,3335,16685.3,810,,6.3563e+06,,,134448,440,,,,,26504.6,34120,694544,,,,,,
104030502,1.10815e+09,17,千米,0.4692,5.82592e+06,4.38356e+08,9.25271e+06,1.11795e+08,1.00932e+06,5.19954e+08,25586.8,,6.02472e+06,1.18515e+07,,10062,120,12438.4,3.27463e+06,,,,,,,,,205942,112342,2445.9,,,,,,439571
109013703,1.09972e+09,9,个,0.9835,6.84081e+06,1.08153e+09,7.8256e+06,653311,,25776,,,,,83083.1,,,,2.50569e+06,,,,,,,,,250400,,,,,,2700,,
106040603,1.09721e+09,21,个,0.6876,1.88111e+08,7.54493e+08,3.10857e+06,4.47161e+07,,1.8694e+07,29354,16400,5.00042e+07,1.96527e+07,30613,20566.2,400,121022,6.68578e+06,,,97557.2,17658,,930,2056.37,,1.13174e+07,48986.2,46822.6,,,,,,
104020120,1.09638e+09,7,个,0.9832,3.57874e+06,1.078e+09,2.47256e+06,1.18366e+07,,172337,,,,,4824.44,,,,311410,,,,,,,,,,,,,,,,,
105010602,1.0941e+09,22,个,0.7800,5.45545e+06,8.53379e+08,1.13794e+07,9.98951e+07,251929,1.31221e+06,3.3969e+07,30182,8.00528e+06,1.49677e+07,413315,1.26732e+07,438620,450,4.53996e+07,,,,5456,800,,,,5.02391e+06,1.42767e+06,12397.2,,,,29140,,31195
109042699,1.0933e+09,21,个,0.5153,2.60069e+06,5.63329e+08,4.79284e+07,4.28256e+08,62526.2,1.3856e+07,400,479219,1.53649e+07,45600,146432,208206,2.13916e+06,13546,3.90167e+06,829641,,120123,272,,,,,1.3571e+07,4570,442263,,,,,,
109051305,1.09323e+09,17,个,0.9569,1.03665e+06,1.04616e+09,2.22654e+06,3.91669e+07,,644140,3150,1.45371e+06,1.01201e+06,,249374,23000,15380,,1.16677e+06,60573,,,,,200,,,3802,1300,4392,,,,,,
109062001,1.08468e+09,15,副,0.4484,1.16481e+06,3.87121e+08,2.32013e+06,1.79521e+06,359543,,,,1.02822e+06,87125.9,5460.35,2.04121e+08,2658,,271019,,,,3048.52,,,,,4.864e+08,180,225,,,,,,
103030301,1.08001e+09,15,包,0.5435,1.86704e+06,2.42454e+07,4.27844e+06,7.99098e+06,,1.77848e+06,323825,,9.35389e+06,,197733,3.65204e+08,,6.01062e+07,3.34081e+06,,,7.00639e+06,172159,,,7.16321e+06,,,,5.86986e+08,,,,,,
107030399,1.077e+09,15,千克,0.8828,9.50774e+08,1.17172e+07,3.77364e+06,240033,,,,,4.24984e+06,,8.54507e+07,170315,,6.00435e+06,7.92484e+06,,,133,5.61032e+06,,,334475,,,1200,738167,8084.1,,,,,
108042600,1.07637e+09,20,千克,0.7249,7.80252e+08,1.58443e+08,2.03079e+06,2.60166e+07,,3.81913e+07,264724,871514,3.0904e+07,1.27688e+07,511906,1.03082e+07,30894,857913,6.79454e+06,,,219445,44222.6,,,29300,,2.11243e+06,4.25586e+06,1.45898e+06,,,,,,
106050204,1.07242e+09,11,个,0.3874,2.61604e+08,4.15405e+08,2.25734e+07,3.7193e+08,,,,,336831,19800,1834,,,940,547141,,,,,,,,,200,,527,,,,,,
109010304,1.06577e+09,18,个,0.6047,1.11482e+07,6.44507e+08,1.54622e+06,3.42717e+08,,109102,,5.29146e+06,2.53786e+07,,212.5,596249,4.41292e+06,15793.5,1.24291e+06,,,708311,,,,31229.5,,2.75938e+07,168000,416,306517,,,,,
107022201,1.06507e+09,18,个,0.7844,6.49993e+07,8.35394e+08,6.29091e+06,2.2697e+07,,46321,1075.6,,1.15423e+06,,5.25833e+06,9.81399e+07,,5.57793e+06,8.27793e+06,,,1.73793e+06,3.31201e+06,21725,,339.5,,97.4,19378,1.21449e+07,,,,,,
104030501,1.0644e+09,15,个,0.9914,3.37337e+06,1.0553e+09,2.1136e+06,1.33622e+06,,409.5,,,1.96129e+06,,33978.8,3014.8,,228.9,174743,,,20,31.85,88365.4,,,,,32.5,16930.3,,,,,,
109024100,1.0637e+09,19,个,0.8479,2.50097e+07,9.01883e+08,2.6488e+06,1.2796e+08,298958,96356.5,,20000,653828,4000,8473.68,23356,593252,3771,958817,,,4068.8,656,,,,,3.36412e+06,168729,780,,,,,,
109022202,1.06234e+09,20,个,0.7433,6.43423e+06,7.89682e+08,1.6902e+07,1.55477e+08,,432882,425805,305850,8.00458e+07,626483,404935,127268,116100,732561,8.63124e+06,176000,,34432.5,146090,,,,,159035,1.43239e+06,43610,,,,,,
108042700,1.06153e+09,18,个,0.5908,2.57158e+08,6.27142e+08,7.04661e+06,5.22832e+07,,8.40839e+07,,388196,2.14384e+07,3600,1.58878e+06,57951.8,10492.7,3348,4.11352e+06,,,50126,7135.5,,,,,5.03125e+06,1.10998e+06,12122.7,,,,,,
109041905,1.04986e+09,13,个,0.9946,108140,1.0442e+09,1.00278e+06,4.01062e+06,,,,1536.75,180743,,36986.8,3841,2181.2,,295604,,,,1467.63,,,,,12000,,38,,,,,,
109011302,1.04903e+09,22,个,0.9512,1.46183e+07,9.97812e+08,1.11822e+07,7.39385e+06,,4848.04,53559,1.73973e+06,1.38612e+06,66000,1443.3,300,1.02292e+06,48926.1,3.53158e+06,8.95931e+06,,710375,1723,,,100,,446404,912.6,33491,20697.7,,,,,
109031401,1.04634e+09,13,个,0.8501,3.04479e+07,8.89459e+08,6.00416e+06,1.07571e+08,,,,178150,6.62256e+06,,52726,124799,64402.1,,5.25147e+06,,,,,,,19000,,521869,19702,,,,,,,
106020103,1.04154e+09,26,个,0.4676,7.38943e+06,4.87068e+08,1.15792e+08,6.5587e+07,,1.68331e+06,358750,1.891e+07,3.3257e+07,7.34551e+07,2.58851e+06,9.09944e+06,1.21117e+06,25985.6,8.61013e+07,83031.3,,12088.2,1.28885e+06,8.71733e+07,301250,,,570927,4.66722e+07,2.71831e+06,39956,,112295,36800,,6960
104020108,1.0394e+09,10,个,0.9847,5172.51,1.02346e+09,8.85146e+06,5.80353e+06,,22605.5,,,56591.5,,,172,,,1.11755e+06,,,,733,,,,,82914.6,,,,,,,,
109013101,1.03458e+09,22,个,0.7468,6.55864e+06,7.72668e+08,1.72627e+07,1.7872e+08,6360,776524,603474,1.51234e+07,3.31081e+06,1.03682e+07,682,130945,181411,3.94966e+06,2.33975e+07,,,1.33924e+06,1230,,,6425,,14767,49970,300,,114085,,,,
306030199,1.03361e+09,13,份,0.3171,,1.65857e+08,3.00713e+08,40245,,,,3.57324e+06,1.56636e+07,,,3887.5,8.11046e+07,,5.64192e+07,6.39253e+06,,,,3.27769e+08,1.29559e+06,,,,,,3.31258e+06,,,,7.14674e+07,
109011201,1.02605e+09,13,个,0.8757,960849,8.9856e+08,1.51975e+07,8.29517e+07,,4.87687e+06,,2.39673e+06,2.90852e+06,,,360,51078,,1.73626e+07,753183,,9600,,,,,,22430,,,,,,,,
108032202,1.02564e+09,5,千克,0.9993,1.02493e+09,443901,351,,,,,,267883,,,,,300,,,,,,,,,,,,,,,,,,
103010301,1.02278e+09,17,千克,0.6645,6.79659e+08,1.52313e+07,487679,267534,,529,,,7.62262e+07,,1.02185e+06,2.22831e+08,,1.37197e+06,288373,,,159444,1.9924e+07,8333.92,,2.56608e+06,,49.5,,2.73229e+06,,,,,,2400
109013699,1.01685e+09,18,个,0.5320,3.32627e+08,5.40938e+08,1.15971e+07,8.38199e+07,,1.86216e+06,,2072,1.00393e+07,317866,1284,21312,1000,,2.01698e+07,,,6140,,120,58931,,,1.53418e+07,28320,17105.9,,,,,,
109012004,1.01597e+09,17,个,0.9015,6.29001e+06,9.15916e+08,3.16692e+06,8.10913e+07,,2.99589e+06,7760,347520,5.00796e+06,,762,17731.3,18000,2359,576970,,,192563,,,,,,311777,2191.2,19975.6,,,,,,
109060203,1.01523e+09,19,个,0.7599,236659,7.71436e+08,1.63962e+07,2.14869e+08,,360067,1300,4.03744e+06,2.63851e+06,7500,4280,,24100,3120.1,4.9813e+06,11823.1,,130,,2130,,,,179462,231,40343,,,,,,
109040804,1.01249e+09,19,个,0.8912,1.07338e+06,9.02308e+08,2.50186e+06,3.65824e+07,,1.85768e+06,220.4,1455,6.22351e+07,8010,130631,5978,21688.9,12368.6,5.02856e+06,,,196817,198,,,,,122702,208128,195509,,,,,,
108041301,1.01067e+09,21,千克,0.4070,4.11336e+08,2.79361e+08,3.16242e+06,7.52652e+07,4900,5.24097e+07,44535.9,170075,2.04481e+07,1.21962e+08,24911.9,586951,164720,2231.75,1.14554e+07,253.46,,8340,6.97213e+06,,,,,1.40591e+06,2.50411e+07,846773,,,,,,
105010201,1.00879e+09,20,立方米,0.3676,2.60967e+08,2.69704e+08,5.31402e+06,7.49493e+06,,2.18701e+06,3.70812e+08,42360,3.31602e+07,4.44187e+07,38009.6,394564,,3585.92,1.12413e+07,,,,516278,,,260,,250.32,71024.7,87226,,,,26832,,2.31096e+06
102050102,1.00601e+09,19,千克,0.9216,9.27122e+08,3.48785e+07,1.37101e+07,2.55174e+06,,5.12839e+06,3.53623e+06,,500143,6.64699e+06,105722,216857,9,60518.2,3.5951e+06,,,1.19821e+06,5.68327e+06,187.25,,23532,,,1590,1.04719e+06,,,,,,
105010399,1.00484e+09,17,个,0.5870,4.12373e+07,5.89846e+08,5.35729e+07,5.31691e+07,,4.18261e+06,1.61199e+08,1.89664e+06,1.9542e+06,9.07219e+07,,31420,,800,6.81813e+06,,,1665,4701,,,,,100878,3300,95425,,,,,,
107060114,1.00418e+09,18,千克,0.6311,6.3372e+08,3.5028e+08,1.37474e+06,3.90047e+06,,6.25718e+06,136260,5980,247820,474453,139371,751103,,2965.03,1.48825e+06,,,8741.97,136816,,,,,421140,4.58682e+06,243870,,,,,,
101010302,1.00388e+09,19,千克,0.7587,7.6166e+08,1.37214e+07,6.56786e+06,25246.1,,161180,1.75278e+06,,506241,,1.87704e+06,3.23719e+07,2575,1.71768e+08,53173.8,,,1.18705e+07,1.0802e+06,349060,,44358.3,,2850,13390,52874.8,,,,,,
108031403,1.00182e+09,9,千克,0.9064,9.08047e+08,4.65132e+07,3844,4.52348e+07,,2400,,,876934,1.1437e+06,124.02,,,310,,,,,,,,,,,,,,,,,,
101020299,9.95411e+08,20,立方米,0.7184,5.80696e+07,1.73304e+08,4.01003e+06,1.25818e+07,,6.92477e+06,7.15118e+08,96617,1.26316e+06,1.58299e+07,1802.92,174186,4500,43694.3,4.08263e+06,,,399125,1651,,,,,2.76055e+06,726513,15474.1,,,,,,3000
107020225,9.95299e+08,8,千克,0.9895,9.84811e+08,5164.86,4.0681e+06,,,,39636.8,,507985,,,2800,,1.44417e+06,,,,4.4203e+06,,,,,,,,,,,,,,
109040405,9.93566e+08,11,个,0.9696,6.15016e+06,9.63329e+08,1.18451e+06,1.43277e+07,3529.05,17218.4,20000,,8.43147e+06,,,,255,,93749.6,,,8990,,,,,,,,,,,,,,
109050302,9.93049e+08,15,个,0.9556,,9.48975e+08,1.2086e+07,2.99461e+07,,49693,,61293,537265,,2246.56,19118,14410,,1.34867e+06,,,450,,1462.5,,,,1104,3077,3204.56,,,,,,
102049999,9.82616e+08,14,千克,0.9660,9.49232e+08,1.24234e+07,500637,6.46717e+06,,267462,35927.8,,1.10746e+07,1.87236e+06,87540,,,434459,133184,,,,16800,,,,,,1132.5,69560,,,,,,
105020107,9.72668e+08,20,个,0.4123,4.81875e+07,4.01079e+08,3.81378e+06,7.18258e+07,,1.23589e+07,839105,2.55168e+06,5.5337e+07,3.67695e+08,434231,101029,24395,34061.2,7.71298e+06,,,5165,8941.85,,60000,,,242265,287519,69871.2,,,,,,
109020605,9.70448e+08,11,套,0.4578,1.85376e+08,3.31552e+08,383031,4.44229e+08,,754786,,,4.37456e+06,1.02414e+06,,,,,2.26974e+06,119951,,,79045,,,,,285959,,,,,,,,
109051604,9.70072e+08,14,个,0.9357,6.67346e+06,9.07707e+08,4.60369e+06,4.31203e+07,,289438,,130338,5.55726e+06,831664,1972.66,,289028,26850,815724,,,,,,,,,24779.2,12,,,,,,,
108042100,9.69612e+08,17,个,0.7669,1.46994e+07,7.43569e+08,2.36878e+06,1.7272e+08,,257734,,360133,9.19983e+06,1.91311e+07,787563,218204,2126.08,1895.6,5.72132e+06,,,,4468.4,,,,,501406,1008.99,68398.1,,,,,,
104020403,9.62034e+08,17,个,0.9657,2.98724e+06,9.29042e+08,1.63875e+07,159461,,113388,765647,,9.00602e+06,3.11408e+06,3094.84,89384,812.4,417,223146,,,,903.6,,,,,109740,6405.54,23844.9,,,,,,
107050803,9.6136e+08,22,个,0.7577,8.335e+07,7.28466e+08,1.8434e+06,1.71097e+07,,3.52374e+07,5.0623e+07,,1.54734e+07,7.17785e+06,1.16511e+06,8.89368e+06,1540,175548,2.17356e+06,,,284461,176545,5744,410,180,,2.82603e+06,1.98171e+06,4.38525e+06,,,,,,9550
109030801,9.61058e+08,18,个,0.5486,1.14508e+06,5.27226e+08,5.40937e+07,3.405e+08,,4223,2530,63340,3.24886e+07,,62792,,601729,2.30934e+06,1.863e+06,18000,,613510,,,,78,,55493.1,40,10715,,,,,,
107030213,9.60999e+08,13,瓶,0.5110,546098,1.94398e+06,771428,,,,170,,1.85353e+06,,4.36643e+08,,,4.91069e+08,9477,,,6.29073e+06,1.67715e+07,,,144517,,292500,,4.66324e+06,,,,,,
108010501,9.58561e+08,16,个,0.4183,1.23372e+08,4.00996e+08,7.1143e+06,1.57644e+06,,739159,1.66953e+08,6475.5,1.2647e+08,9.71268e+07,45.6,1.26497e+07,,17555,2.12535e+07,,,148500,,,,,,110560,26947.9,,,,,,,
106010508,9.58038e+08,16,个,0.6964,1.83389e+08,6.67168e+08,607014,1.01349e+07,,9.26569e+07,,,367593,,7367.2,982466,2000,1425,1.62766e+06,,,930,2.5,2000,,,,,1.04031e+06,50105,,,,,,
106041001,9.54858e+08,12,个,0.9970,,9.51962e+08,1.33177e+06,1.12309e+06,,10473.9,,1400,53565.1,117600,1069.2,4905,175908,,64552,,,,,,,,,12390,,,,,,,,
107010110,9.54453e+08,16,千克,0.9927,9.47489e+08,2.17345e+06,163856,38365,,128835,57263.7,,2.73544e+06,,26076.4,2232,,304400,3661.5,,,1.2126e+06,8255,,,31266.6,,,559.5,77829,,,,,,
107060399,9.47196e+08,19,个,0.6827,1.41303e+08,6.46672e+08,1.46242e+06,3.967e+07,,6.40447e+07,4.16415e+06,2.48518e+06,2.4846e+07,1.17012e+07,13534.9,73234.2,543226,1610,6.79719e+06,,,740,2497,,,,,843513,1.07035e+06,1.5009e+06,,,,,,
104030403,9.39523e+08,15,个,0.9883,4.29099e+06,9.28517e+08,1.66026e+06,2.93947e+06,,766796,,57508,121104,621415,70797.1,79,,3369.6,176442,,,,,,,,,253066,2630,41952.9,,,,,,
109060904,9.35187e+08,14,套,0.6597,210,3.08456e+08,3.58832e+06,6.16904e+08,,22190,,2.56736e+06,1.41252e+06,,,31360,2950,200,11035,,,,,90250,,,,,1080,,2.0996e+06,,,,,
108031003,9.30155e+08,5,千克,0.9881,9.19053e+08,11604.4,1.25796e+06,,,,,,9.76501e+06,,,,,67619,,,,,,,,,,,,,,,,,,
108041103,9.2247e+08,16,千克,0.9269,8.54994e+08,1.0038e+07,821061,640223,,3.88436e+07,,33000,1.84419e+06,253333,278,151905,,687,200896,,,,29.66,,,,,3.5203e+06,1.11265e+07,1864,,,,,,
109020702,9.20602e+08,12,个,0.7522,1.6731e+07,6.92468e+08,1.11053e+06,1.30614e+08,,237460,,,7.81222e+07,549730,480,,88360,,555816,,,34400,,,,,,89975,,,,,,,,
304070102,9.20289e+08,10,UNKNOWN,0.5419,215.76,3.94226e+07,4.98699e+08,2.76495e+08,,,,1.93832e+06,4.44849e+06,,,,9.0031e+07,,,105400,,,,,,,,,,,8.9e+06,,249425,,,
108040412,9.15449e+08,20,个,0.6258,2.04468e+08,5.72923e+08,3.03854e+06,1.03255e+08,,2.6616e+06,5207,103903,1.00796e+07,56945.1,1.76374e+06,691969,152943,213058,1.25919e+07,,,223865,106256,,,58,,1.99364e+06,922244,196826,,,,,,
108042400,9.12842e+08,21,个,0.5785,8.37915e+07,5.28047e+08,9.44813e+06,8.18481e+07,,3.05454e+06,390,3.2945e+06,8.87067e+07,3.63612e+06,1.75241e+06,7.51745e+06,66661.8,283028,7.91029e+07,54994,,239969,134745,,,5290,,1.32135e+07,385706,8.25861e+06,,,,,,
107040301,9.11628e+08,17,千克,0.9768,8.90451e+08,7.37245e+06,51878.1,483529,,6.54298e+06,4214.66,,313639,5.59089e+06,22062.2,678,,,2405,,,345097,14998.9,,,3412.31,,4829.04,22548.3,401509,,,,,,
304040101,9.1115e+08,10,UNKNOWN,0.8898,1.08348e+07,5.60449e+07,8.10751e+08,202420,,,,,2.31763e+07,200000,,,712580,,23000,2.44115e+06,,,,,,,,,,,,6.76476e+06,,,,
106051205,9.08556e+08,17,个,0.7963,1.36553e+07,7.23525e+08,6.32118e+06,1.1315e+06,,40166.1,,,1.53941e+08,19547,9.43253e+06,33547.9,,1340.9,204283,16751.6,,,377.9,38400,,,,146540,1615.37,47669.9,,,,,,
101040100,8.96843e+08,16,千克,0.7626,6.8396e+08,1.99045e+07,2.24755e+07,10976,,,599.96,,1.54407e+06,,1.59207e+07,1.42132e+07,54,10644.8,9.01786e+07,,,3535.81,1.9518e+07,2.12284e+06,,920.63,,,,2.69791e+07,,,,,,
109020102,8.92547e+08,14,个,0.8574,1.57412e+07,7.65309e+08,587519,9.50395e+07,,1.46355e+06,,,9.92005e+06,1.40258e+06,335299,,257298,456,2.33387e+06,,,29000,,,,,,126887,,375,,,,,,
109060206,8.92042e+08,15,个,0.7966,577197,7.1057e+08,2.91473e+06,1.7506e+08,,9117.5,,131204,1.38963e+06,,34714.2,,183416,,1.02033e+06,,,2546,1372,,,,,37249.6,95770,15129.5,,,,,,
104020501,8.87015e+08,18,个,0.8412,841999,7.46176e+08,2.99007e+06,2.64718e+06,,3779.5,,2107,1.30401e+08,3500,534688,904365,215,4328,1.577e+06,,,,702.55,,,,,234257,155020,537613,,353.94,,,,
303010100,8.86254e+08,10,月,0.2954,,1.36482e+08,2.25081e+08,697005,,,,6.11163e+07,1.15611e+07,,,,4.11231e+06,,233600,2.61824e+08,,,,,24500,,,,,,1.85123e+08,,,,,
108030700,8.85718e+08,10,千克,0.8453,7.48663e+08,9.90868e+07,991528,,,6266,,,122483,3.67153e+07,67,,,264.43,127000,,,,5960,,,,,,,,,,,,,
109062503,8.83527e+08,20,个,0.9868,504510,8.71852e+08,671462,7.71512e+06,,62720,,61171.2,34747.6,6390,963421,759213,54028,170575,535029,29382.2,,,36242.5,6290,1500,,,3673.4,46188.5,14081,,,,,,
109024503,8.81759e+08,17,个,0.7787,1.07468e+07,6.86653e+08,974574,1.48164e+08,,55814,,,340936,4283.3,2.71122e+07,8785,3268,77655.4,3.48571e+06,,,146972,488211,,,,,811058,7384.77,2.67912e+06,,,,,,
104020404,8.79523e+08,15,个,0.9506,3.72348e+07,8.36051e+08,1.43378e+06,1.22933e+06,,2.96596e+06,,,509646,316,4275.5,,,95.8,29021.6,,,160,11727.1,,,,,448,43944,8067.07,,,,,,
107020602,8.77222e+08,16,千克,0.8426,7.39168e+08,2.21356e+07,261583,33003.9,,,2.66678e+07,,5.16892e+07,,472028,2.59381e+07,40,472269,216074,,,6.21113e+06,3.69117e+06,,,295.19,,,50,265284,,,,,,
307030100,8.76359e+08,11,UNKNOWN,0.9749,12040,1.09444e+06,8.54332e+08,,,,,7.67589e+06,7.6717e+06,,,,4.3357e+06,,216006,551406,,,,244550,225000,,,,,,,300,,,,
107060306,8.73353e+08,19,千瓦时,0.4703,3.54079e+07,1.18354e+08,5.65841e+06,5.52076e+07,4.10698e+08,1.91579e+08,,269085,1.46333e+07,2.44233e+07,550,4638,10399.7,367.2,1.67878e+07,,,34910,15865,,,,,79568.1,152890,36163.8,,,,,,
104010202,8.65776e+08,14,千克,0.9079,7.86063e+08,6.0531e+07,4.65726e+06,1.21294e+06,,1.03364e+07,746178,,590447,110000,3501,,2000,,1.04846e+06,,,,,,,,,272095,200927,1483.6,,,,,,
109040307,8.65255e+08,16,个,0.7555,5.98617e+07,6.53723e+08,7.00811e+06,1.29325e+08,,205574,,2300,3.95618e+06,3000,9570,,120,880.53,8.39782e+06,,,64661.1,,,,,,2.66773e+06,27576,1348.99,,,,,,
103030902,8.64519e+08,16,千克,0.3710,3.20771e+08,1.71973e+07,9.93223e+07,103695,,9599.03,,,2.59977e+07,,3.03194e+06,1.05325e+08,,7.44801e+06,2.71948e+08,,,1.48046e+06,7.02002e+06,26.91,,1.27059e+06,,,5280,3.58869e+06,,,,,,
108020701,8.64111e+08,15,千克,0.8191,7.07808e+08,1.05113e+08,1.41215e+06,1.92411e+07,,1.94875e+07,,673822,8.17256e+06,512760,9426.53,768,10,,466913,,,,,,,,,1.13066e+06,82440,297.5,,,,,,
301010101,8.63504e+08,20,UNKNOWN,0.7659,1.65031e+08,7.58281e+06,6.61385e+08,2.91379e+06,,294124,738947,468138,881810,1.32844e+07,,422733,1.30054e+06,27545.2,7.91739e+06,20000,,39840,,,,,,82136,5200,,294203,254939,,,,560352
107021902,8.59818e+08,21,千克,0.9579,8.23631e+08,1.53207e+06,2.41919e+06,3.35543e+06,,,682447,349628,1.13904e+06,76500,293235,177597,200000,2.03073e+06,2.03668e+06,1.73764e+07,,3.5108e+06,702210,,,,,180,1076.4,278210,,346.79,,,,25740
109024701,8.56757e+08,13,个,0.8038,671412,6.88637e+08,2.1215e+07,6.49583e+07,,,,,2.85734e+07,,2.054e+07,,,74520,2.67827e+07,,,12690,700525,,,,,2.76422e+06,7005,1.82023e+06,,,,,,
104020116,8.56204e+08,7,个,0.9864,,8.44584e+08,5.56818e+06,3.31635e+06,,3572,,,451327,1403.3,,,,,2.27969e+06,,,,,,,,,,,,,,,,,
106020299,8.54043e+08,21,个,0.7731,2.38669e+07,6.60239e+08,5.13989e+06,1.14463e+08,,1576.99,,58120.1,1.36308e+06,10111.4,659809,1.24435e+07,297324,36499,2.15638e+07,,,3555,9114.89,1.33402e+07,,,,22606.4,105094,85337.2,,,332772,1251.3,,
109041903,8.53739e+08,8,个,0.9729,30600,8.30635e+08,998285,2.20143e+07,,,,,,,43640.6,5998,10600,449,,,,,,,,,,,,,,,,,,
105010803,8.52656e+08,20,个,0.5944,5.61104e+07,5.0678e+08,2.42514e+07,1.63947e+08,126853,5.25214e+06,3.89388e+07,546890,2.02111e+07,2.13303e+07,27043.9,119502,10905,6413.8,1.47467e+07,,,5270,12137.8,,,,,122709,1794,109440,,,,,,
107021412,8.51881e+08,18,个,0.5398,3.60278e+08,4.59812e+08,742762,2.97711e+06,,76378.2,2.48637e+06,,1.02121e+06,,5.36205e+06,195079,84403,1.07366e+07,560039,,,5.50701e+06,217152,476871,,8593.5,,,1170,1.33794e+06,,,,,,
109050299,8.51781e+08,19,个,0.7881,535551,6.71265e+08,2.04452e+07,1.05131e+08,,1.85854e+06,,4.65581e+06,6.04696e+06,18884.9,1743.8,41586.7,51651.6,,4.14348e+07,257976,,,,,,,7759,2559.4,2975,12124,9123,,,,,1892.8
109042408,8.48315e+08,17,个,0.8817,1.24933e+06,7.47938e+08,2.05227e+07,6.08145e+07,,90066.3,,1930.5,5.88443e+06,401630,13993.8,5.40092e+06,14654,763,5.87269e+06,,,7320.4,,,,,,10220,79830.5,12307.7,,,,,,
107020103,8.46431e+08,14,千克,0.8908,7.54001e+08,631399,158723,155450,,8400,1960,,9.01863e+07,,26699,283.03,,977603,,,,277457,288,,,,,,4750,255,,,,,,
109062002,8.45826e+08,14,盒,0.7016,3.10296e+06,1.63202e+08,1.39209e+07,1.8393e+07,,,,,1.63923e+07,78430,5.93423e+08,800,2720,8.07207e+06,1.88752e+06,,,,,,,,,2.73497e+07,175.5,800,,,,,,
107030501,8.43099e+08,16,千克,0.6943,5.85336e+08,8.50856e+07,250522,6400,,,217092,1795.75,9.40901e+07,,1.33049e+07,1.62617e+06,48,4.89844e+07,206000,,,3.59484e+06,3.7909e+06,,,120,,,,6.60438e+06,,,,,,
107010109,8.41165e+08,15,千克,0.9028,7.59402e+08,4.66171e+07,2.0243e+06,441909,,220,340505,,1.02237e+07,,112,1.3292e+06,126,1.80701e+06,,,,1.86492e+07,1820,,,327080,,,,760,,,,,,
109020302,8.38717e+08,12,个,0.9882,186682,8.28798e+08,5.78595e+06,337325,,,,178902,426200,125920,,,10891,,2.27072e+06,540000,,55264,,,,,,1540,,,,,,,,
109060313,8.3844e+08,20,个,0.8695,8.19657e+06,7.29038e+08,1.90177e+06,7.74437e+07,,3.31359e+06,,96905.5,1.99475e+06,40566.4,93012.7,6870,162505,157291,1.48608e+07,,,16935,2382,,,492,,162261,39366.3,907430,,,,,4800,
107020207,8.38165e+08,11,千克,0.9947,8.33714e+08,1105,11016,,,,2348,,3.34388e+06,,578882,,,119410,,,,352230,19584,,,19360,,,,2656.24,,,,,,
109060701,8.36696e+08,18,套,0.7966,459604,1.48337e+08,1.73703e+07,6.6648e+08,,93487,,2.18745e+06,141665,67000,271653,,139200,840340,161205,31650,,21700,,14787,,,,850,956,77081,,,,,,
103020199,8.35747e+08,17,箱,0.4921,4.75759e+07,1.33067e+08,5.12014e+06,302304,,53164.8,,,6.74099e+06,,1.29612e+08,4.11236e+08,5000,1.19087e+06,3.67536e+07,,,3.02734e+06,4.16284e+07,1.14575e+06,,8.39714e+06,,,39708.4,9.85148e+06,,,,,,
107060111,8.33021e+08,21,个,0.4414,7.2417e+07,3.67711e+08,4.12907e+06,2.18013e+07,,9.67482e+07,5.08843e+07,462269,5.33791e+06,1.72607e+08,40593.6,333751,250602,407821,1.30136e+07,,,525477,365342,,30,4336.28,,952292,2.45724e+07,456186,,,,,,
107020401,8.28728e+08,11,千克,0.9850,8.16297e+08,55370,1.68463e+06,2772,,,101969,,9.15179e+06,,,44051,,1.11576e+06,57320,,,180315,,,,37650,,,,,,,,,,
109062003,8.28075e+08,13,副,0.7643,8.47185e+07,7.44728e+07,8.22241e+06,5.29685e+06,,150360,,,588405,,348.36,374051,14658,2174,2.13027e+07,,,,,,,,,6.32927e+08,,4500,,,,,,
103011204,8.27319e+08,13,千克,0.9974,8.2514e+08,587247,225731,,,,,,10605.4,,68144.3,163401,,232930,33.06,,,435431,193795,,,218889,,,,42415.3,,66.12,,,,
109060202,8.26361e+08,15,个,0.8844,1.48446e+06,7.30861e+08,1.54327e+06,8.27771e+07,,1.10321e+06,,1200,1.33747e+06,,7956.77,,1710,15309.6,7.16114e+06,,,1375,,,,,,22023.9,44072.7,135,,,,,,
108010305,8.24084e+08,15,个,0.9470,4.96362e+06,7.80413e+08,325959,1.48212e+07,,1.73918e+06,464940,,2.08883e+07,350400,,3552,,,92750,,,,160.02,,,,,9559.58,280,4707.6,5400,,,,,
107021306,8.20501e+08,18,千克,0.8329,6.83406e+08,5.63489e+07,1.04255e+07,784425,,1.79667e+06,751917,,5.76744e+07,7479,27944.3,65038.7,300,1.50286e+06,4045.12,,,6.46476e+06,47516.6,,,1.06198e+06,,,131067,24,,,,,,
106051206,8.20338e+08,19,个,0.7757,4.50739e+07,6.36366e+08,1.08092e+06,2.72968e+06,,1.28862e+08,92665,2120,5.38362e+06,67176,2780,4650.5,6516,10,5208.6,,,46728,10426,,,,,349760,108309,145345,,,,,,
106040699,8.2014e+08,22,个,0.6369,4.37194e+07,5.22362e+08,2.25202e+07,5.7648e+07,,1.41838e+06,,,3.39958e+07,4.54167e+07,602131,1096.99,440,129700,4.80012e+07,135.66,,16751,13165.2,8800,264,49922,,4.00745e+07,4.14552e+06,15503.6,,,,,60,
107020233,8.19419e+08,6,千克,0.9999,8.19334e+08,60575,21000,,,,,,,,800,,,1771.5,,,,,,,,,,,,300,,,,,,
108010308,8.11031e+08,18,OTHER,0.3324,1.96144e+07,1.63908e+08,8.50769e+06,2.48048e+07,,1.094e+08,1.54832e+08,9703.77,2.6962e+08,5.02994e+07,,,7.33003e+06,2400,2.32263e+06,,,86898,638.61,,,,,59155.4,110135,3320,120000,,,,,
109041603,8.05492e+08,9,个,0.9961,,8.02358e+08,2.38021e+06,575004,,1668,,2978,29932.3,11136,,5652.12,,,128272,,,,,,,,,,,,,,,,,
109010508,8.05384e+08,15,个,0.9788,429332,7.88277e+08,547793,1.05925e+07,,5961.11,,50000,768087,,177,3260.8,3320,,4.14797e+06,250.22,,47600,,,,,,510568,72,,,,,,,
104020407,7.98275e+08,18,个,0.8420,3.89868e+07,6.72176e+08,1.16206e+06,2.8153e+06,,4.62802e+07,,7117.52,3.08602e+07,,20623.8,55126.2,170,5948.17,560239,,,576.79,91078.7,,,2757.55,,4.65136e+06,20601.1,578429,,,,,,
107020208,7.97126e+08,6,千克,0.9996,7.96788e+08,,3000,,,,,,40831,,,,,6044.96,,,,288362,,,,,,,,10,,,,,,
110020204,7.95501e+08,8,千克,0.9714,7.72756e+08,3.69096e+06,2.46735e+06,2.82494e+06,,,6.55766e+06,,262150,,,,,6.94006e+06,,1594.6,,,,,,,,,,,,,,,,
108041405,7.94102e+08,20,千克,0.3803,3.01991e+08,2.80729e+08,1.40783e+06,2.64315e+07,,1.23733e+06,66052.8,15607,4.61218e+07,23540,4.65141e+07,8.0011e+07,520570,96803.9,1.25036e+06,,,42975.1,1.29397e+06,106.55,,,,353478,4.34599e+06,1.64855e+06,,,,,,
109031404,7.88988e+08,14,个,0.5737,3.35276e+07,4.52621e+08,1.20298e+06,2.27264e+08,,985,,313855,1.7482e+07,,,1.39171e+06,,325,1.24338e+07,,,,385,,,,,4.23416e+07,352027,54920,,,,,,
105020105,7.87968e+08,20,个,0.6792,1.7573e+08,5.35166e+08,4.92519e+06,4.60935e+07,37020,4.90277e+06,2400,4.01081e+06,4.83163e+06,4.38403e+06,30241.1,356644,,55870.7,6.69063e+06,,,3527.29,25262.9,,,,,40645.9,600860,70883.7,,,,9897.59,,
108031502,7.87901e+08,12,千克,0.9954,7.84291e+08,1.93444e+06,50350,199122,,628299,,,306562,,,570,257.6,,123520,,,49320,,,,,,,248518,69324,,,,,,
106040601,7.87729e+08,15,个,0.9636,48911.5,7.59042e+08,1.40775e+06,344804,,46248,,,1.44878e+07,,595098,119222,35,,83454.1,,,108158,1.1312e+07,,,,,128137,4026.91,1438.2,,,,,,
107021501,7.85117e+08,17,千克,0.9471,7.43588e+08,55158.8,2.36859e+06,225576,,14.4,3.76335e+07,,42578.3,34304,11369.1,13244,,90229.7,128605,,,900892,12656,,,30,,,2841.15,8705.13,,,,,,
109069900,7.85006e+08,20,个,0.7968,2.24176e+07,6.2546e+08,1.00064e+07,8.23732e+07,,3.15201e+06,14415,734164,3.57993e+06,1.35087e+07,473246,18578.9,88616,299352,2.2051e+07,,,237095,2004,,,,,39319.2,408149,141456,90,,,,,
103020102,7.8422e+08,18,个,0.2769,2.29449e+07,2.17188e+08,1.47471e+07,13613.2,,,4418.34,,2.09993e+08,,5.95911e+06,4.70022e+07,,176114,9.90064e+07,292963,,226975,4.59223e+07,320205,,160195,,,1.45367e+06,1.16867e+08,,1.94163e+06,,,,
109013305,7.82977e+08,17,个,0.8834,8.8442e+06,6.91659e+08,43656.5,7.41931e+07,,768475,,240145,531965,,92154.7,35434.1,6000,9926.4,6.26321e+06,,,2652,50,,,4380,,,205834,77023.9,,,,,,
104010506,7.81037e+08,14,个,0.9047,2.10948e+07,7.066e+08,1.65535e+07,1.08806e+07,,4.61721e+06,,650,2.68476e+06,1.54308e+07,2.7935e+06,16470,,,74675,,,,230429,,,,,14198,46154,,,,,,,
104010402,7.79123e+08,11,千米,0.7464,1.79774e+08,1.3533e+07,1.36429e+06,525951,,5.81529e+08,,,2.25763e+06,3196.08,62790,,,,,,,,,45265,,,,11675,,16000,,,,,,
405010100,7.77209e+08,8,平方米,0.7173,,11480,1.87825e+08,,,,,1.30367e+07,1.65472e+07,5.5747e+08,,,20000,,,2.25905e+06,,,,,39000,,,,,,,,,,,
109011305,7.7717e+08,23,个,0.5169,1.10568e+07,4.01725e+08,6.15237e+06,3.31063e+08,,447162,21186,1.3322e+06,9.48148e+06,126387,1334.39,34092,889015,162898,2.61443e+06,1.09424e+06,,683527,4201,,,25863.8,,1.01898e+07,2022.05,49423.7,,,13360,,,631.68
109050106,7.7412e+08,8,套,0.8761,,6.18902e+07,3.31184e+07,6.78186e+08,,,,,312740,,,,1620,,584912,,,800,,,,,,26100,,,,,,,,
108011499,7.72095e+08,17,个,0.5044,9.68608e+07,3.89451e+08,7.51312e+07,4.6017e+07,,2.77813e+07,,10609,1.47083e+07,9.23725e+07,517035,1.0436e+06,,6.55548e+06,1.97048e+07,,,2416.4,273.73,,,,,1.77133e+06,55200,112680,,,,,,
107021899,7.67134e+08,15,千克,0.8523,6.53837e+08,8.14798e+07,64274.4,4.17185e+06,,4.68297e+06,854132,,2.98018e+06,1.34786e+07,2.35312e+06,926250,,1.82178e+06,,,,370075,990,,,,,,104900,7897.41,,,,,,
106010304,7.62315e+08,20,千克,0.4105,3.12933e+08,5.40945e+07,839990,6.2224e+06,,4.16097e+06,,70.2,1.36497e+08,1.62488e+08,144409,8.13905e+06,2027.5,3288.3,2.35669e+06,,,40927.8,91.5,,362265,,,24661.6,5.99355e+07,2.49491e+06,,,,1.15758e+07,,
103030707,7.61761e+08,15,千克,0.3985,3.03527e+08,2.15726e+07,9.01845e+06,870105,,,,,2.12479e+07,,1.98488e+08,1.30104e+08,,5.52148e+06,2.19805e+07,,,1.11498e+06,2.35783e+07,250344,,1.30158e+07,,,,1.10539e+07,,417505,,,,
104010702,7.61112e+08,20,个,0.7339,1.05197e+08,5.58608e+08,6.24226e+06,1.61382e+07,,7.34089e+06,9063.98,,5.43805e+06,2.13337e+07,71281.5,9.99133e+06,1929,7524.3,8.64331e+06,,,25952,131173,,,,,996.5,1.56434e+07,6.14916e+06,,136994,,,1385,
109010501,7.60502e+08,19,个,0.6011,4.23796e+07,4.57143e+08,4.58502e+06,1.77786e+08,,3.23414e+06,71670,1.33988e+06,3.53336e+07,,1009.8,27900,1.21122e+06,130642,3.21977e+07,,,792282,6462.5,,682,,,3.67029e+06,351401,238955,,,,,,
108012803,7.59909e+08,20,个,0.7875,1.77111e+07,5.98459e+08,5.09279e+06,5.76293e+06,,3.13585e+07,366.84,,4.801e+07,2.49921e+07,1.64448e+06,2.99859e+06,674,202617,313261,,,95811.3,242264,,,23236.5,,4.37004e+06,1.81413e+07,487319,,,,2360,,
103030400,7.57723e+08,17,箱,0.4213,1.08561e+07,1.47436e+08,6.84224e+06,2.3534e+06,,6116.76,1.08281e+06,,8.24258e+07,,1.24499e+08,3.19213e+08,375,5.58402e+07,244792,,,5.91712e+06,419418,342.61,,3571.7,,,,582141,,,,,,
107021901,7.54258e+08,20,千克,0.8318,6.27418e+08,6.58081e+07,9.06868e+06,8.65118e+06,,138800,1.41222e+06,158300,4.44633e+06,82410,180688,333857,462011,1.0209e+06,7.84429e+06,1.88507e+07,,7.68293e+06,378380,,,12069,,,20009,288271,,,,,,
107050104,7.51665e+08,14,个,0.9634,7.76176e+06,7.2416e+08,71433.7,1.91985e+07,,2080,,,249428,13500,608,504,5402,1902.18,154486,,,,,,,,,40612.5,4751.9,,,,,,,
108032102,7.49899e+08,10,千克,0.9491,7.11761e+08,2.89984e+07,1.30771e+06,2.6746e+06,,3.69068e+06,,,569435,703062,,,,21600,116630,,,55712,,,,,,,,,,,,,,
104020109,7.48237e+08,11,个,0.9802,568394,7.33389e+08,1.28579e+07,1.02655e+06,280312,,,,89878.6,,,,,196,,,,,227,,,,,319.46,22200,,2120,,,,,
109040305,7.4691e+08,9,个,0.9484,121285,7.0835e+08,267928,3.66086e+07,,24605,,51000,1.17022e+06,,,,8200,,308758,,,,,,,,,,,,,,,,,
109012905,7.42299e+08,14,个,0.7309,1.10556e+06,5.42582e+08,5.17506e+07,1.37553e+08,,6429.76,121600,3.14364e+06,2.12596e+06,60059.6,,,7354.06,78840,3.7627e+06,,,,25,,,,,1000,,,,,,,,
106051304,7.42298e+08,16,个,0.7963,1.31147e+08,5.91055e+08,3.02277e+06,5.06305e+06,,296157,,,13329.8,,18323.9,84654,,949949,3.70605e+06,,,492157,5.98726e+06,,,792.19,,1905.8,140.8,458922,,,,,,
102050501,7.40795e+08,12,千克,0.9581,7.09727e+08,3.49456e+06,642127,1518.17,,,,,2.46364e+07,10400,,630,,11420,51638,,,,,,,,,32243.2,,6992,2.17981e+06,,,,,
109060306,7.39873e+08,12,个,0.7331,,5.42423e+08,1.57969e+06,1.71155e+08,,161065,,1.96478e+07,1.33276e+06,1.47022e+06,,,149180,5950,1.9016e+06,,,,,,,,,108,47745,,,,,,,
104010604,7.34456e+08,17,个,0.4681,2.33246e+07,3.43795e+08,1.93217e+06,1.49768e+07,,3.08522e+08,,1.25314e+06,1.68714e+06,2.00861e+07,22351.2,99458.5,42700,575.99,1.63289e+07,,,23633.4,,,,,,1.67183e+06,686203,2597,,,,,,
105020206,7.31333e+08,11,个,0.8808,681021,6.44185e+08,364495,2.95524e+07,,5.53245e+07,,19596,378236,285345,,6796,,,534600,,,,,,,,,,,1364.5,,,,,,
108011401,7.2552e+08,18,个,0.8891,3.84727e+07,6.45093e+08,4.8157e+06,3.13683e+07,779477,133279,,,903356,17800,1.04279e+06,2.2272e+06,7500,3107.01,522878,,,,183,,,650,,125840,4365.05,2203.04,,,,,,
105010501,7.2439e+08,15,个,0.3517,2.8677e+06,2.5475e+08,2.88019e+07,1.56407e+08,,9.98339e+06,3.62614e+07,440955,4.1129e+07,1.44807e+08,,,840,,4.84906e+07,,,,,,,,,12888,114782,23314.4,300000,,,,,
109061908,7.23717e+08,19,个,0.8995,2.0174e+06,6.50979e+08,5.84134e+06,4.34278e+07,,11655,,,697222,1.3067e+07,175876,900,498717,77936.5,5.15152e+06,23400,,7400,,500,,1180,,1.71731e+06,9130,12502.5,,,,,,
109011205,7.23543e+08,9,个,0.9901,880344,7.16375e+08,322460,3.9014e+06,,121620,,215089,3730,,,,,,1.63212e+06,,,,,,,,,90500,,,,,,,,
104020107,7.22273e+08,10,个,0.9714,16211.6,7.01629e+08,4.07023e+06,1.56067e+07,27169.2,596066,,,29105,,49.9,,,,297800,,,,387,,,,,,,,,,,,,
201010000,7.22246e+08,24,千克,0.3978,2.87305e+08,1.79322e+08,5.96767e+07,1.31889e+07,106162,1.52399e+07,8.19981e+06,1.1424e+07,1.51282e+07,7.96823e+07,354325,140394,1.96106e+07,413859,1.41722e+07,240,,659459,205265,,1.02608e+07,156983,,354449,6.10236e+06,41667.3,500000,,,,,
105010503,7.17954e+08,11,个,0.7710,1.16967e+06,5.53549e+08,7.47307e+06,5.53995e+06,,1.8293e+06,7.88251e+07,9100,305139,6.70799e+07,,,,,2.00586e+06,,,,,,,,,167336,,,,,,,,
106050206,7.16626e+08,18,千克,0.6080,4.35675e+08,1.86651e+08,3.73961e+06,2.58675e+07,,1.86943e+06,105776,153961,4.67823e+07,569117,60083,56027,,10285,1.37787e+07,,,3800,3473,,,,,1.22885e+06,66325.8,4033,,,,,,
103010803,7.14065e+08,15,袋,0.4082,1.51224e+08,5.12566e+07,1.81113e+07,534366,,,,,8.8695e+06,,1.69847e+07,1.54247e+07,,249756,8.08656e+06,,,8971.6,2.91514e+08,6.93485e+06,,892730,,8569,,1.43964e+08,,,,,,
108010701,7.13732e+08,20,平方米,0.3849,2.36414e+08,1.96352e+07,1.41592e+07,5.3017e+06,,4.01202e+07,9.45309e+07,750,1.23844e+07,2.74729e+08,4092,41841.6,230,2280.03,1.62992e+07,,,93949,1874.5,,,,,35,11250,380.52,,,,,,780
109010504,7.11667e+08,15,个,0.9886,10258.8,7.03582e+08,5.4908e+06,1.53792e+06,,1857,,,52627.1,,387875,2940,2550,2331,577358,,,,110,,,,,2750,15310,600,,,,,,
108010404,7.10297e+08,19,UNKNOWN,0.7799,1.86268e+07,1.43479e+07,5.53979e+08,2.93716e+06,,6.23267e+07,2.95892e+07,111600,2.03135e+06,2.01861e+07,174792,661782,2239,22764.5,4.70376e+06,,,424501,10285.2,,,,,41399.3,2030,117608,,,,,,
108041101,7.09867e+08,18,千克,0.9182,6.51799e+08,1.61881e+07,5.23482e+06,414404,,2.59862e+06,2915,,6.95529e+06,1.4278e+07,22021.4,1.88804e+06,6450,7165.14,992421,,,103286,1498.96,,,,,66441,9.08298e+06,226092,,,,,,
108010899,7.06514e+08,19,平方米,0.4349,2.59188e+08,1.31073e+07,2.43188e+07,5.0471e+06,,3.56001e+07,1.66184e+06,103142,2.8365e+06,3.07288e+08,1016.25,15932,250,3009.87,9.96347e+06,,,1.21413e+07,14800,,,18121.5,,,2.494e+07,1.02649e+07,,,,,,
109012906,7.06196e+08,18,个,0.8915,1.763e+06,6.29593e+08,3.22825e+06,6.69222e+07,,637002,,1.24612e+06,1.3154e+06,61480,39625,727104,16652,31036.9,381021,,,1944,42000,,,,,8818.31,180860,900,,,,,,
101011503,7.04291e+08,18,千克,0.8059,5.6757e+08,3.5436e+07,2.58806e+07,91284.7,13800,,,,919217,,1.94765e+07,2.24878e+07,,121651,2.33016e+06,30000,,22043.6,2.47784e+07,574288,,3.18946e+06,,534.72,211.43,1.369e+06,,,,,,
109023102,7.02208e+08,17,千米,0.6705,2.50479e+07,1.00395e+08,566965,6.18447e+07,,4.7086e+08,,1.05132e+06,2.13583e+07,90000,2849,8.21164e+06,,60,3.98596e+06,,,2898,3416.3,,,,,189420,8.57774e+06,19688.7,,,,,,
106051202,7.01561e+08,21,个,0.7878,1.96811e+07,5.52719e+08,1.46716e+06,3.70944e+07,,6.54888e+06,13111.8,10520,8.88812e+06,365650,3.86045e+06,1.72324e+07,2040.7,299417,6.16093e+06,,,3.60379e+06,304685,12,,8592.3,,24185.6,22023.2,4.32546e+07,,,,,,
102050514,7.00955e+08,8,千克,0.9998,7.00799e+08,88937.4,48770.5,,,,,,2658.86,,,,,2758,,,,1657,10815.9,,,,,,,212.92,,,,,,
101020402,7.00404e+08,18,千克,0.9829,6.88437e+08,2.29531e+06,1.85271e+06,412228,,91269.6,1.46759e+06,,689141,1.12426e+06,19263.8,312932,,292346,114038,,,2.40822e+06,5917.42,,,13799.5,,255,736645,131004,,,,,,
109062799,6.98835e+08,24,个,0.8463,1.90267e+06,5.91409e+08,1.31427e+07,4.72648e+07,,846995,1.84532e+06,2.87771e+06,3.06804e+06,174679,1.3641e+06,3.50156e+06,191212,1.15005e+06,1.83602e+07,2.13452e+06,,532816,1.60835e+06,79757.8,12390,,,44960.4,6.4904e+06,820814,,,6375.5,5460,,
109012704,6.9611e+08,19,个,0.4543,2.5084e+07,3.1626e+08,5.73639e+06,3.04671e+08,,2.19084e+06,,1.3048e+06,4.05544e+06,6.02064e+06,13947,3600,1.11228e+07,87426.4,1.76492e+07,445394,,113180,36120,,,,,1.2447e+06,60253,10140,,,,,,
303020100,6.87034e+08,11,月,0.3061,,3.03301e+07,1.94395e+08,92000,,,,7.10048e+07,5.8875e+06,,,,1.29995e+08,,3.25194e+06,2.10294e+08,,,,,18293.2,,,,,,4.15939e+07,,171338,,,
104019905,6.86242e+08,14,千米,0.8875,2.33361e+07,4.06737e+07,790502,522691,,6.09063e+08,,,1.14827e+07,81300,,4945,1000,,271607,,,,,1770,,,,5100,7863.93,480,,,,,,
109051001,6.83429e+08,19,个,0.5723,65166.2,3.91119e+08,5.08512e+07,2.15561e+08,,729314,,3.59697e+06,2.21451e+06,29144,6448.5,467314,997438,,1.6813e+07,885482,,310.94,,2100,21300,,,6153.54,62485,480,,,,,,
108010703,6.82014e+08,14,平方米,0.7902,5.06755e+07,6.88099e+06,1.30974e+07,1.2313e+07,,2.44149e+07,1.27501e+07,58745,1.35772e+07,5.38928e+08,22487,218331,,,9.00909e+06,,,,68875.3,,,,,,,80,,,,,,
103020301,6.79512e+08,19,批,0.1866,1.10179e+08,1.18518e+08,1.3039e+07,488783,,,,,5.20734e+07,166155,3.3022e+07,8.06306e+07,40,401445,1.26821e+08,,,1.57729e+06,1.02696e+08,1.0488e+06,,3.52068e+06,,,76305.9,3.44386e+07,3287.1,810918,,,,
107050801,6.79494e+08,18,副,0.5055,8.4785e+06,2.59983e+08,348247,1.08092e+06,,1.39612e+06,,707.65,2.11336e+07,256944,7.60569e+06,1.86509e+07,3718.4,17821.1,3.03517e+06,,,120979,769600,,,,,3.43479e+08,1.09073e+06,1.20428e+07,,,,,,
108032001,6.79345e+08,11,千克,0.8768,5.95673e+08,3.08264e+06,2605.8,98000,,4.6001e+06,,,6.94925e+07,61782,34979,,,101054,,,,,,,,,,,6.18138e+06,16569.5,,,,,,
104011004,6.79207e+08,21,千米,0.4591,2.7728e+08,2.60213e+07,8862.1,174265,1.32277e+06,3.11821e+08,40357.1,,1.14282e+07,3.47358e+07,28443.8,148179,6000,109230,65046,,,778592,9558.43,3900,,7.95625e+06,,466347,6.79914e+06,3894.51,,,,,,
104020103,6.77575e+08,9,个,0.7867,286348,5.33071e+08,2.72006e+07,1.1652e+08,,64295.4,,,41468.5,,,,,,378166,,,,45.82,,,,,,,12328.2,,,,,,
109060511,6.77004e+08,23,个,0.5403,356080,3.65787e+08,2.22793e+06,1.94455e+08,,434054,4.20256e+06,198676,1.93039e+06,10972.2,9.65704e+06,991952,5.16268e+06,2.59177e+07,1.64219e+06,,,2.92495e+06,355924,33710,1919,5411,,33995.7,56823.2,6.05824e+07,34400,,,,,
109060607,6.75099e+08,19,个,0.5000,1.34168e+06,3.37574e+08,5.96374e+06,2.3866e+08,,420602,348906,343088,1.17079e+07,13200,357942,43090.5,277834,588315,2.91406e+06,,,73176,26666,,,,,7.42952e+07,90006.9,59043.9,,,,,,
107021409,6.74867e+08,18,千克,0.5550,3.74523e+08,3.99922e+07,1.17811e+06,1.0525e+06,,,8.56278e+06,3.91799e+06,1.99719e+07,71346.1,462471,2.9274e+06,46242.6,8.68534e+06,3.9241e+06,,,1.53145e+08,1.06562e+06,,,4.89481e+06,,144,,5.04463e+07,,,,,,
101030399,6.73648e+08,13,千克,0.8640,5.82059e+08,1.44473e+07,6.39716e+06,2.5945e+06,17228.4,,,,6.18574e+07,,2.64759e+06,232707,,113677,1.42268e+06,,,,550866,91841.2,,,,,,1.21609e+06,,,,,,
109025306,6.72621e+08,23,个,0.4654,5.91316e+07,3.13032e+08,1.51685e+07,1.87936e+08,,4.96929e+07,519902,5.87072e+06,1.41741e+07,2.86446e+06,6785,33327.5,342963,918382,1.39087e+07,55400,,87428.5,46779.2,3400,524.5,1447.16,,3.17612e+06,5.60375e+06,45598.1,,,,,,
104030599,6.70818e+08,18,个,0.7561,1.73806e+07,5.07186e+08,2.63828e+06,2.83669e+07,,4.8901e+07,,,4.62889e+06,6.04057e+07,154765,18606.1,1768,7352.24,266383,,,51536.6,431,,,,,499411,179525,5060.12,,,,,,124880
109011301,6.69317e+08,20,个,0.8703,116060,5.8252e+08,5.26972e+06,9.97009e+06,,53628.3,24268.5,496384,7.38864e+06,72504,900,4410,803138,71684.1,5.62584e+07,3.09976e+06,,397705,230,,,,,2.72628e+06,37970,5245.32,,,,,,
108020401,6.6816e+08,17,千克,0.7079,4.72984e+08,1.12495e+08,556924,1.69106e+07,100928,5.65903e+07,48649.6,890,2.49556e+06,5.38983e+06,8933,7320,1315,,507390,,,,,,,,,21066.9,39432,2071.8,,,,,,
109013402,6.67699e+08,19,个,0.5321,1.2901e+07,3.5531e+08,1.11077e+07,2.55382e+08,,4.11036e+06,1200,8.66082e+06,8.22743e+06,268600,160,13476,181590,7668.2,1.06535e+07,,,260,,,,52584,,30371.6,48344,741640,,,,,,
103020206,6.66505e+08,15,个,0.5962,1.0725e+08,3.97392e+08,1.98366e+06,24896.5,,,,,1.35426e+06,,8.22802e+06,1.32016e+07,,2.13686e+07,13.11,,,293940,6.65351e+07,24045.4,,4.16167e+07,,,17.28,7.23251e+06,,,,,,
109011502,6.65738e+08,10,个,0.9950,54147.6,6.62408e+08,400000,2.46383e+06,,24902,,,20070,129888,,,960,,232100,,,3600,,,,,,,,,,,,,,
107060105,6.62133e+08,20,千克,0.5385,3.56541e+08,1.624e+08,4.4129e+06,1.73011e+07,,8.8808e+07,722902,5250.15,1.43205e+07,6.29256e+06,207002,1.33031e+06,10401.4,174825,3.07467e+06,,,130,61763.1,137.59,,,,49105.2,5.50528e+06,915467,,,,,,
105010404,6.55775e+08,20,个,0.5531,3.27056e+07,3.62696e+08,2.04115e+06,1.16003e+07,,3.22867e+06,1.16384e+08,706156,1.14079e+07,1.08178e+08,19400.6,90158,1180,,6.16697e+06,,,1725,12,,,99,,184964,181819,6278.4,,,,175234,,
107030108,6.55627e+08,9,千克,0.9782,6.41363e+08,832358,38875,,,,,,1.11166e+06,,1.69239e+06,,,1.03898e+07,198000,,,,80,,,,,,,700,,,,,,
109051004,6.48945e+08,12,个,0.9023,,5.85559e+08,3.86539e+06,5.829e+07,,1800,,284215,214420,,1140,39055.2,3426.4,,474380,,,,,63050,,,,,,149486,,,,,,
108012902,6.47891e+08,19,千克,0.8313,5.38565e+08,8.86159e+07,461578,178196,,866487,4650,,3.24745e+06,966338,95221.8,2.17813e+06,229.03,472994,3.17845e+06,,,7.317e+06,200219,,,127.6,,2085,841306,699387,,,,,,
106040804,6.47263e+08,17,个,0.8861,477098,5.7355e+08,3.65506e+06,6.56008e+07,,41623,,320000,1.98561e+06,340579,59728.6,1212,,1200,458779,18000,,,59.88,329803,,,,411210,,13098,,,,,,
104010201,6.45649e+08,16,千克,0.9107,5.8797e+08,3.56528e+07,763580,1.42538e+06,,1.4811e+07,160200,,4.77371e+06,,17468,5347.1,,4160.5,,,,259.6,4828.6,,,5308.09,,41757.8,2900.56,10064.1,,,,,,
109060608,6.39052e+08,19,个,0.5951,2.19782e+06,3.80313e+08,3.40679e+06,2.25783e+08,,1.59687e+06,49812,6.62394e+06,3.21434e+06,30000,645854,425994,285202,197782,3.66616e+06,,,32280.5,218546,,,,,9.97143e+06,21275,371872,,,,,,
109012606,6.38825e+08,10,个,0.7226,1.02662e+08,4.61646e+08,194152,6.30678e+07,,2730,,5.80484e+06,4.74022e+06,,,,,365,702918,,,,,,,,,,3150.02,,,,,,,
108041899,6.34426e+08,17,个,0.8199,5.81926e+07,5.20176e+08,745262,3.8938e+07,,125402,,309516,8.64731e+06,213278,,244310,64998,2254,6.43179e+06,,,33575,,,,226044,,74485.4,478.93,90,,,,,,
101040200,6.34283e+08,13,千克,0.8919,5.65712e+08,8.95638e+06,1.32611e+07,990116,,,201530,,4.34672e+06,,6.1946e+06,9.61785e+06,,70671.3,2.31228e+07,,,,1.50108e+06,13129.3,,,,,,295078,,,,,,
109012500,6.29377e+08,19,个,0.7839,2.06524e+07,4.93379e+08,2.23518e+06,9.45611e+07,,6.00785e+06,28244.7,214515,4.57135e+06,645770,323619,120263,123414,27765.4,2.47806e+06,,,5917.6,376909,,,,,264033,2.85803e+06,503512,,,,,,
107022002,6.28439e+08,11,千克,0.7392,4.64549e+08,400157,47537.5,,,,,,16536,,1.61582e+08,903594,,65658.5,,,,616530,21649.9,,,,,,66.65,236054,,,,,,
108031203,6.21373e+08,10,千克,0.8798,5.46688e+08,6.22295e+07,44679.9,8.44729e+06,,,,,300311,,10345.4,20988,,1300,3.62945e+06,,,,,,,,,1460,,,,,,,,
108011103,6.20815e+08,15,个,0.9842,72660,6.11009e+08,1.03417e+06,6.88257e+06,,495114,,,439897,29174,605.3,10000,13469,12565,765622,,,,,,,,,42434.2,3500,4829.96,,,,,,
109011602,6.16924e+08,20,个,0.4971,1.30185e+07,3.06652e+08,2.59701e+06,1.92835e+08,,7.31003e+06,164415,1.01441e+06,6.32547e+07,7.34036e+06,1200,42332.4,8052.52,1620.6,2.15531e+07,585100,,490,5010.7,,,,,514882,23120,2728,,,,,,
109040905,6.14035e+08,16,个,0.6673,4.47563e+06,4.09725e+08,1.01109e+06,1.43704e+08,,4.32055e+07,,78142.9,5.91721e+06,178.46,9391.01,925991,600,,4.65565e+06,,,,4158,,,,,82,284623,37608.7,,,,,,
301010102,6.13912e+08,20,UNKNOWN,0.4755,1.10982e+08,5.83487e+07,2.91905e+08,841488,,9.84375e+06,1.37001e+07,7.05276e+06,4.14673e+07,,848444,1.33893e+06,1.64104e+07,25314,1.18795e+07,1.22357e+07,,41100,,,30000,,,,,7040,9.96553e+06,4.34107e+06,,,,2.26477e+07
109013203,6.12547e+08,20,个,0.8302,3.85815e+07,5.0856e+08,2.83828e+06,5.33942e+07,,398443,7513.35,17020.2,651550,,118650,58050.5,29935.4,50269.3,2.52164e+06,,,220413,2304.55,4846.35,780,,,4.77685e+06,126116,189099,,,,,,
101049900,6.08445e+08,16,千克,0.6288,3.82576e+08,5.01336e+07,1.45675e+07,2.55769e+07,,,,,1.82871e+06,,1.54926e+07,1.77996e+07,23,1.26483e+06,8.11711e+07,,,72963.8,4.68381e+06,1.18695e+07,,1344,,,555.24,1.40572e+06,,,,,,
107030210,6.07527e+08,13,个,0.7338,3.23899e+06,4.45784e+08,405006,53987.7,,,,,2.35699e+07,,1.16762e+08,118510,,1.49294e+07,,,,14058.8,2.61706e+06,,,,,3490.92,1.3,30099,,,,,,
109012907,6.06115e+08,18,个,0.8163,2.42868e+07,4.94761e+08,1.01792e+06,6.62948e+07,,192104,316568,7.88538e+06,5.76196e+06,317495,123850,8603,172925,20478.7,2.18862e+06,,,2.57154e+06,3762,,,,,188213,,2800,,,,,,
304020102,6.05739e+08,4,UNKNOWN,0.9959,,,6.03241e+08,758819,,,,338204,,,,,1.4007e+06,,,,,,,,,,,,,,,,,,,
108040303,6.04943e+08,18,个,0.8218,1.47138e+07,4.97132e+08,8.50415e+06,2.51685e+07,,1.85909e+07,,14917,1.14684e+07,1211.52,7.1355e+06,974879,52425,188504,1.41136e+07,,,147556,3335,,,,,6.19559e+06,225680,312365,,,,,,
103020901,6.03874e+08,18,个,0.7815,1.15975e+06,4.71944e+08,2.72448e+06,125086,,4243.83,4002.3,,1.2871e+07,,3.19911e+07,5.05336e+07,,1.89517e+06,3.89068e+06,,,1.41818e+07,8.74071e+06,94438.6,,2308.88,,1923.43,31494,3.67876e+06,,,,,,
109060310,6.02294e+08,12,套,0.4632,5.83356e+06,2.58161e+08,3.34761e+07,2.78989e+08,,1.46788e+06,,2.88005e+06,1.77668e+07,,,,,,3.60434e+06,,,1800,,,,,,74671.8,21361.9,16630,,,,,,
109042203,6.02096e+08,13,个,0.4343,1.98419e+07,2.61509e+08,4.06241e+07,1.02719e+08,,152074,201780,342466,1.42552e+08,2.82294e+07,,9300,51200,,5.85365e+06,,,10000,,,,,,,,,,,,,,
103030302,6.01678e+08,15,箱,0.6411,159129,1.23283e+08,1.16526e+06,6.2722e+06,,,971.22,,8.06602e+06,,1.2465e+06,3.8572e+08,,4.14321e+07,2.75966e+06,,,1.80306e+07,142001,,,1.18712e+07,,,640,1.52856e+06,,,,,,
109030802,6.01372e+08,12,个,0.9562,5.38168e+06,5.75003e+08,1.54943e+07,4.18912e+06,,4500,,,455280,,,67719.2,,1095,425248,12600,,330962,,,,,,7020,,,,,,,,
109050804,6.00739e+08,15,个,0.6913,990542,4.1532e+08,2.23186e+06,2.91358e+07,,4.22151e+06,,540842,1.25779e+08,,53245,41560,681499,,2.14245e+07,,,,1010.12,,,,,213189,82580,21380,,,,,,
106040606,5.9751e+08,19,个,0.9578,2.10821e+06,5.72304e+08,2.54608e+06,1.19092e+06,,150793,,,4.687e+06,54540,373901,90393.4,7440.5,9192.3,6.57628e+06,6318.38,,4046.98,20980.4,,,479.77,,6.56604e+06,93450.7,719736,,,,,,
109050402,5.96895e+08,12,套,0.5798,,1.82701e+08,1.07516e+07,3.46091e+08,,4.57614e+06,,56250,2.3498e+06,,,,,,5.03064e+07,2000,,,,,16398.1,,,43305,540,60,,,,,,
304020203,5.96859e+08,14,UNKNOWN,0.6241,,2.81156e+07,3.72527e+08,2.123e+07,,,91800,8.42648e+07,6.42021e+06,5240.7,,,5.6394e+07,,3.71749e+06,7.72771e+06,,,,,867695,,,,800,,1.5346e+07,,150000,,,
109025311,5.95268e+08,20,个,0.7848,6.61712e+06,4.67149e+08,4.46371e+06,7.75921e+07,,1.98048e+06,752449,223363,4.49541e+06,2.08174e+07,14109,40122.9,31811,46966.1,1.05414e+07,105642,,12315,52073,,,,,13741,105571,213431,,,,,,
104011307,5.95076e+08,22,个,0.7892,835424,4.69627e+08,1.16656e+06,1.69726e+06,,17854.7,42000,,4.7264e+07,98880,1.21231e+06,1.19559e+06,1315.2,19859,5.2555e+06,,,4652.75,156219,4637.2,,160,,6.35362e+07,95629.8,2.83464e+06,,544.3,,,9704.5,
108010702,5.94711e+08,21,个,0.3542,9.81739e+07,2.10673e+08,8.68931e+06,1.03059e+07,,2.9973e+07,1.39354e+07,3.13033e+07,5.71695e+07,9.89357e+07,7843,11917.9,81,1501,5.13873e+06,,,65362.1,90130.7,,,32,,,3155.2,31209,3.01768e+07,,,,,25098.9
109020909,5.94295e+08,21,个,0.7743,1.6682e+07,4.60192e+08,1.92007e+06,9.94689e+07,15062.1,3.56053e+06,640000,37890,2.06512e+06,11414,18103.7,259063,115299,386574,6.85055e+06,,,518750,227820,,,,,1.0344e+06,53610.2,12323,,225600,,,,
108041901,5.94278e+08,14,个,0.8628,2.62152e+07,5.12751e+08,1.61279e+06,4.3717e+07,,1.73778e+06,5160,19512.4,2.10633e+06,3.26014e+06,5788,,2486,,2.71912e+06,,,,,,,,,72100,52835,,,,,,,
109012102,5.93133e+08,21,套,0.6723,1.68439e+06,1.64926e+08,1.15532e+06,3.98779e+08,,473487,400,1.66973e+07,792819,,215656,14259.6,411550,9412,6.61589e+06,7200,,658241,2519,,,1324,,78519.8,588684,11867.6,9692.6,,,,,
109051399,5.92955e+08,15,个,0.4733,,2.80648e+08,2.66581e+07,2.65129e+08,,732362,,6.37975e+06,760293,4.24682e+06,560,576151,899174,,6.65077e+06,7100,,,,,,,,10310,53500,,202500,,,,,
102050900,5.92402e+08,16,千克,0.8503,5.03745e+08,8.66156e+07,76471.5,100104,,1.00098e+06,,,53764.8,577100,11265.9,10904.4,20,23241,,,,181462,200,,,,,2461.8,860,2721.67,,,,,,
109011003,5.9119e+08,16,个,0.6687,5.70809e+06,3.95352e+08,35054.9,1.10386e+08,,188405,,7.90182e+07,101191,,244,13749.1,500,1068,2188,,,13815,,,,,,364913,2460,2591.76,,,,,,
106050702,5.90054e+08,21,平方米,0.5265,5.80423e+07,1.20174e+08,6.76101e+06,5.94284e+07,149468,1.28732e+06,2.12455e+06,508942,3.44292e+06,3.10654e+08,737.6,333227,4904.4,9431.76,2.5595e+07,,,11158.7,,8999.95,,,,115031,1.37819e+06,16833,,,,,,7000
109024904,5.88077e+08,17,平方米,0.5131,2.97576e+07,6.22408e+07,2.33632e+06,3.18439e+07,,1.47653e+08,463970,128800,9.43284e+06,3.01758e+08,35889.8,,3797.9,1757.6,76431.6,,,,42,,,,,2.26369e+06,65935,14242,,,,,,
109042404,5.85828e+08,17,个,0.6667,3.18501e+06,3.90559e+08,1.10085e+07,1.15407e+08,,1.05713e+06,,357720,4.68222e+07,269740,2696.9,16276.5,7718.6,3028,1.67983e+07,,,7680,,,,,,297715,21208.7,7081.04,,,,,,
103010899,5.79862e+08,15,千克,0.6560,3.80364e+08,3.66546e+07,1.08367e+07,1.71639e+06,,,,,1.28027e+07,,2.75022e+07,1.22971e+07,,725579,872178,,,20203.2,5.95751e+07,5.99389e+06,,2.0198e+06,,,,2.84718e+07,,9723.46,,,,
102050401,5.77799e+08,21,千克,0.8636,4.99008e+08,4.4382e+07,1.20923e+07,725778,,100779,8.08947e+06,,1.26543e+06,1.5904e+06,34447.6,2.93513e+06,229798,49952,633745,,,319451,4.72032e+06,104.54,,11878,,1.05563e+06,94141.7,425524,,,,,,34500
102050201,5.77332e+08,15,千克,0.8858,5.11392e+08,1.56737e+06,608597,384779,,1.5512e+06,8.17971e+06,5038.6,460629,5.13287e+07,,5600,2300,219.6,1.83999e+06,,,6230,,,,,,290,,,,,,,,
109060702,5.76964e+08,17,套,0.6388,106724,1.82777e+08,3.35171e+06,3.68568e+08,,802323,,591759,5.07589e+06,,8.76532e+06,1200,1.59862e+06,2.53757e+06,2.26096e+06,,,1540,,,,643.5,,,9000,506992,,,,,,9000
301050202,5.7556e+08,17,千克,0.5072,2.9191e+08,1.17298e+07,1.88981e+08,1.53851e+06,,553029,4.24289e+06,524906,1.36225e+07,,,9.94663e+06,1.50511e+07,89140,1.12968e+07,174625,,,,,,,,,,,1600,1.06594e+07,,,192911,1.50453e+07
105010901,5.75321e+08,18,立方米,0.7386,1.64544e+07,5.49363e+07,1.52919e+06,2.23146e+06,,2.72363e+06,4.2493e+08,109500,1.74964e+07,5.36551e+07,3714.9,83943.6,,1298.8,427837,,,644063,826.1,,,,,86559.2,6172.47,573.17,,,,,,
102040202,5.75228e+08,6,千克,0.9977,5.73882e+08,167358,56725.2,94,,,,,1.12193e+06,,20,,,,,,,,,,,,,,,,,,,,,
108040702,5.7492e+08,18,个,0.8253,1.50457e+07,4.74464e+08,5.54768e+06,4.32419e+07,,578223,,,2.88454e+07,,2.53751e+06,702315,2626,7403,3.26461e+06,,,199254,10129.4,,,101874,,201778,115309,53792.7,,,,180,,
105020204,5.74448e+08,20,个,0.3808,2.12158e+08,2.18743e+08,3.83338e+06,9.57394e+07,,9.06412e+06,43533.3,187628,1.01636e+07,7.60085e+06,306047,181959,15335,64220.8,1.41097e+07,,,473819,13282.5,,,619.26,,1.63175e+06,57899.6,59966.1,,,,,,
109011601,5.71687e+08,12,套,0.7345,19565.3,7.06618e+07,5.73827e+07,4.19879e+08,,241296,214314,3.19604e+06,8.25784e+06,1.96612e+06,,,1.5103e+06,,8.25774e+06,100000,,,,,,,,,,,,,,,,
109051902,5.7089e+08,14,个,0.9040,1.69131e+07,5.16082e+08,118422,1.27579e+07,,646290,,,1.75871e+07,24000,2565,6.63112e+06,,,15865.1,,,14300,,,,,,6330,90064.8,225,,,,,,
107020111,5.69755e+08,14,千克,0.9943,5.665e+08,18997.6,340635,1695,,41792.4,17024,,25262.4,,,,,1.12622e+06,,,,374084,51756.4,58.4,,44880,,,135,1.21239e+06,,,,,,
103020505,5.67674e+08,14,千克,0.6426,3.64778e+08,1.51016e+07,2.10881e+06,80209.1,,,,,1.45502e+06,,756071,7.7961e+07,,5.87088e+07,729279,,,80871.9,1.4502e+06,,,4.41202e+07,,,,342975,,539.74,,,,
107020203,5.67627e+08,11,千克,0.9844,5.58794e+08,9195.4,1.6623e+06,,,,32010,,250839,,3525,3320,,5.01694e+06,,,,1.84563e+06,,,,1100,,,,7400,,,,,,
107021904,5.66555e+08,19,个,0.3173,7.07876e+07,1.79784e+08,480910,3.42168e+07,,1.54579e+08,3.53942e+07,148480,7.02038e+07,1.23103e+07,993718,500836,374196,1952,5.65262e+06,111120,,622963,244654,,,,,,41514.1,105782,,,,,,
109060201,5.66259e+08,20,个,0.7360,1.68145e+06,4.16781e+08,1.60274e+06,1.29489e+08,2700,1.085e+07,,30872,2.09498e+06,,131937,250367,2545,7200.5,2.56178e+06,,,62839,220,1040,,,,2204.5,296801,409508,,33.64,,,,
109041101,5.62448e+08,19,个,0.7632,3.98471e+07,4.29276e+08,412714,4.11823e+07,59260,4.08881e+06,,13500,1.22166e+07,86481.5,948,14577,2908,23.4,3.33045e+07,,,460,100957,,,,,1.54842e+06,266102,25612.8,,,,,,
106040899,5.58305e+08,16,个,0.8016,4.26419e+06,4.47532e+08,3.60056e+07,4.88782e+07,,,,445300,263529,28399.2,7.10771e+06,92609.8,,1651.24,2.64847e+06,16449.4,,4900.87,477769,,,,,7.53072e+06,,3.00784e+06,,,,,,
109062602,5.57057e+08,15,个,0.9494,,5.28868e+08,1.38379e+06,2.29696e+07,,5072,2.45689e+06,,306609,,27908.5,132796,2408,84,887600,12490,,,350,,,,,,2596,480,,,,,,
104011401,5.56814e+08,14,个,0.9893,863077,5.50868e+08,726724,867133,,1.92344e+06,,,589399,236700,5769.04,,,,627273,,,,1134,,2409,,,52605.9,9723.82,40436.2,,,,,,
109061601,5.56364e+08,15,个,0.8829,3.09909e+06,4.91228e+08,2.16399e+06,5.68725e+07,,69300.6,,,1.67948e+06,187136,17426,,2200,4580,483761,,,,,,,34430,,171,170723,351061,,,,,,
108012102,5.54913e+08,17,个,0.8999,1.60813e+06,4.99383e+08,1.38307e+06,2.67823e+07,,37256,,73271,939656,179481,9120.26,1.9397e+07,2681,5664.27,4.98397e+06,,,3168,20480.3,,,,,56174.8,,48803.6,,,,,,
109024611,5.5454e+08,18,个,0.4670,160968,2.58985e+08,5.52837e+07,2.34767e+08,,117145,57610,,11500,15656,214727,,316282,31540,73795,,,732611,399961,509380,,,,2.05304e+06,39572,771338,,,,,,
304080202,5.53558e+08,14,UNKNOWN,0.3274,4.45124e+07,1.56421e+06,1.81236e+08,44188.1,,,,2.92625e+07,2.84631e+06,,,396490,3.00072e+07,,7.34426e+07,1.42361e+07,,,,7.15958e+06,3.21957e+07,,,,,,,1.35923e+08,,,731212,
109060101,5.52308e+08,19,个,0.7414,737991,4.09508e+08,4.61338e+06,1.25168e+08,,1.20326e+06,33991.8,166918,6.03751e+06,,1206,17468,21993,95888,4.08012e+06,180000,,35734,585,,,,,126113,14449,265931,,,,,,
109040402,5.51073e+08,16,个,0.9649,4.36622e+06,5.31703e+08,1.56953e+06,9.07382e+06,,521384,370400,35544,1.98346e+06,,,849700,2126,12500,520813,,,23000,,,,,,500,37635.9,3465,,,,,,
107021602,5.50505e+08,13,千克,0.9962,5.48417e+08,383570,47981.6,,,,184994,,108935,,27920.3,2651,628,107454,,,,1.21981e+06,44.74,,,,,,35,4671.07,,,,,,
110010300,5.49962e+08,17,平方米,0.8803,100832,452124,5.72296e+06,89760,7.23058e+06,2142.8,2.70916e+07,,75651.9,4.84132e+08,,4675,596467,30258,2820,2.43935e+07,,,,,,260,,,,5600,30909.2,,,,,
304040704,5.4841e+08,19,千克,0.6471,3.54876e+08,1.21383e+06,1.01084e+08,29227.5,,,4.30608e+07,777869,2.73524e+06,1.31095e+07,2199.17,10588.8,2.51736e+06,34735.3,3.51487e+06,2.28724e+07,,,,7674.25,129700,,,,,5627.42,601159,1.82782e+06,,,,
103011203,5.47705e+08,19,千克,0.8682,4.75526e+08,1.56469e+07,1.0462e+06,2.93729e+06,,3832.4,45530,,447178,,454562,3.85708e+07,1236,184396,10698.9,,,662518,9.98031e+06,,,2522.24,,3300,450,2.17832e+06,,,,2105,,
109022703,5.47263e+08,18,千克,0.9161,5.01322e+08,3.91726e+07,276775,1.94973e+06,,217760,632,,817741,6665,25743.6,21630,,25068.7,1.08839e+06,,,52801,5584.2,,,9000,,2.15665e+06,77268.8,36958.4,,,,,,
109060506,5.46454e+08,18,套,0.5692,2.45687e+06,2.08316e+08,893101,3.11024e+08,,61856,24550,443444,1.06398e+07,,3.15293e+06,119768,231767,2.45005e+06,2.48068e+06,,,10400,139590,,,1500,,,23449,3.9842e+06,,,,,,
107021508,5.44587e+08,10,千克,0.9995,5.4431e+08,23178.5,368.9,,,,,,18573.2,,24.8,296,,34037.1,4742,,,153750,,,,,,,41954.1,,,,,,,
106040702,5.40467e+08,10,个,0.9777,30,5.28393e+08,2.59914e+06,5.61443e+06,,3135.63,,,25463,,,1705,33500,,3.79143e+06,,,,,,,,,,,4935.6,,,,,,
109041305,5.4021e+08,17,个,0.7907,1.71998e+06,4.27127e+08,3.81683e+06,2.92992e+07,,,,20100,4.37674e+07,,628900,1.20552e+06,1605,21820,744616,,,7517,25,,,,3.1843e+07,298,5315,1262.73,,,,,,
101011601,5.35425e+08,20,个,0.3938,1.94137e+08,2.1083e+08,2.98487e+06,3.24643e+07,,10076,,,2.95974e+07,461.32,2.79412e+07,548790,,1.84401e+06,6.64861e+06,308.59,,185819,1.15305e+07,3.73978e+06,1775.05,1.0407e+07,,3912.62,7068,2.54175e+06,,,,,,
107060113,5.34183e+08,13,个,0.5357,1.24053e+08,2.86172e+08,33878.8,1.37628e+07,,387592,,,414267,302091,1.26841e+07,9.37378e+07,,,937122,,,,5175.48,,,,,,1.51548e+06,177831,,,,,,
107030411,5.34002e+08,6,盒,0.9384,,2461.24,79432.7,,,,,,2.30338e+06,,5.01086e+08,6850.8,,3.05241e+07,,,,,,,,,,,,,,,,,,
106040803,5.31945e+08,16,个,0.8796,3.15296e+07,4.67889e+08,608227,2.50918e+07,,12625,,,3.20091e+06,13912.5,21803.6,,,55370.6,3.18352e+06,,,4739.83,94.8,3849.5,,,,100024,470,228780,,,,,,
109022201,5.30286e+08,19,个,0.7866,5.71317e+07,4.17142e+08,32617.8,4.45792e+07,,382503,16617,,590413,210345,1.53125e+06,1920,116660,70996,2.56848e+06,,,1.6835e+06,105,,,,3.32705e+06,73240,814776,12590,,,,,,
108011900,5.29101e+08,19,个,0.3919,4.24746e+07,2.07333e+08,444447,5.93388e+06,,9.08021e+07,10200,15657.5,1.72708e+08,1.31912e+06,793317,497454,10831,5.21318e+06,964578,,,31418,,49404,,,,399922,97008,2533.27,,,,,,
109020408,5.26019e+08,19,套,0.4231,2.30012e+07,2.21489e+08,955084,2.22572e+08,,1.02577e+07,430364,124306,6.07826e+06,2.48987e+07,85,8830,113920,620,1.26765e+07,,,15746.4,18205,,,,,3.19801e+06,129874,50249,,,,,,
109041499,5.23593e+08,19,个,0.5428,1.24191e+06,2.84203e+08,2.23473e+07,1.90374e+08,,757831,,3.23647e+06,1.47685e+06,1.84285e+06,3567.07,2563.63,19060,1.33266e+06,1.67306e+07,16741.8,,6061.68,,351,,740,,668,,160,,,,,,
109024903,5.22755e+08,15,个,0.3896,7.52524e+07,2.03678e+08,2.93905e+07,1.99905e+08,,68129.8,,670680,6.10772e+06,,,2579,,,6.45344e+06,269583,,,1641.84,,,,,48000,3195.43,9251.4,,,,,,894514
108031402,5.21545e+08,15,千克,0.5571,2.90571e+08,2.16439e+08,831287,1.38806e+06,,2.2598e+06,,,192440,3.57481e+06,505684,,40,1980,4.99943e+06,,,1000,19248,,,,,759074,1675,,,,,,,
109011214,5.1825e+08,22,个,0.6765,1.14212e+07,3.50621e+08,6.77698e+06,1.07286e+08,,1.65324e+07,8090,4.24031e+06,1.40059e+07,758520,19668,141023,249895,250,2.17908e+06,584220,,71637.1,4368,23240,,,,3.03518e+06,225955,46814.8,,,,,,18000
109020701,5.17722e+08,14,个,0.6319,2.82131e+07,3.27127e+08,2.40035e+06,1.36068e+08,,127785,1.02599e+07,1.06247e+06,6.35554e+06,72000,54000,,,,5.91429e+06,,,,5700,,,,,16053.7,46475,,,,,,,
103010905,5.16923e+08,16,千克,0.8776,4.53638e+08,3.13713e+07,580853,12133,,,,,1.06879e+06,,4.25549e+06,4.03997e+06,,701375,122837,,,276089,6.24896e+06,3.63383e+06,,1.1486e+06,,50,,9.81134e+06,,13328.7,,,,
109060205,5.16532e+08,19,个,0.8072,1.12752e+06,4.16955e+08,3.64746e+06,7.74192e+07,,189111,,11450,3.10312e+06,74363.9,75652.5,335800,100,334.8,1.35139e+07,,,,349,,680,,,10531.6,36146.1,14784.1,,,,,,17000
109061801,5.1646e+08,7,个,0.9967,126.15,5.14769e+08,952850,720506,,,,,16671.3,,56,,,,,,,,,,,,,,,778.8,,,,,,
107020307,5.16327e+08,17,千克,0.8716,4.50008e+08,1.42982e+07,186118,255985,,9580,9.81352e+06,,506465,260857,31201,32160,,394071,12161,,,1.07544e+06,8850,,,3.94317e+07,,,2560,88.07,,,,,,
109023199,5.16115e+08,19,套,0.5984,3.88203e+06,1.74552e+08,2.3299e+06,3.08866e+08,,1.06376e+06,86805,581262,1.50317e+07,135492,22017.1,100730,94921.4,22425,9.04171e+06,6000,,207188,,,,,,59766.5,25633.5,6422.99,,,,,,
109041599,5.14295e+08,14,个,0.7441,2.05923e+06,3.82703e+08,5.00681e+07,7.75015e+07,,4000,,1.20805e+06,52000,68762.5,256142,135,13843.4,107282,252075,,,,,,,,,460,,,,,,,,
109051504,5.13859e+08,6,个,0.9687,,4.97797e+08,1.68634e+06,4.67773e+06,,169900,,,9.47017e+06,,,,,,57673,,,,,,,,,,,,,,,,,
108031404,5.129e+08,11,个,0.6164,1.84186e+08,3.16132e+08,682509,272514,,332677,,,690829,1.6767e+06,1110,56620,,14552,,,,,,,,,,,8.85413e+06,,,,,,,
109040301,5.1165e+08,13,个,0.9061,4.95661e+06,4.63588e+08,61929.6,2.32059e+07,,20231,,1.75857e+07,817355,,6200,,2164,165,1.15174e+06,,,238440,,,,,,16060,,,,,,,,
109012401,5.07131e+08,15,个,0.8959,2.81952e+06,4.54316e+08,1.70685e+06,3.54088e+07,,65882.6,245307,597264,602737,,1120,1260,30,1089,1.11466e+07,,,131131,,,,,,87812.6,,,,,,,,
108031199,5.07092e+08,12,千克,0.5404,2.74053e+08,2.21628e+08,816771,311910,,170863,,,9.43601e+06,,,440,,3200,661861,,,,,,,,,1210,7490,1543,,,,,,
109040803,5.05089e+08,17,个,0.7928,208550,4.0041e+08,2.12402e+06,6.78293e+07,2.26196e+06,718470,,22464,2.92195e+07,,,16000,16359,,2.03927e+06,,,547,2400,,6417,,,187352,5310,20266.8,,,,,,
102050399,5.04475e+08,16,千克,0.8142,4.10721e+08,3.59888e+07,1.93392e+06,3.72931e+06,,8.11112e+06,1.95499e+07,,1.04388e+07,1.04175e+07,,2.61046e+06,6940,65,,,,14190,369115,,,,,45169,381360,156681,,,,,,
109023206,5.0286e+08,17,个,0.6408,195350,3.22233e+08,1.17476e+07,1.64306e+08,,617887,,27097.2,1.70815e+06,,409295,81640,633627,76995.9,783266,300,,,,3000,,,,18782.6,10090.5,8040.5,,,,,,
109010512,5.02225e+08,14,个,0.9957,265692,5.00071e+08,36862,1.61176e+06,,15465,,,43307.3,,,254,,536,50040,,,52080.1,,,3510,,,57965.2,14000,2600,,,,,,
109020308,5.00493e+08,15,套,0.5557,2.08786e+07,1.84559e+08,7.1552e+06,2.7812e+08,,8.77971e+06,9802,,581112,,108,,10092,550,159817,,,125710,,,,,,110280,791,2150,,,,,,
109050802,4.99582e+08,12,个,0.8586,23452.7,4.28944e+08,166507,5.8385e+07,,5.24784e+06,,22580,837792,,49890,78880,,,5.79827e+06,,,,,,,,,26388,1120,,,,,,,
109024202,4.97034e+08,16,个,0.6173,6960,3.06828e+08,3.08629e+07,1.54616e+08,,106958,,19611.8,1.34423e+06,,2.09006e+06,399900,190680,6650,100295,,,500,275,,,,,453377,,6891,,,,,,
106050299,4.93306e+08,19,个,0.3848,1.54939e+08,1.89837e+08,5.21193e+07,4.06659e+07,,1.33469e+06,,533770,2.35106e+07,3.33473e+06,324083,379018,26262,42862,1.98491e+07,,,2230,4156,7887,,,,6.2886e+06,1200,105252,,,,,,
109013102,4.92938e+08,17,个,0.9341,472423,4.60476e+08,7.21796e+06,1.44302e+07,,310542,15136,3.54121e+06,599325,735081,,196150,43385.2,19900,4.64624e+06,,,203848,,,10370.4,540,,19528,,,,,,,,
109060601,4.91774e+08,18,个,0.7537,3.42843e+07,3.70632e+08,1.17372e+06,6.55445e+07,,1376.5,,21940,7.09523e+06,,57266.9,16490,418611,129229,1.06437e+07,,,26700.5,4468,168,,,,1.64843e+06,37415,38590.6,,,,,,
109024404,4.91115e+08,22,个,0.5144,233235,2.52629e+08,3.47327e+06,4.39099e+07,,1659.7,322.08,18800,636141,196785,1.50119e+08,1.44351e+07,2.30933e+06,8.20348e+06,2.42209e+06,372547,,3.0551e+06,2.67975e+06,41565,,936.4,,544273,3.82429e+06,2.00829e+06,,,,,,
103019900,4.89506e+08,19,千克,0.3792,1.85637e+08,5.81255e+07,2.10247e+07,1.27271e+06,,,1916.46,,2.02925e+07,,1.54663e+07,3.44311e+07,7350,2.44509e+07,1.78249e+07,,,2.58415e+06,8.0839e+07,604924,,3.08117e+06,,1297.5,378113,2.33081e+07,,174575,,,,
109022808,4.8684e+08,5,个,0.9964,106333,4.85101e+08,1.32327e+06,18195,,291555,,,,,,,,,,,,,,,,,,,,,,,,,,
107020114,4.86246e+08,13,千克,0.9650,4.69238e+08,824545,80920.3,30991.7,,,6195.2,,20222.6,1.34129e+06,,30640,,1.45972e+07,,,,36332,4225,,,26940,,,,8600,,,,,,
107020116,4.85052e+08,14,千克,0.9978,4.83984e+08,272888,2653,6596,,,,,2225,125250,5551,7860,468714,143933,,,,27800,1080.02,,,,,,,1143.42,,,,,,2520
104030304,4.84428e+08,19,个,0.6102,1.17529e+08,2.95589e+08,2.93797e+06,3.93583e+07,106089,286916,2.20897e+06,,1.37649e+07,710681,348428,1.96144e+06,96,9339,5.26978e+06,,,97510.6,96861.3,,,,,2.46474e+06,1.49193e+06,196412,,,,,,
109021501,4.82524e+08,14,箱,0.5204,9.0755e+07,9.83657e+06,538325,1.23429e+07,,,,,2.04018e+07,,1.70656e+07,2.51114e+08,,36037.9,386000,,,22342.7,8.20364e+06,,,7.03714e+07,,7000,,1.44333e+06,,,,,,
103020202,4.82275e+08,17,千克,0.4424,2.1335e+08,4.95758e+07,3.47488e+06,145752,,,,,1.06716e+07,,9.0521e+07,8.0275e+07,,1.6802e+06,332727,43755,,3.28364e+06,1.80453e+07,969206,,486663,,2337.5,,9.41536e+06,,2263.34,,,,
101010104,4.79353e+08,25,千克,0.6717,3.21969e+08,6.1372e+07,2.35174e+07,1.98482e+07,135345,1.12624e+06,5.78246e+06,761.17,3.18412e+07,61324.5,1.20175e+06,3.6426e+06,36498,223465,3.60012e+06,21000,,118117,1.38721e+06,61684,2675,234203,,278812,48738.9,1.55739e+06,1.28561e+06,,,,,
104020119,4.77889e+08,9,套,0.5094,8325,1.86285e+08,2.07762e+07,2.43455e+08,,,,,1.76911e+07,,10089.8,,624,,9.54581e+06,,,,,,,,,115998,,,,,,,,
304010402,4.77178e+08,10,OTHER,0.5157,1.01913e+06,3.13315e+06,1.92491e+08,31200,,4.23998e+06,,1.1633e+07,2.46086e+08,203040,,,1.80525e+07,,290166,,,,,,,,,,,,,,,,,
109023101,4.76849e+08,17,千克,0.3768,1.79694e+08,1.21702e+08,82856.4,1.68542e+08,,1.19234e+06,,12000,4.85982e+06,186741,580.5,96316,,13110,287476,,,280,9303.6,,,,,14175,96247.1,59955.1,,,,,,
109022816,4.76651e+08,16,个,0.8554,5.37318e+06,4.07713e+08,100468,5.79467e+07,24300,149280,,,182290,,2372,59480,34200,4612,4.99358e+06,,,39467,,,,,,21028,5235,2255,,,,,,
104010901,4.76565e+08,20,千克,0.7988,3.80661e+08,3.17597e+07,687666,1.96284e+06,,3.90523e+07,540,,4.10327e+06,656178,10330.7,85787.7,11035.6,20654,29697.2,,,1325,71618,,,81755.5,,1.26025e+07,2.94022e+06,1.82451e+06,2750,,,,,
109061007,4.75994e+08,13,个,0.8807,1.24043e+07,4.19211e+08,873936,4.15277e+07,581924,136778,,116425,84139.6,730918,,,3043.76,,96235.5,,,40,,,,,,227002,,,,,,,,
109025603,4.75169e+08,17,个,0.6936,1.01876e+06,3.29593e+08,6.33437e+06,1.14323e+08,,182325,28000,1.73738e+07,82017.2,,1078.8,705.6,4.39254e+06,667,1.75811e+06,49800,,7796.5,,,,,,22665,,250,,,,,,
106051208,4.74796e+08,14,个,0.9644,7.17934e+06,4.57909e+08,7.36026e+06,1.97542e+06,,,8249.73,,63322.4,,218729,1220,,2362.5,54708,,,10635.9,,,,821.6,,,11490,,,,,,56,
109010603,4.73296e+08,9,个,0.8340,8000,3.94749e+08,1.08038e+06,7.67164e+07,,7998.08,,,335274,,,,45047,,241870,,,,,,,,,111760,,,,,,,,
106051009,4.71804e+08,20,个,0.3251,1.24528e+08,1.53377e+08,3.16498e+06,5.63994e+07,,485614,,421746,9.00393e+07,273431,4.88384e+06,1.42062e+07,27000,1.07138e+07,2.29368e+06,,,43705,7.40446e+06,16544,,98,,1.90123e+06,204556,1.41949e+06,,,,,,
109050301,4.71316e+08,6,套,0.9522,,1.52764e+07,7.10252e+06,4.48788e+08,,80757,,34416,33830,,,,,,,,,,,,,,,,,,,,,,,
105010199,4.71315e+08,17,立方米,0.7285,2.05307e+07,7.35944e+07,4.77399e+06,6.07937e+06,,2.28313e+06,3.43355e+08,,803228,5.60009e+06,3543.2,22820,,1335,5.00975e+06,,,,14537.6,728744,,,,8.51026e+06,3560,575,,,,,,
109040502,4.70841e+08,18,个,0.5171,7.86353e+06,2.43477e+08,1.11803e+06,1.96823e+08,1.21899e+06,748120,,22999,1.62515e+07,207905,415.62,520,171675,45211.8,2.60295e+06,,,43842,,,,,,226039,12010,7424.42,,,,,,
104010399,4.70766e+08,15,千米,0.4637,1.58894e+08,7.45116e+07,2.0422e+06,7.1008e+06,,2.18313e+08,,,1.97593e+06,2.36316e+06,1.36807e+06,75188.9,,540.5,1.16355e+06,,,,805692,,,,,1.06563e+06,996943,88929.5,,,,,,
107060301,4.70353e+08,19,千米,0.3406,2.93778e+07,8.85258e+07,7.85998e+07,3.47065e+07,,1.60224e+08,4.38065e+07,65557.8,5.94961e+06,2.51305e+07,1140,88928,5287.2,3505.4,1.42024e+06,,,36071,143117,,,,,160749,2.08361e+06,23485.7,,,,,,
107030403,4.67402e+08,14,盒,0.5374,4.65647e+06,338081,211992,7000,,,54922.8,,686992,,2.5117e+08,4680,,2.10051e+08,,,,113.2,110549,,,58106.9,,,173.6,51426.8,,,,,,
106020201,4.67143e+08,19,个,0.7964,5.16268e+07,3.72054e+08,1.00744e+07,2.26505e+07,,,,108300,1.19016e+06,,136430,829198,338.4,1187.83,3.63954e+06,,,,23394.7,2.81857e+06,16000,1486.84,,1425,909897,991911,,,,68554,,
109040202,4.6303e+08,10,个,0.9561,580499,4.42682e+08,1.06771e+06,1.64983e+07,,130,,450660,17707,,,,,46,1.58889e+06,,,143884,,,,,,,,,,,,,,
104019902,4.62021e+08,17,个,0.8564,1.22797e+07,3.9569e+08,1.10341e+06,2.76709e+07,,1.30458e+07,,5587.74,5.20714e+06,332710,4076.42,19097,400,,3.53859e+06,,,,3961.4,5490,,,,1.73329e+06,1.37306e+06,8147.92,,,,,,
107020234,4.61384e+08,1,千克,1.0000,4.61384e+08,,,,,,,,,,,,,,,,,,,,,,,,,,,,,,,
107020236,4.6024e+08,3,千克,0.9996,4.60035e+08,,,,,,,,180,,,,,204192,,,,,,,,,,,,,,,,,,
109024799,4.59236e+08,9,个,0.6733,8390.9,3.09188e+08,3.74801e+06,1.00732e+07,,,,,467507,,1.07229e+08,,,257346,2.82599e+07,,,,5280,,,,,,,,,,,,,
107020205,4.57484e+08,13,千克,0.6266,2.86649e+08,1.63405e+06,1,1255,,189584,4862,,1.50639e+08,,308.5,7400,,1.81071e+07,,,,84521,,,,101809,,,64890,,,,,,,
109051502,4.57407e+08,10,个,0.9602,306544,4.39216e+08,1.1856e+06,301381,,6.5319e+06,,,8.08822e+06,,12000,604212,,,437132,,,,,,,,,,723378,,,,,,,
103011199,4.57386e+08,16,盒,0.3651,8.29369e+07,2.41737e+06,1.07321e+07,7.79266e+06,,,,,1.38215e+06,,1.67005e+08,5.63008e+07,2200,2.2004e+06,494631,,,28711.6,1.06303e+08,575514,,810454,,,,1.84025e+07,,416.05,,,,
103020203,4.57367e+08,16,个,0.6748,4.77901e+06,3.08628e+08,1.3412e+06,16857.7,,,17655.1,,2.65122e+06,,4.96771e+07,7.33293e+07,,2.08774e+06,118794,,,844752,9.42565e+06,,,455226,,32.98,,3.98023e+06,,13343.7,,,,
101010106,4.56775e+08,24,千克,0.7029,3.21055e+08,3.99235e+07,1.08756e+07,1.25982e+07,18034,1.4597e+07,1.5594e+07,878780,1.48701e+07,415688,1.91625e+06,4.87057e+06,201110,3.5645e+06,4.6943e+06,10790,,322544,7.57865e+06,39600,,165528,,232493,1.13307e+06,432863,786800,,,,,
107040202,4.53643e+08,14,千克,0.8713,3.95269e+08,4.31623e+07,209106,91160,,9.61687e+06,1.76765e+06,,188568,1.0458e+06,2380,71170,,,2.03732e+06,,,,156,,,,,,147604,34446.3,,,,,,
106050102,4.53269e+08,19,个,0.5062,1.75148e+08,2.29437e+08,9.64162e+06,1.56714e+07,,2.44429e+06,,121780,5.53758e+06,2.22821e+06,110788,7.06529e+06,21174,647,2.81462e+06,,,650,36233.7,709.98,,,,1.99386e+06,981534,13561.2,,,,,,
104011003,4.51394e+08,20,个,0.3690,7.65953e+07,1.66586e+08,1.24482e+06,1.33565e+06,51254.2,1.17169e+08,223934,,4.35226e+06,7.40885e+07,24875.3,305867,15500,833,384148,,,2730.5,306085,210,,,,1.21553e+06,6.64826e+06,844094,,,,,,
201040000,4.48929e+08,23,千克,0.2767,1.24214e+08,5.5691e+07,3.19373e+07,2.9212e+07,170300,1.09181e+06,3.59289e+07,3.60961e+07,1.06225e+08,346017,410839,5.99537e+06,68650,6.16787e+06,1.25229e+07,1.39977e+06,,442138,46479.7,15600,,18877.8,,49034.2,867702,10350.8,,,,,,
108012804,4.46873e+08,18,个,0.6636,3.42317e+07,2.96551e+08,229664,3.52086e+07,,499362,,,2.21511e+07,1.07315e+07,145035,3.83192e+07,565,116027,1.27869e+06,,,220451,226748,,360,,,6.66794e+06,197816,97247.9,,,,,,
109031700,4.4582e+08,14,个,0.9284,1.37821e+06,4.13903e+08,3.89025e+06,2.6154e+07,,,,,288882,,188,153709,,12096,30000,,,1600,70.6,,,,,5051,365,2428,,,,,,
109061603,4.44414e+08,18,个,0.7862,259411,3.49402e+08,1.60473e+06,8.93113e+07,324272,630266,,4500,2.60698e+06,28857.6,40.8,,8010,15800,35567,,,61815,225,,,,,117030,1661,909.86,,,,,,
107030110,4.42787e+08,13,千克,0.7429,3.28931e+08,4.88612e+07,148186,166900,,156,,,1.57439e+06,,5.45138e+07,1160,,6.91051e+06,771124,,,11342,425045,,,,,,,471649,,,,,,
109024504,4.42592e+08,10,套,0.4707,498842,1.58683e+08,46614.4,2.08347e+08,,,,,2700,,6.78541e+07,,,392.5,2.31429e+06,,,,,,,,,4.8266e+06,,17577,,,,,,
108012203,4.41733e+08,15,个,0.3908,852500,1.72636e+08,5.40804e+07,2.67798e+07,,858,,4400,1.54609e+07,,1.30228e+08,,7930,3.74425e+07,,,,2050,1.0146e+06,,,86203.2,,2.00163e+06,,1.13572e+06,,,,,,
103010399,4.40954e+08,14,千克,0.8087,3.56591e+08,1.61736e+07,1.62331e+07,59200.2,,,,,1.72904e+06,,3.58158e+06,8.43796e+06,,7.19043e+06,6.07211e+06,,,322723,2.14808e+07,760,,849491,,,,2.23175e+06,,,,,,
109032404,4.40782e+08,11,UNKNOWN,0.4827,1.07715e+06,2.10323e+08,2.12762e+08,1.49369e+07,,106200,,,102196,,1840,,,4540,1.46771e+06,,,,,,,,,200,,100,,,,,,
108041402,4.40222e+08,20,个,0.8273,2.91682e+07,3.64192e+08,1.74879e+07,1.24629e+07,,414302,124181,1020,1.37111e+07,471670,10418.5,3804.51,2292,16688.6,1.51516e+06,,,3666,302673,52938.8,,,,226638,40717.8,14098.3,,,,,,
104020117,4.39904e+08,6,个,0.9902,,4.35596e+08,2.75022e+06,1.53112e+06,,,,,24545.4,,2040,,,,,,,,,,,,,234,,,,,,,,
107030410,4.38069e+08,8,盒,0.9952,694005,406852,18662.8,,,926,,,10950.2,,4.35947e+08,,,979620,,,,,10854,,,,,,,,,,,,,
109030105,4.37354e+08,8,个,0.9986,205661,4.36739e+08,300119,89212,,,,,10330,,,1920,7200,,580,,,,,,,,,,,,,,,,,
108040399,4.36984e+08,18,个,0.7105,8.52263e+07,3.10492e+08,1.14548e+07,1.00535e+07,,1.64149e+06,,,2.1849e+06,540765,991011,338299,1613.2,4445.75,1.07786e+07,,,55662.9,563.4,,12860,,,2.06572e+06,1.07484e+06,66706.5,,,,,,
103020504,4.36974e+08,13,千克,0.5727,2.50265e+08,1.2471e+07,976321,48063.8,,,,,8.77463e+06,,663810,1.00228e+08,,2.67085e+07,229424,,,1.75487e+06,1.04033e+07,,,2.10847e+07,,,,3.36638e+06,,,,,,
108031301,4.36432e+08,8,千克,0.9991,4.36032e+08,95583.1,,450,,,,,183945,,1596,480,,43461.1,,,,74688.7,,,,,,,,,,,,,,
102050302,4.33417e+08,14,千克,0.9820,4.25619e+08,3.26736e+06,,652833,,7193,,704038,2.91047e+06,,333,26820,,130,,,,293,192780,,,,,9310,10552,16299,,,,,,
304070101,4.32791e+08,9,UNKNOWN,0.6000,,1.93072e+07,2.5967e+08,7.93926e+07,,,,2.1195e+07,52080,,,,5.27223e+07,,,156178,,,,,150000,,,,,,145521,,,,,
107030804,4.3224e+08,17,盒,0.5680,7.05027e+06,7.05647e+07,4.05576e+06,3.82505e+06,,98.65,27527,,5.3318e+07,,2.45518e+08,5.88709e+06,,1.95665e+07,1.7216e+07,,,1.54632e+06,1.92825e+06,1.31992e+06,,,,4031.08,3542.4,409596,,,,,,
109041503,4.30218e+08,18,个,0.9380,135412,4.03532e+08,3.2999e+06,7.24888e+06,,3.41368e+06,,93254,1.22616e+07,,1380.36,13641.7,19010,16109.1,21785,,,3668.45,897.33,,,188.16,,540,35305.9,121506,,,,,,
109051302,4.29962e+08,18,个,0.5504,655180,2.36659e+08,6.61748e+06,1.78915e+08,,678523,135332,891572,2.06864e+06,1.29437e+06,5420,3720,,,434105,1.36322e+06,,,2000,,6000,,,200242,31882.9,788,,,,,,
109051907,4.29017e+08,12,个,0.5959,272589,2.55659e+08,6034,1.55562e+08,,195200,,176019,2.59733e+06,,,,42073,,1.44419e+07,,,,,21055.4,,,,7200,37365,,,,,,,
109060304,4.25449e+08,16,个,0.9558,1906,4.06647e+08,781591,1.61234e+07,,561849,,1000,547143,,4547,174401,8168,14515,413805,,,5710,114700,,,,,45996.2,,2824.72,,,,,,
109011213,4.24681e+08,12,个,0.6236,7.14534e+06,2.64839e+08,530049,1.39015e+08,,3.67884e+06,,1.97604e+06,2.29904e+06,,,,27550,,4.27677e+06,826700,,,,,,,,61689,,,,,,,,5200
107020902,4.24009e+08,20,千克,0.6065,2.57167e+08,7.18408e+06,522300,765948,,242878,1.1103e+06,,1.0013e+08,1.16164e+06,591787,689769,8575,1.46887e+07,3.35705e+06,,,2.15267e+07,1.08673e+06,,,7.18355e+06,,17315.8,1.85129e+06,4.6805e+06,,,,41733,,
109062403,4.23576e+08,17,个,0.9368,21600,3.96786e+08,288922,1.86032e+07,1.64352e+06,93417.9,,330084,2.21979e+06,2.05338e+06,67012.8,9178,383466,2280,649814,,,,151.07,,,,,419767,4400,,,,,,,
106040802,4.2266e+08,12,个,0.8543,2.94168e+06,3.61073e+08,3.56551e+07,2.87241e+06,,15762.6,,,4.03313e+06,,24398.7,1.25372e+07,14200,,3.48615e+06,,,,3008.42,,,,,3668,,,,,,,,
106040112,4.22424e+08,15,个,0.7024,5.63551e+07,2.96692e+08,22721.3,2.81447e+06,,,,,776910,1.18576e+06,4.90452e+06,7822.97,,2.93092e+06,5.57089e+07,,,302023,15193.3,,,,,126,74119.5,633201,,,,,,
109040802,4.21757e+08,15,个,0.7122,61726.2,3.00356e+08,7.03153e+07,2.30123e+07,,168429,,545560,7.48938e+06,,35165,5400,26973.6,,547004,,,,,,,,1.91696e+07,15789,1265,6686.25,,,,,,
109042099,4.21232e+08,16,个,0.8854,115193,3.7297e+08,2.08936e+06,3.46434e+07,2.44191e+06,12281.3,,,6.0252e+06,1.15369e+06,1.38973e+06,6086.6,,59230.2,268852,294.36,,,941.58,,,,,1133.32,,54662.8,,,,,,
109024205,4.209e+08,15,套,0.7051,,1.13927e+08,1.13392e+06,2.96792e+08,,,,,1.04159e+06,,736039,9280,17500,1365,1.49399e+06,,,,3.08e+06,3000,,4500,,28850,5194.1,2.62655e+06,,,,,,
102051102,4.18923e+08,6,个,0.8754,5.16952e+07,3.66736e+08,28969.4,,,,,,447859,,,1500,,,,,,13446,,,,,,,,,,,,,,
107040399,4.18859e+08,18,千克,0.7711,3.22964e+08,4.06369e+07,319996,3.81788e+06,,1.7898e+07,429805,,1.6611e+06,2.94791e+07,13348,33934,116074,4810.3,184201,,,27299.3,5513.5,,,,,39555.6,504906,723304,,,,,,
304040299,4.1825e+08,13,千克,0.4965,2.07669e+08,195649,1.49422e+08,1.53359e+06,,,206970,1.02833e+07,4.3813e+07,,,116.6,159488,,1.39196e+06,770000,,,,,,,,,,,974688,1.83057e+06,,,,
102040111,4.16418e+08,4,千克,0.9758,4.06327e+08,876105,9.21484e+06,,,,,,,,,,,,,,,,208.8,,,,,,,,,,,,,
109013404,4.16176e+08,21,个,0.6773,3.01156e+06,2.81891e+08,5.18891e+07,5.69568e+07,,4.30544e+06,538642,735358,1.46664e+06,141494,41919.6,182469,207461,4.33978e+06,6.79773e+06,17866.7,,3335,1711.63,,,,,1.22116e+06,1.70584e+06,660269,,,,,,60000
109042599,4.15927e+08,7,个,0.9937,170672,4.13325e+08,659560,1.71542e+06,,9740.29,,,46083,,,,,,,,,,,,,,,,1124.97,,,,,,,
109042602,4.15581e+08,14,个,0.7636,2.30676e+07,3.17319e+08,118922,7.3483e+07,,608540,,,401570,15405.2,110790,84832,,89231.3,199363,,,,,,62675,,,,4853.5,,15055,,,,,
109020104,4.14546e+08,12,个,0.7862,3.77828e+07,3.25919e+08,570159,4.19046e+07,,1.58354e+06,1740,,3.25056e+06,116377,26.82,,14000,,3.01616e+06,,,,,,,,,386884,,,,,,,,
109025299,4.13705e+08,21,个,0.6124,3.26636e+07,2.53347e+08,2.0927e+07,4.92748e+07,,1.0669e+07,,3.05268e+06,2.35065e+07,1.35541e+06,111490,333734,3.10909e+06,106113,1.1571e+06,3.22521e+06,,8.56294e+06,34161.4,,1.55185e+06,6742,,104714,567745,38403.8,,,,,,
105010304,4.12849e+08,17,个,0.7784,1.68508e+06,3.21363e+08,912174,2.62919e+06,,1.41492e+06,5.93875e+07,1.124e+06,2.37155e+06,1.81701e+07,16,21898.5,,,3.73923e+06,,,13665,566.2,,,,,13280,600,2310.72,,,,,,
108012801,4.12113e+08,18,个,0.8528,1.85684e+07,3.51433e+08,526860,5.95054e+06,,31843.7,1.00244e+06,,1.52194e+06,154884,302913,3.00505e+07,2554,32054.8,1.89847e+06,,,10184.9,10533,,,,,80049.5,356016,180384,,,,,,
107040103,4.11691e+08,11,千克,0.9901,4.0762e+08,1.78068e+06,,560210,,892432,316884,,38906.5,457765,,151.2,,5336.06,,,,650,,,,,,,17952.8,,,,,,,
109020306,4.11518e+08,19,个,0.7223,1.23281e+06,2.97258e+08,3.63183e+06,9.65198e+07,,1.03603e+06,44385.2,3.03379e+06,831027,86546.4,2191.8,,6.52121e+06,5665.19,1.04256e+06,190000,,3750,9300,,,,,58160,1402.5,8945.4,,,,,,
101010301,4.10671e+08,17,千克,0.8061,3.31061e+08,1.66664e+07,1.44336e+06,1.48716e+06,,1680,,,2.07194e+07,580704,1.90974e+06,1.79153e+06,,5.19853e+06,4.14133e+06,,,8.0678e+06,1.49277e+07,12791.5,,2615.47,,,18630,2.63988e+06,,,,,,
105020201,4.08271e+08,19,个,0.4239,6.49314e+07,1.73047e+08,6.08266e+06,7.16651e+07,,1.78069e+07,1.882e+07,2.38816e+07,2.81289e+06,1.67298e+07,30429.6,3120,193020,9746,6.59203e+06,,,7598.31,2007.87,,,,,2.45398e+06,3.16927e+06,32442.5,,,,,,
304040902,4.08038e+08,9,月,0.3893,7700,5.13555e+07,6.37443e+07,,,,,227500,3554,,,,275264,,1.30939e+08,1.58849e+08,,,,,,,,,,,2.63684e+06,,,,,
109011304,4.07153e+08,17,个,0.8702,9.88906e+06,3.54304e+08,6.66971e+06,2.25782e+07,,46005.1,2.28798e+06,,818305,,11690,12200.6,13739.2,49184.9,526549,3141.3,,7.78821e+06,,,,,,2.12563e+06,1100,28548,,,,,,
304020104,4.07024e+08,10,UNKNOWN,0.7635,,1.80872e+06,3.10761e+08,1.55189e+07,,,,2.99891e+07,5.77681e+06,,2016,,4.07105e+07,,1.1235e+06,832821,,,,,501066,,,,,,,,,,,
109012302,4.06034e+08,14,个,0.7877,8.22924e+06,3.19835e+08,791107,6.53648e+07,,171577,,6460,938759,8.71223e+06,18,,169104,240,176146,,,715,,,,,,1.63899e+06,,,,,,,,
107030120,4.04603e+08,14,千克,0.9029,3.65318e+08,5.82887e+06,1.4579e+07,203205,,,,,930307,,3.30182e+06,435265,,598294,3.168e+06,,,62358.3,1.00072e+07,,,172.54,,,364.5,170526,,,,,,
102050601,4.04572e+08,14,千克,0.9867,3.99191e+08,2.50998e+06,119226,43294.2,,,,,27937.4,,18656.6,1.19664e+06,,30394.5,882.7,,,144872,971481,,,6055.05,,,,86000.4,225845,,,,,
101011101,4.04405e+08,13,千克,0.9789,3.95888e+08,4.65404e+06,126248,763520,,2402.29,,,243136,,2.15461e+06,34202,,19165.8,,,,3220,257903,,,114042,,,,144493,,,,,,
107029906,4.02996e+08,18,千克,0.8180,3.2965e+08,3.5528e+07,321572,3.54061e+07,,1.07,,,323292,,105549,452317,2450,42610.2,342717,,,22089,162687,,,434146,,2948.4,297.19,195227,,4644.77,,,,
109042399,4.00318e+08,18,个,0.8623,559204,3.45201e+08,515982,1.94894e+07,36703.8,1.77343e+06,,790130,2.56662e+06,388701,42054.7,140987,550,50330.3,62471.9,,,11904.5,,,,,,2.86793e+07,4880,4060,,,,,,
107040307,3.99609e+08,6,千克,0.9837,3.93103e+08,288100,408574,90,,5.80877e+06,,,463.08,,,,,,,,,,,,,,,,,,,,,,,
107020304,3.9872e+08,5,千克,0.9996,3.98569e+08,64.84,,150701,,,,,450,,,,,150,,,,,,,,,,,,,,,,,,
108041999,3.97797e+08,20,个,0.4380,1.20212e+08,1.7423e+08,3.6214e+06,4.01803e+07,97646.8,1.32942e+07,8505.56,499966,1.12654e+07,2.28963e+07,66674.3,42250,846,83322.7,9.54615e+06,,,6680,23923.9,,,,,1.56811e+06,136206,16938,,,,,,
107030707,3.97411e+08,10,瓶,0.9379,4.21141e+06,1.23644e+07,,1140,,224652,,,239738,,7.6313e+06,2152,,3.72736e+08,,,,,39.29,,,,,,,300,,,,,,
101010801,3.95103e+08,7,千克,1.0000,3.95098e+08,2058.8,1780,,,,,,538.96,,,,,,,,,,312.06,,,,,,133.63,300,,,,,,
107021704,3.94767e+08,12,千克,0.8865,3.49964e+08,6.59954e+06,4.79585e+06,5.68518e+06,,354636,,,2.72227e+07,,,13400,,2300,99810,,,442,,,,,,,28475,420,,,,,,
102050407,3.93752e+08,17,千克,0.6080,2.3941e+08,1.57538e+07,8.87382e+06,16185.3,,1202.65,1.17412e+08,,8.75808e+06,3.44155e+06,5795.2,8924.63,195,,,,,132.24,2726.4,,,,,6968,125,208.2,,,,,,60000
107030805,3.93501e+08,20,盒,0.5822,1.93245e+06,9.32009e+07,7.87406e+06,1.93521e+07,,32079.1,14320,2583.36,6.26555e+06,,2.29103e+08,9.27802e+06,860886,1.1267e+07,4.67089e+06,28237,,5.27449e+06,411307,326809,,,,56532,239666,3.31073e+06,,,,,,
109010601,3.93377e+08,14,个,0.9324,7.22281e+06,3.66799e+08,333822,1.71108e+07,,21987.7,,58495,1.20979e+06,,10653.1,27700,2350,,532554,,,17500,,,,,,29606,,39.2,,,,,,
307040100,3.93293e+08,23,UNKNOWN,0.7687,1.39263e+06,4.94385e+06,3.02335e+08,64578.6,12721.8,26319.6,,540441,1.11811e+07,14678.4,7.4538e+06,26012,1.94631e+07,517857,1.10624e+07,1.61798e+07,,,79781.6,934643,11010,84,,,22600,7379,1.70064e+07,,,,16669.2,
109013403,3.92743e+08,22,个,0.7451,2.67205e+06,2.92649e+08,2.20427e+06,5.44601e+07,,760254,71526.6,151,6.83584e+06,1.68896e+06,1.1913e+06,366075,43757.2,1.08206e+06,3.19591e+06,298600,,10602.1,1.99034e+07,12230,1.68e+06,,,117261,3.14393e+06,355745,,,,,,
109023301,3.91171e+08,17,个,0.7777,2.76642e+07,3.04221e+08,5.71218e+06,4.72768e+07,,1540,,679702,1.51177e+06,733816,,,361508,280763,2.43804e+06,,,104078,7200,13166,,,,371.2,1625.24,163525,,,,,,
107021504,3.9105e+08,13,千克,0.9386,3.67053e+08,4.55384e+06,50537.5,581356,,,3.28052e+06,,1.2511e+07,,650038,1972.48,,1.63213e+06,52832.5,,,532694,126805,,,,,,,23500.2,,,,,,
109025301,3.89663e+08,14,套,0.5325,3.49428e+06,1.32849e+08,1.39505e+07,2.07483e+08,,2.04565e+06,,2.75847e+06,4.98221e+06,709071,,,20020,948971,2.02859e+07,,,730,,,,,,110748,25017,,,,,,,
106050210,3.89493e+08,20,套,0.3443,2.09947e+06,1.28162e+08,6.09982e+07,1.3411e+08,,266294,,6.82459e+06,1.32091e+07,5.61304e+06,60032,304510,3.72649e+06,192,3.38874e+07,,,21085.9,1360,3044,,,,170377,14453.4,20620.4,,,,645.75,,
109023104,3.87316e+08,14,批,0.4002,1.194e+08,7.2011e+07,1.06822e+07,2.71116e+07,,10240,,87314,2.49444e+06,,6060,111,76782,,1.54991e+08,,,,,,,,,443264,1298,610,,,,,,
104010206,3.86151e+08,10,千米,0.4802,1.74929e+08,2.14099e+07,2.75446e+06,422386,,1.85445e+08,,121328,785038,,1184.8,,,,17601.1,,,,,,,,,265597,,,,,,,,
107021601,3.83989e+08,8,千克,0.9988,3.83529e+08,1577.9,16800,,,,,,197619,,,1393.44,,209426,,,,25960.9,,,,7661,,,,,,,,,,
109024705,3.82076e+08,13,个,0.6643,813165,2.53829e+08,1.72175e+07,8.35904e+07,,876,,880,553240,12873.6,2.57315e+07,,8000,,180539,,,,,,,,,125243,,12508,,,,,,
109011403,3.82068e+08,10,个,0.8113,1.08855e+06,3.09991e+08,2.31129e+06,6.4109e+07,,174862,,2.17074e+06,733629,,,,10096,,1.45822e+06,,,,,,,,,21160,,,,,,,,
101030101,3.80633e+08,13,千克,0.8770,3.33812e+08,2.51788e+07,3.43624e+06,1.1006e+06,,,,,202403,1.00964e+07,407400,617071,,,5.65805e+06,,,,58930.8,,,711.6,,,,8602.68,55364.3,,,,,
108010302,3.80143e+08,19,千米,0.5162,8.68182e+06,1.34022e+08,2.74804e+06,1.25629e+06,,1.96215e+08,534713,283763,3.1941e+07,365242,2318,,14785,3451.9,3.82031e+06,,,13877.6,1073.25,1160,,,,3010,235301,343,,,,,,
103020701,3.79625e+08,15,千克,0.9385,3.56297e+08,1.6755e+06,879463,110,6.76155e+06,,,,2.80281e+06,,118957,8.24473e+06,,934400,146158,,,13459,1.4936e+06,,,43.85,,,37628,220393,,,,,,
110020102,3.78537e+08,5,立方米,0.5421,5.94744e+07,8.5782e+07,1.3109e+07,,,,2.05217e+08,,1.49549e+07,,,,,,,,,,,,,,,,,,,,,,,
106010103,3.76414e+08,18,千克,0.8109,3.05229e+08,5.29432e+07,4.17889e+06,6.02091e+06,,765,,,6.7676e+06,26665.5,266652,56329.4,2500,4006,515847,,,,136.8,3150,,,,57932,144114,194182,,,,1792,,
103010999,3.75968e+08,16,千克,0.6964,2.61807e+08,1.19128e+07,1.46285e+06,771477,,,,37383,1.61409e+06,,9.57953e+06,4.47916e+07,,522625,7.05177e+06,,,36906.9,1.9075e+07,526781,,569772,,,,1.56255e+07,,,,,583073,
104010501,3.75043e+08,12,个,0.7926,4.54138e+06,2.97241e+08,2.26602e+06,4.80894e+07,,1.79888e+06,,,1.62126e+07,,70062.7,,,,4.6208e+06,,,,2795,,,,,6509.7,76878,117347,,,,,,
108040302,3.74033e+08,25,个,0.5070,4.02121e+07,1.89647e+08,5.7081e+06,8.76275e+07,2730.88,4.22769e+06,2390,640435,3.5916e+06,393022,1.49308e+06,374465,205838,691498,2.47454e+07,693.18,,961510,7676.01,56,,60356.9,2600,1.21613e+07,1.14606e+06,127651,,,,,,2169.2
109060399,3.73841e+08,19,个,0.7457,433507,2.7877e+08,1.06631e+06,5.60147e+07,233554,723174,,161365,3.48461e+07,4320,1339,26565,28580,11924.1,1.37536e+06,,,1100,10,,,,,115259,25001.1,2727,,,,,,
109042102,3.73574e+08,12,个,0.7162,5.61457e+07,2.67539e+08,6.04915e+06,4.30198e+07,,58582.5,,64589,217915,315806,,,200,480,160369,,,,2000,,,,,,,,,,,,,
104010203,3.71093e+08,16,千克,0.6231,2.31243e+08,2.47715e+07,1.50133e+06,2.85082e+06,,1.09242e+08,,,68721.5,44810,11740.1,42904,,750,829999,,,2970,2961,,,,,421795,48315,9630.26,,,,,,
109013005,3.70222e+08,20,个,0.6876,7.39635e+06,2.54557e+08,4.6469e+06,9.6903e+07,,748493,227625,733636,599862,521666,267697,1.57073e+06,71468,17004,1.15927e+06,,,353095,2320,,,,,180914,179192,62850.5,,,,23350,,
108012006,3.68768e+08,17,千克,0.5806,2.14114e+08,1.46245e+08,124332,1.15467e+06,,1.7722e+06,711513,,954169,336332,4970,1.36497e+06,,840,1.53651e+06,19840,,5300,,,,,,4938,387841,30825,,,,,,
104019903,3.67205e+08,15,千米,0.6222,1.16167e+08,1.04678e+07,440432,1.01815e+06,,2.28472e+08,,,1.0301e+06,852841,396404,7080,,,974697,,,,3956.2,57000,,,,101132,7.16531e+06,50175.5,,,,,,
104020104,3.66747e+08,8,个,0.8785,413306,3.22174e+08,178934,4.30246e+07,,46800,,,107920,,252551,,,,,,,,,,,,,,,548665,,,,,,
103010702,3.66327e+08,9,个,0.7734,7.45482e+07,2.833e+08,2.26842e+06,,,,,,5.91597e+06,,,53007.2,,,128000,,,,99178.1,144,,,,,,13366.4,,,,,,
104010104,3.66172e+08,17,千克,0.4723,1.72952e+08,1.61087e+08,1.45619e+06,1.11258e+06,1.31049e+06,5.88922e+06,,,7.19115e+06,202713,926894,3.70358e+06,,2627.5,5.49476e+06,,,,2094,,,900,,820,4.82448e+06,13686.7,,,,,,
105010403,3.65713e+08,15,立方米,0.4798,825997,1.37636e+08,819844,3.7777e+07,,59207.1,1.75452e+08,,2.2732e+06,9.88495e+06,,2424.98,,,625260,,,8550,9402,,,,,319005,10400,9718,,,,,,
104030100,3.64761e+08,16,平方米,0.4651,2.70241e+07,6.90311e+07,4.22275e+06,717389,,2.52807e+07,,,6.7748e+07,1.69639e+08,657586,55030,180,16380.7,43669,,,,4818,,,,,186537,128930,,,,,,,4800
108010309,3.64329e+08,18,个,0.4647,1.94914e+07,1.69315e+08,6.15049e+06,3.32862e+06,,8.9428e+06,7.22452e+07,261911,9.61015e+06,7.32143e+07,333.33,109788,,,1.63229e+06,,,100,5748.08,,,,,6000,4050,8960,,,,,,1599.42
109020209,3.64307e+08,13,个,0.7730,2.61108e+07,2.81617e+08,4.42401e+06,4.05788e+07,,6.02056e+06,1781.35,,1.51741e+06,173944,8160,,20000,159,2.83867e+06,,,,,,,,,996145,,,,,,,,
108040411,3.6403e+08,20,个,0.6946,5.17077e+07,2.52873e+08,9.45229e+06,4.39828e+07,,1.49309e+06,10195,9946.56,1.926e+06,114408,403740,106785,1439.7,7533.02,1.38367e+06,,,34552.5,1538.86,,,2194.26,,389835,34440.4,94878.6,,,,,,
108031702,3.63823e+08,5,千克,0.9999,3.63804e+08,4992.95,,,,11908.4,,,,,,,,1820,,,,,30,,,,,,,,,,,,,
104010205,3.62758e+08,11,千克,0.5255,1.9064e+08,1.23841e+08,1.86217e+06,5.35322e+06,,1.46007e+07,,,11627,2.00308e+07,9149.36,,,,5.33546e+06,,,,,,,,,,318625,755480,,,,,,
104010804,3.61327e+08,14,个,0.8722,2.22614e+07,3.1516e+08,795197,1.1698e+07,,99600,,1035,8.09212e+06,3.17708e+06,,,140,,920,,,,1640,,,,,11316,945,27422.8,,,,,,
108030800,3.59562e+08,10,千克,0.9141,3.28679e+08,8.46707e+06,2.05451e+07,1.59496e+06,,610,,,200560,39000,,10711.6,,472.85,23952.1,,,,,,,,,,,,,,,,,
107021305,3.59045e+08,16,千克,0.7543,2.70811e+08,1.81027e+06,230320,2.59954e+07,,119610,3.89117e+07,,8.75834e+06,9.04224e+06,12830.5,72500,,125460,176598,,,727852,735381,8000,,,,,,1.50812e+06,,,,,,
103030802,3.58698e+08,19,箱,0.6254,5.00656e+07,6.2221e+06,1.95573e+06,2.08651e+06,231383,114186,,,591290,,3.30767e+07,2.24339e+08,40,6.02825e+06,2.99312e+06,,,62274.4,5.82504e+06,38950,,2.20887e+07,,,,2.90613e+06,70000,2824.83,,,,
109041802,3.58542e+08,12,个,0.9763,1364.8,3.50052e+08,5.50504e+06,866000,,24772,,16000,164959,,1500,7999,,,1.89925e+06,,,900,,,,,,,,2400,,,,,,
109025401,3.5772e+08,18,个,0.4090,1.62231e+07,1.46318e+08,6.93348e+06,1.33936e+08,,8.01239e+06,2510,2.50005e+07,4.91656e+06,8.0241e+06,6184.2,4910,165,,7.87367e+06,,,70334,,,6600,,,19964.6,369562,1215.98,,,,,,
109010604,3.5667e+08,8,套,0.6621,195431,1.19106e+08,698920,2.36143e+08,,326.4,,,3317.88,,,,,,516093,,,,,,,,,6829.99,,,,,,,,
104010504,3.56283e+08,11,个,0.7630,4.40772e+07,2.71842e+08,1.12306e+06,2.94268e+07,,5.93057e+06,,,3.22735e+06,,10935.4,,,,11240,,,,798,,,,,37296.8,,595675,,,,,,
107021510,3.56016e+08,8,千克,0.9975,3.55126e+08,18765,,225000,,,,,44145,,,,,960,,,,600266,168,,,,,,,168,,,,,,
108040102,3.55883e+08,17,千克,0.6829,2.43049e+08,6.82427e+07,1.77697e+06,1.17451e+07,,1.45174e+07,,86819.6,2.8759e+06,8.43418e+06,3753.16,120368,15200,1814.8,4.91923e+06,,,4192.02,,,,,,59797.9,20729.9,10158.5,,,,,,
109060104,3.54899e+08,18,个,0.5671,5.74418e+06,2.0127e+08,1.36575e+06,1.25095e+08,,1.2148e+06,,2.08989e+06,4.01026e+06,13373.1,191259,24130,121520,124130,1.27416e+07,,,82879.8,5768.2,,,,,120083,591849,92069.4,,,,,,
108012103,3.54324e+08,11,个,0.8758,3.5595e+06,3.1031e+08,989032,3.64023e+07,,,,,1.32117e+06,,,40003.1,,700,1.65623e+06,,,,149.88,,,,,43230.8,,853.35,,,,,,
109041001,3.54134e+08,16,千米,0.7028,3.14981e+06,8.67543e+07,1.66648e+06,4.75686e+06,,2.4887e+08,,872241,5.63343e+06,932262,52179.4,885209,96262.4,,273681,137024,,,,,,,,6533.45,32207.5,15441.9,,,,,,
104020201,3.5317e+08,12,平方米,0.3478,8.54325e+06,1.214e+08,480554,8.56806e+07,,3.92201e+06,,,9.93333e+06,1.22841e+08,,,312,,279134,,,,,,,,,18083.9,,3523.42,,,,68396.1,,
107050300,3.52388e+08,19,千克,0.3719,1.31063e+08,9.76523e+07,1.30135e+06,4.2675e+06,,2.01052e+07,3.37999e+07,122.4,8.03152e+06,4.10031e+07,796961,26825,465,4284.6,2.28429e+06,,,139019,4952.92,,,,,840374,1.10193e+07,47697.9,,,,,,
109025205,3.51589e+08,19,个,0.9769,720069,3.43463e+08,305636,4.31006e+06,,327108,,4300,505483,2332.8,,181995,363206,14787,1.29999e+06,,,38721.8,2500,,18650,15156.8,,15007.2,100,723.4,,,,,,
109060599,3.51517e+08,17,个,0.6686,5.96963e+06,2.35019e+08,3.31943e+06,1.00557e+08,,214074,,271050,966913,960,3.80553e+06,112400,83122,148352,500100,,,6482,62473.5,,,,,,1950,478598,,,,,,
103011302,3.51505e+08,16,千克,0.3644,1.28098e+08,4.93164e+07,1.528e+07,776399,,,,,4.14573e+06,300000,9.38971e+06,6.22211e+07,,8.22845e+06,6.98682e+06,,,205972,5.56677e+07,2707.3,,1.82913e+06,,2500,,9.05438e+06,,,,,,
107020230,3.51438e+08,5,千克,0.9999,3.51396e+08,67.8,30267,,,,,,,,5576.05,,,6172.36,,,,,,,,,,,,,,,,,,
103010804,3.48595e+08,14,千克,0.4085,1.42415e+08,2.39023e+07,1.11528e+07,757936,,,,,270059,,6.52036e+06,3.73578e+06,,189214,511793,,,4385.55,3.02981e+07,306114,,1744,,,,1.28529e+08,,,,,,
107030209,3.48584e+08,11,个,0.4735,2.10605e+07,1.65066e+08,154247,33772,,,,,1.85952e+06,,1.33127e+08,3502,,2.69123e+07,,,,815,275270,,,,,,,91220.9,,,,,,
109012899,3.4828e+08,15,个,0.7744,2.44098e+07,2.69715e+08,382177,5.05519e+07,,66280.8,,100845,582380,539919,90,,5650,1.01278e+06,847673,,,65457,,,,,,,360,50,,,,,,
102050506,3.47611e+08,5,千克,0.9337,3.24569e+08,39254.5,2.29702e+07,4770,,,,,,,,,,,,,,,,,,,,,,27948.8,,,,,,
109024206,3.46897e+08,16,个,0.6849,1980,2.37592e+08,4.46251e+06,9.05454e+07,,661,,,32540.6,,6.64389e+06,4.30508e+06,,13933.6,436950,,,18672.5,2.14916e+06,,,604573,,930,950,88068.5,,,,,,
109020813,3.45724e+08,14,千米,0.5569,66242,1.48864e+08,300815,3.57916e+06,,1.92536e+08,,560,83340.8,,22059.8,1300,69310,,168025,,,,,,7780,,,7060,18275.2,,,,,,,
107022601,3.40358e+08,13,千克,0.9948,3.38589e+08,397960,136198,,,,234.78,,103119,,37211.8,260793,,123789,454900,,,166119,68262.4,,,18903,,,,1190.56,,,,,,
107030116,3.40352e+08,7,千克,0.9008,3.06591e+08,2.53655e+06,,,,,,,,,2.30253e+07,,,1.01904e+06,,,,7.1733e+06,5265,,,,,,,1872,,,,,,
109042405,3.39928e+08,20,个,0.5314,8.42812e+06,1.80649e+08,1.50465e+07,6.20292e+07,,4.42082e+06,,6.17696e+06,2.07643e+07,1.26242e+07,3647.51,491.4,5.75731e+06,21900,2.37558e+07,,,4230,,18554,42000,,,5760.12,56598.9,12943.9,,,,,110000,
104020121,3.38455e+08,7,个,0.9890,75192.5,3.34731e+08,2.10127e+06,1.11085e+06,60618.1,,,,74014,,,,,,302160,,,,,,,,,,,,,,,,,
103010504,3.36818e+08,16,千克,0.5394,1.81678e+08,4.25359e+06,514554,15258,,29820,,,2.2192e+07,58393.8,77942.4,9.71007e+07,,840941,11063,,,1.30884e+07,736837,92000,,1.61234e+07,,,,4750.78,,,,,,
108010401,3.35932e+08,19,平方米,0.6324,1.37479e+07,8.25089e+07,5.35654e+06,1.09471e+06,,4.07739e+06,2.05841e+06,67866,1.15348e+07,2.12455e+08,10842.1,493992,,6030.02,1.79039e+06,,,396078,91080.9,,,,,18769.3,196571,20174,5713.8,,,,,
106040703,3.3403e+08,9,个,0.9926,9918.3,3.3155e+08,780309,1.11191e+06,299273,,,,5846,,,126200,,,146240,,,,,,,,,57,,,,,,,,
109012407,3.30491e+08,13,个,0.5914,2.22604e+07,1.95436e+08,1.0457e+06,1.0311e+08,,16045,86702.7,365388,295764,,,,8754.99,360,7.34614e+06,3950.01,,,,,,,,515092,,,,,,,,
105010303,3.28886e+08,14,个,0.7250,3.19743e+07,2.3845e+08,1.44534e+06,1.01653e+07,,596002,4.20834e+07,5000,228550,1.94092e+06,92.14,450,,,1.96668e+06,,,,29089.4,,,,,,,955.5,,,,,,
109025503,3.28377e+08,11,千克,0.3617,1.18769e+08,6.46762e+07,404677,1.07733e+08,,60917.2,3500,2.4876e+06,3.00049e+07,81610,,,73311.5,,4.08298e+06,,,,,,,,,,,,,,,,,
107020117,3.28375e+08,9,千克,0.9978,3.27667e+08,31203.6,566938,504,,,,,36948,,1700,,,61427.4,,,,6415.6,,,,,,,,2816,,,,,,
109012608,3.27228e+08,17,个,0.3481,1.09845e+08,1.13915e+08,224158,1.00418e+08,,187046,61740,19949,1.61905e+06,9600,111.15,,4480,136.05,890069,,,,280,,,,,12718.8,21384,60,,,,,,
107020112,3.26427e+08,11,千克,0.9946,3.24651e+08,56768.1,592500,360,,,360,,20546.1,,6959,,,1.09397e+06,,,,2574,892.2,,,,,,,1380,,,,,,
109060103,3.26075e+08,15,个,0.5971,2294,1.94712e+08,2.16162e+06,6.97145e+07,,1.53068e+06,511,2.01279e+07,7.76617e+06,,,305059,517134,,2.92113e+07,,,,,20159.8,,,,10,5741.4,503,,,,,,
106051201,3.25595e+08,20,个,0.8328,1.10366e+07,2.71161e+08,544567,5.8933e+06,124533,13568.9,,1550,3.09653e+06,3.22104e+07,3454.3,20458.3,330,19661.4,79735,,,141.5,888,,,,,817050,2898.87,84910,,,,,,484093
105010203,3.22785e+08,17,千克,0.7263,2.34451e+08,3.64565e+07,312786,361323,,96399.8,4.32762e+06,,3.05716e+06,4.29276e+07,,795,255419,50,99041,,,,260696,,,,,133275,270,5333.92,,,,,,40075.6
109040801,3.22646e+08,15,个,0.7318,92379.4,2.36114e+08,2.19718e+06,7.41601e+07,,3.22962e+06,,,3.18281e+06,,3815.31,,60336,22242.7,3.45771e+06,,,,9,,,149.76,,38459.8,38589.6,48937.8,,,,,,
109012904,3.22287e+08,20,个,0.6782,1.74927e+06,2.18561e+08,1.93366e+06,9.32624e+07,,45670,39175.5,655660,4.32526e+06,58940,56130,45035.3,364100,9198.22,1.04409e+06,,,67020,60.3,,,,,47580,7098.07,7255.13,7500,,,,,
109010605,3.20503e+08,12,个,0.9588,1.71644e+06,3.07299e+08,1.21198e+06,9.15131e+06,,23676.8,300,118974,40361.6,,,,5217,,174467,,,540,,,,,,760496,,,,,,,,
304030200,3.20251e+08,14,UNKNOWN,0.6573,2.356e+06,8.63315e+06,2.10496e+08,170758,,,,2.69916e+07,1.57341e+07,,,180786,3.21878e+07,,2.81573e+06,1.97864e+07,,,,13437,406381,,,,,,453876,,,,24850,
104020125,3.19656e+08,19,个,0.5384,2.51753e+06,1.72094e+08,977050,1.11547e+08,2.94705e+06,9.24387e+06,,,1.29697e+07,20065.2,3057,189158,216,15408,4.61559e+06,138683,,,,,,410.85,385348,1.31809e+06,261989,412708,,,,,,
109010506,3.1934e+08,11,个,0.9742,1.10759e+06,3.11088e+08,358765,6.16129e+06,,,,,71325.8,,16469,,10100,,445922,,,,274.4,,,,,78820.4,,1649.22,,,,,,
109021499,3.1922e+08,17,个,0.5701,546244,1.81983e+08,4.76144e+06,1.21554e+08,,795334,69650,638463,3.30786e+06,1.03659e+06,,,961500,16200,3.41458e+06,40.01,,27920,6000,,,,,100245,,311.1,,,,,,
108011700,3.17536e+08,9,个,0.8055,3.24651e+07,2.55764e+08,6456,2.14746e+06,,1.95189e+06,,,2.50548e+07,,208.72,,,,,,,,,,,,,28.08,146100,,,,,,,
109022813,3.15547e+08,10,个,0.8942,,2.82155e+08,201856,3.28901e+07,,75,,,40520,,756.09,,,,242869,,,,,,,,,13194.5,,372.8,,,,2120,,
109025309,3.15476e+08,18,个,0.4458,10985,1.4063e+08,2.95864e+07,1.31154e+08,,53590,7521,432628,4.5411e+06,2000,14280,23225,23780,267293,8.01811e+06,27600,,,,,,,,325011,325127,33623.8,,,,,,
109010403,3.14027e+08,11,个,0.9222,7548,2.89594e+08,734517,8.24127e+06,,35945.4,,,21397,415050,,,231000,,1.47455e+07,,,,,,,,,532,220,,,,,,,
109060502,3.13858e+08,13,个,0.7216,104702,2.2647e+08,1.09208e+06,8.24507e+07,,,,,2.98054e+06,,136724,2000,2350,321449,151120,,,1362.99,128,,,,,,,145540,,,,,,
109022204,3.13486e+08,16,个,0.9469,607006,2.96824e+08,1.36272e+06,9.89068e+06,,2674.8,,,3.15651e+06,,7555.56,26000,27429.3,9172.8,1.52006e+06,,,1146.6,4001,,,,,9498.01,26049.8,10798.6,,,,,,
108040404,3.13458e+08,19,个,0.7467,2.84467e+07,2.34053e+08,1.20663e+06,2.92409e+07,,185689,18624,554677,4.39487e+06,12775.4,143219,1.21461e+07,34527.1,209232,2.552e+06,,,21956.4,254.98,,,,,35958.6,28959,171562,,,,,,
109013501,3.12307e+08,19,个,0.7153,2.96482e+07,2.23381e+08,4.41333e+06,5.19051e+07,,922182,,594925,593842,12108,4288.96,1740,285191,18483.8,377155,12500,,1296,,,,4243,,128270,2984.83,152.1,,,,,,
107020224,3.12013e+08,7,千克,0.9998,3.1194e+08,56719.5,3998.96,,,1408,,,70,,66.15,,,10558,,,,,,,,,,,,,,,,,,
109050801,3.11791e+08,13,个,0.5974,,1.8626e+08,4.33757e+06,8.96008e+07,,93829.4,,2.95558e+06,2.41561e+06,1.82358e+06,,15268.4,3100,,2.38496e+07,7000,,,,,,,,415665,14060,,,,,,,
107050701,3.11687e+08,12,千克,0.9953,3.10223e+08,898015,324218,124077,,20099.1,,,2130,780,60841.1,,,648,,,,,,,,,,2000,28183.4,3215,,,,,,
103020501,3.11508e+08,13,千克,0.5645,1.75859e+08,1.05618e+07,1.23407e+06,114420,,,,,9.96246e+06,,2.12535e+07,2.81309e+07,,2.29825e+06,,,,1056,4.69341e+07,2.20863e+06,,1.09139e+07,,,,2.03648e+06,,,,,,
106040402,3.09337e+08,15,立方米,0.5243,1.13839e+08,8.52816e+06,7202.05,485074,,,1.62178e+08,,1.92277e+06,,1.13292e+06,1.27309e+06,959.28,1.31382e+07,778.4,,,6.43689e+06,382010,,,,,,6425,6079,,,,,,
107020222,3.08982e+08,6,千克,0.9989,3.08654e+08,415.2,276752,48160,,,,,40,,,,,2109.76,,,,,,,,,,,,,,,,,,
109020405,3.08505e+08,12,个,0.8206,654248,2.53157e+08,1.53001e+06,2.8518e+07,,622171,,2.43607e+06,230111,6.21368e+06,,286259,,,230476,1.4625e+07,,1470,,,,,,,,,,,,,,
108012901,3.07055e+08,17,千克,0.8906,2.73472e+08,1.9617e+07,4.01031e+06,1.01528e+06,,6000,6.14818e+06,,606920,2800,44614.6,36278.4,,370508,787238,,,384236,121136,,,45578.3,,,374663,12461.4,,,,,,
109012103,3.06183e+08,18,个,0.8403,1.36301e+07,2.57299e+08,9.22734e+06,1.04464e+07,,3.85759e+06,,86130,1.89655e+06,,274312,3150,7030,1640,3.66095e+06,5716.5,,380,1225,,,,,113807,5.50896e+06,163127,,,,,,
101030306,3.04774e+08,9,个,0.5562,1.11926e+08,1.69525e+08,801.33,,,,,,4.47161e+06,1.88434e+07,39.8,952.28,,5544.59,,,,,201.91,,,,,,,,,,,,,
104011005,3.04551e+08,19,千克,0.9561,2.91169e+08,1.58293e+06,336544,165240,,5.49374e+06,62920,,2.91025e+06,1.58164e+06,74885.7,16610,21149.1,320782,30723.7,,,294535,4130.73,,,31211.4,,4068.86,433846,16463.9,,,,,,
109051301,3.04425e+08,11,个,0.7651,,2.32904e+08,1.77406e+07,5.06863e+07,,8933.88,,964251,599357,,,,147600,,1.27149e+06,85460,,290,,,,,,17640,,,,,,,,
109013504,3.04189e+08,9,个,0.9393,327.6,2.85737e+08,1.04161e+06,9.46818e+06,,,,,234,,520.01,7.91688e+06,,,22762.9,,,,,,,,,905,,,,,,,,
109032401,3.03915e+08,5,个,0.6396,,1.94389e+08,1.07275e+08,2.22958e+06,,,,,15300,,,,5618,,,,,,,,,,,,,,,,,,,
109024210,3.03807e+08,17,个,0.6206,4896.85,1.88554e+08,1.29887e+06,1.09526e+08,,,,210000,655129,,1.77917e+06,,6000,131311,1.24827e+06,,,46147.2,66042,,11500,1120,,15408,25336.4,227592,,,,,,
109010702,3.0274e+08,19,个,0.7031,2.73384e+06,2.12846e+08,273507,3.03749e+07,,665657,,3.62382e+06,3.70863e+07,19625.6,786165,82764.3,10785,262026,4.76577e+06,,,6.97555e+06,12921.5,,,823148,,63148.3,941912,391863,,,,,,
306010901,3.02641e+08,10,期,0.6244,,198710,1.06816e+08,124400,,,4000,,5.36622e+06,,,,779111,,261678,16000,,111745,,,,,,,,,,,1.88963e+08,,,
101011214,3.02629e+08,22,套,0.3433,6.68675e+07,7.87665e+07,1.89628e+06,1.03878e+08,1.67705e+07,744331,1.12383e+07,375776,1.64481e+06,1.25007e+07,700618,1.75057e+06,,371950,2.84913e+06,,,321895,700839,16128.3,,,160184,168456,545084,358018,,,,3720,,
109011503,3.02333e+08,14,个,0.8477,24116.8,2.56298e+08,1.2787e+07,2.53281e+07,,15106,,38047.3,6.43766e+06,,25,,624399,90,716886,,,6620,,,,,,55492,1939,,,,,,,
103011205,3.01745e+08,12,千克,0.9468,2.85684e+08,565947,464781,,,,,,6121.3,,30125.2,488865,,2000.48,358.61,,,290.4,1.03353e+07,,,428,,,,4.1674e+06,,,,,,
106040602,3.00985e+08,18,个,0.8602,1.73109e+07,2.58897e+08,1.68276e+06,2.32281e+06,,32826.8,,800,964864,750000,1.15825e+06,8853,,14972.7,8.63145e+06,31580,,3806,149266,,,,,8.99662e+06,2179.6,26238.2,,,,,,
108010706,3.00528e+08,15,千克,0.5658,1.70031e+08,2.1408e+07,454339,170229,,4.36852e+06,,,5.20454e+06,2.32074e+07,2,7.4419e+07,,136,1.2047e+06,,,9516,276,,,,,,34073.1,16017.6,,,,,,
301050302,3.00432e+08,7,千克,0.9781,2.93855e+08,2.37302e+06,424254,,,,,,,,5940,2.79685e+06,,,25855,,,,,,,,,,,,,951548,,,,
108020402,2.99827e+08,9,千克,0.7854,2.35497e+08,1.53725e+07,,791497,,4.75963e+07,,,389195,165260,50,,,,,,,,,,,,,15000,,142,,,,,,
108012001,2.99165e+08,16,个,0.6712,5.58627e+07,2.00814e+08,963971,2.95216e+07,,669498,385000,,2.06907e+06,8.47061e+06,15584.8,69443,70315,26872,205802,,,,,,,,,15955.2,602,3918,,,,,,
109041999,2.98339e+08,13,个,0.5991,1.5842e+06,1.78724e+08,425261,4.45193e+07,,20691.5,,,5.41039e+07,480000,13353.4,795,,61548.5,3.52022e+06,,,,,,,,,1.48846e+07,,1380,,,,,,
106040303,2.983e+08,19,个,0.9085,5.56626e+06,2.7101e+08,1.70153e+06,1.89055e+07,,1189.16,,,194135,264436,24927.9,64201.3,84,5675.32,443816,,,50,31700.6,10.46,,362.01,,65584.9,15267.4,5441.28,,,,,,
109011202,2.98045e+08,9,个,0.9629,,2.86975e+08,36421,8.55494e+06,,459695,,196840,149700,10176,,,1200,,1.66112e+06,,,,,,,,,,,,,,,,,
109040604,2.97769e+08,17,个,0.8304,921449,2.47279e+08,2.33253e+06,3.96587e+07,,132748,12960,758400,3.09233e+06,,121789,857458,50209,600,2.40477e+06,,,14040,,,,,,116049,15496,318,,,,,,
106020300,2.97589e+08,24,个,0.3857,2.07642e+07,1.14785e+08,6.44644e+07,8.90013e+06,586670,1.72742e+06,5.37192e+06,5687.69,1.50732e+07,2.34225e+07,2.56753e+06,2.67362e+06,40341.8,4.44475e+06,1.70273e+07,,,3.1578e+06,177393,494145,,3.17876e+06,,43642,4.26508e+06,4.36734e+06,,,2200,48067.8,,
104020301,2.97535e+08,9,个,0.6280,1.46502e+06,1.8684e+08,661882,1.06792e+08,,,,,345991,1.38932e+06,,,,,13280,,,,,,,,,26856,,71.09,,,,,,
108040900,2.96483e+08,18,个,0.4601,2.11898e+06,1.36408e+08,1.18144e+07,7.63323e+07,,2.3082e+06,1.09031e+07,2.92412e+06,3.09319e+07,1.57979e+07,,2.28621e+06,1.1438e+06,150,1.30945e+06,829170,,,,,,,,165824,3584,,,843080,,,,363400
107050502,2.95872e+08,18,套,0.8071,3.94478e+07,1.01573e+07,5511.06,2.38795e+08,,4.02342e+06,6479.62,,18805.1,1.40914e+06,66996,1.16301e+06,,2371.32,221571,,,135961,1944,,,77400,,380,244671,94292.3,,,,,,
109050803,2.95536e+08,12,个,0.5613,,1.65893e+08,1.52546e+07,1.02664e+08,,387817,,5.45691e+06,1.01874e+06,,5240,13380,,,4.74818e+06,86671,,,,,,,,6760,750,,,,,,,
107022499,2.95149e+08,14,个,0.9781,,2.88674e+08,801553,2.27788e+06,,,,,172830,,1.03581e+06,1.13195e+06,,121238,647300,,,1547.7,18052.9,,,7569.23,,1315,1980.4,255936,,,,,,
104010902,2.94291e+08,18,个,0.4829,2.3295e+07,1.42113e+08,1.14475e+07,9.06275e+06,,1.22875e+07,3940,88400,2.95934e+07,4.24347e+07,2195.82,213103,,,4.31948e+06,,,1110,33260,,,1050,,1.09291e+07,8.35064e+06,115036,,,,,,
106040607,2.93313e+08,14,个,0.7239,9.93721e+06,2.12337e+08,290500,8.42953e+06,,4399.06,,,2.35816e+07,,2.78356e+06,2127,,199.79,2.46403e+06,,,,2046.08,,,,,2.5913e+07,18165.1,7.54903e+06,,,,,,
109024501,2.91971e+08,14,个,0.6744,,1.96906e+08,6.63679e+06,6.91958e+07,,,,,3.6099e+06,,9.53796e+06,1.47e+06,,699890,95694.2,,,630,2.6361e+06,128198,,,,903777,514.72,150085,,,,,,
109060605,2.91894e+08,17,个,0.5356,670242,1.56336e+08,4.5228e+06,1.01818e+08,,915882,,2.30419e+06,2.18428e+07,,46405,68467,1.75997e+06,7137,1.4034e+06,,,,2430,,185000,,,1385,570,9758.6,,,,,,
107030113,2.91458e+08,7,OTHER,0.9941,772435,750469,7950.4,,,,,,2.89726e+08,,86404.8,,,20217.6,,,,,,,,,,,,93600,,,,,,
105010801,2.90812e+08,17,个,0.8230,1.77685e+07,2.39347e+08,1.90734e+06,1.8796e+07,,1.57579e+06,53250,11955,2.7193e+06,,554148,320152,,62983.8,2.14312e+06,,,,252897,,,9968.87,,9371.05,220683,5.05927e+06,,,,,,
103040101,2.90433e+08,4,千克,0.9904,2.87641e+08,2.78863e+06,,,,,,,3231.26,,,,,,,,,,403.94,,,,,,,,,,,,,
107030602,2.88962e+08,12,千克,0.6645,1.92011e+08,3.1059e+07,559181,,,,23000,,3.16954e+07,,9.4355e+06,68677,,2.38436e+07,,,,176060,15620.4,,,74792.8,,,,485.37,,,,,,
109020501,2.88927e+08,11,套,0.3690,1.17847e+07,1.02251e+08,235880,1.06601e+08,,3713.6,,,6.6681e+07,1.19851e+06,330,,,1292.5,69102.6,,,,,,,,,,,99520,,,,,,
109012201,2.88813e+08,15,个,0.7016,4.50689e+06,2.02639e+08,142564,6.57298e+07,,87919.3,,135928,9.92251e+06,,1344,,39540,29600,38060,,,6505.2,,,,,,5.52745e+06,265.15,6000,,,,,,
109032701,2.88712e+08,18,个,0.5073,9.80444e+06,1.46473e+08,5.41827e+06,4.56953e+07,,6.46623e+06,,1.29989e+06,1.50076e+07,3.38022e+07,14733.2,1544.4,2000,4617.9,2.61772e+06,,,1500,4482,,,,,14381.3,2.20521e+07,32076.7,,,,,,
109050204,2.87575e+08,18,个,0.4882,3.21691e+07,1.40388e+08,4.07331e+06,9.05086e+07,,3.64582e+06,,1.98894e+06,1.03687e+06,704527,59963.5,1.75882e+06,25865.4,30,1.0333e+07,410000,,,214,,,,,53399.6,402012,17131,,,,,,
107021005,2.87116e+08,18,千克,0.9466,2.7177e+08,681822,397237,66741.6,,850,80232.8,,164052,34314.8,16222,237696,,126796,145846,,,1.85024e+06,2587.31,1.12623e+07,,177399,,,7778.19,93155.8,,,,,,
107010108,2.8617e+08,19,桶,0.4590,1.19045e+08,1.00418e+07,270689,8.54865e+06,,4598.5,5.18414e+06,300,3.71841e+06,,324563,602264,1750,3.45111e+06,637000,,,1.31357e+08,411301,,,2.34245e+06,,224,1680,226286,,,,,,
401010000,2.85841e+08,21,UNKNOWN,0.4051,8.14458e+06,4.94445e+07,1.15796e+08,1.11896e+07,8355,17761.3,3.71161e+06,2.26419e+07,7.2976e+06,373232,10500,,2.05499e+07,,1.65878e+07,2.49999e+07,,,,18039.3,3.04757e+06,,,415.52,4400,600,1.99133e+06,,,,,5670
103011003,2.85542e+08,15,千克,0.9105,2.5999e+08,1.93258e+06,1.58793e+06,46903.3,,,,,387471,,895243,1.04101e+07,389400,2.2777e+06,384.01,,,1810.3,5.52828e+06,,,147824,,,90,1.94604e+06,,,,,,
103021201,2.85372e+08,14,千克,0.7754,2.21287e+08,5.73604e+06,8.72289e+06,36072.3,,,,,2.77437e+06,,842852,2.14699e+07,,3.34077e+06,386004,,,2.10783e+06,1.30334e+07,121000,,1.75258e+06,,,,3.76079e+06,,,,,,
104030202,2.85348e+08,12,千米,0.5811,4.86175e+06,5.1053e+07,1.07069e+06,512087,,1.65812e+08,,2780,3.09679e+07,2.98919e+07,,1870,,,1.11404e+06,,,,,,,,,17274.2,43395.2,,,,,,,
103020802,2.85078e+08,15,盒,0.5050,2.2579e+06,8.92781e+06,3.02391e+06,257373,,,,,6.81863e+07,,1.43969e+08,5.46088e+06,,1.59162e+06,645722,,,733765,4.56231e+07,13150,,3.45774e+06,,220,,928694,,,,,,
107030208,2.83869e+08,10,盒,0.9202,202718,29955.2,57405.8,9542.2,,,,,253844,,2.61215e+08,,,2.20981e+07,,,,156,1923,,,,,,,970,,,,,,
106010505,2.83403e+08,19,卷,0.3439,7.47155e+07,6.05013e+07,963701,1.12358e+06,,1.72248e+07,102941,53413.3,1.64895e+06,1.50898e+07,59141.6,87950.6,,6154,1.42405e+07,,,13135,44695.5,,,,,43514,9.74678e+07,12472.7,,,,3740,,
103010503,2.82999e+08,15,千克,0.8281,2.34341e+08,2.23506e+06,329990,43271.3,,147680,1712,,3.58122e+07,,234479,2.96102e+06,,4.68693e+06,14414.8,,,1.92448e+06,256029,,,1223.6,,,,10125.8,,,,,,
109010505,2.82149e+08,6,个,0.9866,131754,2.78364e+08,1.22858e+06,1.96371e+06,,,,,,,,,,,460430,,,,,,,,,124,,,,,,,,
304030103,2.81951e+08,22,UNKNOWN,0.4083,3.84048e+06,3.29591e+07,1.15126e+08,6.43274e+06,,63669.8,19825,1.1968e+07,7.24426e+06,4.87421e+06,50043,8000,2.0947e+07,200,5.71867e+07,1.47099e+06,,,,1.91418e+07,469234,,,114356,18582.5,11971,133,,,2910,,
107030409,2.81946e+08,11,瓶,0.5057,1.78502e+07,1.15435e+07,3.19678e+06,22370.7,,,,,217913,,1.06251e+08,,,1.42574e+08,,,,11272.9,137584,,,68690.1,,,,71958.7,,,,,,
109024213,2.81767e+08,19,个,0.6405,1.0268e+06,1.80464e+08,1.87073e+06,6.63884e+07,,49240.3,59904,4950,1.31663e+06,,1.33586e+07,1.53672e+06,,5.18435e+06,906076,,,389654,229392,205301,,171836,,5.8783e+06,23130.3,2.70266e+06,,,,,,
101030102,2.81587e+08,12,千克,0.9436,2.65705e+08,597257,261938,,,,,,9.9754e+06,2.56643e+06,327924,251111,,646.69,254800,,,,20804.8,,,,,,1500,1.62423e+06,,,,,,
102049908,2.80623e+08,14,千克,0.9413,2.64144e+08,3.44569e+06,43538,127340,,2.33817e+06,9.94226e+06,,15040,160968,6360,,,166364,75000,,,152730,,,,,,5297.76,650,,,,,,,
107060303,2.79544e+08,20,个,0.6000,9.16438e+06,1.67727e+08,1.69286e+06,6.10201e+07,,9.79744e+06,272956,106956,1.66085e+06,2.44811e+06,3.28598e+06,15186.9,1560,35067.4,2.04753e+07,,,233250,429253,156,,,,188348,541123,447982,,,,,,
109024401,2.76895e+08,13,个,0.9642,,2.66984e+08,199194,9.1668e+06,,140404,,,1000,,82265,47040,540,170110,,,,,,,,,,208,9711,3220.8,,,,,91341,
101030103,2.76262e+08,3,OTHER,1.0000,105.9,2700,,,,,,,2.76259e+08,,,,,,,,,,,,,,,,,,,,,,,
109010602,2.75896e+08,11,个,0.9408,4.40474e+06,2.59559e+08,146424,1.14522e+07,,26758.2,,15612,20230,,,,156900,,44480,,,,,,,,,49890,19200,,,,,,,
107021201,2.7582e+08,19,个,0.3936,2.27412e+07,1.08571e+08,7.19771e+06,1.24965e+07,,3.74925e+06,1.13417e+06,7342,3.35738e+06,4.58327e+07,96588.4,1.37826e+06,,726607,861747,,,6.47946e+07,84972.1,,,242363,,49606.3,1.3427e+06,1.15512e+06,,,,,,
107021408,2.74901e+08,9,千克,0.9957,2.73708e+08,162182,42535.8,6032,,,,,941927,,322.5,6700,,17046.6,,,,16645,,,,,,,,,,,,,,
107021405,2.7296e+08,11,千克,0.9946,2.71478e+08,578400,67259.7,1198.1,,,,,223891,,37407.3,78637.6,,330476,,,,134919,18868.3,,,,,,,10990,,,,,,
109012199,2.72842e+08,18,套,0.4249,165240,5.44625e+07,9.89482e+07,1.15929e+08,,1.94342e+06,,39550,336920,10.49,6031.88,5894.51,85941,73866.3,449921,,,213570,,,,750,,29139.9,140157,12522.9,,,,,,
107030115,2.71392e+08,18,千克,0.3958,1.07408e+08,4.10952e+07,73674.2,97714.7,3717.6,90,200,,1.31496e+06,,9.56757e+07,30902,,2.30906e+07,,,,256193,848915,81275,,3425.2,,785.44,6528,1.40379e+06,,,,,,
107021003,2.71057e+08,16,千克,0.9409,2.55037e+08,899240,58978,105452,,2400,274.06,,104192,66600,15657.3,61512.2,,80044.1,1.27794e+07,,,249701,968,,,,,,1.59403e+06,1614.91,,,,,,
109020411,2.70814e+08,20,个,0.2937,2.74034e+07,7.9531e+07,3.28098e+06,3.8625e+07,17704,9.58362e+06,1.54452e+06,978914,2.08996e+06,3.59033e+07,2637.31,48068,62000,8044.4,7.00429e+07,,,122697,2361.5,,,,,68856.1,1.47355e+06,23976.4,,,,,,
109020401,2.7054e+08,17,个,0.4190,5.6134e+07,1.13357e+08,135131,9.37478e+07,,136292,4.54312e+06,1.01367e+06,589944,375490,,,2229,12585,169240,,,169210,,,,,,147820,2970,485,,,,,,3132
108031603,2.70507e+08,12,千克,0.9939,2.68859e+08,863791,387529,2750,,,,,6360,,,,,4912.99,233609,,,510.4,480,,,,,124916,23400,325,,,,,,
109061903,2.69806e+08,15,个,0.6488,77829,1.75039e+08,1.76661e+06,8.92013e+07,,,,189533,2.96285e+06,,97263,,17320,11185,412790,,,2146,,9700,,,,16300,300,1999.99,,,,,,
109011608,2.69416e+08,13,套,0.4461,169917,1.18704e+08,1.01475e+07,1.20173e+08,,1.955e+06,,260035,1.94673e+06,1.29539e+07,,,,,2.58929e+06,,,13920,,,,,,4039.16,,8.58,,,498200,,,
107050902,2.68911e+08,17,个,0.7205,3.25925e+07,1.93743e+08,1.03817e+06,3.32774e+07,,503459,142279,,432877,280560,2711.16,66858.8,257,,3.28759e+06,,,624,135,,,,,2.32385e+06,1.21775e+06,763.1,,,,,,
306010100,2.68794e+08,8,次,0.7953,,526543,5.39747e+07,,,,,166404,,,,,2.13784e+08,,184478,107857,,,,,30765,,,,,,19508,,,,,
304080204,2.68268e+08,7,UNKNOWN,0.4485,,5.93957e+07,1.20324e+08,,,,,3.33329e+07,4.16945e+07,3000,,,7.87646e+06,,,5.64189e+06,,,,,,,,,,,,,,,,
101010303,2.68148e+08,16,千克,0.9049,2.42653e+08,1.08033e+07,459465,7280,,54339.3,,,4850.11,,2620.42,4.89571e+06,2950,7.70406e+06,,,,3885,400555,,,813314,,9600,1915,331511,,,,,,
101040600,2.68088e+08,13,千克,0.8849,2.37237e+08,1.30558e+06,1.47896e+07,4380,,,,,135838,,2.80208e+06,1.86324e+06,,8250.08,199367,,,,4.36973e+06,394685,,3992.93,,,,4.97515e+06,,,,,,
109062703,2.66162e+08,15,个,0.9919,93483.2,2.64003e+08,115237,830033,,,,,106448,,693417,77802.2,,28394.4,859.58,,,17270.6,29752.4,51177,,,,1467.8,72215.7,41902.5,,,,,,
109011002,2.65096e+08,17,个,0.5435,5.17719e+06,1.44089e+08,303853,1.11064e+08,,216662,7000,800,297046,972877,8102,5220,181160,17580.2,77776,,,,,,,,,2.0657e+06,610486,2089,,,,,,
109040503,2.64931e+08,17,个,0.6359,2.94824e+07,1.68467e+08,211947,4.47412e+07,,5.17207e+06,,353251,1.41522e+07,,853,1599.84,36761.4,471311,374722,,,9770,200,,,,,1.28665e+06,146867,23021,,,,,,
109020904,2.63092e+08,7,个,0.6892,636894,1.8131e+08,925189,7.91598e+07,,45001.6,,,917768,,,,,,96815,,,,,,,,,,,,,,,,,
109020704,2.62847e+08,16,个,0.7375,1.14026e+06,1.93847e+08,1.25277e+06,6.38958e+07,,619195,7805,12004.2,1.12236e+06,228672,75,,172560,1550,431475,,,1580,,,,,,113460,,811.68,,,,,,
301060200,2.62096e+08,11,千克,0.7230,1.89506e+08,7.49851e+06,3.09656e+07,144636,,181500,25800,6.0264e+06,2.83951e+06,,,,9.77846e+06,,1.47142e+07,,,,,,,,,,,,,,,,,415122
108031104,2.61459e+08,4,千克,0.9806,2.56388e+08,100005,,,,,,,4.96836e+06,,,,,3348,,,,,,,,,,,,,,,,,,
109020808,2.61148e+08,9,个,0.9918,406842,2.58998e+08,3910,180563,,21220,,,254379,,1456,,,480,1.28115e+06,,,,,,,,,,,,,,,,,
109010502,2.60273e+08,15,个,0.8497,9.97307e+06,2.21147e+08,7.72345e+06,1.77805e+07,,32402.9,,,197441,,2000,,370154,220,1.90041e+06,,,56629,,,77000,,,1.00781e+06,1350,3500,,,,,,
109022404,2.59789e+08,15,个,0.7889,2.75342e+06,2.04952e+08,1.82144e+06,4.71743e+07,,109474,,,401437,,592575,,189950,684871,1.01556e+06,,,258,,,,1080,,67119,20629,4320,,,,,,
109025302,2.57588e+08,19,个,0.6330,1.17248e+06,1.63047e+08,830121,2.32608e+07,,340570,600,298962,6.46794e+07,,1891.03,7725,4468,2.40795e+06,1.25593e+06,,,61819,6330,,,116019,,66675.8,18880,10532,,,,,,
107030214,2.56816e+08,13,瓶,0.5867,734676,2.91791e+07,319693,231347,,299.5,,,1.55819e+06,,6.6617e+07,175055,,1.50686e+08,,,,1.5438e+06,5.26212e+06,,,,,,54,508784,,,,,,
109060302,2.56619e+08,7,个,0.6315,,1.62052e+08,46680,9.43372e+07,14178.8,,,15000,86700,,,,66845.8,,,,,,,,,,,,,,,,,,,
110020101,2.56284e+08,7,立方米,0.8725,1.86942e+07,24040,9.69091e+06,128000,,60,2.23599e+08,,4.14741e+06,,,,,,,,,,,,,,,,,,,,,,,
106051207,2.56046e+08,18,个,0.4340,1.43477e+07,1.11116e+08,3.61684e+06,8.41116e+07,,4.91561e+06,,,1.96557e+07,1.2216e+06,227217,243319,277652,96060,323853,,,106272,5572.21,,4400,,,1.38575e+07,27799.5,1.89108e+06,,,,,,
107060304,2.55886e+08,20,个,0.3614,5.83463e+06,9.24744e+07,2.07859e+07,6.764e+07,,4.1091e+06,14000,794004,5.21752e+06,4.4415e+07,18,444242,16280,45138,1.3417e+07,,,43063.8,231.6,,,148,,8450.6,342819,284410,,,,,,
109051904,2.55162e+08,9,个,0.8930,1.27552e+06,2.27854e+08,135011,2.20658e+07,,2.16605e+06,,,1.62918e+06,,260,,20898,,,,,,,,,,,14996,,,,,,,,
107022604,2.54859e+08,13,千克,0.9746,2.48383e+08,3.886e+06,233178,151943,,,,,2077.78,,279479,8664.94,,1.8016e+06,26312.8,,,5883.2,6917,,,,,,31901.5,42210.5,,,,,,
109024502,2.54479e+08,11,个,0.5208,,1.32523e+08,1.1638e+06,1.12339e+08,,4725,,,6.49997e+06,,3620,,1690,,1.79831e+06,,,,,,,,,135,26442,117535,,,,,,
103010805,2.54019e+08,15,个,0.4130,7.64124e+07,1.04901e+08,1.04629e+06,883.77,,,,,282310,,6.67477e+06,7.88338e+06,,91969.7,635905,,,54032.1,2.26214e+07,,,2.51418e+07,,,2070,8.27032e+06,,242.48,,,,
109050704,2.53634e+08,16,个,0.6482,4.63443e+06,1.64406e+08,1.10149e+06,7.48747e+07,,62992.2,1200,6.40296e+06,1.45166e+06,,7843,,204973,18680,24856,,,,,29356,,,,372380,39763,702.4,,,,,,
102040302,2.52905e+08,14,千克,0.9142,2.31211e+08,6.1246e+06,1.28047e+07,272401,,10574,,,1.98977e+06,379968,7340,,,43496,24145,,,,3300,,,,,800,840,31385.5,,,,,,
109013003,2.5286e+08,19,个,0.6379,3.27586e+07,1.61308e+08,8.25755e+06,1.80135e+07,,1.23433e+06,43976.7,,379754,288,2343,1.2192e+06,11831,2.54815e+07,1.84259e+06,377000,,1.83683e+06,,,,3662,,95,1139.3,87695,,,,,,
109020208,2.52729e+08,12,个,0.5694,3.9747e+06,1.43892e+08,253237,9.84621e+07,,2.9051e+06,,,1.01397e+06,,74.07,,2653.91,664861,113225,,,116849,,,,,,1.33051e+06,,,,,,,,
104030401,2.51878e+08,18,个,0.6026,3.08756e+07,1.51783e+08,649455,1.22273e+06,,1.27961e+07,,,2.64214e+07,5.93484e+06,65216.2,757390,252,4086.86,3.46674e+06,,,10500,108610,,,,,1.73981e+07,48758.9,330512,,4747.16,,,,
109050201,2.51811e+08,13,个,0.7352,92587,1.85129e+08,2.63741e+06,5.63962e+07,,215626,,559847,1.75679e+06,,72975.2,113614,4390,,4.6901e+06,114000,,,,,,,,,28300,,,,,,,
109051601,2.51516e+08,10,个,0.9606,185076,2.41599e+08,660555,5.14253e+06,,102312,,,1.51523e+06,2.27863e+06,,,,1536,,,,,,,,,,410,30068.2,,,,,,,
107020238,2.51219e+08,12,千克,0.9875,2.48076e+08,64580.1,458940,4130,,,15000,,82088,1.50997e+06,,4240,72200,78474.1,813175,,,40100,,,,,,,,,,,,,,
106040705,2.49608e+08,17,个,0.8382,9.47252e+06,2.09213e+08,3.30016e+06,1.76478e+07,,169711,,,16404,3000,19501.3,690137,49660,12900,478620,,,,38.5,768,,,,8.52983e+06,3354.09,574,,,,,,
109060204,2.49452e+08,11,个,0.7309,15000,1.82315e+08,143228,6.53817e+07,,38263.8,,,1.34939e+06,,,,675,10514.3,162028,,,,,34000,,,,2181.2,,,,,,,,
107029901,2.49272e+08,16,个,0.6085,5.36131e+07,1.51676e+08,273969,2.93488e+06,,,154302,,126159,28555,5.18003e+06,2.84591e+06,,2.43537e+07,305540,,,490276,953818,,,562234,,,100,5.77296e+06,,,,,,
104010101,2.48586e+08,15,千克,0.8580,2.1328e+08,1.38399e+07,1.48883e+06,2.09508e+06,,1.16889e+07,17600,7254,5.89474e+06,46733.2,3004.12,155350,,,,,,,360,,,,,26045.6,23152.1,19248,,,,,,
105010702,2.48044e+08,14,个,0.6541,1.60818e+07,1.62247e+08,1.86349e+07,2.44464e+07,,5.15457e+06,9.67133e+06,,768163,8.13857e+06,85190,705056,,,1.86489e+06,,,,,,,,,710,80426.7,165091,,,,,,
108010799,2.47534e+08,15,千克,0.5276,1.306e+08,4.06104e+07,2.0851e+06,2.09581e+07,,2.65199e+06,2.06724e+07,,1.89459e+06,2.74059e+07,3164.43,281866,,20,93318,,,1965.6,184595,,,,,,,90729.3,,,,,,
106041009,2.47525e+08,12,千克,0.6510,1.61129e+08,8.11286e+07,60050,82451.2,,630,,,1016.9,,144192,109544,355,,66554,,,,,,,,,4.79846e+06,,4480,,,,,,
109012903,2.46865e+08,13,套,0.7502,2.46598e+06,5.32826e+07,2.45227e+06,1.85189e+08,,1.59054e+06,,1.2125e+06,267035,,,2880,,26108.6,310119,,,60547.5,4460.4,,,,,1260,,,,,,,,
109020903,2.46276e+08,8,套,0.7137,20585.2,7.00445e+07,132.1,1.7577e+08,,,,,423600,,,,2700,,4340,,,,,,,,,10500,,,,,,,,
106020102,2.46127e+08,21,个,0.4417,6.85075e+06,1.0872e+08,9.58372e+06,9.26552e+06,,650,39.42,575919,7.71031e+07,155,211772,112287,4650,,3.75704e+06,,,,12800,2.94162e+07,18900,,,46,16284,9062,,,207484,260717,,
108010804,2.46049e+08,18,千克,0.7439,1.83038e+08,4.82249e+06,124511,43721.1,,1.34449e+06,17250,470,2.42053e+06,4.83581e+07,37953,1200,,11560,134000,,,2.9908e+06,960,1500,,,,,2.66989e+06,31713,,,,,,
107030302,2.45686e+08,10,千克,0.6182,1.51874e+08,1.44427e+07,161244,602,,,,,3.33609e+06,1.7767e+06,7.14084e+07,,,1.93723e+06,,,,,426862,,,,,,,322339,,,,,,
109013201,2.45444e+08,18,个,0.8088,2.67713e+06,1.98503e+08,311842,2.81966e+07,,68964.5,,20081.8,1.20435e+07,61616.9,96523.2,112095,8660.1,7646.4,3.03008e+06,,,7468.07,2244.92,,,,,165889,82868.7,47382.9,,,,,,
105010202,2.44418e+08,16,千克,0.9816,2.39925e+08,1.96752e+06,10916.8,548553,,590355,1.04705e+06,,129139,99960,5269.81,,,,20245,,,18000,95,,,18000,,3000,16247.2,18791.3,,,,,,
109040903,2.44297e+08,12,千米,0.7447,1.76352e+07,2.85193e+07,597189,4.15574e+06,,1.81939e+08,,154485,2.21663e+06,,,1.22938e+06,,,2.44325e+06,,,,,,,,,17589.2,5.36136e+06,27675,,,,,,
104019906,2.43465e+08,20,千米,0.3424,9.2062e+06,7.02043e+07,273588,3.05823e+07,,8.33702e+07,6.08044e+06,18000,3.31915e+06,1.92606e+07,108042,2.39906e+06,7200,2396.6,5.38938e+06,,,7801.72,4674.88,128920,,,,500601,1.93924e+06,1.06628e+07,,,,,,
109021403,2.42822e+08,16,个,0.3272,1.23427e+07,7.94444e+07,3.73524e+06,6.97444e+07,,1.09705e+07,,,2.86318e+07,117421,2.48466e+06,1.51276e+06,,32684.9,697334,,,42430.8,3.25413e+07,15529.7,,213515,,,,295601,,,,,,
109051105,2.42589e+08,10,个,0.9570,774,2.32165e+08,3.66687e+06,5.63669e+06,,91708.4,,2800,559478,,,6720,,,443505,,,,,,,,,,15570,,,,,,,
109041902,2.42411e+08,5,个,0.9998,,2.42373e+08,17087.8,,,,,,1089.2,,19454,,,657,,,,,,,,,,,,,,,,,,
109011109,2.41388e+08,17,个,0.7628,4.06604e+06,1.84119e+08,3.25539e+06,3.85382e+07,,4.59179e+06,,417318,3.53454e+06,32112.5,122.48,,117536,145668,2.24947e+06,146520,,,4379.98,,,,,127509,28914,13276,,,,,,
307010200,2.4135e+08,13,UNKNOWN,0.5708,,4.72069e+06,1.3777e+08,2.87364e+06,,2400,,2.95097e+06,2.06185e+06,,162385,,8.39015e+07,4434.31,819689,705826,,,,,5.37487e+06,,,,,,1580,,,,,
101030303,2.41319e+08,15,千克,0.3822,9.22293e+07,7.62716e+07,6.50654e+06,3.83561e+06,,,69.6,,596383,,2.36263e+06,532450,,5.46647e+07,1.70797e+06,,,807621,30155.3,2976.86,,1.72189e+06,,,,49125.2,,,,,,
109013302,2.41298e+08,19,套,0.5563,497348,5.8559e+07,377606,1.34235e+08,,17692.1,,3.6124e+07,647133,4.29186e+06,4394.17,172435,26853,578410,5.1681e+06,,,373928,,,,165270,,1560,4300,48585,,,,,,4051.1
108041203,2.40576e+08,11,千克,0.7870,1.8934e+08,1.10922e+06,1.20934e+06,447415,,4.62377e+07,,,1.04344e+06,1.14956e+06,69,,,,,,,,130,,,,,13996.9,25655,,,,,,,
107050401,2.39445e+08,17,个,0.3409,7.14698e+07,8.16158e+07,578965,221899,,3.09103e+07,77530,,4.88238e+06,8.55221e+06,1.00474e+06,177958,,45059.4,4.3207e+06,,,60365.7,7772.58,,,,,215616,3.51885e+07,115269,,,,,,
109020902,2.39441e+08,12,套,0.5324,50950,1.02355e+08,2.4311e+06,1.27471e+08,,369720,1.17048e+06,108330,5.32436e+06,,,,5704,,98177,,,,,,,,,57150,,32,,,,,,
108012300,2.39194e+08,17,千克,0.4616,1.1041e+08,7.63873e+07,1.6205e+06,2.52959e+06,,1.83899e+06,1.31438e+07,,105426,1.8872e+07,65267,1.18122e+07,,,861416,580.6,,8062.16,395,,,,,1.21668e+06,1380,319710,,,,,,
104010302,2.39041e+08,15,千克,0.7843,1.87489e+08,1.05422e+06,206954,3685,,4.96789e+07,,,105669,649.6,293.75,2410.8,,,8367.5,3000,,,2501,,,,,458110,4576.56,22232.7,,,,,,
103020803,2.38117e+08,13,瓶,0.4538,6.82499e+07,2.33059e+07,6.69961e+06,1.88917e+06,,,,,4.36815e+06,,2.05705e+07,2.43814e+06,,1.08066e+08,268496,,,165256,360168,,,1.25985e+06,,,,476462,,,,,,
107020231,2.37452e+08,8,千克,0.9836,2.33566e+08,219601,,,,,965,,120,,115.8,,,4914.05,,,,3.65915e+06,,,,,,,1386,,,,,,,
108041399,2.36364e+08,14,千克,0.5582,1.31932e+08,5.96098e+07,137470,5.98203e+06,,9.09341e+06,,,6.90681e+06,2.00565e+07,34529.5,101257,,100,13200,,,,,,,,,3455.6,2.3357e+06,157525,,,,,,
104011302,2.36155e+08,14,个,0.8864,4.23956e+06,2.09337e+08,2.72758e+06,4.57724e+06,,1.40409e+07,,,1.04713e+06,,596,24.9,,,8603.81,,,,1968,8000,,,,25917,13435,126784,,,,,,
108010202,2.35039e+08,17,千克,0.8790,2.06592e+08,3.0614e+06,344553,2.84154e+06,,2.27849e+06,9.49985e+06,,13695.7,6.85583e+06,239367,340954,,1223.81,1.744e+06,,,479984,262919,,,,,2116,4654,477235,,,,,,
109024002,2.35027e+08,8,个,0.7866,8.08006e+06,1.84866e+08,15491.8,4.08353e+07,,,,,,,23572,16969.9,,,,,,,865547,,,,,,,324253,,,,,,
109020907,2.34542e+08,19,个,0.6109,2.91148e+06,1.43276e+08,2.12514e+06,7.27285e+07,30498.2,254441,,57304.2,2.49236e+06,12042,2460,26868,131244,1016,8.529e+06,,,30619.9,14,,,,,1.90471e+06,26135,1483.84,,,,,,
109021701,2.33001e+08,12,套,0.5319,14814,9.9373e+07,1.53712e+06,1.23934e+08,,11052.4,90480,3.20977e+06,4.42476e+06,,,,,9223.22,13580,,,,,,,,,380486,2417.14,,,,,,,
107021202,2.3299e+08,21,个,0.5098,6.61001e+07,1.1878e+08,318514,1.60553e+07,,1.66199e+07,495192,25999.4,1.94218e+06,2.6325e+06,201012,1.98621e+06,1518,162601,381958,,,2.57558e+06,1.7816e+06,,,67135.2,,247925,2.0779e+06,536588,,,,,140,
108032413,2.32664e+08,3,个,0.6159,7.31728e+07,1.43289e+08,1.62023e+07,,,,,,,,,,,,,,,,,,,,,,,,,,,,,
109024702,2.32241e+08,11,个,0.6960,,1.61636e+08,21139.4,5.31794e+07,,,,,8.78459e+06,,6.48127e+06,,,1044,2.06336e+06,,,16461,,,,,,42868.6,15162,49.5,,,,,,
109022206,2.31567e+08,19,个,0.8587,5.93429e+06,1.98854e+08,4.28047e+06,9.14838e+06,,465153,2250,,797445,614589,8.58418e+06,322494,70842,37487,1.32379e+06,,,549857,3292.33,,,3203.08,,186000,322330,66664.8,,,,,,
108040600,2.31039e+08,16,个,0.8849,2.01541e+06,2.04435e+08,84868.7,2.18869e+07,,261418,29.97,,61034.1,,75545.9,43500,,28,1.98559e+06,,,1810,,25361.5,,,,156261,4350,1980,,,,,,
107030103,2.31001e+08,11,千克,0.7393,1.70787e+08,1.47347e+07,835348,1.56189e+07,,,,,159130,,1.82349e+07,116343,,9.93761e+06,,,,,485695,,,,,,61862.4,29383,,,,,,
101011502,2.30429e+08,15,千克,0.5696,1.31247e+08,2.81501e+06,3.03384e+06,452062,,62.46,,,275397,,1.19012e+07,1.15752e+07,,668397,31857.7,,,96037,5.87892e+07,61285.4,,805942,,,,8.67611e+06,,,,,,
104010303,2.29687e+08,16,千米,0.8500,1.83731e+07,6.01801e+06,288116,1.21277e+06,,1.95226e+08,32170,,319495,3.30649e+06,11309,30400,4144,,926735,,,,3767.31,,,,,4807.2,157774,3.77167e+06,,,,,,
109023205,2.29407e+08,16,个,0.9196,,2.10952e+08,1.39465e+06,9.79044e+06,,2321.67,,664169,2.06319e+06,749225,1800,,3.51708e+06,1800,116841,,,,,152050,600,,,337.1,384,107.96,,,,,,
109062504,2.29301e+08,24,个,0.8221,2.51682e+06,1.88512e+08,1.65215e+06,1.45202e+07,,1.63211e+06,3800,38066,1.16675e+06,611030,1.49706e+06,5.20481e+06,90691,58243,3.00083e+06,157462,,79371.1,2.00068e+06,244664,1.61898e+06,,,48536.9,343234,4.27233e+06,,,13932.3,17966.3,,
108012703,2.29113e+08,13,千克,0.7582,1.73711e+08,4.91229e+07,10048,4.28953e+06,,5198.4,6912,,1.20157e+06,711983,25978.2,,,,12770,,,,,,,,,4350,1296,9490,,,,,,
106040701,2.29061e+08,10,个,0.9912,1.04593e+06,2.27051e+08,6090,715490,,500,,,211600,68,1769,,3010,,,,,,,,,,,25540.8,,,,,,,,
103030706,2.28932e+08,16,箱,0.3994,6.63496e+06,5.99976e+06,2.50864e+06,568157,,,9.61584e+06,,3.63654e+06,,5.21298e+07,9.14351e+07,,3.06719e+07,1.51887e+06,,,12251.9,1.19368e+07,39579.4,,7.35206e+06,,,,4.87209e+06,,123.55,,,,
109031801,2.28888e+08,6,OTHER,0.9552,,194889,9.002e+06,443840,,,,,2.1864e+08,,,,2640,,604585,,,,,,,,,,,,,,,,,
102050202,2.27371e+08,14,千克,0.5116,1.16325e+08,2.71145e+06,477995,299181,,5.8485e+06,6.68631e+07,162000,314485,3.42498e+07,336.02,,,,95513.8,,,,22135,,,1639,,,200,,,,,,,
109012406,2.27056e+08,14,个,0.7746,9.90722e+06,1.75882e+08,1.45018e+06,3.95918e+07,,552.5,,480,44069.5,,,,15043,6290,27870,,,2850,,,,,,106111,,11314,,,,,9975,
105020205,2.27e+08,19,个,0.7048,2.11907e+07,1.59983e+08,1.48802e+06,2.83531e+07,89004.5,5.15866e+06,172663,,2.78824e+06,99168.8,12584.4,240742,192,107.2,3.2101e+06,,,670,41203.8,,,,,1.17384e+06,1.88293e+06,1.11445e+06,,,,,,
108031503,2.25725e+08,14,千克,0.9921,2.23934e+08,79228.7,1.29512e+06,3000,,36930,,3032,18202.5,,3869.92,,600,42458.3,270000,,,,31592.9,200,,,,,7020,,,,,,,
108012799,2.24061e+08,18,千克,0.5618,1.25879e+08,8.15542e+07,1.48657e+06,7.75709e+06,,386042,758916,,1.41909e+06,4.58093e+06,4957,14391.4,400,1289,2520,,,3520,216,,,,,104158,72476.8,36076.5,,,,,,
109042407,2.23098e+08,16,个,0.9220,2.32985e+06,2.05687e+08,449770,1.39937e+07,,8685,,,526764,,15986.8,1355,4140,,51276,7053.44,,,12315.4,,,,,1861,132,1700,,,,,5888.02,
109013004,2.22406e+08,15,个,0.8224,381930,1.82912e+08,642070,3.4086e+07,4600.6,28610,,1.39932e+06,36760,159140,225,63840,396250,,2.2295e+06,,,10800,,,,,,54935,,,,,,,,
109023609,2.21238e+08,14,个,0.9289,1.07554e+07,2.05498e+08,1.775e+06,2.0473e+06,,,,,1965.7,38750,10780.3,1807,8880,100768,967331,,,720,,,,,,9965,20648.8,,,,,,,
102050699,2.20855e+08,11,千克,0.9533,2.10535e+08,1.64492e+06,7.03219e+06,,,,,,1345.8,,475.2,110738,,7403.04,,,,1.095e+06,350347,,,210,,,,77464.1,,,,,,
103020603,2.19555e+08,15,箱,0.6152,2.22644e+06,2.10677e+07,4.53582e+06,52550.1,,59585,327926,,3.79072e+06,,128463,1.35067e+08,,3.30795e+07,460165,,,1.50805e+07,3.54604e+06,,,3342.13,,,,129107,,,,,,
107021706,2.175e+08,9,千克,0.8231,1.79014e+08,8.98605e+06,38445,166080,,,,,1160,284749,,2.73492e+07,,,1.66038e+06,,,,,,,,,,95,,,,,,,
109041201,2.17219e+08,18,个,0.9530,52730.7,2.07011e+08,4.86655e+06,4.22358e+06,,98174.2,1000,420,486532,,348647,15240,,1004.37,56767,,,3420,80,,,958,,51784.3,750.8,750,,,,,,
109012299,2.167e+08,17,个,0.7091,1.79041e+06,1.53671e+08,544591,5.76511e+07,,118676,51800,,954684,,9000,,144651,5406.84,717646,,,644609,190,,,,,323170,3200,37390,,,,,32400,
102050303,2.16545e+08,12,千克,0.8653,1.87371e+08,2.53836e+07,916329,800142,,17670,1.68417e+06,,320,,202075,,,624,112000,,,,,,,,,7957,48510,,,,,,,
108010603,2.16324e+08,14,箱,0.4804,3.73027e+06,7.1347e+06,405099,6.13685e+07,,165126,,600000,531957,3.05384e+07,,1.03925e+08,,,4.40164e+06,,,17866,,,,,,130,,2.75398e+06,751459,,,,,
108010901,2.1588e+08,20,千克,0.4042,8.7262e+07,3.51525e+07,1.59907e+06,3.90761e+06,,1.87822e+07,3.02689e+07,546500,1.35309e+06,3.40545e+07,1599.2,535940,981.38,45059.8,268775,,,429352,154852,,,6090.55,,1321.6,653413,856311,,,,,,
108012005,2.15583e+08,10,个,0.9699,4.54078e+06,2.09095e+08,1.08947e+06,497829,,143172,,,157625,,,,,,,,,,1290,,,,,33888.5,22785,1101.5,,,,,,
104019901,2.15537e+08,17,千米,0.3259,6.49678e+07,3.03529e+07,1.82766e+06,1.8416e+07,,7.0242e+07,210928,8015.56,8.55531e+06,1.12099e+07,151112,896683,,2805.5,540802,,,,15755,,,,,839444,1.19774e+06,6.10184e+06,,,,,,
109020201,2.15473e+08,15,个,0.6720,6.2867e+06,1.44802e+08,1.34303e+06,4.85506e+07,,138973,,2.00441e+06,1.1124e+07,234468,1776.3,,26524.6,660170,16175.6,,,7104.24,2120,,,,,274884,,,,,,,,
109051304,2.14723e+08,14,套,0.4741,,9.65476e+07,7.03319e+06,1.01795e+08,,42257,,1.4025e+06,211591,4100,15039.2,,1.69098e+06,1984,5.94795e+06,,,,,100,,,,29320.2,1520,,,,,,,
109060501,2.14614e+08,18,个,0.7545,189832,1.61931e+08,366825,4.30624e+07,,6.70762e+06,,35953.5,971484,652207,51911,5423.5,69579.8,90091,246814,79484,,,6172,,,,,113509,1155.75,32605.2,,,,,,
108041801,2.14576e+08,12,个,0.2907,5.20481e+07,6.23847e+07,1.47667e+06,4.22909e+07,,2.41128e+06,,390,4.79534e+07,34099.2,,1200,93000,,4.45421e+06,,,,,,,,,1.42856e+06,,,,,,,,
104011002,2.14359e+08,17,千克,0.6020,1.2905e+08,5.40519e+07,12171.8,1.04034e+06,,1.69004e+07,643130,,231384,3.2806e+06,3600,45345,,1600,2.1722e+06,,,,11.7,,,,,3.48868e+06,3.4009e+06,36475.3,380,,,,,
107021511,2.14224e+08,9,千克,0.9922,2.12563e+08,124832,101517,,,,22103,,181852,,,336,,29338.4,,,,1.20096e+06,85,,,,,,,,,,,,,
108010699,2.13705e+08,16,个,0.4328,6.42665e+07,9.25016e+07,1.1064e+06,2.52814e+07,,281933,833885,,257078,2.73355e+07,,1.15899e+06,,2585,656330,12601.8,,86.22,,,,,,6000,4158.5,12,,,,,,
109020106,2.13496e+08,14,个,0.6220,5.81033e+06,1.32793e+08,354028,6.08779e+07,,3.44687e+06,,1.19084e+06,6.93096e+06,1.50905e+06,840,,,12420,491198,,,,,,,,,54640,22830,1120,,,,,,
108041403,2.13254e+08,18,个,0.7021,2.3708e+07,1.49726e+08,617851,2.54903e+07,,5.88596e+06,110000,,3.74384e+06,1.01767e+06,148018,66350,130,662.4,2.16975e+06,,,40,105.57,,,,,264581,749,304243,,,,,,
107020206,2.13192e+08,14,千克,0.5300,1.12986e+08,475213,2.1219e+06,4.04593e+06,,,74400,800,168499,700,,,22950.8,9.10894e+07,1.43956e+06,,,170623,651.2,,,595879,,,,,,,,,,
106020106,2.12819e+08,21,个,0.8860,84880,1.88562e+08,2.86625e+06,5.56602e+06,,4300,,,2.05801e+06,86774.5,102941,1.79593e+06,18594.6,1104,3.45507e+06,2200,,,4953,6.70704e+06,1330.5,,,169.5,1.41612e+06,81491.7,,,1238.89,2703,,
106010205,2.12715e+08,19,个,0.5518,2.2387e+07,1.1738e+08,132942,219076,,2.53218e+07,,500,155428,2.22914e+06,4.68159e+06,1.16213e+07,,1947,204163,,,5233.1,1042.15,11272.5,,,,28900,2.76083e+07,440915,,,,284463,,
108041304,2.11386e+08,8,个,0.9376,1.25075e+07,1.98192e+08,193752,,,394939,,,6984,30268,60,,,,,,,,,,,,,,59670,,,,,,,
109060405,2.10522e+08,20,个,0.7520,3.57609e+06,1.58314e+08,951669,2.15391e+07,,525332,,18265.4,2.27469e+06,53870,314824,62905,85909,1.94439e+06,1.6309e+07,,,42474,46623.8,,3633,,,4.14225e+06,24624.9,292013,,,,,50,
109022699,2.10241e+08,19,瓶,0.6659,3.43514e+07,1.78183e+07,34648.1,1.31097e+07,,1.03356e+06,98265,1.66663e+06,625187,112383,25005.9,12069.6,1500,1.40009e+08,1.12544e+06,,,112433,3278.4,,,7675.5,,,72203,22609.8,,,,,,
304070202,2.09127e+08,7,UNKNOWN,0.9011,,1.22325e+07,1.88436e+08,2.08e+06,,,,406250,4.38016e+06,,,,,,,94500,,,,,,,,,,,1.49787e+06,,,,,
109040605,2.08658e+08,17,个,0.9311,177126,1.94289e+08,825326,9.02465e+06,,812672,,30014,541978,,24946.3,122159,,7577.38,2.30733e+06,,,242298,37835.6,,,552,,123806,69102.3,22217.6,,,,,,
107020204,2.0795e+08,7,千克,0.9705,2.01814e+08,2.57072e+06,,,,,198559,,3.05126e+06,,,518,,113495,,,,202023,,,,,,,,,,,,,,
109061699,2.07738e+08,14,个,0.7115,617477,1.4781e+08,3.9259e+06,5.14587e+07,,,,796600,38843,107854,226951,128056,,192001,2.0952e+06,,,,7660,,,,,326632,,7061,,,,,,
104010505,2.07015e+08,10,个,0.7022,1.18598e+07,1.45364e+08,408183,4.56059e+07,,3.24575e+06,,,164934,,258,,,,323640,,,,,,,,,600,,42142.6,,,,,,
104010606,2.06945e+08,18,个,0.8049,2.33336e+07,1.66573e+08,361090,6.54259e+06,,970411,,100,894416,101974,677970,25834.3,7441,181.69,1.94505e+06,,,8060,66823.4,,,,,4.22608e+06,1.06499e+06,144892,,,,,,
109060410,2.06898e+08,14,个,0.7410,76908.7,1.53305e+08,3.59643e+06,4.75715e+07,,80913.5,,800,455915,,31640.2,,2027,4600,1.01547e+06,,,,,,,,,720221,65,37059,,,,,,
109020304,2.06822e+08,14,个,0.9414,192491,1.9471e+08,382912,5.70353e+06,,738769,43646.9,,312245,2798.4,,,230.4,,20750,214111,,140,,,,,,8220,,,,,4.49149e+06,,,
107030601,2.05793e+08,15,盒,0.4116,2.22082e+07,1.18822e+07,297544,72497,,,1850,,7.72495e+06,,8.46956e+07,19896,368350,2.72902e+07,,,,431867,4.84473e+07,131100,,,,,,2.20247e+06,18552.2,,,,,
107050501,2.05692e+08,17,千克,0.8083,1.66268e+08,2.22546e+07,216823,645030,,7.00968e+06,100327,,219248,413087,39104.6,144067,,311332,,,,153765,5600,,,79240,,10520,7.82096e+06,728,,,,,,
107029903,2.03772e+08,17,千克,0.7002,1.42678e+08,2.4972e+07,2.43893e+06,1.90853e+06,,,94995.6,,3.48063e+06,18130,727450,6.73529e+06,,9.71881e+06,2.7795e+06,,,6.77359e+06,302620,,,90698.7,,5290.84,263661,784329,,,,,,
102050405,2.03409e+08,12,千克,0.6209,1.26296e+08,5.92349e+06,296518,27220,,,6.76449e+07,,1.09113e+06,,480,12960,,,1.34803e+06,,,325952,437850,,,,,,,,,,,,,4000
104020105,2.03343e+08,8,个,0.9554,2.03824e+06,1.94267e+08,11549.3,6.91456e+06,40209,59437.6,,,6840,,,,,,5636.2,,,,,,,,,,,,,,,,,
109011103,2.03133e+08,14,个,0.7869,169974,1.59839e+08,1.70911e+06,3.93144e+07,,814363,,19444,229731,,,922.46,5988,,926233,,,,351,,,,,87666.6,14990,550,,,,,,
101020399,2.02966e+08,22,立方米,0.3285,2.86512e+07,5.51871e+07,685733,1.57898e+07,670452,87165.4,6.66697e+07,181000,1.0417e+07,2.90971e+06,19553.9,7.76506e+06,8710,436406,1.09307e+07,,,107287,936201,144496,,1.14005e+06,,28820,33511.7,165736,,,,,,
108012402,2.02489e+08,20,千米,0.3322,3.0009e+07,4.30057e+07,410333,2.42385e+07,,6.72694e+07,2.04684e+07,190963,1.2836e+06,8.03706e+06,16870,424318,4420,27775,2.65747e+06,,,78931.1,39991.8,,450,,,82651.5,3.52229e+06,720607,,,,,,
103010403,2.02442e+08,15,千克,0.9518,1.92687e+08,1.11658e+06,160675,160,,9576,23430,,1.46395e+06,,501881,3596.58,,200672,123874,,,44952,4.74099e+06,,,45530.3,,,,1.31865e+06,,,,,,
109013603,2.02346e+08,11,个,0.5302,6.68753e+07,1.07292e+08,403752,2.35004e+07,,1.20755e+06,,,673032,,,,1947.2,,2.03798e+06,,,,,,,,,259805,5868,88557.3,,,,,,
108041106,2.01976e+08,6,千克,0.9833,1.98602e+08,3.32715e+06,2544.9,14640,,,,,,,,,,,,,,,,,,,,29454.8,102,,,,,,,
107051002,2.01407e+08,18,个,0.6670,2.68658e+07,1.34346e+08,380587,7.421e+06,,4.2517e+06,124082,,981589,4.46299e+06,11805.8,87500,,512,2.16219e+07,,,1580,837.11,,112805,,,69117.8,665325,1551.16,,,,,,
109011499,2.01064e+08,11,个,0.7104,450613,1.42834e+08,4.33595e+06,5.14163e+07,,389851,,1.24732e+06,156298,,109500,,8950,,112359,,,,,,,,,2824,,,,,,,,
109010799,2.00913e+08,12,个,0.6314,2.31601e+06,1.26851e+08,172352,6.13778e+07,,97503.9,,,3.88883e+06,41952,16831.7,,63326.9,,5.97179e+06,,,,90,,,,,115620,,,,,,,,
106010303,2.00743e+08,18,千克,0.8096,1.62516e+08,1.61021e+07,543725,4.83975e+06,,2.55586e+06,39690,58.5,8.1338e+06,1.00802e+06,90815.6,272203,,157386,347171,,,373506,8750,,,,,,2.46922e+06,75469.5,,,,1.20951e+06,,
106010102,2.0008e+08,18,千克,0.4918,9.84017e+07,9.07107e+07,585955,233112,,1.75932e+06,,,439980,1.97645e+06,505135,759920,,22072,80074.5,,,28995,8960,28115.3,,,,2340,2.96075e+06,695598,,,,880559,,
109042103,1.99501e+08,16,个,0.8200,1.3665e+07,1.63583e+08,393904,2.12974e+07,,18251.9,,745,78024,,1901,15243.8,36,1826,371021,,,4050,,,,,,1053,61947.9,7935,,,,,,
304070302,1.98925e+08,8,UNKNOWN,0.6534,,7.8874e+06,1.29975e+08,570115,,,,4.5928e+06,3.37448e+06,,,,5.03426e+07,,29440.8,2.15309e+06,,,,,,,,,,,,,,,,
103011403,1.98577e+08,12,个,0.7559,2.56349e+07,1.50095e+08,2.05147e+06,89078.4,,,,,246614,,1.60229e+07,1.84533e+06,,744,45756,,,,1.62165e+06,,,13.5,,,,923442,,,,,,
109024207,1.98274e+08,8,套,0.7607,,4.56496e+07,611445,1.50831e+08,,,,,83414,,1.02764e+06,,,12,70200,,,,,,,,,,,400,,,,,,
109031403,1.98028e+08,6,个,0.9186,29829.5,1.819e+08,16561,1.59407e+07,,,,,113700,,,27489.8,,,,,,,,,,,,,,,,,,,,
108041202,1.9736e+08,16,千米,0.4346,6.91701e+07,2.12591e+07,2.50632e+06,1.09174e+06,,8.57646e+07,,200,745037,123705,582,1.29834e+06,,65,1.37296e+07,,,,14167.4,,,,,231895,1.42383e+06,403,,,,,,
107021699,1.9713e+08,11,千克,0.9523,1.87722e+08,3.18363e+06,259350,27926,,1280,,,81759.8,,807055,44036,,187496,,,,5098.6,,,,,,,,4.81015e+06,,,,,,
109013304,1.96859e+08,18,个,0.8894,1.73777e+06,1.7509e+08,1.4411e+06,1.68576e+07,,384589,14936.5,,50136.5,18918.9,514746,350,22463,346409,8557.14,,,292111,,,,379.01,,10523,65032.3,2575,,,,,,
109024601,1.96835e+08,18,个,0.8172,53744,1.60856e+08,107794,2.82872e+07,,5133,,,191655,6240,3.65572e+06,58800,1155,2.01506e+06,1.15812e+06,,,422,28558.1,,,306,,225176,20934,162843,,,,,,
101050100,1.94278e+08,14,千克,0.8988,1.7461e+08,2.59736e+06,4.23273e+06,508,,,,,353620,,926115,188118,,1391.44,1.0071e+07,,,1525.07,432953,225990,,6188.19,,,,630867,,,,,,
106040304,1.94244e+08,20,个,0.8231,1.56786e+07,1.59892e+08,290699,1.5163e+07,,130673,10440,20900,202196,54276,19951.6,5324.5,556,634.38,1.35884e+06,,,741.6,596425,,,25.9,,779399,11344.8,28169.2,,,,,,
104030303,1.93472e+08,15,个,0.7577,1.51307e+07,1.466e+08,2.20553e+07,6.51017e+06,,1.64544e+06,,,547556,502514,46237.1,121.62,,174,422307,,,3581,,,,,,40,6289.42,2080,,,,,,
109023399,1.93203e+08,18,个,0.7030,2.06237e+07,1.35812e+08,61697.8,2.21683e+07,154864,3.74755e+06,,1.3138e+06,3.82449e+06,2.76096e+06,41714,,62962,4700,2.07212e+06,450000,,5800,,,,,,84801.2,12552.3,1000,,,,,,
307020200,1.9292e+08,22,盒,0.2486,2.91973e+07,2.82712e+07,2.83404e+07,1.43134e+07,,128448,,1.5674e+07,2.34872e+06,816.2,4.79596e+07,17435,1.00104e+06,1.31327e+07,233368,8.15e+06,,7162,2.42184e+06,9500,,39984,,20601,103.03,8165.44,1.64387e+06,,,,,
107021410,1.92524e+08,12,千克,0.9778,1.88244e+08,462401,3.24362e+06,120.51,,,11115,,,,50,9600,,5850,525000,,,12600,520,,,8639.91,,,,,,,,,,
109012603,1.92056e+08,14,个,0.5873,3.52924e+07,1.12792e+08,352149,3.77309e+07,743456,322521,,513176,2.70812e+06,113784,4900,,43199,,325380,,,2040,,,,,,1.11166e+06,,,,,,,,
103010603,1.9168e+08,16,千克,0.8253,1.58192e+08,2.72853e+06,212305,265468,,30217,,,20774.3,,2.12302e+06,1.12787e+07,800,3.00657e+06,121379,,,697986,6.56001e+06,2007.9,,1.63955e+06,,,,4.80085e+06,,,,,,
109011207,1.91461e+08,8,个,0.9879,44666.4,1.89137e+08,1.93084e+06,68133,,177840,,,,,,,,1125.7,81272.9,,,,,,,,,20992,,,,,,,,
109012702,1.91068e+08,15,个,0.9451,1.29065e+06,1.80579e+08,1.18252e+06,6.44503e+06,,97922.9,,567802,218515,458650,150,3564,5169,2340,204588,,,,,,,,,7175,,5050,,,,,,
106050802,1.9092e+08,16,个,0.7801,1.5168e+07,1.48945e+08,1.69636e+06,7.47584e+06,,,,426446,1.06511e+06,1.34513e+07,14199.1,607187,3270,66349.2,1.75301e+06,,,,,16708,,,,198444,19400,12944.1,,,,,,
103011004,1.90711e+08,16,千克,0.3961,7.55466e+07,1.21041e+07,2.38311e+06,4822.84,,,,,2.61781e+07,39000,2.40006e+06,5.12898e+07,,3.28568e+06,281.54,,,189598,1.52301e+07,,,62334.3,,,240,1.99676e+06,,52.79,,,,
103020207,1.90124e+08,16,箱,0.5004,3.87798e+07,2.73602e+07,1.13416e+06,479121,,340,,,6.37201e+06,,3.21127e+06,9.51299e+07,,853848,1.66636e+06,,,433584,1.16557e+07,,,285376,,,13178.4,2.74763e+06,,1188.24,,,,
101040400,1.89519e+08,14,千克,0.8371,1.58647e+08,7.87024e+06,6.9786e+06,1623.1,,,,,341996,,3.2174e+06,1.81632e+06,,42084.9,2.93111e+06,,,3196.99,5.91989e+06,68562,,28565.9,,,,1.65269e+06,,,,,,
109052204,1.89177e+08,10,个,0.8087,1.24701e+06,1.52994e+08,1.06495e+07,2.3951e+07,,6905,,,69220.6,,14503.9,,,136951,,,,,,,,,,3591.8,104630,,,,,,,
304010300,1.88476e+08,10,UNKNOWN,0.8810,,256000,1.66047e+08,,17767.8,,,7.01861e+06,3.05122e+06,,,,3.1089e+06,,8.59051e+06,282892,,,,,,,,,,,10000,,93608.6,,,
109061499,1.87878e+08,17,套,0.4880,287258,7.57857e+07,7.38256e+06,9.1675e+07,,71374.2,,28000,2.07373e+06,26245.4,681434,2654.08,,47467.5,9.69425e+06,,,,1308.9,3120,,,,18580.1,94696.1,4238,,,,,,
109021004,1.87856e+08,18,个,0.7768,931595,1.45926e+08,2.14458e+07,1.21522e+07,,700062,2.87448e+06,32800,278995,1.63248e+06,,,1.45195e+06,223.78,233545,121950,,45154.4,1946.88,8428.46,,,,8651.17,9839,,,,,,,
102050509,1.87852e+08,5,千克,0.9997,1.87795e+08,1300,,81.88,,,,,,,,52800,,,3294.4,,,,,,,,,,,,,,,,,
108011403,1.87777e+08,18,个,0.6158,2.68362e+07,1.15628e+08,2.44212e+06,1.16193e+07,,132809,,59200,2.28357e+07,6.48711e+06,36308.3,9017.52,1620,38059.3,1.05798e+06,,,2288,1631.08,,,,,716.56,2592,586539,,,,,,
109024614,1.8777e+08,18,个,0.5265,186526,9.88514e+07,260441,7.06493e+07,,23696.8,7.88754e+06,2863.91,1.23062e+06,417.6,5.90061e+06,1.15764e+06,,55032.5,88876.4,,,990,88901.5,,,,,1.09279e+06,39357.5,252526,,,,,,
109010699,1.87536e+08,12,个,0.7262,3.23567e+07,1.36187e+08,561552,1.62254e+07,,939203,50396.5,7453.13,515253,,,,12700,37.68,464946,,,,,,,,,214890,,,,,,,,
109023303,1.87154e+08,14,项,0.4593,4.13771e+07,3.13186e+07,213764,2.73329e+07,46390.6,178388,102094,8.5969e+07,186971,74340,5796,,,,163374,180000,,,,,,,,5000,,,,,,,,
108041199,1.87051e+08,16,千克,0.8040,1.50383e+08,9.13132e+06,450001,868588,,1.30809e+07,,,1.28094e+07,38553,15405.1,75791,,18,15000,,,,81,,,360,,130147,48652.4,4163,,,,,,
106040999,1.8605e+08,9,套,0.6984,,1.3242e+07,4.15098e+07,1.29936e+08,,713697,,,93431.6,84480,,,77840,,388979,,,,,,,,,,4480,,,,,,,
106040807,1.85831e+08,11,个,0.8956,174659,1.66433e+08,131347,1.51327e+07,,,,,10721.1,,65411.8,,,118.2,3.86391e+06,,,,,,,,,19080,,18.8,,,,,470.3,
109010203,1.85541e+08,16,个,0.6250,1.64831e+06,1.15964e+08,207232,6.40312e+07,,193813,,2213.16,128200,,1489,125,58963,877.5,3.13754e+06,,,151064,,,,,,14920,330,580,,,,,,
102050203,1.84885e+08,10,千克,0.9550,1.76557e+08,2.91865e+06,3.26555e+06,1500,,62281.5,,,,2.03266e+06,72,,,,44049.3,,,,1312,,,,,,,1959.6,,,,,,
108010310,1.84424e+08,18,个,0.2493,3.4634e+07,4.59679e+07,1.0145e+07,4.17581e+06,,2.38517e+07,3.55758e+07,100220,2.04832e+06,2.57898e+07,8040.7,30160.9,,9100,935610,,,1900,49965,,,,,,140034,949494,11199,,,,,
101010499,1.84021e+08,18,千克,0.8728,1.60605e+08,938759,1.02466e+07,3.50723e+06,,,54022,19800,37532.4,,1.4894e+06,1.1643e+06,23000,33368.6,1.00771e+06,,,31520.9,4.03945e+06,9780,,128915,,,126.5,684939,,,,,,
106020107,1.83367e+08,17,个,0.8304,4.43604e+06,1.52277e+08,4.29285e+06,1.51664e+07,,,,371500,1.69455e+06,19159.1,943207,3203,34040.6,51006.3,1.36343e+06,,,,,1.71199e+06,,,,65265.6,28252.4,819222,,,90200,,,
104010999,1.83288e+08,17,千克,0.4056,7.43444e+07,2.89709e+07,1.22882e+06,1.99049e+06,,5.97803e+07,,,6.64135e+06,3.60522e+06,5352.63,3.39041e+06,1579.5,100,330853,,,754,23371.6,,,,,16170,2.91723e+06,41133.3,,,,,,
107022102,1.83266e+08,19,千克,0.3519,6.44957e+07,2.18624e+07,2.33207e+06,1.68315e+07,15000,3.78556e+06,7.76677e+06,,2.61412e+07,,1.72338e+06,1.1313e+06,580,6.31267e+06,172057,,,2.91847e+07,32074.4,,,460527,,237840,289308,491151,,,,,,
107030212,1.83044e+08,13,瓶,0.4332,12150,2.22253e+07,485386,632108,,,,,2.31028e+06,,7.45761e+07,2.69116e+06,2200,7.92995e+07,,,,278.5,548731,,,62087.8,,,,198385,,,,,,
104030604,1.82822e+08,8,千米,0.9612,920566,2.28136e+06,249153,1300,,1.75722e+08,,,3.32226e+06,18515.2,,,,,307232,,,,,,,,,,,,,,,,,
107020104,1.8262e+08,14,千克,0.9941,1.81534e+08,194625,60000,77784.9,,1426,1575.2,,3997,,32705,9879.6,,498447,,,,146507,177.6,,,,,,16284,41728.8,,,,,,
109010599,1.8087e+08,15,个,0.9452,4.21004e+06,1.70962e+08,555106,3.93283e+06,143546,396,204427,,50263.2,10080,758.32,,,1860,21940,,,700539,,,,436.5,,75501.3,,,,,,,,
102050305,1.80539e+08,5,千克,0.9870,1.78191e+08,310157,2.03597e+06,,,,,,,,,,,1284,,,,576,,,,,,,,,,,,,,
108011101,1.80482e+08,10,个,0.6412,1.11076e+07,1.15729e+08,864530,383698,,1.06601e+06,,,4.95549e+07,32375,116910,,,,1.46235e+06,,,,,,,,,164950,,,,,,,,
104010605,1.80119e+08,15,个,0.8023,1.33946e+07,1.44509e+08,407019,1.67585e+07,,1.69101e+06,,,674303,101941,6625.6,12893,,,2.31789e+06,,,6133,625.65,,,,,40844.7,129330,69021.1,,,,,,
103020801,1.80119e+08,12,个,0.8713,706092,1.56933e+08,3.75313e+06,5.25813e+06,,,,,2.81123e+06,,5.22124e+06,500693,,176453,,,,25804.5,862448,,,2.7047e+06,,,,1.16584e+06,,,,,,
109020307,1.78761e+08,17,个,0.9066,639111,1.62062e+08,5.80605e+06,141418,,63237,,2.28e+06,5.89322e+06,,9280,705,351526,3024,586392,,,66696,,,,,,12251.8,2575,3355,,,,,,839680
107020221,1.77907e+08,9,千克,0.9841,1.75083e+08,50166,418369,40,,,,,27495,,,5733.28,,1.15694e+06,,,,1.16485e+06,,,,,,,,257.87,,,,,,
109020403,1.77616e+08,14,个,0.5354,3.13296e+06,9.50879e+07,5.42748e+06,1.79276e+06,2372.96,7.97051e+06,,160393,2.08402e+07,3.64306e+07,,,,16380,6.74333e+06,,,,340.23,,,,,9000,,1347.5,,,,,,
107021509,1.76765e+08,12,千克,0.9710,1.71639e+08,3.37189e+06,201360,421498,,4444.5,25830,,49216.3,,8155,624567,,13739.9,,,,404313,,,,,,,,532,,,,,,
102050204,1.76044e+08,16,千克,0.9385,1.65212e+08,21360.2,632795,3138.01,,52607.8,9.88257e+06,,11509.6,35100.7,3057.8,2956,,1080,,,,42685.8,111619,,,,,4310,13346.5,13392,,,,,,
106051209,1.75818e+08,7,个,0.9961,,1.75134e+08,80803.7,404602,,,,,12297.5,,4112.81,,,29381,153035,,,,,,,,,,,,,,,,,
109011206,1.75394e+08,10,个,0.8060,7.76128e+06,1.41374e+08,1.06934e+07,1.01977e+07,,463350,,,3.66548e+06,,,,560,,617895,615000,,,,,,,,,,,4750,,,,,
107060115,1.74687e+08,16,千克,0.4334,7.57021e+07,4.03685e+07,53507.7,8.42503e+06,,1.76179e+07,6.54412e+06,6552,619706,2.3107e+07,2450,102726,,,215055,,,1.46987e+06,,,,112257,,4300,336124,,,,,,,
107021616,1.74348e+08,11,千克,0.9510,1.658e+08,1247.25,33726.9,6196.5,,,,,22920,,414222,,,7.15638e+06,,,,270,243825,,,,,,34800,633744,,,,,,
107020212,1.73748e+08,8,千克,0.9978,1.73367e+08,27000,54689,,,,195642,,7594,,348,,,85204.1,,,,10212,,,,,,,,,,,,,,
103020601,1.72948e+08,12,千克,0.5347,9.24761e+07,2.10389e+07,1.15755e+07,,,,,,294784,,14254.1,3.60122e+07,,1.57044e+06,3.34787e+06,,,94660.8,4.97067e+06,,,19959.6,,,,1.53312e+06,,,,,,
109021106,1.72889e+08,13,套,0.5296,7.56412e+06,5.05739e+07,1.4858e+06,9.15562e+07,,150,,,52968.5,172651,,,127131,,570232,,,165,12,,,,,2.07855e+07,,269,,,,,,
108031105,1.7278e+08,3,千克,0.9851,1.70204e+08,,,,,,,,2.57467e+06,,,,,2187,,,,,,,,,,,,,,,,,,
109025602,1.72588e+08,12,个,0.8861,17373.2,1.52925e+08,1.56114e+06,1.74066e+07,,13564.8,,82087.2,363762,,,,15986.8,,185473,,,,,,,,,5408.25,7028,4490.01,,,,,,
103020507,1.71367e+08,14,盒,0.3513,3.39325e+07,1.00419e+06,4.59468e+07,15327.5,,,,,1.68879e+06,,6.01998e+07,2.35267e+07,,502576,402872,,,50818.8,3.49788e+06,23215.6,,172874,,,,403032,,,,,,
109042603,1.70948e+08,14,个,0.6829,7.33412e+06,1.16745e+08,1.55689e+06,3.90523e+07,,1.86341e+06,,31150,1.50224e+06,,10367.4,2778,6073,,229352,,,2.35942e+06,,,,,,,252450,2056.56,,,,,,
109023212,1.7077e+08,14,个,0.6972,17200,1.19058e+08,4.39144e+06,4.55674e+07,,9800,,419819,107260,,86692.9,33349,,29156.4,1.00974e+06,,,,,,,,,67.31,28853.8,11649.4,,,,,,
101020499,1.69338e+08,15,千克,0.4382,7.42075e+07,3.81625e+07,260145,167800,,,1.43932e+07,787005,3.60007e+07,1.73703e+06,17941.3,375020,,551,1.28412e+06,,,,1.77084e+06,24000,,,,,,149672,,,,,,
108031602,1.69134e+08,9,千克,0.9754,1.6498e+08,1.44424e+06,880,376270,,2.07415e+06,,,6224,252000,750,,,,,,,,,,,,,,,300,,,,,,
107040304,1.68738e+08,9,千克,0.9784,1.65094e+08,2.68426e+06,,556140,,,,,72000,326100,,,,51.04,,,,,1320,,,,,,1180,3648,,,,,,
304040302,1.68557e+08,15,UNKNOWN,0.6236,2.57919e+07,3.94319e+06,1.05118e+08,767172,,,191255,200000,4.50692e+06,,,200892,3.17051e+06,,56792.6,819970,,2600,,,,,,,,,2300,2.06834e+07,,,,3.10231e+06
109025504,1.67552e+08,15,套,0.8683,3.7105e+06,1.38834e+07,398875,1.45486e+08,15061.2,1.74697e+06,479890,15500,143517,,3153,,,40060,1.61496e+06,558.76,,12350,,,,,,,,350,,,,,,
109025499,1.67515e+08,13,套,0.6147,1.29618e+06,5.32804e+07,5.73458e+06,1.02964e+08,,926077,,375387,415976,321728,2650,,,,2.06054e+06,,,28420,,,,,,4800,103936,,,,,,,
108042000,1.6699e+08,17,个,0.4832,2.31877e+07,8.06948e+07,259520,1.30965e+07,,681054,,,1.95256e+06,4.58394e+07,45525.2,595041,,30781.6,522738,,,47900,158.8,,,,,18462,5345,8928.55,3300,,,,,
304020201,1.6652e+08,8,UNKNOWN,0.7998,,3.70143e+06,1.33182e+08,1.65462e+07,,,,7.18143e+06,3.57408e+06,,,,617869,,1.66155e+06,55000,,,,,,,,,,,,,,,,
304070103,1.6639e+08,12,UNKNOWN,0.7127,367709,1.39855e+07,1.1858e+08,9.47882e+06,,,,5.82434e+06,284780,,,,3.02431e+06,,956338,1.5067e+06,,,,4800,,,,,,,1.22568e+07,,,,120000,
101030309,1.66208e+08,7,千克,0.9969,1.65697e+08,10352,2600,,,,,,1300.65,,40088,,,455495,,,,,,,,,,,,1988.56,,,,,,
108010704,1.64962e+08,15,个,0.3394,1.74579e+07,5.59807e+07,1.65628e+06,1.60095e+07,,2.38438e+06,4.43076e+06,960,5.27801e+06,5.20526e+07,2062,415486,,672,9.26844e+06,,,24206,,,,,,200,,,,,,,,
109051002,1.64145e+08,16,个,0.7709,20990.9,1.26533e+08,1.292e+06,3.01247e+07,,173705,,30015,4.97265e+06,114282,281475,411494,600,,132496,,,,7852.58,,,,,67.28,11736,37941.8,,,,,,
106050199,1.63866e+08,19,个,0.7692,1.89345e+07,1.26039e+08,959620,1.58124e+07,,64813,,58019,493095,560826,223705,18930,100000,13996.6,321549,,,33120,69.12,140,,,,74500,155642,1413,,,,,,
107040101,1.63508e+08,12,千克,0.9867,1.61339e+08,1.14873e+06,406696,71431.3,,381729,,,8609.9,27000,,,60,3874,85704.1,,,,,,,,,34035.5,720,,,,,,,
109022905,1.63384e+08,13,平方米,0.4067,313048,5.56196e+07,,1.77648e+06,,3.8065e+07,,,3020,6.64557e+07,259656,383953,15438,626,3060,,,430790,,,,,,57530,,,,,,,,
101050300,1.63063e+08,12,盒,0.5938,2.23851e+07,1.47634e+07,1.04579e+07,8.90827e+06,,,,,78656.6,,9.68191e+07,121979,,2058,6.10038e+06,,,,246067,3.16482e+06,,,,,,15269,,,,,,
108010802,1.62923e+08,18,平方米,0.6179,6.76515e+06,1.12892e+06,356543,10425.2,,1.24683e+06,1.27469e+06,4000,4.2993e+06,1.00672e+08,127,14272,8064,382,427441,,,82415.8,210,,,,,,4.66301e+07,1585.5,,,,,,
104010903,1.61787e+08,18,个,0.7160,1.39056e+07,1.15838e+08,1.05275e+06,9.66735e+06,,1.25071e+07,,123260,1.19737e+06,123858,28087.5,11107,53800,700,623920,,,590.2,24445.7,,,,,2.40402e+06,4.20828e+06,17614,,,,,,
109025202,1.61713e+08,15,个,0.8190,124074,1.32449e+08,7.11106e+06,1.64318e+07,,1.86825e+06,,382295,117300,2.24906e+06,,,81720,,689675,196976,,650,,,,3456.01,,6950,685.01,,,,,,,
101010402,1.6171e+08,15,千克,0.9347,1.5115e+08,1.68721e+06,1.70856e+06,7544.5,,,,,42751.9,,27377.8,68030.7,,9891.6,92898.6,,,69667.2,6.02097e+06,31498,,114940,,80142.8,,598428,,,,,,
109011604,1.61709e+08,14,个,0.3986,9562.54,6.44653e+07,6.9357e+06,4.15663e+07,,182307,,333686,3.69434e+06,84000,,270,13500,2500,4.43545e+07,25760,,,,,,,,,41714.3,,,,,,,
109022812,1.60345e+08,11,个,0.6094,17492.6,9.77213e+07,,6.19023e+07,,209344,,,6400,,1656,,,,396093,50000,,,,,,,,27360,12827,520,,,,,,
108040406,1.60129e+08,20,个,0.6301,8.60455e+06,1.00904e+08,1.06661e+06,3.79441e+07,,1.00476e+06,,216.43,6.78921e+06,17535.8,180649,42749.6,20482.3,15128,3.04727e+06,,,19492.8,818,71.28,60,,,276151,48857.1,146646,,,,,,
108012003,1.59541e+08,11,个,0.7480,1.7384e+06,1.19329e+08,,72271.1,,,,,535873,14859.6,350290,,,233040,3.69974e+07,,,,4560,,,,,264224,,900,,,,,,
109012901,1.59351e+08,13,千克,0.3994,6.3652e+07,5.83692e+07,1018.4,3.5954e+07,,291046,131090,306499,12922.9,,219.4,16194.8,,80537.9,,,,534665,,,,,,,,1800,,,,,,
109023103,1.58073e+08,20,个,0.4338,1.95963e+07,6.85671e+07,178242,3.80169e+06,10127,6.34054e+06,,11347,1.31609e+07,1.45181e+07,36342.7,1.97924e+06,516,181410,8.62771e+06,,,12261.8,1789.2,,,10617.6,,135860,2.08154e+07,87672.8,,,,,,
109061904,1.57683e+08,7,个,0.9590,,1.51225e+08,329027,5.43271e+06,,,,,92473.5,,300,,,713.5,,,,,,,,,,603351,,,,,,,,
109010205,1.57493e+08,15,个,0.8886,4.15956e+06,1.39956e+08,209838,8.72513e+06,,106011,,,170192,,300,220,20975,120,1.99385e+06,,,319834,,,,,,1.61426e+06,217200,70,,,,,,
301020101,1.57335e+08,10,千克,0.6774,1.06587e+08,17814,5.72577e+06,245000,,,12920,,,,,,4.40188e+07,,434938,11197,,,,,,,,,,,,261953,,,,20200
107020118,1.5689e+08,8,千克,0.9865,1.54779e+08,566368,82.28,3877.8,,,,,354877,,536.25,,,1.16736e+06,,,,17912,,,,,,,,,,,,,,
103011206,1.56849e+08,11,千克,0.9651,1.51371e+08,131419,544167,,,,,,91699.2,,3648,1.64808e+06,,57560.9,,,,2.95753e+06,39322,,,,,,3630,319.4,,,,,,
107021006,1.56823e+08,20,千克,0.7275,1.14085e+08,7.18644e+06,690362,1.44016e+07,,72542,31727,1800,4.49948e+06,154926,959268,261335,,4.11401e+06,3.61438e+06,,,4.91786e+06,76633.2,812077,,540916,,362,8948.46,393253,,,,,,
109012404,1.56156e+08,15,个,0.6045,4.69461e+06,9.4404e+07,89919.5,3.66199e+07,,291910,,,179111,,7779.99,9300,,,105091,,,13798,29,880,,,,1.97376e+07,338,1914.28,,,,,,
108012903,1.55905e+08,14,OTHER,0.5033,4.48322e+07,2.79342e+07,610826,366826,,382074,825828,,7.84702e+07,,985,91615.4,,156327,58716,,,2.12486e+06,,,,,,6500,43884.7,,,,,,,
106040608,1.55382e+08,14,个,0.4708,6.73008e+07,7.31566e+07,539524,8.55189e+06,,475.2,,,1.3773e+06,461800,10432.2,,,126421,826677,,,230,,,,,,2.36885e+06,647340,13648.9,,,,,,
108031108,1.54928e+08,2,千克,1.0000,1.54927e+08,1899.91,,,,,,,,,,,,,,,,,,,,,,,,,,,,,,
108040407,1.54733e+08,17,个,0.6759,2.02675e+07,1.04583e+08,1.94168e+06,1.36605e+07,,436027,,720,885710,,80394,12000,13957.2,22146.7,1.20799e+07,,,3201,5343.72,,,,,705467,6165.77,29190.5,,,,,,
109013503,1.54628e+08,13,个,0.6898,1.09154e+07,1.0667e+08,1.02648e+06,3.41376e+07,,87470,,,66663.6,,16015,,1.52517e+06,7204.86,174330,,,,,,,,,1330,240,98.28,,,,,,
405019900,1.54594e+08,5,平方米,0.7452,,,2.5456e+07,,,,,,1.38237e+07,1.15208e+08,,,100,,,105852,,,,,,,,,,,,,,,,
103011001,1.54501e+08,18,千克,0.7096,1.09641e+08,2.12543e+06,276033,30188,,509162,,,181991,,598589,3.63018e+07,82161,1914.6,3.63016e+06,95001.4,,6880.3,841501,,,8722.25,,30390,1850,138012,,,,,,
105010405,1.54217e+08,14,个,0.4631,3.74124e+07,7.14176e+07,1.62955e+07,1.34156e+06,,636083,384698,,829246,2.57456e+07,,,1040,120000,28886,,,1040.01,131,,,,,,,3200,,,,,,
301040101,1.5375e+08,4,千克,0.9838,1.51259e+08,,,,,,1.19058e+06,,,,,,800706,,499840,,,,,,,,,,,,,,,,,
109061612,1.53153e+08,15,个,0.7000,64350,1.07206e+08,59347.9,4.45474e+07,,15778.7,,282720,138338,,7627,,161533,7360,259384,,,,,,8190,,,43388,88638.5,263082,,,,,,
104010904,1.53132e+08,17,个,0.4136,1.82876e+07,6.33364e+07,714264,1.44767e+06,,5.42802e+07,,487.2,8.28832e+06,20794,1.74152e+06,32268.5,170,5,14453.3,,,,140657,,,,,98292,3.0069e+06,1.7217e+06,,,,,,
109020804,1.53079e+08,9,个,0.8229,1.22242e+06,1.25972e+08,428032,2.38668e+07,,,,,465378,,,,,300,1.10193e+06,,,,,,,,,16720,5760,,,,,,,
107029902,1.53054e+08,21,瓶,0.2219,3.36402e+07,2.49829e+07,4.06466e+06,3.35311e+07,,600,1.33087e+06,700,3.11057e+06,161726,1.33499e+06,4.041e+06,122706,3.39598e+07,2.32464e+06,,,9.19852e+06,75033.7,,,947888,,3000,162402,57477.2,,,,,,2800
108041299,1.52527e+08,18,个,0.4434,6.21338e+07,6.76276e+07,1.90419e+06,3.81231e+06,,1.54259e+07,,,337899,499328,800,152096,9900,,157181,,,58000,534,,2900,812,,220226,171754,12081.5,,,,,,
106050601,1.52315e+08,10,千米,0.6593,210059,4.49882e+07,206609,2.17542e+06,,1.0042e+08,,,4.01717e+06,14771,,,,1094.79,279225,,,,,,,,,,2520,,,,,,,
109012204,1.52081e+08,13,个,0.7682,8.85863e+06,1.16834e+08,800,2.0972e+07,,2138,,2.38495e+06,18090,,103.2,,182750,,2.78498e+06,,,26871.7,,,,,,,3300,12532,,,,,,
101011215,1.51842e+08,15,千克,0.7693,1.16814e+08,2.61076e+07,459116,1260,,140,,,91078.6,,214240,135341,,22983.7,6.42933e+06,,,332.3,1.07089e+06,16332.9,,10217,,,,468916,,,,,,
106020502,1.51531e+08,11,批,0.4281,,5.91774e+07,3745.2,2.3142e+07,,5860,,,4.00993e+06,,46853.6,,,,6.48732e+07,270687,,588,,440.56,,,,,90,,,,,,,
107030106,1.50045e+08,8,千克,0.9146,1.37234e+08,2.62391e+06,8.11409e+06,,,,,,2962.05,,1.51459e+06,,,532865,,,,18350.4,3735.48,,,,,,,,,,,,,
304040501,1.50027e+08,10,UNKNOWN,0.3037,4.36909e+07,16000,4.55558e+07,,,,,1.10473e+06,234601,,,,1.49416e+07,,3.62874e+07,3.67563e+06,,,,,,,,,,,46517.7,4.4739e+06,,,,
101020100,1.49958e+08,14,OTHER,0.8741,9.00271e+06,760749,441310,18506,,82000,,1.12403e+06,1.31079e+08,6.77902e+06,2213.71,6720,,66176,412923,,,,129128,,,,,,,53729,,,,,,
101011213,1.49896e+08,15,千克,0.7572,1.13507e+08,1.0695e+06,4.68361e+06,3.13833e+06,,,,,256438,,1.71241e+06,2.71515e+06,,165578,4.51155e+06,,,109505,3.07985e+06,4.44829e+06,,86588.4,,12150,,1.03997e+07,,,,,,
107021613,1.48946e+08,4,千克,0.9916,1.47695e+08,2156.3,1.24807e+06,,,,,,,,,,,1143.75,,,,,,,,,,,,,,,,,,
109024203,1.47653e+08,9,套,0.7701,320834,3.24172e+07,41526.6,1.13715e+08,,,,,523014,,478821,,,138828,,,,,1865,,,,,,,16004.5,,,,,,
104020302,1.47495e+08,14,个,0.9293,1.06493e+06,1.37066e+08,164475,3.28579e+06,,765890,,,1.78704e+06,8697,319.47,,,300,600869,,,,5.8,,,,,1.86511e+06,,870317,,15959.2,,,,
109011105,1.46917e+08,14,个,0.9240,233929,1.35744e+08,46254.8,1.04265e+07,,13200,,,65645.2,,1332,2151.55,270,992.38,,,,32336.2,,500,,,,348205,1328.5,,,,,,,
103020702,1.46505e+08,10,千克,0.9944,1.45685e+08,38982,22057.7,,,,,,330,,457254,94998.5,,137188,,,,234,4894.13,,,,,,,64133,,,,,,
104030603,1.46381e+08,14,个,0.6586,2.8395e+07,9.64131e+07,39248.4,2.65359e+06,,832011,,,1.20744e+06,1.61274e+07,,,260,1000,704080,,,,14.8,,,,,1680,1350,4852,,,,,,
109020814,1.46333e+08,14,个,0.6660,2.1072e+06,9.74619e+07,624313,3.80055e+07,,288905,,702789,6.59838e+06,5400,,,213810,,31880,,,33589.7,,,,,,256077,255,2759.8,,,,,,
109013301,1.4624e+08,19,个,0.7886,3.82208e+06,1.15323e+08,1.72409e+06,2.34533e+07,,142861,,30811,994613,26673,18190.7,55797.5,7595,38194.8,422085,,,89961.4,880,,,4830,,21686.2,49969.8,12745,,,,,,
304010200,1.46115e+08,10,UNKNOWN,0.4258,63600,3.75459e+06,6.22138e+07,2.43698e+06,,,,1.90516e+06,3.18469e+06,,,,1.86506e+07,,1.95872e+06,5.17607e+07,,,,,185824,,,,,,,,,,,
109041203,1.44706e+08,11,个,0.7187,171125,1.04002e+08,223968,3.8503e+07,,1188,,,226656,,1283,,,359,,,,10682,,,,,,1.15735e+06,,,,,,,,408000
109042105,1.44546e+08,12,个,0.9700,136467,1.40216e+08,27561.4,3.01992e+06,,267294,,356235,16603.8,,540,1600,,,135814,,,,,,,,,16384,351656,,,,,,,
109030102,1.44508e+08,9,个,0.5129,2206.96,7.4114e+07,1.25977e+06,1.04667e+07,,,,,5.86175e+07,,,,35027,11576.9,,,,677.04,,,,,,180,,,,,,,,
109022811,1.44479e+08,12,个,0.7477,3.1747e+06,1.08024e+08,938610,2.72757e+07,,153190,,,4.86728e+06,,651,,,210,29094,,,,,,,,,6460,2200,6980,,,,,,
103021299,1.4332e+08,15,千克,0.4082,5.85103e+07,5.55894e+07,433703,967.84,,,,,30103.8,100,78225.8,7.42366e+06,,70296.4,1.84386e+07,,,247975,654607,,,65802.6,,,75937.9,1.70069e+06,,,,,,
101010201,1.43062e+08,13,千克,0.7467,1.06817e+08,498452,3.11863e+07,,,,,,547,3993,66970.5,1.02178e+06,,1069.8,1295.73,,,,3.44342e+06,187.92,,415.2,,,,20029.7,,,,,,
106040401,1.42973e+08,15,立方米,0.6283,2.14604e+07,3.77356e+06,1.20893e+06,204732,,28630.8,8.98283e+07,,3.98216e+06,,341536,17890,2507.8,1.73678e+07,20640,,,4.71168e+06,23450.1,,,,,,,810,,,,,,
101040300,1.42586e+08,10,千克,0.7879,1.12347e+08,1.15077e+06,3.06991e+06,,,,,,15334.7,,61283.5,558102,,,2.51043e+07,,,,26796.6,128087,,,,,,124732,,,,,,
106050401,1.41856e+08,15,个,0.4856,5.51131e+07,6.88829e+07,182103,1.20795e+06,,1.10654e+06,,,7.41876e+06,4.58767e+06,617290,989004,,206.4,995855,,,,193016,,,,,147,481347,80461.4,,,,,,
106051103,1.41324e+08,5,个,0.9932,,1.40357e+08,938426,27202,,,,,45.01,,1216,,,,,,,,,,,,,,,,,,,,,
109042302,1.41175e+08,16,个,0.6061,2.25887e+07,8.55652e+07,332399,2.39632e+07,,126298,,,7.98317e+06,608,2701.71,134887,,7698.3,112634,,,150,,,,,,1280,340382,9938,6124.8,,,,,
109022603,1.41032e+08,13,箱,0.5751,6.35733e+06,3.59523e+07,3.20155e+06,3.84173e+06,,,,,1.01126e+06,,4.63803e+06,8.1107e+07,,4.38048e+06,,59525.4,,68320,335619,,,,,,8487.8,70496.9,,,,,,
109050701,1.40991e+08,11,套,0.5983,3.54674e+06,4.57819e+07,7.15659e+06,8.43495e+07,,,,58160,90213.2,,4456.84,,1750,46,936,,,,,,,,,,,1119.69,,,,,,
102040104,1.40557e+08,7,千克,0.8353,1.17412e+08,340842,2593.58,1032.15,,,,,2.28006e+07,,,10,132,,,,,,,,,,,,,,,,,,,
109040404,1.3927e+08,12,个,0.8395,967324,1.16918e+08,2.72865e+06,1.76801e+07,,37187.6,,486381,365215,,,,,1400,15660,,,757,,,,,,772,67814.2,,,,,,,
105010102,1.39013e+08,15,个,0.6421,1.63721e+06,8.9261e+07,1.45469e+06,6.78965e+06,,203148,3.75281e+07,,811123,881376,17370,270861,1680,4049.6,72123.5,,,,,,,,,14636,,65809.2,,,,,,
109030101,1.38997e+08,14,个,0.7107,4.96254e+06,9.87909e+07,291339,2.96867e+07,27840,1.55842e+06,3965.81,305800,1.91526e+06,4940.57,,,,,660006,,,744530,,,,,,40200,4455,,,,,,,
106010503,1.3899e+08,17,个,0.7029,1.07326e+07,9.76926e+07,1.02597e+06,2.5196e+07,,11349.6,,,269069,4235,1.27454e+06,1.05326e+06,6300,57448,223411,,,10120,61283.9,17500,,,,,147085,1.20777e+06,,,,,,
110030102,1.38727e+08,13,千克,0.6487,8.99983e+07,951581,1.38197e+07,176027,190491,102273,1.63992e+07,,1.60785e+07,,,46339,,91351,61175.9,54.01,,811640,,,,,,,,,,,,,,
104010405,1.3829e+08,13,千克,0.6981,9.65369e+07,7.47406e+06,105847,929346,,1.14307e+07,,,360183,2.12334e+07,5410,148050,,,,,,,1240,,,,,1042.6,63833.6,360,,,,,,
103020105,1.38184e+08,18,个,0.2326,8.68045e+06,3.21351e+07,3.78669e+06,1.32767e+06,,1072,,3084,611085,1170,9.63904e+06,2.46752e+07,,654440,1.28987e+06,,,1.66124e+06,2.91641e+07,32230,,4.79145e+06,,80,,1.97297e+07,,,,,,
101030301,1.38018e+08,17,盒,0.3423,4.59619e+06,2.94052e+07,1.42194e+06,11406.7,,,181323,,1.03037e+07,,4.72498e+07,1.01624e+07,103255,2.77287e+07,1.45693e+06,,,159756,4.00412e+06,90576,,946653,,,,194796,,1052.41,,,,
110039900,1.3794e+08,19,个,0.7607,1.7971e+07,1.04927e+08,799381,8.19002e+06,,466042,1.17085e+06,,54758,2.06995e+06,79.8,86638.8,4212,42463,1.58155e+06,,,266126,205,,50891.5,,,238735,9549.2,9794.75,,,,,,
101030304,1.37722e+08,3,千克,0.9997,1.37682e+08,,,,,,,,2621.46,,37200,,,,,,,,,,,,,,,,,,,,,
108040703,1.37022e+08,13,个,0.9406,688000,1.28884e+08,664669,3.88995e+06,,,,,2.19266e+06,,480373,55471.1,,87585.6,,,,746.46,40486.1,,,28401.8,,361,,9619.56,,,,,,
107020123,1.3694e+08,13,千克,0.9812,1.34371e+08,298919,1.70661e+06,100264,,18168,,,12575,,480,360,550,243184,156326,,,,,,,,,21692,9380,,,,,,,
109061807,1.35469e+08,11,个,0.9817,383508,1.32992e+08,165487,1.57478e+06,,,,146501,134340,,90,,,,14853.7,25600,,,,,,,,,,12208.9,,,,19200,,
101010202,1.35327e+08,12,千克,0.8464,1.14548e+08,5.63e+06,175952,194650,,2.72489e+06,,,,,16067.4,,1.0632e+06,2561,37635,,,4500,1.08114e+07,,,,,,,118682,,,,,,
102050599,1.35201e+08,13,千克,0.8297,1.12178e+08,2.15847e+07,73410.8,903262,,,,,25713.7,22272,9850,,,336165,3000,,,45693,3150,,,,,,771.2,15824,,,,,,
109032702,1.33831e+08,19,套,0.4230,1.19844e+06,4.18627e+07,740622,5.66099e+07,,1.70971e+06,145864,1.84218e+07,438359,3.86496e+06,798.04,20530,3985.68,10323,8.6917e+06,,,355.98,,46311.7,,,,20918.7,40335.7,3480.5,,,,,,
104030605,1.33656e+08,9,千克,0.8875,1.18616e+08,9.99485e+06,14530,2686,,4.05067e+06,,,10568,639270,,,,,,,,,,,,,,15097.3,312098,,,,,,,
103020205,1.3331e+08,14,千克,0.6703,8.93556e+07,5.44912e+06,602947,,,2080,,,336439,,5.29816e+06,2.72102e+07,,12078.1,4652.05,,,2.02965e+06,934650,,,4647.54,,,,2.06998e+06,,99.96,,,,
107050499,1.3328e+08,20,个,0.2954,2.02161e+07,3.93661e+07,167883,1.17719e+06,,3.62148e+07,,979.85,677995,2.75259e+07,31369.7,1.72695e+06,501400,3307.84,285002,,,380896,21357.5,,,80,,223387,4.73885e+06,20093.4,,,,,,780
103011102,1.3302e+08,17,千克,0.7293,9.70052e+07,2.37787e+06,341001,70302.5,,,,,1.17608e+06,,4.13498e+06,1.32307e+07,,4.82129e+06,2051.99,,,4.24213e+06,714631,1400.01,,546412,,10661.4,789,4.34288e+06,,1915.35,,,,
108010502,1.3302e+08,15,千克,0.4015,5.34059e+07,3.27786e+07,1.62828e+06,138246,,3.06576e+07,995636,,3.69505e+06,9.4968e+06,,100000,,285,77735.2,,,,,,,,,977,2448.48,30022.7,,,,,,12198
107040405,1.31779e+08,6,千克,0.9971,1.31402e+08,227310,,,,18286,,,31234.8,,17040,,,,,,,,,,,,,,83073.8,,,,,,,
301059902,1.31768e+08,6,票,0.7563,359147,,2.32232e+07,,,,,6700,,,,,5.91612e+06,,2.60813e+06,,,,,,,,,,,,,9.96551e+07,,,,
109051303,1.31582e+08,14,套,0.5350,159371,5.40338e+07,4.83339e+06,7.03989e+07,,68758.6,,324822,131525,,589,2200,3700,14640,1.5935e+06,7000,,,,,,,,,,,,,,9600,,
104030305,1.31531e+08,17,个,0.7400,6.47132e+06,9.7337e+07,2.7367e+06,3.14643e+06,,2.14113e+07,,,36719.3,3207.33,15,216597,28,4004.16,133500,,,912.68,11207.8,,,,,958.8,6600.18,14151,,,,,,
108012802,1.31528e+08,15,个,0.5035,220333,6.62201e+07,81745.4,58294.6,,3.32146e+07,,,5.99318e+06,,130524,163250,9,552,14730.5,,,,14291.2,,,,,1.06342e+06,2.43392e+07,14122,,,,,,
109020303,1.31485e+08,8,个,0.9986,270,1.31304e+08,514.08,48318.7,,,,,120000,,,,,,8000,,,3780,,,,,,640,,,,,,,,
107020223,1.31309e+08,7,千克,0.9884,1.29789e+08,1.34813e+06,900,,,165706,,,55,,,,,1234.6,,,,4140,,,,,,,,,,,,,,
107040303,1.31302e+08,10,千克,0.9816,1.28885e+08,44891.4,,,,88976.5,,,110700,2.06473e+06,,26774,,,20766.8,,,,3667,,,,,19017.2,36799.9,,,,,,,
108040704,1.31104e+08,13,个,0.9662,833202,1.26669e+08,319827,1.37368e+06,,,,,44656.1,,1.05624e+06,1450,,775680,7340,,,,11227.9,,,,,4.92,189.6,11856.7,,,,,,
103020508,1.31007e+08,13,罐,0.2728,2.30464e+07,3.33138e+07,3.10892e+06,3.64128e+06,,,,,3.77936e+06,,3.80436e+06,1.38941e+07,,5.51452e+06,1.10222e+06,,,313673,340649,,,3.57408e+07,,,,3.40644e+06,,,,,,
109060311,1.30565e+08,8,个,0.7538,30673.5,9.84141e+07,139800,3.14463e+07,,41610,,,485800,,4250,,2140.2,,,,,,,,,,,,,,,,,,,
109020703,1.30057e+08,11,套,0.6980,1.6677e+07,2.2359e+07,46800,9.07791e+07,,,,45600,4369.5,122940,,38.31,,5730,,,,10386.9,5444.5,,,,,,,,,,,,,
106050101,1.29957e+08,17,个,0.5475,1.45696e+07,7.1146e+07,1.70483e+06,1.07466e+07,,806297,846490,51660.8,1.94167e+07,4.41172e+06,593998,4040,102860,1823,5.51262e+06,,,330,,,,,,39083.7,,2515.29,,,,,,
109042207,1.29762e+08,19,个,0.5681,1.15473e+06,7.37196e+07,2.06889e+06,1.30296e+07,108217,98645.7,,,5.45868e+06,3.29954e+07,752,135,743,15030.9,1.03441e+06,28800,,7925.44,113.96,,,,,29860.3,5823.56,4715.57,,,,,,
109012802,1.29569e+08,9,套,0.5040,373410,6.16198e+07,2.18665e+06,6.5299e+07,,39480,,,,,,,,315.9,,,,29100,20200,,,,,,700,,,,,,,
304010403,1.2873e+08,10,次,0.7731,,612425,7.95958e+06,1.96335e+06,,,,1.41159e+07,1.45179e+06,,,,9.95206e+07,,101347,2.19267e+06,,,,,800000,,,,,,,,12000,,,
109051599,1.28475e+08,10,个,0.8368,1.04728e+07,1.0751e+08,57390.5,4.12608e+06,,509790,,,1.63695e+06,3.82955e+06,,,,319.41,,,,,,,1380,,,,329904,,,,,,,
101050200,1.27073e+08,11,千克,0.9304,1.18227e+08,1.45091e+06,842730,,,,28120,,672314,,884073,1.14464e+06,,,1.86767e+06,,,,1.36401e+06,8850.58,,,,,,583595,,,,,,
106040301,1.26827e+08,20,套,0.4898,300462,5.38738e+07,3.53241e+06,6.21182e+07,,428,71000,2.62686e+06,34275.1,285351,1922.5,63017.7,321470,598.5,1.60253e+06,,,,79063.2,,,300,,1.90799e+06,800,6027.08,10,,,,,
108011299,1.26552e+08,20,个,0.6775,8.03916e+06,8.57374e+07,6.34207e+06,1.03747e+07,,257948,10275,,587879,212208,6.22061e+06,2.62769e+06,7176,322505,3.27771e+06,,,43258,405330,20,,3940,,75734.8,217110,1.78914e+06,,,,,,
104010503,1.26452e+08,11,个,0.8697,8.20992e+06,1.09974e+08,332619,3.93698e+06,,523476,,,2.58328e+06,,34227.3,,,,263469,,,,48.36,,,,,238665,,354617,,,,,,
109020202,1.2644e+08,15,个,0.5334,8.30491e+06,6.74408e+07,7.56422e+06,4.23452e+07,,139924,,,117683,448500,3550,,,14640,350,,,,866.2,,,,,36545.9,5055.75,52,18172.2,,,,,
109013401,1.26432e+08,19,个,0.6406,1.15745e+06,8.09917e+07,953245,3.57528e+07,,13405,11600,1200,5.79083e+06,,250.48,72119.5,10700,156952,750990,,,108938,7500,,,9669.44,,604772,480,36943.1,,,,,,
109022304,1.25982e+08,11,盒,0.9510,356799,5.70898e+06,8544.9,1750,,14546.4,16440,,8250,30712.5,1.19812e+08,,,,20439.9,,,,,,,,,,,3203.6,,,,,,
109025308,1.25738e+08,10,套,0.9062,,1.08663e+07,820425,1.13942e+08,,18684,,45849.8,,,8940,,18000,,1837.44,,,,,7200,,,,,,9150,,,,,,
108040403,1.25735e+08,18,个,0.8114,1.23836e+07,1.02025e+08,308033,9.28006e+06,,245651,,,629310,90125.8,116984,873,4068.9,7804,366167,,,3899.48,1315,,,,,158964,16378.4,97132.3,,,,,,264
109011101,1.25711e+08,9,个,0.8198,135300,1.03064e+08,241075,2.20102e+07,,99763.2,,,96175.3,,,,7800,,43499.5,,,,,,,,,13718,,,,,,,,
109024802,1.24911e+08,14,个,0.5510,1.72022e+06,6.88243e+07,332652,2.80911e+07,,395263,,,54619.6,,463577,,,81995.1,2.47712e+07,,,10781.1,24.66,,,,,129903,167.72,35434.3,,,,,,
107030111,1.24457e+08,13,千克,0.7845,9.76337e+07,3.79021e+06,3.63695e+06,,,68262.5,,,281.26,109175,1.54242e+07,,,3.12437e+06,322915,,,228305,117446,,,,,,83.7,972.3,,,,,,
102049901,1.24208e+08,8,OTHER,0.6488,3.98486e+07,2.9115e+06,,554285,,1086.24,,,8.05874e+07,291723,,13310,,140,,,,,,,,,,,,,,,,,,
109021300,1.24107e+08,17,个,0.5333,1.28518e+07,6.61871e+07,2.12571e+06,4.07776e+07,,605151,,133714,358965,73800,42385.1,38631.8,800,75585,237893,,,6593,,,,,,31600,559508,647,,,,,,
109024099,1.23967e+08,6,个,0.9931,477762,1.23106e+08,102560,215420,,63584,,,,,,,,,,,,,,,,,,1464,,,,,,,,
109051401,1.23896e+08,6,个,0.9621,,1.19202e+08,4043.25,4.49029e+06,,184991,,,,,19.82,,,,,,,,,,,,,,14115,,,,,,,
104010803,1.23804e+08,11,个,0.8633,4.46222e+06,1.06878e+08,61329,3.2452e+06,,3.28778e+06,1650,,409018,4.35415e+06,,12046.4,,,702473,,,,,,,,,,390174,,,,,,,
103010902,1.23713e+08,13,千克,0.6568,8.12484e+07,1.39647e+07,583862,,,,,,45172.7,,4.92723e+06,7.91864e+06,,137867,210138,,,19029.3,1.24507e+07,100404,,21642.8,,,,2.08472e+06,,,,,,
107040402,1.23045e+08,7,千克,0.9760,1.20091e+08,1.77363e+06,206062,,,700320,,,269562,,628,,,,,,,,,,,,,,3800,,,,,,,
109022203,1.22854e+08,11,个,0.9809,29910.4,1.20506e+08,35821.7,1.9939e+06,,30000,,,6115.95,,183588,,,,55949,,,,,,,,,2368.62,450,10524.4,,,,,,
102050301,1.22673e+08,14,千克,0.9261,1.13604e+08,4.62461e+06,31927.7,3.27156e+06,,2690,123400,,548935,17200,720,27941.7,5780,,,,,,79615.7,,,,,,312630,21650.5,,,,,,
109041205,1.22544e+08,6,套,0.9626,,4.46084e+06,,1.17955e+08,,,,,,117637,,,,,,,,263.25,,,,,,4176,5650,,,,,,,
102040299,1.22451e+08,9,OTHER,0.4747,5.8076e+07,2.36007e+06,36612,3.04841e+06,,629582,165300,,5.81309e+07,,,,,2135,,,,,,,,,,1740,,,,,,,,
109010507,1.22045e+08,7,千克,0.7886,9.62468e+07,2.35381e+07,870,126040,,,,,305958,,,,,,1.64076e+06,,,,,,,,,186370,,,,,,,,
105010903,1.21492e+08,15,个,0.4030,3.76658e+07,4.8963e+07,1.32743e+06,2.76806e+06,,,,,807148,6.15282e+06,2.63303e+06,1.31993e+07,,11381.6,270.79,,,74,866816,,,404171,,5297.94,,6.68752e+06,,,,,,
104011007,1.2114e+08,16,千米,0.7059,1.62105e+07,6.07269e+06,202630,1.12822e+06,,8.55105e+07,,,9.86929e+06,415263,7738.55,24040,1860,,248592,,,4396,4164.3,,,,,2124.56,1.42593e+06,12414.8,,,,,,
109050702,1.20588e+08,10,个,0.6919,248226,8.34291e+07,2.86384e+06,3.00188e+07,,8400,,39683,3.93779e+06,,,,2340,300,39600,,,,,,,,,,,,,,,,,
107030102,1.20417e+08,13,千克,0.5998,7.22314e+07,5.94586e+06,5.4705e+06,4063.04,,,,,918179,,2.41166e+07,,,4.63865e+06,9041.76,,,1.81562e+06,492770,50000,,4.72362e+06,,,,971.5,,,,,,
107060305,1.2016e+08,16,个,0.5918,3.53563e+06,7.11137e+07,2.60603e+06,8.15508e+06,,1.62111e+07,,145920,31775.8,4412,680,,163631,68.4,4.14948e+06,,,,,,,,,,1.39281e+07,342.72,,,,,110000,4400
108010304,1.19209e+08,14,千克,0.5681,6.77192e+07,9.62512e+06,437541,1.54645e+06,,3.53653e+07,1.03816e+06,8566,2.76115e+06,331471,60,,42288,,330999,,,2490,,,,,,124,,,,,,,,
106051212,1.18413e+08,15,个,0.7814,48594.8,9.2522e+07,3.55757e+06,1.27644e+06,,1580,,1.38292e+06,76157,25343.1,44424.5,,850,102838,1.91673e+07,,,,,,,,,167720,35355.8,3384,,,,,,
109024307,1.18159e+08,12,个,0.5142,1377,6.07539e+07,67979,4.77747e+07,,767.5,,,844793,,1.18312e+06,,,15848,5.41487e+06,,,,1.95424e+06,,,,,137640,,10147.3,,,,,,
307030200,1.18121e+08,10,UNKNOWN,0.8859,,2.74444e+06,1.04638e+08,335050,,,,408392,185450,5280,,,8.99902e+06,,766605,,,,,38734.1,,,,24,,,,,,,,
109022903,1.17021e+08,13,个,0.9137,96192,1.06923e+08,124962,6.77079e+06,,1.69384e+06,,,33665,3306,18848,,,,277071,,,6210,60969.6,,,,,1.00699e+06,,5424,,,,,,
106050701,1.17004e+08,14,平方米,0.7855,4.569e+06,1.44649e+07,1.19364e+06,746684,,70730.7,,,348877,9.1907e+07,361.48,1772.7,,,3.56715e+06,,,1000,154.66,,,,,,128804,4094.86,,,,,,
109061001,1.16796e+08,4,个,0.9644,,1.12638e+08,38712,3.2896e+06,,,,,829184,,,,,,,,,,,,,,,,,,,,,,,
101030104,1.16362e+08,2,千克,1.0000,1.1636e+08,,,,,,,,,,,,,,,,,,1732.5,,,,,,,,,,,,,
304040102,1.16242e+08,14,UNKNOWN,0.8663,,989350,1.00701e+08,282700,,,,,5.93013e+06,,476002,2.32026e+06,4.81449e+06,93589.4,324770,120,,10142.5,3551.7,825,,,,,,295002,,,,,,
108011199,1.1581e+08,13,个,0.6121,3.4285e+07,7.08909e+07,517916,4.02999e+06,,473438,,,407298,3.59295e+06,21555.7,2210,2000,7311.13,1.57395e+06,,,,,,,,,5400,,,,,,,,
107020228,1.15452e+08,9,千克,0.9952,1.14896e+08,,16310,320.4,,,,,63652.2,,,560,,128910,,,,303567,41391.7,,,,,,,1507,,,,,,
101030308,1.15302e+08,13,千克,0.9865,1.1375e+08,1.33461e+06,41693.9,62558.5,,9270,,,33438,,,,31680,300,570,,,10230,120,,,,,26315.9,,1423.68,,,,,,
109032801,1.15298e+08,15,个,0.7409,1.39132e+07,8.5428e+07,388438,8.5335e+06,,,,112995,1.36093e+06,,80.8,5.50975e+06,5502,576,35032.1,,,100,725.88,,,,,9494.34,,145.96,,,,,,
109060901,1.15283e+08,9,个,0.6050,1008.28,6.97496e+07,2.76037e+06,4.2698e+07,,22420,,1140,26050,,,,,15602,,,,,,8300,,,,,,,,,,,,
301030102,1.1509e+08,9,UNKNOWN,0.8973,7.72955e+06,8000,1.0327e+08,544,,,,106849,854753,,,,3.10912e+06,,,,,,,,10132.9,,,,,,,584.5,,,,
106040902,1.15085e+08,14,套,0.5474,51119.6,3.67964e+07,1.01584e+07,6.30023e+07,203698,160540,,67800,699294,1.56589e+06,,,725200,40,845358,807300,,,,,,,,1380.34,,,,,,,,
105010904,1.14916e+08,19,个,0.5295,6.72105e+06,6.0846e+07,1.09804e+06,2.86806e+06,,807578,37951,,4.24187e+06,3.09597e+07,62502.7,913119,1.0336e+06,23592.6,354944,,,,21074.3,,,1310.22,,51606,5.4,521043,,,,,,4.35315e+06
109023400,1.14823e+08,14,个,0.6024,1.12366e+06,6.91679e+07,5.23196e+06,3.8472e+07,,,,41374,43160.5,,,4201,49637,,653067,,,,18,14993,,,,20775,40,180,,,,,,
108041902,1.14792e+08,19,个,0.5156,110722,5.91822e+07,1.77612e+06,4.497e+07,,51032.6,2.28454e+06,22560,4.94552e+06,387600,14477.3,11805.2,1450,396,947360,,,,11554.9,29974,,,,15243.7,5442.5,24326,,,,,,
103010802,1.14634e+08,14,袋,0.4521,2.78457e+07,2.0852e+07,4.19989e+06,8722,,,,,17000,,2.55064e+06,2.12468e+06,,18023,1.63218e+06,,,,5.18215e+07,6212.77,,64170.2,,,,3.48817e+06,,5372.3,,,,
109012601,1.1411e+08,6,套,0.6415,890843,3.9857e+07,55610,7.32003e+07,,,,,88012.4,,,,,17801.7,,,,,,,,,,,,,,,,,,
103030101,1.1351e+08,9,千克,0.9851,1.11824e+08,653452,49374,,,,,,6000,,111011,114300,3168,607951,,,,141241,,,,,,,,,,,,,,
103010601,1.13266e+08,15,千克,0.9446,1.06995e+08,1.51093e+06,833712,930,,,424695,,1980,,107617,217000,,127995,885450,,,109505,813297,,,853896,,,,381018,,2835.15,,,,
109011108,1.12885e+08,12,个,0.6606,1.40374e+06,7.45706e+07,2.10514e+06,3.25341e+07,,249300,,100,128987,411972,,,1120,1183,1.40201e+06,,,,,,,,,77220.3,,,,,,,,
108012199,1.12772e+08,17,个,0.6562,9.20839e+06,7.39962e+07,310383,2.03315e+07,,9030,73958.3,,15374.5,1.96008e+06,10738.7,149485,,4053,4.49053e+06,,,2919,12.65,,,842.4,,,2.20613e+06,2492.89,,,,,,
102050304,1.11583e+08,8,千克,0.9614,1.07275e+08,198640,3.92833e+06,26684,,,36427.2,,,116022,1499.4,,500,,,,,,,,,,,,,,,,,,,
109021101,1.11305e+08,13,套,0.5370,6.17324e+06,2.48526e+07,1.04572e+07,5.97735e+07,,16203.4,,309779,174690,,330,13200,121220,,4819,,,350,,,,,,9.40761e+06,,,,,,,,
107030802,1.11034e+08,17,套,0.2898,1.53471e+07,2.00888e+07,48572.2,3.21798e+07,,,,,1.25227e+07,,2.39809e+07,10156,22200,3.66071e+06,338193,,,139759,1.32447e+06,,100,3360,,425487,2331.74,939372,,,,,,
107030118,1.10584e+08,11,千克,0.9753,1.07858e+08,1.43644e+06,125,331222,,,,,10851,,114533,18922.5,,93807.4,,,,660,713032,,,,,,,6960,,,,,,
109060409,1.10365e+08,12,个,0.8721,601135,9.62542e+07,795384,1.16707e+07,,544050,,2000,414534,,5034.6,,,,20280,,,6200,,,,,,31300,19719,,,,,,,
109013505,1.09959e+08,17,个,0.8335,1.62896e+06,9.16518e+07,554814,1.49935e+07,,93872.2,,100155,192708,,54179.2,12696.2,517594,4150,67326.5,44300,,,1740,,,,,3675,8633.6,28960.8,,,,,,
106040102,1.09913e+08,19,个,0.7971,3.09701e+06,8.76125e+07,2.40811e+06,3.26785e+06,,10372.4,,3.42538e+06,759181,,1.612e+06,1.74962e+06,3947.65,41233.3,2.17631e+06,,,27564.7,520314,,,,,81782.7,132164,2.98722e+06,,434.07,,,138.87,
106051199,1.09383e+08,16,个,0.8272,20000,9.04855e+07,835638,1.23547e+06,,,,,6163.44,,6.49422e+06,8.41766e+06,,1.3637e+06,485.61,,,55434.8,273727,,,52.9,,39036.6,252.1,42663.8,113411,,,,,
109022105,1.09244e+08,16,个,0.6730,2.00271e+06,7.35162e+07,98831.2,2.6156e+07,,473937,,57330,4.56188e+06,1.87856e+06,,3935,128000,2025,12480,,,,,,,,,163190,14015,4387.5,,,,170000,,
107060302,1.08626e+08,17,千克,0.3882,4.21719e+07,1.9681e+07,126360,2.19402e+06,,4.10647e+07,4300,,1.7212e+06,,54130,714248,2790,11970.7,407679,,,17780,8,,,,,62570.6,313863,77692.6,,,,,,
109023604,1.085e+08,6,个,0.9809,,1.06433e+08,,254658,,9000,,,,,,,,,1.80298e+06,,,,,,,,,,28,280.8,,,,,,
107020121,1.08278e+08,9,千克,0.9966,1.07911e+08,23076.1,12217,,,,,,22915.6,,1181.93,,,85612.3,,,,188317,20293,,,,,,,12878.4,,,,,,
101011302,1.08112e+08,14,个,0.9530,557407,1.03036e+08,51736.1,,,,,550,4.1315e+06,,12375.8,468,,10761.7,46693,,,,2782.74,5075,,15298.7,,360,,241059,,,,,,
106010104,1.07438e+08,18,千克,0.8784,9.43718e+07,714307,5494,409450,,550,24960,,618288,2100,4372,292475,15,8.81557e+06,2.10121e+06,,,42966.6,1575.3,19800,,,,,1726.04,11431.2,,,,,,
108041802,1.06888e+08,16,个,0.8552,750901,9.14149e+07,221212,9.81458e+06,,1.56739e+06,117668,47464,1.46664e+06,305280,29,58,140,,1.17965e+06,,,,,,,,,969.72,646,28,,,,,,
109022504,1.06629e+08,18,个,0.6489,1.78654e+06,6.9196e+07,192430,7.27157e+06,,330530,,5555,2.73565e+07,5616,20710,89118.1,1916,51,253863,,,520,,,,5880,,101866,9602,667.5,,,,,,
109021002,1.06568e+08,11,个,0.6273,2.51313e+07,6.68533e+07,474762,7.9013e+06,,186000,3.10504e+06,2700,198579,1.14242e+06,,,,,1.4551e+06,,,,,,,,,117600,,,,,,,,
109041699,1.06059e+08,8,个,0.5619,,5.95957e+07,8.05998e+06,3.48455e+07,,85960,,59930.6,31002.5,,,,,,3.38065e+06,724.5,,,,,,,,,,,,,,,,
106040104,1.05734e+08,18,盒,0.7979,5.94405e+06,1.24351e+07,166904,260820,,88155.2,,,717074,,8.43695e+07,119523,7.5,99340,29847.1,,,4038.73,214585,315,,,,10354.9,713498,533459,27750,,,,,
107021703,1.05631e+08,10,OTHER,0.5823,3.3139e+07,2.70613e+06,1.67058e+06,14104.4,,6.58484e+06,,,6.15052e+07,,1776.3,360,,,,,,,,,,,,,319.42,,8788.47,,,,,
109023501,1.05569e+08,9,个,0.9509,746958,1.00386e+08,3.41426e+06,796478,,,,,8799,,7375.45,,1989,,200000,,,,,,,,,7000,,,,,,,,
101030307,1.05394e+08,5,千克,0.9314,9.81654e+07,5.8797e+06,1.319e+06,,,29452.5,,,750,,,,,,,,,,,,,,,,,,,,,,,
109041402,1.04768e+08,8,个,0.9680,463.7,1.01416e+08,3.10045e+06,4650,,,,,241328,,,,,185.6,3856,,,,,,,,,831.22,,,,,,,,
109061501,1.04635e+08,5,个,0.9147,,9.57086e+07,875,8.89548e+06,,,,,22600,,,7107,,,,,,,,,,,,,,,,,,,,
109061610,1.04491e+08,10,个,0.5640,,5.89297e+07,93585,2.64126e+07,,512012,,185475,672750,1.64749e+07,,,550,680,1.20894e+06,,,,,,,,,,,,,,,,,
104011001,1.04365e+08,19,千克,0.6521,6.80527e+07,2.4715e+07,33221.3,818685,,2.98188e+06,263250,,466361,6.2407e+06,5354,4826,102031,116807,123095,,,44985.8,20767.2,,,,,47555.3,246819,80132.8,420,,,,,
102050602,1.03492e+08,9,千克,0.9958,1.03059e+08,159617,242547,7000,,,,,475,,,,,10394.5,,,,3900,5186.8,,,,,,,3795.4,,,,,,
109012405,1.034e+08,13,个,0.8517,4.36497e+06,8.80625e+07,235529,9.745e+06,,45247.7,,,788927,23730,,,13148,,76814.1,,,1168,,,,,,41101.6,1905.3,100,,,,,,
304070303,1.03381e+08,10,UNKNOWN,0.4528,,3.49324e+07,4.68112e+07,,,,,71591.1,2.07008e+06,,,,25250,,1.30513e+06,1.81267e+07,,,,4752,25672,,,,,,8392.8,,,,,
106051001,1.02877e+08,8,套,0.4135,2.57321e+06,2.2204e+07,1.87463e+06,4.25398e+07,,,,2.49827e+06,779582,77793.4,,,,,3.03301e+07,,,,,,,,,,,,,,,,,
304040701,1.02579e+08,8,千克,0.6639,6.81018e+07,2330,3.67638e+06,,,,,,2.04069e+07,,,261835,2.85386e+06,,4.35589e+06,2.91999e+06,,,,,,,,,,,,,,,,
108012099,1.02562e+08,12,个,0.9611,3.32952e+06,9.85709e+07,21093,518677,,,12800,,8430,,35900,21050,,,,,,1000,640,,,,,240,,42232.3,,,,,,
109050602,1.0235e+08,15,千克,0.4650,4.75927e+07,2.5245e+07,1.8111e+06,4.84905e+06,,3.12807e+06,,1.10665e+06,8.42843e+06,,3115.23,6.96739e+06,,14,116759,,,,45,,,,,89897.1,3.00367e+06,8363,,,,,,
102050507,1.0221e+08,5,千克,0.9795,1.00117e+08,2680,172916,3520,,,,,1.91335e+06,,,,,,,,,,,,,,,,,,,,,,,
101010901,1.02176e+08,5,千克,0.9943,1.01593e+08,407863,,702,,,,,,,,,,,160164,,,,14646.1,,,,,,,,,,,,,
103020705,1.01283e+08,14,千克,0.9671,9.79462e+07,316461,41379.2,8770,,,480130,,260840,,71987.5,206896,,51388.7,328794,,,118321,274914,,,,,,1600,1.17508e+06,,,,,,
109013303,1.01224e+08,16,套,0.7221,1.25374e+06,2.53661e+07,47610.8,7.30915e+07,,12317,,,588101,90297,60,25971,1050,45857.6,210675,,,376635,,,,101339,,,11330,1864,,,,,,
109061102,1.01144e+08,7,个,0.5735,,5.80052e+07,520295,4.10424e+07,,6362,,,298182,,,,,,1.11271e+06,,,,,,,,,159210,,,,,,,,
109012203,1.0111e+08,15,个,0.8962,347417,9.06133e+07,53273.8,9.06789e+06,,59408,21300,56000,212643,,1700,79649,,203015,60513.7,,,153590,,,,18100,,,,162661,,,,,,
109022103,1.00967e+08,18,千克,0.3372,3.40413e+07,2.90063e+07,1.01907e+06,2.59567e+07,,1.10337e+06,,,497213,39554.2,17291.2,399900,31.2,,418472,,,28693,9299,255251,,,,357684,1.02904e+06,251650,,,,6.53635e+06,,
101040500,1.0073e+08,11,个,0.5306,3.10834e+07,5.34495e+07,1.36682e+06,,,,,,5.17301e+06,,186275,1.7037e+06,,10665.2,8500,,,,5.64072e+06,16500,,,,,,2.09136e+06,,,,,,
109051503,1.00136e+08,5,个,0.8034,,8.04475e+07,68400,25784,,,,,1.95923e+07,,,,,,,,,2352,,,,,,,,,,,,,,
107021802,9.92682e+07,13,卷,0.7138,117923,1.13197e+06,131.48,23020,,1.91952e+07,,,428.6,7.4312e+06,53026.1,396126,,,,,,855,801.29,,,,,,7.08584e+07,59103,,,,,,
108011003,9.79407e+07,15,平方米,0.5717,2.98651e+07,8.55492e+06,739070,206771,,3621.14,200200,346350,351102,5.59901e+07,1339.2,824153,,301,813912,,,27991,,,,,,,15808,,,,,,,
109021001,9.76533e+07,14,个,0.9339,52097.8,9.12018e+07,2.39906e+06,3.72567e+06,,20000,700,,70775.5,3696,3809.32,2813,60000,,110547,,,1547.92,,,,,,790,,,,,,,,
104030701,9.74401e+07,9,千克,0.8626,8.40534e+07,5.06447e+06,106346,304752,,7.63209e+06,,,100903,20000,,,,,,,,,,,,,,158058,,140.06,,,,,,
109051903,9.71922e+07,11,个,0.9712,17402.5,9.43934e+07,39050.4,1.59087e+06,,3664,,,1.13498e+06,,4346.3,,132,90,800,,,,,,,,,7497.89,,,,,,,,
109011106,9.69384e+07,9,个,0.9350,,9.06361e+07,1.44534e+06,4.79889e+06,,,,,15300,,1119.93,,14796,225,26262,,,,,,,,,350,,,,,,,,
108031202,9.64539e+07,5,千克,0.9984,9.63035e+07,143780,,,,4180,,,,,,,,2175.52,,,,,,,,,,200,,,,,,,,
108011004,9.63022e+07,14,个,0.5232,3.34586e+07,5.03842e+07,16900,1.05152e+07,,165493,5500,,293640,711226,275,2200,,,569078,,,,179131,,,,,140,,665,,,,,,
107010201,9.6279e+07,5,千克,0.9998,9.62553e+07,344,,777.6,,,,,,,,,,2446,,,,20098,,,,,,,,,,,,,,
109032803,9.61359e+07,12,个,0.9779,516754,9.40084e+07,341692,1.00869e+06,,7158.36,,8137.6,6602.24,,,,,,50570.5,,,47750,,,,,,9971.13,1540,,128574,,,,,
103020902,9.60936e+07,12,个,0.3175,38073.2,3.05145e+07,150577,150097,,,,,2.3052e+06,,8.4712e+06,9.01774e+06,,2.93763e+07,,,,36246.9,9.26461e+06,195.71,,,,,,6.76886e+06,,,,,,
109011606,9.44472e+07,15,个,0.6935,126452,6.55018e+07,1.52707e+06,1.79795e+07,,202137,,199317,8.41324e+06,,,14551,49648.2,,90856,,,501.6,,,57444,,,283197,1375,170,,,,,,
304070203,9.4291e+07,6,个,0.4908,,4.62812e+07,4.55837e+07,208000,,,,,800000,,,,,,,,,,,1.18512e+06,,,,,,,232966,,,,,
109010499,9.41084e+07,15,个,0.5863,829704,5.51749e+07,1.72143e+06,2.78576e+07,1.5709e+06,3.08213e+06,2.85463e+06,83618,171681,,,,,2200,611317,,,10000,118351,,,,,13648,,,,,,,6300,
109061608,9.35559e+07,5,套,0.5370,,3.4455e+07,8.84861e+06,5.02397e+07,,,,,,,,,12500,,,,,,21.8,,,,,,,,,,,,,
304040201,9.35254e+07,5,UNKNOWN,0.7849,8.82586e+06,,7.34112e+07,,,,,5.64402e+06,5.63533e+06,,,,,,,8997.5,,,,,,,,,,,,,,,,
109042406,9.28297e+07,10,个,0.9288,2.10886e+06,8.62179e+07,18287.8,1.16225e+06,,2340,,,3.31556e+06,2240,560,,,,,,,,,,,,,240,1544.4,,,,,,,
109061804,9.24832e+07,5,个,0.9993,,9.24179e+07,1995.71,63073.5,,94.5,,,160,,,,,,,,,,,,,,,,,,,,,,,
109022801,9.22963e+07,12,个,0.5396,180046,4.9806e+07,70230,3.3264e+07,,36498,,145000,8.50719e+06,,130,,,,,,,85500,,,,,,35755,117937,47965.9,,,,,,
103010704,9.20795e+07,15,千克,0.5206,4.79382e+07,1.09381e+07,2.19602e+06,5168,,1000,,,59278.8,,1.16546e+06,2.05952e+07,,178484,602372,,,2.59673e+06,4.20306e+06,,,104090,,,18766.1,1.47744e+06,,,,,,
109012801,9.09014e+07,15,个,0.4975,2.2581e+06,4.5224e+07,1.67694e+06,1.7287e+07,,42683.7,2.37531e+06,,1.09841e+06,,4050,,23400,2.04588e+07,400060,,,9140,,,,9350,,2680,31471.1,,,,,,,
108011202,9.07822e+07,16,个,0.4483,1.5719e+07,4.06976e+07,3.25957e+07,619393,,20600.5,,,129626,,652171,52659.5,600,33754,91996,,,85282,43,,,,,18000,6460,59273.8,,,,,,
109010204,9.05634e+07,13,个,0.9371,506891,8.48648e+07,252477,3.23534e+06,,133418,,60,130154,,3034.5,,600,7236.25,1.42605e+06,,,726,,,,,,,2600,,,,,,,
109024308,9.05279e+07,18,个,0.4072,402314,3.68652e+07,342542,1.39018e+07,,7030.37,,1770,8.18022e+06,,1.81578e+07,468684,,1.00056e+06,1350,,,4320,1.01199e+06,,1920,825,,7.95026e+06,6052.5,2.22315e+06,,,,,,
108040701,9.04669e+07,16,个,0.7115,1.42537e+07,6.43675e+07,864933,6.52187e+06,,42320.4,,,655035,,1.96462e+06,46535,282.6,247.31,1.29082e+06,,,,38582.6,,,,,227781,4805.48,187766,,,,,5,
108040800,9.0229e+07,17,千克,0.5120,4.61989e+07,3.7507e+07,388024,3.39553e+06,,27980.3,,84900,801659,19980,2721.32,16240,60,29048.4,1.5754e+06,,,5260.2,,,,,,164929,7552,3892.25,,,,,,
109051005,9.01375e+07,12,套,0.4660,,2.72724e+07,3.71912e+06,4.20018e+07,,1.03888e+07,,5.22839e+06,125074,,,767297,60987,2100,547850,23700,,,,,,,,,58.49,,,,,,,
106040110,9.00836e+07,16,千克,0.8460,7.62095e+07,8.3844e+06,219960,55279.6,,698.82,,,252048,,1.12659e+06,904338,,255955,1.28954e+06,,,315152,13451.1,152,,,,30,1.00382e+06,52667.5,,,,,,
108041104,8.98239e+07,11,千克,0.8689,7.80463e+07,7.28323e+06,934148,84816.7,,1.79372e+06,,,424971,,500,10593.6,,,235617,,,,,,,,,9079.2,1.00093e+06,,,,,,,
105011099,8.96035e+07,13,个,0.5805,1.07693e+06,5.20169e+07,26398,1.65883e+06,,486488,5.18363e+06,,1.77444e+06,2.4523e+07,,,,29828,2.70951e+06,88200,,,,,,,,,17630,11600,,,,,,
109050105,8.92251e+07,6,套,0.8152,,1.61175e+07,58500,7.27404e+07,,179156,,,,,,128295,,,,,,,,,,,,1190,,,,,,,,
107020226,8.92046e+07,8,千克,0.9907,8.8377e+07,23249.7,103000,,,,40,,29952.3,,472612,,,75641.1,,,,123122,,,,,,,,,,,,,,
109060604,8.90061e+07,14,个,0.8584,126.95,7.64067e+07,256570,1.17237e+07,,,,,171151,350,218997,552,14024.1,38557.6,38663,,,,2399.44,,,,,,6400,127820,,,,,,
109041899,8.89668e+07,16,个,0.8228,78261.1,7.32061e+07,1.05779e+07,4.14898e+06,,5635.99,,138776,400222,12788,6460.96,,,53279.4,323099,,,1124.4,18.72,,,,,1063.1,4582,8510.2,,,,,,
103020703,8.87414e+07,10,千克,0.9760,8.66122e+07,,1.30449e+06,,,,,,144828,,2586.96,5970.8,,308429,,,,4374.96,342259,,,15412.9,,,,903.6,,,,,,
106020499,8.80565e+07,13,个,0.7142,2.19074e+07,6.28927e+07,32589.7,1.51411e+06,,5510,,,80140.4,680233,12542.6,,2000,,875169,,,51956.8,,,,,,1749.26,,373.86,,,,,,
107020229,8.79674e+07,5,千克,0.9998,8.79539e+07,5004,,,,,,,52,,,4800,,3606.3,,,,,,,,,,,,,,,,,,
304070104,8.761e+07,11,UNKNOWN,0.7507,,3.7313e+06,6.57698e+07,3.7181e+06,,,,3.47441e+06,399928,,233.78,,8.1182e+06,,158960,,,,,12000,475000,,,,,,1.75205e+06,,,,,
105020208,8.67244e+07,17,个,0.7618,8.41606e+06,6.60703e+07,364555,1.10099e+07,,307853,116700,,123006,10200,2323.52,,,60,241967,,,21800,375,,448,,,1900,35920,1022,,,,,,
106030200,8.66329e+07,14,套,0.4945,415962,2.88136e+07,3.00011e+06,4.28398e+07,51926.6,171036,,865,649091,,544843,78,85,,1.01215e+07,,,,,23525,,,,,410,,,,,,,
107020235,8.65629e+07,8,千克,0.9580,8.29275e+07,40881.9,98418,,,,3.28839e+06,,18890,,,,,173868,,,,14580,,,,460,,,,,,,,,,
110030104,8.60854e+07,16,千克,0.6248,5.37898e+07,2.91759e+06,1.05104e+06,1220,1.01028e+06,,2.20511e+06,,8355.44,,420,2.13976e+07,240,708589,31544,1920,,2.78432e+06,2400,,,,,,,175044,,,,,,
302010102,8.59701e+07,10,UNKNOWN,0.8742,,1.11583e+06,7.51536e+07,160,,1214.98,,,3.67569e+06,,96.2,,175,36.74,5.99918e+06,,,,,24213.4,,,,,,,,,,,,
109010202,8.59336e+07,20,个,0.6928,570101,5.95386e+07,201532,1.56973e+07,,2.85967e+06,87500,65704.3,200802,118010,5466,600,14420,270,5.88448e+06,,,2239,,,615600,4600,,1980,30962.9,33750.7,,,,,,
109020905,8.5894e+07,11,个,0.6074,149033,5.21713e+07,77031,3.19517e+07,,2920,,2300,1.48894e+06,11232,517,,,18308.7,20672.8,,,,,,,,,,,,,,,,,
107020109,8.56466e+07,13,千克,0.9690,8.29929e+07,42666.7,94177.6,3226.55,,2.10399e+06,,,1706,,206,,,40088.5,220791,,,540,141885,,,,,,4150,222,,,,,,
106040399,8.55622e+07,18,个,0.4663,2.10165e+06,3.9896e+07,5.86861e+06,3.30229e+07,,83790.9,,65168,162979,61095,181362,151657,,30236.9,3.48333e+06,11244.3,,13153.6,2464.85,,,,,145574,99351.6,181611,,,,,,
109042504,8.51237e+07,8,个,0.9696,1.64926e+06,8.25332e+07,331377,340955,,80,,,243536,,,,,,,,,,,,,,,23170,2080,,,,,,,
109061011,8.47426e+07,13,个,0.6531,3.77308e+06,5.53458e+07,176790,7.17728e+06,,2200,,,446955,,8086.5,,1470,150,1.44552e+06,,,,,1760,,,,1.63605e+07,,3000,,,,,,
109040102,8.47182e+07,16,个,0.8308,32348.3,7.03839e+07,241112,1.24278e+07,287081,287895,,1300,210255,,28892.3,4266.2,,10276.6,393890,,,10144,,,,,,16372,319103,63570,,,,,,
109042106,8.39281e+07,9,个,0.8434,4.12947e+06,7.07854e+07,1.06594e+06,7.91411e+06,,,,,10320.8,,47,,,,20785,,,1331.98,,,,,,,660,,,,,,,
109020705,8.35879e+07,11,套,0.5548,5.10049e+06,2.35742e+07,176245,4.63763e+07,,,7.29842e+06,,504843,110332,29580,,,243671,144166,,,29665,,,,,,,,,,,,,,
109051306,8.35445e+07,5,套,0.5709,,3.45764e+07,824402,4.76993e+07,,,442546,,,,,,,,,,,,,1889,,,,,,,,,,,,
103020704,8.35259e+07,14,千克,0.9014,7.52874e+07,3.43994e+06,33323.7,245713,,49.5,10590,,62150.5,,32838.5,1.58639e+06,,1.75282e+06,,,,1.06566e+06,596.91,,,2184.56,,,6188.6,,,,,,,
101011211,8.34084e+07,14,个,0.7998,1.46939e+07,6.67119e+07,305021,240,,84,,,61956.2,,146934,150384,,38680.2,512819,,,,533436,,,1900.12,,243.9,,250952,,,,,,
301990100,8.31673e+07,14,千克,0.4433,3.68694e+07,459124,3.16671e+07,33250,,,,1.89123e+06,2.75953e+06,,,,607704,,4.05442e+06,3.01574e+06,,3499.74,,220,390,,,,,,19009.8,,,,,1.78665e+06
104010603,8.2638e+07,17,个,0.6523,5.86618e+06,5.39082e+07,2.49855e+06,2.61707e+06,,578444,,,357029,110841,77270,1.00498e+07,,326432,895070,,,74215.3,165314,219,,,,2885,694391,4.41603e+06,,,,,,
109020407,8.25967e+07,10,千克,0.4718,3.89651e+07,1.69452e+07,412385,2.57889e+07,,3415.16,50399.4,,34891.9,,,,,,374063,,,,19929.3,,,,,,,2440,,,,,,
106040808,8.24215e+07,12,个,0.9838,12251.5,8.10855e+07,54360.2,106581,,,,,43683.2,,918597,2565,,,12905.6,,,101134,15057.9,,,99.8,,,,68801.9,,,,,,
109061099,8.21546e+07,10,个,0.7240,,5.94803e+07,2.65442e+06,1.89806e+07,,,,74500,320,,7600,,41900,,872827,,,,,,,,,40380,,1700,,,,,,
105020207,8.20151e+07,17,平方米,0.4244,9.34962e+06,2.69093e+07,670712,6.17001e+06,,688764,40944.5,42877.7,649364,3.48096e+07,24543,148.33,3200,2911,2.52124e+06,,,26459.9,,,,,,58408,47079,,,,,,,
107021414,8.19241e+07,10,千克,0.9928,8.13333e+07,23259.8,447076,7920,,,1140,,25,,,2010,,16064.6,,,,90000,,,,,,,,3380,,,,,,
109022814,8.1627e+07,14,套,0.7070,324000,2.31765e+07,950,5.77132e+07,,56710.2,,,920,28345,5466,660,190000,648,127658,,,,,,,,,1500,,441,,,,,,
109061602,8.15849e+07,7,个,0.8471,16488.2,6.91143e+07,191454,1.02348e+07,,,,,45439.2,,900,,,,1.98144e+06,,,,,,,,,,,,,,,,,
107020701,8.12601e+07,14,千克,0.9313,7.56739e+07,1.49427e+06,199363,474940,,,1.65e+06,,23747.2,,172192,568004,,726988,173915,,,53296,38041.9,,,271.75,,,,11149.7,,,,,,
106040105,8.09963e+07,20,千克,0.4968,4.02423e+07,1.77598e+07,1.22453e+06,7.58272e+06,,116268,,100,3.64212e+06,2238,3.60488e+06,518161,1087.2,105927,4.84884e+06,,,113337,79248,1357.2,,595.91,,77656.2,88011.2,987151,,,,,,
102040303,8.09084e+07,6,千克,0.9925,8.03026e+07,308112,,,,,,,,,,,,1404,171760,,,123604,,,,,,,,881.99,,,,,,
501010200,8.03857e+07,7,OTHER,0.5961,1.65585e+06,7.54869e+06,1.26118e+07,,,,,,4.79161e+07,5.15024e+06,,,,,,5.49709e+06,,,,,6000,,,,,,,,,,,
109024613,7.95172e+07,14,个,0.7301,219062,5.8054e+07,393545,1.75031e+07,,32842.5,,,170936,,468694,69849,920,2.47065e+06,65110.3,,,,,,,,,11502.4,51828,5188,,,,,,
109020504,7.92129e+07,16,个,0.7396,312832,5.85877e+07,44015,1.90992e+07,,228476,63850,840,52541.6,16848,12531,,,170,685897,,,,3440,,1680,,,84769,,18080,,,,,,
107030109,7.90806e+07,10,千克,0.5536,4.37807e+07,832730,154000,,,1539,,,1.9593e+06,,3.23072e+07,3487,,27765.7,,,,,,,,,,,4000,9784,,,,,,
301030101,7.8804e+07,3,UNKNOWN,0.9972,,,7.85856e+07,,,,,,,,,,42471,,,,,,,,,,,,,,176000,,,,,
109061802,7.85339e+07,6,个,0.9141,,7.17899e+07,203293,6.41914e+06,,,,,26784,,,,,,,94285.4,,,,,,,,,540,,,,,,,
109012807,7.84655e+07,12,套,0.5233,5.7248e+06,2.81365e+07,109107,4.10582e+07,,1.46072e+06,86678,,77642,,8115,,,657689,623620,,,319510,,,,202979,,,,,,,,,,
101020301,7.82527e+07,6,千克,0.9862,7.71702e+07,876419,2155.25,,,,,,,,510.08,,,,,,,,203076,,,,,,,321.65,,,,,,
109020410,7.80071e+07,13,个,0.9504,110823,7.41366e+07,16068.5,648288,,3.00125e+06,,,81663.7,,774,10255,394,714,,,,192,,,,,,24,,1,,,,,,
104010305,7.80012e+07,11,千米,0.9913,37440,40859.1,354839,,,7.73231e+07,,,182748,,28047.6,,,7379.2,19047.6,,,,,,,2054.4,,,5610,146,,,,,,
109030104,7.68577e+07,18,个,0.7048,2.80452e+06,5.41731e+07,1.01936e+07,3.23268e+06,,648777,,274191,230187,12175.4,,,3.02711e+06,726906,160232,392616,,541.5,96,,8280,,,922288,50177.6,237.5,,,,,,
109022101,7.68047e+07,9,套,0.4609,5.85499e+06,3.32966e+07,1.54513e+06,3.54007e+07,,,,,27086.4,399988,,,,24790.6,,,,,,,,,,254120,,1360,,,,,,
109060509,7.64936e+07,13,个,0.7725,,5.9095e+07,143710,1.6109e+07,,800,,,616793,,158234,3000,,153400,1588,,,550,,,,,,42688.4,775,168086,,,,,,
107030105,7.58903e+07,13,千克,0.9857,7.48013e+07,31610.1,11313.1,11048.6,,,,,4739.6,,90953.9,157803,88900,230767,,450849,,700,8089.45,,,,,,,2244,,,,,,
108031106,7.5875e+07,2,千克,0.9900,7.51189e+07,756094,,,,,,,,,,,,,,,,,,,,,,,,,,,,,,
107040199,7.57611e+07,14,千克,0.9683,7.33628e+07,44086,1.96477e+06,9720,,1520,,,30,246705,330,9099.8,,2898,,,,64517,24212.6,,,,,,6636,23763.6,,,,,,
109023608,7.56448e+07,11,个,0.6183,7549.3,4.67745e+07,1.1408e+07,1.18877e+07,,435218,,,1.35787e+06,,563,7890,,,3.67227e+06,,,36460,,,,,,,56657.2,,,,,,,
109060606,7.56352e+07,16,个,0.7459,633106,5.64182e+07,309833,1.62827e+07,,,,1224.3,369665,519597,59372.8,110637,397172,49965.9,,,,7402,11920,,,,,425282,28894.5,10243.5,,,,,,
101030302,7.55754e+07,14,个,0.2975,1.77628e+07,2.24817e+07,2.35505e+06,52404,,,,,1.97367e+06,,2.09544e+07,8.49713e+06,,864.16,232567,,,26151.4,748938,431538,,9751.35,,,,48450.4,,,,,,
108010602,7.55495e+07,10,平方米,0.9540,1.75205e+06,1.10848e+06,185146,5098,,,,,418925,7.20736e+07,133.7,,,,,,,,48,,,,,,5940,12.5,,,,,,
109022104,7.52618e+07,11,个,0.7926,6000,5.96553e+07,75665,8.87496e+06,,4036.16,,74197,4.71326e+06,1.6128e+06,,,,,,,,,,,,,,192220,52957.3,312,,,,,,
109024302,7.49584e+07,9,个,0.8872,,6.6501e+07,3.82993e+06,3.74899e+06,,,,,616578,,185858,,25000,5980,,,,,,,,,,32932,,12154.4,,,,,,
304040502,7.43927e+07,6,UNKNOWN,0.7984,70043.1,,5.93966e+07,,,,,284545,1.55569e+06,,,,1.08052e+07,,,,,,,,,,,,,,,2.28065e+06,,,,
109025304,7.43353e+07,13,千克,0.8622,6.40915e+07,5.22786e+06,105852,156235,,397.5,138000,198514,3.95893e+06,,,,14080,45688.5,27194.2,,,358440,12535.5,,,,,,,,,,,,,
109022904,7.39141e+07,15,个,0.9124,45261,6.7438e+07,3.1782e+06,434784,,2.45072e+06,,28364.6,63286,,500,,10962.3,115,230355,,,13657,,,,,,650,17720,1512,,,,,,
104010301,7.38205e+07,15,千克,0.7143,5.27303e+07,3.89851e+06,700792,436019,,2.22854e+06,,,77233,69099.4,161790,530,3055,862.95,1.46118e+06,,,,1172,,,,,,1.1937e+07,114418,,,,,,
103010199,7.37665e+07,12,个,0.4266,1.53059e+07,3.14705e+07,958770,,,,,,366050,,317444,8.39632e+06,,36442.1,107437,,,205194,9.01301e+06,,,730339,,,,6.85916e+06,,,,,,
109023605,7.34661e+07,10,个,0.6277,76964,4.61177e+07,131963,2.69608e+07,,23496,,,94471.2,,,,,,18200,,,,40640,,,,,,1780,60,,,,,,
107020305,7.34529e+07,12,千克,0.7568,5.55876e+07,2004.27,53028.3,12780,,6375,7.80602e+06,,528295,,346.98,,,9.41123e+06,6930,,,22235,,,,16016,,,,,,,,,,
109021003,7.33138e+07,9,个,0.8214,4.11987e+06,6.02176e+07,417246,7.43988e+06,,506970,,351750,3501,211000,,,,,,,,,,,,,,46000,,,,,,,,
104010601,7.30066e+07,19,个,0.7920,4.98032e+06,5.78222e+07,750327,5.07325e+06,,3.20199e+06,,5593,53210.5,111314,63038.8,195127,207.62,2251.5,117592,,,1675,113147,19655.8,,,,6060,36984.9,452730,,,,,,
109041202,7.2796e+07,15,个,0.8747,726504,6.36769e+07,322875,7.6319e+06,,60,,101938,50325.3,,8320,,,140761,25637.6,,,174,53.7,,,,,107243,3178.8,60.54,,,,,,
304020202,7.2696e+07,10,UNKNOWN,0.3145,,7.30471e+06,2.28642e+07,1.14773e+07,,,,2.24992e+07,1.70149e+06,175070,,,4.36887e+06,,723703,1.58065e+06,,,,800,,,,,,,,,,,,
102051000,7.22057e+07,15,千克,0.9666,6.97918e+07,124348,115626,300.1,,4012.3,91600.8,,55846.2,,21780.4,5954.25,36,3144.81,,,,23460,122253,40,,,,,,1.8455e+06,,,,,,
107050103,7.20709e+07,17,个,0.6963,1.60232e+07,5.01841e+07,2.37383e+06,2.57424e+06,,640524,,9560,7983.97,,20474,13879,17560,240,92427.7,,,4690,42,,,,,100920,3150,4070,,,,,,
105020108,7.20041e+07,17,套,0.4566,152468,2.74505e+07,3.02428e+06,3.2876e+07,,1.80564e+06,386339,994.5,584265,3.08133e+06,2217.17,45692.9,,1916,2.56599e+06,,,,17149.8,,,,,246.6,1280,7732.5,,,,,,
307020103,7.17983e+07,13,UNKNOWN,0.5918,,2.98048e+06,4.24929e+07,190679,,,,850435,1.49981e+07,,48560,5300,8.84242e+06,23930,980540,,,,,,,,,,,450,378140,,6383.85,,,
109024001,7.17095e+07,6,个,0.9893,686615,7.09432e+07,1930.24,76148,,,,,885,,,750,,,,,,,,,,,,,,,,,,,,
107021415,7.16376e+07,10,千克,0.9664,6.92287e+07,17199,,,,250,1.40754e+06,2680,421974,,,,,39216.7,,,,34249.4,396272,,,,,,,89476,,,,,,
104011305,7.13697e+07,15,个,0.9013,670535,6.43235e+07,51244.2,691038,,2.33318e+06,,,320569,704183,730,7379,,1302,2.24682e+06,,,,645,,,,,17252,1064,,,229.05,,,,
109040603,7.13567e+07,11,套,0.5019,6.24395e+06,2.82555e+07,764210,3.58156e+07,,1400,,,225693,,951.84,,,,42913,,,530,,,,,,380,5573.29,,,,,,,
104010403,7.12988e+07,8,千米,0.9282,340309,4.23569e+06,205366,108526,,6.61824e+07,,,166044,,,,,260,,,,,,,,,,,60188.8,,,,,,,
108041111,7.09709e+07,8,OTHER,0.8351,443302,402949,,,,710887,,,5.92707e+07,,,,,,,2700,,,,,,,,1560,1.01216e+07,17280,,,,,,
104020202,7.07817e+07,12,个,0.8006,127376,5.66712e+07,98070,476707,,3.66384e+06,,,4.05301e+06,5.68089e+06,319.78,,,2250,,,,,,,,,,1279.8,230,6529.74,,,,,,
108031103,7.06571e+07,7,千克,0.9277,6.55473e+07,221015,2260,,,6416,,,4.85995e+06,,1694,,,,,,,,,,,,,18500,,,,,,,,
107030119,7.01262e+07,15,瓶,0.5955,1.98802e+06,4.08428e+06,1.12754e+06,1.15483e+06,,,,,164173,,1.55377e+07,116313,18902,4.1758e+07,7054,,,3.0407e+06,219237,,,793822,,,3044.4,112630,,,,,,
109025201,6.98867e+07,10,个,0.8766,,6.12612e+07,2.16595e+06,3.7873e+06,1.74657e+06,,,,366104,,340.2,20000,3000,,536056,,,,,,,,,,230.4,,,,,,,
109042505,6.98685e+07,11,个,0.8399,924448,5.86803e+07,678654,8.78501e+06,,63894.8,,71500,203538,,97.2,,163.92,,460290,,,,,,,,,638.7,,,,,,,,
103020503,6.95114e+07,14,千克,0.3525,2.45015e+07,5.13972e+06,178131,11184.4,,,,,297734,,1.56551e+06,1.91178e+07,,2.59378e+06,3439.3,,,136444,1.20451e+06,13002,,1.26231e+07,,,,2.12558e+06,,,,,,
103010703,6.94827e+07,13,千克,0.8871,6.16346e+07,1.22452e+06,601623,34704,,7104,,,4278.7,,4.5397e+06,423813,,74664,335483,,,,190935,,,,,,19760,391475,,,,,,
108032299,6.88719e+07,9,千克,0.7118,4.90242e+07,1.70295e+07,2.55259e+06,95490,,54760,,,,3500,,,,,,,,,2260.44,,,,,108280,1380,,,,,,,
109061010,6.84616e+07,7,套,0.6654,,1.00327e+07,1.5639e+06,4.55572e+07,,49750,,,1.01528e+07,,,,,,1.10105e+06,,,,,,,,,4200,,,,,,,,
108032401,6.82677e+07,12,千克,0.6899,4.71e+07,2.05356e+07,39000,53120,,55550,,,29077.9,31720.8,100440,,,154920,8000,,,,,,,,,159810,,420,,,,,,
109022406,6.81855e+07,14,个,0.4889,140.4,3.33345e+07,178032,3.03073e+07,,33553.5,,,58247.7,,185144,2300,48460,15478,3.97548e+06,,,,,,,,,5868,2446,38597,,,,,,
107050802,6.80248e+07,18,套,0.4751,1.39123e+06,2.73179e+07,373407,3.23195e+07,,14359.2,,,4.91537e+06,22855.6,1.26558e+06,53200,980,7864.98,87032,,,2040,2540,,,7062.12,,172641,10364,60877.4,,,,,,
108040410,6.79368e+07,15,个,0.7669,1.334e+06,5.20996e+07,36320.8,6.5944e+06,,2.8992e+06,,4060,34399.5,1.10252e+06,2824.2,5300,125.1,,3.71731e+06,,,,,,,,,3502.57,93331,9888,,,,,,
109050104,6.77745e+07,8,个,0.9028,,6.11868e+07,744985,4.88157e+06,,121631,,196439,17060,3229.2,,,,,,,,,,,,,,622732,,,,,,,,
104020502,6.77324e+07,18,个,0.7885,331577,5.34052e+07,1.97301e+06,526563,2000,782240,,,7.70407e+06,3000,166358,377092,576.47,223849,320936,,,152,1490,,,,,1.58798e+06,28689.9,297588,,,,,,
109060504,6.76176e+07,8,套,0.5735,,1.69646e+07,15000,3.87809e+07,,,,,1284.2,,1.18352e+07,,,5400,6000,,,,,,,,,,,9200,,,,,,
304050103,6.75944e+07,17,UNKNOWN,0.4959,438301,798706,3.35208e+07,471262,,,,9000,2.34441e+06,4.58018e+06,87822.7,178449,144646,8802.34,,2.02339e+07,,503996,126380,,,3242.1,,,,26571.5,4.11796e+06,,,,,
109061605,6.72727e+07,11,个,0.4790,,3.2222e+07,271659,2.88379e+07,,44800,,,296712,5.18953e+06,740,,15140,12834,212197,,,,,,,,,,,169200,,,,,,
109010701,6.63665e+07,10,个,0.7192,1.25864e+06,4.77324e+07,44252.4,962916,,2830.99,,,1.59451e+07,,7680.67,397849,,,,,,,,,,,,2074.2,12765,,,,,,,
103011106,6.63201e+07,12,千克,0.9544,6.32944e+07,928479,113908,,,,,,30556.2,,149033,304119,,6366.2,3579,,,12050.2,715096,,,1648.6,,,,760843,,,,,,
106050402,6.63089e+07,17,个,0.4409,3.85049e+06,2.92354e+07,5.21327e+06,1.69094e+07,,226796,15157.8,,8.39416e+06,253092,169341,267350,,310,1.5153e+06,,,,3626.2,101250,,,,153868,150,13.68,,,,,,
105010502,6.62832e+07,15,平方米,0.4269,4.75655e+06,1.86274e+07,1.82078e+06,4.59881e+06,,1.84093e+06,559883,263000,4.83959e+06,2.82987e+07,,,1800,462,651975,,,21700,,,,,,599,962.5,,,,,,,
109061901,6.62629e+07,8,个,0.9057,,6.00121e+07,123806,1.1084e+06,,,,,3.82167e+06,,,,4600,,1.14041e+06,,,,,,,,,49253.6,,2600,,,,,,
108012299,6.62151e+07,14,千克,0.6008,3.97791e+07,3.56086e+06,1.13219e+07,,,254285,5.38105e+06,163961,2.7815e+06,,,,66776,1.30685e+06,429094,,,254200,,,,,,1260,551,,,,,,,913657
104019904,6.61919e+07,15,千米,0.3522,1.07941e+07,1.49944e+07,51854.8,1.15472e+06,,2.3315e+07,,1170,457408,1.01552e+07,237.5,1268,1165,,,,,,1285,,,,,9030.94,4.77277e+06,482257,,,,,,
109032301,6.61827e+07,5,个,0.9831,26560,6.50663e+07,,159400,,,,,420520,,,,,,510000,,,,,,,,,,,,,,,,,
103020511,6.60963e+07,15,箱,0.4816,5.91962e+06,3.66362e+06,482720,389952,,,,,134173,,306762,3.18299e+07,3000,1.74554e+07,465540,,,213998,1.34413e+06,,,3.3955e+06,,,,479648,,12431,,,,
303020400,6.60862e+07,10,UNKNOWN,0.7247,,1.67709e+06,4.78912e+07,1.53764e+06,,,,2.53028e+06,9.27972e+06,,,,85815.2,,306458,931070,,,,,,,,,,,1.84663e+06,,,,,300
108012002,6.59702e+07,11,个,0.7010,1.49614e+07,4.62473e+07,177512,3.56843e+06,,128540,,,733753,,,,,137169,12000,,,,700,,,,,550,,2809.16,,,,,,
104010502,6.5849e+07,8,个,0.6620,167128,4.35926e+07,387029,1.92336e+07,,1.25502e+06,,,1.20826e+06,154,5145,,,,,,,,,,,,,,,,,,,,,
106010106,6.58023e+07,18,个,0.7044,7.65712e+06,4.63518e+07,1.20738e+06,536530,,461672,,11100,693008,137193,692689,3.89119e+06,,,1.20592e+06,,,14601.6,12945.8,46000,,,,838,1.00765e+06,840461,,,,1.03422e+06,,
108032201,6.55302e+07,6,千克,0.9019,5.90999e+07,405324,,384325,,,,,,,,,,4.73407e+06,844528,,,,,,,,,62000,,,,,,,,
101011699,6.53922e+07,11,千克,0.9219,6.02859e+07,96448.8,11424.3,,,,,,28184.5,,31823.3,2.99371e+06,,638953,,,,56438.1,34958.6,,,1.21404e+06,,,,307.61,,,,,,
109060703,6.52724e+07,17,个,0.5500,1604.76,3.59011e+07,342429,2.58782e+07,,2238,,18000,112620,,334482,14420,1.36497e+06,5420,1.22013e+06,,,52000,972,,,150,,8514.74,,15142,,,,,,
103011101,6.52492e+07,13,千克,0.7950,5.18731e+07,142518,4.08164e+06,,,,,,137387,,1.87243e+06,743859,,44788.1,1.36166e+06,,,339696,3.30666e+06,294054,,168029,,,,883335,,,,,,
101011700,6.52299e+07,14,千克,0.7783,5.0768e+07,1.90565e+06,1.2012e+06,225682,,,,,172769,,279648,3.99807e+06,,2.47909e+06,581155,,,221598,2.79501e+06,,,55320.8,,360,,546388,,,,,,
108032408,6.48956e+07,4,千克,0.4987,3.23603e+07,1.38022e+07,,1.87293e+07,,,,,,,,,,,3890,,,,,,,,,,,,,,,,,
109060510,6.47063e+07,11,个,0.6092,41282.8,3.94177e+07,70911,2.04163e+07,,1.21129e+06,,,590957,,2.53069e+06,,1050,185279,118460,,,,,,,,,,,122440,,,,,,
109023899,6.46783e+07,5,套,0.5087,,3.08011e+07,68737,3.28998e+07,,328864,,,579767,,,,,,,,,,,,,,,,,,,,,,,
101030202,6.46697e+07,7,千克,0.9732,6.29374e+07,658657,118013,,,,,,,,,877095,,,63120,,,,15279.2,,,,,,,124.62,,,,,,
109020402,6.41089e+07,12,套,0.4414,902415,2.76068e+07,1.80571e+06,2.82982e+07,,380000,133000,,,4.76974e+06,,,,1200,210000,,,,1300,,,,,480,,50,,,,,,
109020811,6.3736e+07,17,个,0.5237,839318,3.33815e+07,14022.4,2.11512e+07,,3.05541e+06,,240535,474250,926153,300,156456,,100,1.4926e+06,,,315,9750,,,,,6775,1.15154e+06,835750,,,,,,
109020107,6.30523e+07,7,个,0.7223,117696,4.55433e+07,9.40863e+06,7.90228e+06,,,,,,,4055.32,,,,,,,,,,,,,70120,,6250,,,,,,
109012604,6.2973e+07,6,个,0.8601,6.00302e+06,5.4165e+07,354854,97589,,13900,,,,,,,,,2.3387e+06,,,,,,,,,,,,,,,,,
101011999,6.26459e+07,10,OTHER,0.6368,1.65802e+07,45735.2,684518,29216.2,,,,68804,3.98901e+07,202788,,,,,5.11056e+06,,,,24937.5,,,,,,,9014.53,,,,,,
103010303,6.2446e+07,15,盒,0.3326,1.13624e+07,9.87474e+06,1.32371e+07,172986,,,,,261818,,2.07704e+07,2.71908e+06,,72839,51491.6,,,88797.3,1.16727e+06,9136,,614068,,,,2.04352e+06,,259,,,,
107021905,6.23827e+07,18,千克,0.5746,3.58472e+07,1.67402e+07,331939,1.35501e+06,,145118,2.91701e+06,,190595,66074,45282.8,583661,156983,268952,426288,,,2.81747e+06,24.9,,,,,2850,472117,16000,,,,,,
105010601,6.21892e+07,18,个,0.8480,1.18921e+06,5.27346e+07,1.02991e+06,5.3892e+06,,135485,75451.4,,175847,,30039,11544.3,1673,30005.9,676808,,,373148,,,,1273.74,,322971,2505.16,7815.8,,,,,1665,
109050203,6.18389e+07,6,个,0.6553,,4.05235e+07,87790.8,1.74057e+07,,1292.4,,,638001,,,,,,3.18258e+06,,,,,,,,,,,,,,,,,
109032104,6.17374e+07,9,OTHER,0.4551,410315,1.9982e+06,1.79695e+07,1.00736e+07,,22800,1040,,2.80989e+07,3.15086e+06,,,,,,,,,,,,,,,12052.8,,,,,,,
109010102,6.16797e+07,19,个,0.5783,1.13449e+07,3.56673e+07,1.42656e+06,1.07118e+07,,31975.6,35486.1,6954.3,170878,79809.5,2940,109772,73963.2,101553,1.75846e+06,,,30109,3270,,,,,120647,610,2592,,,,,,
106051301,6.14467e+07,7,个,0.8622,8.08054e+06,5.29785e+07,1082.77,293517,,,,,447.17,,235.2,,,,,,,,92403.2,,,,,,,,,,,,,
105020102,6.09975e+07,11,个,0.8486,1.22145e+06,5.17609e+07,572882,5.14693e+06,,7120,154550,,863306,1.08596e+06,,,,,178374,,,5044,,,,,,975.4,,,,,,,,
108010303,6.00432e+07,15,千克,0.3686,2.21305e+07,1.6109e+06,1.86447e+06,2.23826e+06,,2.18784e+07,,53516,2.59346e+06,2.30372e+06,351.84,,1.45416e+06,135,3.76021e+06,,,2800,,,,,,,151515,770,,,,,,
106010206,5.99479e+07,18,个,0.5068,9.43877e+06,3.03841e+07,1.89431e+06,1.70965e+06,,1.45254e+06,,,818160,1.23576e+06,4.70563e+06,2.05684e+06,300,28674,3.22645e+06,,,915.45,170786,120,,,,10200,1.21684e+06,1.59787e+06,,,,,,
105011001,5.98929e+07,15,平方米,0.5744,1.2572e+06,1.75374e+07,76580.3,903683,,39424,1.84e+06,,47151.8,3.44026e+07,850112,,,,2.67136e+06,,,809.94,130263,81136,,,,,400,54811.1,,,,,,
103011299,5.92317e+07,11,千克,0.9573,5.67025e+07,472594,145382,,,,,,65418.6,,209167,357986,,30348.1,,,,35139.7,1.10649e+06,,,8680,,,,97994.1,,,,,,
109021404,5.8572e+07,4,个,0.8419,,4.93109e+07,,9.2605e+06,,,,,,,,178,,,,,,418.2,,,,,,,,,,,,,,
101010109,5.84049e+07,18,千克,0.8784,5.13039e+07,2.71803e+06,132491,867307,,1.21276e+06,2500,35900,1505.98,,458061,19303.5,,11580,10168.7,,,112,1.51036e+06,,,34273.6,,5136,14850,66695.9,,,,,,
106010301,5.8149e+07,18,平方米,0.4251,1.02838e+07,5.29084e+06,234521,29248.3,,108166,,,4.8098e+06,2.47217e+07,464913,1.70267e+06,2288,2276.69,7476,,,287.62,6125.16,,,,,164298,1.01428e+07,88006.4,,,,89853,,
109031402,5.78349e+07,12,个,0.9545,22985.3,5.52045e+07,2460,216103,,13300,,,10761.5,,5030,7570.64,105.3,1600,,,,9620,,,,,,2.34085e+06,,,,,,,,
107021102,5.76814e+07,16,千克,0.8880,5.12209e+07,1.29227e+06,42684,12568,30090.3,,4.25827e+06,,438858,4680,15826,6323.5,,33519.7,,,,70945.6,234.4,,,253615,,,13.99,656.05,,,,,,
104030602,5.76717e+07,6,个,0.7377,222689,4.25434e+07,125640,1.41929e+07,,,,,,581488,,,,,,,,,,,,,,5649,,,,,,,,
109061808,5.76425e+07,10,个,0.6106,4.72182e+06,3.51969e+07,95464.4,1.64699e+07,,,,,562712,,200,,,3558,,,,,280,,,,,591306,350,,,,,,,
108031002,5.74642e+07,3,千克,1.0000,5.74639e+07,140,,,,,,,,,,,,209.43,,,,,,,,,,,,,,,,,,
109020204,5.73189e+07,10,套,0.5659,67687.7,1.86022e+07,197197,3.24366e+07,,12293.1,,,5.48747e+06,,,,11517.2,,444019,,,,,,,,,59900,,45,,,,,,
106051099,5.71075e+07,14,个,0.5278,7.91911e+06,3.01432e+07,7.24858e+06,6.85619e+06,,3.09797e+06,,,34730,,110,,61260,,1.313e+06,,,104.6,1049,,,,,3303.24,228303,200520,,,,,,
109050604,5.68599e+07,13,个,0.7494,317771,4.26092e+07,1.65626e+06,6.31249e+06,,1.46055e+06,,346624,373636,,1940,1.7733e+06,,,141633,5000,,,,,,,,1.86078e+06,,700,,,,,,
304050199,5.67445e+07,8,UNKNOWN,0.6078,,3.62307e+06,3.44917e+07,396500,,,,,3.07222e+06,386100,,,15800,,,1.47579e+07,,,,,1200,,,,,,,,,,,
301050402,5.65667e+07,6,UNKNOWN,0.9885,776,5460,5.59163e+07,,,,,,131787,,,,471389,,40990,,,,,,,,,,,,,,,,,
109051405,5.65027e+07,14,套,0.5015,157325,2.78789e+07,11150,2.83389e+07,,2869.59,,19754,42800,,,27900,,160.64,17853.7,,,4969,,,,,,34,80.04,60,,,,,,
108031902,5.63629e+07,7,千克,0.9676,5.45389e+07,101231,15750,,,522,,,1.69675e+06,,,,,98,,,,,,,,,,,9600,,,,,,,
109042305,5.62052e+07,11,个,0.9378,,5.2709e+07,81792,2.57691e+06,,360590,,,33284.5,,,660,1216,7180,427115,,,885,,,,,,6520,,,,,,,,
108041114,5.61634e+07,12,千米,0.4168,1.95044e+07,1.79784e+06,8.32639e+06,75700,,2.34066e+07,,,984051,,1.73678e+06,,,,31038.9,,,5820,,,,,,,290446,2850,1500,,,,,
109021103,5.59562e+07,12,个,0.3192,449332,1.78616e+07,1.38742e+07,1.32641e+06,,1.87514e+06,,,1.56604e+06,40868.7,315,,3.39217e+06,,9.12098e+06,,,480,,,,,,6.4486e+06,,,,,,,,
109021200,5.59303e+07,15,个,0.6786,4.98999e+06,3.79518e+07,1.9345e+06,5.39321e+06,,45903.4,,1050,1.56243e+06,45350,,21160,100,,1.82011e+06,,,1210,140,,,,,2.16245e+06,,912,,,,,,
109040602,5.58452e+07,12,个,0.5740,898846,3.20524e+07,455559,2.035e+07,,674678,,,1.04918e+06,215,,45000,,71036.5,226160,,,,4259.2,,,,,17811,,,,,,,,
109013502,5.58227e+07,16,个,0.4623,1.25192e+07,2.58091e+07,7.84894e+06,8.22444e+06,,180,15000,104592,27037.4,,,50,241838,,990568,,,,,12,6000,,,30,31648,,,,,,,4100
103020204,5.57365e+07,14,UNKNOWN,0.4316,6.94738e+06,3.17649e+06,2.40576e+07,1.41587e+06,,,,,1.95393e+06,,8.87369e+06,6.71848e+06,,430774,1.0388e+06,,,186741,592021,,,110318,,,,233658,,771.17,,,,
109032102,5.5704e+07,10,套,0.5775,,1.34526e+07,2.88352e+06,3.21672e+07,,725430,,1.14906e+06,4.61913e+06,,100,,350,,541203,,,,,,165400,,,,,,,,,,,
101010107,5.52894e+07,20,千克,0.4205,2.32482e+07,1.52083e+07,5.90077e+06,735797,218976,1.73836e+06,257090,2880,175357,,1.21056e+06,2.67867e+06,,518625,272116,,,75189.2,2.78159e+06,1200,,210671,,360,3588.5,50977.3,,,,,,
109040304,5.4929e+07,7,个,0.8919,2.83749e+06,4.89895e+07,17514,1.14025e+06,,1400,,,,,,,,,1.9428e+06,,,,,,,,,,,30,,,,,,
107050702,5.48621e+07,14,千克,0.8504,4.66545e+07,7.23538e+06,272830,13664,,1800,69500,,25574,2300,,25672.6,13,16466.6,,,,100.92,529028,,,,,,,15264.3,,,,,,
109061401,5.46277e+07,19,个,0.8198,38515,4.4782e+07,1.37798e+06,7.4701e+06,149342,88895.4,,5000,241911,110,4135,18302.5,30550,902,392970,,,10695,785,,,,,6534.9,8855.4,110,,,,,,
108012502,5.45538e+07,12,千克,0.9135,4.98347e+07,3.24545e+06,378640,20579,,326648,,,,296658,,533.02,,,14870.1,,,600,,,,,,7440,424917,2804.59,,,,,,
106040101,5.45007e+07,18,个,0.7303,1.79846e+06,3.9802e+07,5.17921e+06,3.76038e+06,,6528,,,295735,49463.1,893364,457797,,218117,706258,,,59978,84351.4,14970,,14.8,,15111.6,146282,1.01271e+06,,,,,,
109020806,5.43685e+07,18,个,0.8807,3.03362e+06,4.78807e+07,92285.6,2.3416e+06,,52437.5,,,420119,1900,33516.7,1503.6,18000,12741.5,125657,,,51878.9,1160,,,,,67355.4,160326,72624.1,,,,1022.16,,
107021512,5.40807e+07,11,千克,0.9945,5.37848e+07,123245,16916,,,80,19574.6,,3347,,,,,9747.67,,,,100324,50,,,,,,22400,270,,,,,,
108041502,5.38713e+07,10,个,0.8816,2.3538e+06,4.74918e+07,178302,2.46587e+06,,30691.5,,,1.34404e+06,,,,139,,,,,,,,,,,3685,1980,966.37,,,,,,
102050307,5.37346e+07,3,千克,0.9825,5.27948e+07,289812,649980,,,,,,,,,,,,,,,,,,,,,,,,,,,,,
108031701,5.34557e+07,12,千克,0.6747,3.60662e+07,1.40877e+07,76698,623208,,1.08385e+06,,58,,334396,12230,,,2757.48,1.15168e+06,,,,,,,,,12000,4950,,,,,,,
104010808,5.31012e+07,13,个,0.6218,9.73612e+06,3.30172e+07,293519,7.99733e+06,,28161.2,,,974214,959683,295.2,,,80,81919,,,11040,,,,,,900,770,,,,,,,
103021202,5.30912e+07,16,千克,0.5979,3.17444e+07,893835,315112,51778.1,,,,,382152,,726923,4.77985e+06,5,1.00785e+07,1.71123e+06,,,194298,961217,,,658761,,3663,2582.5,586831,,,,,,
109022099,5.28016e+07,16,个,0.6040,5.77361e+06,3.18947e+07,124112,3.14453e+06,,1.99278e+06,,,985476,282.56,,3598,138380,21873,8.63781e+06,,,7987.51,68761.8,,,2714.1,,,3380,1589,,,,,,
109011703,5.27469e+07,9,个,0.7058,,3.72312e+07,15811.8,1.00967e+07,,324171,,,1.183e+06,,66625,,,458044,,,,3.36054e+06,,,,,,10880,,,,,,,,
102050800,5.23448e+07,10,千克,0.8757,4.58369e+07,6.16069e+06,1,83050,,7000,,,24300,122111,,2240,,,,,,,390,,,,,,108060,,,,,,,
103010904,5.23373e+07,8,千克,0.7376,3.86066e+07,81141.2,60861.4,,,,,,35302.7,,30344.9,8.99498e+06,,,,,,,945974,,,,,,,3.58212e+06,,,,,,
109023204,5.18012e+07,14,个,0.8592,35142,4.45061e+07,435099,3.44376e+06,,600,,,3.07962e+06,,46193,4240,187084,40532,191.49,,,20862,,,,,,,860,900,,,,,,
109023803,5.1634e+07,6,个,0.4064,2.74798e+06,2.09815e+07,,1.94927e+07,,825560,,,68750,,,,,,7.51743e+06,,,,,,,,,,,,,,,,,
109025307,5.16172e+07,13,套,0.6918,1623.06,1.32167e+07,187468,3.57089e+07,,43475.9,,,1.39667e+06,,5090,2900,,13396.1,79377.5,,,,1080,,,,,932256,28318.1,,,,,,,
106020105,5.13186e+07,17,UNKNOWN,0.6144,721961,9.74578e+06,3.15325e+07,932296,,44208.7,,920371,3.54038e+06,817992,10581.1,27472.2,729148,,1.1816e+06,,,,,157291,,,,6510,758390,8641.2,,,183456,,,
103010502,5.13035e+07,15,千克,0.9202,4.72086e+07,147665,584737,10200,,,154187,,761756,,81051.6,335601,20,368102,240200,,,1.40401e+06,110,,,6460,,,,760,,,,,,
104010306,5.11778e+07,6,个,0.7707,31000,3.9444e+07,,170,,1.16973e+07,,,5225.02,,,,,,,,,,,,,,,,63,,,,,,,
109010302,5.11648e+07,5,个,0.9877,,5.05361e+07,,600100,,11043,,,,,,,,,,,,,,,,,,9088,8379,,,,,,,
101011204,5.09861e+07,13,箱,0.6332,1.0351e+07,521941,6.48115e+06,,,,,,78272.5,,1950,3.22844e+07,,56833.8,705845,,,14974,380137,6410.45,,177.6,,,,103117,,,,,,
107029904,5.0912e+07,10,个,0.9777,45,4.97759e+07,4472.04,3770.81,,,,,34731.1,,807317,,,252991,,,,32344.9,75.77,,,380,,,,,,,,,,
110030103,5.08886e+07,11,千克,0.3596,1.83015e+07,311766,2.48099e+06,6.8242e+06,4.48607e+06,,1.6468e+07,,10711.7,,,293865,9035.77,24634,,,,1.67776e+06,,,,,,,,,,,,,,
109021699,5.079e+07,12,套,0.6410,5530,1.76468e+07,8038.82,3.25549e+07,96915,401251,,,6146.66,2241.97,,,,1543,29156,,,,,,,,,10500,27000,,,,,,,
108040799,5.04543e+07,14,个,0.7256,2.94261e+06,3.66098e+07,4.90895e+06,3.58426e+06,,165161,,,903293,,59632.3,57832,,2394.24,1.17051e+06,,,,24113.9,,,,,1883.99,10266.3,13544.8,,,,,,
109011102,5.0447e+07,13,个,0.9401,262408,4.74229e+07,128018,1.91271e+06,,420357,,,228166,,26,,,432.6,5650,,,2120,,,,,,63432.4,140,558.54,,,,,,
108032002,5.04237e+07,6,千克,0.9679,4.8803e+07,1000,,,,,,,1.60587e+06,,108.58,,,12735.9,,,,,,,,,,,1000,,,,,,,
101011209,5.04189e+07,15,千克,0.8336,4.20296e+07,246430,4.21996e+06,2400,,,,,50249.2,,16209.2,2.62284e+06,,112408,651783,,,591.05,302216,78277.3,,100,,456,,85326.4,,,,,,
109051307,5.03884e+07,9,个,0.6916,,3.48485e+07,1.43429e+06,1.34957e+07,,,,,525755,,,,800,,77181,4200,,,,,,,,2000,9,,,,,,,
107040306,5.02759e+07,4,千克,0.9998,5.02678e+07,1875.89,,,,960,,,,,,,,,,,,,,,,,,,5244,,,,,,,
108040405,5.0223e+07,14,个,0.8383,5.13869e+06,4.21029e+07,442239,2.19966e+06,,58134.9,,,235735,360,24,,1400,45,31120,,,,,,,,,12381.2,207.4,120,,,,,,
109060406,4.98071e+07,14,个,0.5111,2.36998e+07,2.5456e+07,37026.4,419866,,545,,,131383,,8935.7,200,255,4206.7,642,,,,,,,,,41835,6268.05,185,,,,,,
101010299,4.97319e+07,12,千克,0.8531,4.24255e+07,2.94185e+06,650328,25500,,,,5604,10919.4,,49565,463887,,376,14229.5,,,,2.20505e+06,,,,,,,939048,,,,,,
104010508,4.96785e+07,13,个,0.7422,684134,3.68699e+07,685284,2.13047e+06,,23500,,,8.36468e+06,,49729,,,2109,411666,,,,9.9,,,344,,2328.29,,454364,,,,,,
102040106,4.9648e+07,6,千克,0.9563,4.74782e+07,55670,1.99609e+06,113036,,,,,514.8,,,,,,,,,,,,,,,,,4500,,,,,,
109020103,4.96289e+07,11,个,0.6676,7.70986e+06,3.31303e+07,,6.51315e+06,,850901,,1.22189e+06,2338.75,,,,1000,1061,24983,,,,,,160554,,,12946,,,,,,,,
106050205,4.94333e+07,13,个,0.5827,1.12585e+07,2.88032e+07,1.33481e+06,4.40725e+06,,2.85597e+06,,10500,23106.6,196468,555,,,,498707,,,,,,,,,12240,27199,4745,,,,,,
108040408,4.91075e+07,17,套,0.4785,1.1735e+06,2.0699e+07,1.92577e+06,2.34972e+07,,101914,,1.0044e+06,344277,,39669.6,9225.55,43018,7500.74,99686.9,,,39683.2,2957.14,,,,,116042,1776.61,1938.99,,,,,,
109021406,4.8843e+07,5,套,0.6350,13800,1.74985e+07,313515,3.10172e+07,,,,,,,,,,,,25,,,,,,,,,,,,,,,,
108011102,4.87449e+07,13,个,0.9037,2.12316e+06,4.40496e+07,2.27653e+06,112.87,,,,,35331.8,121780,599.76,1180,,400,24,,,,,,,,,136022,170,46.4,,,,,,
101010999,4.83323e+07,12,千克,0.9525,4.60383e+07,608294,976087,338774,,3340,,,,,19784,136010,,5280,150080,,,,34170.4,,,,,1800,,20400,,,,,,
105011003,4.78893e+07,7,千克,0.4759,2.27906e+07,2.22282e+07,150.5,461052,,51878.3,,,113610,,,2.24391e+06,,,,,,,,,,,,,,,,,,,,
104011006,4.78755e+07,10,千米,0.8845,299976,701781,,,,4.23436e+07,,,1.53803e+06,1.11484e+06,140,,,,1.64e+06,,,,,,,,,198934,38030.8,146,,,,,,
102020500,4.78676e+07,16,千克,0.7367,3.52654e+07,4.41956e+06,103698,602091,,9248,198043,,65874.4,,1420.8,327552,,5.17443e+06,1.4374e+06,,,135322,1770,,,103142,,,,,,623.7,,22068,,
106040202,4.75362e+07,16,个,0.7182,802418,3.41427e+07,108308,2.10295e+06,,202914,,1.09688e+06,2.63727e+06,,2.70773e+06,20071.5,,69496.6,2.73303e+06,,,737862,36991.9,,,,,5740.6,38029.4,93775.5,,,,,,
107030211,4.74273e+07,9,盒,0.9261,46439.1,2.48419e+06,38401.3,243020,,,,,393407,,4.39205e+07,,,182040,,,,,117227,,,,,,,2060.4,,,,,,
102020699,4.73081e+07,17,千克,0.9100,4.30516e+07,1.38823e+06,157736,79415,,23356,65613.6,79815.8,108451,1.02612e+06,200,,3600,79157.2,70878.4,,,1.04382e+06,,,,128670,,,150,1319.5,,,,,,
109022701,4.70343e+07,8,个,0.7565,33768,3.55804e+07,,5.47774e+06,,7000,,,5.80798e+06,,,6000,,,81204.4,,,,,,,,,40201,,,,,,,,
109022003,4.69584e+07,13,个,0.8390,1.40769e+06,3.94002e+07,1.01323e+06,3.5194e+06,,60956,,8120,223060,133574,,646935,,7500,490490,,,,,,,4700,,,,42500,,,,,,
109011203,4.61492e+07,6,个,0.6939,1.16529e+07,3.20216e+07,315523,2.15685e+06,,450,,,1865,,,,,,,,,,,,,,,,,,,,,,,
104010701,4.61011e+07,16,个,0.4820,1.15601e+07,2.22201e+07,54680.6,3.70263e+06,,1.63709e+06,64152,42120,529560,3.89961e+06,1580,66245,,,,,,188.8,9164.65,,,,,1755,1.21892e+06,1.09316e+06,,,,,,
102050403,4.5989e+07,13,千克,0.9373,4.31055e+07,2.31856e+06,,249320,,2075.58,29330,,10350,196350,,2440,,5723.31,48362,,,,8102.51,,,,,,11248,1650,,,,,,
108041302,4.58871e+07,15,千米,0.6046,7.57207e+06,7.59425e+06,50717.4,126282,,2.77431e+07,,,1.6053e+06,415666,115537,191841,,464,64418,,,,,,,60,,81703.1,319109,6625,,,,,,
106050501,4.58478e+07,11,千克,0.4600,2.10896e+07,1.95792e+07,927390,563200,,156146,,,993902,3333,4818,481448,,,2.04695e+06,,,,1791.01,,,,,,,,,,,,,
109060305,4.57538e+07,9,个,0.6325,10877.8,2.89403e+07,530710,1.25581e+07,,,4800,,3.69504e+06,,,,10428,3400,,,,,80,,,,,,,,,,,,,
110020199,4.56607e+07,9,立方米,0.5741,1.90275e+07,85457,33017.5,248805,,,2.62137e+07,,,,,700,,50364,,,,,,,,,,,40,,1162,,,,,
105010103,4.5652e+07,18,个,0.5506,3.83158e+06,2.51366e+07,499367,880249,430659,90218.2,1.1406e+07,,2.34073e+06,75290.1,275,760.5,,17444.6,804193,630,,,215,,,,,72070,5610,60047.3,,,,,,
106051213,4.5394e+07,13,个,0.6269,1.98357e+06,2.84591e+07,30688.2,756778,,3.02487e+06,,,1.10004e+07,5243.2,92989.7,,,,,,,50,3409.15,,,,,15395.3,8540.72,12974.9,,,,,,
109023606,4.51458e+07,14,个,0.5638,872356,2.54521e+07,376114,2.24792e+06,,659216,,4.64402e+06,1880,9.0603e+06,,,150,,895850,921600,,3560,,,,,,4480,6300,,,,,,,
109025305,4.51434e+07,19,套,0.4236,283512,1.88895e+07,428977,1.91229e+07,,488921,24313,66075.5,1.70301e+06,98800,9681.9,68762,332,37942.1,3.37319e+06,,,36466.5,12788.2,,,,,463023,22179.7,13099.2,,,,,,
107030803,4.51182e+07,14,千克,0.4086,1.84358e+07,5.08569e+06,18.24,1.16824e+07,,,,,285942,,1.9376e+06,142364,,985200,372640,,,406317,691126,,,,,4.9102e+06,2710.38,180175,,,,,,
107050901,4.51051e+07,18,个,0.7334,1.12924e+06,3.30799e+07,199230,9.93608e+06,,48457.2,,105300,335579,82720.5,,4800,11505.5,976.32,55177.3,,,3000,1012,,,,,32950.9,4373.4,74565.7,,,,,220,
109024703,4.48412e+07,8,个,0.9257,,4.1511e+07,1.99439e+06,450432,,,,,27729.8,,750019,,6740,,100000,,,,,,,,,915.6,,,,,,,,
101030310,4.47745e+07,8,千克,0.9927,4.44457e+07,100793,7194.53,,,,,,131539,,65158.4,,,6368.6,,,,,14405.5,,,,,,,3297.5,,,,,,
101030311,4.44717e+07,15,盒,0.3547,9.14195e+06,1.54383e+07,231035,1.62836e+06,,,21600,,1.03185e+06,,1.57728e+07,419820,,596117,65926.4,,,,84452.4,3000,,4808.07,,5469,,26236.7,,,,,,
304070201,4.44526e+07,4,UNKNOWN,0.7843,,10498,3.48629e+07,,,,,1.53245e+06,8.04668e+06,,,,,,,,,,,,,,,,,,,,,,,
107040102,4.43551e+07,9,千克,0.8903,3.94886e+07,17823.2,3.73466e+06,,,15780,,,1.0125e+06,,45600,,,73,40000,,,,75,,,,,,,,,,,,,
109062303,4.39647e+07,4,个,0.9964,,4.38064e+07,116,157439,,,,,,,671,,,,,,,,,,,,,,,,,,,,,
101011203,4.37475e+07,15,千克,0.9595,4.1976e+07,75586.6,77782.9,,,40595,,,10872,,74689.3,9286.2,,35176.1,1.28668e+06,,,80,114697,3779.8,,8150,,,15042,19065.8,,,,,,
109030702,4.36794e+07,10,个,0.8917,503451,3.89495e+07,2.36501e+06,1661,,,102660,,1.39655e+06,,417.45,2250,28100,,329795,,,,,,,,,,,,,,,,,
107020119,4.36574e+07,12,千克,0.9730,4.248e+07,377200,13663,6248,,,200,,291178,,553,,2100,473800,,,,8367.42,,,,2825,,,,1286.48,,,,,,
108012004,4.3572e+07,16,个,0.8091,4.10687e+06,3.52559e+07,57247,2.56185e+06,66387.4,735994,,,168906,46200,1202,,1860.3,,535063,,,,376,,,,,11551,21584,662,,,,,,308.5
301040201,4.34911e+07,2,立方米,0.8429,,,6.83386e+06,,,,3.66572e+07,,,,,,,,,,,,,,,,,,,,,,,,,
102040108,4.30592e+07,7,千克,0.9760,4.20272e+07,538672,,45060,,42924,,4674.6,,,,,,51.9,400560,,,,,,,,,,,,,,,,,
105020103,4.29076e+07,11,个,0.8810,77361.4,3.78026e+07,156012,4.73057e+06,,812,,,122083,,66.56,,,140,17650,,,,,,,,,,292,2.56,,,,,,
109042601,4.26275e+07,3,千克,0.9877,4.21039e+07,504429,,19110,,,,,,,,,,,,,,,,,,,,,,,,,,,,
109013605,4.25764e+07,9,个,0.7934,6.60269e+06,3.37781e+07,433.2,141912,,84183.9,,,742.4,,,,6500,,1.25403e+06,,,,,,,,,707800,,,,,,,,
109060308,4.25692e+07,15,套,0.5573,3639.92,1.64889e+07,33178,2.37232e+07,,82.36,15300,66600,216291,,2014,27500,5800,1.48581e+06,439440,,,,,,,,,51328.1,,10070,,,,,,
108041305,4.25353e+07,11,千克,0.9003,3.82941e+07,720667,1200,18188,,1.00586e+06,,,311643,715428,,127417,,,6700,,,,360,,,,,,1.33368e+06,,,,,,,
108012401,4.25296e+07,16,千克,0.6388,2.71686e+07,9.56092e+06,60339.1,376096,,211927,3.24532e+06,,43045.1,1.54981e+06,6044.4,2280,,,210000,,,6000,21543.6,,,,,6833,32430.4,28477,,,,,,
109021603,4.24717e+07,13,个,0.7342,2200,3.11828e+07,35511,1.00427e+07,,,62880,,266.2,,,296511,203269,538226,34268.7,,,2850.8,,,,23567.7,,,46650,,,,,,,
106051211,4.20916e+07,17,个,0.6803,9.29115e+06,2.86339e+07,151202,1.0914e+06,,320,,,28767.3,,386869,259182,,696165,100000,4479.19,,220.4,7510.64,136000,,25,,90,,1.30432e+06,,,,,,
109025402,4.17891e+07,9,套,0.5662,25826.2,1.12385e+07,37035,2.36593e+07,,6.82491e+06,,,3044,,,,,,,,,,32,,,,,40,,350,,,,,,
108042500,4.14512e+07,12,个,0.5966,1.0963e+06,2.47287e+07,151178,1.15235e+07,,,,,655950,8577.55,60,,,,3.28317e+06,,,,87.75,,,,,165,186,3346,,,,,,
107021416,4.13712e+07,6,千克,0.9421,3.8976e+07,153659,2.22828e+06,,,,,,,,,,,11060,,,,960,,,,,,,,1200,,,,,,
109060404,4.12432e+07,14,个,0.8694,386.8,3.5857e+07,135306,5.13986e+06,,,,,10939.1,,26549.4,20698,208,60,40152.3,,,150,1373.8,,,,,,141.5,10332.4,,,,,,
109061503,4.11738e+07,7,个,0.5485,,2.2583e+07,31052,1.78377e+07,,630000,,1755,20314,,,,,,70000,,,,,,,,,,,,,,,,,
107020232,4.1127e+07,8,千克,0.9950,4.09199e+07,124708,,,,,23710,,60,,,13300,,31762.7,,,,3474.9,,,,,,,,10080,,,,,,
107030706,4.1075e+07,9,OTHER,0.4662,,1.44461e+07,163878,,,,,,1.91471e+07,,1.24891e+06,,1465,5.9829e+06,,,,,33049.8,,,,,24480.1,,27030.9,,,,,,
107030117,4.07637e+07,4,千克,0.8302,3.3843e+07,2.29337e+06,,,,,,,,,4.6269e+06,,,431,,,,,,,,,,,,,,,,,,
105011005,4.05335e+07,12,个,0.8749,2.49383e+06,3.54629e+07,162261,87513,,9431.07,,,2.17431e+06,15600,140.4,98559,80,,,,,95,,,,,,,28857,,,,,,,
109025102,4.04353e+07,6,套,0.8375,,4.51351e+06,1.20624e+06,3.38648e+07,,,,226105,379230,,,,245388,,,,,,,,,,,,,,,,,,,
106051210,4.0409e+07,15,个,0.7761,6.58036e+06,3.13633e+07,80433.5,1.76687e+06,,,,,148417,,161725,15167.8,26400,210632,8343.95,,,56,19675.8,,,,,1263.11,1080,25293.4,,,,,,
102020400,4.03417e+07,9,立方米,0.7459,410400,3669,2.06957e+06,,7.76669e+06,880,3.009e+07,,,,29.97,,,,,,,,32.16,,,,,,410,,,,,,,
109023302,4.02533e+07,9,千克,0.4880,1.96435e+07,1.83384e+07,70.3,1.08973e+06,,1.14139e+06,,,19737.1,,,362.76,,11051.6,,,,9059.76,,,,,,,,,,,,,,
109022503,4.0118e+07,15,套,0.4729,8245,1.88154e+07,231781,1.89703e+07,,220478,,,1.51827e+06,8400,14060.5,44930,5004,1800.05,166848,,,1590,,,,,,110590,360,,,,,,,
107020406,4.00961e+07,10,千克,0.9524,3.81892e+07,1.32076e+06,39132.5,1080,,,,,18720,,,481155,,370,,,,27196.2,5255,,,,,,,13210,,,,,,
109061607,4.00654e+07,8,个,0.7834,,3.13871e+07,93825,8.46432e+06,,,,,115200,,285,,,60,,,,,,,,,,3012,1580,,,,,,,
109024208,4.00124e+07,10,个,0.6329,,2.53235e+07,7.14663e+06,6.73673e+06,,,,,114000,,525000,,128226,,,,,2050,35442,,,,,800,,5.64,,,,,,
106010506,4.00055e+07,14,个,0.8320,1.76497e+06,3.32866e+07,54123.7,966615,,1.14797e+06,,,310284,392,1.7869e+06,208880,,,20378,,,,140.4,,,,,191506,228249,38531.3,,,,,,
109010703,3.99058e+07,10,个,0.8994,110.78,3.58922e+07,232240,3.68799e+06,,1057.72,,,14068.1,,11002.6,,,,9660.28,,,,55805.6,,,,,,,1688.15,,,,,,
109011702,3.98916e+07,14,个,0.8624,1291.6,3.4404e+07,376551,3.90526e+06,,561579,,,12976,,15159.4,,24090,,554190,,,6160,26947.2,,,,,1440,414,1620,,,,,,
109061101,3.98146e+07,10,个,0.7096,,2.82519e+07,407943,1.00317e+07,,8510,,2587,972981,,135830,1600,370,,,,,,,,,,,,,1119.15,,,,,,
101039900,3.97808e+07,10,千克,0.9251,3.68001e+07,818048,1.03769e+06,,,,,,43000,,113355,276417,,144.3,330950,,,,59444.9,,,,,,,301693,,,,,,
102020601,3.961e+07,15,个,0.3384,1.31815e+07,1.34036e+07,48405.2,157965,,508040,104.76,,577161,434388,181984,9.83434e+06,,1.138e+06,85561.6,,,54517.8,,,,,,,2645,1806.06,,,,,,
109061506,3.92554e+07,18,次,0.3546,4.44104e+06,7.04875e+06,2.42448e+06,7.21619e+06,,3476,266800,,1.15843e+06,,1.41926e+06,189716,1.39209e+07,153540,179778,,,97376.6,63939,,,579261,,85743,2236,4470,,,,,,
103010202,3.91065e+07,13,千克,0.8257,3.22921e+07,395696,478583,1147,,,,,138406,,509366,3180,,197989,,,,2629.23,4.48507e+06,60432,,292705,,,,249188,,,,,,
109022405,3.90814e+07,12,个,0.5456,3700,2.1324e+07,1.49101e+06,1.54867e+07,,20556,,,96000,,181495,393458,4000,891,79280.7,,,,,,,,,200,,,,,,,,
104010304,3.90284e+07,10,千米,0.9558,71257.3,1.21272e+06,65121.8,12290,,3.73049e+07,,,4856.56,353015,,,,,934.3,,,,899.96,,,,,,2446,,,,,,,
109011603,3.90183e+07,6,套,0.5762,,1.50165e+07,1.14397e+06,2.24825e+07,,336447,,38160,713.84,,,,,,,,,,,,,,,,,,,,,,,
107030708,3.89587e+07,10,个,0.6835,141247,2.66295e+07,24190,,,,,,1.15868e+07,,224714,280,,319507,,,,,8749.1,,,23567,,131.7,,,,,,,,
109041299,3.89309e+07,16,个,0.7761,331765,3.02126e+07,19060.8,4.0582e+06,106981,1.73303e+06,,,388656,,760,576600,,39376.8,1.00905e+06,,,15000,151,,,,,321968,116032,1664.5,,,,,,
104030503,3.89062e+07,15,个,0.6765,1.26215e+06,2.63182e+07,614847,1.36798e+06,,7.09931e+06,,22000,376136,184585,284387,,460,3032.82,1.20843e+06,,,2279.95,,,,,,,75796.7,86655.9,,,,,,
109010513,3.8811e+07,10,个,0.9403,4950,3.64927e+07,329686,1.91578e+06,,,,,51970,,2506,7620,,2680,,,,,,,,,,2734,,400,,,,,,
109012703,3.86068e+07,12,个,0.4662,344162,1.79967e+07,695918,1.14465e+07,,767570,,542758,1.11349e+06,4.70969e+06,4951.99,,,,968272,,,,,,,,,13790,,3040,,,,,,
301050201,3.84778e+07,13,千克,0.8351,3.21332e+07,129552,3.05076e+06,1.5638e+06,,82618.7,1940,1600,812600,,,118500,55466,,97854,,,,,,,,,,,,,418164,,,,11800
109032200,3.83893e+07,14,个,0.3314,9.50716e+06,1.27238e+07,127979,1.24617e+07,,161310,,,2.91833e+06,67155.9,122,,50,16314.2,334152,,,1636.18,,,,1881.6,,67622.7,,,,,,,,
109060508,3.83759e+07,6,套,0.5466,,1.7104e+07,5120,2.09771e+07,,,,,285310,,,1200,,3200,,,,,,,,,,,,,,,,,,
307050300,3.82501e+07,10,UNKNOWN,0.8567,,27260,3.2769e+07,8217.5,,,,944478,59290,11047.2,,2112,254749,,67026.5,4.10692e+06,,,,,,,,,,,,,,,,
108041303,3.82335e+07,10,个,0.4841,1.25358e+07,1.85077e+07,18912,1.9357e+06,,5.20694e+06,,,2700,3753.97,,,600,20205,,,,,,,,,,,1170,,,,,,,
109062102,3.82166e+07,6,个,0.5685,,2.17244e+07,6.98043e+06,7.83194e+06,,,,,26780,,,,,5000,1.648e+06,,,,,,,,,,,,,,,,,
109021104,3.82117e+07,13,套,0.7161,58813.8,6.52954e+06,,2.73645e+07,,9615,,,2.90623e+06,18879,1054,205,,346.5,686390,,,1880,,,,,,631101,3120,,,,,,,
107050105,3.79602e+07,11,个,0.9786,98257.2,3.71471e+07,84374.4,569505,,12983,,,17309.7,,,,50,300,25555,,,,,,,,,3807.28,980,,,,,,,
109060407,3.7926e+07,10,个,0.7891,620,2.99284e+07,4180.11,6.49865e+06,,,,9744,1.29997e+06,,,,772.2,,40250,,,,,,,,,143357,,76,,,,,,
108011201,3.78326e+07,17,个,0.8886,2.03726e+06,3.36164e+07,29417.2,1.37081e+06,,10535,,,105268,,195290,37097.6,220,73980.1,8131.5,,,4449,7463.6,8240,,,,284756,4447.3,38882.5,,,,,,
109024005,3.76676e+07,5,个,0.8713,21.1,3.28202e+07,,4.84546e+06,,,,,,,,,460,,,,,,,,,,,,,1400,,,,,,
101059900,3.7331e+07,16,千克,0.6678,2.49306e+07,444248,1.12434e+06,360824,,,148415,,427060,,994694,155077,,6949.04,7.95447e+06,,,2365.2,559395,2716.8,,126210,,336,,93245.5,,,,,,
109023211,3.72388e+07,7,套,0.3437,197271,1.20971e+07,1.10389e+06,1.27987e+07,,,,,1.10126e+07,29006.2,,,,,,,,,,,,,,,200.07,,,,,,,
104010809,3.70544e+07,17,个,0.5526,1.04163e+07,2.04771e+07,377562,673855,,1.44558e+06,,425000,2.8964e+06,82806,565,,46,1700,16792.5,,,,43259,90,,,,31564,50367.6,115425,,,,,,
109040306,3.66879e+07,6,个,0.9459,,3.4704e+07,124569,25990,,,,1.83e+06,,,,,1250,,,,,2140,,,,,,,,,,,,,,
109022205,3.6522e+07,18,个,0.6717,328912,2.45325e+07,3.2163e+06,5.87897e+06,,3894,7875,,113002,1.9921e+06,4524,96578,70000,6200,63721,,,9110,8020,,,,,161037,27250,2000,,,,,,
101050600,3.64642e+07,10,箱,0.3879,1.3868e+07,2.46947e+06,2.10893e+06,17680,,,,,1320,,387452,1.41453e+07,,7502.98,,,,,3.45695e+06,,,,,,,1641.45,,,,,,
306030201,3.64315e+07,5,单,0.9519,9500,170936,1.42614e+06,,,,,,,,,,,,,,,,,146595,,,,,,,,,,,3.46784e+07,
109061008,3.63414e+07,2,个,0.5242,,1.90497e+07,,1.72917e+07,,,,,,,,,,,,,,,,,,,,,,,,,,,,
108040502,3.57393e+07,11,个,0.8074,6.14026e+06,2.88545e+07,4242.38,525360,,,,,800,,817.5,,,,200350,,,,150,,,,,10,5750,7080,,,,,,
109022502,3.56962e+07,14,个,0.6624,742446,2.36436e+07,536930,6.69863e+06,342251,53568.1,,,2.13547e+06,,87493.4,22320,1360,,1.39138e+06,,,,,,,,,31294.8,6670.18,2800,,,,,,
106041099,3.55434e+07,13,个,0.6597,94930,2.34487e+07,188388,1.50239e+06,,25000,,,145,5040,31848.1,,,1261.92,28863,,,,4,,,,,1.02169e+07,,23,,,,,,
107030412,3.54942e+07,12,瓶,0.6210,1.1716e+06,1.69374e+06,143690,166954,,,,,30213.6,,1.02116e+07,,,2.20428e+07,299,,,,5397.69,14400,,,,,5.6,13560,,,,,,
306011003,3.54419e+07,6,笔,0.9328,,80262.2,2.25712e+06,,,,20000,,,,,,,,19937.7,,,,,,3.30618e+07,,,,,,2800,,,,,
306011001,3.53671e+07,9,UNKNOWN,0.5048,,18000,1.78535e+07,,,,,4.8036e+06,4.15577e+06,,,,2.95877e+06,,,3.73091e+06,,,,,1.70261e+06,,,,,,99000,,,,45000,
102049907,3.5356e+07,10,个,0.6670,1.13774e+07,2.35825e+07,,138234,,2620.8,,,,,76088,2400,,74379.9,,,,,4867.8,,,,,,96914,580,,,,,,
106040901,3.479e+07,11,套,0.5212,13402,1.3525e+07,176297,1.81343e+07,,5062.7,,260300,224187,,2400,13336.4,,,2.40787e+06,,,,,,,,,27900,,,,,,,,
109031900,3.46985e+07,12,OTHER,0.7473,205726,2.79478e+06,56100,3.96212e+06,,119432,3231.9,1.23202e+06,2.59304e+07,,,,81000,3864.6,254776,,,55060,,,,,,,,,,,,,,
103011500,3.46763e+07,11,千克,0.9794,3.39612e+07,422511,36861.1,,,,,,20045.2,,19255.2,15830.2,,33835.1,,,,25061.2,49377.2,,,71031.2,,,,21271.5,,,,,,
109012804,3.45369e+07,11,个,0.5675,13020,1.96005e+07,1.12237e+06,1.364e+07,,5339,,72000,35388,,28993.8,10690,,1630,7000,,,,,,,,,,,,,,,,,
101011602,3.45161e+07,13,千克,0.7821,2.69952e+07,752598,88849.5,4270,,,,,228394,,396978,1.96286e+06,,310706,359033,,,7248.76,873701,,,180913,,,,2.35534e+06,,,,,,
109021401,3.44894e+07,14,个,0.5152,155582,1.77672e+07,2.40646e+06,1.38496e+07,,15000,,,5,,6282.37,,,3366,168824,,,946,62187.3,,,,,53660,120,176.16,,,,,,
108010402,3.42273e+07,14,千米,0.6100,1.99582e+06,3.1623e+06,361076,118478,,2.08787e+07,36000,5400,407641,4.74161e+06,1.94111e+06,14960,,13759,473252,,,,,,,,,,,77220,,,,,,
108040402,3.41733e+07,18,个,0.8369,1.64192e+06,2.86e+07,135292,3.39623e+06,,16455.3,,1734.76,48819.3,125634,18558.2,4250,4111.6,1586.1,61167.7,,,25071.6,643.63,,,,,9756.64,78583,3465.03,,,,,,
109020801,3.38385e+07,9,套,0.7442,546410,8.00719e+06,8617.11,2.51817e+07,,2200.77,,,,,,30600,,300,,,,61320,,,,,,,145,,,,,,,
109024612,3.37184e+07,9,个,0.5755,1.79949e+06,1.94048e+07,48613.4,1.03251e+07,,,,,33379.6,,472529,,,329995,,,,,30878.6,,,,,,,1.27362e+06,,,,,,
104010807,3.36506e+07,8,个,0.9339,985746,3.14267e+07,31968.4,829948,,195350,,,178312,,490,,,,,,,,,,,,,2028,,,,,,,,
109024508,3.35573e+07,15,个,0.7188,498160,2.41218e+07,104394,2.51151e+06,,1848,,,633706,,5.25357e+06,56608,,9657.5,190413,,,10577.8,82377.5,,,,,2490,2004.02,78169.7,,,,,,
109062004,3.34154e+07,8,个,0.9806,100316,3.27673e+07,339944,,,,,,615,,2749.14,,,4600,23100,,,,,,,,,176787,,,,,,,,
106040111,3.32877e+07,22,个,0.5162,295790,1.71828e+07,412823,3.69799e+06,,23409.9,20528.2,,3.91512e+06,2390.54,1.21162e+06,628601,5946.11,1.78273e+06,2.34789e+06,600,,68243.3,731.55,1790.62,,,,2946.2,1.42487e+06,247473,,,,13358,40,
106050502,3.32834e+07,13,个,0.6316,5.90477e+06,2.10221e+07,383.13,136920,,46204,,,500,3.66463e+06,,2.50695e+06,,,276.81,,,,50,,,,,,276,147.03,,148.94,,,,
106040103,3.31355e+07,18,套,0.4722,328649,1.5505e+07,551695,1.56462e+07,,6192.5,284615,,96058.5,35136,91024.3,54349.5,970,1320.63,286058,,,160,4112.5,,,,,117295,72066,54605.5,,,,,,
106051214,3.30143e+07,18,千克,0.9037,2.98346e+07,409353,2.51475e+06,68315.8,,2504.75,,,2323.59,2214.71,11469,21920.1,1602.98,14953.7,6385.98,,,7612.8,6861.79,2199.36,,,,3164.95,56786.9,47336.2,,,,,,
101011401,3.29286e+07,17,次,0.5062,681345,7.14787e+06,5.14815e+06,100713,,4800,147275,,1.89466e+06,477707,14697.1,,1.66685e+07,164520,138871,331948,,1308,,5000,,342.7,,,,874.55,,,,,,
109012607,3.26706e+07,6,个,0.7495,14184,2.44869e+07,304058,6.41283e+06,,,,,629174,,,,,,823520,,,,,,,,,,,,,,,,,
109021804,3.26682e+07,14,个,0.5970,5.05281e+06,1.95013e+07,584088,298256,,,,,639384,,2.5834e+06,1.10141e+06,2715,410338,15461.9,,,7857,368577,,,2.08961e+06,,,,12993.8,,,,,,
109012605,3.2615e+07,6,个,0.6864,2.66914e+06,2.23868e+07,1.08058e+06,6.34535e+06,,,,,116380,,,,,,,,,,,,,,,,,16720,,,,,,
109020203,3.217e+07,9,个,0.5210,91421.7,1.67608e+07,5011.8,1.47888e+07,,420562,,,31085.9,671,,,43500,,,,,,,,,,,28190.7,,,,,,,,
106010402,3.21267e+07,11,个,0.6480,8.49995e+06,2.08193e+07,27037.8,600216,,,,,22789.6,5761.5,,,100,,1.70346e+06,,,,,,,,,,271350,7927,,,,168819,,
109022810,3.1813e+07,5,个,0.9236,599265,2.93824e+07,,1.78998e+06,,40140,,,,,,,,,,,,,,,,,,1300,,,,,,,,
109011209,3.17611e+07,7,套,0.5942,154080,1.2377e+07,33919.6,1.88713e+07,,,,,,,,,,,324500,,,,105,,,,,170,,,,,,,,
109022802,3.1575e+07,11,个,0.7947,193710,2.50931e+07,4.43438e+06,869988,62244,7106,,,341642,,2004.4,,161493,,407503,,,,,,,,,1792.5,,,,,,,,
109024615,3.15215e+07,16,个,0.8223,79240.7,2.59216e+07,76519.5,3.81292e+06,,4792,,,242642,10640,363540,32523.5,4125,2459.24,,,,360,136039,,,,,681476,200,152446,,,,,,
109010514,3.14582e+07,13,个,0.7965,245372,2.50573e+07,49682.4,5.05272e+06,,193858,,4200,11692.5,,,509075,1100,,3212,,,8419.2,,,,,,317263,4270,,,,,,,
101011202,3.13434e+07,12,千克,0.9417,2.95157e+07,72588.5,87291.6,502548,,,,,78797.4,,15047,192021,,6312.94,663730,,,,117834,49.5,,,,,,91410.5,,,,,,
104011303,3.1284e+07,11,千克,0.4750,1.48587e+07,1.17023e+06,116644,950736,,9.5331e+06,2.43238e+06,,45860,5820,,,,,2.06345e+06,,,,,,,,,106991,120,,,,,,,
105011002,3.11162e+07,10,千克,0.6403,1.99226e+07,6.80961e+06,15010.5,481836,,,,,1.36361e+06,,255,85870,,,2.35236e+06,,,,75474.1,,,,,,9594,,,,,,,
103020599,3.09253e+07,13,千克,0.5568,1.72195e+07,8.67896e+06,16460.5,407900,,,,,128576,,204612,2.52934e+06,,1.32714e+06,7214.27,,,34.64,148025,,,248210,,,,9259.16,,,,,,
108011800,3.08731e+07,14,个,0.8318,923483,2.5679e+07,182896,1.69999e+06,,1.10826e+06,9108,,1.2232e+06,38253.4,740,1294,550,,4645,,,,,,,,,,667,1011.5,,,,,,
109022005,3.08322e+07,6,个,0.9678,1432,2.98398e+07,,947605,,9068.46,,,32324.2,1938.57,,,,,,,,,,,,,,,,,,,,,,
109061905,3.08306e+07,7,个,0.9917,,3.05748e+07,4492.98,212538,,15000,,,9070,,,,,,,,,,,,,,,9274,,5446,,,,,,
107020405,3.0783e+07,7,千克,0.9697,2.98509e+07,651624,,,,,35662,,693,,,196868,,,45665,,,,1599.98,,,,,,,,,,,,,
109011104,3.07309e+07,11,套,0.4213,6.51382e+06,1.04544e+07,1405.09,1.29456e+07,,768619,,,19860.8,,1280,800,,,6520,,,,,,,,,,18375,175,,,,,,
108040401,3.06915e+07,17,个,0.6130,7.40181e+06,1.88133e+07,166229,923705,,49118.6,,,280462,,30435.8,75851.6,322.48,10,2.91069e+06,,,1269.2,234.49,,,,,10520.8,5629.4,10762.9,,,,,,11200
102050505,3.06711e+07,9,千克,0.6895,2.11468e+07,6.88032e+06,113862,554397,,1.85589e+06,,26676,,74851.1,,,,768,,,,,,,,,,17550,,,,,,,,
101020203,3.0487e+07,6,千克,0.8027,2.4472e+07,31208.2,2.25203e+06,,,,3.73163e+06,,,,218.4,9.8,,,,,,,,,,,,,,,,,,,,
109010510,3.04592e+07,8,个,0.9948,,3.03e+07,153847,4405,,205,,,100,,226,,,,,,,,,,,,,68,,375,,,,,,
104020106,3.00839e+07,5,个,0.9739,,2.92998e+07,19119.3,419866,,325058,,,,,,,,,20098.7,,,,,,,,,,,,,,,,,
101011201,3.00631e+07,14,千克,0.8094,2.43318e+07,581751,410507,168,,,,,9273.8,,1682.1,2.60018e+06,,54722.6,1.09036e+06,,,20682.9,908837,3381.45,,,,696,,49071.2,,,,,,
109050703,2.99596e+07,9,个,0.5268,,1.57831e+07,1.60213e+06,1.23469e+07,,,,660,219906,,214.96,,279,,1530,,,,,4895,,,,,,,,,,,,
109061809,2.99395e+07,5,个,0.5530,,1.65576e+07,87976,1.26227e+07,,,,,671251,,30,,,,,,,,,,,,,,,,,,,,,
109010706,2.99313e+07,8,个,0.9880,2310,2.95719e+07,33750,164095,,50100,,,,,,,,,24000,,,,,,,,,84666,490,,,,,,,
109024403,2.98431e+07,14,个,0.6707,3919.7,2.00166e+07,77159.1,9.29523e+06,,,,,7200,,30972.3,4702.5,,16725.9,192582,,,188160,2420,,,,,1175.94,5900,361,,,,,,
108040501,2.94064e+07,12,个,0.9731,566966,2.8616e+07,60498.2,128843,,6698.52,,,6651.51,,1221.79,,,,1772,,,30,,,,,,17072,633,19.78,,,,,,
109060503,2.93883e+07,11,个,0.4898,3756,1.4395e+07,,6.59663e+06,,38820,,,230,,1.58586e+06,,,85971.6,6.38148e+06,,,,170778,,,5400,,,,124369,,,,,,
109020101,2.91601e+07,9,套,0.3839,5900,6.43053e+06,1.84395e+06,1.11941e+07,,4.60464e+06,,,963567,,,,,,1.82733e+06,,,4600,,,,,,2.28556e+06,,,,,,,,
109012602,2.88729e+07,8,个,0.9038,20800,2.60953e+07,9174,2.13088e+06,,,,,70560,522659,,,5000,,,,,,,,,,,18604,,,,,,,,
103020502,2.88003e+07,12,袋,0.4568,1.39045e+06,7.72431e+06,52444.5,2.50554e+06,,,,,32970.2,,2.02073e+06,237745,,1.61213e+06,,,,1710,1.31571e+07,,,37995.9,,,,27230,,,,,,
108020403,2.86923e+07,9,千克,0.5981,1.7162e+07,1.10176e+07,43131.3,40986.6,,320485,,,8669,,,,,,,,,,,,,,,96985,2402.55,7,,,,,,
109042605,2.86473e+07,11,OTHER,0.4270,6.69561e+06,6.92269e+06,137418,1.80029e+06,,65315.1,,,1.22336e+07,696851,,,4848,,1900,,,,,,,,,222,88500,,,,,,,
109023802,2.84014e+07,8,个,0.7824,105582,2.2221e+07,4999.56,5.97934e+06,,45200,,,4100,,,,,,30910,,,,,,,,,10310,,,,,,,,
106051002,2.83259e+07,16,批,0.1800,2.01135e+06,3.75458e+06,365150,4.44983e+06,,154114,437010,,4.19688e+06,,4999.8,5.05589e+06,105050,1197.91,5.09875e+06,,,1740,29.9,,,,,,2.67261e+06,16686.1,,,,,,
108032301,2.83227e+07,10,套,0.4669,4.45116e+06,1.00882e+07,200729,1.32232e+07,,113042,,,18624.3,,156,,,,204661,,,,,,,,,22255.6,,665,,,,,,
101010108,2.82614e+07,15,个,0.6525,6.25848e+06,1.844e+07,151775,671184,,27604.8,,,31870,2.11372e+06,25697.6,152961,2000,86176,101287,,,,175126,,,3430,,,,20040.7,,,,,,
109020502,2.8195e+07,11,个,0.6438,492409,1.81523e+07,900,2.32421e+06,,5.04683e+06,,,172730,210290,,,,89.04,1.7391e+06,,,4176,,,,,,52000,,,,,,,,
105010402,2.80734e+07,8,平方米,0.8061,,4.80871e+06,481608,84899.6,,14800,38684.5,,7806,2.26294e+07,,,,,,,,7500,,,,,,,,,,,,,,
107020218,2.80174e+07,4,千克,0.9967,2.79255e+07,3154.8,,,,,,,64272,,,,,24482,,,,,,,,,,,,,,,,,,
109021802,2.80109e+07,9,套,0.5315,26545.1,1.27183e+07,103382,1.48869e+07,,122360,,,,,,,72974.6,9765,,,,,,,,,,70380,,284.2,,,,,,
109012999,2.79855e+07,9,个,0.8259,2.37517e+06,2.31139e+07,650,1.11737e+06,,12000,,,85746.1,,,,,,,1.26881e+06,,9400,2400,,,,,,,,,,,,,
302039900,2.79837e+07,11,批,0.7069,,309147,7.33071e+06,105060,,,,,2370,3072.6,223200,28110,,468,1.97821e+07,175500,,,,23993.2,,,,,,,,,,,,
106051006,2.78818e+07,14,套,0.5792,876094,6.25806e+06,241556,1.61498e+07,,573185,,4598.1,732753,,336774,7517.8,,3.9,316064,,,,,,,,,1168,2.38218e+06,2076.4,,,,,,
107022306,2.76881e+07,9,个,0.9071,113449,2.51153e+07,584107,11031.7,,,,,18524,,296824,,,1.37305e+06,175311,,,552,,,,,,,,,,,,,,
104010801,2.74907e+07,13,平方米,0.5445,145612,8.12457e+06,8695,1.1398e+06,,198203,,,672480,1.49687e+07,,4600,3890,,1.63034e+06,,,,1630,,,,,,372338,219775,,,,,,
107021903,2.74867e+07,9,千克,0.7977,2.19261e+07,1.76913e+06,,1.44754e+06,,,2.2e+06,20880,17625,,26979.5,,,19346.2,,,,59127.2,,,,,,,,,,,,,,
107020501,2.7407e+07,10,千克,0.7996,2.19148e+07,895225,242216,650,,,,,1.32616e+06,,,,,792635,62721,,,9925,1.76276e+06,,,,,,,399916,,,,,,
109021902,2.73806e+07,7,个,0.8604,855183,2.35588e+07,52090,2.07843e+06,,86320,,,5705.98,,,,,,744114,,,,,,,,,,,,,,,,,
109060603,2.73473e+07,8,个,0.7636,,2.08819e+07,1.06858e+06,5.00719e+06,,,,151280,236320,,463,,1140,400,,,,,,,,,,,,,,,,,,
109024801,2.72997e+07,4,个,0.5070,,1.384e+07,,1.34523e+07,,,,,,,,7421.04,,,,,,,,,,,,113.8,,,,,,,,
103011401,2.72544e+07,12,个,0.5263,1.25792e+06,1.43433e+07,523617,3944,,,,,3736.95,,4.73916e+06,2.24046e+06,,4320,,,,,4.13293e+06,3720,,,,714.02,,500.6,,,,,,
107020227,2.72234e+07,11,千克,0.8723,2.3748e+07,53760.4,1745.6,556.8,,,81192,,974881,,361345,,,294243,,,,1.65013e+06,48700,,,,,,,8823,,,,,,
109021402,2.72173e+07,13,个,0.8874,,2.41538e+07,489597,839650,11615.4,1.25638e+06,,100200,,,195480,68375.2,2200,,54861.3,,,,8690.8,,,32030.6,,,,4400.76,,,,,,
101011207,2.71555e+07,16,千克,0.8940,2.42778e+07,64880.5,242393,205.08,,5559.4,,,39965.1,,314252,24739,,5093.24,2.00508e+06,,,,104148,318,,8016.6,,1608,26851.6,34601.8,,,,,,
109060408,2.69453e+07,8,个,0.9640,,2.59749e+07,185,255069,,,,,184723,,28,,,,529600,,,,,,,,,721,30,,,,,,,
106051003,2.68752e+07,9,个,0.8343,241451,2.24221e+07,349375,3.44701e+06,,,,,47357,,,,,69.3,350396,,,,1732.67,,,,,,,15689.2,,,,,,
109051499,2.6777e+07,9,个,0.9406,,2.51868e+07,212310,1.22515e+06,,5173.08,,,130868,,300,,4946.15,,,,,9729.93,,,,,,1680,,,,,,,,
109020406,2.67252e+07,12,个,0.4552,2.06026e+06,1.2164e+07,346120,9.42728e+06,,1.52084e+06,,,30828.3,928297,,25340,,,154890,,,,2855.81,,,,,,54349.3,10179.8,,,,,,
103010102,2.65943e+07,13,OTHER,0.4423,2.28169e+06,1.67891e+06,926888,15200.2,,,,,1.17613e+07,,1.12011e+06,4.52635e+06,,3018.85,230316,,,40351,2.96526e+06,,,20134.5,,,,1.02474e+06,,,,,,
109011605,2.64416e+07,9,个,0.7690,325212,2.03325e+07,2.60383e+06,2.48354e+06,,108255,,,103218,,,,190,,482817,,,,,,,,,2000,,,,,,,,
106040605,2.64108e+07,8,个,0.5604,174152,1.48002e+07,1.03351e+06,6.90548e+06,,,,,146290,2.05299e+06,,,,,953344,,,,,,,,,344807,,,,,,,,
105010701,2.63745e+07,14,千克,0.2906,7.66472e+06,3.29458e+06,95732,746022,,4.93141e+06,3.6734e+06,,184716,4.6506e+06,90,61898,2300,,149970,,,,,,,,,1545,917535,,,,,,,
109023601,2.62507e+07,7,个,0.8703,247471,2.28463e+07,,3.1328e+06,,,,,,,22806.3,,1200,46.8,,,,,64.04,,,,,,,,,,,,,
106051105,2.59991e+07,7,个,0.8425,,2.19041e+07,1.82567e+06,21280,,,,,1.74017e+06,,68724,,,33.26,439188,,,,,,,,,,,,,,,,,
109062204,2.59931e+07,4,个,0.9032,,2.34773e+07,205366,919744,,,,,1.39068e+06,,,,,,,,,,,,,,,,,,,,,,,
106050212,2.59727e+07,12,个,0.6571,880310,1.70679e+07,295101,4.54528e+06,,1.29175e+06,,117000,263105,374159,,,,,1.13117e+06,1120,,,,1740,,,,4060,,,,,,,,
101011210,2.59641e+07,12,千克,0.6533,1.69634e+07,28591.8,237731,,,,,,10398.3,,902.98,7.78103e+06,,4126.22,455572,,,6082.21,273176,,,5710.7,,,,197371,,,,,,
109022001,2.58991e+07,15,个,0.7056,208881,1.82735e+07,138894,4.86074e+06,,42541.8,,,2.03527e+06,,11154.5,12946.6,360,11472,54480,,,,14.66,,,,,192372,49875,6522.6,,,,,,
107030603,2.58753e+07,10,千克,0.8357,2.1624e+07,382002,6384.2,7000,,,,,72.05,,570995,,,3.28066e+06,,,,,463.74,,,1948.4,,,,1741.5,,,,,,
109061805,2.55376e+07,2,个,0.9999,,2.55361e+07,,1485.7,,,,,,,,,,,,,,,,,,,,,,,,,,,,
101010203,2.54665e+07,11,箱,0.5732,7.64348e+06,162745,23367.2,2.39759e+06,,,,,102136,,704.7,1.45986e+07,,30780.3,,,,9900,169475,,,,,,,327759,,,,,,
105010703,2.53916e+07,16,个,0.3900,172511,9.9039e+06,2.99643e+06,491224,,683790,5.25321e+06,,9951,5.44723e+06,6349.1,370769,,,1854,46861.2,,,181.76,,,,,3900,3400,83.7,,,,,,
301020202,2.53827e+07,7,千克,0.3813,9.67732e+06,842924,9.62166e+06,,,,,,1.13882e+06,,,,2.85666e+06,,,,,,,,,,,,,,26000,1.21927e+06,,,,
109012806,2.53333e+07,10,个,0.5390,6.57225e+06,1.36548e+07,57740,1.99473e+06,,,1.63187e+06,340000,,,500,,,584900,65167,,,431340,,,,,,,,,,,,,,
103011108,2.50819e+07,13,个,0.3568,767228,8.94906e+06,1.24177e+06,3200,,,,,9405,,1.17515e+06,4.08048e+06,,41981.2,,,,3520,5.57472e+06,1.35436e+06,,377832,,,,1.5032e+06,,,,,,
103021203,2.50644e+07,14,千克,0.8149,2.04256e+07,344106,79671,52257.7,,,,1676,512203,6479.9,1.51168e+06,466901,,756508,129416,,,777831,,,,20,,,,75.97,,,,,,
109020207,2.50168e+07,11,个,0.4927,14028,1.23265e+07,187407,1.21644e+07,,134193,,,6306.04,,58,,,,183178,,,,175.2,,,,,449.28,,11.3,,,,,,
102020603,2.48121e+07,14,千克,0.6421,1.5932e+07,1.20066e+06,3.4183e+06,54959.2,,,3.39972e+06,,143757,,3746.22,5228,,196542,22349,,,323083,436.8,,,,,,110513,790,,,,,,
104011402,2.47876e+07,10,个,0.8980,50375.3,2.22586e+07,1.39767e+06,882495,,43774.9,,,84664.8,,6844,,,,54219.9,,,,,,,,,7223.1,1750,,,,,,,
101030106,2.47378e+07,8,千克,0.7136,1.76538e+07,6.42471e+06,549675,60,,,,,,,4037.2,,,,,,,,56059.4,,,,,,595,48903.4,,,,,,
106051303,2.46906e+07,11,个,0.9138,296835,2.25629e+07,15600,1523.32,,,,,,,243.65,,,1.73006e+06,,,,80290.2,825.66,,,2160,,143,,26,,,,,,
101011206,2.44743e+07,11,千克,0.9869,2.41549e+07,6457.2,4060.12,,,,,,5036.8,,2621.65,79151,,3155.43,202370,,,,15532.7,29.25,,,,,,1032.25,,,,,,
109025099,2.44544e+07,11,个,0.6435,508734,1.57355e+07,,5.99452e+06,,1.44371e+06,540000,,45300,,8068,,,,15836,,,,,,,,,36005,126000,775,,,,,,
109023607,2.4431e+07,6,个,0.9336,,2.28084e+07,1.35561e+06,237762,,,,,,,332.1,28806,,,,,,,,,,,,123,,,,,,,,
107020503,2.43821e+07,9,个,0.8168,4.25141e+06,1.99142e+07,28763.3,25,,,147656,,,,32,,,1288.21,,,,,38730,,,47.8,,,,,,,,,,
109042104,2.43118e+07,5,个,0.9864,,2.3982e+07,200568,116398,,,,,,,10514.4,,,,,,,,,,,,,,,2308.74,,,,,,
107021505,2.42886e+07,11,千克,0.7926,1.92521e+07,4.27652e+06,,301246,,10180,83925,,284260,,,27280,,10790.2,,,,2740,,,,,,221,,39370,,,,,,
103021101,2.42427e+07,12,千克,0.8874,2.15141e+07,519136,4375,1139.28,,,,,957.07,,92306.9,,,293451,,,,36373.1,1.52849e+06,,,24241.8,,112301,,115804,,,,,,
109062105,2.42158e+07,9,个,0.7580,177951,1.83556e+07,439357,4.32674e+06,,,,37000,21550,32300.3,,,,,779075,,,,,,,,,46160,,,,,,,,
108012105,2.41924e+07,10,个,0.7504,1.91784e+06,1.81537e+07,16874.2,2.80056e+06,,343700,,,96398.3,,23712,,,,838207,,,,1363.15,,,,,,,33.6,,,,,,
109024704,2.41118e+07,5,个,0.7727,,1.86303e+07,62028,4.04325e+06,,,,,,,1.37575e+06,,,,,,,,,,,,,500,,,,,,,,
108011402,2.39387e+07,12,套,0.9254,150596,881247,5124.48,2.21526e+07,,3163.52,,,33989.7,684736,1000,586,,23888.2,,,,1255.02,,,,,,,,480,,,,,,
108050000,2.35142e+07,15,个,0.3693,7.15799e+06,8.68311e+06,102043,2.26623e+06,,2.72437e+06,,,13777,469480,1.06456e+06,212749,,308305,430300,,,51216.9,,,,,,180,29800,110,,,,,,
306010800,2.34078e+07,7,UNKNOWN,0.7361,,,1.72298e+07,,,,,2.70428e+06,872224,,,,770046,,296305,583267,,,,,951922,,,,,,,,,,,
103010705,2.33997e+07,12,千克,0.6867,1.60688e+07,446985,227981,,,,,,10144,,139783,881981,,215247,,,,134238,5.09361e+06,768,,537.7,,,,179657,,,,,,
108011502,2.31981e+07,9,个,0.9698,126598,2.24967e+07,27537.4,28779.7,,9227.1,,,15741,,,,,645.89,488400,,,,,,,,,,4444.78,,,,,,,
106010401,2.3121e+07,16,个,0.4577,6.73447e+06,1.05817e+07,264936,536296,,47688,,,1.76588e+06,257.95,57721.6,381526,,,1.11172e+06,,,,588,169384,,513500,,,142077,594104,,,,219147,,
107030114,2.30402e+07,12,盒,0.3114,6.73192e+06,533804,691700,171981,,,12000,,2.46388e+06,,7.17371e+06,,,4.98111e+06,,,,166460,31065.2,,,82440.8,,,,180,,,,,,
101030201,2.29862e+07,9,千克,0.8844,2.03284e+07,269755,1.27287e+06,,,,,,2826,,707.2,119320,,,912260,,,,73434.9,,,,,,,6668.18,,,,,,
108032203,2.28655e+07,4,千克,0.9767,2.23337e+07,32580.2,,,,468366,,,,30834.6,,,,,,,,,,,,,,,,,,,,,,
109061199,2.28576e+07,8,套,0.5619,,9.04335e+06,17100,1.28439e+07,,37734,,900936,,,,2000,,8240,,,,,,,,,,,4312,,,,,,,
108010307,2.28041e+07,12,个,0.8652,,1.97309e+07,1.15149e+06,1.51328e+06,,998.77,,3787.1,74886.8,,966,19953,,,216687,,,,342,,,,,85546,5248,,,,,,,
105010902,2.26861e+07,16,套,0.3352,1.70555e+06,5.57203e+06,299827,7.60338e+06,,874,193200,,651156,4.25233e+06,30742.8,66600,,184.89,1.47748e+06,,,,1276.66,,,4.5,,,782439,49077.1,,,,,,
109020807,2.25611e+07,15,个,0.4103,287940,9.25718e+06,4.89899e+06,1.71271e+06,,77314.1,,,875907,74640,,4450,,,4.81809e+06,84750,,113.52,64124.7,,,,,50100,354697,55.8,,,,,,
106050399,2.23689e+07,14,千克,0.4386,9.81095e+06,6.14774e+06,39778.4,420284,,4080.37,306338,,142609,5.0874e+06,10667.9,,,3172.47,139630,,,240450,,,,,,6740.79,,9029.81,,,,,,
103040102,2.23684e+07,7,千克,0.9437,2.11098e+07,289392,89878.2,,,,,,,,,,856000,2730.24,20085,,,,,,,,,,,470,,,,,,
108012501,2.22799e+07,5,千克,0.9865,2.19791e+07,229214,1375,44500,,25715,,,,,,,,,,,,,,,,,,,,,,,,,,
101011000,2.19681e+07,16,千克,0.6076,1.33482e+07,2.41062e+06,146700,36300,,887070,407661,,73173.2,1.155e+06,11932,81298,,1.71646e+06,182340,,,,795237,,,69750.4,,,4150,642239,,,,,,
109042502,2.19623e+07,6,个,0.7580,1.4978e+06,1.66475e+07,28781.4,3.77336e+06,,2176,,,12620.1,,,,,,,,,,,,,,,,,,,,,,,
107021615,2.1804e+07,1,千克,1.0000,2.1804e+07,,,,,,,,,,,,,,,,,,,,,,,,,,,,,,,
102040112,2.16294e+07,5,千克,0.9998,2.1624e+07,1141.9,,2352,,,,,,,,,,1520,,,,352,,,,,,,,,,,,,,
109022805,2.15089e+07,5,个,0.9506,679457,2.04463e+07,52156,60208.2,,,,,,,,,,,270814,,,,,,,,,,,,,,,,,
109031802,2.14647e+07,3,OTHER,0.8864,,,2.384e+06,,,,,54152,1.90265e+07,,,,,,,,,,,,,,,,,,,,,,,
107021807,2.14567e+07,11,个,0.9571,,2.05365e+07,46794.7,145164,,,,,171199,,45592.7,540,13650,,1550,3700,,485590,,,,,,,,6433.08,,,,,,
109041206,2.1415e+07,9,个,0.9314,360,1.99464e+07,,1.13354e+06,,5623.6,,,305473,,,,,,,,,148.47,,,,,,3146,300,20000,,,,,,
107030303,2.1392e+07,10,千克,0.6871,1.46975e+07,865531,96246.1,,,21531.9,,,680640,,1.38051e+06,,,197278,,,,,3.36339e+06,,,71131.9,,,,18314.1,,,,,,
109024212,2.139e+07,3,套,0.8506,295911,2.8994e+06,,1.81947e+07,,,,,,,,,,,,,,,,,,,,,,,,,,,,
109030701,2.13419e+07,7,个,0.9160,,1.95494e+07,1.36916e+06,8000,,,,,271828,,,,2787,,140622,,,,,,,,,,,43.96,,,,,,
109060402,2.12379e+07,13,千克,0.4593,9.75511e+06,5.98104e+06,37403.4,4.48918e+06,,,682209,,1336.3,,25535.4,30000,1600,900,,,,,10075,,,,,191469,32060.6,,,,,,,
106050307,2.11121e+07,9,千克,0.8870,1.87271e+07,1.6797e+06,46669.2,235703,,,,,675,,,,,2203.06,343752,,,75057.9,,,,,,,1250,,,,,,,
109030602,2.10866e+07,2,个,0.7383,,1.55681e+07,5.51848e+06,,,,,,,,,,,,,,,,,,,,,,,,,,,,,
109022403,2.09408e+07,7,套,0.6673,20800,6.71906e+06,42120.8,1.39736e+07,,,,,44800,,,,,,71400,,,,,,,,,69020,,,,,,,,
102050515,2.08362e+07,7,千克,0.9057,1.88705e+07,7619.04,215,,,1415.7,,,3308.99,,,,,,,,,,1.95218e+06,,,,,,,913.2,,,,,,
109024306,2.08052e+07,14,UNKNOWN,0.4470,114681,5.01377e+06,9.29958e+06,3.43803e+06,,,,,284250,,1.72577e+06,68950.6,,132213,251349,,,21465.5,409663,,40,,,1560,,43877.5,,,,,,
107051001,2.04106e+07,16,千克,0.6161,1.25742e+07,5.19932e+06,63894.3,202274,,1.04567e+06,114744,,26587.8,907257,1966.58,,,1694.8,,,,330,1130,,,360,,147266,123871,60,,,,,,
109020503,2.03128e+07,6,个,0.7035,,1.42908e+07,,5.93042e+06,,,,,31924.8,,,,500,,40014,,,,,,,,,19140,,,,,,,,
103040203,2.01949e+07,13,个,0.9802,996.1,1.97944e+07,38210,160,,,,,18302,,14871.2,,111300,244.99,171344,,,,,,,,,152,750,37443.6,,6795,,,,
101011301,2.00982e+07,16,个,0.3250,280057,6.53234e+06,5.43025e+06,40933.3,,,,6809,3.20621e+06,1.66988e+06,1.37627e+06,223306,58033.4,11315.2,1.03521e+06,190608,,65,,,,9819.67,,,,27072.6,,,,,,
109024616,2.00881e+07,8,个,0.9095,1485,1.82711e+07,9800,1.72695e+06,,,,,,,41505.9,6685.56,,,,,,,25131.2,,,,,,,5508,,,,,,
109023002,2.00254e+07,12,个,0.8601,7872.76,1.72246e+07,319699,1.27769e+06,,72128,,,101619,235989,25134,,,,192852,,,,,,1180,,,565845,737.76,,,,,,,
106051005,2.00192e+07,7,个,0.9785,17053.1,1.95879e+07,265161,73485.6,,,,,17910,,56893.3,,,,,,,,,,,,,,,820,,,,,,
102040201,1.99819e+07,5,千克,0.9637,1.92567e+07,713782,,5200,,,,,,,,210,,6060,,,,,,,,,,,,,,,,,,
109030603,1.95355e+07,3,个,0.9461,,1.84833e+07,,778596,,,,,,,,,,,,,,273600,,,,,,,,,,,,,,
109022004,1.94198e+07,10,个,0.7165,213920,1.39147e+07,2667,4.67054e+06,,363096,,177230,53608.3,,80,,,,,,,,,,,,,1480,,22500,,,,,,
109031202,1.93319e+07,3,个,0.9990,,1.93118e+07,284.35,19790,,,,,,,,,,,,,,,,,,,,,,,,,,,,
109032302,1.93137e+07,8,个,0.8583,67225,1.65776e+07,13722,2.62765e+06,,360,,2100,90,24960,,,,,,,,,,,,,,,,,,,,,,
109024602,1.91939e+07,10,个,0.6997,6000,1.34296e+07,39086,4.98086e+06,473966,,,,44080,,88133,,,,,,,,5697.6,,,,,102950,,23536,,,,,,
109021901,1.91384e+07,6,个,0.9361,78324,1.79161e+07,142513,961280,,,,,,,,,,,12800,,,,,,,,,27320,,,,,,,,
109062599,1.90647e+07,18,个,0.8196,1.09808e+06,1.56251e+07,27280.1,856999,,,,47408.4,344.94,,3660,64572.6,1680,17402,67471,362384,,,1000,5200,,,,26523.8,806750,32404.8,,,,20432,,
106051203,1.90215e+07,18,个,0.4646,4.46257e+06,8.83815e+06,58317.1,90215.1,41000,7517.7,,,38748.1,4.4538e+06,4656,15001.5,7800,1422,33102,,,63990,7717.92,,,,,5150.99,872610,19753.7,,,,,,
107021804,1.8972e+07,17,个,0.2773,1.09573e+06,5.26185e+06,41941,1.81453e+06,,,3.52042e+06,,1.2529e+06,,750,804809,,2.40648e+06,347596,58074,,577841,579713,,,91961.4,,,1.09714e+06,15673.5,,,,4610,,
109061609,1.89687e+07,5,个,0.9505,15692,1.80304e+07,257706,663938,,,,,1000,,,,,,,,,,,,,,,,,,,,,,,
302030200,1.89155e+07,14,UNKNOWN,0.7543,204288,656206,1.42685e+07,5400,,,,20300,1.48121e+06,,53667.1,,49408.2,,253007,1.71191e+06,,,210,32000,110717,,,,,,68675.5,,,,,
108032414,1.88889e+07,4,千克,0.9987,1.88636e+07,8700,2558.75,14000,,,,,,,,,,,,,,,,,,,,,,,,,,,,
107021808,1.88709e+07,11,个,0.6742,400792,1.27222e+07,105000,75908.2,,2.7785e+06,,,2002.75,,,,,,2.7791e+06,,,300,2850.16,,,,,,2263.94,2046.25,,,,,,
109012902,1.88438e+07,7,个,0.7333,113074,1.38179e+07,,4.89352e+06,,,,,,,3560,,13797,1188,,,,,,,,,,,,700,,,,,,
109025105,1.8807e+07,9,OTHER,0.8837,,1.03969e+06,465016,6898.04,,63302.5,,,1.66205e+07,,,,980.8,,36450,573984,,,160,,,,,,,,,,,,,
107022699,1.87901e+07,10,千克,0.9846,1.85e+07,142609,132820,,,,,,310,,5,,,2767.96,,,,10762.6,125,,,750,,,,8,,,,,,
108041107,1.83862e+07,11,千克,0.9834,1.80815e+07,101878,17790,985,,31824,,,300,,,,,,,,,3330,2451.6,,,,,145601,30,540,,,,,,
108041108,1.8379e+07,13,千克,0.8696,1.59818e+07,735166,38258.6,27301,,3054.92,,,103805,,8406.48,538,,1084.9,2680,,,392,,,,,,,1.47594e+06,578.68,,,,,,
109010404,1.82935e+07,10,UNKNOWN,0.4722,,5.64775e+06,8.63909e+06,2.46591e+06,73488.1,365234,,108200,845052,148500,,,,139.44,,,,,,,,,,165,,,,,,,,
109011607,1.81721e+07,14,个,0.7575,,1.37652e+07,29600,3.74549e+06,,72837,210,214543,44995,,195,240,15600,308,20951.8,,,255855,,,,,,6104,,,,,,,,
106050801,1.81221e+07,12,个,0.5878,3.06418e+06,1.06516e+07,209270,3.47707e+06,,,,,44772,40000,154818,318865,,,3320,,,,1071.14,,,16386.2,,140790,,,,,,,,
107021608,1.8096e+07,12,千克,0.8424,1.52436e+07,72988.6,1053,288.7,,,,,2310,,34210.6,2.69836e+06,,5016.19,,,,23099.9,64.58,,,7955.89,,,,7113.21,,,,,,
109031805,1.80634e+07,7,OTHER,0.6822,,448120,142000,3.16301e+06,,,1400,1.96271e+06,1.23221e+07,,,,,,24075.1,,,,,,,,,,,,,,,,,
104030504,1.79949e+07,5,个,0.8860,700976,1.5944e+07,8400,569118,,,,,772352,,,,,,,,,,,,,,,,,,,,,,,
109060806,1.79871e+07,6,个,0.9078,1.52767e+06,1.63288e+07,,127454,,,,,353.4,,,1439,,,,,,,,,,,,1310.5,,,,,,,,
109062401,1.79302e+07,4,个,0.9764,,1.75064e+07,6500,399240,,,,,18000,,,,,,,,,,,,,,,,,,,,,,,
103011301,1.78566e+07,12,千克,0.6703,1.1969e+07,63165.1,12701.8,,,,,,2.30229e+06,,1.40633e+06,6603.05,,850.08,74261,,,,249256,1695.74,,,,135,,1.77035e+06,,,,,,
109011107,1.78379e+07,6,个,0.9088,,1.62107e+07,86679.1,1.45007e+06,,1295,,,88730,,,,430,,,,,,,,,,,,,,,,,,,
108041903,1.75862e+07,16,OTHER,0.6295,425770,5.12806e+06,127040,677322,,15724,,4566.37,1.10703e+07,,2444.5,24700,740,685.8,23202,,,1420,,,,,,70151.3,2107.2,11986.8,,,,,,
107021503,1.75559e+07,5,千克,0.9992,1.75424e+07,4176,1,3800,,,,,,,,,,,,,,5460,,,,,,,,,,,,,,
109051404,1.75039e+07,11,个,0.9691,22320,1.69635e+07,7160,429250,,41457.6,,,721.11,29370,,,475.2,33,1728,,,,,,,,,7896.82,,,,,,,,
101011208,1.74928e+07,15,千克,0.7351,1.28595e+07,94318.6,131402,50368.2,,,,,1106.8,,3762.2,1.54042e+06,,56576.7,2.28748e+06,,,168400,16451.7,1004.58,,471.15,,179740,,101796,,,,,,
109021809,1.74695e+07,12,个,0.4898,5.64227e+06,8.55584e+06,1200.65,7653.1,,,,,2.02348e+06,,,1294.75,2600,,308688,,,,639191,269492,,114,,,,17678.2,,,,,,
109023003,1.72729e+07,8,个,0.4809,5.65502e+06,8.3057e+06,513400,1.32527e+06,,68466,,,44.46,,,,,,1.4e+06,5000,,,,,,,,,,,,,,,,
109024304,1.6863e+07,7,个,0.8505,,1.43423e+07,1.00339e+06,856417,,140356,,,,,263538,,,,255644,,,,,,,,,1320,,,,,,,,
109042503,1.68517e+07,7,个,0.6523,21050,1.09931e+07,6554.58,5.82029e+06,,,,,5400,,,,,,,,,,,,,,,105,5200,,,,,,,
102040304,1.68288e+07,5,千克,0.9994,1.68191e+07,9342.87,,,,,,,18,,44,,,271.44,,,,,,,,,,,,,,,,,,
102050700,1.67121e+07,16,个,0.3357,3.81346e+06,5.61064e+06,7881.08,758714,,69722.5,1.24834e+06,,1.59788e+06,1.17118e+06,441990,1.70935e+06,,6124.78,41390.3,,,,7902,,,,,173,108198,119106,,,,,,
405990000,1.66907e+07,8,UNKNOWN,0.7309,3.91748e+06,,1.21993e+07,180,,,,392355,,33408,,,131899,,11734,,,,,,,,,,,,4402.4,,,,,
107022305,1.66208e+07,10,瓶,0.4532,963442,2.40584e+06,335709,2.70865e+06,,,,,336,,2.5881e+06,77430.2,,7.53248e+06,,,,260,,,,8527,,,,,,,,,,
109011211,1.64807e+07,8,个,0.8867,,1.46133e+07,,1.83635e+06,,16670,,,425,,594,,,,1080,,,9300,,,,,,,,2925,,,,,,
108040599,1.64508e+07,5,个,0.6959,3.73718e+06,1.14488e+07,,1.23865e+06,,,,,,,,,,,25800,,,,,,,,,,,340,,,,,,
109021808,1.64331e+07,9,个,0.5052,22030.6,8.30272e+06,103790,7.76899e+06,,48390,,,17400,1300,,,,,,,,,67871,,,,,100579,,,,,,,,
109020404,1.63752e+07,12,个,0.8180,121533,1.33956e+07,301.8,2.43657e+06,,157628,,1610.35,162103,43534.8,,,3580,,24560,,,,,,,,,6202,,21968,,,,,,
109024209,1.63468e+07,8,个,0.7057,,1.15356e+07,93177,4.49887e+06,,,,,43453.6,,130545,,,2934.9,,,,,,,,,,1560,,40665,,,,,,
103010907,1.61586e+07,11,千克,0.8069,1.30387e+07,250280,642963,,,,,,4230.77,,694.4,1.12394e+06,,1648.13,,,,15536.9,135984,,,936869,,,,7684.96,,,,,,
103011104,1.61482e+07,12,盒,0.3730,4.26404e+06,2.60107e+06,33500.9,2263.99,,,,,105218,,6.02286e+06,1.28743e+06,,5912.65,,,,970507,599927,,,195094,,,,60361.9,,,,,,
109025303,1.58634e+07,14,个,0.8195,421757,1.29997e+07,161226,655182,,604557,,41251,380801,,1050,,2546,52210.8,524272,,,,,,,,,12217.8,4824.29,1809.6,,,,,,
109020906,1.58491e+07,7,个,0.8265,205098,1.3099e+07,181704,2.32274e+06,,7500,,,7830,,,,,,,,,,,,,,,,25250,,,,,,,
102050402,1.5832e+07,8,千克,0.7637,1.20904e+07,319853,327494,390380,,,,,,52500,,,,8,,,,,2.64972e+06,,,,,,,1600,,,,,,
109023603,1.5827e+07,9,个,0.8054,2.10442e+06,1.27473e+07,12410.6,851300,,3200,,,3919.5,,,,,680,83266,,,,,,,,,20520,,,,,,,,
109021502,1.57487e+07,14,个,0.4820,13655.5,7.59127e+06,263124,2.74819e+06,,,,,655689,,2.08513e+06,919021,,1.24857e+06,12520.5,,,5963,94652.4,1666,,79920,,,,29374,,,,,,
103020999,1.56279e+07,14,箱,0.2416,1.71031e+06,1.33426e+06,1.77578e+06,21.4,,,,,110599,,1.28614e+06,3.77617e+06,,431675,3.66246e+06,,,422767,612328,,,257978,,,1024.02,246388,,,,,,
106010105,1.5522e+07,10,千克,0.9632,1.49511e+07,195608,18707.5,216534,,35451.8,,,94589.4,,824,8568.8,,,,,,234,,,,,,,,360,,,,,,
104011403,1.55069e+07,13,个,0.6852,87752,1.06261e+07,81739.8,163649,,683277,,,2.20127e+06,,1.54089e+06,4860,18900,,,,,,,,,14.47,,70642.5,17,27806.9,,,,,,
107040309,1.55032e+07,5,千克,0.9935,1.54028e+07,78236.3,,8504.5,,,,,1500,,,12131.8,,,,,,,,,,,,,,,,,,,,
106050603,1.53555e+07,9,个,0.7487,787036,1.14968e+07,,2.84994e+06,,186340,,,25621.6,,3417.24,,,,5655.23,,,485,,,,,,,,269.57,,,,,,
109050603,1.53538e+07,13,个,0.5727,67590.4,8.79269e+06,21820.1,678269,12268.5,3.92132e+06,,,141436,,477.5,70965,6786,,58650,,,,,,,,,1.57294e+06,8540,,,,,,,
107030112,1.53007e+07,8,盒,0.9224,609000,368460,21756,,,,,,12944.8,,1.41134e+07,,,156957,,,,,17760,,,,,,,450,,,,,,
109022809,1.52752e+07,9,个,0.6461,625486,9.87004e+06,264,4.75581e+06,,2480,,,663.17,,19365,,,,,,,,,,,,,,16,1080,,,,,,
109062702,1.52073e+07,13,个,0.9488,237014,1.4428e+07,14865.6,169224,,,,,14678.3,,77162.3,7720,,2618.21,240995,,,,222.67,,,,,191.4,3178.19,11438.1,,,,,,
106040106,1.51817e+07,13,千克,0.6684,1.01473e+07,3.32513e+06,56691.5,459426,,,,,313469,,94158.5,20481.7,,605275,1971,,,10695,6346.07,,,,,,21060.2,119633,,,,,,
108013002,1.51589e+07,12,千克,0.3834,5.812e+06,890297,8640,6664,,,9900,,3.57456e+06,15000,,680,,,1.83896e+06,,,853.3,857133,,,,,,,2.14422e+06,,,,,,
109022401,1.5156e+07,12,套,0.3250,4.3726e+06,4.39111e+06,281151,4.92542e+06,,574668,44636.2,,5549.31,,646.43,,1000,205916,347180,,,6175.95,,,,,,,,,,,,,,
109020803,1.51406e+07,9,个,0.5195,1.33723e+06,7.8649e+06,491000,3.37927e+06,,,,,839000,,13.7,,,,1.17576e+06,,,560,,,,,,52850,,,,,,,,
101030199,1.50788e+07,10,OTHER,0.7115,2.02274e+06,1.1146e+06,173598,,,,,,1.07292e+07,,2370.81,905367,,10107.2,115000,,,,1532.05,,,,,,,4281.45,,,,,,
109023903,1.5042e+07,1,个,1.0000,,1.5042e+07,,,,,,,,,,,,,,,,,,,,,,,,,,,,,,
103010906,1.50175e+07,13,千克,0.3847,5.77741e+06,507102,2.43651e+06,315248,,,,,87048.3,,2.8064e+06,598614,,229392,64244.4,,,,305690,1.0061e+06,,3063.36,,,,880670,,,,,,
109062701,1.49678e+07,14,个,0.9549,,1.42925e+07,7378.68,570511,,72,,16618.3,8101,,6436.2,2242,23310,6852.91,7015.04,,,,37.5,,,,,,24818.4,1864.65,,,,,,
306011002,1.49545e+07,5,次,0.9204,,5673.14,1.16416e+06,,,,,,,,,,1.37642e+07,,2624.9,,,,,,,,,,,,17843.2,,,,,
108032204,1.49015e+07,3,OTHER,0.7368,3.92206e+06,608,,,,,,,1.09789e+07,,,,,,,,,,,,,,,,,,,,,,,
109010303,1.4752e+07,8,套,0.4871,,6.96786e+06,61006.8,7.18559e+06,,4450,,160180,169066,,,,,,169673,,,,,,,,,34200,,,,,,,,
109061103,1.45511e+07,11,个,0.5634,157110,8.19779e+06,2.3556e+06,3.10089e+06,,63884,,343520,68280,,4464,,,,,,,,,,,,,258520,700,360,,,,,,
109051505,1.42181e+07,7,个,0.8558,,1.21674e+07,575384,266703,,,,,1.20765e+06,,90,,,,,,,,,,,,,,822,7,,,,,,
106040704,1.41471e+07,11,个,0.8232,7922.7,1.16456e+07,565928,1.59705e+06,,14536,,17537.9,148671,,2758.8,,102020,,44731,,,,,,,,,360,,,,,,,,
106050301,1.40217e+07,12,个,0.7779,101925,1.09074e+07,748263,829298,,,3444.6,,667890,,119889,780,,15467.8,302950,,,216407,,,,,,108000,,,,,,,,
109021405,1.39941e+07,15,个,0.4331,4.54986e+06,6.06025e+06,3289,2.7814e+06,123164,30000,,,300,,2192,34804.6,2100,,238310,,,1429.98,5380.27,,,8064.33,,,,153530,,,,,,
109032000,1.3983e+07,7,UNKNOWN,0.4524,,783177,6.3254e+06,1.1582e+06,,,,,5.67498e+06,,,,12285,,11600,,,17400,,,,,,,,,,,,,,
103011303,1.39705e+07,12,袋,0.4477,1.03339e+06,600767,1.4629e+06,,,,,,1.1e+06,,52838.5,1.41853e+06,,1.24024e+06,389675,,,58484.8,6.25393e+06,,,6550.68,,,,353185,,,,,,
101020406,1.39495e+07,10,千克,0.9576,1.33584e+07,150,,672.54,,120086,,,1120.21,374400,2835.5,2710,,87539.3,,,,,,,,,,,,1593.01,,,,,,
107050106,1.38801e+07,11,个,0.7729,2.62432e+06,1.07275e+07,35860.9,243766,,71138,,,21035.1,,410,,,580,,,,134640,,,,,,3960,16895,,,,,,,
302010101,1.38564e+07,5,份,0.4989,,280593,6.32904e+06,,,,,331957,,,,,1200,,,,,,,6.91365e+06,,,,,,,,,,,,
302030100,1.38365e+07,8,UNKNOWN,0.3333,135050,3.9209e+06,4.61235e+06,4.54213e+06,,,,,90680,2160,3240,,529995,,,,,,,,,,,,,,,,,,,
102050205,1.36453e+07,12,平方米,0.3685,1.87208e+06,1.60371e+06,101096,,,700680,3.10042e+06,,1.22204e+06,5.02838e+06,470,,,240,6820.8,,,,8178,,,,,,,1200,,,,,,
109042304,1.35506e+07,8,个,0.6580,,8.91626e+06,12367,626305,,24975,,,50773.1,,2834.28,,1885,,3.91518e+06,,,,,,,,,,,,,,,,,
109022102,1.35049e+07,6,个,0.5236,60756.2,7.07094e+06,,2.87485e+06,,,,,2.56754e+06,836155,,,,,94675,,,,,,,,,,,,,,,,,
106010509,1.34018e+07,10,千克,0.9004,1.20674e+07,739252,189.6,140,,,,,62914.8,,,3205,,133,282649,,,,,,,,,,237505,8411.84,,,,,,
101011212,1.33464e+07,12,千克,0.6886,9.18986e+06,545098,135778,,,,,,1.29267e+06,,271885,754871,,17973.7,,,,29534.3,812899,,,10386.2,,,70.2,285366,,,,,,
109060802,1.33009e+07,8,个,0.7327,2.58128e+06,9.7452e+06,153856,758389,,,,,900,,1655,,840,,58800,,,,,,,,,,,,,,,,,
109022806,1.3167e+07,7,个,0.8444,,1.11185e+07,759120,1.26538e+06,,605,,,,,,,,,4000,,,,,,,,,720,18750,,,,,,,
109020908,1.31608e+07,3,套,0.9042,68437.5,1.19171e+06,,1.19006e+07,,,,,,,,,,,,,,,,,,,,,,,,,,,,
101030299,1.31134e+07,8,千克,0.4534,5.94587e+06,5.60001e+06,967198,,,,,,,,44690.3,11220,,,344335,,,,3607.5,,,,,,,196491,,,,,,
107022603,1.30855e+07,3,千克,0.9998,1.30822e+07,3098.16,,,,,,,,,160,,,,,,,,,,,,,,,,,,,,,
109022901,1.30849e+07,8,个,0.9652,4680,1.26302e+07,1519,389403,,,,,8675,,120,,,,33913,,,,,,,,,16400,,,,,,,,
109020206,1.30551e+07,5,个,0.8235,,1.07514e+07,166750,2.00007e+06,,,,,,1954.5,,,,,135000,,,,,,,,,,,,,,,,,
109024402,1.28503e+07,11,个,0.5028,1250,6.46135e+06,15417.1,6.20941e+06,,,2100,,836.56,,1339.45,,160,143877,,,,,6160,,,,,,,8397,,,,,,
108031299,1.27801e+07,2,千克,0.9990,1.27673e+07,12776,,,,,,,,,,,,,,,,,,,,,,,,,,,,,,
109024609,1.27468e+07,10,个,0.4671,543639,5.95458e+06,,66200,,,5.59355e+06,,3900,,502518,,,68267,200,,,2464.02,,,,11520,,,,,,,,,,
109023901,1.27457e+07,4,套,0.8968,,1.20655e+06,,1.143e+07,,96371.6,,,,,,,,,12754.8,,,,,,,,,,,,,,,,,
106050208,1.2511e+07,10,千克,0.5174,6.47354e+06,5.1854e+06,3189.35,129310,,405960,,,37537.6,60,456.7,,,649,274893,,,,,,,,,,,,,,,,,
109021599,1.24467e+07,13,个,0.7038,675,8.7597e+06,193363,2.1772e+06,,97166,,,103381,,112673,1060,170934,450,500,,,64024,,,,,,,765560,,,,,,,
102020602,1.24333e+07,13,个,0.7663,1.05233e+06,9.52721e+06,574773,862420,,71952.1,,,,177795,35,3490,5330.15,1870,97182.2,,,57520,,,,,,,,1436,,,,,,
109060903,1.24332e+07,6,个,0.5844,,7.26654e+06,933800,4.13041e+06,,,,13000,,,,,,2400,87000,,,,,,,,,,,,,,,,,
109022601,1.24067e+07,11,个,0.6814,102781,8.45349e+06,299233,2.27426e+06,,,,,79019,,80264,26828,,833988,,,,124819,40570.3,,,,,,,91406.8,,,,,,
109060507,1.23546e+07,10,个,0.6147,821400,7.59384e+06,60477.8,2.24923e+06,,,,,933317,,557589,14320,,37350,,,,,71930.6,,,,,,,15194,,,,,,
103020506,1.23409e+07,13,瓶,0.2286,849042,2.17321e+06,19228.6,,,,,,39386.9,,419106,2.6942e+06,,2.82126e+06,50365.8,,,1.72089e+06,171847,,,1.25687e+06,,,,33453.5,,91998.2,,,,
106050899,1.23182e+07,11,个,0.6667,349124,8.21228e+06,1.60466e+06,102572,,17400.2,,,8800,218777,43317,,1.5874e+06,,119293,,,,,,,,,54580,,,,,,,,
109020805,1.22434e+07,9,个,0.9263,30520,1.1341e+07,10467,845050,,,,14616,847.2,,,280,,42,,,,660.75,,,,,,,,,,,,,,
109020604,1.21841e+07,7,千克,0.6295,7.66995e+06,3.91118e+06,30888.9,493246,,,,100,76800,,,,,1970,,,,,,,,,,,,,,,,,,
109061004,1.20842e+07,7,套,0.5269,5920,5.64788e+06,56687,6.36678e+06,,,,,300,,,,,,5850,,,,,,,,,812,,,,,,,,
101011902,1.20279e+07,3,千克,0.9977,1.2e+07,570,27360,,,,,,,,,,,,,,,,,,,,,,,,,,,,,
109025001,1.19713e+07,7,个,0.9073,340501,1.08616e+07,,423520,,305879,,,22080,,1000,,,,,,,,,,,,,16795,,,,,,,,
110020103,1.19563e+07,2,个,0.9891,130047,1.18263e+07,,,,,,,,,,,,,,,,,,,,,,,,,,,,,,
109020409,1.19152e+07,4,个,0.5651,,6.7329e+06,,5.08592e+06,,96000,,,,,,,,374,,,,,,,,,,,,,,,,,,
104030402,1.18576e+07,14,个,0.5357,1330,6.35237e+06,299124,9978.96,,18080,,,477886,177506,11805,2070,,,34793.4,,,,5287.52,,,,,3.42346e+06,11600,1.03233e+06,,,,,,
109031806,1.18267e+07,3,OTHER,0.9850,,170581,,7000,,,,,1.16491e+07,,,,,,,,,,,,,,,,,,,,,,,
108031302,1.1788e+07,4,千克,0.9859,1.16223e+07,160219,,,,,,,,,3929,,,1627.86,,,,,,,,,,,,,,,,,,
108032208,1.17128e+07,3,个,0.9989,12500,1.17002e+07,,,,,,200,,,,,,,,,,,,,,,,,,,,,,,,
103010903,1.16009e+07,12,千克,0.4635,5.37672e+06,1.19098e+06,39007.5,,,,,,203124,,73255.8,1.88691e+06,,55223.4,83447.7,,,386.28,1.70528e+06,,,113590,,,,872976,,,,,,
109030200,1.15986e+07,9,个,0.9738,,1.12944e+07,10092.1,114443,48868.2,,,,10481.2,,50696.2,,,2850,15524.6,,,,,,,,,51250,,,,,,,,
109024706,1.14377e+07,5,个,0.4737,,5.41834e+06,981050,4.82515e+06,,,,,,,212829,,,,,,,,,,,,,,,300,,,,,,
106040107,1.14124e+07,16,个,0.5423,2.45611e+06,6.18931e+06,219945,772195,,237112,,,116433,19540.7,1.1227e+06,31624.5,,761.27,28023.2,,,826.5,17232.5,,,,,1879.64,69574.5,129177,,,,,,
107030107,1.13622e+07,11,OTHER,0.7891,450000,433807,22510.1,47430.2,,,,,8.96553e+06,,1.40906e+06,5795.64,,26995.9,,,,780,107.5,,,,,,,140,,,,,,
109012805,1.13077e+07,3,套,0.4466,3.95007e+06,2.30721e+06,,5.05037e+06,,,,,,,,,,,,,,,,,,,,,,,,,,,,
101011908,1.1262e+07,3,千克,0.9793,1.10289e+07,52747.5,,,,,,,,,,,,,,,,,,,,180355,,,,,,,,,,
109042506,1.12371e+07,9,个,0.8326,,9.35584e+06,362464,916831,,4580.56,,,473267,,,3200,,,7708,,,,,,,,,104017,9200,,,,,,,
103020903,1.11388e+07,12,个,0.4070,448315,4.53313e+06,11770.7,465,,,,,50330.3,,533172,3.94652e+06,,,,,,640,1.5316e+06,,,1070.6,,,10091.9,71690.1,,,,,,
302010199,1.10719e+07,8,UNKNOWN,0.7413,,835276,8.20814e+06,,,,,1313,284679,,,,3907,,1.01436e+06,77990.9,,,,646259,,,,,,,,,,,,
109010704,1.10296e+07,7,个,0.9430,,1.04014e+07,14870.3,376667,,121830,,,100884,,,7160.4,,,,,,,,,,,,6740,,,,,,,,
109031804,1.10277e+07,10,OTHER,0.4458,57840,1.64741e+06,58.5,176666,,,,4.2246e+06,4.91623e+06,,300,490,,,,,,,,,,,,2890,1250,,,,,,,
104020406,1.10272e+07,4,个,0.9986,,1.10121e+07,,14860,,,,,,,,,,,,,,,185,,,,,,,75,,,,,,
109032101,1.09481e+07,7,个,0.6233,2999.47,6.82407e+06,,1.73216e+06,,,,,376164,23135.8,144,,,,1.98946e+06,,,,,,,,,,,,,,,,,
110020201,1.09393e+07,5,立方米,0.5120,5.07096e+06,,259993,,,,5.60111e+06,,,,,,,70,,7154.4,,,,,,,,,,,,,,,,
106041007,1.09251e+07,9,批,0.7025,,2.2165e+06,192812,834133,,545.31,,4963,430.38,,300,,,,7.6754e+06,,,,,,,,,54,,,,,,,,
106041003,1.08639e+07,12,个,0.7430,2.05927e+06,8.07133e+06,15173,100814,,,,,44863.6,,1495.5,4600,2107,,200145,4250,,,,,,,,357890,,1940,,,,,,
109050202,1.08573e+07,9,个,0.9514,,1.03296e+07,3670,312080,,115790,,8100,31739,,1870,,53720,,,,,,,,,,,,,770,,,,,,
109021602,1.08468e+07,9,个,0.6922,,7.50795e+06,77825,3.16702e+06,,41068.8,,,733.32,,,,,9854.57,25650,,,,7684.67,,,,,9043.3,,,,,,,,
102050406,1.08445e+07,8,千克,0.9396,1.0189e+07,467740,61557.5,56000,,3400,27945.5,,,,,,,27,38857.9,,,,,,,,,,,,,,,,,
109060902,1.08027e+07,5,套,0.5890,,3.86033e+06,152505,6.36229e+06,,,,,,,,,,,396885,,,,,,,,,,30712.5,,,,,,,
109062502,1.08009e+07,9,个,0.8822,979998,9.52883e+06,5947,202413,,,,,,,,46670,,144,28014,,,1900,,,,,,,7020.2,,,,,,,
109031500,1.05301e+07,7,个,0.9039,589974,9.51764e+06,114760,4500,,,,,11016.8,,39080.1,,,,,,,,,,,,,253083,,,,,,,,
304070301,1.04599e+07,5,UNKNOWN,0.9489,,249724,9.92578e+06,250000,,,,,,,,,2400,,,32000,,,,,,,,,,,,,,,,
101010799,1.0368e+07,11,千克,0.6611,6.8547e+06,456700,3238.78,,,,,,27806.4,,111751,359707,,297603,,,,276,1.56211e+06,22500,,,,,,671599,,,,,,
109042306,1.0249e+07,8,个,0.9294,,9.52563e+06,22335,670707,,11488,,,10163,,,6220,348,,2110,,,,,,,,,,,,,,,,,
104011301,1.02103e+07,11,个,0.6934,2.5055e+06,7.08017e+06,3590.15,225166,,129540,,,51911,,98060.5,,,,,,,18520,280,,,,,85933.5,,11579.8,,,,,,
107020219,1.0191e+07,3,千克,0.9992,1.01829e+07,3164,,,,,,,,,,,,4877,,,,,,,,,,,,,,,,,,
108010705,1.01802e+07,14,平方米,0.6923,1.25284e+06,1.30758e+06,213988,7355,,107278,46608,,87254,7.04779e+06,7494,100000,,,,,,522,210,,,,,580,,690,,,,,,
109020802,9.95355e+06,6,个,0.7598,1.00767e+06,7.56236e+06,,1.34003e+06,,40690,,,400,,,,,,,,,,,,,,,2400,,,,,,,,
306010200,9.9398e+06,3,UNKNOWN,0.9645,,,9.58666e+06,,,,,,,,,,293144,,60000,,,,,,,,,,,,,,,,,
109021801,9.91133e+06,7,个,0.9719,5560,9.63309e+06,,217795,,22800,,,24000,,,284.8,,,,,,,,,,,,7800,,,,,,,,
109022817,9.90793e+06,4,个,0.8110,2650.42,8.03522e+06,5180,1.86489e+06,,,,,,,,,,,,,,,,,,,,,,,,,,,,
109023208,9.87581e+06,8,个,0.9494,1040,9.37583e+06,2504,485902,,1717.4,,,5657.06,3000,156,,,,,,,,,,,,,,,,,,,,,
109022602,9.8112e+06,11,个,0.8858,,8.69103e+06,3166.6,975132,,3900.04,,,28496.2,,12480,94100,,1223.2,,,,1500,150.01,,,,,22,,,,,,,,
106051108,9.79951e+06,1,个,1.0000,,9.79951e+06,,,,,,,,,,,,,,,,,,,,,,,,,,,,,,
109061003,9.78952e+06,5,套,0.7703,,1.97563e+06,244400,7.54085e+06,,44,,,,,,,28600,,,,,,,,,,,,,,,,,,,
109041304,9.68741e+06,4,个,0.5964,,5.77763e+06,603408,3.30176e+06,,,,,4614.47,,,,,,,,,,,,,,,,,,,,,,,
303020500,9.66219e+06,4,个,0.8690,,8.39675e+06,862798,186871,,,,,,,,,215773,,,,,,,,,,,,,,,,,,,
103011103,9.61096e+06,11,箱,0.3257,279622,3.07218e+06,21819.6,,,,,,9726.87,,126847,3.13007e+06,,1.64492e+06,,,,636793,135351,,,354634,,,,198994,,,,,,
103010908,9.53936e+06,12,瓶,0.4379,3.87582e+06,106144,191287,15795,,,,,,,972991,77370,,4.17728e+06,,,,23210.8,89287.9,,,2408.2,,2935.5,,4830.9,,,,,,
304040600,9.49022e+06,6,批,0.5105,,786052,80360,,,,,,4699,,,,,,4.84461e+06,2.42361e+06,,,,,,,,,,,,1.35089e+06,,,,
109023004,9.43928e+06,9,OTHER,0.5600,4724.16,3.13187e+06,936,876490,,104598,,,5.28637e+06,1920,,,,,,,,,,,,,,29076.7,,3295.01,,,,,,
109024605,9.41397e+06,5,套,0.5816,,2.17138e+06,,5.47473e+06,,,,,,,1.764e+06,,,,,,,,3790.62,,,,,75,,,,,,,,
109024603,9.3826e+06,4,个,0.9612,,9.01847e+06,33000,328000,,,,,,,,,,,,,,,,,,,,,,3128,,,,,,
109061502,9.29456e+06,3,个,0.9686,,9.00259e+06,283140,8837.4,,,,,,,,,,,,,,,,,,,,,,,,,,,,
102050512,9.17221e+06,3,千克,0.9726,8.92115e+06,1267.2,,,,,,,,,,,,,,,,,,,,,,,249793,,,,,,,
102050503,9.15728e+06,6,千克,0.8491,7.7754e+06,1.12891e+06,143117,82186.8,,21900,,,,,,,,5763.37,,,,,,,,,,,,,,,,,,
106051302,8.9964e+06,5,个,0.6705,2.52601e+06,6.03232e+06,370647,67260,,,,,,,,,,,,,,,156,,,,,,,,,,,,,
103011105,8.9412e+06,12,盒,0.2639,2.10995e+06,383858,58744.1,87238.3,,,,,642050,,2.35991e+06,955178,,285398,,,,53860.9,1.82244e+06,,,16756.7,,,,165819,,,,,,
109013599,8.7785e+06,9,个,0.6610,1.2987e+06,5.80299e+06,12991.8,1.58318e+06,,38500,,,1135,,114,,40755,,,,,,,,,,,130,,,,,,,,
108010803,8.77548e+06,8,平方米,0.8643,485454,251534,,993,,72356.4,,,2152.8,7.58494e+06,,,,,,,,,,,,,,,335848,42204.2,,,,,,
109020205,8.77213e+06,5,个,0.9258,,8.12157e+06,3735,315454,,,,,1620.7,,,,,,,,,,,,,,,,,329745,,,,,,
107020239,8.65858e+06,2,千克,0.9998,8.65655e+06,,,,,,,,,,,,,2026.05,,,,,,,,,,,,,,,,,,
109020810,8.56998e+06,6,个,0.9445,,8.09462e+06,83600,214517,,,,,,172692,4310,,,,,,,240,,,,,,,,,,,,,,
109024803,8.46385e+06,10,个,0.5197,1.20053e+06,4.39906e+06,16413.2,2.79655e+06,,942,,,,,2372.85,,500,877.5,34371.5,,,,,,,,,12225.6,,,,,,,,
103011402,8.4311e+06,9,个,0.4065,2.41212e+06,3.42703e+06,196490,599200,,,,,230,,1.50892e+06,252188,,,,,,,9550.53,,,,,,,25359.6,,,,,,
109010708,8.39817e+06,7,个,0.9701,1445.4,8.14747e+06,,129616,,31282,,,,,82998,,,5000,,,,,,,,,,,360,,,,,,,
109011210,8.36245e+06,10,个,0.5850,,4.89209e+06,2000,3.33337e+06,,66,,950,9925,,,,4200,,57300,,,,,,,,,17760.6,44782.5,,,,,,,
109022702,8.34993e+06,14,个,0.5300,479140,4.42553e+06,20631,1.91358e+06,,1248,,,831554,,113599,20444.4,,2141.84,6390,,,,112,,,,,1923.1,414502,119135,,,,,,
101020408,8.13681e+06,6,千克,0.8168,6.64651e+06,1174,,,,,,,1.47283e+06,,3553.19,,,,,,,,,,,280,,,,12460,,,,,,
107060307,8.11334e+06,4,个,0.8504,1.14695e+06,6.8992e+06,17502,49687.4,,,,,,,,,,,,,,,,,,,,,,,,,,,,
101010701,8.11256e+06,9,千克,0.4886,3.96349e+06,21255.6,19884.4,68203.8,,,,,,,74321.5,1033,,20543.8,,,,,3.94189e+06,,,,,,,1930.5,,,,,,
106020599,8.10473e+06,14,个,0.3674,222600,2.97805e+06,100035,500991,,31656.2,,,7498.78,2.93542e+06,3385.68,,,200,1.30641e+06,,,268.76,,,,,,17930,141,145,,,,,,
109040303,8.10281e+06,5,个,0.9061,,7.34228e+06,9760,750077,,,,,482.5,,,,,,210,,,,,,,,,,,,,,,,,
109061303,8.06271e+06,3,个,0.6228,,5.02159e+06,,2.96071e+06,,,,80400,,,,,,,,,,,,,,,,,,,,,,,,
109061201,7.9739e+06,10,套,0.5240,,2.99184e+06,501369,4.17856e+06,,,,,48000,,470,,,729.2,171100,,,,,25500,,,,,650,55680,,,,,,
106050308,7.94334e+06,10,个,0.8474,950714,6.73105e+06,15750.6,997,,,,,26072.4,,119.7,109,,1924.89,,,,216204,,,,,,,,390.9,,,,,,
302010300,7.92581e+06,7,UNKNOWN,0.9018,,154969,7.1472e+06,23912,,,,,134.43,50786.4,6184,,,,,,,,,542620,,,,,,,,,,,,
501010300,7.89068e+06,5,UNKNOWN,0.6907,,91840,5.45036e+06,,,,,80000,,2.15e+06,,,,,,118480,,,,,,,,,,,,,,,,
107021803,7.84491e+06,12,OTHER,0.6240,972130,887521,400,,,2534.72,,,4.8954e+06,292953,11425.5,6038,,32460.7,,,,,15667.2,,,,,,712567,15815.9,,,,,,
106050604,7.7145e+06,10,个,0.3830,1.8381e+06,2.95428e+06,,242552,,1.79587e+06,,,4900,,2.4,14560,,,727765,,,,,,,,,,2002,134459,,,,,,
109010607,7.68601e+06,8,个,0.9447,,7.26073e+06,36580,373984,,,,,3245,,,,,40,,,,3800,,,,,,4561,3075,,,,,,,
109061009,7.44328e+06,8,个,0.3751,,2.79161e+06,19216,1.67059e+06,,40497,,399000,1.36211e+06,1.15998e+06,,,,,,,,,,,,,,280,,,,,,,,
109061701,7.42008e+06,12,套,0.5483,50236,3.15278e+06,,4.06818e+06,,56665.5,,,1050,,6580,,37721.9,857.7,43650,,,,,,,,,500,200,1660,,,,,,
103011404,7.30615e+06,11,个,0.3177,875707,2.32097e+06,27072.5,,,,,,9419.4,,1.3912e+06,1.06595e+06,,768663,,,,200864,507861,,,527.73,,,,137927,,,,,,
301030200,7.29788e+06,6,次,0.8617,66500,,167020,,,,,751200,,,,,6.28878e+06,,5100,,,,,,19285,,,,,,,,,,,
109021601,7.27974e+06,9,个,0.6494,,4.72779e+06,71451,1.27072e+06,,13735,,,336000,,,,3440,98.44,845000,,,,,,,,,11500,,,,,,,,
107021610,7.27041e+06,6,千克,0.9963,7.24377e+06,15185.6,,8100,,,,,,,,,,3281.87,,,,,,,,18.96,,,49.73,,,,,,,
105011004,7.26628e+06,9,个,0.5006,2.43792e+06,3.63776e+06,,,,,,,1.07214e+06,40800,,,,126,,,,126,3670,,,,,,71280,2456.04,,,,,,
101011904,7.18895e+06,6,千克,0.8855,6.36577e+06,215594,,,,,,,1887.7,,,,,26075.5,,,,30.94,579592,,,,,,,,,,,,,
109060303,7.15168e+06,5,套,0.5129,,1.44204e+06,1015,3.66828e+06,923086,,,,1.11727e+06,,,,,,,,,,,,,,,,,,,,,,,
105010509,7.10334e+06,10,个,0.3644,328192,2.58812e+06,317687,486365,,487878,1.67764e+06,,3700.32,298774,,,,,901857,,,,,,,,,13129,,,,,,,,
108011203,7.02341e+06,15,个,0.8128,193647,5.70842e+06,37552.7,788742,,43200,,,32103.6,,86778.4,60150,,6197.61,14184.7,,,1240,1934.5,,,,,1000,9783.79,38478,,,,,,
107030604,6.98154e+06,6,个,0.4361,1.02562e+06,3.0444e+06,923.1,,,,,,83085,,1.2679e+06,,,1.55962e+06,,,,,,,,,,,,,,,,,,
106041008,6.9525e+06,11,副,0.4951,50939,1.54645e+06,794667,355047,,,,,16096.4,,195151,,96,,,,,,391.35,,,,,3.44221e+06,,1252.83,550187,,,,,
306010902,6.94082e+06,6,UNKNOWN,0.8870,,9911,6.15674e+06,,,,6819.64,,451552,,,,,,70000,,,,,,245800,,,,,,,,,,,
109025002,6.88916e+06,9,个,0.5340,,3.6788e+06,,1.5253e+06,,3100,,,756438,,10315,,,252.55,901044,,,2260,,,,,,,,11648.6,,,,,,
106051007,6.88151e+06,16,个,0.4624,1.55128e+06,3.18168e+06,12471.4,1.73445e+06,,56004,,,120429,2168,23514,17615,101500,14654.1,48450,,,,320,37.24,,,,612,,16324,,,,,,
109010606,6.83647e+06,7,个,0.6871,,4.69719e+06,108405,1.97432e+06,,,,,15890,,,8200,,,,,,,,,,,,31432,1025,,,,,,,
109024004,6.78274e+06,7,个,0.6842,14000,4.64089e+06,,118500,,618959,,,,,15951,,,,1.29649e+06,,,,,,,,,77950,,,,,,,,
109062301,6.77717e+06,8,个,0.9838,,6.66726e+06,,1437.5,,,,,5897.21,,1300,9900,,,,,,,,,,,,7425,4750.01,79200,,,,,,
109030601,6.69787e+06,4,UNKNOWN,0.9791,,105994,6.55803e+06,270,,,,,,,,,,,33571.9,,,,,,,,,,,,,,,,,
108032205,6.6953e+06,2,OTHER,0.9919,,53946.3,,,,,,,6.64136e+06,,,,,,,,,,,,,,,,,,,,,,,
106040502,6.62488e+06,15,个,0.3787,2.02403e+06,2.50878e+06,399.15,76483.6,,208028,54980,,2547.68,,96773,,3669,125823,61491.7,,,47814.8,360,,,,,,1.41358e+06,120,,,,,,
103020906,6.61612e+06,12,千克,0.4599,3.04292e+06,1.2582e+06,723914,,,105094,,,,,7445.7,718448,1050,15774.2,,,,720,339266,,,,,64999.4,,338295,,,,,,
109022301,6.59277e+06,6,个,0.9051,,5.96743e+06,3978,,,617888,,,,,44.41,,,3314,,,,,,,,,,,,123,,,,,,
104010307,6.58956e+06,4,个,0.9635,,6.34877e+06,,,,25194.6,,,,,,,,,,,,,,,,,,56375,159220,,,,,,,
103011109,6.34753e+06,11,千克,0.8474,5.37904e+06,37889.5,628733,28,,,,,,,97615.7,94699.7,,2374.02,82498.4,,,,21907.4,,,2550,,,,192,,,,,,
101040700,6.30197e+06,9,千克,0.5316,3.34987e+06,686,342078,,,,,,3975.03,,8000,2.01246e+06,,,154918,,,,193833,,,,,,,236150,,,,,,
109062103,6.26635e+06,7,套,0.6820,,1.54789e+06,66000,4.27353e+06,,,,,179893,197753,,,,381,,,,,,,,,,897.84,,,,,,,,
106051113,6.17336e+06,15,千克,0.7614,4.70011e+06,476492,31538.1,44467.9,,41487,,,18062.2,,27721.6,6652,700,98599,,,,320,3539.66,,,,,774,5884.24,717018,,,,,,
109025103,6.17293e+06,4,套,0.9973,,16096.1,,6.15601e+06,,,,,,,,,,780,,,,45,,,,,,,,,,,,,,
101050400,6.14907e+06,10,千克,0.6463,3.97414e+06,799108,188860,,,,,,1950,,255011,38665.6,,398,,,,,493298,139505,,,,,,258132,,,,,,
104011304,6.12999e+06,8,套,0.3366,1.36736e+06,1.53139e+06,52.35,2.06307e+06,,113101,,,972200,,,,,,82730,,,,,,,,,,,91.73,,,,,,
109024007,6.06658e+06,8,个,0.6139,953884,3.72436e+06,,358549,,320,201546,,817543,,,,,,10150,,,,,,,,,,231.6,,,,,,,
106040302,6.05839e+06,17,千克,0.5281,3.19969e+06,1.37842e+06,7549.56,416208,,775741,,,53688.4,42561.4,54764.8,2410.44,,62316.5,11314.2,,,390,2587.98,262.2,,,,7252.3,8343.31,34888.5,,,,,,
109022501,5.9789e+06,8,个,0.7938,21205.5,4.74612e+06,270506,839519,,,,,29788,,,26200,,,42960,,,,,,,,,2600,,,,,,,,
109032601,5.9485e+06,7,个,0.8941,1574.88,5.31847e+06,696,606920,,390,,,,,,,,,,,,,444,,,,,20010,,,,,,,,
109012202,5.94076e+06,8,套,0.6356,91420,1.99489e+06,18000,3.77615e+06,,,,800,10800,,,,18750,29948.8,,,,,,,,,,,,,,,,,,
108032409,5.91944e+06,5,个,0.3725,891945,2.20496e+06,,494580,,,1.19971e+06,,1.12824e+06,,,,,,,,,,,,,,,,,,,,,,,
109041604,5.89069e+06,4,个,0.8691,,5.11931e+06,291779,241031,,,,,238574,,,,,,,,,,,,,,,,,,,,,,,
101020204,5.72432e+06,10,千克,0.9461,5.41589e+06,130957,10460,,,22000,6692.4,,81020,,,,,,27257.2,,,,870,,,,,,,19.41,,,,,,29158
106051106,5.70961e+06,8,个,0.7913,489735,4.51826e+06,81137.9,590711,,,,,16191.9,,1956.3,,,,10028,,,,1592.07,,,,,,,,,,,,,
103011202,5.59046e+06,7,千克,0.8769,4.90233e+06,1980,8100,,,,,,,,642280,,,27662.7,,,,,880,,,,,,,7224,,,,,,
106020401,5.57085e+06,10,个,0.8713,,4.85391e+06,138581,504978,,,,,39555,8498.7,3815.55,5600,200,,,,,,,,,,,15000,,711.49,,,,,,
109042204,5.55169e+06,7,千克,0.9024,5.00994e+06,470423,3780,37452.4,,,,,2320,,,17068.8,,10701.9,,,,,,,,,,,,,,,,,,
101010899,5.54234e+06,4,个,0.9731,,5.39315e+06,820,148094,,,,,,,,,,,,,,,,,,,,,,280,,,,,,
105010603,5.53902e+06,11,桶,0.4195,943052,2.15881e+06,7608,544,,45287.7,,,5750,3941.64,,3045,,,46170,,,2.3235e+06,,,,,,,1310,,,,,,,
109061599,5.51368e+06,3,套,0.6578,,1.88595e+06,830,3.6269e+06,,,,,,,,,,,,,,,,,,,,,,,,,,,,
109022302,5.49938e+06,7,个,0.8937,,4.91483e+06,212773,190836,,,,700,173469,,132,,,,6640.26,,,,,,,,,,,,,,,,,
101020403,5.48818e+06,14,千克,0.6786,3.72443e+06,499873,,2680,,244459,,,792256,5908.8,621.5,166500,,1192,,,,22643,95.4,,,,,30,27472.3,14.51,,,,,,
110020106,5.47364e+06,8,千克,0.5296,2.89908e+06,1.16563e+06,139,106000,,,166744,,,191268,,9660,,935114,,,,,,,,,,,,,,,,,,
107021607,5.46243e+06,16,千克,0.8319,4.54424e+06,651137,10724,5432,,3236.4,364,,9306.7,,5171.8,31828,,171035,,,,15300.4,5275.2,,,222.5,,5627.4,426,3106,,,,,,
109061305,5.4265e+06,3,个,0.7654,,4.15369e+06,128560,1.14424e+06,,,,,,,,,,,,,,,,,,,,,,,,,,,,
102050206,5.41527e+06,15,千克,0.4947,2.67876e+06,666675,581.02,1690,,3924.32,,,2112.1,1.08219e+06,13023.4,27101,,20500,,,,757082,614.4,,,32760,,,125321,2932.4,,,,,,
109010509,5.40136e+06,6,个,0.7136,,3.85442e+06,124640,472744,,25520,,,,,,923955,,,,,,,,,,,,80,,,,,,,,
107021603,5.37806e+06,3,千克,0.9987,5.37109e+06,6625.5,,345,,,,,,,,,,,,,,,,,,,,,,,,,,,,
106050304,5.35004e+06,10,桶,0.3854,1.04455e+06,59749.2,281524,176584,,64610,,,1.46091e+06,,,1069.2,,3760.08,,,,2.0621e+06,,,,195192,,,,,,,,,,
107040401,5.33991e+06,11,千克,0.9579,5.11512e+06,36288.5,30100,26,,18757.1,,,,,1000,124154,,,,,,2200,5781,,,,,1120.86,,5371.8,,,,,,
103010404,5.31779e+06,6,千克,0.9186,4.88481e+06,372343,2019.02,,,,,,,,,,,,,,,,20654.8,,,13476.2,,,,24485.1,,,,,,
106050699,5.28337e+06,7,个,0.8756,130263,4.62592e+06,3750,10367.2,,431468,,,75000,,,,,,6600,,,,,,,,,,,,,,,,,
109023701,5.26233e+06,7,个,0.8913,551286,4.69052e+06,,2730,,,,,12516.9,,,,300,,,4625,,,,,,,,350,,,,,,,,
105010507,5.21093e+06,10,立方米,0.5419,197168,1.50158e+06,25873.6,314524,,,2.82388e+06,,323895,13224,,1344.04,,,,,,,,,,,,7363,2071,,,,,,,
109061002,5.17911e+06,5,个,0.8248,,4.27158e+06,89940,814735,,,,,1200,,,,,,,,,,,,,,,1660,,,,,,,,
109024604,5.14125e+06,6,袋,0.7030,,1.37474e+06,16000,40507.2,,,,,47745.6,,48102.5,,,,,,,,3.61415e+06,,,,,,,,,,,,,
109023905,5.11814e+06,4,套,0.6702,,1.63895e+06,,3.43e+06,,,,,,28722.4,,,,,,,,,,,,,,,20465.5,,,,,,,
109024305,5.1049e+06,10,个,0.5212,255770,2.66051e+06,525.01,2.10628e+06,,,,,225,,28781,,,1440,46930,,,,273,,,,,,,4164,,,,,,
109024505,5.06299e+06,10,个,0.5456,168182,2.76239e+06,20182.7,1.42359e+06,,27300,,,102745,,144809,,,8800,,,,,,,,,,28680,,376310,,,,,,
103011600,5.03954e+06,8,千克,0.9755,4.91599e+06,57602,68.42,,,,,,3236.6,,26250.6,,,23398,,,,,3498,,,9497.9,,,,,,,,,,
109061302,5.03606e+06,4,个,0.6752,,3.40015e+06,1.51751e+06,112100,,,,,6300,,,,,,,,,,,,,,,,,,,,,,,
103020904,5.02606e+06,11,个,0.8674,5390.19,4.35936e+06,5555.45,,,,,,25996.7,,7354.05,335197,,74348.9,,,,539.98,126615,,,,,72000,,13705.6,,,,,,
103040400,4.98581e+06,7,个,0.9173,89287.8,4.57369e+06,303654,16614,,,,,424,,,,,2082,,,,,,,,,,,,52,,,,,,
106050201,4.93612e+06,6,个,0.7539,,3.72142e+06,753788,,,,,,81524,24585,800,,,,354000,,,,,,,,,,,,,,,,,
107030502,4.89624e+06,11,袋,0.5042,68744,231618,,3000,,21,,,374166,,716551,,,383124,2400,,,609400,2.46866e+06,,,,,,,38560,,,,,,
109023202,4.87682e+06,9,个,0.6898,,3.36414e+06,385402,728920,,,,,101059,,167810,,4100,,119412,,,,,,,,,3672,,,2300,,,,,
405030000,4.86305e+06,5,UNKNOWN,0.8827,,348698,4.29242e+06,6460,,,,,213597,,,,1883,,,,,,,,,,,,,,,,,,,
109023602,4.83554e+06,7,个,0.8640,115157,4.17781e+06,101804,410756,,,,,5210,,,,,,23000,,,,,,,,,,1795,,,,,,,
106051004,4.83265e+06,5,个,0.9200,117400,4.44608e+06,247800,35,,,,,,,,21331.8,,,,,,,,,,,,,,,,,,,,
109025104,4.7825e+06,5,UNKNOWN,0.5650,,1.96261e+06,2.70216e+06,115347,,,,,,,,,786,,,,,,,,1600,,,,,,,,,,,
108032101,4.77657e+06,6,千克,0.7083,3.38315e+06,1.13836e+06,,194950,,2880,,,,57199,,,,,,,,,,,,,,,,25,,,,,,
109023503,4.70535e+06,1,个,1.0000,,4.70535e+06,,,,,,,,,,,,,,,,,,,,,,,,,,,,,,
109025003,4.68052e+06,8,个,0.7913,,3.70351e+06,40260.6,808047,,255,,,162,,,,56000,,,60000,,,,,,,,12290,,,,,,,,
105010508,4.65423e+06,7,套,0.6243,7800,1.63297e+06,3032.3,2.90557e+06,,44983,,,29183.4,,,,,,,,,,,,,,,30690.3,,,,,,,,
109061902,4.63528e+06,3,套,0.9816,,77361.7,,4.55008e+06,,,,,,,,,,,,,,,,,,,,,7836.2,,,,,,,
103010302,4.61075e+06,8,千克,0.7863,3.62543e+06,13362.4,182819,,,,,,,,128845,223620,,116.64,,,,,238667,,,,,,,197890,,,,,,
106041010,4.55287e+06,13,个,0.8762,20370,3.98939e+06,25728.3,315168,,3570,49104,,51392.6,,50,,,7760,,,,82020,,,,,,5380,200,2732,,,,,,
108041113,4.4974e+06,9,千克,0.8868,3.9882e+06,98918.9,5915,9750,,,,,356300,,35236.6,,,,,,,,1600,,,,,,15,1468.04,,,,,,
109060499,4.48864e+06,7,个,0.7846,570375,3.52174e+06,,337299,,8,,,26794,,,,,,,,,,,,,,,9061,23365,,,,,,,
109040203,4.48217e+06,7,个,0.5470,,2.45155e+06,1560,1.97088e+06,,48779.1,,,,,,5276,,,,,,,,,,,,,820,3300,,,,,,
103020512,4.396e+06,11,袋,0.2724,114772,454340,22914.9,,,,,,302900,,231702,773800,,605082,59189.7,,,,1.19761e+06,,,522860,,,,110832,,,,,,
109060803,4.37294e+06,5,个,0.9887,,4.32346e+06,14877.2,33481.2,,,,,350,,,,,,,,,,,,,,,,,772,,,,,,
103020513,4.37142e+06,13,瓶,0.4786,,31016.3,111687,37915.6,,,,,378140,,336122,255926,,2.09234e+06,504581,,,396,54253.6,,,508230,,,1500,59316.5,,,,,,
109061806,4.36485e+06,8,个,0.8229,16444.7,3.59197e+06,10933.3,230576,,,,,160302,,1027.75,,,157.61,,353438,,,,,,,,,,,,,,,,
301049901,4.34022e+06,4,项,0.8295,,123062,8940,,,,608221,3.6e+06,,,,,,,,,,,,,,,,,,,,,,,,
107020502,4.30851e+06,7,千克,0.9231,3.97737e+06,3300,16000,126316,,,,,,,,,,,,,,31200,154200,,,,,,,124.2,,,,,,
109020812,4.27415e+06,8,个,0.9831,10120,4.2018e+06,17974.2,41584.8,,595.7,,,284,,,,,,,,,,,,,,,120,1670,,,,,,,
109032105,4.25093e+06,16,个,0.5409,5690,2.29941e+06,184076,646698,,691141,,,58371.2,6187.35,1925,85440,79085,,122928,,,13230,32070,,,,,15655,1970.75,7060.5,,,,,,
107030215,4.24505e+06,13,盒,0.6294,,365171,52807.4,3553.9,,,,,409301,,2.67171e+06,,,192809,1933,,,23857,396384,2640,,335.2,,,7840.17,116708,,,,,,
106020403,4.22892e+06,8,个,0.7219,14727.2,3.05281e+06,95047.6,912878,,,,,138521,,6049.5,,,,,,,6979.72,,,,,,,,1899,,,,,,
107030701,4.20464e+06,10,千克,0.6990,2.93884e+06,189678,96,,,,,,530116,,532483,3005.22,,1338.16,,,,,3744,,,,,788,,4547.8,,,,,,
107030704,4.19231e+06,6,千克,0.6118,2.565e+06,1.6224e+06,,,,,,,500,,1760,2645.22,,7,,,,,,,,,,,,,,,,,,
109022807,4.10965e+06,2,个,0.9891,,4.06465e+06,,,,,,,45000,,,,,,,,,,,,,,,,,,,,,,,
109012803,4.10713e+06,5,个,0.7886,567872,3.23881e+06,186270,99220,,,,,,,,,,,14960,,,,,,,,,,,,,,,,,
108041109,4.09329e+06,4,个,0.9422,183364,3.85656e+06,17487,,,35880,,,,,,,,,,,,,,,,,,,,,,,,,,
104010308,4.08661e+06,9,个,0.5533,31571.9,2.26123e+06,8050,1975,,1.6071e+06,,,,163445,,,,,,,,,,,,,,1545,160,11525,,,,,,
109032502,4.02797e+06,3,个,0.8675,,3.49435e+06,118280,,,,,,,,,,,,415343,,,,,,,,,,,,,,,,,
106051104,4.01524e+06,4,套,0.5890,,1.64242e+06,3123.07,2.36486e+06,,,,,,,,,,,4834.6,,,,,,,,,,,,,,,,,
102049905,4.00772e+06,9,千克,0.6044,2.4221e+06,578593,18693.2,678126,,30258.1,,,,,,,,1426,248764,,,,29508.2,,,,,,,245,,,,,,
108032303,3.99874e+06,6,千克,0.6512,2.60401e+06,1.12888e+06,,,,103297,,,2317.1,160000,,,,,,,,,,,,,,232.64,,,,,,,,
107020124,3.99561e+06,5,千克,0.8689,3.47166e+06,181876,,,,,,,,336000,,,,2832.62,,,,3240,,,,,,,,,,,,,,
110030202,3.97657e+06,7,个,0.5487,1.49164e+06,2.18194e+06,60959.6,,,,31744.4,149350,,,54833,6100,,,,,,,,,,,,,,,,,,,,
107030503,3.90106e+06,5,OTHER,0.7876,84240,88603,,,,,,,3.07234e+06,,1976,,,653900,,,,,,,,,,,,,,,,,,
103020509,3.84798e+06,11,瓶,0.4659,337229,302107,3878.31,,,,,,232560,,38671,464204,,1.79292e+06,,,,58584.5,250638,,,285396,,,,81797.4,,,,,,
104010509,3.82743e+06,7,个,0.7372,170924,2.82165e+06,1949.64,167206,,,,,286037,,,,,,122688,,,,,,,,,,,256984,,,,,,
103011002,3.76819e+06,10,箱,0.5063,830353,216647,205646,,,,,,110041,,,1.90779e+06,,22877.8,91758.6,,,,365115,3596.66,,,,,,14367.9,,,,,,
101010600,3.76794e+06,14,千克,0.4847,1.8263e+06,739234,265785,514868,,100529,,,8343,4120,,28104,,245,,,,207659,1920,,,,,20000,21977.2,28855,,,,,,
103020510,3.76585e+06,13,个,0.5208,31041.8,1.96141e+06,71349.9,108000,,38080,,,16231,,203265,1.09391e+06,,48886,,,,40.5,161814,,,11962,,,,19863.7,,,,,,
301040303,3.71593e+06,3,UNKNOWN,0.7379,148080,,2.74195e+06,,,,,,,,,,825897,,,,,,,,,,,,,,,,,,,
109021803,3.71048e+06,14,个,0.7517,98130.6,2.78928e+06,2000.7,543785,,,23580,,1144,,12344.6,1883.85,,9859.92,36430,,,84939,,,,2156.65,,104233,,720,,,,,,
105010506,3.69172e+06,8,立方米,0.3882,,966071,86.1,4935.48,,,1.43301e+06,,585161,700000,,970,,,,,,,,,,1490,,,,,,,,,,
107021612,3.6829e+06,11,份,0.4065,1.36498e+06,31999.5,,24750,,,,,8710,,377158,,,136199,,,,154129,3636,1.49694e+06,,22880,,,,61523.6,,,,,,
109060804,3.68111e+06,3,个,0.9013,,3.3176e+06,11850,351659,,,,,,,,,,,,,,,,,,,,,,,,,,,,
105020202,3.66968e+06,11,平方米,0.6846,206235,735957,16949.6,113347,,,59175.2,6500,156.9,2.51222e+06,,,,14550,,,,3540,1052.5,,,,,,,,,,,,,
109061301,3.62646e+06,4,套,0.6431,166028,1.12426e+06,4055.96,2.33211e+06,,,,,,,,,,,,,,,,,,,,,,,,,,,,
101011205,3.62334e+06,12,千克,0.7803,2.82713e+06,62025,10780.6,215776,,,,,239.8,,6520,,,,286440,,,1806.12,50730.1,470.78,,,,39764.1,,121666,,,,,,
107029905,3.61748e+06,11,个,0.8419,36446.1,3.04561e+06,15676.1,,,,,,19384.2,,436594,750,,28960,1216.8,,,5990.39,,,,,,,,26062.5,,795.6,,,,
109011212,3.61162e+06,3,套,0.5233,,1.72131e+06,294.84,1.89001e+06,,,,,,,,,,,,,,,,,,,,,,,,,,,,
101030203,3.60069e+06,5,千克,0.9043,3.25596e+06,951.2,6406.4,,,,,,12117.6,,,,,,325256,,,,,,,,,,,,,,,,,
301050500,3.55533e+06,4,千克,0.9360,3.32797e+06,15600,200,,,,,,211568,,,,,,,,,,,,,,,,,,,,,,,
106051101,3.48743e+06,3,批,0.9581,,5257.61,,140795,,,,,,,,,,,3.34138e+06,,,,,,,,,,,,,,,,,
109060602,3.4839e+06,4,个,0.9003,,3.13645e+06,,340975,,,,,510.4,,,,,,,,,,,,,,,5967,,,,,,,,
104010805,3.46698e+06,6,个,0.6725,,2.33166e+06,,266101,,,,,105914,134704,,,,,627999,,,,,,,,,,,600,,,,,,
107030216,3.44567e+06,7,千克,0.7762,2.67443e+06,167134,,,,,,,4.55,,569544,,,3904,,,,20960,9694.77,,,,,,,,,,,,,
107021004,3.4091e+06,9,千克,0.8571,2.92208e+06,,755,,,,,,4626.28,,,2640,,1849,,,,6498,,,,18979,,210,451465,,,,,,,
103010405,3.33955e+06,10,千克,0.3685,1.23065e+06,672166,449590,2080,,,,,432375,,18896.7,226252,,,,,,117,306442,,,,,,,979.2,,,,,,
104010802,3.33542e+06,7,千克,0.3070,1.02412e+06,735906,,712057,,,,,74696,775029,,,,,,,,,,,,,,,13132,480,,,,,,
302019900,3.3339e+06,5,批,0.4953,,470123,1.0271e+06,,,,,,179612,,,,,,1.65114e+06,,,,,5924.8,,,,,,,,,,,,
107020125,3.32616e+06,5,千克,0.7942,2.64161e+06,155888,426452,,,,,,10500,,,,,,,,,,91716,,,,,,,,,,,,,
307020101,3.31017e+06,6,UNKNOWN,0.9490,,135376,3.14129e+06,20780,,,,,12600,,,,,80,,,,,,,,,,,,45,,,,,,
107021806,3.2756e+06,10,个,0.9040,,2.96119e+06,9934,182995,,,,48130,32808,5800,33789.7,480,,,300,,,,,,,,,,,174.08,,,,,,
301020402,3.27154e+06,4,千克,0.9533,3.11874e+06,19800,132000,,,,,,,,,,,,,,,,,,1000.7,,,,,,,,,,,
101011499,3.25527e+06,11,OTHER,0.6752,13585.3,225835,304620,403870,,,984.5,5000,2.1981e+06,43185.5,,,,,19300,,,,40366.9,,,,,,,423.14,,,,,,
109024610,3.21363e+06,5,个,0.5879,,1.88917e+06,,902831,,,,,,,40534.8,,,,200000,,,,,,,,,181090,,,,,,,,
102051101,3.20591e+06,12,个,0.7174,707424,2.29985e+06,30040,139779,,10400,,,1151.24,,2241.72,,,180,,,,5448,319.24,,,,,,8920,158.05,,,,,,
109022002,3.17709e+06,13,个,0.9552,492.1,3.03476e+06,,22160.5,,8363.79,,,9668.92,,,471.66,60,6380.97,,,,58919.7,682.49,,,45,,8200,,26888,,,,,,
108032406,3.14987e+06,2,千克,0.7970,2.51056e+06,639313,,,,,,,,,,,,,,,,,,,,,,,,,,,,,,
101011903,3.1497e+06,10,千克,0.8370,2.63622e+06,26486.3,164,,,,,,10865,,1140,220825,,137111,59051.3,,,37199,,,,20639.2,,,,,,,,,,
102040110,3.14151e+06,2,千克,0.9354,2.93862e+06,202890,,,,,,,,,,,,,,,,,,,,,,,,,,,,,,
301020301,3.09488e+06,3,千克,0.7690,2.37994e+06,,263819,,,,,,,,,,,,,451123,,,,,,,,,,,,,,,,
109010705,3.06979e+06,7,个,0.9750,4050,2.99307e+06,,53822.6,,,,,15268.5,,,,,,,,,,519.99,,,,,1860,,1200,,,,,,
102049906,3.06511e+06,8,千克,0.8457,2.59204e+06,196455,,100,,5200,,11800,,,,,,248971,10000,,,548,,,,,,,,,,,,,,
109010511,3.03677e+06,6,个,0.8320,,2.52645e+06,490240,10162.2,,,,,5904,,,,,,,,,,,,,,,3408,600,,,,,,,
109022402,3.02493e+06,6,个,0.9899,,2.99446e+06,,24660,,800,,,,,,,4900,84.9,,,,,,,,,,,,20,,,,,,
107020702,3.00852e+06,4,千克,0.7993,2.4048e+06,600482,,,,,,,,,1400,,,1848,,,,,,,,,,,,,,,,,,
108040409,2.97155e+06,10,个,0.9078,113538,2.69768e+06,7813.99,91669,,6902.12,,,39514.3,,8059.38,,,,1680,,,,,,,,,2210,2480.38,,,,,,,
109061606,2.96973e+06,9,个,0.8739,,2.59534e+06,300,243896,,3780,,,114339,,,,,360,,,,7810,27.8,,,,,3880,,,,,,,,
108012202,2.94889e+06,9,套,0.5412,,1.2589e+06,17702.4,1.59579e+06,,,,,14373,,10557,,,14022,35800,,,342.02,,,,,,,,1400.96,,,,,,
109022902,2.94312e+06,6,个,0.8682,46300,2.55517e+06,,164000,,53650,,,,,,,19050,,,,,,,,,,,,104950,,,,,,,
108032404,2.9427e+06,3,千克,0.9791,2.88108e+06,35369,,,,26250,,,,,,,,,,,,,,,,,,,,,,,,,,
108041105,2.93639e+06,10,千克,0.4698,1.37954e+06,985928,4526.71,104977,,2315,,,368224,,721,,,1707.74,,,,,,,,,,95,88361,,,,,,,
109010401,2.87352e+06,7,OTHER,0.3004,100117,584397,205813,2250,,,,,863063,557599,,,,,560280,,,,,,,,,,,,,,,,,
109061304,2.81387e+06,5,个,0.8609,53028,2.42256e+06,150,269533,,,,,68595.3,,,,,,,,,,,,,,,,,,,,,,,
106050605,2.73858e+06,8,个,0.8947,110310,2.45009e+06,,24756,,4685,,,106464,,,,,,21576,,,,,,,,,20639.9,57.2,,,,,,,
107021705,2.7232e+06,8,UNKNOWN,0.7989,10080,527704,2.1755e+06,,,,,,6903,,,450,,390,,,,280,1900,,,,,,,,,,,,,
108032302,2.69447e+06,8,个,0.6542,862828,1.76263e+06,29095.8,27600,,720,,,8624,,,,,1213.46,,,,,,,,,,1760,,,,,,,,
109032603,2.66539e+06,8,个,0.5430,158578,1.44729e+06,,29388,,7511.03,,,20,,,,,,1.01132e+06,,,,,,,,,4500,6789.5,,,,,,,
106050203,2.66112e+06,7,个,0.8749,500,2.3283e+06,,13857,,,,,310349,,,,,409.03,,,,214,7490,,,,,,,,,,,,,
102049903,2.64807e+06,4,千克,0.5562,1.47279e+06,949412,,193868,,32000,,,,,,,,,,,,,,,,,,,,,,,,,,
106020104,2.63062e+06,8,套,0.8033,,300203,1445,2.11313e+06,,,,,11965.1,,,,,,160500,,,,,33919,,,,7829.19,1624.2,,,,,,,
109061611,2.61514e+06,4,个,0.6535,,1.70907e+06,173000,732540,,,,,522,,,,,,,,,,,,,,,,,,,,,,,
101050500,2.60065e+06,3,千克,0.9803,2.54949e+06,,2201.59,,,,,,,,,,,,,,,,48958.5,,,,,,,,,,,,,
104010806,2.59156e+06,9,千米,0.4905,455,819024,2080,27860.2,,1.27114e+06,,,333499,75690.8,,,,,,,,,,,,,,51438.4,10380.6,,,,,,,
109022399,2.57377e+06,5,个,0.8177,,2.10464e+06,66000,331890,,,,,2137.6,,,,,,69100,,,,,,,,,,,,,,,,,
107021611,2.57019e+06,5,千克,0.9779,2.51347e+06,56380.1,322.5,,,,,,,,,,,15,3,,,,,,,,,,,,,,,,,
108041204,2.55036e+06,11,卷,0.2402,572238,598905,6224,164125,,584913,,,813.72,,49,,,,,,,787.2,,,,,,5950,612705,3653.91,,,,,,
102040109,2.5464e+06,6,千克,0.7932,2.01981e+06,459177,,66980,,,,,,,,,,209.43,,,,,,,,,,177.8,,50,,,,,,
109025203,2.53112e+06,2,个,0.9935,,2.51465e+06,,16470,,,,,,,,,,,,,,,,,,,,,,,,,,,,
109061006,2.53085e+06,4,个,0.6775,,1.71473e+06,4400,810173,,1552,,,,,,,,,,,,,,,,,,,,,,,,,,
102049904,2.52405e+06,5,个,0.6110,756502,1.54225e+06,,140700,,,,,,,,,,,,,,,4980,,,,,,79618.2,,,,,,,
109013606,2.51323e+06,7,套,0.4946,76827.8,875703,187500,1.24293e+06,,7600,,,,,,,,,113972,,,,,,,,,8700,,,,,,,,
109060403,2.50225e+06,12,个,0.5365,83124,1.34253e+06,1062,38347,,10118.2,,,515.38,,2702.26,2160,,1685.6,,,,699803,,,,,,,203.08,320000,,,,,,
109011204,2.50004e+06,6,个,0.9843,,2.46079e+06,8290,22135,,6520,,1800,,,,,,,,,,500,,,,,,,,,,,,,,
306030204,2.4938e+06,3,次,0.7622,,70458.9,,,,,,,,,,,1.90067e+06,,,,,,,522666,,,,,,,,,,,,
106041004,2.49093e+06,13,批,0.4847,,378211,6173.46,451044,,,,,28520,271464,281,14208.5,,15526.7,1.20724e+06,,,20106,1403.72,,,,,32.58,,96720,,,,,,
107021805,2.48324e+06,9,个,0.4346,,1.07923e+06,116848,196284,,1456,,,145844,230391,662826,,,,39260,,,,,,,,,,11108.1,,,,,,,
306030101,2.44679e+06,10,UNKNOWN,0.6325,,535674,1.54765e+06,8492.04,,6480,,500,117.19,1280,,,105145,,,,,,,74322.4,,,,,,,167133,,,,,
109022803,2.38551e+06,7,套,0.5462,60104,1.01589e+06,312.2,1.30294e+06,,,,,1379.24,240,,,,,,,,,,,,,,4646,,,,,,,,
109061799,2.38115e+06,6,个,0.8061,,1.91938e+06,,227839,,26830.1,,,,113226,,,,,67061,,,,,,,,,,,26810,,,,,,
106050211,2.36956e+06,5,个,0.8475,279116,2.00827e+06,,60267.3,,,,,,20700,,,,,,,,,,,,,,1200,,,,,,,,
306049900,2.35309e+06,5,UNKNOWN,0.9639,,49980,2.26816e+06,,,,,,7920,,,,,,13549.6,,,,,,,,,,,,13480.4,,,,,
109042303,2.27446e+06,5,个,0.9268,,2.10788e+06,79490.9,76125.3,,,,,7342.86,,,,,,,,,,,,,,,,,3613.28,,,,,,
109024607,2.22928e+06,3,个,0.7475,,1.66629e+06,,547048,,,,,,,,,,15940,,,,,,,,,,,,,,,,,,
301050601,2.22707e+06,5,千克,0.4234,942992,470567,19913.1,712478,,,,,,,,81120,,,,,,,,,,,,,,,,,,,,
101011907,2.14147e+06,13,千克,0.3012,644965,413757,66111.4,,,,,,252930,,30285,57574.6,,1134,300,54756,,,53941.8,3427.2,,156315,,,,405973,,,,,,
107020237,2.14058e+06,7,千克,0.9637,2.06283e+06,55822.5,7474,,,5532.5,,,,6220.8,,,,108,2586.87,,,,,,,,,,,,,,,,,
109060401,2.13227e+06,5,个,0.8984,,1.91572e+06,158360,44889.1,,821,,,12480,,,,,,,,,,,,,,,,,,,,,,,
105010802,2.13175e+06,14,个,0.5782,278126,1.23252e+06,47284.2,22284.8,,,,,293936,,30,51720.5,,220,9880,,,250,61228.8,,,,,6203.8,23560,104510,,,,,,
109011303,2.10525e+06,3,个,0.6739,,1.41865e+06,,680000,,,,,6600,,,,,,,,,,,,,,,,,,,,,,,
108031001,2.09122e+06,6,千克,0.9833,2.05637e+06,26440,,785,,1980,,,120,,,,,5530.43,,,,,,,,,,,,,,,,,,
109042206,2.04657e+06,7,个,0.8501,9472,1.73988e+06,132404,560,,840,,,20171,143237,,,,,,,,,,,,,,,,,,,,,,
106010510,1.97917e+06,8,个,0.9393,,1.85909e+06,73248.8,320,,,,,19268,,335,,260,,,,,,,,,,,,20380,6268.03,,,,,,
107021605,1.93691e+06,7,千克,0.9857,1.90926e+06,17430.2,600,350.01,,,,,,,7412,1360,,,,,,,496.3,,,,,,,,,,,,,
109024303,1.88994e+06,8,盒,0.3206,443805,589634,,75043,,41605,,,118626,,605910,,,,,,,,15230.4,,,,,,,90,,,,,,
107022001,1.88716e+06,4,千克,0.8825,1.66538e+06,220424,,,,1221.52,,,,,,,,,,,,,,,,,,126.36,,,,,,,,
109023705,1.85719e+06,4,个,0.9613,26921.6,1.78532e+06,,44485,,,,,,,,,,,466.05,,,,,,,,,,,,,,,,,
106050209,1.83588e+06,8,千克,0.4868,893720,284952,,7009.6,,157941,,,2607.08,84640,,,,,,,,,,,,,,385,404623,,,,,,,
102051103,1.8305e+06,12,千克,0.7933,1.45206e+06,212010,50,,,97240,22200,,300,,450,,,12361.6,,,,,3314.97,,,,,10837.2,19500,180,,,,,,
109060312,1.7852e+06,3,个,0.9318,,1.66342e+06,,120622,,,,,,,,,,,,,,,,,,,,1160,,,,,,,,
104020405,1.77399e+06,2,个,0.8287,303908,1.47008e+06,,,,,,,,,,,,,,,,,,,,,,,,,,,,,,
106020503,1.73683e+06,6,个,0.5441,,944989,17550,348080,,425066,,,,,344.77,800,,,,,,,,,,,,,,,,,,,,
109024003,1.68704e+06,3,个,0.6992,,1.17952e+06,12043.1,495470,,,,,,,,,,,,,,,,,,,,,,,,,,,,
109051402,1.66714e+06,5,个,0.8011,,1.33557e+06,114000,208688,,8851.62,,,,,,,,,,,,,,,,,,,35.68,,,,,,,
105010505,1.60074e+06,4,平方米,0.9427,,77455.3,,12169,,,,,2160,1.50895e+06,,,,,,,,,,,,,,,,,,,,,,
107030705,1.58361e+06,4,盒,0.6491,,82229.2,,,,,,,5800,,1.02795e+06,,,467623,,,,,,,,,,,,,,,,,,
106040501,1.56468e+06,9,瓶,0.7858,202,221969,50117.5,15613,,,,,5000.6,,1436.64,6349,,1.22946e+06,34533.6,,,,,,,,,,,,,,,,,
107021606,1.54394e+06,5,千克,0.9847,1.52032e+06,2820,,7360,,,,,,,3590.3,,,9850,,,,,,,,,,,,,,,,,,
101011305,1.50003e+06,12,千克,0.6188,928249,2457.02,42995.2,28903,,,,,390.06,,89507.8,229680,,24566.2,134101,,,,17227.8,,,234,,,,1719.06,,,,,,
103030803,1.48959e+06,12,箱,0.6665,329091,28999.6,15463.7,261.03,,,,,60458,,27466.5,992792,,8892.7,,,,,7168.03,,,11950,,3287.2,,3755.6,,,,,,
109024905,1.46426e+06,3,UNKNOWN,0.5653,,492290,827715,144259,,,,,,,,,,,,,,,,,,,,,,,,,,,,
109032602,1.45969e+06,3,个,0.9051,,1.32119e+06,121200,17300,,,,,,,,,,,,,,,,,,,,,,,,,,,,
109042202,1.44998e+06,2,套,0.7505,,361740,,1.08824e+06,,,,,,,,,,,,,,,,,,,,,,,,,,,,
106050302,1.44985e+06,7,桶,0.2809,400630,284425,,3827.6,,,312400,,20105,,,,,21166,,,,407297,,,,,,,,,,,,,,
106051107,1.4458e+06,3,个,0.9161,,1.32447e+06,,118449,,,,,2876.65,,,,,,,,,,,,,,,,,,,,,,,
108032104,1.44189e+06,1,千克,1.0000,1.44189e+06,,,,,,,,,,,,,,,,,,,,,,,,,,,,,,,
109023805,1.42894e+06,4,套,0.5201,394228,289173,2371,743172,,,,,,,,,,,,,,,,,,,,,,,,,,,,
405020000,1.4238e+06,3,个,0.9018,,1.28393e+06,43581.2,,,,,,,,,,96284.7,,,,,,,,,,,,,,,,,,,
301030103,1.41336e+06,1,UNKNOWN,1.0000,,,1.41336e+06,,,,,,,,,,,,,,,,,,,,,,,,,,,,,
109022303,1.36977e+06,5,个,0.7875,20580,1.07872e+06,1613.26,129800,,,,,,,,,,,,,,,,,,,,,,,,,,139056,,
109021702,1.36173e+06,1,个,1.0000,,1.36173e+06,,,,,,,,,,,,,,,,,,,,,,,,,,,,,,
109022815,1.34345e+06,5,千克,0.8959,1.20357e+06,136489,,,,,,,,,,,,,2650,,,,,,,,,,500,240,,,,,,
109062101,1.33778e+06,5,个,0.5539,,741050,47566.2,518666,,,,,,14120,,,,,,,,,,,,,,16380,,,,,,,,
101020407,1.33064e+06,10,千克,0.5450,725250,133220,38383,,,,,,408129,,5740.6,,,4916,,,,,756.61,11550,,2160,,,,533.25,,,,,,
108032405,1.30381e+06,3,千克,0.9808,1.2788e+06,10.32,,,,,,,,,,,,,,,,,,,,,,,25000,,,,,,,
106050303,1.30318e+06,5,个,0.9518,37663,1.24038e+06,,9040.8,,,,,,,,,,4868.04,,,,11226.5,,,,,,,,,,,,,,
109061505,1.29212e+06,3,套,0.8054,,182493,69000,1.04062e+06,,,,,,,,,,,,,,,,,,,,,,,,,,,,
109025403,1.29192e+06,7,个,0.5710,99459.4,737715,,424077,,720,17600,,,,,,,,9603,,,,,,,,,,2750,,,,,,,
109060805,1.26548e+06,2,个,0.9607,,1.21569e+06,,,,,,,49791.5,,,,,,,,,,,,,,,,,,,,,,,
109041803,1.24792e+06,6,个,0.7447,36770,929276,91021.4,926.84,,,,,176725,,,,,,,,,13205,,,,,,,,,,,,,,
101020405,1.24306e+06,8,个,0.9036,61047.4,1.12323e+06,18786,,,,,,2767.59,,27.6,,,780,,,,420,,,,,,36000,,,,,,,,
107030702,1.20197e+06,9,盒,0.7162,10997,274389,50,,,,,,1783.98,,860867,2310,,37391.8,,,,,2168,,,,,,,12010,,,,,,
109020809,1.19434e+06,6,个,0.6950,17000,830018,,57000,,,219277,,,,,,,,70812.4,,,,,,,,,,234,,,,,,,
109023704,1.17226e+06,9,个,0.8222,85442,963818,,8794.3,,,,,59777,,,,,16752,4944,,,18560,,,,,,1670,12500,,,,,,,
107022003,1.16055e+06,5,千克,0.9947,1.15439e+06,4903.38,,,,,,,200,,32,,,1022,,,,,,,,,,,,,,,,,,
109023203,1.11825e+06,12,套,0.7911,224,136670,10560,884656,,1120,,,36202.8,,5070,,,1364.8,,,,11080,27950,,,,,,942.8,2405,,,,,,
109061604,1.11782e+06,3,套,0.7768,,100634,148900,868290,,,,,,,,,,,,,,,,,,,,,,,,,,,,
109025204,1.04117e+06,4,个,0.9980,,1.03913e+06,374.63,1574.8,,,,,,,90,,,,,,,,,,,,,,,,,,,,,
102050508,1.03392e+06,1,千克,1.0000,1.03392e+06,,,,,,,,,,,,,,,,,,,,,,,,,,,,,,,
106040108,1.03182e+06,12,千克,0.5899,608668,130593,5,2920,,,,,35192.6,,12478.3,103838,,40477.4,,,,23418,810.85,,,,,,2921.75,70492.4,,,,,,
109060505,1.02128e+06,3,套,0.7864,,218013,,803110,,,,,,,,,,,,,,,,,,,,,155,,,,,,,
109011208,989459,3,个,0.7447,,736821,,247838,,,,,,,,,4800,,,,,,,,,,,,,,,,,,,
109032501,983962,3,千克,0.6574,646821,300141,,37000,,,,,,,,,,,,,,,,,,,,,,,,,,,,
109025502,972403,9,瓶,0.3089,148878,288773,112968,44947,,,,70000,3680,,,,1198,300375,,,,,,,,,,,1584,,,,,,,
109022804,965304,3,千米,0.8683,,19359,,,,838151,,,107794,,,,,,,,,,,,,,,,,,,,,,,
110020104,939150,2,千克,0.9967,936030,,,3120,,,,,,,,,,,,,,,,,,,,,,,,,,,,
109061402,935987,2,个,0.9011,,843441,,92546,,,,,,,,,,,,,,,,,,,,,,,,,,,,
301040301,904505,3,项,0.9613,,31300,,,,,3692,869513,,,,,,,,,,,,,,,,,,,,,,,,
109023707,899459,5,个,0.9224,,829700,249.35,46904,,,,,17530,,,,,,,,,,,,,,,,,5076,,,,,,
103021204,898453,13,袋,0.3253,125499,283700,36666.3,100,,,,,5983,,18202.9,58690.2,,782.71,,,,2800,292268,,,,,,15574.9,34336.1,,,,23850,,
109061203,880117,4,套,0.7663,,85922,,674407,,,,,50708,,,,,,,,,,,,,,,69080,,,,,,,,
109061005,867815,3,个,0.9732,,844555,,17740,,,,,,,,,,5520,,,,,,,,,,,,,,,,,,
109024608,839522,2,个,0.9985,,838222,,1300,,,,,,,,,,,,,,,,,,,,,,,,,,,,
109010402,827667,8,个,0.5522,72148.6,456998,1767.55,213942,,41000,,14400,,,6630,,,20781,,,,,,,,,,,,,,,,,,
102050504,821367,8,个,0.4460,310674,366312,47596.5,54011.4,,26782,7920,,,,,,,72,,,,,,,,,,8000,,,,,,,,
108041112,802719,7,千克,0.7721,619766,18713,,,,55194.3,,,51165,,,,,1449,,,,,190.81,,,,,,56240.6,,,,,,,
301020102,782482,3,UNKNOWN,0.6717,256786,140,525557,,,,,,,,,,,,,,,,,,,,,,,,,,,,,
109022306,760847,2,个,0.9999,,760747,,100,,,,,,,,,,,,,,,,,,,,,,,,,,,,
101020404,742546,9,千克,0.5273,391551,22266.7,9280,,,,,,,,647,,,5135.2,,,,64292,233409,,,,,16,,15948.8,,,,,,
105011006,717119,4,千克,0.5304,380372,332438,539.23,3770,,,,,,,,,,,,,,,,,,,,,,,,,,,,
102040401,716050,4,个,0.4536,130476,324815,,77290,,,,,,,,,,,183469,,,,,,,,,,,,,,,,,
106020504,702976,5,千瓦时,0.9240,,21534.7,,,649520,17.5,,,2924,,28980,,,,,,,,,,,,,,,,,,,,,
106050803,682516,5,平方米,0.5720,,144156,,139842,,,,,4280,390369,,,,,3870,,,,,,,,,,,,,,,,,
101050700,648592,5,千克,0.9402,609826,1400,16121.4,,,,,,1803.2,,,19441.8,,,,,,,,,,,,,,,,,,,,
106050207,642334,9,千克,0.6554,421003,82080,46.51,64556,,,,,218,,17550.3,,,1909.4,36000,,,,,,,,,,18971,,,,,,,
103040301,640102,4,个,0.9813,,628125,,,,,,,,10350,1587,,,,,,,,,,,,,,,40,,,,,,
102049902,635769,4,千克,0.8597,546561,76282.9,,12915,,,,,,,,,,10,,,,,,,,,,,,,,,,,,
108040503,625720,5,UNKNOWN,0.5783,26032.2,230587,361862,2438.75,,,,,,,,,,,,,,,,,,,,4800,,,,,,,,
101011906,625001,5,个,0.7577,148743,473565,,,,,,,,,2202.04,,,,,,,,361.2,,,,,,,130.25,,,,,,
109023804,615348,3,个,0.8965,,551668,,,,,,,,,55200,8480,,,,,,,,,,,,,,,,,,,,
107030703,604823,5,瓶,0.9266,,15104.8,720,,,,,,8781.8,,19779.4,,,560438,,,,,,,,,,,,,,,,,,
109050403,598538,3,个,0.5545,,331914,191624,75000,,,,,,,,,,,,,,,,,,,,,,,,,,,,
101011905,569800,1,千克,1.0000,569800,,,,,,,,,,,,,,,,,,,,,,,,,,,,,,,
109062302,567988,7,卷,0.8163,,79490.1,320,,,,,,17135,,93,,,,,,,,,,,,,,463625,3485,,,,3840,,
108041118,523628,3,立方米,0.8885,,13565.5,,,,44822.6,465239,,,,,,,,,,,,,,,,,,,,,,,,,
102050306,498681,3,千克,0.7254,361748,136563,,,,,,,,,,,,,,,,,370,,,,,,,,,,,,,
109060309,493519,5,个,0.5735,1080,283043,10050,3961.28,,,,,195384,,,,,,,,,,,,,,,,,,,,,,,
101011303,488591,6,个,0.8947,36991.3,437146,5600,,,,,,8676.42,,162,,,,,,,,15,,,,,,,,,,,,,
302010400,483360,2,套,0.9608,,18960.4,,464400,,,,,,,,,,,,,,,,,,,,,,,,,,,,
109024006,478778,8,套,0.3435,120242,56900,47335,164475,,,,,18600,,11210,,10015.2,,50000,,,,,,,,,,,,,,,,,
103040302,472767,4,个,0.8847,,418277,,,,,,,,,43266,,,11176.5,,,,,,,,,,,,47.7,,,,,,
105020203,463794,6,立方米,0.6239,,8550.1,,,,4440,289350,,726,,,,,,159471,,,,,,,,,,1257.06,,,,,,,
106041002,462735,2,个,0.9295,,430113,,32622,,,,,,,,,,,,,,,,,,,,,,,,,,,,
106050602,438053,6,个,0.8069,29434.2,353455,,,,,,,47040,,6031,,1600,,,,,,,,,,,,,493.2,,,,,,
106020501,433545,5,千瓦时,0.8861,,31558.7,5446.96,12145,384159,,,,,,235.2,,,,,,,,,,,,,,,,,,,,,
307050200,431335,2,UNKNOWN,0.9955,,,429406,,,,,,1929.56,,,,,,,,,,,,,,,,,,,,,,,
109023801,424184,3,千米,0.7085,,69862.2,,53791.2,,300531,,,,,,,,,,,,,,,,,,,,,,,,,,
102050517,421796,4,千克,0.9833,414763,4121.7,,,,,,,,,,,,,,,,,685.4,,,,,,,2226,,,,,,
107021609,419471,4,千克,0.9934,416716,1620,,,,,,,,,,,,,,,,318.25,,,,,,,,816.8,,,,,,
102040402,417132,2,个,0.5679,180246,236886,,,,,,,,,,,,,,,,,,,,,,,,,,,,,,
108032103,412763,1,千克,1.0000,412763,,,,,,,,,,,,,,,,,,,,,,,,,,,,,,,
109023706,411937,3,个,0.7112,,292975,,,,,,,112320,,,,6642,,,,,,,,,,,,,,,,,,,
110020105,411760,2,个,0.9514,,391760,,20000,,,,,,,,,,,,,,,,,,,,,,,,,,,,
109062203,411134,1,个,1.0000,,411134,,,,,,,,,,,,,,,,,,,,,,,,,,,,,,
109061306,402557,2,个,0.9975,,401537,,,,,,,1020,,,,,,,,,,,,,,,,,,,,,,,
306010400,390310,2,UNKNOWN,0.6397,,,249676,,,,,,,,,140634,,,,,,,,,,,,,,,,,,,,
101010702,381216,5,千克,0.9107,347189,,464,,,,,,,,198,,,32837.4,,,,,528,,,,,,,,,,,,,
108012201,369114,4,个,0.9445,,348644,,500,,,,,,,,18050,,,,,,,,,,,,,1920,,,,,,,
108032411,368358,1,千克,1.0000,368358,,,,,,,,,,,,,,,,,,,,,,,,,,,,,,,
109024606,353855,4,盒,0.9699,,5526.5,2000,,,,,,,,343209,,,3119.84,,,,,,,,,,,,,,,,,,
106050202,341254,3,个,0.9872,,336874,3960,,,,,,,,420,,,,,,,,,,,,,,,,,,,,,
109021805,323547,3,套,0.5927,,131742,,191780,,,,,,,25,,,,,,,,,,,,,,,,,,,,,
108031399,322109,2,千克,0.9965,320969,,,,,1140,,,,,,,,,,,,,,,,,,,,,,,,,,
107022605,317751,1,千克,1.0000,317751,,,,,,,,,,,,,,,,,,,,,,,,,,,,,,,
307050100,317731,3,立方米,0.7960,,,61207.1,,,,252912,,,,3611.61,,,,,,,,,,,,,,,,,,,,,
103020905,314055,9,箱,0.3792,8402.97,82313.2,8085,791,,,,,,,3761.4,119077,,35608.4,,,,,37438.4,,,,,,,18578,,,,,,
106020402,304822,3,套,0.7047,,88424.4,,214800,,,,,,,1597.5,,,,,,,,,,,,,,,,,,,,,
106051110,304646,3,套,0.9770,,7011,,297633,,,,,1.17,,,,,,,,,,,,,,,,,,,,,,,
301049902,303500,2,UNKNOWN,0.9555,,,290000,13500,,,,,,,,,,,,,,,,,,,,,,,,,,,,
108041115,293414,5,千克,0.7006,205570,24830.8,,,,61212.2,,,,,,,,950,,,,,,,,,,,850,,,,,,,
108032403,286609,2,个,0.5104,140318,146291,,,,,,,,,,,,,,,,,,,,,,,,,,,,,,
307050400,276898,2,次,0.9984,,,450,,,,,,,,,,276448,,,,,,,,,,,,,,,,,,,
306010999,267813,6,套,0.4369,,56859.7,41442.8,117000,,,,,,,,,13330.9,,,,,9180,,,,,,,,,30000,,,,,
106050305,259052,8,千克,0.5570,144290,35490.2,1939.86,571.2,,1082.5,,,,,,,,9967.68,,,,65283.9,,,,426.55,,,,,,,,,,
101011901,249288,9,UNKNOWN,0.3902,7525.43,34575,97266.5,,,,,,21750,,471.6,7893.54,,,,,,,73618.9,,,1950,,,,4237.15,,,,,,
102050510,235350,2,千克,0.5742,135141,100210,,,,,,,,,,,,,,,,,,,,,,,,,,,,,,
109023702,228571,2,套,0.7808,,50111.4,,178460,,,,,,,,,,,,,,,,,,,,,,,,,,,,
106051112,223559,5,个,0.6911,,154513,1359.57,44811,,,,,,,21820,,,1056,,,,,,,,,,,,,,,,,,
106050804,221942,7,千克,0.6470,143594,43813,15600,400,,230,,,,,,,,,16400,,,,1905,,,,,,,,,,,,,
107021604,213205,6,千克,0.4029,85905.5,4093.39,,,,,,,3463.42,,31783.2,,,,,,,,19219.8,,,,,,,68740.2,,,,,,
101030105,200486,4,瓶,0.6920,,372.04,,,,,,,,,51534.7,,,138737,,,,9842.05,,,,,,,,,,,,,,
101030499,197465,3,个,0.6132,20776.6,121088,,,,,,55600,,,,,,,,,,,,,,,,,,,,,,,,
301020401,190763,2,UNKNOWN,0.9750,,,186000,,,,,,,,,,,,,4763,,,,,,,,,,,,,,,,
107022602,184825,1,千克,1.0000,184825,,,,,,,,,,,,,,,,,,,,,,,,,,,,,,,
109021806,184011,4,个,0.8368,25853.4,153975,,,,,,,,,,,,,,,,17.55,,4165,,,,,,,,,,,,
109061504,175498,3,个,0.9208,,161598,,900,,,,,,,,,,,,,,,,,,,,13000,,,,,,,,
306030203,174500,1,千克,1.0000,174500,,,,,,,,,,,,,,,,,,,,,,,,,,,,,,,
109025501,170262,2,套,0.6784,,54761.9,,115500,,,,,,,,,,,,,,,,,,,,,,,,,,,,
109024301,165752,3,个,0.6802,,112740,,49876,,,,,,,3136.2,,,,,,,,,,,,,,,,,,,,,
101011304,164469,6,个,0.4243,12039.9,69787.9,,,,,,,13200,,,,,,56578,,,,,,,3.5,,,,12860,,,,,,
106051111,161417,4,个,0.9059,5985.61,146229,627.48,,,,,,,,,,,,,,,,,,,,,,8575,,,,,,,
106050306,158074,5,千克,0.6070,95951,59835.6,,,,300,,,11,,,,,,,,,1975.95,,,,,,,,,,,,,,
106041006,155449,4,个,0.9624,,149604,,5535,,,,,,,121.8,,,,,,,,,,,,,,,188,,,,,,
102050308,148626,6,立方米,0.6680,11499.9,7920.87,,2340,,,99279.5,,,,80,,,,,,,,,,,,,,27506,,,,,,,
109051403,146994,2,套,0.9585,,6094,,140900,,,,,,,,,,,,,,,,,,,,,,,,,,,,
109025404,139822,5,个,0.6706,100,93758.5,,45527,,100,,,336.4,,,,,,,,,,,,,,,,,,,,,,,
109022407,136500,2,套,0.6447,,48500,,88000,,,,,,,,,,,,,,,,,,,,,,,,,,,,
107021007,127414,10,个,0.8136,7140,103661,33,,,,,351,320,,784.18,,,3750.37,,,,1344,10000,,,,,,,30,,,,,,
108041119,125385,2,千米,0.9673,,4103.95,,,,121281,,,,,,,,,,,,,,,,,,,,,,,,,,
109010707,122523,2,个,0.9931,840,121683,,,,,,,,,,,,,,,,,,,,,,,,,,,,,,
101030401,121845,8,千克,0.5754,70109.3,26112.7,3421.5,,,,,,6982,,,,3150,110,,,,,4999,,,,,,,6960.1,,,,,,
106041005,117200,3,个,0.5596,25900,65580.2,,25720,,,,,,,,,,,,,,,,,,,,,,,,,,,,
110030203,116161,2,套,0.9997,36,,,116125,,,,,,,,,,,,,,,,,,,,,,,,,,,,
108041110,112794,2,千克,0.9421,106264,6530,,,,,,,,,,,,,,,,,,,,,,,,,,,,,,
109023502,108754,2,个,0.8408,17316,91437.8,,,,,,,,,,,,,,,,,,,,,,,,,,,,,,
304040400,107109,4,UNKNOWN,0.8775,3600,,93983.7,,,,,,,,,,800,,,8724.94,,,,,,,,,,,,,,,,
301020302,98880,1,车,1.0000,,,,,,,,,,,,,,,,,,,,,,,,,,,,,,,,98880
304050102,94200,1,月,1.0000,,,,,,,,,,,,,,,,94200,,,,,,,,,,,,,,,,
108041117,93898.2,3,千米,0.7775,,20342.5,,550,,73005.7,,,,,,,,,,,,,,,,,,,,,,,,,,
107021701,93472.2,3,个,0.9072,,84794.4,,,,,,,,,7957.8,,,720,,,,,,,,,,,,,,,,,,
108031107,92567.1,1,个,1.0000,,92567.1,,,,,,,,,,,,,,,,,,,,,,,,,,,,,,
106051008,80662.7,2,个,0.8032,,64788.5,,15874.1,,,,,,,,,,,,,,,,,,,,,,,,,,,,
102050513,64842.8,3,千米,0.6161,945,23947.8,,,,39950,,,,,,,,,,,,,,,,,,,,,,,,,,
109041204,64417.5,4,个,0.8694,4600,56003,1990.42,,,,,,1824,,,,,,,,,,,,,,,,,,,,,,,
108041116,63152.9,2,千米,0.9913,,550,,,,62602.9,,,,,,,,,,,,,,,,,,,,,,,,,,
109032604,61728.8,3,个,0.8780,,54200,198,7330.8,,,,,,,,,,,,,,,,,,,,,,,,,,,,
109032402,60317,1,个,1.0000,,60317,,,,,,,,,,,,,,,,,,,,,,,,,,,,,,
301050301,53712,2,千克,0.9390,50434,,,,,,,,,,,,3278,,,,,,,,,,,,,,,,,,,
108030900,51386.7,3,瓶,0.6055,6172.4,14101.3,,,,,,,,,,,,31113,,,,,,,,,,,,,,,,,,
108032407,49148,1,套,1.0000,,,,49148,,,,,,,,,,,,,,,,,,,,,,,,,,,,
405010200,48997,1,UNKNOWN,1.0000,,,48997,,,,,,,,,,,,,,,,,,,,,,,,,,,,,
109061202,43271,2,个,0.6402,,27701,,15570,,,,,,,,,,,,,,,,,,,,,,,,,,,,
302010200,37990.7,2,UNKNOWN,0.8581,,,32600,,,,,,5390.73,,,,,,,,,,,,,,,,,,,,,,,
106051109,35830,3,个,0.9444,,33839,1718,,,,,,,,,,,,,,,273,,,,,,,,,,,,,,
109032802,30530.3,2,套,0.5317,,14297.3,,16233,,,,,,,,,,,,,,,,,,,,,,,,,,,,
109025101,27620.2,3,个,0.4613,,12741.6,,,,3968.64,,,,,,10910,,,,,,,,,,,,,,,,,,,,
106051102,24504,1,个,1.0000,,24504,,,,,,,,,,,,,,,,,,,,,,,,,,,,,,
102050511,23961.3,3,千克,0.5893,14121.2,9824.11,,,,,,,,,,,,16,,,,,,,,,,,,,,,,,,
301050401,21797.6,3,盒,0.8165,,3094.65,906,,,,,,,,17797,,,,,,,,,,,,,,,,,,,,,
107040404,20800,2,千克,0.9615,20000,,,,,,,,,,,,,,,,,,,,,,,,800,,,,,,,
109021807,18037.4,2,个,0.9950,,17947.4,,90,,,,,,,,,,,,,,,,,,,,,,,,,,,,
109042604,17030,3,个,0.6439,,10965,,5165,,,,,,,900,,,,,,,,,,,,,,,,,,,,,
108032105,15962.4,2,千克,0.6617,10562.4,5400,,,,,,,,,,,,,,,,,,,,,,,,,,,,,,
301059901,10000,1,UNKNOWN,1.0000,,,10000,,,,,,,,,,,,,,,,,,,,,,,,,,,,,
302020000,8925.26,2,UNKNOWN,0.6474,3147.16,,5778.1,,,,,,,,,,,,,,,,,,,,,,,,,,,,,
109042205,6154.5,4,个,0.9008,,5544,,,,,,,,,34.5,144,,,,,,,,,,432,,,,,,,,,,
109022305,4694,4,卷,0.4942,650,889.2,,,,,,,,,,,,,,,,,,,,,,,2320,834.8,,,,,,
108032410,4180,1,千克,1.0000,4180,,,,,,,,,,,,,,,,,,,,,,,,,,,,,,,
102050518,4179.85,1,瓶,1.0000,,,,,,,,,,,,,,4179.85,,,,,,,,,,,,,,,,,,
101030402,3363.5,1,千克,1.0000,3363.5,,,,,,,,,,,,,,,,,,,,,,,,,,,,,,,
109031803,2760,1,个,1.0000,,2760,,,,,,,,,,,,,,,,,,,,,,,,,,,,,,
107021614,2119,4,个,0.8966,,1900,,,,,,,,,150,,,39,,,,,,,,,,,,30,,,,,,
109023904,2091.88,2,个,0.8835,,1848.28,,,,,,,,,,,,,,,,,,,,,,,,243.6,,,,,,
110030204,1801.12,2,个,0.9903,,1783.72,,,,,,,,,17.4,,,,,,,,,,,,,,,,,,,,,
301060100,801.17,2,OTHER,0.9985,,,1.17,,,,,,800,,,,,,,,,,,,,,,,,,,,,,,
101030107,764.36,1,个,1.0000,,764.36,,,,,,,,,,,,,,,,,,,,,,,,,,,,,,
109021604,764.2,1,个,1.0000,,764.2,,,,,,,,,,,,,,,,,,,,,,,,,,,,,,
109032403,580,1,个,1.0000,,580,,,,,,,,,,,,,,,,,,,,,,,,,,,,,,
109032303,480,1,个,1.0000,,480,,,,,,,,,,,,,,,,,,,,,,,,,,,,,,
306040100,80,1,UNKNOWN,1.0000,,,80,,,,,,,,,,,,,,,,,,,,,,,,,,,,,
