product_id,product_name,class,v_prod,n_units,top1,top2,top3,unit1,share1,unit2,share2,unit3,share3,unit4,share4,unit5,share5
305010000,工程服务,B 前2个>=90%,357108617534.4899,30,0.8041286201515023,0.9145506538532279,0.9683669337912884,UNKNOWN,0.8041286201515023,项,0.11042203370172551,次,0.05381627993806053,元,0.005676590236006315,OTHER,0.005609901931830351
109050501,移动通信手持机（手机）,A 首要单位>=90%,292140941134.1606,24,0.9789244874246014,0.9893823810787427,0.9958894448068184,个,0.9789244874246014,UNKNOWN,0.010457893654141293,OTHER,0.006507063728075722,套,0.0030690025153929427,批,0.0007699078627487156
108030100,铜,A 首要单位>=90%,283599989390.9602,20,0.9963107967103706,0.9976526150999524,0.9986601174224088,千克,0.9963107967103706,UNKNOWN,0.0013418183895818215,个,0.00100750232245639,OTHER,0.0009252870536544681,千米,0.00020916074259165948
102010200,洗煤,B 前2个>=90%,222931694627.93008,20,0.7325043439221279,0.9998206518056719,0.999925326128984,千克,0.7325043439221279,UNKNOWN,0.267316307883544,个,0.00010467432331210758,OTHER,3.5033887635560555e-05,套,3.210485212497599e-05
102010100,原煤,A 首要单位>=90%,201555569626.3102,22,0.9753598813084264,0.9990673468408314,0.9996654856197474,千克,0.9753598813084264,UNKNOWN,0.023707465532404992,OTHER,0.000598138778916,个,0.00019539708633712228,套,2.8373702947544263e-05
109030501,乘用车,B 前2个>=90%,190147511686.5099,26,0.8649551450264823,0.9470520121129502,0.9985574344418863,个,0.8649551450264823,UNKNOWN,0.08209686708646788,批,0.051505422328936075,套,0.001033695429388807,OTHER,0.00017850049290131203
108020705,钢筋,A 首要单位>=90%,162344393099.9404,22,0.9889448252670167,0.9967287933753706,0.9979496694758343,千克,0.9889448252670167,OTHER,0.007783968108353856,批,0.0012208761004636923,UNKNOWN,0.0012113900526206228,个,0.00025075813320475545
109050901,电子计算机整机,A 首要单位>=90%,140300013139.94092,26,0.9397313679688256,0.9870698927810466,0.9974498522404047,个,0.9397313679688256,套,0.04733852481222095,UNKNOWN,0.01037995945935814,包,0.0009378294902136557,批,0.0006660974075375582
108020799,其他钢材,A 首要单位>=90%,121835306236.2899,25,0.9582796503295858,0.9749632616793849,0.9888989762205963,千克,0.9582796503295858,个,0.01668361134979899,UNKNOWN,0.013935714541211407,千米,0.005178237430014206,套,0.0018507398280157704
108020708,热轧薄板,A 首要单位>=90%,121064770548.5402,17,0.996100056198837,0.9991775532469201,0.9994825104737229,千克,0.996100056198837,个,0.00307749704808318,OTHER,0.00030495722680279916,平方米,0.0001479404054445298,套,0.00011575566200227668
110010102,供电,B 前2个>=90%,114216077480.01048,30,0.8484788631509531,0.9134258375175721,0.9637681953329709,千瓦时,0.8484788631509531,UNKNOWN,0.06494697436661903,OTHER,0.050342357815398704,个,0.015066064508047584,套,0.007242746532026361
109031001,机动车（汽车）零配件,B 前2个>=90%,106549361010.3102,30,0.8326190917029126,0.9104158931063289,0.9491205105764509,个,0.8326190917029126,套,0.07779680140341633,UNKNOWN,0.03870461747012198,OTHER,0.030081337779959586,千克,0.010311633463889896
107021301,初级形态塑料,A 首要单位>=90%,87856905281.81995,24,0.9911381190277242,0.9939288194026523,0.9962785491820908,千克,0.9911381190277242,平方米,0.00279070037492813,个,0.002349729779438499,立方米,0.0009204056137717501,UNKNOWN,0.0008074809894843866
109041501,房间空气调节器,B 前2个>=90%,82748171523.08011,25,0.7825326455719807,0.9774281476926755,0.9979000993714823,套,0.7825326455719807,个,0.19489550212069484,UNKNOWN,0.020471951678806815,批,0.0015655004453345302,OTHER,0.0003095533928850074
107010103,柴油,B 前2个>=90%,78407086418.16992,19,0.8219770934894047,0.982863936268283,0.9986723822989055,千克,0.8219770934894047,立方米,0.1608868427788782,OTHER,0.01580844603062258,UNKNOWN,0.0008980078136621498,桶,0.00017337739190433361
107010101,汽油,A 首要单位>=90%,78382839198.1999,23,0.9069104320772351,0.9914659953981948,0.9970786700217507,千克,0.9069104320772351,立方米,0.08455556332095969,OTHER,0.005612674623555911,UNKNOWN,0.0016626097965202675,个,0.0004930620376263118
107010104,燃料油,A 首要单位>=90%,75052360673.92024,20,0.9921350427321719,0.9955590405318746,0.9984070801941937,千克,0.9921350427321719,OTHER,0.0034239977997027487,UNKNOWN,0.0028480396623190582,立方米,0.0014542482662764057,个,4.444685670172615e-05
109052201,视频设备,A 首要单位>=90%,71918370640.01054,21,0.9653065825090889,0.9883400580484859,0.9984454424149899,个,0.9653065825090889,UNKNOWN,0.02303347553939701,套,0.010105384366503961,OTHER,0.0005868152850854662,元,0.00037955090176659205
102030100,铁矿石,A 首要单位>=90%,68291575960.57999,21,0.9867721078668408,0.9939071261215265,0.9989478030588798,千克,0.9867721078668408,OTHER,0.0071350182546857975,UNKNOWN,0.005040676937353204,个,0.0006503317361666403,套,0.00014951909260219805
301010202,道路货物运输服务,D 前3个仍<90%,67676764938.9699,29,0.44661673281438646,0.8742725543526915,0.8898257997134769,千克,0.44661673281438646,UNKNOWN,0.427655821538305,次,0.015553245360785435,OTHER,0.01549500019682781,个,0.015466025792218261
108020707,钢板,A 首要单位>=90%,63409691190.25007,24,0.9657108303625627,0.9865937858019295,0.9904433334797067,千克,0.9657108303625627,个,0.020882955439366756,平方米,0.003849547677777255,UNKNOWN,0.0027580672880944575,千米,0.002400913509943238
108010102,水泥,A 首要单位>=90%,63371760181.35006,23,0.9920787219666382,0.994968708863734,0.9974300318409346,千克,0.9920787219666382,UNKNOWN,0.0028899868970958154,立方米,0.0024613229772005533,个,0.0007317626240346616,批,0.0005194774521931019
108030602,原铝（电解铝）,A 首要单位>=90%,63325831414.39005,18,0.9712537823770863,0.9882927428815166,0.9926651844562367,千克,0.9712537823770863,UNKNOWN,0.01703896050443032,OTHER,0.0043724415747201754,个,0.0020673027468574444,千瓦时,0.001956958714036548
108020710,钢带,A 首要单位>=90%,60708896251.39003,21,0.9904489223091957,0.9947602325657053,0.9981930302480586,千克,0.9904489223091957,OTHER,0.004311310256509681,个,0.0034327976823533245,千米,0.000603752053376539,UNKNOWN,0.000594346919611042
305990000,其他建筑服务,B 前2个>=90%,59284991374.21007,28,0.826304716018402,0.9240661413239518,0.9414112111437195,UNKNOWN,0.826304716018402,项,0.09776142530554979,次,0.01734506981976771,立方米,0.015938774423454833,OTHER,0.011854672677336874
201050000,其他加工劳务,D 前3个仍<90%,53012949204.58999,31,0.31833215542569454,0.6170964563399071,0.7818968312436594,个,0.31833215542569454,千克,0.2987643009142126,UNKNOWN,0.1648003749037523,千米,0.07312813375273113,批,0.03941963085160839
108030202,锌,A 首要单位>=90%,51893247304.87995,16,0.9897698472095795,0.9947642337826015,0.999356334337804,千克,0.9897698472095795,OTHER,0.004994386573021951,UNKNOWN,0.004592100555202511,个,0.0004066182568230939,套,0.00011950226016048209
108010301,商品混凝土,A 首要单位>=90%,51469730924.85985,24,0.9182049544794377,0.9634348819911743,0.9793930733345311,立方米,0.9182049544794377,UNKNOWN,0.045229927511736635,千克,0.015958191343356756,OTHER,0.00983409804276878,批,0.008082565046771377
107021303,合成纤维单体,A 首要单位>=90%,49014488778.459755,17,0.9947697653987844,0.9989520997203062,0.9995081657550493,千克,0.9947697653987844,UNKNOWN,0.004182334321521854,OTHER,0.0005560660347431349,个,0.000300419349400031,平方米,6.622003903112004e-05
108040101,钢结构及其产品,D 前3个仍<90%,48661255643.63995,29,0.5870659238287392,0.7021456278265112,0.8100859277878526,千克,0.5870659238287392,UNKNOWN,0.11507970399777204,个,0.10794029996134137,批,0.06937750715976938,套,0.047836825546942977
108020600,轧制、锻造钢坯,A 首要单位>=90%,48062472818.02998,20,0.9867440619657216,0.9969927460275041,0.9983851041600822,千克,0.9867440619657216,个,0.010248684061782523,套,0.0013923581325781436,UNKNOWN,0.001090693714792276,千米,0.00015133252709526585
107010301,焦炭,A 首要单位>=90%,46611220360.13998,15,0.99668404740992,0.9998842737221142,0.9999581208767994,千克,0.99668404740992,UNKNOWN,0.0032002263121941577,箱,7.384715468517424e-05,个,1.977654721068607e-05,立方米,1.0644714216156814e-05
102020101,天然原油,A 首要单位>=90%,44062552012.559975,22,0.9965209394375001,0.9987867962390203,0.9991697641203449,千克,0.9965209394375001,立方米,0.0022658568015202765,OTHER,0.00038296788132448465,桶,0.0003540280609610042,UNKNOWN,0.00015548085135983872
107020202,环烃,A 首要单位>=90%,43202547839.05003,19,0.9976365873343769,0.9992862618483781,0.999667160022053,千克,0.9976365873343769,OTHER,0.001649674514001235,UNKNOWN,0.0003808981736749774,桶,0.00011376491100271351,瓶,0.00010070247167384801
106010504,卫生用纸制品,D 前3个仍<90%,40324817088.65932,25,0.5139253409099226,0.7435386600754478,0.8773835475888477,箱,0.5139253409099226,个,0.22961331916552516,包,0.13384488751339996,袋,0.06150237036282758,OTHER,0.0415690073129041
304990000,其他现代服务,D 前3个仍<90%,40038396313.66999,30,0.7100199458204577,0.7767293973026113,0.8290587868167626,UNKNOWN,0.7100199458204577,次,0.06670945148215356,项,0.05232938951415134,个,0.05112140904182968,月,0.023760818062915
109990000,其他机械、设备类产品,D 前3个仍<90%,39442386012.20993,29,0.5891612241791435,0.8209760230779616,0.87934872761813,个,0.5891612241791435,套,0.23181479889881804,千克,0.05837270454016842,UNKNOWN,0.047851069771127484,批,0.019015757273604574
107010199,其他石油制品,A 首要单位>=90%,38944450304.450096,25,0.9754980465098269,0.9823851806214451,0.986350475369805,千克,0.9754980465098269,桶,0.006887134111618247,立方米,0.003965294748359929,个,0.0038401483767485914,UNKNOWN,0.003483441276984678
108031501,铜材,A 首要单位>=90%,38883953471.50988,22,0.9744027964540882,0.9923328550123269,0.9947075412269798,千克,0.9744027964540882,个,0.01793005855823868,千米,0.0023746862146529183,UNKNOWN,0.002363208469975361,OTHER,0.0007022505360728608
108020709,冷轧薄板,A 首要单位>=90%,38696107494.99013,17,0.9640993722960414,0.9954656935098003,0.9977092018784712,千克,0.9640993722960414,个,0.031366321213758964,UNKNOWN,0.002243508368670924,OTHER,0.0006227814012848723,套,0.0005378070833789767
110010101,发电,D 前3个仍<90%,38637974707.869934,25,0.6426846257635772,0.7736814369134393,0.8467201476726549,千瓦时,0.6426846257635772,OTHER,0.1309968111498621,个,0.07303871075921563,千克,0.05255346277237473,瓦,0.04973998020912182
108031601,铝材,B 前2个>=90%,37737171191.88999,25,0.8830301342751777,0.9342997369810053,0.9803967279932476,千克,0.8830301342751777,个,0.05126960270582753,平方米,0.046096991012242274,套,0.007678511198854057,千米,0.005007615555471516
108020706,线材（盘条）,A 首要单位>=90%,37622651714.6,18,0.992638272001372,0.9968511362644322,0.9978340788278787,千克,0.992638272001372,个,0.004212864263060234,千米,0.0009829425634463999,UNKNOWN,0.000688165501102964,OTHER,0.00046884618617020174
103010501,食用植物油及食用植物油脂,C 前3个>=90%,37507753709.729996,20,0.751649831232267,0.8715882396257562,0.9295192488764203,千克,0.751649831232267,箱,0.11993840839348914,瓶,0.0579310092506642,桶,0.030585624074107084,个,0.01707120956896712
107060201,塑料粒料,A 首要单位>=90%,36972493127.35,23,0.9922926198506965,0.9955397206803993,0.9967064934915109,千克,0.9922926198506965,个,0.0032471008297028175,OTHER,0.0011667728111115334,套,0.0009850502165097135,UNKNOWN,0.0006737887903364537
305020000,安装服务,C 前3个>=90%,34559605423.52005,29,0.6756749771737307,0.8765362028255066,0.9100754987403596,UNKNOWN,0.6756749771737307,项,0.2008612256517759,次,0.0335392959148531,个,0.024904865348787705,批,0.018736375679489672
108049900,其他金属制品,C 前3个>=90%,34054596499.369976,28,0.4513742399882593,0.8273416349537785,0.9013226471207149,个,0.4513742399882593,千克,0.37596739496551923,套,0.07398101216693635,千米,0.023885595372860995,平方米,0.023260146824662976
108020704,棒材,A 首要单位>=90%,33964884141.2398,21,0.9877135276256306,0.9933876411779863,0.9981328221004293,千克,0.9877135276256306,个,0.005674113552355704,UNKNOWN,0.004745180922443062,套,0.000491267320406968,OTHER,0.00044582751929997464
107020209,无环醇及其衍生物,A 首要单位>=90%,33954145288.89002,13,0.9976326589747408,0.999381347639551,0.999674697889285,千克,0.9976326589747408,UNKNOWN,0.0017486886648101843,立方米,0.00029335024973398805,桶,0.00012180513497871065,瓶,0.00011242078743325025
107020217,醚醇,A 首要单位>=90%,33843080521.06003,11,0.9957048221130596,0.9987806323418366,0.9997889183472658,千克,0.9957048221130596,UNKNOWN,0.0030758102287769973,OTHER,0.0010082860054292475,立方米,6.908938087196216e-05,罐,5.3352008215576155e-05
307040200,住宿服务,B 前2个>=90%,33054513915.01975,21,0.857453841717243,0.9560439859419687,0.9768137596111571,UNKNOWN,0.857453841717243,OTHER,0.09859014422472562,次,0.020769773669188425,元,0.008615137618181782,月,0.005448194478157775
108031101,黄金,A 首要单位>=90%,30808027103.96001,13,0.9868290265179673,0.9971355677735476,0.998684738813905,千克,0.9868290265179673,个,0.010306541255580304,UNKNOWN,0.001549171040357377,OTHER,0.0007892262554804966,套,0.0005090243028896926
109040904,专用电缆,B 前2个>=90%,30264891922.590004,24,0.5969757683814616,0.9229170473512018,0.9610843911637796,千米,0.5969757683814616,UNKNOWN,0.3259412789697403,个,0.038167343812577754,OTHER,0.010607698715764186,千克,0.00937541031356562
107029999,其他未列明化学制品,A 首要单位>=90%,30247145997.91998,25,0.9327151950035236,0.9447484441601558,0.9559307741433964,千克,0.9327151950035236,立方米,0.012033249156632151,个,0.011182329983240702,桶,0.007711857033587259,箱,0.0074735759081384105
102020200,天然气,A 首要单位>=90%,29543074402.83998,19,0.9366763779077047,0.9593240319574025,0.9808314678865798,立方米,0.9366763779077047,千瓦时,0.02264765404969772,千克,0.021507435929177348,UNKNOWN,0.012932887864685843,OTHER,0.005060851580349647
109041401,家用冷藏冷冻箱,A 首要单位>=90%,27595640938.74002,16,0.9959813693370565,0.9978086761606937,0.9994843693160965,个,0.9959813693370565,UNKNOWN,0.0018273068236371367,OTHER,0.0016756931554028015,套,0.00021170829309488572,项,0.0001569698130808401
102030200,锰矿石,A 首要单位>=90%,27565438022.439938,19,0.9860992129365742,0.9967161094873113,0.9992807284493771,千克,0.9860992129365742,UNKNOWN,0.010616896550737104,OTHER,0.002564618962065834,立方米,0.00030629060358579676,个,0.0002932493277784849
304030301,广告发布服务,D 前3个仍<90%,27427680786.48999,26,0.6287809908151195,0.7402991955113261,0.8060727628476719,UNKNOWN,0.6287809908151195,次,0.1115182046962065,笔,0.0657735673363459,个,0.06039486803149373,项,0.05914092342065584
104010105,布,B 前2个>=90%,27394376396.950047,23,0.8016912372637609,0.9505389110379291,0.970953321270763,千米,0.8016912372637609,千克,0.14884767377416822,个,0.020414410232833892,OTHER,0.011696960048182563,平方米,0.009345555861914186
109041801,家用洗衣机,A 首要单位>=90%,27207985040.31,14,0.9703691882476565,0.9948285707805433,0.9987836109138194,个,0.9703691882476565,UNKNOWN,0.024459382532886844,OTHER,0.003955040133276033,千克,0.0007857841206662324,批,0.0002455130683181194
304020101,软件开发服务,B 前2个>=90%,27178222205.43678,19,0.8563189413162264,0.9126029914184438,0.9404460081492667,UNKNOWN,0.8563189413162264,月,0.05628405010221739,项,0.027843016730822935,套,0.02475860409241164,次,0.019927176038823474
103040201,甲类卷烟,A 首要单位>=90%,26813532571.10001,18,0.9942218404874787,0.9975021277016596,0.99847276229339,个,0.9942218404874787,UNKNOWN,0.003280287214180806,批,0.0009706345917304208,箱,0.0005572755410119015,OTHER,0.0004032576804763928
304020300,信息系统服务,D 前3个仍<90%,26803933295.619987,25,0.6976272821211507,0.7881977765562603,0.8712045758361097,UNKNOWN,0.6976272821211507,项,0.0905704944351097,次,0.08300679927984932,月,0.0353945311009645,OTHER,0.03016786995034551
104010102,纱,A 首要单位>=90%,25806407825.50997,24,0.9682179914889494,0.985656335226397,0.9958625816842879,千克,0.9682179914889494,个,0.01743834373744758,千米,0.010206246457890937,UNKNOWN,0.0013985157354726413,OTHER,0.0008487732821283176
301010201,铁路货物运输服务,A 首要单位>=90%,25614350361.30997,18,0.9277182583796236,0.9850584037700956,0.9918985650230098,UNKNOWN,0.9277182583796236,千克,0.05734014539047193,个,0.00684016125291415,次,0.00150406137991273,车,0.0013560765192181736
107010111,石油气，相关烃类气石油气,A 首要单位>=90%,25330993070.41,20,0.9876471043993328,0.9923202629869556,0.9964248100977222,千克,0.9876471043993328,瓶,0.004673158587622795,UNKNOWN,0.004104547110766595,OTHER,0.0014183373498281278,立方米,0.0012238280095782374
109051299,其他电子计算机配套产品及耗材,B 前2个>=90%,24688955074.28135,28,0.8924239100602231,0.9529226338383691,0.9628800486827943,个,0.8924239100602231,套,0.06049872377814594,UNKNOWN,0.00995741484442528,OTHER,0.00864254188838776,卷,0.00668166361126573
108031401,常用有色金属合金,A 首要单位>=90%,24170255973.97004,21,0.924734637037392,0.9702372942067836,0.9784476750907807,千克,0.924734637037392,个,0.04550265716939164,千米,0.00821038088399709,OTHER,0.007479885863215563,平方米,0.006560836842223695
102019900,其他煤炭采选产品（低热值燃料）,A 首要单位>=90%,21678729616.52002,22,0.9823209222362393,0.9979527560818795,0.9991287539853992,千克,0.9823209222362393,UNKNOWN,0.015631833845640195,个,0.0011759979035197935,套,0.00046088413651260195,车,8.766657611485437e-05
109051908,电子元件、组件零件,D 前3个仍<90%,21342423346.12995,26,0.612998053474667,0.8531361860007162,0.8961680753895346,个,0.612998053474667,千克,0.2401381325260492,套,0.04303188938881845,平方米,0.035942526601558555,瓦,0.025923437091801713
108020711,板带,A 首要单位>=90%,21244987677.420002,17,0.9898896567905148,0.9959955402873487,0.9978174181329705,千克,0.9898896567905148,个,0.006105883496833978,千米,0.001821877845621816,平方米,0.0013182201145621473,套,0.00031159519885416633
101010401,大豆,A 首要单位>=90%,21122452110.54999,20,0.9961868190507213,0.9970958310863272,0.9978755199909962,千克,0.9961868190507213,UNKNOWN,0.0009090120356059386,个,0.0007796889046690885,袋,0.0007616665245965649,桶,0.00037091611281659997
103030200,白酒,D 前3个仍<90%,20985152408.519993,22,0.5597908032610035,0.6950311109872297,0.8107786237259903,瓶,0.5597908032610035,个,0.1352403077262262,箱,0.11574751273876058,千克,0.07479906611841973,盒,0.07187596026930056
109031002,汽车底盘车架、车身及其零配件,B 前2个>=90%,20695325295.000008,28,0.8739994544642408,0.9236933280332863,0.9516646863187179,个,0.8739994544642408,套,0.04969387356904557,千克,0.02797135828543157,OTHER,0.016117168663233605,UNKNOWN,0.0158495187161541
109061803,其他表,A 首要单位>=90%,20658180056.010174,18,0.976531573430209,0.9910504063480554,0.9973156735564482,个,0.976531573430209,批,0.014518832917846424,UNKNOWN,0.006265267208392844,套,0.0011469175782068384,盒,0.0005956764287384493
109041302,蓄电池,B 前2个>=90%,20548333885.48998,21,0.694272020315179,0.9433839610825333,0.964316472260665,个,0.694272020315179,套,0.24911194076735435,千克,0.02093251117813164,OTHER,0.015415042576452988,批,0.009510219034740986
101010103,玉米,A 首要单位>=90%,20530782071.93997,26,0.983418053345114,0.9884089206204548,0.9923774883824865,千克,0.983418053345114,UNKNOWN,0.00499086727534086,个,0.003968567762031731,千米,0.0014049179577733692,OTHER,0.0012675588474326924
108020800,铁合金,A 首要单位>=90%,20492183072.82001,16,0.9808758586741403,0.9896283194838376,0.9941550163257683,千克,0.9808758586741403,OTHER,0.008752460809697323,UNKNOWN,0.0045266968419306955,个,0.003687404042384513,套,0.0014702812947226804
108020712,无缝钢管,A 首要单位>=90%,20264099647.45996,20,0.9306044825062697,0.9660961106023717,0.9911404534633491,千克,0.9306044825062697,千米,0.035491628096101985,个,0.0250443428609775,套,0.0029830668789460426,批,0.002531832291223013
107022302,护肤用化妆品,D 前3个仍<90%,19788951997.270683,21,0.49070147117795676,0.7072025792235421,0.8061451737298119,个,0.49070147117795676,瓶,0.2165011080455853,套,0.09894259450626974,盒,0.0637250460875304,UNKNOWN,0.06163984799135567
109051104,外存储设备及部件,A 首要单位>=90%,19513068761.43968,24,0.9384622526476761,0.9886424285180632,0.9933665350523548,个,0.9384622526476761,套,0.05018017587038707,UNKNOWN,0.004724106534291678,OTHER,0.0030639654408509804,批,0.0028069160099633114
304060300,咨询服务,D 前3个仍<90%,19429673170.239994,24,0.692797992342335,0.7942289458942755,0.8759474957436855,UNKNOWN,0.692797992342335,次,0.10143095355194058,项,0.08171854984940995,个,0.0361076267970664,笔,0.022868127324475823
108030300,镍,A 首要单位>=90%,19171628371.71999,15,0.9896102642896093,0.9987099559510302,0.9993538631555017,千克,0.9896102642896093,UNKNOWN,0.009099691661420863,OTHER,0.0006439072044714628,个,0.0004537751567745161,平方米,0.00015967180985604335
304050202,不动产经营租赁,D 前3个仍<90%,18866462781.93001,24,0.6715514740200763,0.8292312991953219,0.8755435878744092,UNKNOWN,0.6715514740200763,月,0.15767982517524556,平方米,0.04631228867908737,OTHER,0.035962637315344784,套,0.015915587195157458
107020201,无环烃,A 首要单位>=90%,18555592583.82,17,0.9957311540317462,0.9977496157645532,0.9986826511290555,千克,0.9957311540317462,瓶,0.0020184617328071063,平方米,0.000933035364502264,UNKNOWN,0.00042908734140577277,OTHER,0.00022335184399412998
108020713,焊接钢管,B 前2个>=90%,18365282903.330036,23,0.8816011795998131,0.9375658884414958,0.9873429741080737,千克,0.8816011795998131,千米,0.05596470884168272,个,0.04977708566657792,批,0.004432457228591876,UNKNOWN,0.0026900049898519237
107010102,煤油,A 首要单位>=90%,18294172492.95,19,0.9944814838370576,0.9987155149674545,0.999443929560415,千克,0.9944814838370576,OTHER,0.004234031130396847,立方米,0.0007284145929604262,个,0.0002782347620238934,桶,0.00012148627060647204
306020000,直接收费金融服务,C 前3个>=90%,17945784896.509983,20,0.7333203769481985,0.8522116082916059,0.9069187656503754,UNKNOWN,0.7333203769481985,笔,0.11889123134340741,元,0.054707157358769465,次,0.05414318569030438,OTHER,0.018813498064699275
108030201,铅,A 首要单位>=90%,17504486720.03,16,0.9988872279798007,0.9993463949498783,0.9997399051818646,千克,0.9988872279798007,个,0.0004591669700776136,UNKNOWN,0.00039351023198629353,套,0.00014075268126432545,平方米,8.525708601854065e-05
106010204,包装用纸及纸板,B 前2个>=90%,17242927762.489998,25,0.7949651056967919,0.9522613862675529,0.9811927246841768,千克,0.7949651056967919,个,0.1572962805707609,平方米,0.028931338416624014,套,0.0072378651716846045,UNKNOWN,0.002562972035766287
304020199,其他软件服务,D 前3个仍<90%,16709524327.50003,23,0.7243812986124041,0.8171867285274764,0.8850547891121591,UNKNOWN,0.7243812986124041,次,0.09280542991507239,套,0.06786806058468262,项,0.05039196459675514,月,0.0203443981520484
107010107,润滑油,D 前3个仍<90%,16354409280.859993,23,0.5161379883184702,0.7193309666365015,0.8908961816200693,千克,0.5161379883184702,立方米,0.20319297831803124,桶,0.17156521498356786,箱,0.028634776494683316,个,0.02612555215369615
108020900,废旧物资冶炼、提纯金属及合金,A 首要单位>=90%,16267242669.01998,16,0.9575770121254621,0.9916795730448057,0.9966580482847572,千克,0.9575770121254621,UNKNOWN,0.03410256091934363,个,0.004978475239951591,批,0.0030696536103870836,套,8.961420073828798e-05
106010501,纸和纸板制容器,D 前3个仍<90%,15932166464.650017,28,0.6694703745586512,0.7877001247492113,0.8450774857119083,个,0.6694703745586512,箱,0.11822975019056006,套,0.05737736096269702,千克,0.0526411683188764,OTHER,0.05136939016020864
109041303,太阳能电池,B 前2个>=90%,15567660396.929993,14,0.5377867077535304,0.9748706826038454,0.9858915164739004,瓦,0.5377867077535304,个,0.4370839748503149,UNKNOWN,0.011020833870055004,OTHER,0.007741406832960344,千克,0.004849140694570064
109010206,发动机零部件,B 前2个>=90%,15277624349.259949,26,0.8581517331230248,0.9212223684477293,0.9475747505822921,个,0.8581517331230248,千克,0.0630706353247045,套,0.026352382134562848,UNKNOWN,0.01618661500156463,OTHER,0.01068195335342857
102060000,其他矿产品,A 首要单位>=90%,15196861054.339972,24,0.9380677386767831,0.9589874876600252,0.9741364681209773,千克,0.9380677386767831,立方米,0.020919748983242094,个,0.01514898046095209,UNKNOWN,0.008371194329875719,平方米,0.005721175790126098
107060199,其他塑料制品,D 前3个仍<90%,15158288148.089975,27,0.43953268179556926,0.7276163498369531,0.8077060047676106,个,0.43953268179556926,千克,0.28808366804138386,平方米,0.0800896549306574,千米,0.06008249562301391,套,0.05591226220929139
104020199,其他服装,B 前2个>=90%,14875013919.29007,25,0.8502402879145461,0.9278320932918337,0.9556617113672269,个,0.8502402879145461,套,0.07759180537728759,UNKNOWN,0.027829618075393196,批,0.019220225971636945,千米,0.01033518661522956
107022301,清洁类化妆品,D 前3个仍<90%,14455348800.200178,21,0.43759891008735574,0.6342782439371653,0.824167686114582,个,0.43759891008735574,瓶,0.19667933384980948,箱,0.18988944217741674,套,0.05968041232101247,盒,0.05355690377179122
109019900,其他通用设备和零件,D 前3个仍<90%,14205061460.730022,30,0.5038211013648245,0.6669628774730499,0.8069857908014222,个,0.5038211013648245,套,0.16314177610822542,批,0.1400229133283722,千克,0.13089134981359293,UNKNOWN,0.022081439962589197
107060101,塑料薄膜,D 前3个仍<90%,14002052777.160013,24,0.5156825185152989,0.7058940683285113,0.8356221442598483,千克,0.5156825185152989,平方米,0.1902115498132124,个,0.12972807593133698,卷,0.061509371614773024,千米,0.055834558163875773
305040000,装饰服务,B 前2个>=90%,13988556851.050005,27,0.7102391024849893,0.9192875355733889,0.9479266786755546,UNKNOWN,0.7102391024849893,项,0.20904843308839963,次,0.02863914310216559,批,0.014966031852262559,套,0.0105136857858901
107040302,涤纶纤维,A 首要单位>=90%,13759400843.62001,16,0.9796816928355111,0.9922199529705804,0.9956189233590101,千克,0.9796816928355111,千米,0.012538260135069325,OTHER,0.00339897038842977,个,0.0015112132284191375,UNKNOWN,0.001217900530005286
108031102,白银（银锭）,A 首要单位>=90%,13667540349.26001,10,0.9968218792942981,0.9987807108723186,0.9998220605860416,千克,0.9968218792942981,个,0.0019588315780205124,UNKNOWN,0.0010413497137230394,套,0.00014633161994713145,OTHER,2.7216528394601736e-05
101010500,棉花,A 首要单位>=90%,13393931209.88,24,0.9838678136691777,0.9892596708796081,0.993917923922895,千克,0.9838678136691777,个,0.005391857210430382,千米,0.004658253043286983,UNKNOWN,0.004193653673431345,OTHER,0.000848365717424183
106010202,涂布类印刷用纸,A 首要单位>=90%,13357967377.209991,26,0.9440203792610111,0.9629115434077756,0.9791751882539704,千克,0.9440203792610111,令,0.018891164146764543,个,0.01626364484619484,平方米,0.010466570482013098,卷,0.003732306181182872
109030503,载货汽车,A 首要单位>=90%,13035828779.48,22,0.9885908527669437,0.9968992040894532,0.9983909095252143,个,0.9885908527669437,UNKNOWN,0.008308351322509495,千克,0.001491705435761,批,0.0005155783720157223,套,0.0002681989974817285
304080299,其他经纪代理服务,D 前3个仍<90%,12903850745.540016,23,0.6572677125122063,0.8361235697560367,0.872959423316594,UNKNOWN,0.6572677125122063,次,0.17885585724383044,月,0.0368358535605573,批,0.030145922504912,项,0.025373620483262832
108020703,中小型型钢,A 首要单位>=90%,12872857485.58996,21,0.964880312385492,0.9888259107388535,0.9930336798499956,千克,0.964880312385492,个,0.023945598353361474,千米,0.004207769111142115,批,0.0020552285807262237,OTHER,0.001781744703200125
109010201,汽车用发动机,B 前2个>=90%,12819959206.50001,25,0.8638114566047315,0.9279914330872486,0.9661245197145552,个,0.8638114566047315,千克,0.06417997648251716,套,0.03813308662730648,UNKNOWN,0.024088922482173092,批,0.0031592356697566493
109051003,网络连接设备,A 首要单位>=90%,12770053393.29999,21,0.9115087648346959,0.9789438504782544,0.9861723831669612,个,0.9115087648346959,套,0.06743508564355853,UNKNOWN,0.007228532688706784,批,0.005198925545200373,箱,0.0028226098309746704
107020213,羧酸及其衍生物,A 首要单位>=90%,12724312322.98,17,0.9982232318685569,0.999351103883619,0.9996054602109276,千克,0.9982232318685569,UNKNOWN,0.0011278720150621816,瓶,0.0002543563273085407,OTHER,0.000155883806499923,立方米,6.569688473382452e-05
107030205,片剂,C 前3个>=90%,12677712295.539993,20,0.7689486037374038,0.8898295619800931,0.9669952259717076,盒,0.7689486037374038,瓶,0.12088095824268932,OTHER,0.07716566399161456,个,0.012923050106416834,千克,0.007875848637543726
306030299,其他财产保险服务,C 前3个>=90%,12640905809.890017,15,0.37156032172989123,0.6884760906390878,0.9180644404272316,份,0.37156032172989123,单,0.31691576890919654,UNKNOWN,0.22958834978814385,次,0.02867557419076704,个,0.02761582374792144
109040999,其他电线电缆,D 前3个仍<90%,12513603376.810003,27,0.5785861449570493,0.7533383627516858,0.8907995332933152,千米,0.5785861449570493,千克,0.17475221779463646,个,0.13746117054162937,OTHER,0.037976812700543344,卷,0.02761784949253367
109041602,家用吸排油烟机,A 首要单位>=90%,12459062352.960028,14,0.9697347633796518,0.986036352789528,0.9971748750449397,个,0.9697347633796518,批,0.016301589409876166,UNKNOWN,0.011138522255411825,套,0.002329226080412497,OTHER,0.0003909213985788312
107022202,合成洗涤剂,D 前3个仍<90%,12339307384.620062,25,0.3587759940309085,0.6543661258551772,0.7488072191634247,箱,0.3587759940309085,个,0.29559013182426863,UNKNOWN,0.09444109330824753,瓶,0.08838846690369423,OTHER,0.055185484380488724
109040401,变压器,B 前2个>=90%,12329251480.370008,23,0.8709886744274387,0.9135645779497056,0.9517470550051474,个,0.8709886744274387,套,0.04257590352226691,UNKNOWN,0.038182477055441824,千克,0.028227372923985136,千瓦时,0.009323898552400204
107020402,氮肥,A 首要单位>=90%,12197116490.62001,13,0.9961753241328903,0.9991628024838615,0.9996312792483816,千克,0.9961753241328903,UNKNOWN,0.00298747835097111,包,0.00046847676452006564,瓶,0.00011366688930668116,袋,0.00010309581948873225
109042201,家用燃气用具,A 首要单位>=90%,11967441991.610031,18,0.9507934251018026,0.981477338756653,0.9912349084329352,个,0.9507934251018026,UNKNOWN,0.03068391365485031,OTHER,0.009757569676282175,套,0.008035853622471749,立方米,0.00025481923389626
109041701,家用电热烹调器具,A 首要单位>=90%,11890976587.620039,20,0.9548145642091851,0.9752666991720271,0.9896092718693403,个,0.9548145642091851,OTHER,0.020452134962842036,UNKNOWN,0.01434257269731317,套,0.009152771086380823,批,0.001026257142134568
108020702,大型型钢,A 首要单位>=90%,11870347557.01999,17,0.9794893856864354,0.9889434557918749,0.9944440466125191,千克,0.9794893856864354,个,0.009454070105439534,OTHER,0.00550059082064416,UNKNOWN,0.0023626293236388317,千米,0.0010135545359735364
107020403,磷肥,A 首要单位>=90%,11830515543.79999,10,0.9984393236920537,0.999986725703591,0.999991151622293,千克,0.9984393236920537,UNKNOWN,0.001547402011537351,包,4.425918702033297e-06,批,2.3951618925728075e-06,个,1.8277538218807457e-06
106010599,其他纸制品,D 前3个仍<90%,11548423136.95001,29,0.4102043327459106,0.8065270864278281,0.859186936468672,个,0.4102043327459106,千克,0.3963227536819175,平方米,0.05265985004084389,套,0.038805267028720565,箱,0.038291720898684496
105010301,胶合板,B 前2个>=90%,11447872511.640013,24,0.6941147368090016,0.9224300076047245,0.9714117413146215,个,0.6941147368090016,立方米,0.22831527079572292,平方米,0.04898173370989695,OTHER,0.009801165538480124,UNKNOWN,0.006221116453523232
109051101,终端显示设备,A 首要单位>=90%,11398094781.96002,20,0.933893572277311,0.9828932357696653,0.993222139377866,个,0.933893572277311,套,0.048999663492354247,平方米,0.010328903608200662,UNKNOWN,0.002758069586309763,千克,0.0016653322614971198
304020500,信息系统增值服务,C 前3个>=90%,11171632775.249989,22,0.4393392688894725,0.8326313031043795,0.9073428378783394,次,0.4393392688894725,UNKNOWN,0.39329203421490705,项,0.07471153477395989,个,0.023981901455224348,批,0.0170268872479779
109051700,集成电路,B 前2个>=90%,11078004395.990005,18,0.8119446913512598,0.9265750354843302,0.9796947790342615,个,0.8119446913512598,套,0.1146303441330704,OTHER,0.05311974354993128,UNKNOWN,0.015166375833973941,批,0.002052220367255802
109050902,计算机数字式处理部件,B 前2个>=90%,11056396279.599957,24,0.8586064549771579,0.9853360200077899,0.9908704755295138,个,0.8586064549771579,套,0.12672956503063196,批,0.005534455521723939,UNKNOWN,0.004810247214829778,OTHER,0.0019307119643845081
107050102,子午线轮胎外胎,B 前2个>=90%,10983720157.59002,19,0.8960960432944601,0.9858833884280224,0.9905005749597601,个,0.8960960432944601,套,0.08978734513356226,千克,0.004617186531737653,批,0.004587096639127671,UNKNOWN,0.002709344416375723
109050401,数字蜂窝移动电话系统设备,C 前3个>=90%,10872536269.869999,18,0.45433479144319866,0.7646797306080092,0.9614196291998192,批,0.45433479144319866,套,0.31034493916481054,个,0.19673989859180993,OTHER,0.03425409766459698,项,0.001691865095081439
108031201,稀有金属,A 首要单位>=90%,10728719593.02,19,0.9202966757080379,0.975383425375212,0.9879377486066282,千克,0.9202966757080379,OTHER,0.055086749667174216,UNKNOWN,0.012554323231416092,个,0.011618923874299053,套,0.0001865794489868413
109013104,工商用空调设备,B 前2个>=90%,10671868422.259995,25,0.6214480903490677,0.9553269494135085,0.9714088576154515,个,0.6214480903490677,套,0.3338788590644408,批,0.016081908201943045,UNKNOWN,0.015742427185437842,OTHER,0.0031513169024696406
107020801,VOC含量低于420克/升（含）的涂料,D 前3个仍<90%,10581227634.109995,23,0.7127161392114134,0.8330189821222369,0.8764918124984725,千克,0.7127161392114134,桶,0.12030284291082355,OTHER,0.04347283037623558,立方米,0.03248428682905953,个,0.02895448647682076
107010113,油类残渣,A 首要单位>=90%,10494732877.029999,14,0.9977219229874514,0.9996226869767532,0.9997500872179662,千克,0.9977219229874514,UNKNOWN,0.0019007639893017716,立方米,0.00012740024121303588,个,0.00011570291633221995,平方米,5.298153716870546e-05
109050599,其他移动通信终端设备,A 首要单位>=90%,10409203827.119991,21,0.9443566038729156,0.9748260364181474,0.9916293359283649,个,0.9443566038729156,套,0.030469432545231667,UNKNOWN,0.01680329951021756,批,0.005757647620834616,OTHER,0.0011434779688902698
304050201,有形动产经营租赁服务,D 前3个仍<90%,10335423858.189993,31,0.39074785124267264,0.5885697021201128,0.6901492696458379,UNKNOWN,0.39074785124267264,千克,0.19782185087744025,个,0.10157956752572504,月,0.0689529988192285,OTHER,0.060903020276348335
109059900,其他未列明电子设备,B 前2个>=90%,10292760908.990137,25,0.8441184842622157,0.949117306568099,0.9637108695147328,个,0.8441184842622157,套,0.10499882230588335,UNKNOWN,0.014593562946633868,副,0.008656841212756998,批,0.008297624290038956
304010500,专业技术服务,D 前3个仍<90%,10028680951.169996,28,0.6686495293937613,0.8019800609682057,0.8971372220541476,UNKNOWN,0.6686495293937613,项,0.13333053157444438,次,0.09515716108594183,个,0.021870856399555834,OTHER,0.02008259359038672
110010202,供热,C 前3个>=90%,10024242396.090004,18,0.8443196490291666,0.8937874204413402,0.93686247998683,千克,0.8443196490291666,千瓦时,0.04946777141217364,OTHER,0.043075059545489805,平方米,0.02544170003804746,立方米,0.012749441263496407
109010101,锅炉、辅助设备、零件,C 前3个>=90%,9991443731.600002,27,0.4581108651309017,0.7616542831004218,0.9080744150342207,个,0.4581108651309017,套,0.3035434179695201,千克,0.14642013193379888,OTHER,0.023286586236195648,项,0.02202144710019456
109041799,其他家用厨房电器具,A 首要单位>=90%,9970058931.669981,24,0.9612299877393748,0.9872665438318793,0.9918969580577526,个,0.9612299877393748,套,0.026036556092504392,批,0.004630414225873318,箱,0.0033264233789684267,UNKNOWN,0.002559532689314371
104010106,印染布,B 前2个>=90%,9860360231.079979,21,0.7149913775450172,0.9649568884977588,0.9832772607120115,千米,0.7149913775450172,千克,0.2499655109527417,个,0.01832037221425268,OTHER,0.008916241509400786,平方米,0.003449347844594392
303029900,其他增值电信服务,D 前3个仍<90%,9740125095.749998,20,0.5151640063174792,0.6812812328155251,0.7818473625541882,UNKNOWN,0.5151640063174792,月,0.16611722649804594,项,0.1005661297386631,个,0.08455592318001794,次,0.04393154147442206
103020402,固体及半固体乳制品,D 前3个仍<90%,9717543203.619986,20,0.39205288764867774,0.5778338342975657,0.7256465770744561,箱,0.39205288764867774,罐,0.18578094664888803,千克,0.14781274277689035,个,0.124885962097695,OTHER,0.08624134525975724
109029900,其他专用设备及零部件,C 前3个>=90%,9710666470.760006,29,0.6315215877062295,0.8637257508189929,0.9223761918927275,个,0.6315215877062295,套,0.2322041631127635,千克,0.058650441073734495,OTHER,0.020593787032245646,UNKNOWN,0.020205715989815427
109041805,家用电清洁器具,A 首要单位>=90%,9608025684.790024,21,0.9847469559170727,0.9929053819227494,0.9977496679672466,个,0.9847469559170727,套,0.008158426005676638,UNKNOWN,0.0048442860444972745,批,0.0013931228453301667,OTHER,0.00045644760993328293
107020216,醚,A 首要单位>=90%,9567260851.240002,13,0.9953901276012262,0.9974534610157679,0.9988972632936383,千克,0.9953901276012262,UNKNOWN,0.0020633334145416828,个,0.0014438022778703356,OTHER,0.0004456424421047747,立方米,0.0002036877033354251
103010602,成品糖,A 首要单位>=90%,9462718556.209988,20,0.9780094639406307,0.9871429430287604,0.9907742934240915,千克,0.9780094639406307,袋,0.009133479088129627,个,0.003631350395331091,箱,0.0026226583114123494,包,0.002077914340704571
108041401,钢铁制紧固件,D 前3个仍<90%,9388181362.620022,28,0.5763671485581455,0.745878104865009,0.8830403729371963,个,0.5763671485581455,OTHER,0.16951095630686353,千克,0.1371622680721873,套,0.08392164170016887,批,0.011830522510166312
301020201,国内水路货物运输服务,B 前2个>=90%,9265554324.089996,18,0.7090797499992276,0.9619463984444743,0.9745705759203845,千克,0.7090797499992276,UNKNOWN,0.25286664844524664,票,0.012624177475910277,OTHER,0.0067020159677385355,个,0.00662474784270703
102040101,铜矿石,A 首要单位>=90%,9171853771.660011,21,0.9864596381852779,0.9904003767022482,0.9933443961886288,千克,0.9864596381852779,立方米,0.003940738516970319,副,0.0029440194863805482,个,0.002203264397044847,OTHER,0.0016904317443336063
103010701,鲜、冷、冻肉,C 前3个>=90%,9118629705.740013,22,0.8026176470915336,0.892681669788171,0.9491407271217442,千克,0.8026176470915336,个,0.09006402269663737,箱,0.0564590573335733,UNKNOWN,0.012197622403724255,OTHER,0.012020983817447855
109040702,低压开关、保护控制装置,B 前2个>=90%,9059017936.039986,24,0.898416090364617,0.9407613273194836,0.9612446306057904,个,0.898416090364617,套,0.042345236954866604,批,0.020483303286306792,OTHER,0.019872337156304907,千米,0.008314451775213658
104020401,皮革鞋靴,A 首要单位>=90%,8813913618.53999,23,0.9682546717134325,0.9845296434193341,0.9926569115331627,个,0.9682546717134325,OTHER,0.01627497170590169,平方米,0.008127268113828632,UNKNOWN,0.0032979144337036284,千米,0.00235750088545138
109051999,其他电子元件,C 前3个>=90%,8641111206.18999,24,0.8545449053254129,0.8949291494200871,0.9323287617915257,个,0.8545449053254129,套,0.04038424409467406,平方米,0.0373996123714386,千克,0.016760089167265357,副,0.012348120054694501
102030300,铬矿石,A 首要单位>=90%,8638264329.86999,16,0.9910151955790906,0.9972607302258419,0.9990209728485898,千克,0.9910151955790906,OTHER,0.006245534646751425,UNKNOWN,0.0017602426227479023,个,0.00038693155040907446,批,0.00033140847636496055
101020201,原木,A 首要单位>=90%,8553374738.919995,15,0.9564477741113169,0.9789796153988336,0.992378240488709,立方米,0.9564477741113169,千克,0.02253184128751671,UNKNOWN,0.013398625089875424,个,0.005681151434753537,平方米,0.000780361185349257
108010101,硅酸盐水泥熟料,A 首要单位>=90%,8519048328.519999,20,0.9800994396495631,0.9926859234955384,0.9957199325354297,千克,0.9800994396495631,UNKNOWN,0.012586483845975318,千米,0.003034009039891236,个,0.0012294310533415603,OTHER,0.0008708140855551181
106050901,金银珠宝首饰,B 前2个>=90%,8411572116.640008,21,0.5142936346812215,0.9265156617194994,0.9724889257595241,个,0.5142936346812215,千克,0.4122220270382779,批,0.04597326404002463,UNKNOWN,0.013564613892364522,OTHER,0.009531209019940588
109011800,气体压缩机,A 首要单位>=90%,8273294069.530001,24,0.9153722038820536,0.9809218485208557,0.9880488937249131,个,0.9153722038820536,套,0.06554964463880204,UNKNOWN,0.007127045204057361,桶,0.0029959049891971354,千克,0.0028980779250074567
107021302,合成橡胶,A 首要单位>=90%,8143343150.030002,21,0.923242727610257,0.9749796971199415,0.9832232529155428,千克,0.923242727610257,个,0.05173696950968442,千米,0.008243555795601307,套,0.0033531867768459935,OTHER,0.0032656835196613375
103040202,乙类卷烟,A 首要单位>=90%,8024724471.1699915,16,0.9991234942302044,0.9997115224879911,0.999834829367069,个,0.9991234942302044,UNKNOWN,0.0005880282577866517,OTHER,0.00012330687907789712,份,7.499184703001525e-05,包,4.0371970547266046e-05
107021401,化学试剂,D 前3个仍<90%,8023484924.360004,24,0.7841988695830805,0.8461091579718409,0.8897557323633213,千克,0.7841988695830805,盒,0.06191028838876049,瓶,0.04364657439148036,个,0.03422414251521803,OTHER,0.025313510682043256
107060110,塑料零件,C 前3个>=90%,7988579370.510019,25,0.8312388522085963,0.8965593901575966,0.9478044849001257,个,0.8312388522085963,套,0.06532053794900024,千克,0.05124509474252919,OTHER,0.017482830274625327,UNKNOWN,0.012117313826453223
102040102,铅锌矿石,A 首要单位>=90%,7967860950.630019,19,0.9751235524354466,0.9952563290155042,0.9986653059314294,千克,0.9751235524354466,OTHER,0.02013277658005766,UNKNOWN,0.003408976915925256,个,0.0009442588728164362,套,0.0001895835355762024
107020105,烧碱,A 首要单位>=90%,7948395033.410002,15,0.9969876238121839,0.9980742453406429,0.9987182431752352,千克,0.9969876238121839,UNKNOWN,0.0010866215284590125,OTHER,0.0006439978345922707,立方米,0.0006241015436636914,瓶,0.0003274949557814369
109052100,印制电路板,A 首要单位>=90%,7943784217.729971,22,0.9191734716878452,0.9520591438813243,0.9655454808592205,个,0.9191734716878452,套,0.03288567219347902,平方米,0.013486336977896207,批,0.010002603153878999,千克,0.0093151603343961
307990000,其他生活服务,D 前3个仍<90%,7940917105.959995,29,0.6741852708526391,0.7549129372891599,0.7966247098338447,UNKNOWN,0.6741852708526391,月,0.08072766643652074,千克,0.04171177254468481,个,0.03783946050443937,次,0.036009750816487135
107060103,塑料管,C 前3个>=90%,7929676265.759982,24,0.5403979513808422,0.8204429976002885,0.9242945256514244,千米,0.5403979513808422,个,0.2800450462194463,千克,0.10385152805113597,批,0.029842706613612314,套,0.018160107901479212
109040703,电路连接装置,B 前2个>=90%,7899091913.810093,27,0.8647218421915314,0.9385164365196326,0.9625732495803558,个,0.8647218421915314,套,0.07379459432810115,千米,0.02405681306072323,千克,0.01116621050146202,OTHER,0.009276160649795117
109020301,挖掘、铲土运输机械,A 首要单位>=90%,7882207276.920007,24,0.9710881210004099,0.9831891372004394,0.9906853376369609,个,0.9710881210004099,套,0.012101016200029579,UNKNOWN,0.0074962004365214125,千克,0.003407705090254326,OTHER,0.0028722920718277064
106010201,未涂布印刷书写用纸,B 前2个>=90%,7683020062.879998,25,0.8856773176418401,0.9332821029380662,0.9761058176566593,千克,0.8856773176418401,令,0.04760478529622611,箱,0.04282371471859308,个,0.01340215863387993,OTHER,0.004449522724164979
107020102,非金属无机氧化物,A 首要单位>=90%,7627823377.260002,21,0.9877135412220748,0.9921927337597333,0.9944614433462178,千克,0.9877135412220748,千瓦时,0.004479192537658492,UNKNOWN,0.002268709586484455,批,0.001561633450442959,个,0.0014259127410350444
109051906,电声器件,B 前2个>=90%,7527140531.580277,21,0.8926727753466838,0.9393963353034107,0.9802968260964748,个,0.8926727753466838,套,0.046723559956726904,副,0.04090049079306413,OTHER,0.005903706199393956,千克,0.005680614932138518
109041804,电热水器,A 首要单位>=90%,7484409170.630048,20,0.9720487179040228,0.9883164660460916,0.996769899357605,个,0.9720487179040228,UNKNOWN,0.016267748142068727,套,0.008453433311513344,批,0.001984387522301876,OTHER,0.0009906105733895729
109012001,液压元件,A 首要单位>=90%,7472893069.560015,21,0.9101658140574028,0.9788120210531365,0.9846094280622737,个,0.9101658140574028,套,0.06864620699573361,千克,0.005797407009137191,OTHER,0.00461818740596966,UNKNOWN,0.0041576106884972834
109040704,电力控制或电力分配装置,D 前3个仍<90%,7472875236.890006,22,0.6119085852814317,0.7902444601025698,0.8619897921393358,个,0.6119085852814317,套,0.1783358748211381,千瓦时,0.07174533203676599,批,0.04186840799448572,OTHER,0.03954035378128036
108013001,沥青混合物,A 首要单位>=90%,7461293335.749996,16,0.9575263735414921,0.9744098403348985,0.9869016503249197,千克,0.9575263735414921,立方米,0.016883466793406462,UNKNOWN,0.012491809990021144,平方米,0.008435383625575351,OTHER,0.0028901382226426573
108020500,粗钢,A 首要单位>=90%,7457666546.350006,17,0.9873989367550907,0.9966661327808805,0.9977969022900277,千克,0.9873989367550907,个,0.009267196025789758,套,0.0011307695091472417,UNKNOWN,0.0008655705977038257,千米,0.0006838125650034476
109011901,阀门,B 前2个>=90%,7283026630.959996,23,0.7660338897998245,0.9213858957900679,0.9586395435917424,个,0.7660338897998245,套,0.15535200599024346,千克,0.037253647801674554,UNKNOWN,0.019876876489042617,批,0.011946710754857042
109051201,微机板卡,A 首要单位>=90%,7258704033.679978,17,0.957977473031731,0.9974694340539619,0.9989517238001862,个,0.957977473031731,套,0.03949196102223091,UNKNOWN,0.0014822897462241902,千克,0.0004872653222378147,批,0.0003542214241095697
101010101,稻谷,C 前3个>=90%,7247257639.07,28,0.800350018583626,0.8777220985131531,0.9094852468658505,千克,0.800350018583626,袋,0.07737207992952708,个,0.031763148352697425,箱,0.020060104170472944,UNKNOWN,0.01920009632883094
107050101,橡胶轮胎外胎,B 前2个>=90%,7219407108.839995,21,0.7915256489418516,0.9633036826866842,0.9751139938721549,个,0.7915256489418516,套,0.17177803374483258,批,0.011810311185470743,OTHER,0.010488301558348673,UNKNOWN,0.007618021423484586
103010201,碾磨、脱壳谷物,D 前3个仍<90%,7212493466.799992,18,0.6225929493745943,0.7794225457834836,0.8664052171450349,千克,0.6225929493745943,袋,0.15682959640888924,个,0.08698267136155133,包,0.06369572792609086,箱,0.04613664392927865
108031502,铜盘条（电工用铜线坯）,A 首要单位>=90%,7191513609.710003,10,0.99511050294996,0.9987040254644841,0.9991552691464287,千克,0.99511050294996,笔,0.0035935225145241867,批,0.00045124368194456624,千米,0.0003533910839810651,个,0.00033669950881142
304040800,装卸搬运服务,D 前3个仍<90%,7181476146.340005,28,0.42800798430508064,0.7429770773769537,0.7892254588213826,千克,0.42800798430508064,UNKNOWN,0.31496909307187304,次,0.046248381444428936,个,0.04454858613755164,月,0.04144625699991957
108031099,其他常用有色金属,A 首要单位>=90%,7128469148.2599945,21,0.9350903955356329,0.9671116888136878,0.9917098962342532,千克,0.9350903955356329,UNKNOWN,0.03202129327805497,个,0.024598207420565343,OTHER,0.0041434223583908724,平方米,0.001888083631993452
106020199,其他印刷品,D 前3个仍<90%,7120015569.4200115,28,0.6243788116087144,0.7183698178045778,0.778193202600167,个,0.6243788116087144,千克,0.09399100619586336,套,0.059823384795589234,UNKNOWN,0.047830530658199276,OTHER,0.035396972943772656
107030203,注射液,C 前3个>=90%,7109124319.710001,15,0.4315083468444869,0.6806555780849517,0.9114542000503828,个,0.4315083468444869,盒,0.24914723124046484,瓶,0.2307986219654311,袋,0.04979432332172809,批,0.015791054629437033
108041000,金属容器,B 前2个>=90%,7037724049.54001,26,0.8805598972490345,0.9478075608969057,0.9662263838484069,个,0.8805598972490345,套,0.06724766364787112,千克,0.018418822951501268,罐,0.011163243849428135,UNKNOWN,0.009036789374280287
304030101,工程设计服务,C 前3个>=90%,7021147150.839997,24,0.7363275552587564,0.8741000434388781,0.9322646216062994,UNKNOWN,0.7363275552587564,项,0.13777248818012183,次,0.05816457816742123,个,0.014391452440633041,批,0.011727015865227855
304010100,研发服务,D 前3个仍<90%,7014416791.160002,25,0.55031948299035,0.6878092931888842,0.7978319749580371,UNKNOWN,0.55031948299035,次,0.13748981019853415,项,0.11002268176915302,千克,0.08039717775406659,个,0.044842874836923154
103020899,其他营养、保健食品,D 前3个仍<90%,6926992574.059997,19,0.28254957239586725,0.5254771275576183,0.7511756769388638,盒,0.28254957239586725,箱,0.2429275551617511,UNKNOWN,0.22569854938124548,瓶,0.11968802588510168,个,0.03793432852721867
109062201,照相机,B 前2个>=90%,6898021157.080026,14,0.8432338912471887,0.9754007308333874,0.9918214114837709,个,0.8432338912471887,套,0.13216683958619863,UNKNOWN,0.016420680650383518,盒,0.006330270126118927,千克,0.001053438988446944
110020202,民用天然气,A 首要单位>=90%,6885991553.339996,15,0.9382483629879346,0.9580388075817708,0.9743249160951635,立方米,0.9382483629879346,OTHER,0.01979044459383632,UNKNOWN,0.016286108513392593,千克,0.015929717646370738,千瓦时,0.008919870681544425
109051103,输出设备及装置,A 首要单位>=90%,6800406718.279979,22,0.9463707398235964,0.984230414607154,0.9930969262729813,个,0.9463707398235964,套,0.037859674783557555,千克,0.008866511665827333,UNKNOWN,0.0033242381443499545,OTHER,0.0006553586123047698
106030102,应用软件产品,B 前2个>=90%,6799448282.840001,24,0.8471294703566966,0.9195279398784603,0.9768360369211876,套,0.8471294703566966,个,0.0723984695217637,UNKNOWN,0.05730809704272729,OTHER,0.011088003778228618,项,0.005849696107018093
108020100,生铁,A 首要单位>=90%,6739954774.710002,18,0.9612177430402347,0.9841435587964166,0.9883084198078479,千克,0.9612177430402347,个,0.022925815756181883,套,0.004164861011431312,UNKNOWN,0.0033015706252951006,千米,0.0026319137060920785
103040101,片烟,B 前2个>=90%,6689564657.18,10,0.802922260765507,0.9999529468199904,0.9999882052997401,千克,0.802922260765507,个,0.19703068605448332,OTHER,3.525847974977626e-05,UNKNOWN,4.972821357559513e-06,批,3.650461764173201e-06
107020106,纯碱类,A 首要单位>=90%,6685283848.82,17,0.9881178725935443,0.9980336424544906,0.9986458356406815,千克,0.9881178725935443,UNKNOWN,0.009915769860946236,瓶,0.0006121931861909479,袋,0.0003873935899456421,个,0.00037533729857153306
107021506,特种纤维及高功能化工产品,A 首要单位>=90%,6602193011.829996,19,0.9809704054448455,0.9868071253576005,0.9926350257160202,千克,0.9809704054448455,个,0.005836719912754994,平方米,0.005827900358419689,套,0.0024858602468289374,OTHER,0.0013701680735160146
105020101,木质家具,D 前3个仍<90%,6601246443.070015,27,0.5730119489783596,0.7807669034566522,0.8514776512655035,个,0.5730119489783596,套,0.20775495447829262,批,0.07071074780885123,平方米,0.06012297416447022,UNKNOWN,0.034048290606685995
107020306,气体及稀有气体,C 前3个>=90%,6553359147.160003,21,0.5195960472509205,0.831713500030296,0.9375195848441413,千克,0.5195960472509205,立方米,0.3121174527793756,瓶,0.10580608481384535,OTHER,0.035443915374401634,个,0.01765950458249384
109041901,家用理发、吹风电器具,A 首要单位>=90%,6549950053.200013,14,0.9791710423618643,0.9865715711760219,0.9923454043125863,个,0.9791710423618643,箱,0.00740052881415763,UNKNOWN,0.005773833136564482,套,0.0031867991023537957,副,0.0017899914983736409
104020499,其他鞋,A 首要单位>=90%,6459271558.939988,22,0.9670394873713998,0.9863459209919836,0.9904941894407554,个,0.9670394873713998,UNKNOWN,0.01930643362058383,千米,0.004148268448771832,OTHER,0.00393026086894636,批,0.002214395039670276
108011001,平板玻璃,C 前3个>=90%,6332086720.219993,23,0.7081093038179701,0.8627604021396269,0.9737037772432442,平方米,0.7081093038179701,个,0.15465109832165685,OTHER,0.11094337510361728,千克,0.014453309751389566,UNKNOWN,0.005406953518288282
107020301,活性炭、硫磺、磷,A 首要单位>=90%,6316203994.58,20,0.9761112902433999,0.9833246938017867,0.9878829132488953,千克,0.9761112902433999,箱,0.007213403558386755,UNKNOWN,0.004558219447108667,个,0.0042761846962474466,套,0.0028507511276474086
106051299,其他日用杂品,D 前3个仍<90%,6245341487.310643,28,0.6095437187886937,0.6838662207836773,0.742812536719802,个,0.6095437187886937,UNKNOWN,0.07432250199498361,批,0.058946315936124656,套,0.046840645973383145,瓶,0.03652906580425281
109013601,铸铁件,B 前2个>=90%,6230728574.289996,22,0.5590143301751671,0.9259309145588019,0.9705872472528811,个,0.5590143301751671,千克,0.3669165843836348,套,0.044656332694079225,OTHER,0.011429752488955931,副,0.005447624719211562
103030500,葡萄酒,D 前3个仍<90%,6193641777.630004,19,0.4564182976758652,0.7714439160506835,0.8940340215718547,瓶,0.4564182976758652,箱,0.3150256183748183,个,0.12259010552117121,盒,0.05854510213678386,OTHER,0.017108126639275235
107021304,合成纤维聚合物,A 首要单位>=90%,6155545606.570002,20,0.964591645780779,0.9765916481463143,0.9864695793966493,千克,0.964591645780779,OTHER,0.012000002365535228,个,0.009877931250334981,千米,0.006394341701893844,立方米,0.0025228311692508613
108012600,耐火材料制品,D 前3个仍<90%,6024832401.620004,23,0.746253091926851,0.8211247361287225,0.8953723296783321,千克,0.746253091926851,OTHER,0.07487164420187153,个,0.07424759354960961,套,0.04331255984313082,UNKNOWN,0.020433194687191323
109042401,室内照明灯具,B 前2个>=90%,6018616840.209994,24,0.7822909430492532,0.9186496331301732,0.9587965795790138,个,0.7822909430492532,套,0.13635869008092003,OTHER,0.04014694644884049,批,0.011301522884056319,千米,0.008867392855687734
108041700,家具、建筑用金属附件及架座；金属制建筑装饰及其零件,D 前3个仍<90%,5940890810.410022,29,0.5096918972764349,0.6814353576935406,0.814845759425078,个,0.5096918972764349,千克,0.17174346041710561,套,0.1334104017315374,批,0.06378599937840748,千米,0.029210383312536125
104020101,女内衣,B 前2个>=90%,5896568091.699997,18,0.8736044965631647,0.955315521194289,0.9787159268224752,个,0.8736044965631647,套,0.08171102463112426,盒,0.023400405628186238,OTHER,0.012838967662658473,包,0.0033008113799952135
304050101,有形动产融资租赁服务,D 前3个仍<90%,5887875635.390001,26,0.40090774019102504,0.6741626658945348,0.7724156327681603,UNKNOWN,0.40090774019102504,个,0.27325492570350973,期,0.09825296687362546,项,0.052635671106438395,套,0.04659607628275382
109030300,铁路机车车辆配件及零件,C 前3个>=90%,5857051866.000001,22,0.5084364674601636,0.8425777746356737,0.9229866202588277,OTHER,0.5084364674601636,个,0.3341413071755101,套,0.08040884562315394,UNKNOWN,0.056656118868659525,千克,0.008972787749255692
107020112,金属氧化物酸盐、金属过氧化物酸盐,A 首要单位>=90%,5853202871.170001,14,0.9983310795499477,0.9988973744047401,0.9994311981536811,千克,0.9983310795499477,个,0.0005662948547924556,OTHER,0.0005338237489409668,瓶,0.00030172257973470586,桶,0.00011827883216041914
501020100,房地产开发商业用房,B 前2个>=90%,5827896024.92,17,0.5394421937569067,0.9223528050869418,0.9612774312659262,平方米,0.5394421937569067,UNKNOWN,0.3829106113300352,月,0.03892462617898435,套,0.018896195767581784,OTHER,0.0170533677720107
304040202,货运港口码头服务,D 前3个仍<90%,5797574845.749997,21,0.7558544737878427,0.8158939741222226,0.8707036713584629,千克,0.7558544737878427,UNKNOWN,0.060039500334379985,千米,0.054809697236240316,OTHER,0.052668272657806235,次,0.030786923039181565
103020602,酱油及酱类制品,C 前3个>=90%,5719649728.039989,17,0.8217623428053263,0.8797486328195672,0.9294544890481835,箱,0.8217623428053263,瓶,0.0579862900142408,个,0.04970585622861633,OTHER,0.03275397141919007,桶,0.014412933168942384
109040201,发电机组,C 前3个>=90%,5701205470.220001,20,0.5370018279786466,0.8265722271851663,0.9757030536079495,个,0.5370018279786466,套,0.2895703992065198,UNKNOWN,0.1491308264227832,千瓦时,0.018769602304101955,OTHER,0.0030548767696541063
103020401,液体乳,D 前3个仍<90%,5694157842.569998,18,0.5724678353961397,0.6709486214463039,0.7589173523155416,个,0.5724678353961397,OTHER,0.09848078605016415,箱,0.08796873086923776,盒,0.07770145593826881,瓶,0.040175580365848965
107060106,塑料丝、绳、袋及编织品,C 前3个>=90%,5662441912.299984,24,0.6786962448095107,0.8626191594760173,0.9069764653186443,个,0.6786962448095107,千克,0.18392291466650654,套,0.04435730584262702,OTHER,0.021781689140525272,卷,0.02011497860359259
107010105,石脑油,A 首要单位>=90%,5659420100.72,16,0.9959020843094772,0.997367474100729,0.9988244158939263,千克,0.9959020843094772,个,0.0014653897912517433,立方米,0.001456941793197328,桶,0.0005027111664034356,OTHER,0.0003710233314775242
110020203,液化天然气（LNG）,B 前2个>=90%,5655225267.689995,15,0.8755913041891283,0.991484816398893,0.99635469060485,千克,0.8755913041891283,立方米,0.11589351220976468,UNKNOWN,0.004869874205957038,个,0.0016784540156571407,OTHER,0.000955636381255512
109023207,电子元件及机电组件生产设备,C 前3个>=90%,5649486366.699992,27,0.7560754452453077,0.8752306246024734,0.9199347024224759,个,0.7560754452453077,瓦,0.11915517935716571,套,0.04470407782000255,千克,0.03340170185599118,OTHER,0.0123742667602604
501990000,其他建筑物,D 前3个仍<90%,5640730400.0599985,22,0.4494363860455081,0.7844837288399622,0.847177852206723,平方米,0.4494363860455081,UNKNOWN,0.33504734279445403,项,0.06269412336676088,OTHER,0.05726618747929597,月,0.035887881382851906
108012701,石墨制品,A 首要单位>=90%,5640047406.059998,18,0.9385359156471755,0.9851347213908315,0.9898232256579388,千克,0.9385359156471755,个,0.04659880574365589,套,0.004688504267107343,OTHER,0.003972114222999082,平方米,0.002062870926846999
107060112,日用塑料制品,D 前3个仍<90%,5637543047.070082,27,0.6295625044663109,0.748567872240607,0.8266481985272095,个,0.6295625044663109,套,0.11900536777429603,千克,0.07808032628660258,UNKNOWN,0.037089039773926115,包,0.029090407003673848
109040806,配电或电器控制设备专用零件,B 前2个>=90%,5615912479.009988,26,0.7777151163313598,0.9310499630349901,0.9479230441441003,个,0.7777151163313598,套,0.15333484670363026,千克,0.016873081109110257,OTHER,0.016309995289696372,千米,0.012399586133200526
101011800,中草药材,A 首要单位>=90%,5614807908.290004,17,0.9123893431948567,0.957373418809818,0.9724676950743485,千克,0.9123893431948567,UNKNOWN,0.04498407561496128,盒,0.015094276264530505,袋,0.010312337849441062,OTHER,0.005306756194812466
107021801,感光胶片,A 首要单位>=90%,5593497422.249992,22,0.905500047308974,0.9600753915677733,0.9740951347803224,盒,0.905500047308974,个,0.054575344258799285,卷,0.014019743212549066,平方米,0.012750569617910238,箱,0.004078148896477759
109041403,家用冷冻箱,B 前2个>=90%,5552409180.6100235,14,0.7830522763403973,0.9805028214962884,0.9973903506714524,个,0.7830522763403973,UNKNOWN,0.19745054515589114,套,0.01688752917516396,批,0.00133787516344101,OTHER,0.0008164538657977554
304030302,广告代理服务,C 前3个>=90%,5521010488.329999,24,0.706279039754095,0.8464614977508566,0.9515383753489425,UNKNOWN,0.706279039754095,OTHER,0.14018245799676157,次,0.10507687759808594,项,0.02126266043292895,月,0.007164507905502048
106010299,其他机制纸及纸板,B 前2个>=90%,5515853168.389995,24,0.8676282432091789,0.9377746823488807,0.9577919334520728,千克,0.8676282432091789,个,0.07014643913970182,平方米,0.020017251103192052,UNKNOWN,0.011783209073161575,令,0.005833697453080009
107021404,塑料助剂,A 首要单位>=90%,5514205379.889996,21,0.9908810209421319,0.994391010365193,0.9954679923745425,千克,0.9908810209421319,个,0.0035099894230610114,桶,0.0010769820093495452,UNKNOWN,0.0010409839413914816,OTHER,0.0007176754486571093
109051901,电容器,A 首要单位>=90%,5502598200.429985,20,0.9460870659397196,0.9650227313280916,0.9756501547524351,个,0.9460870659397196,平方米,0.018935665388371978,OTHER,0.010627423424343497,千克,0.010368396286965263,UNKNOWN,0.0072706089201413525
107060109,塑料包装箱及容器,B 前2个>=90%,5439300902.540053,27,0.8045506042838064,0.910176532801882,0.954570218756494,个,0.8045506042838064,套,0.10562592851807563,千克,0.044393685954611864,批,0.012350307367373177,OTHER,0.007299309803114465
106010101,木浆,A 首要单位>=90%,5383324613.069992,23,0.9323616281997993,0.9735009393463554,0.9844047027154615,千克,0.9323616281997993,OTHER,0.04113931114655608,个,0.010903763369106124,千米,0.0036081530831043457,令,0.002629584354922858
107020215,含氮基化合物,A 首要单位>=90%,5373005020.28,16,0.9956063472524412,0.9974534098017115,0.9987338995786672,千克,0.9956063472524412,套,0.0018470625492702077,UNKNOWN,0.001280489776955664,瓶,0.0004292637753537418,OTHER,0.00037148395217691135
109021199,其他模具,D 前3个仍<90%,5368937867.95,27,0.5132987533886777,0.6892588431728268,0.8547999101677702,套,0.5132987533886777,个,0.1759600897841491,千克,0.16554106699494345,副,0.07923731551254413,UNKNOWN,0.0294500167740575
107060107,泡沫塑料,D 前3个仍<90%,5325266871.309999,25,0.42657005221997346,0.6996916214723718,0.7856555773834467,千克,0.42657005221997346,个,0.2731215692523984,立方米,0.08596395591107486,千米,0.07818923025872174,套,0.06553186438037677
107020101,无机酸类,A 首要单位>=90%,5315569886.309997,22,0.9814890010244404,0.9883714087779759,0.9921663811988923,千克,0.9814890010244404,立方米,0.006882407753535549,瓶,0.0037949724209163714,OTHER,0.00326017547330754,UNKNOWN,0.0015794317090294353
109012301,滚动轴承,B 前2个>=90%,5305301880.600001,22,0.6165654575362371,0.970217469534056,0.9806666668234155,套,0.6165654575362371,个,0.35365201199781876,副,0.010449197289359596,OTHER,0.01023984120086605,千克,0.004973791946975074
109010801,加工中心,A 首要单位>=90%,5292967028.920033,22,0.9471907539320092,0.9892544321456684,0.9946812623191904,个,0.9471907539320092,套,0.04206367821365917,批,0.005426830173521938,OTHER,0.0013006626193559857,千克,0.0011401560536891029
107021101,染料,A 首要单位>=90%,5291674454.0999975,19,0.9929817473236237,0.9948564882749144,0.9956945671927442,千克,0.9929817473236237,个,0.0018747409512906773,千米,0.0008380789178298524,箱,0.0008291638966188539,OTHER,0.0005590195685050166
304080101,物业管理服务,C 前3个>=90%,5241761388.049991,25,0.7534861929587557,0.8844089905844792,0.9146980577426972,UNKNOWN,0.7534861929587557,月,0.13092279762572345,项,0.03028906715821797,平方米,0.02464789938064383,OTHER,0.020622054759385625
109062402,投影仪,A 首要单位>=90%,5240269364.510002,14,0.9472029256942842,0.9980633686869741,0.9996126110608456,个,0.9472029256942842,套,0.050860442992689846,UNKNOWN,0.0015492423738715814,次,0.00012661200290455674,批,7.825458415883255e-05
104011306,针织袜,A 首要单位>=90%,5142389495.88997,15,0.9183260052052294,0.9444461600782422,0.9704337530963926,个,0.9183260052052294,盒,0.02612015487301276,OTHER,0.025987593018150373,套,0.016457539734716895,UNKNOWN,0.006053327787574115
109011501,电梯,B 前2个>=90%,5085616968.89,25,0.891962475512598,0.9687676645465755,0.9783773403398877,个,0.891962475512598,UNKNOWN,0.07680518903397751,OTHER,0.009609675793312197,批,0.007735435438934821,套,0.007694405658029882
108010601,陶瓷砖,D 前3个仍<90%,5081911021.049998,22,0.4299453462269704,0.655930663807898,0.8598896879597697,个,0.4299453462269704,千克,0.2259853175809276,平方米,0.20395902415187178,箱,0.10167761018240706,OTHER,0.01691888955825033
107021402,催化剂,B 前2个>=90%,5074513916.590001,20,0.5763504359222165,0.9426405696536949,0.9776569638957282,千克,0.5763504359222165,个,0.36629013373147845,立方米,0.0350163942420333,桶,0.009686216784095448,套,0.005265486818874527
109041704,家用电炉灶,A 首要单位>=90%,5073915374.890006,16,0.9557854605557219,0.9728865465394203,0.9870431751590999,个,0.9557854605557219,UNKNOWN,0.017101085983698406,次,0.014156628619679562,套,0.010631382676769495,OTHER,0.001844756045069615
106030103,嵌入式软件产品,C 前3个>=90%,5072835164.749999,25,0.5131308778960258,0.8527621899741327,0.980433943119283,套,0.5131308778960258,个,0.33963131207810676,UNKNOWN,0.1276717531451504,OTHER,0.007177883938161526,批,0.006776143271687404
101010102,小麦,B 前2个>=90%,5064384622.610005,26,0.8882702438804135,0.9198110102643219,0.945299652600787,千克,0.8882702438804135,UNKNOWN,0.03154076638390834,个,0.02548864233646504,袋,0.016679620649836437,包,0.006923688703155631
104010204,毛机织物（呢绒）,A 首要单位>=90%,5018180638.59006,16,0.9485612562220307,0.979904518535161,0.9908026223996257,千米,0.9485612562220307,个,0.0313432623131303,千克,0.010898103864464648,OTHER,0.005270846759998575,平方米,0.0010515241200011055
109040902,绝缘电线,D 前3个仍<90%,5003008892.630004,25,0.4538066023557456,0.6865406258141585,0.7974900070230739,千米,0.4538066023557456,千克,0.23273402345841296,个,0.11094938120891534,卷,0.09126108620206418,OTHER,0.09123962967813949
108019901,以废渣生产非金属矿物制品,C 前3个>=90%,4972423922.850002,22,0.7657786990308604,0.8394924526904469,0.9106517290996867,千克,0.7657786990308604,平方米,0.07371375365958653,立方米,0.07115927640923986,个,0.03767248556165608,千米,0.02048786749895802
109030900,电动汽车,A 首要单位>=90%,4943070083.1,16,0.9423589686753313,0.9854968178875101,0.9957127501221449,个,0.9423589686753313,UNKNOWN,0.04313784921217881,批,0.010215932234634757,套,0.003310160672401088,千克,0.0008069176226404127
109030801,汽车车身,B 前2个>=90%,4927485986.009999,22,0.8873433570331674,0.926785171881914,0.9619864188265964,个,0.8873433570331674,千克,0.039441814848746606,UNKNOWN,0.035201246944682435,套,0.03084399149008388,OTHER,0.0029445258416145514
109050502,移动通信终端设备零件,B 前2个>=90%,4909152041.230048,23,0.887516041499167,0.9296476701028263,0.9567160859990886,个,0.887516041499167,UNKNOWN,0.042131628603659335,套,0.02706841589626229,批,0.026478678942571506,OTHER,0.007615821809143265
109041601,家用电风扇,A 首要单位>=90%,4901475478.620007,21,0.9869447105613153,0.993746096926587,0.9985220424132286,个,0.9869447105613153,套,0.006801386365271761,UNKNOWN,0.004775945486641641,OTHER,0.0008209802145399996,千克,0.00032785457705736336
304080201,货物运输代理服务,D 前3个仍<90%,4848701767.899996,26,0.43365278683879,0.5856164981043569,0.7023262007770149,UNKNOWN,0.43365278683879,票,0.15196371126556688,千克,0.11670970267265805,项,0.07040004487177125,个,0.06083535123418293
109041705,家用食品加工电动器具,A 首要单位>=90%,4835072106.049991,18,0.9005289565571933,0.9815074302763507,0.9963055474979062,个,0.9005289565571933,套,0.08097847371915738,UNKNOWN,0.014798117221555539,千克,0.001502228390950268,OTHER,0.0013549516959224985
102050101,石灰石,A 首要单位>=90%,4832238011.720002,19,0.9607205468895273,0.9728576480128067,0.983048041451741,千克,0.9607205468895273,批,0.012137101123279348,UNKNOWN,0.010190393438934207,立方米,0.008182718132695147,个,0.005205723196785613
103030702,果汁和蔬菜汁类饮料,D 前3个仍<90%,4827835888.220005,15,0.5457345125481079,0.8124511058672634,0.8940174648669243,千克,0.5457345125481079,箱,0.26671659331915554,个,0.08156635899966097,瓶,0.04613883751382595,UNKNOWN,0.027986078532552396
108030603,再生铝,A 首要单位>=90%,4826127047.390003,11,0.9015903989210461,0.977553163334441,0.9870158242241284,千克,0.9015903989210461,个,0.07596276441339495,UNKNOWN,0.009462660889687417,批,0.005808758344884609,平方米,0.0038403192348662315
107010203,合成液体燃料,B 前2个>=90%,4753849425.909997,18,0.8696626263943159,0.9846922826765659,0.9917613364115961,千克,0.8696626263943159,立方米,0.11502965628225004,UNKNOWN,0.007069053735030148,OTHER,0.004559031918822565,瓶,0.00190346014761876
102050404,建筑用砂、土,B 前2个>=90%,4737068010.409998,21,0.6718199109926972,0.9051444676722914,0.9705478538299634,千克,0.6718199109926972,立方米,0.23332455667959418,UNKNOWN,0.06540338615767202,OTHER,0.007496711588678745,个,0.00704777596535086
109013702,冲压件、钣金件,C 前3个>=90%,4731508160.199999,24,0.7866869719194698,0.8979664428202965,0.9325297161536531,个,0.7866869719194698,套,0.11127947090082672,千克,0.034563273333356626,OTHER,0.022939788455402763,批,0.018223158005999378
109024506,外科手术器械,B 前2个>=90%,4703832757.22999,17,0.8353547987692318,0.9408177655121532,0.9687508652313225,个,0.8353547987692318,OTHER,0.10546296674292144,盒,0.027933099719169217,套,0.01857868564431342,批,0.0068034403648410315
107020407,复合肥、复混合肥,A 首要单位>=90%,4694530049.4,13,0.9927764693668679,0.9953235646318196,0.9971198946246541,千克,0.9927764693668679,UNKNOWN,0.0025470952649516553,袋,0.00179632999283449,瓶,0.0017286384035473763,包,0.0003055471250382833
109011701,泵,B 前2个>=90%,4681359040.730004,24,0.7841848057391355,0.9052104500575108,0.9486928765471179,个,0.7841848057391355,套,0.12102564431837524,千克,0.043482426489607096,批,0.03407322936185779,OTHER,0.006654485336194635
109041301,原电池及原电池组,C 前3个>=90%,4631765728.050028,22,0.41912829525324796,0.7422903190480389,0.9065910017512597,个,0.41912829525324796,千克,0.3231620237947909,套,0.16430068270322085,OTHER,0.06724505524184332,箱,0.012521329880476537
104020111,女上衣,A 首要单位>=90%,4629651577.780011,19,0.9845184455188809,0.9905015304907487,0.9961847443585657,个,0.9845184455188809,套,0.005983084971867879,UNKNOWN,0.005683213867816954,OTHER,0.00130191979865799,批,0.0011696289448625344
107021599,其他专项化学用品,B 前2个>=90%,4613074827.839999,22,0.8449257554889998,0.9131766109249221,0.9426104846788358,千克,0.8449257554889998,个,0.06825085543592227,桶,0.029433873753913743,立方米,0.01740025908436967,瓶,0.011288689920164073
103010101,小麦粉,B 前2个>=90%,4609468554.409996,15,0.6429408408296072,0.9296779621178064,0.9736994448776497,千克,0.6429408408296072,袋,0.28673712128819917,包,0.044021482759843356,箱,0.007789929987839147,个,0.005348758313235939
107060102,塑料板、片,C 前3个>=90%,4605462760.22,23,0.533562385998452,0.8267877410017549,0.9054788774387561,千克,0.533562385998452,个,0.29322535500330293,平方米,0.07869113643700118,套,0.028386936600428566,千米,0.02002806572592801
109050107,通信传输设备零件,C 前3个>=90%,4597349143.310012,23,0.5844034408045038,0.806063917199451,0.9364431380820414,个,0.5844034408045038,套,0.2216604763949473,千米,0.13037922088259032,UNKNOWN,0.015982167344614336,副,0.01114884210928065
108030400,锡,A 首要单位>=90%,4583216337.890004,15,0.9942307688922724,0.9971660165236755,0.9986875728426187,千克,0.9942307688922724,OTHER,0.002935247631403182,卷,0.0015215563189431458,UNKNOWN,0.0007614269222138896,个,0.0003762802479435107
108041201,钢铁制绳、缆、带,B 前2个>=90%,4562195482.070002,21,0.8942896041970608,0.9529044848046466,0.9777955570079963,千克,0.8942896041970608,千米,0.05861488060758578,个,0.024891072203349657,OTHER,0.00684902888593947,UNKNOWN,0.006820219802567981
107030101,抗菌素（抗感染药）,D 前3个仍<90%,4547516312.780002,17,0.39257719921594625,0.6618426503279717,0.8764367614711219,千克,0.39257719921594625,盒,0.2692654511120255,个,0.21459411114315013,OTHER,0.08102307367749843,瓶,0.025293214475504505
304020103,软件维护服务,D 前3个仍<90%,4531524505.900005,23,0.5181611574609939,0.6296846099529778,0.7284290982278193,UNKNOWN,0.5181611574609939,项,0.11152345249198391,月,0.09874448827484153,套,0.09259924433458626,次,0.06453318600379492
105010101,普通锯材,B 前2个>=90%,4529335030.360002,22,0.8494751002564255,0.9240555041425895,0.9596120683005736,立方米,0.8494751002564255,个,0.07458040388616403,平方米,0.03555656415798402,千克,0.01676528620448827,UNKNOWN,0.011512186782494563
109050303,数据终端设备,B 前2个>=90%,4510124670.170001,22,0.6368759172219801,0.9768175251337212,0.9901446903155507,个,0.6368759172219801,套,0.33994160791174105,UNKNOWN,0.013327165181829522,批,0.0057712270465948975,项,0.001550309435179415
109041706,家用厨房电清洁器具,A 首要单位>=90%,4506170899.090001,20,0.983240565930322,0.9942011540495995,0.9963809142606433,个,0.983240565930322,UNKNOWN,0.01096058811927746,套,0.002179760211043833,批,0.001222823617522533,千克,0.001214111258209235
106030101,基础软件产品,C 前3个>=90%,4495107840.740002,23,0.7462507003297554,0.8941475120401852,0.968559012725102,套,0.7462507003297554,个,0.14789681171042973,UNKNOWN,0.0744115006849169,OTHER,0.010803942403749999,批,0.0083261266483517
108030601,氧化铝,B 前2个>=90%,4488008543.159995,20,0.8357336553617789,0.9726008802417699,0.9854666196726811,千克,0.8357336553617789,个,0.13686722487999103,平方米,0.012865739430911226,OTHER,0.005683067985436929,套,0.005091432255588155
107030206,胶囊剂,B 前2个>=90%,4479951013.72,18,0.8288946650772665,0.9285842162179508,0.9827978104573051,盒,0.8288946650772665,瓶,0.0996895511406843,OTHER,0.05421359423935426,千克,0.007150421402353779,个,0.004154960590639036
304030199,其他设计服务,C 前3个>=90%,4467954547.000002,24,0.6036292471016489,0.7618444216460375,0.9096964747278123,UNKNOWN,0.6036292471016489,次,0.1582151745443886,项,0.14785205308177488,个,0.03945161891549568,批,0.019770296624729733
109030504,半挂牵引车,A 首要单位>=90%,4462916970.120001,13,0.9807424831482605,0.9983136456514006,0.9991625002515117,个,0.9807424831482605,UNKNOWN,0.01757116250314006,套,0.0008488546001110428,批,0.00029875051427724625,次,0.00020011459455316418
108032500,废弃物资冶炼、提纯有色金属及合金,A 首要单位>=90%,4433180172.359996,10,0.9976695096931961,0.9986501946035695,0.9994842506572922,千克,0.9976695096931961,UNKNOWN,0.000980684910373401,个,0.0008340560537226329,批,0.0002792830681052363,OTHER,0.00022729746160160663
109050101,光通信设备,B 前2个>=90%,4410220194.879997,24,0.5495499427746711,0.9050616597610965,0.9364536050183259,套,0.5495499427746711,个,0.35551171698642553,UNKNOWN,0.0313919452572293,项,0.017336679435816727,OTHER,0.014317018194080915
103029900,其他食品,D 前3个仍<90%,4329086421.350015,25,0.41475664803431445,0.5890061256053262,0.7420362137950236,UNKNOWN,0.41475664803431445,千克,0.17424947757101175,个,0.15303008818969746,盒,0.07266801977168595,袋,0.05983743691566679
104020123,运动服装,A 首要单位>=90%,4321537648.779999,19,0.940248538451841,0.9678875198046286,0.9772337616432025,个,0.940248538451841,套,0.027638981352787608,OTHER,0.009346241838573922,UNKNOWN,0.00925205717721504,批,0.008653232594319054
107020108,金属氧化物,A 首要单位>=90%,4287212065.999997,17,0.9882429020738812,0.9929608774757539,0.9966665930586135,千克,0.9882429020738812,个,0.004717975401872741,OTHER,0.003705715582859626,卷,0.00141313388904798,套,0.0005935823352853948
109011504,电梯自动扶梯及升降机专用配套件,D 前3个仍<90%,4263656674.119986,25,0.628324922630624,0.8294164804814832,0.881739704411338,个,0.628324922630624,套,0.20109155785085922,千克,0.0523232239298548,OTHER,0.04847972298863924,千米,0.04784318752215258
109052203,家用音响设备,B 前2个>=90%,4262182245.700025,19,0.8333666676368615,0.9387307939064651,0.9744297147992788,个,0.8333666676368615,套,0.1053641262696036,OTHER,0.035698920892813645,箱,0.010220924331414907,UNKNOWN,0.00696424756823716
304080301,劳务派遣服务,D 前3个仍<90%,4241257211.059998,19,0.5178333325252622,0.7218378968025029,0.8198766830462825,UNKNOWN,0.5178333325252622,项,0.20400456427724067,次,0.09803878624377965,月,0.08200900699278049,个,0.03496501261778867
109024901,大气污染防治设备,D 前3个仍<90%,4226463692.83,23,0.5823218908410944,0.8591547389204217,0.8908840221359617,套,0.5823218908410944,个,0.27683284807932734,千克,0.03172928321553997,立方米,0.029368097073818298,UNKNOWN,0.026818896859871644
107021307,调制粘合剂,C 前3个>=90%,4177218961.1000032,21,0.7531521041194197,0.8570356841881377,0.9035955407413082,千克,0.7531521041194197,个,0.10388358006871802,桶,0.04655985655317051,OTHER,0.04239650949333135,套,0.013135682816959801
101020401,天然橡胶,A 首要单位>=90%,4145071900.69,19,0.9912720367567139,0.9970854340287827,0.9979092533235533,千克,0.9912720367567139,个,0.005813397272068732,立方米,0.0008238192947706322,批,0.00042175619190320634,套,0.00039413837664143884
107022401,牙膏、漱口液,D 前3个仍<90%,4113746672.529998,20,0.5666363513182517,0.7053727973836087,0.8262241180518907,个,0.5666363513182517,箱,0.13873644606535693,套,0.12085132066828201,UNKNOWN,0.10045940303267091,盒,0.03449445423500752
109025310,监控电视摄像机,B 前2个>=90%,4105709924.0499997,21,0.7719640730593909,0.9387633467729275,0.9665631664487927,个,0.7719640730593909,套,0.16679927371353664,批,0.027799819675865152,UNKNOWN,0.012969919769069279,项,0.011884466641001248
103030701,碳酸型饮料（汽水）,A 首要单位>=90%,4054077054.670001,19,0.9167401719286079,0.9494467799930156,0.9669466508423562,箱,0.9167401719286079,个,0.032706608064407706,瓶,0.017499870849340553,批,0.009714564609627479,OTHER,0.0061001293405393885
103010402,饲料添加剂,A 首要单位>=90%,4045495885.08,19,0.994735812912691,0.9961560621684596,0.9971038707212112,千克,0.994735812912691,瓶,0.0014202492557686484,袋,0.0009478085527515437,包,0.0008499279118490577,箱,0.0007702337707206396
107020122,碳化物及碳酸盐,A 首要单位>=90%,4037082760.849993,16,0.9837757774908212,0.9959855248950636,0.9973700635188949,千克,0.9837757774908212,UNKNOWN,0.012209747404242412,个,0.0013845386238312222,千米,0.001314116730884905,瓶,0.0005626961830036185
107021809,电子半导体材料,C 前3个>=90%,4027992992.579999,21,0.6361213159953405,0.8643210437985522,0.9489328685156806,个,0.6361213159953405,千克,0.22819972780321174,瓦,0.08461182471712832,平方米,0.013978871769072889,UNKNOWN,0.01336650371268755
108041102,钢丝,A 首要单位>=90%,4026399338.310005,17,0.9437001037420331,0.9675914708388637,0.9892120212476908,千克,0.9437001037420331,千米,0.023891367096830547,个,0.021620550408827204,OTHER,0.005566024255658295,平方米,0.001204093064955378
102020300,液化天然气,B 前2个>=90%,4002886683.679999,16,0.8755259323249351,0.9482945347981412,0.9923818873103933,千克,0.8755259323249351,立方米,0.07276860247320605,千瓦时,0.044087352512252126,UNKNOWN,0.004667433908677087,瓶,0.0021613944269953875
107020214,氨基化合物,A 首要单位>=90%,3995322426.840001,19,0.9947904353450486,0.9960351176381704,0.9971838180332045,千克,0.9947904353450486,瓶,0.0012446822931217586,UNKNOWN,0.001148700395034173,套,0.000689643038942234,千米,0.0005952901082582003
109013103,中央空调冷水/热泵机组,B 前2个>=90%,3978681295.5300026,23,0.7155547387141892,0.9061548546676791,0.9386440038401013,个,0.7155547387141892,套,0.1906001159534899,批,0.032489149172422134,UNKNOWN,0.030903901010654024,项,0.009608336702653023
104030302,手提包（袋）、背包,A 首要单位>=90%,3949271010.490048,21,0.9584664272483928,0.979502476111419,0.9876525803520511,个,0.9584664272483928,UNKNOWN,0.021036048863026274,批,0.00815010424063201,套,0.00435529081552337,千克,0.003183143992045283
109041703,家用水及饮料加热器具,A 首要单位>=90%,3915906814.770009,23,0.9792672254856064,0.9925434720637716,0.9955129938297493,个,0.9792672254856064,UNKNOWN,0.013276246578165127,套,0.0029695217659777133,OTHER,0.0015920951301713149,批,0.0009622572058628801
106010305,瓦楞纸板,C 前3个>=90%,3915883341.2600007,22,0.47179726202352495,0.7389724027628707,0.9782910999609487,个,0.47179726202352495,千克,0.26717514073934573,平方米,0.2393186971980779,套,0.010405424073968753,OTHER,0.004058154920643453
109040701,高压电路开关、保护电器装置,B 前2个>=90%,3911915132.2499948,20,0.7386667376799656,0.9163647089087485,0.9725253578064762,个,0.7386667376799656,套,0.17769797122878292,OTHER,0.05616064889772768,千米,0.00869248234187585,批,0.00620499034089188
109013002,气体过滤、净化机械及装置,B 前2个>=90%,3897202617.6399994,23,0.8458400451902044,0.949450243775291,0.9605072478004228,个,0.8458400451902044,套,0.10361019858508663,UNKNOWN,0.011057004025131881,瓶,0.0103274625876067,OTHER,0.010115077163699433
106020101,有刊号图书、报纸、期刊类印刷品,C 前3个>=90%,3889414212.6799865,26,0.592542970544654,0.8067946757740125,0.9349464709890959,个,0.592542970544654,批,0.21425170522935857,UNKNOWN,0.12815179521508333,份,0.027789665376248027,套,0.015677228257461748
107010303,石油焦、碳黑,A 首要单位>=90%,3883489211.969998,14,0.9774085697960534,0.9991726356416554,0.9994828219983696,千克,0.9774085697960534,UNKNOWN,0.021764065845601983,个,0.0003101863567142327,箱,0.0002380815729190554,瓶,0.00013058668952571764
108050000,核燃料,A 首要单位>=90%,3837807169.17,21,0.9835266313305489,0.9890439571670575,0.993657326161266,千克,0.9835266313305489,平方米,0.005517325836508711,个,0.004613368994208507,批,0.002769769337394538,套,0.0017660715823473328
104010404,化纤长丝机织物,B 前2个>=90%,3803834576.4299994,20,0.512100378978151,0.919373125064277,0.95908541508236,千克,0.512100378978151,千米,0.40727274608612607,个,0.03971229001808302,平方米,0.020791733239416132,OTHER,0.01035087295698138
109012403,齿轮传动装置（齿轮箱）,B 前2个>=90%,3803694762.960002,20,0.879169105753286,0.9931087018455704,0.9955500120685742,个,0.879169105753286,套,0.11393959609228438,批,0.0024413102230037296,UNKNOWN,0.002002497693603733,千克,0.00123492772231403
107010302,矿物焦油,A 首要单位>=90%,3800624743.120002,9,0.9973078391444665,0.9985652808449794,0.9994338445741336,千克,0.9973078391444665,桶,0.0012574417005128422,UNKNOWN,0.0008685637291541915,平方米,0.0005081397955680841,个,3.713267410982174e-05
107020234,镍钴锰酸锂,A 首要单位>=90%,3790602722.94001,4,0.9991442503377183,0.9998697286325967,0.9999898498991289,千克,0.9991442503377183,UNKNOWN,0.0007254782948784162,个,0.00012012126653221055,桶,1.0150100871071659e-05,,
109030502,客车,A 首要单位>=90%,3768476271.3500004,12,0.93459689073438,0.9907850157385866,0.9962089700289177,个,0.93459689073438,套,0.05618812500420654,UNKNOWN,0.0054239542903311575,OTHER,0.002989844666306923,副,0.0005952992240007779
107020601,化学农药原药,A 首要单位>=90%,3756623039.06,15,0.9952365788811013,0.9966290267193888,0.9975320397618815,千克,0.9952365788811013,UNKNOWN,0.0013924478382874692,立方米,0.0009030130424927683,箱,0.000722462307711107,OTHER,0.0005967306851636964
107059900,其他橡胶制品,D 前3个仍<90%,3751121252.4400005,24,0.493614280419643,0.7893604747631018,0.8772794937005669,千克,0.493614280419643,个,0.29574619434345883,千米,0.08791901893746516,平方米,0.04912436258895567,套,0.033003197678420096
109051603,半导体光电器件,B 前2个>=90%,3746923242.010004,20,0.7217662673813544,0.9082017762083952,0.9547098664959663,个,0.7217662673813544,OTHER,0.18643550882704069,套,0.046508090287571156,平方米,0.03485127052134351,千米,0.0035179275070841725
109052205,家用音视频设备用配件,B 前2个>=90%,3729396757.8700166,19,0.8825109700180438,0.9239570006163755,0.96293376519184,个,0.8825109700180438,套,0.041446030598331796,UNKNOWN,0.0389767645754645,千克,0.015188052266219672,副,0.014075800527048564
304080399,其他人力资源服务,D 前3个仍<90%,3709822733.89,17,0.6037104792771504,0.7567891915946319,0.8959797305313936,UNKNOWN,0.6037104792771504,项,0.15307871231748144,次,0.13919053893676173,月,0.04068671575359311,批,0.02105949509293091
109060102,工业自动控制系统,B 前2个>=90%,3704725692.6099944,21,0.6136420310833842,0.9547723351247752,0.9742676196026706,个,0.6136420310833842,套,0.34113030404139094,UNKNOWN,0.019495284477895426,OTHER,0.01161216763924357,项,0.005830356871788475
107010109,润滑油基础油,A 首要单位>=90%,3704334626.570001,17,0.9667589056434632,0.991475446004931,0.9936293086238132,千克,0.9667589056434632,桶,0.02471654036146775,立方米,0.0021538626188821785,OTHER,0.0019404072376300395,个,0.0016928763846063653
304040799,其他仓储服务,D 前3个仍<90%,3692571741.7400017,24,0.38773554252336384,0.612664369492782,0.7450295707846286,UNKNOWN,0.38773554252336384,千克,0.22492882696941816,月,0.13236520129184656,OTHER,0.06096333127272528,次,0.05228240223682929
107030202,粉针剂,D 前3个仍<90%,3680260920.689999,12,0.45561788073863607,0.6980956625184915,0.8553276316668937,瓶,0.45561788073863607,个,0.24247778177985546,盒,0.1572319691484022,OTHER,0.13515908231494098,桶,0.0047509197219423975
104020402,纺织面鞋,A 首要单位>=90%,3662334894.4900017,18,0.9673524753621282,0.9891343139864489,0.9930855647477519,个,0.9673524753621282,千米,0.021781838624320756,OTHER,0.0039512507613029555,UNKNOWN,0.0028764758831447603,千克,0.0020342998072647557
108010306,预应力混凝土桩,A 首要单位>=90%,3650384598.149999,12,0.9312241424322151,0.9730323313494446,0.9837517370553066,千米,0.9312241424322151,UNKNOWN,0.04180818891722948,立方米,0.010719405705862033,千克,0.00993324583069316,个,0.002377207331632353
109041702,家用电热烘烤器具,A 首要单位>=90%,3650300777.079997,16,0.9752815518116899,0.9868315429370036,0.9951182912208525,个,0.9752815518116899,UNKNOWN,0.01154999112531376,套,0.008286748283848908,千克,0.0024355554960903327,千米,0.0015158273490071743
107021001,无机颜料,A 首要单位>=90%,3633862148.649998,19,0.9931860595512135,0.9963823658679831,0.9975705690918187,千克,0.9931860595512135,UNKNOWN,0.003196306316769616,个,0.001188203223835576,份,0.0009390466067260462,桶,0.00043229970641115416
103020604,复合调味品,D 前3个仍<90%,3616126720.440003,20,0.40104281842853756,0.5721020560414091,0.7040906159948402,箱,0.40104281842853756,个,0.17105923761287153,千克,0.13198855995343114,OTHER,0.10041322205539782,瓶,0.0668349461162115
109013001,液体过滤、净化机械,B 前2个>=90%,3598291685.239987,23,0.7944585373626617,0.9456904349968043,0.9804661134842625,个,0.7944585373626617,套,0.1512318976341426,UNKNOWN,0.034775678487458224,批,0.005354761093725765,项,0.003044248809770801
304040903,派送服务,D 前3个仍<90%,3587094071.619998,25,0.5635250559506761,0.6990071688913382,0.8187296227956625,UNKNOWN,0.5635250559506761,千克,0.1354821129406621,月,0.11972245390432436,批,0.062411645401564075,次,0.051478900353066064
104019999,其他未列明纺织产品,D 前3个仍<90%,3586383723.43,26,0.3325547684170664,0.6013473940589318,0.8350706337066763,千克,0.3325547684170664,千米,0.26879262564186546,个,0.23372323964774458,套,0.05075554111535745,平方米,0.039745233458642254
104030201,成品革,D 前3个仍<90%,3565141462.640001,16,0.6204539655972023,0.7700064939855658,0.8810738819754897,平方米,0.6204539655972023,千米,0.1495525283883634,个,0.11106738798992398,OTHER,0.09118237232563514,千克,0.011739500271893194
106010203,卫生用纸原纸,D 前3个仍<90%,3563096780.0400085,22,0.3885274284759839,0.6611826961976459,0.8296099435353568,包,0.3885274284759839,千克,0.27265526772166193,箱,0.16842724733771092,个,0.10117762018688627,OTHER,0.03007340656876486
107022303,护发用化妆品,D 前3个仍<90%,3559189426.6499395,18,0.3986739449508645,0.6443891027482289,0.8710471814078184,个,0.3986739449508645,箱,0.24571515779736447,瓶,0.22665807865958953,套,0.057172151391090796,盒,0.030333143763471383
105020199,其他家具,C 前3个>=90%,3511589615.8299937,26,0.6084757736689462,0.8323305600188035,0.9062458091583733,个,0.6084757736689462,套,0.2238547863498572,批,0.07391524913956977,UNKNOWN,0.029892325654115353,箱,0.01962456572924787
304030402,展览服务,D 前3个仍<90%,3472827652.449999,20,0.689532259215526,0.8005510099899861,0.8964604551981357,UNKNOWN,0.689532259215526,次,0.11101875077446013,项,0.09590944520814965,个,0.04976529299922931,OTHER,0.01660014667279261
109031100,汽车底盘,A 首要单位>=90%,3444263715.98,20,0.9824494320804931,0.9912363019475087,0.9978552430332999,个,0.9824494320804931,UNKNOWN,0.00878686986701565,套,0.006618941085791231,千克,0.0008176106135353638,批,0.000667499726961485
301990200,其他货物运输服务,D 前3个仍<90%,3422677140.13,27,0.4211444766640336,0.7920364160807277,0.8332649031575544,千克,0.4211444766640336,UNKNOWN,0.3708919394166941,立方米,0.04122848707682674,OTHER,0.03357431079100711,个,0.029004729352365772
102040199,其他常用有色金属矿石,A 首要单位>=90%,3408103022.269999,17,0.9432275445619814,0.9661102369455163,0.9829613812667781,千克,0.9432275445619814,套,0.02288269238353491,个,0.016851144321261724,UNKNOWN,0.007558653286496564,OTHER,0.006730216208288919
109042001,家用电热取暖器具,A 首要单位>=90%,3405841375.6400003,20,0.9375809403131544,0.9773133262832941,0.9876946503587166,个,0.9375809403131544,OTHER,0.039732385970139686,UNKNOWN,0.010381324075422468,套,0.010112735691787127,批,0.0010503000479074888
108040301,金属切削机床用切削刀具,B 前2个>=90%,3387313964.139997,25,0.8900496860394936,0.935699984068262,0.9554913526835479,个,0.8900496860394936,千克,0.04565029802876846,套,0.0197913686152859,千米,0.01640201278304173,批,0.010260715064487462
103010406,豆粕,A 首要单位>=90%,3386698892.259998,11,0.9985457646496841,0.9990698198569705,0.9995490041929943,千克,0.9985457646496841,箱,0.0005240552072864193,UNKNOWN,0.0004791843360237569,瓶,0.0001540260934304382,袋,0.00013704150110914836
107040201,人造纤维短纤维,A 首要单位>=90%,3346482530.7400007,17,0.9817932293085878,0.9916162656752923,0.9959413099051808,千克,0.9817932293085878,个,0.009823036366704396,千米,0.004325044229888588,平方米,0.002756734333814082,立方米,0.0009374165414532468
109041904,电动牙刷,A 首要单位>=90%,3340774860.950008,15,0.9745292232006911,0.9877324627531633,0.9923624367423717,个,0.9745292232006911,套,0.013203239552472205,UNKNOWN,0.004629973989208419,盒,0.003935101010147569,箱,0.0031521507369716684
304060100,认证服务,D 前3个仍<90%,3311245452.559999,24,0.3370441612376296,0.6522549871469743,0.848735179307604,UNKNOWN,0.3370441612376296,次,0.3152108259093447,项,0.19648019216062973,个,0.04705979020659039,批,0.02470370347711872
109051099,其他计算机网络设备,B 前2个>=90%,3305471113.8199987,21,0.6781794695822813,0.9108489314918131,0.9343555361101802,个,0.6781794695822813,套,0.2326694619095318,UNKNOWN,0.02350660461836703,项,0.022864861055359894,批,0.014664717176723654
109013701,锻件,B 前2个>=90%,3294672966.830003,16,0.6797089407646665,0.9647509139300889,0.9834811436103278,个,0.6797089407646665,千克,0.28504197316542246,套,0.01873022968023888,批,0.007763827763036315,OTHER,0.004686886090201971
103030799,其他软饮料,D 前3个仍<90%,3274284854.230008,20,0.6344535466962377,0.8154963593807216,0.8557398636194471,箱,0.6344535466962377,个,0.18104281268448394,瓶,0.04024350423872546,盒,0.03955896953579504,千克,0.038510682907475044
109010299,其他发动机,B 前2个>=90%,3264416714.260004,22,0.8693903120555947,0.9426632860803652,0.9795195322680623,个,0.8693903120555947,套,0.07327297402477052,OTHER,0.03685624618769711,UNKNOWN,0.012443092385405776,千克,0.0032811399271456157
107021308,功能高分子材料,B 前2个>=90%,3263357925.69,22,0.85863022750333,0.9232031070030388,0.9633032114567452,千克,0.85863022750333,个,0.06457287949970883,平方米,0.04010010445370651,千米,0.008377895083089684,卷,0.005534760152360859
109013105,工商用制冷、空调设备零部件,D 前3个仍<90%,3256310023.159999,24,0.6612057120287919,0.8517419904043704,0.8870248877491711,个,0.6612057120287919,套,0.1905362783755785,OTHER,0.03528289734480075,千克,0.032884324099486564,批,0.021963724096084266
103011201,淀粉,A 首要单位>=90%,3198519449.369997,14,0.9563244049688315,0.9808473970348793,0.9883464536389355,千克,0.9563244049688315,UNKNOWN,0.024522992066047813,包,0.007499056604056116,OTHER,0.005725352892134822,袋,0.004282335645230453
303020300,互联网接入服务,D 前3个仍<90%,3184748779.410002,16,0.5078876517034583,0.6786345432120379,0.8046622517129125,UNKNOWN,0.5078876517034583,月,0.17074689150857955,个,0.12602770850087466,元,0.07007843567533956,项,0.06061492695689573
106010511,箱板纸,B 前2个>=90%,3184133502.510001,22,0.46587452369715543,0.914937689121234,0.9530165441046767,个,0.46587452369715543,千克,0.4490631654240785,套,0.03807885498344276,平方米,0.02257982098530877,批,0.01348189716485205
106010302,转印纸,D 前3个仍<90%,3175143592.2200155,23,0.39593297861878385,0.7085087083217914,0.861494035634302,箱,0.39593297861878385,包,0.31257572970300757,千克,0.15298532731251066,个,0.04071521159130054,卷,0.030251801740670395
108042200,金属制烹饪炊具,C 前3个>=90%,3173874285.280018,20,0.7064567250880256,0.8796789117227726,0.9737500494438618,个,0.7064567250880256,套,0.17322218663474695,OTHER,0.0940711377210892,UNKNOWN,0.017111928371544745,千克,0.005353748013526268
107030801,卫生材料及敷料,D 前3个仍<90%,3161217681.300001,21,0.32262896627244697,0.633353304501524,0.7433594437361344,个,0.32262896627244697,盒,0.310724338229077,套,0.11000613923461038,包,0.041014938093943736,箱,0.04064470672806114
109021102,金属、硬质合金用模具,D 前3个仍<90%,3155143081.639999,20,0.5417300576592435,0.7604591022137883,0.8661291526530543,套,0.5417300576592435,个,0.21872904455454473,副,0.10567005043926604,千克,0.06375953973074167,UNKNOWN,0.04197068184025687
109020309,建筑工程用机械零件,C 前3个>=90%,3151033645.57,23,0.744180322316367,0.8761655695683901,0.9430723168341316,个,0.744180322316367,千克,0.13198524725202307,套,0.0669067472657415,UNKNOWN,0.025765114505882668,OTHER,0.00802206302859944
108011600,玻璃纤维及其制品,D 前3个仍<90%,3145042585.6499977,21,0.3770124884509129,0.7420239303143439,0.8249244484025957,千米,0.3770124884509129,千克,0.36501144186343104,平方米,0.08290051808825188,个,0.07712131292806365,套,0.046196434980854933
107030408,中成药胶囊,B 前2个>=90%,3137924408.2400026,15,0.8397554211600557,0.9672614535837019,0.9804679071334365,盒,0.8397554211600557,瓶,0.1275060324236461,OTHER,0.013206453549734607,个,0.011473953115458927,千克,0.00428035712865799
107030401,中成药丸剂,B 前2个>=90%,3131273643.219996,16,0.7919839652882623,0.9396825522550697,0.9624325373782943,盒,0.7919839652882623,瓶,0.14769858696680735,OTHER,0.022749985123224535,个,0.0165994322382345,袋,0.0115781968109048
109012303,轴承零配件,C 前3个>=90%,3102883597.509995,21,0.4995468454388264,0.8485393859160113,0.9178240643494915,个,0.4995468454388264,套,0.34899254047718486,OTHER,0.06928467843348017,千克,0.043097244733032315,批,0.018364817602480644
107060108,塑料人造革、合成革,C 前3个>=90%,3096188322.92,18,0.7622005092488607,0.8801395823203649,0.9686802814311546,千米,0.7622005092488607,个,0.11793907307150418,千克,0.08854069911078964,平方米,0.01143083776203314,套,0.008768563969130855
101011501,水果（园林水果）,D 前3个仍<90%,3092514973.940003,21,0.6342006021142235,0.753472041663656,0.8299872455620969,千克,0.6342006021142235,个,0.11927143954943258,箱,0.07651520389844091,盒,0.061070881409308275,批,0.035593474669505513
304020400,业务流程管理服务,D 前3个仍<90%,3083212018.690034,19,0.5936481485848907,0.8506309005516692,0.8999584115947202,UNKNOWN,0.5936481485848907,套,0.2569827519667786,次,0.04932751104305096,个,0.0282913675190786,项,0.023903980194431587
304040299,其他港口码头服务,C 前3个>=90%,3067957623.15,19,0.47624119674112064,0.8590730700914702,0.9383210284841839,瓦,0.47624119674112064,千克,0.38283187335034946,UNKNOWN,0.07924795839271373,次,0.015664720883809383,OTHER,0.014753346049652066
106010399,其他加工纸,C 前3个>=90%,3063690395.749999,23,0.6575799117249946,0.8459466593443231,0.9034053393121814,千克,0.6575799117249946,个,0.18836674761932845,平方米,0.057458679967858216,卷,0.02771784172049528,箱,0.0131784860004159
104020114,男裤子,A 首要单位>=90%,3061259745.180008,14,0.9745027358907076,0.9820299938916928,0.9883204585379287,个,0.9745027358907076,盒,0.0075272580009851575,UNKNOWN,0.006290464646235913,OTHER,0.004197363137914467,批,0.003910284522196308
109025601,工业机器人,B 前2个>=90%,3042382139.4100003,17,0.6410614525196451,0.9626221537567754,0.9771891782688883,个,0.6410614525196451,套,0.3215607012371303,项,0.014567024512112914,UNKNOWN,0.010160358401260733,箱,0.007125995028423463
107050200,橡胶带、管,C 前3个>=90%,3014348457.980002,23,0.4168911737371337,0.811793941576955,0.9088980713218453,千米,0.4168911737371337,个,0.39490276783982126,千克,0.09710412974489034,平方米,0.030101348296276483,卷,0.02073338878740031
104020112,男上衣,A 首要单位>=90%,3004047063.370002,18,0.9660366937808412,0.9823625917130067,0.9908669130472205,个,0.9660366937808412,套,0.01632589793216545,UNKNOWN,0.008504321334213865,OTHER,0.005373038317812788,包,0.0016695787030625003
102040103,镍矿石,A 首要单位>=90%,2976785295.96,20,0.9885691265318394,0.9951212585906986,0.9982042481205297,千克,0.9885691265318394,UNKNOWN,0.006552132058859137,个,0.00308298952983115,套,0.0012910575597158023,OTHER,0.0001637318353666543
304010401,工程勘察服务,C 前3个>=90%,2972220376.4399986,18,0.7713933121561329,0.8714095651017029,0.9231465110895988,UNKNOWN,0.7713933121561329,项,0.1000162529455699,元,0.05173694598789596,次,0.03386800019538596,批,0.014372258870375305
103021199,其他食品添加剂,A 首要单位>=90%,2964481817.6499968,19,0.9701993874632594,0.9786813658887276,0.9832792717449372,千克,0.9701993874632594,箱,0.008481978425468195,OTHER,0.004597905856209668,袋,0.004315233685643184,个,0.0035273228790754464
107030404,中成药片剂,B 前2个>=90%,2954116204.97,16,0.7960343442934674,0.9451342513990083,0.9646989372914466,盒,0.7960343442934674,瓶,0.14909990710554086,OTHER,0.019564685892438313,个,0.01187775233789638,袋,0.00998990659553276
304060299,其他鉴证服务,D 前3个仍<90%,2941570593.94,23,0.5667880007587563,0.7349820361727818,0.8943765329242556,UNKNOWN,0.5667880007587563,次,0.16819403541402547,项,0.15939449675147374,个,0.036541877003204944,OTHER,0.014759726745788099
104020122,防寒服,A 首要单位>=90%,2939245778.5100007,17,0.9319542414240064,0.9852843247930337,0.9937875027690755,个,0.9319542414240064,套,0.05333008336902731,UNKNOWN,0.008503177976041774,千克,0.0031973206795805984,批,0.0011334922803525817
103010603,加工糖,A 首要单位>=90%,2927825222.039999,15,0.9686795314557383,0.97516011843107,0.9814813368052682,千克,0.9686795314557383,袋,0.0064805869753316835,箱,0.006321218374198143,瓶,0.00511964828950955,个,0.004649765067094573
109062202,照相机器材,A 首要单位>=90%,2922593719.6100173,20,0.9299563989354922,0.98124348539375,0.9897068359559692,个,0.9299563989354922,套,0.051287086458257726,盒,0.008463350562219288,UNKNOWN,0.00808220537514599,批,0.0007826591238638614
109040403,静止式变流器,A 首要单位>=90%,2918946068.519999,18,0.903992987803954,0.9893672508907516,0.9960120626771627,个,0.903992987803954,套,0.08537426308679763,UNKNOWN,0.006644811786411092,OTHER,0.002183007006782709,项,0.0008716884897054983
109023210,净化设备及类似设备,B 前2个>=90%,2917336559.969986,21,0.7211751778723917,0.9563461358838521,0.9718593537658731,个,0.7211751778723917,套,0.23517095801146037,OTHER,0.015513217882020992,项,0.009593706346410696,UNKNOWN,0.005722451193691466
104011101,无纺布（无纺织物）,D 前3个仍<90%,2900942006.4799995,21,0.45332974734842074,0.6269416260847055,0.7697727407827775,千克,0.45332974734842074,千米,0.17361187873628478,个,0.142831114698072,平方米,0.08665381637705387,箱,0.06821118434563382
107060299,其他塑料半成品、辅料,C 前3个>=90%,2895597205.67,22,0.45201083111874074,0.8708313356886745,0.9172510356893515,千克,0.45201083111874074,个,0.41882050456993386,套,0.04641970000067695,千米,0.018235510790867125,平方米,0.017234792533394747
107021411,建工建材用化学助剂,B 前2个>=90%,2862651957.719999,23,0.8846806292536771,0.9317324675942619,0.9459409078485201,千克,0.8846806292536771,立方米,0.0470518383405848,个,0.014208440254258244,桶,0.012569508620481585,OTHER,0.008228098622495511
107020211,酚,A 首要单位>=90%,2855971137.92,8,0.9964602969421594,0.9993173054047668,0.9998717495582723,千克,0.9964602969421594,UNKNOWN,0.0028570084626074257,OTHER,0.0005544441535054321,瓶,4.7079075210096303e-05,立方米,4.3426209163418404e-05
104020113,女裤子,A 首要单位>=90%,2845692001.670001,14,0.9824128834425406,0.9864406183180203,0.9903097246174858,个,0.9824128834425406,UNKNOWN,0.004027734875479738,盒,0.003869106299465504,套,0.003658656841249875,千克,0.00302954195849047
107030301,植物类饮片,D 前3个仍<90%,2845392973.5600033,19,0.7789425770096582,0.8541210876188147,0.8924798479286227,千克,0.7789425770096582,盒,0.07517851060915648,袋,0.038358760309808,包,0.037597721247674264,瓶,0.027279713410862928
106040806,塑胶玩具,C 前3个>=90%,2843961945.8700113,20,0.8215657626442817,0.8989320864832916,0.9413016646188169,个,0.8215657626442817,套,0.07736632383900988,箱,0.04236957813552529,盒,0.021682497404562132,千克,0.015409024707112941
109040204,电机及发电机组专用零件,C 前3个>=90%,2805864789.66,23,0.5644023995190078,0.8948321166481594,0.9747783876896737,个,0.5644023995190078,套,0.33042971712915153,千克,0.07994627104151435,UNKNOWN,0.008625313703349407,OTHER,0.006684152318783901
105010401,单板,C 前3个>=90%,2790437812.48,18,0.6999404608247289,0.8590773653040086,0.9427122442811485,立方米,0.6999404608247289,个,0.15913690447927967,平方米,0.08363487897713998,千克,0.027680230308144028,套,0.016434749276581017
107020233,镍钴锰氢氧化物,A 首要单位>=90%,2788877665.27,8,0.9990900028417868,0.9999003646687482,0.9999495781217832,千克,0.9990900028417868,UNKNOWN,0.0008103618269613853,千米,4.921345303495496e-05,箱,4.3748064506152524e-05,OTHER,3.7848737976027657e-06
108031801,锌材,A 首要单位>=90%,2787039446.21,14,0.9768640049541869,0.9947931475639018,0.9977346231325911,千克,0.9768640049541869,个,0.01792914260971493,UNKNOWN,0.0029414755686892743,千米,0.0006006324891728379,套,0.0005607124334480088
107030709,诊断用生物制品,C 前3个>=90%,2784417567.5,19,0.45293338758178225,0.8586930934991668,0.919343939101907,盒,0.45293338758178225,个,0.40575970591738447,OTHER,0.06065084560274029,套,0.025147043581853143,千克,0.012630645496744447
103030199,其他酒精,B 前2个>=90%,2772992792.549999,18,0.8225289260966853,0.9714208911927524,0.9847320569264565,千克,0.8225289260966853,瓶,0.14889196509606714,箱,0.0133111657337041,盒,0.0039322919479976935,桶,0.002563282334918596
109051102,输入设备及装置,B 前2个>=90%,2758358638.3299937,22,0.8039769184121178,0.9851397464816916,0.9957793803466223,个,0.8039769184121178,套,0.1811628280695737,UNKNOWN,0.010639633864930702,批,0.0013487997638525003,OTHER,0.0007305495347842159
110030101,自来水,B 前2个>=90%,2745993261.2000046,28,0.6899041090043007,0.9180978189321131,0.9848159685862524,千克,0.6899041090043007,立方米,0.2281937099278124,UNKNOWN,0.06671814965413937,OTHER,0.003962822663754315,千瓦时,0.0037793056911817825
109051602,电真空光电子器件,A 首要单位>=90%,2738989569.690001,16,0.950797288828211,0.9928385939409694,0.9975213042812836,个,0.950797288828211,套,0.04204130511275834,平方米,0.00468271034031416,OTHER,0.0006771666020655643,千米,0.0006501594309472119
304030401,会议服务,C 前3个>=90%,2738695275.499997,25,0.8161174184491703,0.8984524301743549,0.9404695905205317,UNKNOWN,0.8161174184491703,次,0.08233501172518462,项,0.04201716034617672,OTHER,0.03350299695290072,元,0.011953045051360642
109050404,移动通信设备零件,B 前2个>=90%,2732195843.330001,23,0.8692378551039145,0.9365633220974541,0.9577584427003096,个,0.8692378551039145,套,0.06732546699353957,千克,0.02119512060285555,批,0.014238918998055565,OTHER,0.010664581307790489
109041306,电池零部件,C 前3个>=90%,2730979623.9000006,18,0.5472546178230749,0.8684268350721471,0.9404945423181411,千克,0.5472546178230749,个,0.32117221724907224,平方米,0.07206770724599398,套,0.0412966551720159,OTHER,0.008202089398240126
109042101,家用空调设备零件,C 前3个>=90%,2718983362.6099977,25,0.4197433630945313,0.7700799718281802,0.9338800555302307,个,0.4197433630945313,千克,0.3503366087336489,套,0.1638000837020504,批,0.02173608453538636,OTHER,0.019990439440506543
109040406,变压器、整流器和电感器零件,D 前3个仍<90%,2702943585.93,21,0.6005539346991161,0.7726259144515064,0.8638983118978322,个,0.6005539346991161,套,0.17207197975239025,千克,0.09127239744632579,OTHER,0.08049364376398589,UNKNOWN,0.031482812006496615
304080199,其他企业管理服务,D 前3个仍<90%,2695888723.770001,24,0.6813164850889829,0.7669346684045092,0.8417958908023585,UNKNOWN,0.6813164850889829,月,0.08561818331552627,次,0.07486122239784927,项,0.059534066200461165,套,0.02078457160562701
110010201,热力,D 前3个仍<90%,2686693799.4800005,14,0.5993294899410014,0.7506046963224147,0.8905183967868125,千瓦时,0.5993294899410014,平方米,0.15127520638141329,OTHER,0.13991370046439788,千克,0.07629013660197184,UNKNOWN,0.0305651419845067
107030402,中成药冲剂,B 前2个>=90%,2684222111.7200003,15,0.8459326454191959,0.9071551979950322,0.9516104799215851,盒,0.8459326454191959,包,0.06122255257583629,袋,0.044455281926552945,OTHER,0.016002852629984157,千克,0.011734511019960505
103030704,包装饮用水,D 前3个仍<90%,2683016223.7400055,23,0.5527172645317953,0.7540402900023802,0.8870997172213321,箱,0.5527172645317953,个,0.20132302547058495,桶,0.13305942721895195,瓶,0.06415206430621982,UNKNOWN,0.016124249569275925
107022304,美容、修饰类化妆品,C 前3个>=90%,2670813154.5999894,16,0.6410778957977796,0.8433424479135216,0.917812309628647,个,0.6410778957977796,瓶,0.20226455211574207,盒,0.07446986171512542,套,0.03751874489513217,UNKNOWN,0.02376111571515181
109040302,交流电动机,A 首要单位>=90%,2655567370.8900003,18,0.9705966383395382,0.9931194042861445,0.9970421182320193,个,0.9705966383395382,套,0.02252276594660625,千克,0.003922713945874694,批,0.0012242915941953227,UNKNOWN,0.0010415352554482673
103011107,焙、炒加工坚果及果仁,D 前3个仍<90%,2643729883.920002,17,0.2364679881565828,0.4607331403743578,0.6659785471726649,UNKNOWN,0.2364679881565828,盒,0.22426515221777502,袋,0.2052454067983071,个,0.13881897481365618,箱,0.061129849941542094
108031901,镍材,A 首要单位>=90%,2600357460.47,10,0.9678965102494366,0.9797489795920281,0.9893492231968007,千克,0.9678965102494366,UNKNOWN,0.011852469342591591,OTHER,0.009600243604772662,个,0.008570926635590965,千米,0.0016988196919671017
103030600,其他酒,D 前3个仍<90%,2573053271.5400004,18,0.3308068825837241,0.5729598578297768,0.799495316822095,箱,0.3308068825837241,瓶,0.24215297524605267,个,0.22653545899231817,UNKNOWN,0.0977552278307308,千克,0.04104173039013519
109011401,输送机械（输送机和提升机）,C 前3个>=90%,2552318330.67,18,0.6807929537785627,0.8918709111541139,0.9312070727228179,个,0.6807929537785627,套,0.21107795737555113,千克,0.039336161568704,千米,0.03051675281803651,批,0.01061821680091362
105010302,纤维板,B 前2个>=90%,2549425456.0,19,0.8423280417656581,0.961215425959095,0.9743809936170968,个,0.8423280417656581,立方米,0.11888738419343689,平方米,0.013165567658001764,套,0.0076122672519513745,千克,0.0075662495346167135
102040301,钨矿石,B 前2个>=90%,2526488311.819999,8,0.6779106764345971,0.9986408006583943,0.9992133182961103,千克,0.6779106764345971,OTHER,0.3207301242237972,个,0.0005725176377158929,UNKNOWN,0.0005684946268226905,套,0.00019052694514673654
103030705,茶饮料,C 前3个>=90%,2524295982.230001,16,0.601286828499854,0.8735930764948918,0.9018988184732466,箱,0.601286828499854,个,0.2723062479950378,瓶,0.02830574197835477,千克,0.027226966910308136,盒,0.023062448868840936
109051905,磁性材料元件,C 前3个>=90%,2523476087.2599993,19,0.578638926071802,0.8761630800277115,0.9371373167905689,个,0.578638926071802,千克,0.2975241539559095,副,0.060974236762857355,批,0.027189146263913392,OTHER,0.021729152206684015
103030302,每吨3000元（含）以上的啤酒,C 前3个>=90%,2523117871.080001,18,0.7817934226971581,0.8782878131141171,0.9064785438188836,箱,0.7817934226971581,个,0.09649439041695898,套,0.028190730704766468,OTHER,0.023969816199713483,瓶,0.01899007814862438
109010503,车床,A 首要单位>=90%,2501158493.07001,19,0.9740093511426345,0.9894978940387906,0.9929815496304462,个,0.9740093511426345,套,0.015488542896156102,OTHER,0.0034836555916555067,千克,0.0024082578279981865,UNKNOWN,0.0016935045986633673
109010804,机床数控系统,B 前2个>=90%,2501097004.899999,16,0.5846651181162268,0.9774168337776014,0.9953344789517804,个,0.5846651181162268,套,0.39275171566137457,UNKNOWN,0.01791764517417899,批,0.001554832252560106,项,0.0010356322345456425
104010599,其他床上用织物制品,D 前3个仍<90%,2500636211.98,19,0.4812109489597458,0.7144650564807101,0.824008741370846,个,0.4812109489597458,套,0.23325410752096434,批,0.10954368489013586,OTHER,0.09613269103211826,箱,0.03279011188719673
304080400,安全保护服务,D 前3个仍<90%,2491252935.0500007,22,0.6679934813309516,0.8421293151864943,0.8950197195032102,UNKNOWN,0.6679934813309516,月,0.17413583385554263,OTHER,0.052890404316716016,项,0.04477666200030433,元,0.016567284605796817
107021502,矿物油用配制添加剂,B 前2个>=90%,2485099421.5900006,20,0.6077061773946038,0.9073112373336656,0.9418860463749176,千克,0.6077061773946038,OTHER,0.29960505993906184,桶,0.03457480904125198,瓶,0.021339923348446765,个,0.019699130930012694
109010802,数控金属切削机床,A 首要单位>=90%,2473234488.550002,19,0.9276071815070922,0.9787532249112345,0.9869053449642832,个,0.9276071815070922,套,0.05114604340414226,UNKNOWN,0.008152120053048653,OTHER,0.004544455850035252,千克,0.0032254875536192884
109031300,摩托车零部件及配件,C 前3个>=90%,2470599117.119999,21,0.7498063208487834,0.8619996188384292,0.9527594715098688,个,0.7498063208487834,千克,0.11219329798964585,套,0.09075985267143966,批,0.023155612893073562,副,0.012104673814852437
109023299,其他电子工业专用设备,B 前2个>=90%,2463538813.7400007,24,0.6008174040428218,0.9569138206112298,0.9701710098050214,个,0.6008174040428218,套,0.3560964165684079,UNKNOWN,0.013257189193791558,批,0.009910584393405359,OTHER,0.007556998739442152
109010900,机床附件及辅助装置,B 前2个>=90%,2454602774.3399954,23,0.6911412712943549,0.90370197720747,0.9427958169208233,个,0.6911412712943549,套,0.21256070591311518,UNKNOWN,0.039093839713353264,批,0.015660253097504073,千克,0.01511838102602088
201020000,垃圾处理、污泥处理处置劳务,C 前3个>=90%,2453124589.7200003,27,0.7920896938266739,0.8673325594534328,0.9023090586005036,千克,0.7920896938266739,UNKNOWN,0.07524286562675889,个,0.03497649914707081,次,0.028713060317103443,项,0.02160997141040064
107040403,涤纶加工丝,A 首要单位>=90%,2448800770.65,11,0.9894109470068824,0.9951896153410335,0.9976591784645352,千克,0.9894109470068824,千米,0.005778668334151115,UNKNOWN,0.002469563123501788,个,0.0013363927107599462,卷,0.0004931045083261232
103030801,精制茶,C 前3个>=90%,2448711967.8999996,15,0.7736169540121923,0.8592533789772066,0.9142390733524703,千克,0.7736169540121923,盒,0.08563642496501417,个,0.054985694375263815,罐,0.019578127774298442,袋,0.013958510403864647
107021399,其他橡胶,B 前2个>=90%,2444046514.88,20,0.8737559804809405,0.945420733313437,0.9679515092191909,千克,0.8737559804809405,个,0.07166475283249651,千米,0.022530775905753943,立方米,0.009559132298734951,套,0.00799659706188513
103020303,即食方便食品,D 前3个仍<90%,2432462196.4400015,20,0.44141962588008693,0.5707783050120865,0.6851190466840653,箱,0.44141962588008693,袋,0.1293586791319995,个,0.11434074167197882,盒,0.08059772933652502,OTHER,0.05468091465292401
104010507,寝具及类似填充用品,D 前3个仍<90%,2430560847.519998,21,0.7415717465699727,0.838062405349117,0.8910926835178431,个,0.7415717465699727,OTHER,0.0964906587791443,UNKNOWN,0.05303027816872603,千克,0.04806169264562666,套,0.031014010411183422
109041707,家用饮水电过滤、净化装置,A 首要单位>=90%,2427437469.8299904,22,0.9345876904046009,0.9675219168733019,0.9978579847618632,个,0.9345876904046009,UNKNOWN,0.03293422646870102,套,0.030336067888561278,OTHER,0.0007722755923889134,批,0.0003192824324551112
304030102,专业设计服务,D 前3个仍<90%,2417691063.5599995,25,0.49416877330090275,0.6733498213675302,0.8473167827048805,UNKNOWN,0.49416877330090275,次,0.1791810480666275,项,0.17396696133735032,批,0.0484478759033528,OTHER,0.027492158378634175
103020101,糕点,D 前3个仍<90%,2411814982.8900013,22,0.2244960096529489,0.4319971759407222,0.6252833702081623,个,0.2244960096529489,盒,0.20750116628777324,千克,0.19328619426744012,箱,0.16967917047667852,袋,0.05393887489832105
109013602,铸钢件,B 前2个>=90%,2407432052.250001,20,0.4909776047782117,0.9233624398380983,0.9722702770333194,千克,0.4909776047782117,个,0.4323848350598866,套,0.04890783719522108,OTHER,0.008876983003539717,千米,0.0055888876562165055
104020124,婴幼儿服装,B 前2个>=90%,2399999008.419992,18,0.8764738333808012,0.9352185266016609,0.9522270767538852,个,0.8764738333808012,套,0.058744693220859734,盒,0.01700855015222429,批,0.013004288631163595,千克,0.01125077384418434
109050601,光纤接入设备,B 前2个>=90%,2393851631.350001,21,0.8929003583837753,0.9361862330858612,0.964460319931348,个,0.8929003583837753,套,0.04328587470208587,千米,0.028274086845486733,OTHER,0.01653831290608151,UNKNOWN,0.006195688665815857
107021406,纺织工业用整理剂、助剂,A 首要单位>=90%,2381816053.700001,19,0.9783484730401875,0.9843567604466684,0.990094033784285,千克,0.9783484730401875,千米,0.006008287406481005,个,0.005737273337616511,桶,0.0022998396880777555,UNKNOWN,0.001839955101987059
107020404,钾肥,A 首要单位>=90%,2372643905.19,9,0.9968794565152383,0.9999081877016928,0.9999570609859417,千克,0.9968794565152383,UNKNOWN,0.003028731186454438,OTHER,4.887328424899651e-05,瓶,2.328498173668242e-05,桶,1.176746326700221e-05
109011903,阀门、龙头零件,C 前3个>=90%,2351556041.980001,24,0.7772338989127714,0.8510062683749641,0.92075280460546,个,0.7772338989127714,千克,0.07377236946219268,套,0.06974653623049604,UNKNOWN,0.05464439535185563,批,0.008333622320775915
101010399,其他油料,D 前3个仍<90%,2345222292.52,23,0.7048540814243104,0.7987388768325147,0.8838912210972522,千克,0.7048540814243104,桶,0.09388479540820423,瓶,0.08515234426473751,箱,0.05033372574808634,个,0.019870976281708953
107030201,冻干粉针剂,D 前3个仍<90%,2337749371.580001,14,0.37957117112185446,0.697352221918547,0.843445620185262,瓶,0.37957117112185446,个,0.3177810507966925,OTHER,0.14609339826671514,盒,0.14490853574737342,UNKNOWN,0.006361314784548148
108010201,石灰,A 首要单位>=90%,2336465916.760003,22,0.9715852740869151,0.9795504971301886,0.9866356593836813,千克,0.9715852740869151,个,0.007965223043273535,立方米,0.007085162253492618,UNKNOWN,0.006153795463850925,平方米,0.0020527544123780405
103010203,谷物加工制品,D 前3个仍<90%,2335579983.299999,18,0.752518381685516,0.8065831178679123,0.859672220633216,千克,0.752518381685516,箱,0.054064736182396295,袋,0.053089102765303764,个,0.04590433758492613,盒,0.03831809529106785
108020701,铁道用钢材,B 前2个>=90%,2314622067.69,20,0.7260855981932539,0.9340515335739709,0.9830805893166464,千克,0.7260855981932539,套,0.20796593538071695,个,0.04902905574267561,千米,0.007571829636745378,UNKNOWN,0.005656473854959162
108012104,卫生陶瓷制品,C 前3个>=90%,2280783041.3,21,0.5705419622062322,0.8925190431395551,0.9292355239067344,个,0.5705419622062322,套,0.32197708093332283,UNKNOWN,0.036716480767179226,OTHER,0.029490991686636575,批,0.02361094830366056
109050104,散射通信设备,A 首要单位>=90%,2279962144.5699997,10,0.9315439815517482,0.9988850406810245,0.999757239565877,套,0.9315439815517482,个,0.06734105912927624,副,0.0008721988848525578,OTHER,9.715950790129396e-05,千克,7.465584479346784e-05
108030800,钛,A 首要单位>=90%,2261350097.769999,12,0.9847775718346549,0.9916138313086942,0.9966474306223188,千克,0.9847775718346549,个,0.006836259474039365,OTHER,0.005033599313624605,套,0.0014434019761994342,副,0.0014174069610719804
103020103,饼干,D 前3个仍<90%,2259181704.5899997,21,0.2637206115203217,0.5253395574506858,0.6970561773276189,盒,0.2637206115203217,箱,0.26161894593036406,个,0.17171661987693307,袋,0.08378836274453376,包,0.07129142352417811
103030901,酒及酒精专用原辅料,C 前3个>=90%,2258897338.44,17,0.5985910255106157,0.8269122721442415,0.9267504481260448,瓶,0.5985910255106157,千克,0.22832124663362577,箱,0.09983817598180338,盒,0.023534303080242472,批,0.015918470298801987
109012408,齿轮、传动和驱动部件零件,B 前2个>=90%,2256604249.49,23,0.709240253851207,0.9515883123216267,0.9753422568744274,个,0.709240253851207,套,0.24234805847041965,千克,0.023753944552800756,批,0.010574409143913006,UNKNOWN,0.0049431099416395174
107050602,橡胶零附件,C 前3个>=90%,2251491263.510002,23,0.779051433748639,0.8884930786190969,0.9392734788333801,个,0.779051433748639,千克,0.10944164487045786,套,0.05078040021428317,批,0.019039321428754714,OTHER,0.014164125451805568
107021507,金属表面处理剂,D 前3个仍<90%,2237854246.290001,26,0.4971187646131606,0.628615266759291,0.7371845047705653,千克,0.4971187646131606,立方米,0.13149650214613035,OTHER,0.10856923801127427,个,0.10537792658344569,桶,0.07589298606983141
109010102,核反应堆及其零件,A 首要单位>=90%,2232185170.24,19,0.9177642480483538,0.9544837758692412,0.9755413896356413,UNKNOWN,0.9177642480483538,个,0.03671952782088742,千克,0.021057613766400113,套,0.010291580401248708,批,0.007577100473336402
107020901,油墨,A 首要单位>=90%,2221782896.720003,24,0.9076797578004537,0.9353225302741586,0.9536209729302879,千克,0.9076797578004537,瓶,0.027642772473704877,个,0.01829844265612938,立方米,0.012102353173073607,桶,0.011237660977973813
104010699,其他纺织制品,D 前3个仍<90%,2218451625.7999983,24,0.3179815126803201,0.5728938384904763,0.7909363999980169,千米,0.3179815126803201,个,0.2549123258101561,千克,0.21804256150754064,包,0.06807129362829491,平方米,0.0378698742911305
108041301,钢铁丝制品,D 前3个仍<90%,2198962129.3200006,21,0.6571757906294095,0.797842279090333,0.8811843995872751,千克,0.6571757906294095,个,0.14066648846092353,千米,0.08334212049694212,平方米,0.06687943444732174,套,0.02259493200793073
107022201,肥（香）皂,C 前3个>=90%,2182301694.5400014,19,0.5690532179473754,0.8826113466158496,0.9109651406557899,箱,0.5690532179473754,个,0.3135581286684742,套,0.028353794039940334,盒,0.027240534115302886,千克,0.019723103481836684
109020108,矿山设备专用配套件,C 前3个>=90%,2181056015.009997,23,0.7140378487266219,0.8526225880271459,0.9087940412483684,个,0.7140378487266219,套,0.13858473930052398,千克,0.0561714532212225,千米,0.03054141542517637,OTHER,0.021085138847197014
108010308,水泥混凝土预制构件,D 前3个仍<90%,2173208693.5299997,18,0.417152950730862,0.6051818393859401,0.7197348103689647,立方米,0.417152950730862,千米,0.18802888865507805,UNKNOWN,0.11455297098302467,个,0.08965399792484785,OTHER,0.08847152766893066
109023209,平板显示器件（FPD）生产设备,A 首要单位>=90%,2169787299.950017,17,0.9493447616674078,0.9831655732380582,0.9869055573693079,个,0.9493447616674078,套,0.03382081157065048,项,0.003739984131249614,平方米,0.003311006207919778,UNKNOWN,0.0026714327483313804
109012701,风机,B 前2个>=90%,2169691241.119999,22,0.8237676267188044,0.9411732059930729,0.9622429805598918,个,0.8237676267188044,套,0.11740557927426844,批,0.02106977456681896,千克,0.019189648011164767,UNKNOWN,0.006228399997146229
108040201,金属制门及其框架、门槛,D 前3个仍<90%,2158694320.270001,23,0.43674106215838837,0.7178073474183191,0.8060128969683751,个,0.43674106215838837,平方米,0.28106628525993066,套,0.08820554955005604,千克,0.059099991921988726,UNKNOWN,0.040536786810582336
109050102,卫星通信设备,B 前2个>=90%,2157836593.1000004,16,0.7011665779225588,0.9047488005545771,0.9634301033023852,套,0.7011665779225588,个,0.20358222263201828,UNKNOWN,0.05868130274780814,千克,0.030049871027001816,项,0.0038866367670368517
108041404,其他金属紧固件,C 前3个>=90%,2156902776.589999,25,0.785271074275204,0.8481225876634542,0.9092006277493759,个,0.785271074275204,千克,0.06285151338825008,OTHER,0.0610780400859218,套,0.04775535044877905,批,0.019489100814482616
109012101,气动元件,B 前2个>=90%,2154193487.459996,25,0.8947601142609943,0.9686965059394405,0.9777910461300248,个,0.8947601142609943,套,0.07393639167844612,千米,0.009094540190584345,批,0.004812652809671315,卷,0.004696798499715959
107022101,金属材料制焊料,B 前2个>=90%,2146721180.219998,21,0.8218331436964703,0.9201229097332392,0.9462810163599439,千克,0.8218331436964703,个,0.09828976603676891,套,0.02615810662670467,千米,0.011472964801826748,OTHER,0.01076481825070164
109030400,铁路专用设备及器材、配件,C 前3个>=90%,2137108087.43,25,0.6228836666145469,0.8505534595893661,0.9093731660980653,个,0.6228836666145469,套,0.2276697929748193,OTHER,0.058819706508699166,千克,0.03216667813590484,千米,0.023193908582138368
108041103,铜丝,A 首要单位>=90%,2133945765.800001,17,0.9391451889540801,0.959346771890673,0.9749729768132236,千克,0.9391451889540801,千米,0.02020158293659291,个,0.015626204922550607,OTHER,0.01386914074590114,批,0.00620197673348011
107020113,磷化物、金属磷酸盐,A 首要单位>=90%,2129767424.670001,15,0.9963964488276511,0.9983941371577086,0.998985462992357,千克,0.9963964488276511,UNKNOWN,0.0019976883300575577,套,0.000591325834648418,瓶,0.00034461758664269327,个,0.00028343750731070277
109020901,注塑机,A 首要单位>=90%,2119359778.36,15,0.9493042048183338,0.9835287876478372,0.9975917997396603,个,0.9493042048183338,套,0.034224582829503504,UNKNOWN,0.014063012091823004,批,0.0006126213318083724,OTHER,0.0005659215968173707
107020401,氨及氨水,A 首要单位>=90%,2117442040.129998,14,0.9973736092395433,0.9988022679006391,0.9995178734007107,千克,0.9973736092395433,UNKNOWN,0.0014286586610957612,瓶,0.0007156055000716679,OTHER,0.00025975155379753996,个,0.00010969186197216537
102050299,其他建筑用天然石料,D 前3个仍<90%,2104027589.7899997,21,0.4773815997490082,0.6765590554219288,0.8466175925372678,千克,0.4773815997490082,平方米,0.1991774556729207,立方米,0.17005853711533894,个,0.05104337235935163,批,0.027729704369429512
109011302,内燃叉车,A 首要单位>=90%,2094743129.9299998,23,0.9762522336990969,0.9867515115225954,0.9934628005198625,个,0.9762522336990969,批,0.010499277823498555,套,0.006711288997267074,UNKNOWN,0.002137311227343475,OTHER,0.0013119947170285456
108042600,金属焊接材料,B 前2个>=90%,2084751107.959999,22,0.8542038289369591,0.930930775582654,0.9448839143621146,千克,0.8542038289369591,个,0.07672694664569486,套,0.01395313877946054,千米,0.012661347725978263,批,0.0087707171374967
105020104,金属家具,C 前3个>=90%,2079556715.629998,23,0.6211208115950293,0.7922894893928667,0.9123613294313121,个,0.6211208115950293,套,0.1711686777978374,千克,0.1200718400384454,批,0.02415222361693759,UNKNOWN,0.01800618216784544
109021105,塑料用模具,C 前3个>=90%,2077540169.6699998,25,0.5718649050760427,0.8793799411446257,0.9688631344007779,套,0.5718649050760427,副,0.307515036068583,个,0.08948319325615219,批,0.011223585974611401,UNKNOWN,0.008229490995938593
107030405,中成药注射剂,C 前3个>=90%,2077284026.1200006,10,0.5609650893655334,0.8871789806771174,0.9924962343165394,个,0.5609650893655334,盒,0.32621389131158407,瓶,0.10531725363942204,OTHER,0.006693128351816836,袋,0.0006742961542029804
105010599,其他建筑用木料及加工木材组件,D 前3个仍<90%,2076286476.1600008,24,0.47410032963781845,0.8022944396097068,0.8458024076561348,立方米,0.47410032963781845,个,0.32819410997188836,UNKNOWN,0.043507968046428036,千米,0.032442684722668876,平方米,0.031101010867935645
105020106,软体家具,C 前3个>=90%,2068587419.4099991,21,0.5925611963450941,0.8844351707465263,0.9330836138752691,个,0.5925611963450941,套,0.2918739744014323,千米,0.04864844312874272,千克,0.026884175398234657,OTHER,0.0184920189164209
109051800,微电子组件,C 前3个>=90%,2054774731.080005,18,0.8462970690543775,0.8970448883957182,0.9363518897853782,个,0.8462970690543775,套,0.0507478193413407,批,0.03930700138965999,UNKNOWN,0.022810838259318178,OTHER,0.020234783366323728
108010503,建筑砌块,B 前2个>=90%,2052249674.769998,17,0.7654218821625817,0.9208593295851283,0.9557952123002932,立方米,0.7654218821625817,千克,0.15543744742254664,个,0.03493588271516493,OTHER,0.012321943967579905,平方米,0.011264907668990593
301010299,其他陆路货物运输服务,D 前3个仍<90%,2048642545.5900002,24,0.4143822852490425,0.8238017720724222,0.8595145469962338,UNKNOWN,0.4143822852490425,千克,0.40941948682337975,立方米,0.035712774923811544,OTHER,0.026206015571417537,个,0.020957708948505197
108010403,轻质隔墙条板,D 前3个仍<90%,2041588395.4399996,23,0.39269962383735635,0.6841814322856984,0.8107348906846018,立方米,0.39269962383735635,平方米,0.29148180844834204,千克,0.12655345839890342,个,0.07338002562348651,千米,0.05199126071008249
104010103,线,B 前2个>=90%,2034982744.8899975,20,0.8205289195414078,0.9409350993506841,0.9687037022943197,千克,0.8205289195414078,个,0.1204061798092763,千米,0.027768602943635583,OTHER,0.008541731488214467,套,0.007532065551164438
108010801,沥青和改性沥青防水卷材,C 前3个>=90%,2026557835.5099988,16,0.5212543441397318,0.8981808922427952,0.9417615124167928,千克,0.5212543441397318,平方米,0.3769265481030634,卷,0.043580620173997615,OTHER,0.03517239927281035,立方米,0.009858840478131237
109052000,传感器,B 前2个>=90%,2016172360.349999,20,0.8734048209074289,0.955427794286199,0.9767603526258707,个,0.8734048209074289,套,0.08202297337877008,OTHER,0.021332558339671723,批,0.009760915711880749,UNKNOWN,0.005042191649842501
305030000,修缮服务,C 前3个>=90%,2001072258.9900012,26,0.5517179426130445,0.8618112484905615,0.9148348233681393,UNKNOWN,0.5517179426130445,项,0.31009330587751693,次,0.05302357487757776,个,0.023504149557167512,OTHER,0.02003006075864063
109012402,齿轮,B 前2个>=90%,1986032786.5799997,18,0.8511118460691692,0.9803670862820224,0.9882141031919682,个,0.8511118460691692,套,0.12925524021285312,千克,0.007847016909945782,OTHER,0.0038453866429623367,副,0.002865106199882361
306049900,其他金融商品转让,B 前2个>=90%,1977260876.99,12,0.5905111517542584,0.9752756633083135,0.994045889373019,UNKNOWN,0.5905111517542584,OTHER,0.3847645115540551,千克,0.018770226064705423,项,0.0023092409823790246,次,0.0022767727022713798
107030499,其他中成药,D 前3个仍<90%,1966059143.1799998,15,0.5951844928872858,0.7677890793450041,0.8412232303474401,盒,0.5951844928872858,瓶,0.17260458645771826,千克,0.07343415100243597,个,0.06811046039714189,UNKNOWN,0.04543193174521009
108011300,玻璃包装容器,B 前2个>=90%,1947407261.1899998,21,0.8395488633543129,0.9476237756720326,0.9709149052697951,个,0.8395488633543129,箱,0.10807491231771975,千克,0.02329112959776249,套,0.018849561974812107,包,0.004874489475919566
107021403,橡胶助剂,A 首要单位>=90%,1945525468.82,19,0.981139206153772,0.985870442443155,0.9895571331470039,千克,0.981139206153772,OTHER,0.00473123628938297,个,0.003686690703848916,桶,0.002402340434450731,立方米,0.002272374369214196
109042102,家用电冰箱用配件,A 首要单位>=90%,1939250040.670001,19,0.9520445402657464,0.9747606296746089,0.9829509753839804,个,0.9520445402657464,千克,0.02271608940886251,UNKNOWN,0.008190345709371475,批,0.006457544301854669,套,0.00540490888239389
109041502,家用空气湿度调节装置,A 首要单位>=90%,1935617647.78,16,0.9832007829297825,0.9958043686885608,0.998363101543513,个,0.9832007829297825,套,0.01260358575877832,UNKNOWN,0.002558732854952194,批,0.0007947692261249982,OTHER,0.00035004362084479693
109042402,户外照明用灯具及装置,C 前3个>=90%,1927455984.1900005,24,0.48163787330797453,0.8786132878835502,0.9356881742116189,个,0.48163787330797453,套,0.3969754145755756,OTHER,0.05707488632806867,批,0.01954737072547644,千克,0.0139811578843004
107050601,橡胶密封件,C 前3个>=90%,1924859705.4000041,25,0.8173357519492915,0.8749517519615903,0.9182737110405097,个,0.8173357519492915,千克,0.057616000012298746,套,0.0433219590789195,千米,0.03327585633919722,OTHER,0.022596834708512526
307059900,其他居民日常服务,D 前3个仍<90%,1894682431.5100002,30,0.5392443155583286,0.691943523635866,0.7782006961794208,UNKNOWN,0.5392443155583286,月,0.1526992080775374,项,0.08625717254355482,次,0.04641613770594347,个,0.03602336004963361
107021413,炭黑,A 首要单位>=90%,1888644289.900001,19,0.9885623193761152,0.9941700797027359,0.9954640189442695,千克,0.9885623193761152,桶,0.005607760326620726,个,0.0012939392415336148,套,0.0012466378992545294,OTHER,0.0008995882226663009
304060201,工程监理服务,C 前3个>=90%,1887846060.970001,15,0.6654742850772961,0.8489319182659079,0.9335352096211017,UNKNOWN,0.6654742850772961,项,0.18345763318861175,次,0.08460329135519383,元,0.02284783887402216,OTHER,0.020739059566055446
304010402,地质勘查服务,B 前2个>=90%,1879795639.9299998,15,0.8293444543727393,0.903922028776104,0.9632320144956961,UNKNOWN,0.8293444543727393,元,0.07457757440336463,项,0.05930998571959216,OTHER,0.015497488153065845,千米,0.008811026165917044
107022203,表面活性剂,A 首要单位>=90%,1872497118.4,18,0.9574846261723358,0.9667009385930171,0.9751406902939456,千克,0.9574846261723358,箱,0.009216312420681372,桶,0.008439751700928439,瓶,0.007989116753772415,个,0.004560505335942417
109040901,裸电线,B 前2个>=90%,1870344778.0299993,19,0.8293967575988376,0.9444657065370574,0.9645683437201346,千克,0.8293967575988376,千米,0.11506894893821984,卷,0.020102637183077126,个,0.01915281039131783,OTHER,0.008754892783589952
108040103,金属结构预制建筑物（活动房屋）,D 前3个仍<90%,1868909026.6999996,21,0.4077746334532162,0.599039672501786,0.7403795755662075,平方米,0.4077746334532162,个,0.1912650390485698,千克,0.14133990306442146,UNKNOWN,0.10083012009029645,OTHER,0.056372259887913584
109040399,其他电机,A 首要单位>=90%,1863767384.379999,22,0.9023326647276029,0.9523779698991107,0.9752394207524178,个,0.9023326647276029,套,0.05004530517150784,千克,0.02286145085330707,千瓦时,0.009304629979759454,批,0.005489015826620014
104010401,蚕丝,B 前2个>=90%,1859451898.2499988,16,0.8942318297961381,0.9850248861203635,0.9965543630109336,千克,0.8942318297961381,千米,0.09079305632422542,个,0.011529476890570066,UNKNOWN,0.002040810355767428,套,0.000888000830542593
109030103,城市轨道车辆,D 前3个仍<90%,1853758055.2600012,17,0.4141339778465991,0.7840684867616893,0.895143117464303,OTHER,0.4141339778465991,个,0.36993450891509017,套,0.11107463070261371,UNKNOWN,0.09958007544523337,千克,0.0036787438094468715
104030399,其他箱、包及类似容器,B 前2个>=90%,1846665667.3399699,17,0.8783461122209507,0.9644102719228708,0.9732539286653088,个,0.8783461122209507,批,0.08606415970192008,套,0.008843656742438057,OTHER,0.00745432681370458,副,0.006996292858257526
104020102,男内衣,D 前3个仍<90%,1844794386.8499985,15,0.31786091920046483,0.60052720424397,0.8658310326861778,个,0.31786091920046483,套,0.2826662850435052,盒,0.2653038284422078,批,0.07469316242081785,UNKNOWN,0.03406494807657386
108010399,其他水泥混凝土制品,D 前3个仍<90%,1837639020.07,19,0.42760083343249206,0.5920812422608192,0.741620770426439,千克,0.42760083343249206,立方米,0.16448040882832712,千米,0.14953952816561994,个,0.10272254745810165,UNKNOWN,0.050397591316096536
103010401,饲料,D 前3个仍<90%,1822988982.8399973,15,0.34389836300783855,0.6206413565798852,0.7720416513364777,千克,0.34389836300783855,包,0.27674299357204657,个,0.15140029475659258,袋,0.11858334084017542,箱,0.04927678055412824
109041503,家用房间空气清洁装置,A 首要单位>=90%,1812426670.8399978,21,0.9239769802349351,0.9786644707385165,0.9979972957811762,个,0.9239769802349351,套,0.05468749050358137,UNKNOWN,0.019332825042659776,批,0.0008840732846076363,OTHER,0.0003531856489969467
104020115,裙子,A 首要单位>=90%,1792251431.7300012,10,0.9813930995955126,0.9932993635673049,0.9978431628946901,个,0.9813930995955126,UNKNOWN,0.011906263971792255,套,0.004543799327385232,千克,0.0008705001108544429,OTHER,0.0007383124301497801
108041501,钢铁制弹簧,B 前2个>=90%,1784364545.580001,17,0.8181257482144643,0.9687850667746285,0.9850053979405294,个,0.8181257482144643,千克,0.15065931856016426,套,0.016220331165900968,OTHER,0.008378293408167103,批,0.00297287399211114
101010199,其他谷物,D 前3个仍<90%,1776303972.36,26,0.7573373926550893,0.8236576333645013,0.8562488361489463,千克,0.7573373926550893,袋,0.06632024070941199,包,0.03259120278444504,个,0.029039169327233747,立方米,0.02793860417035767
103020302,速冻食品,D 前3个仍<90%,1761279412.71,16,0.22322324072082644,0.4330253050800732,0.6360383787069512,千克,0.22322324072082644,箱,0.20980206435924678,个,0.203013073626878,袋,0.15902394972586734,包,0.10119871755370806
104011201,经编织物,C 前3个>=90%,1753428050.9900002,18,0.4418374780833354,0.8710277362151715,0.9518715227109816,千克,0.4418374780833354,千米,0.42919025813183614,个,0.08084378649581016,平方米,0.023404015577844793,OTHER,0.013598741976631001
109042409,电光源、灯具及照明装置零件,B 前2个>=90%,1746789096.4499977,22,0.8017317668836768,0.9458920624521395,0.9646665888712989,个,0.8017317668836768,套,0.14416029556846277,OTHER,0.018774526419159367,千米,0.011871582380577108,批,0.00894894227458184
107030207,颗粒剂,C 前3个>=90%,1742150328.0900009,15,0.8192023018786655,0.8966196086376447,0.9296503815176685,盒,0.8192023018786655,OTHER,0.07741730675897922,包,0.03303077288002392,个,0.019122402575054338,瓶,0.01683700612802953
109011402,装卸机械,A 首要单位>=90%,1736395798.19,19,0.9700690774222243,0.9909200561781855,0.9941511259295913,个,0.9700690774222243,套,0.020850978755961206,千克,0.003231069751405892,UNKNOWN,0.0025559361895636035,批,0.0010223969683931155
106040199,其他文具及类似用品,D 前3个仍<90%,1723604048.7999601,25,0.6623771472368256,0.7636021452179305,0.8152587856870629,个,0.6623771472368256,UNKNOWN,0.10122499798110479,套,0.05165664046913238,OTHER,0.0438967911410268,千克,0.04014194659044341
102040105,锡矿石,A 首要单位>=90%,1716774035.4999979,10,0.9985084098157075,0.9991738354782452,0.9994469942692701,千克,0.9985084098157075,卷,0.0006654256625376377,OTHER,0.00027315879102483116,UNKNOWN,0.0002136763443612789,批,0.0002007144929237255
109050299,其他通信交换设备,B 前2个>=90%,1716382709.2800014,18,0.5865640005790581,0.9631787501130729,0.982168648259782,套,0.5865640005790581,个,0.37661474953401475,UNKNOWN,0.0189898981467092,批,0.004643379251555865,月,0.004346232090120089
108020300,球墨铸铁,C 前3个>=90%,1696539002.23,17,0.6883750318942999,0.8816991989537587,0.9544783867694838,千克,0.6883750318942999,个,0.19332416705945876,千米,0.07277918781572514,套,0.03840628678406684,UNKNOWN,0.0034389353102588123
103030703,蛋白饮料,D 前3个仍<90%,1695734873.73,16,0.40169714547514707,0.6771385083472826,0.7738050567738263,箱,0.40169714547514707,个,0.27544136287213555,瓶,0.0966665484265437,OTHER,0.09447118537912857,盒,0.054654041622757034
104011204,针织钩编织物（针织坯布）,C 前3个>=90%,1691322221.6899998,19,0.674598153408006,0.8845739612083321,0.9731045321721449,千克,0.674598153408006,千米,0.20997580780032607,个,0.08853057096381277,套,0.013449376350811832,OTHER,0.006089597433248752
104010602,毛巾,D 前3个仍<90%,1681628047.15,20,0.6786505463881588,0.803555212813043,0.8621436103347048,个,0.6786505463881588,套,0.12490466642488414,OTHER,0.05858839752166182,盒,0.05173876746255246,UNKNOWN,0.02558561749307106
109020199,其他矿山专用设备,B 前2个>=90%,1681184798.73,23,0.7012367753447275,0.9417023531892281,0.9633787589998976,个,0.7012367753447275,套,0.24046557784450062,千米,0.021676405810669385,千克,0.014911922936097294,OTHER,0.00913313164715686
107020207,芳香烃卤化衍生物,A 首要单位>=90%,1679280093.59,12,0.9978084340700233,0.9988180513497562,0.999456637464183,千克,0.9978084340700233,UNKNOWN,0.0010096172797329325,个,0.0006385861144268529,瓶,0.00036643958464634797,套,6.752893721116596e-05
304040901,收件服务,D 前3个仍<90%,1676073481.2500014,20,0.5535238301533747,0.6976438529281817,0.8084452816587991,UNKNOWN,0.5535238301533747,月,0.1441200227748069,批,0.11080142873061749,个,0.07980475649566626,次,0.046779260466268985
107020115,氯化物及其盐,A 首要单位>=90%,1674052136.139999,16,0.9560235592424564,0.9724661812765996,0.9832158248220471,千克,0.9560235592424564,UNKNOWN,0.01644262203414318,OTHER,0.010749643545447536,箱,0.005128615480158508,瓶,0.003102928228972189
102040107,铝土矿石,A 首要单位>=90%,1668758536.9199998,18,0.9755428696440841,0.9894440843056227,0.9939428639036922,千克,0.9755428696440841,个,0.013901214661538597,UNKNOWN,0.004498779598069498,立方米,0.003397074192928468,平方米,0.00159659412135054
104011102,无纺织物制品,D 前3个仍<90%,1667752885.61,20,0.3552752965936447,0.5907024589915018,0.7055696514532501,个,0.3552752965936447,箱,0.23542716239785702,平方米,0.11486719246174833,千克,0.09823082215209558,千米,0.076049778330085
102020102,沥青矿原油,A 首要单位>=90%,1666634112.93,18,0.9767681896346578,0.9888470310815121,0.9945897256092113,千克,0.9767681896346578,UNKNOWN,0.012078841446854218,OTHER,0.005742694527699246,立方米,0.001512986312014789,桶,0.0012450032397045686
106050204,贵金属摆件,C 前3个>=90%,1659484088.05,12,0.4448598473682726,0.7972305921924203,0.9790426197934403,千克,0.4448598473682726,套,0.35237074482414765,个,0.18181202760102005,UNKNOWN,0.016126598798212557,OTHER,0.0028861610029825686
501010100,房地产开发住宅,B 前2个>=90%,1653480138.19,17,0.7011320939113602,0.9239403408391298,0.9646480790183625,平方米,0.7011320939113602,UNKNOWN,0.22280824692776957,个,0.04070773817923269,套,0.015993979007784816,OTHER,0.006262228018858837
102059900,其他非金属矿石,C 前3个>=90%,1651588741.6199992,19,0.8240084401127039,0.8975753453344129,0.930087997084103,千克,0.8240084401127039,立方米,0.07356690522170893,平方米,0.03251265174969014,个,0.023705562179842068,UNKNOWN,0.013115244385084214
304040702,专业仓储服务,D 前3个仍<90%,1649465537.2300005,25,0.38000749633885694,0.566690473491027,0.7316449248504193,UNKNOWN,0.38000749633885694,个,0.18668297715217,千克,0.1649544513593924,月,0.06774436563715774,次,0.0611819399388447
103020201,糖果,D 前3个仍<90%,1645519859.0600002,18,0.4390088786972577,0.5309264671889593,0.619518887132938,箱,0.4390088786972577,千克,0.09191758849170159,个,0.08859241994397866,袋,0.07769230279179436,包,0.06513196787623343
107020210,环醇,A 首要单位>=90%,1642071881.660001,12,0.983054344172881,0.9983682588381628,0.9990210605163186,千克,0.983054344172881,UNKNOWN,0.015313914665281819,瓶,0.0006528016781557385,桶,0.0004942576564794056,OTHER,0.00014672332112309185
106010502,纸制文具及用品,D 前3个仍<90%,1638714715.9400055,28,0.3122443531218872,0.4352295792626028,0.5493135782964188,个,0.3122443531218872,千克,0.1229852261407156,箱,0.11408399903381602,OTHER,0.10230221892761618,包,0.09813798191087272
107040301,锦纶纤维,A 首要单位>=90%,1637147471.869999,15,0.9782921190786764,0.9862989605485089,0.994246801475226,千克,0.9782921190786764,千米,0.008006841469832411,个,0.007947840926717216,平方米,0.004176460042533629,套,0.0007900849326191379
109042501,机动车辆用电气照明装置,A 首要单位>=90%,1635021678.2700021,19,0.922738168044559,0.9711204180363152,0.9803745871529044,个,0.922738168044559,套,0.04838224999175619,千克,0.00925416911658914,OTHER,0.006938992987545244,批,0.004753043744485856
109040301,直流电动机,B 前2个>=90%,1634056421.6799996,13,0.5574751909444119,0.9932137009512811,0.9967347955620074,个,0.5574751909444119,套,0.4357385100068692,UNKNOWN,0.0035210946107262094,千瓦时,0.0013045652045529314,千克,0.00129884027983437
107020240,二甲醚,A 首要单位>=90%,1631366080.76,4,0.9998598803158311,0.9999728393274063,0.999987845156134,千克,0.9998598803158311,瓶,0.00011295901157522605,桶,1.5005828727660912e-05,罐,1.2154843866045271e-05,,
109061802,高档手表,A 首要单位>=90%,1627504317.81,9,0.9551612117513784,0.9822696463264506,0.9913856775268864,个,0.9551612117513784,批,0.027108434575072265,套,0.009116031200435817,UNKNOWN,0.008277500644746508,立方米,0.0001543871418652258
109060307,电源装置,C 前3个>=90%,1614645782.180001,21,0.7308050630131677,0.8432193347210694,0.9376027961972105,个,0.7308050630131677,UNKNOWN,0.11241427170790164,套,0.09438346147614114,千米,0.028562004087196637,OTHER,0.018000635898456064
107010110,液体石蜡,A 首要单位>=90%,1612751000.16,18,0.9227528480294599,0.9701725883070433,0.9792637601795429,千克,0.9227528480294599,瓶,0.04741974027758343,个,0.009091171872499481,UNKNOWN,0.004260736436882248,罐,0.003926742038524063
101020202,小规格木材,C 前3个>=90%,1606462748.45,22,0.5926781623717394,0.8148303985218375,0.9078289022743506,立方米,0.5926781623717394,个,0.2221522361500981,千克,0.0929985037525132,平方米,0.033200165040527856,UNKNOWN,0.017904806238272532
102040302,钼矿石,A 首要单位>=90%,1595358360.030001,19,0.9479865452684628,0.9932338180935116,0.9967429345467546,千克,0.9479865452684628,个,0.04524727282504887,套,0.003509116453242971,OTHER,0.0007772647958397768,立方米,0.0006643773753629047
107010202,生物能源,A 首要单位>=90%,1582354760.8799992,21,0.9337101015756637,0.981573184281517,0.9865263120147955,千克,0.9337101015756637,立方米,0.04786308270585324,瓶,0.004953127733278504,UNKNOWN,0.0035387953374538227,盒,0.0025349302755402737
501029900,其他商业用房,D 前3个仍<90%,1578442247.5599997,16,0.5791277655125308,0.7673195138258998,0.8761156869994592,UNKNOWN,0.5791277655125308,平方米,0.18819174831336904,月,0.10879617317355939,元,0.03690356128648021,OTHER,0.03272989403309558
107021702,炸药,A 首要单位>=90%,1574362114.64,10,0.9855111989370908,0.9902347968570653,0.9944808286167462,千克,0.9855111989370908,OTHER,0.004723597919974399,UNKNOWN,0.0042460317596810125,箱,0.003474053763832254,套,0.0017213844101042143
109024902,水质污染防治设备,D 前3个仍<90%,1571353253.47,19,0.5295249356263771,0.8618776506742101,0.8913683516847354,套,0.5295249356263771,个,0.33235271504783287,UNKNOWN,0.02949070101052533,OTHER,0.024843849849670557,立方米,0.02233828281609254
107040307,氨纶纤维,A 首要单位>=90%,1570335581.560001,11,0.9969337865252874,0.9982440580074862,0.9988138645064965,千克,0.9969337865252874,个,0.0013102714821987128,OTHER,0.0005698064990102953,千米,0.00043524786550465405,箱,0.00021959955824055422
109031201,摩托车，排气量在250毫升以下（不含250毫升）,A 首要单位>=90%,1569602432.42,8,0.9949795059581741,0.9982141448419659,0.9990902191086705,个,0.9949795059581741,批,0.0032346388837918498,套,0.0008760742667045312,OTHER,0.0004287241508427631,UNKNOWN,0.00026061875386450734
109041002,光缆,C 前3个>=90%,1565774519.4199998,18,0.5456418767476638,0.7626624431481643,0.9430221019543432,千米,0.5456418767476638,个,0.2170205664005005,OTHER,0.1803596588061789,千克,0.021743237687001753,套,0.013964699858635795
109022818,纺织机械及其辅助机械零件、附件,B 前2个>=90%,1557424616.0400002,22,0.8088480450135931,0.9263935549307795,0.9436056503631477,个,0.8088480450135931,套,0.11754550991718642,OTHER,0.017212095432368273,千克,0.016896820667257343,批,0.014122433492752178
109024599,其他医疗、外科及兽医用器械,C 前3个>=90%,1550128734.1400008,22,0.7419716818217011,0.8607480433683101,0.9367422617293772,个,0.7419716818217011,套,0.11877636154660895,盒,0.07599421836106707,OTHER,0.02233408254909054,批,0.011226572739879467
109011704,泵、液体提升机零件,B 前2个>=90%,1549403799.129997,23,0.8082791087405377,0.9158022187222902,0.9495852897263701,个,0.8082791087405377,套,0.10752310998175255,千克,0.03378307100408001,批,0.02795382463520479,项,0.006317489995504229
109051202,计算机电源,B 前2个>=90%,1548103764.309997,21,0.8302360167781533,0.9296904071552892,0.9744827332503728,个,0.8302360167781533,套,0.09945439037713588,OTHER,0.0447923260950837,项,0.014403179382448072,批,0.006812592355332659
107020307,有机－无机化合物,A 首要单位>=90%,1547148343.66,15,0.9873664710109431,0.9929008150220314,0.9954818126467023,千克,0.9873664710109431,立方米,0.00553434401108836,桶,0.0025809976246709146,个,0.0010730381458268444,OTHER,0.0010658909578759842
107060104,塑料管附件,C 前3个>=90%,1544665661.5599978,22,0.7165865380875526,0.8474886167780264,0.909567827772564,个,0.7165865380875526,千米,0.13090207869047393,套,0.062079210994537525,批,0.028918670280329097,千克,0.0288521210246823
107022500,香料,A 首要单位>=90%,1539909996.8500001,21,0.9772552720732731,0.9813973265784374,0.9851974544768018,千克,0.9772552720732731,UNKNOWN,0.004142054505164244,桶,0.0038001278983644518,个,0.0033315628513967853,盒,0.0024671459486408343
105010503,木模,C 前3个>=90%,1535297327.4899988,14,0.7271649960370764,0.8186293722954364,0.9083179741867186,个,0.7271649960370764,平方米,0.09146437625836006,立方米,0.08968860189128218,UNKNOWN,0.03935557236250944,OTHER,0.022338635791198838
301050202,无运输工具承运道路运输服务,C 前3个>=90%,1516933849.8899994,17,0.6451323520277199,0.7879212068520135,0.907331513335144,千克,0.6451323520277199,UNKNOWN,0.1427888548242936,次,0.11941030648313049,票,0.017158986314325764,立方米,0.014305979691582245
106010199,其他纸浆,B 前2个>=90%,1510119753.8599977,25,0.8648718698246245,0.9321577385646874,0.9464100904030008,千克,0.8648718698246245,个,0.0672858687400629,令,0.014252351838313455,平方米,0.010634469186268819,箱,0.009045170871439608
301040101,国内液体管道运输服务,A 首要单位>=90%,1507136781.9299998,8,0.9602107547310956,0.9873626632311303,0.9956672494372821,千克,0.9602107547310956,OTHER,0.02715190850003463,立方米,0.008304586206151873,UNKNOWN,0.00380418334867916,套,0.00017011098997377387
107030407,中成药口服液,B 前2个>=90%,1504967554.78,13,0.8813793223561577,0.9899186697734371,0.994383169196471,盒,0.8813793223561577,瓶,0.10853934741727948,OTHER,0.004464499423033868,千克,0.0025791414556889975,个,0.0016968289461717348
104030702,加工填充用羽绒,A 首要单位>=90%,1499142051.19,9,0.98321673403796,0.9972650482676105,0.9985610853832779,千克,0.98321673403796,个,0.014048314229650555,UNKNOWN,0.0012960371156674018,千米,0.0011542225625826954,套,0.00022220404646482777
501020200,取得的商业用房,D 前3个仍<90%,1476990802.0900028,15,0.31847572226203763,0.5973784202728143,0.8451575122970443,UNKNOWN,0.31847572226203763,个,0.2789026980107767,平方米,0.24777909202422996,月,0.08058203792574965,OTHER,0.055199294575587976
107050402,橡胶粘带,D 前3个仍<90%,1465961671.1500008,24,0.39172954070450605,0.6287591086927442,0.784136543432437,卷,0.39172954070450605,平方米,0.23702956798823818,个,0.15537743473969284,千克,0.05859314479390027,千米,0.05692616966208595
106040201,笔,D 前3个仍<90%,1464345472.5000074,23,0.6082615373879957,0.7626488940368554,0.8786780712022182,个,0.6082615373879957,盒,0.15438735664885975,OTHER,0.11602917716536282,套,0.06483875056335074,桶,0.019299251761779764
108010501,砖,D 前3个仍<90%,1459250514.7999995,20,0.5322505650898808,0.6761580844843704,0.8116783954825847,个,0.5322505650898808,OTHER,0.1439075193944897,立方米,0.13552031099821427,千克,0.0759204081248408,平方米,0.06982319958541504
102050102,石膏类,A 首要单位>=90%,1455624420.9399972,19,0.9502481741730924,0.9740139196307429,0.9859771967024168,千克,0.9502481741730924,平方米,0.02376574545765058,个,0.011963277071673856,UNKNOWN,0.00572153689522588,千米,0.00203195405865063
109040601,全封闭组合电器（GIS）,C 前3个>=90%,1454911951.0299997,16,0.4750586154101556,0.8251772315500381,0.9674324653416618,套,0.4750586154101556,个,0.35011861613988243,OTHER,0.14225523379162372,项,0.017725905448602797,批,0.007874815071722342
103010801,蒸煮香肠制品,C 前3个>=90%,1453950559.3399994,17,0.5836388886945387,0.7905110151350242,0.9243745566356034,个,0.5836388886945387,袋,0.20687212644048544,千克,0.13386354150057916,OTHER,0.0293786770090655,箱,0.0237320049284641
201010000,稀土冶炼分离产品加工劳务,D 前3个仍<90%,1448976375.46,26,0.699548636456,0.779715710058648,0.857910345505365,千克,0.699548636456,UNKNOWN,0.08016707360264803,个,0.07819463544671698,OTHER,0.033483835652322096,批,0.022875600224660134
109030699,其他改装汽车,A 首要单位>=90%,1440991237.1699998,16,0.9527179325505073,0.97228108268136,0.9873543783820733,个,0.9527179325505073,套,0.019563150130852785,UNKNOWN,0.015073295700713233,项,0.0049999693364894526,千克,0.004113269801446228
109021107,模架、模具标准件,C 前3个>=90%,1436957118.6200018,22,0.44974420513024566,0.8500651240261715,0.9111033211466483,套,0.44974420513024566,个,0.40032091889592586,副,0.061038197120476784,批,0.02780209736416271,OTHER,0.025231035401264288
108041600,锁及其附件,B 前2个>=90%,1435248510.240001,22,0.7234472165425715,0.9075065760299579,0.9357561644536518,个,0.7234472165425715,套,0.18405935948738633,OTHER,0.02824958842369399,千克,0.02536606370273265,批,0.016202551442545215
107020802,VOC含量高于420克/升的涂料,C 前3个>=90%,1434828355.34,20,0.7843971873508905,0.8832475778398565,0.9157173142279141,千克,0.7843971873508905,桶,0.09885039048896602,OTHER,0.03246973638805757,罐,0.026982880646253895,立方米,0.020375254929411
103021001,食用盐,A 首要单位>=90%,1430435529.739999,18,0.9220761338469687,0.9600199132145474,0.9755708443732857,千克,0.9220761338469687,箱,0.03794377936757866,个,0.015550931158738245,袋,0.009006576523124896,包,0.003590532207301605
108032201,金加工材,B 前2个>=90%,1427687265.0,11,0.7629259833525236,0.9185806200841891,0.9651818139317786,千克,0.7629259833525236,套,0.15565463673166546,瓶,0.04660119384758959,个,0.023631142692864197,OTHER,0.008438828170117494
304040301,铁路货运客运场站服务,B 前2个>=90%,1424480433.97,12,0.8109146560550985,0.9427723896615369,0.9647961560761907,UNKNOWN,0.8109146560550985,千克,0.13185773360643838,月,0.02202376641465383,OTHER,0.020567830018096995,车,0.005890162251380354
109031600,助动自行车及其零件,B 前2个>=90%,1419218817.089999,16,0.8492224287240197,0.9651886626677478,0.9848289367215778,个,0.8492224287240197,套,0.1159662339437282,UNKNOWN,0.019640274053829992,批,0.007073076708905721,副,0.005530788730729066
109050304,通信终端设备用零件,B 前2个>=90%,1414102607.5600011,20,0.7147170819053292,0.9478862054450505,0.978261078647579,个,0.7147170819053292,套,0.23316912353972136,批,0.030374873202528532,UNKNOWN,0.008034035019285507,千米,0.005325499677137442
107030699,其他生物化学药品,D 前3个仍<90%,1413527282.23,17,0.3665438761483309,0.6972218835884053,0.8131438042403323,盒,0.3665438761483309,千克,0.3306780074400744,个,0.11592192065192693,瓶,0.09287004499333038,批,0.05299033140119629
107020220,醛,A 首要单位>=90%,1413346638.22,14,0.9907707331327946,0.9938060274505445,0.995325147071973,千克,0.9907707331327946,个,0.003035294317749836,UNKNOWN,0.001519119621428493,盒,0.0014219016734146584,袋,0.0013356036226027143
105010399,其他人造板,C 前3个>=90%,1411785342.1999998,22,0.5097669807922162,0.7368301690389939,0.9393478285752952,个,0.5097669807922162,立方米,0.22706318824677774,平方米,0.20251765953630124,千克,0.02251054339498725,批,0.00915935719367182
105010504,木制地板,C 前3个>=90%,1410283226.0499997,20,0.7013020890705359,0.832878600314825,0.90817743049905,平方米,0.7013020890705359,立方米,0.13157651124428904,个,0.07529883018422505,OTHER,0.032595648888736214,批,0.014124066579016235
101010105,高粱,D 前3个仍<90%,1406754247.06,30,0.7330695699730245,0.8540374526544846,0.8941547251830338,千克,0.7330695699730245,个,0.12096788268146008,UNKNOWN,0.0401172725285492,立方米,0.0158569691519464,套,0.015430005308577683
108010902,矿物材料制品,D 前3个仍<90%,1402605577.6899998,23,0.7066562795168517,0.791755511944388,0.8717163201316115,千克,0.7066562795168517,平方米,0.08509923242753621,立方米,0.07996080818722351,个,0.061637108239924285,千米,0.01932605500873823
106040604,室内训练健身器材,B 前2个>=90%,1397747741.029999,18,0.8465313282767837,0.9054215093901105,0.9584064986524974,个,0.8465313282767837,千克,0.05889018111332677,套,0.05298498926238688,副,0.012600262975221653,批,0.010100574936072812
109051501,半导体二极管,B 前2个>=90%,1390934893.510001,13,0.8584312927522483,0.9934476046128937,0.9968079467409175,个,0.8584312927522483,OTHER,0.13501631186064542,套,0.003360342128023834,UNKNOWN,0.0018381711120554446,批,0.0006171856310496877
109024503,注射穿刺器械,B 前2个>=90%,1389225398.22,16,0.7815826701276966,0.9080813634680053,0.9578271878738559,个,0.7815826701276966,套,0.1264986933403087,盒,0.04974582440585061,OTHER,0.014051623152738129,千克,0.00967759649890228
107020107,金属氢氧化物,A 首要单位>=90%,1387181316.809999,16,0.9626008742178686,0.9919282356572183,0.9956931382959088,千克,0.9626008742178686,OTHER,0.029327361439349775,立方米,0.0037649026386904075,UNKNOWN,0.001292952304262949,个,0.0010410842349874347
105010604,木托板、箱形托盘及类似装载木板,C 前3个>=90%,1381317624.25,18,0.7843500667330314,0.8704585949975436,0.9555496954559326,个,0.7843500667330314,立方米,0.08610852826451222,套,0.08509110045838902,批,0.013745191863680804,UNKNOWN,0.010643129076111185
104020110,男Ｔ恤衫,A 首要单位>=90%,1379073288.340002,14,0.9699050492523442,0.9883699913227194,0.9928773887413745,个,0.9699050492523442,套,0.018464942070375218,UNKNOWN,0.004507397418655155,批,0.003802090145848196,OTHER,0.002037401858012988
104010202,毛纱,A 首要单位>=90%,1374077113.920001,19,0.937683962288171,0.9623230380045366,0.978732109134232,千克,0.937683962288171,个,0.024639075716365578,千米,0.016409071129695498,套,0.011790823335802428,OTHER,0.0035999941487184963
109013202,电动手提式工具,A 首要单位>=90%,1369816543.3,18,0.9280845329822933,0.9638580297543118,0.9853182169405327,个,0.9280845329822933,套,0.03577349677201845,千米,0.021460187186220853,批,0.0043199370886149524,OTHER,0.002700437929511753
109024201,医用X射线设备,B 前2个>=90%,1366345380.1199994,17,0.5486509734853147,0.9801344440908373,0.9947869747769231,套,0.5486509734853147,个,0.4314834706055226,盒,0.014652530686085904,UNKNOWN,0.0030229308709905033,OTHER,0.0011609807396287188
303010100,语音通话服务,D 前3个仍<90%,1357857511.5500011,16,0.30957445329455807,0.5227662525574661,0.7059555900720166,UNKNOWN,0.30957445329455807,月,0.21319179926290804,个,0.1831893375145505,元,0.11364720987833767,项,0.09032824914006692
109040305,微电机,A 首要单位>=90%,1355206012.739998,10,0.9678476215199912,0.9972354840040701,0.998358441765247,个,0.9678476215199912,套,0.02938786248407894,千克,0.0011229577611769135,批,0.0010757780413417517,UNKNOWN,0.0002735323755319841
303020100,短信和彩信服务,D 前3个仍<90%,1354286454.9800007,11,0.5878805129168615,0.6980321835559974,0.7990115873203357,UNKNOWN,0.5878805129168615,元,0.1101516706391359,月,0.10097940376433834,个,0.08769712097707857,项,0.05129696740637189
109062799,其他文化、办公用设备或器具,B 前2个>=90%,1349784981.860003,26,0.8243540833568187,0.9100807588459385,0.9332576543222024,个,0.8243540833568187,套,0.08572667548911986,批,0.02317689547626386,UNKNOWN,0.012438001263627397,OTHER,0.009210756607224934
102040202,银矿砂及其精矿石,A 首要单位>=90%,1349727033.4399998,9,0.9878242835974653,0.9965120952656616,0.9984678277023694,千克,0.9878242835974653,OTHER,0.008687811668196294,立方米,0.0019557324367077992,套,0.000920104561316254,个,0.0005089436478494722
304070102,电视节目制作服务,A 首要单位>=90%,1342205518.119999,10,0.9388090229020672,0.9599976400818228,0.9780474665822634,UNKNOWN,0.9388090229020672,个,0.021188617179755467,次,0.018049826500440628,OTHER,0.007863726417086866,项,0.006064342896906706
108012101,日用陶瓷餐具,D 前3个仍<90%,1340070480.5299995,21,0.4721895013460331,0.8282546201831301,0.8877658628219943,个,0.4721895013460331,套,0.356065118837097,UNKNOWN,0.059511242638864155,千克,0.04865855191005401,盒,0.030066430889563952
108040202,金属制窗及窗框,D 前3个仍<90%,1337139349.1600006,20,0.5677602298421018,0.7002457878815747,0.7988224512359247,平方米,0.5677602298421018,UNKNOWN,0.1324855580394728,个,0.09857666335434997,千克,0.08197657402637973,套,0.05986935623447939
109024507,手术室、急救室、诊疗室设备及器具,B 前2个>=90%,1332006757.1700008,21,0.6320367985509805,0.9282635501842241,0.9563692160815496,个,0.6320367985509805,套,0.29622675163324363,盒,0.028105665897325487,包,0.014070482449968537,OTHER,0.0078900228496804
104011203,针织或钩编起绒织物,C 前3个>=90%,1330852207.8200004,14,0.38032668690471066,0.6857494745903709,0.9594938626218285,个,0.38032668690471066,千克,0.3054227876856602,千米,0.2737443880314575,套,0.01840761072946528,OTHER,0.011056200007439227
107010106,溶剂油,B 前2个>=90%,1327842160.53,23,0.7970246316833146,0.9079316718553327,0.9465787734954231,千克,0.7970246316833146,个,0.11090704017201816,桶,0.038647101640090324,立方米,0.011961733180440876,OTHER,0.01116963795160721
109060203,流量测量仪表,B 前2个>=90%,1319818286.209999,18,0.7850797745691583,0.970036042595255,0.9800391267530838,个,0.7850797745691583,套,0.1849562680260966,UNKNOWN,0.010003084157828801,千克,0.009747831951127372,批,0.005902082181607664
105020299,其他家具配件,D 前3个仍<90%,1315006197.5599997,24,0.5874314919301009,0.7559432324231637,0.8218730782222701,个,0.5874314919301009,套,0.16851174049306286,UNKNOWN,0.06592984579910638,千米,0.04305607391437153,批,0.03914047732664893
109024211,临床检验分析仪器及诊断系统,C 前3个>=90%,1311497237.7599998,21,0.5497670419584552,0.8631396210284307,0.9451109265445716,个,0.5497670419584552,套,0.3133725790699755,盒,0.08197130551614096,OTHER,0.03528483481142366,UNKNOWN,0.007114429517164918
104020108,男衬衫,A 首要单位>=90%,1311266759.799999,15,0.9800842716672059,0.9891458775999394,0.9940558398115813,个,0.9800842716672059,UNKNOWN,0.009061605932733573,套,0.004909962211641814,OTHER,0.0015952971920977093,千克,0.0014697757078002622
109013699,其他金属铸件,C 前3个>=90%,1309330754.340001,21,0.43891160689926817,0.8664721039122553,0.909255098296464,个,0.43891160689926817,千克,0.4275604970129871,套,0.042782994384208684,UNKNOWN,0.024282095409899812,瓦,0.016643892147011355
109051105,阅读机、数据转录及处理机械,A 首要单位>=90%,1308607022.459999,14,0.9291749308010204,0.9811762038891603,0.9922619415025264,个,0.9291749308010204,套,0.052001273088139864,批,0.011085737613366231,UNKNOWN,0.00420520969668586,平方米,0.0016953397023878611
101030305,动物毛类,A 首要单位>=90%,1305885880.21,13,0.9663625734946028,0.9905782156492715,0.9946157671917938,千克,0.9663625734946028,个,0.024215642154668766,平方米,0.004037551542522317,箱,0.0021591472292713503,千米,0.001866738240257245
109041102,电气设备用绝缘配件,D 前3个仍<90%,1305814156.3800004,20,0.5410434284680886,0.7413482841032148,0.8472608940594459,个,0.5410434284680886,千克,0.2003048556351262,套,0.10591260995623114,批,0.06091981986206192,千米,0.059898117911993856
109040405,电感器,A 首要单位>=90%,1303161893.779998,10,0.9821678064015559,0.9914462103034131,0.9961744880864037,个,0.9821678064015559,OTHER,0.009278403901857229,UNKNOWN,0.004728277782990661,套,0.002949840053141525,批,0.0005292062508055706
109042002,家用电熨烫器具,A 首要单位>=90%,1297291051.0299969,13,0.9876749716285291,0.9977155804029889,0.9984496850044535,个,0.9876749716285291,UNKNOWN,0.010040608774459829,千克,0.0007341046014646247,套,0.0006851807921547489,OTHER,0.00044034336747058233
109060299,其他工业仪表,B 前2个>=90%,1297069478.5700002,24,0.6765607588712071,0.9039575431322764,0.9387834031238329,个,0.6765607588712071,套,0.2273967842610693,OTHER,0.034825859991556476,项,0.02895526145708557,批,0.011637144269743448
108040203,金属护栏及类似品,D 前3个仍<90%,1294434033.2399998,22,0.22745490936532797,0.4504806626726606,0.6643867855493468,千米,0.22745490936532797,千克,0.22302575330733265,个,0.2139061228766862,套,0.12147621640974403,平方米,0.09250270241295439
107010112,矿物蜡及合成法制类似产品,A 首要单位>=90%,1293791393.410001,20,0.9671629510859354,0.9825889219121885,0.9900915616649666,千克,0.9671629510859354,OTHER,0.01542597082625308,个,0.0075026397527780675,瓶,0.004834825963336517,桶,0.0016216558563356585
101020299,其他木材采伐产品,D 前3个仍<90%,1293674549.2799995,23,0.5444672363091754,0.7857425111406375,0.895598459508097,立方米,0.5444672363091754,个,0.24127527483146222,千克,0.10985594836745946,套,0.03376290760632904,平方米,0.016818754610353516
108010701,加工天然石材、石料,D 前3个仍<90%,1293156666.49,19,0.3531994393299072,0.6797056046548224,0.8086602676367107,平方米,0.3531994393299072,千克,0.3265061653249152,立方米,0.12895466298188826,OTHER,0.06026129945377553,千米,0.04438387159677054
108011002,特种玻璃,D 前3个仍<90%,1289808127.41,19,0.38643303482732855,0.7620750520961397,0.8448912360773136,个,0.38643303482732855,平方米,0.3756420172688111,UNKNOWN,0.08281618398117394,千克,0.08115665929334447,OTHER,0.045261230286419867
106010103,废纸纸浆,A 首要单位>=90%,1289391546.2600012,20,0.9657755975847683,0.9856449630884521,0.9927807482552525,千克,0.9657755975847683,个,0.019869365503683813,UNKNOWN,0.00713578516680044,OTHER,0.0013636604762146058,平方米,0.0012117987856614433
108031203,混合稀土金属,A 首要单位>=90%,1286778778.299999,14,0.9525621378131178,0.9805926307682875,0.9954102078231328,千克,0.9525621378131178,个,0.02803049295516969,OTHER,0.014817577054845352,UNKNOWN,0.0033781701589319746,套,0.001109645064155004
303020200,电子数据和信息的传输及应用服务,D 前3个仍<90%,1286369284.7399995,18,0.29393277208606755,0.5805948722267217,0.7530194691843757,UNKNOWN,0.29393277208606755,月,0.28666210014065413,次,0.17242459695765394,个,0.09202677377665085,项,0.08907643364880242
109011001,电焊机,B 前2个>=90%,1284650678.1000004,21,0.7903065546826956,0.977367328491974,0.9862447381212338,个,0.7903065546826956,套,0.1870607738092784,UNKNOWN,0.008877409629259743,千克,0.002759914862804445,批,0.002242080418514978
109011902,龙头,B 前2个>=90%,1281856511.0500007,19,0.6920141264979692,0.9443848847156815,0.9712611660022507,个,0.6920141264979692,套,0.2523707582177122,UNKNOWN,0.026876281286569183,千克,0.02209585344837024,OTHER,0.0033930941509492736
102050502,磷矿石,A 首要单位>=90%,1279174890.78,17,0.9695423842503327,0.9985132946450815,0.9996555672072869,千克,0.9695423842503327,UNKNOWN,0.02897091039474883,个,0.0011422725622053348,立方米,7.935920313296631e-05,平方米,7.751684364249588e-05
109051001,网络控制设备,C 前3个>=90%,1279037401.0500002,20,0.47685522535095703,0.7951396325667281,0.9345462760578591,个,0.47685522535095703,套,0.31828440721577117,批,0.1394066434911309,UNKNOWN,0.028976108407443812,项,0.02161274967198504
304040703,运输货场仓储服务,D 前3个仍<90%,1277848481.6599994,23,0.41745097522597635,0.7691621250535046,0.8318947434824625,次,0.41745097522597635,UNKNOWN,0.3517111498275282,千克,0.06273261842895794,项,0.060227897465606965,月,0.02781830168457974
109020102,采掘、凿岩设备,A 首要单位>=90%,1273410949.410001,19,0.9301689590142127,0.9674943979245832,0.9892084141836796,个,0.9301689590142127,套,0.03732543891037059,千克,0.021714016259096285,UNKNOWN,0.004415275290828155,千米,0.001733096814522072
109030803,挂车及半挂车零件,B 前2个>=90%,1272468158.4299989,21,0.7965291809899202,0.9339118568092436,0.9861533156305151,个,0.7965291809899202,套,0.13738267581932342,千克,0.052241458821271534,UNKNOWN,0.00645449182801836,OTHER,0.002332553046877111
109023400,航空、航天设备，相关专用设备,A 首要单位>=90%,1269248027.6100001,16,0.9133612095288682,0.9585943902241396,0.9849770586636997,个,0.9133612095288682,套,0.045233180695271435,UNKNOWN,0.026382668439560057,批,0.007373870848256152,项,0.006663813861445587
104010402,蚕丝及交织机织物,B 前2个>=90%,1263925320.1100001,14,0.7987779941872944,0.9793855096061115,0.9920503856991126,千米,0.7987779941872944,千克,0.18060751541881703,个,0.012664876093001176,UNKNOWN,0.0037821048395359057,套,0.0018421639814901105
109011004,焊接设备用零件,C 前3个>=90%,1260903000.369998,23,0.6286055339763766,0.8661972435385645,0.9057999655364875,个,0.6286055339763766,套,0.23759170956218795,千克,0.03960272199792297,项,0.027062551671291853,UNKNOWN,0.01893481460746319
108020200,还原铁,A 首要单位>=90%,1251096607.510001,14,0.9753603900330665,0.9896147464776046,0.9934007807706935,千克,0.9753603900330665,个,0.014254356444538143,批,0.0037860342930888624,千米,0.0030064721120826253,UNKNOWN,0.0011371741410374076
109041899,其他家用清洁卫生电器具,B 前2个>=90%,1246817527.3399997,18,0.7766361423999645,0.940986715853301,0.9899769570238065,个,0.7766361423999645,批,0.1643505734533365,套,0.048990241170505565,UNKNOWN,0.007897949542792132,项,0.0005998953203647383
103021002,非食用盐,A 首要单位>=90%,1244739667.4799988,18,0.9905483601371698,0.9957280273546956,0.9969888364467503,千克,0.9905483601371698,OTHER,0.005179667217525707,个,0.001260809092054759,UNKNOWN,0.0010928313329597154,袋,0.0005892377331276667
108041899,其他散热器及其零件,C 前3个>=90%,1240970559.1999998,22,0.8258975212681259,0.8989702635163047,0.9666613704303583,个,0.8258975212681259,千克,0.07307274224817885,套,0.06769110691405354,OTHER,0.013205574579113675,批,0.007403881898635136
105010199,其他锯材,C 前3个>=90%,1217587038.4900005,20,0.7049174893192239,0.8469739013556933,0.9307091612155882,立方米,0.7049174893192239,UNKNOWN,0.14205641203646938,个,0.08373525985989494,千克,0.018116210112876587,千米,0.014046835338532114
107020110,金属硫化物及硫酸盐,A 首要单位>=90%,1210795656.3600001,13,0.9881767239956603,0.9939388029586572,0.9958767344235372,千克,0.9881767239956603,UNKNOWN,0.005762078962996917,平方米,0.001937931464879937,瓶,0.0014085523688837228,OTHER,0.0013847595349330247
107021306,油脂类高分子聚合物,B 前2个>=90%,1210462581.97,18,0.8844896201645122,0.9518256363405332,0.9738644980842671,千克,0.8844896201645122,个,0.06733601617602102,OTHER,0.022038861743733915,桶,0.013407304390679808,瓶,0.0020748074475070775
107020602,化学农药制剂,C 前3个>=90%,1204601837.2600002,17,0.8231218799942676,0.888828709638523,0.9394448218708338,千克,0.8231218799942676,个,0.06570682964425548,OTHER,0.05061611223231083,立方米,0.027152527489413363,桶,0.014247795453341624
107021203,密封用粘胶品,D 前3个仍<90%,1200373318.800001,20,0.3821215662628575,0.6190342689912847,0.8124168495721817,个,0.3821215662628575,千克,0.23691270272842715,卷,0.19338258058089705,套,0.04427944453408484,桶,0.033130216006263986
106051204,清洁清扫类工具及其已加工材料,D 前3个仍<90%,1198936954.7699912,25,0.6886061591773828,0.8198465361663351,0.8705824160289002,个,0.6886061591773828,套,0.1312403769889523,盒,0.05073587986256509,箱,0.036407451397954475,包,0.028566983020863395
106040109,胶水,D 前3个仍<90%,1183453340.8299997,20,0.6965520235988873,0.8019612530430411,0.8953382267499193,千克,0.6965520235988873,个,0.10540922944415382,桶,0.09337697370687816,OTHER,0.02547243115546733,瓶,0.022687745569393653
109013604,铝铸件,B 前2个>=90%,1177991607.3500001,18,0.768355058798883,0.9231288585207253,0.9865143740321403,个,0.768355058798883,千克,0.15477379972184238,套,0.06338551551141491,副,0.005527823865102683,千米,0.0023222011964532012
109023001,缝纫机及其零件,B 前2个>=90%,1177259841.9799995,24,0.8042481331798328,0.9550836982674396,0.9645333856374679,个,0.8042481331798328,套,0.1508355650876068,批,0.009449687370028374,包,0.007751280324530963,千克,0.0073507420124392705
306030199,其他人身保险服务,D 前3个仍<90%,1174010101.0099995,11,0.3897915434171395,0.5769091162480816,0.728958926566093,UNKNOWN,0.3897915434171395,单,0.18711757283094213,份,0.1520498103180113,个,0.1430455131736294,次,0.06976089974825736
109020602,铸造机械,C 前3个>=90%,1173035895.7700002,21,0.5299351073582876,0.8141503856820206,0.9607155714533774,个,0.5299351073582876,千克,0.28421527832373294,套,0.14656518577135677,OTHER,0.014147852644446273,UNKNOWN,0.009659025679314398
109013101,工商用制冷设备,C 前3个>=90%,1172426506.2199993,23,0.6257005932552208,0.8784403766599447,0.9052249554146896,个,0.6257005932552208,套,0.25273978340472397,平方米,0.026784578754744923,千克,0.02439370461028574,OTHER,0.020003480001158605
108012702,炭制品,A 首要单位>=90%,1171654348.79,19,0.9701438581642051,0.9892543816331136,0.9954278815373045,千克,0.9701438581642051,个,0.0191105234689085,OTHER,0.006173499904190971,千米,0.0018551058187465253,UNKNOWN,0.0007991576278165832
106010507,纸或纸板制标签,D 前3个仍<90%,1163644373.5500014,29,0.5870103626730167,0.7154182501482524,0.7992849591430917,个,0.5870103626730167,卷,0.12840788747523577,平方米,0.0838667089948393,千克,0.07564267312311959,套,0.040816479991306547
109050204,通信交换设备零件,C 前3个>=90%,1162391281.1700003,19,0.6977855450219748,0.8780239251560042,0.9391283872081523,个,0.6977855450219748,套,0.18023838013402943,OTHER,0.06110446205214802,项,0.02064696163742991,平方米,0.010484236295830987
109040307,电动机零件,C 前3个>=90%,1157749377.6700015,16,0.7001428951500136,0.8182282750576572,0.9239788385746064,个,0.7001428951500136,套,0.11808537990764353,UNKNOWN,0.10575056351694928,千克,0.04747593322020941,批,0.02252636355761762
106050902,珠宝玉石,D 前3个仍<90%,1152144827.8700008,14,0.4223639541563849,0.6694346696551129,0.887318415767216,UNKNOWN,0.4223639541563849,千克,0.24707071549872797,个,0.2178837461121031,OTHER,0.10331052737532255,批,0.004714030466153184
109052202,家用影视摄、录、放设备,A 首要单位>=90%,1149078067.2400029,12,0.9369950381231335,0.9796437381002466,0.9886283806796647,个,0.9369950381231335,套,0.042648699977113194,UNKNOWN,0.008984642579418113,批,0.008944424276312736,OTHER,0.0015462431845624089
108042400,金属制日用杂品,D 前3个仍<90%,1148266615.8499956,22,0.7408020062050809,0.8251341224255964,0.8857928488124471,个,0.7408020062050809,套,0.08433211622051555,千克,0.06065872638685077,UNKNOWN,0.02974423744325051,批,0.026497352783767355
105010201,木片、木粒,D 前3个仍<90%,1133247214.4599998,22,0.34796619017316677,0.643608813190464,0.7692755222216969,立方米,0.34796619017316677,个,0.2956426230172973,平方米,0.12566670903123292,千克,0.1159947322549892,OTHER,0.046134893430920844
108030500,锑,A 首要单位>=90%,1127880766.7,11,0.9916053283914907,0.9975994903628671,0.9999015090040722,千克,0.9916053283914907,UNKNOWN,0.005994161971376402,OTHER,0.002302018641205011,个,6.65855844139735e-05,项,1.7271772491516854e-05
107060105,塑料条、棒、型材,D 前3个仍<90%,1122107591.5999992,19,0.553657760317037,0.8363454263256942,0.8948136257756694,千克,0.553657760317037,个,0.28268766600865725,千米,0.05846819944997512,平方米,0.03718860829601754,套,0.025944457428087524
108010305,水泥混凝土电杆,B 前2个>=90%,1116017010.4600003,16,0.7815307360328639,0.9444429905826941,0.9665104251550838,个,0.7815307360328639,UNKNOWN,0.16291225454983013,千米,0.02206743457238969,OTHER,0.01764674263511673,千克,0.010357900839912254
109062501,静电复印设备,B 前2个>=90%,1114843370.3400009,22,0.897663565658371,0.9883418271160046,0.9942271969845978,个,0.897663565658371,套,0.09067826145763357,UNKNOWN,0.005885369868593253,项,0.0036442327577917585,千克,0.00035897413990805576
107060111,建筑用塑料制品,D 前3个仍<90%,1110649868.3399997,21,0.2948084441583575,0.5523257309496291,0.7369217458543348,平方米,0.2948084441583575,个,0.2575172867912716,千米,0.1845960149047057,千克,0.1593542811512041,立方米,0.03506707921211151
108042100,金属制卫生器具,B 前2个>=90%,1110493049.3000002,18,0.5004097756580169,0.9257838198879758,0.9548519713909029,个,0.5004097756580169,套,0.4253740442299588,UNKNOWN,0.029068151502927173,箱,0.020468240394955886,千克,0.014487884503321759
106010508,纸制筒管、卷轴、纡子及类似品,B 前2个>=90%,1110205363.1200004,19,0.8149589141754172,0.9288172619361973,0.9790638276825838,个,0.8149589141754172,千克,0.11385834776078005,千米,0.05024656574638651,批,0.0063500351774449055,UNKNOWN,0.004322678370525289
103030400,黄酒,D 前3个仍<90%,1107348229.0000005,16,0.49659677336242886,0.637314581698762,0.7552970268578448,箱,0.49659677336242886,个,0.14071780833633313,盒,0.11798244515908288,瓶,0.09786682789736963,OTHER,0.08444761718221884
107060114,再生塑料制品,B 前2个>=90%,1097736862.1499996,22,0.7205186069008245,0.9337340590644572,0.9479963810651377,千克,0.7205186069008245,个,0.2132154521636327,批,0.014262322000680576,套,0.013943722059238316,千米,0.011871320467891253
109060313,电工仪器仪表零部件,B 前2个>=90%,1093895534.330001,19,0.70161703515874,0.9408004763730355,0.961866328382491,个,0.70161703515874,套,0.23918344121429552,UNKNOWN,0.02106585200945546,批,0.020071016519367692,OTHER,0.014608056252636026
109040101,交流发电机,B 前2个>=90%,1088845277.5300002,22,0.7923717483875745,0.9408827757824145,0.9827026462173537,个,0.7923717483875745,套,0.14851102739483998,UNKNOWN,0.041819870434939184,千瓦时,0.00489496112991421,OTHER,0.004467168008510726
109013703,粉末冶金零件,B 前2个>=90%,1087647634.3300004,13,0.8600665725037362,0.9473806339263038,0.9746893186349289,个,0.8600665725037362,千克,0.08731406142256758,套,0.02730868470862515,UNKNOWN,0.016422764842405273,OTHER,0.0029566963035606523
102049999,其他未列明有色金属矿石,B 前2个>=90%,1087016869.35,19,0.8893456058488538,0.9675380708294802,0.9909477634731797,千克,0.8893456058488538,OTHER,0.07819246498062639,个,0.023409692643699534,UNKNOWN,0.0037539063146646836,套,0.0012908313932966289
106040699,其他体育用品,D 前3个仍<90%,1080806637.0499985,22,0.7691979205171552,0.8117748162749402,0.8542244793665978,个,0.7691979205171552,OTHER,0.04257689575778505,副,0.04244966309165771,批,0.04191896217778698,套,0.04179380223209192
109010301,汽轮机,B 前2个>=90%,1078000992.6,16,0.7133245112282839,0.9609913283673538,0.982277531105123,套,0.7133245112282839,个,0.24766681713906988,OTHER,0.02128620273776917,UNKNOWN,0.01299761196527863,副,0.0014695691477789091
103030707,固体饮料,D 前3个仍<90%,1075564906.9999998,17,0.4381743702986026,0.6047110877893305,0.711457039765616,箱,0.4381743702986026,盒,0.16653671749072782,个,0.10674595197628554,千克,0.07004481634691342,袋,0.06701048221351087
109010803,数控金属成形机床（数控锻压设备）,B 前2个>=90%,1075135846.1400008,15,0.878456301574207,0.9699632205772488,0.9798505811542078,个,0.878456301574207,套,0.0915069190030419,千克,0.009887360576958906,UNKNOWN,0.009105716626552875,批,0.006163708533941928
109023206,检测设备,B 前2个>=90%,1073525824.2299999,23,0.8223183661307683,0.9691809114198713,0.9815295130191932,个,0.8223183661307683,套,0.146862545289103,UNKNOWN,0.012348601599321959,项,0.006342427863701993,批,0.003604697532800963
107030406,膏药,B 前2个>=90%,1069104854.1299996,15,0.8602670039492358,0.9073552396966704,0.9458164212460342,盒,0.8602670039492358,个,0.047088235747434544,袋,0.03846118154936375,千克,0.020647022024760063,瓶,0.017013988646419707
101010302,油菜籽,C 前3个>=90%,1067010805.520001,20,0.7528196946407989,0.8833570132690967,0.9312332788005449,千克,0.7528196946407989,桶,0.13053731862829773,瓶,0.047876265531448185,箱,0.04631557512289282,个,0.009668927949583553
107040402,锦纶加工丝,A 首要单位>=90%,1063526192.2700009,10,0.9951515556763167,0.9980935409257083,0.9992043749687124,千克,0.9951515556763167,千米,0.00294198524939164,个,0.0011108340430040617,套,0.0005249207062859726,OTHER,0.00021659739240490516
105010602,包装用木容器,C 前3个>=90%,1059724519.3099997,24,0.7482331913923072,0.8548452650409969,0.9048420202774407,个,0.7482331913923072,套,0.10661207364868971,批,0.04999675523644371,立方米,0.021623022986124642,千米,0.019957451908134246
109051604,激光器件,B 前2个>=90%,1058163645.7199997,18,0.8590667280404175,0.9642680005470486,0.9841110355491753,个,0.8590667280404175,套,0.10520127250663117,UNKNOWN,0.01984303500212675,批,0.005126186513721275,项,0.003927006523809043
106051206,拉链及其零件,C 前3个>=90%,1054917628.510001,22,0.705133554200482,0.8546187934439792,0.93847492433919,个,0.705133554200482,千米,0.1494852392434972,OTHER,0.0838561308952108,千克,0.0481337010565642,套,0.008270286062356092
107030213,口服液体制剂,C 前3个>=90%,1050378505.2900002,16,0.679262779566318,0.8901605944533807,0.9527858655330079,盒,0.679262779566318,瓶,0.21089781488706275,OTHER,0.06262527107962729,袋,0.02568130076362561,个,0.013458302629771636
109041305,其他电池,D 前3个仍<90%,1048804658.7500001,22,0.4509416956191604,0.7876705398263468,0.8940486360611334,瓦,0.4509416956191604,个,0.3367288442071864,OTHER,0.10637809623478657,套,0.052191574220541194,千克,0.01813972181690597
109040805,继电器保护装置,B 前2个>=90%,1048696829.7700002,18,0.5050569625219169,0.9079793078890448,0.9710886571702046,个,0.5050569625219169,套,0.40292234536712784,OTHER,0.06310934928115987,UNKNOWN,0.009763615498147,项,0.008615744563642497
108020401,铸铁管,C 前3个>=90%,1046503845.5799997,18,0.6023858840104078,0.8191968552918842,0.9843826418516963,千克,0.6023858840104078,千米,0.21681097128147636,个,0.16518578655981211,套,0.005943270773699742,批,0.0031525570631529957
105020107,玻璃、玻璃纤维增强塑料家具,D 前3个仍<90%,1043627635.0700003,21,0.3983136788171748,0.6812045235006792,0.8188994300277197,平方米,0.3983136788171748,个,0.28289084468350445,OTHER,0.13769490652704047,套,0.056095081811505784,批,0.04926990402716874
109024204,医用超声诊断、治疗仪器及设备,B 前2个>=90%,1042860130.6299999,19,0.5234749609904166,0.982271344759502,0.9864471991354566,个,0.5234749609904166,套,0.45879638376908544,UNKNOWN,0.004175854375954724,千克,0.003942014139054805,OTHER,0.00347112447170954
107030108,激素类药,A 首要单位>=90%,1039314903.02,9,0.9913147571407178,0.9956460561117222,0.9987301282737648,千克,0.9913147571407178,盒,0.004331298971004339,个,0.003084072162042612,瓶,0.0006180942639553762,OTHER,0.0003490466642457249
109062003,眼镜框架及其零件,C 前3个>=90%,1031402029.1500001,14,0.7242983604517956,0.8250996570574278,0.9227416214163651,副,0.7242983604517956,OTHER,0.10080129660563214,个,0.09764196435893728,千克,0.04989782657535894,UNKNOWN,0.011925550001231544
109060904,导航仪器及装置零件、附件,B 前2个>=90%,1025157406.2500001,14,0.6253033471658634,0.9880404146082811,0.995231430656213,个,0.6253033471658634,套,0.3627370674424176,UNKNOWN,0.007191016047931908,批,0.0020910651836789575,千克,0.0012365120636809522
108032001,锡材,A 首要单位>=90%,1024380882.1199996,16,0.9711051232147725,0.9824295002043082,0.9930277140908577,千克,0.9711051232147725,UNKNOWN,0.011324376989535694,卷,0.010598213886549492,平方米,0.003528899565675937,OTHER,0.0024373848375935582
109013102,工商用冷藏、冷冻柜,A 首要单位>=90%,1022370027.1999997,21,0.9213485483820139,0.9521307712002924,0.9697818916360345,个,0.9213485483820139,OTHER,0.030782222818278557,套,0.017651120435741983,批,0.01531124849470744,平方米,0.005733296990379533
306030202,机动车交通事故责任强制保险服务,D 前3个仍<90%,1010017157.9800009,11,0.38860881042356743,0.6658845707879726,0.8758695273249184,UNKNOWN,0.38860881042356743,单,0.27727576036440515,份,0.20998495653694582,个,0.04417369498873746,次,0.043567643660635036
107020103,过氧化氢（双氧水）,A 首要单位>=90%,1007871469.19,15,0.9867565755078599,0.9902353003127378,0.9930977591660661,千克,0.9867565755078599,桶,0.0034787248048779146,OTHER,0.002862458853328383,立方米,0.002007189519538462,瓶,0.0019069395441311786
109010304,汽轮机、燃气轮机、水轮机零件,C 前3个>=90%,1005064358.1400002,18,0.40041793106142715,0.6887058714836858,0.9431275700137425,套,0.40041793106142715,千克,0.2882879404222587,个,0.25442169853005664,OTHER,0.026514797807891146,次,0.010568441626621104
103010901,冷冻水产品,D 前3个仍<90%,1001735383.3499997,15,0.7162156491574423,0.8050159459808603,0.8543019980666833,千克,0.7162156491574423,个,0.0888002968234181,袋,0.049286052085822964,OTHER,0.04186255536842509,盒,0.03449729444959215
104020118,便服套装,B 前2个>=90%,999975251.9999994,21,0.7623005464039225,0.9765699812838968,0.9859353224873609,个,0.7623005464039225,套,0.21426943487997435,批,0.009365341203464111,OTHER,0.005823749606155255,UNKNOWN,0.004097384332067452
109040802,电力微电子组件,B 前2个>=90%,997249521.8199997,20,0.6709689743935262,0.9288724435981198,0.971179797662327,个,0.6709689743935262,平方米,0.2579034692045936,套,0.04230735406420717,OTHER,0.009577590062483848,千克,0.005847333783984027
106051202,刷子类制品,D 前3个仍<90%,994675610.4300039,21,0.6214403850947762,0.7726781090950336,0.8495829349275789,个,0.6214403850947762,套,0.1512377240002575,箱,0.07690482583254521,瓶,0.03413397432688859,千克,0.032866731894498916
109020601,金属冶炼设备,C 前3个>=90%,994589533.3899999,17,0.716358525000303,0.8560450079722912,0.9608785836732281,套,0.716358525000303,个,0.13968648297198827,千克,0.10483357570093683,项,0.023079335825866833,批,0.012945913432361745
109025603,具有独立功能专用机械,B 前2个>=90%,991970488.8399998,19,0.7340783043672305,0.9617104114715994,0.9834923014704309,个,0.7340783043672305,套,0.2276321071043689,OTHER,0.021781889998831516,UNKNOWN,0.00795139372464963,批,0.005501487454915848
104030301,衣箱、提箱及类似容器,A 首要单位>=90%,991753070.509992,19,0.9174292542922104,0.9480003567889327,0.9773253891127999,个,0.9174292542922104,UNKNOWN,0.030571102496722277,套,0.029325032323867146,千克,0.010404398369741209,OTHER,0.005710619929906173
103030301,每吨不超过3000元的啤酒,D 前3个仍<90%,986421482.57,20,0.7579478969294888,0.8176773256687082,0.8751391178453376,箱,0.7579478969294888,个,0.05972942873921943,瓶,0.05746179217662942,OTHER,0.04332880984976626,套,0.023937080971190624
107021305,离子交换树脂,A 首要单位>=90%,983735054.15,18,0.9295467246311709,0.9715619378083744,0.9786068834273838,千克,0.9295467246311709,立方米,0.042015213177203435,瓶,0.007044945619009382,桶,0.006230496894609415,OTHER,0.004305832339846787
106020103,广告宣传印刷品,D 前3个仍<90%,981857850.2699999,26,0.48075212986299076,0.5846740200754499,0.6845092124233488,个,0.48075212986299076,平方米,0.10392189021245907,UNKNOWN,0.09983519234789898,批,0.08978140676449142,套,0.06464592231201859
104020403,胶鞋,A 首要单位>=90%,980075856.7499995,19,0.9786012095027562,0.9852803380772598,0.9898615897620927,个,0.9786012095027562,UNKNOWN,0.006679128574503581,千克,0.004581251684832917,OTHER,0.004273583163133054,批,0.0016648498060249772
103020301,米、面制半成品,D 前3个仍<90%,975441840.4799997,20,0.3021021622621712,0.489280047014536,0.645111791678268,箱,0.3021021622621712,个,0.18717788475236483,千克,0.155831744663732,袋,0.11230851573487112,包,0.10372839232548238
109023104,电池生产专用设备,B 前2个>=90%,974235448.5299989,20,0.8913521752778423,0.9805164515532248,0.9887642559439644,个,0.8913521752778423,套,0.08916427627538251,OTHER,0.008247804390739712,千克,0.006039607785652052,项,0.0019799278736064223
108011499,其他日用玻璃制品,D 前3个仍<90%,966740731.87,18,0.5398995004590196,0.6875984973284314,0.8339063000486131,个,0.5398995004590196,平方米,0.14769899686941182,千克,0.14630780272018168,UNKNOWN,0.07483381463617526,套,0.03984164925532424
109060310,电力自动化仪表及系统,B 前2个>=90%,962387446.4000003,20,0.5445648917600013,0.9226514961531818,0.96100035743359,个,0.5445648917600013,套,0.3780866043931805,OTHER,0.0383488612804083,批,0.0174210775012869,UNKNOWN,0.00796333708286409
307030100,旅游服务,C 前3个>=90%,961614771.2100006,20,0.7577306851195161,0.8911835660985823,0.9459957021306414,UNKNOWN,0.7577306851195161,次,0.1334528809790661,OTHER,0.05481213603205915,项,0.025237738849895493,套,0.012233841328370033
109040804,继电器,A 首要单位>=90%,960388447.0799999,20,0.9456341843045404,0.9783427511302961,0.9903122500918371,个,0.9456341843045404,套,0.032708566825755785,批,0.011969498961540965,UNKNOWN,0.003657636356081018,千米,0.0021310906188248984
109030802,挂车、半挂车,A 首要单位>=90%,959641190.01,14,0.9510986787160408,0.9772720006841592,0.9981012463627359,个,0.9510986787160408,UNKNOWN,0.026173321968118383,套,0.020829245678576705,千克,0.00095367863481398,OTHER,0.0006075291536766202
109020603,金属轧制设备,C 前3个>=90%,959098493.0000007,13,0.4411732594600171,0.7229471653856516,0.9748257763241006,千克,0.4411732594600171,套,0.2817739059256345,个,0.25187861093844904,项,0.01638621685332998,OTHER,0.003542071523200691
109060206,执行器,B 前2个>=90%,956500963.6599996,18,0.8685316858972876,0.9734618384252638,0.9952739543170949,个,0.8685316858972876,套,0.10493015252797623,UNKNOWN,0.021812115891831067,批,0.0023814131783872214,OTHER,0.0012864496709878836
103010906,甲壳水产品加工品,A 首要单位>=90%,953725550.7600015,13,0.9851698515377626,0.98938374779628,0.9927734551994463,千克,0.9851698515377626,盒,0.004213896258517382,个,0.0033897074031662643,箱,0.002052995202277763,包,0.00197782701585047
109032103,船舶专用设备,B 前2个>=90%,948640299.7199999,19,0.7723094913069228,0.9384485180239186,0.9744246265869569,个,0.7723094913069228,套,0.16613902671699582,OTHER,0.03597610856303839,UNKNOWN,0.011456635684998686,千克,0.0065839908359823195
107021412,生物化学制剂,C 前3个>=90%,944713552.5400003,18,0.8601164719351218,0.8984375968651752,0.9197864941746018,千克,0.8601164719351218,桶,0.03832112493005348,盒,0.021348897309426528,个,0.02114443963071464,瓶,0.017479115553707302
109050604,固定无线接入设备,A 首要单位>=90%,944595186.95,14,0.9838552065258329,0.9932221918569453,0.9959667330803352,个,0.9838552065258329,套,0.009366985331112373,月,0.0027445412233899377,批,0.0018128574903384966,UNKNOWN,0.0009055730346901277
103011204,淀粉糖,A 首要单位>=90%,937265856.2499998,12,0.9568419441610274,0.985738379499408,0.9911451270579665,千克,0.9568419441610274,个,0.028896435338380554,箱,0.005406747558558576,桶,0.0036477807627380973,袋,0.0019761231220034644
109013403,容器装封、贴标签及包封机,B 前2个>=90%,936912592.2499999,21,0.821433704836621,0.9529258429283322,0.9611816179216264,个,0.821433704836621,套,0.1314921380917111,卷,0.008255774993294206,项,0.008254904442501371,千克,0.005566337770608611
101011601,茶叶,D 前3个仍<90%,935924220.3800018,18,0.6856797729835884,0.7903302476023912,0.8720169167313928,千克,0.6856797729835884,个,0.10465047461880288,盒,0.08168666912900158,OTHER,0.025753442880464873,包,0.024226769781418613
104010399,其他麻纺织品,C 前3个>=90%,934603684.8499997,20,0.4265065777629329,0.7571710252603763,0.9293543654168271,千克,0.4265065777629329,个,0.33066444749744334,千米,0.17218334015645084,盒,0.03198593825873681,平方米,0.008542015058801427
104020103,女睡衣,B 前2个>=90%,934236334.1899997,15,0.5235431522839135,0.9940480089389574,0.9968701017365854,套,0.5235431522839135,个,0.470504856655044,UNKNOWN,0.0028220927976280188,盒,0.001072962700459622,OTHER,0.0010428992797039403
109040402,互感器,A 首要单位>=90%,933371259.4899995,15,0.9684252375350586,0.9847648864313973,0.9914309459192368,个,0.9684252375350586,套,0.016339648896338665,千克,0.0066660594878394834,UNKNOWN,0.0037121112684497908,批,0.002847303335065327
401020000,非专利技术,D 前3个仍<90%,931103748.0099978,24,0.3857158196147048,0.5653601880188602,0.7396943908151925,UNKNOWN,0.3857158196147048,月,0.17964436840415546,套,0.17433420279633224,项,0.0946171486241875,OTHER,0.05911047845917276
201030000,污水处理劳务,D 前3个仍<90%,930996910.7700003,27,0.5371151742989366,0.7363232325153809,0.7891479673250001,千克,0.5371151742989366,UNKNOWN,0.19920805821644427,个,0.052824734809619224,立方米,0.048001888226501754,项,0.03710160431298506
109022202,印刷机设备,B 前2个>=90%,929596091.5599997,23,0.8279510533530711,0.927182723836107,0.9694119966637523,个,0.8279510533530711,套,0.09923167048303595,千克,0.04222927282764533,UNKNOWN,0.011510981658757701,平方米,0.006794039440722368
109023201,半导体材料、器件及集成电路生产设备,D 前3个仍<90%,919897727.54,21,0.7572658105514337,0.8260268549113889,0.8896958577978573,个,0.7572658105514337,千克,0.06876104435995528,OTHER,0.06366900288646843,套,0.032062666062752605,UNKNOWN,0.029419743575595705
106040899,其他玩具,C 前3个>=90%,917270915.9399991,19,0.6664599561008945,0.8122196134895581,0.9131637660413837,个,0.6664599561008945,套,0.14575965738866356,盒,0.10094415255182562,UNKNOWN,0.03911525197899871,批,0.021836927969610058
103020104,膨化食品,D 前3个仍<90%,915053428.0799986,19,0.3347635986925331,0.5245242313304983,0.6638133994257813,箱,0.3347635986925331,个,0.18976063263796528,袋,0.13928916809528302,包,0.10544005143223717,OTHER,0.06989546536555727
107020119,氰化物、氧氰化物及氰络合物,B 前2个>=90%,914665589.6600001,10,0.7518638956950745,0.9794408329420263,0.9982213370237262,千克,0.7518638956950745,瓶,0.2275769372469518,OTHER,0.018780504081699814,UNKNOWN,0.001631767562781935,套,8.77971150416307e-05
107050803,日用橡胶制品,D 前3个仍<90%,913567695.7399977,23,0.6559175418353868,0.7674239212148432,0.8657752193058076,个,0.6559175418353868,箱,0.11150637937945641,千克,0.0983512980909644,套,0.043568152886316394,OTHER,0.029724373986324045
107060399,其他纤维增强塑料制品,D 前3个仍<90%,913344161.2800004,21,0.3821653773434411,0.695448504526296,0.8238302079092479,千克,0.3821653773434411,个,0.31328312718285495,千米,0.1283817033829519,套,0.0653188634133182,OTHER,0.048094116130812624
108031199,其他贵金属,B 前2个>=90%,906444212.6699997,16,0.7906060588649816,0.9306329628220693,0.986012267150283,千克,0.7906060588649816,个,0.14002690395708767,套,0.05537930432821374,OTHER,0.008560079143916195,UNKNOWN,0.0038646070889255283
109041905,家用电动按摩器,A 首要单位>=90%,902367400.6599995,12,0.9701558573145451,0.9955495957111673,0.9991651824418202,个,0.9701558573145451,UNKNOWN,0.025393738396622203,套,0.0036155867306528525,箱,0.0005509097509910041,OTHER,0.00020902596864873763
107020225,酮,A 首要单位>=90%,896859341.8600001,12,0.9919938307883279,0.9950699535104021,0.9975196689646042,千克,0.9919938307883279,瓶,0.003076122722074134,立方米,0.002449715454202137,UNKNOWN,0.0006927056128016323,桶,0.0006470517537303939
109062601,装有计算和电子装置设备,B 前2个>=90%,896164080.2000002,20,0.8717212042192718,0.9671832433258911,0.9814223915264664,个,0.8717212042192718,套,0.09546203910661938,UNKNOWN,0.014239148200575244,OTHER,0.005977994586442697,批,0.003275034756297075
109012704,风机、工业风扇用零件,C 前3个>=90%,895911169.1600001,20,0.7043218638647294,0.8794431196886766,0.9283676202293905,个,0.7043218638647294,套,0.1751212558239472,批,0.048924500540713844,UNKNOWN,0.02293652659701372,千克,0.022145519749019574
109060801,汽车仪器仪表,B 前2个>=90%,895607945.2399999,18,0.7048788132633516,0.9910943769286653,0.9968139198349393,个,0.7048788132633516,套,0.28621556366531375,UNKNOWN,0.005719542906273917,副,0.0011807130626969025,次,0.0007219518355509136
103019900,其他农副食品,D 前3个仍<90%,894616366.7599999,18,0.44419742570684206,0.6257321057487155,0.7361481880273665,千克,0.44419742570684206,个,0.18153468004187345,UNKNOWN,0.11041608227865098,箱,0.06737297865261335,袋,0.06391697291107136
107021002,有机颜料,A 首要单位>=90%,892773342.7000006,18,0.9771554434764823,0.9890563475266274,0.9922787915360995,千克,0.9771554434764823,份,0.011900904050145081,立方米,0.0032224440094721007,桶,0.002125994627325916,OTHER,0.0017699105522362936
109012905,热交换装置,B 前2个>=90%,892092467.6800002,14,0.7656702171427981,0.9708007554219774,0.9888423985958702,个,0.7656702171427981,套,0.2051305382791793,千克,0.018041643173892733,UNKNOWN,0.0041774221675602964,项,0.0032302762823390274
103011003,干制蔬菜（脱水蔬菜）,B 前2个>=90%,890401980.2199998,16,0.6900019881112568,0.9532296194245766,0.9630601010771863,UNKNOWN,0.6900019881112568,千克,0.26322763131331983,箱,0.00983048165260964,OTHER,0.009010656589080873,卷,0.006699875261425226
109060702,气体或烟雾分析、检测仪器,B 前2个>=90%,887321714.1400001,20,0.5294180932620357,0.9462581302360914,0.9667171229562174,个,0.5294180932620357,套,0.4168400369740557,千克,0.020458992720126013,UNKNOWN,0.012743823665985327,盒,0.007357500877038099
107030710,生物制剂,D 前3个仍<90%,884576895.5699999,22,0.3010244694989641,0.5204996202883133,0.6784443949141207,盒,0.3010244694989641,个,0.21947515078934918,千克,0.1579447746258074,瓶,0.12336719789598462,OTHER,0.08005867674665706
107021005,工业用调制颜料、遮光剂和着色剂及类似颜料,A 首要单位>=90%,878807772.9200001,20,0.9812216648526364,0.9849537356547668,0.9885910149079751,千克,0.9812216648526364,个,0.0037320708021304294,桶,0.0036372792532081777,OTHER,0.0029199767788508145,份,0.0024337490244236834
106040801,供儿童乘骑带轮玩具,B 前2个>=90%,878045827.8000007,18,0.7347762076001293,0.9438335047686904,0.9789294034044267,个,0.7347762076001293,箱,0.20905729716856114,批,0.03509589863573631,千克,0.008549106552681913,UNKNOWN,0.0056605994956474715
109010501,组合机床,B 前2个>=90%,876913288.0299995,21,0.8364575478127618,0.949313619936297,0.9603048903749658,个,0.8364575478127618,套,0.1128560721235352,批,0.010991270438668809,千克,0.010230813619160348,UNKNOWN,0.009726343843142006
107021409,润滑剂及类似制品,D 前3个仍<90%,874875265.7,22,0.5438250010066549,0.729575026731722,0.7815834213268008,千克,0.5438250010066549,桶,0.1857500257250672,立方米,0.05200839459507879,个,0.046111251068141845,瓶,0.046000091953451124
101040100,海水鱼,C 前3个>=90%,874038165.8699999,17,0.8531568989298695,0.8820220401161096,0.9057392801514643,千克,0.8531568989298695,袋,0.028865141186240215,包,0.02371724003535474,个,0.023463319750559066,盒,0.017975267469426244
108011401,餐饮用玻璃器皿,C 前3个>=90%,869159847.8000023,19,0.7467094479372942,0.8623061096610408,0.9046718831412638,个,0.7467094479372942,套,0.11559666172374665,盒,0.04236577348022299,箱,0.038944056925405424,千克,0.021173847821643423
301010102,道路旅客运输服务,D 前3个仍<90%,868480579.7699997,25,0.4422974574304569,0.623983411941711,0.7564400429701965,UNKNOWN,0.4422974574304569,千克,0.18168595451125416,OTHER,0.13245663102848546,次,0.07528949254952436,个,0.06444109021392448
108040303,机器用刀具及刀片,C 前3个>=90%,864057250.7699999,22,0.8485498667091985,0.8950389673147469,0.9263645246153531,个,0.8485498667091985,套,0.04648910060554831,千米,0.031325557300606315,千克,0.016876016834538998,批,0.013688679401115745
105010303,刨花板,B 前2个>=90%,858852579.7099998,14,0.7426999729748531,0.9366705718129582,0.9640613526591232,个,0.7426999729748531,立方米,0.19397059883810502,平方米,0.027390780846164926,千克,0.015552968932701307,套,0.011103442098549673
107020120,硅化物及硅酸盐,A 首要单位>=90%,854948448.1800003,19,0.9664972047016693,0.9821902924645179,0.9876281652741556,千克,0.9664972047016693,个,0.015693087762848643,立方米,0.005437872809637735,包,0.0038550140736744107,UNKNOWN,0.0027412949575955792
108041202,铜丝绞线、缆、编带,B 前2个>=90%,854756759.8800004,17,0.6708126574167107,0.908454850452443,0.9636241960644277,千克,0.6708126574167107,千米,0.23764219303573228,个,0.055169345611984714,箱,0.013856006323556559,卷,0.00813132108013484
109042399,其他电光源,A 首要单位>=90%,853766470.3699926,21,0.9101106727384813,0.9642993053044225,0.9889382303501482,个,0.9101106727384813,OTHER,0.05418863256594115,套,0.02463892504572564,UNKNOWN,0.005129843653970147,千米,0.0017399802423210882
107020231,碳酸酯、过碳酸酯及其盐,A 首要单位>=90%,853324085.3000003,9,0.9994727274575382,0.9998280977151273,0.9999455876837419,千克,0.9994727274575382,桶,0.00035537025758904816,个,0.00011748996861462427,UNKNOWN,1.9922090906438396e-05,OTHER,1.9513617729594386e-05
109051399,其他信息系统安全设备,C 前3个>=90%,852499639.21,21,0.5044307884734126,0.8946729820634196,0.9558133588831692,个,0.5044307884734126,套,0.39024219359000695,UNKNOWN,0.06114037681974962,项,0.02214802542027694,OTHER,0.0115267494765231
107030399,其他中药饮片,D 前3个仍<90%,844663459.1899999,15,0.555337500499694,0.7737053824214218,0.8713565597780195,千克,0.555337500499694,盒,0.21836788192172785,袋,0.09765117735659766,批,0.03853479757631897,罐,0.02628947846435133
108031403,稀有稀土金属合金,B 前2个>=90%,843757617.15,11,0.8697062494779754,0.9891211952776147,0.9938682559483427,千克,0.8697062494779754,个,0.11941494579963924,UNKNOWN,0.004747060670728074,套,0.004294626307777446,批,0.0011396874889830438
109020202,采油设备,C 前3个>=90%,838459822.4800011,15,0.5972590228101773,0.7931690435958412,0.9173373995965645,个,0.5972590228101773,套,0.19591002078566383,千米,0.12416835600072326,OTHER,0.06453559397748082,千克,0.012403547684895848
104020116,女大衣、女风衣,A 首要单位>=90%,837188966.960001,8,0.9871484929990554,0.9931016334448708,0.9972915396648934,个,0.9871484929990554,UNKNOWN,0.005953140445815408,套,0.0041899062200225975,批,0.0019426437091086316,千米,0.000429138980778237
107021901,水处理剂,B 前2个>=90%,836991381.0300002,21,0.8868868762501552,0.915031549222786,0.9392018111615703,千克,0.8868868762501552,桶,0.02814467297263083,套,0.024170261938784406,个,0.02301144685181609,批,0.010214704074346445
109050801,广播电视节目制作及播控设备,B 前2个>=90%,836616978.3400003,17,0.838089136119647,0.9640964289900021,0.976023527337682,个,0.838089136119647,套,0.12600729287035517,UNKNOWN,0.01192709834767994,批,0.011195706903516196,项,0.0052944079724376565
109010699,其他金属成形机床,B 前2个>=90%,832812469.33,12,0.7910383305139459,0.976948833120325,0.9965159615077157,千克,0.7910383305139459,个,0.18591050260637912,套,0.01956712838739071,副,0.0021632099258184143,UNKNOWN,0.0005134985554959858
108042700,金属链条及零件,D 前3个仍<90%,829587695.5200013,20,0.5825400928554992,0.7704239797932151,0.8960855885814889,个,0.5825400928554992,千克,0.1878838869377158,千米,0.1256616087882738,套,0.050507561534812784,OTHER,0.03672290404561032
108020404,铸铁管附件,C 前3个>=90%,829584493.2599998,16,0.487336209819067,0.8131328541462809,0.9083854806743835,个,0.487336209819067,千克,0.3257966443272139,套,0.09525262652810261,千米,0.057572916282839774,副,0.012619882091647093
109060104,工业自动调节仪表与控制系统零件、附件,B 前2个>=90%,829365924.3000001,21,0.6540855437819679,0.9293152535902902,0.9629942053431914,个,0.6540855437819679,套,0.2752297098083223,UNKNOWN,0.033678951752901184,OTHER,0.00951943613630329,千克,0.007930034990949289
108031402,硬质合金,B 前2个>=90%,828880619.9299996,17,0.5586803306718736,0.9854027614000411,0.9898791193106813,个,0.5586803306718736,千克,0.4267224307281675,批,0.00447635791064019,套,0.004412604918074794,OTHER,0.002874905170543431
108042300,金属制餐具,C 前3个>=90%,826984806.8699933,21,0.7819010707190001,0.8540893954549162,0.9024271242716008,个,0.7819010707190001,套,0.07218832473591624,千克,0.04833772881668457,批,0.035398865573841296,OTHER,0.026299799173238183
102050202,天然花岗石荒料,B 前2个>=90%,821067826.32,17,0.8128602192602353,0.9003413428136091,0.954314983101797,千克,0.8128602192602353,立方米,0.08748112355337384,平方米,0.05397364028818787,千米,0.01287196729820585,批,0.010340082704313849
104030501,钱包及类似物品,B 前2个>=90%,819193748.4399941,13,0.870975413446112,0.9764146459530565,0.9902094817553561,个,0.870975413446112,千克,0.10543923250694458,套,0.013794835802299548,UNKNOWN,0.006808348270016833,千米,0.0017828203191018123
109012003,液压辅件,B 前2个>=90%,816305850.6600007,21,0.8355584676362805,0.9157174304405958,0.943960097648432,个,0.8355584676362805,套,0.08015896280431536,千克,0.028242667207836157,千米,0.021410913281913614,批,0.017811769226257806
108010302,水泥混凝土排水管,D 前3个仍<90%,812866379.0899999,19,0.5658359937520244,0.7388950394311972,0.8666670294921867,千米,0.5658359937520244,个,0.1730590456791727,OTHER,0.1277719900609895,千克,0.09066024755815445,UNKNOWN,0.015432709129935681
109031404,脚踏自行车零件,C 前3个>=90%,811279777.0599996,19,0.7049810426344462,0.8799063801354998,0.9124332951852366,个,0.7049810426344462,套,0.17492533750105366,副,0.03252691504973678,批,0.02430927825104835,OTHER,0.023819102948711694
102050302,耐火粘土熟料,A 首要单位>=90%,810265547.9399998,12,0.9851670138875386,0.9931565442537974,0.9984822245581999,千克,0.9851670138875386,批,0.007989530366258856,个,0.005325680304402553,UNKNOWN,0.0003355000106954196,平方米,0.00029098917089519325
108031003,钴,A 首要单位>=90%,810153909.59,6,0.998297458145085,0.9997919903267698,0.999930125622638,千克,0.998297458145085,OTHER,0.0014945321816847842,UNKNOWN,0.0001381352958682079,个,5.379101363845089e-05,桶,1.2343333632816468e-05
107030120,制剂用辅料及附加剂,A 首要单位>=90%,809109906.9799999,20,0.9116767031233911,0.9483362145866875,0.9707474678460648,千克,0.9116767031233911,OTHER,0.036659511463296414,盒,0.022411253259377314,个,0.009873923692047289,UNKNOWN,0.008545655343422848
108031002,铋,A 首要单位>=90%,808269960.8100013,6,0.9989955232417813,0.9999859731147392,0.9999979431253411,千克,0.9989955232417813,个,0.0009904498729579585,瓶,1.1970010601784925e-05,OTHER,9.662613209296151e-07,套,6.186051990586524e-07
109012002,液压系统及装置,B 前2个>=90%,805674708.2299998,16,0.4858384859193782,0.9686555213263679,0.9818266548019525,套,0.4858384859193782,个,0.4828170354069896,OTHER,0.013171133475584592,UNKNOWN,0.010639853047928666,项,0.002897786868758836
108010703,天然石材制成品,D 前3个仍<90%,805285541.9200002,18,0.5893103441650327,0.8010208837874326,0.8531462017583965,平方米,0.5893103441650327,千克,0.2117105396223999,立方米,0.052125317970963904,OTHER,0.04056636097316808,批,0.030925604762036128
109041001,光纤,B 前2个>=90%,804618447.1199999,18,0.7293830343445683,0.9138399911434535,0.9598739667906411,千米,0.7293830343445683,个,0.18445695679888519,OTHER,0.04603397564718762,套,0.013498074719607109,项,0.005184108436651226
109051504,功率晶体管,A 首要单位>=90%,804598295.5099998,6,0.9871085057253006,0.9979015186591592,0.9993679155264955,个,0.9871085057253006,OTHER,0.010793012933858587,套,0.0014663968673363122,UNKNOWN,0.0006266564729426942,千米,5.229143565775438e-06
401010000,专利技术,D 前3个仍<90%,803119064.91,22,0.3759506235900844,0.6582001511559659,0.8480572628621699,项,0.3759506235900844,UNKNOWN,0.2822495275658815,套,0.18985711170620406,次,0.05257869492206872,个,0.0368930159232621
108011501,玻璃保温容器,A 首要单位>=90%,801205552.7099894,20,0.9366430815559086,0.9634831967638768,0.9729322962545045,个,0.9366430815559086,套,0.026840115207968255,千米,0.009449099490627643,批,0.009052284142899917,UNKNOWN,0.007005642298677015
107030210,膏霜剂,C 前3个>=90%,800129400.2899992,17,0.5150601515337799,0.8373426350127497,0.92522691038685,个,0.5150601515337799,盒,0.3222824834789698,OTHER,0.0878842753741003,千克,0.03305819282532694,瓶,0.032616965818955165
109042107,家用型过滤、净化装置零件,B 前2个>=90%,796028806.8699999,16,0.8254279329709051,0.9526794467550572,0.9940364080181141,个,0.8254279329709051,UNKNOWN,0.12725151378415217,套,0.0413569612630569,盒,0.0021793478138327164,千克,0.0019871363151036416
110020204,民用液化石油气,B 前2个>=90%,794943484.8500003,11,0.7759737573374743,0.9730872680288248,0.9877384377810968,千克,0.7759737573374743,OTHER,0.19711351069135055,瓶,0.014651169752271976,立方米,0.008365098911722968,UNKNOWN,0.0022230228106510652
108012902,普通磨料,B 前2个>=90%,792633263.0599998,19,0.7924172727690019,0.9316124234545319,0.9469493242086954,千克,0.7924172727690019,个,0.13919515068552998,瓶,0.015336900754163515,桶,0.009051771638123766,包,0.00785178013596547
109020105,矿物粉磨机械,B 前2个>=90%,791644927.3799999,14,0.8506536422695369,0.9023085643257369,0.9525830432410748,个,0.8506536422695369,千克,0.0516549220562,OTHER,0.050274478915337886,套,0.04445420656767173,UNKNOWN,0.0014982969245132891
109041999,其他家用美容、保健电器具,A 首要单位>=90%,790463974.9699998,13,0.9630879318173768,0.9844318126572852,0.9892778652305797,个,0.9630879318173768,套,0.021343880839908385,UNKNOWN,0.004846052573294543,批,0.0036794478079919886,盒,0.0025166472894296034
109050302,电话单机,A 首要单位>=90%,790055701.8100002,18,0.9375699355032797,0.9683089843505475,0.9897638249031399,个,0.9375699355032797,套,0.03073904884726775,项,0.021454840552592346,UNKNOWN,0.006130516328030751,千米,0.0017813895359221946
103020203,巧克力制品,D 前3个仍<90%,788219159.3599992,15,0.6095026697525118,0.7800027437029082,0.8857875534983238,箱,0.6095026697525118,个,0.17050007395039649,盒,0.10578480979541562,千克,0.03553895219033366,OTHER,0.032562730929859916
107021902,污水处理化学药剂,A 首要单位>=90%,788184703.1300001,18,0.9514342398704401,0.9629001458365312,0.974044452754844,千克,0.9514342398704401,套,0.011465905966091086,桶,0.011144306918312825,批,0.003938477196617197,UNKNOWN,0.0033801337039658106
108032499,其他稀有稀土金属压延加工材,B 前2个>=90%,784228350.5600001,10,0.5322032577016198,0.9758830919508399,0.9891455735769797,个,0.5322032577016198,千克,0.4436798342492201,套,0.013262481626139898,UNKNOWN,0.006035230384900355,平方米,0.004573440972184788
104020407,靴鞋零件、护腿及类似品,B 前2个>=90%,782300909.5500008,21,0.888721574732573,0.9261287387442232,0.9539541687600485,个,0.888721574732573,千克,0.03740716401165019,OTHER,0.02782543001582527,千米,0.018684324000604755,套,0.008953843609908651
101030399,其他畜禽产品,B 前2个>=90%,780837749.9000001,13,0.8561929494899796,0.9278754665649651,0.9722444456575319,千克,0.8561929494899796,个,0.07168251707498549,副,0.04436897909256678,批,0.009295800492393686,OTHER,0.008489342838315556
104020109,女Ｔ恤衫,A 首要单位>=90%,780745506.1499997,15,0.9842958795107757,0.99191958557519,0.9961384428648625,个,0.9842958795107757,套,0.007623706064414345,UNKNOWN,0.0042188572896725346,OTHER,0.0034360993292538783,批,0.00023331864040854598
107060306,能源、电力用纤维增强塑料制品,D 前3个仍<90%,779945834.7200001,22,0.31080300477151057,0.6199454003540961,0.7570046043671241,千瓦时,0.31080300477151057,个,0.30914239558258544,千米,0.1370592040130281,套,0.08291086148721473,平方米,0.07410480391981238
108012799,其他炭素产品,B 前2个>=90%,776042766.3799998,17,0.7969375083088703,0.97279551069269,0.9890175052081773,千克,0.7969375083088703,个,0.17585800238381966,套,0.016221994515487368,OTHER,0.00592404275790758,立方米,0.001891326178899394
101011199,其他农作物副产品,D 前3个仍<90%,773571103.25,17,0.7525121074124094,0.8232141987136721,0.8784975378538353,千克,0.7525121074124094,袋,0.07070209130126269,个,0.05528333914016328,包,0.027136734544252767,盒,0.02306958029458942
109040801,电力半导体器件（5A以上）,A 首要单位>=90%,773307329.6199995,17,0.9207142253518681,0.9663817266380045,0.9913811377382455,个,0.9207142253518681,套,0.04566750128613636,OTHER,0.024999411100241075,千克,0.002994262735279932,UNKNOWN,0.001997483627575397
102050407,以自己采掘的砂、土、石料或其他矿物连续生产的砖、瓦、石灰（不含粘土实心砖、瓦）,C 前3个>=90%,772409700.9499998,21,0.6319999194204837,0.8604450996829496,0.916227935251957,千克,0.6319999194204837,立方米,0.2284451802624658,UNKNOWN,0.05578283556900738,个,0.05335414553871291,OTHER,0.011628160546084869
307010100,文化服务,D 前3个仍<90%,771684053.3799996,25,0.7090484163737948,0.8101327022007925,0.8782242650882858,UNKNOWN,0.7090484163737948,项,0.10108428582699766,次,0.06809156288749331,个,0.046398411867102064,批,0.03471339768221038
104011003,用塑料处理纺织物,D 前3个仍<90%,770439349.7500001,21,0.29545866418150196,0.5433659570293774,0.7735211633769488,千米,0.29545866418150196,千克,0.24790729284787544,个,0.2301552063475714,平方米,0.15459621620916575,UNKNOWN,0.029132115950831202
107022601,食品用香精,A 首要单位>=90%,769549203.7599998,16,0.9937326315114945,0.9975319387367045,0.9980997886387835,千克,0.9937326315114945,个,0.00379930722521004,UNKNOWN,0.0005678499020788853,OTHER,0.0005045349252561745,罐,0.00037149080085223233
109051902,电阻器及电阻网络,A 首要单位>=90%,769408986.4199992,14,0.9539777634977209,0.9812472395895258,0.9908697944734357,个,0.9539777634977209,OTHER,0.027269476091804887,套,0.009622554883909992,次,0.00516899638579088,千克,0.0020820064338650172
104010501,床褥单,D 前3个仍<90%,767476231.34,17,0.585906561347034,0.8076108112401104,0.8939032721862534,个,0.585906561347034,OTHER,0.2217042498930764,套,0.08629246094614304,千克,0.04687904878458851,UNKNOWN,0.032853812092624536
109010599,其他金属切削机床,A 首要单位>=90%,766274035.4600002,18,0.9716289512446428,0.9863130175307271,0.9922448561545836,个,0.9716289512446428,套,0.01468406628608436,千克,0.005931838623856481,批,0.0020664107835122597,UNKNOWN,0.0014941377457905075
109051305,安全智能卡类设备,B 前2个>=90%,764305502.0600001,17,0.7628633351827268,0.9237862151024694,0.9568979442366832,个,0.7628633351827268,套,0.16092287991974263,UNKNOWN,0.03311172913421379,批,0.02181369730436819,OTHER,0.01323924425864678
109040803,电力集成电路,B 前2个>=90%,761681333.9200003,20,0.8881377755031753,0.9372872114586742,0.9732901703586494,个,0.8881377755031753,套,0.04914943595549888,UNKNOWN,0.036002958899975124,OTHER,0.009248172163740919,千克,0.0077973517736536595
109069900,其他仪器仪表及文化、办公用机械,B 前2个>=90%,760438599.6099999,23,0.6889111194627356,0.9009077503579567,0.9410853120646734,个,0.6889111194627356,套,0.211996630895221,UNKNOWN,0.04017756170671669,千克,0.021184930746890183,批,0.012573579819466949
104010702,包装用织物制品,C 前3个>=90%,758254897.3700005,22,0.730295385747823,0.8976788881296982,0.9232928024972342,个,0.730295385747823,千克,0.1673835023818752,桶,0.025613914367536014,套,0.019476468218303768,平方米,0.01330772134146354
109011305,工业车辆专用配套件,B 前2个>=90%,756355983.7899997,25,0.6976683347117011,0.9379168367457016,0.9577577478664188,个,0.6976683347117011,套,0.2402485020340005,批,0.019840911120717196,副,0.010283656527743648,千克,0.009816259220686508
107040303,腈纶纤维,A 首要单位>=90%,755149082.7900002,10,0.9954935774702565,0.9969346717187979,0.9980152861545396,千克,0.9954935774702565,套,0.0014410942485414229,千米,0.0010806144357417286,个,0.0010193066078503787,OTHER,0.0005070271536123625
104030502,皮革制座套,C 前3个>=90%,752217743.29,21,0.47370609704246897,0.8583952962288279,0.9197990818640638,个,0.47370609704246897,套,0.38468919918635897,千米,0.0614037856352358,平方米,0.034198382130003105,OTHER,0.011899510613576608
107030204,输液,D 前3个仍<90%,750975375.71,13,0.4742320239505791,0.8509493832015809,0.8987321405204534,瓶,0.4742320239505791,袋,0.37671735925100175,OTHER,0.047782757318872465,个,0.04664805049949858,盒,0.03407383898014975
109024701,矫形器具,C 前3个>=90%,750889233.3900001,15,0.83628149813123,0.8830208854860779,0.9183672209771009,个,0.83628149813123,批,0.046739387354847894,套,0.035346335491022986,OTHER,0.03525048108693856,盒,0.02538115210942351
109013504,家用秤,A 首要单位>=90%,750826446.3500022,11,0.927679565012701,0.9788599723848819,0.9900613046113702,个,0.927679565012701,套,0.05118040737218085,UNKNOWN,0.011201332226488331,箱,0.009594034313812736,OTHER,0.0001669311471503146
306010901,有形动产融资性售后回租,D 前3个仍<90%,749510581.7900001,16,0.48587210837009,0.8185131701741442,0.8919796817722793,UNKNOWN,0.48587210837009,项,0.3326410618040541,笔,0.07346651159813507,期,0.03557246935236762,次,0.027177486702525663
101040200,海水虾,B 前2个>=90%,748990261.7000005,13,0.8601671780187312,0.9029345219856548,0.9356930390914854,千克,0.8601671780187312,盒,0.042767343966923554,箱,0.032758517105830595,个,0.028368620643709493,UNKNOWN,0.009697473253543117
106050299,其他金属工艺品,C 前3个>=90%,747360217.35,20,0.43346749323731576,0.8175258903751174,0.9327607577130824,个,0.43346749323731576,套,0.3840583971378016,千克,0.1152348673379651,OTHER,0.015649736483795997,批,0.014776774631058705
109030101,铁路机车,B 前2个>=90%,745204831.22,15,0.7753013334523507,0.9049044167038163,0.988740248333786,个,0.7753013334523507,OTHER,0.12960308325146555,套,0.08383583162996981,千克,0.0073832605204563985,UNKNOWN,0.0019306044992283028
109051904,频率控制元器件,A 首要单位>=90%,744592892.0499994,15,0.9635351755168557,0.9881503498969642,0.9991653547507162,个,0.9635351755168557,千克,0.02461517438010845,套,0.01101500485375201,OTHER,0.00029151057217643257,UNKNOWN,0.00021024552029901445
109062602,银行专用机器,A 首要单位>=90%,743379530.7799985,20,0.933955062835151,0.9650410675920387,0.9754932249064152,个,0.933955062835151,套,0.031086004756887723,UNKNOWN,0.010452157314376594,期,0.009659782806321534,OTHER,0.007695642230015952
103010899,其他熟肉制品,D 前3个仍<90%,743247616.3100002,15,0.3729106529342677,0.6301076447242404,0.7200012080184051,千克,0.3729106529342677,袋,0.2571969917899727,个,0.08989356329416466,箱,0.07628764828268325,包,0.07490391057881278
104020107,女衬衫,A 首要单位>=90%,743228574.9300007,11,0.9812277868873461,0.9892701611200146,0.9967533639025823,个,0.9812277868873461,UNKNOWN,0.008042374232668546,套,0.00748320278256769,OTHER,0.0018565326287810666,批,0.0011481382562294094
106040702,西乐器,B 前2个>=90%,742387162.4300009,15,0.8853635334945269,0.932085697232468,0.9628919263907698,个,0.8853635334945269,箱,0.046722163737941136,OTHER,0.030806229158301772,套,0.01965907356510373,副,0.007720279148200401
307020102,非学历教育服务,D 前3个仍<90%,736354360.8100003,14,0.6042159936563494,0.7551269709306091,0.868299953295146,UNKNOWN,0.6042159936563494,次,0.15091097727425973,OTHER,0.11317298236453685,个,0.04521506831761787,项,0.04507369201085507
101030304,蚕茧,A 首要单位>=90%,728615407.69,8,0.9902578879267674,0.9992908583121538,0.9999024641268219,千克,0.9902578879267674,UNKNOWN,0.009032970385386389,瓶,0.0006116058146681379,千米,3.75120258390538e-05,批,2.6254179911796205e-05
103010803,酱卤烧烤肉制品,D 前3个仍<90%,727868732.6200007,14,0.3170418010529869,0.5936796657613792,0.723661284108204,千克,0.3170418010529869,袋,0.27663786470839224,个,0.12998161834682473,包,0.10800500626950522,OTHER,0.05749010421065333
103020199,其他焙烤食品,D 前3个仍<90%,727593605.28,19,0.2575180521520597,0.426842983413088,0.5721514838215181,袋,0.2575180521520597,个,0.16932493126102835,千克,0.1453085004084301,箱,0.13746371050293957,盒,0.12709209498125568
109013005,离心、过滤、净化机设备及其零件,B 前2个>=90%,727076127.6899997,23,0.8082112840879097,0.9352331792413383,0.9533094072448021,个,0.8082112840879097,套,0.12702189515342865,项,0.01807622800346381,千克,0.015511631286577753,批,0.0070595176963208625
109025311,防盗、防火报警器及类似装置,B 前2个>=90%,726078791.1199995,23,0.768608050910231,0.9152624912991963,0.9410545523937133,个,0.768608050910231,套,0.14665444038896536,UNKNOWN,0.025792061094516896,平方米,0.01687250839692315,OTHER,0.013886485273102583
106040603,体育器材及配件,D 前3个仍<90%,725504613.3900015,21,0.5592377595425405,0.7053690851100163,0.8027300526991074,个,0.5592377595425405,OTHER,0.14613132556747582,UNKNOWN,0.0973609675890911,套,0.08784834471581641,副,0.035507189636783384
107021003,矿物颜料,A 首要单位>=90%,725329330.8599999,19,0.9308718029221985,0.987706000997606,0.9931287459117493,千克,0.9308718029221985,批,0.056834198075407474,瓶,0.005422744914143262,个,0.0019630175141432723,桶,0.0018616132597299116
109031401,两轮脚踏自行车,C 前3个>=90%,725096203.8399999,14,0.8113353479779265,0.8996065682808856,0.9519935637289847,个,0.8113353479779265,批,0.08827122030295913,套,0.052386995448099063,千克,0.02121064017236767,UNKNOWN,0.012604122958581454
109032106,船用配套设备零件,D 前3个仍<90%,719087992.9100002,21,0.5855404819041371,0.7310220485294517,0.8349005723909245,个,0.5855404819041371,套,0.14548156662531467,批,0.10387852386147277,OTHER,0.09328299170807522,千克,0.03019466050619693
109020302,压实机械,A 首要单位>=90%,718602406.9100001,10,0.9963452927310763,0.9981913274746896,0.9991052403612662,个,0.9963452927310763,套,0.001846034743613297,OTHER,0.0009139128865765852,UNKNOWN,0.0006586405437120636,次,0.00013519118370023384
108040900,集装箱,C 前3个>=90%,718114723.2499998,20,0.7194314537123647,0.8446178495477603,0.9013959285926674,个,0.7194314537123647,OTHER,0.12518639583539556,套,0.056778079044907004,次,0.028131592064527422,平方米,0.02593362683850252
109011301,电动（起升）车辆,A 首要单位>=90%,717920922.4199996,21,0.9665755776707093,0.9775192809040909,0.9845034022096777,个,0.9665755776707093,批,0.010943703233381528,UNKNOWN,0.006984121305586732,套,0.006377487850007884,月,0.004749655363860738
109020306,公共工程用机械,C 前3个>=90%,715708662.1699998,19,0.8145200008932288,0.8969475668544011,0.9355511362959533,个,0.8145200008932288,套,0.08242756596117225,UNKNOWN,0.03860356944155218,OTHER,0.026984466041592558,项,0.016814292177927525
109013203,风动和电动工具零件,B 前2个>=90%,715479336.6699985,22,0.8654859653558523,0.9513927668381562,0.970056712609324,个,0.8654859653558523,套,0.08590680148230385,副,0.018663945771167825,千克,0.01288600966858167,批,0.008619911482984704
109060101,工业自动调节仪表,B 前2个>=90%,714990790.5999999,20,0.7935210599760137,0.9525900796966154,0.9721105840212763,个,0.7935210599760137,套,0.15906901972060158,批,0.01952050432466088,UNKNOWN,0.007799869387576417,OTHER,0.006434215252114607
105010803,木质框架，相关木制品,D 前3个仍<90%,711862572.4400015,21,0.5206786603621325,0.6847994565146047,0.7658701952559144,个,0.5206786603621325,套,0.16412079615247227,千克,0.08107073874130968,立方米,0.08080893392502164,批,0.05795637104306014
109024205,医用电气诊断仪器及装置,B 前2个>=90%,711389662.4699999,19,0.4559134175831204,0.9073882385200132,0.9630690366812746,套,0.4559134175831204,个,0.45147482093689273,UNKNOWN,0.05568079816126149,盒,0.023505200387565595,批,0.005375823745767848
103010403,动物源性饲料,D 前3个仍<90%,710991844.4599999,14,0.40015317938855216,0.6043315311673356,0.7769957239658319,千克,0.40015317938855216,箱,0.20417835177878352,袋,0.1726641927984963,UNKNOWN,0.11211091151198788,包,0.059694425162126856
109050103,微波通信设备,C 前3个>=90%,708221398.47,14,0.5074501909803895,0.8825562403653873,0.9268601260398175,套,0.5074501909803895,个,0.37510604938499775,OTHER,0.04430388567443026,批,0.03849168783786014,副,0.012801111798634864
104010101,已梳皮棉,A 首要单位>=90%,708108700.9299998,20,0.9145879756588687,0.9489211664642777,0.9731084248011769,千克,0.9145879756588687,千米,0.034333190805409024,个,0.024187258336899196,OTHER,0.011372613751848368,批,0.006011981937813868
107050804,医疗、卫生用橡胶制品,D 前3个仍<90%,706399875.6900055,21,0.8234923630922093,0.8583663891895904,0.892450008197142,个,0.8234923630922093,套,0.03487402609738107,盒,0.034083619007551656,副,0.029764959314951763,千克,0.022952045247973694
109052299,其他家用音视频设备,B 前2个>=90%,706326943.3300009,21,0.8255239658578014,0.9859236614235247,0.9911682335228639,个,0.8255239658578014,套,0.16039969556572325,UNKNOWN,0.005244572099339111,批,0.0023831357360716778,千克,0.0019434821975333443
109011201,桥式起重机,B 前2个>=90%,704382955.5199999,12,0.8455768812723471,0.9308360667613901,0.9547374639460668,个,0.8455768812723471,套,0.08525918548904302,千克,0.02390139718467673,千米,0.017555953140392086,批,0.010036852204609122
102049908,锆矿石,A 首要单位>=90%,702701156.3800001,15,0.9782465263772332,0.994623804008717,0.9978599481068922,千克,0.9782465263772332,个,0.016377277631483833,套,0.0032361440981751636,UNKNOWN,0.0018688220277950523,批,0.00014393173980392017
109062001,眼镜成镜,C 前3个>=90%,701278836.9600004,14,0.5163197155351374,0.7873560461250514,0.9054773784599737,副,0.5163197155351374,个,0.27103633058991394,批,0.11812133233492231,套,0.040359284307925514,UNKNOWN,0.03304484070909127
107030804,病人医用试剂,D 前3个仍<90%,693727379.1800001,18,0.5388416638850988,0.7939179788622626,0.8718597873056777,盒,0.5388416638850988,个,0.2550763149771637,OTHER,0.07794180844341517,瓶,0.04777649627895143,套,0.02519466553368504
109020308,混凝土机械,B 前2个>=90%,692045314.85,17,0.8055359118511342,0.9368987902194451,0.9568302792477174,个,0.8055359118511342,套,0.13136287836831093,UNKNOWN,0.019931489028272263,千克,0.01740981480759171,立方米,0.01671164009326
109041903,电美容仪,A 首要单位>=90%,689859906.029999,10,0.9741334109664521,0.9936892332603388,0.9992807435166723,个,0.9741334109664521,UNKNOWN,0.019555822293886645,套,0.005591510256333494,箱,0.00026249358517166154,盒,0.0002038192809452614
109060202,压力测量仪表,B 前2个>=90%,689691586.1400013,22,0.8901612232882562,0.9696919447328782,0.9790936540770369,个,0.8901612232882562,套,0.07953072144462203,批,0.009401709344158576,千米,0.007897292934199095,UNKNOWN,0.007765628141087401
108031602,铝盘条（电工用圆铝杆）,A 首要单位>=90%,687357239.5299999,12,0.9804975070035399,0.9908973280556728,0.9959637165211251,千克,0.9804975070035399,个,0.01039982105213283,UNKNOWN,0.005066388465452409,OTHER,0.0023358253724043675,套,0.00103900335797486
109011601,立体（高架）仓库存储系统,C 前3个>=90%,686375480.11,13,0.5980148467049236,0.8152997583339034,0.9558570437930791,套,0.5980148467049236,个,0.2172849116289799,UNKNOWN,0.14055728545917565,OTHER,0.02284429889233095,项,0.014540024009017044
103010504,植物油脂加工产品,B 前2个>=90%,685868847.19,15,0.8650062406547075,0.9402465062119276,0.950691647144266,千克,0.8650062406547075,箱,0.07524026555722008,桶,0.010445140932338368,OTHER,0.009855735943824563,瓶,0.00935190746201531
109024213,医用化验和基础设备器具,B 前2个>=90%,685280002.7599993,20,0.7360954196655038,0.9489186953668346,0.9706178013674628,个,0.7360954196655038,套,0.21282327570133072,盒,0.021699106000628184,UNKNOWN,0.007962623085487924,箱,0.006156954300441877
104030599,其他相关皮革制品,D 前3个仍<90%,683117257.3400002,21,0.741245532402026,0.8151262626539928,0.8737908794081469,个,0.741245532402026,套,0.07388073025196688,平方米,0.058664616754154124,千米,0.051478659237702784,OTHER,0.035795997037488626
106050102,塑造工艺品,C 前3个>=90%,679595541.9800001,21,0.6497851831008562,0.8793057171755052,0.931272228943823,千克,0.6497851831008562,个,0.22952053407464904,套,0.05196651176831781,箱,0.019415733940156294,UNKNOWN,0.01877255279343111
109023102,电线、电缆专用生产机械,D 前3个仍<90%,675040266.2399999,20,0.39861083771902495,0.7050827623529944,0.7969477208026766,千米,0.39861083771902495,个,0.30647192463396944,套,0.09186495844968222,项,0.09180621998327804,千克,0.04485803827476283
109020702,反应器（釜）,B 前2个>=90%,674224671.0799999,17,0.8151997251592474,0.9907710309828432,0.9952446243255023,个,0.8151997251592474,套,0.17557130582359587,OTHER,0.0044735933426590865,批,0.0019530826540219463,千克,0.0012794136539356136
307040100,餐饮服务,D 前3个仍<90%,673903156.7200004,24,0.7493823649350068,0.8005045045873577,0.8458264748963499,UNKNOWN,0.7493823649350068,次,0.05112213965235093,笔,0.04532197030899224,OTHER,0.042568085494098726,项,0.022201296329906278
109060701,水污染监测仪器,B 前2个>=90%,672826606.729999,18,0.8109684207820891,0.9703600157150105,0.9819784128351723,套,0.8109684207820891,个,0.1593915949329214,UNKNOWN,0.011618397120161716,次,0.00751108970639742,批,0.003356661578792621
106051205,伞、手杖、鞭子、马鞭及其零件,B 前2个>=90%,671051573.5100023,19,0.8512539897672824,0.9503736841181795,0.9665796118282021,个,0.8512539897672824,OTHER,0.0991196943508971,套,0.016205927710022577,千克,0.016130177988232765,UNKNOWN,0.010792874327254743
109042199,其他家用电力器具专用配件,B 前2个>=90%,664777467.9900013,19,0.8719714442528607,0.9740753137555811,0.9836518288099327,个,0.8719714442528607,套,0.10210386950272043,千克,0.00957651505435162,千米,0.0032443240991923013,UNKNOWN,0.003128269157930122
304080204,人力资源外包服务,D 前3个仍<90%,663857746.0599998,12,0.6677350989739537,0.8197760673124892,0.893274157572914,UNKNOWN,0.6677350989739537,月,0.15204096833853553,项,0.07349809026042475,次,0.047120262218304815,个,0.017396964302283196
105020105,塑料家具,C 前3个>=90%,663055374.1900023,21,0.70887567011155,0.8276283762579852,0.9044452249295181,个,0.70887567011155,套,0.11875270614643524,千克,0.07681684867153286,OTHER,0.040471693970932636,UNKNOWN,0.013314385047831969
109060301,电能表,B 前2个>=90%,661868625.1800001,18,0.8123154494047564,0.9464329514480945,0.9741032580667521,个,0.8123154494047564,套,0.13411750204333803,OTHER,0.02767030661865766,千瓦时,0.015512206500508769,UNKNOWN,0.00453789494732913
109012907,冷却设备,B 前2个>=90%,661294607.82,21,0.6819448404949796,0.9485913661052359,0.9584875097794957,个,0.6819448404949796,套,0.26664652561025626,千克,0.009896143674259786,UNKNOWN,0.00786630389615385,项,0.007465721482706887
109010504,钻床,A 首要单位>=90%,661064610.6800001,18,0.9782161155394675,0.9944960275724678,0.9968563672046181,个,0.9782161155394675,套,0.016279912033000315,批,0.002360339632150281,UNKNOWN,0.0014811963825938062,千克,0.000988488370793027
102050399,其他耐火土石类,A 首要单位>=90%,654753132.6999996,19,0.906369567630478,0.9337345741423438,0.9563943128118156,千克,0.906369567630478,个,0.027365006511865766,套,0.02265973866947183,立方米,0.01586679252248808,平方米,0.01043054415308795
101010301,花生,C 前3个>=90%,654247488.7,21,0.7692491628665226,0.8759805030184749,0.93107548550228,千克,0.7692491628665226,桶,0.10673134015195235,箱,0.05509498248380514,袋,0.027263746484442564,瓶,0.008867259210314182
103010301,薯类及类似植物加工品,C 前3个>=90%,654049554.95,17,0.7504590462683258,0.8550169240200015,0.9573872146245391,千克,0.7504590462683258,箱,0.10455787775167569,个,0.10237029060453764,袋,0.017218530392335372,OTHER,0.00618711002763293
109025301,消防自动系统,D 前3个仍<90%,652998610.8399998,21,0.4976619380735954,0.7793311296257763,0.8670504504009243,个,0.4976619380735954,套,0.281669191552181,UNKNOWN,0.08771932077514802,批,0.04155189560831748,项,0.03011256531572931
109011214,起重机专用配套件,C 前3个>=90%,650188945.8199998,22,0.47836728944651424,0.8637843552718307,0.9036646987422939,个,0.47836728944651424,套,0.3854170658253165,千米,0.03988034347046325,千克,0.030038323391316013,UNKNOWN,0.017044849549115643
103010502,非食用植物油,A 首要单位>=90%,649180555.1200011,13,0.9497322238279798,0.9847197890143731,0.9897498568502718,千克,0.9497322238279798,箱,0.03498756518639325,桶,0.00503006783589873,瓶,0.004467418836141672,个,0.0026787721632829014
106010304,涂布浸渍覆盖纸,D 前3个仍<90%,648364455.3299998,19,0.44488059203243857,0.652532853246349,0.8268545500958068,千克,0.44488059203243857,个,0.20765226121391045,平方米,0.17432169684945772,卷,0.06440529078471198,令,0.03972327765391045
109012500,密封垫及类似接合衬垫,C 前3个>=90%,647661754.3700001,21,0.6469698981030477,0.8953203604620006,0.9319689500380341,个,0.6469698981030477,套,0.24835046235895286,千克,0.03664858957603357,UNKNOWN,0.021629736333013412,OTHER,0.019835459008223092
109020605,冶金专用设备配套件,C 前3个>=90%,641411896.29,14,0.41147707017375257,0.7711308445335914,0.9512163828719311,个,0.41147707017375257,套,0.3596537743598388,千克,0.18008553833833976,UNKNOWN,0.022490383423568107,项,0.02023193026986319
109024705,植入人体支夹（器）,C 前3个>=90%,640792275.4300001,13,0.7825203576049918,0.8885861449685984,0.9609341595399201,个,0.7825203576049918,套,0.10606578736360657,盒,0.07234801457132166,OTHER,0.03415431567946669,千克,0.0016521956031532305
107020208,烃磺化、硝化或亚硝化衍生物,A 首要单位>=90%,640613749.03,8,0.9991212292417195,0.9995390287041963,0.999807365124169,千克,0.9991212292417195,OTHER,0.0004177994624768287,UNKNOWN,0.00026833641997270016,桶,0.0001123119041839838,个,4.1928931498381144e-05
104020120,女毛衣,A 首要单位>=90%,640441771.7000002,14,0.9874336331644371,0.9927355718730674,0.9954724169032524,个,0.9874336331644371,UNKNOWN,0.005301938708630299,套,0.0027368450301849655,批,0.00123024455120812,千克,0.0010513857305288568
101011503,食用坚果,D 前3个仍<90%,639187824.81,15,0.7726562591000614,0.8396944617015225,0.8956348862091837,千克,0.7726562591000614,袋,0.06703820260146108,个,0.05594042450766123,盒,0.052358152894961714,罐,0.011402375823047713
106050999,其他珠宝首饰,B 前2个>=90%,637138055.2100064,10,0.7529734958962342,0.9356355262809046,0.9582530518739257,个,0.7529734958962342,千克,0.1826620303846704,副,0.022617525593021083,UNKNOWN,0.01640404897264384,批,0.01561789051624007
109060601,试验机,B 前2个>=90%,634341355.0200009,21,0.8173376083191888,0.9802747614183134,0.9864180405836409,个,0.8173376083191888,套,0.16293715309912454,千克,0.0061432791653275205,UNKNOWN,0.004035976276399757,OTHER,0.003918285510364732
105010501,木制门及其框架和门槛,D 前3个仍<90%,631208444.5600001,20,0.36048959496829197,0.6285998796112177,0.8432756145888403,个,0.36048959496829197,套,0.2681102846429257,平方米,0.21467573497762266,千米,0.03493868996853016,UNKNOWN,0.027464504838943304
109060205,显示仪表、记录仪,B 前2个>=90%,629793213.2700002,18,0.7969368538031976,0.9195399525236297,0.9561434349592479,个,0.7969368538031976,套,0.12260309872043215,UNKNOWN,0.0366034824356182,千克,0.024434391075920835,OTHER,0.011776041839975285
107030104,维生素类,B 前2个>=90%,627946081.95,16,0.8525341268275111,0.9401485396273359,0.9649186465315757,千克,0.8525341268275111,盒,0.0876144127998249,批,0.024770106904239756,瓶,0.01833839087623596,个,0.010089575446231507
103020801,婴幼儿用均化食品,D 前3个仍<90%,624991170.6399997,14,0.38247096237410627,0.7417416742948313,0.8467897294901856,箱,0.38247096237410627,罐,0.35927071192072496,个,0.10504805519535426,OTHER,0.07409904853948032,盒,0.03684267508358669
109041101,电气绝缘子,B 前2个>=90%,624805791.56,17,0.7983464616174243,0.9476276465390963,0.9666276858318819,个,0.7983464616174243,千克,0.149281184921672,套,0.019000039292785587,OTHER,0.013730039071150625,千米,0.011400610311589857
107020902,印刷用助剂和油,C 前3个>=90%,624698036.4499998,22,0.812038650998068,0.8812749660756517,0.9115630480864784,千克,0.812038650998068,瓶,0.06923631507758364,桶,0.030288082010826698,个,0.023780487888869856,OTHER,0.018912982866315847
107040103,化纤用再生聚酯专用料,A 首要单位>=90%,624481815.64,16,0.9843549195263802,0.9905199854315488,0.9948719280052726,千克,0.9843549195263802,个,0.006165065905168684,平方米,0.004351942573723715,千米,0.0029939736485102564,卷,0.0013744651301340813
108040703,理发用手工具,B 前2个>=90%,623145242.2600008,16,0.8385810543057458,0.9142715474545652,0.979900262040717,个,0.8385810543057458,盒,0.07569049314881936,箱,0.06562871458615178,UNKNOWN,0.010550545706095354,OTHER,0.006400526730389215
109020701,塔类设备,D 前3个仍<90%,620369506.82,14,0.3428249639802307,0.6205397047048883,0.8964386665951312,个,0.3428249639802307,套,0.27771474072465757,UNKNOWN,0.27589896189024293,OTHER,0.04877187972228773,千克,0.027222294252609056
107060301,建筑用纤维增强塑料制品,D 前3个仍<90%,619168205.6600001,22,0.36700858510293516,0.5334703365750338,0.666298590235658,千米,0.36700858510293516,个,0.16646175147209866,立方米,0.13282825366062415,平方米,0.09903869460582923,千克,0.07994404686402935
108040702,日常用刀及类似制品,C 前3个>=90%,618288377.3600018,23,0.5401635747804815,0.8921199655817516,0.9453614899826428,个,0.5401635747804815,套,0.35195639080127,UNKNOWN,0.05324152440089129,箱,0.016934869024561035,OTHER,0.012323414670244639
109031700,休闲专用车及其零附件,A 首要单位>=90%,615291523.1000028,16,0.9675493614158652,0.9795785396543522,0.9862543092623992,个,0.9675493614158652,套,0.012029178238486881,批,0.0066757696080470864,UNKNOWN,0.006003630704009597,副,0.0028732355861055287
109042699,其他具有独立功能电气设备及装置,B 前2个>=90%,614625837.8,18,0.5711109511543544,0.9269741973252267,0.955519076617641,个,0.5711109511543544,套,0.3558632461708723,千克,0.02854487929241429,千米,0.019448637032225984,OTHER,0.011051580396153662
109025499,其他交通安全及管制专用设备,C 前3个>=90%,612848176.9,16,0.8029596953183006,0.8756752581277035,0.9381724209058343,批,0.8029596953183006,个,0.07271556280940292,套,0.062497162778130805,UNKNOWN,0.023560657817468005,OTHER,0.012190277333922833
109060511,分析仪器及装置零件、附件,B 前2个>=90%,612085415.0999998,22,0.5904954562607088,0.9254572646653478,0.9416070709115644,个,0.5904954562607088,套,0.33496180840463907,包,0.016149806246216522,盒,0.015386897755865188,批,0.009817429188405443
109040903,同轴电缆,D 前3个仍<90%,610999054.3500003,16,0.658416858366452,0.7755019359957542,0.8562015469017886,千米,0.658416858366452,个,0.11708507762930222,OTHER,0.08069961090603443,箱,0.0785978988806924,批,0.023168780768506574
109061908,光学仪器零件、附件,B 前2个>=90%,610183093.1200001,20,0.8388285616418096,0.9317547284421226,0.9610215472402108,个,0.8388285616418096,套,0.0929261668003129,UNKNOWN,0.029266818798088182,批,0.02810758456499398,平方米,0.005803080124515396
108040399,其他金属切削工具,C 前3个>=90%,609163068.7899984,22,0.7452731140641536,0.829354940974211,0.9059181218030187,个,0.7452731140641536,千米,0.08408182691005738,千克,0.0765631808288076,套,0.034758183177547954,批,0.02491719673707378
109024903,固体废弃物处理设备,C 前3个>=90%,608072805.2,17,0.4527251323621601,0.8577765933117905,0.9264281872048435,套,0.4527251323621601,个,0.40505146094963035,UNKNOWN,0.06865159389305311,千克,0.05449145782650434,OTHER,0.009403367049311351
109040404,电抗器,A 首要单位>=90%,607236599.7399999,12,0.9336466170727327,0.9949913917057993,0.998713719577617,个,0.9336466170727327,套,0.06134477463306666,UNKNOWN,0.0037223278718176833,千克,0.0006959991874352763,OTHER,0.0003273161731112753
109062403,幻灯及投影设备附件、零件,B 前2个>=90%,606253860.0500002,15,0.8904723908817281,0.9532425353008688,0.9765527570103594,个,0.8904723908817281,套,0.06277014441914064,副,0.023310221709490566,批,0.007990518113320504,OTHER,0.006649982269255159
107020114,氟化物及其盐,A 首要单位>=90%,605974031.6900003,16,0.9556136530884218,0.9908115211233203,0.9963376679132426,千克,0.9556136530884218,个,0.035197868034898445,瓶,0.005526146789922352,UNKNOWN,0.0019739921967678264,桶,0.0005372366850309902
108012703,炭素新材料,B 前2个>=90%,602824643.07,16,0.8594597162310066,0.9179210604131616,0.9555794267241153,千克,0.8594597162310066,个,0.058461344182155,平方米,0.037658366310953734,千米,0.03449397016038281,UNKNOWN,0.003413510070723924
104020501,帽子,B 前2个>=90%,601988991.2799994,19,0.7920068066630775,0.9617004524933644,0.9803615128494912,个,0.7920068066630775,OTHER,0.16969364583028693,UNKNOWN,0.018661060356126837,千米,0.0059183302711641635,套,0.005139075389770813
108041101,铁丝,B 前2个>=90%,600432357.4600004,20,0.8540716126281768,0.9004918087979956,0.929303278724735,千克,0.8540716126281768,个,0.04642019616981883,套,0.028811469926739327,卷,0.02284526867943454,平方米,0.018257392500253933
106040606,运动防护用具,A 首要单位>=90%,598121163.9500009,18,0.913291851390941,0.9377185600422693,0.9511973270813068,个,0.913291851390941,副,0.024426708651328236,套,0.013478767039037476,OTHER,0.013404823576298382,批,0.011353336128677192
106040805,木制玩具,B 前2个>=90%,597873016.0300001,18,0.5362387320619811,0.96216384010737,0.9751680834191468,套,0.5362387320619811,个,0.42592510804538886,千克,0.013004243311776879,立方米,0.011115071615251736,UNKNOWN,0.004189733376216309
108040302,工具系统,D 前3个仍<90%,595947216.4799999,23,0.5966189984410011,0.7889053139755341,0.8670265361451529,个,0.5966189984410011,套,0.192286315534533,千克,0.07812122216961882,批,0.04239667754341785,副,0.025907521980209052
101049900,其他海水产品,D 前3个仍<90%,593948945.4600004,17,0.6210675268802925,0.7377478062708506,0.8339990420327466,千克,0.6210675268802925,个,0.11668027939055807,批,0.09625123576189598,盒,0.06740059085212403,袋,0.025175109265358556
108040412,专用手工具,D 前3个仍<90%,593102186.6699996,24,0.6835730215164069,0.8519957962508047,0.8977559240499977,个,0.6835730215164069,套,0.16842277473439776,千克,0.045760127799192994,批,0.036253510058231624,OTHER,0.029471192119757777
109025299,其他商业、饮食、服务专用设备,D 前3个仍<90%,591678815.320001,27,0.4538590653355837,0.7050090311825639,0.7948866584747276,套,0.4538590653355837,个,0.2511499658469801,UNKNOWN,0.0898776272921637,千克,0.06871493144132793,批,0.035301413840046855
102050401,粘土,A 首要单位>=90%,589753357.7600002,19,0.9188484423695704,0.9422461975131968,0.9581777027201982,千克,0.9188484423695704,个,0.023397755143626426,立方米,0.01593150520700139,平方米,0.013721446234297057,UNKNOWN,0.011997749070687711
103030902,饮料专用原辅料,C 前3个>=90%,588609256.4399999,15,0.472742899734477,0.7709333216309282,0.9242900062436539,个,0.472742899734477,千克,0.2981904218964512,箱,0.15335668461272564,OTHER,0.01805515999574382,瓶,0.014371801746991911
109011602,仓储货物堆放架,D 前3个仍<90%,587550474.5299999,19,0.4308010268096142,0.7919533222779167,0.8645530258593356,套,0.4308010268096142,个,0.3611522954683026,OTHER,0.07259970358141889,批,0.04936918478910859,千克,0.03879988446649788
103010601,原糖,A 首要单位>=90%,587438443.94,14,0.9586410587174959,0.9845781678174857,0.9905510128128984,千克,0.9586410587174959,袋,0.02593710909998976,包,0.00597284499541261,罐,0.003519118864837431,UNKNOWN,0.0019733050534200282
103030706,咖啡饮料,D 前3个仍<90%,585958168.01,18,0.34084406622110874,0.62517881253214,0.7013728584853284,箱,0.34084406622110874,盒,0.28433474631103134,OTHER,0.07619404595318832,个,0.06854447969622733,瓶,0.06212515609028723
109040604,隔离开关,B 前2个>=90%,585140278.2800001,20,0.8171335180265998,0.9689979026852781,0.9813994809210658,个,0.8171335180265998,套,0.15186438465867824,千米,0.012401578235787688,UNKNOWN,0.006727760771437147,OTHER,0.006314226378092564
106051304,宠物专用品,D 前3个仍<90%,584257119.3999958,20,0.6056206057075876,0.7077061469009097,0.806774716025821,个,0.6056206057075876,袋,0.10208554119332212,千克,0.0990685691249112,包,0.0463594885721134,瓶,0.04372015323704108
304020203,相关电路技术支持服务,D 前3个仍<90%,583983756.3800001,17,0.5071521112263304,0.6595072366009223,0.7916042409391784,UNKNOWN,0.5071521112263304,项,0.15235512537459178,次,0.13209700433825614,个,0.10509539933173027,套,0.02649132079614436
109050402,集群通信系统设备,B 前2个>=90%,583513030.5200001,10,0.7117638624108923,0.964391186857501,0.979285919374879,套,0.7117638624108923,个,0.2526273244466088,OTHER,0.014894732517377954,UNKNOWN,0.010388225048887291,批,0.007455580462570128
304030200,知识产权服务,D 前3个仍<90%,582414288.4200001,13,0.5687386823366012,0.743278599576223,0.8205682063304075,UNKNOWN,0.5687386823366012,个,0.17453991723962176,笔,0.07728960675418449,项,0.06482060586531378,月,0.046850880743369794
104010201,毛条,A 首要单位>=90%,581409877.5700002,17,0.9031978094950343,0.9645287543854688,0.9897009274162545,千克,0.9031978094950343,个,0.061330944890434565,千米,0.025172173030785727,UNKNOWN,0.0035640535703670008,套,0.0014673670553477724
107021501,油田用化学制剂,C 前3个>=90%,578999726.8600001,14,0.6779258498595279,0.8865171000229373,0.9728451637874405,千克,0.6779258498595279,立方米,0.2085912501634094,UNKNOWN,0.08632806376450315,个,0.010533181670178306,OTHER,0.005483769512671509
104011307,针织手套,C 前3个>=90%,577489935.1700002,19,0.48939523430274645,0.7818448290827552,0.9005396700410169,个,0.48939523430274645,副,0.29244959478000876,OTHER,0.1186948409582617,箱,0.047135954849129774,千克,0.012364348078028508
105020204,金属家具零配件,C 前3个>=90%,576625049.2,23,0.5148537186545795,0.769647287653767,0.9085321103667376,个,0.5148537186545795,千克,0.25479356899918754,套,0.13888482271297065,OTHER,0.037807163685042354,批,0.02065654882063351
107050501,未硫化复合橡胶,A 首要单位>=90%,575164136.2700001,17,0.9613756640946552,0.9710715123722713,0.9799471894322255,千克,0.9613756640946552,个,0.009695848277616045,千米,0.008875677059954182,平方米,0.00643833101975894,卷,0.004731888027042058
303010200,出租或出售网络元素,D 前3个仍<90%,575137414.7900002,15,0.3893446061264546,0.6769375938307838,0.8398285870801225,月,0.3893446061264546,个,0.2875929877043292,UNKNOWN,0.16289099324933873,项,0.08717717025644593,套,0.04381552067726501
109061808,钟表零配件,B 前2个>=90%,572535462.1500009,15,0.858954266506477,0.9237518369847931,0.9647294052421342,个,0.858954266506477,批,0.06479757047831616,套,0.04097756825734111,千克,0.01798381365118378,UNKNOWN,0.013220167920388068
107020111,金属硝酸盐、亚硝酸盐,A 首要单位>=90%,571171647.98,12,0.9948288312446079,0.9962918660660234,0.9975127162298334,千克,0.9948288312446079,瓶,0.0014630348214154714,立方米,0.0012208501638099813,OTHER,0.0008575320601647766,UNKNOWN,0.0008480779319371285
107050801,橡胶手套,D 前3个仍<90%,570891113.1299993,20,0.49838196916407435,0.7135976498152847,0.8039542981561281,个,0.49838196916407435,副,0.21521568065121033,箱,0.09035664834084338,OTHER,0.06291461072686398,盒,0.04789841575931705
106040303,具有书写或绘画面板类教具,B 前2个>=90%,568657964.2099994,20,0.6494268592774337,0.9704022187865033,0.9821615654251984,个,0.6494268592774337,套,0.3209753595090696,盒,0.011759346638694997,OTHER,0.006583857724038469,批,0.003168595523854471
103010604,制糖副产品,A 首要单位>=90%,565022691.74,12,0.9792804276515906,0.9867162850630189,0.9912495692433623,千克,0.9792804276515906,箱,0.007435857411428217,袋,0.004533284180343423,个,0.003908811738513842,UNKNOWN,0.0022376324676563336
109025306,消防设备附件,D 前3个仍<90%,562315722.5100001,24,0.5034649272054905,0.7152356834248889,0.7785385367242947,个,0.5034649272054905,套,0.21177075621939837,千米,0.06330285329940594,千克,0.05699336018375348,OTHER,0.0563518741901023
108041399,其他金属丝绳制品,C 前3个>=90%,562209305.1400001,20,0.7902018182878915,0.8693257374640827,0.9268061116495522,千克,0.7902018182878915,个,0.07912391917619123,平方米,0.05748037418546949,千米,0.02428955425524211,批,0.015273805967799956
107030501,兽用化学药品,D 前3个仍<90%,562207340.21,15,0.7024213562250743,0.8045574202589437,0.8656300082069679,千克,0.7024213562250743,OTHER,0.10213606403386945,袋,0.06107258794802421,瓶,0.04934595362920261,盒,0.04241371003995273
103020206,蜜饯,D 前3个仍<90%,560972538.5499992,17,0.3145202636764618,0.5478972934298199,0.7516899999952766,千克,0.3145202636764618,袋,0.23337702975335808,个,0.2037927065654568,瓶,0.057005704793782426,箱,0.045022971525991884
107030403,中成药糖浆,B 前2个>=90%,559708516.7500002,12,0.5239197908631787,0.9599320320508594,0.9879182413209188,盒,0.5239197908631787,瓶,0.43601224118768067,OTHER,0.027986209270059324,箱,0.0063665709800010805,千克,0.0021372517376474233
109042203,太阳能用具,D 前3个仍<90%,559578687.8499999,15,0.5418440027888921,0.6964006012045622,0.837780089179642,个,0.5418440027888921,套,0.15455659841567002,瓦,0.14137948797507982,UNKNOWN,0.050722361888107435,千克,0.0475603797068377
109041499,其他家用制冷电器具,C 前3个>=90%,558555564.5500001,25,0.4842545665047926,0.8524771245518155,0.9218242886449818,个,0.4842545665047926,套,0.3682225580470228,批,0.06934716409316631,瓦,0.036993610862416565,UNKNOWN,0.018533550799623842
105010304,细木工板,B 前2个>=90%,556292083.1999999,16,0.7485410470425331,0.9310178847786988,0.9687256042187011,个,0.7485410470425331,立方米,0.18247683773616574,平方米,0.03770771944000228,UNKNOWN,0.012620454275772805,千米,0.005595377184041148
405010100,出让土地使用权,B 前2个>=90%,555677677.91,9,0.8921100111210333,0.9763071161693626,0.997276369503104,平方米,0.8921100111210333,UNKNOWN,0.08419710504832938,OTHER,0.020969253333741496,月,0.001046667921208453,元,0.0007895785946454054
108010702,人造石材、石料,D 前3个仍<90%,555653846.5499998,19,0.3416086076044461,0.6772452779846594,0.849782508915847,千克,0.3416086076044461,平方米,0.3356366703802133,个,0.17253723093118753,千米,0.05021947511613066,立方米,0.04050775812990727
107021408,制革工业用整理剂、助剂,A 首要单位>=90%,555267219.82,14,0.988287746569826,0.9955645202668395,0.9982425691718011,千克,0.988287746569826,桶,0.007276773697013518,OTHER,0.002678048904961558,UNKNOWN,0.0005157705871649305,瓶,0.0005129337728460326
109020104,矿物破碎机械,B 前2个>=90%,554828576.65,13,0.6558291397444371,0.9731606151580874,0.9958079314983316,个,0.6558291397444371,套,0.3173314754136502,千克,0.022647316340244243,OTHER,0.0019144460193694318,UNKNOWN,0.00092384269947823
102050201,天然大理石荒料,C 前3个>=90%,549691149.7800001,18,0.6269556155814591,0.8499792429930797,0.904108177908456,千克,0.6269556155814591,平方米,0.22302362741162066,OTHER,0.05412893491537631,立方米,0.04909133603624524,个,0.022000444676688165
107020304,稀土化合物,A 首要单位>=90%,547709774.86,7,0.9999228698812054,0.9999651692906069,0.9999870787042248,千克,0.9999228698812054,个,4.229940940148807e-05,批,2.1909413617946323e-05,瓶,6.573736977617978e-06,份,5.173579384673755e-06
108041999,其他安全、消防用金属制品,D 前3个仍<90%,547626266.1200004,21,0.582781683831919,0.7379514751789608,0.8021173788324938,个,0.582781683831919,套,0.15516979134704179,千克,0.06416590365353306,千米,0.06051625893477145,平方米,0.0414515721658716
109024799,其他假肢、人工器官及植（介）入器械,B 前2个>=90%,547348187.2499998,15,0.6058104328544118,0.9226929542553262,0.9563062261151207,个,0.6058104328544118,盒,0.31688252140091433,套,0.0336132718597946,OTHER,0.019757762996044353,批,0.017824920456973717
109010204,摩托车用发动机,B 前2个>=90%,546889946.1,19,0.83982628745568,0.9610420420562928,0.9735771309510273,个,0.83982628745568,批,0.12121575460061286,千瓦时,0.01253508889473439,千克,0.012497228955732671,套,0.005535704160570598
304070101,广播节目制作服务,B 前2个>=90%,546638877.4300001,14,0.781441862822318,0.919235251657245,0.9440041000853991,UNKNOWN,0.781441862822318,次,0.137793388834927,个,0.02476884842815414,OTHER,0.020813394728692595,元,0.016855577567623497
105010404,人造板表面装饰板,C 前3个>=90%,541900443.6299998,22,0.6682729310464652,0.8036507739184482,0.9174121627762357,个,0.6682729310464652,立方米,0.135377842871983,平方米,0.11376138885778758,千克,0.03518746170840816,OTHER,0.014176558665534753
107022604,日用香精,B 前2个>=90%,541722240.1700011,17,0.8238646746715477,0.9378226168461715,0.9560073477645636,千克,0.8238646746715477,瓶,0.11395794217462388,盒,0.018184730918392168,箱,0.013542238523745682,个,0.01027828580243019
109051302,边界防护类设备,B 前2个>=90%,541381364.0999999,20,0.5756048398120321,0.9691573951797208,0.9793324106591648,个,0.5756048398120321,套,0.39355255536768863,UNKNOWN,0.010175015479443987,项,0.008434978118597565,OTHER,0.0028342136647994754
106041001,电子游戏机,B 前2个>=90%,539404060.03,16,0.7903565570980117,0.9907668502908136,0.9960393674643807,个,0.7903565570980117,套,0.20041029319280187,批,0.005272517173567111,UNKNOWN,0.002261549162110783,千瓦时,0.001279463858617631
109010602,金属加工压力机,A 首要单位>=90%,537489217.03,13,0.9612269915940718,0.975926497332359,0.9885249579813324,个,0.9612269915940718,千克,0.014699505738287242,套,0.01259846064897344,批,0.007978397955024742,桶,0.0012572449987629849
109060201,温度测量仪表,B 前2个>=90%,533817216.2800005,19,0.8502489792909383,0.9599674305206544,0.9742598601151283,个,0.8502489792909383,套,0.10971845122971602,OTHER,0.014292429594473988,UNKNOWN,0.010129488025286426,千克,0.007224424002048592
109030702,其他低速载货汽车,A 首要单位>=90%,532508882.50999993,9,0.9860941689364948,0.99867431259236,0.9994267078728133,个,0.9860941689364948,UNKNOWN,0.01258014365586512,OTHER,0.0007523952804533285,套,0.00035563765454455805,千克,0.00010706131272642085
107021508,工业用脂肪醇,A 首要单位>=90%,531793460.67,13,0.9922565658012945,0.9987467518890504,0.9992072314137356,千克,0.9922565658012945,UNKNOWN,0.006490186087755903,OTHER,0.0004604795246851639,个,0.0004024226242465954,桶,0.00025846421621437195
103011302,豆制品,D 前3个仍<90%,530291155.43000007,16,0.43231801968128875,0.5572445179486069,0.6767802870462446,千克,0.43231801968128875,箱,0.12492649826731808,个,0.11953576909763772,袋,0.10420468681057289,瓶,0.09339142085038486
108040102,锌制建筑结构体及其部件,D 前3个仍<90%,528842857.3199999,23,0.5740868551171376,0.7392282849599817,0.8614971126561342,千克,0.5740868551171376,个,0.1651414298428441,平方米,0.12226882769615245,千米,0.0856502480709349,套,0.021246873290378967
103020102,面包,D 前3个仍<90%,528508878.61,19,0.29935515977726557,0.46713499890355226,0.6330901432725129,个,0.29935515977726557,袋,0.16777983912628666,箱,0.1659551443689606,批,0.08415973543714539,千克,0.0762391992656253
107020302,非金属基础化学品,A 首要单位>=90%,527722978.98999995,20,0.9216628289351346,0.9617878780101745,0.971417658315982,千克,0.9216628289351346,个,0.0401250490750399,套,0.009629780305807564,瓶,0.008239458320200219,OTHER,0.007960554736578196
109050201,程控交换机,B 前2个>=90%,527536587.2300001,14,0.752731077165785,0.9146326768414917,0.9499884553249056,个,0.752731077165785,套,0.1619015996757067,批,0.03535577848341383,项,0.032325863291383525,UNKNOWN,0.014928139811782431
109020209,石油钻探、开采专用设备零件,B 前2个>=90%,526791627.8799998,17,0.6862105343335968,0.9308562031697715,0.9702736876570726,个,0.6862105343335968,套,0.2446456688361747,千克,0.039417484487301126,UNKNOWN,0.01087779508391378,OTHER,0.010199087012111538
107021407,造纸工业用整理剂、助剂,A 首要单位>=90%,524969808.99,16,0.9556257934245439,0.974719956895173,0.985004797923246,千克,0.9556257934245439,套,0.01909416347062911,OTHER,0.010284841028073003,瓶,0.006184851365541763,个,0.005095035189063511
109060608,试验机械，相关检测仪器、器具零件,C 前3个>=90%,523812855.6700002,22,0.6633953786711194,0.8903211558133388,0.9220637807795253,个,0.6633953786711194,套,0.2269257771422194,UNKNOWN,0.03174262496618651,立方米,0.030253045392959005,批,0.01217343154330147
106050210,金属制艺术标牌及类似品,D 前3个仍<90%,522847619.30000013,21,0.43609042134544546,0.7476828861789178,0.8553433663688483,套,0.43609042134544546,个,0.3115924648334723,UNKNOWN,0.10766048018993052,批,0.03959861687372513,项,0.03555100500387799
107020303,贵金属化合物,A 首要单位>=90%,522789840.83000004,12,0.9239923806535459,0.9646200517388888,0.9821270970278124,千克,0.9239923806535459,个,0.04062767108534287,瓶,0.01750704528892365,OTHER,0.008889367231432469,桶,0.003794465471728742
109040502,电力电容器成套装置,C 前3个>=90%,522328157.1799998,18,0.520349510310502,0.844882776246583,0.9114256742929969,个,0.520349510310502,套,0.324533265936081,千克,0.0665428980464139,项,0.029040903465544252,OTHER,0.01523513347042801
109041802,家用干衣机,A 首要单位>=90%,521682011.8399999,16,0.9317753778696208,0.9680101649831884,0.9852123788919024,个,0.9317753778696208,批,0.03623478711356751,UNKNOWN,0.01720221390871404,月,0.008687141126479827,套,0.0022054028965692316
107030103,解热镇痛药,D 前3个仍<90%,521487009.29,13,0.4373682222698729,0.6532261525436474,0.8027688741853146,千克,0.4373682222698729,OTHER,0.21585793027377445,盒,0.14954272164166724,瓶,0.13621289871958878,批,0.021023197653430466
103020901,冰淇淋,D 前3个仍<90%,519773677.2599996,15,0.553598776080506,0.7690952517397974,0.8413314953447589,箱,0.553598776080506,个,0.21549647565929142,UNKNOWN,0.07223624360496154,批,0.05476310304910192,OTHER,0.038446525217174364
104030304,塑料作面类似箱、包容器,C 前3个>=90%,518543458.4799999,24,0.6774106423011564,0.8215539136464315,0.9076531102901821,个,0.6774106423011564,千克,0.14414327134527502,套,0.08609919664375071,OTHER,0.038968618636579286,批,0.013585530999947446
109023301,金属表面处理机械,D 前3个仍<90%,518280471.40999997,19,0.502562075339994,0.7277739779271226,0.8806676791395567,个,0.502562075339994,套,0.22521190258712862,千克,0.15289370121243404,OTHER,0.08086224021905405,批,0.013813977382791005
106050702,机制地毯、挂毯,D 前3个仍<90%,516858899.0,18,0.6763155639698101,0.7798099429453764,0.8758769457503335,平方米,0.6763155639698101,个,0.10349437897556629,批,0.09606700280495702,套,0.04629430720123867,OTHER,0.04559412188818672
108041901,保险箱、柜、库门及钱箱,A 首要单位>=90%,516677842.7799992,20,0.9102317681934173,0.957137438232609,0.9772729605225203,个,0.9102317681934173,套,0.04690567003919169,千克,0.02013552228991138,UNKNOWN,0.007248106905166031,千米,0.00490151312929116
103020202,巧克力,D 前3个仍<90%,514885620.0299998,15,0.34878433639210266,0.5573236689602636,0.6776567208648597,盒,0.34878433639210266,箱,0.20853933256816098,个,0.12033305190459605,千克,0.11924759956672047,袋,0.057217161023614384
109042099,其他家用电热电力器具类似产品,C 前3个>=90%,513964244.9000001,22,0.5434442322818477,0.8590571500862005,0.9141937734042558,个,0.5434442322818477,UNKNOWN,0.3156129178043528,千瓦时,0.05513662331805524,套,0.04595317974812686,OTHER,0.026346859094516745
109040905,电子元器件引线,C 前3个>=90%,513699443.33000004,15,0.8038538591810935,0.8803928512717315,0.9159045183308705,个,0.8038538591810935,千米,0.07653899209063797,套,0.03551166705913901,批,0.02877437095158473,千克,0.025371755195045673
102040299,其他贵金属矿石,A 首要单位>=90%,511989602.13999903,13,0.9655553065017562,0.9923365891736857,0.9944475498171882,千克,0.9655553065017562,个,0.026781282671929432,UNKNOWN,0.002110960643502419,OTHER,0.0015190889556138466,套,0.0012071928754345954
107020203,无环烃饱和氯化衍生物,A 首要单位>=90%,511486195.0299998,13,0.9807436905908627,0.993568042496617,0.9968156022472816,千克,0.9807436905908627,瓶,0.012824351905754313,桶,0.0032475597506645784,UNKNOWN,0.001608284266502543,罐,0.0006340092912595224
109011304,其他工业车辆,A 首要单位>=90%,510950718.44999933,21,0.9128221188823733,0.9368285400636762,0.9568355679841201,个,0.9128221188823733,桶,0.024006421181302903,套,0.020007027920443884,UNKNOWN,0.015104524998833593,千克,0.013950970088904094
104030100,半成品革,D 前3个仍<90%,510332946.42,17,0.3823374845554617,0.6823424302953316,0.8368306534309685,平方米,0.3823374845554617,千米,0.30000494573986985,千克,0.15448822313563693,个,0.12991074079202694,OTHER,0.02633510169053294
106020300,印刷用附件,D 前3个仍<90%,509427826.99000025,25,0.6665933691067607,0.7515003548039693,0.8314379754294703,个,0.6665933691067607,平方米,0.08490698569720853,千克,0.079937620625501,OTHER,0.04529723234073148,盒,0.017438825422024667
104010506,毯子,A 首要单位>=90%,509319222.11000013,15,0.9315761583754375,0.9516697325342972,0.9707100958840739,个,0.9315761583754375,平方米,0.020093574158859658,千克,0.01904036334977666,OTHER,0.016035998614315084,套,0.007852854725235925
104010206,毛染整精加工产品,C 前3个>=90%,505969197.3800001,16,0.4324238122853139,0.8564534728080446,0.9829985984630216,千克,0.4324238122853139,千米,0.4240296605227308,个,0.12654512565497703,平方米,0.009464077150933062,OTHER,0.003914956246856893
107040399,其他合成纤维,C 前3个>=90%,504506207.8700001,17,0.8218938775017931,0.8888241947174358,0.9323461056820237,千克,0.8218938775017931,千米,0.06693031721564273,个,0.04352191096458788,平方米,0.03602895317530715,套,0.013144501408610586
104011401,围巾类,A 首要单位>=90%,499534686.36000013,16,0.952258321711792,0.9754699299676476,0.9863289277672334,个,0.952258321711792,UNKNOWN,0.023211608255855564,批,0.01085899779958575,套,0.005452965518468384,千米,0.004292321891847093
109042301,白炽灯泡,A 首要单位>=90%,499260744.120002,18,0.9481719743746155,0.9716331469742073,0.9893676904052282,个,0.9481719743746155,OTHER,0.023461172599591795,套,0.017734543431020922,盒,0.0030690737816785074,批,0.0029011216424655643
109024100,农林牧渔机械零配件,C 前3个>=90%,499224403.9799991,20,0.7672275792337754,0.8685077286353373,0.9070378794585944,个,0.7672275792337754,套,0.10128014940156192,批,0.0385301508232571,千克,0.0376848014640601,UNKNOWN,0.01617743104226043
103010399,其他植物加工品,D 前3个仍<90%,499197817.17000014,18,0.7784034765073328,0.8380412062529774,0.888304239777932,千克,0.7784034765073328,个,0.05963772974564466,UNKNOWN,0.050263033524954655,箱,0.03985188527622342,袋,0.03432856242671458
109042404,特殊用途灯具及照明装置,C 前3个>=90%,498423538.0400002,18,0.6368285899542064,0.870161185957461,0.97400670586115,个,0.6368285899542064,套,0.23333259600325446,OTHER,0.10384551990368904,批,0.010999608268018863,千瓦时,0.003309523375414141
108012801,固结磨具,B 前2个>=90%,498051774.8399999,20,0.8853246024906787,0.9300345565253844,0.9523314962834396,个,0.8853246024906787,千克,0.04470995403470572,套,0.022296939758055297,箱,0.015533169945002824,平方米,0.007568503457719754
107030805,非病人用诊断检验、实验用试剂,D 前3个仍<90%,494849038.9999999,22,0.3560493190328292,0.4918230224349288,0.6246837863415553,盒,0.3560493190328292,OTHER,0.1357737034020996,个,0.13286076390662643,套,0.11263245435947991,UNKNOWN,0.0971944956328389
108010304,钢筋混凝土井管、烟道管，相关钢筋混凝土管,D 前3个仍<90%,494798479.1800003,20,0.646755654241985,0.8237259655394562,0.8697231364032747,千克,0.646755654241985,千米,0.17697031129747126,个,0.04599717086381847,OTHER,0.035760344998075726,项,0.023881105191718655
109011403,给料机械,C 前3个>=90%,494626161.9099999,12,0.6656651684144232,0.8479991237429125,0.9543990759750712,个,0.6656651684144232,套,0.18233395532848923,批,0.10639995223215873,UNKNOWN,0.0384688865759232,千米,0.004668400254210889
103020701,酵母,B 前2个>=90%,494229470.97999996,15,0.8573517206487006,0.9467153334102456,0.9706878758134878,千克,0.8573517206487006,箱,0.08936361276154506,袋,0.02397254240324216,千瓦时,0.013681001896937911,包,0.008280770088203855
109060607,检测器具及设备,C 前3个>=90%,494195600.3100002,23,0.4507076521933436,0.8890842283994109,0.923589392952279,个,0.4507076521933436,套,0.4383765762060674,UNKNOWN,0.034505164552868124,副,0.02854302501105161,批,0.014467408179099734
107020212,酚及酚醇衍生物,A 首要单位>=90%,494148635.3599999,9,0.9964577301954405,0.9976740666517016,0.998573978719001,千克,0.9964577301954405,OTHER,0.0012163364562610174,桶,0.0008999120672994103,瓶,0.0008282153196716663,个,0.0004372359742379843
104020119,西服套装,B 前2个>=90%,491710533.20000005,14,0.5711919747624393,0.9539511726489897,0.9733866076554488,套,0.5711919747624393,个,0.38275919788655033,OTHER,0.019435435006459195,批,0.01730654784761076,千克,0.005062859430321432
107021602,松香类产品,A 首要单位>=90%,491536927.5200001,15,0.9938288093728694,0.9961465879286905,0.9969513280770975,千克,0.9938288093728694,桶,0.0023177785558210055,立方米,0.0008047401484070698,个,0.0007559870463341336,箱,0.0007520881531021047
109030106,铁路特殊用途车辆,C 前3个>=90%,490345949.04,13,0.6026071400987463,0.8207442688124873,0.9776415234765083,个,0.6026071400987463,套,0.21813712871374108,UNKNOWN,0.1568972546640211,千克,0.018725289294173386,OTHER,0.002865700517667317
109010302,燃气轮机,A 首要单位>=90%,489919845.05,10,0.9697313290942795,0.9986031089842254,0.9991990104014669,套,0.9697313290942795,个,0.028871779889945895,千米,0.0005959014172414365,千克,0.0005239804073946035,UNKNOWN,0.00017326875173088072
107021808,未灌（录）制相关媒体,A 首要单位>=90%,489097553.41,11,0.953458275856641,0.9904529207978153,0.994544240302582,千克,0.953458275856641,个,0.036994644941174326,千米,0.004091319504766688,OTHER,0.0037330063445839144,UNKNOWN,0.0012797502985571107
107060115,塑木（木塑）制品,B 前2个>=90%,489051270.56,18,0.6534105201977906,0.9159996933185353,0.9380218751598534,个,0.6534105201977906,千克,0.2625891731207447,千米,0.022022181841318145,平方米,0.01995103114409134,套,0.016396371858553874
109051599,其他半导体分立器件,A 首要单位>=90%,488579704.99999976,11,0.9525563435959749,0.973695118813828,0.983877915907293,个,0.9525563435959749,套,0.021138775217853154,千米,0.010182797093465031,卷,0.007411508015872255,OTHER,0.0042055102350188715
104010104,缝纫线,C 前3个>=90%,488280428.5899997,20,0.4855304714436289,0.8888369454480494,0.9279911465803934,个,0.4855304714436289,千克,0.4033064740044205,千米,0.039154201132344045,OTHER,0.022911184546767063,卷,0.0160592696345491
304040704,商业流通仓储服务,D 前3个仍<90%,487906109.2700001,27,0.37562120335857946,0.7089992317119568,0.8087979763574237,个,0.37562120335857946,UNKNOWN,0.3333780283533773,次,0.09979874464546687,月,0.03863772002815363,项,0.034472430884632456
106010104,化学溶解浆,A 首要单位>=90%,487165578.72999996,17,0.9707293550230423,0.9881538056012811,0.9924342069700233,千克,0.9707293550230423,UNKNOWN,0.017424450578238826,个,0.004280401368742246,桶,0.002658370308871432,瓶,0.0011808944948445172
109012401,齿轮传动轴,A 首要单位>=90%,484500060.6400001,16,0.9104167389315355,0.9717170337153335,0.9814932604793575,个,0.9104167389315355,套,0.061300294783798,千克,0.009776226764023961,UNKNOWN,0.0057868948175081505,OTHER,0.004923400931774957
105010901,竹制工业、建筑用品,D 前3个仍<90%,484482663.00000006,20,0.5593240112907817,0.768431707369475,0.8749281192751369,立方米,0.5593240112907817,个,0.2091076960786933,平方米,0.10649641190566193,千克,0.06853290250759705,UNKNOWN,0.017138139574666263
304080202,代理报关服务,D 前3个仍<90%,484353668.02000016,17,0.4327505230978139,0.6316415896067233,0.7291570372817262,UNKNOWN,0.4327505230978139,票,0.19889106650890948,批,0.09751544767500282,OTHER,0.04739454942881141,项,0.04133365063970844
108010401,石膏板,B 前2个>=90%,484092555.9400003,17,0.5689324210639917,0.9218382167506627,0.9636110293499672,平方米,0.5689324210639917,个,0.352905795686671,OTHER,0.04177281259930456,千克,0.012717304189992618,千米,0.006475735892928175
108041405,金属钉,D 前3个仍<90%,483389729.9499992,20,0.5074616137901248,0.6744392745036635,0.8275483455996827,个,0.5074616137901248,千克,0.16697766071353867,OTHER,0.1531090710960192,套,0.055586901965789366,箱,0.04598738538011429
104030303,皮革作面类似箱、包容器,B 前2个>=90%,482495956.2699999,17,0.8172659267621681,0.9086449841968538,0.9394940961460341,个,0.8172659267621681,UNKNOWN,0.09137905743468563,千米,0.030849111949180236,套,0.02926843470186002,平方米,0.011036976021867461
109050301,收发合一中小型电台,B 前2个>=90%,482369812.18,7,0.8748386416489285,0.9983306893183035,0.9990283492080861,套,0.8748386416489285,个,0.12349204766937495,批,0.000697659889782699,OTHER,0.00047217921654476945,副,0.00035974473447199457
103020105,焙烤松脆食品,D 前3个仍<90%,479746386.78,17,0.6330646596391655,0.718747489552484,0.7906415923960698,箱,0.6330646596391655,盒,0.08568282991331858,个,0.07189410284358577,袋,0.06564215685159763,包,0.037884113629259086
109062002,眼镜片,D 前3个仍<90%,479041863.7099999,13,0.41861283781535585,0.7404684836161539,0.8854358942974896,个,0.41861283781535585,副,0.32185564580079806,盒,0.14496741068133567,OTHER,0.036626103790005235,套,0.03125201038601312
109042106,家用电动器具零件,A 首要单位>=90%,478562784.2499996,15,0.9862035504487727,0.9909715733395957,0.993099828259368,个,0.9862035504487727,套,0.0047680228908230276,千米,0.0021282549197723178,盒,0.0016949939416439292,千克,0.0016541624130690033
109010403,风力发动机（风车）,C 前3个>=90%,477709319.78,12,0.49042104976702705,0.8333246816355424,0.9469729041048102,个,0.49042104976702705,套,0.34290363186851536,UNKNOWN,0.11364822246926773,OTHER,0.04804529696127755,千克,0.0036531780054106944
108010799,其他石制品,D 前3个仍<90%,477414081.39,20,0.6013953621855066,0.7871323622375904,0.8859016184411584,千克,0.6013953621855066,平方米,0.18573700005208382,立方米,0.09876925620356805,个,0.028837002084053695,UNKNOWN,0.027385265432335975
109052204,汽车用音响设备,A 首要单位>=90%,477193915.0099999,12,0.9251007054873048,0.9731200011640315,0.9848408819088809,个,0.9251007054873048,套,0.04801929567672675,UNKNOWN,0.011720880744849381,千克,0.007173274495606819,OTHER,0.006876296819357468
108012803,涂附磨具,D 前3个仍<90%,475936676.24999976,19,0.6655796917479102,0.8189909843284534,0.8719351955595374,个,0.6655796917479102,平方米,0.15341129258054323,OTHER,0.05294421123108392,卷,0.03685110596685182,千克,0.02235351667752461
109012406,离合器,A 首要单位>=90%,475509900.82000005,13,0.9399207974203374,0.9830908018400153,0.9969838890472589,个,0.9399207974203374,套,0.043170004419677895,千克,0.013893087207243566,UNKNOWN,0.001554942134169967,副,0.000498220961522481
109060506,色谱仪器,B 前2个>=90%,474111479.34,21,0.5349261060775228,0.9711777607472768,0.9784269320282263,套,0.5349261060775228,个,0.436251654669754,包,0.0072491712809494785,盒,0.0069277924351722996,UNKNOWN,0.004955937163282608
109012407,联轴器,B 前2个>=90%,472500326.31999993,14,0.5918628032028149,0.9861908486268831,0.9898901932889569,套,0.5918628032028149,个,0.3943280454240682,副,0.003699344662073757,UNKNOWN,0.0033742492252169186,千克,0.002443686799102908
104030202,再生皮革,D 前3个仍<90%,470561162.99,17,0.5993108357860657,0.8098423727078777,0.8978853620968691,千米,0.5993108357860657,平方米,0.21053153692181203,个,0.08804298938899134,千克,0.04867746967143307,OTHER,0.02630205655170701
109022816,印染机械,B 前2个>=90%,469350137.3,18,0.8687902773944709,0.9914253911522186,0.9937635704192219,个,0.8687902773944709,套,0.12263511375774769,UNKNOWN,0.0023381792670032738,千克,0.0021743707285797357,千米,0.0015857856232483942
109011213,其他起重机,B 前2个>=90%,469275846.05000013,13,0.8916663268993749,0.9540968118403758,0.9901760472464018,个,0.8916663268993749,UNKNOWN,0.062430484941000924,套,0.03607923540602606,千米,0.002582064366191343,千克,0.0025317986638362156
107029901,室内散香或除臭制品,D 前3个仍<90%,467281990.47999954,21,0.2704297408727305,0.5386591984241543,0.7244556375739223,千克,0.2704297408727305,箱,0.26822945755142386,个,0.18579643914976798,瓶,0.1062633437231202,包,0.08981890587498768
109025302,灭火器,C 前3个>=90%,466801504.65999967,21,0.3954932334986104,0.7609403421883134,0.9548962582814825,OTHER,0.3954932334986104,个,0.365447108689703,套,0.19395591609316912,千克,0.017593496353405704,瓶,0.010507043210095041
108010899,其他建筑防水卷材及制品,D 前3个仍<90%,466260524.46999997,20,0.3723263723158485,0.6042125059380324,0.7229437678069791,平方米,0.3723263723158485,千克,0.231886133622184,个,0.11873126186894671,千米,0.05156543813639311,UNKNOWN,0.03904950055700348
109024611,体外循环设备,B 前2个>=90%,466090426.97,18,0.8375953690315289,0.968259185441386,0.9786454607645468,个,0.8375953690315289,套,0.1306638164098571,桶,0.010386275323160816,OTHER,0.00808931342896403,瓶,0.003847349990982373
109013402,灌装、装填容器用机械,B 前2个>=90%,465857856.5099999,21,0.7937079139977172,0.9287040674620735,0.9620549282297645,个,0.7937079139977172,套,0.13499615346435628,UNKNOWN,0.033350860767691046,千克,0.012036017192037292,次,0.009736390975522032
104011005,涂焦油、蜡、沥青或类似产品纺织物,A 首要单位>=90%,465376392.6500001,19,0.9189806805942631,0.9511156569407045,0.9693211713454112,千克,0.9189806805942631,个,0.03213497634644145,千米,0.01820551440470666,平方米,0.010852827022960934,UNKNOWN,0.007151791566064947
304020104,软件测试服务,D 前3个仍<90%,465235866.3099999,12,0.7029307268887378,0.8304519168832952,0.8868471073446375,UNKNOWN,0.7029307268887378,项,0.1275211899945574,次,0.05639519046134224,个,0.05523595593310697,月,0.022577591541493382
109024206,医用激光诊断、治疗仪器及设备,B 前2个>=90%,463688585.54000103,13,0.809237826876872,0.9658925749237885,0.98019717563393,个,0.809237826876872,套,0.15665474804691662,盒,0.014304600710141484,袋,0.010907570636249113,OTHER,0.0032489827159440337
104010902,网类制品,D 前3个仍<90%,462708748.65000004,21,0.3839344323795724,0.6207744149166089,0.7340922308277604,个,0.3839344323795724,平方米,0.23683998253703648,千克,0.11331781591115159,批,0.05734938400758937,套,0.05273430046695962
107021601,松节油类产品,A 首要单位>=90%,461903914.4900001,7,0.996907507827516,0.9992530264862964,0.9998342818763843,千克,0.996907507827516,桶,0.0023455186587803965,瓶,0.0005812553900878719,个,8.191480698269582e-05,罐,6.964452777049679e-05
109025401,道路交通安全管制设备,B 前2个>=90%,458334616.8499999,22,0.5186018085729497,0.9020562825506773,0.9288217256767304,个,0.5186018085729497,套,0.38345447397772753,千米,0.026765443126053074,批,0.02316649469545735,千克,0.015488171085107513
108012006,耐火陶瓷制品,B 前2个>=90%,458156845.08000004,18,0.4597480400914236,0.9140003347912,0.9607993163632337,千克,0.4597480400914236,个,0.45425229469977646,套,0.04679898157203365,OTHER,0.02069627657389752,立方米,0.007264134162218768
103011199,其他水果、坚果加工品,D 前3个仍<90%,456449304.7700021,15,0.4694361860578831,0.6618710658179906,0.7690615187745431,盒,0.4694361860578831,千克,0.19243487976010748,袋,0.10719045295655248,箱,0.0857724455287044,UNKNOWN,0.04230470680578646
107050902,橡胶减震制品,C 前3个>=90%,456108914.73,19,0.6810782914293424,0.8430677589970551,0.9044452193270552,个,0.6810782914293424,套,0.16198946756771268,千克,0.061377460330000154,千米,0.02945590646469406,OTHER,0.02294762194287708
109030105,铁路货车,B 前2个>=90%,453812150.77000004,17,0.757694893331029,0.977222142834957,0.9900548311182452,个,0.757694893331029,OTHER,0.21952724950392802,千克,0.012832688283288204,UNKNOWN,0.005725288526522544,套,0.0037882618107140547
107029903,擦洗膏、去污粉及类似制品,D 前3个仍<90%,452802660.00000316,18,0.6702924407290387,0.7848921642156446,0.8319954793551798,箱,0.6702924407290387,瓶,0.11459972348660588,套,0.04710331513953529,千克,0.04078448494538409,个,0.03798062577635891
107050300,橡胶板、杆、型材,D 前3个仍<90%,452105686.27999985,21,0.41180575057995256,0.6767823532095565,0.7810106756793077,千克,0.41180575057995256,个,0.26497660262960393,平方米,0.10422832246975125,立方米,0.08423433019246392,千米,0.04662242970982171
109023212,电子整机装联设备,B 前2个>=90%,451909976.0899998,18,0.8837769867475996,0.98212276942877,0.9891703656503805,个,0.8837769867475996,套,0.09834578268117032,UNKNOWN,0.007047596221610558,OTHER,0.004083720824150308,次,0.003340656502124533
109020699,其他冶金专用设备,C 前3个>=90%,451587622.34000003,15,0.4810487529404502,0.8391138109288152,0.9122524924074074,个,0.4810487529404502,套,0.358065057988365,千克,0.0731386814785921,OTHER,0.02491861980558818,UNKNOWN,0.024009324710491796
102050506,萤石,A 首要单位>=90%,450181668.67,5,0.9833922863361179,0.9998331207038661,0.9999915456353181,千克,0.9833922863361179,UNKNOWN,0.016440834367748267,瓶,0.00015842493145201838,个,7.232635681544753e-06,套,1.221729000260938e-06
109010508,磨床,A 首要单位>=90%,449917875.2099997,16,0.9195227526287997,0.9632952493334656,0.9854760872149168,个,0.9195227526287997,OTHER,0.04377249670466592,套,0.02218083788145121,副,0.008003654707693564,UNKNOWN,0.0035031628589202797
109051002,网络接口和适配器,B 前2个>=90%,446979106.9899998,19,0.7623578085667068,0.9145193305626815,0.9363701664681247,个,0.7623578085667068,套,0.1521615219959747,千克,0.021850835905443143,盒,0.020380223566476032,OTHER,0.015288226369276103
104030601,鞣制毛皮,C 前3个>=90%,446587388.37,9,0.4981334122353017,0.8111577955485649,0.9153908153387114,平方米,0.4981334122353017,个,0.31302438331326315,OTHER,0.10423301979014639,千克,0.08037883304545948,UNKNOWN,0.0016664349226615824
106040802,填充类玩具,B 前2个>=90%,445415684.0999982,18,0.701872584890415,0.9290470363344797,0.9616907128574098,个,0.701872584890415,千克,0.2271744514440647,UNKNOWN,0.03264367652293012,套,0.027450807451259326,盒,0.004650356316449272
107030214,外用液体制剂,D 前3个仍<90%,445285672.86999995,17,0.39483072818587633,0.6205614411507756,0.7780546071176808,瓶,0.39483072818587633,盒,0.22573071296489927,个,0.1574931659669052,OTHER,0.14216852292142326,袋,0.029095816078013467
104010203,绒线,B 前2个>=90%,445283751.43,17,0.6493177136185087,0.9384346640721528,0.9757431522589525,千克,0.6493177136185087,千米,0.2891169504536441,个,0.03730848818679968,套,0.019094342950298746,OTHER,0.0018195333815753825
106040703,电子乐器,A 首要单位>=90%,444173714.9599997,16,0.947489388758404,0.9923644255034195,0.9964886812580964,个,0.947489388758404,套,0.044875036745015445,批,0.00412425575467691,千米,0.001639810586417958,千克,0.0005253753928708167
109051502,半导体三极管,A 首要单位>=90%,443686584.5199997,8,0.9586893932124879,0.9945371795664678,0.9991261868320418,个,0.9586893932124879,OTHER,0.035847786353979914,套,0.00458900726557402,UNKNOWN,0.0005487504208931635,批,0.00017894162855045987
301030102,航空货物运输服务,C 前3个>=90%,441036092.6899999,13,0.5744997486817817,0.799229217704323,0.9624402487357344,UNKNOWN,0.5744997486817817,月,0.2247294690225413,千克,0.16321103103141138,批,0.021862280819672755,票,0.008500144233399613
109032501,航天器及其运载工具,A 首要单位>=90%,440012888.94,16,0.9986659033752077,0.9991317988186204,0.9995571823805676,个,0.9986659033752077,批,0.00046589544341268994,千米,0.000425383561947257,千克,0.0002246579645385785,次,7.53682467799758e-05
106020201,用于书写本册,D 前3个仍<90%,438847586.78000104,23,0.6665651731307,0.7996363610993723,0.8764008861983519,个,0.6665651731307,包,0.13307118796867237,套,0.07676452509897956,OTHER,0.04824390450758837,千克,0.025507900800219536
101010104,谷子,D 前3个仍<90%,438772530.82,26,0.4947129808566989,0.7110854501919478,0.7870715564499932,千克,0.4947129808566989,个,0.21637246933524887,套,0.07598610625804537,袋,0.06591649676872087,平方米,0.025569571866846247
109023199,其他电工机械专用设备,C 前3个>=90%,437635677.85,20,0.49946465163409204,0.8634495376757592,0.9292269616084272,个,0.49946465163409204,套,0.3639848860416671,千克,0.06577742393266806,千米,0.023694273375842408,OTHER,0.01867744746076579
109012904,干燥、分散、混合设备及类似设备,B 前2个>=90%,436608086.42,20,0.6420836541271131,0.9435811411511419,0.9797518840466555,个,0.6420836541271131,套,0.3014974870240288,项,0.03617074289551359,千克,0.006911729795808393,UNKNOWN,0.005795856166451623
108040411,通用手工具可互换部件,B 前2个>=90%,436367928.6400009,23,0.794531755829452,0.9035428839117906,0.9516629204723216,个,0.794531755829452,套,0.10901112808233862,千克,0.04812003656053094,批,0.021605518717618608,UNKNOWN,0.006870657748254067
103011203,淀粉制品,A 首要单位>=90%,436214350.9799999,17,0.9137572021060699,0.9533138416829993,0.9695650395724631,千克,0.9137572021060699,袋,0.039556639576929384,包,0.016251197889463814,箱,0.01183310867330145,个,0.007403433478849644
106020106,票证,D 前3个仍<90%,434749424.5300002,25,0.41760645918341344,0.6737328432732361,0.7514973827813661,套,0.41760645918341344,个,0.25612638408982263,份,0.07776453950813003,UNKNOWN,0.06463048741324112,卷,0.06209500175689626
107020236,氯化钴,A 首要单位>=90%,433747696.39,8,0.9977899080087839,0.9997021956287605,0.9998158145837663,千克,0.9977899080087839,UNKNOWN,0.0019122876199766784,个,0.00011361895500578891,批,0.000106052436434474,瓶,3.084742607594048e-05
109012603,工业电炉,B 前2个>=90%,431672724.72999996,19,0.5407834510878851,0.9487835794493886,0.975518228499125,个,0.5407834510878851,套,0.4080001283615036,千克,0.026734649049736364,OTHER,0.009286148163535837,千米,0.00902396435270834
304040101,航空地面服务,A 首要单位>=90%,431129731.36,15,0.9028719920384384,0.9466210011835543,0.9634737235812426,UNKNOWN,0.9028719920384384,批,0.04374900914511589,千克,0.016852722397688275,个,0.013666876166051107,次,0.00789285215674113
304070104,音像制作服务,A 首要单位>=90%,430479529.34,11,0.9154018759130435,0.9451510707461508,0.9661730234830777,UNKNOWN,0.9154018759130435,个,0.029749194833107326,项,0.021021952736926863,次,0.017533065397027876,OTHER,0.007642765371547924
107021904,污水处理材料,D 前3个仍<90%,429933819.35,22,0.41557428801512586,0.6668764976978776,0.8067484362230133,个,0.41557428801512586,千克,0.2513022096827517,千米,0.1398719385251357,套,0.09014564748266296,立方米,0.030526143395376508
107030102,消化系统用药,D 前3个仍<90%,429260330.2800001,15,0.38662041370500355,0.6893139288622179,0.8260985012025045,盒,0.38662041370500355,千克,0.30269351515721427,UNKNOWN,0.13678457234028663,瓶,0.08447913744171472,个,0.056076701111184714
103021299,其他食品用类似原料,D 前3个仍<90%,429002321.1,18,0.7600183426140444,0.8146008461771003,0.8619789991854198,千克,0.7600183426140444,箱,0.05458250356305588,千米,0.04737815300831946,个,0.04066420178163439,包,0.029603416730791202
109021501,乳品分离、搅拌加工机械,D 前3个仍<90%,428779219.51,17,0.4511433644360383,0.590856886137159,0.6891663931561132,罐,0.4511433644360383,个,0.13971352170112075,OTHER,0.09830950701895412,千克,0.08697634662103824,盒,0.08340668913682263
109061601,光学检测仪器及设备,B 前2个>=90%,428493173.0500001,20,0.7076500832946002,0.9419194147648744,0.9788015174772924,个,0.7076500832946002,套,0.23426933147027412,千米,0.03688210271241799,立方米,0.007344161186047161,批,0.00423823319534682
109024504,眼科专用仪器及器具,B 前2个>=90%,428131634.75,14,0.5584836067290867,0.9398327828892116,0.9731084560786476,套,0.5584836067290867,个,0.38134917616012487,千克,0.03327567318943604,UNKNOWN,0.010731536861747869,副,0.008597502289568898
108010901,矿物绝热和吸声材料,D 前3个仍<90%,425449561.49,19,0.41119866657592496,0.6768657091841159,0.7983516066639159,千克,0.41119866657592496,立方米,0.26566704260819096,平方米,0.12148589747979996,个,0.06440169458405715,千米,0.04354069907869776
304040902,分拣服务,D 前3个仍<90%,424038682.24,14,0.395703706283643,0.6497269614993887,0.8803139738056365,月,0.395703706283643,UNKNOWN,0.2540232552157457,批,0.23058701230624784,个,0.060286180036592286,项,0.028453710228188826
107040499,其他化学纤维加工丝,C 前3个>=90%,423533037.44,17,0.816382643960763,0.877403983727348,0.9287499102492683,千克,0.816382643960763,套,0.061021339766584984,千米,0.051345926521920396,个,0.03883327272274479,平方米,0.028890803900353222
109040501,电力电容器,C 前3个>=90%,423160540.54999965,19,0.6701574100491822,0.8044372073954711,0.9294654589456617,个,0.6701574100491822,套,0.13427979734628886,千瓦时,0.12502825155019062,UNKNOWN,0.028767422912774256,OTHER,0.01962375761503409
107020221,醛醇,A 首要单位>=90%,420297845.24,13,0.98770019035656,0.991054954165056,0.9942753382934283,千克,0.98770019035656,套,0.0033547638084959887,个,0.0032203841283723637,瓶,0.002763243597732036,桶,0.0013254650156055126
108032202,银材,B 前2个>=90%,420036388.18999994,8,0.8694773906464488,0.9587955507031665,0.9822843844266321,千克,0.8694773906464488,套,0.08931816005671761,OTHER,0.0234888337234657,个,0.009348882121669214,盒,0.0048018887332390865
108012203,药品或化妆品陶瓷容器,D 前3个仍<90%,419623721.2600001,16,0.5326171195920535,0.7445212661283858,0.8935416803038148,盒,0.5326171195920535,个,0.21190414653633227,瓶,0.149020414175429,OTHER,0.05077381320585259,袋,0.015024734948417193
104019901,纺织材料絮胎及其制品,D 前3个仍<90%,419269137.16,19,0.5694105101966862,0.7299017103737253,0.838284028966994,千克,0.5694105101966862,个,0.16049120017703905,千米,0.10838231859326872,包,0.05906227457555511,套,0.02339514638840869
109061603,通用电子测量仪器,C 前3个>=90%,417681881.45000017,20,0.6898889432542803,0.8538536161825174,0.9762704364010426,个,0.6898889432542803,套,0.16396467292823713,千瓦时,0.12241682021852515,UNKNOWN,0.011159639110555916,盒,0.0050747273801814066
108012804,超硬材料制品,C 前3个>=90%,416813656.6800005,19,0.7645989075513228,0.870435322536803,0.9085478166103741,个,0.7645989075513228,千米,0.1058364149854802,OTHER,0.038112494073571056,千克,0.024179387571596274,套,0.02072880624598442
109020411,建筑材料及制品专用机械零件,D 前3个仍<90%,416103083.86999995,20,0.3010021027364707,0.5325170870861108,0.6386792472632294,个,0.3010021027364707,千克,0.23151498434964007,平方米,0.10616216017711869,套,0.10340353745958407,立方米,0.08049535388799088
108010309,水泥混凝土制砖、瓦及类似品,D 前3个仍<90%,415302447.88999987,18,0.36912290991504937,0.5945239328456778,0.8098581385898413,个,0.36912290991504937,立方米,0.22540102293062844,平方米,0.2153342057441635,千克,0.07040686253731103,千米,0.03908125283744762
109024501,诊断专用器械,C 前3个>=90%,414833660.1199995,20,0.6930486831199618,0.8794530844591192,0.9701029527439688,个,0.6930486831199618,套,0.18640440133915737,盒,0.09064986828484972,副,0.007111458142395262,OTHER,0.0057078861906120545
109051004,网络优化设备,B 前2个>=90%,413742929.18,15,0.7532141687294467,0.9797435501396718,0.9949835239139592,个,0.7532141687294467,套,0.22652938141022516,UNKNOWN,0.01523997377428728,项,0.0019834477694311956,千米,0.001121203450943287
109021499,其他食品制造机械,B 前2个>=90%,412737930.8400001,19,0.7135394481932563,0.9449162689658067,0.9632070199870074,个,0.7135394481932563,套,0.2313768207725504,批,0.018290751021200712,UNKNOWN,0.017458108067109773,次,0.006622362026279522
106040102,文件夹,D 前3个仍<90%,412571936.6599997,20,0.5643919625873466,0.7487030620179072,0.8149940930109794,个,0.5643919625873466,包,0.18431109943056054,OTHER,0.06629103099307226,盒,0.04634496014147784,套,0.0458847855558359
106040601,运动用球,B 前2个>=90%,412200220.0100011,18,0.5623359794285824,0.9479997297927694,0.9689878238306379,个,0.5623359794285824,OTHER,0.38566375036418693,套,0.020988094037868534,桶,0.011886171263763819,盒,0.009478933878068281
108031503,铜粉及片状粉末,A 首要单位>=90%,411914701.7200001,12,0.961264346663582,0.9946359756018083,0.9971506296446836,千克,0.961264346663582,个,0.033371628938226275,平方米,0.002514654042875369,批,0.001745111905446461,千米,0.00044036184977758153
106010106,再生纸浆,B 前2个>=90%,411515058.4500001,19,0.8283866978136825,0.9218127903722644,0.9490494833433961,千克,0.8283866978136825,个,0.09342609255858197,箱,0.02723669297113178,令,0.012558825743743568,批,0.009194986847509854
109041599,其他家用空气调节器,B 前2个>=90%,408839264.0900002,11,0.5428060772097157,0.9062043521300376,0.972105133039547,个,0.5428060772097157,套,0.3633982749203219,UNKNOWN,0.06590078090950947,批,0.026014778286213392,项,0.0006519744638355531
108041801,供暖用散热器（暖气片）,D 前3个仍<90%,408725139.89000005,17,0.4588221639619976,0.7801603247742912,0.8919078896103868,千克,0.4588221639619976,个,0.32133816081229355,套,0.1117475648360956,OTHER,0.07621862723781572,UNKNOWN,0.013159492590662625
108041199,其他金属丝,B 前2个>=90%,408093653.0399998,18,0.8200667992677585,0.9275821244465585,0.9576436929336272,千克,0.8200667992677585,个,0.10751532517880007,千米,0.030061568487068688,OTHER,0.018203190872149826,卷,0.009836360918866208
107021201,非定型密封材料,D 前3个仍<90%,405420720.19,19,0.439160021733866,0.740986973653474,0.7933457784773909,千克,0.439160021733866,个,0.30182695191960807,套,0.05235880482391681,平方米,0.04935844135105351,箱,0.03392420925983852
106050206,铁制工艺品,D 前3个仍<90%,405372927.58000004,20,0.3972792503224519,0.7749185786167393,0.8794269608683866,个,0.3972792503224519,千克,0.37763932829428737,套,0.10450838225164731,OTHER,0.03071198371416414,批,0.027875610163359883
108012402,石棉制品,D 前3个仍<90%,405013284.62000006,18,0.42606862227224507,0.7016376768890985,0.8508567646449563,个,0.42606862227224507,千克,0.27556905461685344,千米,0.14921908775585774,立方米,0.07268772748434989,平方米,0.02614357891972496
101020499,其他林产品,D 前3个仍<90%,404089148.68,20,0.6234959499234628,0.7515672533946254,0.8718949485797907,OTHER,0.6234959499234628,立方米,0.12807130347116255,千克,0.12032769518516531,个,0.05812359472339988,批,0.029773167726232147
108010802,自粘防水卷材,C 前3个>=90%,403316593.67,19,0.8215376130819636,0.8844203207563999,0.9234103201682929,平方米,0.8215376130819636,卷,0.06288270767443627,套,0.03898999941189303,OTHER,0.031249839946611388,千克,0.024373693134092368
109012906,加热设备,B 前2个>=90%,403055920.50999945,20,0.7242946860093498,0.9287780166988322,0.9634578707555926,个,0.7242946860093498,套,0.20448333068948243,千米,0.0346798540567604,千克,0.019045971438123435,OTHER,0.005029335054637187
108041402,铜制紧固件,C 前3个>=90%,402278032.6899998,15,0.7818456678253971,0.8955663592936619,0.9326351293686397,个,0.7818456678253971,千克,0.11372069146826479,批,0.03706877007497778,套,0.03499891439722156,OTHER,0.025435929950182345
110020101,焦炉煤气,B 前2个>=90%,400830806.71000004,8,0.7832825155755853,0.9828192080431022,0.9995930847697592,立方米,0.7832825155755853,OTHER,0.19953669246751693,千克,0.01677387672665695,瓶,0.0003091904811839107,平方米,4.740164598612421e-05
109060599,其他分析仪器及装置,B 前2个>=90%,399837719.45,22,0.6542734823013957,0.9377305550505635,0.9621714590339158,个,0.6542734823013957,套,0.2834570727491678,UNKNOWN,0.024440903983352292,包,0.009496112911065174,盒,0.009442005609658594
103020505,水果类罐头,D 前3个仍<90%,399643146.5,15,0.33326030311394317,0.6656776650366003,0.8448312076333829,瓶,0.33326030311394317,千克,0.33241736192265714,箱,0.17915354259678265,个,0.07877765187698521,罐,0.03379486456425447
107030116,麻醉用药,A 首要单位>=90%,398880089.4,9,0.9254740718577467,0.9779330290633454,0.9902506047222122,千克,0.9254740718577467,个,0.05245895720559874,盒,0.012317575658866669,瓶,0.009415511527911325,桶,0.00014500598434733503
109010506,铣床,A 首要单位>=90%,397901422.85,15,0.9753126186389559,0.9861912646839885,0.9906504640688294,个,0.9753126186389559,套,0.010878646045032608,UNKNOWN,0.004459199384840802,OTHER,0.002653781060737918,千克,0.0023223570636698968
109060103,楼宇控制系统,B 前2个>=90%,396942652.24999994,17,0.6859954045918479,0.9312511419588823,0.9586990479176958,个,0.6859954045918479,套,0.2452557373670343,批,0.027447905958813478,项,0.012373620779120999,UNKNOWN,0.009000696901047123
107050103,橡胶内胎,B 前2个>=90%,396898785.74,17,0.8307560224333782,0.9877650834306632,0.9971820772192217,个,0.8307560224333782,千克,0.15700906099728495,套,0.00941699378855852,千米,0.0007076829410710204,UNKNOWN,0.0005791308974942897
107020104,非金属卤化物及硫化物,A 首要单位>=90%,396318924.0900001,16,0.9705865912238075,0.9876688552755302,0.9935526137292912,千克,0.9705865912238075,个,0.01708226405172264,OTHER,0.005883758453760994,瓶,0.005406315090604735,UNKNOWN,0.000371096334442514
106020299,其他本册,D 前3个仍<90%,395710845.0500002,25,0.5666265413869785,0.8606183518093093,0.8861068952145971,个,0.5666265413869785,套,0.29399181042233086,千克,0.025488543405287688,批,0.025040931159589393,份,0.024918143698472776
107010108,润滑脂,D 前3个仍<90%,395580215.51000017,19,0.41991885786259886,0.8183203893113224,0.8673299698208156,桶,0.41991885786259886,千克,0.3984015314487236,个,0.04900958050949316,立方米,0.0337314366007839,OTHER,0.02819298742132887
107060303,机械设备用纤维增强塑料制品,D 前3个仍<90%,393551838.4499999,22,0.3887017244093881,0.7643773446842095,0.844664962662176,个,0.3887017244093881,套,0.3756756202748214,UNKNOWN,0.08028761797796655,千克,0.0352900933831224,包,0.031465731093448544
109020909,塑料加工专用设备零件,C 前3个>=90%,393509998.6,21,0.5696187590848167,0.8654546914224202,0.9215237950246075,个,0.5696187590848167,套,0.29583593233760336,批,0.056069103602187344,OTHER,0.030613778666004142,千克,0.0199486672204725
104030503,专门技术用途皮革制品,B 前2个>=90%,393471136.54999995,16,0.775481541684128,0.9551681483560144,0.9804033613555281,平方米,0.775481541684128,个,0.17968660667188643,千米,0.025235212999513725,千克,0.007703508030035197,套,0.006317106184189307
104030403,皮革制衣着附件,C 前3个>=90%,392271063.7399988,16,0.787031800119287,0.8772423690371485,0.9200530588185667,个,0.787031800119287,平方米,0.09021056891786149,千米,0.042810689781418165,UNKNOWN,0.03562089613946515,套,0.024843211163949806
104010999,其他纤维纺制线、绳、索、缆,C 前3个>=90%,391250976.6100001,17,0.713028685237203,0.8363310486919731,0.9537175884980598,千克,0.713028685237203,千米,0.12330236345477011,个,0.1173865398060867,OTHER,0.015852878614492562,套,0.010731360075773638
103030802,茶制品,D 前3个仍<90%,390563343.36,15,0.4008223919665291,0.5884965963335202,0.7582281456635265,千克,0.4008223919665291,箱,0.1876742043669912,盒,0.16973154933000623,个,0.07471484793979412,罐,0.05877993762164009
107020228,无机酸酯及其盐,A 首要单位>=90%,390316699.6000001,12,0.9973507148142529,0.9982749172641344,0.9990432049400327,千克,0.9973507148142529,桶,0.0009242024498815473,瓶,0.0007682876758983539,个,0.00032908507407352543,箱,0.0002714088331566738
109051301,访问控制类设备,C 前3个>=90%,389521357.35,14,0.49073748910831066,0.7697148385899668,0.9824788174224102,个,0.49073748910831066,套,0.2789773494816561,UNKNOWN,0.21276397883244333,批,0.006295902891395077,OTHER,0.005850953014502274
107020206,含不同卤素无环烃卤化衍生物,B 前2个>=90%,389210473.98999995,18,0.8102562741877871,0.9535325813188043,0.9661631161027328,千克,0.8102562741877871,瓶,0.14327630713101713,OTHER,0.012630534783928516,罐,0.01199382514592847,个,0.005991004728356592
107060305,交通运输用纤维增强塑料制品,D 前3个仍<90%,389190733.93000036,21,0.7437734893813384,0.808433417627539,0.8589376303602483,个,0.7437734893813384,千克,0.06465992824620063,千米,0.050504212732709296,平方米,0.03136126350375874,卷,0.030715500082152708
105020205,塑料家具零配件,D 前3个仍<90%,388475863.78999984,21,0.5799363410690208,0.7492747197477052,0.8258673996885225,个,0.5799363410690208,千克,0.16933837867868437,千米,0.07659267994081731,套,0.05711876610175954,箱,0.05247395637691288
109060399,其他电工仪器仪表,C 前3个>=90%,388309952.8599998,22,0.6679147256199947,0.8754243001146029,0.9241962158239797,个,0.6679147256199947,套,0.20750957449460833,UNKNOWN,0.04877191570937683,OTHER,0.04450038270389135,批,0.009608533292849171
103010999,其他水产加工品,D 前3个仍<90%,387665843.0499999,16,0.6842434006386985,0.8337161632223404,0.8774939901427563,千克,0.6842434006386985,箱,0.1494727625836419,袋,0.043777826920415874,盒,0.04121957538038505,个,0.036938657394567184
108031404,贵金属合金,B 前2个>=90%,387083397.4400002,13,0.715406676575232,0.9079255062198207,0.9444597051380061,千克,0.715406676575232,个,0.19251882964458866,平方米,0.03653419891818544,卷,0.03323420718914726,OTHER,0.018052056859615428
103010702,动物肠衣,B 前2个>=90%,386696506.0,12,0.8276418594276101,0.9158866561881994,0.9483246347459886,个,0.8276418594276101,副,0.08824479676058929,千克,0.032437978557789196,OTHER,0.0274462508332051,千米,0.012731621190288178
109013404,包装专用设备零件,B 前2个>=90%,385644565.23000014,21,0.5569384193237734,0.9167015576095534,0.9413554612483344,个,0.5569384193237734,套,0.35976313828577994,千克,0.024653903638780953,OTHER,0.01591465321529846,千米,0.009834523890510573
108020402,铸铁直管,B 前2个>=90%,385520253.8200001,13,0.6219360670009013,0.9146501081746978,0.9915049400711146,千克,0.6219360670009013,千米,0.2927140411737965,个,0.07685483189641669,OTHER,0.003121055218442011,批,0.001666191422201943
109013501,工业用衡器,B 前2个>=90%,384503618.87000006,19,0.8089963462350911,0.9551202022734815,0.969846708818832,个,0.8089963462350911,套,0.14612385603839034,千克,0.014726506545350473,OTHER,0.008429912232102783,UNKNOWN,0.007390557358995292
106040607,钓鱼用品和器材,D 前3个仍<90%,383298456.0400006,14,0.694132588502352,0.8498416496778334,0.8889368348367221,个,0.694132588502352,套,0.15570906117548133,副,0.03909518515888874,UNKNOWN,0.02645731278119649,OTHER,0.023523581005656467
106051207,扣类制品及其零件,D 前3个仍<90%,383084051.41999984,19,0.5166609765568191,0.6976909009635845,0.8403214071082927,个,0.5166609765568191,OTHER,0.18102992440676546,套,0.14263050614470818,千克,0.07959876193480196,副,0.039318707641749745
109012302,滑动轴承,B 前2个>=90%,382764006.9799997,19,0.7145459430418462,0.9464049946026614,0.9611637277306045,个,0.7145459430418462,套,0.23185905156081527,千克,0.014758733127943187,批,0.012489486087571952,OTHER,0.010385540979582525
107030302,动物类饮片,B 前2个>=90%,381636302.21999997,12,0.8763185494004968,0.9306272547029921,0.9507727369206874,千克,0.8763185494004968,盒,0.05430870530249527,袋,0.02014548221769529,个,0.015938503320089104,UNKNOWN,0.0154777040224934
109024702,穿戴或植入式人造人体器官,C 前3个>=90%,381515356.4700003,15,0.6838301172826184,0.8645530855477809,0.9258759661952854,个,0.6838301172826184,盒,0.18072296826516246,OTHER,0.06132288064750457,千克,0.027479894510679777,套,0.01858638264422676
109023501,拖拉机,A 首要单位>=90%,380104959.29999995,8,0.9936771069116646,0.9961214437119816,0.998347228930775,个,0.9936771069116646,套,0.0024443368003170384,千克,0.002225785218793382,桶,0.0008549873713789244,批,0.0005757034593891973
109061905,物镜,A 首要单位>=90%,377659895.9300003,8,0.9954108457406311,0.9989264592444967,0.999486488022451,个,0.9954108457406311,套,0.0035156135038656366,UNKNOWN,0.0005600287779542306,批,0.0002621406219376541,副,0.00024512764261619895
104019905,图案花边,B 前2个>=90%,376729914.7000004,13,0.858655092302921,0.9444858306602644,0.9880864006683036,千米,0.858655092302921,千克,0.08583073835734334,个,0.043600570008039186,OTHER,0.0052258369011331345,套,0.0024176315032621936
104011202,纬编制物,C 前3个>=90%,376408083.8900002,13,0.6152781353061499,0.8939062211754456,0.9490116041035699,千克,0.6152781353061499,千米,0.2786280858692956,个,0.05510538292812431,OTHER,0.0334523727542466,套,0.006652412546835109
109060502,光学分析仪器,B 前2个>=90%,374779215.18,20,0.5543611862792737,0.985739387848835,0.9919678013932705,个,0.5543611862792737,套,0.43137820156956125,UNKNOWN,0.006228413544435449,OTHER,0.003585366918906199,批,0.002621586950941541
107030209,滴剂,C 前3个>=90%,374083091.5999999,14,0.41721587998659526,0.7985506825564311,0.9242162111130285,盒,0.41721587998659526,个,0.3813348025698359,瓶,0.12566552855659743,OTHER,0.048084850729457576,袋,0.014528762758974164
109012103,气动电磁线圈、气动管件系列,C 前3个>=90%,372624633.32,19,0.6158766033401756,0.8934143947324797,0.9384139669309182,个,0.6158766033401756,千克,0.27753779139230417,套,0.04499957219843847,千米,0.01781994107807043,卷,0.016640550880260833
103020504,蔬菜类罐头,D 前3个仍<90%,370512283.27,15,0.5236368835810447,0.703563419083836,0.7878182796365999,千克,0.5236368835810447,个,0.17992653550279142,箱,0.0842548605527639,瓶,0.06484676080898343,罐,0.05830126340037869
104020117,男大衣、男风衣,A 首要单位>=90%,370399784.1800002,7,0.9763851957706614,0.9850332342599154,0.9925692251789693,个,0.9763851957706614,UNKNOWN,0.008648038489253957,套,0.0075359909190538844,批,0.006221542501979756,OTHER,0.0006523097213323001
301010101,铁路旅客运输服务,D 前3个仍<90%,369921925.2699999,28,0.48546035525989906,0.7415022285034725,0.8412091218244865,千克,0.48546035525989906,UNKNOWN,0.2560418732435734,个,0.09970689332101401,OTHER,0.0837117537366779,批,0.02779316852467138
108012300,其他陶瓷制品,D 前3个仍<90%,368450834.01000005,21,0.477504247107295,0.74397091179487,0.8281608186065834,个,0.477504247107295,千克,0.26646666468757496,平方米,0.08418990681171343,箱,0.07377575592422798,套,0.05616636427382421
101010106,大麦,D 前3个仍<90%,367468334.83,26,0.5320175583032019,0.6905437563685384,0.8211787227860066,千克,0.5320175583032019,个,0.15852619806533655,UNKNOWN,0.13063496641746822,立方米,0.036802115987099565,批,0.03349289218537372
107029902,光洁用品,D 前3个仍<90%,366131997.0199994,23,0.287111730019755,0.4639937529707905,0.576174970521564,瓶,0.287111730019755,套,0.1768820229510355,箱,0.11218121755077351,个,0.1032466520207878,千克,0.10164716480096961
109020401,水泥专用设备,C 前3个>=90%,365837734.76,20,0.46812318374524586,0.8286679551492421,0.9555308390189092,个,0.46812318374524586,套,0.3605447714039962,千克,0.12686288386966718,千米,0.01649578377681293,平方米,0.007188120251523941
107021899,其他信息化学品,D 前3个仍<90%,364499131.6099999,18,0.4847375628292239,0.8180317931978844,0.8826851259669041,千克,0.4847375628292239,个,0.3332942303686605,立方米,0.0646533327690196,平方米,0.06253435754241633,OTHER,0.023072911649617965
106040602,运动用球类器材及器械,D 前3个仍<90%,363565307.27000004,17,0.6739166679840617,0.7900793053850944,0.8872387230568333,个,0.6739166679840617,OTHER,0.1161626374010327,副,0.0971594176717388,套,0.0755113138988587,桶,0.009143551635775963
107021202,定形密封材料,D 前3个仍<90%,363518527.48999995,21,0.3850534000467158,0.6598100372658395,0.8272736259591962,个,0.3850534000467158,千克,0.2747566372191237,千米,0.16746358869335665,套,0.05008352566156573,卷,0.02746514585910521
103020601,味精（谷氨酸钠）,C 前3个>=90%,362683736.22,14,0.6416737941864362,0.8461387564228948,0.9140090855326306,千克,0.6416737941864362,箱,0.20446496223645866,个,0.06787032910973576,袋,0.061750091976594666,包,0.012355941726820885
108010699,其他建筑陶瓷制品,D 前3个仍<90%,362615153.08000004,17,0.4754172243374689,0.6746454406333879,0.812737329388386,千克,0.4754172243374689,个,0.19922821629591897,平方米,0.13809188875499814,套,0.07036491534696236,OTHER,0.04504932505232632
109050803,应用广播电视设备,B 前2个>=90%,362564426.6499997,16,0.6890362747340423,0.9356571274364983,0.9631516027001267,个,0.6890362747340423,套,0.24662085270245604,UNKNOWN,0.027494475263628318,项,0.008781578489148236,批,0.008567285457926496
107030212,气雾剂,D 前3个仍<90%,362160530.5399999,12,0.3625335478005622,0.6958081210403122,0.8437079562325518,盒,0.3625335478005622,瓶,0.33327457323974996,OTHER,0.14789983519223954,个,0.12484822281042599,袋,0.024162601172889268
109010605,冲床,A 首要单位>=90%,362000322.83,12,0.9459959387959422,0.9842882847298703,0.9925556214454937,个,0.9459959387959422,套,0.03829234593392807,千克,0.008267336715623448,批,0.0030412856303363533,副,0.0016687929316673421
101011502,干制水果,D 前3个仍<90%,360813157.65,15,0.39039812804343277,0.7357284796623325,0.819632000080416,千克,0.39039812804343277,袋,0.34533035161889974,盒,0.08390352041808363,包,0.05560181713068413,箱,0.043651114506411355
109025503,水利专用机械,D 前3个仍<90%,360735520.37999994,15,0.46586453710732845,0.6881870560971898,0.8987072838529769,套,0.46586453710732845,个,0.22232251898986133,千克,0.2105202277557872,OTHER,0.05795520570853967,项,0.031567850534940996
108030700,镁,A 首要单位>=90%,360524341.0999999,15,0.9550056362338636,0.9769794957126127,0.9850019664039821,千克,0.9550056362338636,OTHER,0.02197385947874908,个,0.008022470691369361,平方米,0.007695924972872797,套,0.004106186770865997
109024502,内窥镜,B 前2个>=90%,359693138.08,11,0.60350206926027,0.9263683719645787,0.9588514605560584,个,0.60350206926027,套,0.3228663027043087,OTHER,0.032483088591479754,盒,0.02504920838383095,批,0.011059072244840196
109011207,流动式起重机,A 首要单位>=90%,359641803.55,12,0.9621648331598687,0.9924888470324211,0.9963849589865066,个,0.9621648331598687,UNKNOWN,0.030324013872552492,批,0.003896111954085433,OTHER,0.0009608314622745417,套,0.0006823235996976747
109020305,桩工机械,B 前2个>=90%,359422003.53999996,13,0.6708135983198577,0.9217080973817778,0.9495594801335463,个,0.6708135983198577,套,0.2508944990619202,千克,0.02785138275176841,UNKNOWN,0.026109805013525302,批,0.01453655354580577
109061699,其他光学、电子测量仪器,B 前2个>=90%,359147354.46,15,0.7123981453091723,0.9656916174183532,0.9839479806034821,个,0.7123981453091723,套,0.25329347210918085,批,0.018256363185128948,OTHER,0.007735932606763605,UNKNOWN,0.00507911217317115
108031301,碱金属,A 首要单位>=90%,358128645.2700001,14,0.9911139948953237,0.9979930075421414,0.9987889698974707,千克,0.9911139948953237,个,0.006879012646817642,UNKNOWN,0.0007959623553292981,批,0.0005220334996075248,立方米,0.00034289354292622615
108040404,手动扳手及扳钳,C 前3个>=90%,357934401.5100003,22,0.7242636973880181,0.8639931328907486,0.9236489154585034,个,0.7242636973880181,套,0.1397294355027306,千克,0.059655782567754764,OTHER,0.04482359726339898,UNKNOWN,0.017196571477994773
107030208,缓释控释片,C 前3个>=90%,353882480.26,10,0.7438097739865773,0.8805647168264821,0.9699685659143347,盒,0.7438097739865773,瓶,0.13675494283990472,个,0.08940384908785255,OTHER,0.028780542660707755,袋,0.001135039235920608
108032102,钛材,B 前2个>=90%,353649971.07000005,10,0.8192601192455683,0.936369258501803,0.961675744072612,千克,0.8192601192455683,个,0.11710913925623467,副,0.025306485570809067,套,0.016078327767979704,批,0.015836809778478456
108041403,铝制紧固件,D 前3个仍<90%,352551746.9999998,18,0.6725423871179964,0.7798284321081521,0.875474096856482,个,0.6725423871179964,千克,0.10728604499015575,套,0.09564566474832989,批,0.05133715085519065,OTHER,0.03495955752560774
105010403,指接材,B 前2个>=90%,352317154.71999997,15,0.6998885790445509,0.9312615424609489,0.953566714022196,立方米,0.6998885790445509,个,0.23137296341639801,平方米,0.022305171561246992,OTHER,0.012699159919010375,套,0.012424240322554795
102050405,其他砂石骨料,B 前2个>=90%,351620091.76000005,17,0.8034526242966477,0.9622882053365404,0.9859061451090728,千克,0.8034526242966477,立方米,0.15883558103989268,UNKNOWN,0.023617939772532407,个,0.006553356830282626,袋,0.0017274257479421343
102050900,天然石墨,B 前2个>=90%,350747465.0099997,16,0.7816671755908017,0.9887473615813945,0.9926506376890664,千克,0.7816671755908017,个,0.20708018599059289,包,0.00390327610767185,平方米,0.003531133004666733,千米,0.0016955903016520578
108010310,纤维增强水泥制品,D 前3个仍<90%,350392834.9299998,18,0.3160054899299532,0.5363424887599197,0.6948879454645301,个,0.3160054899299532,立方米,0.2203369988299665,平方米,0.15854545670461037,千克,0.10472713078545377,OTHER,0.07409596519057454
109025309,安全检查仪器,B 前2个>=90%,349064564.15,17,0.501968148318558,0.9485623445229336,0.9691905271273007,个,0.501968148318558,套,0.44659419620437574,UNKNOWN,0.02062818260436706,OTHER,0.019602895918875242,批,0.006036392164672841
106051009,节庆庆典用品及相关娱乐用品,D 前3个仍<90%,348321207.4099999,23,0.6024775802209027,0.8049497692225515,0.8886803656363107,个,0.6024775802209027,批,0.20247218900164876,套,0.08373059641375918,千克,0.04186496664509826,OTHER,0.01990591621324559
109012606,窑炉,C 前3个>=90%,346709395.90000004,17,0.43340964691750367,0.7594660397549381,0.9785392442547299,千克,0.43340964691750367,个,0.32605639283743443,套,0.21907320449979184,项,0.008301995948301902,OTHER,0.005722378636003962
109020902,挤塑机,B 前2个>=90%,345098120.53,10,0.5183864116827273,0.9749198068459269,0.984660595334828,个,0.5183864116827273,套,0.4565333951631997,批,0.009740788488901019,千克,0.007920842906365163,OTHER,0.004989660324302781
201040000,工业废气处理劳务,D 前3个仍<90%,344145845.79999995,26,0.37136885939420516,0.5572427562337874,0.697834753087698,千克,0.37136885939420516,个,0.18587389683958225,月,0.1405919968539106,套,0.13465728241546598,千米,0.044938444728423926
103020603,醋及醋代用品,D 前3个仍<90%,344099009.53000003,15,0.44230658434002523,0.6653198199631565,0.8164580283847237,箱,0.44230658434002523,瓶,0.2230132356231312,个,0.15113820842156722,桶,0.07740606547046107,OTHER,0.03587999255465337
107020205,无环烃氟化、溴化或碘化衍生物,B 前2个>=90%,343852280.8500001,15,0.8266049620708806,0.908113687476795,0.956777001672752,千克,0.8266049620708806,瓶,0.08150872540591436,罐,0.04866331419595699,个,0.021208152500757207,OTHER,0.012416035715820667
109050802,广播电视发射及传输设备,B 前2个>=90%,342017874.7099999,14,0.5760406481007805,0.9682373086517446,0.9825871463734177,个,0.5760406481007805,套,0.3921966605509641,批,0.014349837721673038,千米,0.006120036626082221,千克,0.004109697486401296
107040102,化纤木浆粕,A 首要单位>=90%,341476308.0,11,0.9442732592153948,0.9970797953572814,0.9993799490768771,千克,0.9442732592153948,OTHER,0.0528065361418866,千米,0.00230015371959568,立方米,0.00033823722845217126,个,0.00016869457309465815
107020226,酮醇、酮醛及酮酚,A 首要单位>=90%,340835072.25,7,0.9990995924862601,0.9995048611961032,0.999815561351756,千克,0.9990995924862601,瓶,0.00040526870984299067,OTHER,0.0003107001556527755,盒,0.0001297875823282444,桶,3.529566344386086e-05
109020405,建筑卫生陶瓷机械,B 前2个>=90%,340751903.2399999,14,0.8506015406929529,0.9461633830785116,0.9603815752116531,个,0.8506015406929529,套,0.09556184238555862,平方米,0.014218192133141619,UNKNOWN,0.011057233618285223,千米,0.010711305337682261
103011106,果核及核仁,B 前2个>=90%,340235688.96999997,14,0.587111795457805,0.9386178940156937,0.9647801178757099,箱,0.587111795457805,千克,0.3515060985578888,盒,0.026162223860016248,袋,0.011514146213936498,OTHER,0.008896707365307878
108011199,其他玻璃制光学元件,C 前3个>=90%,340190272.5199999,19,0.5306402618240271,0.8309643364167054,0.9351039410196478,个,0.5306402618240271,千克,0.30032407459267824,套,0.10413960460294236,平方米,0.04792257794214722,UNKNOWN,0.008536726016553768
109020408,建筑材料制品成型机械,D 前3个仍<90%,339817444.66,19,0.2487935907310168,0.4247618046637336,0.5922821539999983,套,0.2487935907310168,个,0.17596821393271678,千克,0.16752034933626475,平方米,0.14180440609284645,千米,0.13541616130402453
102050602,湖盐,A 首要单位>=90%,338934536.84999996,8,0.9983651066511253,0.9993812751513936,0.9996840533838918,千克,0.9983651066511253,袋,0.0010161685002683138,瓶,0.0003027782324980849,个,0.00013348211846590989,UNKNOWN,0.00011394108832612467
104020201,天然皮革服装,C 前3个>=90%,338826889.1900001,15,0.6046720641616856,0.8460602966763022,0.9492928410107213,个,0.6046720641616856,平方米,0.24138823251461664,OTHER,0.10323254433441911,项,0.018833578070663742,套,0.01469146256927862
102040111,钛矿石,A 首要单位>=90%,337557146.83,6,0.9930568210390155,0.9981068934075277,0.9994682375956613,千克,0.9930568210390155,UNKNOWN,0.005050072368512204,个,0.001361344188133657,立方米,0.0004661758800777218,瓶,6.0668838424308946e-05
109020208,石油钻井工具,C 前3个>=90%,336332315.15,16,0.4774636846250722,0.860306889009324,0.9373938576178472,个,0.4774636846250722,套,0.3828432043842517,千克,0.07708696860852327,千米,0.03975959471523294,UNKNOWN,0.012070551199308392
108031603,铝粉及铝片状粉末,A 首要单位>=90%,335493144.3899998,16,0.9587021975510358,0.9916921273158418,0.9957347084614744,千克,0.9587021975510358,个,0.03298992976480596,卷,0.004042581145632574,套,0.00154907785357265,UNKNOWN,0.0008163892603468771
107020109,金属过氧化物、超氧化物,A 首要单位>=90%,335291970.73,12,0.9982859045841488,0.9992413115964388,0.9996597266264634,千克,0.9982859045841488,个,0.0009554070122900732,UNKNOWN,0.00041841503002459923,瓶,0.0002789399632695463,套,3.989358877541171e-05
104010504,被罩,C 前3个>=90%,334796601.0100001,13,0.730286479260574,0.8849169261761736,0.9347733793469792,个,0.730286479260574,套,0.15463044691559963,OTHER,0.049856453170805726,千克,0.02616724397312004,千米,0.02061390972662192
102050204,砂岩,C 前3个>=90%,334430951.7400001,16,0.8141510512809211,0.8910044782926108,0.9241436922389807,千克,0.8141510512809211,立方米,0.07685342701168964,UNKNOWN,0.03313921394636998,OTHER,0.0169091758719641,千瓦时,0.014791308861405084
109011109,轻小型起重设备配套件,B 前2个>=90%,334288041.1499999,20,0.6563895428180798,0.9002830891726621,0.9540360327364944,个,0.6563895428180798,套,0.24389354635458232,千克,0.05375294356383232,千米,0.028371001539191608,UNKNOWN,0.006585080945244579
109061801,钟,A 首要单位>=90%,332958999.3000029,13,0.9803949443513361,0.9876650344978377,0.9928789513273865,个,0.9803949443513361,UNKNOWN,0.007270090146501585,套,0.005213916829548764,OTHER,0.002341302597733971,平方米,0.002283524402699613
109023101,电机、变压器专用生产机械,C 前3个>=90%,332456018.37999994,18,0.7991885087076641,0.8681534445260115,0.9338513564977382,个,0.7991885087076641,套,0.06896493581834737,OTHER,0.06569791197172674,千克,0.036386497946243025,千米,0.02699081545801192
106051208,打火机及其零件,B 前2个>=90%,332035471.7599997,15,0.8928118912074395,0.943894950677242,0.9745354394059695,个,0.8928118912074395,箱,0.05108305946980252,OTHER,0.030640488728727537,套,0.016732148136316353,千克,0.004320767514372638
109041699,其他家用通风电器具,B 前2个>=90%,329748722.6799998,16,0.8319300347562457,0.935291076106133,0.9764455963411345,个,0.8319300347562457,套,0.10336104134988736,UNKNOWN,0.04115452023500147,千米,0.009555689024026402,批,0.008151535745624381
102050501,硫铁矿石,A 首要单位>=90%,329482589.16,15,0.9685755239559195,0.9942466052460226,0.9989341027066244,千克,0.9685755239559195,个,0.025671081290103086,套,0.004687497460601781,千瓦时,0.0003146866129234226,桶,0.00023992163046167073
104010901,纤维纺制绳、缆,C 前3个>=90%,329104302.05,20,0.6872508383243117,0.8184386028143686,0.9287319850457725,千克,0.6872508383243117,千米,0.13118776449005698,个,0.11029338223140378,批,0.017409545072217023,平方米,0.014107662832358286
109011502,自动扶梯等连续运载乘客输送机,A 首要单位>=90%,328852043.2199999,7,0.9913995567662996,0.9970676833856408,0.9986644728562438,个,0.9913995567662996,套,0.005668126619341126,千克,0.0015967894706030651,OTHER,0.0012323837371716606,桶,5.826328403616481e-05
109012702,工业风扇,A 首要单位>=90%,326882792.5899996,17,0.9361329986366536,0.9723226377616404,0.981291058053121,个,0.9361329986366536,套,0.036189639124986815,平方米,0.00896842029148061,千米,0.006035239800690428,OTHER,0.00280867843402072
108012102,厨房用陶瓷器具,C 前3个>=90%,326848364.43000007,17,0.7245290008502306,0.8391430734197233,0.9403774825552982,个,0.7245290008502306,套,0.11461407256949259,箱,0.10123440913557487,OTHER,0.023522356929665977,批,0.011421459631625296
109062102,电影放映机,B 前2个>=90%,326207846.62,7,0.6955811762379857,0.9851831813057814,0.9942786093610614,个,0.6955811762379857,套,0.2896020050677958,笔,0.009095428055279929,批,0.003969861587997138,UNKNOWN,0.0011502175802566843
109042103,家用洗衣机用配件,C 前3个>=90%,325894318.2199999,13,0.6150922517915138,0.8472346588246082,0.9525822982603579,个,0.6150922517915138,千克,0.23214240703309436,套,0.10534763943574964,OTHER,0.033333253059866744,UNKNOWN,0.012407367953160758
107030110,心血管系统用药,C 前3个>=90%,325455096.9,12,0.6672180648524974,0.8560735954478148,0.9252707063073806,千克,0.6672180648524974,盒,0.18885553059531746,个,0.06919711085956583,瓶,0.03350063404706814,套,0.021203034752656846
108012001,结构陶瓷制品,D 前3个仍<90%,324203920.0900001,19,0.7456089502338381,0.8503456423459312,0.897673767791609,个,0.7456089502338381,千克,0.10473669211209317,平方米,0.04732812544567772,套,0.035669027249238025,项,0.034014763969968866
107021703,火工产品,B 前2个>=90%,322863240.41,15,0.508819880551852,0.9748773783918548,0.9862685242074318,OTHER,0.508819880551852,千克,0.46605749784000283,千米,0.011391145815576991,批,0.005072492854622526,箱,0.0031324425435230673
104020404,塑料鞋,B 前2个>=90%,322652585.97000533,19,0.8377489821362638,0.9691105745517672,0.9810937571082505,个,0.8377489821362638,千克,0.13136159241550333,OTHER,0.011983182556483308,批,0.00962026648777133,UNKNOWN,0.004462787383746117
107020224,多聚甲醛,A 首要单位>=90%,322619267.5400001,9,0.9945211507871865,0.9971895823615445,0.9986510009668098,千克,0.9945211507871865,千米,0.0026684315743580427,个,0.0014614186052652393,UNKNOWN,0.0011207669112793122,桶,7.439109320097985e-05
105010801,木制餐具及厨房用具,D 前3个仍<90%,322018861.2400014,21,0.6437388830945004,0.8462198084319895,0.881656684601473,个,0.6437388830945004,套,0.20248092533748907,盒,0.03543687616948341,包,0.0348159212377443,UNKNOWN,0.02247272529979702
108040799,其他刀剪及类似日用金属工具,B 前2个>=90%,321718788.1900002,18,0.5847749764583001,0.9382514365363464,0.9597610423288224,个,0.5847749764583001,套,0.35347646007804623,千克,0.021509605792476037,OTHER,0.020743400960651238,箱,0.0082684992535437
109020304,工程钻机,C 前3个>=90%,320893111.43,17,0.80074468546531,0.8953378320577432,0.9748672274264158,个,0.80074468546531,套,0.09459314659243322,UNKNOWN,0.07952939536867265,千米,0.010057210282944963,OTHER,0.005288534466936345
110020199,其他煤气,B 前2个>=90%,320822527.8900001,12,0.4940958256034645,0.9626988035138757,0.9874118461800018,立方米,0.4940958256034645,千克,0.46860297791041117,UNKNOWN,0.02471304266612609,项,0.0054547291660267064,瓶,0.00430809307279659
109042403,装饰用灯,C 前3个>=90%,318970392.31,13,0.7781679423047138,0.8527604432503072,0.9069834937495863,个,0.7781679423047138,套,0.07459250094559343,千米,0.05422305049927914,OTHER,0.03126695354942927,千克,0.030836115097606944
107040101,化纤棉绒浆粕,A 首要单位>=90%,318463202.22,17,0.9898806221329969,0.9954698528120578,0.9978536787445609,千克,0.9898806221329969,个,0.005589230679060902,千米,0.002383825932503053,立方米,0.001329669478445653,卷,0.00040578594041369676
109010203,船舶用发动机,B 前2个>=90%,318445469.94,19,0.8341042097098955,0.9563065534183243,0.9791133067107118,个,0.8341042097098955,套,0.12220234370842878,批,0.02280675329238756,千克,0.005197571911799701,OTHER,0.004119615268030589
103010704,动物油脂及加工制品,C 前3个>=90%,317260229.4199999,17,0.8167225430168131,0.8945743738786708,0.923783873937791,千克,0.8167225430168131,箱,0.0778518308618577,个,0.029209500059120277,桶,0.028595593234567875,千米,0.025431862968612495
101020402,天然树脂、树胶,A 首要单位>=90%,315982781.6099999,21,0.933261975850229,0.9498339836454609,0.961367279768216,千克,0.933261975850229,套,0.016572007795231974,个,0.01153329612275515,UNKNOWN,0.010757732091223618,桶,0.008487163181283702
107030411,药酒,B 前2个>=90%,315712542.43000007,10,0.7199261566568733,0.9628263502942642,0.9966194656006209,盒,0.7199261566568733,瓶,0.24290019363739096,OTHER,0.033793115306356654,个,0.002823868805268231,UNKNOWN,0.00027566833211669685
108031104,钯,A 首要单位>=90%,315307351.15,5,0.9958934843248104,0.9981585123915371,0.9998229646413368,千克,0.9958934843248104,立方米,0.0022650280667266963,OTHER,0.0016644522497996953,瓶,0.0001624446744206522,个,1.4590684242599208e-05
101010499,其他杂豆,A 首要单位>=90%,313400316.47,20,0.9111482502198891,0.9342099925991182,0.9524644987669434,千克,0.9111482502198891,袋,0.023061742379229058,个,0.018254506167825247,OTHER,0.013532727751428364,盒,0.010989230862278586
107040305,丙纶纤维,B 前2个>=90%,313316849.0799999,14,0.8499648752116832,0.9821459031442905,0.9874230508778228,千克,0.8499648752116832,个,0.13218102793260736,UNKNOWN,0.00527714773353229,平方米,0.004896228991528962,立方米,0.00218205328569941
103011500,植物蛋白,A 首要单位>=90%,312822417.81,13,0.9714660671940031,0.9899634866900524,0.9940122553456584,千克,0.9714660671940031,盒,0.018497419496049383,箱,0.004048768655605961,个,0.002098195438150015,OTHER,0.0017551185552611911
107021511,工业级混合油,A 首要单位>=90%,312702496.4099999,13,0.9827395606943822,0.9914329842557844,0.99519816468612,千克,0.9827395606943822,OTHER,0.008693423561402264,桶,0.0037651804303355367,立方米,0.002600414161496909,UNKNOWN,0.000876975410009008
109022813,针织机械,A 首要单位>=90%,312491411.99,15,0.9638491348992289,0.9895315277652985,0.9924472878951454,个,0.9638491348992289,套,0.025682392866069624,副,0.0029157601298468888,桶,0.002899824971922743,OTHER,0.0017067201834560087
109061906,已装配光学元件,A 首要单位>=90%,312109796.06000024,12,0.9187583717009462,0.975745601466015,0.9840906552672077,个,0.9187583717009462,套,0.05698722976506881,OTHER,0.008345053801192753,千米,0.007246290531570565,UNKNOWN,0.002982697985618617
108010404,轻骨料，相关轻质建筑材料,D 前3个仍<90%,311932276.39000005,21,0.3130036490610821,0.5578143713235126,0.7316138441367017,千米,0.3130036490610821,平方米,0.2448107222624305,千克,0.17379947281318908,立方米,0.08729247208761409,个,0.07274856399158919
109024210,病人监护设备及器具,B 前2个>=90%,311927085.13,18,0.5753040667347321,0.9459265259284217,0.966762633274763,个,0.5753040667347321,套,0.3706224591936897,箱,0.020836107346341233,副,0.011365011148430885,批,0.008792262425229942
109041402,家用冷藏箱,A 首要单位>=90%,311495145.6599999,11,0.9757678777818293,0.9889045113281718,0.9982164389469927,个,0.9757678777818293,UNKNOWN,0.01313663354634251,套,0.009311927618820924,OTHER,0.001699651238154066,箱,3.040175788272669e-05
109060605,环境试验设备,B 前2个>=90%,310864478.7800001,20,0.7011293807043438,0.9589931210538162,0.977661966728227,个,0.7011293807043438,套,0.25786374034947235,UNKNOWN,0.018668845674410888,批,0.0053551953138336605,OTHER,0.0050180838805451876
108010804,高分子防水卷（片）材,D 前3个仍<90%,309737630.74,17,0.48935672665241225,0.870144691253991,0.8951965145066634,平方米,0.48935672665241225,千克,0.38078796460157877,千米,0.025051823252672436,卷,0.0209968024371542,立方米,0.015434912763354468
109010601,锻造机及冲压机,B 前2个>=90%,309354633.1699999,16,0.8953619070181776,0.9717909228622916,0.9810396270781672,个,0.8953619070181776,套,0.07642901584411402,千克,0.00924870421587551,OTHER,0.006399128921118012,UNKNOWN,0.005898511204767551
103010804,腌腊肉制品,D 前3个仍<90%,308521362.8900001,16,0.3235371752055597,0.5534067476905148,0.6765213739005079,千克,0.3235371752055597,包,0.22986957248495507,个,0.12311462620999311,袋,0.10965732470870206,箱,0.10724677675496055
109032803,非机械驱动车辆零件,B 前2个>=90%,308229959.93999994,14,0.6797033898676892,0.9667915209735208,0.9931691202555071,千克,0.6797033898676892,个,0.28708813110583165,套,0.026377599281986273,批,0.005130738492480889,UNKNOWN,0.0005141434337883593
109050704,雷达及无线电导航设备零件,B 前2个>=90%,307926168.25,14,0.5591131042822632,0.9688062987482065,0.9940879745935656,个,0.5591131042822632,套,0.4096931944659432,UNKNOWN,0.025281675845359074,项,0.0025570350336732058,批,0.0025414874755452033
107030707,血液制品,B 前2个>=90%,307627614.26,12,0.8615067144980303,0.922141155605892,0.9443369527433658,瓶,0.8615067144980303,盒,0.060634441107861814,OTHER,0.02219579713747379,套,0.01866826134518032,个,0.018220409027593646
109060304,电磁参数测量仪器仪表,B 前2个>=90%,306873970.7299997,18,0.8725130903186914,0.9798593938896238,0.9906319136055712,个,0.8725130903186914,套,0.10734630357093249,UNKNOWN,0.010772519715947441,份,0.004820733724925792,盒,0.0014584219669571594
109032801,手推车,B 前2个>=90%,306688959.2299998,16,0.7342149000255681,0.9265781729262939,0.9786579444645371,个,0.7342149000255681,箱,0.19236327290072572,UNKNOWN,0.052079771538243294,套,0.013726537990051671,OTHER,0.00462428104213695
109042407,自供能源灯具,B 前2个>=90%,306476125.2700001,16,0.6589740105924305,0.9511754834187578,0.9746202846203845,个,0.6589740105924305,套,0.2922014728263273,UNKNOWN,0.023444801201626723,OTHER,0.013687837890485863,千克,0.005381855890232554
109024202,X射线附属设备及部件,B 前2个>=90%,306310483.49,17,0.6050252551217374,0.9523067345147626,0.9712243292505927,个,0.6050252551217374,套,0.3472814793930251,UNKNOWN,0.018917594735830108,盒,0.01820183434949923,OTHER,0.0033098923629660847
108040701,剪刀及类似品,C 前3个>=90%,305363864.46999943,19,0.6965935575880742,0.8069566558822765,0.9127093468761798,个,0.6965935575880742,套,0.11036309829420228,UNKNOWN,0.10575269099390322,OTHER,0.03270373875878532,千克,0.015655128115100416
104020104,男睡衣,B 前2个>=90%,305052091.44999987,10,0.5626720809030531,0.9929484164498752,0.9950983171664467,套,0.5626720809030531,个,0.4302763355468221,UNKNOWN,0.002149900716571535,包,0.0016555997292114293,OTHER,0.001517080239641151
102040106,锑矿石,A 首要单位>=90%,304991214.44,8,0.9966296381622421,0.9997119433418392,0.9998543867892014,千克,0.9966296381622421,UNKNOWN,0.0030823051795970282,个,0.00014244344736214233,套,0.0001311513188123951,元,6.2296876435887675e-06
109020106,矿物筛分、洗选设备,B 前2个>=90%,304304887.37,18,0.7216430536752834,0.9152489199141842,0.9465456790701429,个,0.7216430536752834,套,0.19360586623890083,OTHER,0.03129675915595861,批,0.025139523936394674,千克,0.014596092354571506
109024404,医用消毒灭菌器具,D 前3个仍<90%,304137771.06,21,0.6724797783819202,0.8355153782917317,0.8808678457998823,个,0.6724797783819202,套,0.16303559990981156,盒,0.04535246750815062,包,0.020483013761454245,批,0.019884951082931764
103020207,果冻及果冻罐头,D 前3个仍<90%,302982620.89000016,16,0.38738905378540783,0.6141578737202799,0.7882319901665434,箱,0.38738905378540783,千克,0.226768819934872,个,0.17407411644626358,袋,0.07535207485807813,OTHER,0.07510566148367168
106010505,纸制壁纸、窗纸、铺地制品及类似品,D 前3个仍<90%,302585906.49999994,21,0.5303316060425968,0.7295293533111069,0.8262427418773387,卷,0.5303316060425968,千克,0.19919774726851008,个,0.09671338856623178,平方米,0.08325311549168267,千米,0.04001612345418342
109023607,农田基本建设机械,A 首要单位>=90%,301723457.90000004,8,0.9289156121659309,0.9990973151312276,0.9996809329951669,个,0.9289156121659309,套,0.07018170296529669,千克,0.0005836178639393752,UNKNOWN,0.00019421758058805542,千米,0.00012069661488524256
104019902,纺织材料制标签、徽章及类似品,D 前3个仍<90%,301695580.81000036,19,0.7326910880713611,0.8084881725649566,0.8803285454726714,个,0.7326910880713611,套,0.07579708449359557,千克,0.0718403729077147,OTHER,0.023464535778063816,平方米,0.02088860921688087
104020125,特种服装,B 前2个>=90%,301269500.1700001,20,0.5394417741201647,0.9445786928295816,0.9628982149082709,套,0.5394417741201647,个,0.405136918709417,副,0.01831952207868928,OTHER,0.009237557032589138,千克,0.0061552245712015695
107021704,爆破器材,B 前2个>=90%,300697510.44,15,0.7129974786498269,0.9410264282732117,0.9711878618904338,千克,0.7129974786498269,OTHER,0.22802894962338477,箱,0.03016143361722207,个,0.013390354293616347,UNKNOWN,0.006882862205847799
304040302,道路货运客运场站服务,C 前3个>=90%,300243546.15000004,18,0.6080303191223149,0.8755858994506482,0.9085066099763023,UNKNOWN,0.6080303191223149,千克,0.2675555803283334,票,0.03292071052565403,OTHER,0.02097588631215279,次,0.015679680913600877
304020201,电路设计服务,C 前3个>=90%,297054538.94,15,0.7429742951834796,0.8794967007145101,0.9204771144238554,个,0.7429742951834796,UNKNOWN,0.1365224055310306,项,0.04098041370934522,批,0.02495561608468584,次,0.02112431145604363
107020121,硼化物、硼酸盐和过硼酸盐,A 首要单位>=90%,297006677.17,11,0.9924190452839171,0.9946334301801313,0.9965758287332446,千克,0.9924190452839171,个,0.00221438489621415,UNKNOWN,0.0019423985531133098,瓶,0.0012962337872950926,OTHER,0.0008418129935068489
301040201,国内气体管道运输服务,B 前2个>=90%,296685067.94,12,0.7152648967925676,0.9834731960929304,0.9925101591548605,立方米,0.7152648967925676,UNKNOWN,0.26820829930036283,平方米,0.009036963061930093,瓶,0.0021267999915911104,个,0.0014567157120539782
109042207,非电力家用器具零件,B 前2个>=90%,293882572.2400001,18,0.7529733412340165,0.9320406985423765,0.9638006969623495,个,0.7529733412340165,套,0.17906735730836,瓦,0.03175999841997298,UNKNOWN,0.0159894429403678,千克,0.005286796349159378
109050703,无线电遥控设备,B 前2个>=90%,292418620.53000003,12,0.8573912435042017,0.9796591031404931,0.9963688747724905,个,0.8573912435042017,套,0.1222678596362914,UNKNOWN,0.016709771631997376,盒,0.0021159877195184302,OTHER,0.0011480935085170377
109060603,动力测试仪器,B 前2个>=90%,291254629.25000113,13,0.8635837667805931,0.9978120526989014,0.9987168451847018,个,0.8635837667805931,套,0.13422828591830824,千克,0.0009047924858004604,UNKNOWN,0.0005427761969211666,元,0.00019707879029359592
109020307,建筑工程用货运自卸车,A 首要单位>=90%,290017027.71000004,13,0.9160771310837043,0.9474494674663044,0.9705002754232935,个,0.9160771310837043,UNKNOWN,0.03137233638260018,套,0.023050807956989116,立方米,0.014812923344265658,批,0.00795999537761072
107020222,醛醚、醛酚及含有相关含氧基醛,A 首要单位>=90%,290004705.33,10,0.9954900128654405,0.9982685884719399,0.9993922052064657,千克,0.9954900128654405,桶,0.0027785756064994537,瓶,0.0011236167345257606,个,0.0002725612327912225,OTHER,0.00017404814153813164
107021006,艺术、美工用颜料、调色料,D 前3个仍<90%,288368987.2800001,23,0.7166080175235688,0.7809306184903284,0.8332938357087538,千克,0.7166080175235688,个,0.06432260096675953,OTHER,0.05236321721842541,瓶,0.047198673575755794,平方米,0.03549269679288377
109020704,混合搅拌设备,B 前2个>=90%,288251289.0400001,16,0.6598573388638195,0.9470904981178294,0.9724723333018682,个,0.6598573388638195,套,0.28723315925400994,千克,0.025381835184038762,UNKNOWN,0.00750881641226467,批,0.0067629983771884524
109041201,内燃机电点火起动装置,C 前3个>=90%,288250256.4900002,15,0.74750116601362,0.8926805270992945,0.974328805566018,个,0.74750116601362,套,0.14517936108567442,瓶,0.08164827846672347,盒,0.012681866217617108,UNKNOWN,0.0069520499457717535
109020107,矿山用牵引车及其矿车,A 首要单位>=90%,287846439.23000014,13,0.9570476477212179,0.9949550524790766,0.9974655056287943,个,0.9570476477212179,套,0.037907404757858726,千克,0.0025104531497177752,批,0.0009535848375761055,OTHER,0.0006840800272768408
109025202,餐饮服务用机械,A 首要单位>=90%,287655834.23,18,0.9101975340456837,0.9527877906375394,0.9691528622259572,个,0.9101975340456837,套,0.04259025659185567,批,0.016365071588417823,UNKNOWN,0.014649964953015718,平方米,0.0048309158189675004
109022405,制剂生产设备,B 前2个>=90%,287639461.94,17,0.503230058155907,0.994590352243377,0.9969137026122474,个,0.503230058155907,套,0.49136029408746995,UNKNOWN,0.002323350368870461,次,0.0007339625744538409,副,0.0005024866860241492
109012299,其他真空应用设备,B 前2个>=90%,287436392.36,20,0.6329311571380453,0.9496969324194311,0.974179236738038,个,0.6329311571380453,套,0.31676577528138583,OTHER,0.024482304318606846,批,0.00889744655853083,UNKNOWN,0.006291668271897176
108031701,铅材,B 前2个>=90%,287015814.85,13,0.5411244721520613,0.9652465067640505,0.9779007418691723,个,0.5411244721520613,千克,0.4241220346119892,平方米,0.012654235105121769,套,0.011256627868009622,千米,0.005875658178910276
109032701,发光标志及类似品及其零件,D 前3个仍<90%,286595796.57000005,21,0.32239934627733463,0.5671062518193724,0.7039801308136822,个,0.32239934627733463,平方米,0.24470690554203775,套,0.13687387899430975,千克,0.10012453760113427,千米,0.08121218032001092
109062504,复印设备配套装置、零件,B 前2个>=90%,284488688.9799999,22,0.7612444558216684,0.9092544819530068,0.9238462671479951,个,0.7612444558216684,套,0.14801002613133837,瓶,0.014591785194988322,OTHER,0.01331602435085327,盒,0.011641228028692649
108012005,瓷绝缘子,A 首要单位>=90%,284377648.61,15,0.9817142149342002,0.9873332989508609,0.9917099305394668,个,0.9817142149342002,千克,0.005619084016660686,套,0.004376631588605918,OTHER,0.0039277042533388574,千米,0.0019436907320309104
109060306,配电系统电气安全检测与分析装置,B 前2个>=90%,283847208.56000024,14,0.6259395051350088,0.9242550198429895,0.9641249342149246,个,0.6259395051350088,套,0.29831551470798073,批,0.03986991437193505,UNKNOWN,0.012615777016679909,OTHER,0.011984363831715947
106020102,无刊号图书、报纸、期刊类印刷品,D 前3个仍<90%,283288416.4699998,24,0.7030015819269829,0.8069408650678388,0.8585914349087328,个,0.7030015819269829,套,0.10393928314085585,UNKNOWN,0.051650569840893994,份,0.04217490146218265,OTHER,0.03142827843419025
109040503,电力电容器零件,D 前3个仍<90%,282758373.3300001,19,0.6798784731147117,0.7716143429123752,0.8456147680937007,个,0.6798784731147117,千克,0.0917358697976634,套,0.07400042518132559,千瓦时,0.043826164559015064,UNKNOWN,0.038994545979834865
109051304,安全检测类设备,B 前2个>=90%,282041791.22999996,18,0.5095649964611098,0.9158361693262602,0.9434873934799184,套,0.5095649964611098,个,0.40627117286515047,项,0.027651224153658206,UNKNOWN,0.027215324532315417,OTHER,0.01321616695080582
109024612,婴儿保育设备,B 前2个>=90%,281444205.1699999,13,0.8394778662338731,0.9008794392723435,0.9496036075376553,个,0.8394778662338731,盒,0.061401573038470415,袋,0.04872416826531176,包,0.027287004915809907,套,0.018966484446804294
107060304,装饰用纤维增强塑料制品,D 前3个仍<90%,281194678.16,20,0.3455338431572825,0.561108750003521,0.7507470346216172,个,0.3455338431572825,套,0.21557490684623848,UNKNOWN,0.18963828461809615,千米,0.11890763324110556,平方米,0.05678117631698211
104010605,垫子套,C 前3个>=90%,280959080.29999983,19,0.5917900994424632,0.8640356312057587,0.9591837676940174,个,0.5917900994424632,千克,0.2722455317632955,套,0.09514813648825866,包,0.014613373006545976,UNKNOWN,0.011602349482776272
103010805,干炸肉制品,D 前3个仍<90%,280890886.4899998,14,0.2744793871507278,0.49231610219907573,0.7044019169594664,个,0.2744793871507278,袋,0.21783671504834798,千克,0.21208581476039065,罐,0.14091421143850175,包,0.04491347557639306
103011206,糊精及改性淀粉,A 首要单位>=90%,279632035.76,15,0.9942567301860278,0.9957069770395323,0.9971405205493469,千克,0.9942567301860278,包,0.0014502468535045078,OTHER,0.0014335435098146282,UNKNOWN,0.0008883417428366542,个,0.0007768652093440669
306010902,不动产融资性售后回租,A 首要单位>=90%,278919775.58,4,0.9855763388177327,0.997310337718292,0.9999992829479388,UNKNOWN,0.9855763388177327,元,0.01173399890055942,次,0.002688945229646811,月,7.170520612391495e-07,,
108010704,人造石材制成品,D 前3个仍<90%,278463724.1,18,0.49516920211295845,0.7147521919893766,0.7967354297119378,平方米,0.49516920211295845,个,0.21958298987641814,套,0.08198323772256122,千克,0.07609590742379933,千米,0.06860132705522486
109011205,门座起重机,A 首要单位>=90%,277718339.86,8,0.9005062221532466,0.9878387654495466,0.9938880598564155,个,0.9005062221532466,套,0.08733254329629997,瓶,0.006049294406868848,UNKNOWN,0.0055592832679984315,批,0.00025907543605607953
109023303,电镀设备及装置,D 前3个仍<90%,277566354.61999995,17,0.45467942745718665,0.73016850499573,0.8867538261507469,个,0.45467942745718665,套,0.27548907753854335,千克,0.15658532115501686,OTHER,0.07516246404778323,UNKNOWN,0.011175266016108479
109012404,滚珠、滚子螺杆及传动装置,B 前2个>=90%,276414550.0400001,15,0.7829941095672434,0.9120234521428741,0.9460507926668765,个,0.7829941095672434,套,0.1290293425756307,OTHER,0.03402734052400245,千克,0.032789407716375354,副,0.01135161484641794
108031802,锌末、锌粉及锌片状粉末,A 首要单位>=90%,276205582.92000014,4,0.9959332710507689,0.9978679926242817,0.9990114332696921,千克,0.9959332710507689,个,0.0019347215735127895,瓶,0.0011434406454103973,批,0.0009885667303078563,,
101030306,生皮,C 前3个>=90%,273551903.06,13,0.7398244993222018,0.8999406824671351,0.9906381386809863,个,0.7398244993222018,千克,0.16011618314493328,平方米,0.09069745621385113,OTHER,0.008092672268905546,令,0.0005402893138256934
109012004,液力机械及装置,B 前2个>=90%,273290200.14000005,17,0.7720826805787708,0.9537136048657437,0.9695512755095602,个,0.7720826805787708,套,0.1816309242869729,千克,0.015837670643816446,批,0.015211462752306504,UNKNOWN,0.009631305362034997
106010102,非木材纤维纸浆,C 前3个>=90%,273108196.76,20,0.7125813868963425,0.8462851207395596,0.9206615945729332,千克,0.7125813868963425,箱,0.13370373384321707,个,0.07437647383337358,令,0.020266578907787155,UNKNOWN,0.011780454369984757
104011001,帘子布,A 首要单位>=90%,272072648.49,19,0.9062910247998078,0.9369897397436108,0.9658091092521492,千克,0.9062910247998078,个,0.03069871494380291,千米,0.028819369508538424,UNKNOWN,0.019121780667310323,平方米,0.006520761200533569
103040203,烟草代用品制的卷烟,B 前2个>=90%,271577137.6900001,15,0.8803620675276144,0.9219160428216677,0.9480539402175183,个,0.8803620675276144,套,0.041553975294053386,批,0.026137897395850547,UNKNOWN,0.021080334555020248,千克,0.013099343082630154
109042599,其他车辆专用照明、信号及其装置,B 前2个>=90%,271260494.10999995,9,0.765243579021954,0.9600212302732063,0.984698893056219,UNKNOWN,0.765243579021954,个,0.1947776512512523,项,0.02467766278301277,套,0.013481914725544185,OTHER,0.0013756076100365844
108031103,铂,A 首要单位>=90%,270201607.13,6,0.9866884224405464,0.9965134796568892,0.9993899407122302,千克,0.9866884224405464,OTHER,0.009825057216342694,个,0.0028764610553410216,UNKNOWN,0.0005440345139371267,副,5.181316332165371e-05
304040501,国内货物运输代理服务,D 前3个仍<90%,270189735.26,15,0.529756443494285,0.7966439760669388,0.8737826538555082,立方米,0.529756443494285,UNKNOWN,0.26688753257265385,千克,0.0771386777885694,票,0.059948453646521405,个,0.012801400862514762
104010804,帐篷,D 前3个仍<90%,269942336.7200001,16,0.5342144249850667,0.713606632700264,0.8507158780662126,个,0.5342144249850667,OTHER,0.17939220771519734,套,0.13710924536594857,UNKNOWN,0.06986506103176475,千克,0.025447872769677478
109020907,塑料加工辅助机械或装置,C 前3个>=90%,269918011.14999986,18,0.6470438946845358,0.8962176993648909,0.9527916317784412,个,0.6470438946845358,套,0.24917380468035516,千克,0.05657393241355027,批,0.027646936557534738,副,0.007776308817100593
108011103,光学仪器用玻璃,B 前2个>=90%,269803903.6099999,14,0.8984204279726952,0.9598041602627203,0.9791204731487391,个,0.8984204279726952,套,0.061383732290025174,UNKNOWN,0.01931631288601874,千克,0.013454047259624081,平方米,0.002680610733658763
109042405,发光标志、发光铭牌及类似品,D 前3个仍<90%,269411775.26,20,0.35811366944481327,0.6958592402246584,0.7821910946788808,个,0.35811366944481327,套,0.3377455707798451,批,0.08633185445422245,UNKNOWN,0.055769769363272485,平方米,0.04684605354691727
109021001,木工机床,A 首要单位>=90%,269360718.72,14,0.9607719022646956,0.9876159908695984,0.9946196067604552,个,0.9607719022646956,套,0.02684408860490287,UNKNOWN,0.007003615890856797,批,0.0018480758900760923,千克,0.001768072131167203
108041302,铜丝制品,B 前2个>=90%,268944825.48000014,16,0.8744187227632247,0.9303260022327757,0.9617473035904716,千克,0.8744187227632247,个,0.05590727946955104,千米,0.03142130135769584,OTHER,0.01301998718045757,批,0.009070476093548817
109022103,纸或纸板整理机械,D 前3个仍<90%,266911590.50999996,19,0.3628959287040444,0.6960770284834792,0.8670380159880304,千克,0.3628959287040444,个,0.3331810997794347,套,0.17096098750455124,令,0.04524009068668605,OTHER,0.029364975664877876
109050106,通信导航定向设备,B 前2个>=90%,266873021.5300001,14,0.4866467112540286,0.9638956445849778,0.9880010339687332,套,0.4866467112540286,个,0.47724893333094925,UNKNOWN,0.02410538938375544,批,0.006937113048693407,项,0.0020341021991950457
108042000,搪瓷制品,C 前3个>=90%,266498462.7799998,20,0.7591188226740583,0.8642140710962639,0.9240005773814917,个,0.7591188226740583,千克,0.10509524842220563,套,0.05978650628522778,千米,0.030732116292772286,平方米,0.02196059428992405
102020603,焦（重）油砂,A 首要单位>=90%,265870561.98000002,17,0.9902632367768691,0.9937624630284388,0.9953564830539875,千克,0.9902632367768691,个,0.003499226251569681,平方米,0.0015940200255486743,UNKNOWN,0.0009042010826985954,OTHER,0.0008454372621249762
109062503,办公印刷设备,B 前2个>=90%,265212676.88,24,0.8763444680480389,0.9625974324957012,0.9722778541490057,个,0.8763444680480389,套,0.08625296444766234,批,0.00968042165330449,UNKNOWN,0.0050884046187981,千克,0.004033856686586904
103020702,食品用氨基酸,A 首要单位>=90%,265086861.73999998,12,0.9877431311809531,0.9959659798943606,0.9977965023382679,千克,0.9877431311809531,盒,0.008222848713407536,箱,0.0018305224439072196,平方米,0.0005658522607096296,瓶,0.0004486585612705742
103040400,烟丝,A 首要单位>=90%,264982495.63,14,0.9910903397811734,0.9956225061687861,0.9977260525508774,千克,0.9910903397811734,个,0.004532166387612643,批,0.0021035463820912614,次,0.0005949449590063852,UNKNOWN,0.0005755870765628505
104020121,男毛衣,A 首要单位>=90%,263754299.6800002,6,0.9885815190362626,0.9934667129139103,0.9957426510530356,个,0.9885815190362626,UNKNOWN,0.004885193877647724,批,0.0022759381391253136,OTHER,0.002261808739132508,套,0.0019938340745080806
107021509,工业用脂肪酸,A 首要单位>=90%,263266627.3,9,0.9690376820123452,0.983657050860848,0.9951404479818776,千克,0.9690376820123452,箱,0.014619368848502736,个,0.011483397121029627,套,0.0032935316142897993,桶,0.0006205605764601216
109013003,发动机燃油、进气过滤器,B 前2个>=90%,262466639.42999974,20,0.8505230019891219,0.9025699969888171,0.9522495458195461,个,0.8505230019891219,千克,0.0520469949996952,套,0.04967954883072895,UNKNOWN,0.017510252769574047,瓶,0.01049484028134799
107020117,溴化物及其盐,A 首要单位>=90%,262075865.52,9,0.9869378079770617,0.9920030683640342,0.9950748433189797,千克,0.9869378079770617,桶,0.005065260386972545,UNKNOWN,0.003071774954945496,千米,0.0028630080015618216,瓶,0.0013300239581709962
107029906,蜡烛及类似品,C 前3个>=90%,261812273.38000017,16,0.5200181822354566,0.8998833187550542,0.9589951779517297,箱,0.5200181822354566,千克,0.37986513651959763,个,0.059111859196675526,套,0.013441332923656681,OTHER,0.011342454277114299
102020601,沥青页岩,A 首要单位>=90%,261690952.06,18,0.9513820716006913,0.9655242434292055,0.9725167412423529,千克,0.9513820716006913,个,0.014142171828514231,OTHER,0.006992497813147357,千米,0.006002248062592035,卷,0.005750027878896624
109012608,窑炉、熔炉及电炉用零件,C 前3个>=90%,261383776.54999998,19,0.5897320595584608,0.8748889855306515,0.9214321689316032,个,0.5897320595584608,套,0.2851569259721908,项,0.0465431834009516,千克,0.03931468293723374,批,0.01421270688270649
109013201,风动手提工具,B 前2个>=90%,260369542.05000022,19,0.7555110267936965,0.9363050413676449,0.9667271522936567,个,0.7555110267936965,套,0.18079401457394836,批,0.030422110926011797,OTHER,0.021160087031001463,千克,0.005412111604549326
107022002,动物胶,B 前2个>=90%,258727639.18,14,0.7787025953181351,0.95622285629824,0.9827051251494361,千克,0.7787025953181351,盒,0.17752026098010484,千米,0.026482268851196034,个,0.006539220260201657,UNKNOWN,0.004774922284744824
109010205,农用柴油机,A 首要单位>=90%,258037971.1,14,0.9583630757744708,0.9715487611040203,0.9782987130299909,个,0.9583630757744708,套,0.013185685329549548,批,0.006749951925970635,千克,0.006471330567673961,箱,0.005805747478224534
105020201,木质家具零配件,D 前3个仍<90%,257912812.11000007,22,0.6073090480793798,0.7294041365411719,0.8242954117352167,个,0.6073090480793798,套,0.12209508846179201,立方米,0.09489127519404485,平方米,0.05691244479060477,千米,0.049347844048056574
109060204,物位、液位测量仪表,B 前2个>=90%,257808825.3,14,0.8467370929446612,0.9843299521445824,0.988529880516856,个,0.8467370929446612,套,0.13759285919992123,批,0.004199928372273608,项,0.0036805993312906187,UNKNOWN,0.003488134430439143
109041203,风挡刮水器,C 前3个>=90%,257500155.8100003,14,0.7571758672793328,0.8507128740987462,0.9434976910043681,个,0.7571758672793328,OTHER,0.09353700681941335,套,0.09278481690562186,UNKNOWN,0.03434196756962339,千克,0.010510192591871415
101011101,作物茎、秆、根,C 前3个>=90%,257441257.56999987,18,0.7771470180361428,0.8852351025283255,0.9524850643387106,千克,0.7771470180361428,次,0.10808808449218264,个,0.06724996181038508,OTHER,0.01801015417561535,盒,0.01123539757108871
101030101,猪,A 首要单位>=90%,257309447.6699991,15,0.9500900647594164,0.9647003699543558,0.9786522226846299,千克,0.9500900647594164,OTHER,0.014610305194939496,批,0.01395185273027411,个,0.012411353912258045,箱,0.0029817764444622684
501019900,其他住房,D 前3个仍<90%,257160163.53,13,0.4179972559686916,0.8176293303121621,0.87589287527313,UNKNOWN,0.4179972559686916,平方米,0.39963207434347053,月,0.05826354496096785,OTHER,0.04295084304031979,千克,0.04032706410528546
109042408,灯用电器附件,B 前2个>=90%,256693316.88,17,0.8615121882716621,0.9252053213797717,0.9730941824900384,个,0.8615121882716621,套,0.06369313310810962,OTHER,0.0478888611102667,批,0.009081135061610257,千米,0.006555663312366951
107030602,氨基酸及蛋白质类药,D 前3个仍<90%,256024495.79999998,11,0.687672000368021,0.8255454827850108,0.8963869268559261,千克,0.687672000368021,瓶,0.13787348241698985,个,0.07084144407091535,盒,0.06874078773207763,OTHER,0.014752084437070495
101020100,育种和育苗,B 前2个>=90%,254182536.54,18,0.8939391131390431,0.9327186297973357,0.9536050607546589,OTHER,0.8939391131390431,平方米,0.038779516658292615,批,0.020886430957323236,千克,0.019206354521651987,UNKNOWN,0.011806558785865832
108012901,天然研磨料,A 首要单位>=90%,253239203.1199999,18,0.9116531657249041,0.9314005390319916,0.9503921201171722,千克,0.9116531657249041,个,0.019747373307087528,平方米,0.018991581085180606,UNKNOWN,0.013230822000384761,OTHER,0.010569034837515727
107051002,硬质橡胶制品,D 前3个仍<90%,251589305.81,19,0.5249160882845079,0.748465724064633,0.8294629424654401,个,0.5249160882845079,千克,0.22354963578012507,千米,0.08099721840080704,套,0.05713723607495493,平方米,0.047632683358370606
109011206,塔式起重机,C 前3个>=90%,251517969.82999998,12,0.7988598400178173,0.8987455298434014,0.9433493221990038,个,0.7988598400178173,千克,0.09988568982558411,UNKNOWN,0.04460379235560245,套,0.025954853263217437,OTHER,0.014246878672016832
109022603,牙膏、化妆品、香精、香料专用设备,D 前3个仍<90%,251483117.18999997,17,0.48360168057768943,0.6876036138416215,0.7806772827285711,批,0.48360168057768943,个,0.20400193326393207,瓶,0.0930736688869496,盒,0.08167428191404943,套,0.060067804386992385
104010302,麻纱线,A 首要单位>=90%,251310799.23,17,0.9339990275355426,0.9729173787562906,0.9879617269959371,千克,0.9339990275355426,个,0.038918351220747896,千米,0.015044348239646479,卷,0.0053706588182259075,平方米,0.002213259444895364
109020403,平板玻璃制造及深加工机械,D 前3个仍<90%,250527804.76999995,20,0.5297163661008996,0.7714669967568566,0.8759400984711706,个,0.5297163661008996,平方米,0.24175063065595703,批,0.10447310171431397,套,0.04602214568792113,OTHER,0.02857571732036856
105010702,软木制品,D 前3个仍<90%,250174476.2799997,16,0.4168237891434183,0.6489723798133893,0.7961154537087454,个,0.4168237891434183,立方米,0.23214859066997096,套,0.14714307389535608,平方米,0.09095578856946385,千克,0.03862751613871395
104010903,吊装绳索具,D 前3个仍<90%,249957307.42,21,0.42841458253535225,0.7560499737359507,0.8450031639007002,个,0.42841458253535225,千克,0.32763539120059854,千米,0.08895319016474945,套,0.06510837033723717,OTHER,0.03338594088780892
109013004,离心机,B 前2个>=90%,249560963.23,18,0.7946357824289763,0.9907846805035752,0.9948941040557467,个,0.7946357824289763,套,0.19614889807459893,UNKNOWN,0.00410942355217163,OTHER,0.002044288471229427,千克,0.0009487930200917586
109020103,矿山提升设备,C 前3个>=90%,249331476.93,12,0.7642743123985873,0.8612449074381697,0.9344599309272619,个,0.7642743123985873,千克,0.09697059503958234,套,0.0732150234890922,OTHER,0.04089191968674871,立方米,0.015298046267422798
110030102,再生水,B 前2个>=90%,249263115.24999988,17,0.8860045667346284,0.9130666482352727,0.9381823178509762,千克,0.8860045667346284,UNKNOWN,0.02706208150064434,立方米,0.025115669615703395,个,0.01768178442919465,千瓦时,0.01361931839211418
107040202,人造纤维长丝,A 首要单位>=90%,248817637.5099999,13,0.9456608500293449,0.9812504623197682,0.9931543511262076,千克,0.9456608500293449,千米,0.03558961229042337,平方米,0.011903888806439465,个,0.005109054899490033,箱,0.0005013032888192544
104010604,窗帘及类似品,D 前3个仍<90%,248733427.43000028,20,0.3120802560477956,0.56410532010012,0.7116636570282318,个,0.3120802560477956,千米,0.2520250640523244,套,0.14755833692811166,平方米,0.10952120248359651,批,0.048895497945979416
306019900,其他贷款服务,D 前3个仍<90%,248632408.5300001,13,0.782643826283494,0.8492928394108415,0.8889053642953906,UNKNOWN,0.782643826283494,次,0.06664901312734746,项,0.039612524884549076,笔,0.034879530151652016,月,0.030323922953472412
106050199,其他雕塑工艺品,D 前3个仍<90%,248602327.10999992,19,0.4019198470567371,0.7024327090982232,0.7933826989186946,千克,0.4019198470567371,个,0.30051286204148614,套,0.09094998982047142,箱,0.08617825395705327,OTHER,0.031110710908904018
103021201,食品用原料粉,C 前3个>=90%,247417571.90999997,16,0.8115957791916398,0.8625344119763172,0.9126686490648296,千克,0.8115957791916398,袋,0.05093863278467735,包,0.05013423708851239,箱,0.04347237056352858,个,0.020285680888606
103020802,营养配餐食品,D 前3个仍<90%,247281960.77,16,0.40198152797104253,0.555750602235893,0.6480834093638522,盒,0.40198152797104253,袋,0.1537690742648505,罐,0.09233280712795926,箱,0.08172912402129363,个,0.07442252108764694
109021603,制酒、饮料加热及冷却设备,A 首要单位>=90%,246976510.0,14,0.9411217383790872,0.9951989302545412,0.9973159712638259,个,0.9411217383790872,套,0.05407719187545406,瓶,0.002117041009284648,次,0.00047372926275458344,千克,0.00045388931927169916
107022603,烟用香精,A 首要单位>=90%,246907052.11,6,0.991425674755305,0.998939315998624,0.9997918364438733,千克,0.991425674755305,瓶,0.007513641243318961,个,0.0008525204452492622,盒,9.682996008290886e-05,OTHER,5.8394443888045004e-05
109024614,呼吸器具,C 前3个>=90%,245301959.7,18,0.4639528731005079,0.8035637828212587,0.926583635646348,个,0.4639528731005079,盒,0.33961090972075086,套,0.12301985282508936,包,0.044505864907690755,副,0.009984075516539794
101010303,芝麻,B 前2个>=90%,245257154.44,18,0.8853208874406935,0.9180896515501463,0.94187752755858,千克,0.8853208874406935,箱,0.03276876410945282,瓶,0.023787876008433722,个,0.019047447690839315,袋,0.018735081879636274
102050599,其他化学矿石,B 前2个>=90%,244025374.82,16,0.8877454993760144,0.983576074812071,0.9901132979642808,千克,0.8877454993760144,个,0.09583057543605657,UNKNOWN,0.006537223152209889,桶,0.00344978435386468,瓶,0.0028918784389555317
109012601,炉用燃烧器,B 前2个>=90%,242528654.84,16,0.5056568422436726,0.9346584527900232,0.969847793635666,个,0.5056568422436726,套,0.4290016105463507,UNKNOWN,0.03518934084564273,千克,0.02372230788067319,项,0.002894503333897269
105010203,锯末、木废料及碎片,B 前2个>=90%,242413522.53,18,0.7808695801884316,0.929632869231175,0.9629450209037396,千克,0.7808695801884316,个,0.1487632890427435,立方米,0.03331215167256454,平方米,0.016555029926201205,UNKNOWN,0.006525314815324465
109011608,立体仓储及物料搬运设备专用配套件,B 前2个>=90%,241247021.7400002,21,0.5908979963434888,0.9050792405027932,0.9525418625381453,个,0.5908979963434888,套,0.3141812441593044,UNKNOWN,0.047462622035352106,批,0.0235287930149765,次,0.008378304591790392
103010503,植物油分离制品,A 首要单位>=90%,241178096.9,17,0.9022587276664094,0.933150743963765,0.961940557173374,千克,0.9022587276664094,瓶,0.03089201629735557,桶,0.02878981320960908,箱,0.024766688089742528,个,0.0036592424492259104
304070103,电影制作服务,B 前2个>=90%,240194216.7,12,0.8515938251564074,0.9004822442504713,0.9483564656950378,UNKNOWN,0.8515938251564074,OTHER,0.04888841909406389,次,0.04787422144456653,套,0.03844009080173661,项,0.006208720469996229
107021616,纤维素,A 首要单位>=90%,239547363.20000002,10,0.9671548445998507,0.9823559737267022,0.9969322139046614,千克,0.9671548445998507,瓶,0.01520112912685152,盒,0.014576240177959094,UNKNOWN,0.0007583911489283301,平方米,0.0007158083383152847
109010799,其他金属非切削、成形加工机械,D 前3个仍<90%,239411185.01999998,17,0.510753384641511,0.8363515645823857,0.8896013369308873,个,0.510753384641511,套,0.3255981799408747,项,0.05324977234850162,UNKNOWN,0.04563288632102691,批,0.034701108218089215
104020105,女浴衣,A 首要单位>=90%,238262824.52,10,0.9541000179443352,0.9890247672700593,0.9954322442781725,个,0.9541000179443352,套,0.03492474932572414,千克,0.006407477008113158,UNKNOWN,0.002815471953509434,批,0.001533571176015873
102050603,井矿盐,A 首要单位>=90%,238247426.55,9,0.937642047198012,0.9908654456775705,0.9983861984762328,千克,0.937642047198012,立方米,0.053223398479558516,UNKNOWN,0.007520752798662286,箱,0.0005451055731455916,个,0.000521181243374064
109020201,石油钻井设备,B 前2个>=90%,238200317.0,16,0.5019042025876062,0.9024568692744436,0.9393256001418336,个,0.5019042025876062,套,0.4005526666868374,UNKNOWN,0.036868730867390065,千克,0.030310789972626276,OTHER,0.01547119091365441
104010303,亚麻布,B 前2个>=90%,238194895.96,16,0.832773842657447,0.921338555914538,0.960930528580416,千米,0.832773842657447,千克,0.0885647132570909,个,0.03959197266587811,包,0.013317202231456245,UNKNOWN,0.011374143929830325
109022206,印刷、装订机械零件,D 前3个仍<90%,237885995.26000035,22,0.6861361403877714,0.8227855950329307,0.887386991274032,个,0.6861361403877714,套,0.13664945464515932,盒,0.06460139624110127,OTHER,0.01988699013083715,副,0.019770983427837136
109012807,气体液化设备,B 前2个>=90%,236965891.44,16,0.5159378795279331,0.904375344306725,0.9815159688452081,个,0.5159378795279331,套,0.3884374647787918,千克,0.07714062453848315,瓶,0.013165016496856896,UNKNOWN,0.001961125912155453
109023205,封装测试设备,A 首要单位>=90%,236086196.0699999,15,0.9008114010483831,0.9570019163806165,0.9769281462843977,个,0.9008114010483831,套,0.05619051533223344,卷,0.019926229903781265,OTHER,0.009718475023926039,UNKNOWN,0.006502593313608303
104011007,狭幅机织物,C 前3个>=90%,235596502.27999988,17,0.6757684323801413,0.8196257350650511,0.9154393291615042,千米,0.6757684323801413,个,0.14385730268490987,千克,0.09581359409645313,OTHER,0.03903267502278475,卷,0.01723729966573764
109061903,显微镜,B 前2个>=90%,235582679.79,8,0.6024547641045407,0.9829328056137907,0.993668260920838,个,0.6024547641045407,套,0.3804780415092501,OTHER,0.010735455307047385,批,0.004704209710951094,UNKNOWN,0.001547005282072821
109040304,小功率电动机,A 首要单位>=90%,234342879.20000008,10,0.9290062062188745,0.9654116958976068,0.9990624823303784,个,0.9290062062188745,套,0.03640548967873224,千克,0.03365078643277161,批,0.0005801584433208583,OTHER,0.000180177866484112
109060405,量具,B 前2个>=90%,234121730.76,22,0.8015163349461307,0.937679563991619,0.9567631478840517,个,0.8015163349461307,套,0.13616322904548825,副,0.019083583892432702,OTHER,0.01309515776279152,UNKNOWN,0.009459437245790167
107030410,中成药栓剂,A 首要单位>=90%,233376135.56,9,0.9845943240024401,0.9927359050833021,0.9964379405460406,盒,0.9845943240024401,瓶,0.00814158108086208,OTHER,0.0037020354627385534,个,0.0034089513398231014,批,4.8974201979026036e-05
108032402,钼加工材,B 前2个>=90%,232944162.92000002,12,0.8961894562762457,0.9494386691971117,0.9795357694297017,千克,0.8961894562762457,立方米,0.05324921292086609,个,0.030097100232589935,千米,0.008536807426606107,OTHER,0.008495164142316856
108042500,铸币及贵金属制实验室用品,B 前2个>=90%,232942007.16,16,0.5160107647198141,0.9425803699252371,0.967611898463561,个,0.5160107647198141,套,0.4265696052054229,千克,0.02503152853832394,平方米,0.017169562367739324,批,0.005715630882692185
109011503,升降机,B 前2个>=90%,232435036.89,15,0.8796708996448062,0.9513812091705087,0.9800515109854357,个,0.8796708996448062,套,0.07171030952570259,千克,0.02867030181492704,UNKNOWN,0.00533184866009036,次,0.005084909555005427
102050507,重晶石,A 首要单位>=90%,232405456.2800001,7,0.9903554013925581,0.998991103721259,0.9999062113241707,千克,0.9903554013925581,UNKNOWN,0.008635702328700935,OTHER,0.0009151076029117397,套,8.36899456291887e-05,瓶,7.207231821536817e-06
109022602,肥皂成型专用设备,A 首要单位>=90%,232266312.16,17,0.9584942815410997,0.985993168101972,0.9986151410120189,箱,0.9584942815410997,个,0.027498886560872324,套,0.012621972910046828,千克,0.00026784977735877616,OTHER,0.00022983862577206554
106020107,明信片、卡片、日历、挂历,D 前3个仍<90%,232167466.96000007,22,0.41265055989307065,0.7497041632882534,0.8701119770790473,套,0.41265055989307065,个,0.33705360339518275,UNKNOWN,0.12040781379079396,OTHER,0.04280436923452403,千克,0.03710302637485432
107020123,氧化铁,A 首要单位>=90%,229694097.2799999,15,0.9701999679092493,0.9835666117035708,0.989740775588467,千克,0.9701999679092493,个,0.013366643794321545,UNKNOWN,0.006174163884896157,套,0.0036251917653110023,OTHER,0.002516745649302914
109030603,中轻型商用客车底盘（车架）改装、改制的车辆,A 首要单位>=90%,229224326.86,5,0.9785641276939989,0.9946666540294972,0.9984169465127424,个,0.9785641276939989,套,0.016102526335498208,UNKNOWN,0.0037502924832452053,车,0.0015741784693750456,千克,8.875017882558783e-06
108040403,钳子,B 前2个>=90%,228971892.09999973,22,0.7305069008074984,0.9014345973516108,0.9408276974709071,个,0.7305069008074984,千克,0.17092769654411244,套,0.0393931001192963,UNKNOWN,0.027901069215997498,盒,0.01169547810187311
108041111,金丝,B 前2个>=90%,228748800.53000012,10,0.7007399172743545,0.9778294155062253,0.991356535529721,OTHER,0.7007399172743545,卷,0.27708949823187073,千米,0.01352712002349575,千克,0.006496424053620804,个,0.0017141080044639472
106040705,乐器辅助用品及零件,D 前3个仍<90%,228623597.04999998,17,0.5092170416448271,0.7007022157251988,0.890673541215723,个,0.5092170416448271,副,0.19148517408037163,套,0.18997132549052423,批,0.04771284548381223,箱,0.037365499931889035
109051303,数据保护类设备,B 前2个>=90%,228607052.85,11,0.586085215743159,0.9422379371704497,0.9602012595124533,套,0.586085215743159,个,0.35615272142729076,UNKNOWN,0.01796332234200359,OTHER,0.01588512040519926,项,0.00788617506557388
109011499,其他连续搬运设备,D 前3个仍<90%,228319778.20999998,14,0.40124837707111755,0.7822125915247489,0.8414436318928833,个,0.40124837707111755,套,0.3809642144536314,项,0.05923104036813439,UNKNOWN,0.05693200108158952,千克,0.052940123999606264
109024904,噪音与振动控制设备,D 前3个仍<90%,227641007.17,18,0.3659596305413763,0.6613662926625858,0.8081717276563042,套,0.3659596305413763,个,0.2954066621212095,平方米,0.14680543499371831,项,0.06701914971148737,UNKNOWN,0.03644962462234919
109023103,电器绝缘材料设备,D 前3个仍<90%,227418319.73000002,19,0.48923081509920713,0.663392328019642,0.7525274175940724,个,0.48923081509920713,千克,0.17416151292043489,批,0.08913508957443038,套,0.07933960474873657,千米,0.05079565733189317
106051201,镜子类制品及零配件,B 前2个>=90%,227085228.25000033,18,0.48787065650977735,0.9233968681536202,0.945035515932992,个,0.48787065650977735,平方米,0.4355262116438429,套,0.02163864777937176,千克,0.014666927548159422,OTHER,0.011881495202451572
304070202,电视节目发行服务,C 前3个>=90%,226564090.49,8,0.6832360270121111,0.8784626788806351,0.9311052665661114,UNKNOWN,0.6832360270121111,个,0.195226651868524,笔,0.05264258768547624,次,0.034331480347029285,项,0.029851155959326713
104030305,纺织材料作面类似箱、包容器,B 前2个>=90%,226489988.94000158,19,0.8535528310313681,0.9143536646331039,0.947388565844486,个,0.8535528310313681,千克,0.06080083360173573,套,0.03303490121138221,UNKNOWN,0.02692838027209957,千米,0.015649299497025156
304030103,文印晒图服务,D 前3个仍<90%,225788114.91,24,0.4604983878422691,0.6523354303600531,0.7953553834380609,UNKNOWN,0.4604983878422691,个,0.19183704251778405,批,0.14301995307800774,次,0.05801905465760107,项,0.04660484199619823
109060404,数学计算器具,A 首要单位>=90%,225745250.3100011,15,0.9921079286604991,0.9968339818932246,0.998060279410536,个,0.9921079286604991,套,0.004726053232725466,OTHER,0.0012262975173114228,UNKNOWN,0.000841093709565362,盒,0.0006351093092905185
109013301,喷枪,B 前2个>=90%,225557121.24999988,20,0.7444222694875345,0.9325357879384621,0.9907095725535644,个,0.7444222694875345,套,0.18811351845092766,千克,0.058173784615102274,OTHER,0.0025694453218244396,项,0.0013755655254001436
107030409,中成药散剂,D 前3个仍<90%,223219647.28999993,12,0.6427789007013082,0.8155130509793396,0.8821586354993831,盒,0.6427789007013082,瓶,0.1727341502780314,千克,0.06664558452004354,个,0.061186952026027475,UNKNOWN,0.028696846481788035
106050701,手工地毯、挂毯,B 前2个>=90%,222849798.94999993,16,0.8525429679325272,0.9594410101665474,0.9816871885044166,平方米,0.8525429679325272,个,0.10689804223402023,OTHER,0.022246178337869224,批,0.005847449161452342,套,0.0033600091789537613
108011403,室内及室内装饰用玻璃器具,D 前3个仍<90%,222260621.8699994,19,0.3426868853743656,0.5839111133501125,0.7245214332846955,个,0.3426868853743656,千克,0.24122422797574683,平方米,0.14061031993458303,套,0.13752265364342287,包,0.05522421689785058
109060410,测量仪器,C 前3个>=90%,222174703.29000005,18,0.5994704694447307,0.8751994178481795,0.9369418893666164,个,0.5994704694447307,套,0.2757289484034488,立方米,0.06174247151843691,千克,0.028220453036077953,UNKNOWN,0.010044417374948033
110039900,其他水冰雪,D 前3个仍<90%,221800264.28999996,23,0.3910128148296806,0.7569270981142346,0.8144413554161144,千克,0.3910128148296806,个,0.365914283284554,UNKNOWN,0.057514257301879805,千米,0.049281159132021884,平方米,0.03833430233826527
109042506,照明及电气信号装置零件,B 前2个>=90%,221799954.8299999,11,0.714005327284133,0.9524433847694666,0.9905703642203036,个,0.714005327284133,套,0.23843805748533353,千克,0.03812697945083709,OTHER,0.005961749050009942,UNKNOWN,0.001664890780897731
108011800,未封口玻璃外壳,B 前2个>=90%,221720915.75,15,0.7072040795050699,0.9762473726838736,0.9861778059610057,千克,0.7072040795050699,个,0.26904329317880377,平方米,0.009930433277132087,OTHER,0.0065902933652302485,UNKNOWN,0.002420662787651327
108040406,螺丝刀,C 前3个>=90%,219686582.9500003,20,0.6683302376432184,0.8245732490692375,0.9073897193137621,个,0.6683302376432184,套,0.15624301142601904,千克,0.08281647024452467,OTHER,0.07152423961902213,批,0.008565174963043858
104020301,毛皮服装,A 首要单位>=90%,219312527.2999999,10,0.9600867967381269,0.9808045690694114,0.9883873589833007,个,0.9600867967381269,套,0.020717772331284433,UNKNOWN,0.00758278991388925,批,0.0038059841372317287,千米,0.003709727073123745
109022102,造纸机,B 前2个>=90%,218022488.44,8,0.8175271488062646,0.9842025920599111,0.990701738134881,套,0.8175271488062646,个,0.16667544325364647,批,0.0064991460749699165,千克,0.004507935887863587,平方米,0.002840168390108115
108010307,混凝土轨枕及铁道用混凝土制品,C 前3个>=90%,217977228.55,11,0.6262674873338278,0.832671250237345,0.9526407962030216,个,0.6262674873338278,OTHER,0.20640376290351728,套,0.11996954596567651,千克,0.020576891402081274,立方米,0.018054929481302464
109040202,内燃发电机组,B 前2个>=90%,215780484.79999998,13,0.8413497046698637,0.940980465208409,0.9913682164922081,个,0.8413497046698637,套,0.09963076053854523,批,0.050387751283799145,项,0.004797057532609641,UNKNOWN,0.0010551764225158512
109051907,射频元器件,B 前2个>=90%,214980010.6599999,11,0.5099729269405928,0.9103791933452311,0.975561954835378,个,0.5099729269405928,套,0.4004062664046383,OTHER,0.06518276149014685,包,0.010675613806856254,千米,0.007758687028060271
107021504,酶及酶制品,B 前2个>=90%,214555151.4499999,15,0.8042566397675742,0.9749860400753384,0.984485465403632,千克,0.8042566397675742,OTHER,0.17072940030776418,批,0.009499425328293606,瓶,0.006699552540620207,个,0.004056886745051399
105020208,坐具零配件,C 前3个>=90%,213255060.3700001,18,0.45587541257556174,0.8612188561028706,0.9455547246107302,个,0.45587541257556174,箱,0.40534344352730894,套,0.0843358685078596,千克,0.02629072806184495,OTHER,0.015585108574837607
104019906,供技术用途纺织品,D 前3个仍<90%,213116879.06000006,19,0.43431925307024055,0.699630391068284,0.7929474756076131,个,0.43431925307024055,千米,0.26531113799804346,平方米,0.09331708453932915,千克,0.08439166076065005,套,0.06129761681768124
107021802,摄影感光纸、纸板及纺织物,C 前3个>=90%,212971172.7600002,17,0.5691674049078936,0.7981317878244087,0.91940897034294,卷,0.5691674049078936,千米,0.22896438291651516,个,0.12127718251853127,包,0.03641102131103273,平方米,0.031675862946964194
102050304,白云岩,B 前2个>=90%,211759511.7300001,8,0.893671777734789,0.9865337929488812,0.9981256500510538,千克,0.893671777734789,UNKNOWN,0.09286201521409217,立方米,0.011591857102172582,包,0.0011854249093663598,套,0.0006771664178317282
109060409,数显装置,B 前2个>=90%,210497217.7999998,14,0.8892464371564723,0.9785430454748746,0.9902434817834442,个,0.8892464371564723,套,0.08929660831840228,UNKNOWN,0.011700436308569597,OTHER,0.0041333870779550076,千米,0.003621142777878562
106040803,玩偶及其零配件和装饰品,D 前3个仍<90%,209604663.7800006,21,0.6765695077226215,0.7896655354182698,0.8655503226799436,个,0.6765695077226215,套,0.11309602769564825,千克,0.07588478726167376,批,0.07067346862829409,盒,0.025233984943920287
107030109,抗肿瘤药,C 前3个>=90%,209197216.56,10,0.5086372841843322,0.7556756181536453,0.9286534360474189,盒,0.5086372841843322,千克,0.24703833396931313,OTHER,0.17297781789377362,个,0.05418008282509435,瓶,0.017063716853881642
109062105,电影设备零件和附件,B 前2个>=90%,208856436.17000002,13,0.5028450662373475,0.9443109586504059,0.9709607094173373,套,0.5028450662373475,个,0.4414658924130584,OTHER,0.026649750766931317,UNKNOWN,0.011937054063158961,批,0.005698900267699612
109022699,其他日用化工专用设备,C 前3个>=90%,208559941.58999997,19,0.5792861389341359,0.7962734938163347,0.9280710442972272,千克,0.5792861389341359,个,0.21698735488219884,套,0.13179755048089245,瓶,0.03426848006147833,立方米,0.02229086498853771
109013302,喷涂机,B 前2个>=90%,208547220.27999997,23,0.5530957316291879,0.904786015304639,0.9317090772973212,套,0.5530957316291879,个,0.35169028367545113,千克,0.02692306199268225,项,0.01687238696001669,OTHER,0.015082002703162574
108012099,其他技术陶瓷制品,C 前3个>=90%,208348971.26,15,0.5749754023047534,0.8498014713451674,0.9036880435806957,千克,0.5749754023047534,个,0.27482606904041396,箱,0.053886572235528306,平方米,0.03649458283387159,套,0.028255929916032357
102050203,石英岩,B 前2个>=90%,207007948.61,16,0.8807543635123606,0.9137990120678005,0.9444636021119209,千克,0.8807543635123606,立方米,0.033044648555439836,个,0.030664590044120428,UNKNOWN,0.022272860974466326,批,0.02183491035175473
109012203,真空干燥设备,B 前2个>=90%,205657888.1800001,14,0.8539344602541664,0.9887204457824167,0.9989072256746928,个,0.8539344602541664,套,0.13478598552825025,UNKNOWN,0.01018677989227614,OTHER,0.0005673203251891913,批,0.00023612028903796932
109060407,量仪,B 前2个>=90%,203990805.28,14,0.7810463594244211,0.9902571124356707,0.9939593840109182,个,0.7810463594244211,套,0.20921075301124964,OTHER,0.003702271575247541,千克,0.0036944811260759785,月,0.0008288952032318778
109051404,真空开关管,A 首要单位>=90%,203092394.8200001,13,0.9699098999969141,0.9899565229815335,0.9944295265167231,个,0.9699098999969141,套,0.02004662298461934,批,0.0044730035351896865,UNKNOWN,0.0026419452115651588,平方米,0.0011014691131012774
103010905,鱼糜（熟肉）制品,D 前3个仍<90%,202999113.53000012,16,0.3600475262134509,0.6060163786469908,0.7599891312195329,千克,0.3600475262134509,个,0.24596885243353994,袋,0.1539727525725422,箱,0.08195453064154073,包,0.05573497033191696
109021402,食品用烤炉及烘箱,B 前2个>=90%,202549650.52999997,16,0.5906202871590805,0.9667047854570296,0.985935058922365,千瓦时,0.5906202871590805,个,0.37608449829794915,套,0.019230273465335318,包,0.004701140522871285,千克,0.00367057320540715
102050699,其他原盐,A 首要单位>=90%,201599199.85000002,12,0.9900504440419782,0.9936472949746185,0.995027547823871,千克,0.9900504440419782,个,0.0035968509326402462,OTHER,0.0013802528492525658,瓶,0.0011269987686907974,袋,0.0011072932341303634
103020803,蜂蜜营养制品,D 前3个仍<90%,201097673.78999978,15,0.6199161002239255,0.7308359803976425,0.8173690631630451,瓶,0.6199161002239255,箱,0.11091988017371697,千克,0.08653308276540263,盒,0.0785233148767793,个,0.06610715917023743
101030301,生奶,D 前3个仍<90%,199621476.68,18,0.3382544741828628,0.4896288743855014,0.6203163907984773,千克,0.3382544741828628,箱,0.15137440020263856,盒,0.1306875164129759,个,0.11793011880048171,OTHER,0.08623168431718466
109060501,电化学式分析仪器,B 前2个>=90%,199526653.7000001,17,0.5922811926053969,0.9461819745338615,0.9705319730924752,个,0.5922811926053969,套,0.3539007819284646,项,0.024349998558613615,OTHER,0.017357328636439705,UNKNOWN,0.006497132067122917
108012903,超硬材料,C 前3个>=90%,199483386.63,19,0.6618797683884098,0.8408617868069328,0.9518572229385056,OTHER,0.6618797683884098,个,0.17898201841852301,千克,0.11099543613157276,瓶,0.020072505423355515,千米,0.014435332027629312
109040602,六氟化硫断路器,B 前2个>=90%,197737225.98999998,12,0.8450199391309869,0.946677031615012,0.9731387992149308,个,0.8450199391309869,套,0.1016570924840251,OTHER,0.026461767599918782,批,0.011133361404146197,项,0.007814403900245593
101011213,香菇等食用菌,D 前3个仍<90%,197292462.36999997,14,0.5875601146008446,0.6836850458434471,0.7784615715929848,千克,0.5875601146008446,盒,0.09612493124260252,袋,0.09477652574953764,箱,0.07132905824657533,瓶,0.05766032555600467
107030115,调解水、电解质、酸碱平衡药,D 前3个仍<90%,197095251.64000002,15,0.3506380229100074,0.5971735331553418,0.7779130613965712,千克,0.3506380229100074,个,0.24653551024533446,瓶,0.18073952824122946,盒,0.11155346116688414,OTHER,0.04705005302176441
109024704,心脏起搏器,A 首要单位>=90%,196994425.6900001,4,0.9537259174310599,0.99809805765474,0.9999861925027043,个,0.9537259174310599,套,0.04437214022368004,盒,0.001888134847964285,副,1.3807497295788069e-05,,
106040399,其他教具及类似用具,D 前3个仍<90%,196724124.4599999,22,0.48448758143732107,0.8222897400307992,0.8866023004995713,个,0.48448758143732107,套,0.3378021585934782,批,0.06431256046877215,千克,0.042198388645963654,UNKNOWN,0.03190610926458209
101010202,木薯,A 首要单位>=90%,196635097.9,17,0.9737809712759321,0.9805528752453709,0.9865348213097413,千克,0.9737809712759321,千米,0.006771903969438815,个,0.0059819460643704345,UNKNOWN,0.004366485989376365,平方米,0.004068449267418398
109060302,自动抄表系统（不含表）,A 首要单位>=90%,196447117.67,10,0.9490359240759229,0.9853170068657083,0.9946435798474396,个,0.9490359240759229,套,0.03628108278978548,OTHER,0.009326572981731241,UNKNOWN,0.003061802978501293,批,0.0010799853035074567
109022812,织机,A 首要单位>=90%,196392160.01000002,14,0.9310578637695589,0.9765981464852467,0.9876139357605916,个,0.9310578637695589,套,0.045540282715687816,千米,0.011015789275345012,UNKNOWN,0.005972879110552432,OTHER,0.0031814494018915286
110010300,冷气,D 前3个仍<90%,196330076.52999994,18,0.4122011035208555,0.7508230961621171,0.8561382081686086,千瓦时,0.4122011035208555,UNKNOWN,0.3386219926412616,OTHER,0.10531511200649155,平方米,0.033902624231814636,月,0.029784227069796283
104030701,加工填充用羽毛,B 前2个>=90%,196273038.39000002,10,0.8869961824510583,0.9915891224105893,0.99593392701032,千克,0.8869961824510583,个,0.10459293995953103,OTHER,0.004344804599730739,千米,0.0034767561841278732,UNKNOWN,0.00041470800405231346
109013603,铜铸件,B 前2个>=90%,196051132.17999992,13,0.4955487345046353,0.9367306158751916,0.9766661243465816,个,0.4955487345046353,千克,0.4411818813705563,套,0.03993550847139006,千米,0.010983435678519737,批,0.004170993969314196
109061499,其他教学专用仪器,C 前3个>=90%,195821626.11999997,17,0.4821872227847682,0.887983686303585,0.9240827874093439,套,0.4821872227847682,个,0.4057964635188169,批,0.03609910110575892,UNKNOWN,0.029115669872469146,OTHER,0.017287454848962932
109041202,电磁铁及电磁性装置,B 前2个>=90%,195261010.5799999,15,0.7111100833574308,0.9174018099051466,0.987795019789557,个,0.7111100833574308,千克,0.2062917265477159,套,0.07039320988441033,项,0.006691022012634309,批,0.0031482682496316323
107020238,环氧环己烷,A 首要单位>=90%,195225148.04999998,12,0.9901706115263976,0.9931394269981193,0.9947106897327821,千克,0.9901706115263976,平方米,0.0029688154717217026,OTHER,0.001571262734662836,批,0.0013284507789620295,个,0.0009065929864459386
109020703,化工专用炉,C 前3个>=90%,194986107.3500001,12,0.45635220872570514,0.8653929481094389,0.9368848733006927,个,0.45635220872570514,千克,0.4090407393837337,UNKNOWN,0.07149192519125384,套,0.04524425534668737,OTHER,0.015384747358514812
104010503,枕套,B 前2个>=90%,194771478.63000003,16,0.7618463074970188,0.9071564726150069,0.9458701062180256,个,0.7618463074970188,千克,0.1453101651179881,OTHER,0.038713633603018674,套,0.02494359946421689,千米,0.016000665867101856
109021003,木材处理及制品加工机械,B 前2个>=90%,194227668.88,11,0.8439930386091343,0.9823898892484098,0.9907553439200809,个,0.8439930386091343,套,0.1383968506392754,立方米,0.008365454671671185,千克,0.0026430219904310472,UNKNOWN,0.002114400087114921
107030111,呼吸系统用药,D 前3个仍<90%,193759779.44,11,0.6345000131364724,0.7711055334178183,0.8617623709243835,千克,0.6345000131364724,盒,0.13660552028134584,OTHER,0.09065683750656518,袋,0.06009482351627929,个,0.03520085205357106
108031105,铑,A 首要单位>=90%,193139805.4,4,0.9998703374483155,0.9999505021764923,0.9999948224033988,千克,0.9998703374483155,瓶,8.01647281767428e-05,个,4.4320226906472794e-05,OTHER,5.1775966012234575e-06,,
106050101,雕刻工艺品,D 前3个仍<90%,192784518.56,21,0.3227170674010163,0.5644018882985974,0.7026834715352882,个,0.3227170674010163,套,0.24168482089758112,UNKNOWN,0.1382815832366908,千克,0.12840167703765015,箱,0.06838945206015924
104010205,特种羊毛或动物细毛织物,D 前3个仍<90%,192653045.62000003,13,0.488456328459055,0.7230411621664974,0.8742058759984427,千克,0.488456328459055,个,0.23458483370744232,千米,0.15116471383194527,OTHER,0.08474488066076594,平方米,0.01364902605893202
104020202,非天然皮革服装,B 前2个>=90%,192580785.56,11,0.8557164986672932,0.9323528361766851,0.9612917064995692,个,0.8557164986672932,千米,0.07663633750939197,套,0.02893887032288414,OTHER,0.014487097255768406,平方米,0.010754325484640524
109012102,气动系统及机械,B 前2个>=90%,192490459.9100001,21,0.7058646022952403,0.9316596729201508,0.9534748423678386,个,0.7058646022952403,套,0.22579507062491058,项,0.021815169447687764,UNKNOWN,0.013480588187140556,OTHER,0.01182715663448694
103011299,其他淀粉及淀粉制品,A 首要单位>=90%,191609385.44,13,0.9231288595484157,0.9554903879556017,0.9781212894119286,千克,0.9231288595484157,个,0.03236152840718594,袋,0.022630901456326895,箱,0.007008527671628651,套,0.0047004222571447336
109062204,照相机、缩微阅读机零件,A 首要单位>=90%,191481274.27,11,0.9379632763293079,0.9569644644813654,0.9757509831303255,个,0.9379632763293079,批,0.019001188152057518,千克,0.018786518648960103,套,0.014875604263963622,千米,0.004526533434166705
109050804,广播电视设备专用配件,C 前3个>=90%,190993612.43,19,0.7156909577805821,0.828384760081895,0.9351260333141184,个,0.7156909577805821,千克,0.1126938023013129,套,0.10674127323222335,批,0.018485520563123473,UNKNOWN,0.017644046505665645
109022099,其他食品加工专用设备零件,D 前3个仍<90%,190484733.21,19,0.4655506369753758,0.7727239928342602,0.8703857186665925,个,0.4655506369753758,套,0.3071733558588844,千克,0.09766172583233237,批,0.04723683598349199,OTHER,0.03250089151855972
109022104,纸制品生产专用机械,B 前2个>=90%,190296664.27999958,15,0.8173671592642167,0.9609600546698558,0.9956452133665326,个,0.8173671592642167,套,0.1435928954056391,千克,0.03468515869667673,UNKNOWN,0.002509449978047724,OTHER,0.0007441176151760988
103011004,腌渍菜,D 前3个仍<90%,190085818.49999997,15,0.2948166984377112,0.4762346782855871,0.6538630953681586,包,0.2948166984377112,千克,0.1814179798478759,个,0.17762841708257152,袋,0.13770935178943938,箱,0.0721800883846577
109022504,灯泡及类似品封装机零件,B 前2个>=90%,189942971.1400002,17,0.836369727063542,0.9046335362067771,0.9608975149992486,个,0.836369727063542,套,0.06826380914323518,OTHER,0.05626397879247152,批,0.009922861839466529,盒,0.009341307442707185
107021410,钻井用助剂,B 前2个>=90%,188163482.36000007,10,0.8245466388805626,0.9828816756599063,0.9945765146499174,千克,0.8245466388805626,立方米,0.15833503677934369,OTHER,0.011694838990011128,UNKNOWN,0.0017663830719507091,盒,0.001670876814442051
304070301,广播节目播出服务,A 首要单位>=90%,188105620.3,8,0.9974978150081356,0.9988280196006456,0.9995588711285306,UNKNOWN,0.9974978150081356,个,0.0013302045925099877,OTHER,0.0007308515278849432,月,0.0003725566513548771,批,5.103515771984618e-05
109023609,园艺、草坪专用机械,A 首要单位>=90%,186988876.9100002,16,0.940741833508454,0.9856240093826873,0.9895129372270425,个,0.940741833508454,套,0.04488217587423333,OTHER,0.003888927844355163,平方米,0.0027416629719999286,千克,0.0022427755967637016
106051213,棉胎,B 前2个>=90%,186624758.18999988,17,0.5826817293410264,0.95052079118785,0.9697224495034723,箱,0.5826817293410264,个,0.3678390618468237,千克,0.019201658315622233,套,0.008734350446367221,OTHER,0.007738666423506652
108012199,其他日用陶瓷制品,C 前3个>=90%,186290959.04999998,16,0.5609555906679949,0.8229114325341707,0.9351281933829307,个,0.5609555906679949,套,0.26195584186617565,千克,0.11221676084876005,平方米,0.03404066451930159,箱,0.020126418636310095
105010903,竹制炊事用具,D 前3个仍<90%,185919391.6599998,18,0.5947273825648441,0.7142738433269674,0.8137103810917233,个,0.5947273825648441,千克,0.11954646076212332,包,0.09943653776475589,套,0.06768420446971257,盒,0.055234976988198695
109010502,特种加工机床,B 前2个>=90%,185695757.4999999,19,0.8249703327228678,0.9126554445380907,0.9417059402662982,个,0.8249703327228678,套,0.08768511181522286,批,0.02905049572820748,OTHER,0.025682449207273902,UNKNOWN,0.017440750039752536
106050802,工艺陶瓷制品,D 前3个仍<90%,185673346.1400001,18,0.3196467321445778,0.5773330511271844,0.7740052529221898,个,0.3196467321445778,千克,0.25768631898260663,UNKNOWN,0.19667220179500544,套,0.13224623738662797,箱,0.031971984150724136
304010200,技术咨询服务,D 前3个仍<90%,185232138.15,17,0.5333891199808514,0.6674095721979334,0.773415183946037,UNKNOWN,0.5333891199808514,项,0.13402045221708198,次,0.10600561174810366,批,0.07136133600798696,千克,0.052021745072103734
109032404,航空器零件,C 前3个>=90%,185228272.64,12,0.6637635507671925,0.8562198520213982,0.9642495806087327,个,0.6637635507671925,UNKNOWN,0.1924563012542057,套,0.10802972858733452,项,0.012462418976861437,批,0.008794657515195193
106051002,发制品及其专用原料,B 前2个>=90%,184711679.06999978,19,0.7233467786266274,0.9759292962828027,0.9802611256724146,千克,0.7233467786266274,个,0.25258251765617523,UNKNOWN,0.0043318293896119735,立方米,0.0038871590774067926,副,0.003833408280218503
109020808,橡胶硫化设备,B 前2个>=90%,184495760.09,13,0.8525538685727528,0.9846379507116184,0.9896509797348807,个,0.8525538685727528,套,0.13208408213886558,千克,0.0050130290232622545,项,0.004799486717570345,UNKNOWN,0.00452986995252526
109022105,纸浆、造纸及纸制品机械零件,C 前3个>=90%,184176172.83999997,18,0.4463106756019395,0.7600846511324433,0.950494254553107,个,0.4463106756019395,套,0.31377397553050385,千克,0.19040960342066365,UNKNOWN,0.025520866339661316,批,0.006659225463792627
109011103,电动葫芦,B 前2个>=90%,183269548.5499999,16,0.8793167954797146,0.9787783402601719,0.9853700395334989,个,0.8793167954797146,套,0.09946154478045725,批,0.006591699273326991,OTHER,0.005204622849495203,千米,0.0038197095782609787
109041603,家用换气、排气扇,A 首要单位>=90%,183224833.4899996,16,0.9405761138235976,0.9884083035604672,0.9926784104837336,个,0.9405761138235976,套,0.04783218973686958,UNKNOWN,0.004270106923266506,平方米,0.002872688652374887,千米,0.0015828935656575698
109021106,橡胶用模具,C 前3个>=90%,183006548.8,17,0.41359536052843165,0.8243273812833085,0.9771031159405155,套,0.41359536052843165,个,0.41073202075487686,副,0.15277573465720698,批,0.014566595553437374,千克,0.002555023320564362
109011604,机械式停车设备,D 前3个仍<90%,182055865.18,14,0.361423652816369,0.6442408301102338,0.8474591110671297,套,0.361423652816369,UNKNOWN,0.28281717729386474,个,0.20321828095689584,OTHER,0.08657600283526333,批,0.04790420122624033
107022499,其他口腔清洁护理用品,D 前3个仍<90%,181529410.7399999,16,0.3934116756005276,0.653979211501075,0.7872632436662752,个,0.3934116756005276,盒,0.2605675359005473,套,0.13328403216520024,OTHER,0.052114790057627945,千克,0.043120934443022285
109031801,机动货船,B 前2个>=90%,181334472.08,8,0.8760650425580129,0.9631026515628632,0.9798102852810864,OTHER,0.8760650425580129,UNKNOWN,0.08703760900485039,个,0.016707633718223137,套,0.014134902043717356,单,0.0021439387422623364
109013599,其他衡器（秤）,A 首要单位>=90%,180341987.10999998,11,0.926982419951001,0.9596527340825973,0.9767710144091692,个,0.926982419951001,套,0.03267031413159636,UNKNOWN,0.017118280326571922,OTHER,0.012500653154192696,千克,0.009296016013051018
108010202,熟石膏,D 前3个仍<90%,180330130.2100001,17,0.780526678465154,0.8323262810558141,0.8807892152300576,千克,0.780526678465154,平方米,0.05179960259066013,批,0.048462934174243535,个,0.04182784497086621,千米,0.016493457396921814
107020118,碘化物及其盐,A 首要单位>=90%,180149712.91,13,0.9763162751076293,0.9851962670552112,0.9928139851066721,千克,0.9763162751076293,OTHER,0.00887999194758195,瓶,0.0076177180514608684,批,0.003359877682971324,UNKNOWN,0.0020941981749839247
101040300,海水蟹,C 前3个>=90%,179802100.48,14,0.7757382926987261,0.8794351853391652,0.9309109519475176,千克,0.7757382926987261,批,0.10369689264043909,箱,0.05147576660835237,盒,0.0380293121812589,个,0.010537126457044603
103020508,谷物制品类罐头,D 前3个仍<90%,179742394.12999997,13,0.5336246475087497,0.8004048942173729,0.8648292522329051,箱,0.5336246475087497,OTHER,0.26678024670862327,罐,0.06442435801553209,个,0.05147363528110362,盒,0.026858941282980456
108011900,工业品用其他玻璃部件,D 前3个仍<90%,179704385.82000002,20,0.46561164864284454,0.7497873691572655,0.8589418119967842,个,0.46561164864284454,千克,0.28417572051442097,千米,0.10915444283951865,平方米,0.0712268445291081,套,0.026563653292143115
109013304,喷水器、喷雾器,B 前2个>=90%,179111447.62999988,20,0.4826298960442385,0.9473333995407895,0.9708257991371134,个,0.4826298960442385,套,0.4647035034965511,UNKNOWN,0.023492399596323904,千克,0.014743246481123882,副,0.004562578276337504
109020904,塑料成型机械,B 前2个>=90%,179008510.46,12,0.6159755609755717,0.9858086879027594,0.9913000469307407,个,0.6159755609755717,套,0.3698331269271878,项,0.005491359027981266,千克,0.0038334966211192503,OTHER,0.002045722066838989
106040202,笔配件和零件,D 前3个仍<90%,178877182.80000007,21,0.6976950063527054,0.8414198767222536,0.8850450255973061,个,0.6976950063527054,OTHER,0.1437248703695482,盒,0.043625148875052554,箱,0.031268859630094736,套,0.01929385730464444
107050401,涂胶纺织物,D 前3个仍<90%,178791486.03,19,0.2708040330392235,0.5152921499547313,0.7005032835231589,平方米,0.2708040330392235,千米,0.24448811691550779,千克,0.18521113356842767,个,0.18179648338817483,卷,0.057939932935407244
109011202,门式起重机（龙门起重机）,B 前2个>=90%,178537931.63000003,11,0.892411124321705,0.9522078782245383,0.9802939299907918,个,0.892411124321705,套,0.05979675390283336,千克,0.02808605176625345,千米,0.0071655864292819674,项,0.006313605124181867
304070302,电视节目播出服务,D 前3个仍<90%,178057479.23999992,11,0.43874306489929377,0.7353369626418169,0.8441180659836909,UNKNOWN,0.43874306489929377,OTHER,0.29659389774252315,个,0.10878110334187392,元,0.07332540343560581,月,0.053248078769106144
108041902,文件、档案柜,B 前2个>=90%,178037665.01,20,0.7105267450170992,0.9027679215573419,0.9451585565366093,个,0.7105267450170992,套,0.1922411765402427,立方米,0.042390634979267414,OTHER,0.028040614044896592,批,0.015568149300566927
107030118,生化药（酶及辅酶）,B 前2个>=90%,177282572.77,11,0.8891013088719855,0.953484143922603,0.9933039545768546,千克,0.8891013088719855,个,0.06438283505061748,盒,0.03981981065425171,瓶,0.0030704236265016154,OTHER,0.0021135137771613236
109050701,雷达设备,B 前2个>=90%,176926146.28,12,0.6547971453956658,0.9145474614245352,0.9821550910004933,套,0.6547971453956658,个,0.2597503160288695,UNKNOWN,0.067607629575958,OTHER,0.0162486767526738,批,0.00093720461043436
109010505,镗床,B 前2个>=90%,176541219.43,11,0.8904386757809312,0.9602391572196924,0.9743866502417984,个,0.8904386757809312,千克,0.06980048143876123,套,0.014147493022105946,元,0.012610451979361859,千米,0.005189637881499253
108011299,其他玻璃仪器及实验、医疗用玻璃器皿,D 前3个仍<90%,175820959.87,23,0.5891262262280129,0.7095973569490671,0.822463907584854,个,0.5891262262280129,千克,0.12047113072105423,套,0.11286655063578689,箱,0.05642108282957126,盒,0.04092785544636213
105010405,热固性树脂装饰层压板,D 前3个仍<90%,175810702.8,15,0.5608180687507041,0.7116640303880294,0.8511507186808197,个,0.5608180687507041,千克,0.1508459616373253,立方米,0.13948668829279032,平方米,0.09235449691860284,千米,0.01590689306999346
101011999,其他种子、种苗,A 首要单位>=90%,175687909.9,14,0.9204196749909653,0.9597876016965468,0.9868981441505554,OTHER,0.9204196749909653,平方米,0.03936792670558146,千克,0.02711054245400867,袋,0.010804427869171207,UNKNOWN,0.001153458425883408
108010603,建筑陶瓷装饰物,D 前3个仍<90%,175398567.07,17,0.33484587679989875,0.6680916681789857,0.8506163786415477,箱,0.33484587679989875,个,0.3332457913790869,平方米,0.182524710462562,千克,0.09966040767610018,套,0.020941727810889578
109024308,口腔治疗用器械,D 前3个仍<90%,175241486.2999999,15,0.6779938427171401,0.8247888635945682,0.896544111484177,套,0.6779938427171401,个,0.14679502087742802,盒,0.07175524788960883,OTHER,0.054689573127638474,袋,0.017811722759851996
102051000,滑石,A 首要单位>=90%,174897008.9,16,0.9287779625944191,0.952552309200755,0.9705144511479407,千克,0.9287779625944191,立方米,0.023774346606335813,包,0.017962141947185695,套,0.0077258839845145,个,0.0074122484892879155
107020116,氯氧化物及氢氧基氯化物,A 首要单位>=90%,174649184.14999998,15,0.965244909505064,0.9910401751510273,0.9939276221921018,千克,0.965244909505064,UNKNOWN,0.025795265645963225,批,0.002887447041074541,个,0.002449214876564312,卷,0.0011597191305860448
102050305,煅烧白云石,A 首要单位>=90%,174301485.10999998,6,0.999602596902968,0.9998029887698414,0.9999378385675076,千克,0.999602596902968,瓶,0.00020039186687340556,千米,0.00013484979766619043,个,4.8334814787625995e-05,包,1.2621808693205345e-05
109050203,光交换机,B 前2个>=90%,174160426.28,11,0.5340639889136587,0.987691734765545,0.994112129879888,个,0.5340639889136587,套,0.4536277458518862,UNKNOWN,0.0064203951143429645,OTHER,0.0018983417017392017,项,0.0011926733554616562
109021403,糕点、米面食品类加工专用机械,D 前3个仍<90%,173767070.18,17,0.45559851056930567,0.5691849681734675,0.651670104771286,个,0.45559851056930567,套,0.11358645760416192,箱,0.08248513659781842,盒,0.07910411964569154,袋,0.07801647087654194
109013305,喷枪及类似器具零件,C 前3个>=90%,173550157.9799999,20,0.6538637687271782,0.8965439254623488,0.9564730849690696,个,0.6538637687271782,套,0.24268015673517063,千克,0.05992915950672075,OTHER,0.01740261469740669,UNKNOWN,0.008966972477082622
109011003,钎焊机械,B 前2个>=90%,172901869.10000008,15,0.797399968245919,0.9506214022760962,0.9979107811160153,个,0.797399968245919,千克,0.1532214340301772,套,0.04728937883991908,UNKNOWN,0.0011579509871244066,OTHER,0.0003512920960089261
301050302,无运输工具承运水路货物运输服务,C 前3个>=90%,172801292.63,10,0.7867910012172922,0.8966447743638039,0.9334349120024866,千克,0.7867910012172922,立方米,0.10985377314651168,OTHER,0.03679013763868278,箱,0.024955739244576277,UNKNOWN,0.018205095761267744
101020399,其他竹材采伐产品,D 前3个仍<90%,172785683.42,25,0.45253589413386125,0.7201990598232401,0.8153925055673458,个,0.45253589413386125,千克,0.2676631656893788,立方米,0.09519344574410574,套,0.03766219226729497,箱,0.035963646391323226
109021300,非金属相关成型、加工机械,B 前2个>=90%,172230019.9300001,16,0.6207513519039981,0.9306630902391257,0.9830599052291477,个,0.6207513519039981,套,0.3099117383351276,千克,0.052396814990021905,UNKNOWN,0.003481075716322131,副,0.0034376799134125235
105010904,竹编结制品，相关竹制品,D 前3个仍<90%,172193401.8799999,20,0.638908654970816,0.7271796716535139,0.8102931586033427,个,0.638908654970816,千克,0.08827101668269804,套,0.08311348694982881,OTHER,0.08221497522806255,包,0.02856726962992506
107022102,焊接辅助剂,D 前3个仍<90%,171350379.04000002,19,0.5794147716289755,0.657239095244198,0.733797807419195,千克,0.5794147716289755,OTHER,0.0778243236152225,立方米,0.07655871217499699,瓶,0.07565912665401017,个,0.07206564478691567
307010200,体育服务,C 前3个>=90%,171235704.6,20,0.7837896816760026,0.871537364410156,0.9162975939890519,UNKNOWN,0.7837896816760026,套,0.08774768273415333,次,0.044760229578895895,个,0.030029109653338035,项,0.0277848017217783
104020502,帽子附件,D 前3个仍<90%,171196591.74999994,17,0.4930576795784835,0.6868471013237911,0.8233661453718746,个,0.4930576795784835,OTHER,0.19378942174530767,千米,0.13651904404808343,批,0.1033059566152257,套,0.04130927016542082
109025205,洗衣店用洗衣机械,A 首要单位>=90%,170445393.1,19,0.9124502714412174,0.9690605343794416,0.9826015281136982,个,0.9124502714412174,套,0.05661026293822429,项,0.013540993734256582,UNKNOWN,0.0068213113822200465,桶,0.002952491650535552
109012199,其他气动装置,B 前2个>=90%,169076449.08,18,0.7298749423795268,0.9189793342920376,0.9429932988748807,个,0.7298749423795268,套,0.1891043919125108,OTHER,0.024013964582843127,千克,0.015990900593853417,项,0.01392050763312612
107030112,泌尿系统用药,A 首要单位>=90%,168633781.33,10,0.9152841887471895,0.9905941030469094,0.9936834772274036,千克,0.9152841887471895,盒,0.07530991429971985,袋,0.003089374180494159,瓶,0.002481565595573542,包,0.0021690997919580363
108011202,石英玻璃制仪器和器皿,B 前2个>=90%,168237046.8,15,0.55438224145052,0.9738525867894633,0.9839464493619487,千克,0.55438224145052,个,0.41947034533894334,套,0.010093862572485431,盒,0.005804792752698271,UNKNOWN,0.004322897505830445
104019903,成匹编带、装饰带及类似品,C 前3个>=90%,168061996.1800001,17,0.6801690107712967,0.83554685676589,0.9251962088648804,千米,0.6801690107712967,个,0.15537784599459334,千克,0.08964935209899036,OTHER,0.05008968690925135,副,0.005993332001847697
101050100,淡水鱼,B 前2个>=90%,168012942.3999999,16,0.868779237866618,0.9138977780321286,0.9361520800316632,千克,0.868779237866618,个,0.04511854016551052,批,0.022254301999534546,UNKNOWN,0.02145253650411637,OTHER,0.017983994190199953
107020204,无环烃不饱和氯化衍生物,A 首要单位>=90%,167936259.19,7,0.9317714112767239,0.9739141497427086,0.994981024859876,千克,0.9317714112767239,个,0.042142738465984764,瓶,0.021066875117167483,桶,0.004441756673620235,OTHER,0.00030966272710150156
102050509,冰晶石,A 首要单位>=90%,167728204.95,4,0.9993675962249068,0.999937075281983,0.999999402306845,千克,0.9993675962249068,千瓦时,0.0005694790570761427,个,6.232702486213545e-05,包,5.976931550056514e-07,,
107030106,中枢神经系统用药,C 前3个>=90%,167628392.92,12,0.6921946748924306,0.8255425159748648,0.9409837226398676,千克,0.6921946748924306,瓶,0.13334784108243422,盒,0.11544120666500274,个,0.050570961770454226,袋,0.006529276758754957
109021002,木质板材挤压加工机械,D 前3个仍<90%,167520963.64,14,0.49942053222539595,0.6484292923089586,0.7810501169344872,个,0.49942053222539595,立方米,0.1490087600835627,平方米,0.13262082462552865,千克,0.09461099868109618,套,0.08175533868962169
103011001,冷冻蔬菜,B 前2个>=90%,166542890.6199999,20,0.8724341060077128,0.9120659657972736,0.9502822793024968,千克,0.8724341060077128,箱,0.03963185978956083,个,0.03821631350522313,OTHER,0.020072562374503132,套,0.010102656701444017
101040400,海水贝类,D 前3个仍<90%,166405390.25,14,0.7433032004202159,0.8217207465729914,0.8799614877259061,千克,0.7433032004202159,个,0.07841754615277553,箱,0.058240741152914666,袋,0.0389699303024831,UNKNOWN,0.023604495047299105
108031202,单一稀土金属,A 首要单位>=90%,166346923.64999998,7,0.9921802870082714,0.999419119344802,0.9998465393321389,千克,0.9921802870082714,个,0.00723883233653056,UNKNOWN,0.00042741998733680824,批,0.00012909165693488918,套,1.3020980204944116e-05
103020902,雪糕类,D 前3个仍<90%,165486661.71999994,14,0.4763851262731241,0.7118793213034063,0.8586259222535726,个,0.4763851262731241,箱,0.23549419503028213,UNKNOWN,0.14674660095016634,OTHER,0.07828068863893452,盒,0.03883490024636408
101010999,其他饲料作物,A 首要单位>=90%,165368969.20000002,13,0.9072932912736569,0.9440719117090559,0.96813144554571,千克,0.9072932912736569,批,0.036778620435399076,个,0.02405953383665404,袋,0.0145180583855269,箱,0.007915469306801483
107030113,血液系统用药,C 前3个>=90%,165217725.46,10,0.6370432221298297,0.8819791043260619,0.9312784747012579,千克,0.6370432221298297,OTHER,0.24493588219623225,盒,0.04929937037519605,瓶,0.03264912112172834,个,0.021207307873562828
301020202,国际水路货物运输服务,C 前3个>=90%,165070750.25000003,11,0.5949951232501894,0.7987586657860967,0.9029987148192535,千克,0.5949951232501894,UNKNOWN,0.20376354253590725,票,0.10424004903315691,OTHER,0.05765927243672898,项,0.023012470981363334
104010301,麻纤维原料,B 前2个>=90%,165058953.23,16,0.8724096286333877,0.9456326097773351,0.9608837858616293,千克,0.8724096286333877,个,0.07322298114394749,千米,0.015251176084294136,套,0.013413653101960849,卷,0.010696480229944327
107020229,亚磷酸酯,A 首要单位>=90%,164599355.77,6,0.9999029321231224,0.9999560192081789,0.999996177324042,千克,0.9999029321231224,瓶,5.30870850564569e-05,OTHER,4.015811586308009e-05,包,3.4629540154244553e-06,UNKNOWN,2.366959446332224e-07
109061101,气象观测仪器,C 前3个>=90%,163906744.36999997,12,0.5675924526326432,0.8860176240958912,0.9873111879075266,套,0.5675924526326432,个,0.31842517146324806,UNKNOWN,0.10129356381163537,OTHER,0.0075564849070768,立方米,0.003547797878818915
103020705,食品用酶制剂,A 首要单位>=90%,163878095.10000008,15,0.9715584719412571,0.9842517200457745,0.9910981142469969,千克,0.9715584719412571,袋,0.012693248104517411,箱,0.006846394201222317,盒,0.0021120024600530026,包,0.0021118227533021886
107021414,增炭剂,A 首要单位>=90%,163722558.32000002,13,0.9856522013575629,0.994504014845399,0.9983700201564256,千克,0.9856522013575629,个,0.008851813487836048,UNKNOWN,0.003866005311026708,OTHER,0.0007787534064230715,套,0.0007640303284017239
304010300,合同能源管理服务,D 前3个仍<90%,163684249.31,15,0.31126222605272613,0.5653126746163162,0.6898786758409333,UNKNOWN,0.31126222605272613,次,0.25405044856359005,瓦,0.12456600122461714,项,0.11768970100181228,月,0.05536598248275278
101030303,天然蜂蜜及副产品,D 前3个仍<90%,163633774.54999995,14,0.4961612343984154,0.776855709034306,0.8572397334581929,千克,0.4961612343984154,瓶,0.28069447463589053,OTHER,0.08038402442388697,个,0.042625372782491795,盒,0.035476582911837515
109022204,印刷包装机械,B 前2个>=90%,163373057.98000002,17,0.8378817799123135,0.9330827660620862,0.9556649768967003,个,0.8378817799123135,套,0.09520098614977274,UNKNOWN,0.022582210834614137,OTHER,0.013862922491646439,令,0.01059038749346179
109020501,玻璃制品制造机械,C 前3个>=90%,162995968.2,15,0.6703688727191475,0.8998834041098693,0.9502500560624297,个,0.6703688727191475,套,0.22951453139072184,千米,0.05036665195256038,平方米,0.017591549973074737,千克,0.017558237001840147
103020703,柠檬酸及其盐和酸酯,A 首要单位>=90%,162591368.29999998,12,0.9923984796184289,0.9943377584577472,0.9958708450084433,千克,0.9923984796184289,个,0.001939278839318311,瓶,0.001533086550696062,桶,0.0009357569936878379,箱,0.000725119612638133
109024207,医用高频仪器设备,C 前3个>=90%,162093398.36000004,13,0.5495870736953066,0.7704044789205688,0.9732863610497997,个,0.5495870736953066,套,0.22081740522526233,盒,0.2028818821292309,OTHER,0.014234175625559384,UNKNOWN,0.007103265226402522
109025504,自来水生产专用设备,C 前3个>=90%,161482368.98,18,0.6892328092721048,0.8331140839695155,0.9488711933559597,套,0.6892328092721048,个,0.14388127469741063,UNKNOWN,0.11575710938644418,立方米,0.02157860193660877,千克,0.015869990366052897
103010902,干制水产品,D 前3个仍<90%,161373879.10000002,15,0.4479649203648597,0.6572041653920928,0.769784264732346,千克,0.4479649203648597,袋,0.20923924502723318,箱,0.11258009934025312,包,0.05834051484977902,个,0.053479784573140364
109010604,剪切机床,B 前2个>=90%,161192004.57999998,9,0.7111054515307028,0.9939196398571148,0.9982675695315806,套,0.7111054515307028,个,0.28281418832641203,千克,0.004347929674465744,UNKNOWN,0.0006308005180836123,OTHER,0.0006278351104553278
108041299,其他金属制绳、缆,D 前3个仍<90%,161017752.0,15,0.4792931223508822,0.7705829045483135,0.8733735028172547,千米,0.4792931223508822,千克,0.29128978219743124,个,0.10279059826894119,平方米,0.034897231082942945,套,0.02820714171938011
107020227,醌基化合物,A 首要单位>=90%,160878054.78,10,0.9919293539956363,0.9953817202662225,0.9974491505969462,千克,0.9919293539956363,OTHER,0.0034523662705862558,桶,0.002067430330723694,盒,0.0016340294539207753,瓶,0.0006190480742459907
106040101,文具盒（袋）,D 前3个仍<90%,160854894.0399999,19,0.7746683946651524,0.8253277769527291,0.8718184740784278,个,0.7746683946651524,套,0.05065938228757671,袋,0.0464906971256988,OTHER,0.0308679231653672,千克,0.026429949336467213
107050502,未硫化橡胶制品,B 前2个>=90%,159909641.87,18,0.6473686687645634,0.9286123756735045,0.9538144358049147,千克,0.6473686687645634,个,0.281243706908941,千米,0.025202060131410135,箱,0.0106533876261504,套,0.008232852344640173
109042105,电热器具零件,C 前3个>=90%,159662836.71999997,16,0.6026823372100737,0.8771178205708131,0.9487405782827681,个,0.6026823372100737,千克,0.2744354833607394,UNKNOWN,0.07162275771195506,套,0.043889948117915425,OTHER,0.0024915141066773347
109042505,电气音响或视觉信号装置,B 前2个>=90%,159466816.44,14,0.8355037776786007,0.9436973836285358,0.9863158663431332,个,0.8355037776786007,套,0.10819360594993514,批,0.0426184827145973,千克,0.004803811959764235,OTHER,0.0023974294999727784
107050701,初级形状再生橡胶,A 首要单位>=90%,159341959.79,17,0.9411810084277112,0.9927771798368943,0.9944693144156038,千克,0.9411810084277112,个,0.05159617140918309,平方米,0.0016921345787095142,批,0.0015921732124693105,千米,0.0013731598399339608
108040407,钻孔或攻丝工具,B 前2个>=90%,159048465.0000002,19,0.7941749322132725,0.9178622274663262,0.9474237791606477,个,0.7941749322132725,套,0.12368729525305362,UNKNOWN,0.029561551694321564,千克,0.023887472475763883,批,0.009286061893146834
109042603,电气空间加热器具装置,B 前2个>=90%,158904133.41,15,0.7352336439767378,0.9488126093044214,0.9731145594622326,个,0.7352336439767378,套,0.21357896532768356,千米,0.02430195015781119,千克,0.010352861594577448,OTHER,0.007323836422789752
109020407,非金属矿物混合搅拌机械,C 前3个>=90%,158860717.43,15,0.4848865833930409,0.7809858338621001,0.9831258557598974,套,0.4848865833930409,个,0.29609925046905916,千克,0.20214002189779734,立方米,0.008204567378806656,OTHER,0.006207137207689495
109012201,真空镀膜设备,B 前2个>=90%,158689781.70999998,17,0.7373469528355053,0.9678306381482765,0.9809251348928584,个,0.7373469528355053,套,0.23048368531277122,批,0.013094496744581857,千克,0.005972028191026744,卷,0.003235394204135112
109040605,接地开关,B 前2个>=90%,158671716.8199999,19,0.7079728819436364,0.9065260351545491,0.9413245585502702,个,0.7079728819436364,套,0.19855315321091274,UNKNOWN,0.0347985233957211,千米,0.0312549326331793,OTHER,0.013890683759981778
108012502,云母制品,B 前2个>=90%,158615470.89000002,14,0.8814012278597598,0.9865690269174473,0.9905589472981577,千克,0.8814012278597598,个,0.10516779905768749,批,0.003989920380710474,套,0.002339572287102769,OTHER,0.0014619316684487383
105020206,软体家具零配件,C 前3个>=90%,158116806.39000002,18,0.7756463665696479,0.8593992957638814,0.9070303008540291,个,0.7756463665696479,套,0.08375292919423351,平方米,0.04763100509014777,千克,0.026572762920828424,UNKNOWN,0.021757581743173732
106010303,油印蜡纸或胶印版纸,D 前3个仍<90%,158014905.31000003,21,0.5309132402757631,0.7126083402011437,0.810335594979448,千克,0.5309132402757631,个,0.1816950999253806,令,0.09772725477830428,OTHER,0.0625993611209917,卷,0.033917926599933354
108010303,水泥混凝土压力管,D 前3个仍<90%,156784227.98000002,19,0.5364267862500081,0.7558018000070519,0.8545701830868561,千米,0.5364267862500081,千克,0.21937501375704388,个,0.0987683830798042,UNKNOWN,0.0771383083988701,OTHER,0.03179731076416657
104010508,毛巾被,C 前3个>=90%,156208643.89,14,0.451104372493122,0.897742849549041,0.9495312637401068,个,0.451104372493122,OTHER,0.446638477055919,UNKNOWN,0.051788414191065675,千克,0.031492766261156484,套,0.008036978740331858
109061602,通信测量仪器,B 前2个>=90%,155958619.07,13,0.8561952338143385,0.9934709877782198,0.9955874947206919,个,0.8561952338143385,套,0.13727575396388134,月,0.0021165069424719934,千克,0.0021119448348806157,卷,0.0008589879853954774
109012204,真空炉,B 前2个>=90%,155805904.18,12,0.7021147643007118,0.9286289804707708,0.9703969133629786,个,0.7021147643007118,套,0.22651421617005896,千克,0.041767932892207815,次,0.010513080416436886,平方米,0.008222095027413228
109021701,烟草加工机械,B 前2个>=90%,155650302.18,13,0.5733511062946527,0.9523740002031778,0.9765009446254067,套,0.5733511062946527,个,0.3790228939085251,项,0.024126944422228937,批,0.012030975422292624,千克,0.009858266951679361
101030102,牛,B 前2个>=90%,154265947.59,13,0.7936193646272737,0.954949864901679,0.9761137946671591,千克,0.7936193646272737,个,0.16133050027440538,批,0.02116392976548014,箱,0.010936255708770317,UNKNOWN,0.00423666914319312
104011302,针织或钩编相关床上制品,D 前3个仍<90%,154239250.22000042,14,0.36548247666916256,0.6051951536126975,0.785417547136726,个,0.36548247666916256,OTHER,0.2397126769435349,批,0.1802223935240284,千克,0.13126095757806483,套,0.05192506225605002
109020204,固井压裂设备,B 前2个>=90%,153889907.9500002,10,0.8919938736632406,0.9513935725893714,0.9694577966637871,套,0.8919938736632406,个,0.05939969892613083,UNKNOWN,0.018064224074415637,立方米,0.016632502768353215,批,0.011618587364292447
109041902,电动脱毛器,A 首要单位>=90%,153514106.34,7,0.9190294539938239,0.9986354425336259,0.9995794338283349,个,0.9190294539938239,套,0.0796059885398021,UNKNOWN,0.0009439912947090541,盒,0.00033009350872139536,OTHER,8.058151980250129e-05
106040804,仿真模型及其附件,C 前3个>=90%,152098963.24999937,19,0.7530974498604932,0.8443963842074376,0.9039772177408314,个,0.7530974498604932,套,0.09129893434694439,盒,0.05958083353339378,UNKNOWN,0.04827042908854298,OTHER,0.02621393719460487
105010202,木丝、木粉,B 前2个>=90%,152055743.96,15,0.8820738546074455,0.9327971016820771,0.9698073271654394,千克,0.8820738546074455,个,0.050723247074631585,立方米,0.03701022548336227,平方米,0.011465923315982307,套,0.007009717766928876
109011106,汽车举升机,B 前2个>=90%,151683391.33,11,0.7668517877276286,0.9859496375225195,0.9954755690522046,个,0.7668517877276286,套,0.21909784979489091,批,0.00952593152968503,UNKNOWN,0.0040566658261305625,OTHER,0.00018934175817256893
108031108,钌,A 首要单位>=90%,151485899.4,3,0.9998974882806815,0.9999975089430666,0.9999999999999999,千克,0.9998974882806815,OTHER,0.00010002066238516189,个,2.4910569333161314e-06,,,,
109022201,印前设备,D 前3个仍<90%,151069079.65999997,23,0.6473840184908158,0.7629594334552523,0.8638154773544476,个,0.6473840184908158,套,0.11557541496443643,千米,0.10085604389919538,OTHER,0.07615571178359558,平方米,0.02195892354322959
109022801,化学纺织纤维加工专用机械,B 前2个>=90%,150607279.85999998,14,0.8381066120265563,0.9689932930576735,0.9809245053581039,个,0.8381066120265563,套,0.13088668103111706,批,0.011931212300430429,千米,0.010067289452471493,千克,0.005336228970784627
109060311,自动测试系统与虚拟仪器,B 前2个>=90%,150301994.4500001,11,0.6859156355659393,0.9867054839337828,0.991329507736948,个,0.6859156355659393,套,0.30078984836784356,批,0.004624023803165171,UNKNOWN,0.00415156340595053,项,0.0024217908839598884
107060302,石化、酿造用纤维增强塑料制品,D 前3个仍<90%,150001209.29000005,21,0.4047585804633081,0.6509462720478846,0.8708166601341405,千克,0.4047585804633081,个,0.24618769158457648,千米,0.21987038808625592,UNKNOWN,0.04215992697614603,OTHER,0.03947939211977269
104010505,床罩,C 前3个>=90%,149742327.96,11,0.7520161935113006,0.8600750687167291,0.9417185478622232,个,0.7520161935113006,套,0.10805887520542858,OTHER,0.08164347914549411,千米,0.04815281676351467,UNKNOWN,0.007539791289351341
109010603,弯曲、折叠、矫直或矫平机床,B 前2个>=90%,148764343.01,17,0.8104526363007262,0.9254022112728046,0.9564108045059957,个,0.8104526363007262,套,0.11494957497207853,千米,0.031008593233191065,UNKNOWN,0.028134605479477392,千克,0.006742742714445844
107030802,牙科粘固剂、牙科填料,D 前3个仍<90%,148220426.35999998,16,0.3230707326647039,0.6367537683420815,0.7973258403869565,个,0.3230707326647039,盒,0.31368303567737765,套,0.16057207204487495,袋,0.06489329916403304,瓶,0.05234856274906752
107030601,酶类生化制剂,D 前3个仍<90%,148154990.13000003,14,0.49820149982956236,0.6943565930498437,0.8424371482896605,盒,0.49820149982956236,瓶,0.1961550932202813,个,0.14808055523981692,千克,0.045403570909744825,OTHER,0.045026559983882726
104010502,被面,D 前3个仍<90%,147606043.52999997,11,0.5297963506765637,0.6845660297063855,0.810448814554714,个,0.5297963506765637,OTHER,0.15476967902982172,套,0.12588278484832852,千米,0.09583777270694793,千克,0.07779572255566983
105020108,石头、陶瓷制家具,D 前3个仍<90%,146291709.9,16,0.3413787547779561,0.5744213660325808,0.762357875892187,千克,0.3413787547779561,套,0.2330426112546246,个,0.1879365098596062,OTHER,0.06262065646961175,UNKNOWN,0.04839992132732602
109012802,制氮设备,C 前3个>=90%,145930984.69,14,0.7336710067258028,0.8463934539493582,0.9039888079302455,套,0.7336710067258028,个,0.11272244722355543,桶,0.05759535398088734,批,0.049836355078733074,瓶,0.02310330199691329
109012899,其他气体分离及液化设备,C 前3个>=90%,145422391.53,20,0.47266710481666074,0.8758475348944084,0.962061583694545,个,0.47266710481666074,套,0.4031804300777476,千克,0.08621404880013665,瓶,0.008575974764812755,立方米,0.005669923395737185
106051105,养生美体美容仪,B 前2个>=90%,144155899.48,7,0.8512177460140947,0.9751562286877002,0.9992237460943073,个,0.8512177460140947,UNKNOWN,0.12393848267360554,套,0.024067517406607078,OTHER,0.0007143861636705873,瓶,4.1548074144762706e-05
104030604,人造毛皮,A 首要单位>=90%,143985706.93,9,0.9397211677113234,0.9653262114938452,0.9835450230407116,千米,0.9397211677113234,个,0.02560504378252178,千克,0.018218811546866363,平方米,0.0076773816899577164,OTHER,0.0075210292263694755
104019904,网眼薄纱，相关网眼织物,D 前3个仍<90%,143682817.38000003,16,0.3311198144463891,0.6283575901857779,0.8065289361184991,千米,0.3311198144463891,个,0.29723777573938875,千克,0.17817134593272127,平方米,0.1419002409040874,OTHER,0.02266334283651976
109013505,衡器零配件,B 前2个>=90%,143418362.46,20,0.7505804883250093,0.9709611062449442,0.9822535165208718,个,0.7505804883250093,套,0.22038061791993493,批,0.011292410275927508,OTHER,0.003842629985080922,UNKNOWN,0.0037436323410103447
106040402,专用墨水,D 前3个仍<90%,143003959.7,16,0.47887466531459977,0.733789516598959,0.8538544894571896,千克,0.47887466531459977,瓶,0.2549148512843592,立方米,0.12006497285823059,个,0.0652189458918878,桶,0.04208995577903568
109010507,螺纹加工机床,B 前2个>=90%,142607873.53,8,0.893293958858458,0.9791494486496604,0.9904622538270029,千克,0.893293958858458,个,0.08585548979120235,OTHER,0.011312805177342582,套,0.007911035148859918,批,0.0008268056810705885
104010808,野营用织物制品,C 前3个>=90%,142401908.89000002,15,0.7185667691367982,0.8690962316074048,0.9272605861765425,个,0.7185667691367982,千克,0.1505294624706066,套,0.05816435456913769,批,0.03537375284688853,UNKNOWN,0.01751888601386009
109011105,千斤顶,B 前2个>=90%,141845420.74,16,0.8304576655732792,0.9452475113438054,0.9795106625590174,个,0.8304576655732792,套,0.11478984577052621,千克,0.034263151215212076,OTHER,0.01136984875215789,UNKNOWN,0.003506516089170719
108041203,铝制绞股线、缆、编带,B 前2个>=90%,141491563.89,14,0.47574752451200714,0.9006434644334753,0.9497346543181248,千米,0.47574752451200714,千克,0.4248959399214681,卷,0.049091189884649465,个,0.04511449597774307,UNKNOWN,0.003448304454245156
102020400,煤层气,C 前3个>=90%,140599422.58,10,0.704302448565575,0.871904248754988,0.9504004843545353,立方米,0.704302448565575,千克,0.16760180018941295,UNKNOWN,0.07849623559954737,千瓦时,0.04184625990659599,平方米,0.004418619995729431
109024601,机械治疗器具,B 前2个>=90%,139878946.95999998,16,0.7126921525832451,0.9076071114283143,0.9653758019683621,个,0.7126921525832451,套,0.19491495884506918,盒,0.05776869054004781,瓶,0.009060757873466338,批,0.004394401826429078
103021202,饮料用原料,D 前3个仍<90%,137925662.67999998,17,0.5741613648341255,0.7165317811761411,0.8585678433515431,千克,0.5741613648341255,批,0.1423704163420156,箱,0.142036062175402,瓶,0.06073896160598097,包,0.021743787136684
105020207,玻璃家具零配件,D 前3个仍<90%,137703830.14,17,0.4135471119583486,0.7547531502524987,0.8737417808035994,个,0.4135471119583486,平方米,0.34120603829415014,千克,0.11898863055110082,套,0.06389059368250918,OTHER,0.024816276980282406
101010402,绿豆,B 前2个>=90%,135669454.93,15,0.8727697495438003,0.9431647356143763,0.9686465486118836,千克,0.8727697495438003,袋,0.07039498607057605,个,0.02548181299750727,OTHER,0.012835301364617939,包,0.008661726109287612
304020202,电路测试服务,D 前3个仍<90%,135559119.3,19,0.28971876781734157,0.5212190068425739,0.6840407411823602,次,0.28971876781734157,UNKNOWN,0.23150023902523242,项,0.1628217343397863,个,0.1061003509337494,OTHER,0.07399955548398136
109061907,偏振材料制片及板,B 前2个>=90%,135517825.67,5,0.7797293642927146,0.9183568879201013,0.9996542790605711,个,0.7797293642927146,平方米,0.13862752362738673,千克,0.08129739114046988,批,0.00033774892545470107,UNKNOWN,7.972013974241031e-06
101010107,燕麦,D 前3个仍<90%,135389355.73000002,22,0.7674685305927336,0.8244022292460612,0.8788718872205538,千克,0.7674685305927336,立方米,0.05693369865332765,个,0.05446965797449252,套,0.043620003863356877,袋,0.014941234036404849
109023302,电解设备及装置,B 前2个>=90%,135137609.42,12,0.774883580073915,0.9562093694316589,0.9793776047840347,千克,0.774883580073915,个,0.18132578935774388,套,0.023168235352375825,卷,0.013649916614012575,OTHER,0.006333727773293921
109050702,无线电导航设备,B 前2个>=90%,134965981.20999998,11,0.7278393197998073,0.9227340162572214,0.9567701128262703,个,0.7278393197998073,套,0.1948946964574141,UNKNOWN,0.03403609656904891,箱,0.023571754685722857,批,0.008849192880253801
108032299,其他贵金属压延加工材,B 前2个>=90%,134736859.7999999,10,0.7654790266234184,0.9163690458073153,0.9700781274256773,千克,0.7654790266234184,个,0.15089001918389683,套,0.05370908161836207,UNKNOWN,0.013379857617848398,OTHER,0.008051746208204274
109022004,烟草加工及制作机械零件,B 前2个>=90%,134713069.86000007,8,0.6200638069996398,0.9824488951780466,0.9955283679554922,个,0.6200638069996398,套,0.3623850881784068,千米,0.013079472777445611,UNKNOWN,0.00293766232490487,项,0.0008708167672365738
103010802,熏肉制品,D 前3个仍<90%,134686822.34999996,14,0.4282608522020715,0.6726010354197061,0.8325797383399327,千克,0.4282608522020715,袋,0.24434018321763457,个,0.15997870292022667,OTHER,0.0524242827680016,盒,0.03511590271028471
109020814,橡胶专用生产设备零件,C 前3个>=90%,134006435.14999999,18,0.7553635085262546,0.8700968657175715,0.9281197313456032,个,0.7553635085262546,套,0.11473335719131694,千克,0.058022865628031745,项,0.03910702492857113,UNKNOWN,0.012998378906581936
108011101,光学元件毛坯,B 前2个>=90%,133995156.67999999,13,0.7660482201243694,0.9309223329459224,0.9556550066642304,个,0.7660482201243694,千克,0.16487411282155306,套,0.024732673718308004,平方米,0.02010575581051666,UNKNOWN,0.015112554439829624
102050601,海盐,A 首要单位>=90%,133995098.82000001,16,0.9300805153135824,0.9778238907529617,0.9885281916015083,千克,0.9300805153135824,UNKNOWN,0.047743375439379364,个,0.010704300848546514,袋,0.006308976577834506,桶,0.0017585966358108916
109062104,银幕,D 前3个仍<90%,133965752.98,13,0.4162132766000596,0.6889150505038275,0.7928445696554766,个,0.4162132766000596,OTHER,0.27270177390376793,套,0.10392951915164907,副,0.06718206392154293,平方米,0.060403915478369145
104011004,涂胶或淀粉纺织物,D 前3个仍<90%,133048421.44999999,20,0.40575955995305035,0.6853943630159469,0.8977216105858579,千米,0.40575955995305035,千克,0.2796348030628965,平方米,0.21232724756991098,个,0.050196915357690636,卷,0.02379338962085822
501010200,取得的住宅,B 前2个>=90%,132616494.80000001,11,0.5558270789856526,0.9235303273903148,0.9855769326215066,UNKNOWN,0.5558270789856526,平方米,0.36770324840466223,月,0.06204660523119179,个,0.004685548512929027,OTHER,0.004236306960512425
104030401,皮革手套,D 前3个仍<90%,132386380.24000004,19,0.6016954656936245,0.8147760695205485,0.865588443782954,个,0.6016954656936245,副,0.21308060382692393,OTHER,0.05081237426240545,批,0.03308814722525718,平方米,0.029469008843110878
110030103,淡化水,A 首要单位>=90%,132066879.36999999,18,0.9071115765851385,0.959414697193053,0.9743860576085633,千克,0.9071115765851385,立方米,0.05230312060791446,桶,0.014971360415510363,个,0.00827494861098572,UNKNOWN,0.008169752061583825
109021101,金属铸造用型箱、型模底板,D 前3个仍<90%,130932192.93000002,14,0.32736324857031485,0.6347896442430723,0.8472256085965488,个,0.32736324857031485,套,0.3074263956727574,千克,0.21243596435347656,副,0.07544837750698474,OTHER,0.03291752726011567
104010606,安全用织物制品,D 前3个仍<90%,130806132.19999994,18,0.6745376587933389,0.7342540891978151,0.7915406637946596,个,0.6745376587933389,OTHER,0.059716430404476106,平方米,0.05728657459684449,千米,0.041713091872920646,套,0.03874429764692638
301020101,国内水路旅客运输服务,B 前2个>=90%,130795405.0600001,10,0.8662928767873951,0.9831058861052011,0.9893520468141742,千克,0.8662928767873951,UNKNOWN,0.11681300931780597,批,0.0062461607089731455,个,0.004018330840895364,箱,0.00225879494669153
108031299,其他稀土金属,A 首要单位>=90%,130777275.02,3,0.9515090882645308,0.9990849497362466,1.0,千克,0.9515090882645308,个,0.0475758614717158,OTHER,0.0009150502637533853,,,,
108041304,镍丝制品,A 首要单位>=90%,130246544.23,8,0.981603470908458,0.9922904612484242,0.9954653960034667,个,0.981603470908458,千克,0.010686990339966274,平方米,0.0031749347550424447,千米,0.0017427525723766376,套,0.0015739995345901855
101010201,马铃薯,A 首要单位>=90%,130226732.98,19,0.9189517046271831,0.9508356568310495,0.9705658929446638,千克,0.9189517046271831,个,0.03188395220386646,立方米,0.01973023611361428,套,0.009199543769434736,箱,0.005312953063993851
109060504,质谱仪器,B 前2个>=90%,130138507.11999999,10,0.577764634495678,0.985683128681644,0.995428939418742,套,0.577764634495678,个,0.40791849418596593,UNKNOWN,0.009745810737097996,瓶,0.002129346694783262,OTHER,0.001936628946938853
307020200,医疗服务,D 前3个仍<90%,129924993.57,24,0.32487396843517113,0.4618377503145409,0.5824302890515817,UNKNOWN,0.32487396843517113,个,0.13696378187936978,次,0.12059253873704079,千克,0.09211747025064718,套,0.08983049819211164
104011002,纺织材料制传输带,D 前3个仍<90%,129308842.05000001,18,0.5570544831122012,0.7162015737035982,0.8383495993111014,平方米,0.5570544831122012,个,0.159147090591397,千米,0.12214802560750329,千克,0.09466555083113899,OTHER,0.029944105744159354
109024802,病床及相关医用家具,B 前2个>=90%,129204486.30000001,20,0.7204686486958309,0.9078225149833671,0.9648698217841991,个,0.7204686486958309,套,0.18735386628753617,批,0.05704730680083203,OTHER,0.011076785806624113,盒,0.007768517787141265
104010603,餐桌、盥洗及厨房用织物制品,D 前3个仍<90%,128997578.38000008,20,0.5384126216338981,0.7332634863218896,0.8507939426327703,个,0.5384126216338981,包,0.19485086468799154,箱,0.11753045631088063,套,0.05191719894362252,批,0.028179390308334544
101011700,香料原料,C 前3个>=90%,128842381.52999993,18,0.5941808894783163,0.8172096543052777,0.9083812771867196,千克,0.5941808894783163,批,0.2230287648269614,袋,0.09117162288144183,箱,0.03440875438155216,个,0.02755555701346095
109051307,税控设备,A 首要单位>=90%,128432178.64999999,14,0.9241901241391112,0.9534082047591272,0.9741813798157508,个,0.9241901241391112,次,0.02921808062001602,UNKNOWN,0.020773175056623554,套,0.016722021401293113,千克,0.0051713831142737535
107050499,其他涂胶纺织物、带,D 前3个仍<90%,128385338.94000001,18,0.38939296513727,0.5804360414145587,0.7047640665752797,个,0.38939296513727,平方米,0.19104307627728873,卷,0.12432802516072096,千克,0.11327718102451424,千米,0.11147335878194316
107050104,橡胶实心或半实心轮胎,B 前2个>=90%,128263890.87000002,16,0.6465494812881627,0.9874594071714987,0.9914233209164459,个,0.6465494812881627,套,0.340909925883336,千克,0.0039639137449471945,UNKNOWN,0.0036976057468948035,OTHER,0.003117184402313461
101059900,其他淡水产品,C 前3个>=90%,127607058.55000007,15,0.4639379082372866,0.8932794258033621,0.9507179912971985,千克,0.4639379082372866,批,0.42934151756607547,UNKNOWN,0.05743856549383643,包,0.011723342321332734,OTHER,0.01025964758436162
107040309,PBT纤维,A 首要单位>=90%,127423294.13,9,0.9916005677980035,0.9970361153148758,0.9990497973637658,千克,0.9916005677980035,个,0.00543554751687222,千米,0.0020136820488899096,卷,0.0006630534124616419,OTHER,0.00015183644507150523
103020503,水产动物类罐头,D 前3个仍<90%,127258377.18999998,13,0.3716533313118227,0.6856795260693989,0.8115003582500108,罐,0.3716533313118227,箱,0.3140261947575761,千克,0.1258208321806119,OTHER,0.04914741935347797,袋,0.040830768667135794
104020302,毛皮服装附件,A 首要单位>=90%,127179195.6899999,13,0.9329808044959181,0.957295816186491,0.9679773449745113,个,0.9329808044959181,套,0.024315011690572846,千米,0.01068152878802029,OTHER,0.0060578427613108355,包,0.005880445036175088
109021200,硬质材料加工机床及其零件,D 前3个仍<90%,126602333.46000002,19,0.4724966460345683,0.6997124927242239,0.8545357115726578,个,0.4724966460345683,套,0.22721584668965553,UNKNOWN,0.154823218848434,千克,0.06147268290642451,批,0.03356315941319143
108040704,修饰用手工具,C 前3个>=90%,125605770.61999944,18,0.7459958388653836,0.8840682682163216,0.9415565568861597,个,0.7459958388653836,套,0.13807242935093803,千克,0.057488288669838114,瓶,0.016628411017188097,OTHER,0.013671980765878675
109042104,电动理发工具零件,B 前2个>=90%,125208939.34000005,12,0.7479241388324982,0.9150576108538098,0.9817427825676843,个,0.7479241388324982,副,0.16713347202131162,箱,0.06668517171387452,套,0.00994341854952734,袋,0.004746181248179877
101050200,淡水虾,B 前2个>=90%,124775686.98,11,0.708038305284272,0.9363396568493892,0.953850494520435,千克,0.708038305284272,个,0.22830135156511722,批,0.017510837671045776,OTHER,0.013282697375696708,袋,0.011394073832892471
107021416,石墨增碳剂,A 首要单位>=90%,124755591.42,11,0.9855643109098251,0.995656805247503,0.9974195639142439,千克,0.9855643109098251,UNKNOWN,0.01009249433767784,个,0.0017627586667409668,瓶,0.001252769500918294,批,0.0011633065768684567
109051306,密钥管理类设备,B 前2个>=90%,124503899.06,11,0.6522307926345836,0.981073091222112,0.9960123823932554,个,0.6522307926345836,套,0.32884229858752834,批,0.014939291171143504,UNKNOWN,0.002191442694244567,OTHER,0.0013073121502930705
109042302,荧光灯,C 前3个>=90%,124308287.89999992,16,0.7314895110867341,0.8872694957292546,0.9756159699308352,个,0.7314895110867341,套,0.15577998464252046,OTHER,0.08834647420158062,批,0.013837603180439277,千米,0.004752122726323868
102050403,硅质土,B 前2个>=90%,124307315.51,16,0.6170366577004042,0.9651613019536923,0.9782775008138378,千克,0.6170366577004042,个,0.34812464425328815,UNKNOWN,0.013116198860145426,平方米,0.008489552249361418,袋,0.0065330732681993225
106010206,纤维类过滤纸及纸板,D 前3个仍<90%,124111558.85,22,0.5147634485617454,0.8453718196127549,0.8952759141015334,千克,0.5147634485617454,个,0.33060837105100943,盒,0.04990409448877856,箱,0.026696166422375094,卷,0.018329265469539294
108040600,专用刀具及类似器具,B 前2个>=90%,123200305.3400001,19,0.8640349437952133,0.9061980771223956,0.9340083065738936,个,0.8640349437952133,套,0.04216313332718235,千克,0.027810229451497862,批,0.026131270138619916,千米,0.023305646135178628
109023899,其他畜牧机械,C 前3个>=90%,123191313.7,7,0.476256300122563,0.8511113545337572,0.9712001300786518,个,0.476256300122563,套,0.37485505441119427,OTHER,0.1200887755448946,UNKNOWN,0.01454651132598483,千米,0.008731624151841479
103021203,植物液汁及浸膏,B 前2个>=90%,122699324.92999999,16,0.8907437257079619,0.9342537146426663,0.9695294126342346,千克,0.8907437257079619,桶,0.043509988934704404,盒,0.0352756979915684,瓶,0.007941104326008945,箱,0.006290112357507329
109051005,网络检测设备,C 前3个>=90%,122586790.32000002,10,0.5946158864240015,0.8566283546202567,0.9412381357632728,个,0.5946158864240015,套,0.2620124681962551,千米,0.08460978114301605,UNKNOWN,0.050000401299355915,项,0.0056801815120727265
107021905,空气污染治理材料,D 前3个仍<90%,122528633.00999999,20,0.4237881226158959,0.6209516658346337,0.6980416526235103,千克,0.4237881226158959,个,0.19716354321873783,套,0.07708998678887652,瓶,0.07385350409696863,立方米,0.06919606374216253
108010706,PVC石英砂地板砖,D 前3个仍<90%,121978274.96999998,17,0.30901311974833545,0.6055137825827215,0.8839621620040032,千克,0.30901311974833545,个,0.2965006628343861,平方米,0.2784483794212817,OTHER,0.0341205976312062,UNKNOWN,0.031391400074658724
101030302,禽蛋,D 前3个仍<90%,121653390.15000002,14,0.6281748785280358,0.8369963971776746,0.8919030775567746,千克,0.6281748785280358,个,0.20882151864963877,盒,0.05490668037909999,箱,0.050447938873160944,UNKNOWN,0.02118760156886594
103020507,干果和坚果类罐头,D 前3个仍<90%,121623492.91999999,14,0.5880921329651942,0.8539754880113337,0.898884622742341,盒,0.5880921329651942,千克,0.2658833550461395,袋,0.04490913473100737,箱,0.03563267618740908,罐,0.02561908842767349
109023399,其他金属处理机械,C 前3个>=90%,121406465.02,17,0.559272016435159,0.7567607542552597,0.9334809610124994,个,0.559272016435159,千克,0.19748873782010065,套,0.17672020675723982,批,0.03499363917152293,OTHER,0.01682972187406499
103020501,畜肉类罐头,D 前3个仍<90%,121398282.04999998,14,0.5845464457295423,0.6734177913352111,0.7517202305417634,箱,0.5845464457295423,个,0.08887134560566874,OTHER,0.0783024392065523,盒,0.06615482430544001,罐,0.05100752123864179
302030100,邮册等邮品销售服务,B 前2个>=90%,119750034.49,10,0.7273257806641655,0.9285797667915144,0.9797697082066202,UNKNOWN,0.7273257806641655,个,0.20125398612734888,套,0.051189941415105814,平方米,0.008847477117749596,批,0.007272877237231434
109020504,玻璃、陶瓷制品专用设备零件,C 前3个>=90%,119743341.03000002,17,0.5581887447357456,0.8209245984323443,0.9252740400173216,个,0.5581887447357456,套,0.26273585369659863,平方米,0.10434944158497728,千克,0.042787932221770575,OTHER,0.01280078254719798
109012903,浓缩设备,C 前3个>=90%,119010341.59000002,16,0.44903902506309906,0.8461992919652455,0.9371791393074347,套,0.44903902506309906,个,0.3971602669021464,千克,0.09097984734218928,UNKNOWN,0.054578706885635785,平方米,0.005273564646693994
108011004,玻璃熟料,C 前3个>=90%,118638415.29000002,17,0.7621020247867474,0.847463226006818,0.9231335805716155,千克,0.7621020247867474,平方米,0.08536120122007067,个,0.07567035456479755,UNKNOWN,0.061762752748246004,立方米,0.008071584550916668
109060703,噪声监测仪器，相关环境监测仪器,B 前2个>=90%,117165238.13999999,15,0.57172874500505,0.9553853745105356,0.9767033682231032,套,0.57172874500505,个,0.3836566295054857,UNKNOWN,0.021317993712567554,OTHER,0.017022693178132094,项,0.002575325282396938
107050105,力车胎,B 前2个>=90%,116771083.41000001,13,0.8822490851461733,0.9722933159004763,0.9872918370142233,个,0.8822490851461733,套,0.09004423075430297,UNKNOWN,0.014998521113747025,批,0.007114603853447281,千克,0.0032494659544068704
106051199,其他保健休闲用品,D 前3个仍<90%,116756548.6500003,17,0.6410243166262016,0.7691391470400412,0.8521931725497269,个,0.6410243166262016,盒,0.1281148304138395,套,0.08305402550968582,箱,0.06469956886653809,罐,0.025952166324162685
108010502,瓦,D 前3个仍<90%,116403996.19999999,10,0.5262752609862719,0.7841354786752588,0.8707243071436752,千克,0.5262752609862719,个,0.2578602176889869,平方米,0.08658882846841645,千米,0.05022788040673813,立方米,0.031455818782276476
106040105,夹具类文具,D 前3个仍<90%,115925936.31999971,20,0.5065904834953493,0.7828657529190266,0.8569584808508534,OTHER,0.5065904834953493,个,0.27627526942367725,盒,0.07409272793182678,套,0.06981876167605858,千克,0.023571088892974375
106010205,感应纸及纸板,D 前3个仍<90%,115682319.42,19,0.45372829091915173,0.5789047982938514,0.6758378047914835,千克,0.45372829091915173,卷,0.12517650737469974,个,0.096933006497632,盒,0.071824554017055,令,0.0683344496344297
103011101,冷冻水果及坚果,B 前2个>=90%,115520814.30999999,18,0.8631945665861538,0.9201380385421905,0.9587782562091256,千克,0.8631945665861538,箱,0.056943471956036634,袋,0.038640217666935185,个,0.01285115967081171,盒,0.007905792695931006
109013502,商业用衡器,C 前3个>=90%,115274295.72000003,21,0.6479696300329738,0.8588383489279756,0.9297232218214762,个,0.6479696300329738,千克,0.21086871889500183,UNKNOWN,0.07088487289350058,套,0.023308356066874952,OTHER,0.013672473990457443
107021405,农药乳化剂,A 首要单位>=90%,115124689.03999999,12,0.9839711554889947,0.9894859231317495,0.9926032509872481,千克,0.9839711554889947,个,0.0055147676427548,UNKNOWN,0.003117327855498545,桶,0.0023858432304174676,瓶,0.0019239833075513516
101011499,其他盆景及园艺产品,A 首要单位>=90%,114917049.47,23,0.9120312463065886,0.9360593976795565,0.9487932383650678,OTHER,0.9120312463065886,批,0.024028151372967894,袋,0.012733840685511293,千克,0.009474221405973591,个,0.007804842050301207
109020805,橡胶压延机械,A 首要单位>=90%,114900023.64,10,0.9325689213583177,0.9881960923328493,0.993248963355914,套,0.9325689213583177,个,0.05562717097453158,OTHER,0.0050528710230646565,千克,0.0042654898969871095,千米,0.0017068438611854754
101011214,绿豆芽等芽苗菜,D 前3个仍<90%,114823019.83999999,22,0.34256684369397955,0.6241997742253422,0.7137682855250012,个,0.34256684369397955,千克,0.28163293053136274,立方米,0.08956851129965893,千米,0.08732951375057653,箱,0.043720875369724126
109022001,食品生产设备零件,B 前2个>=90%,114137802.18000002,18,0.8743538469631323,0.9628940465900953,0.9725970539973472,个,0.8743538469631323,套,0.08854019962696287,次,0.009703007407251968,批,0.007969402797554375,千克,0.006935445618197725
109061605,新型显示器件测量仪器,C 前3个>=90%,114070300.77000001,16,0.7534494109320653,0.8733607464652258,0.9573454402490748,个,0.7534494109320653,套,0.11991133553316043,平方米,0.08398469378384894,千克,0.018188955459874343,OTHER,0.005572419251191916
107021512,脂肪酸甲酯,A 首要单位>=90%,113851784.69,10,0.9954086087326314,0.9977696915275295,0.9989442185704221,千克,0.9954086087326314,桶,0.002361082794898083,个,0.0011745270428926819,瓶,0.0007222987344810853,套,0.0001246357273944987
103020205,代可可脂巧克力制品,D 前3个仍<90%,113394021.50999998,15,0.4605214278902242,0.7018912672832676,0.8427438207716494,箱,0.4605214278902242,千克,0.2413698393930433,个,0.1408525534883819,盒,0.07965008128055058,袋,0.020833913803750777
107021803,片基,D 前3个仍<90%,112933923.95,14,0.49810987073207075,0.8250076388140943,0.8998152482064713,千克,0.49810987073207075,平方米,0.3268977680820236,个,0.07480760939237692,套,0.06072257723937874,千米,0.02062836319254627
109051503,小信号晶体管,B 前2个>=90%,112510362.4800001,6,0.8907521669198698,0.9918533726156742,0.9953943797835324,个,0.8907521669198698,OTHER,0.10110120569580437,批,0.003541007167858159,UNKNOWN,0.002666421060134156,套,0.0019349328826373524
109061901,光学望远镜,B 前2个>=90%,112357681.28,9,0.8147247207058063,0.9207284143947048,0.9909866397342585,个,0.8147247207058063,OTHER,0.10600369368889846,UNKNOWN,0.07025822533955375,套,0.005471175739806084,盒,0.0019826894562272692
104011006,硬挺纺织物,B 前2个>=90%,112337830.52999991,13,0.858290495063916,0.9070591611860283,0.9444574861330108,千米,0.858290495063916,个,0.0487686661221123,平方米,0.03739832494698259,千克,0.027478476622135303,卷,0.011675315909271912
107030412,清凉油,B 前2个>=90%,112304463.73000006,14,0.7988525521629327,0.9230273557889683,0.9542053703015354,瓶,0.7988525521629327,盒,0.12417480362603564,个,0.031178014512567045,千克,0.02887215478625569,OTHER,0.007226654516165949
109061099,其他大地测量仪器,C 前3个>=90%,112148817.71000001,13,0.3909497887296096,0.6961639331043823,0.9732847561732891,OTHER,0.3909497887296096,套,0.3052141443747726,个,0.2771208230689069,千克,0.01905988884811401,副,0.004039971256510181
109061001,测距仪,B 前2个>=90%,112025403.22000007,9,0.8889327398753907,0.958063016646556,0.9901924810942895,个,0.8889327398753907,套,0.06913027677116532,OTHER,0.03212946444773348,千克,0.00704401204832369,UNKNOWN,0.00139570575517541
106040103,文件架,A 首要单位>=90%,111774807.1400004,20,0.9011963230125064,0.9594911488925341,0.9689841590542154,个,0.9011963230125064,套,0.058294825880027684,批,0.009493010161681376,立方米,0.00847693057357036,OTHER,0.004986490733121011
109060606,产品、材料检验专用仪器,B 前2个>=90%,111717052.75999998,18,0.8320253814758799,0.9556082224917442,0.9754136080200689,个,0.8320253814758799,套,0.12358284101586428,千克,0.019805385528324775,UNKNOWN,0.017809719025387583,OTHER,0.004692634267091098
106051301,宠物玩具,B 前2个>=90%,111667089.53999989,12,0.5551158790414726,0.9353348169120732,0.9655864763214459,个,0.5551158790414726,千克,0.38021893787060057,包,0.030251659409372685,套,0.01951078450217484,袋,0.0059184381246299355
108032101,镁材,A 首要单位>=90%,111522705.59,8,0.9712333444294803,0.995518208804604,0.9983274146819414,千克,0.9712333444294803,个,0.0242848643751237,平方米,0.002809205877337431,UNKNOWN,0.0008035515236642133,副,0.0006545752240658134
405019900,其他土地使用权,C 前3个>=90%,111345274.59999998,10,0.7989550592926554,0.8972517398596456,0.943784254046826,平方米,0.7989550592926554,UNKNOWN,0.09829668056699016,月,0.046532514187180435,OTHER,0.030434547062493846,批,0.012238546583098555
107021510,工业用脂肪胺,A 首要单位>=90%,111194612.74000001,5,0.999890398557091,0.9999394387027027,0.9999880022065177,千克,0.999890398557091,桶,4.904014561164431e-05,个,4.85635038149421e-05,瓶,1.0513908643520493e-05,箱,1.4838848387898976e-06
109025402,铁道电气交通管理设备,B 前2个>=90%,110488175.41,10,0.7932323130034029,0.9713020484931185,0.9806924672972116,套,0.7932323130034029,个,0.17806973548971564,OTHER,0.009390418804093092,批,0.008075072257182458,千米,0.006658405365733064
106051209,烟具,B 前2个>=90%,110291878.80000009,6,0.7043943988013742,0.9520833326306525,0.9881203750969197,个,0.7043943988013742,套,0.24768893382927828,UNKNOWN,0.03603704246626722,盒,0.006220596180468724,瓶,0.004087712847992573
109040102,直流发电机,C 前3个>=90%,110258418.38000001,15,0.6543021111672871,0.8815710771852631,0.9915879407338911,个,0.6543021111672871,套,0.22726896601797597,OTHER,0.11001686354862801,千克,0.004783687429491314,UNKNOWN,0.0020630442857981434
103010202,粗磨谷物,A 首要单位>=90%,109926626.84,13,0.9138013766783567,0.9803089575089885,0.9856128612742575,千克,0.9138013766783567,袋,0.0665075808306318,批,0.0053039037652690335,OTHER,0.0043009883373221125,箱,0.0032329009832828236
109011002,气体焊接机械,B 前2个>=90%,109906423.27999999,18,0.5682056983230398,0.9412739878400309,0.9857908046373103,个,0.5682056983230398,套,0.37306828951699106,千克,0.044516816797279375,UNKNOWN,0.004221816033607896,瓶,0.0039411895781238096
109022903,皮革制品制作机械,C 前3个>=90%,109792166.16000004,17,0.7851920288590472,0.8517064877263372,0.9142419219028916,个,0.7851920288590472,套,0.06651445886729006,千米,0.06253543417655434,千克,0.05063897903150723,平方米,0.016973050675439916
107021102,用作发光体有机、无机产品,A 首要单位>=90%,109694174.83999999,19,0.9693017932364074,0.9824355213682923,0.9882485475470304,千克,0.9693017932364074,OTHER,0.013133728131884822,个,0.005813026178738153,平方米,0.003370515713703873,瓶,0.0030775535755878432
108012002,功能陶瓷制品,B 前2个>=90%,109678033.85,15,0.8813047582727068,0.922568146584258,0.9612136498925761,个,0.8813047582727068,千克,0.04126338831155114,OTHER,0.03864550330831811,立方米,0.017104081228932425,套,0.013344606651152145
109022203,装订机械,B 前2个>=90%,109467422.53000002,14,0.7544147543746869,0.964889009248878,0.9856289992616857,个,0.7544147543746869,套,0.2104742548741912,盒,0.020739990012807675,OTHER,0.008663450075661518,UNKNOWN,0.002832684033599306
108011502,玻璃保温瓶胆,B 前2个>=90%,109157553.52999997,12,0.8773937612450995,0.9367780392027258,0.9954690682045738,个,0.8773937612450995,套,0.05938427795762639,箱,0.05869102900184797,批,0.0018560053193599642,立方米,0.001236836074407759
109020705,化工用液体运送机械,C 前3个>=90%,109146353.05000001,15,0.4074580278429194,0.7626085717391727,0.9314904540459128,个,0.4074580278429194,套,0.35515054389625333,千克,0.16888188230674006,OTHER,0.04643338836688689,批,0.010119715126844541
107050702,再生胶粉,A 首要单位>=90%,109001413.97999999,15,0.9777117082128333,0.9945390588225835,0.9962625382999641,千克,0.9777117082128333,个,0.01682735060975032,袋,0.0017234794773806294,UNKNOWN,0.0010821126597645996,立方米,0.0008220076852988363
101050300,淡水蟹,D 前3个仍<90%,108876719.65999998,14,0.4309599406239129,0.6277542774381563,0.8038217374963114,个,0.4309599406239129,千克,0.19679433681424335,盒,0.1760674600581551,份,0.06416316042415199,批,0.05396632207829691
109013605,锌铸件,B 前2个>=90%,108777900.39,8,0.839735497766579,0.9295592616466385,0.9693134138641006,个,0.839735497766579,千克,0.08982376388005957,千米,0.039754152217462195,套,0.016172253772989007,OTHER,0.008698136263043567
307020103,教育辅助服务,D 前3个仍<90%,107973181.47,13,0.7907919337703665,0.8620311005271335,0.8990978697517858,UNKNOWN,0.7907919337703665,OTHER,0.07123916675676706,项,0.03706676922465236,次,0.02969861743761768,个,0.029445368532401366
104010403,印染蚕丝及交织机织物,B 前2个>=90%,107747242.49000001,12,0.6833581050283823,0.9085640275117541,0.9895807842126059,千米,0.6833581050283823,千克,0.22520592248337173,个,0.08101675670085169,套,0.004076987863896098,批,0.0030083841823616395
109020803,炼胶机械,B 前2个>=90%,107661862.88000003,10,0.803460248374257,0.9795816229517577,0.9885434351867495,个,0.803460248374257,套,0.17612137457750068,千克,0.008961812234991859,批,0.007610857624796096,OTHER,0.001905465821529169
102050402,煅烧高岭土,A 首要单位>=90%,107583065.31,11,0.9420985804591963,0.9922130244422201,0.9967199047639778,千克,0.9420985804591963,个,0.050114443983023935,UNKNOWN,0.0045068803217575846,包,0.0010247895398993814,平方米,0.0009295143219042008
101030307,生毛皮,A 首要单位>=90%,107393651.83,6,0.9116512037879176,0.9925582016592088,0.9990762778031141,千克,0.9116512037879176,个,0.08090699787129123,平方米,0.006518076143905349,千米,0.0009139064397899803,套,8.892518167756584e-06
304050103,不动产融资租赁服务,D 前3个仍<90%,107099040.99000002,12,0.5410799325963228,0.7316899919516264,0.8010648301510996,UNKNOWN,0.5410799325963228,月,0.19061005935530362,OTHER,0.0693748381994732,项,0.06921822017708058,次,0.05129767539667302
109025602,机械式遥控操作装置（遥控机械手）,B 前2个>=90%,106259654.88,11,0.6361201289081393,0.9417035058414638,0.988920733825745,个,0.6361201289081393,套,0.3055833769333245,UNKNOWN,0.047217227984281206,项,0.004667617362018671,OTHER,0.004063587355780803
109010512,齿轮加工机床,A 首要单位>=90%,106015964.28,11,0.9897878356589712,0.9937147913097302,0.9964834401825053,个,0.9897878356589712,套,0.003926955650758903,UNKNOWN,0.00276864887277522,批,0.0023412775772565938,副,0.0005553031602345767
109030104,铁路客车,B 前2个>=90%,105598508.17999999,18,0.8009253696636834,0.9020151549644743,0.9591835941218692,个,0.8009253696636834,UNKNOWN,0.1010897853007908,套,0.057168439157394925,次,0.01685730253845713,项,0.011493328276297248
109022809,细纱机,A 首要单位>=90%,105553121.05,13,0.9863753624175758,0.9967143099460251,0.9981372196478505,个,0.9863753624175758,套,0.01033894752844923,千克,0.0014229097018254393,千米,0.0009187131468529892,盒,0.0007245614268835493
102050406,干化污泥,A 首要单位>=90%,104793895.78,9,0.9798557049121283,0.9904725433426386,0.9973195006454411,千克,0.9798557049121283,个,0.010616838430510348,套,0.006846957302802547,OTHER,0.0015978554738677547,立方米,0.0007053368848427404
109021599,其他乳品加工机械,B 前2个>=90%,104481846.83999999,15,0.7543658526700675,0.9859164367351453,0.99037176083286,套,0.7543658526700675,个,0.2315505840650778,包,0.00445532409771481,项,0.0028329514547467015,UNKNOWN,0.002078522696220748
109061807,时间记录器及类似计时仪器,A 首要单位>=90%,104050206.7,13,0.9693788082594939,0.9905680931242206,0.9954712452291553,个,0.9693788082594939,套,0.02118928486472675,UNKNOWN,0.0049031521049347415,OTHER,0.0022177368725976782,批,0.0017913659752489468
106040608,休闲运动器材和用品,C 前3个>=90%,103707249.66999994,19,0.7421410790943406,0.846703282166021,0.9150168789737995,个,0.7421410790943406,套,0.10456220307168046,OTHER,0.06831359680777853,副,0.028502776511824562,UNKNOWN,0.013478591944612706
106051210,头发装饰用物品,C 前3个>=90%,103680962.21999995,17,0.707737609864169,0.8804688202670888,0.9441473565058895,个,0.707737609864169,套,0.1727312104029198,千克,0.06367853623880075,盒,0.024268168679424523,UNKNOWN,0.013107132697287582
106051212,礼仪电子用品,C 前3个>=90%,103601210.74999997,20,0.7746676326367161,0.8488034379463081,0.9092917708010474,个,0.7746676326367161,套,0.07413580530959193,UNKNOWN,0.06048833285473927,批,0.03260993057458068,OTHER,0.026699785842029852
109022406,药物检测设备及仪器,C 前3个>=90%,102934554.14,16,0.5475933391943092,0.8298986175605735,0.9337621616281866,个,0.5475933391943092,套,0.2823052783662643,千克,0.10386354406761313,UNKNOWN,0.03733859209971996,盒,0.012953012534416561
103010102,大米粉,C 前3个>=90%,102867608.30000018,15,0.8393742784238527,0.8931154746211788,0.9399515680194929,千克,0.8393742784238527,箱,0.05374119619732611,包,0.04683609339831411,盒,0.020908149956471722,袋,0.017481611556045062
109020903,吹塑机,B 前2个>=90%,102848722.93,10,0.6078442528892565,0.994363815966927,0.9965520784323072,个,0.6078442528892565,套,0.3865195630776706,OTHER,0.0021882624653801327,月,0.0010695319967644833,副,0.0010500859604596745
103010199,其他谷物细粉,D 前3个仍<90%,102701980.01,14,0.5141560781482347,0.6671155088083875,0.7839972872203634,千克,0.5141560781482347,个,0.15295943066015286,袋,0.11688177841197592,盒,0.06658951813133597,箱,0.039271767395402515
109040603,敞开式组合电器,B 前2个>=90%,102264711.52,14,0.7456652245587834,0.9650322369579007,0.9785775154749099,个,0.7456652245587834,套,0.21936701239911735,千克,0.013545278517009207,OTHER,0.009882674629188648,批,0.006475475363468762
101030311,燕窝,D 前3个仍<90%,102100515.76000002,16,0.6186186317458815,0.8001326507696772,0.8469915598005203,盒,0.6186186317458815,千克,0.18151401902379574,千米,0.04685890903084307,个,0.04547687791229625,OTHER,0.03215749926002136
106010503,纸浆模制品,C 前3个>=90%,102002553.83999999,19,0.6522781220200083,0.8279058857924767,0.901828619745076,个,0.6522781220200083,千克,0.17562776377246833,套,0.07392273395259925,包,0.03176118830398884,箱,0.020856720639927072
108032301,包金金属材料,B 前2个>=90%,101713700.69000001,12,0.7095729077832652,0.9122303378066187,0.9778820329538833,个,0.7095729077832652,千克,0.20265743002335349,OTHER,0.06565169514726463,套,0.008617875606271974,批,0.006488423737637974
109012901,蒸馏或精馏设备,B 前2个>=90%,101564009.81000002,15,0.8163484036826254,0.9296006517133788,0.9859736809066026,个,0.8163484036826254,套,0.11325224803075346,千克,0.05637302919322381,OTHER,0.004330296340433548,桶,0.0029771758772193352
107050901,充气橡胶制品,C 前3个>=90%,101164572.36000021,18,0.7963402905843119,0.8982194148623595,0.9375334624307803,个,0.7963402905843119,套,0.10187912427804759,千克,0.039314047568420836,桶,0.013137408768659943,UNKNOWN,0.01299910353320449
107021505,化学陶瓷,C 前3个>=90%,100839476.47999999,15,0.6819212004104208,0.891247993615129,0.9524585584203142,千克,0.6819212004104208,个,0.20932679320470818,立方米,0.06121056480518533,套,0.017958839466596963,桶,0.011119613460333586
109020905,塑料破碎、研磨、筛选、均化机械,B 前2个>=90%,100709346.71,15,0.6031140114025669,0.9564199975138534,0.9704206173774712,个,0.6031140114025669,套,0.35330598611128655,千克,0.014000619863617822,OTHER,0.012152595960375484,UNKNOWN,0.005777506050907834
301060200,货物联运服务,D 前3个仍<90%,100651767.00999998,15,0.4847949757817172,0.6788861119865996,0.7780361000738282,千克,0.4847949757817172,UNKNOWN,0.19409113620488247,箱,0.09914998808722854,OTHER,0.06313696449431068,票,0.05676444557036298
109051601,电子束光电器件,C 前3个>=90%,100464707.08000003,13,0.7491360413768899,0.8574022077365719,0.9189828238535687,个,0.7491360413768899,套,0.10826616635968195,平方米,0.061580616116996674,盒,0.025550871988865995,千克,0.018238722067251953
109025201,自动售货机、售票机,A 首要单位>=90%,100366589.25,15,0.9200903007670952,0.9662257069276667,0.9810096197923753,个,0.9200903007670952,套,0.04613540616057151,千克,0.01478391286470861,UNKNOWN,0.011772921734510371,立方米,0.004389209629338879
109051903,电位器,A 首要单位>=90%,100351793.00000004,12,0.9578202264906218,0.977000088478738,0.9865106610501717,个,0.9578202264906218,套,0.019179861988116137,千克,0.009510572571433772,UNKNOWN,0.005244929305847079,千米,0.003713278944602413
108041108,锡丝,B 前2个>=90%,100103221.55,14,0.8562215332619332,0.9600886613024294,0.9825619666083564,千克,0.8562215332619332,卷,0.10386712804049622,个,0.022473305305926988,OTHER,0.011915011340611546,千米,0.0023516126289943565
109060604,天平仪器,B 前2个>=90%,99848519.26,14,0.882911321503357,0.9948452922104956,0.9969689240036507,个,0.882911321503357,套,0.11193397070713855,UNKNOWN,0.0021236317931551466,盒,0.0017110111523550699,包,0.00042313606964951197
107040199,其他化学纤维用浆粕,A 首要单位>=90%,99740685.0,16,0.9665563141059238,0.9746023221115837,0.9824285582157372,千克,0.9665563141059238,箱,0.008046008005659877,个,0.007826236104153486,平方米,0.00608892198805332,千米,0.003987172736982908
107010201,页岩原油,A 首要单位>=90%,99694844.08,7,0.9921405804158614,0.9972998622698683,0.9996292676884038,千克,0.9921405804158614,UNKNOWN,0.005159281854006988,个,0.0023294054185354616,桶,0.00017678045602696928,瓶,0.00010366634398571999
109050603,电力线宽带接入设备（BPL）,D 前3个仍<90%,99565774.49999999,16,0.4036490475951653,0.6413481523211572,0.8271864347321477,OTHER,0.4036490475951653,个,0.2376991047259919,千克,0.18583828241099057,套,0.09098361535870945,千米,0.046068233115587345
107060113,降解塑料制品,D 前3个仍<90%,98941033.5,15,0.5590029749386033,0.7534975689333182,0.8078767985580017,个,0.5590029749386033,千克,0.19449459399471494,卷,0.05437922962468347,套,0.05100169961333586,箱,0.04272525554324234
301030101,航空旅客运输服务,A 首要单位>=90%,98472060.35,10,0.9187835467078251,0.9625194895193436,0.9939273425591526,个,0.9187835467078251,UNKNOWN,0.04373594281151851,千克,0.031407853039808975,次,0.005095656963168234,OTHER,0.0005382237338349751
109022502,灯丝、灯头玻璃零件加工机械,C 前3个>=90%,98069901.23000002,17,0.7519095066391553,0.8515782094461073,0.9100562263307176,个,0.7519095066391553,OTHER,0.09966870280695192,套,0.058478016884610254,批,0.057309822580719635,项,0.010464556781730123
104030603,天然毛皮制品,D 前3个仍<90%,98053564.54999997,10,0.7017524189537482,0.8222994128773873,0.8978844748179019,个,0.7017524189537482,套,0.12054699392363909,千克,0.07558506194051466,OTHER,0.05511178379695123,平方米,0.0314824785225006
109061010,测量型GNSS接收机,B 前2个>=90%,98031613.45000002,7,0.5618409048025312,0.9480235419913922,0.9928331396855123,套,0.5618409048025312,个,0.3861826371888609,OTHER,0.044809597694120164,千克,0.0038259380499872813,批,0.0023500582301188267
106040704,媒诱音响器，相关乐器,A 首要单位>=90%,97814622.54,11,0.9017628957667294,0.9482329142769087,0.9924906733683951,个,0.9017628957667294,OTHER,0.046470018510179276,套,0.044257759091486444,批,0.004088947333374845,UNKNOWN,0.0022688633277631416
109022811,织造准备设备,A 首要单位>=90%,97197525.13999999,11,0.9132810898440125,0.9711204020271416,0.984061044787215,个,0.9132810898440125,套,0.05783931218312912,千克,0.01294064276007347,千米,0.006634366451935775,OTHER,0.0032881907182271703
109022503,灯泡及类似品封装机,C 前3个>=90%,97107443.86000007,16,0.6920498308748296,0.8672917810649083,0.9085778135319975,个,0.6920498308748296,套,0.17524195019007874,箱,0.04128603246708915,批,0.03892321133948543,OTHER,0.029665550399546856
101011302,鲜切花及花蕾,D 前3个仍<90%,96767118.01000002,21,0.4373456726863207,0.6610875568639871,0.8476596987369553,OTHER,0.4373456726863207,千克,0.22374188417766638,个,0.1865721418729682,盒,0.06223539352879812,UNKNOWN,0.05149163137714902
109050602,铜缆接入设备,D 前3个仍<90%,96624414.17000002,16,0.35407819570120974,0.5027960064474459,0.6303192289771169,个,0.35407819570120974,箱,0.14871781074623613,千克,0.1275232225296709,套,0.11524911157968472,OTHER,0.11432492217303136
102050512,蛇纹石,A 首要单位>=90%,96555811.10000001,4,0.9986641763087006,0.9998777857089535,0.9999702503664224,千克,0.9986641763087006,OTHER,0.0012136094002528656,卷,9.246465746896926e-05,个,2.9749633577465746e-05,,
109020101,建井设备,C 前3个>=90%,96391285.06,12,0.5179159088804038,0.8193505725215611,0.9044499145927248,套,0.5179159088804038,个,0.3014346636411572,千米,0.08509934207116379,千克,0.045847235538453136,OTHER,0.019043158091080644
104010701,毡呢,C 前3个>=90%,96342824.85999995,16,0.6582472687733062,0.8461105848666517,0.9065048214738427,个,0.6582472687733062,平方米,0.18786331609334553,千克,0.06039423660719099,千米,0.04774507397602585,套,0.013634231422099083
109024302,口腔综合治疗设备,B 前2个>=90%,96256926.37,13,0.6717329882470878,0.9714880701732509,0.9891405644308441,个,0.6717329882470878,套,0.2997550819261631,副,0.017652494257593236,盒,0.0041693623008212,OTHER,0.0021443054311396457
301050602,无运输工具承运货物联运运输服务,D 前3个仍<90%,95872911.60999998,14,0.7479795351549561,0.8348345120213461,0.8848696738772175,千克,0.7479795351549561,UNKNOWN,0.08685497686638996,个,0.05003516185587139,OTHER,0.029850548522420122,票,0.022119460902852207
109011203,装卸桥,A 首要单位>=90%,95871248.17999999,6,0.981697803112925,0.991731164921191,0.9971869299177827,个,0.981697803112925,套,0.010033361808265967,千克,0.005455764996591703,千米,0.0024179619479321565,UNKNOWN,0.0002330208526966943
101010299,其他薯类,A 首要单位>=90%,95487429.97999999,19,0.9220825071786061,0.9428989246946742,0.9557969574541479,千克,0.9220825071786061,个,0.02081641751606812,项,0.012898032759473795,OTHER,0.010369311858193129,平方米,0.00808129405264783
101030202,活鸭,A 首要单位>=90%,95202685.78,7,0.9969777586877655,0.9981770179215211,0.9993380231924798,千克,0.9969777586877655,UNKNOWN,0.0011992592337556215,箱,0.0011610052709586489,个,0.0005523943948548549,份,9.513261023884529e-05
109020813,橡胶制品加工机械,C 前3个>=90%,95024306.99999999,16,0.7032628389491964,0.8241015441449102,0.9294284446610066,个,0.7032628389491964,套,0.1208387051957138,千米,0.10532690051609639,UNKNOWN,0.05184030755415033,项,0.013818894148841309
108032401,钨加工材,B 前2个>=90%,94888656.6,12,0.834087255588778,0.9515838013244672,0.9792451612177213,千克,0.834087255588778,个,0.11749654573568914,套,0.02766135989325409,平方米,0.014117506011777598,OTHER,0.004130834433164481
109061610,声学测量仪器,B 前2个>=90%,94745156.44000003,11,0.6978310886200275,0.9303782968137554,0.9529377879826108,个,0.6978310886200275,套,0.23254720819372784,批,0.022559491168855358,平方米,0.014205314873824907,千米,0.012231538408339555
106040807,玩具乐器,B 前2个>=90%,94731317.36000004,15,0.6463753362291468,0.9236443372521469,0.9447718751749448,个,0.6463753362291468,箱,0.2772690010230001,套,0.021127537922797857,千克,0.01581507005024087,盒,0.013979050507315773
106050212,金属制工艺框架类制品,C 前3个>=90%,94587294.4,12,0.5056871456511394,0.8567567279945372,0.9172028486523662,副,0.5056871456511394,个,0.35106958234339775,套,0.06044612065782907,千克,0.05020107690066246,批,0.011734749017199923
109013503,称重系统,B 前2个>=90%,94342638.12999995,15,0.705889968947384,0.9617919677523439,0.9824814500340495,个,0.705889968947384,套,0.2559019988049599,UNKNOWN,0.020689482281705633,OTHER,0.008546800640542999,千克,0.003770382162833421
102040108,镁矿石,A 首要单位>=90%,93812234.95,11,0.987573223038324,0.9921221073094155,0.9949636119398305,千克,0.987573223038324,批,0.00454888427109155,UNKNOWN,0.002841504630414948,箱,0.002412478501558181,个,0.0009683152741048731
109031202,摩托车，排气量是250毫升以上（含250毫升）,A 首要单位>=90%,93113150.67999999,5,0.9918955437068881,0.9970332568709939,0.9991742004277757,个,0.9918955437068881,UNKNOWN,0.005137713164105768,千克,0.0021409435567818122,套,0.0004863974601788225,副,0.00033940211204546903
105010102,特种锯材,D 前3个仍<90%,93081700.66000003,17,0.4183759768447703,0.7778492342385186,0.8339416658655623,立方米,0.4183759768447703,个,0.3594732573937483,千克,0.0560924316270437,平方米,0.05225740908803888,套,0.04872278587351713
107021699,其他林产化学产品,B 前2个>=90%,92981090.88999991,13,0.8767237963086452,0.978990372329455,0.9877052871819667,千克,0.8767237963086452,套,0.1022665760208098,盒,0.008714914852511694,瓶,0.006872108015552674,袋,0.001413140335764027
108012004,陶瓷管及管子配件,C 前3个>=90%,92717672.97000001,19,0.6207524088597712,0.8433370500497797,0.9097487820611336,个,0.6207524088597712,千米,0.22258464119000845,套,0.06641173201135399,千克,0.03820272917274446,OTHER,0.02602517160650435
109024203,医用α、β、γ射线应用设备,B 前2个>=90%,92646432.89,11,0.6617192913707657,0.9070512930570748,0.9972853111322849,套,0.6617192913707657,个,0.24533200168630906,OTHER,0.09023401807521012,千米,0.0009487359335718943,千克,0.0008739794666043726
109042406,非电气灯具及照明装置,D 前3个仍<90%,92510507.25999977,13,0.4956454665320563,0.7148599923264536,0.8278709894515387,个,0.4956454665320563,箱,0.21921452579439732,OTHER,0.11301099712508512,千克,0.08022992608980338,套,0.07049851787830329
101040600,海水软体水生动物,D 前3个仍<90%,92109279.94000007,14,0.7799133830684033,0.8670123064909502,0.8927421215708616,千克,0.7799133830684033,袋,0.08709892342254688,盒,0.025729815079911462,箱,0.024602350398093862,UNKNOWN,0.02393338034382639
107030119,消毒防腐及创伤外科用药,D 前3个仍<90%,91315766.05000003,18,0.5466695808330242,0.7119800616292372,0.8244328980252803,瓶,0.5466695808330242,个,0.16531048079621302,盒,0.1124528363960431,千克,0.0852844549947243,桶,0.024690470961668064
109022810,纺织纱线处理机械,C 前3个>=90%,91271329.07000001,10,0.46524109874014347,0.8940786672166733,0.9467498520124268,个,0.46524109874014347,套,0.4288375684765298,OTHER,0.052671184795753515,千克,0.05209062909945856,批,0.0008491165932355585
109060510,气体分析测定装置,B 前2个>=90%,91105851.95,15,0.594101103074093,0.9506846835429874,0.9787902326948166,个,0.594101103074093,套,0.3565835804688943,批,0.02810554915182921,OTHER,0.01029845536722408,UNKNOWN,0.00452441298969709
108041104,铝丝,B 前2个>=90%,90938862.88000004,14,0.8432800322255362,0.9420123204425976,0.9587011779006314,千克,0.8432800322255362,个,0.09873228821706152,千米,0.01668885745803378,卷,0.012588681051693392,OTHER,0.010812123209605715
109062703,文件装订用机械,A 首要单位>=90%,90910463.21000016,18,0.9176773589557866,0.961252104261498,0.9776709779235102,个,0.9176773589557866,套,0.043574745305711364,OTHER,0.01641887366201218,盒,0.014765959523263534,UNKNOWN,0.004751155969827773
109024613,医院制气供气设备及装置,B 前2个>=90%,90754971.22,14,0.7113198979867408,0.9068094751581366,0.948574048922496,个,0.7113198979867408,套,0.19548957717139584,千克,0.04176457376435935,瓶,0.03754544389353617,副,0.007247963182153935
109011605,机场专用搬运机械,C 前3个>=90%,90620043.89,9,0.513038505437431,0.8633930535828611,0.9295675699765984,套,0.513038505437431,个,0.35035454814543016,UNKNOWN,0.06617451639373731,千克,0.04940303599316651,副,0.019719003912303225
105010502,木制窗及其木制框架,D 前3个仍<90%,90431107.1,16,0.4264438713257774,0.6388664023112463,0.7791275091002396,个,0.4264438713257774,平方米,0.21242253098546882,立方米,0.14026110678899342,千米,0.07561044212849187,套,0.04863990490723518
108012103,盥洗用陶瓷器具,B 前2个>=90%,90386283.9899998,15,0.5431148728874754,0.9601573593798984,0.9773693394649755,套,0.5431148728874754,个,0.41704248649242304,批,0.017211980085077103,OTHER,0.011366913591819655,千克,0.007253088312298935
107050802,橡胶制衣着用品及附件,D 前3个仍<90%,89577921.69999999,18,0.4255270314001936,0.7497671650044544,0.8709356141492173,个,0.4255270314001936,套,0.3242401336042608,OTHER,0.12116844914476288,千米,0.06027520450946118,UNKNOWN,0.04065701080001726
109011108,其他轻小型起重设备,B 前2个>=90%,89510040.05000001,15,0.7084450631971314,0.9518738529488571,0.9757019508785262,个,0.7084450631971314,套,0.2434287897517257,批,0.02382809792966906,千米,0.007219198088159049,月,0.006297462828584668
106050205,铜制工艺品,D 前3个仍<90%,89392298.50999998,17,0.406465469572139,0.7240512482488576,0.898905946366408,个,0.406465469572139,千克,0.31758577867671856,套,0.17485469811755044,批,0.04554864600046631,OTHER,0.031680485648136636
106030200,电子出版物,D 前3个仍<90%,88657134.56,18,0.6014708420777095,0.7255296203653889,0.8487162880171479,个,0.6014708420777095,套,0.12405877828767942,UNKNOWN,0.12318666765175904,批,0.08558510161260505,OTHER,0.03595712940443132
106041009,牌类娱乐用品,D 前3个仍<90%,88492311.15999994,14,0.6733582878433665,0.840420233635132,0.8950876975829681,副,0.6733582878433665,个,0.16706194579176545,套,0.05466746394783622,盒,0.03376261994782782,千克,0.030818861935575214
109020604,冶金专用有轨车辆,B 前2个>=90%,88474448.80000001,10,0.5381883070855592,0.9806629085209966,0.9973414068898951,个,0.5381883070855592,千克,0.4424746014354374,套,0.016678498368898568,月,0.0015813379105222521,OTHER,0.0006329235249216945
106040401,普通墨水,D 前3个仍<90%,88400145.54000002,19,0.2675997588634741,0.5314630414125447,0.7002076307893825,瓶,0.2675997588634741,千克,0.2638632825490707,个,0.16874458937683776,立方米,0.1354280299751642,OTHER,0.06659774816022324
109011606,搬运机械及装置,C 前3个>=90%,88341881.53000002,15,0.6927762954563822,0.8298389578119277,0.9489834946692921,个,0.6927762954563822,千克,0.13706266235554557,套,0.11914453685736434,OTHER,0.02731831412465955,千米,0.008891856460327306
104010405,特种丝织物,C 前3个>=90%,87883169.05,15,0.5902049450502832,0.8301835606143291,0.9092192881044041,千克,0.5902049450502832,千米,0.23997861556404582,平方米,0.07903572749007506,个,0.06281828977809262,套,0.014351622428208284
106010401,手工纸,C 前3个>=90%,87853888.80999999,21,0.49270873784101527,0.7306011404778474,0.9174589900546942,千克,0.49270873784101527,个,0.23789240263683217,OTHER,0.18685784957684679,套,0.020060309951804856,箱,0.013314783168333151
107021415,脱硫剂,A 首要单位>=90%,87804346.63999997,11,0.9051917492862742,0.9481094506781014,0.9700551265328565,千克,0.9051917492862742,个,0.04291770139182715,桶,0.021945675854755164,UNKNOWN,0.010460508450291001,袋,0.008691011199351716
306010100,金融同业往来业务,D 前3个仍<90%,87580815.49,11,0.5704497453064307,0.8237455051812969,0.8999382993756136,UNKNOWN,0.5704497453064307,元,0.2532957598748662,千克,0.07619279419431678,次,0.06545303932063218,份,0.015888798045719132
101011903,种用油料,A 首要单位>=90%,87428447.33,14,0.9678566177734726,0.9795672531703875,0.987466208614413,千克,0.9678566177734726,桶,0.011710635396914809,瓶,0.007898955444025498,盒,0.005917819723449045,个,0.0035675170899778117
106041099,其他游艺用品及室内游艺器材,A 首要单位>=90%,87161063.36,13,0.9208958512641992,0.9631100505655877,0.9863949043955307,个,0.9208958512641992,副,0.04221419930138861,套,0.023284853829942997,千克,0.009500380423077942,UNKNOWN,0.0024779568040368617
106020502,光盘复制品,B 前2个>=90%,87064222.60000002,15,0.7158445833294559,0.9482227877837848,0.9677753034918846,套,0.7158445833294559,个,0.2323782044543289,OTHER,0.01955251570809982,千克,0.016502967316450828,盒,0.006594751240562962
103011403,再制蛋,D 前3个仍<90%,86862209.96,13,0.40737093180446177,0.7824149272888244,0.8347511931067613,个,0.40737093180446177,盒,0.3750439954843627,千克,0.05233626581793682,箱,0.0502040100293115,OTHER,0.0373428539464252
109022814,非织造机械,B 前2个>=90%,86701040.2,12,0.6367875526365369,0.9665257764692885,0.9771830880525006,个,0.6367875526365369,套,0.32973822383275164,批,0.010657311583212124,UNKNOWN,0.01056042693245565,副,0.007981449800414275
101030308,制刷用兽毛,A 首要单位>=90%,86057127.08,17,0.9766626617905451,0.9975496876649859,0.9981990514294542,千克,0.9766626617905451,个,0.020887025874440798,OTHER,0.0006493637644683502,袋,0.0006127083460616031,千米,0.0004850103810832445
109010702,抛光机床,A 首要单位>=90%,85439589.32000019,20,0.9524132704480562,0.9690987254150816,0.9818151781584431,个,0.9524132704480562,套,0.016685454967025313,千克,0.012716452743361544,项,0.005587105506934557,UNKNOWN,0.00307133545571213
109032702,金属制地名牌、号码及类似标志,D 前3个仍<90%,85421830.21999998,18,0.2975507651210332,0.5921943805197949,0.7479768687400525,个,0.2975507651210332,套,0.29464361539876166,副,0.1557824882202577,平方米,0.06244449956483266,OTHER,0.056684943971925146
109061011,大地测量仪器零件、附件,D 前3个仍<90%,85230468.99000001,15,0.5560766377521724,0.7645310809875434,0.8632040299887596,个,0.5560766377521724,千克,0.20845444323537096,套,0.09867294900121609,副,0.07245904760567011,OTHER,0.0539437680501258
304040102,通用航空服务,D 前3个仍<90%,85172282.19999999,13,0.6660917527932578,0.7832542421881938,0.8693150569352712,UNKNOWN,0.6660917527932578,次,0.11716248939493605,批,0.08606081474707744,OTHER,0.0647137218544556,月,0.017609418125935816
105010703,压制软木及其制品,D 前3个仍<90%,85037181.22999999,17,0.5464828927514535,0.7051387588661728,0.8075671161331133,个,0.5464828927514535,立方米,0.15865586611471932,OTHER,0.10242835726694043,千克,0.058766339355531355,箱,0.04655739539733566
107030211,栓剂,B 前2个>=90%,84892087.92000003,14,0.820558300976702,0.9118864634705525,0.9786501109301495,盒,0.820558300976702,个,0.09132816249385042,OTHER,0.06676364745959704,瓶,0.01521226620338259,包,0.0019830767993201685
105011001,棕制品,D 前3个仍<90%,84514953.73999996,19,0.6102222269287134,0.7475837262405867,0.8245472850210899,个,0.6102222269287134,批,0.1373614993118732,平方米,0.07696355878050325,千克,0.038873673528913674,包,0.03684565561710974
105010402,强化木,C 前3个>=90%,84495726.88999999,11,0.44711361983053277,0.7912312817550576,0.9205470363165248,平方米,0.44711361983053277,个,0.34411766192452486,立方米,0.12931575456146716,OTHER,0.05381730233435241,UNKNOWN,0.014287364041161633
109022404,药品专用包装机械,C 前3个>=90%,84458682.1,16,0.7808502039129024,0.8980328192925946,0.9472414956141021,个,0.7808502039129024,套,0.11718261537969227,盒,0.049208676321507515,千克,0.031193936898998808,瓶,0.006817663805341334
108012299,其他运输及盛装货物用陶瓷容器,D 前3个仍<90%,84240775.97999999,19,0.6756902557914923,0.8076794105761038,0.868893463272203,千克,0.6756902557914923,个,0.13198915478461148,套,0.061214052696099114,立方米,0.03359354620227942,UNKNOWN,0.033477570656157675
102020699,其他油页岩,B 前2个>=90%,83988654.83,19,0.8086923693143758,0.9203322639998995,0.9723250175311803,千克,0.8086923693143758,立方米,0.11163989468552368,个,0.051992753531280717,桶,0.01641070871762169,批,0.0044304317142972865
107020701,生物农药制剂,B 前2个>=90%,83951691.89,16,0.8596539726032196,0.9279285651809392,0.9722883898153204,千克,0.8596539726032196,个,0.06827459257771966,瓶,0.04435982463438117,OTHER,0.009655594208418277,UNKNOWN,0.00824158196724104
109061809,表带及其零件,B 前2个>=90%,83721259.33,9,0.7813723405920965,0.9711641063533916,0.9917842196175192,个,0.7813723405920965,套,0.18979176576129508,批,0.020620113264127608,盒,0.004197858498696331,UNKNOWN,0.0016461037626869152
109023002,服装裁剪定型设备,B 前2个>=90%,83652207.74000001,16,0.7462644974538959,0.9513016188088953,0.9753467080461301,个,0.7462644974538959,套,0.20503712135499938,平方米,0.024045089237234755,副,0.004841213530893476,UNKNOWN,0.004701356373311182
109012801,气体发生器,D 前3个仍<90%,83627605.31,20,0.3888268633241819,0.6526862874725068,0.836253953353815,个,0.3888268633241819,套,0.2638594241483249,瓶,0.18356766588130827,千克,0.08815594770018413,立方米,0.03530014663288461
106051001,剧装、道具,C 前3个>=90%,83565374.52,18,0.388569109472831,0.7502948121771909,0.9054368023192582,套,0.388569109472831,批,0.3617257027043598,个,0.15514199014206728,UNKNOWN,0.021889545167564698,项,0.01901959381058728
108032414,钒加工材,A 首要单位>=90%,83559235.82000001,2,0.9995626814960501,1.0,1.0,千克,0.9995626814960501,个,0.0004373185039499084,,,,,,
109010513,锯床,A 首要单位>=90%,83126128.09,12,0.9594080810988006,0.9905566604864587,0.9956058551216951,个,0.9594080810988006,套,0.031148579387658085,批,0.005049194635236378,UNKNOWN,0.002644780829463989,千米,0.0012570656471195686
102049901,锂矿石,A 首要单位>=90%,83060427.50999999,13,0.9637759272351716,0.9822297819280753,0.9973776993867053,千克,0.9637759272351716,个,0.01845385469290369,套,0.015147917458629995,平方米,0.001488422389652591,批,0.0004960244154177964
107021807,空盘,B 前2个>=90%,82979726.25999999,10,0.7143722267082832,0.9789860758935698,0.9871059628872775,个,0.7143722267082832,桶,0.2646138491852866,批,0.00811988699370771,套,0.007265688104476522,OTHER,0.002643185147571732
109022401,化学药原料药生产设备,B 前2个>=90%,82604726.09,18,0.46556055361892423,0.9094068554643397,0.9672386795756519,个,0.46556055361892423,套,0.4438463018454155,千克,0.05783182411131218,项,0.008389846838120543,OTHER,0.00776137504894667
103010405,饲料用水产品渣粉,B 前2个>=90%,81993843.44999981,13,0.8470535360664322,0.9639499715389911,0.9817876955492321,箱,0.8470535360664322,千克,0.1168964354725589,个,0.01783772401024096,袋,0.006868978039106682,罐,0.006333379899634418
304010403,专业技术服务,D 前3个仍<90%,81865366.49,15,0.5900941195432252,0.6870831272326966,0.7831448983720296,UNKNOWN,0.5900941195432252,项,0.09698900768947136,套,0.096061771139333,个,0.045951516389528595,次,0.042224293717933126
109060308,标准与校验设备,B 前2个>=90%,81763301.03,17,0.5359327018110731,0.9413525090157431,0.9785091247801347,个,0.5359327018110731,套,0.40541980720467,UNKNOWN,0.03715661576439167,盒,0.006680104681678604,瓶,0.00512964098460397
103011102,水果酱,D 前3个仍<90%,81674373.49,14,0.4966068550861436,0.7161292065149577,0.7920833784898372,箱,0.4966068550861436,千克,0.21952235142881413,桶,0.07595417197487951,瓶,0.068699152258413,盒,0.032834016294331775
108010705,水磨石建筑制成品,D 前3个仍<90%,81433159.91,19,0.6069991197029555,0.8163265134678477,0.8877929853133708,千克,0.6069991197029555,平方米,0.20932739376489215,个,0.07146647184552316,立方米,0.060846626674885225,OTHER,0.023566318709982135
109061401,电气化教学设备,D 前3个仍<90%,81292916.19,16,0.5586664565440533,0.7863830387211996,0.8762416018329826,个,0.5586664565440533,套,0.2277165821771463,批,0.08985856311178299,UNKNOWN,0.07476688197276984,千瓦时,0.037941153110944884
108032413,锗加工材,B 前2个>=90%,81202130.08,4,0.7850415207975047,0.9308658215681133,0.9976355300062838,千克,0.7850415207975047,OTHER,0.14582430077060857,个,0.06676970843817057,套,0.0023644699937162045,,
109010499,其他非电力相关原动机,D 前3个仍<90%,80896321.91000001,17,0.4417621945749103,0.5869130873814284,0.7147121124285982,个,0.4417621945749103,千瓦时,0.1451508928065182,OTHER,0.12779902504716978,套,0.09787847127103086,UNKNOWN,0.09516076761270394
105010601,木制桶、槽、盆及类似容器,C 前3个>=90%,80641422.07999998,20,0.7150909312188558,0.8966475935688261,0.9317017422567754,个,0.7150909312188558,套,0.18155666234997023,批,0.03505414868794934,千克,0.02447608299915537,令,0.009284657694369867
101011602,饮料原料,D 前3个仍<90%,80528131.9,17,0.7505232261571934,0.8355927470608566,0.8890808855333697,千克,0.7505232261571934,包,0.08506952090366322,箱,0.0534881384725131,瓶,0.01883971730381094,个,0.018614504579113424
109023204,芯片制造设备,C 前3个>=90%,80406076.07999998,13,0.5061800961348444,0.8713473415901085,0.9688137463951717,个,0.5061800961348444,OTHER,0.3651672454552642,套,0.09746640480506323,UNKNOWN,0.012683060655582239,卷,0.012059875288967094
103011303,豆浆及豆浆粉,D 前3个仍<90%,80383862.16000001,13,0.5317018111785636,0.7305382195136866,0.8375338859184768,千克,0.5317018111785636,袋,0.19883640833512295,箱,0.10699566640479019,包,0.05389146718749796,批,0.038825863875361716
106040301,教学用模型,C 前3个>=90%,80329443.55,18,0.3498178366256093,0.6442624379414115,0.9069225669994075,千克,0.3498178366256093,个,0.29444460131580225,套,0.2626601290579961,平方米,0.02643113827470301,UNKNOWN,0.0188671680397816
106051211,香水喷射器、粉扑及粉拍,C 前3个>=90%,80326607.83,16,0.44790871371220464,0.7022864370096233,0.9399094485576264,个,0.44790871371220464,套,0.25437772329741865,瓶,0.23762301154800303,UNKNOWN,0.02027167527659309,盒,0.013898844108577366
109024307,口腔科手术器械,C 前3个>=90%,80225472.77000009,14,0.8223995079362375,0.8998434661390405,0.9387241281320531,个,0.8223995079362375,OTHER,0.07744395820280303,盒,0.038880661993012496,套,0.02744234734909868,袋,0.027068887162882065
109032301,航标器材,A 首要单位>=90%,80210062.61,8,0.9151732833936009,0.9595562101008065,0.9807300696483024,个,0.9151732833936009,平方米,0.044382926707205575,千米,0.021173859547495996,OTHER,0.011646254467373243,套,0.005754833059343002
109051405,真空电子器件零件,B 前2个>=90%,80130177.02,16,0.5449426799481691,0.9848414866262327,0.9902205153021886,个,0.5449426799481691,套,0.4398988066780636,千米,0.0053790286759558695,OTHER,0.003963188549062312,批,0.0015618344380889527
104010601,台布（桌布）,C 前3个>=90%,80094751.59999993,17,0.7255462653810137,0.8844881760017842,0.9252553801540223,个,0.7255462653810137,千克,0.15894191062077043,千米,0.04076720415223813,UNKNOWN,0.019349611042429417,平方米,0.015459183470393595
106040701,中乐器,B 前2个>=90%,79772890.45000008,14,0.8295472925288745,0.9384221598052926,0.9763503761822134,个,0.8295472925288745,套,0.10887486727641812,UNKNOWN,0.03792821637692078,批,0.020262616922639018,副,0.00103722993529815
109061612,电子测量仪器零、附件,B 前2个>=90%,79669995.21,19,0.719898191393402,0.957637076529203,0.9781177098680035,个,0.719898191393402,套,0.23773888513580094,OTHER,0.020480633338800475,期,0.006376302630130408,UNKNOWN,0.0059340889723143745
108011700,玻璃制绝缘子,A 首要单位>=90%,78758622.06999998,12,0.9177446322735037,0.9854582497776297,0.9938693687458009,个,0.9177446322735037,千米,0.06771361750412608,千克,0.008411118968171153,套,0.0016864770676402467,立方米,0.0013611208167751028
109060509,物性分析仪器,B 前2个>=90%,78751445.49,16,0.7001348471375214,0.9827633017838083,0.9904262102706961,个,0.7001348471375214,套,0.28262845464628694,OTHER,0.007662908486887763,UNKNOWN,0.004698368997518702,瓶,0.0015250342295653524
109061007,建筑施工激光仪器,C 前3个>=90%,78232666.79999997,13,0.7763267829698987,0.8598102319835529,0.9132621999535365,个,0.7763267829698987,次,0.08348344901365426,OTHER,0.05345196796998363,套,0.035250242166102425,项,0.031179410338086556
106051099,其他相关工艺美术品,D 前3个仍<90%,78113567.51,18,0.6150205196280376,0.751293257377946,0.8859029138714086,箱,0.6150205196280376,套,0.13627273774990845,个,0.1346096564934626,千克,0.05526305439125374,UNKNOWN,0.04689632629480194
103020704,食品用发酵有机酸,B 前2个>=90%,77691606.77000001,15,0.894938980549546,0.9422237154485872,0.9583424941952711,千克,0.894938980549546,OTHER,0.04728473489904115,瓶,0.016118778746683913,箱,0.01437875603869429,个,0.008797723440364369
106010301,美纹、穿孔纸及纸板,D 前3个仍<90%,77132462.0,20,0.30986734158699614,0.5752207843436917,0.7916925453513982,平方米,0.30986734158699614,个,0.2653534427566956,千克,0.21647176100770646,卷,0.12055163829724512,令,0.024779030909190997
102051102,天然玉石类矿石,B 前2个>=90%,77103281.35,12,0.5245027078215265,0.9084033600601099,0.9914054425648644,个,0.5245027078215265,批,0.3839006522385834,千克,0.08300208250475452,UNKNOWN,0.006239994998604558,千米,0.0012094167507178345
301050201,无运输工具承运铁路运输服务,C 前3个>=90%,76772700.97000001,13,0.6890334292220747,0.8502085360459866,0.9111828310864754,千克,0.6890334292220747,UNKNOWN,0.16117510682391192,个,0.060974295040488784,箱,0.022952158485195988,车,0.022706934600115317
109021103,玻璃制品用模具,D 前3个仍<90%,76752314.46,17,0.37988315004097134,0.5759096256704594,0.7604437861013005,副,0.37988315004097134,平方米,0.19602647562948813,套,0.18453416043084106,个,0.16130916685844526,批,0.04547365150557051
109022302,录音带、录像带复制生产设备,D 前3个仍<90%,76163209.38000001,7,0.4756141325304011,0.7299146632940904,0.8584921288410129,个,0.4756141325304011,UNKNOWN,0.2543005307636893,批,0.12857746554692254,项,0.08340003581398449,套,0.03619214962761066
109061904,望远镜瞄准具及类似器具,B 前2个>=90%,76127803.2400003,11,0.8971776258232147,0.9682793920588113,0.9768966250811785,个,0.8971776258232147,套,0.07110176623559666,UNKNOWN,0.008617233022367157,袋,0.008592813297629544,副,0.007411355326007144
109013401,包装容器洗涤及干燥机械,C 前3个>=90%,75905336.28999999,21,0.7057984920232543,0.86017168503872,0.9102437573826077,个,0.7057984920232543,套,0.15437319301546568,盒,0.05007207234388765,OTHER,0.043570017493430174,瓶,0.012062909338834313
303020400,广播电视信号传输服务,C 前3个>=90%,75836015.41999999,13,0.687777057393293,0.846009897338037,0.9048951662339328,UNKNOWN,0.687777057393293,OTHER,0.15823283994474405,个,0.058885268895895806,项,0.028328039099921373,月,0.024492418934633952
109021804,水果、坚果或蔬菜加工机械,D 前3个仍<90%,75686567.27,18,0.6399272889100601,0.7743848358311203,0.8733966093901829,个,0.6399272889100601,袋,0.13445754692106016,套,0.09901177355906261,箱,0.052338023018916074,UNKNOWN,0.02530517196225327
103010703,可食用动物杂碎,C 前3个>=90%,75397235.52000001,15,0.6498241679829695,0.8859104032041305,0.9566047535107292,千克,0.6498241679829695,副,0.23608623522116104,个,0.07069435030659861,箱,0.01876458400951197,UNKNOWN,0.007080535464173473
109024615,防毒面具,C 前3个>=90%,75285533.84000003,14,0.5305092272425334,0.8113217806200523,0.9154702602823438,箱,0.5305092272425334,个,0.280812553377519,套,0.10414847966229145,包,0.03506132327639212,盒,0.013997451120418324
101030201,活鸡,A 首要单位>=90%,75031260.88,10,0.9319221135285286,0.9670410523427686,0.9794979801490976,千克,0.9319221135285286,个,0.03511893881424001,盒,0.012456927806329036,批,0.010208573346848441,箱,0.004068582700325801
109010514,直线移动式动力头机床,B 前2个>=90%,74977346.65,13,0.6493835501712836,0.9437863461656655,0.9728247928069351,个,0.6493835501712836,套,0.29440279599438196,千米,0.029038446641269613,副,0.016106704944326006,卷,0.004037828804655359
109024703,助听器,B 前2个>=90%,74545251.53000002,13,0.8998114304169414,0.9654384140220768,0.9827844518106758,个,0.8998114304169414,套,0.06562698360513533,批,0.01734603778859903,OTHER,0.009127272174085852,UNKNOWN,0.005681435923917392
109024002,磨粉（浆）机械,A 首要单位>=90%,74416196.17,12,0.9199009984817932,0.9552979031284984,0.9880069789114027,个,0.9199009984817932,千克,0.03539690464670522,套,0.03270907578290426,批,0.007091948623581468,千米,0.002736716474122894
109060901,定向罗盘及定位系统,B 前2个>=90%,74356359.03000002,14,0.46078076034057264,0.9213911526028091,0.9867041826294758,个,0.46078076034057264,套,0.46061039226223655,UNKNOWN,0.06531303002666668,OTHER,0.007716219668159293,千克,0.0017427293602113854
105020102,竹家具,D 前3个仍<90%,74056812.91999982,17,0.7371531045897453,0.8113127740847421,0.8698587450635863,个,0.7371531045897453,OTHER,0.07415966949499687,立方米,0.05854597097884414,套,0.050898390727020355,平方米,0.03561362670101799
102050303,铁铝矾土,B 前2个>=90%,73862779.49000001,12,0.8378486559442092,0.9630016375112179,0.9793705931387772,千克,0.8378486559442092,个,0.1251529815670087,平方米,0.016368955627559204,套,0.013394193216543412,千米,0.0035637704377972624
109031804,机动工程（工作）船,C 前3个>=90%,73749617.83,12,0.5663693926697057,0.8291776338551367,0.9558563919950824,批,0.5663693926697057,OTHER,0.262808241185431,UNKNOWN,0.12667875813994575,个,0.019730511056398784,套,0.013262386284558189
106050401,人造花类工艺品,D 前3个仍<90%,73737030.77999993,19,0.3841766988762922,0.49136365970715534,0.5978046995344443,个,0.3841766988762922,千克,0.10718696083086313,套,0.1064410398272889,盒,0.09633925077882023,箱,0.0760264915836635
107022306,高档美容、修饰类化妆品,C 前3个>=90%,73694496.66000001,10,0.671774050624203,0.8843776967592087,0.9619668838647306,瓶,0.671774050624203,个,0.21260364613500568,套,0.0775891871055219,盒,0.023004485095020386,OTHER,0.01071616614254788
102040303,稀土矿产品,A 首要单位>=90%,73368595.8,8,0.9904631370905971,0.9980685709130064,0.9989545085446491,千克,0.9904631370905971,套,0.007605433822409342,千米,0.0008859376316426653,批,0.0006983006753960528,个,0.00028415291001112497
109012604,非电热金属处理用炉,C 前3个>=90%,73337237.0,11,0.6772817684691339,0.880415435340167,0.974806014303484,套,0.6772817684691339,个,0.20313366687103304,千克,0.0943905789633171,千瓦时,0.015997270663469364,批,0.004583539464406056
106020599,其他非磁介质复制品,D 前3个仍<90%,72139693.86000001,18,0.4624675626534464,0.8320860636932013,0.8795832537512795,OTHER,0.4624675626534464,个,0.3696185010397548,套,0.04749719005807823,平方米,0.04529984125441366,千克,0.02088249116947389
109025305,消防、防爆专用手工工具,D 前3个仍<90%,72126190.59,18,0.4849481568883728,0.7897679780955698,0.8512045423138159,个,0.4849481568883728,套,0.3048198212071969,UNKNOWN,0.0614365642182462,OTHER,0.049302011806138836,批,0.03630131493958331
109022101,制浆设备,C 前3个>=90%,71969499.96,14,0.7064002732859893,0.8946328801198468,0.9917456289076598,个,0.7064002732859893,千克,0.18823260683385748,套,0.09711274878781304,批,0.0031938715723710026,UNKNOWN,0.001836457528167603
102050514,天然碱,A 首要单位>=90%,71463072.12,6,0.9982396010097531,0.9992775149672646,0.9997081009900475,千克,0.9982396010097531,批,0.0010379139575115149,个,0.0004305860227829231,包,0.0002118576706942724,袋,7.913177858494785e-05
109020807,橡胶成型压力机,B 前2个>=90%,71434414.37,17,0.5712185003526332,0.9116562831002879,0.9483721995549971,个,0.5712185003526332,套,0.3404377827476546,平方米,0.03671591645470922,批,0.01808846550217753,千克,0.017810544836415938
107021903,污水处理生物药剂,B 前2个>=90%,70990600.24,14,0.6493581871987846,0.982790802502447,0.9891879592874957,千克,0.6493581871987846,套,0.33343261530366236,立方米,0.006397156785048759,个,0.003208424203063197,箱,0.0021709916450764187
109022205,印刷用辅助机械,C 前3个>=90%,70534183.33,18,0.7203122222638769,0.8931537418567571,0.940989317328217,个,0.7203122222638769,套,0.17284151959288022,千克,0.04783557547145985,平方米,0.015203852080951003,批,0.0121181583119919
108040800,喷灯、台钳，相关金属手工具,D 前3个仍<90%,70423639.68000002,18,0.45489375961773654,0.6593877201037049,0.8284433979144203,个,0.45489375961773654,平方米,0.20449396048596838,千克,0.16905567781071545,套,0.10110827660079266,OTHER,0.026962300423947635
109021401,烹煮、调制、腌制食品设备,C 前3个>=90%,70417827.74,19,0.7729955828938497,0.8722259003327785,0.912595377512564,个,0.7729955828938497,套,0.09923031743892874,批,0.040369477179785555,UNKNOWN,0.03679168945065786,千瓦时,0.017219815477369626
107020235,硫酸铵,A 首要单位>=90%,70158750.71,8,0.9074389903713836,0.9966908276209241,0.9977512797989786,千克,0.9074389903713836,UNKNOWN,0.08925183724954046,立方米,0.0010604521780544687,套,0.001059026839105471,OTHER,0.0004665704515649863
109042303,冷阴极荧光灯,A 首要单位>=90%,69273704.22999999,7,0.9200047639779577,0.9812844059024849,0.9960645421949021,OTHER,0.9200047639779577,个,0.061279641924527145,套,0.014780136292417234,平方米,0.002105246740029857,UNKNOWN,0.0010081964112690558
104030602,已缝制整张毛皮及其块、片,B 前2个>=90%,68799935.03999999,9,0.8245705260770547,0.921089832325516,0.9471975081388099,个,0.8245705260770547,平方米,0.09651930624846126,OTHER,0.026107675813293908,千克,0.02263481788310712,千米,0.018565936279697978
107051001,硬质橡胶,D 前3个仍<90%,68466148.95,18,0.6396767519666373,0.7506200417016444,0.8607771439436276,千克,0.6396767519666373,个,0.11094328973500708,OTHER,0.11015710224198319,套,0.05036573975437536,千米,0.03989671365910817
106040304,教学或学生绘图用具、量具及类似器具,C 前3个>=90%,68386456.74000013,16,0.7110469531251234,0.8370366547521181,0.9249650317531574,个,0.7110469531251234,套,0.1259897016269946,OTHER,0.08792837700103924,千克,0.03673097305728309,副,0.015221726195840894
109024208,微波、射频、高频诊断治疗设备,B 前2个>=90%,68379863.42999999,12,0.5198438036716623,0.9154459062949316,0.9468380327532924,个,0.5198438036716623,套,0.39560210262326934,OTHER,0.031392126458360786,袋,0.017013780689851255,盒,0.015068660689192607
103011103,坚果酱,D 前3个仍<90%,68271136.08999999,14,0.6984044287346208,0.8036801061530424,0.8965398287690924,千克,0.6984044287346208,箱,0.10527567741842157,瓶,0.09285972261605001,OTHER,0.07466207832370644,个,0.019578652949877987
109012806,气体纯化设备,D 前3个仍<90%,67934915.51,14,0.4369385453291778,0.6603037925821363,0.8260056774743458,立方米,0.4369385453291778,套,0.22336524725295853,千克,0.16570188489220952,个,0.10132833342505174,瓶,0.03718491384048532
109020811,橡胶制品卷绕、包覆机械,D 前3个仍<90%,67801926.7,17,0.49970575541181494,0.6954461608242175,0.8712852513968458,个,0.49970575541181494,千克,0.1957404054124025,千米,0.17583909057262823,批,0.04460166365744293,套,0.034866355353881114
103030101,木质水解酒精,B 前2个>=90%,67626979.17,13,0.5933731107392299,0.916524512860331,0.9736916654885976,千克,0.5933731107392299,批,0.3231514021211011,瓶,0.05716715262826665,OTHER,0.009138329518556254,箱,0.00803581923471564
109023605,收获后处理机械,C 前3个>=90%,67584267.66,10,0.7336442044388057,0.8751929999088786,0.9937701974945097,个,0.7336442044388057,千克,0.14154879547007287,套,0.11857719758563114,UNKNOWN,0.005174044228150478,千米,0.000587118886892737
109022304,感光胶片生产设备,A 首要单位>=90%,67349225.58999999,13,0.9320955096374702,0.9679096114162165,0.9827706583136675,盒,0.9320955096374702,个,0.035814101778746235,OTHER,0.014861046897451047,批,0.0124790992418596,箱,0.0015984593595087249
306030201,出口货物保险服务,A 首要单位>=90%,67177347.17999999,8,0.9262454358799824,0.9954639459164188,0.9987324917762556,单,0.9262454358799824,UNKNOWN,0.06921851003643638,个,0.003268545859836676,次,0.000556674110690895,批,0.00035427269755429486
109042502,车辆用视觉信号装置,B 前2个>=90%,66995037.6,8,0.7337660332919942,0.9900417003422952,0.9988853637123715,套,0.7337660332919942,个,0.256275667050301,UNKNOWN,0.008843663370076233,批,0.0008724825314524489,OTHER,0.0002212775831026625
108040405,锤子,B 前2个>=90%,66937191.74000012,14,0.6556218777516352,0.929955407926111,0.9746560462741038,个,0.6556218777516352,千克,0.27433353017447587,套,0.04470063834799286,UNKNOWN,0.015985239628160088,批,0.006027617973087068
109011702,农用水泵,B 前2个>=90%,66830101.22000002,9,0.8648501963169704,0.959903181633996,0.9889960501843453,个,0.8648501963169704,套,0.09505298531702568,千克,0.029092868550349316,批,0.0077300616124968335,UNKNOWN,0.0022866586644382752
107040405,丙纶纤维加工丝,B 前2个>=90%,66699516.21,8,0.8729773860229323,0.9373534669000563,0.9904829464129632,千克,0.8729773860229323,平方米,0.06437608087712396,千米,0.05312947951290695,批,0.006431830759451321,个,0.0023952268183925407
106040111,文印类用品,D 前3个仍<90%,66384990.570000105,25,0.5715892347681935,0.6885629648738237,0.7500851216886755,个,0.5715892347681935,瓶,0.11697373010563032,OTHER,0.06152215681485175,套,0.057092088549798754,千克,0.05022561322026854
105010103,枕木,D 前3个仍<90%,66371931.199999996,18,0.42206310007143505,0.8399895775520241,0.8756939525363698,个,0.42206310007143505,立方米,0.417926477480589,千克,0.03570437498434579,批,0.030009708230397253,套,0.029558635623969914
304040701,农产品仓储服务,D 前3个仍<90%,66358412.050000004,13,0.36828890437561335,0.6497582048454096,0.8152479893466649,千克,0.36828890437561335,UNKNOWN,0.2814693004697963,批,0.16548978450125526,月,0.12095134696641674,OTHER,0.036521238154010344
304050199,其他融资租赁服务,D 前3个仍<90%,66304275.71,14,0.276290557340891,0.5350849974619232,0.7519702106101176,月,0.276290557340891,UNKNOWN,0.25879444012103214,个,0.21688521314819442,OTHER,0.0925455927885891,项,0.053341185347818953
109041206,内燃机电点火起动装置零件,B 前2个>=90%,65980967.369999975,11,0.6721692625586613,0.9790185499670403,0.9888120483917664,个,0.6721692625586613,套,0.306849287408379,千克,0.009793498424726117,千瓦时,0.006959597870472995,OTHER,0.0019765161863827953
108030900,汞及汞化合物,A 首要单位>=90%,65835209.49,10,0.9909807667568796,0.9971712232490384,0.9987213782616916,千克,0.9909807667568796,批,0.006190456492158721,瓶,0.001550155012653245,UNKNOWN,0.0005468201632360295,个,0.00034456197794047606
109021699,其他酒及饮料加工机械,C 前3个>=90%,65493056.04,15,0.4707120678743639,0.8851925577360796,0.9652593305676502,个,0.4707120678743639,套,0.4144804898617157,瓶,0.08006677283157057,千克,0.014028741145303258,OTHER,0.012623089988274123
109012703,工业用通风罩、循环气罩,D 前3个仍<90%,65412495.45,17,0.42534077776113954,0.6724392213964985,0.8999050364160965,个,0.42534077776113954,套,0.24709844363535896,千米,0.22746581501959806,平方米,0.025214608595092208,项,0.019308878851219548
108032203,铂加工材,A 首要单位>=90%,65260873.86,4,0.9848949209274349,0.9956624586332194,0.9994790141781899,千克,0.9848949209274349,个,0.01076753770578456,OTHER,0.0038165555449704487,套,0.0005209858218101402,,
101011215,其他蔬菜,D 前3个仍<90%,65156218.65000002,17,0.6707915460038749,0.7977434014274247,0.8547898698538118,千克,0.6707915460038749,批,0.12695185542354975,UNKNOWN,0.05704646842638709,袋,0.05140909232307019,个,0.04708949557802489
109030701,三轮运输车,A 首要单位>=90%,65082595.319999985,10,0.971053772352851,0.9924774896023615,0.9973927776056611,个,0.971053772352851,UNKNOWN,0.021423717249510577,套,0.004915288003299621,千克,0.0016717219014553586,OTHER,0.00077747360490479
109060305,电磁参量分析与记录装置,B 前2个>=90%,65012786.099999994,13,0.8009396485470726,0.9893448944191611,0.9938055554275038,个,0.8009396485470726,套,0.18840524587208854,OTHER,0.004460661008342789,批,0.003665213787845958,笔,0.0013225398442045849
102049907,钒矿石,B 前2个>=90%,64971094.7,13,0.8119701169203172,0.9062670043021455,0.945239215740042,千克,0.8119701169203172,套,0.09429688738182827,立方米,0.03897221143789655,个,0.03684150792059842,千米,0.015131387342931749
108031902,镍粉及镍片状粉末,A 首要单位>=90%,64690916.42999999,5,0.960527917041289,0.982168397301216,0.9974036540326068,千克,0.960527917041289,OTHER,0.02164048025992697,个,0.015235256731390845,瓶,0.0022012364000761463,批,0.0003951095673170386
109024401,热力消毒设备及器具,B 前2个>=90%,64214821.319999844,16,0.8427231856696845,0.9513975517513749,0.9799609055425461,个,0.8427231856696845,套,0.10867436608169039,千克,0.02856335379117122,箱,0.009683127465252933,千米,0.004114562410496179
104020106,男浴衣,B 前2个>=90%,64192941.50000001,8,0.8641385855483815,0.9612845547823977,0.9858433380872569,个,0.8641385855483815,套,0.09714596923401615,UNKNOWN,0.02455878330485916,千米,0.008935794132443673,批,0.00518148556878329
109012804,制氧设备,B 前2个>=90%,63948196.05000001,16,0.5156570167236171,0.9685106313487635,0.9744611666805573,套,0.5156570167236171,个,0.45285361462514634,瓶,0.005950535331793772,OTHER,0.005612256829252651,盒,0.0047517221558902745
103020204,代可可脂巧克力,D 前3个仍<90%,63624589.250000015,14,0.4096114704583339,0.6081383491210515,0.7335204975016794,千克,0.4096114704583339,箱,0.1985268786627176,个,0.12538214838062786,盒,0.11634057425368763,OTHER,0.0455357015919753
106020105,图片、设计图样及照片,D 前3个仍<90%,63530666.559999995,18,0.2812480396868671,0.5460415369204021,0.6777576762764568,UNKNOWN,0.2812480396868671,个,0.26479349723353507,项,0.13171613935605467,套,0.11961118104786966,批,0.06876056535428235
109012405,飞轮及滑轮,B 前2个>=90%,63122139.95999996,15,0.8123563648585782,0.9171734908969649,0.9840378714879046,个,0.8123563648585782,套,0.10481712603838667,千克,0.06686438059093969,UNKNOWN,0.008276673609783623,OTHER,0.005018305307784755
108031106,铱,A 首要单位>=90%,63037053.32,4,0.9970601087734982,0.9987578404148667,0.9997731162983239,千克,0.9970601087734982,OTHER,0.0016977316413685436,立方米,0.0010152758834571743,个,0.00022688370167617473,,
106051214,居民用煤制品,B 前2个>=90%,62909716.64999999,8,0.7202128477556893,0.9980964544687709,0.9990326317897985,千克,0.7202128477556893,盒,0.27788360671308165,个,0.000936177321027562,平方米,0.0006644442579920603,OTHER,0.0001592782567396924
109010202,航空器用发动机,C 前3个>=90%,62791917.57999999,18,0.7334061423005199,0.8838317294466037,0.9183454911459322,个,0.7334061423005199,套,0.1504255871460838,千克,0.034513761699328564,盒,0.029354179184791832,项,0.023929525612681572
109023604,收获机械,A 首要单位>=90%,62757187.87,8,0.9903471226076147,0.9971069003223009,0.9989807892582361,个,0.9903471226076147,千克,0.006759777714686182,套,0.001873888935935204,批,0.0009149122506722034,UNKNOWN,0.00010270504811897652
106010402,手工纸板,D 前3个仍<90%,62572514.55999999,16,0.7163256198857161,0.8015711419413347,0.8842267359568295,个,0.7163256198857161,平方米,0.08524552205561868,千克,0.08265559401549485,UNKNOWN,0.03508341011123975,批,0.032512548269883694
109022802,棉纺前纺设备,C 前3个>=90%,62525809.27,11,0.6456606692713343,0.8185578711822724,0.9206369046968753,个,0.6456606692713343,套,0.1728972019109382,千克,0.10207903351460293,UNKNOWN,0.04314625338714948,OTHER,0.02364717893718515
109032102,船舶自动化、检测、监控系统,D 前3个仍<90%,62471249.0,14,0.37765770746795857,0.5423707102446439,0.7019273272413683,套,0.37765770746795857,个,0.16471300277668532,UNKNOWN,0.15955661699672438,OTHER,0.12475573843577228,批,0.09793093539717768
108011003,玻璃陶瓷型材,D 前3个仍<90%,62314420.589999996,17,0.2935658818102797,0.5544255182490496,0.7851167267027621,千克,0.2935658818102797,个,0.26085963643876997,平方米,0.23069120845371244,OTHER,0.07236476881763142,套,0.04207556910864956
109024508,中医治疗器具,D 前3个仍<90%,62204363.24000001,13,0.4382532071716454,0.7500563886489195,0.8994393410014433,个,0.4382532071716454,批,0.3118031814772741,盒,0.14938295235252372,套,0.06880173491186756,立方米,0.016899136093463527
106040112,画具及类似用品,D 前3个仍<90%,62110556.83000019,20,0.6545593075469464,0.7816158202038781,0.8709327127441245,个,0.6545593075469464,套,0.1270565126569318,千克,0.08931689254024648,盒,0.06986233840853473,OTHER,0.01979188503114884
106040104,装订类文具,D 前3个仍<90%,61897928.359999985,20,0.3785673238321596,0.6877520564567079,0.7887039308660959,盒,0.3785673238321596,个,0.3091847326245483,OTHER,0.10095187440938799,千克,0.07415352567705874,包,0.050605278932472526
109021004,木材加工机械用零件、附件,D 前3个仍<90%,61657945.949999996,17,0.6958227900551721,0.7670126985474125,0.8168523891607194,个,0.6958227900551721,套,0.07118990849224034,千克,0.04983969061330692,UNKNOWN,0.049521397979687326,批,0.0478368524049089
109013303,喷射机械,C 前3个>=90%,61583307.8,20,0.6908543295233648,0.8769843959242476,0.9562961872924923,个,0.6908543295233648,套,0.18613006640088275,千克,0.07931179136824475,批,0.012838914118867775,桶,0.011400699557746068
102050301,耐火粘土,B 前2个>=90%,61158887.38000001,17,0.8057241408566646,0.9504752901866803,0.9641180301995219,千克,0.8057241408566646,个,0.1447511493300158,UNKNOWN,0.013642740012841612,批,0.008872570009791437,平方米,0.00554665093712828
107021615,木质素,A 首要单位>=90%,61018819.32,3,0.998817315693679,0.9999972795278269,1.0,千克,0.998817315693679,立方米,0.0011799638341478155,包,2.7204721731741303e-06,,,,
102040104,钴矿石,A 首要单位>=90%,60648555.70000001,5,0.9950920674603962,0.9980071487506174,0.998976668953058,千克,0.9950920674603962,个,0.0029150812902210624,套,0.0009695202024406987,OTHER,0.0007324749862097704,盒,0.0002908560607322096
106040999,其他游乐场设备,B 前2个>=90%,60594123.779999994,12,0.7741329778166156,0.9628728924578898,0.9750576548398107,套,0.7741329778166156,个,0.18873991464127415,UNKNOWN,0.012184762381920858,批,0.01058016586439366,平方米,0.007387423269378944
109023211,环境模拟和可靠性设备,B 前2个>=90%,60238746.80999999,13,0.6819391978649298,0.9662974328399712,0.9961465033339395,个,0.6819391978649298,套,0.28435823497504137,UNKNOWN,0.02984907049396834,批,0.002344291132838725,项,0.0006046938545201121
109032200,船用推进器及螺旋桨、锚制品,D 前3个仍<90%,60073612.870000005,9,0.32497565199294465,0.5480545383752279,0.7573272712672126,千克,0.32497565199294465,批,0.22307888638228326,个,0.20927273289198461,OTHER,0.13029855582248417,套,0.10165696831344913
302010102,包裹寄递服务,D 前3个仍<90%,59713363.67999999,14,0.692834290523424,0.786777694048,0.8757391049051685,UNKNOWN,0.692834290523424,批,0.09394340352457599,月,0.08896141085716842,个,0.045349251375483714,次,0.02919132506655
103011205,面筋,D 前3个仍<90%,59370787.070000015,15,0.5021230108479342,0.7594053575008467,0.8469185114678655,千克,0.5021230108479342,袋,0.2572823466529125,箱,0.0875131539670188,包,0.07444270571634852,个,0.04044853299937901
109021502,乳品加热及冷却设备,D 前3个仍<90%,59281745.389999986,16,0.4878755881718482,0.7562121137810177,0.8262906708928126,套,0.4878755881718482,个,0.26833652560916954,箱,0.07007855711179493,盒,0.04967840286458205,OTHER,0.03979830122204842
104010803,遮阳篷,D 前3个仍<90%,58995525.209999986,14,0.3244815351987947,0.6326141906043046,0.7936959841161485,个,0.3244815351987947,套,0.30813265540550994,平方米,0.1610817935118439,千克,0.10707721674675809,OTHER,0.030901184683257785
109023803,畜牧饲养机械,B 前2个>=90%,58815694.03,9,0.5942371318813798,0.9983932773121439,0.9993545042590054,套,0.5942371318813798,个,0.40415614543076406,千米,0.0009612269468615501,立方米,0.00025326573537331765,OTHER,0.0002138884902655972
109042602,信号发生器（电气装置）,B 前2个>=90%,58798875.06000001,15,0.5986008102040039,0.9330401565339063,0.980028575397034,个,0.5986008102040039,套,0.33443934632990235,千克,0.04698841886312781,批,0.010141734844272034,项,0.004263687013470559
104010304,亚麻印染布,C 前3个>=90%,58615741.07,12,0.8179741822719908,0.8910312676526226,0.9386075942347545,千米,0.8179741822719908,UNKNOWN,0.07305708538063187,千克,0.04757632658213187,个,0.04490410548348628,套,0.010239555434149184
301990100,其他旅客运输服务,C 前3个>=90%,58441741.97,14,0.6111897104014403,0.8487250492201577,0.9134021562430851,UNKNOWN,0.6111897104014403,千克,0.2375353388187173,OTHER,0.06467710702292744,个,0.04700961773881225,批,0.02269710236701899
106040110,固体胶,D 前3个仍<90%,58378808.560000025,17,0.3790950410927672,0.6507361912149308,0.8879750056344763,个,0.3790950410927672,千克,0.2716411501221635,盒,0.2372388144195455,OTHER,0.05474053049088122,套,0.017477033279145765
109060503,热学分析仪器,C 前3个>=90%,58361255.01999999,15,0.4931570909524967,0.7418057018335861,0.9871923607581118,个,0.4931570909524967,OTHER,0.24864861088108936,套,0.2453866589245257,千克,0.007675010413098551,UNKNOWN,0.0027027657295228607
106050801,室内陈设艺术陶瓷制品,D 前3个仍<90%,58249198.15999999,15,0.5123555149724656,0.7085594383055795,0.8037937465060548,个,0.5123555149724656,套,0.19620392333311396,千克,0.09523430820047533,UNKNOWN,0.08849467345182765,盒,0.06448376524742191
109042504,车辆用电气音响信号装置,A 首要单位>=90%,58241129.44000001,11,0.901580503930557,0.96990390902694,0.9896028297214972,个,0.901580503930557,套,0.06832340509638302,OTHER,0.019698920694557184,千克,0.0034595482940895377,UNKNOWN,0.0025954245986202144
109061008,空间扫描测量仪,B 前2个>=90%,58210209.11,10,0.4986703137442139,0.9592583983761607,0.9920569199618187,套,0.4986703137442139,个,0.4605880846319468,UNKNOWN,0.032798521585657985,OTHER,0.005482234214224419,千克,0.000818773901154261
109011104,卷扬机及绞盘,B 前2个>=90%,57992449.489999995,11,0.6813004654478857,0.9556370468461826,0.9796413655504657,个,0.6813004654478857,套,0.2743365813982968,千克,0.024004318704283104,OTHER,0.013223980134383527,UNKNOWN,0.006922368058780199
109040306,与内燃机配用发电机,A 首要单位>=90%,57985472.15999998,6,0.9942171749662614,0.9978314388877781,0.9995959332721246,个,0.9942171749662614,UNKNOWN,0.0036142639215167175,套,0.001764494384346495,批,0.00035577877063888355,瓶,3.86303657891953e-05
105010701,天然软木,C 前3个>=90%,57832167.320000015,15,0.4818703114791032,0.8336717094350806,0.9140996996963316,个,0.4818703114791032,立方米,0.3518013979559774,套,0.08042799026125101,平方米,0.047856191255742114,千克,0.017407182657182833
109060508,能谱仪及射线分析仪器,B 前2个>=90%,57715263.28,7,0.7499386890087838,0.996939104667288,0.9992109300484509,个,0.7499386890087838,套,0.2470004156585041,次,0.002271825381162846,箱,0.00047632113998389094,卷,0.00019838772881363177
109061402,供示范用机器或装置,B 前2个>=90%,57710967.57,5,0.6991100121664449,0.9337371225779295,0.9998265217094506,UNKNOWN,0.6991100121664449,个,0.23462711041148465,套,0.06608939913152109,千克,0.0001178285564481656,OTHER,5.564973410131304e-05
104011303,针织或钩编台布,B 前2个>=90%,57693635.44,12,0.5528096726227034,0.9022506878446763,0.9904064629351427,千克,0.5528096726227034,千米,0.34944101522197296,个,0.08815577509046639,平方米,0.004121251818968405,OTHER,0.0025232362095017257
106051006,灯彩,D 前3个仍<90%,57185662.15999999,16,0.6658367402211085,0.7785311326016479,0.8669030417326551,个,0.6658367402211085,套,0.11269439238053937,千克,0.08837190913100726,千米,0.06494023273892612,OTHER,0.05547218726128325
109021803,油脂加工机械,B 前2个>=90%,56270283.599999994,15,0.6199413455595237,0.9729334484818555,0.9876452694828785,套,0.6199413455595237,个,0.3529921029223318,千克,0.014711821001023,桶,0.005896647018142983,盒,0.0036628889497901875
108041802,暖气分布器及零件,C 前3个>=90%,56124073.07000001,17,0.43546235551218176,0.8382971278887619,0.9225721833377979,个,0.43546235551218176,千米,0.40283477237658005,套,0.084275055449036,平方米,0.03715187113022551,OTHER,0.02341049585551756
107030708,细胞因子,C 前3个>=90%,55976625.07,13,0.5566968153408896,0.829740081005566,0.9145135033772409,个,0.5566968153408896,盒,0.27304326566467646,瓶,0.08477342237167493,UNKNOWN,0.04758903179083712,OTHER,0.030559277338725772
107030117,抗组织胺类药及解毒药,A 首要单位>=90%,55972059.2700001,8,0.9804781254388177,0.995148765946056,0.9990563329152281,千克,0.9804781254388177,盒,0.014670640507238184,个,0.003907566969172182,OTHER,0.0004913165668489072,瓶,0.0004166968359604533
109024209,中医诊断、治疗仪器设备,B 前2个>=90%,55767981.480000004,14,0.5524160032768681,0.9196878886210675,0.9467375246302352,个,0.5524160032768681,套,0.3672718853441994,OTHER,0.027049636009167603,盒,0.025939306419379478,批,0.007026289810050338
109050105,载波通信设备,C 前3个>=90%,55353270.819999985,15,0.4563827437072127,0.865414759242948,0.9163419320773571,个,0.4563827437072127,套,0.4090320155357353,OTHER,0.05092717283440922,批,0.04504646397695927,千米,0.021331802484440797
304070303,电影放映服务,C 前3个>=90%,55277206.150000006,12,0.5657293144508897,0.8434635555472987,0.9396925725414942,UNKNOWN,0.5657293144508897,个,0.27773424109640893,批,0.09622901699419552,OTHER,0.017968437067979418,次,0.011914033755846756
104010904,绳梯类制品,D 前3个仍<90%,55054374.26,16,0.3723576842992893,0.6820407652381879,0.7716140842756715,千克,0.3723576842992893,个,0.3096830809388987,千米,0.08957331903748353,套,0.085169823706575,包,0.07538954126331031
109040303,交直流两用电动机,B 前2个>=90%,54832842.6,7,0.8264965767067491,0.9927922959806574,0.9985657701430202,个,0.8264965767067491,套,0.1662957192739083,千克,0.005773474162362686,UNKNOWN,0.0006775136622225745,批,0.0006120054771699908
103020599,其他罐头,D 前3个仍<90%,54728517.47,13,0.5128347142855649,0.661643254265919,0.7627550187684629,箱,0.5128347142855649,包,0.14880853998035404,千克,0.1011117645025439,个,0.08819194860605824,罐,0.03921204153166329
109030102,动车组,B 前2个>=90%,54242652.550000004,12,0.7916155114357513,0.9149543001100894,0.9384249471037346,个,0.7916155114357513,套,0.12333878867433815,千克,0.023470646993645223,OTHER,0.021826079742481175,UNKNOWN,0.017996270353854586
101011209,番茄等茄果类蔬菜,A 首要单位>=90%,54189963.44,14,0.9266208801856316,0.9649128414322473,0.9770685167304848,千克,0.9266208801856316,袋,0.03829196124661567,个,0.012155675298237476,盒,0.0056279787001089,箱,0.0051486163172801734
109025308,取证鉴定专用器材,B 前2个>=90%,54138573.23,12,0.6792106124367474,0.9759654859304832,0.9908552392414054,套,0.6792106124367474,个,0.29675487349373575,批,0.014889753310922266,UNKNOWN,0.005157320988379508,箱,0.0024936009936292886
106050305,漆线雕工艺品,A 首要单位>=90%,54074181.989999995,10,0.9909724640847961,0.9956751194120099,0.9991083659849185,千克,0.9909724640847961,个,0.004702655327213763,桶,0.0034332465729085366,套,0.0004266435321068091,平方米,0.000313458278539185
110020102,高炉煤气,B 前2个>=90%,54016236.25,6,0.7454684618090176,0.9772270286602946,0.9913682871601406,立方米,0.7454684618090176,千克,0.23175856685127705,OTHER,0.01414125849984596,套,0.008536692520852932,个,5.103354456688936e-05
109020804,橡胶挤出机,B 前2个>=90%,53913037.43999999,12,0.6748664921818213,0.9865810615696595,0.993429047836634,个,0.6748664921818213,套,0.31171456938783826,批,0.006847986266974463,千克,0.003919274632507147,千米,0.001919220376243005
107022001,动物炭黑,A 首要单位>=90%,53795720.58,11,0.9925971587385325,0.9975445225275203,0.9996462045717615,千克,0.9925971587385325,OTHER,0.004947363788987842,个,0.002101682044241148,UNKNOWN,0.00014380177301456272,箱,0.00011618024505695729
107021608,木材热解、水解产品,B 前2个>=90%,53737091.62,15,0.680680853899923,0.9212372338657654,0.9693017052045662,千克,0.680680853899923,盒,0.2405563799658423,UNKNOWN,0.04806447133880075,立方米,0.02575773954772136,个,0.0017473911811976839
109051499,其他真空电子器件,B 前2个>=90%,53683386.99999999,12,0.8759140368695439,0.971822797805213,0.9928569065509968,个,0.8759140368695439,套,0.09590876093566901,OTHER,0.02103410874578387,千克,0.005432324901556603,盒,0.0006668729750602361
109011603,灌装码垛系统搬运设备,B 前2个>=90%,53463847.51,7,0.567174055969845,0.9631416025636499,0.9784790696220509,个,0.567174055969845,套,0.39596754659380484,次,0.015337467058401014,UNKNOWN,0.01496338249600099,千米,0.006170345296198456
109011703,液体提升机,B 前2个>=90%,53225235.17999999,11,0.8397536202300346,0.9816216646729338,0.9892974879664965,个,0.8397536202300346,套,0.14186804444289916,千米,0.007675823293562759,OTHER,0.006660302933395137,批,0.002381577076574977
106040901,电动游乐设备,C 前3个>=90%,52721154.800000004,14,0.6926217050541541,0.8879189260475,0.9729402310057138,套,0.6926217050541541,个,0.1952972209933459,批,0.08502130495821386,OTHER,0.009164093272099572,UNKNOWN,0.008390711502396756
109031802,机动客船,A 首要单位>=90%,52511633.0,2,0.9995105846355987,1.0,1.0,OTHER,0.9995105846355987,个,0.0004894153644012556,,,,,,
109021902,配制、加工饲料用机械,C 前3个>=90%,52189002.49,11,0.6201129478610197,0.7964441408506406,0.9359935854179227,个,0.6201129478610197,千克,0.176331192989621,套,0.13954944456728208,UNKNOWN,0.04275746658364613,OTHER,0.008383302594906524
103010303,水果、坚果粉,D 前3个仍<90%,52011119.919999994,16,0.5746983934584734,0.6652191901119903,0.7488705540259399,千克,0.5746983934584734,个,0.09052079665351687,盒,0.08365136391394973,包,0.0800893735110328,袋,0.0717363222660636
104011402,领带,A 首要单位>=90%,51979814.63000001,9,0.969698211291986,0.9806921475741324,0.9902073713878499,个,0.969698211291986,UNKNOWN,0.010993936282146372,千米,0.00951522381371755,套,0.007540574216934254,千克,0.0014347338583419642
108010402,石膏龙骨，相关石膏制品,D 前3个仍<90%,51915054.28,16,0.2911031539809458,0.520973725927885,0.7041114082795483,千米,0.2911031539809458,平方米,0.22987057194693933,个,0.18313768235166333,OTHER,0.15900867396723833,千克,0.08846091319159455
109062004,眼镜盒（袋）,A 首要单位>=90%,51845849.64999998,9,0.9098166472038905,0.9387504579163551,0.962173012435143,个,0.9098166472038905,副,0.028933810712464626,UNKNOWN,0.0234225545187878,盒,0.019693010663197806,千克,0.012417576418289063
108041305,锌丝制品,C 前3个>=90%,51824483.65,7,0.5903163017814265,0.8007981221825449,0.9488590864136859,千克,0.5903163017814265,卷,0.21048182040111846,个,0.14806096423114096,平方米,0.033816367797038345,千米,0.009912973633650473
109024801,手术台床,B 前2个>=90%,51804718.749999985,11,0.648896239592074,0.9548404732918273,0.974890245688285,个,0.648896239592074,套,0.3059442336997533,千克,0.020049772396457614,OTHER,0.01661752540640905,千瓦时,0.007401158605846115
107021804,摄影、复印用化学制剂,D 前3个仍<90%,51580238.5,19,0.31721091983706123,0.5192278498285734,0.7066826022915733,千克,0.31721091983706123,个,0.20201692999151216,套,0.18745475246299995,瓶,0.07279606878901888,箱,0.07125537486609333
109011607,其他相关物料搬运设备,C 前3个>=90%,51569142.98999999,18,0.4624962312176675,0.7321812454265879,0.9498251619092885,个,0.4624962312176675,套,0.2696850142089205,千克,0.21764391648270057,UNKNOWN,0.03358589457916451,千米,0.011005224579940225
110020201,人工煤气,C 前3个>=90%,51170964.82,9,0.6468061584616415,0.8629669251954512,0.9618188467449733,立方米,0.6468061584616415,OTHER,0.21616076673380966,千克,0.0988519215495222,瓶,0.03153910534376358,UNKNOWN,0.0046409130809896655
108041903,金属制安全帽,B 前2个>=90%,51084850.51000001,16,0.6413087655720342,0.9113540203251933,0.9333006132741251,个,0.6413087655720342,OTHER,0.27004525475315905,平方米,0.02194659294893177,千克,0.020847558510355708,套,0.017389151208852188
105011005,草制品,C 前3个>=90%,50535716.45999999,13,0.828173133216127,0.8956215872753058,0.9507872357569421,个,0.828173133216127,OTHER,0.06744845405917889,千克,0.05516564848163627,套,0.02089084085382729,千米,0.013495670938786966
108012401,已加工石棉纤维,D 前3个仍<90%,50494401.08,17,0.5146886829853652,0.6731662289873823,0.7991003811704187,千克,0.5146886829853652,个,0.1584775460020171,套,0.12593415218303644,立方米,0.07848045991716117,平方米,0.054620063432981314
103020511,调味类罐头,D 前3个仍<90%,50422541.660000004,15,0.3208912243873587,0.6042376127217226,0.7267531856504991,箱,0.3208912243873587,千克,0.2833463883343639,瓶,0.12251557292877643,UNKNOWN,0.0891195608563458,袋,0.07024976376409027
307030200,娱乐服务,B 前2个>=90%,50132847.43,15,0.8797331997066659,0.9079174914920647,0.9258230573239953,UNKNOWN,0.8797331997066659,OTHER,0.028184291785398795,项,0.017905565831930644,次,0.01692675727595312,个,0.016419203619928914
107030114,诊断用原药,D 前3个仍<90%,50012535.86,15,0.4536979391230573,0.7334190260353657,0.875361454627108,千克,0.4536979391230573,OTHER,0.2797210869123084,盒,0.14194242859174228,个,0.041014104058669905,批,0.02686874354385117
109042305,高强度气体放电灯（HID灯）,B 前2个>=90%,49749495.190000005,12,0.7265721260477377,0.9402726078194,0.9745851793034043,个,0.7265721260477377,OTHER,0.21370048177166234,套,0.03431257148400424,瓦,0.01602528823569355,批,0.007595740390064448
107040304,维纶纤维,A 首要单位>=90%,49738441.06,8,0.9722991776453559,0.985970695801297,0.9942077854902516,千克,0.9722991776453559,立方米,0.013671518155941174,OTHER,0.008237089688954558,个,0.0022012073090092944,卷,0.0019052084862428136
109012999,其他利用温度变化加工机械,B 前2个>=90%,49723449.33000001,14,0.8064333653499578,0.9271729546362105,0.9739313688517997,个,0.8064333653499578,套,0.12073958928625272,千克,0.04675841421558916,千米,0.011548551392502519,OTHER,0.004031518382194262
105011099,其他棕、藤、草及类似制品,D 前3个仍<90%,49590764.64000001,15,0.520632974051275,0.7779520977355916,0.8731867210426623,个,0.520632974051275,千克,0.25731912368431664,UNKNOWN,0.09523462330707065,平方米,0.041408182045728575,OTHER,0.03307380259019131
109023606,设施农业设备,D 前3个仍<90%,49458424.59000001,12,0.47941843753741786,0.6702792245166418,0.8414554239241692,个,0.47941843753741786,千克,0.19086078697922387,平方米,0.1711761994075274,套,0.11689362849557755,批,0.026570212676481044
103010903,腌渍水产品,D 前3个仍<90%,49406871.010000005,15,0.6235889865149344,0.7312742754481912,0.8314903194676119,千克,0.6235889865149344,袋,0.10768528893325682,包,0.10021604401942068,箱,0.08531112138526013,个,0.021845968747576428
103020999,其他冷冻饮品,D 前3个仍<90%,49219473.050000004,15,0.5760171046772309,0.7268968435248211,0.7949029665607117,批,0.5760171046772309,个,0.15087973884759023,箱,0.06800612303589054,千克,0.067908603909769,盒,0.04582820233992733
109041299,其他相关电工器材,D 前3个仍<90%,48840740.78,19,0.602074186844469,0.7515637028386611,0.8269390536463521,个,0.602074186844469,套,0.1494895159941921,千克,0.075375350807691,批,0.06975287937063922,千米,0.060285773781828374
108012003,生物陶瓷制品,B 前2个>=90%,48732654.04999999,13,0.8793692673916659,0.9166407038731764,0.9430348226642502,个,0.8793692673916659,盒,0.0372714364815105,瓶,0.02639411879107373,千克,0.01912361963794993,套,0.01081530198333206
104011305,针织或钩编窗帘及类似品,D 前3个仍<90%,48444097.21999998,14,0.5888393331070937,0.8348166916258203,0.8943260476761135,千克,0.5888393331070937,个,0.24597735851872657,千米,0.05950935605029323,套,0.03645685442293398,批,0.03307792635133352
107020223,环聚醛,A 首要单位>=90%,48241358.0,9,0.9836258531528073,0.9897323819118028,0.9943046205291319,千克,0.9836258531528073,平方米,0.006106528758995549,盒,0.004572238617329139,个,0.0022432158729859967,桶,0.00207291013656788
106050402,画类工艺品,D 前3个仍<90%,47924208.230000004,19,0.34388290550168155,0.5423143663692407,0.7326647662385386,个,0.34388290550168155,OTHER,0.19843146086755917,套,0.19035039986929791,批,0.07834144138556172,平方米,0.0748523256301693
102050700,石棉,D 前3个仍<90%,47894460.23,19,0.6646923113262112,0.7843243878228379,0.8718225201720788,千克,0.6646923113262112,个,0.1196320764966266,平方米,0.08749813234924102,立方米,0.07841245526027722,千米,0.022727362930341142
106020499,其他磁介质复制品,C 前3个>=90%,47818460.68,16,0.45877971243803745,0.8293172060761534,0.9235886430043905,千克,0.45877971243803745,个,0.370537493638116,立方米,0.09427143692823697,盒,0.021478474534617747,OTHER,0.015965420867663106
109061608,微波测量仪器,B 前2个>=90%,47782363.20000001,6,0.6781584582656222,0.9990731144917503,0.9997857786991999,个,0.6781584582656222,套,0.32091465622612814,OTHER,0.000712664207449664,UNKNOWN,0.00018835401594369025,卷,2.42767398327423e-05
110020106,加压气化炉煤气,B 前2个>=90%,47456164.29,9,0.8589104146916717,0.9614880800557006,0.9892936437741754,千克,0.8589104146916717,OTHER,0.10257766536402894,瓶,0.027805563718474726,平方米,0.003795464776700351,UNKNOWN,0.0032988557407069787
109011102,手动葫芦,B 前2个>=90%,47096602.79999997,17,0.8946718263084572,0.9378006888853563,0.9593738206951946,个,0.8946718263084572,盒,0.0431288625768991,套,0.021573131809838324,千克,0.019310243328208816,千米,0.006833014715872463
107021503,鞣料及鞣料制剂,A 首要单位>=90%,47085184.38999999,6,0.9938323117183825,0.9988266538463055,0.9998885590007137,千克,0.9938323117183825,OTHER,0.004994342127923013,UNKNOWN,0.0010619051544081678,桶,5.755568413098446e-05,瓶,2.9036734542136945e-05
109061607,集成电路测试仪器,B 前2个>=90%,46659575.910000004,11,0.7655106799276523,0.9306128944196828,0.9823775142837556,个,0.7655106799276523,套,0.1651022144920305,盒,0.051764619864072825,项,0.008063725241003803,OTHER,0.004447200943280069
101011000,水生植物类,D 前3个仍<90%,46617793.260000005,20,0.3750274810841614,0.5074635547002294,0.6338829428323739,千克,0.3750274810841614,批,0.13243607361606802,次,0.12641938813214448,个,0.11179041961369753,袋,0.07236351732021044
106050501,天然植物纤维编织工艺品,D 前3个仍<90%,46500229.87,11,0.5635448216763838,0.7609524694592655,0.895367734447718,个,0.5635448216763838,套,0.19740764778288183,平方米,0.13441526498845244,千克,0.06038336795000451,千米,0.02233790247712597
109020502,玻璃材料加工机床,C 前3个>=90%,46169311.85,16,0.5287466089880652,0.7707905024796249,0.9082019183268377,个,0.5287466089880652,批,0.24204389349155958,套,0.1374114158472128,千克,0.04870107501938,OTHER,0.031035153927684106
109011209,悬臂起重机,B 前2个>=90%,45767913.129999995,7,0.8969655372617596,0.9808413903970368,0.9886124001651634,个,0.8969655372617596,套,0.0838758531352771,OTHER,0.007771009768126609,UNKNOWN,0.007308202562129801,千米,0.002414475392096603
101011212,竹笋等多年生及杂类蔬菜,D 前3个仍<90%,45710213.12,14,0.37067773575062235,0.723395014658816,0.8474982656129869,千克,0.37067773575062235,袋,0.3527172789081936,盒,0.124103250954171,包,0.04305757785099559,个,0.033895282787953014
306030101,一年期以上的返还性人身保险和健康保险服务,C 前3个>=90%,45502254.400000036,12,0.8417115456151992,0.8968475155376038,0.9372693782398615,UNKNOWN,0.8417115456151992,元,0.05513596992240451,次,0.04042186270225764,份,0.034865588769597285,月,0.02163591085719918
109061506,辐射无损检测、探伤仪器,D 前3个仍<90%,45454029.9,20,0.40747040847086696,0.6724568527201149,0.801830600063032,个,0.40747040847086696,套,0.26498644424924794,批,0.12937374734291712,UNKNOWN,0.0515056100669305,瓶,0.03554524656129555
103011401,鸡鸭鹅蛋品,D 前3个仍<90%,45108946.84000001,13,0.36293078572791604,0.5661501300525598,0.7583578340087889,千克,0.36293078572791604,袋,0.20321934432464375,个,0.19220770395622908,盒,0.12494260994367296,箱,0.07164568486742351
109024403,特种消毒灭菌设备,B 前2个>=90%,45093376.38000001,13,0.807487529945745,0.9695451110507418,0.9926097297041654,个,0.807487529945745,套,0.16205758110499682,UNKNOWN,0.023064618653423612,瓶,0.0032359603940573228,盒,0.0011898865045687223
109022703,日用杂品生产专用设备,C 前3个>=90%,44977498.12,18,0.47157236077051945,0.8762725851235054,0.9214922234985355,个,0.47157236077051945,千克,0.40470022435298586,套,0.04521963837503019,OTHER,0.04027285699989931,批,0.011555379728177734
106050601,刺绣工艺品,B 前2个>=90%,44970495.36,15,0.4782037544360285,0.9543626748255593,0.9711901196633828,千米,0.4782037544360285,个,0.4761589203895307,UNKNOWN,0.016827444837823554,套,0.01037585390742736,OTHER,0.00980616927765147
101011301,盆栽花,C 前3个>=90%,44970256.449999996,21,0.7094475884404255,0.8680963583875669,0.9039925726285244,OTHER,0.7094475884404255,UNKNOWN,0.1586487699471414,批,0.035896214240957486,平方米,0.027788279157122755,千克,0.016494523681996928
109020207,石油测井仪器设备,B 前2个>=90%,44958912.13,10,0.6382181656671682,0.9038830292978443,0.9911636020273072,个,0.6382181656671682,套,0.2656648636306761,OTHER,0.08728057272946296,批,0.005738186663726109,UNKNOWN,0.0015612922260447941
106040605,室外健身器材,D 前3个仍<90%,44795470.900000006,10,0.36819842628331423,0.6695622313460265,0.7486726855683082,千克,0.36819842628331423,个,0.30136380506271226,套,0.07911045422228168,副,0.06775197065737287,OTHER,0.06712114371366057
107022699,其他工业用香精,A 首要单位>=90%,44407960.47,11,0.9763319486219133,0.9928741402070519,0.996305950593907,千克,0.9763319486219133,个,0.016542191585138564,瓶,0.003431810386855175,盒,0.0013722746857777505,项,0.0007200510823189354
110030104,天然水,D 前3个仍<90%,44324935.78,19,0.40389375855740944,0.6818223904485936,0.816263935035982,千克,0.40389375855740944,立方米,0.2779286318911842,桶,0.13444154458738844,个,0.05738477259447481,箱,0.044941133358591866
109061501,离子射线测量或检验仪器,B 前2个>=90%,44113654.98,9,0.5235290279273069,0.976410331212143,0.9936566917856419,套,0.5235290279273069,个,0.4528813032848361,次,0.01724636057349878,盒,0.0016380415549960853,千米,0.0014836777870632927
103011104,果泥,D 前3个仍<90%,44065413.16,14,0.6048545516462825,0.782830568608244,0.8757694500645412,箱,0.6048545516462825,千克,0.17797601696196147,盒,0.09293888145629724,袋,0.06899000376920558,个,0.019154358474645472
106050203,银蓝工艺品,A 首要单位>=90%,43977873.99,7,0.9898268390577104,0.9949749867387803,0.9996927318495871,套,0.9898268390577104,个,0.005148147681069836,批,0.004717745110806798,OTHER,0.00019100514049201313,UNKNOWN,6.003018701177555e-05
109025307,警棍及类似警用器械,C 前3个>=90%,43552489.07999999,14,0.6102437798946576,0.8521183657684991,0.9274535495733371,个,0.6102437798946576,套,0.24187458587384145,批,0.07533518380483802,OTHER,0.03437292498369419,UNKNOWN,0.014213785780713872
109024305,洁牙、补牙设备,C 前3个>=90%,43127968.33999999,11,0.8233109647102843,0.8963712024464912,0.9413357274320425,个,0.8233109647102843,盒,0.07306023773620682,OTHER,0.04496452498555142,套,0.04357915437108208,UNKNOWN,0.005938202977265497
109025304,灭火器用装配药及灭火弹,C 前3个>=90%,43068958.82,16,0.7240600983722596,0.8449856371522101,0.9393004588077942,千克,0.7240600983722596,OTHER,0.12092553877995049,个,0.09431482165558418,套,0.03016543412228232,批,0.012615605644678085
109022905,生皮、皮革处理、鞣制及加工机械零件,D 前3个仍<90%,42934809.480000004,9,0.37276179174511614,0.591147994305715,0.7849941645997027,平方米,0.37276179174511614,OTHER,0.21838620256059885,个,0.19384617029398776,千米,0.10325218450229862,千克,0.09780764747439144
101010600,生麻,D 前3个仍<90%,42828200.48999999,18,0.6946104522170177,0.8429262536591811,0.8974580801958884,千克,0.6946104522170177,个,0.14831580144216333,批,0.054531826536707254,千米,0.029882658280233534,套,0.02939199372371296
301059902,其他无运输工具承运货物运输业务,D 前3个仍<90%,42755165.28,12,0.6120759449441661,0.7342204698407377,0.83010123589914,票,0.6120759449441661,UNKNOWN,0.12214452489657174,笔,0.09588076605840219,千克,0.034476589444726854,项,0.03181086007019174
103020513,婴幼儿辅助食品类罐头,D 前3个仍<90%,42561857.05000001,13,0.38806834322563927,0.6864933096240452,0.7750966806087706,OTHER,0.38806834322563927,个,0.29842496639840593,箱,0.0886033709847254,罐,0.06512963912132683,盒,0.056771390570703475
107020305,氢化物、氮化物、叠氮化物,B 前2个>=90%,42304355.90000001,13,0.8970239206502137,0.9602707765135836,0.987470219349209,千克,0.8970239206502137,立方米,0.06324685586336984,个,0.02719944283562534,瓶,0.007869767377784373,套,0.0024813756826398098
109023608,喷灌机械设备,B 前2个>=90%,41975688.39,11,0.7523544068314445,0.944092087586607,0.9866027312101457,个,0.7523544068314445,套,0.19173768075516245,千米,0.04251064362353868,批,0.00968135927216416,副,0.0013376361926056312
109062702,削笔类用具,B 前2个>=90%,41180352.030000046,15,0.8797811746146941,0.9318904018120896,0.9651590632601981,个,0.8797811746146941,OTHER,0.052109227197395545,千克,0.03326866144810852,盒,0.02679614465646419,套,0.0034201999996841662
109020806,橡胶注射机,B 前2个>=90%,40903680.39,19,0.8433581902921767,0.939136541351212,0.9564595082149281,个,0.8433581902921767,套,0.09577835105903534,批,0.017322966863716,千克,0.0087898293398532,UNKNOWN,0.00850393599508565
109020402,建筑材料专用窑炉,C 前3个>=90%,40836129.23,14,0.4771773132622149,0.7908053608145564,0.9560836559728951,个,0.4771773132622149,套,0.31362804755234147,千克,0.16527829515833867,批,0.016552462065954728,千米,0.012498416466589286
106050307,漆画工艺品,C 前3个>=90%,40353066.28,14,0.6323601892589561,0.8301959525837549,0.9365393650080759,千克,0.6323601892589561,个,0.19783576332479882,桶,0.10634341242432097,OTHER,0.03421198132554897,套,0.024987503874017873
101011203,葱蒜类蔬菜,A 首要单位>=90%,40128110.16999999,13,0.9260293376033661,0.9510615655289903,0.965604012893887,千克,0.9260293376033661,个,0.025032227925624248,UNKNOWN,0.014542447364896679,袋,0.007664011056018293,桶,0.006516628839289296
109031900,非金属船舶,C 前3个>=90%,40053239.08,13,0.6768303800812107,0.8660252692851627,0.9474866690357069,OTHER,0.6768303800812107,套,0.189194889203952,个,0.08146139975054423,UNKNOWN,0.026089899943243244,副,0.009986707921450831
107020406,微量元素肥料,A 首要单位>=90%,40038466.12999999,11,0.9566681577069696,0.9812989042195358,0.9922307578169953,千克,0.9566681577069696,立方米,0.024630746512566273,个,0.010931853597459483,桶,0.0028407681660606123,袋,0.0022693816417687033
106040107,橡皮,D 前3个仍<90%,39965147.88000002,17,0.6210435008153912,0.716066207134475,0.8063884103911391,个,0.6210435008153912,盒,0.09502270631908387,OTHER,0.0903222032566641,千克,0.07777151405350934,套,0.04755943918203761
109021901,饲料粉碎机（饲料专用设备）,C 前3个>=90%,39780414.9500001,8,0.6249177672290731,0.8232513356424911,0.9815075051146496,千克,0.6249177672290731,个,0.19833356841341798,套,0.15825616947215843,批,0.015268672304284208,副,0.002986494739919743
109010404,太阳能源原动机,D 前3个仍<90%,39368188.94,9,0.31141297428451126,0.5874420650959211,0.7461884519191703,个,0.31141297428451126,瓦,0.27602909081140986,套,0.15874638682324918,OTHER,0.10651423758382318,批,0.07558280124429824
107020219,过氧化醇、过氧化醚及过氧化酮,A 首要单位>=90%,39298069.68,5,0.9878016573357554,0.9961827300622772,0.9998419428727523,千克,0.9878016573357554,个,0.008381072726521766,OTHER,0.0036592128104751226,瓶,0.00012141410605794417,桶,3.664302118973697e-05
101010899,其他未加工烟草,A 首要单位>=90%,39184690.42,9,0.9905895188644444,0.9958604983665456,0.9979009840547823,千克,0.9905895188644444,个,0.005270979502101168,卷,0.002040485688236809,批,0.0007699435589926501,立方米,0.000586859045038233
109022904,毛皮及其制品制作及修理机械,D 前3个仍<90%,39155238.56,18,0.6410730181489156,0.8432204658747455,0.8893358286309468,个,0.6410730181489156,平方米,0.2021474477258299,套,0.046115362756201275,千米,0.030817820153258187,批,0.025547718179960436
107050106,翻新橡胶轮胎,B 前2个>=90%,39118160.71,13,0.7793479426604667,0.9479262929793306,0.9849415353557404,个,0.7793479426604667,批,0.16857835031886395,套,0.037015242376409775,千克,0.006019126045969967,平方米,0.0053172234129818825
109060406,手动测量长度器具,A 首要单位>=90%,39074908.15999997,15,0.9706553032625221,0.9834070614486122,0.9883551055798566,个,0.9706553032625221,套,0.012751758186090142,OTHER,0.004948044131244355,UNKNOWN,0.004615852947407156,千克,0.003158203712077518
108041106,锌丝,A 首要单位>=90%,38965255.93,7,0.9464440992316613,0.980948029923539,0.9972947763979949,千克,0.9464440992316613,个,0.034503930691877786,卷,0.016346746474455918,千米,0.0014122768781208415,箱,0.0011025206680838038
109062701,打字机及文字处理机,C 前3个>=90%,38315017.39,17,0.7044044387421848,0.8167311616089026,0.921549696574469,个,0.7044044387421848,包,0.11232672286671774,箱,0.10481853496556641,套,0.046514747777855574,OTHER,0.018276109674499615
109025099,其他地质勘查专用设备,B 前2个>=90%,38307976.730000004,14,0.5752045284277273,0.9678032405967789,0.9881704807018661,个,0.5752045284277273,套,0.3925987121690516,批,0.020367240105087114,千米,0.004578333678026122,副,0.003552342400099395
109062599,其他复印和胶版印制设备,B 前2个>=90%,38071208.18999999,21,0.8376787056728288,0.9209973622326484,0.9379293124030483,个,0.8376787056728288,套,0.08331865655981958,箱,0.01693195017039989,UNKNOWN,0.01683647198168943,千克,0.007791005699627629
304040201,客运港口码头服务,D 前3个仍<90%,37855743.02,11,0.25405839016074344,0.4776525165665603,0.6951995317089935,UNKNOWN,0.25405839016074344,千克,0.22359412640581688,OTHER,0.2175470151424332,次,0.16931512866128917,项,0.06876852472885367
101020203,薪材,B 前2个>=90%,37817275.66000001,12,0.743231250254477,0.9430081331247329,0.9666771754969935,千克,0.743231250254477,盒,0.19977688287025583,UNKNOWN,0.023669042372260606,平方米,0.011174146011976365,车,0.008250197682272703
109024803,医用家具零件,C 前3个>=90%,37327885.86,15,0.47482633992387596,0.7780505188246416,0.9116200544447337,批,0.47482633992387596,个,0.30322417890076564,套,0.13356953562009205,盒,0.05696313978173957,副,0.015975685369286542
108040401,手工锯,C 前3个>=90%,37011038.75,19,0.7517528602193041,0.8666365036836475,0.9153508030087374,个,0.7517528602193041,千克,0.11488364346434347,套,0.048714299325089874,盒,0.029231096627894564,OTHER,0.0237424195504375
107030105,抗寄生虫病药,A 首要单位>=90%,36681860.86,12,0.9480909006424927,0.9752490601972149,0.9909960200421523,千克,0.9480909006424927,盒,0.027158159554722224,个,0.01574695984493738,瓶,0.006734963118226058,OTHER,0.001149555638982924
108031001,镉,A 首要单位>=90%,36647280.920000024,7,0.924206899931718,0.9818968552824354,0.9985865532530754,千克,0.924206899931718,UNKNOWN,0.05768995535071743,个,0.01668969797064004,千米,0.0011611366227385574,瓶,0.0001744058451144701
109051505,半导体敏感器件,A 首要单位>=90%,36576971.24,8,0.9078468821848793,0.9841214873645727,0.995276525252286,个,0.9078468821848793,套,0.07627460517969338,UNKNOWN,0.011155037887713307,副,0.0021663904176227795,千克,0.0014785259185391207
102051101,天然宝石类矿石,C 前3个>=90%,36180699.9,12,0.391881940625477,0.725426128365195,0.9685781106185842,个,0.391881940625477,OTHER,0.3335441877397181,千克,0.24315198225338916,立方米,0.018943801581903615,套,0.004096613951904231
106040106,修正液,C 前3个>=90%,36135751.17000003,14,0.5170541498390555,0.8852348271248073,0.9347548924911417,OTHER,0.5170541498390555,个,0.36818067728575177,盒,0.0495200653663345,瓶,0.03361591445229115,袋,0.009484854442006047
108040408,切管器及类似手工工具,D 前3个仍<90%,36076609.819999985,17,0.6882975560589967,0.7954744119024874,0.8801992445641612,个,0.6882975560589967,套,0.10717685584349068,千克,0.0847248326616739,箱,0.03316330126276817,千米,0.03286568904106634
108040502,林业、园艺专用工具,C 前3个>=90%,35975565.53999999,15,0.6910660198616574,0.8793626013974818,0.9391762112101603,个,0.6910660198616574,套,0.18829658153582435,千克,0.05981360981267844,批,0.021102149989995687,盒,0.015389689687696847
306010999,其他融资性售后回租,A 首要单位>=90%,35958958.839999996,8,0.9781698529289231,0.9963577910978247,0.9980880720071482,UNKNOWN,0.9781698529289231,批,0.01818793816890167,个,0.0017302809093234582,OTHER,0.0011123792593100564,套,0.00033037664001508673
101011401,园艺产品,D 前3个仍<90%,35819568.9,19,0.3778623619895102,0.7048671724801244,0.8134604743944867,OTHER,0.3778623619895102,平方米,0.32700481049061425,批,0.10859330191436223,个,0.057258639704064085,UNKNOWN,0.034365499021960594
105020103,藤家具,B 前2个>=90%,35367323.56999999,9,0.6325096304141964,0.9291137514254375,0.9737901408297036,个,0.6325096304141964,套,0.2966041210112412,批,0.044676389404266145,千克,0.019325134927081513,立方米,0.003487129291983346
109031402,三轮脚踏自行车,A 首要单位>=90%,35285481.22000001,5,0.9875801631479068,0.9978233308050659,0.9995900628388823,个,0.9875801631479068,套,0.010243167657159128,UNKNOWN,0.0017667320338163714,OTHER,0.00020560382766971933,副,0.00020433333344801688
109012602,机械加煤机,C 前3个>=90%,35278876.72,7,0.4274016953451346,0.838710228923638,0.9704905938966643,套,0.4274016953451346,个,0.4113085335785034,千克,0.13178036497302628,OTHER,0.021442723531249666,项,0.006802937687183823
304050102,有形动产融资租赁售后回租服务,C 前3个>=90%,35232253.290000014,6,0.6327441108152863,0.8754617235552917,0.9934185390275387,期,0.6327441108152863,UNKNOWN,0.24271761274000553,批,0.11795681547224703,次,0.004671855604725642,个,0.0011461004116776427
108041502,铜弹簧,A 首要单位>=90%,35073095.16000001,14,0.9604120887060029,0.9769431295894788,0.9873544568000996,个,0.9604120887060029,千克,0.016531040883475876,套,0.010411327210620776,OTHER,0.004720495275501654,副,0.002849387530359039
109024007,竹、藤、棕、草材料制品加工机械,D 前3个仍<90%,34894036.550000004,15,0.44342828287660513,0.6326774326715147,0.7979111032369225,个,0.44342828287660513,OTHER,0.18924914979490956,千克,0.1652336705654078,批,0.10861342437609155,平方米,0.05823493642210906
109032401,民用飞机及直升机,A 首要单位>=90%,34853887.339999996,6,0.9218666152376449,0.9759774572106596,0.9887702626630457,个,0.9218666152376449,UNKNOWN,0.05411084197301477,套,0.01279280545238602,批,0.010417776257149056,次,0.0007660551530318914
108032302,包银金属材料,A 首要单位>=90%,34839099.550000004,12,0.9506886497587449,0.9906897745868979,0.993590251387539,千克,0.9506886497587449,个,0.040001124828153024,包,0.0029004768006410772,卷,0.0017907179234200384,UNKNOWN,0.0016179809675936356
109061701,纺织专用测试仪器,B 前2个>=90%,34746149.980000004,18,0.5347173851115691,0.9653771275179419,0.9740694862447029,个,0.5347173851115691,套,0.4306597424063729,项,0.008692358726761011,批,0.006839318892504245,UNKNOWN,0.006511818435430582
109023601,土壤耕整机械,A 首要单位>=90%,34622610.8,6,0.97747813951685,0.9966959161265793,0.999054779543084,个,0.97747813951685,套,0.01921777660972927,UNKNOWN,0.002358863416504685,批,0.0008480007521558716,盒,9.375376163140188e-05
106051111,Spa气泡按摩机,A 首要单位>=90%,34369501.25,12,0.9787994886891179,0.9867801948391671,0.9943246744088263,个,0.9787994886891179,批,0.00798070615004924,套,0.007544479569659161,UNKNOWN,0.0029069930131732707,月,0.0011638222419651783
103011402,其他蛋品,C 前3个>=90%,33997177.66,11,0.7716239592695648,0.862404358479915,0.9174252119374311,千克,0.7716239592695648,个,0.09078039921035022,盒,0.0550208534575161,箱,0.05357425249281708,袋,0.0070601084125405025
109031805,其他机动船,B 前2个>=90%,33916272.68,6,0.8492409343372458,0.9533646991541997,0.9829964838577304,OTHER,0.8492409343372458,个,0.10412376481695394,套,0.029631784703530693,项,0.01450631101601345,立方米,0.0017873662171535533
103020903,冰棍,C 前3个>=90%,33882686.77,12,0.49783347036501846,0.8560315640517902,0.905199684965833,箱,0.49783347036501846,个,0.3581980936867717,OTHER,0.049168120914042844,盒,0.03650482644413975,袋,0.0232693335493713
109024304,牙科手机,D 前3个仍<90%,33816724.05,11,0.37090382827901397,0.7186022668567744,0.8197486985733026,个,0.37090382827901397,批,0.3476984385777605,套,0.10114643171652815,UNKNOWN,0.09293857073065598,千克,0.05431330359748434
109061804,组装钟表机心,A 首要单位>=90%,33793193.23,7,0.9732703150053867,0.9887995012065335,0.9978154943956448,个,0.9732703150053867,套,0.0155291862011467,批,0.009015993189111239,UNKNOWN,0.00131289457311815,千米,0.0007480204616342498
109021801,制糖机械,A 首要单位>=90%,33734699.54,10,0.9488993029875374,0.9924543569834327,0.9965421064485344,个,0.9488993029875374,套,0.04355505399589517,OTHER,0.004087749465101654,千克,0.0015410304733367724,千米,0.0013048878632461061
109022005,谷物磨粉工业用机械零件,A 首要单位>=90%,33707060.339999996,9,0.9704145991984777,0.9870354861684152,0.9918290913766468,个,0.9704145991984777,套,0.01662088696993741,千克,0.004793605208231576,OTHER,0.003162956333913277,UNKNOWN,0.0026530940134781274
107020232,硅酸酯及其盐,A 首要单位>=90%,33507516.959999997,9,0.9936054357517514,0.9949289883161787,0.9962418749156995,千克,0.9936054357517514,个,0.0013235525644273226,立方米,0.001312886599520802,OTHER,0.0009266577418155547,套,0.0009020662448990969
109061102,水文仪器,B 前2个>=90%,33487479.249999993,13,0.5216729443736795,0.9434515603320606,0.9876982529223964,个,0.5216729443736795,套,0.421778615958381,UNKNOWN,0.04424669259033584,OTHER,0.0103384610533204,副,0.0005661817617998227
103040102,烟梗,A 首要单位>=90%,33138462.09,8,0.9615539548413606,0.987958958719439,0.9974643720709854,千克,0.9615539548413606,盒,0.026405003878078277,个,0.009505413351546393,OTHER,0.0015897237432722395,瓶,0.000563333323957521
109032104,船用环保设备,C 前3个>=90%,33135744.27,16,0.41367533435518034,0.7622161700730679,0.9540455132803934,套,0.41367533435518034,OTHER,0.34854083571788746,个,0.19182934320732556,千克,0.01650843136471369,批,0.009417926377544438
109024602,电疗仪器,B 前2个>=90%,33122474.6,10,0.8581561469444073,0.9514267463578944,0.9803330105051994,个,0.8581561469444073,套,0.09327059941348706,袋,0.02890626414730498,UNKNOWN,0.0072351321238540555,盒,0.005052860996080287
108020403,铸铁空心异型管,C 前3个>=90%,33055743.770000003,12,0.45023569318404116,0.8977320364194001,0.975673958341552,千克,0.45023569318404116,个,0.447496343235359,千米,0.07794192192215192,套,0.014284103945303541,平方米,0.005929371953139385
109020906,塑料二次加工机械,B 前2个>=90%,33055062.720000003,9,0.8160700576640745,0.9014014634427533,0.947175380522164,个,0.8160700576640745,套,0.08533140577867886,OTHER,0.0457739170794107,副,0.0357282637762304,批,0.010749330685281482
109022002,乳品加工机械零件,A 首要单位>=90%,32981298.62999997,14,0.9663039581167638,0.9799416139606387,0.9870599734477467,个,0.9663039581167638,套,0.01363765584387483,千克,0.007118359487107928,次,0.006790126808296639,OTHER,0.002616257199815424
301040301,国内固体管道运输服务,A 首要单位>=90%,32947742.55,5,0.9429140859302969,0.9994217509751666,0.9997131214684692,千克,0.9429140859302969,UNKNOWN,0.05650766504486967,次,0.00029137049330258286,个,0.00017482229598154972,立方米,0.00011205623554928499
307050300,员工制家政服务,D 前3个仍<90%,32564808.54,15,0.5361565248741977,0.7853710900398863,0.8725403382948923,UNKNOWN,0.5361565248741977,月,0.24921456516568852,项,0.08716924825500602,OTHER,0.07015238542532515,次,0.033064529726235574
104010807,充气褥垫,B 前2个>=90%,32507252.56999999,12,0.7005288813923286,0.9691027422930563,0.9804957214198677,个,0.7005288813923286,套,0.2685738609007277,UNKNOWN,0.01139297912681152,OTHER,0.00879030515989251,千克,0.006168588057947958
108041114,钼丝,C 前3个>=90%,32424726.84999999,11,0.37647274336252434,0.6892847064955304,0.9745713376765115,OTHER,0.37647274336252434,千米,0.3128119631330061,千克,0.285286631180981,盒,0.010699363532186548,个,0.007524830081953337
108040410,打孔冲及类似手工工具,C 前3个>=90%,32403190.84,16,0.45878171669589807,0.8424589971646138,0.9334743516265387,套,0.45878171669589807,个,0.38367728046871574,千克,0.09101535446192494,OTHER,0.02318874347005513,副,0.021828817214101254
102050505,硫磺矿石,A 首要单位>=90%,31993221.56,7,0.9492282411462162,0.9803097040784536,0.9929248763030791,千克,0.9492282411462162,个,0.03108146293223745,套,0.012615172224625448,OTHER,0.0037507945167370013,桶,0.0033213285445706144
108032105,铋材,A 首要单位>=90%,31962770.31,2,0.9999718422404794,1.0,1.0,千克,0.9999718422404794,个,2.8157759520563913e-05,,,,,,
109012902,发酵、提取设备,C 前3个>=90%,31698860.19,11,0.5193125633328962,0.830810325107781,0.9813980939230735,个,0.5193125633328962,套,0.3114977617748848,千克,0.15058776881529254,批,0.017429648785109834,UNKNOWN,0.0005867718867023401
109042304,卤钨灯,B 前2个>=90%,31581315.57999999,11,0.7383060246789123,0.9286732152023921,0.9815287571373554,个,0.7383060246789123,OTHER,0.19036719052347986,套,0.05285554193496332,千克,0.00967914079531199,批,0.006637557560545426
107030107,计划生育用药,C 前3个>=90%,31338890.42,12,0.3693489732684671,0.7276807409060784,0.926402796362948,个,0.3693489732684671,千克,0.3583317676376112,套,0.19872205545686963,盒,0.03537294891884688,包,0.01450122687528131
101010108,黑麦,D 前3个仍<90%,31044649.889999993,23,0.627724518364668,0.8175475510250632,0.8758870786543761,千克,0.627724518364668,个,0.18982303266039513,批,0.05833952762931289,平方米,0.0410262204441952,套,0.03306463701916788
109060802,计数装置,A 首要单位>=90%,30925663.78,8,0.9337693789025601,0.980234746314635,0.9929556486952145,个,0.9337693789025601,套,0.04646536741207499,UNKNOWN,0.012720902380579395,千克,0.0035427908930076328,盒,0.00300428927446614
108040501,农林牧通用金属手工具,B 前2个>=90%,30775768.89000002,15,0.828572690779652,0.9140497035360992,0.9802636859481564,个,0.828572690779652,套,0.08547701275644712,千克,0.06621398241205725,批,0.013655874577890999,OTHER,0.0026669553015349523
108041105,铅丝,C 前3个>=90%,30736994.06,17,0.6223160866889272,0.8769281640678432,0.9240322041432572,平方米,0.6223160866889272,千克,0.25461207737891595,个,0.04710404007541394,箱,0.04150821799651284,OTHER,0.023546055889109928
106010506,纸浆制滤块、滤板及滤片,D 前3个仍<90%,30677605.04999999,17,0.5394116481071262,0.7882773789083642,0.8640381919252852,个,0.5394116481071262,批,0.24886573080123808,份,0.07576081301692097,盒,0.0594565171246965,套,0.03742935141542284
109010701,砂轮机,A 首要单位>=90%,30616485.74000001,16,0.9394754572508295,0.9646372294588503,0.9849533514750148,个,0.9394754572508295,千克,0.025161772208020888,套,0.02031612201616448,箱,0.0062176371781067765,OTHER,0.003086542355073047
109062302,非自动洗印用装置和设备,B 前2个>=90%,30445253.720000006,14,0.558940413060877,0.9834791082831548,0.9962971834284323,套,0.558940413060877,个,0.4245386952222777,UNKNOWN,0.01281807514527752,批,0.0016183284413765098,箱,0.00089544335057031
105011002,藤制品,C 前3个>=90%,30381976.14000002,11,0.47829606813719294,0.7357738465395294,0.971972716781944,个,0.47829606813719294,千克,0.2574777784023365,套,0.23619887024241462,OTHER,0.025879683940795813,UNKNOWN,0.0010661452649011257
108011201,玻璃计、量器,C 前3个>=90%,30315054.350000013,17,0.7447474937481021,0.8790017287236036,0.9256860966175374,个,0.7447474937481021,千克,0.13425423497550149,套,0.046684367893933834,盒,0.021559719552341816,批,0.012834755811678096
109022003,酒及饮料加工机械零件,B 前2个>=90%,30185722.59,11,0.823534855787595,0.919642029016606,0.9899267115738771,个,0.823534855787595,套,0.09610717322901098,千米,0.0702846825572712,OTHER,0.004861565250341751,批,0.002787410496771547
109061003,电子速测仪,B 前2个>=90%,30096191.35,6,0.5518787728600748,0.9790658428279828,0.9924200375606661,套,0.5518787728600748,个,0.42718706996790806,OTHER,0.013354194732683343,UNKNOWN,0.006645359131131388,副,0.0008951298749633979
107030803,牙科用造型膏及类似制品,D 前3个仍<90%,30018100.81,15,0.19459289769771415,0.38017895310013117,0.5379324635561447,瓶,0.19459289769771415,个,0.185586055402417,套,0.15775351045601343,盒,0.15135443773599613,箱,0.09039931563878309
101011201,萝卜等根菜类蔬菜,D 前3个仍<90%,29854383.76,16,0.747746711486635,0.8360829642527514,0.8925232674104274,千克,0.747746711486635,袋,0.08833625276611641,个,0.05644030315767603,瓶,0.03719258648666878,批,0.0242051789046876
106040902,非电动游乐设备,C 前3个>=90%,29710037.79,10,0.5487574033139593,0.8425103238483629,0.969300464158043,套,0.5487574033139593,个,0.29375292053440366,批,0.12679014030968017,OTHER,0.011061402961615015,UNKNOWN,0.009921159040033656
108031302,碱土金属,B 前2个>=90%,29605092.94,6,0.7658478240872565,0.989271251718624,0.9994350434895137,千克,0.7658478240872565,个,0.22342342763136752,UNKNOWN,0.010163791770889809,盒,0.00046264066887945394,瓶,9.3702458749991e-05
109062101,电影摄影机,B 前2个>=90%,29595153.84,5,0.5258249436421919,0.9779481463915243,0.9978928982651304,套,0.5258249436421919,个,0.4521232027493323,UNKNOWN,0.019944751873606073,次,0.0016894657912682098,副,0.0004176359436015015
101010799,其他糖料,B 前2个>=90%,29489220.71,14,0.87793657060665,0.9703842743560923,0.9779895143251481,千克,0.87793657060665,OTHER,0.09244770374944236,批,0.007605239969055798,UNKNOWN,0.00677068960090536,箱,0.005146818950984751
106040808,儿童娱乐塑形用膏、泥,D 前3个仍<90%,29446210.55,13,0.7244302870068285,0.8063740721299707,0.8643827648647987,个,0.7244302870068285,套,0.08194378512314211,OTHER,0.05800869273482798,盒,0.04461838604899875,桶,0.03350587839901185
104030402,毛皮手套,B 前2个>=90%,29208909.26,15,0.6732967987589962,0.9106872880196006,0.9439786776892469,个,0.6732967987589962,副,0.23739048926060444,OTHER,0.033291389669646294,套,0.02965325518629106,UNKNOWN,0.012254385359407288
108010803,玻纤胎沥青瓦,C 前3个>=90%,29184087.62,10,0.5707408512091083,0.8288957422613441,0.9760841692538752,千克,0.5707408512091083,平方米,0.2581548910522357,个,0.14718842699253107,OTHER,0.015924897363640795,卷,0.0021423489681806265
108041303,铝丝制品,D 前3个仍<90%,29108311.44,10,0.39224253882038307,0.7566938352092882,0.8352065783723798,个,0.39224253882038307,千克,0.36445129638890517,平方米,0.07851274316309156,千米,0.06212780647643091,OTHER,0.061977816326401106
109020406,复合材料成型设备,C 前3个>=90%,28885887.18,15,0.7141340333933964,0.8157482414566435,0.9080335129246324,个,0.7141340333933964,套,0.10161420806324703,千米,0.09228527146798889,千克,0.03801122649126126,平方米,0.02298154513528776
109031403,特种脚踏自行车,A 首要单位>=90%,28617324.11000007,5,0.9501787950361933,0.9969329106501146,0.999052358637874,个,0.9501787950361933,套,0.046754115613921274,UNKNOWN,0.0021194479877594623,千米,0.0008037089670435977,箱,0.00014393239508234335
101030106,羊,B 前2个>=90%,28412619.86,12,0.7193081504170732,0.9062033056743258,0.9349165793541152,千克,0.7193081504170732,个,0.18689515525725264,袋,0.028713273679789417,批,0.02575158516198865,UNKNOWN,0.0168333392822157
109025001,地质钻探机,C 前3个>=90%,28372419.799999997,10,0.47517805865821855,0.8455264996466745,0.914838388229403,套,0.47517805865821855,个,0.370348440988456,UNKNOWN,0.0693118885827285,千米,0.04197875995053479,OTHER,0.03518018579437486
108013002,泥炭制品,C 前3个>=90%,28262689.68,14,0.8665502231845614,0.8949008157527915,0.9181885851566269,千克,0.8665502231845614,千米,0.028350592568230047,平方米,0.023287769403835454,包,0.022522223015824447,立方米,0.021229401971058263
107020503,动物、植物肥料,A 首要单位>=90%,28168795.429999996,11,0.9478722537621838,0.9857521592999122,0.990481215262956,千克,0.9478722537621838,个,0.037879905537728464,包,0.004729055963043714,箱,0.0026345897603048487,立方米,0.0025560198404266663
107022305,高档护肤类化妆品,D 前3个仍<90%,28132865.84,11,0.30370633936098135,0.5654660574032724,0.797429881747163,个,0.30370633936098135,瓶,0.261759718042291,UNKNOWN,0.2319638243438906,盒,0.08928693771498111,套,0.07486815107920054
101020301,原竹,C 前3个>=90%,28090621.51,14,0.42166937480480116,0.7240656531134188,0.9469395527802973,立方米,0.42166937480480116,个,0.3023962783086176,千克,0.2228738996668785,套,0.021377597494104002,车,0.017575082837674103
106010105,秸秆浆,B 前2个>=90%,27836806.74,13,0.8521991344614982,0.9196727688313864,0.979460159876082,千克,0.8521991344614982,OTHER,0.06747363436988822,个,0.05978739104469567,份,0.008406052539918593,箱,0.0037331225154742737
104011301,针织或钩编床罩,D 前3个仍<90%,27789397.62,13,0.4731457986169907,0.6886956436301479,0.8969352564181274,千克,0.4731457986169907,个,0.2155498450131572,千米,0.20823961278797953,OTHER,0.060707554480628576,套,0.025551811151493395
104030605,人造毛皮制品,C 前3个>=90%,27773851.790000003,10,0.5107786175019405,0.8500362250258843,0.9314935726457262,千米,0.5107786175019405,个,0.33925760752394374,千克,0.08145734761984195,车,0.020111002399786332,套,0.01832117143302434
105010509,木制栏杆,B 前2个>=90%,27682794.3,9,0.7671996399583115,0.9537944617823497,0.9857284938175479,千米,0.7671996399583115,个,0.18659482182403822,套,0.03193403203519812,UNKNOWN,0.007022506033648489,平方米,0.0035038731621106615
109024005,农产品清洁、分选机械,C 前3个>=90%,27661969.16999999,11,0.7160496748540045,0.8965988363871782,0.988483962293419,个,0.7160496748540045,OTHER,0.1805491615331737,套,0.09188512590624079,UNKNOWN,0.010092412376150446,次,0.0008510449800345869
109021808,淀粉加工机械,B 前2个>=90%,27640754.44,14,0.5718691830323283,0.95405738172753,0.9721807311132133,个,0.5718691830323283,套,0.38218819869520176,千米,0.01812334938568341,千克,0.01482833802129751,包,0.004332777900833592
103040302,烟草代用品制的雪茄烟,B 前2个>=90%,27546845.84,4,0.7009928055705125,0.9692936779436379,0.999979743597389,千克,0.7009928055705125,个,0.2683008723731254,批,0.030686065653751086,瓶,2.025640261106569e-05,,
107020501,有机肥料,B 前2个>=90%,27467932.05,11,0.8727838752608243,0.9185855223491424,0.9394353991785122,千克,0.8727838752608243,袋,0.04580164708831803,桶,0.020849876829369833,个,0.020749923909907153,瓶,0.01309513032671129
109061004,水准仪,B 前2个>=90%,27080855.659999996,9,0.672169052135482,0.9491574691255529,0.9923244301210534,个,0.672169052135482,套,0.2769884169900709,OTHER,0.04316696099550055,UNKNOWN,0.00256823495066773,千克,0.001934170790525162
108040402,锉及类似工具,B 前2个>=90%,27064614.58000004,17,0.7692308419342733,0.9079002834999914,0.9450092601318691,个,0.7692308419342733,套,0.1386694415657182,千克,0.037108976631877774,批,0.033844995918652344,平方米,0.006960675513894561
109024099,其他农产品初加工机械,B 前2个>=90%,26852294.900000002,12,0.5958592373421312,0.9547446274321976,0.9850092809013504,个,0.5958592373421312,套,0.35888539009006637,OTHER,0.030264653469152834,千米,0.0055769989327802295,千克,0.0029204207793800145
109051401,电子管,B 前2个>=90%,26830158.340000004,11,0.8602338445983244,0.9489362655770297,0.9924266939678448,个,0.8602338445983244,UNKNOWN,0.08870242097870525,套,0.04349042839081508,批,0.005065195601078215,千克,0.0014937668086829484
108012802,天然石制磨具,C 前3个>=90%,26820333.58,17,0.7200664507916982,0.8938245536169055,0.9258034452083053,个,0.7200664507916982,卷,0.1737581028252073,套,0.031978891591399806,千克,0.01901414792172022,副,0.013736219905733179
109011101,起重滑车,B 前2个>=90%,26705311.06999999,15,0.6043452554323681,0.9625745576458473,0.978920384094219,个,0.6043452554323681,套,0.35822930221347926,千米,0.016345826448371722,批,0.006872917882098277,千克,0.005111642760579911
106050399,其他漆器工艺品,C 前3个>=90%,26600406.3,15,0.659129802464709,0.8870761921407193,0.9443962226246145,千克,0.659129802464709,个,0.22794638967601027,桶,0.05732003048389528,批,0.013400930646687152,UNKNOWN,0.011322654120512438
107060307,航空航天用纤维增强塑料制品,B 前2个>=90%,26574139.64,12,0.534898799079239,0.9098136770383884,0.9484341333881843,平方米,0.534898799079239,个,0.3749148779591495,千克,0.03862045634979586,千米,0.025407547681570018,套,0.017638477721192557
109022817,织造辅助机械及装置,B 前2个>=90%,26538295.19,9,0.5044122146566566,0.969620536126081,0.9982739968912071,个,0.5044122146566566,套,0.46520832146942437,OTHER,0.02865346076512611,千克,0.000618471528878943,UNKNOWN,0.0005426120968548922
102050516,天然硝石,A 首要单位>=90%,26365299.4099999,2,0.9996556079315164,1.0,1.0,千克,0.9996556079315164,个,0.0003443920684836264,,,,,,
109030200,工矿有轨专用车辆（窄轨机车车辆）,A 首要单位>=90%,26345595.19,13,0.9073861936918344,0.9749633642647646,0.9872243163393114,个,0.9073861936918344,套,0.06757717057293022,千克,0.012260952074546774,副,0.005866084971147695,UNKNOWN,0.0035927652921626777
302030200,邮政代理服务,D 前3个仍<90%,26306162.25,13,0.6099399181649919,0.7311215291390518,0.8185712360988726,项,0.6099399181649919,UNKNOWN,0.1211816109740599,个,0.0874497069598208,套,0.06717570747135493,月,0.059289975678607394
109031500,残疾人用车,A 首要单位>=90%,26264331.23000003,10,0.9945376937739755,0.9971010958042963,0.9988314410242838,个,0.9945376937739755,UNKNOWN,0.0025634020303207977,OTHER,0.0017303452199875394,盒,0.0003967738568609267,千克,0.00030703237517767137
109023602,种植施肥机械,B 前2个>=90%,26190256.96,6,0.8737434953368246,0.9442051484171463,0.974750553191976,个,0.8737434953368246,千克,0.07046165308032167,批,0.030545404774829667,套,0.024295217911447325,卷,0.0009472988385677908
109010303,水轮机,D 前3个仍<90%,25986529.759999998,14,0.46006376035643476,0.6796653794531125,0.8341450670864796,个,0.46006376035643476,套,0.21960161909667775,UNKNOWN,0.1544796876333672,项,0.13568979900608322,千克,0.02254020276695845
107040401,人造纤维长丝纱,A 首要单位>=90%,25960081.12,14,0.9214045148561538,0.950056069393361,0.9715718053195359,千克,0.9214045148561538,千米,0.028651554537207087,平方米,0.021515735926174954,立方米,0.021104781509249767,个,0.003309619858383555
106051113,高温竹炭制品,D 前3个仍<90%,25940676.06,17,0.3202208269663732,0.5759358624826836,0.7534351647117404,个,0.3202208269663732,箱,0.2557150355163103,千克,0.17749930222905688,包,0.13423976044208,盒,0.04445627351163184
109024616,医用低温设备,C 前3个>=90%,25931413.65,12,0.8009585867679837,0.8830566562652477,0.9418987541390749,个,0.8009585867679837,袋,0.08209806949726399,立方米,0.05884209787382726,套,0.026531488382624292,盒,0.024940211464329475
108011203,耐热玻璃制仪器和器皿,C 前3个>=90%,25879124.19,15,0.6235741411309329,0.8956391224768105,0.9553108060570732,个,0.6235741411309329,千克,0.2720649813458776,套,0.059671683580262605,瓶,0.01656112343112489,盒,0.009339171535541828
109022808,粗纱机,A 首要单位>=90%,25814637.55,5,0.9665521734199208,0.9870525968318312,0.9986696183537933,个,0.9665521734199208,千克,0.020500423411910346,套,0.011617021521962062,OTHER,0.0009352569817506502,平方米,0.0003951246644561159
107021706,焰火制品,D 前3个仍<90%,25651235.33,9,0.39418559223050104,0.7710938149971742,0.8834646604132963,箱,0.39418559223050104,个,0.37690822276667324,千克,0.11237084541612212,批,0.09097685822837133,UNKNOWN,0.014554067092565246
109021802,屠宰及肉制品加工机械,B 前2个>=90%,25589151.830000002,13,0.7399344642522292,0.924622004167459,0.974106704497208,个,0.7399344642522292,套,0.18468753991522976,千克,0.04948470032974907,UNKNOWN,0.011719509188593531,批,0.005992773852715852
108032303,包铂金属材料,B 前2个>=90%,25533988.020000003,10,0.8842569422494778,0.9794611037809987,0.9969484997823695,千克,0.8842569422494778,个,0.0952041615315209,OTHER,0.01748739600137088,套,0.0013136999975767983,UNKNOWN,0.0009841000935818564
109025303,灭火器零件,D 前3个仍<90%,25499121.45,18,0.3768406107183744,0.5621103059611491,0.7311639103550369,个,0.3768406107183744,套,0.1852696952427747,副,0.16905360439388784,瓶,0.08222354225462933,OTHER,0.047188357542412504
106050207,锡制工艺品,C 前3个>=90%,25441715.949999996,10,0.7222229635025856,0.8928644921059266,0.948129739259981,千克,0.7222229635025856,个,0.17064152860334092,箱,0.05526524715405449,批,0.03895291504502471,卷,0.0056229933657442645
102020500,天然气水合物,D 前3个仍<90%,25410381.23,19,0.4819545897068778,0.6797859994169005,0.7741911147233898,千克,0.4819545897068778,瓶,0.19783140971002272,UNKNOWN,0.09440511530648925,个,0.0677369203720522,平方米,0.04454478623341772
108032410,钴加工材,A 首要单位>=90%,25325674.259999998,3,0.9948199523276977,0.9999782829079158,1.0,千克,0.9948199523276977,个,0.0051583305802180845,OTHER,2.1717092084244475e-05,,,,
106051103,熏蒸足道机,A 首要单位>=90%,25266734.460000027,5,0.9605679795472862,0.9964974583423076,0.9979837164917116,个,0.9605679795472862,UNKNOWN,0.035929478795021424,OTHER,0.0014862581494039242,套,0.0012090343549682426,盒,0.0008072491533201468
109022601,合成洗涤剂专用设备,C 前3个>=90%,25214820.75,16,0.7393718652550803,0.8868972875803609,0.9233545033232093,UNKNOWN,0.7393718652550803,个,0.14752542232528065,套,0.03645721574284838,桶,0.02514974491738158,千克,0.020202205879254566
109024706,有创医用传感器（植入体内）,B 前2个>=90%,25074299.24,5,0.5631679555563923,0.9941551886017933,0.9963949321520501,个,0.5631679555563923,套,0.430987233045401,UNKNOWN,0.0022397435502568407,瓶,0.002217158671828948,盒,0.0013879091761210074
109010704,切断机,C 前3个>=90%,25043982.57,10,0.7068532463045872,0.8707894724429206,0.9812870657176791,个,0.7068532463045872,套,0.1639362261383334,UNKNOWN,0.11049759327475844,批,0.01243372531224374,副,0.005322651843707939
101030299,其他活家禽,C 前3个>=90%,24967089.98999999,12,0.5955468248784886,0.8552895555129931,0.9647027530900489,千克,0.5955468248784886,个,0.2597427306345044,批,0.10941319757705575,UNKNOWN,0.02898852090050885,箱,0.001995838522629526
109022805,纺织纤维梳理机,D 前3个仍<90%,24727714.06,8,0.6211946200416393,0.7796106382184524,0.895826192677998,个,0.6211946200416393,OTHER,0.15841601817681322,套,0.11621555445954555,千克,0.09936324740888727,卷,0.0022636544512032427
107030303,矿物类饮片,A 首要单位>=90%,24429893.42,12,0.9465279668829599,0.9750448264542613,0.9841401010909526,千克,0.9465279668829599,袋,0.028516859571301383,盒,0.009095274636691394,OTHER,0.004703584580763185,个,0.0045656854936864475
101011207,芹菜等叶菜类蔬菜,C 前3个>=90%,24367610.18,18,0.5344298428858074,0.8289103412602279,0.9086559517507844,千克,0.5344298428858074,袋,0.2944804983744205,批,0.07974561049055652,箱,0.03967875359371823,OTHER,0.014284589971227116
109032101,船用甲板机械,C 前3个>=90%,24325618.9,11,0.3910913493756987,0.6915385301872011,0.9035178582856118,个,0.3910913493756987,套,0.3004471808115024,OTHER,0.2119793280984107,批,0.03406798911907643,千克,0.027515393246582517
102050503,钾矿石,A 首要单位>=90%,24309925.23,13,0.9213280245864417,0.9580666015894611,0.9745444976014843,千克,0.9213280245864417,个,0.03673857700301944,千米,0.016477896012023232,UNKNOWN,0.010511484407391573,套,0.0040003380956511484
109061806,定时器,B 前2个>=90%,24141839.18,6,0.6717673653229927,0.9902382018932826,0.9956420983829949,个,0.6717673653229927,套,0.31847083657028985,千瓦时,0.005403896489712264,OTHER,0.0037646497983174786,UNKNOWN,0.00042019126730012457
107022003,明胶衍生物,B 前2个>=90%,23967745.54,9,0.7817327686799198,0.9974205141698946,0.9982569716484064,千克,0.7817327686799198,OTHER,0.21568774548997485,千瓦时,0.000836457478511765,个,0.0008244292299842232,箱,0.000346966300444126
108041107,镍丝,B 前2个>=90%,23938758.740000002,11,0.8575606765148425,0.9530667115115425,0.9734857735568623,千克,0.8575606765148425,个,0.09550603499670009,盒,0.02041906204531973,套,0.012105890833669848,卷,0.003912838632000015
303020500,卫星电视信号落地转接服务,C 前3个>=90%,23909252.35,8,0.5884486270855726,0.796713326337032,0.9233011407820119,元,0.5884486270855726,月,0.20826469925145943,次,0.1265878144449799,UNKNOWN,0.048916192898018414,个,0.023670032492672233
101039900,其他饲养动物,C 前3个>=90%,23884032.72,13,0.702060769493034,0.8270708209781753,0.9083073316941931,千克,0.702060769493034,批,0.12501005148514133,个,0.08123651071601781,UNKNOWN,0.03668713865335887,OTHER,0.02814460220685881
109023208,电子真空器件生产设备,A 首要单位>=90%,23791642.34999999,14,0.9187824900200721,0.9822734322500438,0.9925322784620625,个,0.9187824900200721,套,0.0634909422299718,千克,0.010258846212018655,批,0.004606995952089034,千米,0.002157555970489781
109012607,熔炉,B 前2个>=90%,23610149.2,6,0.4955134591017324,0.9640822684847752,0.9937305351717134,个,0.4955134591017324,套,0.4685688093830428,UNKNOWN,0.029648266686938176,千克,0.005371545894339372,千米,0.0008809770672690201
109010703,台钻,A 首要单位>=90%,23603537.13999999,13,0.9576358787215229,0.9779396224849036,0.9956974270679162,个,0.9576358787215229,套,0.02030374376338072,千克,0.017757804583012602,批,0.0020593074551367866,OTHER,0.0007443151378454801
106051007,料器,D 前3个仍<90%,23582837.48,16,0.34300116967943417,0.6768096724381107,0.8991571335715282,个,0.34300116967943417,千克,0.3338085027586766,UNKNOWN,0.22234746113341744,套,0.05268595057968402,批,0.032276523579723194
102051103,彩石类矿石,B 前2个>=90%,23568778.38,13,0.6348797315136874,0.9506801047870008,0.9647873272590041,千克,0.6348797315136874,个,0.3158003732733134,立方米,0.014107222472003236,千米,0.010907183896223645,包,0.008589753645093252
101040500,海水藻类,D 前3个仍<90%,23491569.49,15,0.5625640511429277,0.7175380119738437,0.844832983528339,千克,0.5625640511429277,箱,0.1549739608309159,袋,0.12729497155449532,包,0.05732425756283516,个,0.045629549803230286
304070203,电影发行服务,B 前2个>=90%,23391638.38,5,0.5031522080156234,0.9576834771502654,0.9827753493169383,UNKNOWN,0.5031522080156234,个,0.454531269134642,OTHER,0.02509187216667292,批,0.016933948514640126,瓶,0.0002907021684216033
304040502,国际货物运输代理服务,D 前3个仍<90%,23324661.22,10,0.5076583641800908,0.6686429150202251,0.81619413505891,UNKNOWN,0.5076583641800908,票,0.16098455084013436,个,0.1475512200386849,千克,0.10501412118688004,项,0.030378050224045227
107029904,动物用化妆盥洗品,C 前3个>=90%,23305538.6,13,0.625325268818289,0.8863324651934885,0.9792785033511305,瓶,0.625325268818289,个,0.2610071963751995,千克,0.09294603815764206,桶,0.007030612886157456,UNKNOWN,0.005193246638805421
108040599,其他农林、畜牧用金属工具,B 前2个>=90%,23283967.39,9,0.8125073928820684,0.9627738806071228,0.9895572671990416,个,0.8125073928820684,批,0.15026648772505433,套,0.026783386591918774,千克,0.009068222629906373,OTHER,0.0011874939324934349
101030103,马,A 首要单位>=90%,23258519.1300001,6,0.9669341927703375,0.9789805723542642,0.9895230320280499,千克,0.9669341927703375,批,0.012046379583926623,个,0.01054245967378573,UNKNOWN,0.010462994597369234,OTHER,1.160864965180605e-05
104010801,油苫布,D 前3个仍<90%,23150551.57999999,15,0.5189008261201867,0.8131478230636611,0.8636237387653638,个,0.5189008261201867,平方米,0.2942469969434743,套,0.05047591570170271,OTHER,0.036302808470708596,千米,0.02948540330199771
102050206,蜡石,B 前2个>=90%,23028973.900000002,15,0.7766814504053956,0.9156368382527021,0.9424101409919962,千克,0.7766814504053956,立方米,0.13895538784730654,个,0.026773302739294003,盒,0.018665380049781546,OTHER,0.015935202393016736
103020506,果酱类罐头,D 前3个仍<90%,23005428.549999997,14,0.3059389732602916,0.528708310891257,0.7451683346276982,箱,0.3059389732602916,千克,0.2227693376309654,瓶,0.21646002373644116,桶,0.07268205008074062,个,0.06069264508441423
109061503,核辐射监测报警仪器,B 前2个>=90%,22992817.25999999,10,0.8108713246912483,0.9401634960847769,0.9688206020213462,个,0.8108713246912483,套,0.12929217139352853,千米,0.028657105936569352,平方米,0.01735003133756912,项,0.0076545643802502904
304070201,广播节目发行服务,B 前2个>=90%,22865268.9,8,0.8228012074679778,0.9088744571903985,0.9777215749253664,UNKNOWN,0.8228012074679778,个,0.08607324972242072,次,0.0688471177349679,项,0.011056164749499185,批,0.00743485680153099
101011204,白菜类蔬菜,B 前2个>=90%,22861374.36,12,0.6337686410205831,0.9432485965380081,0.9614694818373991,千克,0.6337686410205831,批,0.309479955517425,个,0.018220885299391074,袋,0.01704297055218687,包,0.006457065427277313
101010203,甘薯,B 前2个>=90%,22800928.41,16,0.5975786794727277,0.9270707819392693,0.9650614683018515,千克,0.5975786794727277,个,0.3294921024665416,UNKNOWN,0.0379906863625822,平方米,0.007543552477651062,袋,0.005999589470225436
109060499,其他绘图、计算仪器及零件,B 前2个>=90%,22692400.09,12,0.6329556526869785,0.9200061741904534,0.948784531588082,个,0.6329556526869785,套,0.2870505215034749,平方米,0.028778357397628625,批,0.027157132676837094,副,0.013709610211618652
107030216,抗艾滋病病毒药品,B 前2个>=90%,22675415.71,6,0.5867664112606472,0.9917298878927587,0.9974046813186297,瓶,0.5867664112606472,盒,0.4049634766321115,OTHER,0.005674793425871,千克,0.0013238121136964153,个,0.0012573568822125908
102040112,钠矿石,B 前2个>=90%,22668285.39,6,0.6260620424454608,0.9808302951668458,0.9931296374065988,千克,0.6260620424454608,UNKNOWN,0.354768252721385,个,0.012299342239752875,千米,0.0034443716697886515,套,0.0026081469763955534
109050202,ATM交换机,B 前2个>=90%,22599126.18,8,0.8517971609466893,0.9880608295271707,0.995197439089656,个,0.8517971609466893,套,0.13626366858048136,UNKNOWN,0.007136609562485305,箱,0.0036675612738226674,千克,0.000573473500558153
101011211,莲藕等水生蔬菜,D 前3个仍<90%,22598339.679999996,16,0.3852617206964648,0.6640775301418073,0.7706531695075397,千克,0.3852617206964648,个,0.27881580944534246,袋,0.10657563936573243,包,0.060991403329503376,箱,0.0585831502998277
107040404,维纶纤维加工丝,A 首要单位>=90%,22585171.81,5,0.9858588412482836,0.994470686295833,0.9978320288899322,千克,0.9858588412482836,卷,0.008611845047549364,个,0.0033613425940991325,千米,0.002053559759924625,套,0.00011441135014327792
109061805,未组装钟表机心,A 首要单位>=90%,22389024.91,2,0.9769339485718587,1.0000000000000002,1.0000000000000002,套,0.9769339485718587,个,0.02306605142814145,,,,,,
103010705,动物精及汁,D 前3个仍<90%,22342496.040000003,15,0.3168897310007088,0.5987300781457362,0.6971635533520274,千克,0.3168897310007088,箱,0.2818403471450274,批,0.09843347520629121,套,0.0967739582958431,盒,0.08699307617735622
101030104,驴,A 首要单位>=90%,22322593.84,4,0.9983552251918767,0.9997762966062191,0.999937283274066,千克,0.9983552251918767,个,0.0014210714143424114,UNKNOWN,0.00016098666784684015,批,6.271672593403241e-05,,
103011108,蒸煮加工坚果及果仁,D 前3个仍<90%,22245073.419999998,14,0.2574142283950258,0.4668391119205395,0.6449823252595045,袋,0.2574142283950258,个,0.2094248835255137,盒,0.178143213338965,千克,0.12487943139366812,箱,0.11390090705306381
306011001,企业贷款,D 前3个仍<90%,22151352.09,7,0.5430173978151959,0.752257973793057,0.8762960988175056,UNKNOWN,0.5430173978151959,笔,0.20924057597786122,月,0.12403812502444857,项,0.11239635349952132,次,0.007532194844003312
106041004,保龄球设备及器材,B 前2个>=90%,22146306.43,9,0.8664473866399038,0.9724696896104493,0.9919686973282794,批,0.8664473866399038,个,0.10602230297054552,千克,0.019499007717830082,包,0.0034818934815939876,套,0.0031191137997813754
106020401,录音带复制品,D 前3个仍<90%,22116928.91,8,0.2722721004577303,0.5121218301189538,0.7219895675832327,个,0.2722721004577303,套,0.23984972966122356,UNKNOWN,0.20986773746427886,箱,0.1915501025137581,OTHER,0.06684624732557409
302010199,其他邮件寄递服务,D 前3个仍<90%,22097256.2,15,0.37199061573988534,0.6657799763393248,0.8388539826949193,UNKNOWN,0.37199061573988534,个,0.29378936059943955,批,0.17307400635559447,票,0.06518613700102731,千克,0.030977239156054135
104010809,降落伞、旗帜及类似品,D 前3个仍<90%,22041972.099999994,19,0.30633904667722545,0.5441660907464808,0.705035151097029,个,0.30633904667722545,OTHER,0.23782704406925537,套,0.1608690603505482,千克,0.1318895449468426,瓶,0.051753740310741085
107021611,林产蜡（虫白蜡）,A 首要单位>=90%,21778278.98,8,0.9757754797574,0.9928771984167134,0.9994659128018939,千克,0.9757754797574,个,0.017101718659313456,瓶,0.006588714385180494,OTHER,0.000245657611646593,盒,0.00017136340311496917
109060303,电力负荷控制系统,C 前3个>=90%,21617019.42,10,0.685975388738398,0.8771415138970162,0.9410563674277348,个,0.685975388738398,套,0.19116612515861817,项,0.06391485353071862,平方米,0.04142522253421743,UNKNOWN,0.015568748098945824
109024306,口腔综合治疗设备配件,C 前3个>=90%,21612842.62,16,0.624104923038578,0.8329760340428556,0.9082555578244431,个,0.624104923038578,套,0.20887111100427752,盒,0.07527952378158759,副,0.026069129818148833,瓶,0.019532845698387816
306010800,统借统还,D 前3个仍<90%,21609686.66,9,0.6267949879658273,0.8140557800202736,0.8805443026261817,UNKNOWN,0.6267949879658273,项,0.1872607920544462,批,0.06648852260590807,次,0.05896972547773166,月,0.04110420868083054
109023603,田间管理机械,A 首要单位>=90%,21429660.11,9,0.9164663032072701,0.979516902379839,0.9893981295627745,个,0.9164663032072701,套,0.06305059917256896,OTHER,0.009881227182935473,千克,0.004980760285142946,UNKNOWN,0.002269751351646613
109042605,紫外线辐照设备,B 前2个>=90%,21278467.51,11,0.5925871261205313,0.9610898599905797,0.9833204458999124,个,0.5925871261205313,套,0.36850273387004834,OTHER,0.022230585909332714,UNKNOWN,0.006490215516465076,次,0.005368807690042148
101010109,荞麦,D 前3个仍<90%,21269286.08,20,0.5781180418444962,0.724564440575713,0.7841582678077363,千克,0.5781180418444962,个,0.14644639873121681,套,0.05959382723202339,箱,0.05659166534657849,袋,0.03245512084437579
109012605,其他电炉,C 前3个>=90%,21212368.01,12,0.5983043903451494,0.8158666162043452,0.9689363252754541,个,0.5983043903451494,项,0.2175622258591958,套,0.153069709071109,OTHER,0.0141261927880347,批,0.005515650112464742
106050502,人造纤维编织工艺品,C 前3个>=90%,21148612.669999998,15,0.714589836970143,0.8288340754788621,0.9353431385151941,个,0.714589836970143,平方米,0.11424423850871918,千克,0.10650906303633202,套,0.029728918383940504,OTHER,0.017755475777976884
108031702,铅粉及铅片状粉末,A 首要单位>=90%,21103390.1,9,0.9579240650060294,0.9974477621962737,0.9991048727284816,千克,0.9579240650060294,个,0.039523697190244324,UNKNOWN,0.0016571105322078087,批,0.0002676356724316061,卷,0.00023219018256218462
109060902,航空或航天导航仪器及装置,B 前2个>=90%,21064946.25,7,0.5555376900142814,0.9401482607628301,0.9901753706112589,个,0.5555376900142814,套,0.38461057074854865,UNKNOWN,0.050027109848428876,千克,0.008015762679669785,千米,0.0015183518448332143
102050515,芒硝矿石,A 首要单位>=90%,21064090.509999998,4,0.9814914472659091,0.9998528301044601,0.9999952525840149,千克,0.9814914472659091,袋,0.01836138283855105,个,0.00014242247955475578,UNKNOWN,4.747415985158526e-06,,
106051104,养生桑拿蒸汽机,D 前3个仍<90%,21016609.90000001,6,0.40384031394140335,0.6319967922133818,0.8319201157176164,个,0.40384031394140335,千克,0.2281564782719785,套,0.19992332350423453,UNKNOWN,0.1679937619244671,瓶,7.422700461314645e-05
107030706,抗血清类,C 前3个>=90%,20963987.080000002,10,0.5516707392475648,0.7876482348986449,0.9484556632344574,瓶,0.5516707392475648,OTHER,0.23597749565108012,UNKNOWN,0.16080742833581252,个,0.03364786561392982,盒,0.014165623593772988
103020512,混合类罐头,D 前3个仍<90%,20941284.49,14,0.3382658152312796,0.5876520738676045,0.6929490068734557,罐,0.3382658152312796,批,0.24938625863632496,个,0.10529693300585116,箱,0.08729978721567906,OTHER,0.07504929130543511
107021603,栲胶,A 首要单位>=90%,20912790.869999997,5,0.9958947071897918,0.9986058709150186,0.9995344954166799,千克,0.9958947071897918,个,0.002711163725226886,千米,0.000928624501661265,箱,0.0004542674413498786,盒,1.1237141970233839e-05
109012803,制氢设备,B 前2个>=90%,20774099.12,8,0.6008858992100544,0.971751795511795,0.9932446649460293,个,0.6008858992100544,套,0.3708658963017406,瓶,0.02149286943423422,批,0.0028304476483117886,项,0.002111764257337384
109032105,海上救生设备,C 前3个>=90%,20651638.25,19,0.4194042668745662,0.7481106933489888,0.9203665893188885,套,0.4194042668745662,个,0.3287064264744226,OTHER,0.17225589596989963,批,0.03137809175986317,副,0.018883489788031706
103020502,禽肉类罐头,D 前3个仍<90%,20583461.83,11,0.317479938213095,0.4997814213645325,0.6719556109770288,个,0.317479938213095,袋,0.1823014831514375,包,0.1721741896124963,盒,0.12636085035070121,箱,0.1206863874753764
106040502,墨汁类似品,C 前3个>=90%,20569624.5,17,0.6333209845420367,0.7832557045462837,0.9058187255678877,盒,0.6333209845420367,个,0.14993472000424704,卷,0.12256302102160396,瓶,0.017758587182765535,UNKNOWN,0.016119519342708468
109022701,搪瓷制品生产设备,B 前2个>=90%,20568024.58,9,0.7142716259822751,0.9188099419317206,0.9698720726635772,个,0.7142716259822751,套,0.20453831594944544,千克,0.0510621307318566,平方米,0.022799272636808567,OTHER,0.0037756178138523017
109060903,船舶导航系统,B 前2个>=90%,20505963.68,8,0.8007572000147033,0.985108673517362,0.9989561573240825,套,0.8007572000147033,个,0.18435147350265862,UNKNOWN,0.013847483806720563,瓶,0.00045840323072297574,次,0.00031454264235778655
109061009,摄影测量系统,B 前2个>=90%,20484802.05,11,0.6772041919731414,0.9854947966167923,0.9908168495091706,套,0.6772041919731414,个,0.3082906046436509,UNKNOWN,0.005322052892378327,批,0.003645434298936757,次,0.0018550337907707534
102050504,硼矿石,A 首要单位>=90%,20380797.28,9,0.9711215428957939,0.9907838899813638,0.999014676917487,千克,0.9711215428957939,个,0.019662347085569944,UNKNOWN,0.008230786936123237,盒,0.0005935562693551309,套,0.00013591224925818996
109042306,照相闪光灯源,C 前3个>=90%,20110240.22,12,0.718404694919154,0.8846137398352769,0.9759724724959055,个,0.718404694919154,盒,0.16620904491612284,套,0.09135873266062856,包,0.015412373328676232,OTHER,0.0034457932497039064
101011208,瓜类蔬菜,C 前3个>=90%,20085319.0,14,0.7987693454109441,0.8823157954324747,0.925623235060394,千克,0.7987693454109441,袋,0.08354645002153066,个,0.043307439627919275,箱,0.033223896518646275,OTHER,0.016193951910845918
109023202,制版设备,B 前2个>=90%,20084372.44,15,0.7533140602325934,0.960110214924893,0.9755663194622574,个,0.7533140602325934,套,0.20679615469229967,OTHER,0.015456104537364372,卷,0.005967326106804659,平方米,0.00539424372474941
109061103,气象、水文仪器及装置零件、附件,C 前3个>=90%,19964113.96999999,12,0.4289100304109311,0.728530207844731,0.9685130068409442,UNKNOWN,0.4289100304109311,个,0.2996201774337999,套,0.23998279899621322,项,0.01720687432040342,千米,0.007022481949896425
109024001,碾米机,B 前2个>=90%,19868966.97,7,0.6512004408450633,0.9512180315431871,0.9984119254892496,个,0.6512004408450633,千克,0.3000175906981237,套,0.04719389394606257,OTHER,0.0011305771474640488,盒,0.00018873653600924982
109020303,捣固机（车）,C 前3个>=90%,19703103.0,7,0.6193379119014908,0.8852995728642336,0.949851587843803,个,0.6193379119014908,立方米,0.26596166096274276,UNKNOWN,0.06455201497956946,千克,0.030021435202363812,套,0.01949509678754661
104010306,苎麻印染布,B 前2个>=90%,19691035.99,10,0.5899535431198001,0.9419053334430476,0.9734767550947938,千米,0.5899535431198001,个,0.3519517903232475,千克,0.03157142165174622,套,0.023488148121555488,卷,0.0018221489218861564
301020402,水路货物运输程租业务,C 前3个>=90%,19585874.03,7,0.5502921056007628,0.7817655728075771,0.9484162923516974,千克,0.5502921056007628,UNKNOWN,0.23147346720681425,套,0.16665071954412033,项,0.03944169143622333,月,0.0121311920844617
106050604,手工染织工艺品及机织工艺品,C 前3个>=90%,19529810.25,13,0.5829528282283234,0.8562836390077062,0.9120847674390488,个,0.5829528282283234,千米,0.27333081077938276,千克,0.055801128431342537,套,0.03582221184151034,UNKNOWN,0.023888288417958387
107021613,糠醛,A 首要单位>=90%,19498979.029999997,4,0.996419633566835,0.9995147699792157,0.999957870101879,千克,0.996419633566835,包,0.0030951364123806644,个,0.0004431001226631916,瓶,4.2129898121132555e-05,,
101020403,栲胶原料,C 前3个>=90%,19484137.05,16,0.7852721488632723,0.8834874506284588,0.9260783186700074,千克,0.7852721488632723,套,0.09821530176518646,个,0.0425908680415487,UNKNOWN,0.02180986455338036,次,0.021802351261946188
105010507,木制梁、椽、屋顶支梁,D 前3个仍<90%,19293216.88,9,0.30518083306800003,0.5974458366219331,0.8073237110679286,批,0.30518083306800003,立方米,0.292265003553933,千米,0.20987787444599545,个,0.14410879467602813,套,0.020197253906576104
104010509,枕巾,B 前2个>=90%,19201828.73000002,9,0.8297288307289263,0.958820896117846,0.9827266920946024,个,0.8297288307289263,套,0.12909206538891974,OTHER,0.0239057959767564,千米,0.015505627312196098,UNKNOWN,0.0008882851857412637
109011211,铁路起重机,B 前2个>=90%,19171703.0,3,0.8526537783315338,0.9882703169353292,1.0,个,0.8526537783315338,UNKNOWN,0.13561653860379538,套,0.011729683064670884,,,,
101011699,其他未列明饮料原料,D 前3个仍<90%,19082998.48,13,0.4450559752913631,0.6415459437797953,0.7423714446577895,千克,0.4450559752913631,盒,0.19648996848843223,瓶,0.10082550087799409,罐,0.0784811093272172,个,0.05691511850919563
109020404,玻璃纤维加工机械,D 前3个仍<90%,19056498.86,14,0.743349686847986,0.8219417467537897,0.8706828789430633,个,0.743349686847986,套,0.0785920599058037,千米,0.04874113218927351,OTHER,0.031223772759693597,平方米,0.029516334775463577
101030309,麝香,A 首要单位>=90%,18849256.12,6,0.9750538632927228,0.9947789663754645,0.9996248164938192,千克,0.9750538632927228,瓶,0.019725103082741707,盒,0.004845850118354697,OTHER,0.0003225591482917364,个,5.209383297403038e-05
103010904,熏制水产品,D 前3个仍<90%,18804204.850000005,11,0.5053198710500115,0.8556817769404379,0.8956243869040812,千克,0.5053198710500115,箱,0.3503619058904263,个,0.0399426099636433,袋,0.036400634084774924,OTHER,0.029694074514403063
106041008,棋类娱乐用品,C 前3个>=90%,18772632.95,11,0.7127574137116446,0.8636812701331809,0.9321641426968827,副,0.7127574137116446,个,0.15092385642153625,盒,0.06848287256370184,套,0.030649300581994283,UNKNOWN,0.0191987192718217
107020502,微生物肥料,B 前2个>=90%,18631099.84,11,0.8918901719545506,0.988502825821366,0.9965064112930007,千克,0.8918901719545506,UNKNOWN,0.09661265386681542,桶,0.008003585471634723,批,0.0014599245473207662,瓶,0.0007871247605315822
108032002,锡粉及锡片状粉末,A 首要单位>=90%,18533364.02,8,0.9864302724681496,0.991125858218588,0.9950220737098542,千克,0.9864302724681496,OTHER,0.004695585750438414,个,0.0038962154912662206,UNKNOWN,0.0021582698077280845,立方米,0.0020827303644576018
101011202,山药等薯芋类蔬菜,A 首要单位>=90%,18522203.759999998,15,0.9211541364665347,0.9478138156493319,0.9622202773996479,千克,0.9211541364665347,OTHER,0.02665967918279721,个,0.01440646175031604,瓶,0.008957972936153469,UNKNOWN,0.008020026230399272
104010305,苎麻布,A 首要单位>=90%,18436598.87,9,0.9335590653874221,0.9686368492324855,0.9964621077640229,千米,0.9335590653874221,千克,0.035077783845063396,个,0.027825258531537382,套,0.003289435346921989,卷,0.00012203986298477187
108032408,铟加工材,B 前2个>=90%,18329401.66,5,0.572275981757279,0.942401988914678,0.9919113944497411,个,0.572275981757279,千克,0.37012600715739896,套,0.04950940553506317,平方米,0.0049336034900334,OTHER,0.003155002060225462
101011210,菜豆等豆类蔬菜,C 前3个>=90%,18260411.23,15,0.6750593108083032,0.8907353112222325,0.9223057913575805,千克,0.6750593108083032,个,0.21567600041392934,箱,0.03157048013534797,桶,0.02363933618815878,OTHER,0.022477329498783692
106050899,其他陈设艺术陶瓷制品,C 前3个>=90%,18037012.499999996,14,0.5763039305982629,0.8440958911571415,0.9168635460002037,个,0.5763039305982629,千克,0.26779196055887855,平方米,0.0727676548430623,套,0.02970993727481201,UNKNOWN,0.02547754679440401
301020301,水路旅客运输期租业务,A 首要单位>=90%,17976345.03,3,0.910192748453271,0.9681618627677174,1.0,UNKNOWN,0.910192748453271,千克,0.057969114314446374,月,0.03183813723228252,,,,
101011206,甘蓝类蔬菜,A 首要单位>=90%,17828467.45,11,0.9183484999996453,0.9486937235314638,0.9676060877571393,千克,0.9183484999996453,包,0.03034522353181849,箱,0.018912364225675493,个,0.01458402359760878,袋,0.010057002403759613
109061609,印制电路板测量仪器,A 首要单位>=90%,17460595.15,8,0.900481735870269,0.9383924974630662,0.9655545297950512,个,0.900481735870269,套,0.03791076159279714,OTHER,0.027162032331984973,千克,0.013281346827401815,批,0.01186640651249508
108041112,银丝,B 前2个>=90%,17241002.21,8,0.5655594814751781,0.9208843242761814,0.9672298029361485,千克,0.5655594814751781,卷,0.3553248428010033,个,0.04634547865996706,OTHER,0.026259784349276526,千米,0.006019371654613343
103020509,豆类制品罐头,D 前3个仍<90%,17224969.339999996,14,0.538770572929217,0.7444003038208019,0.8164421191358706,瓶,0.538770572929217,箱,0.20562973089158484,个,0.07204181531506867,千克,0.05985537330425229,罐,0.034517374066919536
109020810,裁切橡胶专用机械,A 首要单位>=90%,17223107.66,12,0.903242692730169,0.9587314592679032,0.9845174398683403,个,0.903242692730169,千克,0.05548876653773411,OTHER,0.02578598060043712,套,0.012258064233687778,批,0.0022114110154729185
109023003,羽绒加工设备,B 前2个>=90%,17217746.57,10,0.6134397853435242,0.9261337158826586,0.9633888269038449,千克,0.6134397853435242,个,0.3126939305391344,UNKNOWN,0.037255111021186324,套,0.031922876653190276,立方米,0.001951474884555697
106051203,已加工刷类制品材料,C 前3个>=90%,17101550.66,18,0.48979390971789216,0.8425486031335125,0.9160821852630759,个,0.48979390971789216,千克,0.3527546934156204,套,0.07353358212956344,OTHER,0.023213739963858927,包,0.022465579738252812
108032403,钽加工材,A 首要单位>=90%,16955502.04,4,0.9533793568521196,0.9811506613460325,0.9991743093205397,千克,0.9533793568521196,个,0.02777130449391282,千米,0.018023647974507277,UNKNOWN,0.0008256906794604119,,
109024610,医用刺激器,B 前2个>=90%,16946087.68,6,0.5908733832303646,0.9279490090541064,0.9802833547005465,套,0.5908733832303646,个,0.33707562582374173,盒,0.05233434564644009,箱,0.009795771338768383,包,0.006203201705610437
109021601,原料压榨、轧碎机械,B 前2个>=90%,16693975.16,10,0.5244374827499144,0.976527205399292,0.9881906227779483,个,0.5244374827499144,千克,0.45208972264937763,UNKNOWN,0.011663417378656265,瓶,0.00433809199462113,批,0.004223080442153958
109023802,饲料（草）加工机械设备,C 前3个>=90%,16685509.879999999,7,0.6888559044741641,0.8800780327127768,0.9427775940401769,批,0.6888559044741641,个,0.1912221282386127,套,0.0626995613274001,UNKNOWN,0.048138116591975554,千克,0.006562340664893125
103010908,水产品油脂制品,B 前2个>=90%,16622071.620000001,14,0.858158991616714,0.9267886267235323,0.9681785296025575,千克,0.858158991616714,瓶,0.06862963510681828,包,0.04138990287902513,盒,0.020759203057747384,箱,0.00386411341909499
110020103,油制气,B 前2个>=90%,16585423.65,6,0.8939792569000793,0.9551196908979772,0.9775607179018306,立方米,0.8939792569000793,瓶,0.061140433997897904,UNKNOWN,0.022441027003853472,千克,0.021247693603533607,批,0.0011132064148388515
109022403,制药专用粉碎机械,B 前2个>=90%,16364832.25,11,0.7897386103667516,0.9852377344106293,0.9941635820923249,个,0.7897386103667516,套,0.1954991240438777,千克,0.008925847681695607,批,0.0029331189752953317,副,0.0012649075580961119
106020501,唱片复制品,C 前3个>=90%,16220395.98,7,0.6176267892813798,0.8232065805584605,0.9853539395528369,个,0.6176267892813798,盒,0.20557979127708076,UNKNOWN,0.1621473589943764,套,0.010907940855337861,OTHER,0.0018098362109159802
104011403,手帕,D 前3个仍<90%,16155543.67,14,0.6955813793420917,0.8137497207483331,0.8586976355219125,个,0.6955813793420917,箱,0.11816834140624127,盒,0.044947914773579394,套,0.040956233570070874,包,0.0364132710118817
103021101,木糖,C 前3个>=90%,16110949.67,12,0.809966454944552,0.8911552033915577,0.9369599656877334,千克,0.809966454944552,袋,0.08118874844700574,包,0.04580476229617568,个,0.033484882086407756,箱,0.023724955252746437
107030604,核酸类药制剂,D 前3个仍<90%,16046163.13,7,0.4872908736283052,0.7314407036070061,0.8639128966651606,瓶,0.4872908736283052,个,0.24414982997870094,盒,0.13247219305815444,千克,0.069213430712517,OTHER,0.06496754654394442
109025102,邮政分拣机,B 前2个>=90%,16028863.31,6,0.5671033075894388,0.9691154356721506,0.995968896936086,套,0.5671033075894388,个,0.4020121280827118,UNKNOWN,0.02685346126393538,千米,0.0029163016176472715,平方米,0.0006013526856883528
106040108,浆糊,D 前3个仍<90%,16014224.99,15,0.6310971293528704,0.7463526756657614,0.8269230223922313,袋,0.6310971293528704,盒,0.11525554631289091,千克,0.08057034672646995,箱,0.05054455588737173,UNKNOWN,0.030646695066821345
107030503,兽用疫苗,B 前2个>=90%,16013993.37,9,0.8774650885221392,0.9529111270014221,0.9749218767161262,瓶,0.8774650885221392,OTHER,0.07544603847928283,桶,0.02201074971470405,包,0.015981647680674668,个,0.0064502899191596205
101020204,短条及细枝等,A 首要单位>=90%,15786731.03,11,0.9395097795620073,0.9606525734289401,0.9783389481109062,千克,0.9395097795620073,立方米,0.02114279386693269,个,0.01768637468196606,千米,0.012340743604852563,箱,0.005764841361207381
109024603,光谱辐射治疗仪器,B 前2个>=90%,15770402.92,6,0.7098210474891278,0.9908103806392792,0.9980029045446861,个,0.7098210474891278,套,0.2809893331501514,盒,0.007192523905406978,OTHER,0.0016912059974178517,袋,0.00030335306106433964
109024905,放射性污染防治和处理设备,A 首要单位>=90%,15753802.6,4,0.9123452676752469,0.9974015543396488,0.9999567088646903,个,0.9123452676752469,套,0.0850562866644019,千克,0.002555154525041465,副,4.329113530976959e-05,,
101030310,鹿茸,A 首要单位>=90%,15713571.81,10,0.9374794883124665,0.9748247212802217,0.987753219807254,千克,0.9374794883124665,瓶,0.03734523296775515,OTHER,0.01292849852703222,盒,0.008335035572030138,UNKNOWN,0.002101610022171019
109022902,皮革鞣制加工机械,C 前3个>=90%,15711407.56,9,0.5949461895316017,0.8847798013585486,0.9674687650964354,个,0.5949461895316017,平方米,0.28983361182694695,千克,0.08268896373788677,套,0.02358763838215906,千米,0.004684748945561692
301050402,无运输工具承运航空货物运输服务,D 前3个仍<90%,15700242.8,8,0.5381100176361603,0.7036554600289365,0.8420365416259676,千克,0.5381100176361603,月,0.16554544239277624,UNKNOWN,0.1383810815970311,次,0.07914164231906018,批,0.06163742958166226
107020405,中量元素肥料,A 首要单位>=90%,15577184.18,9,0.9667187012742889,0.9920401968310039,0.9954073599455893,千克,0.9667187012742889,袋,0.025321495556714924,UNKNOWN,0.00336716311458545,桶,0.002285393790599708,OTHER,0.0006994845714150117
106051003,民间工艺品,C 前3个>=90%,15548016.329999998,14,0.3527839489991067,0.6736478170395643,0.9139945455665726,个,0.3527839489991067,OTHER,0.32086386804045763,套,0.2403467285270082,副,0.029897797901270926,UNKNOWN,0.016041346671263758
307020101,学历教育服务,B 前2个>=90%,15528751.299999999,12,0.8000066914588296,0.9524370327187865,0.9821459250236044,UNKNOWN,0.8000066914588296,个,0.15243034125995694,OTHER,0.029708892304817842,次,0.012477287211110143,元,0.0038058436804252254
304020102,软件咨询服务,C 前3个>=90%,15496425.19,10,0.5673779302128197,0.7910190698632993,0.9007011080856901,UNKNOWN,0.5673779302128197,次,0.2236411396504796,OTHER,0.10968203822239082,批,0.06812044178299938,月,0.013540542249408942
106050301,镶嵌漆器工艺品,B 前2个>=90%,15310982.87,11,0.8452492978329614,0.9633936603052317,0.9794005686847197,千克,0.8452492978329614,桶,0.11814436247227021,批,0.016006908379487986,个,0.011705824604583337,OTHER,0.007489527679159372
105010902,竹制包装用品,D 前3个仍<90%,15186829.24,16,0.7216778879117758,0.7844877401149998,0.8456991796662883,个,0.7216778879117758,千克,0.06280985220322395,UNKNOWN,0.06121143955128846,车,0.05894936894674665,套,0.04193710154602357
109061304,金属、矿藏探测器,B 前2个>=90%,15182062.15,6,0.5651107619790636,0.96824378893746,0.9878722160283081,套,0.5651107619790636,个,0.4031330269583964,OTHER,0.019628427090848128,UNKNOWN,0.010661950820692694,千克,0.0013077518589923569
106050603,手工编结工艺品,D 前3个仍<90%,15179952.01,13,0.5171563799956966,0.7074478544415371,0.8331053491914168,UNKNOWN,0.5171563799956966,千米,0.19029147444584052,个,0.12565749474987964,套,0.04125813438589389,千克,0.040785586119912905
102050205,板岩,D 前3个仍<90%,14696150.6,11,0.4319537001750649,0.6094981913154864,0.692806073993281,平方米,0.4319537001750649,千克,0.1775444911404215,立方米,0.08330788267779456,批,0.07643234752915502,千米,0.062277210877248364
108032204,钯材,B 前2个>=90%,14659331.77,5,0.4762709692053037,0.910301777691467,0.9921718123444858,千克,0.4762709692053037,OTHER,0.4340308084861634,立方米,0.08187003465301884,个,0.0067606082974954055,套,0.0010675793580187183
109030602,排气量在1.0升以上至1.5升（含1.5升）的乘用车底盘（车架）改装、改制的车辆,A 首要单位>=90%,14642599.38,7,0.9314611583670876,0.9655398070448336,0.9845487133719559,个,0.9314611583670876,套,0.034078648677745904,OTHER,0.019008906327122363,UNKNOWN,0.012565869981481388,千克,0.0027297065884759595
103010907,水产品精、汁制品,D 前3个仍<90%,14615542.36,12,0.5894245439414538,0.795128088561744,0.8895171598681612,千克,0.5894245439414538,个,0.2057035446202901,盒,0.09438907130641712,箱,0.04615806470831508,袋,0.032254770188357214
107020124,铝酸钠,A 首要单位>=90%,14544914.75,7,0.9240055958389167,0.978870131913286,0.9926206422076141,千克,0.9240055958389167,OTHER,0.054864536074369225,平方米,0.013750510294328127,千米,0.004151601507324063,次,0.0021453546161210742
302039900,其他未列邮政服务,D 前3个仍<90%,14504879.13,13,0.6928425821360154,0.7866100873878843,0.8583567983168708,UNKNOWN,0.6928425821360154,批,0.093767505251869,个,0.07174671092898655,月,0.057593690544596766,千克,0.03988789184760341
302010101,函件寄递服务,D 前3个仍<90%,14404430.98,13,0.5563525168836624,0.7908883326122196,0.8650003889289349,UNKNOWN,0.5563525168836624,个,0.23453581572855717,元,0.0741120563167154,批,0.06929912409493873,期,0.05131182835519408
109060507,电泳仪,C 前3个>=90%,14374209.16,12,0.7009572246964576,0.8878699758672497,0.9385069181781684,个,0.7009572246964576,套,0.18691275117079206,盒,0.05063694231091877,千克,0.022056754320945195,包,0.019498053554133754
101011305,干燥花,D 前3个仍<90%,14120793.86,14,0.43447701247017567,0.6456579205384704,0.7775953383969306,个,0.43447701247017567,千克,0.21118090806829468,UNKNOWN,0.13193741785846028,OTHER,0.08086801431431703,盒,0.07840307711991484
105011003,柳（荆）条制品,C 前3个>=90%,14090627.749999998,9,0.373906153329471,0.6886929420160148,0.902836119561813,套,0.373906153329471,个,0.3147867886865438,OTHER,0.21414317754579815,千克,0.05876343372991314,千米,0.01742629245173268
109024609,低温治疗仪器,D 前3个仍<90%,13888265.370000001,10,0.5031960006392072,0.7526379293255108,0.8814504067904341,千克,0.5031960006392072,个,0.2494419286863036,盒,0.12881247746492333,UNKNOWN,0.04940506835951968,立方米,0.02731802639799357
109023804,畜产品采集加工机械设备,B 前2个>=90%,13869637.42,6,0.8654417845625267,0.9837032855902875,0.9992202881969786,个,0.8654417845625267,套,0.11826150102776081,盒,0.015517002606691071,箱,0.0005710315100652429,千克,0.00012112789607444547
109025105,邮政专用器材,D 前3个仍<90%,13847413.180000002,12,0.3316822413180856,0.5998804622944023,0.8353161027004178,OTHER,0.3316822413180856,个,0.26819822097631674,套,0.2354356404060155,千米,0.09583313379546315,UNKNOWN,0.035101085934376657
103020904,甜味冰,D 前3个仍<90%,13822289.57,14,0.6829448784294279,0.7997710251992644,0.8599087321826379,箱,0.6829448784294279,个,0.11682614676983649,袋,0.06013770698337353,OTHER,0.04844579160411846,包,0.04718531229555192
101050400,淡水贝类,A 首要单位>=90%,13795060.28000002,9,0.9417020619209647,0.97636332981649,0.9821422795551569,千克,0.9417020619209647,个,0.03466126789552523,袋,0.005778949738666882,箱,0.005528645649383121,份,0.0053101906416606025
109022806,精梳机械,A 首要单位>=90%,13635411.31,4,0.9845114976586651,0.9938757182969056,0.9996589761838288,个,0.9845114976586651,卷,0.009364220638240505,千米,0.005783257886923251,套,0.00034102381617118964,,
109012202,真空浸渍设备,B 前2个>=90%,13600711.790000001,10,0.790231206715395,0.9382131146534648,0.9778805238545534,个,0.790231206715395,套,0.14798190793806976,UNKNOWN,0.039667409201088584,桶,0.01776193803162709,千克,0.0030234814644212087
103011105,果膏及类似制品,D 前3个仍<90%,13474486.47,13,0.2653611406980767,0.4461763068585426,0.5903224124874571,箱,0.2653611406980767,千克,0.1808151661604659,OTHER,0.14414610562891456,个,0.11549380627342007,袋,0.07964519481980674
109021404,糖果生产专用机械,B 前2个>=90%,13425035.04,4,0.8045465064201426,0.9984449202599622,0.9999910614758439,个,0.8045465064201426,套,0.19389841383981968,批,0.0015461412158816982,千米,8.938524155986115e-06,,
107021606,五倍子单宁产品,B 前2个>=90%,13415301.370000001,10,0.6556375058162409,0.9979510411848467,0.9986964586543612,个,0.6556375058162409,千克,0.3423135353686057,批,0.0007454174695145145,OTHER,0.0005263392752241987,瓶,0.0004665567941691346
106041003,台球器材及配件,B 前2个>=90%,13318443.81,11,0.6129273109123099,0.9723223429659834,0.9854914603570339,个,0.6129273109123099,套,0.3593950320536735,千克,0.013169117391050507,批,0.005177337606682443,副,0.004478676401758983
106051005,工艺伞,C 前3个>=90%,13294656.03,7,0.8157129372530295,0.898259898041153,0.946782730714997,个,0.8157129372530295,UNKNOWN,0.08254696078812353,套,0.04852283267384391,OTHER,0.03708459014565419,批,0.01573402271769795
103040301,烟草制的雪茄烟,A 首要单位>=90%,13272624.28,12,0.9892292769700854,0.9939046281810368,0.9964321162868027,个,0.9892292769700854,千克,0.004675351210951329,OTHER,0.0025274881057659234,UNKNOWN,0.001681519760461418,箱,0.0004610994684165052
301020203,港澳台水路货物运输服务,B 前2个>=90%,13182874.42,3,0.7672680553381165,0.9682542678730911,1.0,UNKNOWN,0.7672680553381165,千克,0.2009862125349746,月,0.031745732126908933,,,,
109062103,电路投影装置,A 首要单位>=90%,13000428.88,9,0.9591021077144648,0.9952490036621007,0.9970497127168623,个,0.9591021077144648,套,0.03614689594763584,批,0.001800709054761584,副,0.001530718731180813,OTHER,0.0005269056938989231
109060401,绘图台及绘图机,B 前2个>=90%,12965983.16,11,0.5235683662572334,0.9908263678479126,0.9946002043087645,套,0.5235683662572334,个,0.46725800159067926,卷,0.0037738364608519205,箱,0.0013091949750766141,OTHER,0.0012962888963061092
105010508,木制楼梯,D 前3个仍<90%,12893722.6,10,0.6059631653623445,0.7621583948145432,0.8997443376050295,个,0.6059631653623445,套,0.15619522945219871,千米,0.13758594279048628,立方米,0.05068852807489437,OTHER,0.027386803714855783
109020801,橡胶前加工机械,B 前2个>=90%,12814374.14,8,0.5071826160992674,0.967945111051674,0.9941716232736747,个,0.5071826160992674,套,0.4607624949524066,千米,0.026226512222000724,千克,0.0028842610334459924,OTHER,0.001780188384604166
109020410,石材加工机床,B 前2个>=90%,12699148.15,12,0.854847684409446,0.9271146057147148,0.9545927440810272,个,0.854847684409446,套,0.07226692130526881,平方米,0.02747813836631239,千克,0.022820428313532194,OTHER,0.011714877111658863
109024303,牙钻机配件,D 前3个仍<90%,12647200.08,11,0.4023086262425919,0.6871946569220403,0.8684756831964344,个,0.4023086262425919,盒,0.2848860306794484,包,0.18128102627439419,OTHER,0.07777771631489837,套,0.026479150158269654
109061599,其他核子及核辐射测量仪器,B 前2个>=90%,12610597.0,6,0.5783389945773384,0.9600157700702037,0.9989512788331909,套,0.5783389945773384,个,0.3816767754928653,UNKNOWN,0.038935508762987195,千米,0.0009515806428514051,瓶,8.326330624949795e-05
106051303,宠物消毒用品,B 前2个>=90%,12558082.919999987,12,0.7571973262619618,0.9874265784828884,0.9915988403108904,瓶,0.7571973262619618,个,0.23022925222092658,桶,0.0041722618280020125,UNKNOWN,0.0025869306809769045,包,0.002209206626261075
108010602,陶瓷马赛克,A 首要单位>=90%,12537536.24,8,0.9095249091778498,0.939717727188799,0.9588922456426735,平方米,0.9095249091778498,箱,0.030192818010949175,OTHER,0.019174518453874474,个,0.015958794149814555,UNKNOWN,0.015423285428525309
109021406,调味食品加工机械,B 前2个>=90%,12511998.389999999,13,0.797414639852747,0.9036657724505989,0.9779201578046238,个,0.797414639852747,套,0.10625113259785195,平方米,0.07425438535402498,批,0.008629796506871195,千米,0.005407609391484265
106010510,纸扇,A 首要单位>=90%,12403668.25,10,0.9733607281861961,0.9837602227066982,0.9937309626126127,个,0.9733607281861961,千克,0.01039949452050203,批,0.009970739905914527,OTHER,0.0025467490232173855,卷,0.0016430623255342224
109023701,林地清理机械,A 首要单位>=90%,12386198.24,7,0.9964554483022711,0.9982320709247748,0.9992911529567123,个,0.9964554483022711,项,0.0017766226225037391,千克,0.001059082031937509,套,0.0006055126726277877,桶,6.0551267262778765e-05
109062502,胶印设备,B 前2个>=90%,12368153.75,11,0.8843803263684363,0.9445505841969339,0.9975037583923954,个,0.8843803263684363,套,0.06017025782849764,千克,0.05295317419546147,UNKNOWN,0.0009717618524915249,卷,0.0005387222810033389
108041113,钨丝,C 前3个>=90%,12362498.66,10,0.5794736797973494,0.8574741248950721,0.9333997331248246,千克,0.5794736797973494,个,0.27800044509772265,OTHER,0.07592560822975247,千米,0.04661505378881069,卷,0.008883503490709377
107020239,正戊醇,A 首要单位>=90%,12335358.83,4,0.9995052499011899,0.9999207319370701,0.9999659515377065,千克,0.9995052499011899,瓶,0.00041548203588010255,OTHER,4.5219600636457524e-05,盒,3.4048462293496164e-05,,
109023004,制帽机械,B 前2个>=90%,12327480.34,11,0.8650801093064245,0.9338085555608356,0.9662982443661313,个,0.8650801093064245,OTHER,0.06872844625441114,UNKNOWN,0.03248968880529563,套,0.03068630081465618,箱,0.0013017177523237486
109022402,饮片生产机械,A 首要单位>=90%,12311027.53,7,0.9740718352532187,0.9928370520019462,0.9982188286114572,个,0.9740718352532187,套,0.018765216748727394,副,0.005381776609511002,OTHER,0.0012158245900697779,批,0.0002518067636877423
109041304,燃料电池,A 首要单位>=90%,12307546.430000002,9,0.9312109058604624,0.9897457246480605,0.9950237872066269,个,0.9312109058604624,套,0.0585348187875981,千克,0.005278062558566354,OTHER,0.00199297887190664,项,0.0016250192606423503
107020218,醚酚及醚醇酚,A 首要单位>=90%,12169810.76,7,0.9759317539297546,0.9862708629332869,0.9954287703320047,千克,0.9759317539297546,个,0.01033910900353228,OTHER,0.009157907398717842,瓶,0.0033495179837948444,桶,0.0011554822237843903
306030204,国际航运保险服务,D 前3个仍<90%,12164963.19,7,0.40810477043457455,0.600442961965099,0.761442221018344,次,0.40810477043457455,单,0.19233819153052448,UNKNOWN,0.16099925905324503,份,0.10314707413430325,项,0.06994912822255733
109022501,玻壳加工机械,C 前3个>=90%,12135015.219999999,13,0.7106621082589791,0.885809551543356,0.9417864718590769,个,0.7106621082589791,套,0.1751474432843769,UNKNOWN,0.05597692031572088,OTHER,0.04053563354327627,月,0.009407035585077743
109011210,移动式吊运架,D 前3个仍<90%,12068013.81,13,0.6006940905215951,0.7671418566266953,0.8614602032842718,个,0.6006940905215951,套,0.16644776610510026,千克,0.09431834665757646,次,0.04218477108288957,副,0.028495824202242937
109022804,丝、绢预处理机械,B 前2个>=90%,11957302.5,7,0.8206549621037019,0.9564867209807564,0.9907202648757946,千米,0.8206549621037019,套,0.13583175887705443,个,0.0342335438950382,千克,0.004719793615658716,副,0.003616702011176852
109022807,成条、针梳机,A 首要单位>=90%,11867272.68,5,0.9555942621181938,0.9923698559524462,0.9996369005654296,个,0.9555942621181938,套,0.036775593834252406,千克,0.007267044612983478,OTHER,0.0003623410463338237,盒,7.583882365126542e-07
103011404,卵清蛋白,D 前3个仍<90%,11865478.85,11,0.43008760156358966,0.7706533782241751,0.8664068589191409,瓶,0.43008760156358966,千克,0.34056577666058546,盒,0.0957534806949658,个,0.059825329341849524,箱,0.03188350464254546
108032405,铌加工材,A 首要单位>=90%,11835456.19,3,0.9522082646482256,0.9999618096681071,1.0,千克,0.9522082646482256,个,0.04775354501988149,UNKNOWN,3.8190331892901886e-05,,,,
108012105,园林艺术陶瓷制品,D 前3个仍<90%,11830947.939999992,17,0.44824364428739044,0.6665163011443356,0.8159614216001696,个,0.44824364428739044,千克,0.2182726568569451,箱,0.149445120455834,套,0.09838882276410396,平方米,0.0341216952392405
107030603,脂肪类药制剂,D 前3个仍<90%,11811094.600000001,7,0.49823659951042976,0.8003933792893336,0.8852968140649724,盒,0.49823659951042976,瓶,0.3021567797789039,个,0.08490343477563882,千克,0.07905867589952247,OTHER,0.03538373826927099
109022815,纺织废料回用、处理设备,B 前2个>=90%,11805993.43,6,0.5960175686799446,0.9974046233227489,0.9989123321068966,个,0.5960175686799446,千克,0.4013870546428044,套,0.0015077087841476125,桶,0.000952905832677564,OTHER,0.0001250212452472964
106050209,金属丝编织工艺品,C 前3个>=90%,11805648.04,9,0.7876518839536741,0.8971210893392008,0.9614080388932211,千克,0.7876518839536741,个,0.10946920538552664,平方米,0.06428694955402042,卷,0.013563135158483008,千米,0.013167595668894768
109032000,游艇,C 前3个>=90%,11785224.8,15,0.6611710962017457,0.8323951190137671,0.9247218305076369,OTHER,0.6611710962017457,项,0.17122402281202137,个,0.09232671149386985,套,0.04906772418969895,UNKNOWN,0.018752293974061487
109032302,浮动结构体、浮式装置,B 前2个>=90%,11676561.420000002,7,0.7083197871792636,0.9424617277438172,0.9809511411793695,个,0.7083197871792636,套,0.2341419405645536,千克,0.038489413435552323,千米,0.0135823376673507,OTHER,0.0035857088824356987
109041803,家用脱水机,A 首要单位>=90%,11524728.07,4,0.9900016608374517,0.9983180279931758,0.9995971904957927,个,0.9900016608374517,UNKNOWN,0.008316367155724107,OTHER,0.0012791625026168621,套,0.00040280950420724335,,
109011303,越野叉车,A 首要单位>=90%,11427406.48,8,0.9127700863932163,0.985814279006902,0.9901897250092393,个,0.9127700863932163,UNKNOWN,0.0730441926136857,千克,0.004375446002337356,项,0.004275160779963784,套,0.00392635022465745
109021104,矿物材料用模具,C 前3个>=90%,11338537.97,14,0.4736671398208494,0.8983812725195646,0.9582796475831707,个,0.4736671398208494,套,0.4247141326987151,副,0.05989837506360619,千米,0.029520844828991647,批,0.006114103968556009
109042503,自行车照明或视觉、音响信号装置,B 前2个>=90%,11244661.69,7,0.7947730226466244,0.9963157851127845,0.9985390623166005,个,0.7947730226466244,套,0.2015427624661601,批,0.0022232772038159915,盒,0.0011801155397855284,OTHER,0.00022718335779473326
109024004,纺织纤维初加工机械,C 前3个>=90%,11131674.5,9,0.5809216286372729,0.8886504559579065,0.992213423955219,千克,0.5809216286372729,个,0.30772882732063356,套,0.10356296799731253,千米,0.0058960159138681245,次,0.0014085931096889332
105020202,竹家具零配件,D 前3个仍<90%,11118248.31,14,0.3713460182649942,0.6362008693076222,0.8481322756138374,个,0.3713460182649942,平方米,0.26485485104262796,千米,0.21193140630621515,批,0.062410830434133376,OTHER,0.03533666356836385
102040201,金矿砂及其精矿石,B 前2个>=90%,11042828.57,10,0.6760379392541814,0.9187616647027238,0.9657702727517755,千克,0.6760379392541814,个,0.2427237254485424,套,0.047008608049051694,OTHER,0.01508067783035411,立方米,0.007969878318956824
109024402,气体消毒灭菌设备,C 前3个>=90%,11008859.379999999,11,0.5057235093868554,0.8223876323143662,0.9535604405185891,个,0.5057235093868554,套,0.3166641229275108,千克,0.1311728082042229,瓶,0.018429238034285804,UNKNOWN,0.011271552820942655
109061201,农、林专用仪器,C 前3个>=90%,10838807.55,13,0.484003099584511,0.8431455690898395,0.910098607664641,个,0.484003099584511,套,0.3591424695053285,包,0.06695303857480152,OTHER,0.03092775643940647,立方米,0.027705999817295397
109010607,开槽机床,B 前2个>=90%,10808202.79,7,0.8274668752768655,0.9219828664965306,0.9956704180233095,个,0.8274668752768655,副,0.09451599121966513,套,0.07368755152677886,千克,0.0023577462872529987,千米,0.0013702555630897817
107030215,避孕药物用具,D 前3个仍<90%,10633670.569999997,15,0.4530145990783686,0.6689906192946881,0.8632602862362323,盒,0.4530145990783686,瓶,0.21597602021631943,个,0.1942696669415442,OTHER,0.06362861493084605,千克,0.019150528376769158
109010705,金属拉拔机,B 前2个>=90%,10585068.620000001,7,0.7695761191957203,0.9495696618355979,0.998810632178972,个,0.7695761191957203,套,0.17999354263987755,千克,0.04924097034337411,批,0.0010108578776506787,副,0.00015115631815337252
109060806,计数装置、速度计及转速表零件,A 首要单位>=90%,10578069.74,8,0.9519168286368284,0.9936096318457435,0.9973653454094168,个,0.9519168286368284,套,0.04169280320891513,千米,0.0037557135636732903,次,0.001228957675599518,UNKNOWN,0.0006610525522967482
108011402,盥洗用玻璃器具,C 前3个>=90%,10565038.03,12,0.5726263921456041,0.7947374960845266,0.9209397658931096,个,0.5726263921456041,套,0.22211110393892258,平方米,0.12620226980858298,千克,0.030070612060068468,OTHER,0.02519982883582673
107020125,铝酸三钙,A 首要单位>=90%,10435048.47,3,0.9868751620662093,0.9994422642102015,0.9999999999999999,千克,0.9868751620662093,个,0.012567102143992245,立方米,0.0005577357897983966,,,,
107021605,冰片（龙脑）,A 首要单位>=90%,10413569.33,8,0.998210201573604,0.9995574821798396,0.9999579212481221,千克,0.998210201573604,个,0.0013472806062357102,UNKNOWN,0.00040043906828245987,瓶,2.0165996244440426e-05,套,1.113931221121471e-05
106050699,其他抽纱刺绣工艺品,C 前3个>=90%,10352802.86,5,0.44011769871565004,0.8444804395705454,0.9953945157997531,个,0.44011769871565004,千米,0.40436274085489543,千克,0.15091407622920774,套,0.004168050003803511,UNKNOWN,0.0004374341964433002
109060408,机械量仪表,B 前2个>=90%,10330003.59,14,0.6793438365107093,0.9166849582866409,0.9640382816168993,个,0.6793438365107093,套,0.23734112177593156,批,0.0473533233302584,UNKNOWN,0.022625258351918927,次,0.005118584861982608
105010802,木制一次性筷子,D 前3个仍<90%,10302981.209999999,13,0.5553617650439255,0.7427577207044135,0.8569175853131542,个,0.5553617650439255,OTHER,0.18739595566048792,箱,0.11415986460874077,套,0.05132249581186997,批,0.031136712128391822
109061305,钻探测试、分析仪器,D 前3个仍<90%,10156993.78,8,0.4135977525428789,0.7017905036070624,0.8528624382006859,套,0.4135977525428789,个,0.2881927510641835,UNKNOWN,0.15107193459362345,OTHER,0.11420702081004917,千米,0.02353531026775917
109021809,水产品加工机械,D 前3个仍<90%,10031290.02,12,0.49198842822411,0.8027001585983455,0.8850704218797973,千克,0.49198842822411,个,0.31071173037423555,千米,0.08237026328145182,批,0.03309449725190978,UNKNOWN,0.032203684606459025
103020510,汤类罐头,D 前3个仍<90%,10003927.0,11,0.4115499043525608,0.6852430240644499,0.8607180520209714,袋,0.4115499043525608,个,0.27369311971188914,箱,0.17547502795652148,套,0.04846236382972407,包,0.028694440693139808
109025002,实验室选矿制样设备,D 前3个仍<90%,9882106.42,13,0.39248164562874643,0.628499241561497,0.8603397756163812,个,0.39248164562874643,OTHER,0.23601759593275054,套,0.23184053405488422,批,0.09911616596413865,盒,0.01922497005451192
301049901,国内其他管道运输服务,D 前3个仍<90%,9771700.22,9,0.41469408688020515,0.7399127211456759,0.8583515622831908,千克,0.41469408688020515,项,0.3252186342654707,UNKNOWN,0.11843884113751496,平方米,0.06274491298301411,立方米,0.05863534360451348
109042601,粒子加速器,C 前3个>=90%,9711744.82,8,0.5557365437449786,0.7969651482255481,0.9541671802286913,千克,0.5557365437449786,UNKNOWN,0.24122860448056951,个,0.15720203200314317,OTHER,0.03460901168941546,批,0.010789076725349955
109061002,经纬仪,B 前2个>=90%,9711204.61,7,0.7418803391889403,0.9924544891243929,0.9967089561714012,个,0.7418803391889403,套,0.25057414993545274,副,0.004254467047008291,千克,0.001659938251470947,UNKNOWN,0.0008562274541551443
107030702,菌苗制剂,D 前3个仍<90%,9694050.25,10,0.5262860144551035,0.8223512643747642,0.8962448755616879,瓶,0.5262860144551035,盒,0.29606524991966077,个,0.07389361118692364,包,0.05284825297867628,OTHER,0.04492452471040162
109062401,幻灯机,A 首要单位>=90%,9691138.21,6,0.9664944413170226,0.980012667676112,0.9906151374555622,个,0.9664944413170226,套,0.013518226359089352,UNKNOWN,0.010602469779450188,批,0.007434627227341957,OTHER,0.0014446187534044052
109041604,电热干手器,A 首要单位>=90%,9553116.92,5,0.9821018394905188,0.9954686789283009,0.9981683234753082,个,0.9821018394905188,套,0.013366839437782156,UNKNOWN,0.002699644547007177,OTHER,0.0017160441076230436,份,0.0001156324170687529
107021604,樟脑,A 首要单位>=90%,9514922.91,10,0.9319124625466881,0.9678730229460156,0.9776965329086412,千克,0.9319124625466881,袋,0.035960560399327476,OTHER,0.009823509962625645,包,0.007015562882789558,盒,0.004618409462237041
102050800,云母,C 前3个>=90%,9449675.14,11,0.7364458488675624,0.869959106340242,0.9735346034339971,千克,0.7364458488675624,个,0.13351325747267961,立方米,0.10357549709375512,套,0.010721003473564911,平方米,0.009989697910398217
108040409,白铁剪及类似工具,C 前3个>=90%,9332191.2,14,0.6788382261177847,0.889366917385919,0.9607921042166389,个,0.6788382261177847,千克,0.21052869126813434,套,0.0714251868307199,平方米,0.013408704056556408,OTHER,0.007411723411753503
109062301,自动洗印设备,B 前2个>=90%,9225137.63,11,0.8871613170718624,0.940598705192434,0.9639913101220583,个,0.8871613170718624,套,0.05343738812057159,卷,0.02339260492962423,UNKNOWN,0.015950127347856162,平方米,0.010533934982604697
109010402,风力提水机组,C 前3个>=90%,9167083.84,8,0.5017953452032572,0.8392231994684147,0.9568057403083597,UNKNOWN,0.5017953452032572,个,0.3374278542651575,套,0.11758254083994502,批,0.019971454739089633,千克,0.011545438205570071
109024605,磁疗设备,B 前2个>=90%,9111684.79,10,0.7807394026412541,0.9015475073298712,0.9547470188551157,个,0.7807394026412541,盒,0.12080810468861711,OTHER,0.053199511525244506,UNKNOWN,0.029257377328567577,瓶,0.012210255574479767
109024003,茶叶加工机械,B 前2个>=90%,9045279.6,9,0.6548070841281678,0.9008727778851634,0.9563200898731754,个,0.6548070841281678,套,0.24606569375699563,OTHER,0.05544731198801196,次,0.01691987498097903,千米,0.012669591772486503
101011906,蔬菜籽,A 首要单位>=90%,9008549.99,8,0.9771319279763468,0.9945861242870231,0.9989646213863104,千克,0.9771319279763468,瓶,0.017454196310676188,个,0.004378497099287332,OTHER,0.0004939751685831517,桶,0.0003446725614495924
102049905,铌矿石,B 前2个>=90%,8992122.090000002,8,0.8788797906546217,0.9529163754937406,0.9896646754715048,千克,0.8788797906546217,个,0.07403658483911887,套,0.036748299977764194,项,0.008896676357293541,包,0.0008896676357293542
109022901,生皮处理机械,B 前2个>=90%,8936007.219999999,7,0.8277452824170839,0.9876691012789939,0.9970708394302306,个,0.8277452824170839,套,0.15992381886191,平方米,0.009401738151236634,千克,0.0014027517762010046,副,0.0006803933625290872
108032409,铼加工材,D 前3个仍<90%,8905573.52,6,0.45693212018982915,0.7421467663095549,0.8755746693335928,平方米,0.45693212018982915,个,0.28521464611972575,千克,0.13342790302403792,立方米,0.11700076672883389,批,0.007411089229882636
109032502,航天器及其运载工具零件,B 前2个>=90%,8882214.959999999,4,0.8666922231298937,0.9328283167332847,0.9937964797915676,个,0.8666922231298937,套,0.06613609360339102,批,0.06096816305828293,UNKNOWN,0.006203520208432335,,
109021405,可可及巧克力生产专用机械,D 前3个仍<90%,8793064.790000001,11,0.5887783854257259,0.7684754816869716,0.8411847150736165,个,0.5887783854257259,套,0.17969709626124566,千克,0.07270923338664494,千米,0.06336339186692151,批,0.04918660448082516
106041002,投币式游戏机,B 前2个>=90%,8768118.040000001,6,0.8691597028271758,0.9806120322257887,0.9932886407628699,个,0.8691597028271758,套,0.11145232939861288,箱,0.012676608537081236,UNKNOWN,0.005547373994978744,OTHER,0.0011088993049185728
109010706,金属丝加工机,B 前2个>=90%,8752228.64,8,0.5785194546745753,0.9775892394876924,0.9941735868545591,个,0.5785194546745753,套,0.399069784813117,OTHER,0.016584347366866776,千克,0.0026468686951487135,批,0.0021739034459227744
109060602,真空计,A 首要单位>=90%,8542728.259999998,5,0.951572108182685,0.9955292034537923,0.9987951390133532,个,0.951572108182685,套,0.04395709527110723,OTHER,0.0032659355595609225,UNKNOWN,0.0010007107495187961,盒,0.00020415023712810928
109023502,特种结构拖拉机,A 首要单位>=90%,8375704.890000001,2,0.9818847796104717,1.0,1.0,个,0.9818847796104717,UNKNOWN,0.01811522038952831,,,,,,
105010603,木质保温容器,C 前3个>=90%,8372156.249999999,12,0.6336725512020873,0.8248580812141437,0.9487188190019746,立方米,0.6336725512020873,批,0.19118553001205635,个,0.12386073778783095,套,0.027279099097081476,千米,0.008903292983811668
109061301,测震仪器,C 前3个>=90%,8368542.099999999,4,0.4002232670849561,0.7101937827378558,0.9965027337318408,UNKNOWN,0.4002232670849561,套,0.30997051565289974,个,0.28630895099398496,OTHER,0.0034972662681591834,,
301020102,国际水路旅客运输服务,C 前3个>=90%,8270536.74,6,0.625887208137836,0.8198090720288609,0.9118816936662324,千克,0.625887208137836,UNKNOWN,0.19392186389102478,OTHER,0.09207262163737151,个,0.08445038356724596,票,0.0030454722337646006
101011907,花草种,D 前3个仍<90%,8226565.05,12,0.5267219384596005,0.6699517084594134,0.757270091725586,千克,0.5267219384596005,OTHER,0.143229769999813,批,0.08731838326617256,瓶,0.0849332115838554,平方米,0.07696950138381267
107022602,酒用香精,A 首要单位>=90%,8194782.62,4,0.9932047813124297,0.998391298389316,0.9996871692491582,千克,0.9932047813124297,瓶,0.005186517076886171,个,0.0012958708598422833,UNKNOWN,0.00031283075084180816,,
107040308,腈氯纶纤维,A 首要单位>=90%,8156882.600000001,7,0.9870151140829218,0.9945070694041863,0.9964293429943444,千克,0.9870151140829218,个,0.007491955321264523,套,0.0019222735901580832,千米,0.0019028433730307703,平方米,0.001648198295755783
109061606,新型材料测试仪器,C 前3个>=90%,8150208.400000001,8,0.7867871673072802,0.8941256213767491,0.984824688654587,个,0.7867871673072802,套,0.10733845406946893,千克,0.09069906727783794,批,0.007997341515831667,平方米,0.006119403032688096
304040600,代理报关服务,C 前3个>=90%,8127304.76,10,0.4117123460742476,0.6635953245587409,0.9044015177302149,UNKNOWN,0.4117123460742476,个,0.2518829784844933,次,0.240806193171474,批,0.03799625326219464,票,0.03375873405785758
301020302,水路货物运输期租业务,D 前3个仍<90%,8077099.19,8,0.33102793306169614,0.5881137371546876,0.8021975510740261,UNKNOWN,0.33102793306169614,千克,0.2570858040929915,OTHER,0.2140838139193385,批,0.12380682426657186,月,0.03404811474154993
109061199,其他气象、水文仪器及装置,C 前3个>=90%,8073621.519999999,7,0.4788169213064623,0.7916491210502026,0.960793785141417,套,0.4788169213064623,个,0.3128321997437402,UNKNOWN,0.16914466409121445,瓶,0.023781149453733625,批,0.010466182962710891
103011202,菊粉,A 首要单位>=90%,8006072.550000001,7,0.9691780210010712,0.9816640569913396,0.9898731619662877,千克,0.9691780210010712,盒,0.01248603599026841,袋,0.008209104974948048,桶,0.00412187121636813,UNKNOWN,0.0032862555061407726
105010506,木制盖屋板,C 前3个>=90%,7927841.94,7,0.5528034379555251,0.775085367052613,0.9013689808755192,个,0.5528034379555251,平方米,0.2222819290970879,套,0.12628361382290626,立方米,0.0769138782804744,UNKNOWN,0.018764004268228385
102049904,钽矿石,A 首要单位>=90%,7898668.89,7,0.9185157006878915,0.9873925111450013,0.9949127656115738,千克,0.9185157006878915,个,0.06887681045710982,套,0.007520254466572532,卷,0.0028485812373380804,盒,0.002116685764758016
106050208,金属制民间刀剑工艺品,C 前3个>=90%,7834567.989999998,13,0.6287450688139347,0.8077086264459108,0.9393581062023562,个,0.6287450688139347,批,0.1789635576319761,千克,0.13164947975644542,套,0.033319562780385045,UNKNOWN,0.009710954081591935
109020809,再生橡胶设备,C 前3个>=90%,7639327.0600000005,5,0.48214155004380715,0.7430842292017277,0.9991781213252572,千克,0.48214155004380715,个,0.26094267915792047,套,0.2560938921235295,平方米,0.0007854094939090092,包,3.646918083384167e-05
110030202,工业人造冰,C 前3个>=90%,7631971.28,10,0.5829583493925307,0.803603237615957,0.9455470343436616,千克,0.5829583493925307,瓶,0.22064488822342632,个,0.14194379672770466,盒,0.016511591222864247,袋,0.01564176483641065
108012501,已加工云母,A 首要单位>=90%,7606290.76,7,0.9109856181727137,0.9946429868005731,0.99818781579157,千克,0.9109856181727137,个,0.0836573686278593,OTHER,0.0035448289909969207,立方米,0.0009465849028363991,套,0.0005889861617648706
109060402,绘图工具,C 前3个>=90%,7560222.889999997,12,0.5325836193699839,0.8900825435849021,0.9562695300376256,个,0.5325836193699839,套,0.35749892421491825,千克,0.06618698645272351,批,0.013816828090897734,盒,0.006894143302169233
109010511,拉床,A 首要单位>=90%,7521855.33,5,0.9394025037703032,0.9696228403797286,0.9991159096116251,个,0.9394025037703032,套,0.030220336609425323,千克,0.02949306923189654,批,0.0005184890999492275,UNKNOWN,0.00036560128842573735
103030803,边销茶,C 前3个>=90%,7518400.24,13,0.4504667139135971,0.8349825693770194,0.903592311281369,瓶,0.4504667139135971,千克,0.3845158554634224,批,0.06860974190434958,袋,0.051127170372616396,个,0.016145060933866962
109061902,天文仪器,B 前2个>=90%,7508834.08,5,0.8451440692907147,0.9854176841792728,0.9969987098183425,个,0.8451440692907147,套,0.14027361488855805,千克,0.011581025639069655,OTHER,0.0020558118391663808,UNKNOWN,0.0009454783424912222
109025104,邮政计费、缴费设备,C 前3个>=90%,7508440.41,12,0.3511100609507268,0.6495736935601517,0.9197015935297275,UNKNOWN,0.3511100609507268,千瓦时,0.29846363260942493,个,0.2701278999695757,千克,0.055185239194033904,批,0.011525163053135291
101010901,饲料牧草,B 前2个>=90%,7489651.5,8,0.6715941776463163,0.9431192239051442,0.9795413444804474,UNKNOWN,0.6715941776463163,千克,0.27152504625882795,个,0.036422120575303134,套,0.019841216911093924,瓶,0.00024358943803994086
103011109,暂时保藏水果及坚果（原料）,C 前3个>=90%,7373397.849999969,13,0.46268218118733595,0.8165344014361064,0.9192986704223477,千克,0.46268218118733595,箱,0.35385222024877055,UNKNOWN,0.10276426898624129,OTHER,0.027736249170387688,盒,0.015951770458174922
109010401,潮汐能源原动机,B 前2个>=90%,7309744.13,5,0.8178691105566782,0.9615819384364689,0.9985761225270138,个,0.8178691105566782,套,0.14371282787979064,UNKNOWN,0.036994184090544904,千克,0.001082005041399445,包,0.0003418724315867401
101011908,水果籽,B 前2个>=90%,7282629.359999999,9,0.6473151779345805,0.9785490937026075,0.9881719917708404,UNKNOWN,0.6473151779345805,千克,0.33123391576802697,瓶,0.009622898068232874,盒,0.007800726522213127,平方米,0.0012248323454428828
102050307,蓝晶石,B 前2个>=90%,7264571.66,6,0.7797647631711847,0.9859750423330534,0.9988124131189313,千克,0.7797647631711847,个,0.2062102791618687,UNKNOWN,0.012837370785877829,套,0.0010378189317771832,瓶,8.094076671273416e-05
405990000,其他自然资源使用权,D 前3个仍<90%,7148178.1899999995,15,0.5609237211810467,0.6889033903616215,0.7835436570167538,UNKNOWN,0.5609237211810467,立方米,0.12797966918057482,千克,0.09464026665513223,项,0.07217615262050428,OTHER,0.05652377280762779
108011102,眼镜用光学玻璃坯件,B 前2个>=90%,7078906.429999999,11,0.5738243710617884,0.9114894050096944,0.9945133912442462,个,0.5738243710617884,副,0.3376650339479061,套,0.08302398623455179,千克,0.0028743140202801077,UNKNOWN,0.0009539623198551024
304040400,打捞救助服务,D 前3个仍<90%,6962227.04,11,0.6326041903971003,0.8145215557348442,0.8763817906173883,UNKNOWN,0.6326041903971003,次,0.181917365337744,项,0.061860234882544135,批,0.05162614461363501,套,0.034471728460035975
108032404,锆加工材,A 首要单位>=90%,6949887.899999999,2,0.9253803964233726,1.0,1.0,千克,0.9253803964233726,个,0.07461960357662747,,,,,,
109025203,理发用椅,A 首要单位>=90%,6938463.649999999,5,0.9706319539484797,0.993438587806106,0.9995898054463397,个,0.9706319539484797,套,0.022806633857626393,UNKNOWN,0.0061512176402336565,千克,0.00034389745631945484,OTHER,6.62970973408501e-05
109020203,修井设备,C 前3个>=90%,6923883.66,8,0.4533505838831498,0.7242958152188248,0.9597356319531227,套,0.4533505838831498,个,0.270945231335675,OTHER,0.23543981673429792,项,0.018637950366716588,千米,0.009324246791287074
106051112,Spa精油温灸仪,B 前2个>=90%,6854723.77,8,0.8362145860766028,0.9168220063811559,0.9506850995981128,批,0.8362145860766028,套,0.08060742030455299,UNKNOWN,0.033863093216956866,个,0.02143100508921018,OTHER,0.02104534111664138
107030502,兽用中草药,D 前3个仍<90%,6832700.600000001,9,0.36989871910968847,0.645794545717399,0.8604025763985619,千克,0.36989871910968847,袋,0.27589582660771056,盒,0.21460803068116285,个,0.09610409389224518,瓶,0.022732724451588
109024505,兽医专用仪器及机械,B 前2个>=90%,6821746.44,11,0.5263167975501594,0.9484797180470987,0.9702898661240771,个,0.5263167975501594,套,0.42216292049693943,UNKNOWN,0.021810148076978363,OTHER,0.012618762769493965,千克,0.01148093097403368
109010606,冲孔机床,A 首要单位>=90%,6769357.739999999,6,0.9737245663722303,0.9914086664889423,0.996896633209992,个,0.9737245663722303,批,0.017684100116712106,套,0.00548796672104967,UNKNOWN,0.001400103283653613,OTHER,0.001333952251724253
109041205,去雾器,B 前2个>=90%,6745042.29,6,0.8422684033312414,0.9445318525942111,0.9798787028806013,套,0.8422684033312414,个,0.10226344926296971,OTHER,0.035346850286390126,平方米,0.0186424331521871,千克,0.0014677446892627265
106020503,非音像复制品,C 前3个>=90%,6733610.41,10,0.4312693552462296,0.7072436805859101,0.9114188550151061,个,0.4312693552462296,套,0.2759743253396806,项,0.204175174429196,UNKNOWN,0.031085607460916348,千瓦时,0.029704777648399766
109020812,橡胶干燥、去水、刺孔机械,C 前3个>=90%,6724573.26,7,0.43085876798076556,0.7881535593531477,0.9574800200778837,个,0.43085876798076556,套,0.3572947913723822,包,0.169326460724736,千克,0.03677299814263604,千米,0.005063518335437095
106020104,地图、地图册,C 前3个>=90%,6670929.719999999,10,0.47538777548386474,0.8493104226557494,0.9389721257624043,套,0.47538777548386474,个,0.37392264717188467,批,0.08966170310665485,UNKNOWN,0.04871223407222466,份,0.007819692634987017
106050202,珐琅珀晶工艺品,B 前2个>=90%,6626730.57,7,0.5537571086129128,0.9610384914140246,0.9939804071436693,个,0.5537571086129128,套,0.40728138280111187,批,0.03294191572964464,千克,0.0044290317359318866,平方米,0.0013113887622565586
107021007,美工塑型用膏,C 前3个>=90%,6580238.7700000005,10,0.7709640663996756,0.8898962066083204,0.9855006401234282,个,0.7709640663996756,千克,0.11893214020864473,箱,0.09560443351510783,桶,0.006764268221227479,盒,0.0035641989325563635
102040110,铋矿石,A 首要单位>=90%,6560224.409999999,6,0.9451875747646871,0.9989649713827397,0.9995000140551594,千克,0.9451875747646871,个,0.053777396618052586,套,0.0005350426724197992,包,0.00020548382429496801,OTHER,0.00014740349408260564
106020403,软磁盘复制品,C 前3个>=90%,6554181.53,9,0.5214713438063715,0.7744149512441105,0.9276552903166232,个,0.5214713438063715,套,0.2529436074377391,UNKNOWN,0.1532403390725127,副,0.06374016619585451,千克,0.005401229709302849
106041010,专供游戏用家具式桌子,A 首要单位>=90%,6524723.94,7,0.9113910051495603,0.985543066516313,0.9963012381486288,个,0.9113910051495603,套,0.07415206136675262,UNKNOWN,0.010758171632315834,批,0.0017548635168770066,OTHER,0.0016736340265761495
102049906,钛钽铌矿石,B 前2个>=90%,6524081.86,8,0.6455384053075018,0.9784038945213358,0.993796659688142,千克,0.6455384053075018,个,0.332865489213834,立方米,0.015392765166806169,套,0.0022049079561978395,瓶,0.002023273202767569
109025003,专用勘探设备,B 前2个>=90%,6436076.19,10,0.5692836740641506,0.9158837505930768,0.9430742304497175,个,0.5692836740641506,套,0.3466000765289262,元,0.027190479856640727,千米,0.017215458103518815,千克,0.015269396616636385
109011107,单轨（猫头）小车,B 前2个>=90%,6412923.510000001,9,0.6616682630602592,0.9680889286016138,0.9842762415857975,个,0.6616682630602592,套,0.3064206655413546,千米,0.016187312984183713,批,0.007426254176544824,项,0.004536152654033448
301030200,航天运输服务,C 前3个>=90%,6407327.890000001,8,0.3629599077689779,0.7186100382323339,0.9344326921905037,UNKNOWN,0.3629599077689779,批,0.35565013046335603,千克,0.21582265395816974,次,0.0326552665310843,票,0.026827617214389192
109011212,浮式起重机,B 前2个>=90%,6352921.3,5,0.8554959275192029,0.9592156131384786,0.990697193116496,个,0.8554959275192029,套,0.10371968561927566,项,0.03148157997801736,批,0.00536760938625196,副,0.00393519749725217
109025103,信件处理机械,A 首要单位>=90%,6257265.08,7,0.9392434114362308,0.9955470961124759,0.9984856003575286,套,0.9392434114362308,个,0.05630368467624517,UNKNOWN,0.0029385042450526962,卷,0.0009141373949911037,OTHER,0.0004890315434742617
107030701,菌苗,D 前3个仍<90%,6243217.63,10,0.4227921700688816,0.7977763751285409,0.8771462464620187,盒,0.4227921700688816,千克,0.3749842050596593,个,0.07936987133347777,UNKNOWN,0.053009685007568766,套,0.03884535417036231
103010302,干豆粉,D 前3个仍<90%,6122271.18,11,0.4773499905634693,0.7007122788050039,0.7906425879684735,千克,0.4773499905634693,批,0.2233622882415346,个,0.08993030916346965,箱,0.0834271702417468,OTHER,0.07721419161311963
106010509,神纸及类似用品,C 前3个>=90%,6109678.319999999,12,0.7029062800150827,0.8402802866387244,0.9586051365139631,千克,0.7029062800150827,箱,0.1373740066236417,个,0.1183248498752386,批,0.023377662868509258,千米,0.007035558624958835
109030601,排气量在1.0升以下（含1.0升）的乘用车底盘（车架）改装、改制的车辆,C 前3个>=90%,6046981.22,6,0.6311153054978398,0.8812781082194265,0.9885136752582804,套,0.6311153054978398,个,0.25016280272158675,UNKNOWN,0.10723556703885381,次,0.00829464954084974,批,0.0016537177206579782
101020404,非直接食用果类,C 前3个>=90%,6045889.45,11,0.42735151235687907,0.7460996661128165,0.9660869171201931,份,0.42735151235687907,箱,0.31874815375593746,千克,0.2199872510073766,UNKNOWN,0.014902356509347023,瓶,0.008105672524329732
107030705,抗毒素类,D 前3个仍<90%,6042163.55,7,0.6615557170742258,0.7752559147459687,0.8854476059324808,个,0.6615557170742258,千克,0.11370019767174293,盒,0.11019169118651216,OTHER,0.09681348330930235,瓶,0.015852169377308562
109010509,刨床,A 首要单位>=90%,5924238.81,8,0.9774978956326037,0.9943132424129946,0.9995132353552102,个,0.9774978956326037,套,0.016815346780390848,千克,0.005199992942215644,OTHER,0.0002271177856180987,千米,0.00014043998337737504
103011301,水豆腐,D 前3个仍<90%,5913277.94,13,0.4334868064733654,0.6100455173260468,0.7562881781268006,千克,0.4334868064733654,OTHER,0.17655871085268146,盒,0.14624266080075377,袋,0.08563473510599082,瓶,0.051673043800812786
108041204,铅绞线、束或绳,D 前3个仍<90%,5892573.97,12,0.3808013631095751,0.6854383772801413,0.8270388483557721,千克,0.3808013631095751,个,0.30463701417056627,卷,0.1416004710756308,千米,0.12117652551080323,OTHER,0.02583071519762356
107020237,活性硅酸钙,B 前2个>=90%,5860727.5,6,0.5265114271223155,0.9821986434277997,0.9990216402315242,UNKNOWN,0.5265114271223155,千克,0.45568721630548426,个,0.01682299680372445,袋,0.00047313238842788715,千米,0.0003415958172428252
101020406,染色、鞣革用植物原料,B 前2个>=90%,5853945.9,9,0.5778714063619891,0.985833017349887,0.9897192849014884,千克,0.5778714063619891,千米,0.4079616109878979,OTHER,0.0038862675516013905,箱,0.003442464338455878,套,0.0028549973446116064
106051101,桑拿浴箱,C 前3个>=90%,5824505.390000001,9,0.6371497477487956,0.8742576766677179,0.9740900917940434,个,0.6371497477487956,套,0.2371079289189223,千克,0.09983241512632542,项,0.01716883980770082,盒,0.005066593302611743
106040302,教学用标本,D 前3个仍<90%,5804402.66,16,0.2866139820837309,0.5286277968179416,0.669573049571995,个,0.2866139820837309,千克,0.2420138147342107,批,0.14094525275405342,平方米,0.1189716962192971,套,0.10829415821403401
101040700,海水产品种苗,B 前2个>=90%,5800295.48,9,0.8156074852241838,0.9752235087857972,0.9817405905672929,千克,0.8156074852241838,OTHER,0.15961602356161345,箱,0.006517081781495724,个,0.004976262002431641,包,0.004651509581370499
109020802,橡胶初加工机械,C 前3个>=90%,5776191.44,10,0.6403076522685335,0.8154809114152213,0.980066103903232,个,0.6403076522685335,套,0.17517325914668783,平方米,0.16458519248801073,批,0.010370501154996345,千克,0.006232480411002443
109020205,原油稳定站专用设备,C 前3个>=90%,5720818.68,6,0.5204334618065539,0.8262862755160771,0.973759787121937,套,0.5204334618065539,千米,0.30585281370952316,个,0.1474735116058599,批,0.022971799553696045,OTHER,0.0026566127769670897
104020406,舞蹈、戏剧用靴鞋,B 前2个>=90%,5681054.05,6,0.797261833831699,0.9991079507507943,0.9996016971533654,个,0.797261833831699,套,0.20184611691909532,千克,0.0004937464025711919,UNKNOWN,0.0002565967489782992,OTHER,0.00011970313853993345
106051110,Spa水疗机,D 前3个仍<90%,5594065.7,13,0.39519031748232775,0.6649084940135759,0.7782282213810968,个,0.39519031748232775,千克,0.2697181765312481,套,0.1133197273675209,批,0.07246697156238262,UNKNOWN,0.04206922346299937
301040303,港澳台固体管道运输服务,B 前2个>=90%,5540477.58,4,0.5948535613422696,0.9662252707825233,0.9875940947314508,千克,0.5948535613422696,UNKNOWN,0.37137170944025366,项,0.021368823948927522,次,0.01240590526854907,,
109060804,汽车速测仪,A 首要单位>=90%,5483979.89,6,0.9083069686457219,0.9918583891816568,0.9986852614078422,个,0.9083069686457219,套,0.08355142053593491,UNKNOWN,0.006826872226185352,次,0.0010393911200137535,OTHER,0.0002188191831607902
103020906,食用冰,D 前3个仍<90%,5480566.559999999,10,0.41764006602996157,0.7367135561254821,0.8889737487286352,千克,0.41764006602996157,包,0.31907349009552044,个,0.15226019260315313,箱,0.03014533592308019,袋,0.02763391126482369
101020408,野生植物采集产品,A 首要单位>=90%,5469731.26,10,0.920568002457949,0.954591633812737,0.9790094038367803,千克,0.920568002457949,瓶,0.03402363135478799,个,0.024417770024043196,OTHER,0.00957746688271482,盒,0.005124200562643365
109060803,速度计及转速表,B 前2个>=90%,5448974.2700000005,5,0.8203252683004503,0.9712942322262058,0.9991526864009215,个,0.8203252683004503,套,0.1509689639257555,副,0.02785845417471571,千米,0.0008258435032030348,OTHER,2.147009587549401e-05
109060312,非电量电测仪表及装置,B 前2个>=90%,5420082.779999999,8,0.8405360259091835,0.958779688600992,0.9967074119115206,个,0.8405360259091835,套,0.11824366269180858,UNKNOWN,0.03792772331052848,批,0.0013112899356861854,千米,0.0009778448439121442
109023706,木材运输机械,B 前2个>=90%,5383136.08,5,0.8188188510367361,0.9751427424439175,0.9937174168556407,千克,0.8188188510367361,个,0.15632389140718136,UNKNOWN,0.018574674411723214,套,0.006256575999468324,次,2.6007144890901587e-05
109024301,牙钻机,C 前3个>=90%,5284374.359999999,8,0.511390491267163,0.8120050752800942,0.9444710877750909,个,0.511390491267163,千克,0.30061458401293134,批,0.13246601249499668,套,0.03747785196656658,袋,0.015633744767469503
102020602,油母页岩,C 前3个>=90%,5248008.92,11,0.6598103305053071,0.8978386263870908,0.9349610575738122,千克,0.6598103305053071,个,0.2380282958817837,批,0.037122431186721386,套,0.02339758218246321,桶,0.016236633988038266
106051302,宠物服装,B 前2个>=90%,5246753.149999995,6,0.5007424906201272,0.9856738505031442,0.9979684159526355,个,0.5007424906201272,千克,0.48493135988301694,OTHER,0.01229456544949138,UNKNOWN,0.0019128801590370247,套,0.00010383755141977672
109061203,渔业专用仪器,A 首要单位>=90%,5236406.43,5,0.9677363737405693,0.9885677323179057,0.9952616359460089,个,0.9677363737405693,包,0.020831358577336406,套,0.006693903628103215,副,0.0044232624624593936,瓶,0.00031510159153173297
106040501,墨汁,C 前3个>=90%,5192316.419999998,15,0.7100207463858682,0.868863394500137,0.9168668653671918,瓶,0.7100207463858682,个,0.15884264811426885,OTHER,0.04800347086705475,盒,0.024720421410681294,千米,0.016086461849333912
104010308,大麻织物,C 前3个>=90%,5176314.51,12,0.4623315942987398,0.711121295448487,0.9466067702288825,个,0.4623315942987398,千克,0.2487897011497472,千米,0.23548547478039544,平方米,0.02147926672253151,OTHER,0.01778654481332897
107020702,微生物农药,A 首要单位>=90%,5157334.68,7,0.9214489256299342,0.9589450863406058,0.9847285594426461,千克,0.9214489256299342,盒,0.037496160710671585,瓶,0.025783473102040374,个,0.01089406321018515,箱,0.003955531542118186
106050605,工艺织锦,C 前3个>=90%,5152704.28,6,0.5782233441116477,0.789981054375587,0.9292341884599672,千米,0.5782233441116477,个,0.21175771026393933,OTHER,0.13925313408438023,套,0.04128876186933048,千克,0.02934546827903735
103011002,暂时保藏蔬菜（原料）,D 前3个仍<90%,5135894.1,17,0.45991418125229644,0.7850534457087034,0.85701936104952,千克,0.45991418125229644,批,0.32513926445640695,OTHER,0.07196591534081669,个,0.060878531354452974,套,0.03185981774818916
109011204,缆索起重机,C 前3个>=90%,4986411.71,7,0.6783795355718832,0.8609067922311614,0.9937478086822478,个,0.6783795355718832,套,0.18252725665927816,OTHER,0.13284101645108642,UNKNOWN,0.004411990280682218,千米,0.0014461300869999761
109024604,透热疗法设备,C 前3个>=90%,4955094.09,6,0.41714779627928317,0.8162779387303218,0.925830449770531,个,0.41714779627928317,盒,0.3991301424510387,套,0.10955251104020913,袋,0.05742072599069455,包,0.016163567945487792
107021806,空白磁盘,C 前3个>=90%,4944859.44,7,0.4500082311743122,0.7639583077815453,0.9140544629919752,个,0.4500082311743122,套,0.3139500766072331,OTHER,0.15009615521043,盒,0.05233091114921559,UNKNOWN,0.03276129523309564
109050403,无中心选址通信系统设备,C 前3个>=90%,4942666.27,4,0.4883160966479738,0.8605210867291675,0.9954373775674725,套,0.4883160966479738,个,0.3722049900811936,UNKNOWN,0.13491629083830498,批,0.004562622432527697,,
101011205,芥菜类蔬菜,B 前2个>=90%,4920303.910000001,12,0.829522867826268,0.9196080349435163,0.9463596324886362,千克,0.829522867826268,UNKNOWN,0.09008516711724823,包,0.026751597545119923,个,0.02335756939046474,批,0.010974931830989274
109062303,照相及电影洗印设备零件,A 首要单位>=90%,4895445.860000009,6,0.98099628661811,0.9900291717249223,0.9951359588726,个,0.98099628661811,套,0.009032885106812298,箱,0.00510678714767769,UNKNOWN,0.004800308423796962,盒,3.4317609632394076e-05
109020409,矿石烘干机,C 前3个>=90%,4863447.72,4,0.39772684551444093,0.7354214388470901,0.9761486075972459,个,0.39772684551444093,套,0.33769459333264923,千克,0.2407271687501557,UNKNOWN,0.023851392402754152,,
109023704,风力灭火机具,B 前2个>=90%,4817517.53,7,0.6207848713318538,0.9709276408175311,0.9984439599953049,套,0.6207848713318538,个,0.35014276948567735,OTHER,0.027516319177773703,千米,0.000990136511241714,千克,0.00023585798970616304
104010802,天篷,D 前3个仍<90%,4768389.34,10,0.6018003953511061,0.7320265484026101,0.8174049583795101,个,0.6018003953511061,平方米,0.13022615305150398,套,0.08537840997690009,千克,0.07713757702511767,千米,0.05969576511132793
102040401,铀矿石,C 前3个>=90%,4756771.96,5,0.7494996585877958,0.8980520815212676,0.9624905289762934,个,0.7494996585877958,千克,0.14855242293347187,立方米,0.06443844745502578,套,0.01985043655529789,UNKNOWN,0.017659034468408698
109020908,连续混炼挤出造粒机,B 前2个>=90%,4753895.8,5,0.49447318555025965,0.9238945035353952,0.9819516447962533,套,0.49447318555025965,个,0.4294213179851355,OTHER,0.05805714126085809,千克,0.015566180478755971,副,0.002482174724990817
109011208,桅杆起重机及甲板起重机,B 前2个>=90%,4695659.66,7,0.8378851843789717,0.9714434158969689,0.9951029244738746,个,0.8378851843789717,套,0.1335582315179972,千克,0.02365950857690568,OTHER,0.0036203645985705872,批,0.0010648131172266433
109061604,广播电视测量仪器,A 首要单位>=90%,4645053.069999999,2,0.9745386977893022,1.0000000000000002,1.0000000000000002,个,0.9745386977893022,套,0.02546130221069789,,,,,,
109025502,清淤机械,C 前3个>=90%,4586438.47,6,0.7986501059502931,0.8829316247210006,0.9537605265202653,个,0.7986501059502931,OTHER,0.08428151877070751,UNKNOWN,0.07082890179926475,套,0.04589541566443385,瓶,0.00018053223768638065
104010805,篷房,D 前3个仍<90%,4544975.04,8,0.35740190995636356,0.5450811474643433,0.7256715781655865,OTHER,0.35740190995636356,平方米,0.1876792375079798,套,0.1805904307012432,个,0.16717917993230608,UNKNOWN,0.09621813676670929
108041109,钛丝,B 前2个>=90%,4506277.539999999,7,0.8377595446551213,0.964003981432533,0.9772521667629022,千克,0.8377595446551213,个,0.12624443677741165,副,0.013248185330369157,套,0.012893580007945986,千米,0.008500142226037859
109061502,离子射线应用设备,B 前2个>=90%,4459021.58,3,0.5531209987999206,0.9914073526416978,1.0,套,0.5531209987999206,个,0.4382863538417771,OTHER,0.008592647358302312,,,,
109022702,文教体育用品专用机械,D 前3个仍<90%,4454400.76,14,0.4763293862225365,0.6214482079964445,0.7316650983150426,个,0.4763293862225365,袋,0.14511882177390795,副,0.1102168903185981,千克,0.07119116960639169,UNKNOWN,0.06725206287904818
302019900,其他邮政普遍服务,C 前3个>=90%,4372712.87,10,0.6171163783731356,0.8003958215532225,0.9464498888992909,UNKNOWN,0.6171163783731356,月,0.18327944318008696,次,0.14605406734606838,批,0.03140663567054656,项,0.012686119955550615
107021612,桃胶粉,C 前3个>=90%,4341992.91,8,0.6806181772415653,0.826298120325581,0.9631823443028146,千克,0.6806181772415653,包,0.14567994308401577,份,0.13688422397723354,桶,0.02826766476686854,个,0.005051597378126534
306011002,个人贷款,C 前3个>=90%,4134265.85,7,0.821082446838778,0.8718290624682494,0.9140448406335554,UNKNOWN,0.821082446838778,笔,0.050746615629471435,次,0.04221577816530594,个,0.037247038673141934,批,0.031025174638926522
104010307,黄红麻织物,B 前2个>=90%,4102973.9899999998,8,0.490349108939879,0.9106998750435656,0.9778255747607115,个,0.490349108939879,千米,0.42035076610368666,包,0.06712569971714591,副,0.013951706771604467,千克,0.006241716389725396
108041115,铂丝,C 前3个>=90%,4097576.280000001,8,0.7046338036689338,0.8874491922820287,0.9680262206125422,千克,0.7046338036689338,UNKNOWN,0.1828153886130949,OTHER,0.08057702833051346,个,0.02156396707763058,卷,0.00565578244708113
301050301,无运输工具承运水路旅客运输服务,A 首要单位>=90%,4074306.89,4,0.9161147161400991,0.9700343166834936,0.9856417296047132,千克,0.9161147161400991,批,0.05391960054339451,UNKNOWN,0.01560741292121959,次,0.014358270395286792,,
106050308,漆器工艺框架类制品,D 前3个仍<90%,4039325.4800000032,15,0.6227876887999629,0.7821709975201108,0.8652289243104024,个,0.6227876887999629,千克,0.1593833087201479,箱,0.08305792679029167,套,0.052654590736273085,千米,0.03783106876547118
109024006,农用包装机械,C 前3个>=90%,4029982.95,6,0.5704542124675738,0.7907713232384767,0.9641447614561247,个,0.5704542124675738,批,0.22031711077090288,套,0.17337343821764803,千克,0.03579419610199591,千米,5.2109401604292145e-05
107021609,竹材热解产品,C 前3个>=90%,3998764.0,6,0.7654575763911049,0.8949102272602234,0.9973999465834943,千克,0.7654575763911049,平方米,0.12945265086911856,个,0.10248971932327089,瓶,0.002138160691653721,包,0.0004396358474768704
106051004,工艺扇,B 前2个>=90%,3991435.18,6,0.7167604335240638,0.9255028488274234,0.9941206611302151,个,0.7167604335240638,OTHER,0.2087424153033596,套,0.06861781230279179,UNKNOWN,0.004610371751045197,包,0.0010021457995968257
101030199,其他活牲畜,D 前3个仍<90%,3972955.68,10,0.5224127795958701,0.7802297205590776,0.8719003656240132,千克,0.5224127795958701,个,0.2578169409632075,UNKNOWN,0.09167064506493562,箱,0.07040146997058874,袋,0.054867005211596015
101010701,甘蔗,B 前2个>=90%,3928163.57,11,0.8220448187701104,0.9498220844199723,0.9816696762451773,千克,0.8220448187701104,套,0.12777726564986194,袋,0.03184759182520498,个,0.007765055974998516,OTHER,0.004357074163283888
109020503,日用陶瓷制品成型机械,A 首要单位>=90%,3925374.45,10,0.9135332120990394,0.9690081744940282,0.9835167317604566,个,0.9135332120990394,套,0.055474962394988836,千米,0.014508557266428428,副,0.012271440753887823,OTHER,0.0021908737903972445
104011304,针织或钩编相关餐桌用制品,B 前2个>=90%,3912920.4,10,0.8815831699515277,0.9330921605254223,0.9784648519811443,个,0.8815831699515277,OTHER,0.051508990573894624,千克,0.045372691455721925,千米,0.011449088000870144,副,0.008528668255045516
105020203,藤家具零配件,D 前3个仍<90%,3910529.64,8,0.41225556341774716,0.6749477802193566,0.8350405905630727,套,0.41225556341774716,个,0.2626922168016095,OTHER,0.160092810343716,千克,0.15425789228898415,批,0.010228793458269249
109061303,其他地震专用仪器,C 前3个>=90%,3872169.52,3,0.36852712481451483,0.724841592162525,1.0,套,0.36852712481451483,个,0.35631446734801014,UNKNOWN,0.275158407837475,,,,
102049902,铍矿石,B 前2个>=90%,3776997.89,11,0.8614248312434191,0.9469392184383773,0.9828788201944163,千克,0.8614248312434191,个,0.08551438719495816,套,0.0359396017560391,批,0.007513904118172541,OTHER,0.004841675990451771
109024212,医用电泳仪,B 前2个>=90%,3762055.9499999997,6,0.7812824580665793,0.9064856411824498,0.9562589572863743,个,0.7812824580665793,批,0.12520318311587048,套,0.049773316103924506,UNKNOWN,0.031104601195524488,盒,0.008237251229610235
109032601,潜水装备,B 前2个>=90%,3726748.2,9,0.501998128019489,0.9234505352414204,0.966373746420539,个,0.501998128019489,UNKNOWN,0.42145240722193145,套,0.04292321117911856,批,0.010221511611651144,千克,0.009804794431778353
107021004,植物性着色料,B 前2个>=90%,3711289.44,12,0.7085543185227828,0.9815789522468504,0.9895558563602629,千克,0.7085543185227828,瓶,0.2730246337240676,桶,0.0079769041134124,份,0.0068439825054442535,罐,0.002585144639109581
101011901,种用谷物,A 首要单位>=90%,3699192.92,9,0.9022369100987575,0.9976493494153855,0.9985556822486567,袋,0.9022369100987575,千克,0.09541243931662803,包,0.0009063328332711017,OTHER,0.0005827703627849723,个,0.00026834502051328537
109032602,潜水水下作业用装备,D 前3个仍<90%,3697040.62,5,0.5062563580921651,0.7520781094366229,0.8884331165395744,个,0.5062563580921651,套,0.24582175134445777,批,0.13635500710295143,千米,0.09317379369231815,项,0.01839308976810755
108040503,畜牧专用手工具,A 首要单位>=90%,3695651.5300000003,4,0.9327412749870386,0.9869267408986474,0.9998502293856694,千克,0.9327412749870386,套,0.054185465911608825,个,0.012923488487021934,OTHER,0.00014977061433062115,,
109023904,渔业织网机械,A 首要单位>=90%,3686474.8,5,0.9042817273564436,0.9980482709389469,0.9997029682665944,个,0.9042817273564436,千米,0.09376654358250326,卷,0.0016546973276475403,套,0.00024413567129226004,千克,5.2896062113323006e-05
405030000,采矿权,B 前2个>=90%,3671081.88,8,0.8444845692191426,0.9534442745798959,0.9836207194594092,OTHER,0.8444845692191426,平方米,0.10895970536075322,次,0.030176444879513285,项,0.006809981585047076,千克,0.005064904735930325
107020230,亚硝酸酯及硝酸酯,A 首要单位>=90%,3647045.960000001,10,0.9537512957473122,0.9777832934137195,0.9950482252765469,千克,0.9537512957473122,瓶,0.024031997666407248,桶,0.01726493186282741,OTHER,0.002097588043557312,个,0.0008832765024984766
103010404,饲料用植物根粉,B 前2个>=90%,3607869.75,10,0.7312260621381912,0.9748951524649692,0.9874734779435982,千克,0.7312260621381912,个,0.243669090326778,瓶,0.012578325478629046,袋,0.006503061813692138,箱,0.0025078510664083703
102040304,磷钇矿石,A 首要单位>=90%,3506393.4,4,0.9528537214335391,0.9810878608201806,0.9954249286460555,千克,0.9528537214335391,卷,0.028234139386641557,个,0.014337067825874872,桶,0.004575071353944483,,
109060403,划线用具,B 前2个>=90%,3492381.5999999996,15,0.8736576266465269,0.9054808042740805,0.9315505499169965,个,0.8736576266465269,项,0.03182317762755365,OTHER,0.026069745642916,千克,0.021384490171406242,套,0.012107597291200943
109022407,脏器生化制药机械,B 前2个>=90%,3475207.5,3,0.7762196933564399,0.9925184323526006,1.0,套,0.7762196933564399,个,0.21629873899616067,批,0.0074815676473994714,,,,
109023705,竹木采集机械,A 首要单位>=90%,3454530.33,4,0.9480874032447705,0.9966613001194868,0.9993881541633476,个,0.9480874032447705,套,0.048573896874716395,卷,0.002726854043860718,OTHER,0.0006118458366524169,,
101020405,编结用原料,B 前2个>=90%,3451249.92,7,0.8507187998717868,0.9173059017412452,0.9736217306453426,千克,0.8507187998717868,个,0.06658710186945836,包,0.05631582890409745,OTHER,0.02414371660456279,平方米,0.0012430279172596112
106050302,雕漆漆器工艺品,D 前3个仍<90%,3363329.62,12,0.5118562390563433,0.6616688554005005,0.8054430597260342,千克,0.5118562390563433,桶,0.14981261634415718,OTHER,0.1437742043255338,立方米,0.13229488639891324,套,0.030319954188730392
109021702,采盐及盐加工机械,B 前2个>=90%,3152814.5,4,0.8972339825257718,0.9618560463991777,0.9823076143553641,个,0.8972339825257718,UNKNOWN,0.06462206387340581,套,0.02045156795618645,千米,0.017692385644635926,,
107021610,林产色素（紫胶红色素）,B 前2个>=90%,3149289.14,8,0.7794409502837837,0.9607040781272944,0.989717215993702,千克,0.7794409502837837,批,0.18126312784351073,个,0.029013137866407527,瓶,0.00522222611798674,桶,0.0026228141122666177
107021805,空白磁带,C 前3个>=90%,3137190.38,9,0.500597340222623,0.8615616595126752,0.9375112995214527,盒,0.500597340222623,OTHER,0.3609643192900522,个,0.07594964000877755,套,0.03115526575087866,UNKNOWN,0.019345191922971537
301050500,无运输工具承运管道运输服务,A 首要单位>=90%,3134161.82,2,0.9973198575943344,1.0,1.0,千克,0.9973198575943344,UNKNOWN,0.002680142405665576,,,,,,
101010801,未去梗烤烟叶,B 前2个>=90%,3104917.9,6,0.8950136813601416,0.9652479055887435,0.9975876978904981,千克,0.8950136813601416,个,0.07023422422860198,UNKNOWN,0.03233979230175458,盒,0.002166240852938495,包,0.00021256600697879967
106051106,养生理疗枕,C 前3个>=90%,3093264.12,6,0.5894618562348953,0.7486074936271527,0.9018594603554255,个,0.5894618562348953,UNKNOWN,0.15914563739225734,千克,0.1532519667282728,OTHER,0.06670650548909479,套,0.02968733559034073
102050513,天青石,C 前3个>=90%,3075156.5,6,0.4868428094635184,0.8514159523263287,0.9220790226448637,UNKNOWN,0.4868428094635184,千克,0.3645731428628104,套,0.07066307031853501,立方米,0.06694267429966573,个,0.01052304167283844
302020000,邮政特殊服务,B 前2个>=90%,2997671.88,8,0.49169160902293285,0.9170434557367233,0.9715023847106309,票,0.49169160902293285,UNKNOWN,0.42535184671379045,个,0.05445892897390758,OTHER,0.027581404272972,元,0.00030623765266797647
109061005,平板仪,B 前2个>=90%,2995350.95,5,0.6521951225782073,0.9930533448843448,0.9989374200041568,个,0.6521951225782073,套,0.34085822230613744,UNKNOWN,0.00588407511981192,千克,0.0008956546477467023,副,0.0001669253480965227
103011600,微生物蛋白,C 前3个>=90%,2990956.38,11,0.5545762456087708,0.8650810514327862,0.9225877409820333,千克,0.5545762456087708,个,0.3105048058240154,箱,0.05750668954924712,瓶,0.020696724437017703,OTHER,0.01971275823153262
101011303,切叶,B 前2个>=90%,2971348.19,10,0.8057842019517747,0.9478002071510846,0.9802693066409024,千克,0.8057842019517747,元,0.14201600519930987,批,0.032469099489817785,千米,0.00979353415999355,OTHER,0.005558574405916393
109023707,木生产专用工具,B 前2个>=90%,2936161.21,6,0.7744857612910158,0.950641358006361,0.9942313351384409,个,0.7744857612910158,套,0.1761555967153452,千克,0.043589977132079884,UNKNOWN,0.003419975703582025,OTHER,0.0023377905738356923
109032603,潜水服,C 前3个>=90%,2923613.87,11,0.5091890298085089,0.8931829667369857,0.9684323019031238,个,0.5091890298085089,UNKNOWN,0.3839939369284768,项,0.07524933516613806,千米,0.026288526261506618,副,0.0024887007394037296
109023901,渔业养殖机械,C 前3个>=90%,2914215.05,6,0.43707877014772817,0.804986148843065,0.9573125874838921,个,0.43707877014772817,UNKNOWN,0.36790737869533685,套,0.15232643864082715,千克,0.03988391316557095,千瓦时,0.002082893642320597
109020206,石油专用工程车辆设备,B 前2个>=90%,2851111.82,7,0.47186843762585223,0.9333721432223587,0.99153425346888,个,0.47186843762585223,OTHER,0.46150370559650655,套,0.058162110246521306,桶,0.004242555453331887,立方米,0.0032201087083283883
109022399,其他信息化学品生产设备,D 前3个仍<90%,2817304.14,10,0.3479842896904982,0.5944962371013305,0.8087246661271013,套,0.3479842896904982,千克,0.24651194741083224,个,0.21422842902577074,批,0.15369515624961952,盒,0.022438315800721465
307050200,养老服务,C 前3个>=90%,2770860.5,6,0.5373384910572004,0.8260574648200442,0.9962372699744357,千克,0.5373384910572004,立方米,0.2887189737628437,UNKNOWN,0.17017980515439157,元,0.0016240442274159958,OTHER,0.0014168883637411555
109062203,缩微设备,D 前3个仍<90%,2733311.34,7,0.5897587356440704,0.7531511357209677,0.8812009465412748,平方米,0.5897587356440704,个,0.1633924000768972,批,0.12804981082030706,套,0.07001105113770172,千米,0.03731737343906092
109021602,酿酒设备,B 前2个>=90%,2712630.5,6,0.592518221703988,0.9932862216214113,0.9983012798831244,套,0.592518221703988,个,0.40076799991742335,UNKNOWN,0.005015058261713123,OTHER,0.0013639896771786648,平方米,0.00020644168087028439
107021701,发射药,A 首要单位>=90%,2671788.9,4,0.955363651671732,0.9788310745658086,0.9998224036337601,千克,0.955363651671732,OTHER,0.0234674228940767,个,0.02099132906795144,盒,0.00017759636623986274,,
109051402,电子束管,B 前2个>=90%,2668787.09,7,0.8397810519984193,0.9683204852433546,0.9918435269409221,个,0.8397810519984193,套,0.12853943324493525,千米,0.023523041697567564,千克,0.003747020523844036,UNKNOWN,0.0026716256335007978
109041204,除霜器,C 前3个>=90%,2645890.51,7,0.48170450938274084,0.8797537544363467,0.9838957810843051,套,0.48170450938274084,个,0.39804924505360584,千克,0.10414202664795832,OTHER,0.011712502797404116,批,0.0036207091577648088
106051108,养生制氧机,A 首要单位>=90%,2637133.69,3,0.9931152523405061,0.9974392652046397,1.0,个,0.9931152523405061,UNKNOWN,0.0043240128641335585,盒,0.002560734795360337,,,,
106041007,飞镖器材及配件,C 前3个>=90%,2558300.41,11,0.5018609483786152,0.7735080494319273,0.924529648963313,批,0.5018609483786152,个,0.27164710105331213,套,0.15102159953138575,UNKNOWN,0.057951431122195696,OTHER,0.011787798603370434
109061799,其他纺织相关专用测试仪器,C 前3个>=90%,2556841.49,10,0.6515514538212535,0.8489571991418208,0.9908216836703474,个,0.6515514538212535,套,0.19740574532056734,平方米,0.14186448452852662,包,0.005319062622063443,副,0.0013454099573454589
306011003,票据贴现,C 前3个>=90%,2522845.51,7,0.7405058029098263,0.8547626762924536,0.9263451649086512,笔,0.7405058029098263,次,0.1142568733826274,个,0.07158248861619751,元,0.03107602098076945,千克,0.0276435198760942
109060309,扩大量限装置,C 前3个>=90%,2501538.89,7,0.5665583635999358,0.8941527109338683,0.9990600266062623,套,0.5665583635999358,OTHER,0.3275943473339325,个,0.10490731567239395,UNKNOWN,0.0005784879082971202,千米,0.00025584251460507973
107021705,烟火制品,D 前3个仍<90%,2496671.39,10,0.599840229674759,0.7565328491227674,0.8312606690302162,个,0.599840229674759,千克,0.15669261944800833,桶,0.07472781990744885,OTHER,0.06883565081426274,箱,0.05581502658225278
104010806,风帆,D 前3个仍<90%,2469252.55,9,0.3449258521571639,0.6086584379552428,0.7870816332659047,套,0.3449258521571639,个,0.26373258579807884,平方米,0.17842319531066195,千米,0.1768089132883552,千克,0.020411034910139104
106050201,景泰蓝工艺品,D 前3个仍<90%,2374660.12,10,0.675577774894371,0.8090880390916743,0.8832630540828722,个,0.675577774894371,批,0.1335102641973033,套,0.07417501499119798,副,0.06443027307840585,UNKNOWN,0.04605122184811863
103021204,糯米纸,D 前3个仍<90%,2331582.66,15,0.4249419405100568,0.7768161048169744,0.8525059840683495,个,0.4249419405100568,千克,0.35187416430691754,箱,0.0756898792513751,批,0.05183174590945019,包,0.04019356105521904
109032303,海洋石油浮动工程结构物,A 首要单位>=90%,2330397.8,3,0.9599918949460046,0.9972965988896831,1.0,个,0.9599918949460046,立方米,0.03730470394367863,千克,0.002703401110316874,,,,
109040203,旋转式变流机,B 前2个>=90%,2308386.96,5,0.7925242568516329,0.9460578741096337,0.9845843436925324,个,0.7925242568516329,千克,0.1535336172580008,套,0.0385264695828987,千米,0.013723868895880438,UNKNOWN,0.0016917874115871805
106050304,彩绘雕填漆器工艺品,B 前2个>=90%,2300034.7,9,0.7293172707350893,0.9493233123830697,0.972018622153831,千克,0.7293172707350893,个,0.22000604164798035,罐,0.02269530977076128,桶,0.015431071539920679,瓶,0.007479039337971726
101020407,野生植物活体,C 前3个>=90%,2269291.03,11,0.4086735538720215,0.7528033149630879,0.9092086571196645,OTHER,0.4086735538720215,盒,0.3441297610910664,千克,0.15640534215657656,立方米,0.07428917127478357,包,0.010763220616969523
304080203,婚姻介绍服务,A 首要单位>=90%,2194617.18,2,0.9974925011750797,1.0,1.0,UNKNOWN,0.9974925011750797,批,0.002507498824920344,,,,,,
405020000,探矿权,D 前3个仍<90%,2152634.29,9,0.5129414063175589,0.7590770004876211,0.8865844927147378,批,0.5129414063175589,次,0.24613559417006217,OTHER,0.12750749222711674,月,0.05012768332330152,UNKNOWN,0.044221417656596
101050500,淡水藻类,A 首要单位>=90%,2149843.47,8,0.9572639072183241,0.9835381922015001,0.9947017956614301,千克,0.9572639072183241,OTHER,0.026274284983176,个,0.011163603459930038,盒,0.003080224254652363,袋,0.0012037992700929057
108032406,镓加工材,B 前2个>=90%,2142759.0,2,0.6630512344132028,1.0,1.0,立方米,0.6630512344132028,千克,0.3369487655867972,,,,,,
109060505,波谱仪器,B 前2个>=90%,2123456.0,6,0.5593325220772175,0.9735054552578438,0.9920224388920703,个,0.5593325220772175,套,0.4141729331806263,UNKNOWN,0.018516983634226467,OTHER,0.0047093040778805875,瓶,0.0031269779077127097
301049902,国际其他管道运输服务,A 首要单位>=90%,2104714.84,1,1.0,1.0,1.0,个,1.0,,,,,,,,
109025204,自动擦鞋器,A 首要单位>=90%,2078874.0999999999,5,0.9986827485127647,0.999452395890641,0.9997258131216317,个,0.9986827485127647,套,0.0007696473778763226,盒,0.0002734172309905636,瓶,0.00014430888335181048,桶,0.00012987799501662945
109022306,摄影、复印化学制剂生产设备,A 首要单位>=90%,2056387.8299999998,7,0.9272883121468386,0.9562006112436485,0.9806415261658108,个,0.9272883121468386,千克,0.028912299096809965,套,0.024440914922162327,千米,0.015301846053037573,次,0.002748508777159997
108041110,镁丝,A 首要单位>=90%,2049883.99,4,0.9437643737097532,0.9858216366673511,0.9986887062813735,千克,0.9437643737097532,个,0.04205726295759791,UNKNOWN,0.0128670696140224,套,0.0013112937186264867,,
109061006,垂准仪,B 前2个>=90%,1986366.45,5,0.7634721981938429,0.9613503389568426,0.9951024192942849,个,0.7634721981938429,套,0.1978781407629997,批,0.033752080337442265,项,0.004721379582302148,副,0.00017620112341305402
301040202,国际气体管道运输服务,B 前2个>=90%,1964348.16,2,0.701173136232632,1.0,1.0,立方米,0.701173136232632,元,0.298826863767368,,,,,,
107040306,氯纶纤维,A 首要单位>=90%,1961271.18,5,0.9956976882717463,0.9973443753963692,0.9985680715504115,千克,0.9956976882717463,个,0.0016466871246229194,箱,0.0012236961540422983,千米,0.0008157974360281988,瓶,0.0006161310135602972
109042204,液体燃料家用器具,D 前3个仍<90%,1927895.47,12,0.4673367379197172,0.6171050757228036,0.7403856185211121,个,0.4673367379197172,千克,0.1497683378030864,立方米,0.12328054279830845,袋,0.1189587317200346,箱,0.06710110170029084
109022803,毛、麻预处理机械,C 前3个>=90%,1908067.2000000002,3,0.4469240915623936,0.7927798350079074,0.9999999999999999,个,0.4469240915623936,千克,0.34585574344551384,套,0.2072201649920925,,,,
108031399,其他碱金属及碱土金属,B 前2个>=90%,1902099.04,5,0.7556220626660954,0.9998475368559147,0.9999211397530593,千克,0.7556220626660954,个,0.24422547418981924,包,7.360289714461976e-05,盒,5.257349796044269e-05,OTHER,2.6286748980221345e-05
108012202,食品用陶瓷容器,C 前3个>=90%,1897907.01,10,0.7364924164540602,0.82880726068871,0.9030852939417723,个,0.7364924164540602,套,0.09231484423464982,UNKNOWN,0.07427803325306227,千克,0.05708394006089897,OTHER,0.039284827764032554
109010708,软管加工机,C 前3个>=90%,1840256.43,8,0.6304592507251829,0.8166667511657602,0.9844161989967888,个,0.6304592507251829,千米,0.18620750044057718,OTHER,0.16774944783102863,套,0.01441049169435588,卷,0.0007913027642566096
101050700,淡水产品种苗,A 首要单位>=90%,1835745.11,6,0.9698733720173167,0.9844128687342656,0.9963099452298145,千克,0.9698733720173167,个,0.014539496716948902,OTHER,0.011897076495548992,批,0.0029296006132354616,袋,0.0007038014117330265
104020405,木制鞋,A 首要单位>=90%,1833665.43,5,0.9867358899818491,0.9988329713998044,0.9998373749130451,个,0.9867358899818491,千克,0.012097081417955293,OTHER,0.0010044035132406898,UNKNOWN,9.718239602739307e-05,副,6.544269092753742e-05
109012805,稀有气体提取设备,B 前2个>=90%,1782177.91,5,0.6453363906861578,0.9593601067583652,0.9867953699414893,套,0.6453363906861578,个,0.3140237160722074,UNKNOWN,0.02743526318312407,瓶,0.01303629669610258,桶,0.00016833336240824578
109061302,地震前兆仪器,A 首要单位>=90%,1774944.43,3,0.9481955612548388,0.9978872577999527,1.0,个,0.9481955612548388,套,0.04969169654511381,元,0.0021127422000473558,,,,
107021607,紫胶类产品,C 前3个>=90%,1771165.45,11,0.6407346078255987,0.855634429860858,0.9329609156502009,千克,0.6407346078255987,个,0.21489982203525934,盒,0.07732648578934283,UNKNOWN,0.03672727468797452,瓶,0.013917858436093592
109023903,鱼货起卸设备,A 首要单位>=90%,1748984.3599999999,2,0.9999124177416887,1.0,1.0,个,0.9999124177416887,千克,8.758225831133219e-05,,,,,,
109023503,农林用自装或自卸式挂车,A 首要单位>=90%,1725956.0,3,0.9382081582612767,0.9958573683222516,1.0,个,0.9382081582612767,UNKNOWN,0.057649210060974905,套,0.0041426316777484476,,,,
110030204,人造雪,B 前2个>=90%,1697158.4,9,0.7019583440178595,0.9464019386758479,0.9632248822502367,个,0.7019583440178595,OTHER,0.24444359465798834,瓶,0.016822943574388814,批,0.013257454342505685,UNKNOWN,0.00944119299648165
109023203,掩模修补设备,D 前3个仍<90%,1687645.4300000002,13,0.34131461488329334,0.6205419641968277,0.8624917201950412,套,0.34131461488329334,个,0.2792273493135344,OTHER,0.24194975599821342,卷,0.05239068493196464,次,0.03694218518400515
102049903,铯矿石,A 首要单位>=90%,1656311.51,7,0.9031019774776545,0.979426533116346,0.9890394772418143,千克,0.9031019774776545,个,0.07632455563869142,套,0.009612944125468283,OTHER,0.0049873710048661075,桶,0.003501756743814453
103020905,雪泥,B 前2个>=90%,1641056.7899999998,10,0.7359290655626854,0.9329892599268306,0.9731687652320674,个,0.7359290655626854,OTHER,0.19706019436414507,袋,0.04017950530523689,箱,0.018587961236856406,瓶,0.003743928934963915
109013606,镁铸件,B 前2个>=90%,1622693.6199999999,6,0.5109421641776098,0.9642847304717942,0.9828636782339725,千克,0.5109421641776098,个,0.45334256629418435,OTHER,0.018578947762178298,箱,0.009095986955319392,副,0.007424075531892459
109023905,网片处理机械,A 首要单位>=90%,1595087.02,6,0.9627156517140989,0.9901509887529522,0.9948529265820243,个,0.9627156517140989,平方米,0.027435337038853216,袋,0.004701937829072172,OTHER,0.002745950499929465,卷,0.002350968914536086
108032103,镉材,C 前3个>=90%,1562167.3399999999,5,0.46803884659373307,0.8055080321932733,0.9406644873269467,立方米,0.46803884659373307,千克,0.3374691855995402,个,0.13515645513367347,平方米,0.059276620134690566,OTHER,5.889253836275953e-05
109023999,其他渔业捕捞养殖机械,B 前2个>=90%,1542253.75,3,0.8448661577253419,0.9939985556851458,1.0,OTHER,0.8448661577253419,套,0.14913239795980396,个,0.006001444314854154,,,,
104030504,鞍具及挽具,A 首要单位>=90%,1528243.44,5,0.9884964727870843,0.9974755003692344,0.998942576844956,个,0.9884964727870843,套,0.008979027582150132,副,0.0014670764757216954,OTHER,0.0009789016336297835,平方米,7.852152141415376e-05
109024608,水疗仪器,A 首要单位>=90%,1506955.95,3,0.9756265271058521,0.9992211119376118,1.0,个,0.9756265271058521,套,0.02359458483175968,袋,0.0007788880623882869,,,,
109042206,铜制家用烹饪或供暖器具,B 前2个>=90%,1492819.75,6,0.8667819607826062,0.9173107001029427,0.9507330205136956,个,0.8667819607826062,UNKNOWN,0.050528739320336566,OTHER,0.033422320410752875,套,0.027177628109488774,卷,0.020801573666211208
106050803,陶瓷壁画,C 前3个>=90%,1456408.3699999999,8,0.4315782942115336,0.793564678566081,0.9060956165749035,套,0.4315782942115336,箱,0.3619863843545475,平方米,0.11253093800882236,千克,0.07482310747774679,个,0.008457881905745982
109061611,干扰场强测量仪器,B 前2个>=90%,1450189.0799999998,4,0.7907261651701308,0.998766009188264,0.9997793391190065,个,0.7907261651701308,套,0.20803984401813316,盒,0.0010133299307425485,UNKNOWN,0.00022066088099353227,,
109022303,软磁盘复制生产设备,B 前2个>=90%,1377040.28,4,0.8043751269207607,0.9574570687213303,0.9967064652604061,个,0.8043751269207607,套,0.15308194180056955,UNKNOWN,0.03924939653907582,项,0.0032935347395938192,,
101010702,甜菜,A 首要单位>=90%,1359655.66,8,0.9739904587312938,0.9879351364594768,0.9927900421493483,千克,0.9739904587312938,个,0.013944677728183032,千瓦时,0.004854905689871508,平方米,0.003570904121415565,盒,0.002399372205753919
106020504,电影胶片拷贝,D 前3个仍<90%,1345879.7,10,0.6784952622437206,0.7899010587647618,0.8886531240496457,盒,0.6784952622437206,千瓦时,0.11140579652104121,个,0.09875206528488394,立方米,0.060332286756386924,UNKNOWN,0.024548999438805712
109032403,航空器发射、甲板停机装置及地面飞行训练装置,B 前2个>=90%,1311394.3,4,0.8174505562514646,0.9187753828120192,0.9958898708039222,套,0.8174505562514646,个,0.10132482656055466,UNKNOWN,0.07711448799190297,批,0.004110129196077793,,
405010200,收回土地使用权,A 首要单位>=90%,1299944.1,3,0.913844295304698,0.996957869188375,0.9999999999999999,UNKNOWN,0.913844295304698,个,0.08311357388367699,套,0.0030421308116248998,,,,
301059901,其他无运输工具承运旅客运输业务,D 前3个仍<90%,1290107.48,6,0.5766445133703124,0.7161677723161485,0.8184755273258318,票,0.5766445133703124,元,0.13952325894583606,千克,0.10230775500968338,UNKNOWN,0.09203884315126985,个,0.08456659750550397
109023702,造林机械,A 首要单位>=90%,1262829.54,1,1.0,1.0,1.0,个,1.0,,,,,,,,
105011006,玉米皮制篮筐，类似编结品,B 前2个>=90%,1257980.71,5,0.7717049969708996,0.9944471803546178,0.9987425562352225,千克,0.7717049969708996,个,0.22274218338371818,OTHER,0.004295375880604719,UNKNOWN,0.0012335960223110256,套,2.384774246657566e-05
106020402,录像带复制品,C 前3个>=90%,1249980.6500000001,9,0.7265908716266927,0.8738619513830073,0.9731802888308709,OTHER,0.7265908716266927,个,0.14727107975631462,千米,0.09931833744786368,UNKNOWN,0.010435361539396629,套,0.006100790440236014
302010300,报刊发行服务,C 前3个>=90%,1187393.95,6,0.40963174016509013,0.8174291691481164,0.9808782923308645,UNKNOWN,0.40963174016509013,份,0.40779742898302623,个,0.16344912318274823,批,0.011700413329544083,套,0.005053082845840675
109024607,眼科康复治疗仪器,B 前2个>=90%,1183723.36,4,0.8997034577403287,0.9899598923180833,0.9999890768397101,套,0.8997034577403287,个,0.0902564345777547,UNKNOWN,0.010029184521626742,盒,1.092316028974878e-05,,
107029905,火柴,D 前3个仍<90%,1170117.7899999998,14,0.3191622614335262,0.6045415222684547,0.8197066980752425,盒,0.3191622614335262,个,0.2853792608349284,千克,0.21516517580678785,千米,0.03546224179704165,批,0.03406792917830948
102050511,硫镁矾矿石,A 首要单位>=90%,1147820.0,2,0.9467512327716889,1.0,1.0,千克,0.9467512327716889,个,0.05324876722831106,,,,,,
301050401,无运输工具承运航空旅客运输服务,A 首要单位>=90%,1138317.0,4,0.9540400433271224,0.9944962607076939,0.9998972166804151,UNKNOWN,0.9540400433271224,次,0.040456217380571494,OTHER,0.005400955972721131,个,0.00010278331958496623,,
101030203,活鹅,B 前2个>=90%,1103173.1,4,0.8384913845343037,0.9693976131216396,0.9931997797988366,千克,0.8384913845343037,个,0.13090622858733594,UNKNOWN,0.023802166677196895,OTHER,0.0068002202011633525,,
109025403,内河航道、港口用交通管制设备,B 前2个>=90%,1094786.44,5,0.5915624968829537,0.9174269641118318,0.9503557607089106,个,0.5915624968829537,OTHER,0.325864467228878,套,0.03292879659707879,千克,0.02538379996741648,千米,0.024260439323673028
109061505,辐照加工用仪器设备,D 前3个仍<90%,1091106.59,8,0.39969029973506065,0.5988736444163534,0.721645792644328,千克,0.39969029973506065,OTHER,0.19918334468129278,立方米,0.12277214822797468,个,0.1047631377609038,千米,0.09645581005976693
301030103,航空运输湿租业务,B 前2个>=90%,1080543.8,4,0.8391069385618611,0.9740760161688957,0.9999888944807235,千克,0.8391069385618611,UNKNOWN,0.13496907760703453,月,0.025912878311827803,个,1.110551927649763e-05,,
109061306,金属、矿藏探测器零件,B 前2个>=90%,1064177.81,4,0.8967088404145543,0.995379569134222,0.9995865352614334,个,0.8967088404145543,套,0.09867072871966762,UNKNOWN,0.004206966127211391,批,0.00041346473856657465,,
102040109,汞矿石,A 首要单位>=90%,1052442.57,6,0.9908168670904294,0.9952733572911251,0.9980241012105772,个,0.9908168670904294,盒,0.004456490200695701,瓶,0.002750743919452061,桶,0.0016067385035555906,套,0.0003135753051114228
101050600,淡水鲜软体动物,D 前3个仍<90%,1051366.84,9,0.701726440221379,0.8054976985958584,0.8967503388255997,千克,0.701726440221379,瓶,0.10377125837447945,盒,0.0912526402297413,个,0.08945330632645784,箱,0.009167970334693073
102050517,明矾石,C 前3个>=90%,1039564.36,9,0.47883793361288374,0.8772121718370568,0.9923289886544397,千克,0.47883793361288374,套,0.39837423822417306,个,0.115116816817383,千米,0.00581974549416065,袋,0.0011847558914005094
106051008,美术人形,B 前2个>=90%,1025476.9,3,0.6490658151344023,0.9976596254874195,0.9999999999999999,个,0.6490658151344023,OTHER,0.34859381035301723,UNKNOWN,0.0023403745125804396,,,,
106050602,抽纱工艺品,C 前3个>=90%,1020712.39,11,0.5906580892978089,0.8945674011069857,0.9302287689483225,个,0.5906580892978089,批,0.30390931180917674,千米,0.03566136784133678,UNKNOWN,0.03095569360140715,OTHER,0.024198785320907096
107022605,饲料用香精,A 首要单位>=90%,1020411.0399999999,2,0.9989321950103558,1.0,1.0,千克,0.9989321950103558,个,0.0010678049896441731,,,,,,
306010700,外汇局外汇贷款,A 首要单位>=90%,1019531.44,3,0.9121837380512758,0.9607636229442812,1.0,立方米,0.9121837380512758,UNKNOWN,0.04857988489300536,次,0.039236377055718856,,,,
501010300,房改房,B 前2个>=90%,995835.2,5,0.8506604305612013,0.9861647790718786,0.9952024190347961,UNKNOWN,0.8506604305612013,个,0.13550434851067727,月,0.00903763996291756,OTHER,0.004646351123157728,箱,0.00015122984204615382
106051102,排汗活动机,B 前2个>=90%,947897.48,5,0.8485094822701713,0.9492645554875829,0.995894070738536,套,0.8485094822701713,个,0.10075507321741166,千克,0.04662951525095309,千米,0.003104766139899433,UNKNOWN,0.0010011631215645811
109022301,光盘复制生产设备,B 前2个>=90%,946545.87,8,0.6993395787570231,0.9464380104473965,0.9865757377399998,个,0.6993395787570231,平方米,0.24709843169037335,千克,0.04013772729260336,套,0.008629270127183588,OTHER,0.0023601603163722006
106050804,陶瓷制塑像,C 前3个>=90%,909928.7,6,0.639675416326576,0.836174328823786,0.9467035164403541,千克,0.639675416326576,UNKNOWN,0.19649891249720997,个,0.1105291876165682,千米,0.04061417119824883,套,0.00646204477339818
102050508,毒重石,A 首要单位>=90%,902798.0,2,0.9999136019353166,1.0,1.0,千克,0.9999136019353166,OTHER,8.639806468335109e-05,,,,,,
101011904,种用豆类,B 前2个>=90%,825519.56,4,0.5026361822365542,0.9946457961577555,0.99843977046407,桶,0.5026361822365542,千克,0.4920096139212013,袋,0.0037939743063144377,个,0.0015602295359300753,,
108032104,锑材,A 首要单位>=90%,802357.2,3,0.9958818840287095,0.9996208671150456,1.0,千克,0.9958818840287095,个,0.003738983086336111,瓶,0.0003791328849544816,,,,
110020104,水煤气,A 首要单位>=90%,798522.8099999999,4,0.9554036283572163,0.9831149594837497,0.9926325335653217,千克,0.9554036283572163,千瓦时,0.027711331126533508,瓶,0.009517574081571948,立方米,0.007367466434678303,,
109031806,非机动船,C 前3个>=90%,738416.0,4,0.6094125804424606,0.8074039565773222,0.931453272951832,UNKNOWN,0.6094125804424606,套,0.19799137613486165,OTHER,0.12404931637450976,个,0.06854672704816797,,
301050100,无船承运,B 前2个>=90%,733979.0,4,0.8395935033563631,0.9087848562424811,0.9676421260008802,个,0.8395935033563631,票,0.069191352886118,千克,0.05885726975839908,UNKNOWN,0.032357873999119866,,
105010505,木瓦,D 前3个仍<90%,727216.79,10,0.34549739975063004,0.6368067491951058,0.7957965876997971,平方米,0.34549739975063004,千瓦时,0.2913093494444758,个,0.15898983850469128,UNKNOWN,0.09405723429460422,立方米,0.09096324632438697
109025404,飞机场用电气交通管理设备,B 前2个>=90%,713268.14,4,0.6682902449561254,0.9497524170923994,0.9962987271518955,套,0.6682902449561254,个,0.281462172136274,次,0.046546310059496,千瓦时,0.003701272848104501,,
107030703,人用疫苗,D 前3个仍<90%,672516.9,5,0.3929997744294604,0.6755413730123361,0.7911116434397409,盒,0.3929997744294604,OTHER,0.28254159858287575,袋,0.11557027042740488,瓶,0.11246631869028123,个,0.09642203786997769
109021805,薯类加工机械,C 前3个>=90%,661391.11,5,0.5625234968761524,0.8113529678377442,0.9197328189065015,个,0.5625234968761524,套,0.24882947096159186,千克,0.1083798510687572,OTHER,0.06737314627648987,副,0.012894034817008654
109031803,机动渔船,A 首要单位>=90%,626709.6599999999,3,0.9280815298107898,0.993617459159637,0.9999999999999999,个,0.9280815298107898,平方米,0.06553592934884712,套,0.006382540840362985,,,,
108041116,钯丝,A 首要单位>=90%,623497.3,2,0.9978347941522762,1.0,1.0,OTHER,0.9978347941522762,UNKNOWN,0.002165205847723799,,,,,,
108032411,铍加工材,A 首要单位>=90%,615996.6,1,1.0,1.0,1.0,千克,1.0,,,,,,,,
106041006,桌式足球器材及配件,B 前2个>=90%,600349.5700000001,5,0.5191978400184413,0.9362063672336769,0.9953627017672387,个,0.5191978400184413,瓶,0.41700852721523557,套,0.05915633453356184,千米,0.004254188105773108,卷,0.0003831101269881812
108041118,铱丝,A 首要单位>=90%,592138.06,1,1.0,1.0,1.0,千米,1.0,,,,,,,,
109023902,捕捞机械,A 首要单位>=90%,568031.3,2,0.9228915730524003,0.9999999999999999,0.9999999999999999,个,0.9228915730524003,套,0.07710842694759953,,,,,,
105011004,苇制品,B 前2个>=90%,541856.4,4,0.5883707196223944,0.9966596315924292,0.9987081448147516,个,0.5883707196223944,瓶,0.4082889119700348,UNKNOWN,0.0020485132223223715,OTHER,0.0012918551852483424,,
101030499,其他野生动物,A 首要单位>=90%,534105.14,3,0.9980003937052544,0.9994008670277916,1.0,千克,0.9980003937052544,袋,0.0014004733225372067,个,0.0005991329722084307,,,,
109021807,养蚕机械,C 前3个>=90%,532210.8,5,0.5585192934829583,0.7955785564667233,0.9971064097158493,副,0.5585192934829583,个,0.23705926298376506,套,0.2015278532491261,瓶,0.0016910592569711097,桶,0.001202531027179456
109042604,电篱网激发器,A 首要单位>=90%,530827.5,3,0.9099001087924043,0.9979663826761048,1.0,套,0.9099001087924043,个,0.08806627388370045,OTHER,0.002033617323895239,,,,
102050306,红柱石,C 前3个>=90%,529219.4,4,0.6494667429047386,0.8640450444560422,0.998582818392523,千克,0.6494667429047386,个,0.21457830155130367,套,0.13453777393648078,袋,0.0014171816074769745,,
109061202,牧业专用仪器,B 前2个>=90%,526164.8,4,0.6314082584011701,0.9968831058253991,0.9991257491949289,个,0.6314082584011701,套,0.36547484742422903,盒,0.0022426433695298506,次,0.0008742508050709587,,
109042202,沼气用具,A 首要单位>=90%,506144.3199999999,1,1.0,1.0,1.0,个,1.0,,,,,,,,
106051107,养生塑身机,B 前2个>=90%,504600.02999999997,4,0.8450514757202849,0.9941858901593804,0.99802021414862,个,0.8450514757202849,套,0.14913441443909545,OTHER,0.0038343239892395567,份,0.0019797858513801517,,
109024606,离子电渗治疗设备,B 前2个>=90%,503769.82,7,0.5601105878077413,0.940108500346448,0.9962849501385376,个,0.5601105878077413,套,0.3799979125387067,千克,0.05617644979208957,盒,0.0018058842826273317,包,0.0009885070129846206
108032207,锇加工材,B 前2个>=90%,495378.27,2,0.5615854122951336,1.0,1.0,立方米,0.5615854122951336,个,0.4384145877048664,,,,,,
108041119,钌丝,A 首要单位>=90%,493917.3,6,0.9076680448326067,0.9972768720593509,0.9992002709765381,千克,0.9076680448326067,个,0.08960882722674424,袋,0.0019233989171871485,OTHER,0.0003846797834374297,卷,0.00030369456587165506
108041117,铑丝,A 首要单位>=90%,485520.5,1,1.0,1.0,1.0,千克,1.0,,,,,,,,
109025101,邮资机,A 首要单位>=90%,475655.0,3,0.9751815916998665,0.9994638971523478,1.0,个,0.9751815916998665,箱,0.024282305452481317,UNKNOWN,0.0005361028476521849,,,,
109010510,插床,B 前2个>=90%,473798.08,5,0.7142573688774763,0.9959089956633003,0.9975341605436645,个,0.7142573688774763,套,0.281651626785824,千米,0.001625164880364226,OTHER,0.0013767679261173875,副,0.0010890715302181047
306010200,金融机构农户小额贷款,B 前2个>=90%,470819.44,3,0.5254668328903327,0.9719263928439319,1.0,次,0.5254668328903327,UNKNOWN,0.4464595599535992,千瓦时,0.028073607156068152,,,,
101011902,种用薯类,A 首要单位>=90%,470600.49,2,0.9836379260888573,1.0,1.0,千克,0.9836379260888573,平方米,0.016362073911142763,,,,,,
101011304,切枝,B 前2个>=90%,463656.67,4,0.8839299130539846,0.9533955588302009,0.9983900156121986,OTHER,0.8839299130539846,千克,0.06946564577621626,个,0.04499445678199777,瓶,0.0016099843878014308,,
109032802,畜力拖曳车辆,A 首要单位>=90%,460358.09,3,0.9904226729240274,0.9971652502077241,0.9999999999999999,个,0.9904226729240274,套,0.006742577283696698,OTHER,0.0028347497922758345,,,,
302010200,邮票发行服务,C 前3个>=90%,453253.93,4,0.45324467456906553,0.7585018181750791,0.9085280959395102,个,0.45324467456906553,批,0.3052571436060135,套,0.1500262777644311,UNKNOWN,0.0914719040604899,,
109023801,草原建设机械,D 前3个仍<90%,452628.41000000003,9,0.36011040491249763,0.6540474558368972,0.8032923960738566,个,0.36011040491249763,平方米,0.29393705092439953,套,0.14924494023695947,千米,0.11124173579824562,千克,0.03407298273654541
109021806,食用菌生产机械,D 前3个仍<90%,426798.06,5,0.3873856408813105,0.6727740046428514,0.8602162812080261,袋,0.3873856408813105,个,0.285388363761541,套,0.18744227656517465,千克,0.09483407679969305,UNKNOWN,0.04494964199228084
101030401,野生动物,B 前2个>=90%,423391.62,6,0.7281232680042179,0.9394632326449919,0.9809024089801305,个,0.7281232680042179,千克,0.21133996464077393,批,0.04143917633513861,箱,0.01221233429230366,UNKNOWN,0.0066726875699618235
109060805,频闪观测仪,B 前2个>=90%,409329.93,2,0.754467013931769,1.0,1.0,个,0.754467013931769,套,0.24553298606823107,,,,,,
106050306,刻灰漆器工艺品,D 前3个仍<90%,396567.09,7,0.3153287379444421,0.546802812104252,0.7594654412699752,桶,0.3153287379444421,千克,0.23147407415980986,UNKNOWN,0.21266262916572323,OTHER,0.12103878816570482,个,0.0675101405918479
109061504,放射性物体加工计量仪器,C 前3个>=90%,392160.0,4,0.632609139126887,0.7881680946552427,0.9184006527947777,个,0.632609139126887,套,0.15555895552835577,桶,0.13023255813953488,千克,0.08159934720522236,,
106041005,沙狐球桌及其配套器材,B 前2个>=90%,387368.32,3,0.5895405179236134,0.91708408163063,1.0,个,0.5895405179236134,套,0.3275435637070166,千克,0.08291591836937001,,,,
106050303,脱胎漆器工艺品,D 前3个仍<90%,385315.83,11,0.31745282824222404,0.5843920038270942,0.8043559746818603,罐,0.31745282824222404,桶,0.2669391755848702,个,0.21996397085476607,批,0.11652778449304821,UNKNOWN,0.0524478841162586
108012201,耐酸陶瓷容器,A 首要单位>=90%,339732.37,1,1.0,1.0,1.0,个,1.0,,,,,,,,
108032407,铪加工材,C 前3个>=90%,337904.9,6,0.5557368360151037,0.7833748489589822,0.9964282849997144,千克,0.5557368360151037,平方米,0.22763801294387856,千米,0.21305343604073215,个,0.0029005202351312454,箱,0.0006510707598498867
302010400,邮政汇兑,C 前3个>=90%,318137.5,4,0.5233586106636281,0.8555734548740717,0.9796314486660641,个,0.5233586106636281,OTHER,0.3322148442104436,元,0.12405799379199246,卷,0.020368551333935798,,
107021614,阿拉伯糖,C 前3个>=90%,296830.88,7,0.6579991946929511,0.8438962954258667,0.9661881540087743,千克,0.6579991946929511,个,0.18589710073291565,袋,0.12229185858290754,UNKNOWN,0.02820461267372182,瓶,0.002779360422338808
110020105,发生炉煤气,A 首要单位>=90%,291454.31,3,0.9404561558894086,0.9844847036230139,1.0,个,0.9404561558894086,立方米,0.04402854773360531,千克,0.015515296376986155,,,,
108032206,铱加工材,B 前2个>=90%,272863.81,3,0.7654507572843757,0.9157088658990725,1.0,个,0.7654507572843757,平方米,0.15025810861469682,套,0.08429113410092749,,,,
301020401,水路旅客运输程租业务,C 前3个>=90%,257806.72,10,0.37899438773357036,0.6875480980480261,0.9956956901666489,UNKNOWN,0.37899438773357036,千克,0.3085537103144557,平方米,0.30814759211862286,OTHER,0.0015415036504866902,袋,0.0011260373662874265
109042205,固体燃料家用器具,C 前3个>=90%,245551.46,8,0.7295001218889108,0.896818206660225,0.9500707509537919,个,0.7295001218889108,箱,0.16731808477131432,罐,0.053252544293566816,桶,0.02621853683948774,套,0.014579428686760812
101030107,骆驼,B 前2个>=90%,235064.32000000024,3,0.8266554447735829,0.9968944670122628,1.0,箱,0.8266554447735829,个,0.17023902223867993,袋,0.0031055329877371406,,,,
102040402,钍矿石,B 前2个>=90%,226493.17,3,0.7108875291912776,0.9429607524147416,1.0,个,0.7108875291912776,千克,0.23207322322346408,套,0.05703924758525831,,,,
107030704,类毒素,B 前2个>=90%,219901.64,4,0.8438251756558068,0.9559939616639512,0.9902501864015203,个,0.8438251756558068,盒,0.11216878600814435,OTHER,0.03425622473756903,瓶,0.009749813598479757,,
106050211,蒙镶工艺品,B 前2个>=90%,205304.34,5,0.8113298530367162,0.9866792879293249,0.9925242690924119,个,0.8113298530367162,千米,0.1753494348926087,副,0.005844981163086957,盒,0.0038713258570179277,套,0.00360440505057029
110030201,自然冰,B 前2个>=90%,205297.5,4,0.6137434698425456,0.9846486196860653,0.9935703065064114,套,0.6137434698425456,千克,0.37090514984351974,个,0.008921686820346083,桶,0.006429693493588573,,
109032402,无动力航空器,B 前2个>=90%,187902.14,3,0.6343562132927277,0.9819054748391902,1.0,个,0.6343562132927277,UNKNOWN,0.34754926154646243,套,0.01809452516080977,,,,
109025501,地平线开凿机系统,C 前3个>=90%,167724.1,7,0.6028994044385988,0.8841410387654487,0.9699963213396285,平方米,0.6028994044385988,个,0.28124163432684984,套,0.08585528257417986,批,0.01842311271904276,千米,0.011447371009890647
108031107,锇,A 首要单位>=90%,146279.23,2,0.9224770324536162,1.0,1.0,个,0.9224770324536162,平方米,0.07752296754638371,,,,,,
109023805,养蜂设备,B 前2个>=90%,121921.38,4,0.5577200651764276,0.9087003444350776,0.977105081979879,批,0.5577200651764276,套,0.3509802792586501,个,0.0684047375448014,平方米,0.022894918020120836,,
101030402,野生鸟类,A 首要单位>=90%,116329.45,4,0.9578361283406739,0.9828246415675481,0.9927275509340069,千克,0.9578361283406739,个,0.024988513226874193,包,0.009902909366458795,OTHER,0.007272449065993177,,
304040503,港澳台货物运输代理服务,A 首要单位>=90%,115595.0,2,0.9939443747566936,1.0,1.0,UNKNOWN,0.9939443747566936,票,0.006055625243306371,,,,,,
101011905,种用饲料作物,A 首要单位>=90%,109042.34999999999,4,0.9382150146250517,0.989387792907985,0.9969573289643887,千克,0.9382150146250517,包,0.05117277828293319,袋,0.007569536056403774,UNKNOWN,0.003042671035611393,,
301060100,旅客联运服务,B 前2个>=90%,103849.09,2,0.6302414397661068,1.0,1.0,项,0.6302414397661068,UNKNOWN,0.3697585602338932,,,,,,
307050100,殡葬服务,A 首要单位>=90%,95716.0,1,1.0,1.0,1.0,OTHER,1.0,,,,,,,,
306040100,股票转让,A 首要单位>=90%,92350.0,1,1.0,1.0,1.0,UNKNOWN,1.0,,,,,,,,
108032412,铊加工材,A 首要单位>=90%,80000.0,1,1.0,1.0,1.0,UNKNOWN,1.0,,,,,,,,
109022305,感光纸及类似品生产设备,B 前2个>=90%,75625.0,3,0.5135867768595042,0.9984132231404959,1.0,瓶,0.5135867768595042,个,0.48482644628099175,包,0.0015867768595041322,,,,
109032604,水下潜器,A 首要单位>=90%,74912.0,2,0.910561725758223,1.0,1.0,个,0.910561725758223,套,0.08943827424177701,,,,,,
102050518,砷矿石,A 首要单位>=90%,74500.03,3,0.9339262011035432,0.9982550342597177,1.0,千克,0.9339262011035432,个,0.06432883315617458,瓶,0.0017449657402822522,,,,
301040102,国际液体管道运输服务,B 前2个>=90%,70770.0,2,0.8160237388724035,1.0,1.0,千米,0.8160237388724035,个,0.18397626112759644,,,,,,
110030203,自然雪,B 前2个>=90%,70678.4,2,0.8969982342554444,1.0,1.0,个,0.8969982342554444,盒,0.10300176574455563,,,,,,
102050308,夕线石,C 前3个>=90%,67364.35,7,0.6542533253864988,0.8563038164845351,0.9602163458862142,千克,0.6542533253864988,个,0.20205049109803627,箱,0.10391252940167907,批,0.02516167676226372,OTHER,0.011133485293037043
108032208,钌加工材,A 首要单位>=90%,60150.0,2,0.9733998337489609,1.0,1.0,个,0.9733998337489609,千克,0.02660016625103907,,,,,,
101030105,骡,A 首要单位>=90%,55358.54,4,0.9893772487496961,0.9958532143369389,0.9996278803595615,盒,0.9893772487496961,瓶,0.006475965587242727,桶,0.0037746660226227065,个,0.00037211964043849425,,
109051403,射线计数管,A 首要单位>=90%,51817.0,2,0.9810872879556902,1.0,1.0,个,0.9810872879556902,卷,0.018912712044309783,,,,,,
306010600,住房公积金个人住房贷款,A 首要单位>=90%,51025.0,2,0.9995100440960314,1.0,1.0,UNKNOWN,0.9995100440960314,份,0.0004899559039686428,,,,,,
306010400,国债,B 前2个>=90%,45670.0,2,0.7742500547405299,1.0,1.0,个,0.7742500547405299,UNKNOWN,0.22574994525947012,,,,,,
301050601,无运输工具承运旅客联运运输服务,A 首要单位>=90%,41950.0,3,0.9702026221692491,0.9964243146603099,1.0,个,0.9702026221692491,次,0.026221692491060787,OTHER,0.003575685339690107,,,,
109023703,营林机械,A 首要单位>=90%,34523.28,1,1.0,1.0,1.0,个,1.0,,,,,,,,
106051109,养生水氧吧,A 首要单位>=90%,32942.0,1,1.0,1.0,1.0,个,1.0,,,,,,,,
307050400,育养服务,B 前2个>=90%,31444.84,4,0.7770063387188486,0.924629923383296,0.9866432775615968,月,0.7770063387188486,UNKNOWN,0.14762358466444733,卷,0.0620133541783008,包,0.01335672243840325,,
102050510,冰洲晶石,B 前2个>=90%,28568.2,3,0.8503160857176861,0.9999579952534636,1.0,个,0.8503160857176861,千克,0.14964190953577755,OTHER,4.20047465363586e-05,,,,
301040103,港澳台液体管道运输服务,A 首要单位>=90%,20681.3,2,0.9671200553156717,1.0,1.0,千克,0.9671200553156717,立方米,0.03287994468432836,,,,,,
306010500,地方政府债,B 前2个>=90%,17670.5,2,0.8662629806740046,1.0,1.0,箱,0.8662629806740046,千克,0.1337370193259953,,,,,,
301020103,港澳台水路旅客运输服务,A 首要单位>=90%,3960.0,1,1.0,1.0,1.0,千克,1.0,,,,,,,,
108032205,铑加工材,A 首要单位>=90%,2527.8,1,1.0,1.0,1.0,千克,1.0,,,,,,,,
109010707,旋锻机,A 首要单位>=90%,2200.5,1,1.0,1.0,1.0,个,1.0,,,,,,,,
109025206,焚尸炉,A 首要单位>=90%,1050.0,1,1.0,1.0,1.0,个,1.0,,,,,,,,
306030203,农牧业保险服务,A 首要单位>=90%,368.0,1,1.0,1.0,1.0,份,1.0,,,,,,,,
306040300,外汇转让,A 首要单位>=90%,42.65,1,1.0,1.0,1.0,UNKNOWN,1.0,,,,,,,,
109021604,醋化机械设备（制醋用）,A 首要单位>=90%,42.4,1,1.0,1.0,1.0,个,1.0,,,,,,,,
