product_id,v_prod,n_units,dom_unit,dom_share,千克,个,UNKNOWN,套,千瓦时,千米,立方米,项,OTHER,平方米,盒,箱,次,瓶,批,月,伏安,桶,袋,份,笔,罐,瓦,副,卷,包,元,票,期,令,单,车
305010000,4.414e+11,28,UNKNOWN,0.8000,0.003177,0.001701,0.799965,0.000518,,0.000141,0.002684,0.122234,0.004641,0.000942,0.000000,0.000004,0.052915,0.000000,0.004642,0.000079,,0.000000,0.000000,0.000070,0.003779,,0.000000,0.000000,0.000001,0.000015,0.002189,,0.000088,0.000000,0.000208,0.000005
102010100,3.6332e+11,19,千克,0.9946,0.994592,0.000300,0.004884,0.000019,0.000040,0.000032,0.000001,,0.000123,0.000005,0.000001,0.000000,,0.000001,0.000002,0.000000,,0.000000,0.000000,,,,,0.000000,0.000001,0.000000,,,,,,
108030100,3.01687e+11,22,千克,0.9943,0.994340,0.003201,0.001271,0.000138,0.000007,0.000225,0.000000,0.000025,0.000472,0.000259,0.000000,0.000000,0.000000,0.000000,0.000040,,,0.000002,0.000000,,,,,0.000007,0.000012,0.000001,0.000000,,,,,0.000000
109050501,2.70929e+11,21,个,0.9879,0.000004,0.987863,0.008877,0.002917,,0.000000,,0.000011,0.000112,0.000010,0.000003,,0.000001,,0.000190,0.000007,,0.000000,0.000000,0.000000,0.000002,,,0.000000,0.000001,0.000000,0.000002,,,,0.000000,
108020708,1.51939e+11,17,千克,0.9981,0.998100,0.000268,0.000039,0.000134,,0.000164,,0.000000,0.001249,0.000039,0.000000,0.000000,0.000000,,0.000005,,,0.000000,,,,0.000000,,0.000000,0.000000,0.000000,,,,,,
109031001,1.47897e+11,27,个,0.8683,0.011116,0.868336,0.017159,0.088695,0.000025,0.000732,0.000227,0.000020,0.002829,0.000056,0.000024,0.000055,0.000531,0.000677,0.002473,0.000045,,0.003671,0.000000,0.000009,0.000003,0.000103,,0.001412,0.000929,0.000047,0.000062,0.000002,,,,0.000761
109050901,1.38222e+11,21,个,0.9755,0.000037,0.975514,0.005068,0.018433,,0.000074,,0.000183,0.000172,0.000005,0.000001,0.000011,0.000018,0.000000,0.000458,0.000005,,0.000000,0.000000,0.000000,0.000000,,,0.000013,0.000009,0.000000,,,,,,
110010102,1.32703e+11,29,千瓦时,0.7543,0.001171,0.037520,0.049950,0.012906,0.754254,0.003406,0.000063,0.000554,0.018403,0.000081,0.000036,0.000002,0.000177,0.000016,0.000818,0.002447,0.117266,0.000002,0.000002,0.000006,0.000018,0.000000,0.000087,0.000269,0.000078,0.000003,0.000432,0.000032,0.000001,,,
108020799,1.23723e+11,23,千克,0.9558,0.955779,0.027870,0.002432,0.005890,0.000014,0.004097,0.000021,0.000071,0.002246,0.000952,0.000001,0.000002,0.000003,0.000002,0.000501,0.000007,,0.000003,0.000000,,,0.000000,,0.000105,0.000005,0.000001,,,,,,0.000000
107010101,1.16021e+11,23,千克,0.9046,0.904559,0.000189,0.002627,0.000070,,0.000000,0.091832,0.000001,0.000448,0.000003,0.000009,0.000002,0.000014,0.000033,0.000013,0.000001,,0.000179,0.000015,0.000000,,0.000000,,0.000001,0.000000,,0.000003,,,,,0.000000
108020705,1.14784e+11,19,千克,0.9974,0.997397,0.000383,0.001142,0.000587,0.000003,0.000145,0.000000,0.000001,0.000182,0.000056,0.000000,,0.000000,0.000000,0.000077,,,0.000026,,,,,,0.000000,0.000000,0.000000,,,,,,0.000000
110010101,1.14223e+11,27,千瓦时,0.9131,0.001355,0.026639,0.022249,0.008567,0.913090,0.000405,0.000169,0.001311,0.019084,0.000099,0.000001,0.000002,0.000058,0.000002,0.000955,0.000002,0.000001,0.000012,0.000001,0.000029,,0.000000,0.005951,0.000005,0.000013,0.000000,,,0.000001,0.000000,,
102010200,1.04915e+11,13,千克,0.9955,0.995526,0.000038,0.004351,0.000022,,0.000002,,,0.000051,,0.000006,,0.000001,0.000001,0.000000,,,0.000001,0.000000,,,,,0.000001,,,,,,,,
107010103,9.16747e+10,17,千克,0.8664,0.866425,0.000564,0.001986,0.000014,,0.000000,0.129809,,0.001073,0.000001,0.000000,0.000003,0.000031,0.000001,0.000001,,,0.000093,,,,0.000000,,0.000000,,0.000000,,,,,,
109030501,8.88716e+10,20,个,0.9516,0.000029,0.951586,0.045122,0.000269,,0.000000,0.000000,0.000001,0.001241,0.000000,0.000000,0.000000,0.000090,0.000001,0.001630,0.000002,,0.000002,,,,,,0.000002,0.000004,0.000000,0.000021,,,,,
102020101,8.86828e+10,21,千克,0.9980,0.998010,0.000050,0.001249,0.000000,,0.000001,0.000077,0.000036,0.000232,,0.000000,0.000011,0.000000,0.000008,0.000001,,,0.000322,0.000000,,,0.000000,,0.000000,0.000000,0.000002,0.000001,0.000000,,,,
109041501,7.29238e+10,21,个,0.9033,0.000049,0.903342,0.017083,0.074122,,0.000012,,0.000334,0.003472,0.000000,0.000000,0.000083,0.000016,0.000000,0.001476,,,0.000000,0.000000,0.000000,0.000000,,,0.000000,0.000000,0.000000,0.000008,,,,,
107010199,7.24207e+10,22,千克,0.9777,0.977657,0.014824,0.000540,0.000624,,0.000003,0.001380,0.000002,0.001333,0.000010,0.000002,0.000006,0.000000,0.000329,0.000021,0.000000,,0.003225,0.000001,0.000000,,0.000035,,0.000001,0.000005,0.000003,,,,,,
107021301,6.56975e+10,21,千克,0.9854,0.985409,0.009311,0.001708,0.001016,,0.000393,0.000090,0.000000,0.000137,0.001592,0.000004,0.000009,0.000001,0.000005,0.000087,,,0.000099,0.000023,0.000020,,0.000001,,0.000005,0.000074,0.000015,,,,,,
107021303,6.55771e+10,13,千克,0.9986,0.998584,0.000022,0.001385,0.000000,,0.000004,,,0.000001,0.000000,0.000000,,,0.000001,,,,0.000001,0.000000,,,,,,0.000001,0.000000,,,,,,
107010104,6.52703e+10,16,千克,0.9963,0.996302,0.000400,0.001496,0.000001,0.000016,0.000000,0.001231,,0.000056,,,0.000001,0.000000,0.000006,0.000001,0.000031,,0.000458,0.000000,,,0.000000,,,,,,,,,,
108010102,6.18101e+10,21,千克,0.9924,0.992426,0.001752,0.001955,0.000048,0.000001,0.000368,0.001933,0.000002,0.000462,0.000215,0.000000,0.000003,,0.000000,0.000398,,,0.000010,0.000051,,,,,0.000079,0.000001,0.000273,0.000022,,,,,0.000001
301010202,6.05704e+10,26,千克,0.5139,0.513899,0.028092,0.303217,0.003846,,0.002692,0.015411,0.006176,0.038287,0.000296,,0.010376,0.020737,0.000167,0.014459,0.011939,,0.000098,0.000022,0.000742,0.000129,,,0.000005,0.000054,0.000014,0.000862,0.012005,0.000007,,0.000037,0.016432
102030100,5.83153e+10,17,千克,0.9935,0.993477,0.001041,0.002302,0.000624,,0.000006,0.000251,,0.002262,0.000018,0.000001,0.000000,0.000000,0.000002,0.000010,,,0.000000,,,,,,0.000006,0.000000,0.000000,,,,,,
108020600,5.77362e+10,16,千克,0.9912,0.991209,0.008179,0.000077,0.000111,,0.000131,,0.000002,0.000176,0.000029,,0.000000,0.000000,0.000001,0.000074,,,0.000000,,,,,,0.000011,0.000000,0.000000,,,,,,
109052201,5.66895e+10,17,个,0.9744,0.000160,0.974438,0.020603,0.002054,,0.000005,,0.000035,0.002190,0.000272,,0.000016,0.000008,0.000000,0.000202,0.000000,,,,0.000000,,,,0.000015,0.000001,0.000000,,,,,,
304060300,5.54782e+10,23,UNKNOWN,0.8974,0.000376,0.015202,0.897422,0.000217,,0.000016,,0.033511,0.002667,0.000070,0.000000,0.000000,0.027979,0.000000,0.003164,0.007309,,,,0.000782,0.008176,,,0.000000,0.000002,0.000000,0.001558,0.000003,0.000338,,0.001209,
108020707,5.41652e+10,22,千克,0.9710,0.971031,0.013811,0.004024,0.001356,0.000003,0.002642,0.000121,0.000027,0.003713,0.002181,0.000001,0.000002,0.000005,0.000000,0.000468,,,0.000183,,0.000000,,0.000115,,0.000313,0.000005,0.000000,,,,,,0.000000
201050000,5.40205e+10,31,千克,0.3522,0.352213,0.316902,0.071433,0.032457,0.000394,0.093583,0.003165,0.023826,0.021046,0.021159,0.000749,0.005248,0.006565,0.001100,0.037319,0.001468,,0.001176,0.000068,0.000117,0.000472,0.000047,0.000006,0.008198,0.000637,0.000040,0.000437,0.000033,0.000007,0.000109,0.000001,0.000023
108030602,5.28512e+10,19,千克,0.9869,0.986890,0.007500,0.001481,0.000712,,0.000587,0.000000,0.000000,0.000454,0.001963,0.000000,0.000002,0.000000,0.000000,0.000307,,,0.000000,,,,,,0.000025,0.000001,0.000000,0.000078,,,,,
107010301,5.05147e+10,10,千克,0.9989,0.998910,0.000004,0.001062,0.000001,,0.000001,,,0.000002,,,0.000019,,0.000002,,,,0.000000,,,,,,,,0.000000,,,,,,
109041302,4.95522e+10,22,个,0.9099,0.036805,0.909944,0.027007,0.020213,,0.000000,0.000000,0.000004,0.005559,,0.000001,0.000003,0.000003,0.000003,0.000312,0.000001,,0.000007,0.000000,0.000000,,0.000000,,0.000000,0.000006,0.000131,0.000000,,,,,
108030202,4.46587e+10,13,千克,0.9929,0.992948,0.002300,0.000775,0.000034,,0.000023,,,0.003715,0.000000,0.000000,0.000000,,0.000001,0.000006,,,,,,,,,0.000187,,0.000013,,,,,,
108020713,4.02863e+10,20,千克,0.9483,0.948257,0.021068,0.000511,0.002135,,0.023626,0.000000,0.000022,0.000532,0.000526,0.000000,0.000002,0.000010,0.000000,0.003264,,,0.000000,0.000000,,,,0.000005,0.000037,0.000005,0.000001,,,,,,
103010501,3.93462e+10,21,千克,0.6525,0.652535,0.008874,0.010515,0.000960,,0.000000,0.000169,,0.009934,,0.002468,0.226262,0.000000,0.041311,0.000278,0.000000,,0.045691,0.000145,0.000009,0.000000,0.000718,,,0.000000,0.000129,,0.000003,,,,
107020209,3.78312e+10,14,千克,0.9992,0.999200,0.000004,0.000280,0.000002,,,0.000098,,0.000026,,0.000000,0.000002,0.000000,0.000098,0.000012,,,0.000277,0.000000,,,,,,0.000002,,,,,,,
106010504,3.76689e+10,24,个,0.6777,0.008092,0.677675,0.002867,0.000310,0.000003,0.000005,,0.000000,0.012003,0.000001,0.000829,0.203719,0.000003,0.000031,0.000989,0.000000,,0.000015,0.064030,0.000136,,0.000143,,0.000003,0.000403,0.028742,,,,0.000001,0.000000,
109990000,3.72968e+10,29,个,0.6416,0.046762,0.641644,0.031405,0.193270,0.000120,0.009981,0.000713,0.002977,0.015588,0.002117,0.000378,0.000485,0.000986,0.000219,0.022343,0.000170,,0.000959,0.000020,0.000002,0.000172,0.000027,0.026343,0.002555,0.000542,0.000093,0.000029,,0.000081,,0.000001,0.000016
108020710,3.72527e+10,16,千克,0.9894,0.989359,0.007899,0.000226,0.000356,0.000052,0.001212,,,0.000483,0.000005,0.000005,0.000000,0.000000,,0.000020,,,,0.000000,,,,,0.000363,0.000021,0.000001,,,,,,
109040904,3.65427e+10,21,千米,0.8973,0.018346,0.017113,0.036978,0.003774,0.000014,0.897291,,0.000097,0.013106,0.000015,0.000000,0.003047,0.000001,0.000001,0.005372,0.000005,,0.000004,,,,,0.000228,0.000027,0.004557,0.000007,,,,,0.000015,
102030200,3.63631e+10,14,千克,0.9806,0.980625,0.000055,0.000436,0.000024,,0.000007,,,0.018848,,0.000000,0.000000,,0.000001,,,,0.000001,0.000000,,,,,0.000000,0.000000,0.000001,,,,,,
108031601,3.61946e+10,22,千克,0.8280,0.828049,0.069320,0.004112,0.003842,0.000008,0.007256,0.000010,0.000146,0.002422,0.083322,0.000010,0.000163,0.000000,0.000000,0.000791,,,0.000000,0.000000,,,,,0.000178,0.000361,0.000005,0.000000,,,,0.000004,
108020709,3.58067e+10,18,千克,0.9904,0.990385,0.005109,0.002373,0.000617,,0.000256,0.000042,0.000001,0.000508,0.000596,0.000000,0.000000,0.000000,,0.000106,,,0.000000,,,,,,0.000002,0.000001,0.000000,0.000005,,,,,
107060201,3.54718e+10,22,千克,0.9936,0.993557,0.003441,0.000851,0.000477,0.000003,0.000777,0.000083,0.000000,0.000468,0.000017,0.000051,0.000001,0.000000,0.000000,0.000187,,,0.000004,0.000000,0.000029,,0.000000,,0.000002,0.000034,0.000019,,,,,,
109051299,3.53618e+10,27,个,0.7259,0.001161,0.725918,0.011866,0.240004,,0.000490,0.000119,0.000379,0.001512,0.002830,0.000859,0.001025,0.000140,0.000906,0.003266,0.000046,,0.000008,0.000031,0.000003,0.000077,0.000000,,0.000074,0.009102,0.000136,0.000003,,0.000031,0.000015,0.000000,
107029999,3.44337e+10,23,千克,0.9104,0.910446,0.016514,0.005642,0.001256,,0.000606,0.011740,0.000000,0.005337,0.016176,0.000826,0.001150,0.000001,0.005945,0.000515,0.000000,,0.002867,0.000210,0.000024,,0.000111,,0.000002,0.017910,0.002722,,,,0.000000,,
305020000,3.37848e+10,28,项,0.4411,0.007378,0.013481,0.411981,0.008353,0.000000,0.000901,0.000434,0.441065,0.018699,0.008405,0.000000,0.000005,0.020166,0.000001,0.047750,0.003095,,0.000001,0.000000,0.000136,0.012125,,0.001296,0.000005,0.000000,0.000000,0.004513,,0.000192,,0.000017,0.000000
306020000,3.33387e+10,15,UNKNOWN,0.8521,0.000008,0.000455,0.852109,0.000000,,,,0.000737,0.001038,,,0.000000,0.005046,,0.006453,0.000370,,,,0.000020,0.130553,,,,,0.000000,0.003206,,,,0.000004,
108040101,3.32555e+10,27,千克,0.6059,0.605920,0.187163,0.039369,0.068271,0.000014,0.024610,0.000133,0.004151,0.011142,0.014566,0.000142,0.000055,0.000039,0.000006,0.039187,0.000015,,0.000009,0.000001,,0.000008,0.001239,0.002104,0.001808,0.000038,0.000005,0.000004,0.000000,,,,0.000001
104010105,3.28728e+10,21,千米,0.7853,0.143509,0.018884,0.003448,0.002793,0.000001,0.785266,0.000002,0.000004,0.023295,0.019499,0.000070,0.000234,0.000003,0.000004,0.000687,,,0.000015,0.000056,,,,,0.000502,0.000926,0.000802,0.000000,,,,,
108020900,3.13593e+10,12,千克,0.9974,0.997443,0.001163,0.000492,0.000107,0.000024,0.000007,,,0.000493,0.000000,0.000000,,,,0.000270,,,0.000002,,,,,,,,0.000000,,,,,,
304990000,3.09517e+10,29,UNKNOWN,0.5408,0.017076,0.218388,0.540799,0.004374,0.000134,0.000173,0.000402,0.047023,0.011611,0.000836,0.000028,0.000038,0.092961,0.000001,0.013003,0.016159,0.000018,0.000000,0.000001,0.006492,0.021337,,,0.000000,0.000397,0.000032,0.003455,0.000454,0.004250,,0.000472,0.000085
109041801,3.09332e+10,13,个,0.9806,0.000061,0.980600,0.017747,0.000033,,0.000000,,,0.001498,,0.000000,0.000005,,0.000001,0.000054,,,,0.000000,0.000000,,,,0.000000,,,,,,,,
107010111,3.07699e+10,14,千克,0.9834,0.983425,0.000027,0.005186,0.000002,,0.000000,0.005390,,0.002908,,,0.000013,,0.002981,,0.000000,,0.000063,0.000000,,,0.000006,,,,0.000000,,,,,,
109041401,3.01768e+10,16,个,0.9973,0.000001,0.997334,0.000727,0.000086,,0.000000,0.000002,0.000013,0.001682,0.000000,0.000000,0.000010,,0.000000,0.000144,,,0.000000,,0.000000,,,,0.000000,,,,,,,,
108049900,2.97067e+10,27,个,0.5112,0.328455,0.511205,0.007054,0.074092,0.000036,0.018183,0.000244,0.002241,0.016022,0.016225,0.000092,0.000624,0.000056,0.000011,0.016082,0.000021,,0.000047,0.000012,0.000000,0.000013,0.000004,0.003235,0.002719,0.002820,0.000501,0.000000,,,,,0.000004
107030709,2.96494e+10,22,个,0.9185,0.007034,0.918461,0.000196,0.001516,,0.000001,0.000003,0.000000,0.015269,,0.053365,0.001079,0.000012,0.000851,0.001307,0.000013,,0.000288,0.000017,0.000444,,0.000000,,0.000000,0.000000,0.000143,0.000000,,,,,
108010301,2.95168e+10,22,立方米,0.9439,0.022297,0.000646,0.008431,0.000097,,0.000545,0.943934,0.000124,0.011700,0.000202,0.000000,0.000008,0.000036,0.000000,0.011406,,,0.000000,0.000012,,0.000008,,,0.000002,0.000001,0.000044,0.000505,,,,,0.000002
107020202,2.93488e+10,17,千克,0.9983,0.998320,0.000043,0.000765,0.000004,,0.000001,0.000024,,0.000330,,0.000004,0.000000,0.000000,0.000064,0.000002,,,0.000442,0.000000,,,0.000000,,0.000000,,0.000000,,,,,,
107020217,2.79687e+10,7,千克,0.9998,0.999770,0.000014,0.000162,,,,0.000001,,0.000000,,,,,0.000007,,,,0.000047,,,,,,,,,,,,,,
108031501,2.61392e+10,22,千克,0.9629,0.962940,0.023652,0.000768,0.000721,0.000385,0.003171,0.000006,0.000055,0.006559,0.000672,0.000000,0.000003,0.000000,0.000002,0.000977,,,0.000002,0.000000,,,0.000000,,0.000009,0.000050,0.000026,0.000000,,,,,
109030503,2.54951e+10,20,个,0.9939,0.000012,0.993919,0.004831,0.000021,,0.000000,0.000004,0.000001,0.000079,,,,0.000012,0.000000,0.000913,0.000023,,0.000014,,,0.000093,,,0.000000,0.000000,0.000000,0.000076,,,,0.000002,0.000001
109031002,2.45822e+10,25,个,0.9253,0.007679,0.925280,0.033861,0.022126,0.000000,0.001105,0.000051,0.000469,0.002893,0.001474,0.000012,0.000020,0.000621,0.000127,0.002519,0.000000,,0.000636,0.000001,0.000005,,0.000056,,0.000650,0.000370,0.000014,0.000000,,,,,0.000031
305990000,2.4574e+10,25,UNKNOWN,0.5435,0.045265,0.005228,0.543490,0.000478,,0.002519,0.040504,0.262643,0.020161,0.003612,0.000258,0.000002,0.047760,0.000001,0.005835,0.000907,,0.000007,0.000001,0.000110,0.015128,0.000000,,0.000001,0.000004,0.000000,0.006033,,,,,0.000051
304020300,2.39381e+10,22,UNKNOWN,0.4815,0.000005,0.010509,0.481501,0.016316,0.000044,0.000108,,0.327634,0.018567,0.000115,0.000000,0.000000,0.066141,0.000000,0.005285,0.022485,,,,0.000022,0.006245,,,0.000000,0.000000,,0.011249,,0.033762,,0.000011,
109061803,2.30565e+10,13,个,0.9964,0.000000,0.996354,0.002779,0.000495,,,,,0.000000,,0.000029,0.000000,0.000000,,0.000341,0.000001,,0.000000,,,,,,0.000000,,,0.000000,,,,,
108020800,2.30075e+10,15,千克,0.9777,0.977705,0.002433,0.011268,0.000382,,0.001464,,,0.006705,0.000004,0.000007,0.000001,0.000000,0.000001,0.000021,,,,0.000000,,,,,0.000002,,0.000007,,,,,,
107010102,2.29466e+10,14,千克,0.9976,0.997558,0.000312,0.001205,0.000017,,0.000028,0.000137,,0.000165,,,0.000008,,0.000008,0.000010,,,0.000553,0.000000,,,,,0.000000,0.000000,,,,,,,
106010204,2.28995e+10,24,千克,0.8512,0.851203,0.102853,0.006633,0.003964,0.000008,0.002304,0.000029,,0.003432,0.024983,0.000011,0.000474,0.000030,0.000000,0.001700,,,0.000004,0.000004,0.000036,0.000000,,,0.000017,0.000943,0.000338,0.000000,0.000000,,0.001033,,
107022302,2.22797e+10,19,个,0.7147,0.001945,0.714733,0.004178,0.098296,,0.000002,,,0.000856,0.000046,0.037076,0.001495,,0.130750,0.000623,0.000002,,0.000002,0.000391,0.000028,,0.000031,,0.000000,0.000000,0.009547,,,,,,
107040302,2.19841e+10,13,千克,0.9820,0.981976,0.001029,0.000198,0.000127,,0.016220,,,0.000060,0.000380,,0.000000,,0.000000,0.000000,,,,,,,,,0.000006,0.000004,0.000000,,,,,,
104010102,2.19563e+10,20,千克,0.9332,0.933196,0.027460,0.002926,0.000290,,0.032541,0.000000,,0.000605,0.001481,0.000235,0.000010,0.000000,0.000070,0.000312,0.000524,,0.000001,0.000006,,,,,0.000099,0.000092,0.000151,,,,0.000001,,
109051104,2.16318e+10,19,个,0.9826,0.000399,0.982558,0.001695,0.014345,,0.000011,,0.000410,0.000197,0.000002,0.000103,0.000014,0.000003,0.000001,0.000177,0.000009,,0.000014,0.000000,,,,,0.000000,0.000001,0.000062,,,,,,
108030300,2.11555e+10,14,千克,0.9971,0.997079,0.000893,0.000315,0.000380,,0.000016,,,0.001277,0.000032,0.000000,,0.000000,0.000000,0.000005,,,0.000001,,,,,,,0.000003,0.000000,,,,,,
108020706,2.06125e+10,19,千克,0.9904,0.990373,0.006738,0.000292,0.000205,0.000003,0.001517,,0.000027,0.000125,0.000057,0.000004,0.000031,0.000000,0.000000,0.000382,,,,0.000000,,,,,0.000042,0.000203,0.000000,0.000000,,,,,
101010103,2.06027e+10,24,千克,0.9832,0.983168,0.004213,0.006773,0.001647,0.000081,0.000159,0.000132,0.000014,0.002095,0.000031,0.000192,0.000663,0.000186,0.000085,0.000207,0.000021,,0.000032,0.000184,0.000001,,0.000001,,0.000013,0.000049,0.000030,0.000023,,,,,
107010107,2.04361e+10,24,千克,0.4395,0.439501,0.007232,0.001878,0.000534,0.000018,0.000150,0.146459,0.000073,0.007371,0.000000,0.000026,0.004137,0.000006,0.004628,0.002260,,,0.385055,0.000006,,,0.000639,,0.000001,0.000007,0.000003,0.000015,,,,0.000000,0.000000
109051908,1.93323e+10,22,个,0.8561,0.005252,0.856088,0.010971,0.031760,0.000439,0.013486,,0.000030,0.007172,0.039479,0.000025,0.000042,0.000213,0.000002,0.002508,0.000000,,0.000002,0.000000,,0.000000,,0.029271,0.000764,0.002435,0.000060,,,,,,
102020200,1.93019e+10,19,立方米,0.8278,0.025468,0.000008,0.005546,0.000016,0.051179,0.000001,0.827819,,0.089747,0.000013,0.000000,0.000001,0.000002,0.000152,0.000018,0.000001,,0.000027,,,,0.000000,,,0.000000,,0.000000,,,,,
109010206,1.90616e+10,24,个,0.9368,0.017277,0.936815,0.003064,0.021027,0.000057,0.000318,0.000529,0.000022,0.005555,0.000016,0.000008,0.000096,0.000204,0.000684,0.003854,0.000001,,0.008066,0.000000,0.000010,,0.000178,,0.002167,0.000007,0.000043,,,,,,0.000002
109040401,1.89083e+10,20,个,0.9195,0.009667,0.919478,0.009178,0.054482,0.000932,0.000125,0.000010,0.000014,0.005017,0.000000,0.000000,,0.000023,0.000000,0.000798,,,0.000008,,0.000000,,,0.000233,0.000018,0.000000,,,,,,0.000016,
107022301,1.87284e+10,21,个,0.8393,0.002237,0.839293,0.003640,0.005805,,0.000001,0.000009,,0.002414,,0.015835,0.006665,0.000000,0.120457,0.000286,0.000002,,0.000394,0.000288,0.000007,0.000000,0.000029,,0.000000,0.000000,0.002638,,,,,,
106051299,1.86606e+10,26,个,0.7454,0.003672,0.745413,0.003658,0.020157,,0.001014,0.000002,0.000005,0.003424,0.000381,0.014830,0.097575,0.000001,0.077605,0.002308,0.000006,,0.000135,0.001952,0.000066,0.000001,0.021787,,0.000206,0.000872,0.004928,0.000001,,,,0.000000,0.000001
103020899,1.82284e+10,16,瓶,0.4995,0.004945,0.022785,0.000861,0.001536,,0.000000,0.000002,,0.004875,,0.202846,0.060008,,0.499516,0.000266,,,0.002509,0.001054,0.000000,,0.198704,,,,0.000091,,,,,,
107020201,1.79109e+10,20,千克,0.9954,0.995370,0.000191,0.001253,0.000002,,0.000134,0.000115,0.000005,0.000095,0.001515,0.000000,0.000004,0.000000,0.000908,0.000010,,,0.000266,0.000030,,,0.000001,,0.000000,0.000054,0.000045,,,,,,
106010599,1.74689e+10,27,个,0.4314,0.418471,0.431379,0.006734,0.027556,0.000233,0.002628,0.000003,0.000030,0.011760,0.050310,0.000612,0.010163,0.000022,0.000014,0.015354,0.000073,,0.000010,0.001568,0.002561,0.000000,0.000005,,0.000833,0.005735,0.004630,0.000001,,0.000000,0.009314,,
109041602,1.74232e+10,12,个,0.9892,0.000023,0.989215,0.006961,0.002235,,0.000001,,,0.001348,0.000024,,0.000042,0.000000,0.000000,0.000023,,,,,,,,,0.000127,,,,,,,,
102019900,1.73565e+10,22,千克,0.9913,0.991286,0.000299,0.007982,0.000151,0.000016,0.000000,0.000004,0.000001,0.000018,0.000075,0.000000,0.000057,0.000002,0.000016,0.000004,,,0.000009,0.000027,,,,,0.000000,0.000000,0.000000,0.000050,,,,,0.000003
108031401,1.69262e+10,20,千克,0.9041,0.904113,0.064444,0.001571,0.004107,,0.007147,0.000070,0.000003,0.014413,0.002915,0.000000,0.000001,0.000001,0.000001,0.000591,,,0.000001,0.000000,,,,0.000068,0.000532,0.000021,0.000000,,,,,,
104020199,1.68324e+10,25,个,0.9191,0.003211,0.919109,0.009659,0.039861,0.000036,0.007368,0.000000,0.000039,0.000963,0.000031,0.000903,0.000005,0.000017,0.000001,0.017585,0.000046,,0.000004,0.000008,0.000000,0.000000,0.000000,,0.000747,0.000006,0.000358,0.000042,,,,,
109031100,1.67688e+10,17,个,0.9914,0.000055,0.991413,0.000346,0.007658,,0.000000,0.000009,,0.000329,,0.000004,0.000000,0.000013,0.000013,0.000053,,,0.000080,0.000000,,,0.000001,,0.000025,,0.000000,,,,,,
107060199,1.67131e+10,27,个,0.4806,0.200194,0.480595,0.007536,0.069252,0.000176,0.025431,0.000607,0.000456,0.006942,0.129308,0.000458,0.007431,0.000046,0.000015,0.042938,0.000015,,0.000011,0.000169,0.000252,0.000000,0.000006,0.000121,0.000924,0.025682,0.001416,0.000000,,,,,0.000019
103030200,1.65327e+10,17,个,0.4205,0.028638,0.420467,0.037279,0.008792,,,0.000005,,0.004306,0.000001,0.028742,0.055594,0.000000,0.410994,0.004513,,,0.000581,0.000082,0.000004,,0.000002,,,,0.000001,,,,,,
109059900,1.64385e+10,23,个,0.9336,0.001761,0.933556,0.006137,0.046258,,0.001275,0.000015,0.000529,0.006662,0.000236,0.000083,0.000091,0.000091,0.000003,0.002995,0.000003,,0.000016,0.000000,0.000005,0.000100,,,0.000155,0.000018,0.000001,0.000010,,,,,
109050401,1.61964e+10,16,套,0.4812,0.000001,0.383809,0.013788,0.481233,,0.003943,,0.036151,0.045215,,0.000000,,0.000427,,0.033305,0.000115,,,,,0.001871,,,0.000002,0.000009,,0.000010,,0.000120,,,
107020402,1.61508e+10,13,千克,0.9937,0.993740,0.000002,0.006136,,,,,,0.000019,,0.000000,0.000000,0.000000,0.000032,0.000001,,,0.000024,0.000005,,,0.000000,,,,0.000040,,,,,,
108020704,1.60791e+10,18,千克,0.9724,0.972409,0.020296,0.003698,0.001611,,0.000551,0.000022,0.000059,0.000929,0.000164,0.000000,0.000000,0.000001,0.000000,0.000198,,,0.000002,0.000001,,,,,0.000058,,0.000000,,,,,,
103040202,1.55489e+10,9,个,0.9993,0.000151,0.999294,0.000180,,,,,,0.000005,,0.000110,,,,0.000001,,,,,,,,,0.000008,0.000000,0.000252,,,,,,
108010101,1.49496e+10,17,千克,0.9949,0.994883,0.002418,0.001096,0.000678,,0.000077,0.000110,,0.000561,0.000038,0.000001,0.000007,,0.000006,0.000000,,,0.000016,0.000002,,,,,0.000007,0.000001,0.000099,,,,,,
101010401,1.47229e+10,16,千克,0.9908,0.990769,0.001729,0.001782,0.000011,,,0.000003,,0.000031,,0.000000,0.000493,0.004762,0.000077,0.000023,,,0.000203,0.000066,0.000000,,0.000016,,,,0.000036,,,,,,
108031102,1.46275e+10,10,千克,0.9926,0.992603,0.004767,0.002592,0.000002,0.000001,,,,0.000000,,,,,0.000000,0.000034,,,0.000000,0.000000,,,,,,,,,,,,,
109040999,1.43102e+10,25,千米,0.6218,0.159978,0.154282,0.001312,0.008676,0.005214,0.621799,0.000000,0.000964,0.023658,0.000122,0.000665,0.006469,0.000006,0.000002,0.002652,0.000003,,0.000071,0.000010,0.000000,0.000000,0.000000,0.000051,0.000218,0.013843,0.000005,,,,,,
303029900,1.43073e+10,13,UNKNOWN,0.8006,0.000544,0.014488,0.800646,0.000174,0.000000,,,0.030732,0.009645,,,,0.016014,,0.006525,0.061846,,,,0.000005,0.011837,,,,,,0.047545,,,,,
109040201,1.42088e+10,17,个,0.5568,0.004971,0.556842,0.008753,0.416875,0.000031,0.000042,0.000003,0.005929,0.001057,0.000000,,,0.000012,0.000001,0.005032,0.000444,,0.000005,,,,,,0.000000,,0.000000,,,,,,
102040102,1.41631e+10,16,千克,0.9781,0.978070,0.004764,0.000718,0.000194,,0.000265,0.000025,,0.015633,0.000005,0.000009,0.000285,0.000000,0.000002,0.000000,,,0.000012,,,,,,,0.000018,0.000000,,,,,,
108020703,1.40192e+10,17,千克,0.9680,0.968020,0.020357,0.000979,0.001063,,0.005483,0.000001,0.000012,0.000268,0.001107,0.000000,0.000002,0.000000,0.000000,0.001635,,,,,,,,,0.001048,0.000001,0.000024,,,,,,
109051003,1.38502e+10,22,个,0.9466,0.000078,0.946574,0.004544,0.039689,,0.001418,,0.001606,0.002336,0.000041,0.000018,0.001056,0.000112,0.000000,0.002373,0.000118,,0.000000,0.000016,0.000001,0.000000,,,0.000003,0.000006,0.000007,0.000003,,,,,
108020712,1.3608e+10,19,千克,0.8274,0.827369,0.047810,0.048662,0.007359,,0.058343,0.000089,0.000043,0.003685,0.000323,0.000001,0.000000,0.000017,0.000005,0.006142,,,0.000000,0.000001,,,,,0.000145,0.000004,0.000002,,,,,,
107060101,1.33022e+10,26,千克,0.4985,0.498485,0.146505,0.001857,0.009630,0.000034,0.078152,0.000233,0.000004,0.025588,0.175505,0.000101,0.003794,0.000017,0.000009,0.000963,0.000000,,0.000047,0.000051,0.000000,,0.000000,,0.000144,0.058107,0.000498,0.000002,0.000000,,,,0.000275
306030299,1.32444e+10,13,份,0.6617,0.000109,0.061751,0.142989,0.000060,,,,0.001108,0.001821,,,,0.049127,,0.006351,0.000328,,,,0.661690,0.001891,,,,,,0.001054,,,,0.071720,
304050202,1.32327e+10,21,UNKNOWN,0.5394,0.001561,0.020386,0.539443,0.000400,0.000320,0.000146,0.000059,0.013798,0.044111,0.048231,0.000000,,0.011226,,0.001885,0.271587,,0.000000,,0.000240,0.001155,,,,,,0.038564,0.002956,0.003923,,,0.000008
304030301,1.32264e+10,25,UNKNOWN,0.7131,0.000071,0.010783,0.713082,0.002384,,0.000029,0.000003,0.023658,0.007179,0.001018,0.000014,,0.165392,0.000000,0.006971,0.013797,,0.000000,0.000002,0.011651,0.012008,,,0.000007,0.000000,0.000001,0.003098,,0.028741,,0.000100,0.000013
103010602,1.30781e+10,19,千克,0.9774,0.977394,0.000698,0.012439,0.000005,,0.000069,0.000000,,0.000080,,0.000102,0.001800,,0.000021,0.000137,,,0.000091,0.005405,0.000001,,0.000076,,0.000000,0.000000,0.001681,,0.000000,,,,
304030101,1.29463e+10,24,UNKNOWN,0.3735,0.082733,0.043257,0.373546,0.003108,,0.000020,,0.152294,0.015903,0.001201,0.176896,,0.056688,0.073345,0.005474,0.000001,,0.000002,0.001310,0.000136,0.009191,0.000012,0.000097,0.000021,0.000000,0.000999,0.003479,,0.000288,,,
104010106,1.27967e+10,23,千米,0.7187,0.235911,0.029303,0.001506,0.000665,0.000039,0.718715,0.000000,0.000013,0.010222,0.003378,0.000012,0.000001,0.000001,0.000000,0.000114,,,0.000000,0.000000,,0.000002,0.000000,,0.000019,0.000022,0.000075,,,,,0.000000,
105010301,1.25314e+10,19,个,0.6059,0.019990,0.605931,0.003606,0.005276,,0.001190,0.344194,0.000020,0.000773,0.014242,0.000002,0.000016,0.000000,0.000001,0.004721,,,0.000013,0.000003,,,,,0.000020,0.000003,0.000000,,,,,,
107030205,1.24316e+10,18,盒,0.7854,0.007469,0.010686,0.018735,0.000093,,0.000000,,,0.008745,,0.785415,0.000016,0.000007,0.163292,0.001026,,,0.000107,0.003750,0.000002,,0.000042,,0.000000,0.000000,0.000613,,,,,,
109051101,1.23468e+10,20,个,0.9477,0.000061,0.947708,0.004378,0.035667,,0.000023,0.000001,0.000271,0.000806,0.009411,0.000000,0.000075,0.000181,0.000000,0.001368,,,0.000000,,,0.000049,,,0.000000,0.000000,0.000000,0.000000,,,,,
108020711,1.22787e+10,15,千克,0.9608,0.960838,0.004611,0.000158,0.000170,,0.001152,0.000000,,0.031803,0.001129,,0.000000,0.000005,,0.000019,,,,0.000000,,,,,0.000053,0.000061,0.000000,,,,,,
109041805,1.21705e+10,17,个,0.9907,0.000276,0.990655,0.006767,0.001296,,0.000001,,0.000091,0.000715,0.000038,0.000006,0.000051,0.000000,0.000000,0.000098,,,0.000001,,,,,,0.000000,0.000001,0.000003,,,,,,
101010500,1.20003e+10,19,千克,0.9881,0.988090,0.001289,0.000846,0.000054,,0.008812,0.000000,,0.000144,0.000018,0.000656,0.000001,,0.000006,0.000005,,,0.000000,0.000006,,,,,0.000000,0.000001,0.000020,0.000000,,,,,0.000053
109062201,1.19596e+10,15,个,0.9856,0.000006,0.985560,0.007806,0.005454,,,,0.000029,0.000530,,0.000119,0.000000,0.000004,,0.000454,0.000036,,0.000000,,0.000001,,,,,,0.000001,,,,,,0.000001
106010501,1.18399e+10,26,个,0.8019,0.029320,0.801947,0.032134,0.057126,0.000022,0.000243,0.005623,0.000000,0.015244,0.026342,0.000342,0.017466,0.000009,0.000059,0.011312,0.000002,,0.000003,0.000118,0.000159,,0.000002,,0.000093,0.000469,0.001870,,0.000000,0.000001,0.000092,,
107022202,1.17885e+10,24,个,0.7819,0.016370,0.781894,0.004984,0.007290,,0.000000,0.003666,0.000004,0.001895,0.000015,0.000629,0.026787,0.000060,0.106655,0.000345,0.000008,,0.018085,0.023124,0.000042,,0.000203,,0.000013,0.000034,0.007898,,0.000000,,,,0.000000
109019900,1.17388e+10,27,个,0.6172,0.043117,0.617183,0.096782,0.173577,0.000074,0.007287,0.000699,0.001468,0.026665,0.001624,0.000719,0.000213,0.002419,0.000382,0.018196,0.000015,,0.002451,0.000019,0.000002,0.000016,0.000244,0.000163,0.006137,0.000231,0.000150,0.000164,,,0.000001,,
109051906,1.17044e+10,21,个,0.9709,0.000862,0.970939,0.003245,0.018445,,0.004324,,0.000059,0.000939,0.000031,0.000164,0.000009,0.000005,0.000003,0.000541,0.000001,,0.000001,0.000002,,0.000088,,,0.000330,0.000011,0.000000,,,,,0.000000,
109041303,1.17041e+10,14,个,0.4805,0.005731,0.480472,0.002582,0.010066,0.000000,0.000017,,0.000134,0.047730,0.002189,0.000000,,0.000000,,0.000337,,,,,,0.000029,,0.450713,,,,,,,,,
109042201,1.15834e+10,16,个,0.9605,0.000079,0.960508,0.030092,0.005252,,0.001415,,0.000359,0.001998,0.000015,,0.000006,0.000003,0.000003,0.000268,,,0.000003,,,,0.000000,,,0.000001,,0.000000,,,,,
109040702,1.15778e+10,20,个,0.9007,0.001468,0.900676,0.006144,0.060463,,0.002253,0.000000,0.001140,0.017809,0.000006,0.000025,0.000110,0.000011,0.000003,0.009152,0.000018,,0.000008,0.000002,,,,,0.000411,0.000245,0.000056,,,,,,
102040101,1.13886e+10,19,千克,0.9855,0.985497,0.002005,0.009423,0.000322,0.000108,0.001357,0.000012,0.000001,0.000042,0.000085,0.000002,0.000979,,0.000005,0.000031,,,0.000088,0.000000,,,,,0.000011,0.000030,0.000004,,,,,,
108030201,1.13191e+10,13,千克,0.9984,0.998353,0.001074,0.000092,0.000237,,0.000006,,,0.000223,0.000003,0.000000,,,0.000000,,,,0.000001,,,,0.000000,,,0.000012,0.000000,,,,,,
109052100,1.13042e+10,21,个,0.9314,0.011205,0.931419,0.001232,0.026344,0.000048,0.000035,0.000001,0.000518,0.001301,0.022402,0.000083,0.000005,0.000007,0.000004,0.005200,,,0.000000,,0.000000,,,,0.000171,0.000019,,,,0.000007,,,0.000000
104020401,1.12232e+10,19,个,0.9848,0.001714,0.984836,0.001826,0.000213,,0.000723,0.000000,,0.007181,0.002527,0.000022,0.000085,0.000000,0.000009,0.000411,0.000002,,0.000003,0.000000,,,,,0.000399,0.000006,0.000044,,,,,,
109041701,1.10874e+10,17,个,0.9682,0.000015,0.968206,0.007892,0.017844,,0.000007,,0.000002,0.005696,,0.000002,0.000039,,0.000000,0.000289,0.000003,,0.000001,0.000002,0.000001,,,,0.000000,,0.000000,,,,,,
107020216,1.10769e+10,12,千克,0.9998,0.999838,0.000014,0.000045,0.000000,,,0.000004,,0.000012,,0.000000,0.000002,,0.000028,,,,0.000015,0.000023,0.000020,,,,,,,,,,,,
107021304,1.09372e+10,18,千克,0.9895,0.989453,0.005553,0.000121,0.000978,,0.001766,0.001348,,0.000073,0.000581,0.000010,0.000005,0.000000,0.000015,,,,0.000005,0.000031,,,0.000000,,0.000002,0.000046,0.000014,,,,,,
108041401,1.08757e+10,25,个,0.6847,0.121874,0.684709,0.006803,0.084257,0.000003,0.003575,0.000002,0.000016,0.084081,0.000861,0.000199,0.000676,0.000064,0.000003,0.009278,0.000180,,0.000008,0.000311,0.000016,,0.000000,0.000005,0.002219,0.000017,0.000842,,,,,,0.000000
304080299,1.07229e+10,23,UNKNOWN,0.6241,0.010602,0.036425,0.624064,0.000807,0.005937,,,0.009577,0.016810,0.000005,0.000000,0.000029,0.207986,,0.018091,0.023415,,0.000000,,0.021409,0.002846,,,0.000000,0.000000,,0.004054,0.004322,0.000291,,0.013330,0.000000
106010202,1.06851e+10,22,千克,0.9560,0.955969,0.009936,0.000126,0.000983,0.000003,0.000359,0.000038,0.000025,0.001364,0.010058,0.000035,0.001017,0.000001,0.000000,0.000263,,,0.000000,0.000000,0.000012,,,,0.000000,0.001408,0.000318,,,,0.018086,,
108020100,1.04448e+10,19,千克,0.9836,0.983615,0.008585,0.003407,0.001048,0.000004,0.001632,,0.000003,0.000975,0.000260,0.000000,0.000002,0.000003,0.000000,0.000214,,,,0.000000,,,,0.000029,0.000204,0.000017,0.000000,,,,,,
103010701,1.03981e+10,20,千克,0.8497,0.849742,0.036676,0.014543,0.000511,,0.000000,0.000028,0.000027,0.066535,,0.002995,0.009706,0.000000,0.000011,0.004151,,,0.000028,0.013030,0.000868,,0.000001,,0.000075,0.000001,0.001072,,,,,,
108041000,1.03631e+10,23,个,0.8533,0.051015,0.853277,0.001822,0.080297,0.000043,0.000197,0.000034,0.000341,0.002496,0.000138,0.000002,0.000022,0.000002,0.000088,0.000583,0.000008,,0.000185,0.000000,0.000000,,0.009377,,0.000060,0.000013,0.000001,,,,,,
304010100,1.03307e+10,17,套,0.5359,0.000293,0.159717,0.197280,0.535932,,0.000229,,0.061531,0.006422,,0.000024,0.000000,0.022612,0.000008,0.002469,0.007617,,,,0.001238,0.001866,,0.001672,,,,0.001090,,,,,
501020100,1.03034e+10,11,平方米,0.7630,,0.007462,0.116586,0.010077,,,0.001342,0.001228,0.046665,0.763034,,,0.000192,,,0.052465,,,,,0.000765,,,,,,0.000182,,,,,
109041804,1.02806e+10,14,个,0.9781,0.000039,0.978110,0.006046,0.011281,,0.000047,,0.000011,0.003021,,0.000011,0.000354,0.000001,,0.001069,,,,0.000000,,,,,0.000008,0.000001,,,,,,,
304080301,1.01151e+10,18,UNKNOWN,0.9299,0.001907,0.026248,0.929850,0.000004,,0.000000,0.000047,0.011872,0.004098,0.000113,,0.000010,0.004304,0.000001,0.003452,0.008032,,0.000006,,,0.000053,,,,,,0.009993,,,,,0.000008
304020101,9.98347e+09,17,套,0.4638,,0.005009,0.364537,0.463800,,0.000009,,0.049863,0.006339,0.000298,,,0.090830,0.000000,0.004437,0.012289,,,,0.000323,0.001150,,,,,0.000076,0.000708,,0.000125,,0.000209,
109010201,9.80884e+09,24,个,0.9528,0.016964,0.952791,0.005374,0.011883,0.000000,0.000088,0.004203,0.000001,0.001491,0.000003,0.000023,0.000048,0.000675,0.000690,0.001706,0.000028,,0.002105,0.000001,,0.000012,0.000036,,0.000351,0.000517,0.000006,,,,,,0.001003
107030201,9.77335e+09,14,个,0.9818,0.000559,0.981817,0.000021,0.000000,,0.000000,,,0.000077,,0.005375,0.000003,,0.012054,,,,0.000004,0.000088,0.000003,,,,,0.000000,0.000000,,,,,,
106020199,9.66308e+09,29,个,0.7088,0.066450,0.708796,0.030829,0.054809,0.000506,0.001242,0.000109,0.001555,0.042743,0.011521,0.000680,0.014923,0.000146,0.000201,0.033151,0.000047,,0.000679,0.000042,0.019459,0.000005,0.000081,,0.000283,0.009214,0.000608,0.000299,,0.000168,0.001451,0.000002,0.000000
107020301,9.65849e+09,20,千克,0.9827,0.982655,0.012928,0.002326,0.000104,,0.000001,0.001424,0.000027,0.000030,0.000001,0.000019,0.000208,0.000002,0.000007,0.000006,,,0.000088,0.000030,,,0.000010,,0.000000,0.000084,0.000050,,,,,,
108011001,9.57439e+09,22,平方米,0.7122,0.072023,0.030328,0.009015,0.006544,0.001618,0.000237,0.000217,0.000131,0.165559,0.712202,0.000001,0.000513,0.000001,0.000011,0.001549,,,0.000000,0.000023,0.000027,0.000000,,,0.000000,0.000000,0.000000,,,,,,
304020199,9.56228e+09,20,UNKNOWN,0.7247,0.000113,0.022590,0.724722,0.053688,0.000008,0.000009,,0.098635,0.003171,,0.000000,0.000000,0.076613,,0.001897,0.015678,,,,0.000042,0.001793,,,,0.000009,,0.000221,0.000011,0.000503,,0.000297,
109051201,9.55373e+09,17,个,0.9924,0.000214,0.992389,0.001589,0.005463,,0.000061,,0.000009,0.000097,0.000027,0.000048,0.000042,0.000001,0.000000,0.000055,,,0.000002,,,,,,0.000001,0.000000,0.000000,,,,,,
109013104,9.5442e+09,23,个,0.6206,0.000625,0.620561,0.060907,0.286482,0.000007,0.000209,0.000055,0.010273,0.000778,0.000466,0.000001,,0.000268,0.000371,0.018918,0.000020,,0.000038,0.000000,0.000004,,0.000001,,0.000005,0.000006,0.000000,0.000004,,,,,
107060110,9.49355e+09,23,个,0.8558,0.024915,0.855786,0.004294,0.055759,0.000015,0.032922,0.000414,0.000933,0.009779,0.000229,0.000429,0.000306,0.000046,0.000016,0.006598,0.000000,,0.000003,0.000007,0.000001,,0.000013,,0.003396,0.003903,0.000234,,,,,,
101020201,9.48273e+09,16,立方米,0.9320,0.028019,0.028532,0.009773,0.000035,,0.000502,0.932040,,0.000157,0.000659,,,0.000000,,0.000248,,,,0.000005,,,0.000000,,0.000007,0.000008,0.000000,,,,,,0.000016
107020213,9.43282e+09,14,千克,0.9947,0.994749,0.000066,0.002951,0.000001,,,0.000003,,0.000126,,0.000005,0.000005,,0.000305,,,,0.001786,0.000002,,,0.000000,,0.000000,,0.000001,,,,,,
104020499,9.33421e+09,20,个,0.9820,0.004356,0.982026,0.002016,0.001596,0.000004,0.005733,,0.000006,0.003769,0.000008,0.000009,0.000088,0.000000,0.000001,0.000231,0.000005,,0.000000,0.000000,,,,,0.000143,0.000007,0.000000,,,,,,
108020702,9.27224e+09,17,千克,0.9846,0.984639,0.010136,0.001260,0.000224,,0.000966,0.000000,0.000004,0.002642,0.000077,0.000000,0.000008,,0.000002,0.000034,,,,0.000001,,,,,0.000006,0.000000,0.000000,,,,,,
109011800,9.25532e+09,22,个,0.8997,0.007123,0.899714,0.001767,0.082137,,0.000008,0.000411,0.000469,0.003005,0.000002,0.000001,0.000009,0.001241,0.000042,0.001175,0.000062,,0.002383,0.000001,0.000001,,0.000004,,0.000445,0.000000,0.000001,,,,,,
107020106,9.22118e+09,14,千克,0.9976,0.997584,0.000011,0.001586,0.000015,,,,,0.000047,,0.000064,0.000015,,0.000062,,,,0.000017,0.000069,,,0.000000,,0.000001,0.000504,0.000025,,,,,,
108031201,9.21859e+09,16,千克,0.9889,0.988871,0.009763,0.000262,0.000075,,0.000220,,0.000222,0.000331,0.000022,0.000009,0.000001,0.000000,0.000026,0.000193,,,0.000005,0.000000,,,0.000000,,,,,,,,,,
108013001,9.20587e+09,17,千克,0.9640,0.964000,0.000031,0.003569,0.000043,,0.000002,0.017350,0.000353,0.001143,0.012831,0.000000,0.000000,,0.000001,0.000544,,,0.000012,0.000014,,,,,,0.000042,,0.000065,,,,,
109051700,9.0041e+09,16,个,0.6592,0.001202,0.659211,0.005362,0.263490,,0.000130,,0.000022,0.068064,0.000028,0.000791,0.000000,0.000208,0.000000,0.001219,,,,,,,,,0.000001,0.000271,0.000001,,,,,,
108032500,8.97795e+09,9,千克,0.9983,0.998335,0.000169,0.000145,0.000065,,0.000001,,,,0.000058,0.000000,,,,0.001226,,,,,,,,,,0.000000,,,,,,,
106030101,8.71861e+09,21,套,0.7201,0.000008,0.133228,0.059200,0.720147,,0.000001,,0.005989,0.049546,0.000519,0.000000,0.000003,0.002955,0.000000,0.026018,0.001424,,,,0.000003,0.000755,,,0.000001,0.000011,,0.000120,,0.000069,,0.000003,
109040703,8.64334e+09,22,个,0.8195,0.046841,0.819543,0.016340,0.080817,,0.015929,0.000000,0.000510,0.009779,0.000037,0.000043,0.000561,0.000015,0.000005,0.006471,0.000000,,0.000005,0.000020,0.000000,,,,0.000264,0.002422,0.000396,0.000001,,,,,
102030300,8.56745e+09,19,千克,0.9109,0.910909,0.001127,0.000593,0.001150,,0.000007,,0.000000,0.086031,,0.000002,0.000001,0.000000,0.000024,0.000002,,,0.000091,0.000000,0.000000,,0.000055,0.000008,,0.000000,0.000001,,,,,,
108020500,8.53346e+09,15,千克,0.9924,0.992380,0.004534,0.000126,0.000426,,0.000674,,0.000002,0.000065,0.001748,0.000001,,,0.000001,0.000007,,,0.000000,,,,,,0.000012,0.000022,0.000000,,,,,,
109011901,8.51172e+09,22,个,0.7925,0.026440,0.792503,0.009075,0.146444,0.000042,0.002670,0.000039,0.000371,0.003961,0.000202,0.000014,0.000006,0.000051,0.000012,0.017685,,,0.000069,0.000057,0.000006,0.000003,,,0.000171,0.000142,0.000040,,,,,,
108031099,8.4591e+09,18,千克,0.9404,0.940384,0.052473,0.001942,0.002790,,0.000765,0.000005,0.000000,0.001072,0.000109,0.000002,0.000006,,0.000000,0.000318,,,0.000000,0.000003,,,,,0.000009,0.000121,0.000001,,,,,,
301020201,8.39671e+09,14,UNKNOWN,0.5045,0.463727,0.001685,0.504532,0.000066,,0.000143,0.024094,0.000986,0.001524,0.000007,,0.000596,0.001222,,0.000024,0.001246,,,,,,,,,,,,0.000149,,,,
107020105,8.30791e+09,16,千克,0.9915,0.991463,0.000037,0.000227,0.000001,,0.000000,0.000000,,0.002859,0.004745,,0.000001,,0.000341,0.000005,,,0.000021,0.000201,,,0.000000,,,,0.000094,,,,,0.000003,
109051999,8.27765e+09,24,个,0.8061,0.009573,0.806103,0.014359,0.016578,0.000011,0.033407,0.000061,0.000218,0.009721,0.029489,0.000013,0.000008,0.000202,0.000097,0.002663,0.000001,,0.000006,0.000000,0.000000,,0.000001,,0.056023,0.021402,0.000063,,0.000000,,,,
108041700,8.23944e+09,27,个,0.5743,0.115947,0.574290,0.030884,0.148542,0.000186,0.035112,0.001232,0.000912,0.024652,0.016915,0.001272,0.004764,0.000338,0.000397,0.026267,0.000157,,0.001041,0.000882,0.000000,0.000001,0.000025,0.000402,0.012166,0.003192,0.000422,0.000000,0.000001,,,,
107021401,8.21186e+09,22,千克,0.8004,0.800426,0.021350,0.003602,0.012433,,0.000147,0.018144,,0.015901,0.000136,0.087943,0.003556,0.000016,0.027428,0.000851,0.000005,,0.006553,0.000407,0.000409,,0.000204,,0.000018,0.000055,0.000407,0.000007,,,,,
105020101,8.20417e+09,23,个,0.6459,0.007240,0.645949,0.020756,0.190595,0.000108,0.018477,0.006461,0.001368,0.032755,0.041379,0.000001,0.000277,0.000011,0.000016,0.033981,0.000007,,0.000010,0.000013,0.000000,,0.000000,,0.000286,0.000018,0.000292,,,,,,
109041901,8.13864e+09,15,个,0.9869,0.000037,0.986932,0.003536,0.005168,,0.000007,,,0.001473,,0.000144,0.000107,,0.000005,0.000210,,,0.000000,0.000013,,,,,0.002369,0.000001,0.000000,,,,,,
103010201,8.10231e+09,16,千克,0.6851,0.685121,0.083105,0.006221,0.000909,,0.000035,0.000007,,0.004783,,0.018964,0.003778,,0.000924,0.000566,,,0.000111,0.131003,0.000017,,0.000016,,,,0.064438,,,,,,
109012001,7.80563e+09,20,个,0.9564,0.003578,0.956387,0.002615,0.032305,,0.001278,0.000000,0.000008,0.000626,0.000041,0.000005,0.000013,0.000146,0.000001,0.002581,,,0.000150,0.000000,,,,,0.000251,0.000002,0.000012,0.000000,,,,,
110010202,7.67273e+09,14,千克,0.6994,0.699373,0.001060,0.025518,0.000460,0.081866,0.000584,0.052190,0.000563,0.038234,0.099868,0.000000,,,,0.000034,0.000235,,,,,,,,,,,0.000016,,,,,
109050303,7.40207e+09,18,套,0.8594,0.000001,0.131357,0.004409,0.859411,,0.001192,,0.001763,0.000629,0.000001,0.000005,0.000201,0.000291,,0.000555,0.000001,,,0.000018,,0.000150,,,0.000012,0.000001,0.000002,,,,,,
304040800,7.39026e+09,25,千克,0.3077,0.307677,0.136464,0.299220,0.001633,0.000064,0.000047,0.036353,0.034347,0.073815,0.000007,0.000001,0.007733,0.013412,0.000016,0.037034,0.011865,,,,0.000034,0.001434,,,,0.000000,0.000008,0.003720,0.024843,0.000000,,0.000010,0.010263
107020403,7.37865e+09,6,千克,0.9985,0.998498,,0.001488,,,,,,,,0.000000,,,0.000000,,,,,0.000000,,,,,,,0.000013,,,,,,
109052205,7.37784e+09,17,个,0.9431,0.003905,0.943112,0.006135,0.039637,,0.000759,,0.000001,0.000180,0.000001,0.000021,0.000004,0.000001,0.000001,0.005613,,,,,,0.000000,,,0.000599,0.000031,0.000000,,,,,,
107021302,7.35287e+09,21,千克,0.9497,0.949684,0.027670,0.000710,0.003246,,0.003337,0.000050,0.000001,0.010225,0.002878,0.000217,0.000287,0.000000,0.000100,0.000140,,,0.000675,0.000007,,,0.000009,,0.000026,0.000709,0.000028,,,,,,0.000001
103020402,7.27983e+09,18,罐,0.4070,0.132100,0.099189,0.029923,0.008583,,,0.000056,,0.085710,,0.035170,0.164496,,0.008815,0.001255,,,0.001438,0.022720,0.000001,,0.407009,,0.000000,0.000019,0.003516,,0.000000,,,,
305040000,7.25552e+09,24,UNKNOWN,0.5536,0.002933,0.007037,0.553556,0.004262,,0.000561,0.000105,0.369623,0.008909,0.007497,0.000000,0.000005,0.018126,0.000000,0.022459,0.000202,,0.000029,0.000005,0.000466,0.001047,,,0.000003,0.000135,0.000000,0.003036,,,,,0.000002
108020200,7.22202e+09,10,千克,0.9951,0.995080,0.003647,0.001166,0.000053,,0.000037,,,0.000001,,,,0.000005,0.000001,0.000007,,,,,,,,,0.000003,,,,,,,,
107060107,7.20329e+09,22,个,0.3780,0.343498,0.377979,0.002204,0.086009,0.000329,0.056884,0.087751,,0.009810,0.019127,0.000034,0.000274,0.000000,0.000016,0.010814,,,0.000018,0.000003,,0.000000,0.000005,,0.000838,0.003846,0.000560,0.000001,,,,,
109010801,7.19918e+09,18,个,0.9167,0.062037,0.916651,0.001240,0.011385,,0.000742,,0.000002,0.000742,0.000002,0.000004,,0.000671,0.000000,0.006474,0.000001,,0.000002,,,0.000001,,,0.000044,0.000001,0.000000,,,,,,
109042101,7.14066e+09,23,个,0.6927,0.037963,0.692744,0.009110,0.248327,,0.000984,0.000010,0.002001,0.000274,0.000144,0.000001,0.000000,0.000136,0.000058,0.008137,0.000003,,0.000032,0.000000,,0.000010,0.000001,,0.000019,0.000043,0.000003,,,,,0.000000,
107060109,7.12655e+09,23,个,0.8785,0.026046,0.878530,0.002409,0.060027,,0.002884,0.000393,0.000001,0.014492,0.000622,0.000192,0.003900,0.000005,0.000529,0.004018,0.000000,,0.000088,0.000018,0.000000,,0.000000,,0.000292,0.004964,0.000592,,0.000000,,,,
107021801,7.1249e+09,19,个,0.9518,0.005850,0.951789,0.000259,0.000302,,0.000065,,0.000000,0.008514,0.003675,0.022457,0.003124,0.000000,0.000034,0.000224,,,0.000001,0.000000,0.000003,,,,0.000207,0.003488,0.000008,,,,,,
107030203,7.04565e+09,14,个,0.5761,0.020323,0.576057,0.000368,0.000023,,,,,0.003754,,0.167453,0.000021,0.000000,0.209087,0.001109,,,0.000000,0.021793,,,,,,0.000000,0.000012,,,,,,
109050599,7.04203e+09,18,个,0.9386,0.000063,0.938640,0.002210,0.050999,,0.001017,0.000007,0.000844,0.002058,0.000034,0.000000,0.000076,0.000239,0.000000,0.003554,0.000199,,,,0.000000,,,,0.000060,0.000000,,,,,,,
106010299,6.93734e+09,21,千克,0.8490,0.848959,0.035784,0.002887,0.000579,0.000237,0.000177,,0.000000,0.000502,0.044660,0.000051,0.000664,0.000095,0.000000,0.000356,0.000003,,,0.000000,0.000047,,,,0.000000,0.000846,0.000151,,,,0.064002,,
109050502,6.90098e+09,21,个,0.9248,0.001664,0.924824,0.001497,0.060613,,0.000810,0.000008,0.000235,0.006246,0.000030,0.000062,0.000006,0.000014,0.000035,0.003769,0.000000,,,0.000000,0.000003,,,,0.000073,0.000048,0.000057,0.000006,,,,,
109023299,6.84924e+09,21,个,0.6816,0.001014,0.681599,0.002095,0.199751,0.000014,0.003297,0.000000,0.000689,0.095025,0.000878,0.000020,,0.000343,0.000505,0.009536,0.000186,,0.000254,0.000000,,,,0.004370,0.000340,0.000081,0.000003,,,,,,
109040902,6.8391e+09,21,千米,0.6958,0.110356,0.079479,0.000892,0.005626,,0.695780,0.000004,0.002094,0.057754,0.000011,0.000001,0.003130,0.000017,0.000001,0.002803,,,0.000004,0.000000,,0.000000,0.000000,,0.000023,0.042020,0.000004,,,,,,
109020309,6.83006e+09,23,个,0.7999,0.011811,0.799937,0.012330,0.148066,0.000065,0.000268,0.000206,0.000317,0.023777,0.000001,0.000002,0.000001,0.000146,0.000005,0.002133,0.000003,,0.000740,0.000000,,0.000002,,,0.000179,0.000007,0.000003,,,,,,0.000003
304050201,6.82633e+09,27,UNKNOWN,0.3219,0.003560,0.274638,0.321851,0.010928,0.000362,0.002646,0.000864,0.037186,0.069939,0.017656,0.000000,0.000002,0.026378,0.000009,0.013031,0.214793,,0.000061,0.000000,0.000000,0.002637,,,0.000002,0.000061,0.000009,0.001600,0.000351,0.001273,,,0.000164
109010101,6.76582e+09,25,个,0.4914,0.112992,0.491427,0.012226,0.330878,,0.005603,0.001370,0.004184,0.021720,0.000457,0.000101,0.000086,0.000879,0.000042,0.015903,0.000139,,0.000853,0.000023,0.000002,0.000035,0.000007,,0.000239,0.000408,0.000138,0.000287,,,,,0.000000
109029900,6.71955e+09,24,个,0.6502,0.009538,0.650174,0.016267,0.272552,,0.020207,0.000190,0.002190,0.014012,0.001380,0.000065,0.000121,0.000992,0.000181,0.008685,0.000009,,0.000038,0.000011,0.000005,0.000019,0.000002,,0.002516,0.000068,0.000772,0.000006,,,,,
109040704,6.65509e+09,22,个,0.6659,0.002876,0.665899,0.006548,0.239256,0.000557,0.022889,0.000016,0.002431,0.044938,0.000141,0.000082,0.000043,0.000142,0.000001,0.013148,0.000012,,0.000068,0.000000,,,,0.000652,0.000108,0.000121,0.000071,,,,,,
107060103,6.6532e+09,21,千米,0.5247,0.094046,0.285643,0.025921,0.011030,,0.524746,0.000322,0.000191,0.032121,0.000988,0.000913,0.001194,0.000007,0.000051,0.008898,,,0.000004,0.000072,,,0.000000,,0.000125,0.012757,0.000971,0.000000,,,,,
109011501,6.50566e+09,20,个,0.7708,0.000040,0.770808,0.208048,0.012423,0.000006,0.000175,,0.000454,0.003229,0.000000,,0.000000,0.000039,,0.004638,0.000004,,0.000004,0.000000,,0.000115,,,0.000000,0.000000,0.000000,,,,,0.000018,
107021001,6.46636e+09,17,千克,0.9982,0.998189,0.000177,0.000470,0.000007,,0.000018,0.000000,,0.000231,,0.000003,0.000018,0.000000,0.000056,0.000297,,,0.000055,0.000011,0.000449,,0.000017,,,,0.000003,,,,,,
107050102,6.45823e+09,17,个,0.7941,0.000557,0.794095,0.002864,0.195412,,0.000005,0.000022,,0.000075,0.000001,0.000000,0.000000,0.000007,0.000002,0.006956,,,0.000002,,,,,,0.000000,0.000002,0.000000,,,,,,
103040201,6.44994e+09,18,个,0.9900,0.000100,0.989966,0.006425,0.000006,,,,0.000146,0.000046,,0.001965,0.000009,,0.000061,0.000079,,,0.000037,0.000051,0.000000,,0.000001,,0.000000,0.000000,0.000644,0.000463,,,,,
304010500,6.29115e+09,21,UNKNOWN,0.4898,0.064903,0.026686,0.489792,0.022458,,0.004898,0.000986,0.203713,0.040209,0.006036,0.000001,,0.102026,,0.011236,0.008446,,0.000061,,0.000246,0.012487,,0.003544,0.000046,,0.000121,0.001710,,0.000397,,,
107020306,6.28985e+09,21,千克,0.5557,0.555747,0.071408,0.001465,0.003917,0.000193,0.000012,0.165389,0.000001,0.080768,,0.000001,0.000030,0.003206,0.113293,0.000519,0.000227,,0.001393,,,,0.002420,,0.000000,0.000003,0.000000,,,,,,0.000007
101010101,6.27562e+09,27,千克,0.7718,0.771794,0.051386,0.072819,0.003995,0.000343,0.001312,0.003905,0.000528,0.003034,0.000938,0.004389,0.002855,0.001141,0.001213,0.003142,0.000237,,0.000372,0.023576,0.000138,0.000001,0.000010,,0.000396,0.000293,0.052060,0.000083,0.000002,,0.000036,,
102060000,6.2679e+09,22,千克,0.9220,0.921955,0.018358,0.013754,0.008477,0.000013,0.001441,0.015110,0.000074,0.006365,0.012861,0.000050,0.000026,0.000185,0.000164,0.000620,,,0.000176,0.000138,,,0.000007,,0.000020,0.000024,0.000168,,,,,,0.000014
101011800,6.26335e+09,18,千克,0.9345,0.934475,0.020106,0.006601,0.000031,,0.000011,,0.000002,0.025319,0.000007,0.008810,0.000410,,0.000835,0.000680,,,0.000010,0.001348,0.000001,,0.000989,,,0.000000,0.000364,,,,,,
109062104,6.2602e+09,13,个,0.9964,0.000002,0.996411,0.000010,0.001876,,0.000016,,0.000006,0.001131,0.000432,0.000000,,,0.000004,0.000064,,,,,,,,,0.000045,0.000003,,,,,,,
107020108,6.24262e+09,17,千克,0.9785,0.978537,0.000447,0.000348,0.000520,,0.000017,0.000007,,0.019873,0.000013,0.000000,,,0.000087,0.000011,,,0.000051,0.000006,0.000001,,,,0.000000,0.000079,0.000001,,,,,,
109013702,6.1545e+09,22,个,0.7756,0.051126,0.775622,0.004592,0.141384,0.000101,0.002839,0.000017,0.000288,0.002104,0.001244,0.000008,0.000001,0.000097,0.000000,0.019642,0.000000,,0.000001,0.000014,,,0.000000,,0.000834,0.000083,0.000002,,,,,,
103020401,6.14224e+09,19,个,0.7165,0.003852,0.716531,0.013614,0.019246,0.000002,,0.000119,0.000000,0.038718,,0.049763,0.092939,,0.032338,0.002474,0.000000,,0.001874,0.018061,0.000143,,0.008149,,,0.000005,0.002171,,,,,,
103030500,6.10201e+09,18,瓶,0.4164,0.003691,0.306960,0.011820,0.005441,0.000003,0.000001,0.003835,,0.018293,,0.041007,0.178423,,0.416446,0.013973,,,0.000042,0.000061,0.000002,,0.000002,,0.000000,,0.000000,,,,,,
307990000,6.08481e+09,29,UNKNOWN,0.6125,0.027284,0.031064,0.612542,0.003051,0.001877,0.000720,0.014465,0.046618,0.018251,0.041534,0.000124,0.000155,0.032124,0.000124,0.007850,0.107007,,0.000761,0.000083,0.000443,0.018418,0.000072,,0.000121,0.000092,0.000006,0.008881,0.000382,0.024190,,0.000430,0.001334
103029900,6.07977e+09,23,箱,0.3014,0.196156,0.231429,0.189278,0.002056,,0.000013,0.000010,,0.004449,0.000003,0.024491,0.301447,0.000003,0.003336,0.003618,0.000027,,0.000510,0.017116,0.010634,,0.007737,,0.000000,0.000001,0.007527,0.000146,,,,0.000014,
107050101,6.06868e+09,21,个,0.7690,0.014223,0.768996,0.006294,0.201727,,0.000105,0.000003,0.000053,0.001444,0.000008,0.000006,0.000004,0.000388,0.000006,0.006631,,,0.000035,0.000000,,,0.000000,,0.000053,0.000018,0.000002,,,,,,0.000001
107021402,6.0464e+09,18,千克,0.6022,0.602217,0.306155,0.002762,0.027117,,0.000001,0.053336,,0.003649,0.000418,0.000025,0.000215,,0.001062,0.000981,,,0.001989,0.000047,,,0.000014,,0.000002,0.000000,0.000014,,,,,,
107020407,5.94049e+09,13,千克,0.9948,0.994835,0.000396,0.003591,,,,,0.000055,0.000059,,0.000000,0.000006,,0.000002,0.000381,,,0.000005,0.000055,0.000000,,,,,,0.000615,,,,,,
109020301,5.84212e+09,25,个,0.9768,0.001424,0.976807,0.008200,0.006507,,0.000017,0.000279,0.000027,0.002087,0.000000,0.000005,0.000001,0.000258,0.000021,0.001496,0.000848,,0.000291,0.000000,,0.000006,0.000001,,0.000089,0.000000,0.000004,0.000549,,0.001082,,,0.000001
108012600,5.82144e+09,20,千克,0.8068,0.806782,0.050084,0.001644,0.027697,0.000270,0.001474,0.019083,0.000482,0.077199,0.009941,0.000001,0.000107,0.000089,0.000000,0.001232,,,0.000040,0.000065,,,,,0.000155,0.000159,0.003494,,,,,,
107020101,5.78416e+09,17,千克,0.8814,0.881376,0.002076,0.002053,0.000021,,0.000026,0.024571,,0.075875,0.000001,0.000005,0.000275,0.000035,0.001452,0.001155,,,0.011020,0.000056,,,0.000000,,,,0.000005,,,,,,
107021404,5.77603e+09,19,千克,0.9932,0.993218,0.001226,0.000229,0.000282,,0.000354,0.000229,,0.000459,0.000030,0.000017,0.000080,0.000000,0.000840,0.000013,,,0.002272,0.000011,0.000076,,0.000641,,,0.000006,0.000018,,,,,,
109021102,5.74027e+09,22,套,0.6976,0.054487,0.115574,0.004239,0.697563,0.000015,0.000037,0.000000,0.000371,0.009875,0.000003,0.000023,0.000004,0.000224,0.000001,0.032251,,,0.000000,0.000000,,0.000025,,,0.085260,0.000002,0.000011,0.000036,,,,,
109013002,5.70356e+09,22,个,0.9487,0.000300,0.948653,0.001731,0.042462,,0.000332,0.000102,0.000736,0.001596,0.001408,0.000303,0.000088,0.000052,0.000077,0.001523,0.000002,,0.000041,0.000044,0.000004,,0.000001,,0.000065,0.000428,0.000054,,,,,,
106050901,5.70064e+09,15,个,0.6268,0.329395,0.626763,0.033921,0.006340,,0.000009,0.000000,,0.001920,,0.000000,,0.000000,,0.001632,0.000000,,,0.000000,,,0.000000,,0.000017,,0.000001,,,,,,
106010203,5.69522e+09,20,个,0.7905,0.145652,0.790514,0.007533,0.003168,,0.000010,,,0.008178,0.000208,0.000557,0.032164,0.000000,0.000020,0.004233,,,0.000005,0.001325,0.000267,,0.000000,,0.000001,0.002559,0.003249,,,,0.000355,,
103010406,5.65545e+09,8,千克,0.9990,0.998980,,0.000290,0.000709,,,,,0.000015,,,,,0.000000,,,,,0.000004,,,0.000000,,,,0.000000,,,,,,
107020801,5.59636e+09,24,千克,0.7282,0.728164,0.041885,0.010896,0.010379,,0.000756,0.051032,0.000779,0.018681,0.007062,0.000035,0.002459,0.000028,0.001505,0.009443,0.000155,,0.105646,0.001388,0.000040,,0.007990,,0.000000,0.000087,0.001568,0.000022,,,0.000000,,
107060112,5.58608e+09,27,个,0.7435,0.097079,0.743527,0.007024,0.062855,0.000179,0.003230,0.000305,0.000078,0.010302,0.000749,0.003237,0.013769,0.000006,0.000572,0.045426,0.000010,,0.000064,0.001473,0.000000,0.000007,0.000010,,0.000467,0.006933,0.002687,,0.000000,,0.000009,0.000000,
107060106,5.5178e+09,26,个,0.5992,0.305522,0.599241,0.003896,0.014250,0.000098,0.002188,0.000012,0.000352,0.013031,0.003508,0.000118,0.037395,0.000006,0.000003,0.001114,0.000002,,0.000012,0.000629,0.000000,,0.000000,,0.000013,0.016802,0.001796,0.000010,0.000001,,0.000000,,
109041704,5.50346e+09,19,个,0.9744,0.000006,0.974367,0.015354,0.005142,,0.000248,,0.000005,0.004522,0.000002,0.000000,0.000016,0.000000,0.000000,0.000337,,,0.000000,0.000000,0.000001,,0.000000,,0.000000,,0.000000,,,,,,
109041703,5.50251e+09,17,个,0.9832,0.000457,0.983194,0.007610,0.004524,,0.000138,,0.000005,0.002741,,0.000012,0.001217,0.000002,0.000044,0.000045,,,0.000001,0.000001,0.000000,,,,0.000000,,0.000007,,,,,,
109012303,5.46861e+09,23,个,0.7747,0.030871,0.774660,0.002936,0.127234,0.000015,0.001522,0.000005,0.000146,0.044372,0.000058,0.000009,0.000016,0.000049,0.000018,0.005352,,,0.000102,0.000002,0.000005,,0.000000,,0.012558,0.000060,0.000008,0.000000,,,,,
109023207,5.45628e+09,22,个,0.8691,0.015540,0.869135,0.007799,0.066616,,0.006728,0.000015,0.000200,0.022549,0.001302,0.000053,0.000281,0.000020,0.000024,0.005868,0.000000,,0.000254,0.000019,,,0.000000,0.001186,0.002037,0.000322,0.000053,,,,,,
107010302,5.41072e+09,6,千克,0.9985,0.998548,0.000002,0.001432,,,,,,0.000000,,,,,0.000001,,,,0.000017,,,,,,,,,,,,,,
109062402,5.39314e+09,16,个,0.9651,0.000000,0.965140,0.001281,0.032943,,0.000000,,0.000217,0.000252,0.000009,0.000002,0.000003,0.000002,,0.000140,0.000001,,0.000000,,,,,,0.000010,0.000001,,,,,,,
109013001,5.34898e+09,22,个,0.9028,0.002174,0.902785,0.001164,0.083124,,0.004800,0.000075,0.000811,0.000867,0.000824,0.000521,0.000049,0.000098,0.000002,0.001828,0.000021,,0.000116,0.000023,,,0.000002,,0.000002,0.000515,0.000199,,0.000001,,,,
109030900,5.3282e+09,16,个,0.9886,0.000001,0.988598,0.005700,0.004646,,0.000000,,0.000193,0.000060,0.000002,,0.000001,0.000162,0.000000,0.000431,0.000009,,0.000000,,,,,,0.000195,,,0.000002,,,,,
307040200,5.32517e+09,19,UNKNOWN,0.7943,0.000006,0.018671,0.794261,0.000919,,,,0.000786,0.155007,0.000514,0.000008,0.000005,0.003749,0.000004,0.000247,0.007041,,,,0.000104,0.000885,,,,,0.000001,0.017782,,0.000001,,0.000009,
107010113,5.32006e+09,10,千克,0.9933,0.993275,0.000010,0.006386,,,,0.000005,,0.000094,0.000109,,0.000000,,,,,,0.000009,0.000000,,,,,,0.000112,,,,,,,
106010101,5.31972e+09,18,千克,0.9380,0.937965,0.025934,0.005553,0.001092,,0.000019,,,0.025992,0.000099,0.000012,0.002592,,0.000065,0.000158,,,0.000034,0.000001,0.000023,,,,0.000000,0.000068,0.000110,,,,0.000283,,
107010303,5.30745e+09,10,千克,0.9988,0.998789,0.000024,0.001151,,,,,,0.000020,,0.000000,,,0.000003,,,,0.000012,0.000000,,,,,0.000001,,0.000001,,,,,,
104020123,5.25194e+09,15,个,0.9610,0.000545,0.960989,0.014849,0.013108,,0.000657,,,0.002641,,0.000000,0.000032,0.000000,,0.007158,0.000003,,,0.000008,0.000000,,,,0.000002,,0.000008,,,,,,
107020601,5.25086e+09,16,千克,0.9963,0.996274,0.000215,0.000352,0.000020,,,0.000870,,0.001312,,0.000065,0.000028,,0.000451,0.000183,0.000058,,0.000030,0.000010,,,0.000000,,0.000129,,0.000002,,,,,,
109041706,5.17717e+09,17,个,0.9864,0.000000,0.986378,0.007821,0.004289,,0.000004,,,0.000802,,0.000027,0.000030,0.000000,0.000204,0.000434,,,0.000005,0.000004,,,0.000000,,0.000000,0.000000,0.000001,,,,,,
108010601,5.16282e+09,17,个,0.3713,0.004357,0.371288,0.003957,0.000754,,0.000165,0.000289,0.000716,0.003278,0.348169,,0.253648,0.000000,,0.013199,,,0.000008,,,,0.000000,,,0.000002,0.000006,0.000164,,,,,
107060108,5.15564e+09,18,千米,0.5277,0.410575,0.050166,0.000697,0.003322,,0.527680,0.000050,0.000050,0.001217,0.003797,0.000002,0.000000,,0.000058,0.000510,,,0.000002,0.000000,,,,,0.001848,0.000024,0.000001,,,,,,
109051901,5.15531e+09,16,个,0.9350,0.028491,0.935018,0.008052,0.014235,0.000018,0.000233,,,0.012857,,0.000003,0.000103,0.000000,0.000000,0.000549,,,,,,,,,0.000005,0.000427,0.000001,0.000008,,,,,
104010204,5.07482e+09,15,千米,0.9286,0.002099,0.047052,0.002333,0.003357,0.000005,0.928558,,,0.003852,0.011458,0.000002,0.000001,,0.000000,0.001251,,,,,,,,,0.000005,0.000018,0.000007,,,,,,
106030102,5.06717e+09,18,套,0.8417,,0.057207,0.058263,0.841694,,0.000076,,0.013924,0.017471,0.000301,0.000023,0.006378,0.002327,0.000000,0.001446,0.000786,,,,0.000051,,,,0.000000,0.000030,0.000001,,,0.000022,,,
102040103,5.04204e+09,14,千克,0.9921,0.992104,0.000258,0.000013,0.001532,,0.000005,0.000121,,0.005874,,0.000000,,,0.000005,0.000078,,,0.000002,,,,,,0.000001,0.000004,0.000002,,,,,,
301990200,4.97377e+09,19,UNKNOWN,0.5972,0.281675,0.008320,0.597160,0.000680,,0.003787,0.015688,0.002431,0.032552,0.000532,,0.004915,0.010679,,0.012036,0.008789,,0.000002,,,0.000716,,,,,,0.001186,0.002791,,,0.000301,0.015761
107030801,4.96142e+09,24,个,0.4057,0.035697,0.405670,0.006954,0.033583,0.000171,0.010004,0.000007,,0.026545,0.004861,0.400677,0.006304,0.000000,0.021024,0.008711,0.000001,,0.000789,0.013753,0.000150,0.000001,0.000015,,0.000956,0.012379,0.011746,,0.000000,,,,
109051102,4.95823e+09,18,个,0.9158,0.000013,0.915812,0.002628,0.079710,,0.000358,,0.000261,0.000715,0.000142,0.000042,0.000032,0.000051,0.000001,0.000229,0.000004,,,,0.000000,,,,0.000001,0.000003,0.000001,,,,,,
109050107,4.93582e+09,22,个,0.7272,0.015185,0.727164,0.010916,0.194877,0.000644,0.005599,0.000059,0.001810,0.017973,0.000891,0.000038,0.000380,0.000557,0.000000,0.008797,,,0.000005,0.000001,,0.000004,,0.005318,0.009278,0.000146,0.000358,,,,,,
109011701,4.92823e+09,22,个,0.8351,0.048226,0.835064,0.004951,0.101232,0.000010,0.000538,0.000004,0.000310,0.004383,0.000226,0.000171,0.000002,0.000133,0.000002,0.004161,,,0.000122,,0.000001,0.000004,,0.000007,0.000364,0.000055,0.000035,,,,,,
109013601,4.91205e+09,23,个,0.5356,0.380991,0.535600,0.002623,0.054844,0.000064,0.003794,0.000093,0.000001,0.004249,0.000171,0.000007,0.000510,0.000039,0.000002,0.004387,0.000004,,0.000002,,,,,,0.012459,0.000118,0.000025,0.000006,,,,0.000009,0.000002
109040701,4.8939e+09,22,个,0.7779,0.005987,0.777866,0.002898,0.116457,0.000119,0.010002,0.000022,0.000190,0.059748,0.000088,0.000008,0.000003,0.001068,0.000012,0.025150,0.000004,,0.000002,0.000001,0.000006,,,,0.000232,0.000113,0.000025,,,,,,
107030402,4.88023e+09,15,盒,0.6656,0.084572,0.005662,0.000214,0.000032,,,,,0.006407,,0.665650,0.201035,,0.001580,0.000008,,,0.000013,0.009070,0.000012,,0.000026,,0.000000,,0.025719,,,,,,
107010105,4.87396e+09,11,千克,0.9963,0.996335,0.000016,0.002846,,,0.000002,0.000000,0.000268,0.000029,,,,,0.000010,,,,0.000154,,,,0.000008,,,,,0.000333,,,,,
304080201,4.86071e+09,25,UNKNOWN,0.3802,0.191182,0.014199,0.380231,0.006267,0.000000,0.000003,0.000356,0.067002,0.035761,0.000002,,0.013528,0.059756,0.000003,0.016581,0.006040,,0.000001,0.000002,0.000001,0.002042,,,,,0.000000,0.001480,0.198421,0.001023,,0.004292,0.001827
109050101,4.82354e+09,24,个,0.5751,0.007530,0.575089,0.056779,0.271592,0.000083,0.028004,0.000246,0.001750,0.019819,0.000752,0.000012,0.000747,0.000927,0.000007,0.008577,0.000518,,0.000002,0.000013,,0.000004,,,0.027264,0.000158,0.000118,0.000007,,,,,0.000001
109041601,4.76886e+09,13,个,0.9917,0.000170,0.991748,0.000893,0.006973,,0.000004,,,0.000111,,0.000000,0.000005,0.000004,,0.000092,,,,0.000000,,,,,0.000000,0.000000,,,,,,,
109042401,4.75103e+09,23,个,0.6750,0.097665,0.674967,0.014539,0.157734,0.000132,0.007560,0.000115,0.000544,0.022489,0.001235,0.000010,0.000725,0.000047,0.000001,0.011144,0.000019,,0.000015,0.000001,,,,,0.000014,0.010970,0.000072,0.000000,,0.000002,,,
109012408,4.73945e+09,21,个,0.8913,0.005833,0.891270,0.003065,0.081821,0.000003,0.000588,0.000071,0.000458,0.002321,0.000008,0.000015,0.000006,0.000232,0.000035,0.013714,,,0.000377,0.000001,,,0.000052,,0.000101,0.000012,0.000018,,,,,,
107050601,4.73121e+09,23,个,0.9196,0.036188,0.919553,0.001829,0.012676,,0.011424,0.000040,0.000051,0.011485,0.000632,0.000076,0.000438,0.000006,0.000121,0.002654,,,0.000024,0.000003,0.000001,0.000180,0.000000,,0.000284,0.002051,0.000283,,0.000001,,,,
109050902,4.72602e+09,22,个,0.9033,0.001017,0.903334,0.022773,0.068206,,0.000090,0.000089,0.000498,0.000839,0.000129,0.000043,0.000021,0.000228,0.000010,0.002182,0.000453,,,,,0.000073,0.000001,,0.000002,0.000008,0.000002,0.000002,,0.000001,,,
107060102,4.67768e+09,22,千克,0.5209,0.520879,0.292086,0.001736,0.012269,,0.018867,0.023548,0.000025,0.006605,0.102326,0.000295,0.001413,0.000008,0.000006,0.004409,,,0.000089,0.000106,,0.000058,0.000000,0.000005,0.000264,0.014871,0.000134,,,,,,
109030502,4.6687e+09,13,个,0.9856,0.000650,0.985627,0.012805,0.000142,,0.000001,,0.000113,0.000105,,0.000000,,0.000002,0.000000,0.000554,,,,,,,,,0.000000,,0.000000,,,,,,
108030603,4.65198e+09,12,千克,0.9121,0.912069,0.064192,0.002425,0.001191,,0.000017,,,0.000455,0.012094,0.000000,,0.000003,,0.001574,,,,,,,,,0.005980,0.000001,,,,,,,
109042301,4.59909e+09,20,个,0.9909,0.004183,0.990895,0.000143,0.001783,0.000005,0.000099,,0.000001,0.002466,0.000016,0.000027,0.000038,0.000001,0.000002,0.000314,,,0.000004,0.000001,,,,0.000000,0.000001,0.000015,0.000004,,,,,,
107020214,4.59053e+09,18,千克,0.9963,0.996284,0.000099,0.002070,0.000010,,0.000000,0.000053,,0.000182,0.000012,0.000125,0.000068,0.000000,0.000524,,,,0.000562,0.000008,,,0.000001,,0.000000,0.000000,0.000000,,,,,,
105020199,4.5798e+09,21,个,0.7053,0.005392,0.705286,0.027017,0.189585,0.000002,0.005603,0.000838,0.015274,0.017133,0.005022,0.000000,0.000147,0.000067,0.000003,0.028423,,,0.000004,0.000002,,0.000000,,,0.000188,0.000011,0.000004,,,,,,
107022303,4.57159e+09,16,个,0.8693,0.005634,0.869267,0.004062,0.007256,,,,,0.000275,,0.010003,0.015329,0.000000,0.076629,0.011003,0.000001,,0.000034,0.000294,,,0.000041,,,0.000000,0.000172,,,,,,
304030199,4.5296e+09,25,UNKNOWN,0.4908,0.000134,0.009353,0.490815,0.008459,,0.000060,0.000015,0.154704,0.012754,0.001111,0.000005,0.000001,0.273078,0.000000,0.015096,0.026990,,,0.000000,0.003819,0.001162,,0.000024,0.000004,0.000006,0.000011,0.000306,,0.002031,,0.000063,
109040601,4.51904e+09,13,个,0.5835,0.013046,0.583479,0.011860,0.323204,,0.000171,,0.000188,0.067755,,0.000001,,0.000143,0.000044,0.000109,0.000001,,,,,,,,,,0.000000,,,,,,
109040901,4.51542e+09,19,千克,0.9307,0.930670,0.011957,0.001111,0.001014,,0.047947,,0.000014,0.002354,0.000003,0.000046,0.000445,0.000055,0.000000,0.000494,,,0.000001,0.000012,,,0.000000,,0.000003,0.003797,0.000076,,,,,,
109041301,4.49688e+09,17,个,0.5164,0.267128,0.516432,0.044017,0.117326,,0.000006,,,0.033001,,0.000201,0.000753,0.000003,0.000000,0.000346,0.003515,,0.000001,0.000003,,,,,0.000001,0.000392,0.016874,,,,,,
102050101,4.45104e+09,18,千克,0.9870,0.987005,0.000815,0.008153,0.000030,,0.000088,0.002757,,0.000445,0.000350,0.000007,0.000006,,0.000012,0.000022,,,0.000075,0.000143,,,,,0.000000,0.000001,0.000089,,,,,,0.000002
103010402,4.43818e+09,14,千克,0.9992,0.999171,0.000222,0.000383,0.000001,,0.000018,,,0.000023,,0.000000,0.000004,,0.000035,0.000058,,,0.000000,0.000035,,,,,,0.000002,0.000048,,,,,,
304080101,4.42388e+09,24,UNKNOWN,0.6095,0.000363,0.001840,0.609539,0.000159,0.001449,0.000000,0.000109,0.031510,0.030966,0.013646,0.000000,0.000001,0.022857,0.000000,0.001775,0.272027,,0.000013,,0.000170,0.001754,,,0.000000,0.000001,,0.011682,,0.000119,,,0.000018
109041705,4.41164e+09,17,个,0.9749,0.000006,0.974949,0.009336,0.013689,,0.000002,,0.000002,0.001895,,0.000005,0.000027,,0.000001,0.000020,,,0.000018,0.000000,,,0.000001,,0.000000,0.000010,0.000039,,,,,,
105010302,4.404e+09,14,个,0.8940,0.010413,0.893987,0.007014,0.002221,,0.000012,0.073208,0.000009,0.000147,0.012141,,0.000009,,,0.000800,,,,,,,,,0.000002,0.000039,0.000000,,,,,,
108030400,4.38735e+09,11,千克,0.9987,0.998651,0.001032,0.000146,0.000000,,0.000005,,,0.000000,,0.000000,,,0.000021,,,,,,,,0.000000,,,0.000144,0.000000,,,,,,
108042200,4.30733e+09,19,个,0.9130,0.001471,0.913024,0.003179,0.058590,0.000000,0.000022,,0.000001,0.021970,0.000145,0.000010,0.000151,0.000001,0.000001,0.001416,,,0.000007,0.000000,,,,,0.000004,0.000001,0.000006,,,,,,
109030504,4.29791e+09,13,个,0.9839,0.000658,0.983855,0.010304,0.000291,,,0.000011,,0.000196,,,0.003451,,,0.000687,0.000201,,0.000275,0.000000,,0.000002,,,,,,0.000069,,,,,
109024506,4.28435e+09,16,盒,0.8382,0.000429,0.112893,0.002099,0.019909,,0.000010,,,0.000378,,0.838202,0.019055,0.000000,0.001171,0.002789,0.002225,,,0.000397,,,,,0.000020,0.000016,0.000405,,,,,,
109051603,4.27739e+09,18,个,0.8829,0.003326,0.882946,0.003823,0.031331,,0.002425,0.000000,0.001364,0.054550,0.016721,0.000005,0.000004,0.000039,0.000000,0.003004,,,0.000000,,,,,,0.000002,0.000441,0.000018,,,,,,
106010511,4.27366e+09,17,千克,0.5844,0.584423,0.355540,0.006919,0.019883,0.000002,0.000460,,,0.000176,0.004308,0.000002,0.000219,0.000000,,0.026026,,,,,0.000003,,,,0.000040,0.001251,0.000026,,,,0.000722,,
104020111,4.26665e+09,13,个,0.9780,0.003075,0.978049,0.007397,0.005475,,0.000079,,,0.000985,,0.000001,0.000094,0.000000,0.000000,0.004838,,,,0.000000,,,,,0.000007,,,,,,,,
109040501,4.26151e+09,18,千瓦时,0.8351,0.001753,0.147987,0.001904,0.010875,0.835118,0.000044,,,0.001626,0.000227,0.000000,0.000000,0.000000,0.000000,0.000192,0.000137,,0.000113,,,,,,0.000018,0.000001,0.000003,,,,,,
304060100,4.22512e+09,23,项,0.3378,0.000568,0.029263,0.282627,0.016508,,0.000133,0.000012,0.337809,0.016185,0.000006,0.000001,,0.280200,0.000116,0.026947,0.001702,,0.000001,,0.000190,0.000171,,,0.000004,,,0.001969,0.000011,0.000010,,0.005556,0.000011
107030301,4.21556e+09,16,千克,0.7389,0.738907,0.134272,0.002079,0.000019,,,,,0.085462,,0.017785,0.000663,,0.009568,0.001396,,,0.000143,0.006305,0.000002,,0.001122,,0.000012,,0.002248,0.000016,,,,,
107030407,4.17993e+09,10,瓶,0.6585,0.000707,0.000187,0.000195,0.000012,,,,,0.005137,,0.335210,,,0.658523,,,,,0.000016,,,0.000001,,,,0.000012,,,,,,
104020122,4.17838e+09,13,个,0.9462,0.023881,0.946237,0.020207,0.007504,,0.000264,,,0.000158,0.000002,0.000000,,,,0.001741,,,,0.000001,,,,,0.000003,0.000001,0.000000,,,,,,
109012403,4.17227e+09,18,个,0.9284,0.002029,0.928407,0.013948,0.054093,0.000055,0.000067,0.000001,0.000045,0.000650,0.000001,0.000026,,0.000005,0.000006,0.000208,,,0.000080,,,0.000001,,,0.000379,,0.000000,,,,,,
107059900,4.13749e+09,23,千克,0.3935,0.393486,0.339970,0.002663,0.098235,0.000065,0.022407,0.001223,0.000022,0.009450,0.086580,0.009360,0.000543,0.000180,0.003043,0.013807,0.000000,,0.000343,0.000257,0.000000,,0.000037,,0.000812,0.017030,0.000486,,,,,,
109024901,4.13432e+09,21,套,0.5785,0.020351,0.256222,0.082808,0.578509,,0.003736,0.001688,0.009089,0.035394,0.004296,0.000002,0.000000,0.000554,0.000370,0.006865,0.000059,,,0.000001,,,0.000000,,0.000019,0.000024,0.000002,,,,,0.000011,
109041904,4.11419e+09,9,个,0.9958,,0.995816,0.000965,0.002743,,,,,0.000050,,0.000391,0.000012,,0.000001,,,,,0.000023,,,,,,,0.000000,,,,,,
109040806,4.06283e+09,23,个,0.7377,0.038276,0.737675,0.006279,0.104084,0.000025,0.016719,0.000046,0.001559,0.030306,0.000065,0.000032,0.001368,0.000047,0.000074,0.059324,0.000000,,0.000154,0.000018,,,0.000006,0.002171,0.000598,0.000793,0.000381,,,,,,
109062202,4.06025e+09,13,个,0.9877,0.001177,0.987672,0.003895,0.004834,,0.000001,,,0.000157,,0.000072,0.000001,,,0.002077,,,0.000000,0.000000,,,,,0.000113,,0.000001,,,,,,
109013105,4.0556e+09,24,个,0.7096,0.082034,0.709581,0.052615,0.092705,,0.008546,0.001655,0.005350,0.020944,0.008885,0.000013,0.000115,0.000229,0.006266,0.008370,0.000080,,0.002252,0.000002,0.000000,,0.000076,,0.000131,0.000139,0.000014,0.000001,,,,0.000000,
109024211,4.00989e+09,18,个,0.9067,0.000003,0.906698,0.002843,0.062656,,0.000020,0.000007,,0.012391,,0.013563,0.000653,,0.000275,0.000355,,,0.000076,0.000064,0.000034,0.000045,,,0.000002,0.000004,0.000309,,,,,,
104020112,4.0041e+09,14,个,0.9576,0.001996,0.957629,0.010228,0.026559,,0.000029,,,0.000331,,0.000000,0.000107,,0.000000,0.002878,0.000050,,0.000173,0.000000,,,,,0.000020,,,,,,,,
103030199,3.9859e+09,18,千克,0.9365,0.936530,0.000524,0.001524,0.002947,,,0.000148,,0.002524,,0.000158,0.010709,0.000002,0.043718,0.000120,,,0.001091,0.000001,0.000000,,0.000001,,0.000000,,0.000004,,0.000000,,,,
108041501,3.9387e+09,19,个,0.9186,0.054549,0.918557,0.014317,0.009328,,0.000170,,0.000002,0.001113,0.000025,0.000009,0.000000,0.000069,0.000000,0.001813,,,0.000005,0.000000,,,,,0.000023,0.000008,0.000003,0.000006,,,,,
109013701,3.93562e+09,17,个,0.4911,0.457733,0.491066,0.006010,0.039586,0.000020,0.000058,0.000000,0.000050,0.003348,0.000044,0.000001,,0.000032,,0.001261,,,0.000004,,0.000000,,,,0.000788,0.000000,,,,,,,
101020401,3.92783e+09,17,千克,0.9944,0.994445,0.004173,0.000556,0.000122,,0.000217,,,0.000013,0.000011,0.000004,0.000101,,0.000006,0.000104,,,0.000139,0.000002,,,0.000000,,0.000018,0.000077,0.000011,,,,,,
109030300,3.91434e+09,22,个,0.6722,0.006452,0.672169,0.001139,0.105522,0.000096,0.002165,0.000017,0.000589,0.206482,0.000433,0.000006,0.000007,0.000121,0.000051,0.002223,,,0.000161,0.000002,0.000010,,0.000000,,0.002313,0.000014,0.000026,,,,,,
109062501,3.91144e+09,20,个,0.9854,0.000002,0.985405,0.001326,0.011591,,,,0.000000,0.000189,,0.000007,0.000078,0.000005,0.000000,0.001285,0.000054,,0.000001,0.000009,0.000010,0.000000,,,0.000000,0.000002,0.000002,,,0.000035,,,
109012301,3.90663e+09,20,套,0.7158,0.007816,0.220097,0.009306,0.715770,,0.003611,0.000002,0.000002,0.036806,0.000015,0.000030,0.000004,0.000009,0.000004,0.003373,,,0.000105,0.000001,,,0.000000,,0.003007,0.000040,0.000001,,,,,,
108031801,3.90119e+09,11,千克,0.9487,0.948683,0.024372,0.000014,0.021730,,0.000300,,0.000001,,0.004862,,,,0.000000,0.000036,,,0.000000,,,,,,,0.000002,,,,,,,
103030702,3.89656e+09,18,箱,0.6688,0.131287,0.060876,0.046916,0.000934,,0.000040,0.000081,,0.006430,,0.005944,0.668800,,0.065832,0.001949,,,0.001689,0.001614,0.000004,,0.005150,,,0.000028,0.002419,,0.000007,,,,
107022401,3.88454e+09,16,个,0.9400,0.001774,0.940026,0.002639,0.004091,,0.000002,0.000604,,0.001057,,0.004658,0.038048,,0.006089,0.000505,,,0.000041,0.000282,,,0.000009,,,0.000125,0.000052,,,,,,
107030404,3.8752e+09,15,盒,0.8737,0.001008,0.008140,0.000246,0.000437,,,,0.000001,0.005844,,0.873678,0.000299,0.000000,0.083156,,,,0.000012,0.005260,,,0.000012,,0.000000,,0.021908,,,,,,
109041702,3.8716e+09,12,个,0.9785,0.002576,0.978470,0.007710,0.009406,,0.000005,,0.000001,0.001701,,0.000005,0.000086,,0.000000,0.000034,,,,,,,,,,,0.000007,,,,,,
108012701,3.83659e+09,18,千克,0.8874,0.887400,0.078428,0.000937,0.021793,,0.000102,0.000602,,0.006415,0.001080,0.000386,0.000018,0.000053,0.000094,0.001814,,,0.000768,0.000026,,,,,0.000008,0.000038,0.000038,,,,,,
106030103,3.80259e+09,23,个,0.4939,0.000192,0.493892,0.044680,0.433287,0.000152,0.000036,0.000000,0.001327,0.017115,0.000246,0.000009,0.000068,0.000177,0.000018,0.007674,0.000213,,0.000008,,0.000052,0.000394,,,0.000059,0.000000,0.000001,,,,,,0.000398
104030201,3.7758e+09,14,平方米,0.5391,0.008892,0.008446,0.002242,0.002977,,0.173596,,,0.264602,0.539107,,,0.000000,0.000001,0.000045,,,,,,,,,0.000078,0.000009,0.000000,,,,,,0.000004
101010102,3.7737e+09,24,千克,0.9204,0.920442,0.018898,0.005708,0.010002,0.000059,0.022350,0.000745,0.000628,0.002989,0.000021,0.000968,0.002304,0.000033,0.000937,0.003252,0.000015,,0.000040,0.009049,0.000034,,0.000020,,0.000075,0.000350,0.000926,,0.000156,,,,
107030408,3.75367e+09,13,盒,0.8758,0.000167,0.002750,0.000173,0.000014,,0.000000,,,0.001700,,0.875799,,,0.118726,0.000015,,,0.000004,0.000523,0.000000,,,,,,0.000129,,,,,,
104011101,3.71229e+09,20,千克,0.5856,0.585574,0.192941,0.001813,0.004955,0.000111,0.077203,0.000054,0.000007,0.010639,0.059484,0.001420,0.005203,0.000001,0.000001,0.001125,,,0.000025,0.001720,,,,,0.000739,0.040019,0.016966,,,,,,
109040403,3.6653e+09,14,个,0.8674,0.000213,0.867448,0.007859,0.115126,,0.000009,,0.000068,0.000285,0.000003,0.000001,,0.000187,,0.000500,,,,,,,,0.008298,0.000000,0.000001,,,,,,,
104020114,3.65447e+09,11,个,0.9444,0.000185,0.944383,0.009151,0.002739,,0.000017,,,0.010155,,0.032771,,,,0.000000,0.000000,,,,,,,,0.000008,,0.000590,,,,,,
109021199,3.61812e+09,21,套,0.4886,0.030089,0.283135,0.023209,0.488554,0.000044,0.000147,0.000078,0.000519,0.020748,0.000079,0.000040,0.000035,0.000363,0.000039,0.026590,0.000229,,0.000059,,,0.000022,,,0.126013,0.000005,0.000004,,,,,,
107021599,3.59954e+09,20,千克,0.7392,0.739246,0.003406,0.000458,0.002468,0.000000,0.000073,0.219552,,0.002679,0.000220,0.000478,0.001064,,0.017307,0.001445,0.000034,,0.010688,0.000019,,,0.000535,,0.000120,0.000049,0.000159,,,,,,
107030206,3.59413e+09,14,盒,0.8826,0.004689,0.001831,0.003097,0.000036,,,,,0.026261,,0.882575,0.000001,,0.080518,,,,0.000005,0.000687,,,0.000008,,0.000029,0.000000,0.000264,,,,,,
304040799,3.57524e+09,21,UNKNOWN,0.6088,0.074589,0.013017,0.608840,0.000705,0.000019,,0.011956,0.025700,0.018662,0.050179,,0.000238,0.008288,,0.053405,0.101127,,,,0.000000,0.009815,0.000009,,,,,0.000828,0.020873,0.001662,,0.000010,0.000079
104010404,3.56803e+09,19,千米,0.5586,0.323034,0.015304,0.001267,0.001792,0.000123,0.558570,0.005075,,0.001386,0.091957,0.000002,0.000085,,0.000009,0.000318,,,0.000003,0.000000,0.000000,,,,0.000010,0.001006,0.000059,,,,,,
109051800,3.56425e+09,16,个,0.9345,0.001537,0.934520,0.001298,0.016812,,0.000183,,0.000004,0.006460,0.001756,0.008598,,0.000002,,0.001048,,,,,,0.000003,,0.027749,0.000000,0.000030,0.000001,,,,,,
104020101,3.56253e+09,13,个,0.8656,0.002054,0.865592,0.044134,0.048937,,0.001121,,,0.015289,,0.001873,0.000001,,0.000001,0.019027,,,,0.000003,,,,,0.001459,,0.000510,,,,,,
105010101,3.55417e+09,19,立方米,0.8658,0.030328,0.069363,0.003761,0.003830,,0.001848,0.865759,0.000099,0.001747,0.019525,0.000039,0.000030,,0.000008,0.002298,,,0.000001,0.000023,,,,,0.001276,0.000051,0.000008,,,,,,0.000005
103030705,3.51369e+09,18,箱,0.9114,0.011016,0.027871,0.008479,0.002342,,,0.000002,,0.013755,,0.006408,0.911402,0.000000,0.014908,0.000363,0.000001,,0.000098,0.000860,0.000175,,0.001747,,,,0.000573,,0.000000,,,,
109030103,3.49963e+09,9,个,0.7328,0.001197,0.732834,0.000042,0.005156,,0.000001,,0.000000,0.260636,,,,,,0.000036,,,,,,,,,0.000099,,,,,,,,
103030703,3.48209e+09,15,个,0.7438,0.004630,0.743763,0.003612,0.002851,,,0.000020,,0.016860,,0.012082,0.160973,,0.042332,0.001250,,,0.000233,0.004146,0.000066,,0.004447,,,,0.002735,,,,,,
108041600,3.48053e+09,22,个,0.5707,0.018324,0.570656,0.012214,0.384110,0.000099,0.000296,,0.000001,0.002014,0.000075,0.000023,0.000015,0.000005,0.000001,0.000685,0.000000,,0.000013,0.000004,0.000000,,0.000000,,0.011425,0.000023,0.000017,,,,,,
501990000,3.47249e+09,20,UNKNOWN,0.4591,0.001646,0.008332,0.459131,0.043140,0.000139,0.000440,0.003577,0.034293,0.080860,0.269460,,0.000000,0.009728,,0.002487,0.083182,,,,0.000110,0.000970,,,0.000000,,0.000046,0.002430,,0.000029,,,
103010401,3.46513e+09,13,个,0.4065,0.387441,0.406496,0.000647,0.000008,,0.000008,,,0.000039,,0.011158,0.006949,,0.000063,,,,0.000001,0.177569,,,0.009105,,,,0.000517,,,,,,
301010201,3.45927e+09,15,千克,0.4241,0.424083,0.005855,0.293690,0.009600,,0.010044,0.000361,0.000084,0.206544,,,0.008033,0.004020,,0.008477,0.026950,,,,,,,,,0.000001,,,0.000044,,,,0.002214
108041201,3.45573e+09,19,千克,0.8101,0.810144,0.047389,0.001949,0.003583,,0.127338,,0.000145,0.004175,0.000500,0.000019,0.000071,0.000009,0.000000,0.000893,,,0.000127,0.000002,0.000000,,,,0.000601,0.003053,0.000002,,,,,,
109025310,3.43987e+09,21,个,0.7989,0.000012,0.798923,0.015104,0.120033,,0.001063,0.000054,0.016912,0.002443,0.000535,0.000032,0.002001,0.000439,,0.042211,0.000051,,,0.000000,,0.000000,,0.000051,0.000029,0.000023,0.000013,0.000070,,,,,
109013103,3.40172e+09,20,个,0.8116,0.010772,0.811599,0.013594,0.129129,,0.000485,0.000608,0.010346,0.001676,0.000666,,0.000001,0.000180,0.003117,0.016000,0.000221,,0.001271,,,,0.000302,,0.000000,0.000033,0.000002,0.000000,,,,,
108032402,3.39606e+09,10,千克,0.9996,0.999613,0.000231,0.000001,0.000002,,0.000036,,,0.000071,,0.000015,,,,0.000000,,,,,,,,,0.000001,0.000028,,,,,,,
106010201,3.37325e+09,21,千克,0.8091,0.809086,0.019102,0.001722,0.000909,,0.000040,,0.000007,0.000417,0.000198,0.000132,0.003016,0.000084,,0.001456,0.000014,,0.000008,0.000000,0.000071,,0.000000,,0.000000,0.002641,0.004964,,,,0.156133,,
109052203,3.36036e+09,18,个,0.9529,0.000008,0.952907,0.019804,0.019682,,0.000071,,0.000098,0.001493,0.000002,0.000002,0.000083,0.000010,0.000000,0.005724,0.000001,,0.000018,0.000003,,,,,0.000082,0.000014,,,,,,,
104010507,3.35327e+09,16,个,0.9104,0.020866,0.910418,0.006045,0.033164,,0.005686,0.000032,,0.018060,0.000237,0.003417,0.001153,,0.000001,0.000838,,,,0.000014,,,,,0.000035,0.000018,0.000018,,,,,,
108041102,3.33232e+09,16,千克,0.8989,0.898867,0.029392,0.001608,0.002328,,0.055479,0.000002,0.000003,0.008618,0.001443,0.000009,0.000048,,,0.001630,,,,0.000207,,,,,0.000037,0.000322,0.000008,,,,,,
102059900,3.31694e+09,20,千克,0.9104,0.910369,0.010152,0.060798,0.000187,,0.000126,0.006821,,0.003837,0.006683,0.000010,0.000006,0.000005,0.000001,0.000051,,,0.000019,0.000815,,,,,0.000007,0.000011,0.000096,0.000000,,,,,0.000005
104030302,3.31296e+09,17,个,0.8824,0.099239,0.882388,0.004729,0.008352,,0.001665,,,0.000113,,0.000007,0.000009,0.000016,0.000174,0.001840,,,0.000168,0.000000,,,0.000000,,0.001263,0.000014,0.000021,,,,,,
105020299,3.28812e+09,22,个,0.5264,0.068866,0.526377,0.006141,0.352958,,0.002342,0.002335,0.003690,0.003268,0.009759,0.000239,0.000051,0.000015,0.000670,0.011085,0.000042,,0.000214,0.000043,0.000001,,0.000001,,0.011814,0.000038,0.000052,,,,,,
103020303,3.28732e+09,19,箱,0.6318,0.014583,0.064114,0.036024,0.003099,,0.000001,,,0.013576,,0.070058,0.631793,,0.003602,0.007343,,,0.005172,0.090990,0.035063,,0.005082,,0.000000,0.000181,0.019318,0.000000,0.000000,,,,
107021308,3.27845e+09,22,千克,0.7379,0.737872,0.164633,0.009094,0.007994,,0.003897,0.001002,0.000009,0.034703,0.024639,0.000601,0.001336,0.000730,0.001512,0.004003,,,0.002448,0.000250,0.000017,,0.003275,,0.000136,0.001650,0.000197,0.000003,,,,,
103030901,3.24836e+09,16,千克,0.6279,0.627894,0.034329,0.004861,0.000920,,,0.000040,,0.001232,0.000000,0.000900,0.006127,,0.316563,0.006786,,,0.000286,0.000006,0.000000,,0.000007,,,,0.000048,,,,,,
109012701,3.23125e+09,19,个,0.6177,0.012979,0.617656,0.016187,0.345984,,0.000638,0.000048,0.001178,0.000555,0.000604,0.000000,0.000019,0.000080,0.000005,0.003900,,,0.000142,,,0.000001,,,0.000023,0.000001,0.000000,,,,,,
103011201,3.225e+09,15,千克,0.9848,0.984768,0.000539,0.001981,,,,,,0.000064,,0.000028,0.000872,,0.000014,0.000988,,,0.000009,0.005363,,,0.000005,,0.000004,0.000001,0.005362,,0.000000,,,,
109020602,3.21499e+09,17,千克,0.5166,0.516614,0.343389,0.002410,0.130871,0.000033,0.000050,,0.000013,0.001907,0.000006,0.000000,,0.000154,0.000001,0.003950,,,0.000001,0.000004,,,,,0.000578,0.000017,,,,,,,
107020102,3.1727e+09,22,千克,0.9514,0.951402,0.012321,0.004029,0.000021,0.000009,0.000006,0.002473,,0.005776,0.021733,0.000003,0.000002,0.000000,0.000217,0.000000,0.000189,,0.000225,0.000000,0.000041,,0.000027,,,0.001483,0.000013,,,,,,0.000029
104019999,3.17212e+09,24,千米,0.3683,0.227455,0.286357,0.002287,0.025713,0.000032,0.368256,0.004492,0.000008,0.009501,0.036758,0.001175,0.009606,0.000126,0.000005,0.009129,0.000256,,0.000001,0.000105,0.000000,0.000002,,,0.014199,0.003324,0.001159,,,,0.000052,,
109051103,3.17103e+09,23,个,0.9417,0.000670,0.941663,0.003573,0.049254,,0.000038,0.000104,0.000046,0.001188,0.000361,0.000216,0.000284,0.000151,0.000046,0.001342,0.000299,,0.000038,0.000002,0.000010,0.000032,,,0.000015,0.000508,0.000078,,0.000083,,,,
304020103,3.17022e+09,17,UNKNOWN,0.4670,,0.027454,0.466975,0.051888,0.000044,,,0.271639,0.020965,,0.000000,0.000000,0.103852,,0.008175,0.040163,,,,0.000083,0.004843,,,,,0.000567,0.001638,,0.000303,,0.001412,
103020602,3.14352e+09,17,箱,0.8470,0.026392,0.046741,0.002688,0.002775,,,0.000012,,0.005907,,0.005376,0.847003,0.000148,0.033074,0.000929,,,0.012797,0.010299,0.000010,,0.001769,,,0.000001,0.004080,,,,,,
104020113,3.1279e+09,11,个,0.9525,0.001823,0.952511,0.035497,0.001551,,0.000015,,,0.002365,,0.004608,,,,0.000715,,,,0.000001,,,,,0.000001,,0.000914,,,,,,
109040399,3.11045e+09,17,个,0.9296,0.015201,0.929613,0.001126,0.051219,0.000090,0.000113,,0.000010,0.000304,,0.000002,,0.000154,0.000001,0.002089,0.000009,,0.000057,,,,,,0.000008,0.000003,0.000000,,,,,,
107022304,3.10992e+09,16,个,0.9194,0.005647,0.919421,0.003719,0.010946,,,,,0.001124,,0.022824,0.000001,0.000052,0.034789,0.001144,,,0.000250,0.000040,0.000000,,0.000006,,0.000003,,0.000034,,,,,,
110020202,3.10323e+09,10,立方米,0.9162,0.056198,0.000623,0.013054,0.000056,,,0.916235,,0.013507,0.000007,,,,,0.000004,0.000284,,,,,,,,0.000032,,,,,,,,
109011903,3.10228e+09,21,个,0.7556,0.066922,0.755612,0.026278,0.127029,,0.002514,0.000448,0.000080,0.002033,0.000052,0.000035,0.000160,0.000004,0.000060,0.018048,,,0.000022,0.000007,,,0.000017,,0.000294,0.000277,0.000109,0.000000,,,,,
102050502,3.09663e+09,8,千克,0.9259,0.925926,0.000729,0.067586,0.000157,,0.005058,,,0.000532,,,,,0.000000,0.000011,,,,,,,,,,,,,,,,,
109042001,3.09229e+09,18,个,0.9544,0.001594,0.954376,0.009339,0.023922,0.000039,0.000001,,0.000011,0.009274,0.000001,0.000091,0.000001,0.000001,,0.001341,,,0.000002,0.000006,,,,,0.000002,0.000000,0.000000,,,,,,
107030401,3.08756e+09,15,盒,0.7775,0.000380,0.003247,0.001434,0.008747,,,,,0.028946,,0.777471,0.000007,,0.172228,0.000000,,,0.000510,0.005941,0.000000,,0.000046,,,0.000001,0.001041,,,,,,
108040301,3.07021e+09,23,个,0.8682,0.032707,0.868240,0.008512,0.020844,,0.011766,0.000002,0.000151,0.028170,0.000151,0.001156,0.000189,0.000015,0.000038,0.023503,0.000001,,0.000199,0.000002,0.000002,0.000002,,,0.004250,0.000024,0.000075,,0.000000,,,,
107021307,3.04444e+09,20,千克,0.7408,0.740842,0.073313,0.001609,0.013258,,0.001591,0.012969,,0.012282,0.021794,0.000842,0.011500,0.000004,0.005846,0.000712,,,0.094844,0.002172,0.000000,,0.002115,,0.000001,0.002996,0.001308,,,,,,
109040101,3.03991e+09,21,个,0.8940,0.017233,0.893965,0.000338,0.080392,0.003576,0.000203,0.000001,0.000091,0.000266,0.000007,0.000000,0.000002,0.001632,0.000007,0.002196,,,0.000031,0.000002,,,,,0.000006,0.000048,0.000001,,,,,,0.000002
109040406,3.02093e+09,19,个,0.6643,0.101351,0.664349,0.002891,0.197721,0.000063,0.002994,,0.000085,0.018194,0.000032,0.000001,0.000002,0.000037,0.000013,0.011820,0.000246,,0.000092,,,,,,0.000021,0.000078,0.000011,,,,,,
109031300,3.01825e+09,17,个,0.8071,0.028948,0.807116,0.001132,0.147306,,0.000795,,0.000077,0.001178,0.001055,0.000000,0.000000,0.000000,0.000149,0.002093,0.000086,,0.000004,,,,,,0.009988,,0.000071,,,,,,
104011201,2.99889e+09,20,千米,0.4783,0.358477,0.085334,0.003897,0.018780,0.001371,0.478270,0.000128,,0.008972,0.042159,0.000002,0.000152,,0.000009,0.001140,,,0.000003,0.000033,,,0.000001,,0.000067,0.001203,0.000000,0.000000,,,,,
109023209,2.98699e+09,17,个,0.5885,0.017768,0.588459,0.003940,0.064574,,0.000003,,0.000136,0.316323,0.006187,0.000000,0.000001,0.000005,0.000000,0.002598,,,0.000000,0.000000,,,,,0.000004,0.000001,,,,,,,
102020300,2.96769e+09,12,千克,0.9463,0.946267,0.000005,0.005784,0.000000,,,0.047033,,0.000412,,,,0.000000,0.000469,0.000000,,,0.000014,,,,0.000013,,,0.000002,,,,,,,
107060299,2.96701e+09,24,个,0.4548,0.424481,0.454772,0.002924,0.053875,0.000373,0.016189,0.000315,0.000078,0.002775,0.014482,0.001378,0.000931,0.000007,0.000196,0.010253,,,0.000106,0.000316,0.000348,0.000000,0.000004,,0.004803,0.011058,0.000336,,,,,0.000001,
107021101,2.93025e+09,19,千克,0.9855,0.985456,0.002497,0.000643,0.000071,,0.000216,0.000214,,0.000960,,0.000235,0.000051,0.000019,0.000199,0.008059,0.000131,,0.000648,0.000156,0.000002,,0.000404,,,0.000016,0.000022,,,,,,
304030302,2.92645e+09,18,UNKNOWN,0.8082,,0.006972,0.808193,0.000310,,0.000026,,0.018506,0.006848,0.000493,0.000003,0.000000,0.099476,,0.012066,0.022291,,,,0.000286,0.017220,,,0.000000,,,0.004411,,0.002853,,0.000044,
103021199,2.9262e+09,18,千克,0.9731,0.973147,0.008612,0.000950,0.000174,,0.000213,0.000318,,0.000630,,0.009727,0.001875,0.000001,0.000699,0.000853,,,0.000257,0.000719,,,0.000092,,,0.000009,0.001724,,0.000000,,,,
108019901,2.91883e+09,21,千克,0.7641,0.764091,0.036538,0.007449,0.048249,,0.012797,0.071595,0.002282,0.012791,0.037540,0.000058,0.000143,0.000009,0.000015,0.003194,,,0.000082,0.001594,,,0.000002,,0.000430,0.000500,0.000637,,,,,,0.000005
106020101,2.91772e+09,23,个,0.4638,0.003024,0.463753,0.281397,0.014451,,0.000003,,0.000057,0.087999,0.000011,0.001301,0.000544,0.000148,0.000001,0.008686,0.000203,,,0.000000,0.028224,0.000006,0.000000,,0.000003,0.109902,0.000044,,,0.000002,0.000242,,
109060102,2.91203e+09,19,个,0.4761,0.001661,0.476059,0.011739,0.465090,,0.002395,0.000003,0.007639,0.018124,0.000039,0.000018,0.000000,0.000927,0.000020,0.016203,,,0.000003,0.000002,,,,,0.000000,0.000028,0.000049,,,,,,
104020124,2.91104e+09,17,个,0.8912,0.045992,0.891190,0.005298,0.049901,,0.000355,0.000039,,0.000765,,0.001112,0.000015,,0.000018,0.002877,0.000000,,,0.000074,,,,,0.000003,0.000001,0.002357,0.000003,,,,,
107020211,2.88262e+09,10,千克,0.9979,0.997931,0.000039,0.000032,0.000005,,,0.000001,,0.000035,,0.000000,,,0.000094,0.000132,,,0.001732,,,,,,,,,,,,,,
303020300,2.87041e+09,10,UNKNOWN,0.7195,,0.042208,0.719457,0.000824,,,,0.071979,0.004812,,,,0.007123,,0.001717,0.147014,,,,,0.000288,,,,,,0.004578,,,,,
108030601,2.84002e+09,17,千克,0.7783,0.778338,0.080847,0.046682,0.078532,,0.002077,,,0.007019,0.002384,0.000012,0.000026,,0.000019,0.000961,0.000008,,0.000830,0.000086,,,,,0.002169,0.000001,0.000009,,,,,,
110020203,2.83913e+09,11,千克,0.8805,0.880528,0.000003,0.037618,0.000348,,,0.079903,,0.001447,0.000066,,,,0.000032,0.000025,,,0.000031,,,,0.000000,,,,,,,,,,
107010203,2.83814e+09,17,千克,0.8569,0.856945,0.002632,0.013003,0.000020,,0.000029,0.122196,,0.000532,0.001396,0.000003,0.000012,0.000030,0.001849,0.000002,,,0.001134,0.000001,,,0.000168,,,0.000049,,,,,,,
304040702,2.83697e+09,19,千克,0.5860,0.586040,0.011107,0.245399,0.000117,,,0.018716,0.012483,0.003011,0.022629,,0.000090,0.022728,0.000733,0.007518,0.046203,,0.000021,,,0.000038,,,,,,0.007581,0.015289,,,0.000273,0.000024
109010503,2.81549e+09,18,个,0.9821,0.001129,0.982114,0.004460,0.008896,,0.000146,,0.000085,0.000828,0.000014,0.000002,0.000000,0.000820,0.000004,0.001344,,,0.000006,0.000020,,,,,0.000098,0.000036,0.000000,,,,,,
102050404,2.80918e+09,19,千克,0.4376,0.437637,0.020074,0.356150,0.000539,,0.000100,0.170218,0.005881,0.002215,0.005027,0.000001,0.000071,,0.000001,0.001468,,,0.000033,0.000454,,,,,0.000001,0.000045,0.000055,,,,,,0.000032
101011501,2.79549e+09,18,千克,0.6635,0.663537,0.153041,0.025946,0.000497,,,0.000001,,0.006652,,0.017758,0.063597,0.000020,0.000261,0.041011,,,0.000468,0.023795,0.000918,,0.000113,,,0.000000,0.002382,,,,,,0.000005
101010399,2.77122e+09,20,千克,0.8635,0.863519,0.011683,0.006955,0.003219,,0.000041,0.003599,0.000081,0.008566,0.000101,0.002937,0.029119,0.000042,0.041615,0.001746,,,0.025590,0.000376,0.000179,,0.000280,,,0.000000,0.000353,,,,,,
103030799,2.73629e+09,18,个,0.5043,0.011319,0.504271,0.003475,0.000626,,0.000000,0.000000,0.000073,0.005830,,0.003203,0.425548,,0.035350,0.003280,,,0.000962,0.002077,0.000000,,0.003361,,,,0.000624,,,,,0.000000,
107040403,2.73114e+09,11,千克,0.9807,0.980703,0.006312,0.000113,0.001650,,0.010490,,,0.000069,,0.000001,,,,0.000036,,,,0.000001,,,,,0.000000,0.000625,,,,,,,
109011401,2.7168e+09,14,个,0.6172,0.025330,0.617233,0.020972,0.290042,,0.031110,,0.005461,0.006147,0.000589,0.000205,,0.000034,,0.002554,,,0.000009,,,,,,0.000314,0.000000,,,,,,,
107030202,2.69754e+09,13,个,0.6084,0.001067,0.608425,0.000025,,,,,,0.032374,,0.029023,0.000060,,0.328834,,,,0.000033,0.000133,0.000013,,0.000004,,,0.000000,0.000008,,,,,,
104020402,2.69647e+09,13,个,0.9727,0.006484,0.972684,0.004971,0.000144,0.000028,0.010875,,,0.003959,0.000001,0.000005,0.000024,,,0.000787,,,,,,,,,0.000001,,0.000038,,,,,,
109030400,2.68178e+09,24,个,0.6676,0.032190,0.667569,0.025140,0.183997,,0.050731,0.000128,0.002849,0.023171,0.001821,0.000158,0.000022,0.001610,0.000420,0.006184,0.000038,,0.000249,0.000169,,0.000122,0.000054,,0.002748,0.000474,0.000012,,,,0.000006,0.000138,
104010699,2.67396e+09,22,千米,0.3791,0.197559,0.281543,0.002512,0.020304,0.000146,0.379130,,0.000004,0.012973,0.023223,0.005594,0.035524,0.000001,0.000010,0.003243,0.000008,,0.000366,0.008701,0.000007,,,,0.000953,0.005216,0.022982,,0.000000,,,,
301010299,2.67299e+09,19,UNKNOWN,0.5250,0.372696,0.011171,0.525020,0.001255,,0.000506,0.009924,0.001079,0.012143,,0.000075,0.000511,0.013977,,0.023517,0.004595,,,,,,,,0.000083,,0.000001,0.005968,0.009174,0.000003,,,0.008298
109052000,2.65927e+09,16,个,0.9625,0.002262,0.962466,0.003542,0.023076,,0.000208,,0.000009,0.006378,0.000002,0.000011,,0.000008,0.000001,0.001947,,,,0.000000,,,,,0.000008,0.000005,0.000076,,,,,,
104010401,2.6316e+09,11,千克,0.8171,0.817082,0.001737,0.000027,0.000109,,0.180929,,,0.000006,0.000001,0.000010,,,,0.000095,,,,,0.000001,,,,,0.000002,,,,,,,
103010101,2.61431e+09,15,千克,0.7903,0.790318,0.007803,0.002220,0.000002,,,0.000001,,0.027897,,0.000157,0.000489,0.000000,0.000010,0.001263,,,0.000037,0.163515,,,0.000001,,,,0.006288,,,,,,
108010306,2.60392e+09,12,千米,0.9947,0.001237,0.001127,0.000431,0.000016,,0.994703,0.000503,,0.000019,0.000021,0.000000,,,,0.000004,,,,,,,,0.001936,,0.000004,,,,,,,
104010103,2.5977e+09,21,千克,0.8610,0.860958,0.084530,0.006781,0.001423,0.000166,0.022593,0.000035,0.000002,0.007812,0.007120,0.000149,0.001238,,0.000002,0.001593,0.000026,,0.000001,0.000013,,,0.000001,,0.002239,0.002390,0.000928,,,,,,
103011107,2.5937e+09,18,个,0.8244,0.083372,0.824427,0.003287,0.006622,,0.000000,,,0.003224,,0.013083,0.020573,,0.001335,0.000044,0.000001,,0.001315,0.028015,0.000195,,0.010549,,,0.000000,0.003957,,0.000000,,,,
106010399,2.57147e+09,22,千克,0.6178,0.617805,0.173168,0.038505,0.013477,,0.008292,0.000001,0.000011,0.003654,0.056792,0.003887,0.007870,0.000061,0.000005,0.008042,0.000010,,0.000000,0.000211,0.000932,,,,0.000002,0.015937,0.043686,,,,0.007652,,
304060299,2.55948e+09,16,UNKNOWN,0.5001,0.016129,0.026583,0.500071,0.002069,,,0.000039,0.096273,0.016161,0.000009,,,0.212008,0.000001,0.006234,0.010388,,,,0.015848,0.096459,,,,,,0.001727,0.000003,,,,
104020115,2.55941e+09,7,个,0.9890,0.000239,0.989021,0.004760,0.003868,,0.000055,,,0.002029,,,,,,0.000027,,,,,,,,,,,,,,,,,
109030106,2.54974e+09,7,OTHER,0.5587,0.000009,0.441222,0.000021,0.000086,,,,0.000001,0.558660,,,,,,,,,,,,,,,0.000000,,,,,,,,
109010900,2.54681e+09,25,个,0.5957,0.021247,0.595667,0.013992,0.312864,0.000031,0.016230,0.000028,0.004455,0.011589,0.000076,0.000204,0.000051,0.000636,0.001689,0.007377,0.000770,,0.001462,0.000017,0.000001,0.000162,0.000070,,0.011267,0.000077,0.000039,0.000000,,,,,
304080400,2.54023e+09,16,UNKNOWN,0.7580,0.000017,0.029733,0.757997,0.002134,,0.000797,,0.009986,0.051443,,,,0.003415,0.000001,0.000550,0.118775,,,,,0.000030,,,0.000003,0.000001,,0.025116,,,,0.000002,
108031101,2.53854e+09,10,千克,0.7286,0.728648,0.264481,0.001723,0.001839,,,,,0.003095,,,,,0.000077,0.000127,,,,0.000001,,0.000009,,,,,0.000000,,,,,,
109041306,2.53631e+09,17,个,0.6843,0.289174,0.684276,0.001502,0.016915,,0.004804,,,0.001275,0.000381,0.000170,0.000259,0.000087,0.000007,0.001079,,,0.000007,0.000001,,,,,0.000039,0.000003,0.000023,,,,,,
108040201,2.52745e+09,21,个,0.3719,0.190546,0.371875,0.028585,0.141074,0.000207,0.008288,0.000107,0.003469,0.012893,0.196379,0.000084,0.000023,0.001976,,0.038781,0.000025,,0.000018,0.000028,,,,,0.005636,0.000005,0.000000,,,,,,0.000000
107050200,2.52298e+09,22,千米,0.5263,0.079040,0.285301,0.005992,0.029798,,0.526295,0.000403,0.000029,0.010647,0.033232,0.000214,0.002668,0.000008,0.000044,0.005760,,,0.000042,0.000022,0.000000,,0.000004,,0.000743,0.019198,0.000559,,,,,,0.000002
106010305,2.51915e+09,14,个,0.4492,0.296416,0.449239,0.003080,0.005676,,0.001805,,,0.000546,0.239162,,0.000004,0.000001,,0.003602,,,,,0.000004,,,,0.000133,0.000331,0.000001,,,,,,
109042409,2.50887e+09,19,个,0.7287,0.069707,0.728743,0.006540,0.091955,0.000271,0.062288,,0.000034,0.022739,0.000333,0.000023,0.000068,0.000000,0.000002,0.015227,,,0.000006,0.000000,,,,,0.000125,0.001935,0.000004,,,,,,
103020101,2.46339e+09,20,盒,0.2945,0.177069,0.255637,0.021916,0.020312,,0.000413,,,0.028243,0.000006,0.294506,0.080180,0.000002,0.000470,0.032548,0.000023,,0.001095,0.034177,0.007775,,0.006939,,,0.000486,0.037903,,0.000301,,,,
108010201,2.45811e+09,21,千克,0.9767,0.976734,0.003158,0.007445,0.000874,,0.001643,0.007198,0.000000,0.000126,0.001639,0.000014,0.000269,,0.000025,0.000094,,,0.000276,0.000033,,0.000015,0.000006,,0.000026,0.000053,0.000370,,,,,,0.000001
107021406,2.4509e+09,19,千克,0.9743,0.974281,0.001374,0.002046,0.003546,,0.000764,0.000001,,0.001338,0.000028,0.000008,0.000135,,0.000223,0.009481,,,0.002454,0.000511,,,0.003424,,0.000009,0.000026,0.000346,,,,0.000002,,
103010604,2.43466e+09,15,千克,0.9756,0.975640,0.000643,0.000019,0.000035,,,0.000010,,0.000114,,0.000178,0.018996,,0.000047,0.000017,,,0.000033,0.003039,0.000000,,0.001094,,,,0.000135,,,,,,
109052202,2.40953e+09,11,个,0.9524,,0.952372,0.002980,0.041452,,0.000042,,,0.000213,,0.000001,0.000111,,,0.002799,,,0.000000,0.000000,,,,,0.000029,,,,,,,,
304030401,2.40731e+09,19,UNKNOWN,0.7611,,0.019767,0.761088,0.009224,,0.000023,,0.036968,0.071883,0.000099,0.000000,0.000000,0.088900,,0.000912,0.001561,,,,0.000907,0.000400,,,,0.000000,0.000000,0.001451,,0.002659,,0.004158,
103021002,2.40492e+09,13,千克,0.9910,0.991014,0.000092,0.000237,0.000112,,0.000064,,,0.007587,,0.000026,0.000007,,0.000008,,,,0.000021,0.000746,,,,,,,0.000041,0.000046,,,,,
109042107,2.40331e+09,16,个,0.9814,0.002229,0.981354,0.000780,0.010281,,0.001632,0.000309,0.000171,0.000005,0.002357,0.000064,0.000580,,,,,,0.000000,,0.000001,,,,0.000002,0.000176,0.000059,,,,,,
304040202,2.4032e+09,13,千克,0.6657,0.665654,0.000429,0.277189,0.000024,,,0.000319,0.000494,0.005767,,,0.013687,0.004150,,0.013550,0.001256,,,,,,,,,,,0.000083,0.017396,,,,
104010599,2.38385e+09,18,个,0.7185,0.018150,0.718466,0.031912,0.169714,,0.045439,,,0.012609,0.000039,0.000082,0.000055,0.000001,0.000070,0.003088,,,,0.000020,,,0.000000,,0.000000,0.000348,0.000000,0.000006,,,,,
107010106,2.3821e+09,20,个,0.5366,0.373007,0.536559,0.002853,0.007447,,0.000756,0.002762,0.000006,0.017914,0.000056,0.000375,0.000295,0.000011,0.003689,0.005305,,,0.042683,0.000265,,,0.005778,,0.000060,0.000044,0.000135,,,,,,
108012702,2.37638e+09,14,千克,0.9922,0.992182,0.001979,0.002514,0.002892,,0.000002,,,0.000362,,0.000000,,,0.000043,0.000000,,,0.000000,0.000000,,,,,0.000001,0.000019,0.000006,,,,,,
107030699,2.37507e+09,18,千克,0.5156,0.515630,0.269849,0.037118,0.000667,,0.000014,0.000002,,0.008628,,0.096423,0.000114,,0.068350,0.001042,,,0.000034,0.001199,0.000000,,0.000005,,0.000001,0.000007,0.000915,,,,,,
109041707,2.37228e+09,17,个,0.9518,0.000893,0.951778,0.029262,0.006187,,0.000020,,0.000082,0.011537,,0.000031,0.000018,0.000000,0.000000,0.000165,,,0.000006,0.000018,,,,,0.000000,0.000001,0.000002,,,,,,
109041102,2.3697e+09,24,千米,0.4539,0.103301,0.302789,0.001186,0.070000,,0.453902,0.000036,0.000023,0.007065,0.006433,0.000073,0.000422,0.001264,0.000005,0.049371,0.000002,,0.000001,0.000008,,0.000001,,0.000003,0.000575,0.003249,0.000282,0.000000,,,,0.000011,
109042402,2.35029e+09,18,套,0.4890,0.032661,0.393271,0.016830,0.488999,,0.008008,,0.002558,0.032220,0.005606,0.000001,0.000016,0.000008,0.000000,0.019713,,,0.000001,,,0.000000,,,0.000037,0.000055,0.000015,,,,,,
109021105,2.32787e+09,22,套,0.4577,0.013045,0.096228,0.017873,0.457732,0.000007,0.000146,0.006059,0.000128,0.001965,0.000001,0.000004,0.000089,0.000288,0.000001,0.008381,0.001196,,0.000018,0.000000,0.000000,,,,0.396764,0.000013,0.000060,,,,,,
109041502,2.32407e+09,12,个,0.9857,0.003292,0.985683,0.002312,0.006729,,0.000020,,0.000863,0.000961,0.000000,0.000004,0.000127,,,0.000008,,,,,,,,,,,0.000000,,,,,,
103030600,2.32214e+09,18,瓶,0.6461,0.003933,0.272017,0.007261,0.002446,,,0.000039,,0.002155,,0.014687,0.026133,0.000004,0.646137,0.020995,0.000002,,0.003337,0.000139,0.000003,,0.000542,,,0.000000,0.000172,,,,,,
108040203,2.31552e+09,18,千克,0.5391,0.539100,0.221291,0.016777,0.080156,0.000534,0.092405,0.000532,0.000441,0.006701,0.030256,0.000000,0.000001,0.000041,0.000001,0.010841,,,,,,,,,0.000279,0.000637,0.000004,,,,,,
304030102,2.31196e+09,21,UNKNOWN,0.4713,0.000275,0.025286,0.471342,0.022898,,0.000372,,0.286848,0.029131,0.002037,0.000027,,0.079591,,0.047398,0.001561,,0.000001,,0.003132,0.028306,,,0.000231,0.000000,0.000000,0.001520,,0.000035,,0.000008,
304080399,2.30628e+09,14,UNKNOWN,0.4240,0.002545,0.029520,0.424034,0.010168,,,0.000002,0.316316,0.002656,,,,0.027396,,0.125865,0.060747,,,,0.000026,0.000131,,,,,,0.000532,,0.000060,,,
107030101,2.29218e+09,17,千克,0.7214,0.721423,0.037448,0.019595,0.001825,,0.000000,0.000000,,0.050825,,0.144301,,,0.018763,0.003386,,,0.000871,0.000801,,,0.000034,,0.000001,0.000000,0.000726,,,,,,0.000000
109051602,2.28914e+09,14,个,0.9899,0.000179,0.989875,0.000111,0.002517,,0.000062,,0.000016,0.005818,0.000660,0.000000,,0.000000,0.000000,0.000037,,,,,,,,,,0.000723,0.000000,,,,,,
108011600,2.28592e+09,21,千克,0.3301,0.330144,0.188461,0.006996,0.008391,0.000175,0.201845,0.004789,0.003129,0.007805,0.241099,0.000161,0.000016,0.000008,0.000002,0.002698,,,0.000004,0.000088,,,0.000003,,0.000017,0.002379,0.001791,,,,,,
107021507,2.28387e+09,22,千克,0.4018,0.401781,0.057878,0.002858,0.010293,0.000093,0.000148,0.199596,0.000020,0.137481,0.001883,0.000054,0.001385,0.000180,0.028307,0.099595,,,0.055549,0.000268,,,0.000786,,0.001306,0.000098,0.000432,,,,0.000010,,
303020200,2.28284e+09,16,UNKNOWN,0.7448,0.001410,0.015708,0.744835,0.000556,,,0.019833,0.056092,0.000579,,,0.000000,0.007448,,0.000181,0.020609,,,,0.000019,0.112482,,,0.007250,,,0.012990,,,,,0.000006
110030101,2.26519e+09,22,千克,0.6058,0.605811,0.001926,0.068833,0.000352,0.005236,0.000000,0.308523,0.000503,0.000920,0.000026,,0.000040,0.001093,0.000046,0.000167,0.006338,,0.000013,0.000001,,0.000038,,,,,0.000029,0.000104,0.000001,,,,0.000000
109040204,2.25093e+09,23,个,0.9029,0.003820,0.902861,0.007806,0.054349,0.000014,0.000744,0.000379,0.000134,0.019169,0.000012,0.000008,0.000035,0.002527,0.000058,0.007190,0.000052,,0.000448,0.000001,0.000001,,0.000008,,0.000280,0.000060,0.000043,,,,,,
107020120,2.23924e+09,17,千克,0.9891,0.989051,0.000552,0.002890,0.000000,,0.000000,0.004462,0.000322,0.000569,0.000572,0.000850,0.000055,,0.000026,,,,0.000068,0.000231,,,0.000009,,,0.000001,0.000342,,,,,,
109061907,2.22989e+09,6,OTHER,0.6189,0.005211,0.370796,,0.000163,,0.000120,,,0.618935,0.004775,,,,,,,,,,,,,,,,,,,,,,
107040499,2.22857e+09,14,千克,0.9927,0.992663,0.003633,0.000013,0.000369,,0.000313,,,0.000007,0.002054,0.000002,0.000004,,0.000000,0.000370,,,,0.000000,,,,,,0.000034,0.000539,,,,,,
304050101,2.21939e+09,26,UNKNOWN,0.5985,0.007474,0.047142,0.598530,0.000978,0.001178,0.000000,0.001190,0.021006,0.067271,0.000766,0.000210,0.000020,0.034335,0.000953,0.001267,0.080042,,0.000235,0.000110,0.000017,0.000077,0.000072,,,0.000113,0.000185,0.000049,,0.136430,,,0.000353
109041799,2.21715e+09,21,个,0.9083,0.007910,0.908285,0.006867,0.050765,0.000152,0.000071,0.000000,0.000270,0.000669,0.000216,0.000067,0.000027,0.000002,0.000012,0.024584,0.000033,,0.000058,0.000000,,,,,0.000001,0.000010,0.000000,,,,,,
107040201,2.20469e+09,14,千克,0.9650,0.965025,0.000710,0.000000,0.000001,,0.033932,0.000160,,0.000007,0.000091,0.000003,0.000051,,,,,,,0.000003,,,,,0.000000,0.000014,0.000001,,,,,,
107040305,2.19938e+09,11,千克,0.9844,0.984394,0.001412,0.000137,0.003119,,0.000097,,,0.000244,0.001592,0.001090,0.004091,,,,,,,0.002282,,,,,,0.001542,,,,,,,
501010100,2.19432e+09,15,UNKNOWN,0.5122,0.056810,0.005144,0.512225,0.016347,,0.000078,0.002331,0.000273,0.000229,0.400097,,,0.000364,,0.000853,0.004533,,,,0.000529,,,,,,,0.000128,,,,,0.000060
108031802,2.19248e+09,6,千克,0.9990,0.999000,0.000512,0.000456,,,,,,0.000000,,,,,0.000026,,,,0.000006,,,,,,,,,,,,,,
107010112,2.18861e+09,18,千克,0.9934,0.993420,0.000189,0.000903,0.000112,,0.000010,0.000001,,0.000061,0.003399,0.000100,0.000009,0.000000,0.000273,0.001290,,,0.000205,0.000003,,,0.000015,,,0.000011,0.000001,,,,,,
108010403,2.18051e+09,19,立方米,0.2560,0.141836,0.245232,0.008645,0.036771,,0.035173,0.255973,0.001663,0.021450,0.229428,0.000004,0.000037,0.000007,0.000011,0.022499,,,0.000111,0.000006,,,,,0.000790,0.000325,0.000039,,,,,,
109025601,2.17878e+09,18,个,0.5856,0.000080,0.585603,0.021064,0.324758,,0.001180,0.000169,0.005796,0.006112,0.000000,,0.000000,0.000162,0.000004,0.054956,,,0.000021,,0.000013,,0.000016,,0.000066,,0.000001,,,,,,
104030399,2.17781e+09,17,个,0.9706,0.008951,0.970604,0.001834,0.009645,,0.000164,0.000442,0.000101,0.000109,0.007925,0.000004,0.000096,,0.000001,0.000104,,,,0.000001,,,,,0.000015,0.000000,0.000004,,,,,,
107020122,2.16698e+09,15,千克,0.9817,0.981686,0.001817,0.011740,0.000014,,0.000001,,,0.000171,0.003342,0.000014,0.000028,,0.000825,0.000349,,,0.000001,0.000000,,,,,0.000004,,0.000007,,,,,,
109040302,2.16309e+09,15,个,0.7723,0.002047,0.772260,0.000963,0.047045,,0.000072,,0.000007,0.000108,,0.000001,,0.000004,0.000018,0.176939,,,0.000004,,,,,,0.000167,0.000005,0.000360,,,,,,
109010802,2.14958e+09,16,个,0.9207,0.002676,0.920672,0.001025,0.065439,,0.000160,,0.000002,0.006588,,0.000009,0.000005,0.000256,0.000004,0.001582,,,0.000113,,,,,,0.001468,0.000000,0.000001,,,,,,
304020500,2.1467e+09,12,UNKNOWN,0.6534,,0.006181,0.653439,0.017317,,,,0.086928,0.015251,,,,0.115594,,0.003639,0.093171,,,,0.000059,0.005984,,,,,,0.002213,,0.000224,,,
109011504,2.14454e+09,22,个,0.5880,0.117520,0.588036,0.054334,0.133017,,0.010561,0.000061,0.000412,0.045934,0.000043,0.000001,0.001823,0.000116,0.000000,0.047627,0.000014,,0.000144,0.000000,,0.000014,0.000000,,0.000173,0.000031,0.000139,,,,,,
101011199,2.14225e+09,17,箱,0.5522,0.264128,0.146202,0.009683,0.000004,,,,0.000274,0.001215,,0.008320,0.552155,,0.001462,0.001244,,,0.000224,0.001975,0.000010,,0.000624,,,0.000002,0.012442,0.000036,,,,,
109031600,2.13861e+09,14,个,0.8505,0.001229,0.850526,0.005261,0.135456,,0.000015,,0.000002,0.001931,,0.000013,0.000247,0.000004,,0.002951,,,0.000001,,,,,,0.002328,,0.000035,,,,,,
108010801,2.13788e+09,15,千克,0.8135,0.813466,0.000543,0.002271,0.000070,,0.000227,0.000253,0.000299,0.002783,0.170088,,0.000002,,,0.000045,,,0.000519,0.000001,,,,,,0.009431,0.000003,,,,,,
304010401,2.13667e+09,14,UNKNOWN,0.4751,0.000122,0.019122,0.475092,0.000825,,0.000764,,0.410945,0.008577,0.000366,,,0.081456,,0.000044,0.000530,,,,0.000333,0.000349,,,,,,0.001474,,,,,
109013602,2.11328e+09,17,个,0.4431,0.424133,0.443131,0.001708,0.113229,0.000044,0.000938,0.000636,0.000077,0.002554,0.000485,0.000070,,0.000201,,0.010283,0.000008,,,0.000023,,,,,0.002449,,0.000029,,,,,,
304030402,2.11068e+09,20,UNKNOWN,0.5538,0.000000,0.044586,0.553770,0.005634,0.000019,0.000181,,0.133498,0.013961,0.000812,0.090809,0.000000,0.115154,,0.034126,0.003203,,,,0.000034,0.001654,,,,0.000000,,0.002062,,0.000114,,0.000382,
107021413,2.09963e+09,20,千克,0.9911,0.991063,0.003598,0.000158,0.001015,,0.000008,0.000097,0.000000,0.000135,0.000188,0.000001,0.000252,0.000017,0.000378,0.000667,,,0.001192,0.000000,,,0.001220,,0.000000,0.000005,0.000004,,,,,,
304020400,2.09802e+09,13,次,0.7698,0.000040,0.001428,0.106474,0.000150,,,,0.048436,0.034194,,,,0.769819,0.000006,0.001075,0.031577,,,,0.002535,0.003023,,,,,,0.001244,,,,,
103020604,2.09573e+09,21,箱,0.3185,0.141277,0.119955,0.015373,0.025892,,0.000014,0.000023,,0.054949,,0.014888,0.318471,0.000225,0.096537,0.015923,0.000000,,0.009123,0.091255,0.000038,,0.010695,,0.000000,0.000000,0.085270,,0.000091,,,,
108012104,2.09115e+09,17,套,0.5825,0.010099,0.291773,0.006208,0.582459,,0.000053,,0.000126,0.005032,0.004539,0.000000,0.000118,0.000002,0.000016,0.099353,,,,0.000045,,,,,0.000176,0.000001,0.000000,,,,,,
109024201,2.08933e+09,15,套,0.6131,,0.375479,0.006878,0.613095,,0.000096,,,0.002821,,0.000169,,,0.000252,0.000519,,,0.000019,0.000000,,,,,0.000001,0.000015,0.000283,,,0.000366,,,0.000006
107030104,2.08369e+09,14,千克,0.9350,0.934978,0.005346,0.003241,0.000024,,,,,0.000327,,0.017797,,,0.011590,0.026187,,,0.000123,0.000099,,,0.000272,,0.000001,0.000000,0.000014,,,,,,
108011300,2.07957e+09,19,个,0.9447,0.024316,0.944716,0.000953,0.019769,0.000002,0.000064,0.000016,,0.007649,0.000041,0.000049,0.000468,0.000000,0.000914,0.000955,,,0.000000,,,,0.000001,,,0.000044,0.000039,,0.000004,,,,
104030702,2.07562e+09,8,千克,0.9944,0.994380,0.002802,0.000052,0.000154,,0.002302,,,0.000281,,,,,,0.000027,,,,,,,,,,,0.000002,,,,,,
105020104,2.0748e+09,24,个,0.7611,0.016504,0.761137,0.008203,0.137488,0.002715,0.007563,0.003019,0.000541,0.035815,0.013835,0.000096,0.000089,0.000152,0.000051,0.010137,0.000012,,0.000003,0.000001,0.000001,0.000000,,,0.001822,0.000641,0.000004,0.000172,,,,,
109020108,2.0481e+09,20,个,0.7196,0.035161,0.719644,0.007197,0.180056,0.000051,0.036554,0.000005,0.000269,0.014267,0.000927,0.000788,0.000151,0.000035,0.000034,0.003464,,,0.000261,0.000038,,,,,0.000959,0.000101,0.000038,,,,,,
105010401,2.03726e+09,16,立方米,0.8015,0.023728,0.082679,0.004025,0.005839,,0.005500,0.801455,0.000153,0.000752,0.074304,0.000000,0.000001,,,0.001553,,,,,,,,,0.000007,0.000002,0.000000,,,,,,0.000001
103030704,2.03607e+09,22,箱,0.4107,0.001046,0.324613,0.010531,0.000829,,0.000000,0.000485,,0.001533,0.000058,0.000370,0.410724,0.000008,0.066416,0.004698,0.000012,,0.175383,0.001082,0.000020,,0.000182,,0.000000,0.000001,0.002006,,0.000001,,,,
103020103,2.03432e+09,17,个,0.5250,0.033382,0.524998,0.007820,0.000611,,0.000042,,,0.008916,,0.103346,0.192360,,0.000508,0.006346,,,0.003762,0.045343,0.000319,,0.018553,,,0.000009,0.053531,,0.000154,,,,
107021411,2.02309e+09,20,千克,0.8915,0.891463,0.015369,0.004575,0.022575,,0.007157,0.012840,0.000098,0.001819,0.006425,0.000010,0.000943,0.000008,0.000357,0.018297,,,0.007749,0.000293,,,0.000063,,0.000001,0.000228,0.009730,,,,,,
103010203,2.0203e+09,16,千克,0.9026,0.902564,0.024714,0.002425,0.001755,,,0.000005,,0.001625,,0.009337,0.007912,,0.001119,0.005744,,,0.002829,0.033232,0.000078,,0.002596,,,0.000001,0.004064,,,,,,
104020118,1.99748e+09,17,个,0.9141,0.000065,0.914128,0.003428,0.068245,,0.001627,0.000000,0.000161,0.009067,,0.000041,0.000015,,0.000000,0.003081,0.000000,,,,,0.000050,,,0.000059,0.000031,0.000000,,,,,,
107021399,1.9934e+09,21,千克,0.7665,0.766506,0.195868,0.001313,0.022579,,0.005882,0.000156,0.000000,0.001094,0.001563,0.000029,0.000289,0.000002,0.001097,0.000758,,,0.000416,0.000037,0.000000,,0.000019,,0.000117,0.002223,0.000050,,,,,,
107020302,1.99246e+09,19,千克,0.9915,0.991495,0.000725,0.000331,0.000013,,0.000016,0.000005,0.000010,0.000212,,0.000002,0.000006,0.000003,0.003651,0.000591,,,0.002553,0.000009,0.000001,,0.000358,,,0.000002,0.000019,,,,,,
103010901,1.98105e+09,14,千克,0.7678,0.767825,0.048047,0.040905,0.000073,,,,,0.033107,,0.004825,0.003398,,0.000002,0.014740,,,0.000023,0.008434,0.000021,,0.000103,,,,0.078497,,,,,,
109060801,1.97643e+09,16,个,0.9852,0.000485,0.985163,0.001862,0.010298,,0.001477,,0.000004,0.000055,,0.000000,,0.000002,0.000005,0.000342,,,0.000001,0.000000,,,,,0.000304,0.000001,0.000001,,,,,,
109011001,1.96918e+09,21,个,0.9114,0.004157,0.911392,0.001652,0.072056,0.000363,0.001517,0.000005,0.005774,0.000801,0.000037,0.000054,0.001053,0.000006,0.000052,0.000498,,,0.000107,0.000057,,,0.000000,,0.000190,0.000169,0.000061,,,,,,
107020110,1.95455e+09,12,千克,0.9972,0.997214,0.000077,0.001499,0.000004,,,,,0.000081,,0.000000,0.000068,,0.000969,,,,0.000013,0.000034,,,0.000002,,,,0.000040,,,,,,
106040805,1.9459e+09,14,个,0.9375,0.002798,0.937534,0.001156,0.056763,,,0.000458,,0.000102,,0.000193,0.000201,,0.000000,0.000715,,,0.000003,0.000000,,,,,0.000073,,0.000003,,,,,,
109060301,1.93884e+09,16,个,0.9857,,0.985734,0.004817,0.006644,0.002200,0.000002,,0.000014,0.000525,,,,0.000009,0.000000,0.000042,0.000003,,0.000007,,,0.000001,,,0.000000,0.000000,0.000002,,,,,,
501020200,1.93883e+09,14,平方米,0.5981,0.000079,0.008246,0.161595,0.009430,0.000011,,,0.001214,0.034966,0.598067,,,0.004206,,0.000237,0.176395,,,,0.005417,0.000008,,,,,,,,0.000129,,,
108010902,1.92287e+09,20,千克,0.4919,0.491950,0.389631,0.006521,0.010604,,0.006596,0.040590,0.000001,0.011424,0.028757,0.000018,0.002485,0.000417,0.000025,0.004730,,,0.004768,0.001002,,,0.000072,,0.000020,0.000180,0.000208,,,,,,
103010801,1.91265e+09,19,袋,0.5075,0.190824,0.193622,0.038231,0.001679,,0.000001,,,0.029415,,0.001824,0.015446,,0.000084,0.000779,0.000000,,0.000004,0.507460,0.000011,,0.000552,,0.000006,0.000000,0.020015,,0.000047,,,,
104011306,1.9095e+09,16,个,0.9250,0.004264,0.925018,0.015148,0.018776,0.000002,0.000019,,,0.017293,,0.016620,0.000113,0.000000,0.000001,0.000461,,,,0.000346,,,,,0.000329,0.000000,0.001609,,,,,,
109023210,1.90849e+09,21,个,0.5097,0.001039,0.509667,0.004328,0.218567,,0.002534,0.000596,0.008577,0.242456,0.003227,0.000039,0.001332,0.001153,0.000013,0.005351,0.000022,,0.000020,0.000006,,,0.000037,,0.000082,0.000588,0.000367,,,,,,
103020201,1.90794e+09,16,箱,0.5702,0.126214,0.101738,0.002129,0.002686,,,,,0.012564,,0.074791,0.570211,,0.037910,0.000658,,,0.006893,0.027390,0.000015,,0.015660,,,0.000064,0.021071,,0.000005,,,,
109051099,1.894e+09,22,个,0.6302,0.000121,0.630164,0.026403,0.265779,,0.006579,,0.011432,0.030542,0.001323,0.000127,0.006186,0.000645,0.000003,0.019057,0.001013,,0.000013,0.000001,0.000018,0.000008,,,0.000137,0.000396,0.000018,,,0.000034,,,
102040105,1.89038e+09,8,千克,0.9990,0.998953,0.000782,,,,,0.000253,,0.000002,,0.000000,,,0.000001,,,,0.000006,,,,,,,0.000003,,,,,,,
109051202,1.87596e+09,16,个,0.9320,0.003091,0.932015,0.005833,0.051789,,0.000233,,0.000327,0.002934,0.000114,0.000164,0.000025,0.000174,,0.003099,0.000184,,,,,,,,0.000009,0.000007,0.000003,,,,,,
107021203,1.8703e+09,20,千克,0.5450,0.544955,0.210983,0.000809,0.005930,,0.023331,0.000987,,0.021650,0.021302,0.001105,0.004782,0.000008,0.002796,0.003144,,,0.005022,0.000606,,0.000001,0.000930,,0.000008,0.150542,0.001106,,,,,,
107021809,1.86521e+09,20,个,0.7625,0.160021,0.762545,0.011658,0.008811,,0.008781,0.014059,0.000161,0.026060,0.000120,0.000043,0.000030,,0.001231,0.003900,,,0.000557,0.000000,,0.000004,,0.000648,0.000117,0.001235,0.000019,,,,,,
109030803,1.86353e+09,20,个,0.9401,0.015216,0.940106,0.011984,0.027770,0.000108,0.000169,0.000148,0.000000,0.000129,0.000002,0.000000,0.000211,,0.000605,0.002357,,,0.000485,0.000000,0.000000,,,,0.000679,0.000005,0.000025,,,,,,
109012101,1.85061e+09,24,个,0.8489,0.017395,0.848860,0.030611,0.077795,0.000131,0.009085,0.000004,0.000123,0.003374,0.000217,0.000756,0.000026,0.000479,0.000065,0.005519,,,0.000808,0.000008,0.000000,0.000005,0.000000,,0.000075,0.004542,0.000121,,,,,,0.000000
104010602,1.84822e+09,18,个,0.9028,0.018268,0.902803,0.003769,0.030421,,0.009422,,,0.009874,0.000050,0.012957,0.003647,,0.000016,0.006834,,,0.000001,0.000826,0.000074,,,,0.000025,0.000099,0.000912,,0.000000,,,,
107050804,1.8477e+09,19,个,0.8994,0.032483,0.899406,0.003501,0.014966,,0.000471,0.001643,,0.001144,0.000065,0.009689,0.001509,0.000001,0.003357,0.000775,,,0.000095,0.001832,,,0.000001,,0.027880,0.000391,0.000791,,,,,,
304080199,1.84327e+09,17,UNKNOWN,0.5734,0.000891,0.002715,0.573361,0.001912,0.000074,,0.000007,0.032300,0.009735,0.000944,,,0.216473,,0.002438,0.136386,,,,0.001201,0.011781,,,,,,0.004695,,0.005084,,,0.000003
109024507,1.82506e+09,21,个,0.4844,0.004801,0.484400,0.027989,0.400299,,0.000621,0.000012,,0.002783,0.000032,0.016359,0.000075,0.000020,0.001668,0.043191,0.000050,,0.000380,0.000231,0.000038,,0.000003,,0.016091,0.000164,0.000792,,,,,,
107050602,1.82465e+09,22,个,0.7817,0.078739,0.781720,0.005003,0.061681,,0.020767,0.000217,0.000020,0.011253,0.003279,0.000282,0.000324,0.000009,0.000024,0.029101,,,0.000062,0.000063,0.000000,0.000001,0.000036,,0.002560,0.004571,0.000288,,,,,,
102020102,1.8104e+09,16,千克,0.9790,0.978974,0.003127,0.002083,0.000069,,0.000087,0.013077,,0.000146,0.001235,0.000003,0.000003,,0.000005,,,,0.001151,0.000002,,,,,0.000033,0.000001,0.000005,,,,,,
107030405,1.79602e+09,10,瓶,0.7415,,0.156268,0.000006,0.000018,,,,,0.000821,,0.100820,0.000002,,0.741473,,,,,0.000273,,,,,0.000001,,0.000318,,,,,,
304060201,1.79072e+09,13,UNKNOWN,0.6291,0.000035,0.012592,0.629067,0.000101,,0.000001,,0.160247,0.107498,,,,0.051343,,0.000212,0.000146,,,,,0.000476,,,,,,0.011903,,0.026379,,,
109042403,1.78611e+09,15,个,0.9015,0.009484,0.901517,0.001460,0.081873,,0.001768,,,0.001103,,0.000182,0.000113,0.000001,0.000000,0.001915,,,,0.000001,,,,,0.000000,0.000000,0.000583,,,,,,
109041403,1.78443e+09,10,个,0.5294,0.006835,0.529396,0.456290,0.002435,,0.000001,,0.000003,0.003491,,,,0.000001,,0.001548,,,,0.000000,,,,,,,,,,,,,
501029900,1.76346e+09,18,UNKNOWN,0.5704,0.000039,0.035277,0.570402,0.000767,0.001297,0.000449,0.000145,0.003123,0.025148,0.218298,,,0.010293,,0.000020,0.127208,,,,0.000475,0.002266,,,0.000003,,,0.004760,0.000030,,,,
304040301,1.74358e+09,12,UNKNOWN,0.7347,0.106445,0.000277,0.734742,0.001749,,0.000502,,0.001785,0.144826,,,,0.003492,,0.000754,0.000236,,,,,,,,,,,,0.000019,,,,0.005173
103020104,1.74318e+09,17,箱,0.6585,0.010534,0.191567,0.008592,0.000585,,0.000112,,,0.007786,,0.008182,0.658534,,0.005132,0.004201,,,0.003869,0.064420,0.000146,,0.009237,,,0.000095,0.027006,,0.000002,,,,
104011204,1.72841e+09,15,千克,0.7135,0.713532,0.050976,0.006972,0.003524,,0.216898,,,0.005334,0.000531,0.000001,0.000013,0.000096,0.000001,0.002009,,,,,,,,,0.000033,0.000059,0.000021,,,,,,
109010804,1.71461e+09,14,套,0.5552,0.000003,0.425307,0.008872,0.555164,,0.000284,,,0.001975,,0.000001,,0.000316,,0.005120,,,0.000000,,,0.000714,,,0.000649,0.000000,0.001594,,,,,,
107030499,1.70345e+09,15,瓶,0.4481,0.134801,0.062481,0.000367,0.001095,,,,,0.003047,,0.344905,0.002546,,0.448115,0.000061,,,0.000149,0.001371,,,0.000171,,0.000000,0.000001,0.000891,,,,,,
106040199,1.69369e+09,24,个,0.9093,0.018217,0.909278,0.003456,0.012884,,0.000079,0.000011,0.000000,0.006279,0.000174,0.006945,0.005447,0.000003,0.001585,0.016861,0.000002,,0.000571,0.000329,0.000026,0.000000,0.000059,,0.000441,0.007405,0.009887,,,,0.000062,,
106010199,1.68178e+09,21,千克,0.8397,0.839653,0.100581,0.007454,0.005434,,0.000038,0.000002,,0.013901,0.003765,0.000551,0.004582,0.000015,0.000057,0.005345,,,0.000000,0.000176,0.000137,,0.000002,,0.000001,0.003402,0.000723,,,,0.014180,,
109060307,1.68013e+09,18,个,0.8656,0.002370,0.865599,0.001998,0.109493,,0.000308,0.000110,0.000243,0.017747,0.000075,0.000019,0.000047,0.000530,0.000030,0.001381,,,,0.000000,,,,,0.000009,0.000008,0.000035,,,,,,
106040201,1.67175e+09,21,个,0.8783,0.014894,0.878264,0.003308,0.067047,,0.000024,0.000001,0.000022,0.009036,,0.021376,0.001525,0.000001,0.000979,0.000453,,,0.002229,0.000404,0.000003,0.000000,0.000002,,0.000026,0.000085,0.000320,,,,,,
109024204,1.67115e+09,18,套,0.5945,0.000040,0.391830,0.004796,0.594485,,0.000020,,0.000017,0.005319,,0.000863,0.000249,,0.001357,0.000136,,,0.000071,0.000516,0.000174,,,,0.000026,0.000001,0.000100,,,,,0.000000,
108020300,1.67068e+09,12,千克,0.7677,0.767703,0.160371,0.000624,0.031661,,0.034342,,,0.002254,0.000007,0.000010,0.000003,,0.000001,0.002784,,,,,,,,,0.000241,,,,,,,,
107060104,1.66698e+09,21,个,0.7981,0.052967,0.798142,0.005314,0.022081,,0.090738,0.000024,0.000019,0.012429,0.000385,0.000591,0.001206,0.000014,0.001327,0.009330,,,0.000029,0.000088,0.000000,,0.000030,,0.002054,0.001929,0.001303,,,,,,
109020305,1.66314e+09,10,个,0.9819,0.000282,0.981934,0.003058,0.012871,,0.000009,,,0.001014,,,,,,0.000132,0.000693,,0.000006,,,,,,0.000001,,,,,,,,
108011501,1.65222e+09,18,个,0.9795,0.000035,0.979543,0.001207,0.005137,,0.011144,0.000037,,0.000500,0.000551,0.000016,0.000405,0.000000,0.000005,0.001366,,,0.000001,0.000001,,,,,0.000000,0.000001,0.000052,,,,,,
110010201,1.62783e+09,13,千瓦时,0.4316,0.103412,0.000581,0.060317,0.000257,0.431643,0.000029,0.000015,0.000450,0.212587,0.189493,,,,0.000001,,0.001214,,,,,,0.000000,,,,,,,,,,
109020699,1.62496e+09,16,套,0.5198,0.052046,0.370922,0.003834,0.519801,,0.000088,,0.000048,0.025459,,0.000002,,0.000020,0.000041,0.024457,0.002581,,,0.000058,,,,,0.000279,0.000007,0.000357,,,,,,
501019900,1.62208e+09,12,OTHER,0.7090,,0.000206,0.037557,0.138364,0.001025,,0.000008,0.008844,0.709030,0.090788,,,0.005086,,0.000431,0.008334,,,,,,,,,,,0.000327,,,,,
109010803,1.61603e+09,15,个,0.7584,0.001404,0.758443,0.005652,0.199972,,0.007078,,0.000013,0.021147,,0.000001,0.000002,0.000373,,0.005696,,,0.000022,0.000000,,,,,0.000185,,,,,,,,0.000011
102040199,1.60866e+09,15,千克,0.9602,0.960216,0.033273,0.000630,0.003043,,0.000185,0.000159,,0.000960,0.000056,0.000004,0.000000,,0.000037,0.001239,,,0.000084,,,,0.000112,,,,0.000001,,,,,,
107020113,1.60729e+09,14,千克,0.9892,0.989200,0.000137,0.006386,0.000001,,0.000006,,,0.000106,0.000003,0.000005,0.000016,,0.000283,0.003652,,,0.000124,0.000069,,,,,,,0.000014,,,,,,
109011402,1.60625e+09,15,个,0.8207,0.011148,0.820698,0.000524,0.031197,,0.000469,,0.000239,0.011354,0.000216,,0.000030,0.000067,,0.124039,0.000003,,,,,,,,0.000014,0.000000,0.000000,,,,,,
109012002,1.60497e+09,19,个,0.6533,0.010435,0.653287,0.001450,0.325171,,0.003185,0.000000,0.004521,0.001044,0.000001,,0.000004,0.000019,0.000006,0.000458,,,0.000319,0.000001,,,,0.000001,0.000053,0.000018,,0.000028,,,,,
107021002,1.6015e+09,17,千克,0.9919,0.991873,0.000322,0.000403,0.000074,,,0.000538,0.000001,0.000151,,0.000008,0.000001,,0.000010,0.001578,,,0.000566,0.000014,0.004356,,0.000002,,,0.000043,0.000061,,,,,,
105010504,1.59396e+09,21,平方米,0.7967,0.013534,0.033184,0.020755,0.002096,,0.013261,0.085551,0.000243,0.013743,0.796714,0.000004,0.001147,0.000008,0.000011,0.019013,,,0.000291,0.000000,,,,,0.000004,0.000431,0.000000,0.000008,,,,,0.000002
102050603,1.59079e+09,9,千克,0.9504,0.950413,0.000141,0.000001,0.000000,,,0.048980,,,,,0.000456,,0.000000,,,,,0.000004,,,,,,,0.000005,,,,,,
109030699,1.58185e+09,17,个,0.9682,0.002045,0.968239,0.015636,0.009814,,0.000006,,0.000327,0.000313,,0.000000,0.000001,0.000177,0.000002,0.000157,,,,,,0.000068,0.000000,,0.000055,0.003105,,,,,,,0.000055
109041002,1.56862e+09,13,千米,0.7424,0.002169,0.235387,0.006854,0.003189,,0.742424,,0.000026,0.004381,0.000169,,0.001352,0.000021,,0.003378,,,,,,,,,0.000015,0.000636,,,,,,,
109031201,1.56513e+09,5,个,0.9958,0.000232,0.995827,0.003852,0.000022,,,,,0.000067,,,,,,,,,,,,,,,,,,,,,,,
109032103,1.56289e+09,13,套,0.9319,0.005788,0.030244,0.007813,0.931862,,0.000238,0.000705,,0.021039,0.000026,,,0.000101,,0.001480,,,0.000047,,,,,,0.000657,0.000000,,,,,,,
104030301,1.56119e+09,19,个,0.9318,0.038645,0.931849,0.003415,0.011726,,0.006587,0.000001,,0.000750,0.006326,0.000002,0.000099,0.000000,0.000005,0.000006,,,0.000001,0.000002,,,,,0.000565,0.000008,0.000014,,,,,0.000000,
304040703,1.54932e+09,13,千克,0.5010,0.500994,0.011805,0.248471,0.000327,,,0.000402,0.041934,0.005147,0.016021,,0.000315,0.087733,,0.002161,0.029184,,,,,,,,,,,,0.055508,,,,
103020302,1.54854e+09,17,个,0.3223,0.293362,0.322279,0.009994,0.000943,,,,,0.012210,,0.026153,0.082495,0.000000,0.000448,0.006141,,,0.000434,0.153842,0.026470,0.000308,0.000112,,,,0.064809,,0.000000,,,,
107020115,1.54774e+09,17,千克,0.9820,0.981974,0.001103,0.008505,0.000572,,0.002205,0.000511,,0.000353,,0.000001,0.000018,0.000008,0.002248,0.000001,,,0.002323,0.000126,0.000007,,0.000001,,,,0.000044,,,,,,
109020603,1.54543e+09,12,千克,0.4572,0.457221,0.257816,0.000596,0.280136,,0.001748,,0.000009,0.001519,0.000196,,,,,0.000325,,,0.000196,,,,,,0.000237,0.000000,,,,,,,
107021702,1.54015e+09,9,千克,0.9206,0.920553,0.000159,0.031285,,,0.000476,,,0.032568,0.000009,,0.005568,,,,,,,,,,0.000000,,,,0.009383,,,,,,
107021502,1.53665e+09,18,千克,0.7898,0.789812,0.156540,0.000459,0.001731,,0.000000,0.003978,0.000306,0.002127,0.000027,0.000311,0.004059,0.000004,0.022737,0.000592,,,0.016503,0.000083,,,0.000725,,,,0.000005,,,,,,
103030801,1.52632e+09,16,千克,0.7406,0.740625,0.057006,0.005199,0.054985,,0.000015,,,0.022718,,0.039057,0.032231,,0.003792,0.010420,,,0.000045,0.006700,0.004554,,0.011704,,,0.000000,0.010950,,,,,,
109024902,1.52267e+09,19,套,0.5303,0.015975,0.368309,0.006557,0.530336,,0.010456,0.007707,0.014400,0.011130,0.005432,0.000020,0.000306,0.001249,0.000006,0.027757,,,0.000052,0.000017,,,,,0.000276,0.000013,0.000002,,,,,,
109024599,1.52185e+09,19,个,0.7578,0.000943,0.757831,0.005581,0.056058,,0.005813,,0.000005,0.010115,0.000002,0.030482,0.003034,0.000003,0.075929,0.046528,,,0.000041,0.000353,0.000002,,,,0.004148,0.000038,0.003094,,,,,,
304040901,1.51283e+09,16,UNKNOWN,0.5274,0.124186,0.016961,0.527383,,,,0.000001,0.020437,0.004426,,,0.000000,0.094423,,0.070522,0.137388,,,,0.000030,0.000005,,,,,,0.004101,0.000125,,,0.000002,0.000010
103021001,1.51027e+09,13,千克,0.9811,0.981067,0.009294,0.001588,0.000161,,,,,0.000023,,0.000081,0.005443,,0.000119,0.000022,,,0.000004,0.001850,,,0.000025,,,,0.000321,,,,,,
107022500,1.5068e+09,15,千克,0.9918,0.991797,0.000900,0.002301,0.000707,,,0.000016,,0.000120,,0.001317,0.000965,,0.001343,0.000118,0.000011,,0.000035,0.000149,,,0.000011,,,,0.000212,,,,,,
301050602,1.50535e+09,15,UNKNOWN,0.5611,0.020751,0.020311,0.561147,0.000364,,0.000001,0.000266,0.011563,0.165746,,,0.008923,0.175639,0.000000,0.001345,0.006528,,,,,,,,,,,,0.022832,,,,0.004585
107022203,1.50517e+09,16,千克,0.9538,0.953803,0.004695,0.000247,0.000293,,,0.009804,,0.002259,0.000088,0.001192,0.016205,0.000000,0.005708,0.000019,,,0.004335,0.000364,,,0.000018,,,,0.000971,,,,,,
108040202,1.5048e+09,18,平方米,0.6824,0.090672,0.055800,0.099288,0.025688,,0.004887,0.000174,0.000119,0.021903,0.682367,0.000001,0.000003,0.002929,0.000001,0.016024,,,,0.000000,,,,,0.000131,0.000015,0.000000,,,,,,
108040103,1.49942e+09,16,平方米,0.6757,0.075991,0.098864,0.024565,0.076977,,0.013488,,0.003770,0.021683,0.675701,0.000001,,0.000079,,0.004461,0.000154,,,,,,,0.003833,0.000269,0.000163,0.000000,,,,,,
109021107,1.49752e+09,20,套,0.5112,0.026418,0.371726,0.008537,0.511176,0.000065,0.000509,,,0.027306,0.000404,0.000259,0.000030,0.000105,0.000028,0.029828,,,0.000018,0.000003,0.000000,,0.000001,,0.023510,0.000014,0.000063,,,,,,
107020210,1.4829e+09,14,千克,0.9986,0.998596,0.000011,0.000438,0.000001,,,0.000034,,0.000109,,0.000001,0.000027,,0.000505,0.000006,,,0.000239,0.000014,,,0.000000,,,,0.000020,,,,,,
104011203,1.48128e+09,15,个,0.4588,0.300674,0.458817,0.000984,0.004358,,0.170814,,,0.058002,0.004299,0.000008,,0.000001,,0.001684,,,,0.000005,,,,,0.000304,0.000008,0.000030,,,,,0.000010,
107022101,1.48003e+09,22,千克,0.8378,0.837757,0.089273,0.003914,0.023329,0.000266,0.008043,0.000159,0.000228,0.008752,0.011917,0.000109,0.007589,0.000035,0.001713,0.002074,,,0.000819,0.000091,0.000002,,0.000842,,0.000042,0.002507,0.000539,,,,,,
109013202,1.4779e+09,19,个,0.9219,0.003107,0.921869,0.038932,0.028643,,0.001958,,0.000000,0.001748,0.000031,0.000096,0.000102,0.000022,0.000003,0.001996,,,0.000002,0.000002,0.000001,,,,0.001454,0.000027,0.000006,,,,,,
107021403,1.47069e+09,18,千克,0.9890,0.989011,0.005191,0.000906,0.000693,,0.000250,0.000078,,0.000718,0.000716,0.000016,0.000038,,0.000351,0.001492,,,0.000237,0.000109,,,0.000087,,0.000002,0.000101,0.000003,,,,,,
109042002,1.46676e+09,12,个,0.9959,0.000909,0.995872,0.001023,0.001278,,0.000003,,,0.000621,,0.000011,0.000272,,,0.000009,,,0.000000,,,,,,0.000001,,0.000000,,,,,,
108010503,1.46553e+09,15,立方米,0.7343,0.154243,0.068441,0.007464,0.000370,,0.003711,0.734309,,0.007332,0.016875,0.000000,0.000008,,,0.007209,,,0.000008,0.000006,,,,,,0.000020,0.000005,,,,,,
105010599,1.46523e+09,21,立方米,0.6205,0.023130,0.239983,0.017960,0.008436,,0.013322,0.620538,0.009350,0.005700,0.043907,0.000003,0.000029,0.000001,0.000010,0.012725,,,0.000003,0.000024,,0.004365,0.000015,,0.000020,0.000403,0.000080,,,,,,
101010105,1.46361e+09,26,千克,0.8585,0.858490,0.053082,0.011736,0.009484,0.001042,0.013102,0.005161,0.001633,0.020609,0.006514,0.001236,0.001239,0.000049,0.002899,0.006188,0.000068,,0.004877,0.000797,0.000040,,0.000224,,0.000094,0.000440,0.000668,0.000008,,,0.000054,,0.000265
101030305,1.45234e+09,15,千克,0.9545,0.954512,0.043240,0.000003,0.000008,,0.001532,,,0.000023,0.000131,0.000193,0.000014,,0.000022,0.000317,,,0.000004,0.000000,,,,,0.000000,,0.000001,,,,,,
109020199,1.45175e+09,21,个,0.8033,0.039127,0.803311,0.005797,0.098687,0.000310,0.021523,0.000017,0.000007,0.011621,0.002204,0.003059,0.002359,0.000000,0.000089,0.010252,0.000415,,0.000146,0.000000,,,,,0.000870,0.000200,0.000006,,,,,,
109050404,1.44739e+09,19,个,0.8235,0.003486,0.823535,0.025511,0.114157,,0.010614,0.000134,0.000651,0.006030,0.000291,0.000005,0.000063,,0.000020,0.013833,0.000028,,,0.000001,,0.000353,,,0.001135,0.000154,0.000000,,,,,,
102040107,1.44697e+09,15,千克,0.9847,0.984670,0.011541,0.001520,0.000629,,0.000310,0.000055,,,0.000668,0.000001,0.000001,,0.000011,0.000491,,,,0.000043,,,,,0.000042,0.000013,0.000006,,,,,,
106051204,1.44638e+09,23,个,0.9044,0.005178,0.904395,0.005272,0.014140,,0.005092,0.000012,0.000004,0.015998,0.000232,0.000939,0.005600,0.000028,0.002235,0.002618,0.019168,,0.001514,0.007855,0.000015,,0.000029,,0.000801,0.000443,0.008420,,,,,,0.000012
107030204,1.44208e+09,10,袋,0.5035,,0.135655,0.000005,0.000008,,0.000000,,,0.000068,,0.009006,,,0.351738,,,,0.000001,0.503483,,,,,,,0.000036,,,,,,
101020202,1.43638e+09,21,立方米,0.5774,0.146234,0.190493,0.007646,0.011961,,0.001420,0.577367,0.000088,0.021470,0.026073,0.000032,0.005068,0.000000,0.000050,0.011131,,,0.000054,0.000001,,,,,0.000766,0.000063,0.000012,0.000063,,,,,0.000009
104020110,1.43617e+09,13,个,0.9883,0.000143,0.988298,0.003604,0.006330,,0.000288,,,0.000588,,0.000006,0.000000,0.000002,,0.000731,,,0.000005,0.000001,,,,,0.000003,,,,,,,,
104011102,1.42516e+09,20,个,0.4272,0.215118,0.427164,0.001908,0.042207,,0.159280,0.002021,0.000319,0.005340,0.101074,0.007325,0.011234,0.000211,0.000013,0.001447,,,0.000193,0.011342,,,0.000004,,0.001226,0.003634,0.008939,,,,,,
108011002,1.41652e+09,20,平方米,0.6270,0.133570,0.184581,0.004320,0.001442,0.000000,0.002102,0.000041,0.000001,0.020153,0.626953,0.000000,0.000001,0.000001,0.000144,0.025590,,,0.000193,0.000005,,,,,0.000003,0.000002,0.000897,,,,,,
108012101,1.41232e+09,16,个,0.8487,0.046834,0.848725,0.005037,0.069525,,0.000001,,0.000093,0.003426,,0.000434,0.010318,,0.000022,0.015548,,,,0.000000,0.000009,,,,0.000019,0.000002,0.000007,,,,,,
107020220,1.40741e+09,12,千克,0.9997,0.999667,0.000010,0.000045,0.000002,,,0.000012,,0.000008,,0.000004,0.000004,,0.000169,,,,0.000045,,,,,,,0.000031,0.000004,,,,,,
102040301,1.40681e+09,5,千克,0.7777,0.777672,0.000061,0.000035,,,,,,0.222231,,0.000001,,,,,,,,,,,,,,,,,,,,,
106010507,1.40473e+09,27,个,0.6737,0.071892,0.673701,0.007577,0.059707,0.000227,0.001889,0.000986,0.000232,0.016016,0.020982,0.003358,0.003850,0.000133,0.000002,0.022158,0.000067,,0.000011,0.000041,0.000631,0.000002,,,0.000285,0.059924,0.003452,,0.000007,,0.052775,0.000001,0.000095
107030207,1.40263e+09,14,盒,0.9021,0.012292,0.017572,0.001064,0.000142,,,,,0.007517,,0.902129,0.000001,,0.009596,0.000001,,,0.004212,0.008562,0.000000,,0.000291,,,,0.036622,,,,,,
305030000,1.40242e+09,22,UNKNOWN,0.5031,0.001533,0.014219,0.503142,0.021135,0.000010,0.000916,0.000382,0.337105,0.035728,0.014841,,0.000061,0.044157,0.000000,0.005260,0.004999,,0.000019,,,0.009444,,,0.000004,0.000000,0.000000,0.001331,,0.005712,,,
307010100,1.40139e+09,26,UNKNOWN,0.5122,0.048530,0.020768,0.512183,0.000466,,0.000206,0.000020,0.005885,0.026335,0.001676,0.000029,0.000147,0.346707,0.000002,0.019774,0.004358,,0.000072,0.000003,0.000017,0.000051,,,0.000000,0.000543,0.000142,0.006145,,0.005545,0.000351,0.000042,
109011004,1.40031e+09,22,个,0.6460,0.067342,0.645956,0.012679,0.239131,,0.005537,0.000065,0.002320,0.008164,0.000132,0.000232,0.000115,0.000266,0.000766,0.007890,0.000592,,0.000947,0.000005,,0.000000,0.000011,,0.002804,0.004952,0.000095,,,,,,
107020303,1.3981e+09,12,千克,0.9939,0.993937,0.000541,0.000001,0.000001,,,,,0.002612,,0.000000,,,0.002862,0.000027,,,0.000002,0.000016,,,0.000001,,,0.000000,,,,,,,
109060299,1.39391e+09,21,个,0.7294,0.006921,0.729428,0.007751,0.191442,0.000202,0.004607,0.000119,0.002890,0.031503,0.000308,0.000220,0.000028,0.000214,0.011996,0.011775,,,0.000127,0.000009,,0.000005,,,0.000289,0.000099,0.000065,,,,,,
107050402,1.39015e+09,23,卷,0.3372,0.038515,0.215372,0.002045,0.013795,,0.065455,0.000019,0.000013,0.014888,0.246465,0.001184,0.059003,0.000002,0.000242,0.002926,,,0.000172,0.000237,,0.000004,0.000109,,0.000028,0.337230,0.000560,,,,0.001736,0.000000,
108041404,1.38972e+09,24,个,0.6735,0.097120,0.673520,0.004332,0.054432,0.000917,0.023734,0.000028,0.000049,0.098545,0.004352,0.000164,0.000516,0.000043,0.000179,0.036491,0.000242,,0.000140,0.000030,0.000001,,0.000003,,0.002173,0.000163,0.002823,0.000004,,,,,
304040903,1.3889e+09,17,UNKNOWN,0.5514,0.048407,0.022877,0.551364,0.000031,,,0.000698,0.003862,0.004611,,0.000000,,0.029899,,0.146537,0.181788,,,,0.002471,0.000118,,,,,0.000000,0.001284,0.005712,,,,0.000341
201020000,1.38867e+09,24,千克,0.6988,0.698841,0.026551,0.059493,0.005321,,0.001163,0.000116,0.004753,0.151923,0.000593,0.000135,0.000022,0.020933,0.000026,0.003411,0.011614,,0.000098,0.000003,,,0.000000,,0.000446,0.000231,0.000029,0.006518,,0.000045,,,0.007737
109011704,1.38659e+09,22,个,0.7395,0.019056,0.739464,0.007051,0.160091,0.000011,0.006494,0.000395,0.000292,0.060334,0.000076,0.000077,0.000018,0.000241,0.000680,0.003206,0.000016,,0.000813,0.000001,0.000003,,,,0.001506,0.000034,0.000141,,,,,,
109013604,1.379e+09,15,个,0.6667,0.225939,0.666731,0.001799,0.089807,0.000102,0.000113,,0.000000,0.002883,0.000015,,,0.000011,0.000006,0.000822,,,,0.000003,,,,,0.011762,,0.000005,,,,,,
109012402,1.37034e+09,17,个,0.8933,0.010791,0.893347,0.006639,0.080895,,0.000521,0.000003,0.000005,0.001931,0.000016,,,0.000001,0.000001,0.002934,,,0.001363,,,,0.000190,,0.000576,0.000006,0.000780,,,,,,
109010299,1.3696e+09,23,个,0.8326,0.004039,0.832608,0.042733,0.081578,,0.001823,0.000053,0.001550,0.008626,0.000159,0.000009,0.000047,0.000377,0.015515,0.008653,0.000196,,0.001389,0.000000,0.000000,,0.000110,,0.000426,0.000099,0.000005,,,,,,0.000005
108020404,1.36054e+09,19,千克,0.6508,0.650828,0.288892,0.006298,0.009539,,0.022018,0.000050,0.000031,0.001827,0.016284,0.000003,0.000305,0.000001,0.000004,0.003157,,,0.000092,0.000002,,,,,0.000455,0.000161,0.000053,,,,,,
107020901,1.35754e+09,22,千克,0.7556,0.755629,0.011636,0.001308,0.001362,0.000103,0.006534,0.008654,,0.127731,0.000608,0.000793,0.000649,0.000019,0.054574,0.015727,0.000009,,0.010086,0.001622,,,0.002761,,0.000000,0.000173,0.000022,,,,,0.000000,
102050299,1.35558e+09,20,平方米,0.4221,0.281319,0.056454,0.011971,0.002544,,0.004135,0.122445,0.000674,0.062785,0.422109,0.000000,0.026411,,0.000004,0.003440,,,0.000012,0.003974,,,,,0.000036,0.000038,0.001616,0.000001,,,,,0.000032
109020901,1.3532e+09,16,个,0.9698,0.002082,0.969800,0.003160,0.016626,0.000014,0.000018,,0.000011,0.001508,,,,0.000057,0.000167,0.001069,0.004399,,0.000946,,,,,,0.000141,0.000000,0.000002,,,,,,
109062601,1.34712e+09,16,个,0.9096,0.000014,0.909638,0.000632,0.080663,,0.000654,,0.000973,0.006148,,0.000012,0.000132,0.000247,0.000001,0.000774,,,0.000000,,,,,,0.000051,0.000056,0.000007,,,,,,
109050304,1.34301e+09,19,套,0.6351,0.002812,0.265818,0.004353,0.635111,,0.001861,0.000006,0.073667,0.012765,0.000595,0.001424,0.000124,0.000017,,0.000415,0.000045,,,0.000003,,0.000944,,,0.000025,0.000015,0.000001,,,,,,
109050102,1.31427e+09,13,个,0.4837,0.095625,0.483679,0.031468,0.386058,,0.000807,,0.001318,0.000649,,,0.000008,,,0.000206,,,,,,0.000171,,,0.000007,0.000001,,0.000002,,,,,
107020215,1.30735e+09,13,千克,0.9917,0.991667,0.000061,0.000864,0.000013,,,0.004788,,0.000869,,,,0.000001,0.001672,0.000063,,,0.000000,0.000001,,,0.000000,,,,0.000000,,,,,,
107020404,1.30214e+09,8,千克,0.9942,0.994156,,0.005694,,,,,,0.000112,,,0.000016,,0.000020,,,,,0.000000,,,0.000001,,,,0.000002,,,,,,
109050601,1.30043e+09,18,个,0.8294,0.002366,0.829421,0.015875,0.088069,,0.031102,,0.001841,0.023878,,0.000015,0.001170,0.000376,0.000000,0.004282,0.000971,,0.000071,,,,,,0.000039,0.000034,0.000008,0.000481,,,,,
109040805,1.29968e+09,17,套,0.4441,0.000685,0.439547,0.072162,0.444107,,0.001465,,0.010151,0.027000,,0.000002,0.000008,0.000587,,0.004142,,,0.000004,0.000002,0.000098,,,,0.000015,0.000010,0.000013,,,,,,
107021506,1.29908e+09,21,千克,0.6342,0.634153,0.122572,0.000274,0.049909,,0.046282,0.025419,0.000426,0.018836,0.095294,0.000029,0.000031,0.000017,0.001111,0.004004,,,0.000933,0.000171,,,0.000011,,0.000030,0.000404,0.000011,,,,0.000084,,
109032106,1.29728e+09,22,套,0.3069,0.090746,0.261225,0.003573,0.306906,,0.003553,0.000030,0.028768,0.101229,0.000370,0.000007,0.000409,0.001809,0.000346,0.192430,,,0.006969,0.000001,0.000026,0.000704,0.000003,,0.000756,0.000136,0.000004,,,,,,
109052299,1.29452e+09,16,个,0.9671,0.001089,0.967116,0.001979,0.027393,,0.000012,,0.001180,0.000210,0.000046,0.000001,0.000011,0.000003,,0.000919,,,0.000007,,,0.000002,,,0.000032,0.000002,,,,,,,
306030202,1.28806e+09,12,份,0.4957,0.000210,0.046048,0.262336,,,,,0.000706,0.004262,,,,0.092956,,0.016188,0.008973,,,,0.495748,0.000872,,,,,,0.000600,,,,0.071101,
106010502,1.28165e+09,26,个,0.6508,0.055442,0.650798,0.017774,0.023649,0.000002,0.004113,0.000005,0.000879,0.022049,0.005053,0.012577,0.080635,0.000512,0.002778,0.046325,0.000033,,0.000386,0.001054,0.001647,0.000024,0.000228,,0.000554,0.019760,0.040821,,,0.000007,0.012895,,
106040109,1.28103e+09,20,千克,0.4210,0.421045,0.134790,0.000678,0.008762,,0.315642,0.000101,0.000077,0.017405,0.008384,0.001988,0.016606,0.000029,0.008511,0.001560,,,0.029107,0.000244,,,0.001125,,0.000016,0.032315,0.001615,,,,,,
109022818,1.27466e+09,21,个,0.6694,0.024343,0.669382,0.003951,0.137426,,0.001264,0.000001,0.000009,0.129588,0.000838,0.000157,0.000126,0.000071,0.000081,0.018287,,,0.000099,0.000001,,,,,0.014077,0.000149,0.000147,0.000000,,,,,0.000001
106010302,1.27344e+09,22,箱,0.3153,0.268770,0.103502,0.035336,0.002491,,0.120035,,0.000083,0.002932,0.006516,0.003796,0.315265,0.000008,0.000035,0.010529,0.000001,,0.000004,0.000244,0.000384,,,,0.000094,0.024381,0.077790,,,0.000005,0.027796,,
103030701,1.27172e+09,19,箱,0.8125,0.003491,0.028642,0.007876,0.001937,,,0.000340,,0.037807,,0.003345,0.812506,0.000000,0.074470,0.009219,0.000000,,0.000198,0.000136,0.000010,,0.017430,,,0.000001,0.002435,,0.000156,,,,
307059900,1.26199e+09,27,UNKNOWN,0.4737,0.190130,0.029111,0.473700,0.000867,0.011826,0.000190,0.000875,0.019483,0.029470,0.030733,0.000378,0.000804,0.027138,0.000342,0.008046,0.167629,,0.000221,0.000324,0.000323,0.001747,0.001944,,0.000003,0.000125,0.000740,0.003023,,,,0.000005,0.000824
106040801,1.25416e+09,11,个,0.9779,0.010849,0.977863,0.004651,0.004494,,,,,0.000031,,0.000000,0.000278,,0.000000,0.001834,,,0.000000,,,,,,,,0.000000,,,,,,
303010200,1.2531e+09,15,UNKNOWN,0.5014,,0.008058,0.501414,0.009588,0.000009,0.000097,,0.216376,0.001669,0.000069,,0.000235,0.000027,,0.000825,0.205889,,,,,0.000036,,,,,0.000004,0.055704,,,,,
109023001,1.25142e+09,21,个,0.7603,0.004627,0.760349,0.001793,0.193043,,0.003676,0.000027,0.000013,0.004440,0.001439,0.000724,0.000051,0.000113,0.000552,0.011794,0.000001,,0.002166,0.000006,,,0.000002,,0.010237,0.000311,0.004636,,,,,,
106040604,1.24436e+09,17,个,0.8818,0.085596,0.881832,0.009428,0.008435,,,,0.000035,0.000364,0.000505,0.000011,0.000018,,0.000002,0.011246,,,,0.000000,0.000056,,0.000000,,0.002140,0.000330,0.000000,,,,,,
109023201,1.23076e+09,18,个,0.7794,0.048217,0.779376,0.006571,0.033233,,0.085151,0.000695,0.002115,0.019685,0.002289,0.000015,,0.000460,0.005146,0.013850,,,0.000039,,,,0.000016,,0.000068,0.003058,0.000018,,,,,,
107020107,1.22685e+09,16,千克,0.9188,0.918825,0.002278,0.002643,0.001231,,0.000004,0.001766,,0.070953,0.000021,0.000007,0.000026,,0.000541,0.000043,,,0.001609,0.000041,,,,,,0.000000,0.000012,,,,,,
104020102,1.22607e+09,13,个,0.9019,0.003873,0.901891,0.000759,0.056446,,0.008734,,,0.001367,,0.026007,,,,0.000126,,,,0.000001,0.000000,,0.000000,,,0.000000,0.000797,,,,,,
108030500,1.22576e+09,6,千克,0.9990,0.998991,0.000092,0.000253,0.000489,,,,,,0.000159,,,,0.000017,,,,,,,,,,,,,,,,,,
108042300,1.22319e+09,21,个,0.9012,0.023596,0.901177,0.003530,0.049220,0.000294,0.000202,,,0.012951,0.000075,0.001284,0.000341,0.000013,0.000002,0.006268,0.000024,,0.000001,0.000001,0.000013,,0.000022,,0.000004,0.000006,0.000979,,,,,,
109012003,1.22053e+09,22,个,0.8072,0.038536,0.807186,0.003746,0.047362,0.000020,0.065892,0.000021,0.000000,0.008030,0.000069,0.000037,0.000060,0.000022,0.000234,0.026559,0.000179,,0.000592,0.000001,,,0.000000,,0.001242,0.000117,0.000096,,,,,,
104030601,1.21824e+09,10,平方米,0.6516,0.011542,0.225941,0.000216,0.004879,,0.085329,,,0.020465,0.651605,,,,,0.000024,,,,,,,,,0.000000,,0.000000,,,,,,
104011202,1.213e+09,12,千米,0.6110,0.365620,0.018215,0.000013,0.002294,,0.611001,,,0.000067,0.002568,,,0.000001,,0.000113,,,,,,,,,0.000012,0.000094,0.000002,,,,,,
201030000,1.20829e+09,23,千克,0.5259,0.525868,0.014278,0.247702,0.033489,,0.000681,0.081815,0.040637,0.008083,0.015843,0.000945,0.000036,0.006463,0.000217,0.008359,0.015147,,0.000133,0.000011,,,0.000000,,0.000001,0.000172,0.000033,,,0.000080,,,0.000007
105010604,1.20333e+09,23,个,0.7999,0.008197,0.799928,0.003587,0.111133,0.000002,0.001089,0.044899,0.000007,0.004505,0.003263,0.000004,0.000084,0.000019,0.000002,0.020415,0.000118,,0.000002,0.000103,0.000003,,,,0.001814,0.000047,0.000780,,,,,,0.000000
107030406,1.20031e+09,13,盒,0.9271,0.011185,0.026873,0.000503,0.000007,,,,,0.012048,,0.927084,0.000152,,0.005417,0.000213,,,0.000026,0.015759,,,,,,0.000068,0.000664,,,,,,
106040806,1.19452e+09,21,个,0.7182,0.101262,0.718226,0.006954,0.151539,0.000007,0.000001,,0.000025,0.008039,0.000060,0.005184,0.000511,0.000003,0.000002,0.006352,,,0.000005,0.001019,0.000086,,0.000004,,0.000243,0.000067,0.000414,,,,,,
107010202,1.19431e+09,19,千克,0.8143,0.814336,0.002492,0.017561,0.000659,0.000442,0.000000,0.028637,,0.126943,,0.000016,0.000036,0.001146,0.005025,0.000084,,,0.001547,0.000000,0.000548,,0.000001,,,0.000003,0.000522,,,,,,
306019900,1.19085e+09,17,UNKNOWN,0.8917,0.059518,0.001539,0.891694,0.000102,,,,0.001992,0.001505,,0.002692,,0.010507,0.000799,0.002005,0.003825,,0.000001,0.000105,,0.011619,,,,,0.000084,0.012012,,,,0.000002,
401020000,1.18874e+09,16,UNKNOWN,0.3292,0.000301,0.300429,0.329155,0.088337,,0.000587,,0.016402,0.017537,0.000062,,,0.034142,,0.014684,0.190522,,,,0.000099,0.005145,,0.000734,0.000038,,,0.001826,,,,,
108031901,1.17895e+09,5,千克,0.9931,0.993096,0.003880,0.000094,0.000086,,0.002844,,,,,,,,,,,,,,,,,,,,,,,,,,
106050999,1.17546e+09,11,个,0.9705,0.016319,0.970525,0.008467,0.003259,,0.000002,0.000002,,0.000577,,0.000001,,,,0.000838,0.000003,,,,,,,,0.000009,,,,,,,,
109020601,1.17187e+09,11,千克,0.4021,0.402144,0.253238,0.005160,0.333606,,0.000119,,0.003140,0.001110,,,,,,0.001381,,,,0.000008,,,,,0.000087,0.000005,,,,,,,
109051905,1.17121e+09,18,个,0.5501,0.151233,0.550074,0.000264,0.017866,,0.001972,,0.000000,0.120623,0.000306,0.000022,0.000004,0.000000,0.000002,0.011287,,,0.000002,0.000000,,,,,0.146332,0.000013,0.000000,,,,,,
106050902,1.16458e+09,13,OTHER,0.7802,0.074639,0.140536,0.003486,0.000375,,0.000628,0.000021,,0.780160,,0.000051,,,0.000000,0.000090,,,0.000001,,,,,,,0.000011,0.000001,,,,,,
108032499,1.15985e+09,8,千克,0.9407,0.940738,0.058640,0.000003,0.000031,,0.000581,,,0.000004,,0.000001,,,,,,,0.000001,,,,,,,,,,,,,,
307020102,1.15364e+09,14,UNKNOWN,0.4156,,0.079604,0.415611,0.001739,,0.000182,,0.202548,0.072201,0.000001,,,0.198786,,0.000207,0.001418,,,,0.000009,0.000116,,,,,,0.001483,,0.026096,,,
108010399,1.14915e+09,19,千克,0.5827,0.582672,0.146339,0.015434,0.017776,,0.033561,0.082057,0.000010,0.061368,0.023444,0.000000,0.000173,0.000003,0.000001,0.029801,,,0.000461,0.001064,,,,,0.000040,0.000002,0.005794,,,,,,
107021407,1.14695e+09,15,千克,0.9956,0.995618,0.000947,0.000241,0.000438,,,0.000047,,0.000617,,0.000022,0.000014,,0.000635,0.000002,,,0.000698,0.000001,,,0.000001,,,0.000711,0.000009,,,,,,
107020240,1.14673e+09,6,千克,1.0000,0.999985,,,,,,,,0.000006,,0.000000,0.000000,,0.000000,,,,0.000008,,,,,,,,,,,,,,
101010199,1.14653e+09,25,千克,0.6344,0.634406,0.075878,0.094928,0.005391,0.001965,0.003357,0.011510,,0.006557,0.000149,0.017474,0.009096,0.000541,0.002261,0.017539,0.000006,,0.000906,0.085908,0.002400,0.000004,0.000885,,0.000051,0.000655,0.028104,0.000011,,,,,0.000018
109010301,1.14167e+09,13,个,0.6677,0.000422,0.667748,0.000004,0.299332,0.000000,0.000041,,0.000055,0.019635,,,,0.003646,,0.008347,,,0.000033,,,,,,0.000720,0.000017,,,,,,,
109042199,1.1371e+09,21,个,0.8990,0.034493,0.898988,0.004577,0.051732,0.000131,0.000719,,0.000355,0.003219,0.000127,0.000746,0.000025,0.000016,0.000005,0.003067,,,0.000000,0.000001,,,0.000000,,0.000113,0.000001,0.000049,0.001635,,,,,
109042501,1.13475e+09,18,个,0.9068,0.004806,0.906794,0.003961,0.082630,,0.000019,0.000001,0.000425,0.000532,,0.000002,0.000011,0.000004,,0.000293,,,0.000010,0.000000,0.000006,,,,0.000503,0.000000,0.000001,,,,,,
109020105,1.12908e+09,11,个,0.8348,0.004900,0.834838,0.000426,0.157513,,0.000014,,,0.001972,,0.000000,,,,0.000224,,,,,,,,,0.000112,0.000000,0.000000,,,,,,
109061906,1.12473e+09,12,OTHER,0.6669,0.042117,0.230277,0.000310,0.007231,0.000842,0.000183,,,0.666924,0.051873,,,0.000001,,0.000151,,,,,,,,,0.000085,0.000005,,,,,,,
109051501,1.12355e+09,10,个,0.9433,0.000155,0.943327,0.002993,0.004581,,0.001890,,,0.046981,,0.000000,,,,0.000034,,,,,,,,,,0.000038,0.000000,,,,,,
109050103,1.11799e+09,9,套,0.8066,,0.109948,0.007047,0.806596,,0.014891,,,0.001646,,,0.000005,0.000018,,0.011783,,,,,,,,,0.048066,,,,,,,,
107020802,1.11488e+09,18,千克,0.8324,0.832399,0.061733,0.005233,0.004178,,0.000167,0.015640,,0.008334,0.001635,0.000001,0.004779,0.000002,0.000304,0.004471,,,0.050778,0.000297,,,0.009358,,,0.000002,0.000686,,,,,,
109011902,1.11257e+09,18,个,0.5919,0.018778,0.591862,0.010357,0.368725,,0.000511,,0.000021,0.003033,0.001113,0.000009,0.000014,0.000009,0.000002,0.004492,,,0.000095,0.000018,,,,,0.000948,0.000013,0.000000,,,,,,
107030710,1.11133e+09,19,个,0.5134,0.078116,0.513400,0.016272,0.015241,,0.000001,0.000122,,0.078682,,0.116590,0.010840,0.000306,0.077997,0.002661,,,0.072095,0.009946,0.000206,,0.000002,,0.000004,0.000336,0.007181,,,,,,
105020106,1.11051e+09,18,个,0.7234,0.019418,0.723415,0.002198,0.189465,,0.017829,0.002558,0.001589,0.022896,0.014087,0.000003,0.000015,0.000001,,0.005724,,,0.000121,0.000000,,,,,0.000024,0.000031,0.000625,,,,,,
104030502,1.10815e+09,17,千米,0.4692,0.005257,0.395574,0.008350,0.100884,0.000911,0.469208,0.000023,,0.005437,0.010695,,0.000009,0.000000,0.000011,0.002955,,,,,,,,,0.000186,0.000101,0.000002,,,,,,0.000397
109013703,1.09972e+09,9,个,0.9835,0.006221,0.983462,0.007116,0.000594,,0.000023,,,,,0.000076,,,,0.002278,,,,,,,,,0.000228,,,,,,0.000002,,
106040603,1.09721e+09,21,个,0.6876,0.171444,0.687644,0.002833,0.040754,,0.017038,0.000027,0.000015,0.045574,0.017911,0.000028,0.000019,0.000000,0.000110,0.006093,,,0.000089,0.000016,,0.000001,0.000002,,0.010315,0.000045,0.000043,,,,,,
104020120,1.09638e+09,7,个,0.9832,0.003264,0.983239,0.002255,0.010796,,0.000157,,,,,0.000004,,,,0.000284,,,,,,,,,,,,,,,,,
105010602,1.0941e+09,22,个,0.7800,0.004986,0.779982,0.010401,0.091303,0.000230,0.001199,0.031047,0.000028,0.007317,0.013680,0.000378,0.011583,0.000401,0.000000,0.041495,,,,0.000005,0.000001,,,,0.004592,0.001305,0.000011,,,,0.000027,,0.000029
109042699,1.0933e+09,21,个,0.5153,0.002379,0.515255,0.043838,0.391710,0.000057,0.012674,0.000000,0.000438,0.014054,0.000042,0.000134,0.000190,0.001957,0.000012,0.003569,0.000759,,0.000110,0.000000,,,,,0.012413,0.000004,0.000405,,,,,,
109051305,1.09323e+09,17,个,0.9569,0.000948,0.956946,0.002037,0.035827,,0.000589,0.000003,0.001330,0.000926,,0.000228,0.000021,0.000014,,0.001067,0.000055,,,,,0.000000,,,0.000003,0.000001,0.000004,,,,,,
109062001,1.08468e+09,15,副,0.4484,0.001074,0.356899,0.002139,0.001655,0.000331,,,,0.000948,0.000080,0.000005,0.188186,0.000002,,0.000250,,,,0.000003,,,,,0.448427,0.000000,0.000000,,,,,,
103030301,1.08001e+09,15,包,0.5435,0.001729,0.022449,0.003961,0.007399,,0.001647,0.000300,,0.008661,,0.000183,0.338147,,0.055653,0.003093,,,0.006487,0.000159,,,0.006633,,,,0.543498,,,,,,
107030399,1.077e+09,15,千克,0.8828,0.882801,0.010880,0.003504,0.000223,,,,,0.003946,,0.079342,0.000158,,0.005575,0.007358,,,0.000000,0.005209,,,0.000311,,,0.000001,0.000685,0.000008,,,,,
108042600,1.07637e+09,20,千克,0.7249,0.724894,0.147202,0.001887,0.024171,,0.035482,0.000246,0.000810,0.028711,0.011863,0.000476,0.009577,0.000029,0.000797,0.006312,,,0.000204,0.000041,,,0.000027,,0.001963,0.003954,0.001355,,,,,,
106050204,1.07242e+09,11,个,0.3874,0.243938,0.387353,0.021049,0.346814,,,,,0.000314,0.000018,0.000002,,,0.000001,0.000510,,,,,,,,,0.000000,,0.000000,,,,,,
109010304,1.06577e+09,18,个,0.6047,0.010460,0.604732,0.001451,0.321566,,0.000102,,0.004965,0.023812,,0.000000,0.000559,0.004141,0.000015,0.001166,,,0.000665,,,,0.000029,,0.025891,0.000158,0.000000,0.000288,,,,,
107022201,1.06507e+09,18,个,0.7844,0.061028,0.784354,0.005907,0.021310,,0.000043,0.000001,,0.001084,,0.004937,0.092144,,0.005237,0.007772,,,0.001632,0.003110,0.000020,,0.000000,,0.000000,0.000018,0.011403,,,,,,
104030501,1.0644e+09,15,个,0.9914,0.003169,0.991449,0.001986,0.001255,,0.000000,,,0.001843,,0.000032,0.000003,,0.000000,0.000164,,,0.000000,0.000000,0.000083,,,,,0.000000,0.000016,,,,,,
109024100,1.0637e+09,19,个,0.8479,0.023512,0.847873,0.002490,0.120297,0.000281,0.000091,,0.000019,0.000615,0.000004,0.000008,0.000022,0.000558,0.000004,0.000901,,,0.000004,0.000001,,,,,0.003163,0.000159,0.000001,,,,,,
109022202,1.06234e+09,20,个,0.7433,0.006057,0.743345,0.015910,0.146354,,0.000407,0.000401,0.000288,0.075349,0.000590,0.000381,0.000120,0.000109,0.000690,0.008125,0.000166,,0.000032,0.000138,,,,,0.000150,0.001348,0.000041,,,,,,
108042700,1.06153e+09,18,个,0.5908,0.242253,0.590791,0.006638,0.049253,,0.079210,,0.000366,0.020196,0.000003,0.001497,0.000055,0.000010,0.000003,0.003875,,,0.000047,0.000007,,,,,0.004740,0.001046,0.000011,,,,,,
109041905,1.04986e+09,13,个,0.9946,0.000103,0.994613,0.000955,0.003820,,,,0.000001,0.000172,,0.000035,0.000004,0.000002,,0.000282,,,,0.000001,,,,,0.000011,,0.000000,,,,,,
109011302,1.04903e+09,22,个,0.9512,0.013935,0.951172,0.010659,0.007048,,0.000005,0.000051,0.001658,0.001321,0.000063,0.000001,0.000000,0.000975,0.000047,0.003367,0.008541,,0.000677,0.000002,,,0.000000,,0.000426,0.000001,0.000032,0.000020,,,,,
109031401,1.04634e+09,13,个,0.8501,0.029100,0.850069,0.005738,0.102808,,,,0.000170,0.006329,,0.000050,0.000119,0.000062,,0.005019,,,,,,,0.000018,,0.000499,0.000019,,,,,,,
106020103,1.04154e+09,26,个,0.4676,0.007095,0.467641,0.111174,0.062971,,0.001616,0.000344,0.018156,0.031931,0.070525,0.002485,0.008736,0.001163,0.000025,0.082667,0.000080,,0.000012,0.001237,0.083696,0.000289,,,0.000548,0.044811,0.002610,0.000038,,0.000108,0.000035,,0.000007
104020108,1.0394e+09,10,个,0.9847,0.000005,0.984663,0.008516,0.005584,,0.000022,,,0.000054,,,0.000000,,,0.001075,,,,0.000001,,,,,0.000080,,,,,,,,
109013101,1.03458e+09,22,个,0.7468,0.006339,0.746839,0.016686,0.172746,0.000006,0.000751,0.000583,0.014618,0.003200,0.010022,0.000001,0.000127,0.000175,0.003818,0.022615,,,0.001294,0.000001,,,0.000006,,0.000014,0.000048,0.000000,,0.000110,,,,
306030199,1.03361e+09,13,份,0.3171,,0.160464,0.290934,0.000039,,,,0.003457,0.015154,,,0.000004,0.078467,,0.054585,0.006185,,,,0.317110,0.001253,,,,,,0.003205,,,,0.069143,
109011201,1.02605e+09,13,个,0.8757,0.000936,0.875746,0.014812,0.080846,,0.004753,,0.002336,0.002835,,,0.000000,0.000050,,0.016922,0.000734,,0.000009,,,,,,0.000022,,,,,,,,
108032202,1.02564e+09,5,千克,0.9993,0.999305,0.000433,0.000000,,,,,,0.000261,,,,,0.000000,,,,,,,,,,,,,,,,,,
103010301,1.02278e+09,17,千克,0.6645,0.664522,0.014892,0.000477,0.000262,,0.000001,,,0.074529,,0.000999,0.217869,,0.001341,0.000282,,,0.000156,0.019480,0.000008,,0.002509,,0.000000,,0.002671,,,,,,0.000002
109013699,1.01685e+09,18,个,0.5320,0.327116,0.531975,0.011405,0.082431,,0.001831,,0.000002,0.009873,0.000313,0.000001,0.000021,0.000001,,0.019836,,,0.000006,,0.000000,0.000058,,,0.015088,0.000028,0.000017,,,,,,
109012004,1.01597e+09,17,个,0.9015,0.006191,0.901523,0.003117,0.079817,,0.002949,0.000008,0.000342,0.004929,,0.000001,0.000017,0.000018,0.000002,0.000568,,,0.000190,,,,,,0.000307,0.000002,0.000020,,,,,,
109060203,1.01523e+09,19,个,0.7599,0.000233,0.759864,0.016150,0.211645,,0.000355,0.000001,0.003977,0.002599,0.000007,0.000004,,0.000024,0.000003,0.004907,0.000012,,0.000000,,0.000002,,,,0.000177,0.000000,0.000040,,,,,,
109040804,1.01249e+09,19,个,0.8912,0.001060,0.891177,0.002471,0.036131,,0.001835,0.000000,0.000001,0.061467,0.000008,0.000129,0.000006,0.000021,0.000012,0.004967,,,0.000194,0.000000,,,,,0.000121,0.000206,0.000193,,,,,,
108041301,1.01067e+09,21,千克,0.4070,0.406993,0.276411,0.003129,0.074470,0.000005,0.051856,0.000044,0.000168,0.020232,0.120674,0.000025,0.000581,0.000163,0.000002,0.011334,0.000000,,0.000008,0.006898,,,,,0.001391,0.024777,0.000838,,,,,,
105010201,1.00879e+09,20,立方米,0.3676,0.258693,0.267354,0.005268,0.007430,,0.002168,0.367580,0.000042,0.032871,0.044032,0.000038,0.000391,,0.000004,0.011143,,,,0.000512,,,0.000000,,0.000000,0.000070,0.000086,,,,0.000027,,0.002291
102050102,1.00601e+09,19,千克,0.9216,0.921587,0.034670,0.013628,0.002537,,0.005098,0.003515,,0.000497,0.006607,0.000105,0.000216,0.000000,0.000060,0.003574,,,0.001191,0.005649,0.000000,,0.000023,,,0.000002,0.001041,,,,,,
105010399,1.00484e+09,17,个,0.5870,0.041039,0.587007,0.053315,0.052913,,0.004162,0.160423,0.001888,0.001945,0.090285,,0.000031,,0.000001,0.006785,,,0.000002,0.000005,,,,,0.000100,0.000003,0.000095,,,,,,
107060114,1.00418e+09,18,千克,0.6311,0.631084,0.348824,0.001369,0.003884,,0.006231,0.000136,0.000006,0.000247,0.000472,0.000139,0.000748,,0.000003,0.001482,,,0.000009,0.000136,,,,,0.000419,0.004568,0.000243,,,,,,
101010302,1.00388e+09,19,千克,0.7587,0.758716,0.013668,0.006542,0.000025,,0.000161,0.001746,,0.000504,,0.001870,0.032247,0.000003,0.171104,0.000053,,,0.011825,0.001076,0.000348,,0.000044,,0.000003,0.000013,0.000053,,,,,,
108031403,1.00182e+09,9,千克,0.9064,0.906395,0.046429,0.000004,0.045153,,0.000002,,,0.000875,0.001142,0.000000,,,0.000000,,,,,,,,,,,,,,,,,,
101020299,9.95411e+08,20,立方米,0.7184,0.058337,0.174103,0.004029,0.012640,,0.006957,0.718415,0.000097,0.001269,0.015903,0.000002,0.000175,0.000005,0.000044,0.004101,,,0.000401,0.000002,,,,,0.002773,0.000730,0.000016,,,,,,0.000003
107020225,9.95299e+08,8,千克,0.9895,0.989462,0.000005,0.004087,,,,0.000040,,0.000510,,,0.000003,,0.001451,,,,0.004441,,,,,,,,,,,,,,
109040405,9.93566e+08,11,个,0.9696,0.006190,0.969567,0.001192,0.014420,0.000004,0.000017,0.000020,,0.008486,,,,0.000000,,0.000094,,,0.000009,,,,,,,,,,,,,,
109050302,9.93049e+08,15,个,0.9556,,0.955617,0.012171,0.030156,,0.000050,,0.000062,0.000541,,0.000002,0.000019,0.000015,,0.001358,,,0.000000,,0.000001,,,,0.000001,0.000003,0.000003,,,,,,
102049999,9.82616e+08,14,千克,0.9660,0.966025,0.012643,0.000509,0.006582,,0.000272,0.000037,,0.011271,0.001905,0.000089,,,0.000442,0.000136,,,,0.000017,,,,,,0.000001,0.000071,,,,,,
105020107,9.72668e+08,20,个,0.4123,0.049542,0.412350,0.003921,0.073844,,0.012706,0.000863,0.002623,0.056892,0.378027,0.000446,0.000104,0.000025,0.000035,0.007930,,,0.000005,0.000009,,0.000062,,,0.000249,0.000296,0.000072,,,,,,
109020605,9.70448e+08,11,套,0.4578,0.191021,0.341648,0.000395,0.457757,,0.000778,,,0.004508,0.001055,,,,,0.002339,0.000124,,,0.000081,,,,,0.000295,,,,,,,,
109051604,9.70072e+08,14,个,0.9357,0.006879,0.935711,0.004746,0.044451,,0.000298,,0.000134,0.005729,0.000857,0.000002,,0.000298,0.000028,0.000841,,,,,,,,,0.000026,0.000000,,,,,,,
108042100,9.69612e+08,17,个,0.7669,0.015160,0.766872,0.002443,0.178133,,0.000266,,0.000371,0.009488,0.019731,0.000812,0.000225,0.000002,0.000002,0.005901,,,,0.000005,,,,,0.000517,0.000001,0.000071,,,,,,
104020403,9.62034e+08,17,个,0.9657,0.003105,0.965707,0.017034,0.000166,,0.000118,0.000796,,0.009361,0.003237,0.000003,0.000093,0.000001,0.000000,0.000232,,,,0.000001,,,,,0.000114,0.000007,0.000025,,,,,,
107050803,9.6136e+08,22,个,0.7577,0.086700,0.757745,0.001917,0.017797,,0.036654,0.052658,,0.016095,0.007466,0.001212,0.009251,0.000002,0.000183,0.002261,,,0.000296,0.000184,0.000006,0.000000,0.000000,,0.002940,0.002061,0.004562,,,,,,0.000010
109030801,9.61058e+08,18,个,0.5486,0.001191,0.548589,0.056286,0.354297,,0.000004,0.000003,0.000066,0.033805,,0.000065,,0.000626,0.002403,0.001938,0.000019,,0.000638,,,,0.000000,,0.000058,0.000000,0.000011,,,,,,
107030213,9.60999e+08,13,瓶,0.5110,0.000568,0.002023,0.000803,,,,0.000000,,0.001929,,0.454363,,,0.510999,0.000010,,,0.006546,0.017452,,,0.000150,,0.000304,,0.004852,,,,,,
108010501,9.58561e+08,16,个,0.4183,0.128705,0.418332,0.007422,0.001645,,0.000771,0.174170,0.000007,0.131937,0.101326,0.000000,0.013197,,0.000018,0.022172,,,0.000155,,,,,,0.000115,0.000028,,,,,,,
106010508,9.58038e+08,16,个,0.6964,0.191422,0.696390,0.000634,0.010579,,0.096715,,,0.000384,,0.000008,0.001025,0.000002,0.000001,0.001699,,,0.000001,0.000000,0.000002,,,,,0.001086,0.000052,,,,,,
106041001,9.54858e+08,12,个,0.9970,,0.996966,0.001395,0.001176,,0.000011,,0.000001,0.000056,0.000123,0.000001,0.000005,0.000184,,0.000068,,,,,,,,,0.000013,,,,,,,,
107010110,9.54453e+08,16,千克,0.9927,0.992704,0.002277,0.000172,0.000040,,0.000135,0.000060,,0.002866,,0.000027,0.000002,,0.000319,0.000004,,,0.001270,0.000009,,,0.000033,,,0.000001,0.000082,,,,,,
107060399,9.47196e+08,19,个,0.6827,0.149180,0.682723,0.001544,0.041882,,0.067615,0.004396,0.002624,0.026231,0.012353,0.000014,0.000077,0.000574,0.000002,0.007176,,,0.000001,0.000003,,,,,0.000891,0.001130,0.001585,,,,,,
104030403,9.39523e+08,15,个,0.9883,0.004567,0.988286,0.001767,0.003129,,0.000816,,0.000061,0.000129,0.000661,0.000075,0.000000,,0.000004,0.000188,,,,,,,,,0.000269,0.000003,0.000045,,,,,,
109060904,9.35187e+08,14,套,0.6597,0.000000,0.329833,0.003837,0.659659,,0.000024,,0.002745,0.001510,,,0.000034,0.000003,0.000000,0.000012,,,,,0.000097,,,,,0.000001,,0.002245,,,,,
108031003,9.30155e+08,5,千克,0.9881,0.988064,0.000012,0.001352,,,,,,0.010498,,,,,0.000073,,,,,,,,,,,,,,,,,,
108041103,9.2247e+08,16,千克,0.9269,0.926853,0.010882,0.000890,0.000694,,0.042108,,0.000036,0.001999,0.000275,0.000000,0.000165,,0.000001,0.000218,,,,0.000000,,,,,0.003816,0.012062,0.000002,,,,,,
109020702,9.20602e+08,12,个,0.7522,0.018174,0.752191,0.001206,0.141879,,0.000258,,,0.084860,0.000597,0.000001,,0.000096,,0.000604,,,0.000037,,,,,,0.000098,,,,,,,,
304070102,9.20289e+08,10,UNKNOWN,0.5419,0.000000,0.042837,0.541894,0.300444,,,,0.002106,0.004834,,,,0.097829,,,0.000115,,,,,,,,,,,0.009671,,0.000271,,,
108040412,9.15449e+08,20,个,0.6258,0.223353,0.625838,0.003319,0.112792,,0.002907,0.000006,0.000113,0.011011,0.000062,0.001927,0.000756,0.000167,0.000233,0.013755,,,0.000245,0.000116,,,0.000000,,0.002178,0.001007,0.000215,,,,,,
108042400,9.12842e+08,21,个,0.5785,0.091792,0.578465,0.010350,0.089663,,0.003346,0.000000,0.003609,0.097176,0.003983,0.001920,0.008235,0.000073,0.000310,0.086656,0.000060,,0.000263,0.000148,,,0.000006,,0.014475,0.000423,0.009047,,,,,,
107040301,9.11628e+08,17,千克,0.9768,0.976770,0.008087,0.000057,0.000530,,0.007177,0.000005,,0.000344,0.006133,0.000024,0.000001,,,0.000003,,,0.000379,0.000016,,,0.000004,,0.000005,0.000025,0.000440,,,,,,
304040101,9.1115e+08,10,UNKNOWN,0.8898,0.011891,0.061510,0.889810,0.000222,,,,,0.025436,0.000220,,,0.000782,,0.000025,0.002679,,,,,,,,,,,,0.007424,,,,
106051205,9.08556e+08,17,个,0.7963,0.015030,0.796346,0.006957,0.001245,,0.000044,,,0.169434,0.000022,0.010382,0.000037,,0.000001,0.000225,0.000018,,,0.000000,0.000042,,,,0.000161,0.000002,0.000052,,,,,,
101040100,8.96843e+08,16,千克,0.7626,0.762631,0.022194,0.025061,0.000012,,,0.000001,,0.001722,,0.017752,0.015848,0.000000,0.000012,0.100551,,,0.000004,0.021763,0.002367,,0.000001,,,,0.030082,,,,,,
109020102,8.92547e+08,14,个,0.8574,0.017636,0.857444,0.000658,0.106481,,0.001640,,,0.011114,0.001571,0.000376,,0.000288,0.000001,0.002615,,,0.000032,,,,,,0.000142,,0.000000,,,,,,
109060206,8.92042e+08,15,个,0.7966,0.000647,0.796565,0.003267,0.196246,,0.000010,,0.000147,0.001558,,0.000039,,0.000206,,0.001144,,,0.000003,0.000002,,,,,0.000042,0.000107,0.000017,,,,,,
104020501,8.87015e+08,18,个,0.8412,0.000949,0.841222,0.003371,0.002984,,0.000004,,0.000002,0.147011,0.000004,0.000603,0.001020,0.000000,0.000005,0.001778,,,,0.000001,,,,,0.000264,0.000175,0.000606,,0.000000,,,,
303010100,8.86254e+08,10,月,0.2954,,0.153999,0.253969,0.000786,,,,0.068960,0.013045,,,,0.004640,,0.000264,0.295427,,,,,0.000028,,,,,,0.208882,,,,,
108030700,8.85718e+08,10,千克,0.8453,0.845260,0.111872,0.001119,,,0.000007,,,0.000138,0.041453,0.000000,,,0.000000,0.000143,,,,0.000007,,,,,,,,,,,,,
109062503,8.83527e+08,20,个,0.9868,0.000571,0.986785,0.000760,0.008732,,0.000071,,0.000069,0.000039,0.000007,0.001090,0.000859,0.000061,0.000193,0.000606,0.000033,,,0.000041,0.000007,0.000002,,,0.000004,0.000052,0.000016,,,,,,
109024503,8.81759e+08,17,个,0.7787,0.012188,0.778730,0.001105,0.168032,,0.000063,,,0.000387,0.000005,0.030748,0.000010,0.000004,0.000088,0.003953,,,0.000167,0.000554,,,,,0.000920,0.000008,0.003038,,,,,,
104020404,8.79523e+08,15,个,0.9506,0.042335,0.950574,0.001630,0.001398,,0.003372,,,0.000579,0.000000,0.000005,,,0.000000,0.000033,,,0.000000,0.000013,,,,,0.000001,0.000050,0.000009,,,,,,
107020602,8.77222e+08,16,千克,0.8426,0.842624,0.025234,0.000298,0.000038,,,0.030400,,0.058924,,0.000538,0.029568,0.000000,0.000538,0.000246,,,0.007080,0.004208,,,0.000000,,,0.000000,0.000302,,,,,,
307030100,8.76359e+08,11,UNKNOWN,0.9749,0.000014,0.001249,0.974865,,,,,0.008759,0.008754,,,,0.004947,,0.000246,0.000629,,,,0.000279,0.000257,,,,,,,0.000000,,,,
107060306,8.73353e+08,19,千瓦时,0.4703,0.040542,0.135516,0.006479,0.063213,0.470254,0.219360,,0.000308,0.016755,0.027965,0.000001,0.000005,0.000012,0.000000,0.019222,,,0.000040,0.000018,,,,,0.000091,0.000175,0.000041,,,,,,
104010202,8.65776e+08,14,千克,0.9079,0.907929,0.069915,0.005379,0.001401,,0.011939,0.000862,,0.000682,0.000127,0.000004,,0.000002,,0.001211,,,,,,,,,0.000314,0.000232,0.000002,,,,,,
109040307,8.65255e+08,16,个,0.7555,0.069184,0.755527,0.008099,0.149465,,0.000238,,0.000003,0.004572,0.000003,0.000011,,0.000000,0.000001,0.009706,,,0.000075,,,,,,0.003083,0.000032,0.000002,,,,,,
103030902,8.64519e+08,16,千克,0.3710,0.371039,0.019892,0.114887,0.000120,,0.000011,,,0.030072,,0.003507,0.121831,,0.008615,0.314565,,,0.001712,0.008120,0.000000,,0.001470,,,0.000006,0.004151,,,,,,
108020701,8.64111e+08,15,千克,0.8191,0.819117,0.121643,0.001634,0.022267,,0.022552,,0.000780,0.009458,0.000593,0.000011,0.000001,0.000000,,0.000540,,,,,,,,,0.001308,0.000095,0.000000,,,,,,
301010101,8.63504e+08,20,UNKNOWN,0.7659,0.191118,0.008781,0.765931,0.003374,,0.000341,0.000856,0.000542,0.001021,0.015384,,0.000490,0.001506,0.000032,0.009169,0.000023,,0.000046,,,,,,0.000095,0.000006,,0.000341,0.000295,,,,0.000649
107021902,8.59818e+08,21,千克,0.9579,0.957913,0.001782,0.002814,0.003902,,,0.000794,0.000407,0.001325,0.000089,0.000341,0.000207,0.000233,0.002362,0.002369,0.020209,,0.004083,0.000817,,,,,0.000000,0.000001,0.000324,,0.000000,,,,0.000030
109024701,8.56757e+08,13,个,0.8038,0.000784,0.803772,0.024762,0.075819,,,,,0.033351,,0.023974,,,0.000087,0.031261,,,0.000015,0.000818,,,,,0.003226,0.000008,0.002125,,,,,,
104020116,8.56204e+08,7,个,0.9864,,0.986428,0.006503,0.003873,,0.000004,,,0.000527,0.000002,,,,,0.002663,,,,,,,,,,,,,,,,,
106020299,8.54043e+08,21,个,0.7731,0.027946,0.773075,0.006018,0.134025,,0.000002,,0.000068,0.001596,0.000012,0.000773,0.014570,0.000348,0.000043,0.025249,,,0.000004,0.000011,0.015620,,,,0.000026,0.000123,0.000100,,,0.000390,0.000001,,
109041903,8.53739e+08,8,个,0.9729,0.000036,0.972938,0.001169,0.025786,,,,,,,0.000051,0.000007,0.000012,0.000001,,,,,,,,,,,,,,,,,,
105010803,8.52656e+08,20,个,0.5944,0.065807,0.594354,0.028442,0.192277,0.000149,0.006160,0.045668,0.000641,0.023704,0.025016,0.000032,0.000140,0.000013,0.000008,0.017295,,,0.000006,0.000014,,,,,0.000144,0.000002,0.000128,,,,,,
107021412,8.51881e+08,18,个,0.5398,0.422921,0.539761,0.000872,0.003495,,0.000090,0.002919,,0.001199,,0.006294,0.000229,0.000099,0.012603,0.000657,,,0.006465,0.000255,0.000560,,0.000010,,,0.000001,0.001571,,,,,,
109050299,8.51781e+08,19,个,0.7881,0.000629,0.788072,0.024003,0.123425,,0.002182,,0.005466,0.007099,0.000022,0.000002,0.000049,0.000061,,0.048645,0.000303,,,,,,,0.000009,0.000003,0.000003,0.000014,0.000011,,,,,0.000002
109042408,8.48315e+08,17,个,0.8817,0.001473,0.881675,0.024192,0.071689,,0.000106,,0.000002,0.006937,0.000473,0.000016,0.006367,0.000017,0.000001,0.006923,,,0.000009,,,,,,0.000012,0.000094,0.000015,,,,,,
107020103,8.46431e+08,14,千克,0.8908,0.890801,0.000746,0.000188,0.000184,,0.000010,0.000002,,0.106549,,0.000032,0.000000,,0.001155,,,,0.000328,0.000000,,,,,,0.000006,0.000000,,,,,,
109062002,8.45826e+08,14,盒,0.7016,0.003669,0.192949,0.016458,0.021746,,,,,0.019380,0.000093,0.701590,0.000001,0.000003,0.009543,0.002232,,,,,,,,,0.032335,0.000000,0.000001,,,,,,
107030501,8.43099e+08,16,千克,0.6943,0.694267,0.100920,0.000297,0.000008,,,0.000257,0.000002,0.111600,,0.015781,0.001929,0.000000,0.058100,0.000244,,,0.004264,0.004496,,,0.000000,,,,0.007833,,,,,,
107010109,8.41165e+08,15,千克,0.9028,0.902798,0.055420,0.002407,0.000525,,0.000000,0.000405,,0.012154,,0.000000,0.001580,0.000000,0.002148,,,,0.022171,0.000002,,,0.000389,,,,0.000001,,,,,,
109020302,8.38717e+08,12,个,0.9882,0.000223,0.988173,0.006899,0.000402,,,,0.000213,0.000508,0.000150,,,0.000013,,0.002707,0.000644,,0.000066,,,,,,0.000002,,,,,,,,
109060313,8.3844e+08,20,个,0.8695,0.009776,0.869517,0.002268,0.092366,,0.003952,,0.000116,0.002379,0.000048,0.000111,0.000008,0.000194,0.000188,0.017724,,,0.000020,0.000003,,,0.000001,,0.000194,0.000047,0.001082,,,,,0.000006,
107020207,8.38165e+08,11,千克,0.9947,0.994690,0.000001,0.000013,,,,0.000003,,0.003990,,0.000691,,,0.000142,,,,0.000420,0.000023,,,0.000023,,,,0.000003,,,,,,
109060701,8.36696e+08,18,套,0.7966,0.000549,0.177289,0.020761,0.796562,,0.000112,,0.002614,0.000169,0.000080,0.000325,,0.000166,0.001004,0.000193,0.000038,,0.000026,,0.000018,,,,0.000001,0.000001,0.000092,,,,,,
103020199,8.35747e+08,17,箱,0.4921,0.056926,0.159219,0.006126,0.000362,,0.000064,,,0.008066,,0.155085,0.492058,0.000006,0.001425,0.043977,,,0.003622,0.049810,0.001371,,0.010047,,,0.000048,0.011788,,,,,,
107060111,8.33021e+08,21,个,0.4414,0.086933,0.441419,0.004957,0.026171,,0.116141,0.061084,0.000555,0.006408,0.207206,0.000049,0.000401,0.000301,0.000490,0.015622,,,0.000631,0.000439,,0.000000,0.000005,,0.001143,0.029498,0.000548,,,,,,
107020401,8.28728e+08,11,千克,0.9850,0.984999,0.000067,0.002033,0.000003,,,0.000123,,0.011043,,,0.000053,,0.001346,0.000069,,,0.000218,,,,0.000045,,,,,,,,,,
109062003,8.28075e+08,13,副,0.7643,0.102308,0.089935,0.009930,0.006397,,0.000182,,,0.000711,,0.000000,0.000452,0.000018,0.000003,0.025726,,,,,,,,,0.764336,,0.000005,,,,,,
103011204,8.27319e+08,13,千克,0.9974,0.997367,0.000710,0.000273,,,,,,0.000013,,0.000082,0.000198,,0.000282,0.000000,,,0.000526,0.000234,,,0.000265,,,,0.000051,,0.000000,,,,
109060202,8.26361e+08,15,个,0.8844,0.001796,0.884433,0.001868,0.100171,,0.001335,,0.000001,0.001619,,0.000010,,0.000002,0.000019,0.008666,,,0.000002,,,,,,0.000027,0.000053,0.000000,,,,,,
108010305,8.24084e+08,15,个,0.9470,0.006023,0.947008,0.000396,0.017985,,0.002110,0.000564,,0.025347,0.000425,,0.000004,,,0.000113,,,,0.000000,,,,,0.000012,0.000000,0.000006,0.000007,,,,,
107021306,8.20501e+08,18,千克,0.8329,0.832913,0.068676,0.012706,0.000956,,0.002190,0.000916,,0.070292,0.000009,0.000034,0.000079,0.000000,0.001832,0.000005,,,0.007879,0.000058,,,0.001294,,,0.000160,0.000000,,,,,,
106051206,8.20338e+08,19,个,0.7757,0.054946,0.775736,0.001318,0.003328,,0.157084,0.000113,0.000003,0.006563,0.000082,0.000003,0.000006,0.000008,0.000000,0.000006,,,0.000057,0.000013,,,,,0.000426,0.000132,0.000177,,,,,,
106040699,8.2014e+08,22,个,0.6369,0.053307,0.636918,0.027459,0.070290,,0.001729,,,0.041451,0.055377,0.000734,0.000001,0.000001,0.000158,0.058528,0.000000,,0.000020,0.000016,0.000011,0.000000,0.000061,,0.048863,0.005055,0.000019,,,,,0.000000,
107020233,8.19419e+08,6,千克,0.9999,0.999897,0.000074,0.000026,,,,,,,,0.000001,,,0.000002,,,,,,,,,,,,0.000000,,,,,,
108010308,8.11031e+08,18,OTHER,0.3324,0.024185,0.202098,0.010490,0.030584,,0.134890,0.190907,0.000012,0.332442,0.062019,,,0.009038,0.000003,0.002864,,,0.000107,0.000001,,,,,0.000073,0.000136,0.000004,0.000148,,,,,
109041603,8.05492e+08,9,个,0.9961,,0.996108,0.002955,0.000714,,0.000002,,0.000004,0.000037,0.000014,,0.000007,,,0.000159,,,,,,,,,,,,,,,,,
109010508,8.05384e+08,15,个,0.9788,0.000533,0.978759,0.000680,0.013152,,0.000007,,0.000062,0.000954,,0.000000,0.000004,0.000004,,0.005150,0.000000,,0.000059,,,,,,0.000634,0.000000,,,,,,,
104020407,7.98275e+08,18,个,0.8420,0.048839,0.842036,0.001456,0.003527,,0.057975,,0.000009,0.038659,,0.000026,0.000069,0.000000,0.000007,0.000702,,,0.000001,0.000114,,,0.000003,,0.005827,0.000026,0.000725,,,,,,
107020208,7.97126e+08,6,千克,0.9996,0.999576,,0.000004,,,,,,0.000051,,,,,0.000008,,,,0.000362,,,,,,,,0.000000,,,,,,
110020204,7.95501e+08,8,千克,0.9714,0.971408,0.004640,0.003102,0.003551,,,0.008243,,0.000330,,,,,0.008724,,0.000002,,,,,,,,,,,,,,,,
108041405,7.94102e+08,20,千克,0.3803,0.380293,0.353517,0.001773,0.033285,,0.001558,0.000083,0.000020,0.058080,0.000030,0.058574,0.100757,0.000656,0.000122,0.001575,,,0.000054,0.001629,0.000000,,,,0.000445,0.005473,0.002076,,,,,,
109031404,7.88988e+08,14,个,0.5737,0.042494,0.573673,0.001525,0.288046,,0.000001,,0.000398,0.022157,,,0.001764,,0.000000,0.015759,,,,0.000000,,,,,0.053666,0.000446,0.000070,,,,,,
105020105,7.87968e+08,20,个,0.6792,0.223017,0.679172,0.006250,0.058497,0.000047,0.006222,0.000003,0.005090,0.006132,0.005564,0.000038,0.000453,,0.000071,0.008491,,,0.000004,0.000032,,,,,0.000052,0.000763,0.000090,,,,0.000013,,
108031502,7.87901e+08,12,千克,0.9954,0.995418,0.002455,0.000064,0.000253,,0.000797,,,0.000389,,,0.000001,0.000000,,0.000157,,,0.000063,,,,,,,0.000315,0.000088,,,,,,
106040601,7.87729e+08,15,个,0.9636,0.000062,0.963583,0.001787,0.000438,,0.000059,,,0.018392,,0.000755,0.000151,0.000000,,0.000106,,,0.000137,0.014360,,,,,0.000163,0.000005,0.000002,,,,,,
107021501,7.85117e+08,17,千克,0.9471,0.947106,0.000070,0.003017,0.000287,,0.000000,0.047934,,0.000054,0.000044,0.000014,0.000017,,0.000115,0.000164,,,0.001147,0.000016,,,0.000000,,,0.000004,0.000011,,,,,,
109069900,7.85006e+08,20,个,0.7968,0.028557,0.796759,0.012747,0.104933,,0.004015,0.000018,0.000935,0.004560,0.017208,0.000603,0.000024,0.000113,0.000381,0.028090,,,0.000302,0.000003,,,,,0.000050,0.000520,0.000180,0.000000,,,,,
103020102,7.8422e+08,18,个,0.2769,0.029258,0.276948,0.018805,0.000017,,,0.000006,,0.267773,,0.007599,0.059935,,0.000225,0.126248,0.000374,,0.000289,0.058558,0.000408,,0.000204,,,0.001854,0.149024,,0.002476,,,,
109013305,7.82977e+08,17,个,0.8834,0.011296,0.883371,0.000056,0.094758,,0.000981,,0.000307,0.000679,,0.000118,0.000045,0.000008,0.000013,0.007999,,,0.000003,0.000000,,,0.000006,,,0.000263,0.000098,,,,,,
104010506,7.81037e+08,14,个,0.9047,0.027009,0.904694,0.021194,0.013931,,0.005912,,0.000001,0.003437,0.019757,0.003577,0.000021,,,0.000096,,,,0.000295,,,,,0.000018,0.000059,,,,,,,
104010402,7.79123e+08,11,千米,0.7464,0.230739,0.017369,0.001751,0.000675,,0.746389,,,0.002898,0.000004,0.000081,,,,,,,,,0.000058,,,,0.000015,,0.000021,,,,,,
405010100,7.77209e+08,8,平方米,0.7173,,0.000015,0.241666,,,,,0.016774,0.021291,0.717272,,,0.000026,,,0.002907,,,,,0.000050,,,,,,,,,,,
109011305,7.7717e+08,23,个,0.5169,0.014227,0.516908,0.007916,0.425985,,0.000575,0.000027,0.001714,0.012200,0.000163,0.000002,0.000044,0.001144,0.000210,0.003364,0.001408,,0.000880,0.000005,,,0.000033,,0.013111,0.000003,0.000064,,,0.000017,,,0.000001
109050106,7.7412e+08,8,套,0.8761,,0.079949,0.042782,0.876073,,,,,0.000404,,,,0.000002,,0.000756,,,0.000001,,,,,,0.000034,,,,,,,,
108011499,7.72095e+08,17,个,0.5044,0.125452,0.504408,0.097308,0.059600,,0.035982,,0.000014,0.019050,0.119639,0.000670,0.001352,,0.008491,0.025521,,,0.000003,0.000000,,,,,0.002294,0.000071,0.000146,,,,,,
107021899,7.67134e+08,15,千克,0.8523,0.852312,0.106213,0.000084,0.005438,,0.006104,0.001113,,0.003885,0.017570,0.003067,0.001207,,0.002375,,,,0.000482,0.000001,,,,,,0.000137,0.000010,,,,,,
106010304,7.62315e+08,20,千克,0.4105,0.410504,0.070961,0.001102,0.008163,,0.005458,,0.000000,0.179056,0.213150,0.000189,0.010677,0.000003,0.000004,0.003091,,,0.000054,0.000000,,0.000475,,,0.000032,0.078623,0.003273,,,,0.015185,,
103030707,7.61761e+08,15,千克,0.3985,0.398454,0.028319,0.011839,0.001142,,,,,0.027893,,0.260565,0.170794,,0.007248,0.028855,,,0.001464,0.030952,0.000329,,0.017086,,,,0.014511,,0.000548,,,,
104010702,7.61112e+08,20,个,0.7339,0.138215,0.733937,0.008202,0.021203,,0.009645,0.000012,,0.007145,0.028030,0.000094,0.013127,0.000003,0.000010,0.011356,,,0.000034,0.000172,,,,,0.000001,0.020553,0.008079,,0.000180,,,0.000002,
109010501,7.60502e+08,19,个,0.6011,0.055726,0.601107,0.006029,0.233775,,0.004253,0.000094,0.001762,0.046461,,0.000001,0.000037,0.001593,0.000172,0.042337,,,0.001042,0.000008,,0.000001,,,0.004826,0.000462,0.000314,,,,,,
108012803,7.59909e+08,20,个,0.7875,0.023307,0.787541,0.006702,0.007584,,0.041266,0.000000,,0.063179,0.032888,0.002164,0.003946,0.000001,0.000267,0.000412,,,0.000126,0.000319,,,0.000031,,0.005751,0.023873,0.000641,,,,0.000003,,
103030400,7.57723e+08,17,箱,0.4213,0.014327,0.194578,0.009030,0.003106,,0.000008,0.001429,,0.108781,,0.164307,0.421279,0.000000,0.073695,0.000323,,,0.007809,0.000554,0.000000,,0.000005,,,,0.000768,,,,,,
107021901,7.54258e+08,20,千克,0.8318,0.831835,0.087249,0.012023,0.011470,,0.000184,0.001872,0.000210,0.005895,0.000109,0.000240,0.000443,0.000613,0.001354,0.010400,0.024992,,0.010186,0.000502,,,0.000016,,,0.000027,0.000382,,,,,,
107050104,7.51665e+08,14,个,0.9634,0.010326,0.963408,0.000095,0.025541,,0.000003,,,0.000332,0.000018,0.000001,0.000001,0.000007,0.000003,0.000206,,,,,,,,,0.000054,0.000006,,,,,,,
108032102,7.49899e+08,10,千克,0.9491,0.949143,0.038670,0.001744,0.003567,,0.004922,,,0.000759,0.000938,,,,0.000029,0.000156,,,0.000074,,,,,,,,,,,,,,
104020109,7.48237e+08,11,个,0.9802,0.000760,0.980156,0.017184,0.001372,0.000375,,,,0.000120,,,,,0.000000,,,,,0.000000,,,,,0.000000,0.000030,,0.000003,,,,,
109040305,7.4691e+08,9,个,0.9484,0.000162,0.948373,0.000359,0.049013,,0.000033,,0.000068,0.001567,,,,0.000011,,0.000413,,,,,,,,,,,,,,,,,
109012905,7.42299e+08,14,个,0.7309,0.001489,0.730949,0.069717,0.185306,,0.000009,0.000164,0.004235,0.002864,0.000081,,,0.000010,0.000106,0.005069,,,,0.000000,,,,,0.000001,,,,,,,,
106051304,7.42298e+08,16,个,0.7963,0.176677,0.796251,0.004072,0.006821,,0.000399,,,0.000018,,0.000025,0.000114,,0.001280,0.004993,,,0.000663,0.008066,,,0.000001,,0.000003,0.000000,0.000618,,,,,,
102050501,7.40795e+08,12,千克,0.9581,0.958062,0.004717,0.000867,0.000002,,,,,0.033257,0.000014,,0.000001,,0.000015,0.000070,,,,,,,,,0.000044,,0.000009,0.002943,,,,,
109060306,7.39873e+08,12,个,0.7331,,0.733129,0.002135,0.231330,,0.000218,,0.026556,0.001801,0.001987,,,0.000202,0.000008,0.002570,,,,,,,,,0.000000,0.000065,,,,,,,
104010604,7.34456e+08,17,个,0.4681,0.031758,0.468096,0.002631,0.020392,,0.420069,,0.001706,0.002297,0.027348,0.000030,0.000135,0.000058,0.000001,0.022233,,,0.000032,,,,,,0.002276,0.000934,0.000004,,,,,,
105020206,7.31333e+08,11,个,0.8808,0.000931,0.880836,0.000498,0.040409,,0.075649,,0.000027,0.000517,0.000390,,0.000009,,,0.000731,,,,,,,,,,,0.000002,,,,,,
108011401,7.2552e+08,18,个,0.8891,0.053028,0.889145,0.006638,0.043236,0.001074,0.000184,,,0.001245,0.000025,0.001437,0.003070,0.000010,0.000004,0.000721,,,,0.000000,,,0.000001,,0.000173,0.000006,0.000003,,,,,,
105010501,7.2439e+08,15,个,0.3517,0.003959,0.351675,0.039760,0.215915,,0.013782,0.050058,0.000609,0.056777,0.199901,,,0.000001,,0.066940,,,,,,,,,0.000018,0.000158,0.000032,0.000414,,,,,
109061908,7.23717e+08,19,个,0.8995,0.002788,0.899493,0.008071,0.060007,,0.000016,,,0.000963,0.018055,0.000243,0.000001,0.000689,0.000108,0.007118,0.000032,,0.000010,,0.000001,,0.000002,,0.002373,0.000013,0.000017,,,,,,
109011205,7.23543e+08,9,个,0.9901,0.001217,0.990094,0.000446,0.005392,,0.000168,,0.000297,0.000005,,,,,,0.002256,,,,,,,,,0.000125,,,,,,,,
104020107,7.22273e+08,10,个,0.9714,0.000022,0.971418,0.005635,0.021608,0.000038,0.000825,,,0.000040,,0.000000,,,,0.000412,,,,0.000001,,,,,,,,,,,,,
201010000,7.22246e+08,24,千克,0.3978,0.397794,0.248284,0.082627,0.018261,0.000147,0.021101,0.011353,0.015817,0.020946,0.110326,0.000491,0.000194,0.027152,0.000573,0.019622,0.000000,,0.000913,0.000284,,0.014207,0.000217,,0.000491,0.008449,0.000058,0.000692,,,,,
105010503,7.17954e+08,11,个,0.7710,0.001629,0.771010,0.010409,0.007716,,0.002548,0.109791,0.000013,0.000425,0.093432,,,,,0.002794,,,,,,,,,0.000233,,,,,,,,
106050206,7.16626e+08,18,千克,0.6080,0.607953,0.260459,0.005218,0.036096,,0.002609,0.000148,0.000215,0.065281,0.000794,0.000084,0.000078,,0.000014,0.019227,,,0.000005,0.000005,,,,,0.001715,0.000093,0.000006,,,,,,
103010803,7.14065e+08,15,袋,0.4082,0.211779,0.071781,0.025364,0.000748,,,,,0.012421,,0.023786,0.021601,,0.000350,0.011325,,,0.000013,0.408246,0.009712,,0.001250,,0.000012,,0.201612,,,,,,
108010701,7.13732e+08,20,平方米,0.3849,0.331237,0.027511,0.019838,0.007428,,0.056212,0.132446,0.000001,0.017352,0.384920,0.000006,0.000059,0.000000,0.000003,0.022837,,,0.000132,0.000003,,,,,0.000000,0.000016,0.000001,,,,,,0.000001
109010504,7.11667e+08,15,个,0.9886,0.000014,0.988639,0.007715,0.002161,,0.000003,,,0.000074,,0.000545,0.000004,0.000004,0.000003,0.000811,,,,0.000000,,,,,0.000004,0.000022,0.000001,,,,,,
108010404,7.10297e+08,19,UNKNOWN,0.7799,0.026224,0.020200,0.779926,0.004135,,0.087747,0.041657,0.000157,0.002860,0.028419,0.000246,0.000932,0.000003,0.000032,0.006622,,,0.000598,0.000014,,,,,0.000058,0.000003,0.000166,,,,,,
108041101,7.09867e+08,18,千克,0.9182,0.918198,0.022804,0.007374,0.000584,,0.003661,0.000004,,0.009798,0.020114,0.000031,0.002660,0.000009,0.000010,0.001398,,,0.000146,0.000002,,,,,0.000094,0.012795,0.000318,,,,,,
108010899,7.06514e+08,19,平方米,0.4349,0.366855,0.018552,0.034421,0.007144,,0.050388,0.002352,0.000146,0.004015,0.434935,0.000001,0.000023,0.000000,0.000004,0.014102,,,0.017185,0.000021,,,0.000026,,,0.035300,0.014529,,,,,,
109012906,7.06196e+08,18,个,0.8915,0.002496,0.891527,0.004571,0.094764,,0.000902,,0.001765,0.001863,0.000087,0.000056,0.001030,0.000024,0.000044,0.000540,,,0.000003,0.000059,,,,,0.000012,0.000256,0.000001,,,,,,
101011503,7.04291e+08,18,千克,0.8059,0.805874,0.050314,0.036747,0.000130,0.000020,,,,0.001305,,0.027654,0.031930,,0.000173,0.003309,0.000043,,0.000031,0.035182,0.000815,,0.004529,,0.000001,0.000000,0.001944,,,,,,
109023102,7.02208e+08,17,千米,0.6705,0.035670,0.142971,0.000807,0.088072,,0.670542,,0.001497,0.030416,0.000128,0.000004,0.011694,,0.000000,0.005676,,,0.000004,0.000005,,,,,0.000270,0.012215,0.000028,,,,,,
106051202,7.01561e+08,21,个,0.7878,0.028053,0.787842,0.002091,0.052874,,0.009335,0.000019,0.000015,0.012669,0.000521,0.005503,0.024563,0.000003,0.000427,0.008782,,,0.005137,0.000434,0.000000,,0.000012,,0.000034,0.000031,0.061655,,,,,,
102050514,7.00955e+08,8,千克,0.9998,0.999778,0.000127,0.000070,,,,,,0.000004,,,,,0.000004,,,,0.000002,0.000015,,,,,,,0.000000,,,,,,
101020402,7.00404e+08,18,千克,0.9829,0.982914,0.003277,0.002645,0.000589,,0.000130,0.002095,,0.000984,0.001605,0.000028,0.000447,,0.000417,0.000163,,,0.003438,0.000008,,,0.000020,,0.000000,0.001052,0.000187,,,,,,
109062799,6.98835e+08,24,个,0.8463,0.002723,0.846279,0.018807,0.067634,,0.001212,0.002641,0.004118,0.004390,0.000250,0.001952,0.005011,0.000274,0.001646,0.026273,0.003054,,0.000762,0.002301,0.000114,0.000018,,,0.000064,0.009287,0.001175,,,0.000009,0.000008,,
109012704,6.9611e+08,19,个,0.4543,0.036035,0.454325,0.008241,0.437677,,0.003147,,0.001874,0.005826,0.008649,0.000020,0.000005,0.015979,0.000126,0.025354,0.000640,,0.000163,0.000052,,,,,0.001788,0.000087,0.000015,,,,,,
303020100,6.87034e+08,11,月,0.3061,,0.044146,0.282949,0.000134,,,,0.103350,0.008569,,,,0.189212,,0.004733,0.306090,,,,,0.000027,,,,,,0.060541,,0.000249,,,
104019905,6.86242e+08,14,千米,0.8875,0.034006,0.059270,0.001152,0.000762,,0.887533,,,0.016733,0.000118,,0.000007,0.000001,,0.000396,,,,,0.000003,,,,0.000007,0.000011,0.000001,,,,,,
109051001,6.83429e+08,19,个,0.5723,0.000095,0.572290,0.074406,0.315410,,0.001067,,0.005263,0.003240,0.000043,0.000009,0.000684,0.001459,,0.024601,0.001296,,0.000000,,0.000003,0.000031,,,0.000009,0.000091,0.000001,,,,,,
108010703,6.82014e+08,14,平方米,0.7902,0.074303,0.010089,0.019204,0.018054,,0.035798,0.018695,0.000086,0.019907,0.790200,0.000033,0.000320,,,0.013210,,,,0.000101,,,,,,,0.000000,,,,,,
103020301,6.79512e+08,19,批,0.1866,0.162145,0.174417,0.019189,0.000719,,,,,0.076633,0.000245,0.048597,0.118659,0.000000,0.000591,0.186635,,,0.002321,0.151133,0.001543,,0.005181,,,0.000112,0.050681,0.000005,0.001193,,,,
107050801,6.79494e+08,18,副,0.5055,0.012478,0.382612,0.000513,0.001591,,0.002055,,0.000001,0.031102,0.000378,0.011193,0.027448,0.000005,0.000026,0.004467,,,0.000178,0.001133,,,,,0.505493,0.001605,0.017723,,,,,,
108032001,6.79345e+08,11,千克,0.8768,0.876835,0.004538,0.000004,0.000144,,0.006771,,,0.102293,0.000091,0.000051,,,0.000149,,,,,,,,,,,0.009099,0.000024,,,,,,
104011004,6.79207e+08,21,千米,0.4591,0.408240,0.038311,0.000013,0.000257,0.001948,0.459096,0.000059,,0.016826,0.051142,0.000042,0.000218,0.000009,0.000161,0.000096,,,0.001146,0.000014,0.000006,,0.011714,,0.000687,0.010010,0.000006,,,,,,
104020103,6.77575e+08,9,个,0.7867,0.000423,0.786734,0.040144,0.171967,,0.000095,,,0.000061,,,,,,0.000558,,,,0.000000,,,,,,,0.000018,,,,,,
109060511,6.77004e+08,23,个,0.5403,0.000526,0.540303,0.003291,0.287229,,0.000641,0.006208,0.000293,0.002851,0.000016,0.014264,0.001465,0.007626,0.038283,0.002426,,,0.004320,0.000526,0.000050,0.000003,0.000008,,0.000050,0.000084,0.089486,0.000051,,,,,
109060607,6.75099e+08,19,个,0.5000,0.001987,0.500037,0.008834,0.353519,,0.000623,0.000517,0.000508,0.017342,0.000020,0.000530,0.000064,0.000412,0.000871,0.004316,,,0.000108,0.000039,,,,,0.110051,0.000133,0.000087,,,,,,
107021409,6.74867e+08,18,千克,0.5550,0.554958,0.059259,0.001746,0.001560,,,0.012688,0.005806,0.029594,0.000106,0.000685,0.004338,0.000069,0.012870,0.005815,,,0.226926,0.001579,,,0.007253,,0.000000,,0.074750,,,,,,
101030399,6.73648e+08,13,千克,0.8640,0.864040,0.021446,0.009496,0.003851,0.000026,,,,0.091825,,0.003930,0.000345,,0.000169,0.002112,,,,0.000818,0.000136,,,,,,0.001805,,,,,,
109025306,6.72621e+08,23,个,0.4654,0.087912,0.465392,0.022551,0.279409,,0.073880,0.000773,0.008728,0.021073,0.004259,0.000010,0.000050,0.000510,0.001365,0.020678,0.000082,,0.000130,0.000070,0.000005,0.000001,0.000002,,0.004722,0.008331,0.000068,,,,,,
104030599,6.70818e+08,18,个,0.7561,0.025910,0.756072,0.003933,0.042287,,0.072898,,,0.006900,0.090048,0.000231,0.000028,0.000003,0.000011,0.000397,,,0.000077,0.000001,,,,,0.000744,0.000268,0.000008,,,,,,0.000186
109011301,6.69317e+08,20,个,0.8703,0.000173,0.870320,0.007873,0.014896,,0.000080,0.000036,0.000742,0.011039,0.000108,0.000001,0.000007,0.001200,0.000107,0.084053,0.004631,,0.000594,0.000000,,,,,0.004073,0.000057,0.000008,,,,,,
108020401,6.6816e+08,17,千克,0.7079,0.707891,0.168365,0.000834,0.025309,0.000151,0.084696,0.000073,0.000001,0.003735,0.008067,0.000013,0.000011,0.000002,,0.000759,,,,,,,,,0.000032,0.000059,0.000003,,,,,,
109013402,6.67699e+08,19,个,0.5321,0.019322,0.532141,0.016636,0.382481,,0.006156,0.000002,0.012971,0.012322,0.000402,0.000000,0.000020,0.000272,0.000011,0.015955,,,0.000000,,,,0.000079,,0.000045,0.000072,0.001111,,,,,,
103020206,6.66505e+08,15,个,0.5962,0.160914,0.596232,0.002976,0.000037,,,,,0.002032,,0.012345,0.019807,,0.032061,0.000000,,,0.000441,0.099827,0.000036,,0.062440,,,0.000000,0.010851,,,,,,
109011502,6.65738e+08,10,个,0.9950,0.000081,0.994999,0.000601,0.003701,,0.000037,,,0.000030,0.000195,,,0.000001,,0.000349,,,0.000005,,,,,,,,,,,,,,
107060105,6.62133e+08,20,千克,0.5385,0.538473,0.245267,0.006665,0.026129,,0.134124,0.001092,0.000008,0.021628,0.009503,0.000313,0.002009,0.000016,0.000264,0.004644,,,0.000000,0.000093,0.000000,,,,0.000074,0.008314,0.001383,,,,,,
105010404,6.55775e+08,20,个,0.5531,0.049873,0.553079,0.003113,0.017689,,0.004923,0.177476,0.001077,0.017396,0.164962,0.000030,0.000137,0.000002,,0.009404,,,0.000003,0.000000,,,0.000000,,0.000282,0.000277,0.000010,,,,0.000267,,
107030108,6.55627e+08,9,千克,0.9782,0.978244,0.001270,0.000059,,,,,,0.001696,,0.002581,,,0.015847,0.000302,,,,0.000000,,,,,,,0.000001,,,,,,
109051004,6.48945e+08,12,个,0.9023,,0.902324,0.005956,0.089823,,0.000003,,0.000438,0.000330,,0.000002,0.000060,0.000005,,0.000731,,,,,0.000097,,,,,,0.000230,,,,,,
108012902,6.47891e+08,19,千克,0.8313,0.831259,0.136776,0.000712,0.000275,,0.001337,0.000007,,0.005012,0.001492,0.000147,0.003362,0.000000,0.000730,0.004906,,,0.011294,0.000309,,,0.000000,,0.000003,0.001299,0.001079,,,,,,
106040804,6.47263e+08,17,个,0.8861,0.000737,0.886115,0.005647,0.101351,,0.000064,,0.000494,0.003068,0.000526,0.000092,0.000002,,0.000002,0.000709,0.000028,,,0.000000,0.000510,,,,0.000635,,0.000020,,,,,,
104010201,6.45649e+08,16,千克,0.9107,0.910665,0.055220,0.001183,0.002208,,0.022940,0.000248,,0.007394,,0.000027,0.000008,,0.000006,,,,0.000000,0.000007,,,0.000008,,0.000065,0.000004,0.000016,,,,,,
109060608,6.39052e+08,19,个,0.5951,0.003439,0.595121,0.005331,0.353309,,0.002499,0.000078,0.010365,0.005030,0.000047,0.001011,0.000667,0.000446,0.000309,0.005737,,,0.000051,0.000342,,,,,0.015603,0.000033,0.000582,,,,,,
109012606,6.38825e+08,10,个,0.7226,0.160705,0.722649,0.000304,0.098725,,0.000004,,0.009087,0.007420,,,,,0.000001,0.001100,,,,,,,,,,0.000005,,,,,,,
108041899,6.34426e+08,17,个,0.8199,0.091725,0.819917,0.001175,0.061375,,0.000198,,0.000488,0.013630,0.000336,,0.000385,0.000102,0.000004,0.010138,,,0.000053,,,,0.000356,,0.000117,0.000001,0.000000,,,,,,
101040200,6.34283e+08,13,千克,0.8919,0.891892,0.014120,0.020907,0.001561,,,0.000318,,0.006853,,0.009766,0.015163,,0.000111,0.036455,,,,0.002367,0.000021,,,,,,0.000465,,,,,,
109012500,6.29377e+08,19,个,0.7839,0.032814,0.783917,0.003551,0.150245,,0.009546,0.000045,0.000341,0.007263,0.001026,0.000514,0.000191,0.000196,0.000044,0.003937,,,0.000009,0.000599,,,,,0.000420,0.004541,0.000800,,,,,,
107022002,6.28439e+08,11,千克,0.7392,0.739212,0.000637,0.000076,,,,,,0.000026,,0.257116,0.001438,,0.000104,,,,0.000981,0.000034,,,,,,0.000000,0.000376,,,,,,
108031203,6.21373e+08,10,千克,0.8798,0.879806,0.100148,0.000072,0.013595,,,,,0.000483,,0.000017,0.000034,,0.000002,0.005841,,,,,,,,,0.000002,,,,,,,,
108011103,6.20815e+08,15,个,0.9842,0.000117,0.984204,0.001666,0.011086,,0.000798,,,0.000709,0.000047,0.000001,0.000016,0.000022,0.000020,0.001233,,,,,,,,,0.000068,0.000006,0.000008,,,,,,
109011602,6.16924e+08,20,个,0.4971,0.021102,0.497066,0.004210,0.312575,,0.011849,0.000267,0.001644,0.102532,0.011898,0.000002,0.000069,0.000013,0.000003,0.034936,0.000948,,0.000001,0.000008,,,,,0.000835,0.000037,0.000004,,,,,,
109040905,6.14035e+08,16,个,0.6673,0.007289,0.667267,0.001647,0.234032,,0.070363,,0.000127,0.009637,0.000000,0.000015,0.001508,0.000001,,0.007582,,,,0.000007,,,,,0.000000,0.000464,0.000061,,,,,,
301010102,6.13912e+08,20,UNKNOWN,0.4755,0.180779,0.095044,0.475483,0.001371,,0.016034,0.022316,0.011488,0.067546,,0.001382,0.002181,0.026731,0.000041,0.019351,0.019931,,0.000067,,,0.000049,,,,,0.000011,0.016233,0.007071,,,,0.036891
109013203,6.12547e+08,20,个,0.8302,0.062985,0.830238,0.004634,0.087168,,0.000650,0.000012,0.000028,0.001064,,0.000194,0.000095,0.000049,0.000082,0.004117,,,0.000360,0.000004,0.000008,0.000001,,,0.007798,0.000206,0.000309,,,,,,
101049900,6.08445e+08,16,千克,0.6288,0.628777,0.082396,0.023942,0.042036,,,,,0.003006,,0.025463,0.029254,0.000000,0.002079,0.133407,,,0.000120,0.007698,0.019508,,0.000002,,,0.000001,0.002310,,,,,,
107030210,6.07527e+08,13,个,0.7338,0.005331,0.733769,0.000667,0.000089,,,,,0.038796,,0.192193,0.000195,,0.024574,,,,0.000023,0.004308,,,,,0.000006,0.000000,0.000050,,,,,,
109012907,6.06115e+08,18,个,0.8163,0.040070,0.816283,0.001679,0.109377,,0.000317,0.000522,0.013010,0.009506,0.000524,0.000204,0.000014,0.000285,0.000034,0.003611,,,0.004243,0.000006,,,,,0.000311,,0.000005,,,,,,
304020102,6.05739e+08,4,UNKNOWN,0.9959,,,0.995877,0.001253,,,,0.000558,,,,,0.002312,,,,,,,,,,,,,,,,,,,
108040303,6.04943e+08,18,个,0.8218,0.024323,0.821783,0.014058,0.041605,,0.030732,,0.000025,0.018958,0.000002,0.011795,0.001612,0.000087,0.000312,0.023330,,,0.000244,0.000006,,,,,0.010242,0.000373,0.000516,,,,,,
103020901,6.03874e+08,18,个,0.7815,0.001921,0.781526,0.004512,0.000207,,0.000007,0.000007,,0.021314,,0.052976,0.083682,,0.003138,0.006443,,,0.023485,0.014474,0.000156,,0.000004,,0.000003,0.000052,0.006092,,,,,,
109060310,6.02294e+08,12,套,0.4632,0.009686,0.428630,0.055581,0.463211,,0.002437,,0.004782,0.029499,,,,,,0.005984,,,0.000003,,,,,,0.000124,0.000035,0.000028,,,,,,
109042203,6.02096e+08,13,个,0.4343,0.032955,0.434331,0.067471,0.170603,,0.000253,0.000335,0.000569,0.236760,0.046885,,0.000015,0.000085,,0.009722,,,0.000017,,,,,,,,,,,,,,
103030302,6.01678e+08,15,箱,0.6411,0.000264,0.204898,0.001937,0.010425,,,0.000002,,0.013406,,0.002072,0.641074,,0.068861,0.004587,,,0.029967,0.000236,,,0.019730,,,0.000001,0.002540,,,,,,
109030802,6.01372e+08,12,个,0.9562,0.008949,0.956151,0.025765,0.006966,,0.000007,,,0.000757,,,0.000113,,0.000002,0.000707,0.000021,,0.000550,,,,,,0.000012,,,,,,,,
109050804,6.00739e+08,15,个,0.6913,0.001649,0.691349,0.003715,0.048500,,0.007027,,0.000900,0.209374,,0.000089,0.000069,0.001134,,0.035664,,,,0.000002,,,,,0.000355,0.000137,0.000036,,,,,,
106040606,5.9751e+08,19,个,0.9578,0.003528,0.957815,0.004261,0.001993,,0.000252,,,0.007844,0.000091,0.000626,0.000151,0.000012,0.000015,0.011006,0.000011,,0.000007,0.000035,,,0.000001,,0.010989,0.000156,0.001205,,,,,,
109050402,5.96895e+08,12,套,0.5798,,0.306086,0.018013,0.579819,,0.007667,,0.000094,0.003937,,,,,,0.084280,0.000003,,,,,0.000027,,,0.000073,0.000001,0.000000,,,,,,
304020203,5.96859e+08,14,UNKNOWN,0.6241,,0.047106,0.624147,0.035570,,,0.000154,0.141181,0.010757,0.000009,,,0.094485,,0.006228,0.012947,,,,,0.001454,,,,0.000001,,0.025711,,0.000251,,,
109025311,5.95268e+08,20,个,0.7848,0.011116,0.784770,0.007499,0.130348,,0.003327,0.001264,0.000375,0.007552,0.034971,0.000024,0.000067,0.000053,0.000079,0.017709,0.000177,,0.000021,0.000087,,,,,0.000023,0.000177,0.000359,,,,,,
104011307,5.95076e+08,22,个,0.7892,0.001404,0.789188,0.001960,0.002852,,0.000030,0.000071,,0.079425,0.000166,0.002037,0.002009,0.000002,0.000033,0.008832,,,0.000008,0.000263,0.000008,,0.000000,,0.106770,0.000161,0.004763,,0.000001,,,0.000016,
108010702,5.94711e+08,21,个,0.3542,0.165079,0.354244,0.014611,0.017329,,0.050399,0.023432,0.052636,0.096130,0.166359,0.000013,0.000020,0.000000,0.000003,0.008641,,,0.000110,0.000152,,,0.000000,,,0.000005,0.000052,0.050742,,,,,0.000042
109020909,5.94295e+08,21,个,0.7743,0.028070,0.774349,0.003231,0.167373,0.000025,0.005991,0.001077,0.000064,0.003475,0.000019,0.000030,0.000436,0.000194,0.000650,0.011527,,,0.000873,0.000383,,,,,0.001741,0.000090,0.000021,,0.000380,,,,
108041901,5.94278e+08,14,个,0.8628,0.044113,0.862815,0.002714,0.073563,,0.002924,0.000009,0.000033,0.003544,0.005486,0.000010,,0.000004,,0.004576,,,,,,,,,0.000121,0.000089,,,,,,,
109012102,5.93133e+08,21,套,0.6723,0.002840,0.278058,0.001948,0.672327,,0.000798,0.000001,0.028151,0.001337,,0.000364,0.000024,0.000694,0.000016,0.011154,0.000012,,0.001110,0.000004,,,0.000002,,0.000132,0.000992,0.000020,0.000016,,,,,
109051399,5.92955e+08,15,个,0.4733,,0.473305,0.044958,0.447132,,0.001235,,0.010759,0.001282,0.007162,0.000001,0.000972,0.001516,,0.011216,0.000012,,,,,,,,0.000017,0.000090,,0.000342,,,,,
102050900,5.92402e+08,16,千克,0.8503,0.850343,0.146211,0.000129,0.000169,,0.001690,,,0.000091,0.000974,0.000019,0.000018,0.000000,0.000039,,,,0.000306,0.000000,,,,,0.000004,0.000001,0.000005,,,,,,
109011003,5.9119e+08,16,个,0.6687,0.009655,0.668739,0.000059,0.186718,,0.000319,,0.133660,0.000171,,0.000000,0.000023,0.000001,0.000002,0.000004,,,0.000023,,,,,,0.000617,0.000004,0.000004,,,,,,
106050702,5.90054e+08,21,平方米,0.5265,0.098368,0.203666,0.011458,0.100717,0.000253,0.002182,0.003601,0.000863,0.005835,0.526485,0.000001,0.000565,0.000008,0.000016,0.043377,,,0.000019,,0.000015,,,,0.000195,0.002336,0.000029,,,,,,0.000012
109024904,5.88077e+08,17,平方米,0.5131,0.050601,0.105838,0.003973,0.054149,,0.251078,0.000789,0.000219,0.016040,0.513126,0.000061,,0.000006,0.000003,0.000130,,,,0.000000,,,,,0.003849,0.000112,0.000024,,,,,,
109042404,5.85828e+08,17,个,0.6667,0.005437,0.666678,0.018791,0.196999,,0.001804,,0.000611,0.079925,0.000460,0.000005,0.000028,0.000013,0.000005,0.028675,,,0.000013,,,,,,0.000508,0.000036,0.000012,,,,,,
103010899,5.79862e+08,15,千克,0.6560,0.655956,0.063213,0.018688,0.002960,,,,,0.022079,,0.047429,0.021207,,0.001251,0.001504,,,0.000035,0.102740,0.010337,,0.003483,,,,0.049101,,0.000017,,,,
102050401,5.77799e+08,21,千克,0.8636,0.863636,0.076812,0.020928,0.001256,,0.000174,0.014000,,0.002190,0.002753,0.000060,0.005080,0.000398,0.000086,0.001097,,,0.000553,0.008169,0.000000,,0.000021,,0.001827,0.000163,0.000736,,,,,,0.000060
102050201,5.77332e+08,15,千克,0.8858,0.885784,0.002715,0.001054,0.000666,,0.002687,0.014168,0.000009,0.000798,0.088907,,0.000010,0.000004,0.000000,0.003187,,,0.000011,,,,,,0.000001,,,,,,,,
109060702,5.76964e+08,17,套,0.6388,0.000185,0.316790,0.005809,0.638806,,0.001391,,0.001026,0.008798,,0.015192,0.000002,0.002771,0.004398,0.003919,,,0.000003,,,,0.000001,,,0.000016,0.000879,,,,,,0.000016
301050202,5.7556e+08,17,千克,0.5072,0.507175,0.020380,0.328343,0.002673,,0.000961,0.007372,0.000912,0.023668,,,0.017282,0.026150,0.000155,0.019627,0.000303,,,,,,,,,,,0.000003,0.018520,,,0.000335,0.026140
105010901,5.75321e+08,18,立方米,0.7386,0.028600,0.095488,0.002658,0.003879,,0.004734,0.738596,0.000190,0.030412,0.093261,0.000006,0.000146,,0.000002,0.000744,,,0.001119,0.000001,,,,,0.000150,0.000011,0.000001,,,,,,
102040202,5.75228e+08,6,千克,0.9977,0.997660,0.000291,0.000099,0.000000,,,,,0.001950,,0.000000,,,,,,,,,,,,,,,,,,,,,
108040702,5.7492e+08,18,个,0.8253,0.026170,0.825270,0.009649,0.075214,,0.001006,,,0.050173,,0.004414,0.001222,0.000005,0.000013,0.005678,,,0.000347,0.000018,,,0.000177,,0.000351,0.000201,0.000094,,,,0.000000,,
105020204,5.74448e+08,20,个,0.3808,0.369325,0.380787,0.006673,0.166663,,0.015779,0.000076,0.000327,0.017693,0.013232,0.000533,0.000317,0.000027,0.000112,0.024562,,,0.000825,0.000023,,,0.000001,,0.002841,0.000101,0.000104,,,,,,
109011601,5.71687e+08,12,套,0.7345,0.000034,0.123602,0.100374,0.734456,,0.000422,0.000375,0.005591,0.014445,0.003439,,,0.002642,,0.014445,0.000175,,,,,,,,,,,,,,,,
109051902,5.7089e+08,14,个,0.9040,0.029626,0.903997,0.000207,0.022347,,0.001132,,,0.030807,0.000042,0.000004,0.011615,,,0.000028,,,0.000025,,,,,,0.000011,0.000158,0.000000,,,,,,
107020111,5.69755e+08,14,千克,0.9943,0.994287,0.000033,0.000598,0.000003,,0.000073,0.000030,,0.000044,,,,,0.001977,,,,0.000657,0.000091,0.000000,,0.000079,,,0.000000,0.002128,,,,,,
103020505,5.67674e+08,14,千克,0.6426,0.642584,0.026603,0.003715,0.000141,,,,,0.002563,,0.001332,0.137334,,0.103420,0.001285,,,0.000142,0.002555,,,0.077721,,,,0.000604,,0.000001,,,,
107020203,5.67627e+08,11,千克,0.9844,0.984440,0.000016,0.002929,,,,0.000056,,0.000442,,0.000006,0.000006,,0.008838,,,,0.003251,,,,0.000002,,,,0.000013,,,,,,
107021904,5.66555e+08,19,个,0.3173,0.124944,0.317329,0.000849,0.060395,,0.272841,0.062473,0.000262,0.123914,0.021728,0.001754,0.000884,0.000660,0.000003,0.009977,0.000196,,0.001100,0.000432,,,,,,0.000073,0.000187,,,,,,
109060201,5.66259e+08,20,个,0.7360,0.002969,0.736025,0.002830,0.228675,0.000005,0.019161,,0.000055,0.003700,,0.000233,0.000442,0.000004,0.000013,0.004524,,,0.000111,0.000000,0.000002,,,,0.000004,0.000524,0.000723,,0.000000,,,,
109041101,5.62448e+08,19,个,0.7632,0.070846,0.763229,0.000734,0.073220,0.000105,0.007270,,0.000024,0.021720,0.000154,0.000002,0.000026,0.000005,0.000000,0.059214,,,0.000001,0.000179,,,,,0.002753,0.000473,0.000046,,,,,,
106040899,5.58305e+08,16,个,0.8016,0.007638,0.801590,0.064491,0.087547,,,,0.000798,0.000472,0.000051,0.012731,0.000166,,0.000003,0.004744,0.000029,,0.000009,0.000856,,,,,0.013489,,0.005387,,,,,,
109062602,5.57057e+08,15,个,0.9494,,0.949397,0.002484,0.041234,,0.000009,0.004410,,0.000550,,0.000050,0.000238,0.000004,0.000000,0.001593,0.000022,,,0.000001,,,,,,0.000005,0.000001,,,,,,
104011401,5.56814e+08,14,个,0.9893,0.001550,0.989322,0.001305,0.001557,,0.003454,,,0.001059,0.000425,0.000010,,,,0.001127,,,,0.000002,,0.000004,,,0.000094,0.000017,0.000073,,,,,,
109061601,5.56364e+08,15,个,0.8829,0.005570,0.882926,0.003890,0.102222,,0.000125,,,0.003019,0.000336,0.000031,,0.000004,0.000008,0.000870,,,,,,,0.000062,,0.000000,0.000307,0.000631,,,,,,
108012102,5.54913e+08,17,个,0.8999,0.002898,0.899930,0.002492,0.048264,,0.000067,,0.000132,0.001693,0.000323,0.000016,0.034955,0.000005,0.000010,0.008982,,,0.000006,0.000037,,,,,0.000101,,0.000088,,,,,,
109024611,5.5454e+08,18,个,0.4670,0.000290,0.467026,0.099693,0.423354,,0.000211,0.000104,,0.000021,0.000028,0.000387,,0.000570,0.000057,0.000133,,,0.001321,0.000721,0.000919,,,,0.003702,0.000071,0.001391,,,,,,
304080202,5.53558e+08,14,UNKNOWN,0.3274,0.080411,0.002826,0.327403,0.000080,,,,0.052863,0.005142,,,0.000716,0.054208,,0.132674,0.025718,,,,0.012934,0.058161,,,,,,,0.245545,,,0.001321,
109060101,5.52308e+08,19,个,0.7414,0.001336,0.741448,0.008353,0.226627,,0.002179,0.000062,0.000302,0.010931,,0.000002,0.000032,0.000040,0.000174,0.007387,0.000326,,0.000065,0.000001,,,,,0.000228,0.000026,0.000481,,,,,,
109040402,5.51073e+08,16,个,0.9649,0.007923,0.964850,0.002848,0.016466,,0.000946,0.000672,0.000064,0.003599,,,0.001542,0.000004,0.000023,0.000945,,,0.000042,,,,,,0.000001,0.000068,0.000006,,,,,,
107021602,5.50505e+08,13,千克,0.9962,0.996206,0.000697,0.000087,,,,0.000336,,0.000198,,0.000051,0.000005,0.000001,0.000195,,,,0.002216,0.000000,,,,,,0.000000,0.000008,,,,,,
110010300,5.49962e+08,17,平方米,0.8803,0.000183,0.000822,0.010406,0.000163,0.013147,0.000004,0.049261,,0.000138,0.880301,,0.000009,0.001085,0.000055,0.000005,0.044355,,,,,,0.000000,,,,0.000010,0.000056,,,,,
304040704,5.4841e+08,19,千克,0.6471,0.647099,0.002213,0.184321,0.000053,,,0.078519,0.001418,0.004988,0.023905,0.000004,0.000019,0.004590,0.000063,0.006409,0.041707,,,,0.000014,0.000237,,,,,0.000010,0.001096,0.003333,,,,
103011203,5.47705e+08,19,千克,0.8682,0.868217,0.028568,0.001910,0.005363,,0.000007,0.000083,,0.000816,,0.000830,0.070423,0.000002,0.000337,0.000020,,,0.001210,0.018222,,,0.000005,,0.000006,0.000001,0.003977,,,,0.000004,,
109022703,5.47263e+08,18,千克,0.9161,0.916053,0.071579,0.000506,0.003563,,0.000398,0.000001,,0.001494,0.000012,0.000047,0.000040,,0.000046,0.001989,,,0.000096,0.000010,,,0.000016,,0.003941,0.000141,0.000068,,,,,,
109060506,5.46454e+08,18,套,0.5692,0.004496,0.381215,0.001634,0.569167,,0.000113,0.000045,0.000811,0.019471,,0.005770,0.000219,0.000424,0.004484,0.004540,,,0.000019,0.000255,,,0.000003,,,0.000043,0.007291,,,,,,
107021508,5.44587e+08,10,千克,0.9995,0.999491,0.000043,0.000001,,,,,,0.000034,,0.000000,0.000001,,0.000063,0.000009,,,0.000282,,,,,,,0.000077,,,,,,,
106040702,5.40467e+08,10,个,0.9777,0.000000,0.977661,0.004809,0.010388,,0.000006,,,0.000047,,,0.000003,0.000062,,0.007015,,,,,,,,,,,0.000009,,,,,,
109041305,5.4021e+08,17,个,0.7907,0.003184,0.790668,0.007065,0.054237,,,,0.000037,0.081019,,0.001164,0.002232,0.000003,0.000040,0.001378,,,0.000014,0.000000,,,,0.058946,0.000001,0.000010,0.000002,,,,,,
101011601,5.35425e+08,20,个,0.3938,0.362585,0.393762,0.005575,0.060633,,0.000019,,,0.055278,0.000001,0.052185,0.001025,,0.003444,0.012417,0.000001,,0.000347,0.021535,0.006985,0.000003,0.019437,,0.000007,0.000013,0.004747,,,,,,
107060113,5.34183e+08,13,个,0.5357,0.232230,0.535718,0.000063,0.025764,,0.000726,,,0.000776,0.000566,0.023745,0.175479,,,0.001754,,,,0.000010,,,,,,0.002837,0.000333,,,,,,
107030411,5.34002e+08,6,盒,0.9384,,0.000005,0.000149,,,,,,0.004313,,0.938359,0.000013,,0.057161,,,,,,,,,,,,,,,,,,
106040803,5.31945e+08,16,个,0.8796,0.059272,0.879582,0.001143,0.047170,,0.000024,,,0.006017,0.000026,0.000041,,,0.000104,0.005985,,,0.000009,0.000000,0.000007,,,,0.000188,0.000001,0.000430,,,,,,
109022201,5.30286e+08,19,个,0.7866,0.107737,0.786636,0.000062,0.084066,,0.000721,0.000031,,0.001113,0.000397,0.002888,0.000004,0.000220,0.000134,0.004844,,,0.003175,0.000000,,,,0.006274,0.000138,0.001536,0.000024,,,,,,
108011900,5.29101e+08,19,个,0.3919,0.080277,0.391859,0.000840,0.011215,,0.171616,0.000019,0.000030,0.326419,0.002493,0.001499,0.000940,0.000020,0.009853,0.001823,,,0.000059,,0.000093,,,,0.000756,0.000183,0.000005,,,,,,
109020408,5.26019e+08,19,套,0.4231,0.043727,0.421067,0.001816,0.423126,,0.019501,0.000818,0.000236,0.011555,0.047334,0.000000,0.000017,0.000217,0.000001,0.024099,,,0.000030,0.000035,,,,,0.006080,0.000247,0.000096,,,,,,
109041499,5.23593e+08,19,个,0.5428,0.002372,0.542794,0.042681,0.363591,,0.001447,,0.006181,0.002821,0.003520,0.000007,0.000005,0.000036,0.002545,0.031953,0.000032,,0.000012,,0.000001,,0.000001,,0.000001,,0.000000,,,,,,
109024903,5.22755e+08,15,个,0.3896,0.143953,0.389625,0.056222,0.382407,,0.000130,,0.001283,0.011684,,,0.000005,,,0.012345,0.000516,,,0.000003,,,,,0.000092,0.000006,0.000018,,,,,,0.001711
108031402,5.21545e+08,15,千克,0.5571,0.557135,0.414997,0.001594,0.002661,,0.004333,,,0.000369,0.006854,0.000970,,0.000000,0.000004,0.009586,,,0.000002,0.000037,,,,,0.001455,0.000003,,,,,,,
109011214,5.1825e+08,22,个,0.6765,0.022038,0.676548,0.013077,0.207016,,0.031900,0.000016,0.008182,0.027025,0.001464,0.000038,0.000272,0.000482,0.000000,0.004205,0.001127,,0.000138,0.000008,0.000045,,,,0.005857,0.000436,0.000090,,,,,,0.000035
109020701,5.17722e+08,14,个,0.6319,0.054495,0.631858,0.004636,0.262820,,0.000247,0.019817,0.002052,0.012276,0.000139,0.000104,,,,0.011424,,,,0.000011,,,,,0.000031,0.000090,,,,,,,
103010905,5.16923e+08,16,千克,0.8776,0.877574,0.060689,0.001124,0.000023,,,,,0.002068,,0.008232,0.007815,,0.001357,0.000238,,,0.000534,0.012089,0.007030,,0.002222,,0.000000,,0.018980,,0.000026,,,,
109060205,5.16532e+08,19,个,0.8072,0.002183,0.807219,0.007061,0.149883,,0.000366,,0.000022,0.006008,0.000144,0.000146,0.000650,0.000000,0.000001,0.026163,,,,0.000001,,0.000001,,,0.000020,0.000070,0.000029,,,,,,0.000033
109061801,5.1646e+08,7,个,0.9967,0.000000,0.996726,0.001845,0.001395,,,,,0.000032,,0.000000,,,,,,,,,,,,,,,0.000002,,,,,,
107020307,5.16327e+08,17,千克,0.8716,0.871556,0.027692,0.000360,0.000496,,0.000019,0.019006,,0.000981,0.000505,0.000060,0.000062,,0.000763,0.000024,,,0.002083,0.000017,,,0.076370,,,0.000005,0.000000,,,,,,
109023199,5.16115e+08,19,套,0.5984,0.007522,0.338203,0.004514,0.598443,,0.002061,0.000168,0.001126,0.029125,0.000263,0.000043,0.000195,0.000184,0.000043,0.017519,0.000012,,0.000401,,,,,,0.000116,0.000050,0.000012,,,,,,
109041599,5.14295e+08,14,个,0.7441,0.004004,0.744132,0.097353,0.150695,,0.000008,,0.002349,0.000101,0.000134,0.000498,0.000000,0.000027,0.000209,0.000490,,,,,,,,,0.000001,,,,,,,,
109051504,5.13859e+08,6,个,0.9687,,0.968743,0.003282,0.009103,,0.000331,,,0.018430,,,,,,0.000112,,,,,,,,,,,,,,,,,
108031404,5.129e+08,11,个,0.6164,0.359107,0.616363,0.001331,0.000531,,0.000649,,,0.001347,0.003269,0.000002,0.000110,,0.000028,,,,,,,,,,,0.017263,,,,,,,
109040301,5.1165e+08,13,个,0.9061,0.009688,0.906064,0.000121,0.045355,,0.000040,,0.034371,0.001597,,0.000012,,0.000004,0.000000,0.002251,,,0.000466,,,,,,0.000031,,,,,,,,
109012401,5.07131e+08,15,个,0.8959,0.005560,0.895854,0.003366,0.069822,,0.000130,0.000484,0.001178,0.001189,,0.000002,0.000002,0.000000,0.000002,0.021980,,,0.000259,,,,,,0.000173,,,,,,,,
108031199,5.07092e+08,12,千克,0.5404,0.540439,0.437057,0.001611,0.000615,,0.000337,,,0.018608,,,0.000001,,0.000006,0.001305,,,,,,,,,0.000002,0.000015,0.000003,,,,,,
109040803,5.05089e+08,17,个,0.7928,0.000413,0.792753,0.004205,0.134292,0.004478,0.001422,,0.000044,0.057850,,,0.000032,0.000032,,0.004037,,,0.000001,0.000005,,0.000013,,,0.000371,0.000011,0.000040,,,,,,
102050399,5.04475e+08,16,千克,0.8142,0.814156,0.071339,0.003834,0.007392,,0.016078,0.038753,,0.020692,0.020650,,0.005175,0.000014,0.000000,,,,0.000028,0.000732,,,,,0.000090,0.000756,0.000311,,,,,,
109023206,5.0286e+08,17,个,0.6408,0.000388,0.640800,0.023361,0.326744,,0.001229,,0.000054,0.003397,,0.000814,0.000162,0.001260,0.000153,0.001558,0.000001,,,,0.000006,,,,0.000037,0.000020,0.000016,,,,,,
109010512,5.02225e+08,14,个,0.9957,0.000529,0.995711,0.000073,0.003209,,0.000031,,,0.000086,,,0.000001,,0.000001,0.000100,,,0.000104,,,0.000007,,,0.000115,0.000028,0.000005,,,,,,
109020308,5.00493e+08,15,套,0.5557,0.041716,0.368755,0.014296,0.555691,,0.017542,0.000020,,0.001161,,0.000000,,0.000020,0.000001,0.000319,,,0.000251,,,,,,0.000220,0.000002,0.000004,,,,,,
109050802,4.99582e+08,12,个,0.8586,0.000047,0.858606,0.000333,0.116868,,0.010504,,0.000045,0.001677,,0.000100,0.000158,,,0.011606,,,,,,,,,0.000053,0.000002,,,,,,,
109024202,4.97034e+08,16,个,0.6173,0.000014,0.617319,0.062094,0.311078,,0.000215,,0.000039,0.002705,,0.004205,0.000805,0.000384,0.000013,0.000202,,,0.000001,0.000001,,,,,0.000912,,0.000014,,,,,,
106050299,4.93306e+08,19,个,0.3848,0.314083,0.384827,0.105653,0.082435,,0.002706,,0.001082,0.047659,0.006760,0.000657,0.000768,0.000053,0.000087,0.040237,,,0.000005,0.000008,0.000016,,,,0.012748,0.000002,0.000213,,,,,,
109013102,4.92938e+08,17,个,0.9341,0.000958,0.934146,0.014643,0.029274,,0.000630,0.000031,0.007184,0.001216,0.001491,,0.000398,0.000088,0.000040,0.009426,,,0.000414,,,0.000021,0.000001,,0.000040,,,,,,,,
109060601,4.91774e+08,18,个,0.7537,0.069715,0.753663,0.002387,0.133282,,0.000003,,0.000045,0.014428,,0.000116,0.000034,0.000851,0.000263,0.021643,,,0.000054,0.000009,0.000000,,,,0.003352,0.000076,0.000078,,,,,,
109024404,4.91115e+08,22,个,0.5144,0.000475,0.514398,0.007072,0.089409,,0.000003,0.000001,0.000038,0.001295,0.000401,0.305670,0.029392,0.004702,0.016704,0.004932,0.000759,,0.006221,0.005456,0.000085,,0.000002,,0.001108,0.007787,0.004089,,,,,,
103019900,4.89506e+08,19,千克,0.3792,0.379233,0.118743,0.042951,0.002600,,,0.000004,,0.041455,,0.031596,0.070338,0.000015,0.049950,0.036414,,,0.005279,0.165144,0.001236,,0.006294,,0.000003,0.000772,0.047616,,0.000357,,,,
109022808,4.8684e+08,5,个,0.9964,0.000218,0.996427,0.002718,0.000037,,0.000599,,,,,,,,,,,,,,,,,,,,,,,,,,
107020114,4.86246e+08,13,千克,0.9650,0.965022,0.001696,0.000166,0.000064,,,0.000013,,0.000042,0.002758,,0.000063,,0.030020,,,,0.000075,0.000009,,,0.000055,,,,0.000018,,,,,,
107020116,4.85052e+08,14,千克,0.9978,0.997798,0.000563,0.000005,0.000014,,,,,0.000005,0.000258,0.000011,0.000016,0.000966,0.000297,,,,0.000057,0.000002,,,,,,,0.000002,,,,,,0.000005
104030304,4.84428e+08,19,个,0.6102,0.242614,0.610181,0.006065,0.081247,0.000219,0.000592,0.004560,,0.028415,0.001467,0.000719,0.004049,0.000000,0.000019,0.010878,,,0.000201,0.000200,,,,,0.005088,0.003080,0.000405,,,,,,
109021501,4.82524e+08,14,箱,0.5204,0.188084,0.020386,0.001116,0.025580,,,,,0.042281,,0.035367,0.520418,,0.000075,0.000800,,,0.000046,0.017002,,,0.145840,,0.000015,,0.002991,,,,,,
103020202,4.82275e+08,17,千克,0.4424,0.442382,0.102796,0.007205,0.000302,,,,,0.022128,,0.187696,0.166451,,0.003484,0.000690,0.000091,,0.006809,0.037417,0.002010,,0.001009,,0.000005,,0.019523,,0.000005,,,,
101010104,4.79353e+08,25,千克,0.6717,0.671673,0.128031,0.049061,0.041406,0.000282,0.002349,0.012063,0.000002,0.066425,0.000128,0.002507,0.007599,0.000076,0.000466,0.007510,0.000044,,0.000246,0.002894,0.000129,0.000006,0.000489,,0.000582,0.000102,0.003249,0.002682,,,,,
104020119,4.77889e+08,9,套,0.5094,0.000017,0.389809,0.043475,0.509439,,,,,0.037019,,0.000021,,0.000001,,0.019975,,,,,,,,,0.000243,,,,,,,,
304010402,4.77178e+08,10,OTHER,0.5157,0.002136,0.006566,0.403394,0.000065,,0.008886,,0.024379,0.515710,0.000426,,,0.037832,,0.000608,,,,,,,,,,,,,,,,,
109023101,4.76849e+08,17,千克,0.3768,0.376835,0.255221,0.000174,0.353450,,0.002500,,0.000025,0.010192,0.000392,0.000001,0.000202,,0.000027,0.000603,,,0.000001,0.000020,,,,,0.000030,0.000202,0.000126,,,,,,
109022816,4.76651e+08,16,个,0.8554,0.011273,0.855369,0.000211,0.121571,0.000051,0.000313,,,0.000382,,0.000005,0.000125,0.000072,0.000010,0.010476,,,0.000083,,,,,,0.000044,0.000011,0.000005,,,,,,
104010901,4.76565e+08,20,千克,0.7988,0.798759,0.066643,0.001443,0.004119,,0.081945,0.000001,,0.008610,0.001377,0.000022,0.000180,0.000023,0.000043,0.000062,,,0.000003,0.000150,,,0.000172,,0.026445,0.006170,0.003828,0.000006,,,,,
109061007,4.75994e+08,13,个,0.8807,0.026060,0.880708,0.001836,0.087244,0.001223,0.000287,,0.000245,0.000177,0.001536,,,0.000006,,0.000202,,,0.000000,,,,,,0.000477,,,,,,,,
109025603,4.75169e+08,17,个,0.6936,0.002144,0.693634,0.013331,0.240594,,0.000384,0.000059,0.036563,0.000173,,0.000002,0.000001,0.009244,0.000001,0.003700,0.000105,,0.000016,,,,,,0.000048,,0.000001,,,,,,
106051208,4.74796e+08,14,个,0.9644,0.015121,0.964434,0.015502,0.004161,,,0.000017,,0.000133,,0.000461,0.000003,,0.000005,0.000115,,,0.000022,,,,0.000002,,,0.000024,,,,,,0.000000,
109010603,4.73296e+08,9,个,0.8340,0.000017,0.834043,0.002283,0.162090,,0.000017,,,0.000708,,,,0.000095,,0.000511,,,,,,,,,0.000236,,,,,,,,
106051009,4.71804e+08,20,个,0.3251,0.263939,0.325087,0.006708,0.119540,,0.001029,,0.000894,0.190840,0.000580,0.010351,0.030110,0.000057,0.022708,0.004861,,,0.000093,0.015694,0.000035,,0.000000,,0.004030,0.000434,0.003009,,,,,,
109050301,4.71316e+08,6,套,0.9522,,0.032412,0.015070,0.952202,,0.000171,,0.000073,0.000072,,,,,,,,,,,,,,,,,,,,,,,
105010199,4.71315e+08,17,立方米,0.7285,0.043560,0.156147,0.010129,0.012899,,0.004844,0.728504,,0.001704,0.011882,0.000008,0.000048,,0.000003,0.010629,,,,0.000031,0.001546,,,,0.018056,0.000008,0.000001,,,,,,
109040502,4.70841e+08,18,个,0.5171,0.016701,0.517111,0.002375,0.418024,0.002589,0.001589,,0.000049,0.034516,0.000442,0.000001,0.000001,0.000365,0.000096,0.005528,,,0.000093,,,,,,0.000480,0.000026,0.000016,,,,,,
104010399,4.70766e+08,15,千米,0.4637,0.337523,0.158278,0.004338,0.015084,,0.463740,,,0.004197,0.005020,0.002906,0.000160,,0.000001,0.002472,,,,0.001711,,,,,0.002264,0.002118,0.000189,,,,,,
107060301,4.70353e+08,19,千米,0.3406,0.062459,0.188212,0.167108,0.073788,,0.340647,0.093136,0.000139,0.012649,0.053429,0.000002,0.000189,0.000011,0.000007,0.003020,,,0.000077,0.000304,,,,,0.000342,0.004430,0.000050,,,,,,
107030403,4.67402e+08,14,盒,0.5374,0.009962,0.000723,0.000454,0.000015,,,0.000118,,0.001470,,0.537376,0.000010,,0.449401,,,,0.000000,0.000237,,,0.000124,,,0.000000,0.000110,,,,,,
106020201,4.67143e+08,19,个,0.7964,0.110516,0.796447,0.021566,0.048487,,,,0.000232,0.002548,,0.000292,0.001775,0.000001,0.000003,0.007791,,,,0.000050,0.006034,0.000034,0.000003,,0.000003,0.001948,0.002123,,,,0.000147,,
109040202,4.6303e+08,10,个,0.9561,0.001254,0.956055,0.002306,0.035631,,0.000000,,0.000973,0.000038,,,,,0.000000,0.003432,,,0.000311,,,,,,,,,,,,,,
104019902,4.62021e+08,17,个,0.8564,0.026578,0.856432,0.002388,0.059891,,0.028236,,0.000012,0.011270,0.000720,0.000009,0.000041,0.000001,,0.007659,,,,0.000009,0.000012,,,,0.003752,0.002972,0.000018,,,,,,
107020234,4.61384e+08,1,千克,1.0000,1.000000,,,,,,,,,,,,,,,,,,,,,,,,,,,,,,,
107020236,4.6024e+08,3,千克,0.9996,0.999556,,,,,,,,0.000000,,,,,0.000444,,,,,,,,,,,,,,,,,,
109024799,4.59236e+08,9,个,0.6733,0.000018,0.673266,0.008161,0.021935,,,,,0.001018,,0.233493,,,0.000560,0.061537,,,,0.000011,,,,,,,,,,,,,
107020205,4.57484e+08,13,千克,0.6266,0.626578,0.003572,0.000000,0.000003,,0.000414,0.000011,,0.329277,,0.000001,0.000016,,0.039580,,,,0.000185,,,,0.000223,,,0.000142,,,,,,,
109051502,4.57407e+08,10,个,0.9602,0.000670,0.960232,0.002592,0.000659,,0.014280,,,0.017683,,0.000026,0.001321,,,0.000956,,,,,,,,,,0.001581,,,,,,,
103011199,4.57386e+08,16,盒,0.3651,0.181328,0.005285,0.023464,0.017037,,,,,0.003022,,0.365131,0.123093,0.000005,0.004811,0.001081,,,0.000063,0.232415,0.001258,,0.001772,,,,0.040234,,0.000001,,,,
103020203,4.57367e+08,16,个,0.6748,0.010449,0.674795,0.002932,0.000037,,,0.000039,,0.005797,,0.108615,0.160329,,0.004565,0.000260,,,0.001847,0.020609,,,0.000995,,0.000000,,0.008702,,0.000029,,,,
101010106,4.56775e+08,24,千克,0.7029,0.702873,0.087403,0.023810,0.027581,0.000039,0.031957,0.034139,0.001924,0.032555,0.000910,0.004195,0.010663,0.000440,0.007804,0.010277,0.000024,,0.000706,0.016592,0.000087,,0.000362,,0.000509,0.002481,0.000948,0.001723,,,,,
107040202,4.53643e+08,14,千克,0.8713,0.871321,0.095146,0.000461,0.000201,,0.021199,0.003897,,0.000416,0.002305,0.000005,0.000157,,,0.004491,,,,0.000000,,,,,,0.000325,0.000076,,,,,,
106050102,4.53269e+08,19,个,0.5062,0.386412,0.506182,0.021271,0.034574,,0.005393,,0.000269,0.012217,0.004916,0.000244,0.015587,0.000047,0.000001,0.006210,,,0.000001,0.000080,0.000002,,,,0.004399,0.002165,0.000030,,,,,,
104011003,4.51394e+08,20,个,0.3690,0.169686,0.369047,0.002758,0.002959,0.000114,0.259571,0.000496,,0.009642,0.164133,0.000055,0.000678,0.000034,0.000002,0.000851,,,0.000006,0.000678,0.000000,,,,0.002693,0.014728,0.001870,,,,,,
201040000,4.48929e+08,23,千克,0.2767,0.276691,0.124053,0.071141,0.065070,0.000379,0.002432,0.080033,0.080405,0.236620,0.000771,0.000915,0.013355,0.000153,0.013739,0.027895,0.003118,,0.000985,0.000104,0.000035,,0.000042,,0.000109,0.001933,0.000023,,,,,,
108012804,4.46873e+08,18,个,0.6636,0.076603,0.663614,0.000514,0.078789,,0.001117,,,0.049569,0.024015,0.000325,0.085750,0.000001,0.000260,0.002861,,,0.000493,0.000507,,0.000001,,,0.014921,0.000443,0.000218,,,,,,
109031700,4.4582e+08,14,个,0.9284,0.003091,0.928409,0.008726,0.058665,,,,,0.000648,,0.000000,0.000345,,0.000027,0.000067,,,0.000004,0.000000,,,,,0.000011,0.000001,0.000005,,,,,,
109061603,4.44414e+08,18,个,0.7862,0.000584,0.786210,0.003611,0.200964,0.000730,0.001418,,0.000010,0.005866,0.000065,0.000000,,0.000018,0.000036,0.000080,,,0.000139,0.000001,,,,,0.000263,0.000004,0.000002,,,,,,
107030110,4.42787e+08,13,千克,0.7429,0.742866,0.110349,0.000335,0.000377,,0.000000,,,0.003556,,0.123115,0.000003,,0.015607,0.001742,,,0.000026,0.000960,,,,,,,0.001065,,,,,,
109024504,4.42592e+08,10,套,0.4707,0.001127,0.358532,0.000105,0.470744,,,,,0.000006,,0.153311,,,0.000001,0.005229,,,,,,,,,0.010905,,0.000040,,,,,,
108012203,4.41733e+08,15,个,0.3908,0.001930,0.390814,0.122428,0.060624,,0.000002,,0.000010,0.035001,,0.294812,,0.000018,0.084763,,,,0.000005,0.002297,,,0.000195,,0.004531,,0.002571,,,,,,
103010399,4.40954e+08,14,千克,0.8087,0.808682,0.036679,0.036814,0.000134,,,,,0.003921,,0.008122,0.019136,,0.016307,0.013770,,,0.000732,0.048714,0.000002,,0.001926,,,,0.005061,,,,,,
109032404,4.40782e+08,11,UNKNOWN,0.4827,0.002444,0.477160,0.482692,0.033887,,0.000241,,,0.000232,,0.000004,,,0.000010,0.003330,,,,,,,,,0.000000,,0.000000,,,,,,
108041402,4.40222e+08,20,个,0.8273,0.066258,0.827291,0.039725,0.028310,,0.000941,0.000282,0.000002,0.031146,0.001071,0.000024,0.000009,0.000005,0.000038,0.003442,,,0.000008,0.000688,0.000120,,,,0.000515,0.000092,0.000032,,,,,,
104020117,4.39904e+08,6,个,0.9902,,0.990207,0.006252,0.003481,,,,,0.000056,,0.000005,,,,,,,,,,,,,0.000001,,,,,,,,
107030410,4.38069e+08,8,盒,0.9952,0.001584,0.000929,0.000043,,,0.000002,,,0.000025,,0.995156,,,0.002236,,,,,0.000025,,,,,,,,,,,,,
109030105,4.37354e+08,8,个,0.9986,0.000470,0.998594,0.000686,0.000204,,,,,0.000024,,,0.000004,0.000016,,0.000001,,,,,,,,,,,,,,,,,
108040399,4.36984e+08,18,个,0.7105,0.195033,0.710534,0.026213,0.023007,,0.003756,,,0.005000,0.001237,0.002268,0.000774,0.000004,0.000010,0.024666,,,0.000127,0.000001,,0.000029,,,0.004727,0.002460,0.000153,,,,,,
103020504,4.36974e+08,13,千克,0.5727,0.572722,0.028540,0.002234,0.000110,,,,,0.020080,,0.001519,0.229369,,0.061121,0.000525,,,0.004016,0.023808,,,0.048252,,,,0.007704,,,,,,
108031301,4.36432e+08,8,千克,0.9991,0.999083,0.000219,,0.000001,,,,,0.000421,,0.000004,0.000001,,0.000100,,,,0.000171,,,,,,,,,,,,,,
102050302,4.33417e+08,14,千克,0.9820,0.982007,0.007539,,0.001506,,0.000017,,0.001624,0.006715,,0.000001,0.000062,,0.000000,,,,0.000001,0.000445,,,,,0.000021,0.000024,0.000038,,,,,,
304070101,4.32791e+08,9,UNKNOWN,0.6000,,0.044611,0.599989,0.183443,,,,0.048973,0.000120,,,,0.121819,,,0.000361,,,,,0.000347,,,,,,0.000336,,,,,
107030804,4.3224e+08,17,盒,0.5680,0.016311,0.163253,0.009383,0.008849,,0.000000,0.000064,,0.123353,,0.568012,0.013620,,0.045268,0.039830,,,0.003577,0.004461,0.003054,,,,0.000009,0.000008,0.000948,,,,,,
109041503,4.30218e+08,18,个,0.9380,0.000315,0.937969,0.007670,0.016849,,0.007935,,0.000217,0.028501,,0.000003,0.000032,0.000044,0.000037,0.000051,,,0.000009,0.000002,,,0.000000,,0.000001,0.000082,0.000282,,,,,,
109051302,4.29962e+08,18,个,0.5504,0.001524,0.550417,0.015391,0.416119,,0.001578,0.000315,0.002074,0.004811,0.003010,0.000013,0.000009,,,0.001010,0.003171,,,0.000005,,0.000014,,,0.000466,0.000074,0.000002,,,,,,
109051907,4.29017e+08,12,个,0.5959,0.000635,0.595917,0.000014,0.362600,,0.000455,,0.000410,0.006054,,,,0.000098,,0.033663,,,,,0.000049,,,,0.000017,0.000087,,,,,,,
109060304,4.25449e+08,16,个,0.9558,0.000004,0.955808,0.001837,0.037897,,0.001321,,0.000002,0.001286,,0.000011,0.000410,0.000019,0.000034,0.000973,,,0.000013,0.000270,,,,,0.000108,,0.000007,,,,,,
109011213,4.24681e+08,12,个,0.6236,0.016825,0.623619,0.001248,0.327339,,0.008663,,0.004653,0.005414,,,,0.000065,,0.010071,0.001947,,,,,,,,0.000145,,,,,,,,0.000012
107020902,4.24009e+08,20,千克,0.6065,0.606515,0.016943,0.001232,0.001806,,0.000573,0.002619,,0.236151,0.002740,0.001396,0.001627,0.000020,0.034642,0.007917,,,0.050770,0.002563,,,0.016942,,0.000041,0.004366,0.011039,,,,0.000098,,
109062403,4.23576e+08,17,个,0.9368,0.000051,0.936753,0.000682,0.043919,0.003880,0.000221,,0.000779,0.005241,0.004848,0.000158,0.000022,0.000905,0.000005,0.001534,,,,0.000000,,,,,0.000991,0.000010,,,,,,,
106040802,4.2266e+08,12,个,0.8543,0.006960,0.854288,0.084359,0.006796,,0.000037,,,0.009542,,0.000058,0.029663,0.000034,,0.008248,,,,0.000007,,,,,0.000009,,,,,,,,
106040112,4.22424e+08,15,个,0.7024,0.133409,0.702357,0.000054,0.006663,,,,,0.001839,0.002807,0.011610,0.000019,,0.006938,0.131879,,,0.000715,0.000036,,,,,0.000000,0.000175,0.001499,,,,,,
109040802,4.21757e+08,15,个,0.7122,0.000146,0.712155,0.166720,0.054563,,0.000399,,0.001294,0.017758,,0.000083,0.000013,0.000064,,0.001297,,,,,,,,0.045452,0.000037,0.000003,0.000016,,,,,,
109042099,4.21232e+08,16,个,0.8854,0.000273,0.885427,0.004960,0.082243,0.005797,0.000029,,,0.014304,0.002739,0.003299,0.000014,,0.000141,0.000638,0.000001,,,0.000002,,,,,0.000003,,0.000130,,,,,,
109024205,4.209e+08,15,套,0.7051,,0.270674,0.002694,0.705136,,,,,0.002475,,0.001749,0.000022,0.000042,0.000003,0.003550,,,,0.007318,0.000007,,0.000011,,0.000069,0.000012,0.006240,,,,,,
102051102,4.18923e+08,6,个,0.8754,0.123400,0.875426,0.000069,,,,,,0.001069,,,0.000004,,,,,,0.000032,,,,,,,,,,,,,,
107040399,4.18859e+08,18,千克,0.7711,0.771055,0.097018,0.000764,0.009115,,0.042730,0.001026,,0.003966,0.070380,0.000032,0.000081,0.000277,0.000011,0.000440,,,0.000065,0.000013,,,,,0.000094,0.001205,0.001727,,,,,,
304040299,4.1825e+08,13,千克,0.4965,0.496519,0.000468,0.357255,0.003667,,,0.000495,0.024586,0.104753,,,0.000000,0.000381,,0.003328,0.001841,,,,,,,,,,,0.002330,0.004377,,,,
102040111,4.16418e+08,4,千克,0.9758,0.975767,0.002104,0.022129,,,,,,,,,,,,,,,,0.000001,,,,,,,,,,,,,
109013404,4.16176e+08,21,个,0.6773,0.007236,0.677337,0.124681,0.136858,,0.010345,0.001294,0.001767,0.003524,0.000340,0.000101,0.000438,0.000498,0.010428,0.016334,0.000043,,0.000008,0.000004,,,,,0.002934,0.004099,0.001587,,,,,,0.000144
109042599,4.15927e+08,7,个,0.9937,0.000410,0.993743,0.001586,0.004124,,0.000023,,,0.000111,,,,,,,,,,,,,,,,0.000003,,,,,,,
109042602,4.15581e+08,14,个,0.7636,0.055507,0.763555,0.000286,0.176820,,0.001464,,,0.000966,0.000037,0.000267,0.000204,,0.000215,0.000480,,,,,,0.000151,,,,0.000012,,0.000036,,,,,
109020104,4.14546e+08,12,个,0.7862,0.091143,0.786207,0.001375,0.101086,,0.003820,0.000004,,0.007841,0.000281,0.000000,,0.000034,,0.007276,,,,,,,,,0.000933,,,,,,,,
109025299,4.13705e+08,21,个,0.6124,0.078954,0.612385,0.050584,0.119106,,0.025789,,0.007379,0.056820,0.003276,0.000269,0.000807,0.007515,0.000256,0.002797,0.007796,,0.020698,0.000083,,0.003751,0.000016,,0.000253,0.001372,0.000093,,,,,,
105010304,4.12849e+08,17,个,0.7784,0.004082,0.778403,0.002209,0.006368,,0.003427,0.143848,0.002723,0.005744,0.044011,0.000000,0.000053,,,0.009057,,,0.000033,0.000001,,,,,0.000032,0.000001,0.000006,,,,,,
108012801,4.12113e+08,18,个,0.8528,0.045057,0.852758,0.001278,0.014439,,0.000077,0.002432,,0.003693,0.000376,0.000735,0.072918,0.000006,0.000078,0.004607,,,0.000025,0.000026,,,,,0.000194,0.000864,0.000438,,,,,,
107040103,4.11691e+08,11,千克,0.9901,0.990112,0.004325,,0.001361,,0.002168,0.000770,,0.000095,0.001112,,0.000000,,0.000013,,,,0.000002,,,,,,,0.000044,,,,,,,
109020306,4.11518e+08,19,个,0.7223,0.002996,0.722346,0.008825,0.234546,,0.002518,0.000108,0.007372,0.002019,0.000210,0.000005,,0.015847,0.000014,0.002533,0.000462,,0.000009,0.000023,,,,,0.000141,0.000003,0.000022,,,,,,
101010301,4.10671e+08,17,千克,0.8061,0.806148,0.040583,0.003515,0.003621,,0.000004,,,0.050453,0.001414,0.004650,0.004362,,0.012659,0.010084,,,0.019645,0.036349,0.000031,,0.000006,,,0.000045,0.006428,,,,,,
105020201,4.08271e+08,19,个,0.4239,0.159040,0.423853,0.014899,0.175533,,0.043615,0.046097,0.058494,0.006890,0.040977,0.000075,0.000008,0.000473,0.000024,0.016146,,,0.000019,0.000005,,,,,0.006011,0.007763,0.000079,,,,,,
304040902,4.08038e+08,9,月,0.3893,0.000019,0.125860,0.156221,,,,,0.000558,0.000009,,,,0.000675,,0.320898,0.389299,,,,,,,,,,,0.006462,,,,,
109011304,4.07153e+08,17,个,0.8702,0.024288,0.870198,0.016381,0.055454,,0.000113,0.005619,,0.002010,,0.000029,0.000030,0.000034,0.000121,0.001293,0.000008,,0.019128,,,,,,0.005221,0.000003,0.000070,,,,,,
304020104,4.07024e+08,10,UNKNOWN,0.7635,,0.004444,0.763494,0.038128,,,,0.073679,0.014193,,0.000005,,0.100020,,0.002760,0.002046,,,,,0.001231,,,,,,,,,,,
109012302,4.06034e+08,14,个,0.7877,0.020267,0.787704,0.001948,0.160984,,0.000423,,0.000016,0.002312,0.021457,0.000000,,0.000416,0.000001,0.000434,,,0.000002,,,,,,0.004037,,,,,,,,
107030120,4.04603e+08,14,千克,0.9029,0.902904,0.014406,0.036033,0.000502,,,,,0.002299,,0.008161,0.001076,,0.001479,0.007830,,,0.000154,0.024733,,,0.000000,,,0.000001,0.000421,,,,,,
102050601,4.04572e+08,14,千克,0.9867,0.986699,0.006204,0.000295,0.000107,,,,,0.000069,,0.000046,0.002958,,0.000075,0.000002,,,0.000358,0.002401,,,0.000015,,,,0.000213,0.000558,,,,,
101011101,4.04405e+08,13,千克,0.9789,0.978939,0.011508,0.000312,0.001888,,0.000006,,,0.000601,,0.005328,0.000085,,0.000047,,,,0.000008,0.000638,,,0.000282,,,,0.000357,,,,,,
107029906,4.02996e+08,18,千克,0.8180,0.817997,0.088160,0.000798,0.087857,,0.000000,,,0.000802,,0.000262,0.001122,0.000006,0.000106,0.000850,,,0.000055,0.000404,,,0.001077,,0.000007,0.000001,0.000484,,0.000012,,,,
109042399,4.00318e+08,18,个,0.8623,0.001397,0.862318,0.001289,0.048685,0.000092,0.004430,,0.001974,0.006411,0.000971,0.000105,0.000352,0.000001,0.000126,0.000156,,,0.000030,,,,,,0.071641,0.000012,0.000010,,,,,,
107040307,3.99609e+08,6,千克,0.9837,0.983719,0.000721,0.001022,0.000000,,0.014536,,,0.000001,,,,,,,,,,,,,,,,,,,,,,,
107020304,3.9872e+08,5,千克,0.9996,0.999620,0.000000,,0.000378,,,,,0.000001,,,,,0.000000,,,,,,,,,,,,,,,,,,
108041999,3.97797e+08,20,个,0.4380,0.302195,0.437987,0.009104,0.101007,0.000245,0.033420,0.000021,0.001257,0.028319,0.057558,0.000168,0.000106,0.000002,0.000209,0.023998,,,0.000017,0.000060,,,,,0.003942,0.000342,0.000043,,,,,,
107030707,3.97411e+08,10,瓶,0.9379,0.010597,0.031112,,0.000003,,0.000565,,,0.000603,,0.019203,0.000005,,0.937910,,,,,0.000000,,,,,,,0.000001,,,,,,
101010801,3.95103e+08,7,千克,1.0000,0.999987,0.000005,0.000005,,,,,,0.000001,,,,,,,,,,0.000001,,,,,,0.000000,0.000001,,,,,,
107021704,3.94767e+08,12,千克,0.8865,0.886508,0.016718,0.012149,0.014401,,0.000898,,,0.068959,,,0.000034,,0.000006,0.000253,,,0.000001,,,,,,,0.000072,0.000001,,,,,,
102050407,3.93752e+08,17,千克,0.6080,0.608023,0.040010,0.022537,0.000041,,0.000003,0.298188,,0.022243,0.008740,0.000015,0.000023,0.000000,,,,,0.000000,0.000007,,,,,0.000018,0.000000,0.000001,,,,,,0.000152
107030805,3.93501e+08,20,盒,0.5822,0.004911,0.236850,0.020010,0.049179,,0.000082,0.000036,0.000007,0.015923,,0.582216,0.023578,0.002188,0.028633,0.011870,0.000072,,0.013404,0.001045,0.000831,,,,0.000144,0.000609,0.008414,,,,,,
109010601,3.93377e+08,14,个,0.9324,0.018361,0.932436,0.000849,0.043497,,0.000056,,0.000149,0.003075,,0.000027,0.000070,0.000006,,0.001354,,,0.000044,,,,,,0.000075,,0.000000,,,,,,
307040100,3.93293e+08,23,UNKNOWN,0.7687,0.003541,0.012570,0.768727,0.000164,0.000032,0.000067,,0.001374,0.028430,0.000037,0.018952,0.000066,0.049488,0.001317,0.028128,0.041139,,,0.000203,0.002376,0.000028,0.000000,,,0.000057,0.000019,0.043241,,,,0.000042,
109013403,3.92743e+08,22,个,0.7451,0.006804,0.745141,0.005612,0.138666,,0.001936,0.000182,0.000000,0.017405,0.004300,0.003033,0.000932,0.000111,0.002755,0.008137,0.000760,,0.000027,0.050678,0.000031,0.004278,,,0.000299,0.008005,0.000906,,,,,,
109023301,3.91171e+08,17,个,0.7777,0.070722,0.777718,0.014603,0.120860,,0.000004,,0.001738,0.003865,0.001876,,,0.000924,0.000718,0.006233,,,0.000266,0.000018,0.000034,,,,0.000001,0.000004,0.000418,,,,,,
107021504,3.9105e+08,13,千克,0.9386,0.938634,0.011645,0.000129,0.001487,,,0.008389,,0.031993,,0.001662,0.000005,,0.004174,0.000135,,,0.001362,0.000324,,,,,,,0.000060,,,,,,
109025301,3.89663e+08,14,套,0.5325,0.008967,0.340932,0.035801,0.532467,,0.005250,,0.007079,0.012786,0.001820,,,0.000051,0.002435,0.052060,,,0.000002,,,,,,0.000284,0.000064,,,,,,,
106050210,3.89493e+08,20,套,0.3443,0.005390,0.329048,0.156609,0.344320,,0.000684,,0.017522,0.033914,0.014411,0.000154,0.000782,0.009568,0.000000,0.087004,,,0.000054,0.000003,0.000008,,,,0.000437,0.000037,0.000053,,,,0.000002,,
109023104,3.87316e+08,14,批,0.4002,0.308276,0.185923,0.027580,0.069999,,0.000026,,0.000225,0.006440,,0.000016,0.000000,0.000198,,0.400166,,,,,,,,,0.001144,0.000003,0.000002,,,,,,
104010206,3.86151e+08,10,千米,0.4802,0.453006,0.055444,0.007133,0.001094,,0.480239,,0.000314,0.002033,,0.000003,,,,0.000046,,,,,,,,,0.000688,,,,,,,,
107021601,3.83989e+08,8,千克,0.9988,0.998801,0.000004,0.000044,,,,,,0.000515,,,0.000004,,0.000545,,,,0.000068,,,,0.000020,,,,,,,,,,
109024705,3.82076e+08,13,个,0.6643,0.002128,0.664342,0.045063,0.218780,,0.000002,,0.000002,0.001448,0.000034,0.067347,,0.000021,,0.000473,,,,,,,,,0.000328,,0.000033,,,,,,
109011403,3.82068e+08,10,个,0.8113,0.002849,0.811349,0.006049,0.167795,,0.000458,,0.005682,0.001920,,,,0.000026,,0.003817,,,,,,,,,0.000055,,,,,,,,
101030101,3.80633e+08,13,千克,0.8770,0.876993,0.066150,0.009028,0.002892,,,,,0.000532,0.026525,0.001070,0.001621,,,0.014865,,,,0.000155,,,0.000002,,,,0.000023,0.000145,,,,,
108010302,3.80143e+08,19,千米,0.5162,0.022838,0.352556,0.007229,0.003305,,0.516160,0.001407,0.000746,0.084024,0.000961,0.000006,,0.000039,0.000009,0.010050,,,0.000037,0.000003,0.000003,,,,0.000008,0.000619,0.000001,,,,,,
103020701,3.79625e+08,15,千克,0.9385,0.938548,0.004414,0.002317,0.000000,0.017811,,,,0.007383,,0.000313,0.021718,,0.002461,0.000385,,,0.000035,0.003934,,,0.000000,,,0.000099,0.000581,,,,,,
110020102,3.78537e+08,5,立方米,0.5421,0.157116,0.226615,0.034631,,,,0.542131,,0.039507,,,,,,,,,,,,,,,,,,,,,,,
106010103,3.76414e+08,18,千克,0.8109,0.810887,0.140652,0.011102,0.015995,,0.000002,,,0.017979,0.000071,0.000708,0.000150,0.000007,0.000011,0.001370,,,,0.000000,0.000008,,,,0.000154,0.000383,0.000516,,,,0.000005,,
103010999,3.75968e+08,16,千克,0.6964,0.696354,0.031686,0.003891,0.002052,,,,0.000099,0.004293,,0.025480,0.119137,,0.001390,0.018756,,,0.000098,0.050736,0.001401,,0.001515,,,,0.041561,,,,,0.001551,
104010501,3.75043e+08,12,个,0.7926,0.012109,0.792550,0.006042,0.128224,,0.004796,,,0.043228,,0.000187,,,,0.012321,,,,0.000007,,,,,0.000017,0.000205,0.000313,,,,,,
108040302,3.74033e+08,25,个,0.5070,0.107509,0.507033,0.015261,0.234278,0.000007,0.011303,0.000006,0.001712,0.009602,0.001051,0.003992,0.001001,0.000550,0.001849,0.066158,0.000002,,0.002571,0.000021,0.000000,,0.000161,0.000007,0.032514,0.003064,0.000341,,,,,,0.000006
109060399,3.73841e+08,19,个,0.7457,0.001160,0.745692,0.002852,0.149836,0.000625,0.001934,,0.000432,0.093211,0.000012,0.000004,0.000071,0.000076,0.000032,0.003679,,,0.000003,0.000000,,,,,0.000308,0.000067,0.000007,,,,,,
109042102,3.73574e+08,12,个,0.7162,0.150293,0.716162,0.016193,0.115157,,0.000157,,0.000173,0.000583,0.000845,,,0.000001,0.000001,0.000429,,,,0.000005,,,,,,,,,,,,,
104010203,3.71093e+08,16,千克,0.6231,0.623140,0.066753,0.004046,0.007682,,0.294379,,,0.000185,0.000121,0.000032,0.000116,,0.000002,0.002237,,,0.000008,0.000008,,,,,0.001137,0.000130,0.000026,,,,,,
109013005,3.70222e+08,20,个,0.6876,0.019978,0.687578,0.012552,0.261743,,0.002022,0.000615,0.001982,0.001620,0.001409,0.000723,0.004243,0.000193,0.000046,0.003131,,,0.000954,0.000006,,,,,0.000489,0.000484,0.000170,,,,0.000063,,
108012006,3.68768e+08,17,千克,0.5806,0.580620,0.396577,0.000337,0.003131,,0.004806,0.001929,,0.002587,0.000912,0.000013,0.003701,,0.000002,0.004167,0.000054,,0.000014,,,,,,0.000013,0.001052,0.000084,,,,,,
104019903,3.67205e+08,15,千米,0.6222,0.316355,0.028507,0.001199,0.002773,,0.622194,,,0.002805,0.002323,0.001080,0.000019,,,0.002654,,,,0.000011,0.000155,,,,0.000275,0.019513,0.000137,,,,,,
104020104,3.66747e+08,8,个,0.8785,0.001127,0.878465,0.000488,0.117314,,0.000128,,,0.000294,,0.000689,,,,,,,,,,,,,,,0.001496,,,,,,
103010702,3.66327e+08,9,个,0.7734,0.203502,0.773355,0.006192,,,,,,0.016149,,,0.000145,,,0.000349,,,,0.000271,0.000000,,,,,,0.000036,,,,,,
104010104,3.66172e+08,17,千克,0.4723,0.472326,0.439923,0.003977,0.003038,0.003579,0.016083,,,0.019639,0.000554,0.002531,0.010114,,0.000007,0.015006,,,,0.000006,,,0.000002,,0.000002,0.013175,0.000037,,,,,,
105010403,3.65713e+08,15,立方米,0.4798,0.002259,0.376349,0.002242,0.103297,,0.000162,0.479754,,0.006216,0.027029,,0.000007,,,0.001710,,,0.000023,0.000026,,,,,0.000872,0.000028,0.000027,,,,,,
104030100,3.64761e+08,16,平方米,0.4651,0.074087,0.189250,0.011577,0.001967,,0.069308,,,0.185733,0.465069,0.001803,0.000151,0.000000,0.000045,0.000120,,,,0.000013,,,,,0.000511,0.000353,,,,,,,0.000013
108010309,3.64329e+08,18,个,0.4647,0.053499,0.464732,0.016882,0.009136,,0.024546,0.198297,0.000719,0.026378,0.200957,0.000001,0.000301,,,0.004480,,,0.000000,0.000016,,,,,0.000016,0.000011,0.000025,,,,,,0.000004
109020209,3.64307e+08,13,个,0.7730,0.071673,0.773020,0.012144,0.111386,,0.016526,0.000005,,0.004165,0.000477,0.000022,,0.000055,0.000000,0.007792,,,,,,,,,0.002734,,,,,,,,
108040411,3.6403e+08,20,个,0.6946,0.142042,0.694649,0.025966,0.120822,,0.004102,0.000028,0.000027,0.005291,0.000314,0.001109,0.000293,0.000004,0.000021,0.003801,,,0.000095,0.000004,,,0.000006,,0.001071,0.000095,0.000261,,,,,,
108031702,3.63823e+08,5,千克,0.9999,0.999948,0.000014,,,,0.000033,,,,,,,,0.000005,,,,,0.000000,,,,,,,,,,,,,
104010205,3.62758e+08,11,千克,0.5255,0.525529,0.341387,0.005133,0.014757,,0.040249,,,0.000032,0.055218,0.000025,,,,0.014708,,,,,,,,,,0.000878,0.002083,,,,,,
104010804,3.61327e+08,14,个,0.8722,0.061610,0.872230,0.002201,0.032375,,0.000276,,0.000003,0.022396,0.008793,,,0.000000,,0.000003,,,,0.000005,,,,,0.000031,0.000003,0.000076,,,,,,
108030800,3.59562e+08,10,千克,0.9141,0.914111,0.023548,0.057139,0.004436,,0.000002,,,0.000558,0.000108,,0.000030,,0.000001,0.000067,,,,,,,,,,,,,,,,,
107021305,3.59045e+08,16,千克,0.7543,0.754252,0.005042,0.000641,0.072401,,0.000333,0.108376,,0.024393,0.025184,0.000036,0.000202,,0.000349,0.000492,,,0.002027,0.002048,0.000022,,,,,,0.004200,,,,,,
103030802,3.58698e+08,19,箱,0.6254,0.139576,0.017346,0.005452,0.005817,0.000645,0.000318,,,0.001648,,0.092213,0.625426,0.000000,0.016806,0.008344,,,0.000174,0.016239,0.000109,,0.061580,,,,0.008102,0.000195,0.000008,,,,
109041802,3.58542e+08,12,个,0.9763,0.000004,0.976320,0.015354,0.002415,,0.000069,,0.000045,0.000460,,0.000004,0.000022,,,0.005297,,,0.000003,,,,,,,,0.000007,,,,,,
109025401,3.5772e+08,18,个,0.4090,0.045351,0.409030,0.019382,0.374417,,0.022398,0.000007,0.069888,0.013744,0.022431,0.000017,0.000014,0.000000,,0.022011,,,0.000197,,,0.000018,,,0.000056,0.001033,0.000003,,,,,,
109010604,3.5667e+08,8,套,0.6621,0.000548,0.333939,0.001960,0.662077,,0.000001,,,0.000009,,,,,,0.001447,,,,,,,,,0.000019,,,,,,,,
104010504,3.56283e+08,11,个,0.7630,0.123714,0.762995,0.003152,0.082594,,0.016646,,,0.009058,,0.000031,,,,0.000032,,,,0.000002,,,,,0.000105,,0.001672,,,,,,
107021510,3.56016e+08,8,千克,0.9975,0.997502,0.000053,,0.000632,,,,,0.000124,,,,,0.000003,,,,0.001686,0.000000,,,,,,,0.000000,,,,,,
108040102,3.55883e+08,17,千克,0.6829,0.682946,0.191756,0.004993,0.033003,,0.040793,,0.000244,0.008081,0.023699,0.000011,0.000338,0.000043,0.000005,0.013823,,,0.000012,,,,,,0.000168,0.000058,0.000029,,,,,,
109060104,3.54899e+08,18,个,0.5671,0.016185,0.567121,0.003848,0.352480,,0.003423,,0.005889,0.011300,0.000038,0.000539,0.000068,0.000342,0.000350,0.035902,,,0.000234,0.000016,,,,,0.000338,0.001668,0.000259,,,,,,
108012103,3.54324e+08,11,个,0.8758,0.010046,0.875783,0.002791,0.102737,,,,,0.003729,,,0.000113,,0.000002,0.004674,,,,0.000000,,,,,0.000122,,0.000002,,,,,,
109041001,3.54134e+08,16,千米,0.7028,0.008894,0.244976,0.004706,0.013432,,0.702757,,0.002463,0.015908,0.002633,0.000147,0.002500,0.000272,,0.000773,0.000387,,,,,,,,0.000018,0.000091,0.000044,,,,,,
104020201,3.5317e+08,12,平方米,0.3478,0.024190,0.343744,0.001361,0.242604,,0.011105,,,0.028126,0.347823,,,0.000001,,0.000790,,,,,,,,,0.000051,,0.000010,,,,0.000194,,
107050300,3.52388e+08,19,千克,0.3719,0.371928,0.277116,0.003693,0.012110,,0.057054,0.095917,0.000000,0.022792,0.116358,0.002262,0.000076,0.000001,0.000012,0.006482,,,0.000395,0.000014,,,,,0.002385,0.031270,0.000135,,,,,,
109025205,3.51589e+08,19,个,0.9769,0.002048,0.976888,0.000869,0.012259,,0.000930,,0.000012,0.001438,0.000007,,0.000518,0.001033,0.000042,0.003697,,,0.000110,0.000007,,0.000053,0.000043,,0.000043,0.000000,0.000002,,,,,,
109060599,3.51517e+08,17,个,0.6686,0.016982,0.668585,0.009443,0.286066,,0.000609,,0.000771,0.002751,0.000003,0.010826,0.000320,0.000236,0.000422,0.001423,,,0.000018,0.000178,,,,,,0.000006,0.001362,,,,,,
103011302,3.51505e+08,16,千克,0.3644,0.364426,0.140301,0.043470,0.002209,,,,,0.011794,0.000853,0.026713,0.177014,,0.023409,0.019877,,,0.000586,0.158370,0.000008,,0.005204,,0.000007,,0.025759,,,,,,
107020230,3.51438e+08,5,千克,0.9999,0.999880,0.000000,0.000086,,,,,,,,0.000016,,,0.000018,,,,,,,,,,,,,,,,,,
103010804,3.48595e+08,14,千克,0.4085,0.408539,0.068568,0.031994,0.002174,,,,,0.000775,,0.018705,0.010717,,0.000543,0.001468,,,0.000013,0.086915,0.000878,,0.000005,,,,0.368707,,,,,,
107030209,3.48584e+08,11,个,0.4735,0.060417,0.473533,0.000442,0.000097,,,,,0.005335,,0.381908,0.000010,,0.077205,,,,0.000002,0.000790,,,,,,,0.000262,,,,,,
109012899,3.4828e+08,15,个,0.7744,0.070087,0.774419,0.001097,0.145147,,0.000190,,0.000290,0.001672,0.001550,0.000000,,0.000016,0.002908,0.002434,,,0.000188,,,,,,,0.000001,0.000000,,,,,,
102050506,3.47611e+08,5,千克,0.9337,0.933713,0.000113,0.066080,0.000014,,,,,,,,,,,,,,,,,,,,,,0.000080,,,,,,
109024206,3.46897e+08,16,个,0.6849,0.000006,0.684906,0.012864,0.261015,,0.000002,,,0.000094,,0.019152,0.012410,,0.000040,0.001260,,,0.000054,0.006195,,,0.001743,,0.000003,0.000003,0.000254,,,,,,
109020813,3.45724e+08,14,千米,0.5569,0.000192,0.430588,0.000870,0.010353,,0.556905,,0.000002,0.000241,,0.000064,0.000004,0.000200,,0.000486,,,,,,0.000023,,,0.000020,0.000053,,,,,,,
107022601,3.40358e+08,13,千克,0.9948,0.994803,0.001169,0.000400,,,,0.000001,,0.000303,,0.000109,0.000766,,0.000364,0.001337,,,0.000488,0.000201,,,0.000056,,,,0.000003,,,,,,
107030116,3.40352e+08,7,千克,0.9008,0.900805,0.007453,,,,,,,,,0.067651,,,0.002994,,,,0.021076,0.000015,,,,,,,0.000006,,,,,,
109042405,3.39928e+08,20,个,0.5314,0.024794,0.531432,0.044264,0.182477,,0.013005,,0.018171,0.061084,0.037138,0.000011,0.000001,0.016937,0.000064,0.069885,,,0.000012,,0.000055,0.000124,,,0.000017,0.000167,0.000038,,,,,0.000324,
104020121,3.38455e+08,7,个,0.9890,0.000222,0.988997,0.006208,0.003282,0.000179,,,,0.000219,,,,,,0.000893,,,,,,,,,,,,,,,,,
103010504,3.36818e+08,16,千克,0.5394,0.539396,0.012629,0.001528,0.000045,,0.000089,,,0.065887,0.000173,0.000231,0.288288,,0.002497,0.000033,,,0.038859,0.002188,0.000273,,0.047870,,,,0.000014,,,,,,
108010401,3.35932e+08,19,平方米,0.6324,0.040925,0.245612,0.015945,0.003259,,0.012138,0.006127,0.000202,0.034337,0.632437,0.000032,0.001471,,0.000018,0.005330,,,0.001179,0.000271,,,,,0.000056,0.000585,0.000060,0.000017,,,,,
106040703,3.3403e+08,9,个,0.9926,0.000030,0.992576,0.002336,0.003329,0.000896,,,,0.000018,,,0.000378,,,0.000438,,,,,,,,,0.000000,,,,,,,,
109012407,3.30491e+08,13,个,0.5914,0.067356,0.591352,0.003164,0.311991,,0.000049,0.000262,0.001106,0.000895,,,,0.000026,0.000001,0.022228,0.000012,,,,,,,,0.001559,,,,,,,,
105010303,3.28886e+08,14,个,0.7250,0.097220,0.725023,0.004395,0.030908,,0.001812,0.127957,0.000015,0.000695,0.005901,0.000000,0.000001,,,0.005980,,,,0.000088,,,,,,,0.000003,,,,,,
109025503,3.28377e+08,11,千克,0.3617,0.361684,0.196957,0.001232,0.328076,,0.000186,0.000011,0.007575,0.091373,0.000249,,,0.000223,,0.012434,,,,,,,,,,,,,,,,,
107020117,3.28375e+08,9,千克,0.9978,0.997844,0.000095,0.001726,0.000002,,,,,0.000113,,0.000005,,,0.000187,,,,0.000020,,,,,,,,0.000009,,,,,,
109012608,3.27228e+08,17,个,0.3481,0.335682,0.348121,0.000685,0.306874,,0.000572,0.000189,0.000061,0.004948,0.000029,0.000000,,0.000014,0.000000,0.002720,,,,0.000001,,,,,0.000039,0.000065,0.000000,,,,,,
107020112,3.26427e+08,11,千克,0.9946,0.994558,0.000174,0.001815,0.000001,,,0.000001,,0.000063,,0.000021,,,0.003351,,,,0.000008,0.000003,,,,,,,0.000004,,,,,,
109060103,3.26075e+08,15,个,0.5971,0.000007,0.597137,0.006629,0.213799,,0.004694,0.000002,0.061728,0.023817,,,0.000936,0.001586,,0.089584,,,,,0.000062,,,,0.000000,0.000018,0.000002,,,,,,
106051201,3.25595e+08,20,个,0.8328,0.033897,0.832815,0.001673,0.018100,0.000382,0.000042,,0.000005,0.009510,0.098928,0.000011,0.000063,0.000001,0.000060,0.000245,,,0.000000,0.000003,,,,,0.002509,0.000009,0.000261,,,,,,0.001487
105010203,3.22785e+08,17,千克,0.7263,0.726337,0.112944,0.000969,0.001119,,0.000299,0.013407,,0.009471,0.132991,,0.000002,0.000791,0.000000,0.000307,,,,0.000808,,,,,0.000413,0.000001,0.000017,,,,,,0.000124
109040801,3.22646e+08,15,个,0.7318,0.000286,0.731804,0.006810,0.229849,,0.010010,,,0.009865,,0.000012,,0.000187,0.000069,0.010717,,,,0.000000,,,0.000000,,0.000119,0.000120,0.000152,,,,,,
109012904,3.22287e+08,20,个,0.6782,0.005428,0.678159,0.006000,0.289377,,0.000142,0.000122,0.002034,0.013421,0.000183,0.000174,0.000140,0.001130,0.000029,0.003240,,,0.000208,0.000000,,,,,0.000148,0.000022,0.000023,0.000023,,,,,
109010605,3.20503e+08,12,个,0.9588,0.005355,0.958803,0.003782,0.028553,,0.000074,0.000001,0.000371,0.000126,,,,0.000016,,0.000544,,,0.000002,,,,,,0.002373,,,,,,,,
304030200,3.20251e+08,14,UNKNOWN,0.6573,0.007357,0.026957,0.657285,0.000533,,,,0.084283,0.049130,,,0.000565,0.100508,,0.008792,0.061784,,,,0.000042,0.001269,,,,,,0.001417,,,,0.000078,
104020125,3.19656e+08,19,个,0.5384,0.007876,0.538372,0.003057,0.348958,0.009219,0.028918,,,0.040574,0.000063,0.000010,0.000592,0.000001,0.000048,0.014439,0.000434,,,,,,0.000001,0.001206,0.004123,0.000820,0.001291,,,,,,
109010506,3.1934e+08,11,个,0.9742,0.003468,0.974159,0.001123,0.019294,,,,,0.000223,,0.000052,,0.000032,,0.001396,,,,0.000001,,,,,0.000247,,0.000005,,,,,,
109021499,3.1922e+08,17,个,0.5701,0.001711,0.570087,0.014916,0.380786,,0.002491,0.000218,0.002000,0.010362,0.003247,,,0.003012,0.000051,0.010697,0.000000,,0.000087,0.000019,,,,,0.000314,,0.000001,,,,,,
108011700,3.17536e+08,9,个,0.8055,0.102241,0.805464,0.000020,0.006763,,0.006147,,,0.078904,,0.000001,,,,,,,,,,,,,0.000000,0.000460,,,,,,,
109022813,3.15547e+08,10,个,0.8942,,0.894178,0.000640,0.104232,,0.000000,,,0.000128,,0.000002,,,,0.000770,,,,,,,,,0.000042,,0.000001,,,,0.000007,,
109025309,3.15476e+08,18,个,0.4458,0.000035,0.445770,0.093783,0.415734,,0.000170,0.000024,0.001371,0.014394,0.000006,0.000045,0.000074,0.000075,0.000847,0.025416,0.000087,,,,,,,,0.001030,0.001031,0.000107,,,,,,
109010403,3.14027e+08,11,个,0.9222,0.000024,0.922195,0.002339,0.026244,,0.000114,,,0.000068,0.001322,,,0.000736,,0.046956,,,,,,,,,0.000002,0.000001,,,,,,,
109060502,3.13858e+08,13,个,0.7216,0.000334,0.721566,0.003480,0.262700,,,,,0.009496,,0.000436,0.000006,0.000007,0.001024,0.000481,,,0.000004,0.000000,,,,,,,0.000464,,,,,,
109022204,3.13486e+08,16,个,0.9469,0.001936,0.946851,0.004347,0.031551,,0.000009,,,0.010069,,0.000024,0.000083,0.000087,0.000029,0.004849,,,0.000004,0.000013,,,,,0.000030,0.000083,0.000034,,,,,,
108040404,3.13458e+08,19,个,0.7467,0.090751,0.746681,0.003849,0.093285,,0.000592,0.000059,0.001770,0.014021,0.000041,0.000457,0.038749,0.000110,0.000667,0.008141,,,0.000070,0.000001,,,,,0.000115,0.000092,0.000547,,,,,,
109013501,3.12307e+08,19,个,0.7153,0.094933,0.715261,0.014131,0.166199,,0.002953,,0.001905,0.001901,0.000039,0.000014,0.000006,0.000913,0.000059,0.001208,0.000040,,0.000004,,,,0.000014,,0.000411,0.000010,0.000000,,,,,,
107020224,3.12013e+08,7,千克,0.9998,0.999767,0.000182,0.000013,,,0.000005,,,0.000000,,0.000000,,,0.000034,,,,,,,,,,,,,,,,,,
109050801,3.11791e+08,13,个,0.5974,,0.597386,0.013912,0.287374,,0.000301,,0.009479,0.007748,0.005849,,0.000049,0.000010,,0.076492,0.000022,,,,,,,,0.001333,0.000045,,,,,,,
107050701,3.11687e+08,12,千克,0.9953,0.995302,0.002881,0.001040,0.000398,,0.000064,,,0.000007,0.000003,0.000195,,,0.000002,,,,,,,,,,0.000006,0.000090,0.000010,,,,,,
103020501,3.11508e+08,13,千克,0.5645,0.564540,0.033905,0.003962,0.000367,,,,,0.031981,,0.068228,0.090305,,0.007378,,,,0.000003,0.150667,0.007090,,0.035036,,,,0.006537,,,,,,
106040402,3.09337e+08,15,立方米,0.5243,0.368009,0.027569,0.000023,0.001568,,,0.524275,,0.006216,,0.003662,0.004116,0.000003,0.042472,0.000003,,,0.020809,0.001235,,,,,,0.000021,0.000020,,,,,,
107020222,3.08982e+08,6,千克,0.9989,0.998940,0.000001,0.000896,0.000156,,,,,0.000000,,,,,0.000007,,,,,,,,,,,,,,,,,,
109020405,3.08505e+08,12,个,0.8206,0.002121,0.820594,0.004959,0.092439,,0.002017,,0.007896,0.000746,0.020141,,0.000928,,,0.000747,0.047406,,0.000005,,,,,,,,,,,,,,
108012901,3.07055e+08,17,千克,0.8906,0.890628,0.063887,0.013061,0.003307,,0.000020,0.020023,,0.001977,0.000009,0.000145,0.000118,,0.001207,0.002564,,,0.001251,0.000395,,,0.000148,,,0.001220,0.000041,,,,,,
109012103,3.06183e+08,18,个,0.8403,0.044516,0.840343,0.030137,0.034118,,0.012599,,0.000281,0.006194,,0.000896,0.000010,0.000023,0.000005,0.011957,0.000019,,0.000001,0.000004,,,,,0.000372,0.017992,0.000533,,,,,,
101030306,3.04774e+08,9,个,0.5562,0.367242,0.556234,0.000003,,,,,,0.014672,0.061828,0.000000,0.000003,,0.000018,,,,,0.000001,,,,,,,,,,,,,
104011005,3.04551e+08,19,千克,0.9561,0.956061,0.005198,0.001105,0.000543,,0.018039,0.000207,,0.009556,0.005193,0.000246,0.000055,0.000069,0.001053,0.000101,,,0.000967,0.000014,,,0.000102,,0.000013,0.001425,0.000054,,,,,,
109051301,3.04425e+08,11,个,0.7651,,0.765060,0.058276,0.166498,,0.000029,,0.003167,0.001969,,,,0.000485,,0.004177,0.000281,,0.000001,,,,,,0.000058,,,,,,,,
109013504,3.04189e+08,9,个,0.9393,0.000001,0.939342,0.003424,0.031126,,,,,0.000001,,0.000002,0.026026,,,0.000075,,,,,,,,,0.000003,,,,,,,,
109032401,3.03915e+08,5,个,0.6396,,0.639617,0.352978,0.007336,,,,,0.000050,,,,0.000018,,,,,,,,,,,,,,,,,,,
109024210,3.03807e+08,17,个,0.6206,0.000016,0.620638,0.004275,0.360511,,,,0.000691,0.002156,,0.005856,,0.000020,0.000432,0.004109,,,0.000152,0.000217,,0.000038,0.000004,,0.000051,0.000083,0.000749,,,,,,
109010702,3.0274e+08,19,个,0.7031,0.009030,0.703066,0.000903,0.100333,,0.002199,,0.011970,0.122502,0.000065,0.002597,0.000273,0.000036,0.000866,0.015742,,,0.023041,0.000043,,,0.002719,,0.000209,0.003111,0.001294,,,,,,
306010901,3.02641e+08,10,期,0.6244,,0.000657,0.352946,0.000411,,,0.000013,,0.017731,,,,0.002574,,0.000865,0.000053,,0.000369,,,,,,,,,,,0.624380,,,
101011214,3.02629e+08,22,套,0.3433,0.220955,0.260274,0.006266,0.343251,0.055416,0.002460,0.037136,0.001242,0.005435,0.041307,0.002315,0.005785,,0.001229,0.009415,,,0.001064,0.002316,0.000053,,,0.000529,0.000557,0.001801,0.001183,,,,0.000012,,
109011503,3.02333e+08,14,个,0.8477,0.000080,0.847732,0.042295,0.083776,,0.000050,,0.000126,0.021293,,0.000000,,0.002065,0.000000,0.002371,,,0.000022,,,,,,0.000184,0.000006,,,,,,,
103011205,3.01745e+08,12,千克,0.9468,0.946771,0.001876,0.001540,,,,,,0.000020,,0.000100,0.001620,,0.000007,0.000001,,,0.000001,0.034252,,,0.000001,,,,0.013811,,,,,,
106040602,3.00985e+08,18,个,0.8602,0.057514,0.860165,0.005591,0.007717,,0.000109,,0.000003,0.003206,0.002492,0.003848,0.000029,,0.000050,0.028677,0.000105,,0.000013,0.000496,,,,,0.029891,0.000007,0.000087,,,,,,
108010706,3.00528e+08,15,千克,0.5658,0.565774,0.071235,0.001512,0.000566,,0.014536,,,0.017318,0.077222,0.000000,0.247628,,0.000000,0.004009,,,0.000032,0.000001,,,,,,0.000113,0.000053,,,,,,
301050302,3.00432e+08,7,千克,0.9781,0.978107,0.007899,0.001412,,,,,,,,0.000020,0.009309,,,0.000086,,,,,,,,,,,,,0.003167,,,,
108020402,2.99827e+08,9,千克,0.7854,0.785443,0.051271,,0.002640,,0.158746,,,0.001298,0.000551,0.000000,,,,,,,,,,,,,0.000050,,0.000000,,,,,,
108012001,2.99165e+08,16,个,0.6712,0.186729,0.671248,0.003222,0.098680,,0.002238,0.001287,,0.006916,0.028314,0.000052,0.000232,0.000235,0.000090,0.000688,,,,,,,,,0.000053,0.000002,0.000013,,,,,,
109041999,2.98339e+08,13,个,0.5991,0.005310,0.599063,0.001425,0.149224,,0.000069,,,0.181350,0.001609,0.000045,0.000003,,0.000206,0.011799,,,,,,,,,0.049892,,0.000005,,,,,,
106040303,2.983e+08,19,个,0.9085,0.018660,0.908515,0.005704,0.063377,,0.000004,,,0.000651,0.000886,0.000084,0.000215,0.000000,0.000019,0.001488,,,0.000000,0.000106,0.000000,,0.000001,,0.000220,0.000051,0.000018,,,,,,
109011202,2.98045e+08,9,个,0.9629,,0.962858,0.000122,0.028703,,0.001542,,0.000660,0.000502,0.000034,,,0.000004,,0.005573,,,,,,,,,,,,,,,,,
109040604,2.97769e+08,17,个,0.8304,0.003095,0.830439,0.007833,0.133186,,0.000446,0.000044,0.002547,0.010385,,0.000409,0.002880,0.000169,0.000002,0.008076,,,0.000047,,,,,,0.000390,0.000052,0.000001,,,,,,
106020300,2.97589e+08,24,个,0.3857,0.069775,0.385717,0.216622,0.029907,0.001971,0.005805,0.018051,0.000019,0.050651,0.078707,0.008628,0.008984,0.000136,0.014936,0.057217,,,0.010611,0.000596,0.001660,,0.010682,,0.000147,0.014332,0.014676,,,0.000007,0.000162,,
104020301,2.97535e+08,9,个,0.6280,0.004924,0.627961,0.002225,0.358923,,,,,0.001163,0.004669,,,,,0.000045,,,,,,,,,0.000090,,0.000000,,,,,,
108040900,2.96483e+08,18,个,0.4601,0.007147,0.460085,0.039849,0.257459,,0.007785,0.036775,0.009863,0.104329,0.053284,,0.007711,0.003858,0.000001,0.004417,0.002797,,,,,,,,0.000559,0.000012,,,0.002844,,,,0.001226
107050502,2.95872e+08,18,套,0.8071,0.133327,0.034330,0.000019,0.807089,,0.013599,0.000022,,0.000064,0.004763,0.000226,0.003931,,0.000008,0.000749,,,0.000460,0.000007,,,0.000262,,0.000001,0.000827,0.000319,,,,,,
109050803,2.95536e+08,12,个,0.5613,,0.561328,0.051617,0.347384,,0.001312,,0.018464,0.003447,,0.000018,0.000045,,,0.016066,0.000293,,,,,,,,0.000023,0.000003,,,,,,,
107022499,2.95149e+08,14,个,0.9781,,0.978062,0.002716,0.007718,,,,,0.000586,,0.003509,0.003835,,0.000411,0.002193,,,0.000005,0.000061,,,0.000026,,0.000004,0.000007,0.000867,,,,,,
104010902,2.94291e+08,18,个,0.4829,0.079157,0.482898,0.038899,0.030795,,0.041753,0.000013,0.000300,0.100558,0.144193,0.000007,0.000724,,,0.014678,,,0.000004,0.000113,,,0.000004,,0.037137,0.028375,0.000391,,,,,,
106040607,2.93313e+08,14,个,0.7239,0.033879,0.723928,0.000990,0.028739,,0.000015,,,0.080398,,0.009490,0.000007,,0.000001,0.008401,,,,0.000007,,,,,0.088346,0.000062,0.025737,,,,,,
109024501,2.91971e+08,14,个,0.6744,,0.674401,0.022731,0.236996,,,,,0.012364,,0.032668,0.005035,,0.002397,0.000328,,,0.000002,0.009029,0.000439,,,,0.003095,0.000002,0.000514,,,,,,
109060605,2.91894e+08,17,个,0.5356,0.002296,0.535591,0.015495,0.348818,,0.003138,,0.007894,0.074831,,0.000159,0.000235,0.006029,0.000024,0.004808,,,,0.000008,,0.000634,,,0.000005,0.000002,0.000033,,,,,,
107030113,2.91458e+08,7,OTHER,0.9941,0.002650,0.002575,0.000027,,,,,,0.994061,,0.000296,,,0.000069,,,,,,,,,,,,0.000321,,,,,,
105010801,2.90812e+08,17,个,0.8230,0.061100,0.823031,0.006559,0.064633,,0.005419,0.000183,0.000041,0.009351,,0.001906,0.001101,,0.000217,0.007369,,,,0.000870,,,0.000034,,0.000032,0.000759,0.017397,,,,,,
103040101,2.90433e+08,4,千克,0.9904,0.990386,0.009602,,,,,,,0.000011,,,,,,,,,,0.000001,,,,,,,,,,,,,
107030602,2.88962e+08,12,千克,0.6645,0.664484,0.107485,0.001935,,,,0.000080,,0.109687,,0.032653,0.000238,,0.082515,,,,0.000609,0.000054,,,0.000259,,,,0.000002,,,,,,
109020501,2.88927e+08,11,套,0.3690,0.040788,0.353901,0.000816,0.368955,,0.000013,,,0.230789,0.004148,0.000001,,,0.000004,0.000239,,,,,,,,,,,0.000344,,,,,,
109012201,2.88813e+08,15,个,0.7016,0.015605,0.701626,0.000494,0.227586,,0.000304,,0.000471,0.034356,,0.000005,,0.000137,0.000102,0.000132,,,0.000023,,,,,,0.019138,0.000001,0.000021,,,,,,
109032701,2.88712e+08,18,个,0.5073,0.033959,0.507333,0.018767,0.158273,,0.022397,,0.004502,0.051981,0.117079,0.000051,0.000005,0.000007,0.000016,0.009067,,,0.000005,0.000016,,,,,0.000050,0.076381,0.000111,,,,,,
109050204,2.87575e+08,18,个,0.4882,0.111863,0.488177,0.014164,0.314730,,0.012678,,0.006916,0.003606,0.002450,0.000209,0.006116,0.000090,0.000000,0.035931,0.001426,,,0.000001,,,,,0.000186,0.001398,0.000060,,,,,,
107021005,2.87116e+08,18,千克,0.9466,0.946554,0.002375,0.001384,0.000232,,0.000003,0.000279,,0.000571,0.000120,0.000056,0.000828,,0.000442,0.000508,,,0.006444,0.000009,0.039226,,0.000618,,,0.000027,0.000324,,,,,,
107010108,2.8617e+08,19,桶,0.4590,0.415996,0.035090,0.000946,0.029873,,0.000016,0.018116,0.000001,0.012994,,0.001134,0.002105,0.000006,0.012060,0.002226,,,0.459018,0.001437,,,0.008186,,0.000001,0.000006,0.000791,,,,,,
401010000,2.85841e+08,21,UNKNOWN,0.4051,0.028493,0.172979,0.405106,0.039146,0.000029,0.000062,0.012985,0.079211,0.025530,0.001306,0.000037,,0.071893,,0.058031,0.087461,,,,0.000063,0.010662,,,0.000001,0.000015,0.000002,0.006967,,,,,0.000020
103011003,2.85542e+08,15,千克,0.9105,0.910515,0.006768,0.005561,0.000164,,,,,0.001357,,0.003135,0.036457,0.001364,0.007977,0.000001,,,0.000006,0.019361,,,0.000518,,,0.000000,0.006815,,,,,,
103021201,2.85372e+08,14,千克,0.7754,0.775435,0.020100,0.030567,0.000126,,,,,0.009722,,0.002954,0.075235,,0.011707,0.001353,,,0.007386,0.045672,0.000424,,0.006141,,,,0.013179,,,,,,
104030202,2.85348e+08,12,千米,0.5811,0.017038,0.178915,0.003752,0.001795,,0.581085,,0.000010,0.108527,0.104756,,0.000007,,,0.003904,,,,,,,,,0.000061,0.000152,,,,,,,
103020802,2.85078e+08,15,盒,0.5050,0.007920,0.031317,0.010607,0.000903,,,,,0.239185,,0.505018,0.019156,,0.005583,0.002265,,,0.002574,0.160037,0.000046,,0.012129,,0.000001,,0.003258,,,,,,
107030208,2.83869e+08,10,盒,0.9202,0.000714,0.000106,0.000202,0.000034,,,,,0.000894,,0.920194,,,0.077846,,,,0.000001,0.000007,,,,,,,0.000003,,,,,,
106010505,2.83403e+08,19,卷,0.3439,0.263637,0.213481,0.003400,0.003965,,0.060778,0.000363,0.000188,0.005818,0.053245,0.000209,0.000310,,0.000022,0.050248,,,0.000046,0.000158,,,,,0.000154,0.343920,0.000044,,,,0.000013,,
103010503,2.82999e+08,15,千克,0.8281,0.828061,0.007898,0.001166,0.000153,,0.000522,0.000006,,0.126545,,0.000829,0.010463,,0.016562,0.000051,,,0.006800,0.000905,,,0.000004,,,,0.000036,,,,,,
109010505,2.82149e+08,6,个,0.9866,0.000467,0.986587,0.004354,0.006960,,,,,,,,,,,0.001632,,,,,,,,,0.000000,,,,,,,,
304030103,2.81951e+08,22,UNKNOWN,0.4083,0.013621,0.116897,0.408321,0.022815,,0.000226,0.000070,0.042447,0.025693,0.017287,0.000177,0.000028,0.074293,0.000001,0.202825,0.005217,,,,0.067891,0.001664,,,0.000406,0.000066,0.000042,0.000000,,,0.000010,,
107030409,2.81946e+08,11,瓶,0.5057,0.063311,0.040942,0.011338,0.000079,,,,,0.000773,,0.376850,,,0.505679,,,,0.000040,0.000488,,,0.000244,,,,0.000255,,,,,,
109024213,2.81767e+08,19,个,0.6405,0.003644,0.640473,0.006639,0.235615,,0.000175,0.000213,0.000018,0.004673,,0.047410,0.005454,,0.018399,0.003216,,,0.001383,0.000814,0.000729,,0.000610,,0.020862,0.000082,0.009592,,,,,,
101030102,2.81587e+08,12,千克,0.9436,0.943598,0.002121,0.000930,,,,,,0.035426,0.009114,0.001165,0.000892,,0.000002,0.000905,,,,0.000074,,,,,,0.000005,0.005768,,,,,,
102049908,2.80623e+08,14,千克,0.9413,0.941276,0.012279,0.000155,0.000454,,0.008332,0.035429,,0.000054,0.000574,0.000023,,,0.000593,0.000267,,,0.000544,,,,,,0.000019,0.000002,,,,,,,
107060303,2.79544e+08,20,个,0.6000,0.032783,0.600002,0.006056,0.218285,,0.035048,0.000976,0.000383,0.005941,0.008758,0.011755,0.000054,0.000006,0.000125,0.073245,,,0.000834,0.001536,0.000001,,,,0.000674,0.001936,0.001603,,,,,,
109024401,2.76895e+08,13,个,0.9642,,0.964204,0.000719,0.033106,,0.000507,,,0.000004,,0.000297,0.000170,0.000002,0.000614,,,,,,,,,,0.000001,0.000035,0.000012,,,,,0.000330,
101030103,2.76262e+08,3,OTHER,1.0000,0.000000,0.000010,,,,,,,0.999990,,,,,,,,,,,,,,,,,,,,,,,
109010602,2.75896e+08,11,个,0.9408,0.015965,0.940788,0.000531,0.041509,,0.000097,,0.000057,0.000073,,,,0.000569,,0.000161,,,,,,,,,0.000181,0.000070,,,,,,,
107021201,2.7582e+08,19,个,0.3936,0.082449,0.393631,0.026096,0.045307,,0.013593,0.004112,0.000027,0.012172,0.166169,0.000350,0.004997,,0.002634,0.003124,,,0.234916,0.000308,,,0.000879,,0.000180,0.004868,0.004188,,,,,,
107021408,2.74901e+08,9,千克,0.9957,0.995659,0.000590,0.000155,0.000022,,,,,0.003426,,0.000001,0.000024,,0.000062,,,,0.000061,,,,,,,,,,,,,,
107021405,2.7296e+08,11,千克,0.9946,0.994570,0.002119,0.000246,0.000004,,,,,0.000820,,0.000137,0.000288,,0.001211,,,,0.000494,0.000069,,,,,,,0.000040,,,,,,
109012199,2.72842e+08,18,套,0.4249,0.000606,0.199612,0.362657,0.424893,,0.007123,,0.000145,0.001235,0.000000,0.000022,0.000022,0.000315,0.000271,0.001649,,,0.000783,,,,0.000003,,0.000107,0.000514,0.000046,,,,,,
107030115,2.71392e+08,18,千克,0.3958,0.395767,0.151424,0.000271,0.000360,0.000014,0.000000,0.000001,,0.004845,,0.352537,0.000114,,0.085082,,,,0.000944,0.003128,0.000299,,0.000013,,0.000003,0.000024,0.005173,,,,,,
107021003,2.71057e+08,16,千克,0.9409,0.940898,0.003318,0.000218,0.000389,,0.000009,0.000001,,0.000384,0.000246,0.000058,0.000227,,0.000295,0.047147,,,0.000921,0.000004,,,,,,0.005881,0.000006,,,,,,
109020411,2.70814e+08,20,个,0.2937,0.101189,0.293674,0.012115,0.142626,0.000065,0.035388,0.005703,0.003615,0.007717,0.132576,0.000010,0.000177,0.000229,0.000030,0.258639,,,0.000453,0.000009,,,,,0.000254,0.005441,0.000089,,,,,,
109020401,2.7054e+08,17,个,0.4190,0.207488,0.419003,0.000499,0.346521,,0.000504,0.016793,0.003747,0.002181,0.001388,,,0.000008,0.000047,0.000626,,,0.000625,,,,,,0.000546,0.000011,0.000002,,,,,,0.000012
108031603,2.70507e+08,12,千克,0.9939,0.993906,0.003193,0.001433,0.000010,,,,,0.000024,,,,,0.000018,0.000864,,,0.000002,0.000002,,,,,0.000462,0.000087,0.000001,,,,,,
109061903,2.69806e+08,15,个,0.6488,0.000288,0.648758,0.006548,0.330613,,,,0.000702,0.010981,,0.000360,,0.000064,0.000041,0.001530,,,0.000008,,0.000036,,,,0.000060,0.000001,0.000007,,,,,,
109011608,2.69416e+08,13,套,0.4461,0.000631,0.440599,0.037665,0.446051,,0.007256,,0.000965,0.007226,0.048081,,,,,0.009611,,,0.000052,,,,,,0.000015,,0.000000,,,0.001849,,,
107050902,2.68911e+08,17,个,0.7205,0.121202,0.720473,0.003861,0.123749,,0.001872,0.000529,,0.001610,0.001043,0.000010,0.000249,0.000001,,0.012226,,,0.000002,0.000001,,,,,0.008642,0.004528,0.000003,,,,,,
306010100,2.68794e+08,8,次,0.7953,,0.001959,0.200803,,,,,0.000619,,,,,0.795344,,0.000686,0.000401,,,,,0.000114,,,,,,0.000073,,,,,
304080204,2.68268e+08,7,UNKNOWN,0.4485,,0.221404,0.448521,,,,,0.124252,0.155421,0.000011,,,0.029360,,,0.021031,,,,,,,,,,,,,,,,
101010303,2.68148e+08,16,千克,0.9049,0.904920,0.040289,0.001713,0.000027,,0.000203,,,0.000018,,0.000010,0.018257,0.000011,0.028731,,,,0.000014,0.001494,,,0.003033,,0.000036,0.000007,0.001236,,,,,,
101040600,2.68088e+08,13,千克,0.8849,0.884919,0.004870,0.055167,0.000016,,,,,0.000507,,0.010452,0.006950,,0.000031,0.000744,,,,0.016300,0.001472,,0.000015,,,,0.018558,,,,,,
109062703,2.66162e+08,15,个,0.9919,0.000351,0.991887,0.000433,0.003119,,,,,0.000400,,0.002605,0.000292,,0.000107,0.000003,,,0.000065,0.000112,0.000192,,,,0.000006,0.000271,0.000157,,,,,,
109011002,2.65096e+08,17,个,0.5435,0.019529,0.543533,0.001146,0.418958,,0.000817,0.000026,0.000003,0.001121,0.003670,0.000031,0.000020,0.000683,0.000066,0.000293,,,,,,,,,0.007792,0.002303,0.000008,,,,,,
109040503,2.64931e+08,17,个,0.6359,0.111283,0.635888,0.000800,0.168878,,0.019522,,0.001333,0.053418,,0.000003,0.000006,0.000139,0.001779,0.001414,,,0.000037,0.000001,,,,,0.004857,0.000554,0.000087,,,,,,
109020904,2.63092e+08,7,个,0.6892,0.002421,0.689152,0.003517,0.300883,,0.000171,,,0.003488,,,,,,0.000368,,,,,,,,,,,,,,,,,
109020704,2.62847e+08,16,个,0.7375,0.004338,0.737489,0.004766,0.243091,,0.002356,0.000030,0.000046,0.004270,0.000870,0.000000,,0.000657,0.000006,0.001642,,,0.000006,,,,,,0.000432,,0.000003,,,,,,
301060200,2.62096e+08,11,千克,0.7230,0.723041,0.028610,0.118146,0.000552,,0.000692,0.000098,0.022993,0.010834,,,,0.037309,,0.056141,,,,,,,,,,,,,,,,,0.001584
108031104,2.61459e+08,4,千克,0.9806,0.980602,0.000382,,,,,,,0.019002,,,,,0.000013,,,,,,,,,,,,,,,,,,
109020808,2.61148e+08,9,个,0.9918,0.001558,0.991767,0.000015,0.000691,,0.000081,,,0.000974,,0.000006,,,0.000002,0.004906,,,,,,,,,,,,,,,,,
109010502,2.60273e+08,15,个,0.8497,0.038318,0.849673,0.029674,0.068315,,0.000124,,,0.000759,,0.000008,,0.001422,0.000001,0.007302,,,0.000218,,,0.000296,,,0.003872,0.000005,0.000013,,,,,,
109022404,2.59789e+08,15,个,0.7889,0.010599,0.788919,0.007011,0.181587,,0.000421,,,0.001545,,0.002281,,0.000731,0.002636,0.003909,,,0.000001,,,,0.000004,,0.000258,0.000079,0.000017,,,,,,
109025302,2.57588e+08,19,个,0.6330,0.004552,0.632975,0.003223,0.090302,,0.001322,0.000002,0.001161,0.251096,,0.000007,0.000030,0.000017,0.009348,0.004876,,,0.000240,0.000025,,,0.000450,,0.000259,0.000073,0.000041,,,,,,
107030214,2.56816e+08,13,瓶,0.5867,0.002861,0.113619,0.001245,0.000901,,0.000001,,,0.006067,,0.259396,0.000682,,0.586746,,,,0.006011,0.020490,,,,,,0.000000,0.001981,,,,,,
109060302,2.56619e+08,7,个,0.6315,,0.631490,0.000182,0.367616,0.000055,,,0.000058,0.000338,,,,0.000260,,,,,,,,,,,,,,,,,,,
110020101,2.56284e+08,7,立方米,0.8725,0.072943,0.000094,0.037813,0.000499,,0.000000,0.872467,,0.016183,,,,,,,,,,,,,,,,,,,,,,,
106051207,2.56046e+08,18,个,0.4340,0.056036,0.433968,0.014126,0.328503,,0.019198,,,0.076767,0.004771,0.000887,0.000950,0.001084,0.000375,0.001265,,,0.000415,0.000022,,0.000017,,,0.054121,0.000109,0.007386,,,,,,
107060304,2.55886e+08,20,个,0.3614,0.022802,0.361389,0.081231,0.264336,,0.016058,0.000055,0.003103,0.020390,0.173573,0.000000,0.001736,0.000064,0.000176,0.052434,,,0.000168,0.000001,,,0.000001,,0.000033,0.001340,0.001111,,,,,,
109051904,2.55162e+08,9,个,0.8930,0.004999,0.892979,0.000529,0.086478,,0.008489,,,0.006385,,0.000001,,0.000082,,,,,,,,,,,0.000059,,,,,,,,
107022604,2.54859e+08,13,千克,0.9746,0.974589,0.015248,0.000915,0.000596,,,,,0.000008,,0.001097,0.000034,,0.007069,0.000103,,,0.000023,0.000027,,,,,,0.000125,0.000166,,,,,,
109024502,2.54479e+08,11,个,0.5208,,0.520763,0.004573,0.441449,,0.000019,,,0.025542,,0.000014,,0.000007,,0.007067,,,,,,,,,0.000001,0.000104,0.000462,,,,,,
103010805,2.54019e+08,15,个,0.4130,0.300814,0.412965,0.004119,0.000003,,,,,0.001111,,0.026277,0.031035,,0.000362,0.002503,,,0.000213,0.089054,,,0.098976,,,0.000008,0.032558,,0.000001,,,,
109050704,2.53634e+08,16,个,0.6482,0.018272,0.648201,0.004343,0.295208,,0.000248,0.000005,0.025245,0.005723,,0.000031,,0.000808,0.000074,0.000098,,,,,0.000116,,,,0.001468,0.000157,0.000003,,,,,,
102040302,2.52905e+08,14,千克,0.9142,0.914223,0.024217,0.050630,0.001077,,0.000042,,,0.007868,0.001502,0.000029,,,0.000172,0.000095,,,,0.000013,,,,,0.000003,0.000003,0.000124,,,,,,
109013003,2.5286e+08,19,个,0.6379,0.129552,0.637934,0.032657,0.071239,,0.004881,0.000174,,0.001502,0.000001,0.000009,0.004822,0.000047,0.100773,0.007287,0.001491,,0.007264,,,,0.000014,,0.000000,0.000005,0.000347,,,,,,
109020208,2.52729e+08,12,个,0.5694,0.015727,0.569351,0.001002,0.389596,,0.011495,,,0.004012,,0.000000,,0.000011,0.002631,0.000448,,,0.000462,,,,,,0.005265,,,,,,,,
104030401,2.51878e+08,18,个,0.6026,0.122581,0.602606,0.002578,0.004854,,0.050803,,,0.104897,0.023562,0.000259,0.003007,0.000001,0.000016,0.013764,,,0.000042,0.000431,,,,,0.069073,0.000194,0.001312,,0.000019,,,,
109050201,2.51811e+08,13,个,0.7352,0.000368,0.735191,0.010474,0.223962,,0.000856,,0.002223,0.006977,,0.000290,0.000451,0.000017,,0.018625,0.000453,,,,,,,,,0.000112,,,,,,,
109051601,2.51516e+08,10,个,0.9606,0.000736,0.960574,0.002626,0.020446,,0.000407,,,0.006024,0.009060,,,,0.000006,,,,,,,,,,0.000002,0.000120,,,,,,,
107020238,2.51219e+08,12,千克,0.9875,0.987489,0.000257,0.001827,0.000016,,,0.000060,,0.000327,0.006011,,0.000017,0.000287,0.000312,0.003237,,,0.000160,,,,,,,,,,,,,,
106040705,2.49608e+08,17,个,0.8382,0.037950,0.838166,0.013221,0.070702,,0.000680,,,0.000066,0.000012,0.000078,0.002765,0.000199,0.000052,0.001917,,,,0.000000,0.000003,,,,0.034173,0.000013,0.000002,,,,,,
109060204,2.49452e+08,11,个,0.7309,0.000060,0.730862,0.000574,0.262101,,0.000153,,,0.005409,,,,0.000003,0.000042,0.000650,,,,,0.000136,,,,0.000009,,,,,,,,
107029901,2.49272e+08,16,个,0.6085,0.215079,0.608477,0.001099,0.011774,,,0.000619,,0.000506,0.000115,0.020781,0.011417,,0.097699,0.001226,,,0.001967,0.003826,,,0.002256,,,0.000000,0.023159,,,,,,
104010101,2.48586e+08,15,千克,0.8580,0.857972,0.055674,0.005989,0.008428,,0.047022,0.000071,0.000029,0.023713,0.000188,0.000012,0.000625,,,,,,,0.000001,,,,,0.000105,0.000093,0.000077,,,,,,
105010702,2.48044e+08,14,个,0.6541,0.064835,0.654105,0.075128,0.098557,,0.020781,0.038990,,0.003097,0.032811,0.000343,0.002842,,,0.007518,,,,,,,,,0.000003,0.000324,0.000666,,,,,,
108010799,2.47534e+08,15,千克,0.5276,0.527603,0.164060,0.008423,0.084668,,0.010714,0.083514,,0.007654,0.110716,0.000013,0.001139,,0.000000,0.000377,,,0.000008,0.000746,,,,,,,0.000367,,,,,,
106041009,2.47525e+08,12,千克,0.6510,0.650960,0.327759,0.000243,0.000333,,0.000003,,,0.000004,,0.000583,0.000443,0.000001,,0.000269,,,,,,,,,0.019386,,0.000018,,,,,,
109012903,2.46865e+08,13,套,0.7502,0.009989,0.215837,0.009934,0.750162,,0.006443,,0.004912,0.001082,,,0.000012,,0.000106,0.001256,,,0.000245,0.000018,,,,,0.000005,,,,,,,,
109020903,2.46276e+08,8,套,0.7137,0.000084,0.284414,0.000001,0.713711,,,,,0.001720,,,,0.000011,,0.000018,,,,,,,,,0.000043,,,,,,,,
106020102,2.46127e+08,21,个,0.4417,0.027834,0.441723,0.038938,0.037645,,0.000003,0.000000,0.002340,0.313265,0.000001,0.000860,0.000456,0.000019,,0.015265,,,,0.000052,0.119516,0.000077,,,0.000000,0.000066,0.000037,,,0.000843,0.001059,,
108010804,2.46049e+08,18,千克,0.7439,0.743909,0.019600,0.000506,0.000178,,0.005464,0.000070,0.000002,0.009838,0.196538,0.000154,0.000005,,0.000047,0.000545,,,0.012155,0.000004,0.000006,,,,,0.010851,0.000129,,,,,,
107030302,2.45686e+08,10,千克,0.6182,0.618163,0.058785,0.000656,0.000002,,,,,0.013579,0.007232,0.290649,,,0.007885,,,,,0.001737,,,,,,,0.001312,,,,,,
109013201,2.45444e+08,18,个,0.8088,0.010907,0.808752,0.001271,0.114880,,0.000281,,0.000082,0.049068,0.000251,0.000393,0.000457,0.000035,0.000031,0.012345,,,0.000030,0.000009,,,,,0.000676,0.000338,0.000193,,,,,,
105010202,2.44418e+08,16,千克,0.9816,0.981617,0.008050,0.000045,0.002244,,0.002415,0.004284,,0.000528,0.000409,0.000022,,,,0.000083,,,0.000074,0.000000,,,0.000074,,0.000012,0.000066,0.000077,,,,,,
109040903,2.44297e+08,12,千米,0.7447,0.072188,0.116740,0.002445,0.017011,,0.744746,,0.000632,0.009074,,,0.005032,,,0.010001,,,,,,,,,0.000072,0.021946,0.000113,,,,,,
104019906,2.43465e+08,20,千米,0.3424,0.037813,0.288355,0.001124,0.125613,,0.342432,0.024975,0.000074,0.013633,0.079110,0.000444,0.009854,0.000030,0.000010,0.022136,,,0.000032,0.000019,0.000530,,,,0.002056,0.007965,0.043796,,,,,,
109021403,2.42822e+08,16,个,0.3272,0.050830,0.327171,0.015383,0.287224,,0.045179,,,0.117912,0.000484,0.010232,0.006230,,0.000135,0.002872,,,0.000175,0.134013,0.000064,,0.000879,,,,0.001217,,,,,,
109051105,2.42589e+08,10,个,0.9570,0.000003,0.957030,0.015116,0.023236,,0.000378,,0.000012,0.002306,,,0.000028,,,0.001828,,,,,,,,,,0.000064,,,,,,,
109041902,2.42411e+08,5,个,0.9998,,0.999842,0.000070,,,,,,0.000004,,0.000080,,,0.000003,,,,,,,,,,,,,,,,,,
109011109,2.41388e+08,17,个,0.7628,0.016844,0.762752,0.013486,0.159653,,0.019022,,0.001729,0.014643,0.000133,0.000001,,0.000487,0.000603,0.009319,0.000607,,,0.000018,,,,,0.000528,0.000120,0.000055,,,,,,
307010200,2.4135e+08,13,UNKNOWN,0.5708,,0.019560,0.570831,0.011907,,0.000010,,0.012227,0.008543,,0.000673,,0.347634,0.000018,0.003396,0.002924,,,,,0.022270,,,,,,0.000007,,,,,
101030303,2.41319e+08,15,千克,0.3822,0.382188,0.316061,0.026962,0.015894,,,0.000000,,0.002471,,0.009790,0.002206,,0.226525,0.007078,,,0.003347,0.000125,0.000012,,0.007135,,,,0.000204,,,,,,
109013302,2.41298e+08,19,套,0.5563,0.002061,0.242683,0.001565,0.556306,,0.000073,,0.149707,0.002682,0.017787,0.000018,0.000715,0.000111,0.002397,0.021418,,,0.001550,,,,0.000685,,0.000006,0.000018,0.000201,,,,,,0.000017
108041203,2.40576e+08,11,千克,0.7870,0.787026,0.004611,0.005027,0.001860,,0.192195,,,0.004337,0.004778,0.000000,,,,,,,,0.000001,,,,,0.000058,0.000107,,,,,,,
107050401,2.39445e+08,17,个,0.3409,0.298481,0.340854,0.002418,0.000927,,0.129092,0.000324,,0.020390,0.035717,0.004196,0.000743,,0.000188,0.018045,,,0.000252,0.000032,,,,,0.000900,0.146959,0.000481,,,,,,
109020902,2.39441e+08,12,套,0.5324,0.000213,0.427473,0.010153,0.532367,,0.001544,0.004888,0.000452,0.022237,,,,0.000024,,0.000410,,,,,,,,,0.000239,,0.000000,,,,,,
108012300,2.39194e+08,17,千克,0.4616,0.461594,0.319353,0.006775,0.010576,,0.007688,0.054951,,0.000441,0.078898,0.000273,0.049383,,,0.003601,0.000002,,0.000034,0.000002,,,,,0.005087,0.000006,0.001337,,,,,,
104010302,2.39041e+08,15,千克,0.7843,0.784340,0.004410,0.000866,0.000015,,0.207826,,,0.000442,0.000003,0.000001,0.000010,,,0.000035,0.000013,,,0.000010,,,,,0.001916,0.000019,0.000093,,,,,,
103020803,2.38117e+08,13,瓶,0.4538,0.286623,0.097876,0.028136,0.007934,,,,,0.018345,,0.086388,0.010239,,0.453834,0.001128,,,0.000694,0.001513,,,0.005291,,,,0.002001,,,,,,
107020231,2.37452e+08,8,千克,0.9836,0.983634,0.000925,,,,,0.000004,,0.000001,,0.000000,,,0.000021,,,,0.015410,,,,,,,0.000006,,,,,,,
108041399,2.36364e+08,14,千克,0.5582,0.558174,0.252195,0.000582,0.025309,,0.038472,,,0.029221,0.084854,0.000146,0.000428,,0.000000,0.000056,,,,,,,,,0.000015,0.009882,0.000666,,,,,,
104011302,2.36155e+08,14,个,0.8864,0.017952,0.886440,0.011550,0.019382,,0.059457,,,0.004434,,0.000003,0.000000,,,0.000036,,,,0.000008,0.000034,,,,0.000110,0.000057,0.000537,,,,,,
108010202,2.35039e+08,17,千克,0.8790,0.878966,0.013025,0.001466,0.012090,,0.009694,0.040418,,0.000058,0.029169,0.001018,0.001451,,0.000005,0.007420,,,0.002042,0.001119,,,,,0.000009,0.000020,0.002030,,,,,,
109024002,2.35027e+08,8,个,0.7866,0.034379,0.786573,0.000066,0.173747,,,,,,,0.000100,0.000072,,,,,,,0.003683,,,,,,,0.001380,,,,,,
109020907,2.34542e+08,19,个,0.6109,0.012414,0.610878,0.009061,0.310088,0.000130,0.001085,,0.000244,0.010627,0.000051,0.000010,0.000115,0.000560,0.000004,0.036365,,,0.000131,0.000000,,,,,0.008121,0.000111,0.000006,,,,,,
109021701,2.33001e+08,12,套,0.5319,0.000064,0.426491,0.006597,0.531905,,0.000047,0.000388,0.013776,0.018990,,,,,0.000040,0.000058,,,,,,,,,0.001633,0.000010,,,,,,,
107021202,2.3299e+08,21,个,0.5098,0.283704,0.509808,0.001367,0.068910,,0.071333,0.002125,0.000112,0.008336,0.011299,0.000863,0.008525,0.000007,0.000698,0.001639,,,0.011054,0.007647,,,0.000288,,0.001064,0.008918,0.002303,,,,,0.000001,
108032413,2.32664e+08,3,个,0.6159,0.314500,0.615861,0.069638,,,,,,,,,,,,,,,,,,,,,,,,,,,,,
109024702,2.32241e+08,11,个,0.6960,,0.695983,0.000091,0.228983,,,,,0.037825,,0.027907,,,0.000004,0.008885,,,0.000071,,,,,,0.000185,0.000065,0.000000,,,,,,
109022206,2.31567e+08,19,个,0.8587,0.025627,0.858733,0.018485,0.039506,,0.002009,0.000010,,0.003444,0.002654,0.037070,0.001393,0.000306,0.000162,0.005717,,,0.002375,0.000014,,,0.000014,,0.000803,0.001392,0.000288,,,,,,
108040600,2.31039e+08,16,个,0.8849,0.008723,0.884851,0.000367,0.094732,,0.001131,0.000000,,0.000264,,0.000327,0.000188,,0.000000,0.008594,,,0.000008,,0.000110,,,,0.000676,0.000019,0.000009,,,,,,
107030103,2.31001e+08,11,千克,0.7393,0.739335,0.063786,0.003616,0.067614,,,,,0.000689,,0.078939,0.000504,,0.043020,,,,,0.002103,,,,,,0.000268,0.000127,,,,,,
101011502,2.30429e+08,15,千克,0.5696,0.569578,0.012216,0.013166,0.001962,,0.000000,,,0.001195,,0.051648,0.050233,,0.002901,0.000138,,,0.000417,0.255129,0.000266,,0.003498,,,,0.037652,,,,,,
104010303,2.29687e+08,16,千米,0.8500,0.079992,0.026201,0.001254,0.005280,,0.849966,0.000140,,0.001391,0.014396,0.000049,0.000132,0.000018,,0.004035,,,,0.000016,,,,,0.000021,0.000687,0.016421,,,,,,
109023205,2.29407e+08,16,个,0.9196,,0.919553,0.006079,0.042677,,0.000010,,0.002895,0.008994,0.003266,0.000008,,0.015331,0.000008,0.000509,,,,,0.000663,0.000003,,,0.000001,0.000002,0.000000,,,,,,
109062504,2.29301e+08,24,个,0.8221,0.010976,0.822113,0.007205,0.063324,,0.007118,0.000017,0.000166,0.005088,0.002665,0.006529,0.022699,0.000396,0.000254,0.013087,0.000687,,0.000346,0.008725,0.001067,0.007060,,,0.000212,0.001497,0.018632,,,0.000061,0.000078,,
108012703,2.29113e+08,13,千克,0.7582,0.758189,0.214405,0.000044,0.018722,,0.000023,0.000030,,0.005244,0.003108,0.000113,,,,0.000056,,,,,,,,,0.000019,0.000006,0.000041,,,,,,
106040701,2.29061e+08,10,个,0.9912,0.004566,0.991225,0.000027,0.003124,,0.000002,,,0.000924,0.000000,0.000008,,0.000013,,,,,,,,,,,0.000112,,,,,,,,
103030706,2.28932e+08,16,箱,0.3994,0.028982,0.026208,0.010958,0.002482,,,0.042003,,0.015885,,0.227708,0.399398,,0.133978,0.006635,,,0.000054,0.052141,0.000173,,0.032115,,,,0.021282,,0.000001,,,,
109031801,2.28888e+08,6,OTHER,0.9552,,0.000851,0.039329,0.001939,,,,,0.955227,,,,0.000012,,0.002641,,,,,,,,,,,,,,,,,
102050202,2.27371e+08,14,千克,0.5116,0.511608,0.011925,0.002102,0.001316,,0.025722,0.294070,0.000712,0.001383,0.150634,0.000001,,,,0.000420,,,,0.000097,,,0.000007,,,0.000001,,,,,,,
109012406,2.27056e+08,14,个,0.7746,0.043633,0.774621,0.006387,0.174370,,0.000002,,0.000002,0.000194,,,,0.000066,0.000028,0.000123,,,0.000013,,,,,,0.000467,,0.000050,,,,,0.000044,
105020205,2.27e+08,19,个,0.7048,0.093351,0.704773,0.006555,0.124904,0.000392,0.022725,0.000761,,0.012283,0.000437,0.000055,0.001061,0.000001,0.000000,0.014141,,,0.000003,0.000182,,,,,0.005171,0.008295,0.004910,,,,,,
108031503,2.25725e+08,14,千克,0.9921,0.992064,0.000351,0.005738,0.000013,,0.000164,,0.000013,0.000081,,0.000017,,0.000003,0.000188,0.001196,,,,0.000140,0.000001,,,,,0.000031,,,,,,,
108012799,2.24061e+08,18,千克,0.5618,0.561804,0.363981,0.006635,0.034620,,0.001723,0.003387,,0.006333,0.020445,0.000022,0.000064,0.000002,0.000006,0.000011,,,0.000016,0.000001,,,,,0.000465,0.000323,0.000161,,,,,,
109042407,2.23098e+08,16,个,0.9220,0.010443,0.921960,0.002016,0.062724,,0.000039,,,0.002361,,0.000072,0.000006,0.000019,,0.000230,0.000032,,,0.000055,,,,,0.000008,0.000001,0.000008,,,,,0.000026,
109013004,2.22406e+08,15,个,0.8224,0.001717,0.822423,0.002887,0.153261,0.000021,0.000129,,0.006292,0.000165,0.000716,0.000001,0.000287,0.001782,,0.010024,,,0.000049,,,,,,0.000247,,,,,,,,
109023609,2.21238e+08,14,个,0.9289,0.048615,0.928858,0.008023,0.009254,,,,,0.000009,0.000175,0.000049,0.000008,0.000040,0.000455,0.004372,,,0.000003,,,,,,0.000045,0.000093,,,,,,,
102050699,2.20855e+08,11,千克,0.9533,0.953272,0.007448,0.031841,,,,,,0.000006,,0.000002,0.000501,,0.000034,,,,0.004958,0.001586,,,0.000001,,,,0.000351,,,,,,
103020603,2.19555e+08,15,箱,0.6152,0.010141,0.095956,0.020659,0.000239,,0.000271,0.001494,,0.017265,,0.000585,0.615186,,0.150666,0.002096,,,0.068687,0.016151,,,0.000015,,,,0.000588,,,,,,
107021706,2.175e+08,9,千克,0.8231,0.823052,0.041315,0.000177,0.000764,,,,,0.000005,0.001309,,0.125743,,,0.007634,,,,,,,,,,0.000000,,,,,,,
109041201,2.17219e+08,18,个,0.9530,0.000243,0.953004,0.022404,0.019444,,0.000452,0.000005,0.000002,0.002240,,0.001605,0.000070,,0.000005,0.000261,,,0.000016,0.000000,,,0.000004,,0.000238,0.000003,0.000003,,,,,,
109012299,2.167e+08,17,个,0.7091,0.008262,0.709142,0.002513,0.266041,,0.000548,0.000239,,0.004406,,0.000042,,0.000668,0.000025,0.003312,,,0.002975,0.000001,,,,,0.001491,0.000015,0.000173,,,,,0.000150,
102050303,2.16545e+08,12,千克,0.8653,0.865278,0.117221,0.004232,0.003695,,0.000082,0.007777,,0.000001,,0.000933,,,0.000003,0.000517,,,,,,,,,0.000037,0.000224,,,,,,,
108010603,2.16324e+08,14,箱,0.4804,0.017244,0.032981,0.001873,0.283687,,0.000763,,0.002774,0.002459,0.141170,,0.480414,,,0.020347,,,0.000083,,,,,,0.000001,,0.012731,0.003474,,,,,
108010901,2.1588e+08,20,千克,0.4042,0.404215,0.162834,0.007407,0.018101,,0.087003,0.140211,0.002531,0.006268,0.157747,0.000007,0.002483,0.000005,0.000209,0.001245,,,0.001989,0.000717,,,0.000028,,0.000006,0.003027,0.003967,,,,,,
108012005,2.15583e+08,10,个,0.9699,0.021063,0.969905,0.005054,0.002309,,0.000664,,,0.000731,,,,,,,,,,0.000006,,,,,0.000157,0.000106,0.000005,,,,,,
104019901,2.15537e+08,17,千米,0.3259,0.301423,0.140825,0.008480,0.085442,,0.325894,0.000979,0.000037,0.039693,0.052009,0.000701,0.004160,,0.000013,0.002509,,,,0.000073,,,,,0.003895,0.005557,0.028310,,,,,,
109020201,2.15473e+08,15,个,0.6720,0.029176,0.672020,0.006233,0.225321,,0.000645,,0.009302,0.051626,0.001088,0.000008,,0.000123,0.003064,0.000075,,,0.000033,0.000010,,,,,0.001276,,,,,,,,
109051304,2.14723e+08,14,套,0.4741,,0.449638,0.032755,0.474075,,0.000197,,0.006532,0.000985,0.000019,0.000070,,0.007875,0.000009,0.027701,,,,,0.000000,,,,0.000137,0.000007,,,,,,,
109060501,2.14614e+08,18,个,0.7545,0.000885,0.754521,0.001709,0.200651,,0.031254,,0.000168,0.004527,0.003039,0.000242,0.000025,0.000324,0.000420,0.001150,0.000370,,,0.000029,,,,,0.000529,0.000005,0.000152,,,,,,
108041801,2.14576e+08,12,个,0.2907,0.242562,0.290734,0.006882,0.197090,,0.011237,,0.000002,0.223479,0.000159,,0.000006,0.000433,,0.020758,,,,,,,,,0.006658,,,,,,,,
104011002,2.14359e+08,17,千克,0.6020,0.602027,0.252156,0.000057,0.004853,,0.078841,0.003000,,0.001079,0.015304,0.000017,0.000212,,0.000007,0.010133,,,,0.000000,,,,,0.016275,0.015865,0.000170,0.000002,,,,,
107021511,2.14224e+08,9,千克,0.9922,0.992246,0.000583,0.000474,,,,0.000103,,0.000849,,,0.000002,,0.000137,,,,0.005606,0.000000,,,,,,,,,,,,,
108010699,2.13705e+08,16,个,0.4328,0.300725,0.432847,0.005177,0.118301,,0.001319,0.003902,,0.001203,0.127912,,0.005423,,0.000012,0.003071,0.000059,,0.000000,,,,,,0.000028,0.000019,0.000000,,,,,,
109020106,2.13496e+08,14,个,0.6220,0.027215,0.621992,0.001658,0.285148,,0.016145,,0.005578,0.032464,0.007068,0.000004,,,0.000058,0.002301,,,,,,,,,0.000256,0.000107,0.000005,,,,,,
108041403,2.13254e+08,18,个,0.7021,0.111172,0.702100,0.002897,0.119530,,0.027601,0.000516,,0.017556,0.004772,0.000694,0.000311,0.000001,0.000003,0.010174,,,0.000000,0.000000,,,,,0.001241,0.000004,0.001427,,,,,,
107020206,2.13192e+08,14,千克,0.5300,0.529972,0.002229,0.009953,0.018978,,,0.000349,0.000004,0.000790,0.000003,,,0.000108,0.427264,0.006752,,,0.000800,0.000003,,,0.002795,,,,,,,,,,
106020106,2.12819e+08,21,个,0.8860,0.000399,0.886020,0.013468,0.026154,,0.000020,,,0.009670,0.000408,0.000484,0.008439,0.000087,0.000005,0.016235,0.000010,,,0.000023,0.031515,0.000006,,,0.000001,0.006654,0.000383,,,0.000006,0.000013,,
106010205,2.12715e+08,19,个,0.5518,0.105244,0.551817,0.000625,0.001030,,0.119041,,0.000002,0.000731,0.010479,0.022009,0.054633,,0.000009,0.000960,,,0.000025,0.000005,0.000053,,,,0.000136,0.129790,0.002073,,,,0.001337,,
108041304,2.11386e+08,8,个,0.9376,0.059169,0.937587,0.000917,,,0.001868,,,0.000033,0.000143,0.000000,,,,,,,,,,,,,,0.000282,,,,,,,
109060405,2.10522e+08,20,个,0.7520,0.016987,0.752007,0.004521,0.102313,,0.002495,,0.000087,0.010805,0.000256,0.001495,0.000299,0.000408,0.009236,0.077470,,,0.000202,0.000221,,0.000017,,,0.019676,0.000117,0.001387,,,,,0.000000,
109022699,2.10241e+08,19,瓶,0.6659,0.163390,0.084752,0.000165,0.062356,,0.004916,0.000467,0.007927,0.002974,0.000535,0.000119,0.000057,0.000007,0.665944,0.005353,,,0.000535,0.000016,,,0.000037,,,0.000343,0.000108,,,,,,
304070202,2.09127e+08,7,UNKNOWN,0.9011,,0.058493,0.901059,0.009946,,,,0.001943,0.020945,,,,,,,0.000452,,,,,,,,,,,0.007162,,,,,
109040605,2.08658e+08,17,个,0.9311,0.000849,0.931133,0.003955,0.043251,,0.003895,,0.000144,0.002597,,0.000120,0.000585,,0.000036,0.011058,,,0.001161,0.000181,,,0.000003,,0.000593,0.000331,0.000106,,,,,,
107020204,2.0795e+08,7,千克,0.9705,0.970490,0.012362,,,,,0.000955,,0.014673,,,0.000002,,0.000546,,,,0.000971,,,,,,,,,,,,,,
109061699,2.07738e+08,14,个,0.7115,0.002972,0.711517,0.018898,0.247709,,,,0.003835,0.000187,0.000519,0.001092,0.000616,,0.000924,0.010086,,,,0.000037,,,,,0.001572,,0.000034,,,,,,
104010505,2.07015e+08,10,个,0.7022,0.057290,0.702190,0.001972,0.220302,,0.015679,,,0.000797,,0.000001,,,,0.001563,,,,,,,,,0.000003,,0.000204,,,,,,
104010606,2.06945e+08,18,个,0.8049,0.112753,0.804916,0.001745,0.031615,,0.004689,,0.000000,0.004322,0.000493,0.003276,0.000125,0.000036,0.000001,0.009399,,,0.000039,0.000323,,,,,0.020421,0.005146,0.000700,,,,,,
109060410,2.06898e+08,14,个,0.7410,0.000372,0.740966,0.017383,0.229927,,0.000391,,0.000004,0.002204,,0.000153,,0.000010,0.000022,0.004908,,,,,,,,,0.003481,0.000000,0.000179,,,,,,
109020304,2.06822e+08,14,个,0.9414,0.000931,0.941441,0.001851,0.027577,,0.003572,0.000211,,0.001510,0.000014,,,0.000001,,0.000100,0.001035,,0.000001,,,,,,0.000040,,,,,0.021717,,,
107030601,2.05793e+08,15,盒,0.4116,0.107915,0.057738,0.001446,0.000352,,,0.000009,,0.037538,,0.411558,0.000097,0.001790,0.132610,,,,0.002099,0.235418,0.000637,,,,,,0.010702,0.000090,,,,,
107050501,2.05692e+08,17,千克,0.8083,0.808334,0.108194,0.001054,0.003136,,0.034079,0.000488,,0.001066,0.002008,0.000190,0.000700,,0.001514,,,,0.000748,0.000027,,,0.000385,,0.000051,0.038023,0.000004,,,,,,
107029903,2.03772e+08,17,千克,0.7002,0.700183,0.122549,0.011969,0.009366,,,0.000466,,0.017081,0.000089,0.003570,0.033053,,0.047694,0.013640,,,0.033241,0.001485,,,0.000445,,0.000026,0.001294,0.003849,,,,,,
102050405,2.03409e+08,12,千克,0.6209,0.620899,0.029121,0.001458,0.000134,,,0.332556,,0.005364,,0.000002,0.000064,,,0.006627,,,0.001602,0.002153,,,,,,,,,,,,,0.000020
104020105,2.03343e+08,8,个,0.9554,0.010024,0.955364,0.000057,0.034004,0.000198,0.000292,,,0.000034,,,,,,0.000028,,,,,,,,,,,,,,,,,
109011103,2.03133e+08,14,个,0.7869,0.000837,0.786869,0.008414,0.193541,,0.004009,,0.000096,0.001131,,,0.000005,0.000029,,0.004560,,,,0.000002,,,,,0.000432,0.000074,0.000003,,,,,,
101020399,2.02966e+08,22,立方米,0.3285,0.141163,0.271904,0.003379,0.077796,0.003303,0.000429,0.328478,0.000892,0.051324,0.014336,0.000096,0.038258,0.000043,0.002150,0.053855,,,0.000529,0.004613,0.000712,,0.005617,,0.000142,0.000165,0.000817,,,,,,
108012402,2.02489e+08,20,千米,0.3322,0.148201,0.212386,0.002026,0.119703,,0.332213,0.101084,0.000943,0.006339,0.039691,0.000083,0.002096,0.000022,0.000137,0.013124,,,0.000390,0.000198,,0.000002,,,0.000408,0.017395,0.003559,,,,,,
103010403,2.02442e+08,15,千克,0.9518,0.951816,0.005516,0.000794,0.000001,,0.000047,0.000116,,0.007231,,0.002479,0.000018,,0.000991,0.000612,,,0.000222,0.023419,,,0.000225,,,,0.006514,,,,,,
109013603,2.02346e+08,11,个,0.5302,0.330500,0.530239,0.001995,0.116140,,0.005968,,,0.003326,,,,0.000010,,0.010072,,,,,,,,,0.001284,0.000029,0.000438,,,,,,
108041106,2.01976e+08,6,千克,0.9833,0.983296,0.016473,0.000013,0.000072,,,,,,,,,,,,,,,,,,,,0.000146,0.000001,,,,,,,
107051002,2.01407e+08,18,个,0.6670,0.133391,0.667038,0.001890,0.036846,,0.021110,0.000616,,0.004874,0.022159,0.000059,0.000434,,0.000003,0.107354,,,0.000008,0.000004,,0.000560,,,0.000343,0.003303,0.000008,,,,,,
109011499,2.01064e+08,11,个,0.7104,0.002241,0.710391,0.021565,0.255721,,0.001939,,0.006204,0.000777,,0.000545,,0.000045,,0.000559,,,,,,,,,0.000014,,,,,,,,
109010799,2.00913e+08,12,个,0.6314,0.011527,0.631373,0.000858,0.305494,,0.000485,,,0.019356,0.000209,0.000084,,0.000315,,0.029723,,,,0.000000,,,,,0.000575,,,,,,,,
106010303,2.00743e+08,18,千克,0.8096,0.809572,0.080212,0.002709,0.024109,,0.012732,0.000198,0.000000,0.040518,0.005021,0.000452,0.001356,,0.000784,0.001729,,,0.001861,0.000044,,,,,,0.012300,0.000376,,,,0.006025,,
106010102,2.0008e+08,18,千克,0.4918,0.491812,0.453373,0.002929,0.001165,,0.008793,,,0.002199,0.009878,0.002525,0.003798,,0.000110,0.000400,,,0.000145,0.000045,0.000141,,,,0.000012,0.014798,0.003477,,,,0.004401,,
109042103,1.99501e+08,16,个,0.8200,0.068496,0.819959,0.001974,0.106753,,0.000091,,0.000004,0.000391,,0.000010,0.000076,0.000000,0.000009,0.001860,,,0.000020,,,,,,0.000005,0.000311,0.000040,,,,,,
304070302,1.98925e+08,8,UNKNOWN,0.6534,,0.039650,0.653387,0.002866,,,,0.023088,0.016964,,,,0.253073,,0.000148,0.010824,,,,,,,,,,,,,,,,
103011403,1.98577e+08,12,个,0.7559,0.129093,0.755854,0.010331,0.000449,,,,,0.001242,,0.080689,0.009293,,0.000004,0.000230,,,,0.008166,,,0.000000,,,,0.004650,,,,,,
109024207,1.98274e+08,8,套,0.7607,,0.230235,0.003084,0.760721,,,,,0.000421,,0.005183,,,0.000000,0.000354,,,,,,,,,,,0.000002,,,,,,
109031403,1.98028e+08,6,个,0.9186,0.000151,0.918556,0.000084,0.080497,,,,,0.000574,,,0.000139,,,,,,,,,,,,,,,,,,,,
108041202,1.9736e+08,16,千米,0.4346,0.350478,0.107718,0.012699,0.005532,,0.434560,,0.000001,0.003775,0.000627,0.000003,0.006579,,0.000000,0.069566,,,,0.000072,,,,,0.001175,0.007214,0.000002,,,,,,
107021699,1.9713e+08,11,千克,0.9523,0.952276,0.016150,0.001316,0.000142,,0.000006,,,0.000415,,0.004094,0.000223,,0.000951,,,,0.000026,,,,,,,,0.024401,,,,,,
109013304,1.96859e+08,18,个,0.8894,0.008828,0.889422,0.007320,0.085633,,0.001954,0.000076,,0.000255,0.000096,0.002615,0.000002,0.000114,0.001760,0.000043,,,0.001484,,,,0.000002,,0.000053,0.000330,0.000013,,,,,,
109024601,1.96835e+08,18,个,0.8172,0.000273,0.817213,0.000548,0.143711,,0.000026,,,0.000974,0.000032,0.018573,0.000299,0.000006,0.010237,0.005884,,,0.000002,0.000145,,,0.000002,,0.001144,0.000106,0.000827,,,,,,
101050100,1.94278e+08,14,千克,0.8988,0.898762,0.013369,0.021787,0.000003,,,,,0.001820,,0.004767,0.000968,,0.000007,0.051838,,,0.000008,0.002229,0.001163,,0.000032,,,,0.003247,,,,,,
106040304,1.94244e+08,20,个,0.8231,0.080716,0.823149,0.001497,0.078062,,0.000673,0.000054,0.000108,0.001041,0.000279,0.000103,0.000027,0.000003,0.000003,0.006996,,,0.000004,0.003070,,,0.000000,,0.004012,0.000058,0.000145,,,,,,
104030303,1.93472e+08,15,个,0.7577,0.078206,0.757730,0.113997,0.033649,,0.008505,,,0.002830,0.002597,0.000239,0.000001,,0.000001,0.002183,,,0.000019,,,,,,0.000000,0.000033,0.000011,,,,,,
109023399,1.93203e+08,18,个,0.7030,0.106746,0.702950,0.000319,0.114741,0.000802,0.019397,,0.006800,0.019795,0.014290,0.000216,,0.000326,0.000024,0.010725,0.002329,,0.000030,,,,,,0.000439,0.000065,0.000005,,,,,,
307020200,1.9292e+08,22,盒,0.2486,0.151344,0.146544,0.146902,0.074194,,0.000666,,0.081246,0.012175,0.000004,0.248599,0.000090,0.005189,0.068073,0.001210,0.042246,,0.000037,0.012554,0.000049,,0.000207,,0.000107,0.000001,0.000042,0.008521,,,,,
107021410,1.92524e+08,12,千克,0.9778,0.977772,0.002402,0.016848,0.000001,,,0.000058,,,,0.000000,0.000050,,0.000030,0.002727,,,0.000065,0.000003,,,0.000045,,,,,,,,,,
109012603,1.92056e+08,14,个,0.5873,0.183761,0.587288,0.001834,0.196458,0.003871,0.001679,,0.002672,0.014101,0.000592,0.000026,,0.000225,,0.001694,,,0.000011,,,,,,0.005788,,,,,,,,
103010603,1.9168e+08,16,千克,0.8253,0.825291,0.014235,0.001108,0.001385,,0.000158,,,0.000108,,0.011076,0.058841,0.000004,0.015685,0.000633,,,0.003641,0.034224,0.000010,,0.008554,,,,0.025046,,,,,,
109011207,1.91461e+08,8,个,0.9879,0.000233,0.987857,0.010085,0.000356,,0.000929,,,,,,,,0.000006,0.000424,,,,,,,,,0.000110,,,,,,,,
109012702,1.91068e+08,15,个,0.9451,0.006755,0.945103,0.006189,0.033732,,0.000513,,0.002972,0.001144,0.002400,0.000001,0.000019,0.000027,0.000012,0.001071,,,,,,,,,0.000038,,0.000026,,,,,,
106050802,1.9092e+08,16,个,0.7801,0.079447,0.780146,0.008885,0.039157,,,,0.002234,0.005579,0.070455,0.000074,0.003180,0.000017,0.000348,0.009182,,,,,0.000088,,,,0.001039,0.000102,0.000068,,,,,,
103011004,1.90711e+08,16,千克,0.3961,0.396132,0.063469,0.012496,0.000025,,,,,0.137266,0.000204,0.012585,0.268941,,0.017229,0.000001,,,0.000994,0.079860,,,0.000327,,,0.000001,0.010470,,0.000000,,,,
103020207,1.90124e+08,16,箱,0.5004,0.203971,0.143907,0.005965,0.002520,,0.000002,,,0.033515,,0.016890,0.500358,,0.004491,0.008765,,,0.002281,0.061306,,,0.001501,,,0.000069,0.014452,,0.000006,,,,
101040400,1.89519e+08,14,千克,0.8371,0.837102,0.041528,0.036823,0.000009,,,,,0.001805,,0.016977,0.009584,,0.000222,0.015466,,,0.000017,0.031236,0.000362,,0.000151,,,,0.008720,,,,,,
109052204,1.89177e+08,10,个,0.8087,0.006592,0.808733,0.056294,0.126606,,0.000037,,,0.000366,,0.000077,,,0.000724,,,,,,,,,,0.000019,0.000553,,,,,,,
304010300,1.88476e+08,10,UNKNOWN,0.8810,,0.001358,0.880995,,0.000094,,,0.037239,0.016189,,,,0.016495,,0.045579,0.001501,,,,,,,,,,,0.000053,,0.000497,,,
109061499,1.87878e+08,17,套,0.4880,0.001529,0.403378,0.039295,0.487951,,0.000380,,0.000149,0.011038,0.000140,0.003627,0.000014,,0.000253,0.051599,,,,0.000007,0.000017,,,,0.000099,0.000504,0.000023,,,,,,
109021004,1.87856e+08,18,个,0.7768,0.004959,0.776797,0.114161,0.064689,,0.003727,0.015302,0.000175,0.001485,0.008690,,,0.007729,0.000001,0.001243,0.000649,,0.000240,0.000010,0.000045,,,,0.000046,0.000052,,,,,,,
102050509,1.87852e+08,5,千克,0.9997,0.999694,0.000007,,0.000000,,,,,,,,0.000281,,,0.000018,,,,,,,,,,,,,,,,,
108011403,1.87777e+08,18,个,0.6158,0.142915,0.615773,0.013005,0.061878,,0.000707,,0.000315,0.121610,0.034547,0.000193,0.000048,0.000009,0.000203,0.005634,,,0.000012,0.000009,,,,,0.000004,0.000014,0.003124,,,,,,
109024614,1.8777e+08,18,个,0.5265,0.000993,0.526451,0.001387,0.376256,,0.000126,0.042007,0.000015,0.006554,0.000002,0.031425,0.006165,,0.000293,0.000473,,,0.000005,0.000473,,,,,0.005820,0.000210,0.001345,,,,,,
109010699,1.87536e+08,12,个,0.7262,0.172536,0.726193,0.002994,0.086519,,0.005008,0.000269,0.000040,0.002747,,,,0.000068,0.000000,0.002479,,,,,,,,,0.001146,,,,,,,,
109023303,1.87154e+08,14,项,0.4593,0.221086,0.167341,0.001142,0.146045,0.000248,0.000953,0.000546,0.459350,0.000999,0.000397,0.000031,,,,0.000873,0.000962,,,,,,,,0.000027,,,,,,,,
108041199,1.87051e+08,16,千克,0.8040,0.803966,0.048817,0.002406,0.004644,,0.069932,,,0.068481,0.000206,0.000082,0.000405,,0.000000,0.000080,,,,0.000000,,,0.000002,,0.000696,0.000260,0.000022,,,,,,
106040999,1.8605e+08,9,套,0.6984,,0.071174,0.223111,0.698390,,0.003836,,,0.000502,0.000454,,,0.000418,,0.002091,,,,,,,,,,0.000024,,,,,,,
106040807,1.85831e+08,11,个,0.8956,0.000940,0.895612,0.000707,0.081433,,,,,0.000058,,0.000352,,,0.000001,0.020793,,,,,,,,,0.000103,,0.000000,,,,,0.000003,
109010203,1.85541e+08,16,个,0.6250,0.008884,0.625005,0.001117,0.345106,,0.001045,,0.000012,0.000691,,0.000008,0.000001,0.000318,0.000005,0.016910,,,0.000814,,,,,,0.000080,0.000002,0.000003,,,,,,
102050203,1.84885e+08,10,千克,0.9550,0.954956,0.015786,0.017663,0.000008,,0.000337,,,,0.010994,0.000000,,,,0.000238,,,,0.000007,,,,,,,0.000011,,,,,,
108010310,1.84424e+08,18,个,0.2493,0.187795,0.249251,0.055009,0.022642,,0.129331,0.192902,0.000543,0.011107,0.139840,0.000044,0.000164,,0.000049,0.005073,,,0.000010,0.000271,,,,,,0.000759,0.005148,0.000061,,,,,
101010499,1.84021e+08,18,千克,0.8728,0.872752,0.005101,0.055681,0.019059,,,0.000294,0.000108,0.000204,,0.008094,0.006327,0.000125,0.000181,0.005476,,,0.000171,0.021951,0.000053,,0.000701,,,0.000001,0.003722,,,,,,
106020107,1.83367e+08,17,个,0.8304,0.024192,0.830448,0.023411,0.082710,,,,0.002026,0.009241,0.000104,0.005144,0.000017,0.000186,0.000278,0.007436,,,,,0.009336,,,,0.000356,0.000154,0.004468,,,0.000492,,,
104010999,1.83288e+08,17,千克,0.4056,0.405614,0.158062,0.006704,0.010860,,0.326154,,,0.036234,0.019670,0.000029,0.018498,0.000009,0.000001,0.001805,,,0.000004,0.000128,,,,,0.000088,0.015916,0.000224,,,,,,
107022102,1.83266e+08,19,千克,0.3519,0.351924,0.119294,0.012725,0.091842,0.000082,0.020656,0.042380,,0.142641,,0.009404,0.006173,0.000003,0.034445,0.000939,,,0.159248,0.000175,,,0.002513,,0.001298,0.001579,0.002680,,,,,,
107030212,1.83044e+08,13,瓶,0.4332,0.000066,0.121421,0.002652,0.003453,,,,,0.012621,,0.407422,0.014702,0.000012,0.433227,,,,0.000002,0.002998,,,0.000339,,,,0.001084,,,,,,
104030604,1.82822e+08,8,千米,0.9612,0.005035,0.012479,0.001363,0.000007,,0.961162,,,0.018172,0.000101,,,,,0.001681,,,,,,,,,,,,,,,,,
107020104,1.8262e+08,14,千克,0.9941,0.994058,0.001066,0.000329,0.000426,,0.000008,0.000009,,0.000022,,0.000179,0.000054,,0.002729,,,,0.000802,0.000001,,,,,,0.000089,0.000229,,,,,,
109010599,1.8087e+08,15,个,0.9452,0.023277,0.945222,0.003069,0.021744,0.000794,0.000002,0.001130,,0.000278,0.000056,0.000004,,,0.000010,0.000121,,,0.003873,,,,0.000002,,0.000417,,,,,,,,
102050305,1.80539e+08,5,千克,0.9870,0.986995,0.001718,0.011277,,,,,,,,,,,0.000007,,,,0.000003,,,,,,,,,,,,,,
108011101,1.80482e+08,10,个,0.6412,0.061544,0.641220,0.004790,0.002126,,0.005906,,,0.274570,0.000179,0.000648,,,,0.008102,,,,,,,,,0.000914,,,,,,,,
104010605,1.80119e+08,15,个,0.8023,0.074365,0.802294,0.002260,0.093041,,0.009388,,,0.003744,0.000566,0.000037,0.000072,,,0.012869,,,0.000034,0.000003,,,,,0.000227,0.000718,0.000383,,,,,,
103020801,1.80119e+08,12,个,0.8713,0.003920,0.871275,0.020837,0.029193,,,,,0.015608,,0.028988,0.002780,,0.000980,,,,0.000143,0.004788,,,0.015016,,,,0.006473,,,,,,
109020307,1.78761e+08,17,个,0.9066,0.003575,0.906587,0.032479,0.000791,,0.000354,,0.012754,0.032967,,0.000052,0.000004,0.001966,0.000017,0.003280,,,0.000373,,,,,,0.000069,0.000014,0.000019,,,,,,0.004697
107020221,1.77907e+08,9,千克,0.9841,0.984127,0.000282,0.002352,0.000000,,,,,0.000155,,,0.000032,,0.006503,,,,0.006548,,,,,,,,0.000001,,,,,,
109020403,1.77616e+08,14,个,0.5354,0.017639,0.535358,0.030557,0.010093,0.000013,0.044875,,0.000903,0.117333,0.205109,,,,0.000092,0.037966,,,,0.000002,,,,,0.000051,,0.000008,,,,,,
107021509,1.76765e+08,12,千克,0.9710,0.971004,0.019076,0.001139,0.002385,,0.000025,0.000146,,0.000278,,0.000046,0.003533,,0.000078,,,,0.002287,,,,,,,,0.000003,,,,,,
102050204,1.76044e+08,16,千克,0.9385,0.938473,0.000121,0.003595,0.000018,,0.000299,0.056137,,0.000065,0.000199,0.000017,0.000017,,0.000006,,,,0.000242,0.000634,,,,,0.000024,0.000076,0.000076,,,,,,
106051209,1.75818e+08,7,个,0.9961,,0.996108,0.000460,0.002301,,,,,0.000070,,0.000023,,,0.000167,0.000870,,,,,,,,,,,,,,,,,
109011206,1.75394e+08,10,个,0.8060,0.044251,0.806040,0.060968,0.058142,,0.002642,,,0.020899,,,,0.000003,,0.003523,0.003506,,,,,,,,,,,0.000027,,,,,
107060115,1.74687e+08,16,千克,0.4334,0.433358,0.231090,0.000306,0.048229,,0.100854,0.037462,0.000038,0.003548,0.132276,0.000014,0.000588,,,0.001231,,,0.008414,,,,0.000643,,0.000025,0.001924,,,,,,,
107021616,1.74348e+08,11,千克,0.9510,0.950975,0.000007,0.000193,0.000036,,,,,0.000131,,0.002376,,,0.041047,,,,0.000002,0.001398,,,,,,0.000200,0.003635,,,,,,
107020212,1.73748e+08,8,千克,0.9978,0.997809,0.000155,0.000315,,,,0.001126,,0.000044,,0.000002,,,0.000490,,,,0.000059,,,,,,,,,,,,,,
103020601,1.72948e+08,12,千克,0.5347,0.534703,0.121648,0.066930,,,,,,0.001704,,0.000082,0.208225,,0.009080,0.019358,,,0.000547,0.028741,,,0.000115,,,,0.008865,,,,,,
109021106,1.72889e+08,13,套,0.5296,0.043751,0.292522,0.008594,0.529566,,0.000001,,,0.000306,0.000999,,,0.000735,,0.003298,,,0.000001,0.000000,,,,,0.120225,,0.000002,,,,,,
108031105,1.7278e+08,3,千克,0.9851,0.985086,,,,,,,,0.014901,,,,,0.000013,,,,,,,,,,,,,,,,,,
109025602,1.72588e+08,12,个,0.8861,0.000101,0.886070,0.009045,0.100857,,0.000079,,0.000476,0.002108,,,,0.000093,,0.001075,,,,,,,,,0.000031,0.000041,0.000026,,,,,,
103020507,1.71367e+08,14,盒,0.3513,0.198010,0.005860,0.268119,0.000089,,,,,0.009855,,0.351291,0.137288,,0.002933,0.002351,,,0.000297,0.020412,0.000135,,0.001009,,,,0.002352,,,,,,
109042603,1.70948e+08,14,个,0.6829,0.042903,0.682929,0.009107,0.228446,,0.010900,,0.000182,0.008788,,0.000061,0.000016,0.000036,,0.001342,,,0.013802,,,,,,,0.001477,0.000012,,,,,,
109023212,1.7077e+08,14,个,0.6972,0.000101,0.697182,0.025715,0.266834,,0.000057,,0.002458,0.000628,,0.000508,0.000195,,0.000171,0.005913,,,,,,,,,0.000000,0.000169,0.000068,,,,,,
101020499,1.69338e+08,15,千克,0.4382,0.438221,0.225363,0.001536,0.000991,,,0.084997,0.004648,0.212597,0.010258,0.000106,0.002215,,0.000003,0.007583,,,,0.010457,0.000142,,,,,,0.000884,,,,,,
108031602,1.69134e+08,9,千克,0.9754,0.975435,0.008539,0.000005,0.002225,,0.012263,,,0.000037,0.001490,0.000004,,,,,,,,,,,,,,,0.000002,,,,,,
107040304,1.68738e+08,9,千克,0.9784,0.978400,0.015908,,0.003296,,,,,0.000427,0.001933,,,,0.000000,,,,,0.000008,,,,,,0.000007,0.000022,,,,,,
304040302,1.68557e+08,15,UNKNOWN,0.6236,0.153016,0.023394,0.623633,0.004551,,,0.001135,0.001187,0.026738,,,0.001192,0.018810,,0.000337,0.004865,,0.000015,,,,,,,,,0.000014,0.122708,,,,0.018405
109025504,1.67552e+08,15,套,0.8683,0.022145,0.082861,0.002381,0.868308,0.000090,0.010426,0.002864,0.000093,0.000857,,0.000019,,,0.000239,0.009639,0.000003,,0.000074,,,,,,,,0.000002,,,,,,
109025499,1.67515e+08,13,套,0.6147,0.007738,0.318063,0.034233,0.614657,,0.005528,,0.002241,0.002483,0.001921,0.000016,,,,0.012301,,,0.000170,,,,,,0.000029,0.000620,,,,,,,
108042000,1.6699e+08,17,个,0.4832,0.138857,0.483232,0.001554,0.078427,,0.004078,,,0.011693,0.274504,0.000273,0.003563,,0.000184,0.003130,,,0.000287,0.000001,,,,,0.000111,0.000032,0.000053,0.000020,,,,,
304020201,1.6652e+08,8,UNKNOWN,0.7998,,0.022228,0.799799,0.099365,,,,0.043127,0.021463,,,,0.003710,,0.009978,0.000330,,,,,,,,,,,,,,,,
304070103,1.6639e+08,12,UNKNOWN,0.7127,0.002210,0.084053,0.712662,0.056968,,,,0.035004,0.001712,,,,0.018176,,0.005748,0.009055,,,,0.000029,,,,,,,0.073663,,,,0.000721,
101030309,1.66208e+08,7,千克,0.9969,0.996921,0.000062,0.000016,,,,,,0.000008,,0.000241,,,0.002741,,,,,,,,,,,,0.000012,,,,,,
108010704,1.64962e+08,15,个,0.3394,0.105830,0.339355,0.010040,0.097049,,0.014454,0.026859,0.000006,0.031995,0.315543,0.000012,0.002519,,0.000004,0.056185,,,0.000147,,,,,,0.000001,,,,,,,,
109051002,1.64145e+08,16,个,0.7709,0.000128,0.770861,0.007871,0.183525,,0.001058,,0.000183,0.030294,0.000696,0.001715,0.002507,0.000004,,0.000807,,,,0.000048,,,,,0.000000,0.000071,0.000231,,,,,,
106050199,1.63866e+08,19,个,0.7692,0.115549,0.769162,0.005856,0.096496,,0.000396,,0.000354,0.003009,0.003422,0.001365,0.000116,0.000610,0.000085,0.001962,,,0.000202,0.000000,0.000001,,,,0.000455,0.000950,0.000009,,,,,,
107040101,1.63508e+08,12,千克,0.9867,0.986737,0.007026,0.002487,0.000437,,0.002335,,,0.000053,0.000165,,,0.000000,0.000024,0.000524,,,,,,,,,0.000208,0.000004,,,,,,,
109022905,1.63384e+08,13,平方米,0.4067,0.001916,0.340423,,0.010873,,0.232979,,,0.000018,0.406746,0.001589,0.002350,0.000094,0.000004,0.000019,,,0.002637,,,,,,0.000352,,,,,,,,
101050300,1.63063e+08,12,盒,0.5938,0.137279,0.090538,0.064134,0.054631,,,,,0.000482,,0.593753,0.000748,,0.000013,0.037411,,,,0.001509,0.019409,,,,,,0.000094,,,,,,
108010802,1.62923e+08,18,平方米,0.6179,0.041524,0.006929,0.002188,0.000064,,0.007653,0.007824,0.000025,0.026389,0.617914,0.000001,0.000088,0.000049,0.000002,0.002624,,,0.000506,0.000001,,,,,,0.286210,0.000010,,,,,,
104010903,1.61787e+08,18,个,0.7160,0.085950,0.715986,0.006507,0.059753,,0.077306,,0.000762,0.007401,0.000766,0.000174,0.000069,0.000333,0.000004,0.003856,,,0.000004,0.000151,,,,,0.014859,0.026011,0.000109,,,,,,
109025202,1.61713e+08,15,个,0.8190,0.000767,0.819038,0.043973,0.101611,,0.011553,,0.002364,0.000725,0.013908,,,0.000505,,0.004265,0.001218,,0.000004,,,,0.000021,,0.000043,0.000004,,,,,,,
101010402,1.6171e+08,15,千克,0.9347,0.934698,0.010434,0.010566,0.000047,,,,,0.000264,,0.000169,0.000421,,0.000061,0.000574,,,0.000431,0.037233,0.000195,,0.000711,,0.000496,,0.003701,,,,,,
109011604,1.61709e+08,14,个,0.3986,0.000059,0.398649,0.042890,0.257043,,0.001127,,0.002063,0.022846,0.000519,,0.000002,0.000083,0.000015,0.274285,0.000159,,,,,,,,,0.000258,,,,,,,
109022812,1.60345e+08,11,个,0.6094,0.000109,0.609443,,0.386056,,0.001306,,,0.000040,,0.000010,,,,0.002470,0.000312,,,,,,,,0.000171,0.000080,0.000003,,,,,,
108040406,1.60129e+08,20,个,0.6301,0.053735,0.630140,0.006661,0.236959,,0.006275,,0.000001,0.042398,0.000110,0.001128,0.000267,0.000128,0.000094,0.019030,,,0.000122,0.000005,0.000000,0.000000,,,0.001725,0.000305,0.000916,,,,,,
108012003,1.59541e+08,11,个,0.7480,0.010896,0.747954,,0.000453,,,,,0.003359,0.000093,0.002196,,,0.001461,0.231898,,,,0.000029,,,,,0.001656,,0.000006,,,,,,
109012901,1.59351e+08,13,千克,0.3994,0.399445,0.366293,0.000006,0.225628,,0.001826,0.000823,0.001923,0.000081,,0.000001,0.000102,,0.000505,,,,0.003355,,,,,,,,0.000011,,,,,,
109023103,1.58073e+08,20,个,0.4338,0.123970,0.433768,0.001128,0.024050,0.000064,0.040111,,0.000072,0.083258,0.091844,0.000230,0.012521,0.000003,0.001148,0.054581,,,0.000078,0.000011,,,0.000067,,0.000859,0.131682,0.000555,,,,,,
109061904,1.57683e+08,7,个,0.9590,,0.959041,0.002087,0.034453,,,,,0.000586,,0.000002,,,0.000005,,,,,,,,,,0.003826,,,,,,,,
109010205,1.57493e+08,15,个,0.8886,0.026411,0.888646,0.001332,0.055400,,0.000673,,,0.001081,,0.000002,0.000001,0.000133,0.000001,0.012660,,,0.002031,,,,,,0.010250,0.001379,0.000000,,,,,,
301020101,1.57335e+08,10,千克,0.6774,0.677449,0.000113,0.036392,0.001557,,,0.000082,,,,,,0.279777,,0.002764,0.000071,,,,,,,,,,,,0.001665,,,,0.000128
107020118,1.5689e+08,8,千克,0.9865,0.986545,0.003610,0.000001,0.000025,,,,,0.002262,,0.000003,,,0.007441,,,,0.000114,,,,,,,,,,,,,,
103011206,1.56849e+08,11,千克,0.9651,0.965079,0.000838,0.003469,,,,,,0.000585,,0.000023,0.010507,,0.000367,,,,0.018856,0.000251,,,,,,0.000023,0.000002,,,,,,
107021006,1.56823e+08,20,千克,0.7275,0.727477,0.045825,0.004402,0.091833,,0.000463,0.000202,0.000011,0.028691,0.000988,0.006117,0.001666,,0.026233,0.023048,,,0.031359,0.000489,0.005178,,0.003449,,0.000002,0.000057,0.002508,,,,,,
109012404,1.56156e+08,15,个,0.6045,0.030064,0.604549,0.000576,0.234508,,0.001869,,,0.001147,,0.000050,0.000060,,,0.000673,,,0.000088,0.000000,0.000006,,,,0.126396,0.000002,0.000012,,,,,,
108012903,1.55905e+08,14,OTHER,0.5033,0.287561,0.179174,0.003918,0.002353,,0.002451,0.005297,,0.503321,,0.000006,0.000588,,0.001003,0.000377,,,0.013629,,,,,,0.000042,0.000281,,,,,,,
106040608,1.55382e+08,14,个,0.4708,0.433131,0.470818,0.003472,0.055038,,0.000003,,,0.008864,0.002972,0.000067,,,0.000814,0.005320,,,0.000001,,,,,,0.015245,0.004166,0.000088,,,,,,
108031108,1.54928e+08,2,千克,1.0000,0.999988,0.000012,,,,,,,,,,,,,,,,,,,,,,,,,,,,,,
108040407,1.54733e+08,17,个,0.6759,0.130983,0.675895,0.012549,0.088284,,0.002818,,0.000005,0.005724,,0.000520,0.000078,0.000090,0.000143,0.078069,,,0.000021,0.000035,,,,,0.004559,0.000040,0.000189,,,,,,
109013503,1.54628e+08,13,个,0.6898,0.070591,0.689849,0.006638,0.220772,,0.000566,,,0.000431,,0.000104,,0.009863,0.000047,0.001127,,,,,,,,,0.000009,0.000002,0.000001,,,,,,
405019900,1.54594e+08,5,平方米,0.7452,,,0.164664,,,,,,0.089420,0.745231,,,0.000001,,,0.000685,,,,,,,,,,,,,,,,
103011001,1.54501e+08,18,千克,0.7096,0.709648,0.013757,0.001787,0.000195,,0.003296,,,0.001178,,0.003874,0.234961,0.000532,0.000012,0.023496,0.000615,,0.000045,0.005447,,,0.000056,,0.000197,0.000012,0.000893,,,,,,
105010405,1.54217e+08,14,个,0.4631,0.242596,0.463098,0.105666,0.008699,,0.004125,0.002495,,0.005377,0.166944,,,0.000007,0.000778,0.000187,,,0.000007,0.000001,,,,,,,0.000021,,,,,,
301040101,1.5375e+08,4,千克,0.9838,0.983798,,,,,,0.007744,,,,,,0.005208,,0.003251,,,,,,,,,,,,,,,,,
109061612,1.53153e+08,15,个,0.7000,0.000420,0.699991,0.000388,0.290869,,0.000103,,0.001846,0.000903,,0.000050,,0.001055,0.000048,0.001694,,,,,,0.000053,,,0.000283,0.000579,0.001718,,,,,,
104010904,1.53132e+08,17,个,0.4136,0.119424,0.413607,0.004664,0.009454,,0.354468,,0.000003,0.054125,0.000136,0.011373,0.000211,0.000001,0.000000,0.000094,,,,0.000919,,,,,0.000642,0.019636,0.011243,,,,,,
109020804,1.53079e+08,9,个,0.8229,0.007986,0.822919,0.002796,0.155912,,,,,0.003040,,,,,0.000002,0.007198,,,,,,,,,0.000109,0.000038,,,,,,,
107029902,1.53054e+08,21,瓶,0.2219,0.219793,0.163230,0.026557,0.219081,,0.000004,0.008695,0.000005,0.020323,0.001057,0.008722,0.026403,0.000802,0.221882,0.015188,,,0.060100,0.000490,,,0.006193,,0.000020,0.001061,0.000376,,,,,,0.000018
108041299,1.52527e+08,18,个,0.4434,0.407362,0.443380,0.012484,0.024994,,0.101135,,,0.002215,0.003274,0.000005,0.000997,0.000065,,0.001031,,,0.000380,0.000004,,0.000019,0.000005,,0.001444,0.001126,0.000079,,,,,,
106050601,1.52315e+08,10,千米,0.6593,0.001379,0.295362,0.001356,0.014282,,0.659292,,,0.026374,0.000097,,,,0.000007,0.001833,,,,,,,,,,0.000017,,,,,,,
109012204,1.52081e+08,13,个,0.7682,0.058250,0.768234,0.000005,0.137901,,0.000014,,0.015682,0.000119,,0.000001,,0.001202,,0.018313,,,0.000177,,,,,,,0.000022,0.000082,,,,,,
101011215,1.51842e+08,15,千克,0.7693,0.769315,0.171939,0.003024,0.000008,,0.000001,,,0.000600,,0.001411,0.000891,,0.000151,0.042342,,,0.000002,0.007053,0.000108,,0.000067,,,,0.003088,,,,,,
106020502,1.51531e+08,11,批,0.4281,,0.390530,0.000025,0.152722,,0.000039,,,0.026463,,0.000309,,,,0.428119,0.001786,,0.000004,,0.000003,,,,,0.000001,,,,,,,
107030106,1.50045e+08,8,千克,0.9146,0.914622,0.017488,0.054078,,,,,,0.000020,,0.010094,,,0.003551,,,,0.000122,0.000025,,,,,,,,,,,,,
304040501,1.50027e+08,10,UNKNOWN,0.3037,0.291220,0.000107,0.303650,,,,,0.007364,0.001564,,,,0.099593,,0.241873,0.024500,,,,,,,,,,,0.000310,0.029821,,,,
101020100,1.49958e+08,14,OTHER,0.8741,0.060035,0.005073,0.002943,0.000123,,0.000547,,0.007496,0.874104,0.045206,0.000015,0.000045,,0.000441,0.002754,,,,0.000861,,,,,,,0.000358,,,,,,
101011213,1.49896e+08,15,千克,0.7572,0.757240,0.007135,0.031246,0.020937,,,,,0.001711,,0.011424,0.018114,,0.001105,0.030098,,,0.000731,0.020547,0.029676,,0.000578,,0.000081,,0.069380,,,,,,
107021613,1.48946e+08,4,千克,0.9916,0.991598,0.000014,0.008379,,,,,,,,,,,0.000008,,,,,,,,,,,,,,,,,,
109024203,1.47653e+08,9,套,0.7701,0.002173,0.219550,0.000281,0.770150,,,,,0.003542,,0.003243,,,0.000940,,,,,0.000013,,,,,,,0.000108,,,,,,
104020302,1.47495e+08,14,个,0.9293,0.007220,0.929288,0.001115,0.022277,,0.005193,,,0.012116,0.000059,0.000002,,,0.000002,0.004074,,,,0.000000,,,,,0.012645,,0.005901,,0.000108,,,,
109011105,1.46917e+08,14,个,0.9240,0.001592,0.923952,0.000315,0.070969,,0.000090,,,0.000447,,0.000009,0.000015,0.000002,0.000007,,,,0.000220,,0.000003,,,,0.002370,0.000009,,,,,,,
103020702,1.46505e+08,10,千克,0.9944,0.994402,0.000266,0.000151,,,,,,0.000002,,0.003121,0.000648,,0.000936,,,,0.000002,0.000033,,,,,,,0.000438,,,,,,
104030603,1.46381e+08,14,个,0.6586,0.193980,0.658645,0.000268,0.018128,,0.005684,,,0.008249,0.110174,,,0.000002,0.000007,0.004810,,,,0.000000,,,,,0.000011,0.000009,0.000033,,,,,,
109020814,1.46333e+08,14,个,0.6660,0.014400,0.666029,0.004266,0.259720,,0.001974,,0.004803,0.045092,0.000037,,,0.001461,,0.000218,,,0.000230,,,,,,0.001750,0.000002,0.000019,,,,,,
109013301,1.4624e+08,19,个,0.7886,0.026136,0.788591,0.011789,0.160376,,0.000977,,0.000211,0.006801,0.000182,0.000124,0.000382,0.000052,0.000261,0.002886,,,0.000615,0.000006,,,0.000033,,0.000148,0.000342,0.000087,,,,,,
304010200,1.46115e+08,10,UNKNOWN,0.4258,0.000435,0.025696,0.425788,0.016679,,,,0.013039,0.021796,,,,0.127644,,0.013405,0.354247,,,,,0.001272,,,,,,,,,,,
109041203,1.44706e+08,11,个,0.7187,0.001183,0.718714,0.001548,0.266078,,0.000008,,,0.001566,,0.000009,,,0.000002,,,,0.000074,,,,,,0.007998,,,,,,,,0.002820
109042105,1.44546e+08,12,个,0.9700,0.000944,0.970044,0.000191,0.020892,,0.001849,,0.002465,0.000115,,0.000004,0.000011,,,0.000940,,,,,,,,,0.000113,0.002433,,,,,,,
109030102,1.44508e+08,9,个,0.5129,0.000015,0.512873,0.008718,0.072430,,,,,0.405636,,,,0.000242,0.000080,,,,0.000005,,,,,,0.000001,,,,,,,,
109022811,1.44479e+08,12,个,0.7477,0.021973,0.747680,0.006497,0.188786,,0.001060,,,0.033688,,0.000005,,,0.000001,0.000201,,,,,,,,,0.000045,0.000015,0.000048,,,,,,
103021299,1.4332e+08,15,千克,0.4082,0.408248,0.387868,0.003026,0.000007,,,,,0.000210,0.000001,0.000546,0.051798,,0.000490,0.128653,,,0.001730,0.004567,,,0.000459,,,0.000530,0.011866,,,,,,
101010201,1.43062e+08,13,千克,0.7467,0.746652,0.003484,0.217992,,,,,,0.000004,0.000028,0.000468,0.007142,,0.000007,0.000009,,,,0.024069,0.000001,,0.000003,,,,0.000140,,,,,,
106040401,1.42973e+08,15,立方米,0.6283,0.150101,0.026394,0.008456,0.001432,,0.000200,0.628288,,0.027853,,0.002389,0.000125,0.000018,0.121476,0.000144,,,0.032955,0.000164,,,,,,,0.000006,,,,,,
101040300,1.42586e+08,10,千克,0.7879,0.787923,0.008071,0.021530,,,,,,0.000108,,0.000430,0.003914,,,0.176064,,,,0.000188,0.000898,,,,,,0.000875,,,,,,
106050401,1.41856e+08,15,个,0.4856,0.388513,0.485582,0.001284,0.008515,,0.007800,,,0.052298,0.032340,0.004352,0.006972,,0.000001,0.007020,,,,0.001361,,,,,0.000001,0.003393,0.000567,,,,,,
106051103,1.41324e+08,5,个,0.9932,,0.993158,0.006640,0.000192,,,,,0.000000,,0.000009,,,,,,,,,,,,,,,,,,,,,
109042302,1.41175e+08,16,个,0.6061,0.160005,0.606092,0.002355,0.169740,,0.000895,,,0.056548,0.000004,0.000019,0.000955,,0.000055,0.000798,,,0.000001,,,,,,0.000009,0.002411,0.000070,0.000043,,,,,
109022603,1.41032e+08,13,箱,0.5751,0.045077,0.254923,0.022701,0.027240,,,,,0.007170,,0.032886,0.575096,,0.031060,,0.000422,,0.000484,0.002380,,,,,,0.000060,0.000500,,,,,,
109050701,1.40991e+08,11,套,0.5983,0.025156,0.324714,0.050759,0.598260,,,,0.000413,0.000640,,0.000032,,0.000012,0.000000,0.000007,,,,,,,,,,,0.000008,,,,,,
102040104,1.40557e+08,7,千克,0.8353,0.835333,0.002425,0.000018,0.000007,,,,,0.162216,,,0.000000,0.000001,,,,,,,,,,,,,,,,,,,
109040404,1.3927e+08,12,个,0.8395,0.006946,0.839511,0.019593,0.126949,,0.000267,,0.003492,0.002622,,,,,0.000010,0.000112,,,0.000005,,,,,,0.000006,0.000487,,,,,,,
105010102,1.39013e+08,15,个,0.6421,0.011777,0.642106,0.010464,0.048842,,0.001461,0.269961,,0.005835,0.006340,0.000125,0.001948,0.000012,0.000029,0.000519,,,,,,,,,0.000105,,0.000473,,,,,,
109030101,1.38997e+08,14,个,0.7107,0.035703,0.710742,0.002096,0.213578,0.000200,0.011212,0.000029,0.002200,0.013779,0.000036,,,,,0.004748,,,0.005356,,,,,,0.000289,0.000032,,,,,,,
106010503,1.3899e+08,17,个,0.7029,0.077218,0.702873,0.007382,0.181278,,0.000082,,,0.001936,0.000030,0.009170,0.007578,0.000045,0.000413,0.001607,,,0.000073,0.000441,0.000126,,,,,0.001058,0.008690,,,,,,
110030102,1.38727e+08,13,千克,0.6487,0.648746,0.006859,0.099618,0.001269,0.001373,0.000737,0.118212,,0.115901,,,0.000334,,0.000658,0.000441,0.000000,,0.005851,,,,,,,,,,,,,,
104010405,1.3829e+08,13,千克,0.6981,0.698074,0.054046,0.000765,0.006720,,0.082657,,,0.002605,0.153542,0.000039,0.001071,,,,,,,0.000009,,,,,0.000008,0.000462,0.000003,,,,,,
103020105,1.38184e+08,18,个,0.2326,0.062818,0.232554,0.027403,0.009608,,0.000008,,0.000022,0.004422,0.000008,0.069755,0.178568,,0.004736,0.009334,,,0.012022,0.211053,0.000233,,0.034675,,0.000001,,0.142779,,,,,,
101030301,1.38018e+08,17,盒,0.3423,0.033301,0.213054,0.010303,0.000083,,,0.001314,,0.074655,,0.342346,0.073631,0.000748,0.200907,0.010556,,,0.001158,0.029012,0.000656,,0.006859,,,,0.001411,,0.000008,,,,
110039900,1.3794e+08,19,个,0.7607,0.130281,0.760676,0.005795,0.059374,,0.003379,0.008488,,0.000397,0.015006,0.000001,0.000628,0.000031,0.000308,0.011466,,,0.001929,0.000001,,0.000369,,,0.001731,0.000069,0.000071,,,,,,
101030304,1.37722e+08,3,千克,0.9997,0.999711,,,,,,,,0.000019,,0.000270,,,,,,,,,,,,,,,,,,,,,
108040703,1.37022e+08,13,个,0.9406,0.005021,0.940606,0.004851,0.028389,,,,,0.016002,,0.003506,0.000405,,0.000639,,,,0.000005,0.000295,,,0.000207,,0.000003,,0.000070,,,,,,
107020123,1.3694e+08,13,千克,0.9812,0.981244,0.002183,0.012462,0.000732,,0.000133,,,0.000092,,0.000004,0.000003,0.000004,0.001776,0.001142,,,,,,,,,0.000158,0.000068,,,,,,,
109061807,1.35469e+08,11,个,0.9817,0.002831,0.981719,0.001222,0.011625,,,,0.001081,0.000992,,0.000001,,,,0.000110,0.000189,,,,,,,,,,0.000090,,,,0.000142,,
101010202,1.35327e+08,12,千克,0.8464,0.846450,0.041603,0.001300,0.001438,,0.020136,,,,,0.000119,,0.007857,0.000019,0.000278,,,0.000033,0.079891,,,,,,,0.000877,,,,,,
102050599,1.35201e+08,13,千克,0.8297,0.829707,0.159649,0.000543,0.006681,,,,,0.000190,0.000165,0.000073,,,0.002486,0.000022,,,0.000338,0.000023,,,,,,0.000006,0.000117,,,,,,
109032702,1.33831e+08,19,套,0.4230,0.008955,0.312802,0.005534,0.422995,,0.012775,0.001090,0.137650,0.003275,0.028879,0.000006,0.000153,0.000030,0.000077,0.064945,,,0.000003,,0.000346,,,,0.000156,0.000301,0.000026,,,,,,
104030605,1.33656e+08,9,千克,0.8875,0.887474,0.074781,0.000109,0.000020,,0.030307,,,0.000079,0.004783,,,,,,,,,,,,,,0.000113,0.002335,,,,,,,
103020205,1.3331e+08,14,千克,0.6703,0.670283,0.040875,0.004523,,,0.000016,,,0.002524,,0.039743,0.204112,,0.000091,0.000035,,,0.015225,0.007011,,,0.000035,,,,0.015528,,0.000001,,,,
107050499,1.3328e+08,20,个,0.2954,0.151681,0.295363,0.001260,0.008832,,0.271719,,0.000007,0.005087,0.206526,0.000235,0.012957,0.003762,0.000025,0.002138,,,0.002858,0.000160,,,0.000001,,0.001676,0.035555,0.000151,,,,,,0.000006
103011102,1.3302e+08,17,千克,0.7293,0.729251,0.017876,0.002564,0.000529,,,,,0.008841,,0.031085,0.099464,,0.036245,0.000015,,,0.031891,0.005372,0.000011,,0.004108,,0.000080,0.000006,0.032648,,0.000014,,,,
108010502,1.3302e+08,15,千克,0.4015,0.401489,0.246419,0.012241,0.001039,,0.230474,0.007485,,0.027778,0.071394,,0.000752,,0.000002,0.000584,,,,,,,,,0.000007,0.000018,0.000226,,,,,,0.000092
107040405,1.31779e+08,6,千克,0.9971,0.997140,0.001725,,,,0.000139,,,0.000237,,0.000129,,,,,,,,,,,,,,0.000630,,,,,,,
301059902,1.31768e+08,6,票,0.7563,0.002726,,0.176243,,,,,0.000051,,,,,0.044898,,0.019793,,,,,,,,,,,,,0.756290,,,,
109051303,1.31582e+08,14,套,0.5350,0.001211,0.410648,0.036733,0.535020,,0.000523,,0.002469,0.001000,,0.000004,0.000017,0.000028,0.000111,0.012110,0.000053,,,,,,,,,,,,,,0.000073,,
104030305,1.31531e+08,17,个,0.7400,0.049200,0.740033,0.020807,0.023922,,0.162786,,,0.000279,0.000024,0.000000,0.001647,0.000000,0.000030,0.001015,,,0.000007,0.000085,,,,,0.000007,0.000050,0.000108,,,,,,
108012802,1.31528e+08,15,个,0.5035,0.001675,0.503467,0.000622,0.000443,,0.252528,,,0.045566,,0.000992,0.001241,0.000000,0.000004,0.000112,,,,0.000109,,,,,0.008085,0.185049,0.000107,,,,,,
109020303,1.31485e+08,8,个,0.9986,0.000002,0.998619,0.000004,0.000367,,,,,0.000913,,,,,,0.000061,,,0.000029,,,,,,0.000005,,,,,,,,
107020223,1.31309e+08,7,千克,0.9884,0.988423,0.010267,0.000007,,,0.001262,,,0.000000,,,,,0.000009,,,,0.000032,,,,,,,,,,,,,,
107040303,1.31302e+08,10,千克,0.9816,0.981597,0.000342,,,,0.000678,,,0.000843,0.015725,,0.000204,,,0.000158,,,,0.000028,,,,,0.000145,0.000280,,,,,,,
108040704,1.31104e+08,13,个,0.9662,0.006355,0.966169,0.002439,0.010478,,,,,0.000341,,0.008056,0.000011,,0.005917,0.000056,,,,0.000086,,,,,0.000000,0.000001,0.000090,,,,,,
103020508,1.31007e+08,13,罐,0.2728,0.175918,0.254291,0.023731,0.027795,,,,,0.028849,,0.029039,0.106057,,0.042093,0.008413,,,0.002394,0.002600,,,0.272817,,,,0.026002,,,,,,
109060311,1.30565e+08,8,个,0.7538,0.000235,0.753757,0.001071,0.240849,,0.000319,,,0.003721,,0.000033,,0.000016,,,,,,,,,,,,,,,,,,,
109020703,1.30057e+08,11,套,0.6980,0.128229,0.171918,0.000360,0.697998,,,,0.000351,0.000034,0.000945,,0.000000,,0.000044,,,,0.000080,0.000042,,,,,,,,,,,,,
106050101,1.29957e+08,17,个,0.5475,0.112110,0.547457,0.013118,0.082693,,0.006204,0.006514,0.000398,0.149409,0.033948,0.004571,0.000031,0.000791,0.000014,0.042419,,,0.000003,,,,,,0.000301,,0.000019,,,,,,
109042207,1.29762e+08,19,个,0.5681,0.008899,0.568113,0.015944,0.100412,0.000834,0.000760,,,0.042067,0.254276,0.000006,0.000001,0.000006,0.000116,0.007972,0.000222,,0.000061,0.000001,,,,,0.000230,0.000045,0.000036,,,,,,
109012802,1.29569e+08,9,套,0.5040,0.002882,0.475576,0.016876,0.503972,,0.000305,,,,,,,,0.000002,,,,0.000225,0.000156,,,,,,0.000005,,,,,,,
304010403,1.2873e+08,10,次,0.7731,,0.004757,0.061832,0.015252,,,,0.109655,0.011278,,,,0.773098,,0.000787,0.017033,,,,,0.006215,,,,,,,,0.000093,,,
109051599,1.28475e+08,10,个,0.8368,0.081516,0.836823,0.000447,0.032116,,0.003968,,,0.012741,0.029808,,,,0.000002,,,,,,,0.000011,,,,0.002568,,,,,,,
101050200,1.27073e+08,11,千克,0.9304,0.930379,0.011418,0.006632,,,,0.000221,,0.005291,,0.006957,0.009008,,,0.014698,,,,0.010734,0.000070,,,,,,0.004593,,,,,,
106040301,1.26827e+08,20,套,0.4898,0.002369,0.424783,0.027852,0.489789,,0.000003,0.000560,0.020712,0.000270,0.002250,0.000015,0.000497,0.002535,0.000005,0.012636,,,,0.000623,,,0.000002,,0.015044,0.000006,0.000048,0.000000,,,,,
108011299,1.26552e+08,20,个,0.6775,0.063525,0.677488,0.050114,0.081980,,0.002038,0.000081,,0.004645,0.001677,0.049155,0.020764,0.000057,0.002548,0.025900,,,0.000342,0.003203,0.000000,,0.000031,,0.000598,0.001716,0.014138,,,,,,
104010503,1.26452e+08,11,个,0.8697,0.064925,0.869695,0.002630,0.031134,,0.004140,,,0.020429,,0.000271,,,,0.002084,,,,0.000000,,,,,0.001887,,0.002804,,,,,,
109020202,1.2644e+08,15,个,0.5334,0.065682,0.533380,0.059824,0.334902,,0.001107,,,0.000931,0.003547,0.000028,,,0.000116,0.000003,,,,0.000007,,,,,0.000289,0.000040,0.000000,0.000144,,,,,
109013401,1.26432e+08,19,个,0.6406,0.009155,0.640597,0.007540,0.282784,,0.000106,0.000092,0.000009,0.045802,,0.000002,0.000570,0.000085,0.001241,0.005940,,,0.000862,0.000059,,,0.000076,,0.004783,0.000004,0.000292,,,,,,
109022304,1.25982e+08,11,盒,0.9510,0.002832,0.045316,0.000068,0.000014,,0.000115,0.000130,,0.000065,0.000244,0.951027,,,,0.000162,,,,,,,,,,,0.000025,,,,,,
109025308,1.25738e+08,10,套,0.9062,,0.086420,0.006525,0.906183,,0.000149,,0.000365,,,0.000071,,0.000143,,0.000015,,,,,0.000057,,,,,,0.000073,,,,,,
108040403,1.25735e+08,18,个,0.8114,0.098489,0.811424,0.002450,0.073806,,0.001954,,,0.005005,0.000717,0.000930,0.000007,0.000032,0.000062,0.002912,,,0.000031,0.000010,,,,,0.001264,0.000130,0.000773,,,,,,0.000002
109011101,1.25711e+08,9,个,0.8198,0.001076,0.819844,0.001918,0.175086,,0.000794,,,0.000765,,,,0.000062,,0.000346,,,,,,,,,0.000109,,,,,,,,
109024802,1.24911e+08,14,个,0.5510,0.013772,0.550986,0.002663,0.224888,,0.003164,,,0.000437,,0.003711,,,0.000656,0.198310,,,0.000086,0.000000,,,,,0.001040,0.000001,0.000284,,,,,,
107030111,1.24457e+08,13,千克,0.7845,0.784478,0.030454,0.029223,,,0.000548,,,0.000002,0.000877,0.123932,,,0.025104,0.002595,,,0.001834,0.000944,,,,,,0.000001,0.000008,,,,,,
102049901,1.24208e+08,8,OTHER,0.6488,0.320821,0.023440,,0.004463,,0.000009,,,0.648810,0.002349,,0.000107,,0.000001,,,,,,,,,,,,,,,,,,
109021300,1.24107e+08,17,个,0.5333,0.103554,0.533305,0.017128,0.328567,,0.004876,,0.001077,0.002892,0.000595,0.000342,0.000311,0.000006,0.000609,0.001917,,,0.000053,,,,,,0.000255,0.004508,0.000005,,,,,,
109024099,1.23967e+08,6,个,0.9931,0.003854,0.993056,0.000827,0.001738,,0.000513,,,,,,,,,,,,,,,,,,0.000012,,,,,,,,
109051401,1.23896e+08,6,个,0.9621,,0.962118,0.000033,0.036243,,0.001493,,,,,0.000000,,,,,,,,,,,,,,0.000114,,,,,,,
104010803,1.23804e+08,11,个,0.8633,0.036043,0.863284,0.000495,0.026212,,0.026556,0.000013,,0.003304,0.035170,,0.000097,,,0.005674,,,,,,,,,,0.003152,,,,,,,
103010902,1.23713e+08,13,千克,0.6568,0.656751,0.112880,0.004720,,,,,,0.000365,,0.039828,0.064008,,0.001114,0.001699,,,0.000154,0.100643,0.000812,,0.000175,,,,0.016851,,,,,,
107040402,1.23045e+08,7,千克,0.9760,0.975992,0.014415,0.001675,,,0.005692,,,0.002191,,0.000005,,,,,,,,,,,,,,0.000031,,,,,,,
109022203,1.22854e+08,11,个,0.9809,0.000243,0.980883,0.000292,0.016230,,0.000244,,,0.000050,,0.001494,,,,0.000455,,,,,,,,,0.000019,0.000004,0.000086,,,,,,
102050301,1.22673e+08,14,千克,0.9261,0.926074,0.037699,0.000260,0.026669,,0.000022,0.001006,,0.004475,0.000140,0.000006,0.000228,0.000047,,,,,,0.000649,,,,,,0.002548,0.000176,,,,,,
109041205,1.22544e+08,6,套,0.9626,,0.036402,,0.962556,,,,,,0.000960,,,,,,,,0.000002,,,,,,0.000034,0.000046,,,,,,,
102040299,1.22451e+08,9,OTHER,0.4747,0.474280,0.019274,0.000299,0.024895,,0.005142,0.001350,,0.474729,,,,,0.000017,,,,,,,,,,0.000014,,,,,,,,
109010507,1.22045e+08,7,千克,0.7886,0.788618,0.192865,0.000007,0.001033,,,,,0.002507,,,,,,0.013444,,,,,,,,,0.001527,,,,,,,,
105010903,1.21492e+08,15,个,0.4030,0.310027,0.403014,0.010926,0.022784,,,,,0.006644,0.050644,0.021672,0.108644,,0.000094,0.000002,,,0.000001,0.007135,,,0.003327,,0.000044,,0.055045,,,,,,
104011007,1.2114e+08,16,千米,0.7059,0.133816,0.050129,0.001673,0.009313,,0.705880,,,0.081470,0.003428,0.000064,0.000198,0.000015,,0.002052,,,0.000036,0.000034,,,,,0.000018,0.011771,0.000102,,,,,,
109050702,1.20588e+08,10,个,0.6919,0.002058,0.691852,0.023749,0.248937,,0.000070,,0.000329,0.032655,,,,0.000019,0.000002,0.000328,,,,,,,,,,,,,,,,,
107030102,1.20417e+08,13,千克,0.5998,0.599843,0.049377,0.045430,0.000034,,,,,0.007625,,0.200275,,,0.038521,0.000075,,,0.015078,0.004092,0.000415,,0.039227,,,,0.000008,,,,,,
107060305,1.2016e+08,16,个,0.5918,0.029424,0.591823,0.021688,0.067868,,0.134912,,0.001214,0.000264,0.000037,0.000006,,0.001362,0.000001,0.034533,,,,,,,,,,0.115912,0.000003,,,,,0.000915,0.000037
108010304,1.19209e+08,14,千克,0.5681,0.568071,0.080742,0.003670,0.012973,,0.296667,0.008709,0.000072,0.023162,0.002781,0.000001,,0.000355,,0.002777,,,0.000021,,,,,,0.000001,,,,,,,,
106051212,1.18413e+08,15,个,0.7814,0.000410,0.781353,0.030044,0.010780,,0.000013,,0.011679,0.000643,0.000214,0.000375,,0.000007,0.000868,0.161869,,,,,,,,,0.001416,0.000299,0.000029,,,,,,
109024307,1.18159e+08,12,个,0.5142,0.000012,0.514169,0.000575,0.404324,,0.000006,,,0.007150,,0.010013,,,0.000134,0.045827,,,,0.016539,,,,,0.001165,,0.000086,,,,,,
307030200,1.18121e+08,10,UNKNOWN,0.8859,,0.023234,0.885854,0.002837,,,,0.003457,0.001570,0.000045,,,0.076185,,0.006490,,,,,0.000328,,,,0.000000,,,,,,,,
109022903,1.17021e+08,13,个,0.9137,0.000822,0.913705,0.001068,0.057860,,0.014475,,,0.000288,0.000028,0.000161,,,,0.002368,,,0.000053,0.000521,,,,,0.008605,,0.000046,,,,,,
106050701,1.17004e+08,14,平方米,0.7855,0.039050,0.123627,0.010202,0.006382,,0.000605,,,0.002982,0.785502,0.000003,0.000015,,,0.030487,,,0.000009,0.000001,,,,,,0.001101,0.000035,,,,,,
109061001,1.16796e+08,4,个,0.9644,,0.964404,0.000331,0.028165,,,,,0.007099,,,,,,,,,,,,,,,,,,,,,,,
101030104,1.16362e+08,2,千克,1.0000,0.999985,,,,,,,,,,,,,,,,,,0.000015,,,,,,,,,,,,,
304040102,1.16242e+08,14,UNKNOWN,0.8663,,0.008511,0.866306,0.002432,,,,,0.051015,,0.004095,0.019961,0.041418,0.000805,0.002794,0.000001,,0.000087,0.000031,0.000007,,,,,,0.002538,,,,,,
108011199,1.1581e+08,13,个,0.6121,0.296046,0.612131,0.004472,0.034798,,0.004088,,,0.003517,0.031025,0.000186,0.000019,0.000017,0.000063,0.013591,,,,,,,,,0.000047,,,,,,,,
107020228,1.15452e+08,9,千克,0.9952,0.995182,,0.000141,0.000003,,,,,0.000551,,,0.000005,,0.001117,,,,0.002629,0.000359,,,,,,,0.000013,,,,,,
101030308,1.15302e+08,13,千克,0.9865,0.986538,0.011575,0.000362,0.000543,,0.000080,,,0.000290,,,,0.000275,0.000003,0.000005,,,0.000089,0.000001,,,,,0.000228,,0.000012,,,,,,
109032801,1.15298e+08,15,个,0.7409,0.120671,0.740929,0.003369,0.074012,,,,0.000980,0.011804,,0.000001,0.047787,0.000048,0.000005,0.000304,,,0.000001,0.000006,,,,,0.000082,,0.000001,,,,,,
109060901,1.15283e+08,9,个,0.6050,0.000009,0.605032,0.023944,0.370377,,0.000194,,0.000010,0.000226,,,,,0.000135,,,,,,0.000072,,,,,,,,,,,,
301030102,1.1509e+08,9,UNKNOWN,0.8973,0.067161,0.000070,0.897301,0.000005,,,,0.000928,0.007427,,,,0.027015,,,,,,,,0.000088,,,,,,,0.000005,,,,
106040902,1.15085e+08,14,套,0.5474,0.000444,0.319733,0.088269,0.547443,0.001770,0.001395,,0.000589,0.006076,0.013606,,,0.006301,0.000000,0.007346,0.007015,,,,,,,,0.000012,,,,,,,,
105010904,1.14916e+08,19,个,0.5295,0.058487,0.529481,0.009555,0.024958,,0.007028,0.000330,,0.036913,0.269411,0.000544,0.007946,0.008994,0.000205,0.003089,,,,0.000183,,,0.000011,,0.000449,0.000000,0.004534,,,,,,0.037881
109023400,1.14823e+08,14,个,0.6024,0.009786,0.602387,0.045565,0.335055,,,,0.000360,0.000376,,,0.000037,0.000432,,0.005688,,,,0.000000,0.000131,,,,0.000181,0.000000,0.000002,,,,,,
108041902,1.14792e+08,19,个,0.5156,0.000965,0.515559,0.015472,0.391751,,0.000445,0.019901,0.000197,0.043082,0.003377,0.000126,0.000103,0.000013,0.000003,0.008253,,,,0.000101,0.000261,,,,0.000133,0.000047,0.000212,,,,,,
103010802,1.14634e+08,14,袋,0.4521,0.242909,0.181900,0.036637,0.000076,,,,,0.000148,,0.022250,0.018534,,0.000157,0.014238,,,,0.452059,0.000054,,0.000560,,,,0.030429,,0.000047,,,,
109012601,1.1411e+08,6,套,0.6415,0.007807,0.349287,0.000487,0.641491,,,,,0.000771,,,,,0.000156,,,,,,,,,,,,,,,,,,
103030101,1.1351e+08,9,千克,0.9851,0.985142,0.005757,0.000435,,,,,,0.000053,,0.000978,0.001007,0.000028,0.005356,,,,0.001244,,,,,,,,,,,,,,
103010601,1.13266e+08,15,千克,0.9446,0.944636,0.013340,0.007361,0.000008,,,0.003750,,0.000017,,0.000950,0.001916,,0.001130,0.007817,,,0.000967,0.007180,,,0.007539,,,,0.003364,,0.000025,,,,
109011108,1.12885e+08,12,个,0.6606,0.012435,0.660586,0.018648,0.288205,,0.002208,,0.000001,0.001143,0.003649,,,0.000010,0.000010,0.012420,,,,,,,,,0.000684,,,,,,,,
108012199,1.12772e+08,17,个,0.6562,0.081655,0.656157,0.002752,0.180288,,0.000080,0.000656,,0.000136,0.017381,0.000095,0.001326,,0.000036,0.039820,,,0.000026,0.000000,,,0.000007,,,0.019563,0.000022,,,,,,
102050304,1.11583e+08,8,千克,0.9614,0.961391,0.001780,0.035205,0.000239,,,0.000326,,,0.001040,0.000013,,0.000004,,,,,,,,,,,,,,,,,,,
109021101,1.11305e+08,13,套,0.5370,0.055462,0.223284,0.093951,0.537026,,0.000146,,0.002783,0.001569,,0.000003,0.000119,0.001089,,0.000043,,,0.000003,,,,,,0.084521,,,,,,,,
107030802,1.11034e+08,17,套,0.2898,0.138220,0.180924,0.000437,0.289820,,,,,0.112783,,0.215978,0.000091,0.000200,0.032969,0.003046,,,0.001259,0.011928,,0.000001,0.000030,,0.003832,0.000021,0.008460,,,,,,
107030118,1.10584e+08,11,千克,0.9753,0.975344,0.012990,0.000001,0.002995,,,,,0.000098,,0.001036,0.000171,,0.000848,,,,0.000006,0.006448,,,,,,,0.000063,,,,,,
109060409,1.10365e+08,12,个,0.8721,0.005447,0.872148,0.007207,0.105747,,0.004930,,0.000018,0.003756,,0.000046,,,,0.000184,,,0.000056,,,,,,0.000284,0.000179,,,,,,,
109013505,1.09959e+08,17,个,0.8335,0.014814,0.833509,0.005046,0.136355,,0.000854,,0.000911,0.001753,,0.000493,0.000115,0.004707,0.000038,0.000612,0.000403,,,0.000016,,,,,0.000033,0.000079,0.000263,,,,,,
106040102,1.09913e+08,19,个,0.7971,0.028177,0.797107,0.021909,0.029731,,0.000094,,0.031164,0.006907,,0.014666,0.015918,0.000036,0.000375,0.019800,,,0.000251,0.004734,,,,,0.000744,0.001202,0.027178,,0.000004,,,0.000001,
106051199,1.09383e+08,16,个,0.8272,0.000183,0.827232,0.007640,0.011295,,,,,0.000056,,0.059371,0.076956,,0.012467,0.000004,,,0.000507,0.002502,,,0.000000,,0.000357,0.000002,0.000390,0.001037,,,,,
109022105,1.09244e+08,16,个,0.6730,0.018333,0.672957,0.000905,0.239428,,0.004338,,0.000525,0.041759,0.017196,,0.000036,0.001172,0.000019,0.000114,,,,,,,,,0.001494,0.000128,0.000040,,,,0.001556,,
107060302,1.08626e+08,17,千克,0.3882,0.388229,0.181181,0.001163,0.020198,,0.378037,0.000040,,0.015845,,0.000498,0.006575,0.000026,0.000110,0.003753,,,0.000164,0.000000,,,,,0.000576,0.002889,0.000715,,,,,,
109023604,1.085e+08,6,个,0.9809,,0.980950,,0.002347,,0.000083,,,,,,,,,0.016617,,,,,,,,,,0.000000,0.000003,,,,,,
107020121,1.08278e+08,9,千克,0.9966,0.996615,0.000213,0.000113,,,,,,0.000212,,0.000011,,,0.000791,,,,0.001739,0.000187,,,,,,,0.000119,,,,,,
101011302,1.08112e+08,14,个,0.9530,0.005156,0.953048,0.000479,,,,,0.000005,0.038215,,0.000114,0.000004,,0.000100,0.000432,,,,0.000026,0.000047,,0.000142,,0.000003,,0.002230,,,,,,
106010104,1.07438e+08,18,千克,0.8784,0.878383,0.006649,0.000051,0.003811,,0.000005,0.000232,,0.005755,0.000020,0.000041,0.002722,0.000000,0.082053,0.019557,,,0.000400,0.000015,0.000184,,,,,0.000016,0.000106,,,,,,
108041802,1.06888e+08,16,个,0.8552,0.007025,0.855244,0.002070,0.091822,,0.014664,0.001101,0.000444,0.013721,0.002856,0.000000,0.000001,0.000001,,0.011036,,,,,,,,,0.000009,0.000006,0.000000,,,,,,
109022504,1.06629e+08,18,个,0.6489,0.016755,0.648942,0.001805,0.068195,,0.003100,,0.000052,0.256558,0.000053,0.000194,0.000836,0.000018,0.000000,0.002381,,,0.000005,,,,0.000055,,0.000955,0.000090,0.000006,,,,,,
109021002,1.06568e+08,11,个,0.6273,0.235824,0.627329,0.004455,0.074143,,0.001745,0.029137,0.000025,0.001863,0.010720,,,,,0.013654,,,,,,,,,0.001104,,,,,,,,
109041699,1.06059e+08,8,个,0.5619,,0.561909,0.075995,0.328547,,0.000810,,0.000565,0.000292,,,,,,0.031875,0.000007,,,,,,,,,,,,,,,,
106040104,1.05734e+08,18,盒,0.7979,0.056217,0.117607,0.001579,0.002467,,0.000834,,,0.006782,,0.797939,0.001130,0.000000,0.000940,0.000282,,,0.000038,0.002029,0.000003,,,,0.000098,0.006748,0.005045,0.000262,,,,,
107021703,1.05631e+08,10,OTHER,0.5823,0.313724,0.025619,0.015815,0.000134,,0.062338,,,0.582264,,0.000017,0.000003,,,,,,,,,,,,,0.000003,,0.000083,,,,,
109023501,1.05569e+08,9,个,0.9509,0.007076,0.950905,0.032342,0.007545,,,,,0.000083,,0.000070,,0.000019,,0.001895,,,,,,,,,0.000066,,,,,,,,
101030307,1.05394e+08,5,千克,0.9314,0.931411,0.055788,0.012515,,,0.000279,,,0.000007,,,,,,,,,,,,,,,,,,,,,,,
109041402,1.04768e+08,8,个,0.9680,0.000004,0.968008,0.029593,0.000044,,,,,0.002303,,,,,0.000002,0.000037,,,,,,,,,0.000008,,,,,,,,
109061501,1.04635e+08,5,个,0.9147,,0.914693,0.000008,0.085015,,,,,0.000216,,,0.000068,,,,,,,,,,,,,,,,,,,,
109061610,1.04491e+08,10,个,0.5640,,0.563968,0.000896,0.252773,,0.004900,,0.001775,0.006438,0.157668,,,0.000005,0.000007,0.011570,,,,,,,,,,,,,,,,,
104011001,1.04365e+08,19,千克,0.6521,0.652067,0.236814,0.000318,0.007844,,0.028572,0.002522,,0.004469,0.059797,0.000051,0.000046,0.000978,0.001119,0.001179,,,0.000431,0.000199,,,,,0.000456,0.002365,0.000768,0.000004,,,,,
102050602,1.03492e+08,9,千克,0.9958,0.995817,0.001542,0.002344,0.000068,,,,,0.000005,,,,,0.000100,,,,0.000038,0.000050,,,,,,,0.000037,,,,,,
109012405,1.034e+08,13,个,0.8517,0.042214,0.851667,0.002278,0.094246,,0.000438,,,0.007630,0.000229,,,0.000127,,0.000743,,,0.000011,,,,,,0.000398,0.000018,0.000001,,,,,,
304070303,1.03381e+08,10,UNKNOWN,0.4528,,0.337899,0.452802,,,,,0.000692,0.020024,,,,0.000244,,0.012624,0.175339,,,,0.000046,0.000248,,,,,,0.000081,,,,,
106051001,1.02877e+08,8,套,0.4135,0.025012,0.215830,0.018222,0.413500,,,,0.024284,0.007578,0.000756,,,,,0.294818,,,,,,,,,,,,,,,,,
304040701,1.02579e+08,8,千克,0.6639,0.663896,0.000023,0.035839,,,,,,0.198939,,,0.002553,0.027821,,0.042464,0.028466,,,,,,,,,,,,,,,,
108012099,1.02562e+08,12,个,0.9611,0.032463,0.961081,0.000206,0.005057,,,0.000125,,0.000082,,0.000350,0.000205,,,,,,0.000010,0.000006,,,,,0.000002,,0.000412,,,,,,
109050602,1.0235e+08,15,千克,0.4650,0.464998,0.246653,0.017695,0.047377,,0.030562,,0.010812,0.082349,,0.000030,0.068074,,0.000000,0.001141,,,,0.000000,,,,,0.000878,0.029347,0.000082,,,,,,
102050507,1.0221e+08,5,千克,0.9795,0.979528,0.000026,0.001692,0.000034,,,,,0.018720,,,,,,,,,,,,,,,,,,,,,,,
101010901,1.02176e+08,5,千克,0.9943,0.994291,0.003992,,0.000007,,,,,,,,,,,0.001568,,,,0.000143,,,,,,,,,,,,,
103020705,1.01283e+08,14,千克,0.9671,0.967057,0.003125,0.000409,0.000087,,,0.004740,,0.002575,,0.000711,0.002043,,0.000507,0.003246,,,0.001168,0.002714,,,,,,0.000016,0.011602,,,,,,
109013303,1.01224e+08,16,套,0.7221,0.012386,0.250593,0.000470,0.722074,,0.000122,,,0.005810,0.000892,0.000001,0.000257,0.000010,0.000453,0.002081,,,0.003721,,,,0.001001,,,0.000112,0.000018,,,,,,
109061102,1.01144e+08,7,个,0.5735,,0.573489,0.005144,0.405781,,0.000063,,,0.002948,,,,,,0.011001,,,,,,,,,0.001574,,,,,,,,
109012203,1.0111e+08,15,个,0.8962,0.003436,0.896181,0.000527,0.089683,,0.000588,0.000211,0.000554,0.002103,,0.000017,0.000788,,0.002008,0.000598,,,0.001519,,,,0.000179,,,,0.001609,,,,,,
109022103,1.00967e+08,18,千克,0.3372,0.337152,0.287285,0.010093,0.257081,,0.010928,,,0.004924,0.000392,0.000171,0.003961,0.000000,,0.004145,,,0.000284,0.000092,0.002528,,,,0.003543,0.010192,0.002492,,,,0.064737,,
101040500,1.0073e+08,11,个,0.5306,0.308580,0.530619,0.013569,,,,,,0.051355,,0.001849,0.016913,,0.000106,0.000084,,,,0.055998,0.000164,,,,,,0.020762,,,,,,
109051503,1.00136e+08,5,个,0.8034,,0.803379,0.000683,0.000257,,,,,0.195657,,,,,,,,,0.000023,,,,,,,,,,,,,,
107021802,9.92682e+07,13,卷,0.7138,0.001188,0.011403,0.000001,0.000232,,0.193367,,,0.000004,0.074860,0.000534,0.003990,,,,,,0.000009,0.000008,,,,,,0.713807,0.000595,,,,,,
108011003,9.79407e+07,15,平方米,0.5717,0.304930,0.087348,0.007546,0.002111,,0.000037,0.002044,0.003536,0.003585,0.571674,0.000014,0.008415,,0.000003,0.008310,,,0.000286,,,,,,,0.000161,,,,,,,
109021001,9.76533e+07,14,个,0.9339,0.000533,0.933935,0.024567,0.038152,,0.000205,0.000007,,0.000725,0.000038,0.000039,0.000029,0.000614,,0.001132,,,0.000016,,,,,,0.000008,,,,,,,,
104030701,9.74401e+07,9,千克,0.8626,0.862616,0.051975,0.001091,0.003128,,0.078326,,,0.001036,0.000205,,,,,,,,,,,,,,0.001622,,0.000001,,,,,,
109051903,9.71922e+07,11,个,0.9712,0.000179,0.971203,0.000402,0.016368,,0.000038,,,0.011678,,0.000045,,0.000001,0.000001,0.000008,,,,,,,,,0.000077,,,,,,,,
109011106,9.69384e+07,9,个,0.9350,,0.934987,0.014910,0.049505,,,,,0.000158,,0.000012,,0.000153,0.000002,0.000271,,,,,,,,,0.000004,,,,,,,,
108031202,9.64539e+07,5,千克,0.9984,0.998441,0.001491,,,,0.000043,,,,,,,,0.000023,,,,,,,,,,0.000002,,,,,,,,
108011004,9.63022e+07,14,个,0.5232,0.347433,0.523188,0.000175,0.109189,,0.001718,0.000057,,0.003049,0.007385,0.000003,0.000023,,,0.005909,,,,0.001860,,,,,0.000001,,0.000007,,,,,,
107010201,9.6279e+07,5,千克,0.9998,0.999754,0.000004,,0.000008,,,,,,,,,,0.000025,,,,0.000209,,,,,,,,,,,,,,
109032803,9.61359e+07,12,个,0.9779,0.005375,0.977870,0.003554,0.010492,,0.000074,,0.000085,0.000069,,,,,,0.000526,,,0.000497,,,,,,0.000104,0.000016,,0.001337,,,,,
103020902,9.60936e+07,12,个,0.3175,0.000396,0.317550,0.001567,0.001562,,,,,0.023989,,0.088156,0.093843,,0.305705,,,,0.000377,0.096412,0.000002,,,,,,0.070440,,,,,,
109011606,9.44472e+07,15,个,0.6935,0.001339,0.693528,0.016169,0.190366,,0.002140,,0.002110,0.089079,,,0.000154,0.000526,,0.000962,,,0.000005,,,0.000608,,,0.002998,0.000015,0.000002,,,,,,
304070203,9.4291e+07,6,个,0.4908,,0.490834,0.483437,0.002206,,,,,0.008484,,,,,,,,,,,0.012569,,,,,,,0.002471,,,,,
109010499,9.41084e+07,15,个,0.5863,0.008816,0.586291,0.018292,0.296016,0.016692,0.032751,0.030333,0.000889,0.001824,,,,,0.000023,0.006496,,,0.000106,0.001258,,,,,0.000145,,,,,,,0.000067,
109061608,9.35559e+07,5,套,0.5370,,0.368283,0.094581,0.537002,,,,,,,,,0.000134,,,,,,0.000000,,,,,,,,,,,,,
304040201,9.35254e+07,5,UNKNOWN,0.7849,0.094369,,0.784933,,,,,0.060347,0.060255,,,,,,,0.000096,,,,,,,,,,,,,,,,
109042406,9.28297e+07,10,个,0.9288,0.022718,0.928774,0.000197,0.012520,,0.000025,,,0.035717,0.000024,0.000006,,,,,,,,,,,,,0.000003,0.000017,,,,,,,
109061804,9.24832e+07,5,个,0.9993,,0.999294,0.000022,0.000682,,0.000001,,,0.000002,,,,,,,,,,,,,,,,,,,,,,,
109022801,9.22963e+07,12,个,0.5396,0.001951,0.539632,0.000761,0.360405,,0.000395,,0.001571,0.092173,,0.000001,,,,,,,0.000926,,,,,,0.000387,0.001278,0.000520,,,,,,
103010704,9.20795e+07,15,千克,0.5206,0.520618,0.118790,0.023849,0.000056,,0.000011,,,0.000644,,0.012657,0.223668,,0.001938,0.006542,,,0.028201,0.045646,,,0.001130,,,0.000204,0.016045,,,,,,
109012801,9.09014e+07,15,个,0.4975,0.024841,0.497506,0.018448,0.190174,,0.000470,0.026131,,0.012083,,0.000045,,0.000257,0.225066,0.004401,,,0.000101,,,,0.000103,,0.000029,0.000346,,,,,,,
108011202,9.07822e+07,16,个,0.4483,0.173151,0.448300,0.359054,0.006823,,0.000227,,,0.001428,,0.007184,0.000580,0.000007,0.000372,0.001013,,,0.000939,0.000000,,,,,0.000198,0.000071,0.000653,,,,,,
109010204,9.05634e+07,13,个,0.9371,0.005597,0.937076,0.002788,0.035725,,0.001473,,0.000001,0.001437,,0.000034,,0.000007,0.000080,0.015746,,,0.000008,,,,,,,0.000029,,,,,,,
109024308,9.05279e+07,18,个,0.4072,0.004444,0.407225,0.003784,0.153564,,0.000078,,0.000020,0.090361,,0.200577,0.005177,,0.011052,0.000015,,,0.000048,0.011179,,0.000021,0.000009,,0.087821,0.000067,0.024558,,,,,,
108040701,9.04669e+07,16,个,0.7115,0.157557,0.711504,0.009561,0.072091,,0.000468,,,0.007241,,0.021716,0.000514,0.000003,0.000003,0.014268,,,,0.000426,,,,,0.002518,0.000053,0.002076,,,,,0.000000,
108040800,9.0229e+07,17,千克,0.5120,0.512018,0.415686,0.004300,0.037632,,0.000310,,0.000941,0.008885,0.000221,0.000030,0.000180,0.000001,0.000322,0.017460,,,0.000058,,,,,,0.001828,0.000084,0.000043,,,,,,
109051005,9.01375e+07,12,套,0.4660,,0.302564,0.041261,0.465974,,0.115255,,0.058005,0.001388,,,0.008513,0.000677,0.000023,0.006078,0.000263,,,,,,,,,0.000001,,,,,,,
106040110,9.00836e+07,16,千克,0.8460,0.845987,0.093074,0.002442,0.000614,,0.000008,,,0.002798,,0.012506,0.010039,,0.002841,0.014315,,,0.003498,0.000149,0.000002,,,,0.000000,0.011143,0.000585,,,,,,
108041104,8.98239e+07,11,千克,0.8689,0.868881,0.081083,0.010400,0.000944,,0.019969,,,0.004731,,0.000006,0.000118,,,0.002623,,,,,,,,,0.000101,0.011143,,,,,,,
105011099,8.96035e+07,13,个,0.5805,0.012019,0.580524,0.000295,0.018513,,0.005429,0.057851,,0.019803,0.273684,,,,0.000333,0.030239,0.000984,,,,,,,,,0.000197,0.000129,,,,,,
109050105,8.92251e+07,6,套,0.8152,,0.180639,0.000656,0.815246,,0.002008,,,,,,0.001438,,,,,,,,,,,,0.000013,,,,,,,,
107020226,8.92046e+07,8,千克,0.9907,0.990722,0.000261,0.001155,,,,0.000000,,0.000336,,0.005298,,,0.000848,,,,0.001380,,,,,,,,,,,,,,
109060604,8.90061e+07,14,个,0.8584,0.000001,0.858444,0.002883,0.131718,,,,,0.001923,0.000004,0.002460,0.000006,0.000158,0.000433,0.000434,,,,0.000027,,,,,,0.000072,0.001436,,,,,,
109041899,8.89668e+07,16,个,0.8228,0.000880,0.822847,0.118897,0.046635,,0.000063,,0.001560,0.004499,0.000144,0.000073,,,0.000599,0.003632,,,0.000013,0.000000,,,,,0.000012,0.000052,0.000096,,,,,,
103020703,8.87414e+07,10,千克,0.9760,0.976006,,0.014700,,,,,,0.001632,,0.000029,0.000067,,0.003476,,,,0.000049,0.003857,,,0.000174,,,,0.000010,,,,,,
106020499,8.80565e+07,13,个,0.7142,0.248788,0.714231,0.000370,0.017195,,0.000063,,,0.000910,0.007725,0.000142,,0.000023,,0.009939,,,0.000590,,,,,,0.000020,,0.000004,,,,,,
107020229,8.79674e+07,5,千克,0.9998,0.999847,0.000057,,,,,,,0.000001,,,0.000055,,0.000041,,,,,,,,,,,,,,,,,,
304070104,8.761e+07,11,UNKNOWN,0.7507,,0.042590,0.750711,0.042439,,,,0.039658,0.004565,,0.000003,,0.092663,,0.001814,,,,,0.000137,0.005422,,,,,,0.019998,,,,,
105020208,8.67244e+07,17,个,0.7618,0.097044,0.761842,0.004204,0.126953,,0.003550,0.001346,,0.001418,0.000118,0.000027,,,0.000001,0.002790,,,0.000251,0.000004,,0.000005,,,0.000022,0.000414,0.000012,,,,,,
106030200,8.66329e+07,14,套,0.4945,0.004801,0.332594,0.034630,0.494499,0.000599,0.001974,,0.000010,0.007492,,0.006289,0.000001,0.000001,,0.116832,,,,,0.000272,,,,,0.000005,,,,,,,
107020235,8.65629e+07,8,千克,0.9580,0.958002,0.000472,0.001137,,,,0.037988,,0.000218,,,,,0.002009,,,,0.000168,,,,0.000005,,,,,,,,,,
110030104,8.60854e+07,16,千克,0.6248,0.624842,0.033892,0.012209,0.000014,0.011736,,0.025615,,0.000097,,0.000005,0.248562,0.000003,0.008231,0.000366,0.000022,,0.032344,0.000028,,,,,,,0.002033,,,,,,
302010102,8.59701e+07,10,UNKNOWN,0.8742,,0.012979,0.874182,0.000002,,0.000014,,,0.042755,,0.000001,,0.000002,0.000000,0.069782,,,,,0.000282,,,,,,,,,,,,
109010202,8.59336e+07,20,个,0.6928,0.006634,0.692844,0.002345,0.182668,,0.033278,0.001018,0.000765,0.002337,0.001373,0.000064,0.000007,0.000168,0.000003,0.068477,,,0.000026,,,0.007164,0.000054,,0.000023,0.000360,0.000393,,,,,,
109020905,8.5894e+07,11,个,0.6074,0.001735,0.607392,0.000897,0.371990,,0.000034,,0.000027,0.017335,0.000131,0.000006,,,0.000213,0.000241,,,,,,,,,,,,,,,,,
107020109,8.56466e+07,13,千克,0.9690,0.969016,0.000498,0.001100,0.000038,,0.024566,,,0.000020,,0.000002,,,0.000468,0.002578,,,0.000006,0.001657,,,,,,0.000048,0.000003,,,,,,
106040399,8.55622e+07,18,个,0.4663,0.024563,0.466281,0.068589,0.385952,,0.000979,,0.000762,0.001905,0.000714,0.002120,0.001772,,0.000353,0.040711,0.000131,,0.000154,0.000029,,,,,0.001701,0.001161,0.002123,,,,,,
109042504,8.51237e+07,8,个,0.9696,0.019375,0.969568,0.003893,0.004005,,0.000001,,,0.002861,,,,,,,,,,,,,,,0.000272,0.000024,,,,,,,
109061011,8.47426e+07,13,个,0.6531,0.044524,0.653105,0.002086,0.084695,,0.000026,,,0.005274,,0.000095,,0.000017,0.000002,0.017058,,,,,0.000021,,,,0.193061,,0.000035,,,,,,
109040102,8.47182e+07,16,个,0.8308,0.000382,0.830800,0.002846,0.146696,0.003389,0.003398,,0.000015,0.002482,,0.000341,0.000050,,0.000121,0.004649,,,0.000120,,,,,,0.000193,0.003767,0.000750,,,,,,
109042106,8.39281e+07,9,个,0.8434,0.049202,0.843406,0.012701,0.094296,,,,,0.000123,,0.000001,,,,0.000248,,,0.000016,,,,,,,0.000008,,,,,,,
109020705,8.35879e+07,11,套,0.5548,0.061019,0.282029,0.002109,0.554821,,,0.087314,,0.006040,0.001320,0.000354,,,0.002915,0.001725,,,0.000355,,,,,,,,,,,,,,
109051306,8.35445e+07,5,套,0.5709,,0.413867,0.009868,0.570945,,,0.005297,,,,,,,,,,,,,0.000023,,,,,,,,,,,,
103020704,8.35259e+07,14,千克,0.9014,0.901366,0.041184,0.000399,0.002942,,0.000001,0.000127,,0.000744,,0.000393,0.018993,,0.020985,,,,0.012758,0.000007,,,0.000026,,,0.000074,,,,,,,
101011211,8.34084e+07,14,个,0.7998,0.176168,0.799822,0.003657,0.000003,,0.000001,,,0.000743,,0.001762,0.001803,,0.000464,0.006148,,,,0.006395,,,0.000023,,0.000003,,0.003009,,,,,,
301990100,8.31673e+07,14,千克,0.4433,0.443317,0.005520,0.380764,0.000400,,,,0.022740,0.033180,,,,0.007307,,0.048750,0.036261,,0.000042,,0.000003,0.000005,,,,,,0.000229,,,,,0.021483
104010603,8.2638e+07,17,个,0.6523,0.070986,0.652342,0.030235,0.031669,,0.007000,,,0.004320,0.001341,0.000935,0.121613,,0.003950,0.010831,,,0.000898,0.002000,0.000003,,,,0.000035,0.008403,0.053438,,,,,,
109020407,8.25967e+07,10,千克,0.4718,0.471751,0.205156,0.004993,0.312227,,0.000041,0.000610,,0.000422,,,,,,0.004529,,,,0.000241,,,,,,,0.000030,,,,,,
106040808,8.24215e+07,12,个,0.9838,0.000149,0.983790,0.000660,0.001293,,,,,0.000530,,0.011145,0.000031,,,0.000157,,,0.001227,0.000183,,,0.000001,,,,0.000835,,,,,,
109061099,8.21546e+07,10,个,0.7240,,0.724005,0.032310,0.231035,,,,0.000907,0.000004,,0.000093,,0.000510,,0.010624,,,,,,,,,0.000492,,0.000021,,,,,,
105020207,8.20151e+07,17,平方米,0.4244,0.113999,0.328101,0.008178,0.075230,,0.008398,0.000499,0.000523,0.007918,0.424428,0.000299,0.000002,0.000039,0.000035,0.030741,,,0.000323,,,,,,0.000712,0.000574,,,,,,,
107021414,8.19241e+07,10,千克,0.9928,0.992788,0.000284,0.005457,0.000097,,,0.000014,,0.000000,,,0.000025,,0.000196,,,,0.001099,,,,,,,,0.000041,,,,,,
109022814,8.1627e+07,14,套,0.7070,0.003969,0.283932,0.000012,0.707036,,0.000695,,,0.000011,0.000347,0.000067,0.000008,0.002328,0.000008,0.001564,,,,,,,,,0.000018,,0.000005,,,,,,
109061602,8.15849e+07,7,个,0.8471,0.000202,0.847146,0.002347,0.125450,,,,,0.000557,,0.000011,,,,0.024287,,,,,,,,,,,,,,,,,
107020701,8.12601e+07,14,千克,0.9313,0.931256,0.018389,0.002453,0.005845,,,0.020305,,0.000292,,0.002119,0.006990,,0.008946,0.002140,,,0.000656,0.000468,,,0.000003,,,,0.000137,,,,,,
106040105,8.09963e+07,20,千克,0.4968,0.496841,0.219267,0.015118,0.093618,,0.001435,,0.000001,0.044966,0.000028,0.044507,0.006397,0.000013,0.001308,0.059865,,,0.001399,0.000978,0.000017,,0.000007,,0.000959,0.001087,0.012188,,,,,,
102040303,8.09084e+07,6,千克,0.9925,0.992513,0.003808,,,,,,,,,,,,0.000017,0.002123,,,0.001528,,,,,,,,0.000011,,,,,,
501010200,8.03857e+07,7,OTHER,0.5961,0.020599,0.093906,0.156890,,,,,,0.596077,0.064069,,,,,,0.068384,,,,,0.000075,,,,,,,,,,,
109024613,7.95172e+07,14,个,0.7301,0.002755,0.730081,0.004949,0.220117,,0.000413,,,0.002150,,0.005894,0.000878,0.000012,0.031071,0.000819,,,,,,,,,0.000145,0.000652,0.000065,,,,,,
109020504,7.92129e+07,16,个,0.7396,0.003949,0.739624,0.000556,0.241112,,0.002884,0.000806,0.000011,0.000663,0.000213,0.000158,,,0.000002,0.008659,,,,0.000043,,0.000021,,,0.001070,,0.000228,,,,,,
107030109,7.90806e+07,10,千克,0.5536,0.553622,0.010530,0.001947,,,0.000019,,,0.024776,,0.408536,0.000044,,0.000351,,,,,,,,,,,0.000051,0.000124,,,,,,
301030101,7.8804e+07,3,UNKNOWN,0.9972,,,0.997228,,,,,,,,,,0.000539,,,,,,,,,,,,,,0.002233,,,,,
109061802,7.85339e+07,6,个,0.9141,,0.914126,0.002589,0.081737,,,,,0.000341,,,,,,,0.001201,,,,,,,,,0.000007,,,,,,,
109012807,7.84655e+07,12,套,0.5233,0.072959,0.358584,0.001391,0.523264,,0.018616,0.001105,,0.000990,,0.000103,,,0.008382,0.007948,,,0.004072,,,,0.002587,,,,,,,,,,
101020301,7.82527e+07,6,千克,0.9862,0.986167,0.011200,0.000028,,,,,,,,0.000007,,,,,,,,0.002595,,,,,,,0.000004,,,,,,
109020410,7.80071e+07,13,个,0.9504,0.001421,0.950383,0.000206,0.008311,,0.038474,,,0.001047,,0.000010,0.000131,0.000005,0.000009,,,,0.000002,,,,,,0.000000,,0.000000,,,,,,
104010305,7.80012e+07,11,千米,0.9913,0.000480,0.000524,0.004549,,,0.991306,,,0.002343,,0.000360,,,0.000095,0.000244,,,,,,,0.000026,,,0.000072,0.000002,,,,,,
109030104,7.68577e+07,18,个,0.7048,0.036490,0.704849,0.132629,0.042061,,0.008441,,0.003568,0.002995,0.000158,,,0.039386,0.009458,0.002085,0.005108,,0.000007,0.000001,,0.000108,,,0.012000,0.000653,0.000003,,,,,,
109022101,7.68047e+07,9,套,0.4609,0.076232,0.433523,0.020118,0.460918,,,,,0.000353,0.005208,,,,0.000323,,,,,,,,,,0.003309,,0.000018,,,,,,
109060509,7.64936e+07,13,个,0.7725,,0.772548,0.001879,0.210593,,0.000010,,,0.008063,,0.002069,0.000039,,0.002005,0.000021,,,0.000007,,,,,,0.000558,0.000010,0.002197,,,,,,
107030105,7.58903e+07,13,千克,0.9857,0.985650,0.000417,0.000149,0.000146,,,,,0.000062,,0.001198,0.002079,0.001171,0.003041,,0.005941,,0.000009,0.000107,,,,,,,0.000030,,,,,,
108031106,7.5875e+07,2,千克,0.9900,0.990035,0.009965,,,,,,,,,,,,,,,,,,,,,,,,,,,,,,
107040199,7.57611e+07,14,千克,0.9683,0.968344,0.000582,0.025934,0.000128,,0.000020,,,0.000000,0.003256,0.000004,0.000120,,0.000038,,,,0.000852,0.000320,,,,,,0.000088,0.000314,,,,,,
109023608,7.56448e+07,11,个,0.6183,0.000100,0.618345,0.150811,0.157152,,0.005753,,,0.017951,,0.000007,0.000104,,,0.048546,,,0.000482,,,,,,,0.000749,,,,,,,
109060606,7.56352e+07,16,个,0.7459,0.008371,0.745925,0.004096,0.215279,,,,0.000016,0.004887,0.006870,0.000785,0.001463,0.005251,0.000661,,,,0.000098,0.000158,,,,,0.005623,0.000382,0.000135,,,,,,
101030302,7.55754e+07,14,个,0.2975,0.235034,0.297474,0.031162,0.000693,,,,,0.026115,,0.277264,0.112432,,0.000011,0.003077,,,0.000346,0.009910,0.005710,,0.000129,,,,0.000641,,,,,,
108010602,7.55495e+07,10,平方米,0.9540,0.023191,0.014672,0.002451,0.000067,,,,,0.005545,0.953993,0.000002,,,,,,,,0.000001,,,,,,0.000079,0.000000,,,,,,
109022104,7.52618e+07,11,个,0.7926,0.000080,0.792638,0.001005,0.117921,,0.000054,,0.000986,0.062625,0.021429,,,,,,,,,,,,,,0.002554,0.000704,0.000004,,,,,,
109024302,7.49584e+07,9,个,0.8872,,0.887172,0.051094,0.050014,,,,,0.008226,,0.002479,,0.000334,0.000080,,,,,,,,,,0.000439,,0.000162,,,,,,
304040502,7.43927e+07,6,UNKNOWN,0.7984,0.000942,,0.798420,,,,,0.003825,0.020912,,,,0.145245,,,,,,,,,,,,,,,0.030657,,,,
109025304,7.43353e+07,13,千克,0.8622,0.862196,0.070328,0.001424,0.002102,,0.000005,0.001856,0.002671,0.053258,,,,0.000189,0.000615,0.000366,,,0.004822,0.000169,,,,,,,,,,,,,
109022904,7.39141e+07,15,个,0.9124,0.000612,0.912384,0.042999,0.005882,,0.033156,,0.000384,0.000856,,0.000007,,0.000148,0.000002,0.003117,,,0.000185,,,,,,0.000009,0.000240,0.000020,,,,,,
104010301,7.38205e+07,15,千克,0.7143,0.714304,0.052811,0.009493,0.005906,,0.030189,,,0.001046,0.000936,0.002192,0.000007,0.000041,0.000012,0.019794,,,,0.000016,,,,,,0.161703,0.001550,,,,,,
103010199,7.37665e+07,12,个,0.4266,0.207491,0.426623,0.012997,,,,,,0.004962,,0.004303,0.113823,,0.000494,0.001456,,,0.002782,0.122183,,,0.009901,,,,0.092985,,,,,,
109023605,7.34661e+07,10,个,0.6277,0.001048,0.627741,0.001796,0.366983,,0.000320,,,0.001286,,,,,,0.000248,,,,0.000553,,,,,,0.000024,0.000001,,,,,,
107020305,7.34529e+07,12,千克,0.7568,0.756779,0.000027,0.000722,0.000174,,0.000087,0.106272,,0.007192,,0.000005,,,0.128126,0.000094,,,0.000303,,,,0.000218,,,,,,,,,,
109021003,7.33138e+07,9,个,0.8214,0.056195,0.821368,0.005691,0.101480,,0.006915,,0.004798,0.000048,0.002878,,,,,,,,,,,,,,0.000627,,,,,,,,
104010601,7.30066e+07,19,个,0.7920,0.068217,0.792012,0.010278,0.069490,,0.043859,,0.000077,0.000729,0.001525,0.000863,0.002673,0.000003,0.000031,0.001611,,,0.000023,0.001550,0.000269,,,,0.000083,0.000507,0.006201,,,,,,
109041202,7.2796e+07,15,个,0.8747,0.009980,0.874732,0.004435,0.104840,,0.000001,,0.001400,0.000691,,0.000114,,,0.001934,0.000352,,,0.000002,0.000001,,,,,0.001473,0.000044,0.000001,,,,,,
304020202,7.2696e+07,10,UNKNOWN,0.3145,,0.100483,0.314518,0.157881,,,,0.309497,0.023406,0.002408,,,0.060098,,0.009955,0.021743,,,,0.000011,,,,,,,,,,,,
102051000,7.22057e+07,15,千克,0.9666,0.966569,0.001722,0.001601,0.000004,,0.000056,0.001269,,0.000773,,0.000302,0.000082,0.000000,0.000044,,,,0.000325,0.001693,0.000001,,,,,,0.025559,,,,,,
107050103,7.20709e+07,17,个,0.6963,0.222326,0.696315,0.032937,0.035718,,0.008887,,0.000133,0.000111,,0.000284,0.000193,0.000244,0.000003,0.001282,,,0.000065,0.000001,,,,,0.001400,0.000044,0.000056,,,,,,
105020108,7.20041e+07,17,套,0.4566,0.002117,0.381236,0.042002,0.456585,,0.025077,0.005366,0.000014,0.008114,0.042794,0.000031,0.000635,,0.000027,0.035637,,,,0.000238,,,,,0.000003,0.000018,0.000107,,,,,,
307020103,7.17983e+07,13,UNKNOWN,0.5918,,0.041512,0.591836,0.002656,,,,0.011845,0.208893,,0.000676,0.000074,0.123156,0.000333,0.013657,,,,,,,,,,,0.000006,0.005267,,0.000089,,,
109024001,7.17095e+07,6,个,0.9893,0.009575,0.989313,0.000027,0.001062,,,,,0.000012,,,0.000010,,,,,,,,,,,,,,,,,,,,
107021415,7.16376e+07,10,千克,0.9664,0.966374,0.000240,,,,0.000003,0.019648,0.000037,0.005890,,,,,0.000547,,,,0.000478,0.005532,,,,,,,0.001249,,,,,,
104011305,7.13697e+07,15,个,0.9013,0.009395,0.901272,0.000718,0.009683,,0.032691,,,0.004492,0.009867,0.000010,0.000103,,0.000018,0.031481,,,,0.000009,,,,,0.000242,0.000015,,,0.000003,,,,
109040603,7.13567e+07,11,套,0.5019,0.087503,0.395975,0.010710,0.501924,,0.000020,,,0.003163,,0.000013,,,,0.000601,,,0.000007,,,,,,0.000005,0.000078,,,,,,,
104010403,7.12988e+07,8,千米,0.9282,0.004773,0.059408,0.002880,0.001522,,0.928240,,,0.002329,,,,,0.000004,,,,,,,,,,,0.000844,,,,,,,
108041111,7.09709e+07,8,OTHER,0.8351,0.006246,0.005678,,,,0.010017,,,0.835140,,,,,,,0.000038,,,,,,,,0.000022,0.142616,0.000243,,,,,,
104020202,7.07817e+07,12,个,0.8006,0.001800,0.800647,0.001386,0.006735,,0.051763,,,0.057261,0.080259,0.000005,,,0.000032,,,,,,,,,,0.000018,0.000003,0.000092,,,,,,
108031103,7.06571e+07,7,千克,0.9277,0.927681,0.003128,0.000032,,,0.000091,,,0.068782,,0.000024,,,,,,,,,,,,,0.000262,,,,,,,,
107030119,7.01262e+07,15,瓶,0.5955,0.028349,0.058242,0.016079,0.016468,,,,,0.002341,,0.221567,0.001659,0.000270,0.595470,0.000101,,,0.043360,0.003126,,,0.011320,,,0.000043,0.001606,,,,,,
109025201,6.98867e+07,10,个,0.8766,,0.876578,0.030992,0.054192,0.024991,,,,0.005239,,0.000005,0.000286,0.000043,,0.007670,,,,,,,,,,0.000003,,,,,,,
109042505,6.98685e+07,11,个,0.8399,0.013231,0.839867,0.009713,0.125736,,0.000915,,0.001023,0.002913,,0.000001,,0.000002,,0.006588,,,,,,,,,0.000009,,,,,,,,
103020503,6.95114e+07,14,千克,0.3525,0.352481,0.073941,0.002563,0.000161,,,,,0.004283,,0.022522,0.275032,,0.037315,0.000049,,,0.001963,0.017328,0.000187,,0.181597,,,,0.030579,,,,,,
103010703,6.94827e+07,13,千克,0.8871,0.887050,0.017623,0.008659,0.000499,,0.000102,,,0.000062,,0.065336,0.006100,,0.001075,0.004828,,,,0.002748,,,,,,0.000284,0.005634,,,,,,
108032299,6.88719e+07,9,千克,0.7118,0.711817,0.247263,0.037063,0.001386,,0.000795,,,,0.000051,,,,,,,,,0.000033,,,,,0.001572,0.000020,,,,,,,
109061010,6.84616e+07,7,套,0.6654,,0.146545,0.022843,0.665442,,0.000727,,,0.148300,,,,,,0.016083,,,,,,,,,0.000061,,,,,,,,
108032401,6.82677e+07,12,千克,0.6899,0.689931,0.300810,0.000571,0.000778,,0.000814,,,0.000426,0.000465,0.001471,,,0.002269,0.000117,,,,,,,,,0.002341,,0.000006,,,,,,
109022406,6.81855e+07,14,个,0.4889,0.000002,0.488879,0.002611,0.444482,,0.000492,,,0.000854,,0.002715,0.000034,0.000711,0.000227,0.058304,,,,,,,,,0.000086,0.000036,0.000566,,,,,,
107050802,6.80248e+07,18,套,0.4751,0.020452,0.401587,0.005489,0.475113,,0.000211,,,0.072259,0.000336,0.018605,0.000782,0.000014,0.000116,0.001279,,,0.000030,0.000037,,,0.000104,,0.002538,0.000152,0.000895,,,,,,
108040410,6.79368e+07,15,个,0.7669,0.019636,0.766884,0.000535,0.097067,,0.042675,,0.000060,0.000506,0.016229,0.000042,0.000078,0.000002,,0.054717,,,,,,,,,0.000052,0.001374,0.000146,,,,,,
109050104,6.77745e+07,8,个,0.9028,,0.902800,0.010992,0.072027,,0.001795,,0.002898,0.000252,0.000048,,,,,,,,,,,,,,0.009188,,,,,,,,
104020502,6.77324e+07,18,个,0.7885,0.004895,0.788474,0.029129,0.007774,0.000030,0.011549,,,0.113743,0.000044,0.002456,0.005567,0.000009,0.003305,0.004738,,,0.000002,0.000022,,,,,0.023445,0.000424,0.004394,,,,,,
109060504,6.76176e+07,8,套,0.5735,,0.250891,0.000222,0.573533,,,,,0.000019,,0.175031,,,0.000080,0.000089,,,,,,,,,,,0.000136,,,,,,
304050103,6.75944e+07,17,UNKNOWN,0.4959,0.006484,0.011816,0.495911,0.006972,,,,0.000133,0.034684,0.067760,0.001299,0.002640,0.002140,0.000130,,0.299342,,0.007456,0.001870,,,0.000048,,,,0.000393,0.060922,,,,,
109061605,6.72727e+07,11,个,0.4790,,0.478976,0.004038,0.428672,,0.000666,,,0.004411,0.077142,0.000011,,0.000225,0.000191,0.003154,,,,,,,,,,,0.002515,,,,,,
109010701,6.63665e+07,10,个,0.7192,0.018965,0.719224,0.000667,0.014509,,0.000043,,,0.240258,,0.000116,0.005995,,,,,,,,,,,,0.000031,0.000192,,,,,,,
103011106,6.63201e+07,12,千克,0.9544,0.954378,0.014000,0.001718,,,,,,0.000461,,0.002247,0.004586,,0.000096,0.000054,,,0.000182,0.010782,,,0.000025,,,,0.011472,,,,,,
106050402,6.63089e+07,17,个,0.4409,0.058069,0.440897,0.078621,0.255009,,0.003420,0.000229,,0.126592,0.003817,0.002554,0.004032,,0.000005,0.022852,,,,0.000055,0.001527,,,,0.002320,0.000002,0.000000,,,,,,
105010502,6.62832e+07,15,平方米,0.4269,0.071761,0.281028,0.027470,0.069381,,0.027774,0.008447,0.003968,0.073014,0.426936,,,0.000027,0.000007,0.009836,,,0.000327,,,,,,0.000009,0.000015,,,,,,,
109061901,6.62629e+07,8,个,0.9057,,0.905668,0.001868,0.016727,,,,,0.057674,,,,0.000069,,0.017210,,,,,,,,,0.000743,,0.000039,,,,,,
108012299,6.62151e+07,14,千克,0.6008,0.600756,0.053777,0.170987,,,0.003840,0.081266,0.002476,0.042007,,,,0.001008,0.019736,0.006480,,,0.003839,,,,,,0.000019,0.000008,,,,,,,0.013798
104019904,6.61919e+07,15,千米,0.3522,0.163073,0.226530,0.000783,0.017445,,0.352233,,0.000018,0.006910,0.153421,0.000004,0.000019,0.000018,,,,,,0.000019,,,,,0.000136,0.072105,0.007286,,,,,,
109032301,6.61827e+07,5,个,0.9831,0.000401,0.983130,,0.002408,,,,,0.006354,,,,,,0.007706,,,,,,,,,,,,,,,,,
103020511,6.60963e+07,15,箱,0.4816,0.089560,0.055428,0.007303,0.005900,,,,,0.002030,,0.004641,0.481568,0.000045,0.264090,0.007043,,,0.003238,0.020336,,,0.051372,,,,0.007257,,0.000188,,,,
303020400,6.60862e+07,10,UNKNOWN,0.7247,,0.025377,0.724678,0.023267,,,,0.038288,0.140418,,,,0.001299,,0.004637,0.014089,,,,,,,,,,,0.027943,,,,,0.000005
108012002,6.59702e+07,11,个,0.7010,0.226791,0.701033,0.002691,0.054092,,0.001948,,,0.011122,,,,,0.002079,0.000182,,,,0.000011,,,,,0.000008,,0.000043,,,,,,
104010502,6.5849e+07,8,个,0.6620,0.002538,0.662009,0.005878,0.292087,,0.019059,,,0.018349,0.000002,0.000078,,,,,,,,,,,,,,,,,,,,,
106010106,6.58023e+07,18,个,0.7044,0.116365,0.704410,0.018349,0.008154,,0.007016,,0.000169,0.010532,0.002085,0.010527,0.059135,,,0.018326,,,0.000222,0.000197,0.000699,,,,0.000013,0.015313,0.012773,,,,0.015717,,
108032201,6.55302e+07,6,千克,0.9019,0.901874,0.006185,,0.005865,,,,,,,,,,0.072243,0.012888,,,,,,,,,0.000946,,,,,,,,
101011699,6.53922e+07,11,千克,0.9219,0.921913,0.001475,0.000175,,,,,,0.000431,,0.000487,0.045781,,0.009771,,,,0.000863,0.000535,,,0.018566,,,,0.000005,,,,,,
109060703,6.52724e+07,17,个,0.5500,0.000025,0.550020,0.005246,0.396464,,0.000034,,0.000276,0.001725,,0.005124,0.000221,0.020912,0.000083,0.018693,,,0.000797,0.000015,,,0.000002,,0.000130,,0.000232,,,,,,
103011101,6.52492e+07,13,千克,0.7950,0.795000,0.002184,0.062555,,,,,,0.002106,,0.028697,0.011400,,0.000686,0.020869,,,0.005206,0.050677,0.004507,,0.002575,,,,0.013538,,,,,,
101011700,6.52299e+07,14,千克,0.7783,0.778293,0.029214,0.018415,0.003460,,,,,0.002649,,0.004287,0.061292,,0.038005,0.008909,,,0.003397,0.042849,,,0.000848,,0.000006,,0.008376,,,,,,
108032408,6.48956e+07,4,千克,0.4987,0.498651,0.212683,,0.288607,,,,,,,,,,,0.000060,,,,,,,,,,,,,,,,,
109060510,6.47063e+07,11,个,0.6092,0.000638,0.609178,0.001096,0.315522,,0.018720,,,0.009133,,0.039110,,0.000016,0.002863,0.001831,,,,,,,,,,,0.001892,,,,,,
109023899,6.46783e+07,5,套,0.5087,,0.476220,0.001063,0.508669,,0.005085,,,0.008964,,,,,,,,,,,,,,,,,,,,,,,
101030202,6.46697e+07,7,千克,0.9732,0.973213,0.010185,0.001825,,,,,,,,,0.013563,,,0.000976,,,,0.000236,,,,,,,0.000002,,,,,,
109020402,6.41089e+07,12,套,0.4414,0.014076,0.430624,0.028166,0.441408,,0.005927,0.002075,,,0.074401,,,,0.000019,0.003276,,,,0.000020,,,,,0.000007,,0.000001,,,,,,
109020811,6.3736e+07,17,个,0.5237,0.013169,0.523747,0.000220,0.331857,,0.047938,,0.003774,0.007441,0.014531,0.000005,0.002455,,0.000002,0.023418,,,0.000005,0.000153,,,,,0.000106,0.018067,0.013113,,,,,,
109020107,6.30523e+07,7,个,0.7223,0.001867,0.722310,0.149219,0.125329,,,,,,,0.000064,,,,,,,,,,,,,0.001112,,0.000099,,,,,,
109012604,6.2973e+07,6,个,0.8601,0.095327,0.860130,0.005635,0.001550,,0.000221,,,,,,,,,0.037138,,,,,,,,,,,,,,,,,
101011999,6.26459e+07,10,OTHER,0.6368,0.264665,0.000730,0.010927,0.000466,,,,0.001098,0.636756,0.003237,,,,,0.081579,,,,0.000398,,,,,,,0.000144,,,,,,
103010303,6.2446e+07,15,盒,0.3326,0.181956,0.158133,0.211978,0.002770,,,,,0.004193,,0.332614,0.043543,,0.001166,0.000825,,,0.001422,0.018693,0.000146,,0.009834,,,,0.032725,,0.000004,,,,
107021905,6.23827e+07,18,千克,0.5746,0.574633,0.268346,0.005321,0.021721,,0.002326,0.046760,,0.003055,0.001059,0.000726,0.009356,0.002516,0.004311,0.006833,,,0.045164,0.000000,,,,,0.000046,0.007568,0.000256,,,,,,
105010601,6.21892e+07,18,个,0.8480,0.019122,0.847971,0.016561,0.086658,,0.002179,0.001213,,0.002828,,0.000483,0.000186,0.000027,0.000482,0.010883,,,0.006000,,,,0.000020,,0.005193,0.000040,0.000126,,,,,0.000027,
109050203,6.18389e+07,6,个,0.6553,,0.655308,0.001420,0.281468,,0.000021,,,0.010317,,,,,,0.051466,,,,,,,,,,,,,,,,,
109032104,6.17374e+07,9,OTHER,0.4551,0.006646,0.032366,0.291064,0.163169,,0.000369,0.000017,,0.455137,0.051036,,,,,,,,,,,,,,,0.000195,,,,,,,
109010102,6.16797e+07,19,个,0.5783,0.183932,0.578268,0.023129,0.173669,,0.000518,0.000575,0.000113,0.002770,0.001294,0.000048,0.001780,0.001199,0.001646,0.028510,,,0.000488,0.000053,,,,,0.001956,0.000010,0.000042,,,,,,
106051301,6.14467e+07,7,个,0.8622,0.131505,0.862186,0.000018,0.004777,,,,,0.000007,,0.000004,,,,,,,,0.001504,,,,,,,,,,,,,
105020102,6.09975e+07,11,个,0.8486,0.020025,0.848574,0.009392,0.084379,,0.000117,0.002534,,0.014153,0.017803,,,,,0.002924,,,0.000083,,,,,,0.000016,,,,,,,,
108010303,6.00432e+07,15,千克,0.3686,0.368576,0.026829,0.031052,0.037277,,0.364378,,0.000891,0.043193,0.038368,0.000006,,0.024219,0.000002,0.062625,,,0.000047,,,,,,,0.002523,0.000013,,,,,,
106010206,5.99479e+07,18,个,0.5068,0.157450,0.506842,0.031599,0.028519,,0.024230,,,0.013648,0.020614,0.078495,0.034311,0.000005,0.000478,0.053821,,,0.000015,0.002849,0.000002,,,,0.000170,0.020298,0.026654,,,,,,
105011001,5.98929e+07,15,平方米,0.5744,0.020991,0.292813,0.001279,0.015088,,0.000658,0.030721,,0.000787,0.574401,0.014194,,,,0.044602,,,0.000014,0.002175,0.001355,,,,,0.000007,0.000915,,,,,,
103011299,5.92317e+07,11,千克,0.9573,0.957300,0.007979,0.002454,,,,,,0.001104,,0.003531,0.006044,,0.000512,,,,0.000593,0.018681,,,0.000147,,,,0.001654,,,,,,
109021404,5.8572e+07,4,个,0.8419,,0.841885,,0.158105,,,,,,,,0.000003,,,,,,0.000007,,,,,,,,,,,,,,
101010109,5.84049e+07,18,千克,0.8784,0.878417,0.046538,0.002268,0.014850,,0.020765,0.000043,0.000615,0.000026,,0.007843,0.000331,,0.000198,0.000174,,,0.000002,0.025860,,,0.000587,,0.000088,0.000254,0.001142,,,,,,
106010301,5.8149e+07,18,平方米,0.4251,0.176852,0.090988,0.004033,0.000503,,0.001860,,,0.082715,0.425144,0.007995,0.029281,0.000039,0.000039,0.000129,,,0.000005,0.000105,,,,,0.002825,0.174427,0.001513,,,,0.001545,,
109031402,5.78349e+07,12,个,0.9545,0.000397,0.954519,0.000043,0.003737,,0.000230,,,0.000186,,0.000087,0.000131,0.000002,0.000028,,,,0.000166,,,,,,0.040475,,,,,,,,
107021102,5.76814e+07,16,千克,0.8880,0.887996,0.022404,0.000740,0.000218,0.000522,,0.073824,,0.007608,0.000081,0.000274,0.000110,,0.000581,,,,0.001230,0.000004,,,0.004397,,,0.000000,0.000011,,,,,,
104030602,5.76717e+07,6,个,0.7377,0.003861,0.737681,0.002179,0.246098,,,,,,0.010083,,,,,,,,,,,,,,0.000098,,,,,,,,
109061808,5.76425e+07,10,个,0.6106,0.081916,0.610607,0.001656,0.285725,,,,,0.009762,,0.000003,,,0.000062,,,,,0.000005,,,,,0.010258,0.000006,,,,,,,
108031002,5.74642e+07,3,千克,1.0000,0.999994,0.000002,,,,,,,,,,,,0.000004,,,,,,,,,,,,,,,,,,
109020204,5.73189e+07,10,套,0.5659,0.001181,0.324538,0.003440,0.565897,,0.000214,,,0.095736,,,,0.000201,,0.007746,,,,,,,,,0.001045,,0.000001,,,,,,
106051099,5.71075e+07,14,个,0.5278,0.138670,0.527834,0.126929,0.120058,,0.054248,,,0.000608,,0.000002,,0.001073,,0.022992,,,0.000002,0.000018,,,,,0.000058,0.003998,0.003511,,,,,,
109050604,5.68599e+07,13,个,0.7494,0.005589,0.749372,0.029129,0.111018,,0.025687,,0.006096,0.006571,,0.000034,0.031187,,,0.002491,0.000088,,,,,,,,0.032726,,0.000012,,,,,,
304050199,5.67445e+07,8,UNKNOWN,0.6078,,0.063849,0.607843,0.006987,,,,,0.054141,0.006804,,,0.000278,,,0.260076,,,,,0.000021,,,,,,,,,,,
301050402,5.65667e+07,6,UNKNOWN,0.9885,0.000014,0.000097,0.988502,,,,,,0.002330,,,,0.008333,,0.000725,,,,,,,,,,,,,,,,,
109051405,5.65027e+07,14,套,0.5015,0.002784,0.493407,0.000197,0.501549,,0.000051,,0.000350,0.000757,,,0.000494,,0.000003,0.000316,,,0.000088,,,,,,0.000001,0.000001,0.000001,,,,,,
108031902,5.63629e+07,7,千克,0.9676,0.967639,0.001796,0.000279,,,0.000009,,,0.030104,,,,,0.000002,,,,,,,,,,,0.000170,,,,,,,
109042305,5.62052e+07,11,个,0.9378,,0.937797,0.001455,0.045848,,0.006416,,,0.000592,,,0.000012,0.000022,0.000128,0.007599,,,0.000016,,,,,,0.000116,,,,,,,,
108041114,5.61634e+07,12,千米,0.4168,0.347279,0.032011,0.148253,0.001348,,0.416759,,,0.017521,,0.030924,,,,0.000553,,,0.000104,,,,,,,0.005171,0.000051,0.000027,,,,,
109021103,5.59562e+07,12,个,0.3192,0.008030,0.319207,0.247948,0.023704,,0.033511,,,0.027987,0.000730,0.000006,,0.060622,,0.163002,,,0.000009,,,,,,0.115244,,,,,,,,
109021200,5.59303e+07,15,个,0.6786,0.089218,0.678555,0.034588,0.096427,,0.000821,,0.000019,0.027935,0.000811,,0.000378,0.000002,,0.032543,,,0.000022,0.000003,,,,,0.038663,,0.000016,,,,,,
109040602,5.58452e+07,12,个,0.5740,0.016095,0.573951,0.008158,0.364401,,0.012081,,,0.018787,0.000004,,0.000806,,0.001272,0.004050,,,,0.000076,,,,,0.000319,,,,,,,,
109013502,5.58227e+07,16,个,0.4623,0.224267,0.462340,0.140605,0.147331,,0.000003,0.000269,0.001874,0.000484,,,0.000001,0.004332,,0.017745,,,,,0.000000,0.000107,,,0.000001,0.000567,,,,,,,0.000073
103020204,5.57365e+07,14,UNKNOWN,0.4316,0.124647,0.056991,0.431630,0.025403,,,,,0.035056,,0.159208,0.120540,,0.007729,0.018638,,,0.003350,0.010622,,,0.001979,,,,0.004192,,0.000014,,,,
109032102,5.5704e+07,10,套,0.5775,,0.241502,0.051765,0.577466,,0.013023,,0.020628,0.082923,,0.000002,,0.000006,,0.009716,,,,,,0.002969,,,,,,,,,,,
101010107,5.52894e+07,20,千克,0.4205,0.420483,0.275068,0.106725,0.013308,0.003961,0.031441,0.004650,0.000052,0.003172,,0.021895,0.048448,,0.009380,0.004922,,,0.001360,0.050310,0.000022,,0.003810,,0.000007,0.000065,0.000922,,,,,,
109040304,5.4929e+07,7,个,0.8919,0.051657,0.891870,0.000319,0.020759,,0.000025,,,,,,,,,0.035369,,,,,,,,,,,0.000001,,,,,,
107050702,5.48621e+07,14,千克,0.8504,0.850396,0.131883,0.004973,0.000249,,0.000033,0.001267,,0.000466,0.000042,,0.000468,0.000000,0.000300,,,,0.000002,0.009643,,,,,,,0.000278,,,,,,
109061401,5.46277e+07,19,个,0.8198,0.000705,0.819767,0.025225,0.136746,0.002734,0.001627,,0.000092,0.004428,0.000002,0.000076,0.000335,0.000559,0.000017,0.007194,,,0.000196,0.000014,,,,,0.000120,0.000162,0.000002,,,,,,
108012502,5.45538e+07,12,千克,0.9135,0.913496,0.059491,0.006941,0.000377,,0.005988,,,,0.005438,,0.000010,,,0.000273,,,0.000011,,,,,,0.000136,0.007789,0.000051,,,,,,
106040101,5.45007e+07,18,个,0.7303,0.032999,0.730302,0.095030,0.068997,,0.000120,,,0.005426,0.000908,0.016392,0.008400,,0.004002,0.012959,,,0.001101,0.001548,0.000275,,0.000000,,0.000277,0.002684,0.018582,,,,,,
109020806,5.43685e+07,18,个,0.8807,0.055797,0.880671,0.001697,0.043069,,0.000964,,,0.007727,0.000035,0.000616,0.000028,0.000331,0.000234,0.002311,,,0.000954,0.000021,,,,,0.001239,0.002949,0.001336,,,,0.000019,,
107021512,5.40807e+07,11,千克,0.9945,0.994528,0.002279,0.000313,,,0.000001,0.000362,,0.000062,,,,,0.000180,,,,0.001855,0.000001,,,,,,0.000414,0.000005,,,,,,
108041502,5.38713e+07,10,个,0.8816,0.043693,0.881579,0.003310,0.045773,,0.000570,,,0.024949,,,,0.000003,,,,,,,,,,,0.000068,0.000037,0.000018,,,,,,
102050307,5.37346e+07,3,千克,0.9825,0.982510,0.005393,0.012096,,,,,,,,,,,,,,,,,,,,,,,,,,,,,
108031701,5.34557e+07,12,千克,0.6747,0.674692,0.263540,0.001435,0.011658,,0.020276,,0.000001,,0.006256,0.000229,,,0.000052,0.021545,,,,,,,,,0.000224,0.000093,,,,,,,
104010808,5.31012e+07,13,个,0.6218,0.183350,0.621779,0.005528,0.150605,,0.000530,,,0.018346,0.018073,0.000006,,,0.000002,0.001543,,,0.000208,,,,,,0.000017,0.000015,,,,,,,
103021202,5.30912e+07,16,千克,0.5979,0.597922,0.016836,0.005935,0.000975,,,,,0.007198,,0.013692,0.090031,0.000000,0.189834,0.032232,,,0.003660,0.018105,,,0.012408,,0.000069,0.000049,0.011053,,,,,,
109022099,5.28016e+07,16,个,0.6040,0.109345,0.604048,0.002351,0.059554,,0.037741,,,0.018664,0.000005,,0.000068,0.002621,0.000414,0.163590,,,0.000151,0.001302,,,0.000051,,,0.000064,0.000030,,,,,,
109011703,5.27469e+07,9,个,0.7058,,0.705845,0.000300,0.191417,,0.006146,,,0.022428,,0.001263,,,0.008684,,,,0.063711,,,,,,0.000206,,,,,,,,
102050800,5.23448e+07,10,千克,0.8757,0.875673,0.117695,0.000000,0.001587,,0.000134,,,0.000464,0.002333,,0.000043,,,,,,,0.000007,,,,,,0.002064,,,,,,,
103010904,5.23373e+07,8,千克,0.7376,0.737649,0.001550,0.001163,,,,,,0.000675,,0.000580,0.171865,,,,,,,0.018075,,,,,,,0.068443,,,,,,
109023204,5.18012e+07,14,个,0.8592,0.000678,0.859172,0.008399,0.066480,,0.000012,,,0.059451,,0.000892,0.000082,0.003612,0.000782,0.000004,,,0.000403,,,,,,,0.000017,0.000017,,,,,,
109023803,5.1634e+07,6,个,0.4064,0.053220,0.406351,,0.377518,,0.015989,,,0.001331,,,,,,0.145591,,,,,,,,,,,,,,,,,
109025307,5.16172e+07,13,套,0.6918,0.000031,0.256051,0.003632,0.691802,,0.000842,,,0.027058,,0.000099,0.000056,,0.000260,0.001538,,,,0.000021,,,,,0.018061,0.000549,,,,,,,
106020105,5.13186e+07,17,UNKNOWN,0.6144,0.014068,0.189907,0.614446,0.018167,,0.000861,,0.017934,0.068988,0.015939,0.000206,0.000535,0.014208,,0.023025,,,,,0.003065,,,,0.000127,0.014778,0.000168,,,0.003575,,,
103010502,5.13035e+07,15,千克,0.9202,0.920184,0.002878,0.011398,0.000199,,,0.003005,,0.014848,,0.001580,0.006541,0.000000,0.007175,0.004682,,,0.027367,0.000002,,,0.000126,,,,0.000015,,,,,,
104010306,5.11778e+07,6,个,0.7707,0.000606,0.770726,,0.000003,,0.228562,,,0.000102,,,,,,,,,,,,,,,,0.000001,,,,,,,
109010302,5.11648e+07,5,个,0.9877,,0.987714,,0.011729,,0.000216,,,,,,,,,,,,,,,,,,0.000178,0.000164,,,,,,,
101011204,5.09861e+07,13,箱,0.6332,0.203015,0.010237,0.127116,,,,,,0.001535,,0.000038,0.633199,,0.001115,0.013844,,,0.000294,0.007456,0.000126,,0.000003,,,,0.002022,,,,,,
107029904,5.0912e+07,10,个,0.9777,0.000001,0.977684,0.000088,0.000074,,,,,0.000682,,0.015857,,,0.004969,,,,0.000635,0.000001,,,0.000007,,,,,,,,,,
110030103,5.08886e+07,11,千克,0.3596,0.359639,0.006126,0.048753,0.134101,0.088155,,0.323610,,0.000210,,,0.005775,0.000178,0.000484,,,,0.032969,,,,,,,,,,,,,,
109021699,5.079e+07,12,套,0.6410,0.000109,0.347446,0.000158,0.640970,0.001908,0.007900,,,0.000121,0.000044,,,,0.000030,0.000574,,,,,,,,,0.000207,0.000532,,,,,,,
108040799,5.04543e+07,14,个,0.7256,0.058322,0.725604,0.097295,0.071040,,0.003273,,,0.017903,,0.001182,0.001146,,0.000047,0.023199,,,,0.000478,,,,,0.000037,0.000203,0.000268,,,,,,
109011102,5.0447e+07,13,个,0.9401,0.005202,0.940056,0.002538,0.037915,,0.008333,,,0.004523,,0.000001,,,0.000009,0.000112,,,0.000042,,,,,,0.001257,0.000003,0.000011,,,,,,
108032002,5.04237e+07,6,千克,0.9679,0.967858,0.000020,,,,,,,0.031847,,0.000002,,,0.000253,,,,,,,,,,,0.000020,,,,,,,
101011209,5.04189e+07,15,千克,0.8336,0.833609,0.004888,0.083698,0.000048,,,,,0.000997,,0.000321,0.052021,,0.002229,0.012927,,,0.000012,0.005994,0.001553,,0.000002,,0.000009,,0.001692,,,,,,
109051307,5.03884e+07,9,个,0.6916,,0.691598,0.028465,0.267833,,,,,0.010434,,,,0.000016,,0.001532,0.000083,,,,,,,,0.000040,0.000000,,,,,,,
107040306,5.02759e+07,4,千克,0.9998,0.999839,0.000037,,,,0.000019,,,,,,,,,,,,,,,,,,,0.000104,,,,,,,
108040405,5.0223e+07,14,个,0.8383,0.102317,0.838319,0.008806,0.043798,,0.001158,,,0.004694,0.000007,0.000000,,0.000028,0.000001,0.000620,,,,,,,,,0.000247,0.000004,0.000002,,,,,,
109060406,4.98071e+07,14,个,0.5111,0.475831,0.511091,0.000743,0.008430,,0.000011,,,0.002638,,0.000179,0.000004,0.000005,0.000084,0.000013,,,,,,,,,0.000840,0.000126,0.000004,,,,,,
101010299,4.97319e+07,12,千克,0.8531,0.853085,0.059154,0.013077,0.000513,,,,0.000113,0.000220,,0.000997,0.009328,,0.000008,0.000286,,,,0.044339,,,,,,,0.018882,,,,,,
104010508,4.96785e+07,13,个,0.7422,0.013771,0.742170,0.013794,0.042885,,0.000473,,,0.168376,,0.001001,,,0.000042,0.008287,,,,0.000000,,,0.000007,,0.000047,,0.009146,,,,,,
102040106,4.9648e+07,6,千克,0.9563,0.956296,0.001121,0.040205,0.002277,,,,,0.000010,,,,,,,,,,,,,,,,,0.000091,,,,,,
109020103,4.96289e+07,11,个,0.6676,0.155350,0.667559,,0.131237,,0.017145,,0.024620,0.000047,,,,0.000020,0.000021,0.000503,,,,,,0.003235,,,0.000261,,,,,,,,
106050205,4.94333e+07,13,个,0.5827,0.227752,0.582668,0.027002,0.089156,,0.057774,,0.000212,0.000467,0.003974,0.000011,,,,0.010088,,,,,,,,,0.000248,0.000550,0.000096,,,,,,
108040408,4.91075e+07,17,套,0.4785,0.023896,0.421503,0.039215,0.478485,,0.002075,,0.020453,0.007011,,0.000808,0.000188,0.000876,0.000153,0.002030,,,0.000808,0.000060,,,,,0.002363,0.000036,0.000039,,,,,,
109021406,4.8843e+07,5,套,0.6350,0.000283,0.358259,0.006419,0.635039,,,,,,,,,,,,0.000001,,,,,,,,,,,,,,,,
108011102,4.87449e+07,13,个,0.9037,0.043557,0.903675,0.046703,0.000002,,,,,0.000725,0.002498,0.000012,0.000024,,0.000008,0.000000,,,,,,,,,0.002790,0.000003,0.000001,,,,,,
101010999,4.83323e+07,12,千克,0.9525,0.952537,0.012586,0.020195,0.007009,,0.000069,,,,,0.000409,0.002814,,0.000109,0.003105,,,,0.000707,,,,,0.000037,,0.000422,,,,,,
105011003,4.78893e+07,7,千克,0.4759,0.475901,0.464157,0.000003,0.009627,,0.001083,,,0.002372,,,0.046856,,,,,,,,,,,,,,,,,,,,
104011006,4.78755e+07,10,千米,0.8845,0.006266,0.014658,,,,0.884453,,,0.032126,0.023286,0.000003,,,,0.034256,,,,,,,,,0.004155,0.000794,0.000003,,,,,,
102020500,4.78676e+07,16,千克,0.7367,0.736727,0.092329,0.002166,0.012578,,0.000193,0.004137,,0.001376,,0.000030,0.006843,,0.108099,0.030029,,,0.002827,0.000037,,,0.002155,,,,,,0.000013,,0.000461,,
106040202,4.75362e+07,16,个,0.7182,0.016880,0.718247,0.002278,0.044239,,0.004269,,0.023075,0.055479,,0.056962,0.000422,,0.001462,0.057494,,,0.015522,0.000778,,,,,0.000121,0.000800,0.001973,,,,,,
107030211,4.74273e+07,9,盒,0.9261,0.000979,0.052379,0.000810,0.005124,,,,,0.008295,,0.926060,,,0.003838,,,,,0.002472,,,,,,,0.000043,,,,,,
102020699,4.73081e+07,17,千克,0.9100,0.910025,0.029344,0.003334,0.001679,,0.000494,0.001387,0.001687,0.002292,0.021690,0.000004,,0.000076,0.001673,0.001498,,,0.022064,,,,0.002720,,,0.000003,0.000028,,,,,,
109022701,4.70343e+07,8,个,0.7565,0.000718,0.756478,,0.116463,,0.000149,,,0.123484,,,0.000128,,,0.001726,,,,,,,,,0.000855,,,,,,,,
109022003,4.69584e+07,13,个,0.8390,0.029977,0.839046,0.021577,0.074947,,0.001298,,0.000173,0.004750,0.002845,,0.013777,,0.000160,0.010445,,,,,,,0.000100,,,,0.000905,,,,,,
109011203,4.61492e+07,6,个,0.6939,0.252505,0.693871,0.006837,0.046736,,0.000010,,,0.000040,,,,,,,,,,,,,,,,,,,,,,,
104010701,4.61011e+07,16,个,0.4820,0.250756,0.481987,0.001186,0.080316,,0.035511,0.001392,0.000914,0.011487,0.084588,0.000034,0.001437,,,,,,0.000004,0.000199,,,,,0.000038,0.026440,0.023712,,,,,,
102050403,4.5989e+07,13,千克,0.9373,0.937300,0.050416,,0.005421,,0.000045,0.000638,,0.000225,0.004270,,0.000053,,0.000124,0.001052,,,,0.000176,,,,,,0.000245,0.000036,,,,,,
108041302,4.58871e+07,15,千米,0.6046,0.165015,0.165498,0.001105,0.002752,,0.604594,,,0.034984,0.009058,0.002518,0.004181,,0.000010,0.001404,,,,,,,0.000001,,0.001781,0.006954,0.000144,,,,,,
106050501,4.58478e+07,11,千克,0.4600,0.459991,0.427049,0.020228,0.012284,,0.003406,,,0.021678,0.000073,0.000105,0.010501,,,0.044647,,,,0.000039,,,,,,,,,,,,,
109060305,4.57538e+07,9,个,0.6325,0.000238,0.632523,0.011599,0.274472,,,0.000105,,0.080759,,,,0.000228,0.000074,,,,,0.000002,,,,,,,,,,,,,
110020199,4.56607e+07,9,立方米,0.5741,0.416715,0.001872,0.000723,0.005449,,,0.574097,,,,,0.000015,,0.001103,,,,,,,,,,,0.000001,,0.000025,,,,,
105010103,4.5652e+07,18,个,0.5506,0.083930,0.550613,0.010939,0.019282,0.009434,0.001976,0.249848,,0.051273,0.001649,0.000006,0.000017,,0.000382,0.017616,0.000014,,,0.000005,,,,,0.001579,0.000123,0.001315,,,,,,
106051213,4.5394e+07,13,个,0.6269,0.043697,0.626935,0.000676,0.016671,,0.066636,,,0.242332,0.000116,0.002049,,,,,,,0.000001,0.000075,,,,,0.000339,0.000188,0.000286,,,,,,
109023606,4.51458e+07,14,个,0.5638,0.019323,0.563775,0.008331,0.049792,,0.014602,,0.102867,0.000042,0.200690,,,0.000003,,0.019843,0.020414,,0.000079,,,,,,0.000099,0.000140,,,,,,,
109025305,4.51434e+07,19,套,0.4236,0.006280,0.418433,0.009503,0.423602,,0.010830,0.000539,0.001464,0.037724,0.002189,0.000214,0.001523,0.000007,0.000840,0.074722,,,0.000808,0.000283,,,,,0.010257,0.000491,0.000290,,,,,,
107030803,4.51182e+07,14,千克,0.4086,0.408610,0.112719,0.000000,0.258930,,,,,0.006338,,0.042945,0.003155,,0.021836,0.008259,,,0.009006,0.015318,,,,,0.108830,0.000060,0.003993,,,,,,
107050901,4.51051e+07,18,个,0.7334,0.025036,0.733396,0.004417,0.220287,,0.001074,,0.002335,0.007440,0.001834,,0.000106,0.000255,0.000022,0.001223,,,0.000067,0.000022,,,,,0.000731,0.000097,0.001653,,,,,0.000005,
109024703,4.48412e+07,8,个,0.9257,,0.925733,0.044477,0.010045,,,,,0.000618,,0.016726,,0.000150,,0.002230,,,,,,,,,0.000020,,,,,,,,
101030310,4.47745e+07,8,千克,0.9927,0.992657,0.002251,0.000161,,,,,,0.002938,,0.001455,,,0.000142,,,,,0.000322,,,,,,,0.000074,,,,,,
101030311,4.44717e+07,15,盒,0.3547,0.205568,0.347149,0.005195,0.036616,,,0.000486,,0.023202,,0.354670,0.009440,,0.013404,0.001482,,,,0.001899,0.000067,,0.000108,,0.000123,,0.000590,,,,,,
304070201,4.44526e+07,4,UNKNOWN,0.7843,,0.000236,0.784273,,,,,0.034474,0.181017,,,,,,,,,,,,,,,,,,,,,,,
107040102,4.43551e+07,9,千克,0.8903,0.890283,0.000402,0.084199,,,0.000356,,,0.022827,,0.001028,,,0.000002,0.000902,,,,0.000002,,,,,,,,,,,,,
109062303,4.39647e+07,4,个,0.9964,,0.996401,0.000003,0.003581,,,,,,,0.000015,,,,,,,,,,,,,,,,,,,,,
101011203,4.37475e+07,15,千克,0.9595,0.959507,0.001728,0.001778,,,0.000928,,,0.000249,,0.001707,0.000212,,0.000804,0.029412,,,0.000002,0.002622,0.000086,,0.000186,,,0.000344,0.000436,,,,,,
109030702,4.36794e+07,10,个,0.8917,0.011526,0.891713,0.054145,0.000038,,,0.002350,,0.031973,,0.000010,0.000052,0.000643,,0.007550,,,,,,,,,,,,,,,,,
107020119,4.36574e+07,12,千克,0.9730,0.973030,0.008640,0.000313,0.000143,,,0.000005,,0.006670,,0.000013,,0.000048,0.010853,,,,0.000192,,,,0.000065,,,,0.000029,,,,,,
108012004,4.3572e+07,16,个,0.8091,0.094255,0.809142,0.001314,0.058796,0.001524,0.016891,,,0.003876,0.001060,0.000028,,0.000043,,0.012280,,,,0.000009,,,,,0.000265,0.000495,0.000015,,,,,,0.000007
301040201,4.34911e+07,2,立方米,0.8429,,,0.157132,,,,0.842868,,,,,,,,,,,,,,,,,,,,,,,,,
102040108,4.30592e+07,7,千克,0.9760,0.976034,0.012510,,0.001046,,0.000997,,0.000109,,,,,,0.000001,0.009303,,,,,,,,,,,,,,,,,
105020103,4.29076e+07,11,个,0.8810,0.001803,0.881024,0.003636,0.110250,,0.000019,,,0.002845,,0.000002,,,0.000003,0.000411,,,,,,,,,,0.000007,0.000000,,,,,,
109042601,4.26275e+07,3,千克,0.9877,0.987718,0.011833,,0.000448,,,,,,,,,,,,,,,,,,,,,,,,,,,,
109013605,4.25764e+07,9,个,0.7934,0.155079,0.793353,0.000010,0.003333,,0.001977,,,0.000017,,,,0.000153,,0.029454,,,,,,,,,0.016624,,,,,,,,
109060308,4.25692e+07,15,套,0.5573,0.000086,0.387345,0.000779,0.557285,,0.000002,0.000359,0.001565,0.005081,,0.000047,0.000646,0.000136,0.034903,0.010323,,,,,,,,,0.001206,,0.000237,,,,,,
108041305,4.25353e+07,11,千克,0.9003,0.900291,0.016943,0.000028,0.000428,,0.023648,,,0.007327,0.016820,,0.002996,,,0.000158,,,,0.000008,,,,,,0.031355,,,,,,,
108012401,4.25296e+07,16,千克,0.6388,0.638815,0.224806,0.001419,0.008843,,0.004983,0.076307,,0.001012,0.036441,0.000142,0.000054,,,0.004938,,,0.000141,0.000507,,,,,0.000161,0.000763,0.000670,,,,,,
109021603,4.24717e+07,13,个,0.7342,0.000052,0.734202,0.000836,0.236456,,,0.001481,,0.000006,,,0.006981,0.004786,0.012673,0.000807,,,0.000067,,,,0.000555,,,0.001098,,,,,,,
106051211,4.20916e+07,17,个,0.6803,0.220737,0.680276,0.003592,0.025929,,0.000008,,,0.000683,,0.009191,0.006158,,0.016539,0.002376,0.000106,,0.000005,0.000178,0.003231,,0.000001,,0.000002,,0.030988,,,,,,
109025402,4.17891e+07,9,套,0.5662,0.000618,0.268934,0.000886,0.566161,,0.163318,,,0.000073,,,,,,,,,,0.000001,,,,,0.000001,,0.000008,,,,,,
108042500,4.14512e+07,12,个,0.5966,0.026448,0.596574,0.003647,0.278001,,,,,0.015825,0.000207,0.000001,,,,0.079206,,,,0.000002,,,,,0.000004,0.000004,0.000081,,,,,,
107021416,4.13712e+07,6,千克,0.9421,0.942106,0.003714,0.053861,,,,,,,,,,,0.000267,,,,0.000023,,,,,,,,0.000029,,,,,,
109060404,4.12432e+07,14,个,0.8694,0.000009,0.869405,0.003281,0.124623,,,,,0.000265,,0.000644,0.000502,0.000005,0.000001,0.000974,,,0.000004,0.000033,,,,,,0.000003,0.000251,,,,,,
109061503,4.11738e+07,7,个,0.5485,,0.548479,0.000754,0.433230,,0.015301,,0.000043,0.000493,,,,,,0.001700,,,,,,,,,,,,,,,,,
107020232,4.1127e+07,8,千克,0.9950,0.994964,0.003032,,,,,0.000577,,0.000001,,,0.000323,,0.000772,,,,0.000084,,,,,,,,0.000245,,,,,,
107030706,4.1075e+07,9,OTHER,0.4662,,0.351702,0.003990,,,,,,0.466151,,0.030406,,0.000036,0.145658,,,,,0.000805,,,,,0.000596,,0.000658,,,,,,
107030117,4.07637e+07,4,千克,0.8302,0.830224,0.056260,,,,,,,,,0.113505,,,0.000011,,,,,,,,,,,,,,,,,,
105011005,4.05335e+07,12,个,0.8749,0.061525,0.874902,0.004003,0.002159,,0.000233,,,0.053642,0.000385,0.000003,0.002432,0.000002,,,,,0.000002,,,,,,,0.000712,,,,,,,
109025102,4.04353e+07,6,套,0.8375,,0.111623,0.029831,0.837506,,,,0.005592,0.009379,,,,0.006069,,,,,,,,,,,,,,,,,,,
106051210,4.0409e+07,15,个,0.7761,0.162844,0.776146,0.001990,0.043725,,,,,0.003673,,0.004002,0.000375,0.000653,0.005213,0.000206,,,0.000001,0.000487,,,,,0.000031,0.000027,0.000626,,,,,,
102020400,4.03417e+07,9,立方米,0.7459,0.010173,0.000091,0.051301,,0.192523,0.000022,0.745879,,,,0.000001,,,,,,,,0.000001,,,,,,0.000010,,,,,,,
109023302,4.02533e+07,9,千克,0.4880,0.487996,0.455576,0.000002,0.027072,,0.028355,,,0.000490,,,0.000009,,0.000275,,,,0.000225,,,,,,,,,,,,,,
109022503,4.0118e+07,15,套,0.4729,0.000206,0.469000,0.005777,0.472862,,0.005496,,,0.037845,0.000209,0.000350,0.001120,0.000125,0.000045,0.004159,,,0.000040,,,,,,0.002757,0.000009,,,,,,,
107020406,4.00961e+07,10,千克,0.9524,0.952442,0.032940,0.000976,0.000027,,,,,0.000467,,,0.012000,,0.000009,,,,0.000678,0.000131,,,,,,,0.000329,,,,,,
109061607,4.00654e+07,8,个,0.7834,,0.783397,0.002342,0.211262,,,,,0.002875,,0.000007,,,0.000001,,,,,,,,,,0.000075,0.000039,,,,,,,
109024208,4.00124e+07,10,个,0.6329,,0.632892,0.178610,0.168366,,,,,0.002849,,0.013121,,0.003205,,,,,0.000051,0.000886,,,,,0.000020,,0.000000,,,,,,
106010506,4.00055e+07,14,个,0.8320,0.044118,0.832050,0.001353,0.024162,,0.028695,,,0.007756,0.000010,0.044666,0.005221,,,0.000509,,,,0.000004,,,,,0.004787,0.005705,0.000963,,,,,,
109010703,3.99058e+07,10,个,0.8994,0.000003,0.899423,0.005820,0.092417,,0.000027,,,0.000353,,0.000276,,,,0.000242,,,,0.001398,,,,,,,0.000042,,,,,,
109011702,3.98916e+07,14,个,0.8624,0.000032,0.862435,0.009439,0.097897,,0.014078,,,0.000325,,0.000380,,0.000604,,0.013892,,,0.000154,0.000676,,,,,0.000036,0.000010,0.000041,,,,,,
109061101,3.98146e+07,10,个,0.7096,,0.709587,0.010246,0.251961,,0.000214,,0.000065,0.024438,,0.003412,0.000040,0.000009,,,,,,,,,,,,,0.000028,,,,,,
101039900,3.97808e+07,10,千克,0.9251,0.925071,0.020564,0.026085,,,,,,0.001081,,0.002849,0.006949,,0.000004,0.008319,,,,0.001494,,,,,,,0.007584,,,,,,
102020601,3.961e+07,15,个,0.3384,0.332781,0.338390,0.001222,0.003988,,0.012826,0.000003,,0.014571,0.010967,0.004594,0.248279,,0.028730,0.002160,,,0.001376,,,,,,,0.000067,0.000046,,,,,,
109061506,3.92554e+07,18,次,0.3546,0.113132,0.179561,0.061762,0.183827,,0.000089,0.006797,,0.029510,,0.036154,0.004833,0.354624,0.003911,0.004580,,,0.002481,0.001629,,,0.014756,,0.002184,0.000057,0.000114,,,,,,
103010202,3.91065e+07,13,千克,0.8257,0.825748,0.010118,0.012238,0.000029,,,,,0.003539,,0.013025,0.000081,,0.005063,,,,0.000067,0.114689,0.001545,,0.007485,,,,0.006372,,,,,,
109022405,3.90814e+07,12,个,0.5456,0.000095,0.545632,0.038151,0.396269,,0.000526,,,0.002456,,0.004644,0.010068,0.000102,0.000023,0.002029,,,,,,,,,0.000005,,,,,,,,
104010304,3.90284e+07,10,千米,0.9558,0.001826,0.031073,0.001669,0.000315,,0.955839,,,0.000124,0.009045,,,,,0.000024,,,,0.000023,,,,,,0.000063,,,,,,,
109011603,3.90183e+07,6,套,0.5762,,0.384858,0.029319,0.576204,,0.008623,,0.000978,0.000018,,,,,,,,,,,,,,,,,,,,,,,
107030708,3.89587e+07,10,个,0.6835,0.003626,0.683532,0.000621,,,,,,0.297412,,0.005768,0.000007,,0.008201,,,,,0.000225,,,0.000605,,0.000003,,,,,,,,
109041299,3.89309e+07,16,个,0.7761,0.008522,0.776057,0.000490,0.104241,0.002748,0.044516,,,0.009983,,0.000020,0.014811,,0.001011,0.025919,,,0.000385,0.000004,,,,,0.008270,0.002980,0.000043,,,,,,
104030503,3.89062e+07,15,个,0.6765,0.032441,0.676452,0.015803,0.035161,,0.182472,,0.000565,0.009668,0.004744,0.007310,,0.000012,0.000078,0.031060,,,0.000059,,,,,,,0.001948,0.002227,,,,,,
109010513,3.8811e+07,10,个,0.9403,0.000128,0.940266,0.008495,0.049362,,,,,0.001339,,0.000065,0.000196,,0.000069,,,,,,,,,,0.000070,,0.000010,,,,,,
109012703,3.86068e+07,12,个,0.4662,0.008915,0.466153,0.018026,0.296488,,0.019882,,0.014059,0.028842,0.121991,0.000128,,,,0.025080,,,,,,,,,0.000357,,0.000079,,,,,,
301050201,3.84778e+07,13,千克,0.8351,0.835109,0.003367,0.079286,0.040642,,0.002147,0.000050,0.000042,0.021119,,,0.003080,0.001442,,0.002543,,,,,,,,,,,,,0.010868,,,,0.000307
109032200,3.83893e+07,14,个,0.3314,0.247652,0.331442,0.003334,0.324615,,0.004202,,,0.076019,0.001749,0.000003,,0.000001,0.000425,0.008704,,,0.000043,,,,0.000049,,0.001762,,,,,,,,
109060508,3.83759e+07,6,套,0.5466,,0.445696,0.000133,0.546621,,,,,0.007435,,,0.000031,,0.000083,,,,,,,,,,,,,,,,,,
307050300,3.82501e+07,10,UNKNOWN,0.8567,,0.000713,0.856703,0.000215,,,,0.024692,0.001550,0.000289,,0.000055,0.006660,,0.001752,0.107370,,,,,,,,,,,,,,,,
108041303,3.82335e+07,10,个,0.4841,0.327875,0.484071,0.000495,0.050628,,0.136188,,,0.000071,0.000098,,,0.000016,0.000528,,,,,,,,,,,0.000031,,,,,,,
109062102,3.82166e+07,6,个,0.5685,,0.568455,0.182655,0.204936,,,,,0.000701,,,,,0.000131,0.043123,,,,,,,,,,,,,,,,,
109021104,3.82117e+07,13,套,0.7161,0.001539,0.170878,,0.716130,,0.000252,,,0.076056,0.000494,0.000028,0.000005,,0.000009,0.017963,,,0.000049,,,,,,0.016516,0.000082,,,,,,,
107050105,3.79602e+07,11,个,0.9786,0.002588,0.978580,0.002223,0.015003,,0.000342,,,0.000456,,,,0.000001,0.000008,0.000673,,,,,,,,,0.000100,0.000026,,,,,,,
109060407,3.7926e+07,10,个,0.7891,0.000016,0.789126,0.000110,0.171351,,,,0.000257,0.034276,,,,0.000020,,0.001061,,,,,,,,,0.003780,,0.000002,,,,,,
108011201,3.78326e+07,17,个,0.8886,0.053849,0.888555,0.000778,0.036233,,0.000278,,,0.002782,,0.005162,0.000981,0.000006,0.001955,0.000215,,,0.000118,0.000197,0.000218,,,,0.007527,0.000118,0.001028,,,,,,
109024005,3.76676e+07,5,个,0.8713,0.000001,0.871313,,0.128638,,,,,,,,,0.000012,,,,,,,,,,,,,0.000037,,,,,,
101059900,3.7331e+07,16,千克,0.6678,0.667827,0.011900,0.030118,0.009666,,,0.003976,,0.011440,,0.026645,0.004154,,0.000186,0.213080,,,0.000063,0.014985,0.000073,,0.003381,,0.000009,,0.002498,,,,,,
109023211,3.72388e+07,7,套,0.3437,0.005297,0.324852,0.029644,0.343693,,,,,0.295729,0.000779,,,,,,,,,,,,,,,0.000005,,,,,,,
104010809,3.70544e+07,17,个,0.5526,0.281109,0.552622,0.010189,0.018186,,0.039012,,0.011470,0.078166,0.002235,0.000015,,0.000001,0.000046,0.000453,,,,0.001167,0.000002,,,,0.000852,0.001359,0.003115,,,,,,
109040306,3.66879e+07,6,个,0.9459,,0.945924,0.003395,0.000708,,,,0.049880,,,,,0.000034,,,,,0.000058,,,,,,,,,,,,,,
109022205,3.6522e+07,18,个,0.6717,0.009006,0.671719,0.088065,0.160971,,0.000107,0.000216,,0.003094,0.054545,0.000124,0.002644,0.001917,0.000170,0.001745,,,0.000249,0.000220,,,,,0.004409,0.000746,0.000055,,,,,,
101050600,3.64642e+07,10,箱,0.3879,0.380318,0.067723,0.057836,0.000485,,,,,0.000036,,0.010626,0.387922,,0.000206,,,,,0.094804,,,,,,,0.000045,,,,,,
306030201,3.64315e+07,5,单,0.9519,0.000261,0.004692,0.039146,,,,,,,,,,,,,,,,,0.004024,,,,,,,,,,,0.951878,
109061008,3.63414e+07,2,个,0.5242,,0.524188,,0.475812,,,,,,,,,,,,,,,,,,,,,,,,,,,,
108040502,3.57393e+07,11,个,0.8074,0.171807,0.807360,0.000119,0.014700,,,,,0.000022,,0.000023,,,,0.005606,,,,0.000004,,,,,0.000000,0.000161,0.000198,,,,,,
109022502,3.56962e+07,14,个,0.6624,0.020799,0.662356,0.015042,0.187657,0.009588,0.001501,,,0.059823,,0.002451,0.000625,0.000038,,0.038978,,,,,,,,,0.000877,0.000187,0.000078,,,,,,
106041099,3.55434e+07,13,个,0.6597,0.002671,0.659719,0.005300,0.042269,,0.000703,,,0.000004,0.000142,0.000896,,,0.000036,0.000812,,,,0.000000,,,,,0.287447,,0.000001,,,,,,
107030412,3.54942e+07,12,瓶,0.6210,0.033008,0.047719,0.004048,0.004704,,,,,0.000851,,0.287696,,,0.621025,0.000008,,,,0.000152,0.000406,,,,,0.000000,0.000382,,,,,,
306011003,3.54419e+07,6,笔,0.9328,,0.002265,0.063685,,,,0.000564,,,,,,,,0.000563,,,,,,0.932844,,,,,,0.000079,,,,,
306011001,3.53671e+07,9,UNKNOWN,0.5048,,0.000509,0.504804,,,,,0.135821,0.117504,,,,0.083659,,,0.105491,,,,,0.048141,,,,,,0.002799,,,,0.001272,
102049907,3.5356e+07,10,个,0.6670,0.321796,0.667002,,0.003910,,0.000074,,,,,0.002152,0.000068,,0.002104,,,,,0.000138,,,,,,0.002741,0.000016,,,,,,
106040901,3.479e+07,11,套,0.5212,0.000385,0.388760,0.005067,0.521250,,0.000146,,0.007482,0.006444,,0.000069,0.000383,,,0.069212,,,,,,,,,0.000802,,,,,,,,
109031900,3.46985e+07,12,OTHER,0.7473,0.005929,0.080545,0.001617,0.114187,,0.003442,0.000093,0.035506,0.747306,,,,0.002334,0.000111,0.007343,,,0.001587,,,,,,,,,,,,,,
103011500,3.46763e+07,11,千克,0.9794,0.979378,0.012184,0.001063,,,,,,0.000578,,0.000555,0.000457,,0.000976,,,,0.000723,0.001424,,,0.002048,,,,0.000613,,,,,,
109012804,3.45369e+07,11,个,0.5675,0.000377,0.567524,0.032498,0.394939,,0.000155,,0.002085,0.001025,,0.000840,0.000310,,0.000047,0.000203,,,,,,,,,,,,,,,,,
101011602,3.45161e+07,13,千克,0.7821,0.782105,0.021804,0.002574,0.000124,,,,,0.006617,,0.011501,0.056868,,0.009002,0.010402,,,0.000210,0.025313,,,0.005241,,,,0.068239,,,,,,
109021401,3.44894e+07,14,个,0.5152,0.004511,0.515150,0.069774,0.401560,,0.000435,,,0.000000,,0.000182,,,0.000098,0.004895,,,0.000027,0.001803,,,,,0.001556,0.000003,0.000005,,,,,,
108010402,3.42273e+07,14,千米,0.6100,0.058311,0.092391,0.010549,0.003462,,0.610001,0.001052,0.000158,0.011910,0.138533,0.056712,0.000437,,0.000402,0.013827,,,,,,,,,,,0.002256,,,,,,
108040402,3.41733e+07,18,个,0.8369,0.048047,0.836911,0.003959,0.099383,,0.000482,,0.000051,0.001429,0.003676,0.000543,0.000124,0.000120,0.000046,0.001790,,,0.000734,0.000019,,,,,0.000286,0.002300,0.000101,,,,,,
109020801,3.38385e+07,9,套,0.7442,0.016148,0.236629,0.000255,0.744174,,0.000065,,,,,,0.000904,,0.000009,,,,0.001812,,,,,,,0.000004,,,,,,,
109024612,3.37184e+07,9,个,0.5755,0.053368,0.575495,0.001442,0.306216,,,,,0.000990,,0.014014,,,0.009787,,,,,0.000916,,,,,,,0.037772,,,,,,
104010807,3.36506e+07,8,个,0.9339,0.029294,0.933914,0.000950,0.024664,,0.005805,,,0.005299,,0.000015,,,,,,,,,,,,,0.000060,,,,,,,,
109024508,3.35573e+07,15,个,0.7188,0.014845,0.718825,0.003111,0.074843,,0.000055,,,0.018884,,0.156555,0.001687,,0.000288,0.005674,,,0.000315,0.002455,,,,,0.000074,0.000060,0.002329,,,,,,
109062004,3.34154e+07,8,个,0.9806,0.003002,0.980604,0.010173,,,,,,0.000018,,0.000082,,,0.000138,0.000691,,,,,,,,,0.005291,,,,,,,,
106040111,3.32877e+07,22,个,0.5162,0.008886,0.516191,0.012402,0.111092,,0.000703,0.000617,,0.117615,0.000072,0.036399,0.018884,0.000179,0.053555,0.070533,0.000018,,0.002050,0.000022,0.000054,,,,0.000089,0.042805,0.007434,,,,0.000401,0.000001,
106050502,3.32834e+07,13,个,0.6316,0.177409,0.631610,0.000012,0.004114,,0.001388,,,0.000015,0.110104,,0.075321,,,0.000008,,,,0.000002,,,,,,0.000008,0.000004,,0.000004,,,,
106040103,3.31355e+07,18,套,0.4722,0.009918,0.467927,0.016650,0.472189,,0.000187,0.008589,,0.002899,0.001060,0.002747,0.001640,0.000029,0.000040,0.008633,,,0.000005,0.000124,,,,,0.003540,0.002175,0.001648,,,,,,
106051214,3.30143e+07,18,千克,0.9037,0.903686,0.012399,0.076171,0.002069,,0.000076,,,0.000070,0.000067,0.000347,0.000664,0.000049,0.000453,0.000193,,,0.000231,0.000208,0.000067,,,,0.000096,0.001720,0.001434,,,,,,
101011401,3.29286e+07,17,次,0.5062,0.020692,0.217072,0.156343,0.003059,,0.000146,0.004473,,0.057538,0.014507,0.000446,,0.506202,0.004996,0.004217,0.010081,,0.000040,,0.000152,,0.000010,,,,0.000027,,,,,,
109012607,3.26706e+07,6,个,0.7495,0.000434,0.749507,0.009307,0.196287,,,,,0.019258,,,,,,0.025207,,,,,,,,,,,,,,,,,
109021804,3.26682e+07,14,个,0.5970,0.154670,0.596951,0.017879,0.009130,,,,,0.019572,,0.079080,0.033715,0.000083,0.012561,0.000473,,,0.000241,0.011282,,,0.063965,,,,0.000398,,,,,,
109012605,3.2615e+07,6,个,0.6864,0.081838,0.686397,0.033131,0.194553,,,,,0.003568,,,,,,,,,,,,,,,,,0.000513,,,,,,
109020203,3.217e+07,9,个,0.5210,0.002842,0.521006,0.000156,0.459707,,0.013073,,,0.000966,0.000021,,,0.001352,,,,,,,,,,,0.000876,,,,,,,,
106010402,3.21267e+07,11,个,0.6480,0.264576,0.648037,0.000842,0.018683,,,,,0.000709,0.000179,,,0.000003,,0.053023,,,,,,,,,,0.008446,0.000247,,,,0.005255,,
109022810,3.1813e+07,5,个,0.9236,0.018837,0.923595,,0.056266,,0.001262,,,,,,,,,,,,,,,,,,0.000041,,,,,,,,
109011209,3.17611e+07,7,套,0.5942,0.004851,0.389691,0.001068,0.594165,,,,,,,,,,,0.010217,,,,0.000003,,,,,0.000005,,,,,,,,
109022802,3.1575e+07,11,个,0.7947,0.006135,0.794716,0.140439,0.027553,0.001971,0.000225,,,0.010820,,0.000063,,0.005115,,0.012906,,,,,,,,,0.000057,,,,,,,,
109024615,3.15215e+07,16,个,0.8223,0.002514,0.822346,0.002428,0.120962,,0.000152,,,0.007698,0.000338,0.011533,0.001032,0.000131,0.000078,,,,0.000011,0.004316,,,,,0.021619,0.000006,0.004836,,,,,,
109010514,3.14582e+07,13,个,0.7965,0.007800,0.796528,0.001579,0.160617,,0.006162,,0.000134,0.000372,,,0.016183,0.000035,,0.000102,,,0.000268,,,,,,0.010085,0.000136,,,,,,,
101011202,3.13434e+07,12,千克,0.9417,0.941690,0.002316,0.002785,0.016034,,,,,0.002514,,0.000480,0.006126,,0.000201,0.021176,,,,0.003759,0.000002,,,,,,0.002916,,,,,,
104011303,3.1284e+07,11,千克,0.4750,0.474961,0.037407,0.003729,0.030390,,0.304727,0.077751,,0.001466,0.000186,,,,,0.065959,,,,,,,,,0.003420,0.000004,,,,,,,
105011002,3.11162e+07,10,千克,0.6403,0.640264,0.218844,0.000482,0.015485,,,,,0.043823,,0.000008,0.002760,,,0.075599,,,,0.002426,,,,,,0.000308,,,,,,,
103020599,3.09253e+07,13,千克,0.5568,0.556811,0.280643,0.000532,0.013190,,,,,0.004158,,0.006616,0.081789,,0.042914,0.000233,,,0.000001,0.004787,,,0.008026,,,,0.000299,,,,,,
108011800,3.08731e+07,14,个,0.8318,0.029912,0.831760,0.005924,0.055064,,0.035897,0.000295,,0.039620,0.001239,0.000024,0.000042,0.000018,,0.000150,,,,,,,,,,0.000022,0.000033,,,,,,
109022005,3.08322e+07,6,个,0.9678,0.000046,0.967814,,0.030734,,0.000294,,,0.001048,0.000063,,,,,,,,,,,,,,,,,,,,,,
109061905,3.08306e+07,7,个,0.9917,,0.991702,0.000146,0.006894,,0.000487,,,0.000294,,,,,,,,,,,,,,,0.000301,,0.000177,,,,,,
107020405,3.0783e+07,7,千克,0.9697,0.969720,0.021168,,,,,0.001158,,0.000023,,,0.006395,,,0.001483,,,,0.000052,,,,,,,,,,,,,
109011104,3.07309e+07,11,套,0.4213,0.211963,0.340192,0.000046,0.421258,,0.025011,,,0.000646,,0.000042,0.000026,,,0.000212,,,,,,,,,,0.000598,0.000006,,,,,,
108040401,3.06915e+07,17,个,0.6130,0.241168,0.612979,0.005416,0.030096,,0.001600,,,0.009138,,0.000992,0.002471,0.000011,0.000000,0.094837,,,0.000041,0.000008,,,,,0.000343,0.000183,0.000351,,,,,,0.000365
102050505,3.06711e+07,9,千克,0.6895,0.689470,0.224326,0.003712,0.018076,,0.060509,,0.000870,,0.002440,,,,0.000025,,,,,,,,,,0.000572,,,,,,,,
101020203,3.0487e+07,6,千克,0.8027,0.802700,0.001024,0.073868,,,,0.122401,,,,0.000007,0.000000,,,,,,,,,,,,,,,,,,,,
109010510,3.04592e+07,8,个,0.9948,,0.994772,0.005051,0.000145,,0.000007,,,0.000003,,0.000007,,,,,,,,,,,,,0.000002,,0.000012,,,,,,
104020106,3.00839e+07,5,个,0.9739,,0.973935,0.000636,0.013957,,0.010805,,,,,,,,,0.000668,,,,,,,,,,,,,,,,,
101011201,3.00631e+07,14,千克,0.8094,0.809357,0.019351,0.013655,0.000006,,,,,0.000308,,0.000056,0.086491,,0.001820,0.036269,,,0.000688,0.030231,0.000112,,,,0.000023,,0.001632,,,,,,
109050703,2.99596e+07,9,个,0.5268,,0.526812,0.053476,0.412118,,,,0.000022,0.007340,,0.000007,,0.000009,,0.000051,,,,,0.000163,,,,,,,,,,,,
109061809,2.99395e+07,5,个,0.5530,,0.553034,0.002938,0.421607,,,,,0.022420,,0.000001,,,,,,,,,,,,,,,,,,,,,
109010706,2.99313e+07,8,个,0.9880,0.000077,0.987992,0.001128,0.005482,,0.001674,,,,,,,,,0.000802,,,,,,,,,0.002829,0.000016,,,,,,,
109024403,2.98431e+07,14,个,0.6707,0.000131,0.670728,0.002585,0.311470,,,,,0.000241,,0.001038,0.000158,,0.000560,0.006453,,,0.006305,0.000081,,,,,0.000039,0.000198,0.000012,,,,,,
108040501,2.94064e+07,12,个,0.9731,0.019280,0.973121,0.002057,0.004381,,0.000228,,,0.000226,,0.000042,,,,0.000060,,,0.000001,,,,,,0.000581,0.000022,0.000001,,,,,,
109060503,2.93883e+07,11,个,0.4898,0.000128,0.489821,,0.224464,,0.001321,,,0.000008,,0.053962,,,0.002925,0.217143,,,,0.005811,,,0.000184,,,,0.004232,,,,,,
109020101,2.91601e+07,9,套,0.3839,0.000202,0.220525,0.063235,0.383882,,0.157909,,,0.033044,,,,,,0.062665,,,0.000158,,,,,,0.078379,,,,,,,,
109012602,2.88729e+07,8,个,0.9038,0.000720,0.903796,0.000318,0.073802,,,,,0.002444,0.018102,,,0.000173,,,,,,,,,,,0.000644,,,,,,,,
103020502,2.88003e+07,12,袋,0.4568,0.048279,0.268202,0.001821,0.086997,,,,,0.001145,,0.070163,0.008255,,0.055976,,,,0.000059,0.456837,,,0.001319,,,,0.000945,,,,,,
108020403,2.86923e+07,9,千克,0.5981,0.598140,0.383992,0.001503,0.001428,,0.011170,,,0.000302,,,,,,,,,,,,,,,0.003380,0.000084,0.000000,,,,,,
109042605,2.86473e+07,11,OTHER,0.4270,0.233726,0.241653,0.004797,0.062843,,0.002280,,,0.427044,0.024325,,,0.000169,,0.000066,,,,,,,,,0.000008,0.003089,,,,,,,
109023802,2.84014e+07,8,个,0.7824,0.003717,0.782390,0.000176,0.210529,,0.001591,,,0.000144,,,,,,0.001088,,,,,,,,,0.000363,,,,,,,,
106051002,2.83259e+07,16,批,0.1800,0.071008,0.132549,0.012891,0.157094,,0.005441,0.015428,,0.148164,,0.000177,0.178490,0.003709,0.000042,0.180003,,,0.000061,0.000001,,,,,,0.094352,0.000589,,,,,,
108032301,2.83227e+07,10,套,0.4669,0.157159,0.356189,0.007087,0.466876,,0.003991,,,0.000658,,0.000006,,,,0.007226,,,,,,,,,0.000786,,0.000023,,,,,,
101010108,2.82614e+07,15,个,0.6525,0.221450,0.652482,0.005370,0.023749,,0.000977,,,0.001128,0.074792,0.000909,0.005412,0.000071,0.003049,0.003584,,,,0.006197,,,0.000121,,,,0.000709,,,,,,
109020502,2.8195e+07,11,个,0.6438,0.017464,0.643811,0.000032,0.082433,,0.178997,,,0.006126,0.007458,,,,0.000003,0.061681,,,0.000148,,,,,,0.001844,,,,,,,,
105010402,2.80734e+07,8,平方米,0.8061,,0.171291,0.017155,0.003024,,0.000527,0.001378,,0.000278,0.806079,,,,,,,,0.000267,,,,,,,,,,,,,,
107020218,2.80174e+07,4,千克,0.9967,0.996720,0.000113,,,,,,,0.002294,,,,,0.000874,,,,,,,,,,,,,,,,,,
109021802,2.80109e+07,9,套,0.5315,0.000948,0.454049,0.003691,0.531467,,0.004368,,,,,,,0.002605,0.000349,,,,,,,,,,0.002513,,0.000010,,,,,,
109012999,2.79855e+07,9,个,0.8259,0.084872,0.825926,0.000023,0.039927,,0.000429,,,0.003064,,,,,,,0.045338,,0.000336,0.000086,,,,,,,,,,,,,
302039900,2.79837e+07,11,批,0.7069,,0.011047,0.261963,0.003754,,,,,0.000085,0.000110,0.007976,0.001005,,0.000017,0.706914,0.006272,,,,0.000857,,,,,,,,,,,,
106051006,2.78818e+07,14,套,0.5792,0.031422,0.224449,0.008664,0.579223,,0.020558,,0.000165,0.026281,,0.012079,0.000270,,0.000000,0.011336,,,,,,,,,0.000042,0.085439,0.000074,,,,,,
107022306,2.76881e+07,9,个,0.9071,0.004097,0.907078,0.021096,0.000398,,,,,0.000669,,0.010720,,,0.049590,0.006332,,,0.000020,,,,,,,,,,,,,,
104010801,2.74907e+07,13,平方米,0.5445,0.005297,0.295539,0.000316,0.041461,,0.007210,,,0.024462,0.544502,,0.000167,0.000142,,0.059305,,,,0.000059,,,,,,0.013544,0.007995,,,,,,
107021903,2.74867e+07,9,千克,0.7977,0.797698,0.064363,,0.052663,,,0.080039,0.000760,0.000641,,0.000982,,,0.000704,,,,0.002151,,,,,,,,,,,,,,
107020501,2.7407e+07,10,千克,0.7996,0.799606,0.032664,0.008838,0.000024,,,,,0.048388,,,,,0.028921,0.002289,,,0.000362,0.064318,,,,,,,0.014592,,,,,,
109021902,2.73806e+07,7,个,0.8604,0.031233,0.860418,0.001902,0.075909,,0.003153,,,0.000208,,,,,,0.027177,,,,,,,,,,,,,,,,,
109060603,2.73473e+07,8,个,0.7636,,0.763583,0.039074,0.183096,,,,0.005532,0.008641,,0.000017,,0.000042,0.000015,,,,,,,,,,,,,,,,,,
109024801,2.72997e+07,4,个,0.5070,,0.506963,,0.492761,,,,,,,,0.000272,,,,,,,,,,,,0.000004,,,,,,,,
103011401,2.72544e+07,12,个,0.5263,0.046155,0.526277,0.019212,0.000145,,,,,0.000137,,0.173886,0.082206,,0.000159,,,,,0.151643,0.000136,,,,0.000026,,0.000018,,,,,,
107020227,2.72234e+07,11,千克,0.8723,0.872339,0.001975,0.000064,0.000020,,,0.002982,,0.035810,,0.013273,,,0.010808,,,,0.060614,0.001789,,,,,,,0.000324,,,,,,
109021402,2.72173e+07,13,个,0.8874,,0.887443,0.017988,0.030850,0.000427,0.046161,,0.003681,,,0.007182,0.002512,0.000081,,0.002016,,,,0.000319,,,0.001177,,,,0.000162,,,,,,
101011207,2.71555e+07,16,千克,0.8940,0.894028,0.002389,0.008926,0.000008,,0.000205,,,0.001472,,0.011572,0.000911,,0.000188,0.073837,,,,0.003835,0.000012,,0.000295,,0.000059,0.000989,0.001274,,,,,,
109060408,2.69453e+07,8,个,0.9640,,0.963988,0.000007,0.009466,,,,,0.006855,,0.000001,,,,0.019655,,,,,,,,,0.000027,0.000001,,,,,,,
106051003,2.68752e+07,9,个,0.8343,0.008984,0.834305,0.013000,0.128260,,,,,0.001762,,,,,0.000003,0.013038,,,,0.000064,,,,,,,0.000584,,,,,,
109051499,2.6777e+07,9,个,0.9406,,0.940615,0.007929,0.045754,,0.000193,,,0.004887,,0.000011,,0.000185,,,,,0.000363,,,,,,0.000063,,,,,,,,
109020406,2.67252e+07,12,个,0.4552,0.077090,0.455150,0.012951,0.352748,,0.056907,,,0.001154,0.034735,,0.000948,,,0.005796,,,,0.000107,,,,,,0.002034,0.000381,,,,,,
103010102,2.65943e+07,13,OTHER,0.4423,0.085796,0.063130,0.034853,0.000572,,,,,0.442250,,0.042118,0.170200,,0.000114,0.008660,,,0.001517,0.111500,,,0.000757,,,,0.038532,,,,,,
109011605,2.64416e+07,9,个,0.7690,0.012299,0.768960,0.098475,0.093926,,0.004094,,,0.003904,,,,0.000007,,0.018260,,,,,,,,,0.000076,,,,,,,,
106040605,2.64108e+07,8,个,0.5604,0.006594,0.560385,0.039132,0.261464,,,,,0.005539,0.077733,,,,,0.036097,,,,,,,,,0.013056,,,,,,,,
105010701,2.63745e+07,14,千克,0.2906,0.290611,0.124915,0.003630,0.028286,,0.186976,0.139278,,0.007004,0.176329,0.000003,0.002347,0.000087,,0.005686,,,,,,,,,0.000059,0.034789,,,,,,,
109023601,2.62507e+07,7,个,0.8703,0.009427,0.870312,,0.119342,,,,,,,0.000869,,0.000046,0.000002,,,,,0.000002,,,,,,,,,,,,,
106051105,2.59991e+07,7,个,0.8425,,0.842492,0.070220,0.000818,,,,,0.066932,,0.002643,,,0.000001,0.016892,,,,,,,,,,,,,,,,,
109062204,2.59931e+07,4,个,0.9032,,0.903213,0.007901,0.035384,,,,,0.053502,,,,,,,,,,,,,,,,,,,,,,,
106050212,2.59727e+07,12,个,0.6571,0.033894,0.657148,0.011362,0.175002,,0.049735,,0.004505,0.010130,0.014406,,,,,0.043552,0.000043,,,,0.000067,,,,0.000156,,,,,,,,
101011210,2.59641e+07,12,千克,0.6533,0.653341,0.001101,0.009156,,,,,,0.000400,,0.000035,0.299684,,0.000159,0.017546,,,0.000234,0.010521,,,0.000220,,,,0.007602,,,,,,
109022001,2.58991e+07,15,个,0.7056,0.008065,0.705567,0.005363,0.187680,,0.001643,,,0.078585,,0.000431,0.000500,0.000014,0.000443,0.002104,,,,0.000001,,,,,0.007428,0.001926,0.000252,,,,,,
107030603,2.58753e+07,10,千克,0.8357,0.835702,0.014763,0.000247,0.000271,,,,,0.000003,,0.022067,,,0.126787,,,,,0.000018,,,0.000075,,,,0.000067,,,,,,
109061805,2.55376e+07,2,个,0.9999,,0.999942,,0.000058,,,,,,,,,,,,,,,,,,,,,,,,,,,,
101010203,2.54665e+07,11,箱,0.5732,0.300138,0.006391,0.000918,0.094146,,,,,0.004011,,0.000028,0.573247,,0.001209,,,,0.000389,0.006655,,,,,,,0.012870,,,,,,
105010703,2.53916e+07,16,个,0.3900,0.006794,0.390046,0.118008,0.019346,,0.026930,0.206887,,0.000392,0.214528,0.000250,0.014602,,,0.000073,0.001846,,,0.000007,,,,,0.000154,0.000134,0.000003,,,,,,
301020202,2.53827e+07,7,千克,0.3813,0.381257,0.033209,0.379064,,,,,,0.044866,,,,0.112544,,,,,,,,,,,,,,0.001024,0.048035,,,,
109012806,2.53333e+07,10,个,0.5390,0.259431,0.539007,0.002279,0.078739,,,0.064416,0.013421,,,0.000020,,,0.023088,0.002572,,,0.017027,,,,,,,,,,,,,,
103011108,2.50819e+07,13,个,0.3568,0.030589,0.356793,0.049509,0.000128,,,,,0.000375,,0.046853,0.162686,,0.001674,,,,0.000140,0.222261,0.053998,,0.015064,,,,0.059932,,,,,,
103021203,2.50644e+07,14,千克,0.8149,0.814924,0.013729,0.003179,0.002085,,,,0.000067,0.020435,0.000259,0.060312,0.018628,,0.030183,0.005163,,,0.031033,,,,0.000001,,,,0.000003,,,,,,
109020207,2.50168e+07,11,个,0.4927,0.000561,0.492731,0.007491,0.486250,,0.005364,,,0.000252,,0.000002,,,,0.007322,,,,0.000007,,,,,0.000018,,0.000000,,,,,,
102020603,2.48121e+07,14,千克,0.6421,0.642107,0.048390,0.137767,0.002215,,,0.137019,,0.005794,,0.000151,0.000211,,0.007921,0.000901,,,0.013021,0.000018,,,,,,0.004454,0.000032,,,,,,
104011402,2.47876e+07,10,个,0.8980,0.002032,0.897972,0.056386,0.035602,,0.001766,,,0.003416,,0.000276,,,,0.002187,,,,,,,,,0.000291,0.000071,,,,,,,
101030106,2.47378e+07,8,千克,0.7136,0.713636,0.259712,0.022220,0.000002,,,,,,,0.000163,,,,,,,,0.002266,,,,,,0.000024,0.001977,,,,,,
106051303,2.46906e+07,11,个,0.9138,0.012022,0.913825,0.000632,0.000062,,,,,,,0.000010,,,0.070069,,,,0.003252,0.000033,,,0.000087,,0.000006,,0.000001,,,,,,
101011206,2.44743e+07,11,千克,0.9869,0.986948,0.000264,0.000166,,,,,,0.000206,,0.000107,0.003234,,0.000129,0.008269,,,,0.000635,0.000001,,,,,,0.000042,,,,,,
109025099,2.44544e+07,11,个,0.6435,0.020803,0.643462,,0.245130,,0.059037,0.022082,,0.001852,,0.000330,,,,0.000648,,,,,,,,,0.001472,0.005152,0.000032,,,,,,
109023607,2.4431e+07,6,个,0.9336,,0.933583,0.055487,0.009732,,,,,,,0.000014,0.001179,,,,,,,,,,,,0.000005,,,,,,,,
107020503,2.43821e+07,9,个,0.8168,0.174366,0.816753,0.001180,0.000001,,,0.006056,,,,0.000001,,,0.000053,,,,,0.001588,,,0.000002,,,,,,,,,,
109042104,2.43118e+07,5,个,0.9864,,0.986435,0.008250,0.004788,,,,,,,0.000432,,,,,,,,,,,,,,,0.000095,,,,,,
107021505,2.42886e+07,11,千克,0.7926,0.792639,0.176071,,0.012403,,0.000419,0.003455,,0.011703,,,0.001123,,0.000444,,,,0.000113,,,,,,0.000009,,0.001621,,,,,,
103021101,2.42427e+07,12,千克,0.8874,0.887448,0.021414,0.000180,0.000047,,,,,0.000039,,0.003808,,,0.012105,,,,0.001500,0.063049,,,0.001000,,0.004632,,0.004777,,,,,,
109062105,2.42158e+07,9,个,0.7580,0.007349,0.758004,0.018143,0.178674,,,,0.001528,0.000890,0.001334,,,,,0.032172,,,,,,,,,0.001906,,,,,,,,
108012105,2.41924e+07,10,个,0.7504,0.079274,0.750389,0.000698,0.115762,,0.014207,,,0.003985,,0.000980,,,,0.034648,,,,0.000056,,,,,,,0.000001,,,,,,
109024704,2.41118e+07,5,个,0.7727,,0.772662,0.002573,0.167688,,,,,,,0.057057,,,,,,,,,,,,,0.000021,,,,,,,,
108011402,2.39387e+07,12,套,0.9254,0.006291,0.036813,0.000214,0.925390,,0.000132,,,0.001420,0.028604,0.000042,0.000024,,0.000998,,,,0.000052,,,,,,,,0.000020,,,,,,
108050000,2.35142e+07,15,个,0.3693,0.304411,0.369270,0.004340,0.096377,,0.115861,,,0.000586,0.019966,0.045273,0.009048,,0.013111,0.018300,,,0.002178,,,,,,0.000008,0.001267,0.000005,,,,,,
306010800,2.34078e+07,7,UNKNOWN,0.7361,,,0.736069,,,,,0.115529,0.037262,,,,0.032897,,0.012658,0.024918,,,,,0.040667,,,,,,,,,,,
103010705,2.33997e+07,12,千克,0.6867,0.686709,0.019102,0.009743,,,,,,0.000434,,0.005974,0.037692,,0.009199,,,,0.005737,0.217678,0.000033,,0.000023,,,,0.007678,,,,,,
108011502,2.31981e+07,9,个,0.9698,0.005457,0.969766,0.001187,0.001241,,0.000398,,,0.000679,,,,,0.000028,0.021053,,,,,,,,,,0.000192,,,,,,,
106010401,2.3121e+07,16,个,0.4577,0.291271,0.457666,0.011459,0.023195,,0.002063,,,0.076376,0.000011,0.002497,0.016501,,,0.048083,,,,0.000025,0.007326,,0.022209,,,0.006145,0.025695,,,,0.009478,,
107030114,2.30402e+07,12,盒,0.3114,0.292181,0.023168,0.030021,0.007464,,,0.000521,,0.106938,,0.311356,,,0.216192,,,,0.007225,0.001348,,,0.003578,,,,0.000008,,,,,,
101030201,2.29862e+07,9,千克,0.8844,0.884373,0.011736,0.055375,,,,,,0.000123,,0.000031,0.005191,,,0.039687,,,,0.003195,,,,,,,0.000290,,,,,,
108032203,2.28655e+07,4,千克,0.9767,0.976743,0.001425,,,,0.020484,,,,0.001349,,,,,,,,,,,,,,,,,,,,,,
109061199,2.28576e+07,8,套,0.5619,,0.395639,0.000748,0.561911,,0.001651,,0.039415,,,,0.000087,,0.000360,,,,,,,,,,,0.000189,,,,,,,
108010307,2.28041e+07,12,个,0.8652,,0.865235,0.050495,0.066360,,0.000044,,0.000166,0.003284,,0.000042,0.000875,,,0.009502,,,,0.000015,,,,,0.003751,0.000230,,,,,,,
105010902,2.26861e+07,16,套,0.3352,0.075180,0.245614,0.013216,0.335155,,0.000039,0.008516,,0.028703,0.187442,0.001355,0.002936,,0.000008,0.065127,,,,0.000056,,,0.000000,,,0.034490,0.002163,,,,,,
109020807,2.25611e+07,15,个,0.4103,0.012763,0.410317,0.217144,0.075914,,0.003427,,,0.038824,0.003308,,0.000197,,,0.213558,0.003756,,0.000005,0.002842,,,,,0.002221,0.015722,0.000002,,,,,,
106050399,2.23689e+07,14,千克,0.4386,0.438598,0.274834,0.001778,0.018789,,0.000182,0.013695,,0.006375,0.227432,0.000477,,,0.000142,0.006242,,,0.010749,,,,,,0.000301,,0.000404,,,,,,
103040102,2.23684e+07,7,千克,0.9437,0.943735,0.012938,0.004018,,,,,,,,,,0.038268,0.000122,0.000898,,,,,,,,,,,0.000021,,,,,,
108012501,2.22799e+07,5,千克,0.9865,0.986499,0.010288,0.000062,0.001997,,0.001154,,,,,,,,,,,,,,,,,,,,,,,,,,
101011000,2.19681e+07,16,千克,0.6076,0.607616,0.109733,0.006678,0.001652,,0.040380,0.018557,,0.003331,0.052576,0.000543,0.003701,,0.078134,0.008300,,,,0.036200,,,0.003175,,,0.000189,0.029235,,,,,,
109042502,2.19623e+07,6,个,0.7580,0.068199,0.758006,0.001310,0.171811,,0.000099,,,0.000575,,,,,,,,,,,,,,,,,,,,,,,
107021615,2.1804e+07,1,千克,1.0000,1.000000,,,,,,,,,,,,,,,,,,,,,,,,,,,,,,,
102040112,2.16294e+07,5,千克,0.9998,0.999752,0.000053,,0.000109,,,,,,,,,,0.000070,,,,0.000016,,,,,,,,,,,,,,
109022805,2.15089e+07,5,个,0.9506,0.031590,0.950596,0.002425,0.002799,,,,,,,,,,,0.012591,,,,,,,,,,,,,,,,,
109031802,2.14647e+07,3,OTHER,0.8864,,,0.111066,,,,,0.002523,0.886411,,,,,,,,,,,,,,,,,,,,,,,
107021807,2.14567e+07,11,个,0.9571,,0.957113,0.002181,0.006765,,,,,0.007979,,0.002125,0.000025,0.000636,,0.000072,0.000172,,0.022631,,,,,,,,0.000300,,,,,,
109041206,2.1415e+07,9,个,0.9314,0.000017,0.931422,,0.052932,,0.000263,,,0.014264,,,,,,,,,0.000007,,,,,,0.000147,0.000014,0.000934,,,,,,
107030303,2.1392e+07,10,千克,0.6871,0.687053,0.040460,0.004499,,,0.001007,,,0.031817,,0.064534,,,0.009222,,,,,0.157226,,,0.003325,,,,0.000856,,,,,,
109024212,2.139e+07,3,套,0.8506,0.013834,0.135549,,0.850617,,,,,,,,,,,,,,,,,,,,,,,,,,,,
109030701,2.13419e+07,7,个,0.9160,,0.916013,0.064153,0.000375,,,,,0.012737,,,,0.000131,,0.006589,,,,,,,,,,,0.000002,,,,,,
109060402,2.12379e+07,13,千克,0.4593,0.459325,0.281621,0.001761,0.211376,,,0.032122,,0.000063,,0.001202,0.001413,0.000075,0.000042,,,,,0.000474,,,,,0.009015,0.001510,,,,,,,
106050307,2.11121e+07,9,千克,0.8870,0.887031,0.079561,0.002211,0.011164,,,,,0.000032,,,,,0.000104,0.016282,,,0.003555,,,,,,,0.000059,,,,,,,
109030602,2.10866e+07,2,个,0.7383,,0.738294,0.261706,,,,,,,,,,,,,,,,,,,,,,,,,,,,,
109022403,2.09408e+07,7,套,0.6673,0.000993,0.320860,0.002011,0.667290,,,,,0.002139,,,,,,0.003410,,,,,,,,,0.003296,,,,,,,,
102050515,2.08362e+07,7,千克,0.9057,0.905662,0.000366,0.000010,,,0.000068,,,0.000159,,,,,,,,,,0.093692,,,,,,,0.000044,,,,,,
109024306,2.08052e+07,14,UNKNOWN,0.4470,0.005512,0.240986,0.446984,0.165249,,,,,0.013662,,0.082949,0.003314,,0.006355,0.012081,,,0.001032,0.019690,,0.000002,,,0.000075,,0.002109,,,,,,
107051001,2.04106e+07,16,千克,0.6161,0.616061,0.254736,0.003130,0.009910,,0.051231,0.005622,,0.001303,0.044450,0.000096,,,0.000083,,,,0.000016,0.000055,,,0.000018,,0.007215,0.006069,0.000003,,,,,,
109020503,2.03128e+07,6,个,0.7035,,0.703537,,0.291955,,,,,0.001572,,,,0.000025,,0.001970,,,,,,,,,0.000942,,,,,,,,
103040203,2.01949e+07,13,个,0.9802,0.000049,0.980165,0.001892,0.000008,,,,,0.000906,,0.000736,,0.005511,0.000012,0.008485,,,,,,,,,0.000008,0.000037,0.001854,,0.000336,,,,
101011301,2.00982e+07,16,个,0.3250,0.013934,0.325022,0.270186,0.002037,,,,0.000339,0.159527,0.083086,0.068477,0.011111,0.002887,0.000563,0.051508,0.009484,,0.000003,,,,0.000489,,,,0.001347,,,,,,
109024616,2.00881e+07,8,个,0.9095,0.000074,0.909545,0.000488,0.085969,,,,,,,0.002066,0.000333,,,,,,,0.001251,,,,,,,0.000274,,,,,,
109023002,2.00254e+07,12,个,0.8601,0.000393,0.860140,0.015965,0.063804,,0.003602,,,0.005075,0.011785,0.001255,,,,0.009630,,,,,,0.000059,,,0.028256,0.000037,,,,,,,
106051005,2.00192e+07,7,个,0.9785,0.000852,0.978455,0.013245,0.003671,,,,,0.000895,,0.002842,,,,,,,,,,,,,,,0.000041,,,,,,
102040201,1.99819e+07,5,千克,0.9637,0.963705,0.035721,,0.000260,,,,,,,,0.000011,,0.000303,,,,,,,,,,,,,,,,,,
109030603,1.95355e+07,3,个,0.9461,,0.946139,,0.039855,,,,,,,,,,,,,,0.014005,,,,,,,,,,,,,,
109022004,1.94198e+07,10,个,0.7165,0.011016,0.716520,0.000137,0.240504,,0.018697,,0.009126,0.002760,,0.000004,,,,,,,,,,,,,0.000076,,0.001159,,,,,,
109031202,1.93319e+07,3,个,0.9990,,0.998962,0.000015,0.001024,,,,,,,,,,,,,,,,,,,,,,,,,,,,
109032302,1.93137e+07,8,个,0.8583,0.003481,0.858334,0.000710,0.136051,,0.000019,,0.000109,0.000005,0.001292,,,,,,,,,,,,,,,,,,,,,,
109024602,1.91939e+07,10,个,0.6997,0.000313,0.699680,0.002036,0.259502,0.024694,,,,0.002297,,0.004592,,,,,,,,0.000297,,,,,0.005364,,0.001226,,,,,,
109021901,1.91384e+07,6,个,0.9361,0.004093,0.936137,0.007446,0.050228,,,,,,,,,,,0.000669,,,,,,,,,0.001427,,,,,,,,
109062599,1.90647e+07,18,个,0.8196,0.057597,0.819583,0.001431,0.044952,,,,0.002487,0.000018,,0.000192,0.003387,0.000088,0.000913,0.003539,0.019008,,,0.000052,0.000273,,,,0.001391,0.042316,0.001700,,,,0.001072,,
106051203,1.90215e+07,18,个,0.4646,0.234606,0.464639,0.003066,0.004743,0.002155,0.000395,,,0.002037,0.234145,0.000245,0.000789,0.000410,0.000075,0.001740,,,0.003364,0.000406,,,,,0.000271,0.045875,0.001038,,,,,,
107021804,1.8972e+07,17,个,0.2773,0.057755,0.277348,0.002211,0.095642,,,0.185559,,0.066039,,0.000040,0.042421,,0.126844,0.018321,0.003061,,0.030458,0.030556,,,0.004847,,,0.057829,0.000826,,,,0.000243,,
109061609,1.89687e+07,5,个,0.9505,0.000827,0.950532,0.013586,0.035002,,,,,0.000053,,,,,,,,,,,,,,,,,,,,,,,
302030200,1.89155e+07,14,UNKNOWN,0.7543,0.010800,0.034691,0.754329,0.000285,,,,0.001073,0.078306,,0.002837,,0.002612,,0.013376,0.090503,,,0.000011,0.001692,0.005853,,,,,,0.003631,,,,,
108032414,1.88889e+07,4,千克,0.9987,0.998663,0.000461,0.000135,0.000741,,,,,,,,,,,,,,,,,,,,,,,,,,,,
107021808,1.88709e+07,11,个,0.6742,0.021239,0.674167,0.005564,0.004022,,0.147237,,,0.000106,,,,,,0.147269,,,0.000016,0.000151,,,,,,0.000120,0.000108,,,,,,
109012902,1.88438e+07,7,个,0.7333,0.006001,0.733289,,0.259689,,,,,,,0.000189,,0.000732,0.000063,,,,,,,,,,,,0.000037,,,,,,
109025105,1.8807e+07,9,OTHER,0.8837,,0.055282,0.024726,0.000367,,0.003366,,,0.883741,,,,0.000052,,0.001938,0.030520,,,0.000009,,,,,,,,,,,,,
107022699,1.87901e+07,10,千克,0.9846,0.984558,0.007590,0.007069,,,,,,0.000016,,0.000000,,,0.000147,,,,0.000573,0.000007,,,0.000040,,,,0.000000,,,,,,
108041107,1.83862e+07,11,千克,0.9834,0.983426,0.005541,0.000968,0.000054,,0.001731,,,0.000016,,,,,,,,,0.000181,0.000133,,,,,0.007919,0.000002,0.000029,,,,,,
108041108,1.8379e+07,13,千克,0.8696,0.869569,0.040000,0.002082,0.001485,,0.000166,,,0.005648,,0.000457,0.000029,,0.000059,0.000146,,,0.000021,,,,,,,0.080306,0.000031,,,,,,
109010404,1.82935e+07,10,UNKNOWN,0.4722,,0.308729,0.472248,0.134797,0.004017,0.019965,,0.005915,0.046194,0.008118,,,,0.000008,,,,,,,,,,0.000009,,,,,,,,
109011607,1.81721e+07,14,个,0.7575,,0.757490,0.001629,0.206112,,0.004008,0.000012,0.011806,0.002476,,0.000011,0.000013,0.000858,0.000017,0.001153,,,0.014080,,,,,,0.000336,,,,,,,,
106050801,1.81221e+07,12,个,0.5878,0.169085,0.587766,0.011548,0.191869,,,,,0.002471,0.002207,0.008543,0.017595,,,0.000183,,,,0.000059,,,0.000904,,0.007769,,,,,,,,
107021608,1.8096e+07,12,千克,0.8424,0.842371,0.004033,0.000058,0.000016,,,,,0.000128,,0.001891,0.149114,,0.000277,,,,0.001277,0.000004,,,0.000440,,,,0.000393,,,,,,
109031805,1.80634e+07,7,OTHER,0.6822,,0.024808,0.007861,0.175106,,,0.000078,0.108657,0.682157,,,,,,0.001333,,,,,,,,,,,,,,,,,
104030504,1.79949e+07,5,个,0.8860,0.038954,0.886032,0.000467,0.031627,,,,,0.042921,,,,,,,,,,,,,,,,,,,,,,,
109060806,1.79871e+07,6,个,0.9078,0.084932,0.907810,,0.007086,,,,,0.000020,,,0.000080,,,,,,,,,,,,0.000073,,,,,,,,
109062401,1.79302e+07,4,个,0.9764,,0.976367,0.000363,0.022266,,,,,0.001004,,,,,,,,,,,,,,,,,,,,,,,
103011301,1.78566e+07,12,千克,0.6703,0.670283,0.003537,0.000711,,,,,,0.128932,,0.078757,0.000370,,0.000048,0.004159,,,,0.013959,0.000095,,,,0.000008,,0.099143,,,,,,
109011107,1.78379e+07,6,个,0.9088,,0.908778,0.004859,0.081291,,0.000073,,,0.004974,,,,0.000024,,,,,,,,,,,,,,,,,,,
108041903,1.75862e+07,16,OTHER,0.6295,0.024210,0.291595,0.007224,0.038514,,0.000894,,0.000260,0.629488,,0.000139,0.001405,0.000042,0.000039,0.001319,,,0.000081,,,,,,0.003989,0.000120,0.000682,,,,,,
107021503,1.75559e+07,5,千克,0.9992,0.999235,0.000238,0.000000,0.000216,,,,,,,,,,,,,,0.000311,,,,,,,,,,,,,,
109051404,1.75039e+07,11,个,0.9691,0.001275,0.969126,0.000409,0.024523,,0.002368,,,0.000041,0.001678,,,0.000027,0.000002,0.000099,,,,,,,,,0.000451,,,,,,,,
101011208,1.74928e+07,15,千克,0.7351,0.735131,0.005392,0.007512,0.002879,,,,,0.000063,,0.000215,0.088060,,0.003234,0.130767,,,0.009627,0.000940,0.000057,,0.000027,,0.010275,,0.005819,,,,,,
109021809,1.74695e+07,12,个,0.4898,0.322978,0.489759,0.000069,0.000438,,,,,0.115829,,,0.000074,0.000149,,0.017670,,,,0.036589,0.015426,,0.000007,,,,0.001012,,,,,,
109023003,1.72729e+07,8,个,0.4809,0.327392,0.480852,0.029723,0.076726,,0.003964,,,0.000003,,,,,,0.081052,0.000289,,,,,,,,,,,,,,,,
109024304,1.6863e+07,7,个,0.8505,,0.850521,0.059502,0.050787,,0.008323,,,,,0.015628,,,,0.015160,,,,,,,,,0.000078,,,,,,,,
109042503,1.68517e+07,7,个,0.6523,0.001249,0.652343,0.000389,0.345383,,,,,0.000320,,,,,,,,,,,,,,,0.000006,0.000309,,,,,,,
102040304,1.68288e+07,5,千克,0.9994,0.999425,0.000555,,,,,,,0.000001,,0.000003,,,0.000016,,,,,,,,,,,,,,,,,,
102050700,1.67121e+07,16,个,0.3357,0.228186,0.335724,0.000472,0.045399,,0.004172,0.074697,,0.095612,0.070080,0.026447,0.102283,,0.000366,0.002477,,,,0.000473,,,,,0.000010,0.006474,0.007127,,,,,,
405990000,1.66907e+07,8,UNKNOWN,0.7309,0.234710,,0.730901,0.000011,,,,0.023507,,0.002002,,,0.007903,,0.000703,,,,,,,,,,,,0.000264,,,,,
107022305,1.66208e+07,10,瓶,0.4532,0.057966,0.144749,0.020198,0.162968,,,,,0.000020,,0.155715,0.004659,,0.453197,,,,0.000016,,,,0.000513,,,,,,,,,,
109011211,1.64807e+07,8,个,0.8867,,0.886695,,0.111425,,0.001011,,,0.000026,,0.000036,,,,0.000066,,,0.000564,,,,,,,,0.000177,,,,,,
108040599,1.64508e+07,5,个,0.6959,0.227173,0.695944,,0.075294,,,,,,,,,,,0.001568,,,,,,,,,,,0.000021,,,,,,
109021808,1.64331e+07,9,个,0.5052,0.001341,0.505245,0.006316,0.472766,,0.002945,,,0.001059,0.000079,,,,,,,,,0.004130,,,,,0.006121,,,,,,,,
109020404,1.63752e+07,12,个,0.8180,0.007422,0.818043,0.000018,0.148796,,0.009626,,0.000098,0.009899,0.002659,,,0.000219,,0.001500,,,,,,,,,0.000379,,0.001342,,,,,,
109024209,1.63468e+07,8,个,0.7057,,0.705679,0.005700,0.275214,,,,,0.002658,,0.007986,,,0.000180,,,,,,,,,,0.000095,,0.002488,,,,,,
103010907,1.61586e+07,11,千克,0.8069,0.806924,0.015489,0.039791,,,,,,0.000262,,0.000043,0.069557,,0.000102,,,,0.000962,0.008416,,,0.057980,,,,0.000476,,,,,,
103011104,1.61482e+07,12,盒,0.3730,0.264057,0.161075,0.002075,0.000140,,,,,0.006516,,0.372975,0.079726,,0.000366,,,,0.060100,0.037151,,,0.012081,,,,0.003738,,,,,,
109025303,1.58634e+07,14,个,0.8195,0.026587,0.819477,0.010163,0.041301,,0.038110,,0.002600,0.024005,,0.000066,,0.000160,0.003291,0.033049,,,,,,,,,0.000770,0.000304,0.000114,,,,,,
109020906,1.58491e+07,7,个,0.8265,0.012941,0.826481,0.011465,0.146553,,0.000473,,,0.000494,,,,,,,,,,,,,,,,0.001593,,,,,,,
102050402,1.5832e+07,8,千克,0.7637,0.763671,0.020203,0.020686,0.024658,,,,,,0.003316,,,,0.000001,,,,,0.167365,,,,,,,0.000101,,,,,,
109023603,1.5827e+07,9,个,0.8054,0.132964,0.805414,0.000784,0.053788,,0.000202,,,0.000248,,,,,0.000043,0.005261,,,,,,,,,0.001297,,,,,,,,
109021502,1.57487e+07,14,个,0.4820,0.000867,0.482024,0.016708,0.174502,,,,,0.041634,,0.132400,0.058355,,0.079281,0.000795,,,0.000379,0.006010,0.000106,,0.005075,,,,0.001865,,,,,,
103020999,1.56279e+07,14,箱,0.2416,0.109439,0.085377,0.113629,0.000001,,,,,0.007077,,0.082298,0.241630,,0.027622,0.234354,,,0.027052,0.039182,,,0.016508,,,0.000066,0.015766,,,,,,
106010105,1.5522e+07,10,千克,0.9632,0.963221,0.012602,0.001205,0.013950,,0.002284,,,0.006094,,0.000053,0.000552,,,,,,0.000015,,,,,,,,0.000023,,,,,,
104011403,1.55069e+07,13,个,0.6852,0.005659,0.685249,0.005271,0.010553,,0.044063,,,0.141954,,0.099368,0.000313,0.001219,,,,,,,,,0.000001,,0.004556,0.000001,0.001793,,,,,,
107040309,1.55032e+07,5,千克,0.9935,0.993526,0.005046,,0.000549,,,,,0.000097,,,0.000783,,,,,,,,,,,,,,,,,,,,
106050603,1.53555e+07,9,个,0.7487,0.051254,0.748705,,0.185597,,0.012135,,,0.001669,,0.000223,,,,0.000368,,,0.000032,,,,,,,,0.000018,,,,,,
109050603,1.53538e+07,13,个,0.5727,0.004402,0.572674,0.001421,0.044176,0.000799,0.255398,,,0.009212,,0.000031,0.004622,0.000442,,0.003820,,,,,,,,,0.102446,0.000556,,,,,,,
107030112,1.53007e+07,8,盒,0.9224,0.039802,0.024081,0.001422,,,,,,0.000846,,0.922400,,,0.010258,,,,,0.001161,,,,,,,0.000029,,,,,,
109022809,1.52752e+07,9,个,0.6461,0.040948,0.646148,0.000017,0.311342,,0.000162,,,0.000043,,0.001268,,,,,,,,,,,,,,0.000001,0.000071,,,,,,
109062702,1.52073e+07,13,个,0.9488,0.015586,0.948754,0.000978,0.011128,,,,,0.000965,,0.005074,0.000508,,0.000172,0.015847,,,,0.000015,,,,,0.000013,0.000209,0.000752,,,,,,
106040106,1.51817e+07,13,千克,0.6684,0.668394,0.219023,0.003734,0.030262,,,,,0.020648,,0.006202,0.001349,,0.039869,0.000130,,,0.000704,0.000418,,,,,,0.001387,0.007880,,,,,,
108013002,1.51589e+07,12,千克,0.3834,0.383405,0.058731,0.000570,0.000440,,,0.000653,,0.235806,0.000990,,0.000045,,,0.121312,,,0.000056,0.056543,,,,,,,0.141449,,,,,,
109022401,1.5156e+07,12,套,0.3250,0.288505,0.289727,0.018550,0.324980,,0.037917,0.002945,,0.000366,,0.000043,,0.000066,0.013586,0.022907,,,0.000407,,,,,,,,,,,,,,
109020803,1.51406e+07,9,个,0.5195,0.088321,0.519458,0.032429,0.223193,,,,,0.055414,,0.000001,,,,0.077656,,,0.000037,,,,,,0.003491,,,,,,,,
101030199,1.50788e+07,10,OTHER,0.7115,0.134145,0.073918,0.011513,,,,,,0.711542,,0.000157,0.060043,,0.000670,0.007627,,,,0.000102,,,,,,,0.000284,,,,,,
109023903,1.5042e+07,1,个,1.0000,,1.000000,,,,,,,,,,,,,,,,,,,,,,,,,,,,,,
103010906,1.50175e+07,13,千克,0.3847,0.384712,0.033767,0.162245,0.020992,,,,,0.005796,,0.186875,0.039861,,0.015275,0.004278,,,,0.020356,0.066995,,0.000204,,,,0.058643,,,,,,
109062701,1.49678e+07,14,个,0.9549,,0.954886,0.000493,0.038116,,0.000005,,0.001110,0.000541,,0.000430,0.000150,0.001557,0.000458,0.000469,,,,0.000003,,,,,,0.001658,0.000125,,,,,,
306011002,1.49545e+07,5,次,0.9204,,0.000379,0.077847,,,,,,,,,,0.920405,,0.000176,,,,,,,,,,,,0.001193,,,,,
108032204,1.49015e+07,3,OTHER,0.7368,0.263198,0.000041,,,,,,,0.736761,,,,,,,,,,,,,,,,,,,,,,,
109010303,1.4752e+07,8,套,0.4871,,0.472332,0.004135,0.487092,,0.000302,,0.010858,0.011461,,,,,,0.011502,,,,,,,,,0.002318,,,,,,,,
109061103,1.45511e+07,11,个,0.5634,0.010797,0.563379,0.161884,0.213103,,0.004390,,0.023608,0.004692,,0.000307,,,,,,,,,,,,,0.017766,0.000048,0.000025,,,,,,
109051505,1.42181e+07,7,个,0.8558,,0.855771,0.040468,0.018758,,,,,0.084938,,0.000006,,,,,,,,,,,,,,0.000058,0.000000,,,,,,
106040704,1.41471e+07,11,个,0.8232,0.000560,0.823179,0.040003,0.112888,,0.001027,,0.001240,0.010509,,0.000195,,0.007211,,0.003162,,,,,,,,,0.000025,,,,,,,,
106050301,1.40217e+07,12,个,0.7779,0.007269,0.777894,0.053364,0.059144,,,0.000246,,0.047632,,0.008550,0.000056,,0.001103,0.021606,,,0.015434,,,,,,0.007702,,,,,,,,
109021405,1.39941e+07,15,个,0.4331,0.325128,0.433058,0.000235,0.198756,0.008801,0.002144,,,0.000021,,0.000157,0.002487,0.000150,,0.017029,,,0.000102,0.000384,,,0.000576,,,,0.010971,,,,,,
109032000,1.3983e+07,7,UNKNOWN,0.4524,,0.056009,0.452362,0.082829,,,,,0.405847,,,,0.000879,,0.000830,,,0.001244,,,,,,,,,,,,,,
103011303,1.39705e+07,12,袋,0.4477,0.073970,0.043003,0.104713,,,,,,0.078738,,0.003782,0.101537,,0.088775,0.027893,,,0.004186,0.447653,,,0.000469,,,,0.025281,,,,,,
101020406,1.39495e+07,10,千克,0.9576,0.957625,0.000011,,0.000048,,0.008609,,,0.000080,0.026840,0.000203,0.000194,,0.006275,,,,,,,,,,,,0.000114,,,,,,
107050106,1.38801e+07,11,个,0.7729,0.189071,0.772868,0.002584,0.017562,,0.005125,,,0.001515,,0.000030,,,0.000042,,,,0.009700,,,,,,0.000285,0.001217,,,,,,,
302010101,1.38564e+07,5,份,0.4989,,0.020250,0.456758,,,,,0.023957,,,,,0.000087,,,,,,,0.498949,,,,,,,,,,,,
302030100,1.38365e+07,8,UNKNOWN,0.3333,0.009760,0.283374,0.333346,0.328272,,,,,0.006554,0.000156,0.000234,,0.038304,,,,,,,,,,,,,,,,,,,
102050205,1.36453e+07,12,平方米,0.3685,0.137196,0.117528,0.007409,,,0.051349,0.227215,,0.089557,0.368506,0.000034,,,0.000018,0.000500,,,,0.000599,,,,,,,0.000088,,,,,,
109042304,1.35506e+07,8,个,0.6580,,0.657998,0.000913,0.046220,,0.001843,,,0.003747,,0.000209,,0.000139,,0.288931,,,,,,,,,,,,,,,,,
109022102,1.35049e+07,6,个,0.5236,0.004499,0.523582,,0.212874,,,,,0.190119,0.061915,,,,,0.007010,,,,,,,,,,,,,,,,,
106010509,1.34018e+07,10,千克,0.9004,0.900431,0.055161,0.000014,0.000010,,,,,0.004695,,,0.000239,,0.000010,0.021090,,,,,,,,,,0.017722,0.000628,,,,,,
101011212,1.33464e+07,12,千克,0.6886,0.688565,0.040842,0.010173,,,,,,0.096856,,0.020371,0.056560,,0.001347,,,,0.002213,0.060908,,,0.000778,,,0.000005,0.021382,,,,,,
109060802,1.33009e+07,8,个,0.7327,0.194068,0.732671,0.011567,0.057018,,,,,0.000068,,0.000124,,0.000063,,0.004421,,,,,,,,,,,,,,,,,
109022806,1.3167e+07,7,个,0.8444,,0.844417,0.057653,0.096102,,0.000046,,,,,,,,,0.000304,,,,,,,,,0.000055,0.001424,,,,,,,
109020908,1.31608e+07,3,套,0.9042,0.005200,0.090551,,0.904249,,,,,,,,,,,,,,,,,,,,,,,,,,,,
101030299,1.31134e+07,8,千克,0.4534,0.453419,0.427044,0.073756,,,,,,,,0.003408,0.000856,,,0.026258,,,,0.000275,,,,,,,0.014984,,,,,,
107022603,1.30855e+07,3,千克,0.9998,0.999751,0.000237,,,,,,,,,0.000012,,,,,,,,,,,,,,,,,,,,,
109022901,1.30849e+07,8,个,0.9652,0.000358,0.965249,0.000116,0.029760,,,,,0.000663,,0.000009,,,,0.002592,,,,,,,,,0.001253,,,,,,,,
109020206,1.30551e+07,5,个,0.8235,,0.823535,0.012773,0.153202,,,,,,0.000150,,,,,0.010341,,,,,,,,,,,,,,,,,
109024402,1.28503e+07,11,个,0.5028,0.000097,0.502817,0.001200,0.483212,,,0.000163,,0.000065,,0.000104,,0.000012,0.011196,,,,,0.000479,,,,,,,0.000653,,,,,,
108031299,1.27801e+07,2,千克,0.9990,0.999000,0.001000,,,,,,,,,,,,,,,,,,,,,,,,,,,,,,
109024609,1.27468e+07,10,个,0.4671,0.042649,0.467142,,0.005193,,,0.438819,,0.000306,,0.039423,,,0.005356,0.000016,,,0.000193,,,,0.000904,,,,,,,,,,
109023901,1.27457e+07,4,套,0.8968,,0.094664,,0.896775,,0.007561,,,,,,,,,0.001001,,,,,,,,,,,,,,,,,
106050208,1.2511e+07,10,千克,0.5174,0.517428,0.414467,0.000255,0.010336,,0.032448,,,0.003000,0.000005,0.000037,,,0.000052,0.021972,,,,,,,,,,,,,,,,,
109021599,1.24467e+07,13,个,0.7038,0.000054,0.703777,0.015535,0.174922,,0.007807,,,0.008306,,0.009052,0.000085,0.013733,0.000036,0.000040,,,0.005144,,,,,,,0.061507,,,,,,,
102020602,1.24333e+07,13,个,0.7663,0.084638,0.766263,0.046228,0.069363,,0.005787,,,,0.014300,0.000003,0.000281,0.000429,0.000150,0.007816,,,0.004626,,,,,,,,0.000115,,,,,,
109060903,1.24332e+07,6,个,0.5844,,0.584449,0.075106,0.332209,,,,0.001046,,,,,,0.000193,0.006997,,,,,,,,,,,,,,,,,
109022601,1.24067e+07,11,个,0.6814,0.008284,0.681367,0.024119,0.183309,,,,,0.006369,,0.006469,0.002162,,0.067221,,,,0.010061,0.003270,,,,,,,0.007368,,,,,,
109060507,1.23546e+07,10,个,0.6147,0.066485,0.614655,0.004895,0.182055,,,,,0.075544,,0.045132,0.001159,,0.003023,,,,,0.005822,,,,,,,0.001230,,,,,,
103020506,1.23409e+07,13,瓶,0.2286,0.068799,0.176099,0.001558,,,,,,0.003192,,0.033961,0.218316,,0.228611,0.004081,,,0.139447,0.013925,,,0.101846,,,,0.002711,,0.007455,,,,
106050899,1.23182e+07,11,个,0.6667,0.028342,0.666678,0.130267,0.008327,,0.001413,,,0.000714,0.017760,0.003517,,0.128866,,0.009684,,,,,,,,,0.004431,,,,,,,,
109020805,1.22434e+07,9,个,0.9263,0.002493,0.926288,0.000855,0.069021,,,,0.001194,0.000069,,,0.000023,,0.000003,,,,0.000054,,,,,,,,,,,,,,
109020604,1.21841e+07,7,千克,0.6295,0.629503,0.321006,0.002535,0.040483,,,,0.000008,0.006303,,,,,0.000162,,,,,,,,,,,,,,,,,,
109061004,1.20842e+07,7,套,0.5269,0.000490,0.467376,0.004691,0.526867,,,,,0.000025,,,,,,0.000484,,,,,,,,,0.000067,,,,,,,,
101011902,1.20279e+07,3,千克,0.9977,0.997678,0.000047,0.002275,,,,,,,,,,,,,,,,,,,,,,,,,,,,,
109025001,1.19713e+07,7,个,0.9073,0.028443,0.907297,,0.035378,,0.025551,,,0.001844,,0.000084,,,,,,,,,,,,,0.001403,,,,,,,,
110020103,1.19563e+07,2,个,0.9891,0.010877,0.989123,,,,,,,,,,,,,,,,,,,,,,,,,,,,,,
109020409,1.19152e+07,4,个,0.5651,,0.565069,,0.426843,,0.008057,,,,,,,,0.000031,,,,,,,,,,,,,,,,,,
104030402,1.18576e+07,14,个,0.5357,0.000112,0.535720,0.025226,0.000842,,0.001525,,,0.040302,0.014970,0.000996,0.000175,,,0.002934,,,,0.000446,,,,,0.288714,0.000978,0.087061,,,,,,
109031806,1.18267e+07,3,OTHER,0.9850,,0.014423,,0.000592,,,,,0.984985,,,,,,,,,,,,,,,,,,,,,,,
108031302,1.1788e+07,4,千克,0.9859,0.985937,0.013592,,,,,,,,,0.000333,,,0.000138,,,,,,,,,,,,,,,,,,
108032208,1.17128e+07,3,个,0.9989,0.001067,0.998916,,,,,,0.000017,,,,,,,,,,,,,,,,,,,,,,,,
103010903,1.16009e+07,12,千克,0.4635,0.463474,0.102663,0.003362,,,,,,0.017509,,0.006315,0.162652,,0.004760,0.007193,,,0.000033,0.146995,,,0.009791,,,,0.075251,,,,,,
109030200,1.15986e+07,9,个,0.9738,,0.973772,0.000870,0.009867,0.004213,,,,0.000904,,0.004371,,,0.000246,0.001338,,,,,,,,,0.004419,,,,,,,,
109024706,1.14377e+07,5,个,0.4737,,0.473728,0.085774,0.421865,,,,,,,0.018608,,,,,,,,,,,,,,,0.000026,,,,,,
106040107,1.14124e+07,16,个,0.5423,0.215213,0.542330,0.019272,0.067663,,0.020777,,,0.010202,0.001712,0.098375,0.002771,,0.000067,0.002455,,,0.000072,0.001510,,,,,0.000165,0.006096,0.011319,,,,,,
107030107,1.13622e+07,11,OTHER,0.7891,0.039605,0.038180,0.001981,0.004174,,,,,0.789070,,0.124013,0.000510,,0.002376,,,,0.000069,0.000009,,,,,,,0.000012,,,,,,
109012805,1.13077e+07,3,套,0.4466,0.349327,0.204040,,0.446633,,,,,,,,,,,,,,,,,,,,,,,,,,,,
101011908,1.1262e+07,3,千克,0.9793,0.979302,0.004684,,,,,,,,,,,,,,,,,,,,0.016014,,,,,,,,,,
109042506,1.12371e+07,9,个,0.8326,,0.832584,0.032256,0.081590,,0.000408,,,0.042116,,,0.000285,,,0.000686,,,,,,,,,0.009257,0.000819,,,,,,,
103020903,1.11388e+07,12,个,0.4070,0.040248,0.406968,0.001057,0.000042,,,,,0.004518,,0.047866,0.354304,,,,,,0.000057,0.137501,,,0.000096,,,0.000906,0.006436,,,,,,
302010199,1.10719e+07,8,UNKNOWN,0.7413,,0.075441,0.741347,,,,,0.000119,0.025712,,,,0.000353,,0.091615,0.007044,,,,0.058369,,,,,,,,,,,,
109010704,1.10296e+07,7,个,0.9430,,0.943048,0.001348,0.034151,,0.011046,,,0.009147,,,0.000649,,,,,,,,,,,,0.000611,,,,,,,,
109031804,1.10277e+07,10,OTHER,0.4458,0.005245,0.149388,0.000005,0.016020,,,,0.383088,0.445806,,0.000027,0.000044,,,,,,,,,,,,0.000262,0.000113,,,,,,,
104020406,1.10272e+07,4,个,0.9986,,0.998629,,0.001348,,,,,,,,,,,,,,,0.000017,,,,,,,0.000007,,,,,,
109032101,1.09481e+07,7,个,0.6233,0.000274,0.623309,,0.158215,,,,,0.034359,0.002113,0.000013,,,,0.181717,,,,,,,,,,,,,,,,,
110020201,1.09393e+07,5,立方米,0.5120,0.463555,,0.023767,,,,0.512018,,,,,,,0.000006,,0.000654,,,,,,,,,,,,,,,,
106041007,1.09251e+07,9,批,0.7025,,0.202881,0.017648,0.076350,,0.000050,,0.000454,0.000039,,0.000027,,,,0.702545,,,,,,,,,0.000005,,,,,,,,
106041003,1.08639e+07,12,个,0.7430,0.189552,0.742951,0.001397,0.009280,,,,,0.004130,,0.000138,0.000423,0.000194,,0.018423,0.000391,,,,,,,,0.032943,,0.000179,,,,,,
109050202,1.08573e+07,9,个,0.9514,,0.951393,0.000338,0.028744,,0.010665,,0.000746,0.002923,,0.000172,,0.004948,,,,,,,,,,,,,0.000071,,,,,,
109021602,1.08468e+07,9,个,0.6922,,0.692180,0.007175,0.291976,,0.003786,,,0.000068,,,,,0.000909,0.002365,,,,0.000708,,,,,0.000834,,,,,,,,
102050406,1.08445e+07,8,千克,0.9396,0.939552,0.043131,0.005676,0.005164,,0.000314,0.002577,,,,,,,0.000002,0.003583,,,,,,,,,,,,,,,,,
109060902,1.08027e+07,5,套,0.5890,,0.357347,0.014117,0.588953,,,,,,,,,,,0.036739,,,,,,,,,,0.002843,,,,,,,
109062502,1.08009e+07,9,个,0.8822,0.090733,0.882223,0.000551,0.018740,,,,,,,,0.004321,,0.000013,0.002594,,,0.000176,,,,,,,0.000650,,,,,,,
109031500,1.05301e+07,7,个,0.9039,0.056028,0.903855,0.010898,0.000427,,,,,0.001046,,0.003711,,,,,,,,,,,,,0.024034,,,,,,,,
304070301,1.04599e+07,5,UNKNOWN,0.9489,,0.023874,0.948936,0.023901,,,,,,,,,0.000229,,,0.003059,,,,,,,,,,,,,,,,
101010799,1.0368e+07,11,千克,0.6611,0.661141,0.044049,0.000312,,,,,,0.002682,,0.010778,0.034694,,0.028704,,,,0.000027,0.150667,0.002170,,,,,,0.064776,,,,,,
109042306,1.0249e+07,8,个,0.9294,,0.929420,0.002179,0.065441,,0.001121,,,0.000992,,,0.000607,0.000034,,0.000206,,,,,,,,,,,,,,,,,
104011301,1.02103e+07,11,个,0.6934,0.245391,0.693437,0.000352,0.022053,,0.012687,,,0.005084,,0.009604,,,,,,,0.001814,0.000027,,,,,0.008416,,0.001134,,,,,,
107020219,1.0191e+07,3,千克,0.9992,0.999211,0.000310,,,,,,,,,,,,0.000479,,,,,,,,,,,,,,,,,,
108010705,1.01802e+07,14,平方米,0.6923,0.123067,0.128443,0.021020,0.000722,,0.010538,0.004578,,0.008571,0.692304,0.000736,0.009823,,,,,,0.000051,0.000021,,,,,0.000057,,0.000068,,,,,,
109020802,9.95355e+06,6,个,0.7598,0.101237,0.759765,,0.134629,,0.004088,,,0.000040,,,,,,,,,,,,,,,0.000241,,,,,,,,
306010200,9.9398e+06,3,UNKNOWN,0.9645,,,0.964472,,,,,,,,,,0.029492,,0.006036,,,,,,,,,,,,,,,,,
109021801,9.91133e+06,7,个,0.9719,0.000561,0.971927,,0.021974,,0.002300,,,0.002421,,,0.000029,,,,,,,,,,,,0.000787,,,,,,,,
109022817,9.90793e+06,4,个,0.8110,0.000268,0.810988,0.000523,0.188222,,,,,,,,,,,,,,,,,,,,,,,,,,,,
109023208,9.87581e+06,8,个,0.9494,0.000105,0.949374,0.000254,0.049201,,0.000174,,,0.000573,0.000304,0.000016,,,,,,,,,,,,,,,,,,,,,
109022602,9.8112e+06,11,个,0.8858,,0.885827,0.000323,0.099390,,0.000398,,,0.002904,,0.001272,0.009591,,0.000125,,,,0.000153,0.000015,,,,,0.000002,,,,,,,,
106051108,9.79951e+06,1,个,1.0000,,1.000000,,,,,,,,,,,,,,,,,,,,,,,,,,,,,,
109061003,9.78952e+06,5,套,0.7703,,0.201810,0.024965,0.770298,,0.000004,,,,,,,0.002921,,,,,,,,,,,,,,,,,,,
109041304,9.68741e+06,4,个,0.5964,,0.596406,0.062288,0.340830,,,,,0.000476,,,,,,,,,,,,,,,,,,,,,,,
303020500,9.66219e+06,4,个,0.8690,,0.869032,0.089296,0.019340,,,,,,,,,0.022332,,,,,,,,,,,,,,,,,,,
103011103,9.61096e+06,11,箱,0.3257,0.029094,0.319653,0.002270,,,,,,0.001012,,0.013198,0.325677,,0.171151,,,,0.066257,0.014083,,,0.036899,,,,0.020705,,,,,,
103010908,9.53936e+06,12,瓶,0.4379,0.406297,0.011127,0.020052,0.001656,,,,,,,0.101997,0.008111,,0.437900,,,,0.002433,0.009360,,,0.000252,,0.000308,,0.000506,,,,,,
304040600,9.49022e+06,6,批,0.5105,,0.082828,0.008468,,,,,,0.000495,,,,,,0.510485,0.255379,,,,,,,,,,,,0.142346,,,,
109023004,9.43928e+06,9,OTHER,0.5600,0.000500,0.331791,0.000099,0.092856,,0.011081,,,0.560040,0.000203,,,,,,,,,,,,,,0.003080,,0.000349,,,,,,
109024605,9.41397e+06,5,套,0.5816,,0.230655,,0.581554,,,,,,,0.187381,,,,,,,,0.000403,,,,,0.000008,,,,,,,,
109024603,9.3826e+06,4,个,0.9612,,0.961191,0.003517,0.034958,,,,,,,,,,,,,,,,,,,,,,0.000333,,,,,,
109061502,9.29456e+06,3,个,0.9686,,0.968586,0.030463,0.000951,,,,,,,,,,,,,,,,,,,,,,,,,,,,
102050512,9.17221e+06,3,千克,0.9726,0.972628,0.000138,,,,,,,,,,,,,,,,,,,,,,,0.027234,,,,,,,
102050503,9.15728e+06,6,千克,0.8491,0.849095,0.123280,0.015629,0.008975,,0.002392,,,,,,,,0.000629,,,,,,,,,,,,,,,,,,
106051302,8.9964e+06,5,个,0.6705,0.280781,0.670526,0.041200,0.007476,,,,,,,,,,,,,,,0.000017,,,,,,,,,,,,,
103011105,8.9412e+06,12,盒,0.2639,0.235980,0.042931,0.006570,0.009757,,,,,0.071808,,0.263936,0.106829,,0.031919,,,,0.006024,0.203825,,,0.001874,,,,0.018546,,,,,,
109013599,8.7785e+06,9,个,0.6610,0.147941,0.661046,0.001480,0.180348,,0.004386,,,0.000129,,0.000013,,0.004643,,,,,,,,,,,0.000015,,,,,,,,
108010803,8.77548e+06,8,平方米,0.8643,0.055319,0.028663,,0.000113,,0.008245,,,0.000245,0.864333,,,,,,,,,,,,,,,0.038271,0.004809,,,,,,
109020205,8.77213e+06,5,个,0.9258,,0.925838,0.000426,0.035961,,,,,0.000185,,,,,,,,,,,,,,,,,0.037590,,,,,,
107020239,8.65858e+06,2,千克,0.9998,0.999766,,,,,,,,,,,,,0.000234,,,,,,,,,,,,,,,,,,
109020810,8.56998e+06,6,个,0.9445,,0.944532,0.009755,0.025031,,,,,,0.020151,0.000503,,,,,,,0.000028,,,,,,,,,,,,,,
109024803,8.46385e+06,10,个,0.5197,0.141842,0.519747,0.001939,0.330412,,0.000111,,,,,0.000280,,0.000059,0.000104,0.004061,,,,,,,,,0.001444,,,,,,,,
103011402,8.4311e+06,9,个,0.4065,0.286098,0.406475,0.023305,0.071070,,,,,0.000027,,0.178971,0.029912,,,,,,,0.001133,,,,,,,0.003008,,,,,,
109010708,8.39817e+06,7,个,0.9701,0.000172,0.970148,,0.015434,,0.003725,,,,,0.009883,,,0.000595,,,,,,,,,,,0.000043,,,,,,,
109011210,8.36245e+06,10,个,0.5850,,0.585007,0.000239,0.398612,,0.000008,,0.000114,0.001187,,,,0.000502,,0.006852,,,,,,,,,0.002124,0.005355,,,,,,,
109022702,8.34993e+06,14,个,0.5300,0.057383,0.530008,0.002471,0.229173,,0.000149,,,0.099588,,0.013605,0.002448,,0.000257,0.000765,,,,0.000013,,,,,0.000230,0.049641,0.014268,,,,,,
101020408,8.13681e+06,6,千克,0.8168,0.816845,0.000144,,,,,,,0.181008,,0.000437,,,,,,,,,,,0.000034,,,,0.001531,,,,,,
107060307,8.11334e+06,4,个,0.8504,0.141365,0.850353,0.002157,0.006124,,,,,,,,,,,,,,,,,,,,,,,,,,,,
101010701,8.11256e+06,9,千克,0.4886,0.488562,0.002620,0.002451,0.008407,,,,,,,0.009161,0.000127,,0.002532,,,,,0.485900,,,,,,,0.000238,,,,,,
106020599,8.10473e+06,14,个,0.3674,0.027465,0.367446,0.012343,0.061815,,0.003906,,,0.000925,0.362186,0.000418,,,0.000025,0.161191,,,0.000033,,,,,,0.002212,0.000017,0.000018,,,,,,
109040303,8.10281e+06,5,个,0.9061,,0.906140,0.001205,0.092570,,,,,0.000060,,,,,,0.000026,,,,,,,,,,,,,,,,,
109061303,8.06271e+06,3,个,0.6228,,0.622817,,0.367211,,,,0.009972,,,,,,,,,,,,,,,,,,,,,,,,
109061201,7.9739e+06,10,套,0.5240,,0.375205,0.062876,0.524029,,,,,0.006020,,0.000059,,,0.000091,0.021458,,,,,0.003198,,,,,0.000082,0.006983,,,,,,
106050308,7.94334e+06,10,个,0.8474,0.119687,0.847384,0.001983,0.000126,,,,,0.003282,,0.000015,0.000014,,0.000242,,,,0.027218,,,,,,,,0.000049,,,,,,
302010300,7.92581e+06,7,UNKNOWN,0.9018,,0.019552,0.901763,0.003017,,,,,0.000017,0.006408,0.000780,,,,,,,,,0.068462,,,,,,,,,,,,
501010300,7.89068e+06,5,UNKNOWN,0.6907,,0.011639,0.690734,,,,,0.010139,,0.272473,,,,,,0.015015,,,,,,,,,,,,,,,,
107021803,7.84491e+06,12,OTHER,0.6240,0.123919,0.113133,0.000051,,,0.000323,,,0.624022,0.037343,0.001456,0.000770,,0.004138,,,,,0.001997,,,,,,0.090832,0.002016,,,,,,
106050604,7.7145e+06,10,个,0.3830,0.238266,0.382952,,0.031441,,0.232792,,,0.000635,,0.000000,0.001887,,,0.094337,,,,,,,,,,0.000260,0.017429,,,,,,
109010607,7.68601e+06,8,个,0.9447,,0.944668,0.004759,0.048658,,,,,0.000422,,,,,0.000005,,,,0.000494,,,,,,0.000593,0.000400,,,,,,,
109061009,7.44328e+06,8,个,0.3751,,0.375051,0.002582,0.224443,,0.005441,,0.053605,0.182998,0.155843,,,,,,,,,,,,,,0.000038,,,,,,,,
109061701,7.42008e+06,12,套,0.5483,0.006770,0.424899,,0.548266,,0.007637,,,0.000142,,0.000887,,0.005084,0.000116,0.005883,,,,,,,,,0.000067,0.000027,0.000224,,,,,,
103011404,7.30615e+06,11,个,0.3177,0.119859,0.317673,0.003705,,,,,,0.001289,,0.190414,0.145897,,0.105208,,,,0.027492,0.069511,,,0.000072,,,,0.018878,,,,,,
301030200,7.29788e+06,6,次,0.8617,0.009112,,0.022886,,,,,0.102934,,,,,0.861726,,0.000699,,,,,,0.002643,,,,,,,,,,,
109021601,7.27974e+06,9,个,0.6494,,0.649446,0.009815,0.174556,,0.001887,,,0.046156,,,,0.000473,0.000014,0.116076,,,,,,,,,0.001580,,,,,,,,
107021610,7.27041e+06,6,千克,0.9963,0.996336,0.002089,,0.001114,,,,,,,,,,0.000451,,,,,,,,0.000003,,,0.000007,,,,,,,
105011004,7.26628e+06,9,个,0.5006,0.335511,0.500636,,,,,,,0.147550,0.005615,,,,0.000017,,,,0.000017,0.000505,,,,,,0.009810,0.000338,,,,,,
101011904,7.18895e+06,6,千克,0.8855,0.885494,0.029990,,,,,,,0.000263,,,,,0.003627,,,,0.000004,0.080623,,,,,,,,,,,,,
109060303,7.15168e+06,5,套,0.5129,,0.201636,0.000142,0.512925,0.129072,,,,0.156224,,,,,,,,,,,,,,,,,,,,,,,
105010509,7.10334e+06,10,个,0.3644,0.046202,0.364352,0.044724,0.068470,,0.068683,0.236176,,0.000521,0.042061,,,,,0.126962,,,,,,,,,0.001848,,,,,,,,
108011203,7.02341e+06,15,个,0.8128,0.027572,0.812770,0.005347,0.112302,,0.006151,,,0.004571,,0.012356,0.008564,,0.000882,0.002020,,,0.000177,0.000275,,,,,0.000142,0.001393,0.005479,,,,,,
107030604,6.98154e+06,6,个,0.4361,0.146905,0.436064,0.000132,,,,,,0.011901,,0.181607,,,0.223392,,,,,,,,,,,,,,,,,,
106041008,6.9525e+06,11,副,0.4951,0.007327,0.222432,0.114299,0.051068,,,,,0.002315,,0.028069,,0.000014,,,,,,0.000056,,,,,0.495105,,0.000180,0.079135,,,,,
306010902,6.94082e+06,6,UNKNOWN,0.8870,,0.001428,0.887033,,,,0.000983,,0.065057,,,,,,0.010085,,,,,,0.035414,,,,,,,,,,,
109025002,6.88916e+06,9,个,0.5340,,0.533998,,0.221406,,0.000450,,,0.109801,,0.001497,,,0.000037,0.130792,,,0.000328,,,,,,,,0.001691,,,,,,
106051007,6.88151e+06,16,个,0.4624,0.225428,0.462351,0.001812,0.252045,,0.008138,,,0.017500,0.000315,0.003417,0.002560,0.014750,0.002129,0.007041,,,,0.000047,0.000005,,,,0.000089,,0.002372,,,,,,
109010606,6.83647e+06,7,个,0.6871,,0.687079,0.015857,0.288793,,,,,0.002324,,,0.001199,,,,,,,,,,,,0.004598,0.000150,,,,,,,
109024004,6.78274e+06,7,个,0.6842,0.002064,0.684220,,0.017471,,0.091255,,,,,0.002352,,,,0.191146,,,,,,,,,0.011492,,,,,,,,
109062301,6.77717e+06,8,个,0.9838,,0.983782,,0.000212,,,,,0.000870,,0.000192,0.001461,,,,,,,,,,,,0.001096,0.000701,0.011686,,,,,,
109030601,6.69787e+06,4,UNKNOWN,0.9791,,0.015825,0.979122,0.000040,,,,,,,,,,,0.005012,,,,,,,,,,,,,,,,,
108032205,6.6953e+06,2,OTHER,0.9919,,0.008057,,,,,,,0.991943,,,,,,,,,,,,,,,,,,,,,,,
106040502,6.62488e+06,15,个,0.3787,0.305519,0.378691,0.000060,0.011545,,0.031401,0.008299,,0.000385,,0.014608,,0.000554,0.018992,0.009282,,,0.007217,0.000054,,,,,,0.213375,0.000018,,,,,,
103020906,6.61612e+06,12,千克,0.4599,0.459925,0.190171,0.109417,,,0.015885,,,,,0.001125,0.108590,0.000159,0.002384,,,,0.000109,0.051279,,,,,0.009824,,0.051132,,,,,,
109022301,6.59277e+06,6,个,0.9051,,0.905147,0.000603,,,0.093722,,,,,0.000007,,,0.000503,,,,,,,,,,,,0.000019,,,,,,
104010307,6.58956e+06,4,个,0.9635,,0.963459,,,,0.003823,,,,,,,,,,,,,,,,,,0.008555,0.024162,,,,,,,
103011109,6.34753e+06,11,千克,0.8474,0.847423,0.005969,0.099052,0.000004,,,,,,,0.015379,0.014919,,0.000374,0.012997,,,,0.003451,,,0.000402,,,,0.000030,,,,,,
101040700,6.30197e+06,9,千克,0.5316,0.531559,0.000109,0.054281,,,,,,0.000631,,0.001269,0.319338,,,0.024583,,,,0.030758,,,,,,,0.037472,,,,,,
109062103,6.26635e+06,7,套,0.6820,,0.247016,0.010532,0.681981,,,,,0.028708,0.031558,,,,0.000061,,,,,,,,,,0.000143,,,,,,,,
106051113,6.17336e+06,15,千克,0.7614,0.761353,0.077185,0.005109,0.007203,,0.006720,,,0.002926,,0.004491,0.001078,0.000113,0.015972,,,,0.000052,0.000573,,,,,0.000125,0.000953,0.116147,,,,,,
109025103,6.17293e+06,4,套,0.9973,,0.002608,,0.997259,,,,,,,,,,0.000126,,,,0.000007,,,,,,,,,,,,,,
101050400,6.14907e+06,10,千克,0.6463,0.646300,0.129956,0.030714,,,,,,0.000317,,0.041472,0.006288,,0.000065,,,,,0.080223,0.022687,,,,,,0.041979,,,,,,
104011304,6.12999e+06,8,套,0.3366,0.223060,0.249819,0.000009,0.336554,,0.018450,,,0.158597,,,,,,0.013496,,,,,,,,,,,0.000015,,,,,,
109024007,6.06658e+06,8,个,0.6139,0.157236,0.613914,,0.059102,,0.000053,0.033222,,0.134762,,,,,,0.001673,,,,,,,,,,0.000038,,,,,,,
106040302,6.05839e+06,17,千克,0.5281,0.528142,0.227523,0.001246,0.068700,,0.128044,,,0.008862,0.007025,0.009040,0.000398,,0.010286,0.001868,,,0.000064,0.000427,0.000043,,,,0.001197,0.001377,0.005759,,,,,,
109022501,5.9789e+06,8,个,0.7938,0.003547,0.793812,0.045243,0.140414,,,,,0.004982,,,0.004382,,,0.007185,,,,,,,,,0.000435,,,,,,,,
109032601,5.9485e+06,7,个,0.8941,0.000265,0.894085,0.000117,0.102029,,0.000066,,,,,,,,,,,,,0.000075,,,,,0.003364,,,,,,,,
109012202,5.94076e+06,8,套,0.6356,0.015389,0.335797,0.003030,0.635634,,,,0.000135,0.001818,,,,0.003156,0.005041,,,,,,,,,,,,,,,,,,
108032409,5.91944e+06,5,个,0.3725,0.150681,0.372495,,0.083552,,,0.202674,,0.190599,,,,,,,,,,,,,,,,,,,,,,,
109041604,5.89069e+06,4,个,0.8691,,0.869050,0.049532,0.040917,,,,,0.040500,,,,,,,,,,,,,,,,,,,,,,,
101020204,5.72432e+06,10,千克,0.9461,0.946119,0.022877,0.001827,,,0.003843,0.001169,,0.014154,,,,,,0.004762,,,,0.000152,,,,,,,0.000003,,,,,,0.005094
106051106,5.70961e+06,8,个,0.7913,0.085774,0.791343,0.014211,0.103459,,,,,0.002836,,0.000343,,,,0.001756,,,,0.000279,,,,,,,,,,,,,
103011202,5.59046e+06,7,千克,0.8769,0.876910,0.000354,0.001449,,,,,,,,0.114889,,,0.004948,,,,,0.000157,,,,,,,0.001292,,,,,,
106020401,5.57085e+06,10,个,0.8713,,0.871305,0.024876,0.090646,,,,,0.007100,0.001526,0.000685,0.001005,0.000036,,,,,,,,,,,0.002693,,0.000128,,,,,,
109042204,5.55169e+06,7,千克,0.9024,0.902418,0.084735,0.000681,0.006746,,,,,0.000418,,,0.003075,,0.001928,,,,,,,,,,,,,,,,,,
101010899,5.54234e+06,4,个,0.9731,,0.973081,0.000148,0.026720,,,,,,,,,,,,,,,,,,,,,,0.000051,,,,,,
105010603,5.53902e+06,11,桶,0.4195,0.170256,0.389746,0.001374,0.000098,,0.008176,,,0.001038,0.000712,,0.000550,,,0.008335,,,0.419479,,,,,,,0.000237,,,,,,,
109061599,5.51368e+06,3,套,0.6578,,0.342049,0.000151,0.657801,,,,,,,,,,,,,,,,,,,,,,,,,,,,
109022302,5.49938e+06,7,个,0.8937,,0.893706,0.038690,0.034701,,,,0.000127,0.031543,,0.000024,,,,0.001207,,,,,,,,,,,,,,,,,
101020403,5.48818e+06,14,千克,0.6786,0.678628,0.091082,,0.000488,,0.044543,,,0.144357,0.001077,0.000113,0.030338,,0.000217,,,,0.004126,0.000017,,,,,0.000005,0.005006,0.000003,,,,,,
110020106,5.47364e+06,8,千克,0.5296,0.529644,0.212954,0.000025,0.019366,,,0.030463,,,0.034943,,0.001765,,0.170840,,,,,,,,,,,,,,,,,,
107021607,5.46243e+06,16,千克,0.8319,0.831908,0.119203,0.001963,0.000994,,0.000592,0.000067,,0.001704,,0.000947,0.005827,,0.031311,,,,0.002801,0.000966,,,0.000041,,0.001030,0.000078,0.000569,,,,,,
109061305,5.4265e+06,3,个,0.7654,,0.765447,0.023691,0.210862,,,,,,,,,,,,,,,,,,,,,,,,,,,,
102050206,5.41527e+06,15,千克,0.4947,0.494668,0.123110,0.000107,0.000312,,0.000725,,,0.000390,0.199841,0.002405,0.005005,,0.003786,,,,0.139805,0.000113,,,0.006050,,,0.023142,0.000542,,,,,,
109010509,5.40136e+06,6,个,0.7136,,0.713602,0.023076,0.087523,,0.004725,,,,,,0.171060,,,,,,,,,,,,0.000015,,,,,,,,
107021603,5.37806e+06,3,千克,0.9987,0.998704,0.001232,,0.000064,,,,,,,,,,,,,,,,,,,,,,,,,,,,
106050304,5.35004e+06,10,桶,0.3854,0.195241,0.011168,0.052621,0.033006,,0.012077,,,0.273064,,,0.000200,,0.000703,,,,0.385436,,,,0.036484,,,,,,,,,,
107040401,5.33991e+06,11,千克,0.9579,0.957902,0.006796,0.005637,0.000005,,0.003513,,,,,0.000187,0.023250,,,,,,0.000412,0.001083,,,,,0.000210,,0.001006,,,,,,
103010404,5.31779e+06,6,千克,0.9186,0.918579,0.070018,0.000380,,,,,,,,,,,,,,,,0.003884,,,0.002534,,,,0.004604,,,,,,
106050699,5.28337e+06,7,个,0.8756,0.024655,0.875563,0.000710,0.001962,,0.081665,,,0.014195,,,,,,0.001249,,,,,,,,,,,,,,,,,
109023701,5.26233e+06,7,个,0.8913,0.104761,0.891339,,0.000519,,,,,0.002379,,,,0.000057,,,0.000879,,,,,,,,0.000067,,,,,,,,
105010507,5.21093e+06,10,立方米,0.5419,0.037837,0.288160,0.004965,0.060358,,,0.541915,,0.062157,0.002538,,0.000258,,,,,,,,,,,,0.001413,0.000397,,,,,,,
109061002,5.17911e+06,5,个,0.8248,,0.824770,0.017366,0.157312,,,,,0.000232,,,,,,,,,,,,,,,0.000321,,,,,,,,
109024604,5.14125e+06,6,袋,0.7030,,0.267394,0.003112,0.007879,,,,,0.009287,,0.009356,,,,,,,,0.702972,,,,,,,,,,,,,
109023905,5.11814e+06,4,套,0.6702,,0.320224,,0.670165,,,,,,0.005612,,,,,,,,,,,,,,,0.003999,,,,,,,
109024305,5.1049e+06,10,个,0.5212,0.050103,0.521168,0.000103,0.412600,,,,,0.000044,,0.005638,,,0.000282,0.009193,,,,0.000053,,,,,,,0.000816,,,,,,
109024505,5.06299e+06,10,个,0.5456,0.033218,0.545604,0.003986,0.281176,,0.005392,,,0.020293,,0.028601,,,0.001738,,,,,,,,,,0.005665,,0.074326,,,,,,
103011600,5.03954e+06,8,千克,0.9755,0.975484,0.011430,0.000014,,,,,,0.000642,,0.005209,,,0.004643,,,,,0.000694,,,0.001885,,,,,,,,,,
109061302,5.03606e+06,4,个,0.6752,,0.675161,0.301329,0.022259,,,,,0.001251,,,,,,,,,,,,,,,,,,,,,,,
103020904,5.02606e+06,11,个,0.8674,0.001072,0.867351,0.001105,,,,,,0.005172,,0.001463,0.066692,,0.014793,,,,0.000107,0.025192,,,,,0.014325,,0.002727,,,,,,
103040400,4.98581e+06,7,个,0.9173,0.017908,0.917343,0.060904,0.003332,,,,,0.000085,,,,,0.000418,,,,,,,,,,,,0.000010,,,,,,
106050201,4.93612e+06,6,个,0.7539,,0.753916,0.152709,,,,,,0.016516,0.004981,0.000162,,,,0.071716,,,,,,,,,,,,,,,,,
107030502,4.89624e+06,11,袋,0.5042,0.014040,0.047305,,0.000613,,0.000004,,,0.076419,,0.146347,,,0.078249,0.000490,,,0.124463,0.504195,,,,,,,0.007875,,,,,,
109023202,4.87682e+06,9,个,0.6898,,0.689823,0.079027,0.149466,,,,,0.020722,,0.034410,,0.000841,,0.024486,,,,,,,,,0.000753,,,0.000472,,,,,
405030000,4.86305e+06,5,UNKNOWN,0.8827,,0.071703,0.882659,0.001328,,,,,0.043922,,,,0.000387,,,,,,,,,,,,,,,,,,,
109023602,4.83554e+06,7,个,0.8640,0.023815,0.863982,0.021053,0.084945,,,,,0.001077,,,,,,0.004756,,,,,,,,,,0.000371,,,,,,,
106051004,4.83265e+06,5,个,0.9200,0.024293,0.920009,0.051276,0.000007,,,,,,,,0.004414,,,,,,,,,,,,,,,,,,,,
109025104,4.7825e+06,5,UNKNOWN,0.5650,,0.410372,0.565010,0.024119,,,,,,,,,0.000164,,,,,,,,0.000335,,,,,,,,,,,
108032101,4.77657e+06,6,千克,0.7083,0.708281,0.238322,,0.040814,,0.000603,,,,0.011975,,,,,,,,,,,,,,,,0.000005,,,,,,
109023503,4.70535e+06,1,个,1.0000,,1.000000,,,,,,,,,,,,,,,,,,,,,,,,,,,,,,
109025003,4.68052e+06,8,个,0.7913,,0.791260,0.008602,0.172640,,0.000054,,,0.000035,,,,0.011964,,,0.012819,,,,,,,,0.002626,,,,,,,,
105010508,4.65423e+06,7,套,0.6243,0.001676,0.350856,0.000652,0.624287,,0.009665,,,0.006270,,,,,,,,,,,,,,,0.006594,,,,,,,,
109061902,4.63528e+06,3,套,0.9816,,0.016690,,0.981620,,,,,,,,,,,,,,,,,,,,,0.001691,,,,,,,
103010302,4.61075e+06,8,千克,0.7863,0.786300,0.002898,0.039650,,,,,,,,0.027944,0.048500,,0.000025,,,,,0.051763,,,,,,,0.042919,,,,,,
106041010,4.55287e+06,13,个,0.8762,0.004474,0.876237,0.005651,0.069224,,0.000784,0.010785,,0.011288,,0.000011,,,0.001704,,,,0.018015,,,,,,0.001182,0.000044,0.000600,,,,,,
108041113,4.4974e+06,9,千克,0.8868,0.886778,0.021995,0.001315,0.002168,,,,,0.079224,,0.007835,,,,,,,,0.000356,,,,,,0.000003,0.000326,,,,,,
109060499,4.48864e+06,7,个,0.7846,0.127071,0.784589,,0.075145,,0.000002,,,0.005969,,,,,,,,,,,,,,,0.002019,0.005205,,,,,,,
109040203,4.48217e+06,7,个,0.5470,,0.546957,0.000348,0.439716,,0.010883,,,,,,0.001177,,,,,,,,,,,,,0.000183,0.000736,,,,,,
103020512,4.396e+06,11,袋,0.2724,0.026108,0.103353,0.005213,,,,,,0.068904,,0.052707,0.176024,,0.137644,0.013464,,,,0.272431,,,0.118940,,,,0.025212,,,,,,
109060803,4.37294e+06,5,个,0.9887,,0.988685,0.003402,0.007656,,,,,0.000080,,,,,,,,,,,,,,,,,0.000177,,,,,,
103020513,4.37142e+06,13,瓶,0.4786,,0.007095,0.025549,0.008674,,,,,0.086503,,0.076891,0.058545,,0.478640,0.115427,,,0.000091,0.012411,,,0.116262,,,0.000343,0.013569,,,,,,
109061806,4.36485e+06,8,个,0.8229,0.003768,0.822931,0.002505,0.052826,,,,,0.036726,,0.000235,,,0.000036,,0.080974,,,,,,,,,,,,,,,,
301049901,4.34022e+06,4,项,0.8295,,0.028354,0.002060,,,,0.140136,0.829450,,,,,,,,,,,,,,,,,,,,,,,,
107020502,4.30851e+06,7,千克,0.9231,0.923143,0.000766,0.003714,0.029318,,,,,,,,,,,,,,0.007241,0.035790,,,,,,,0.000029,,,,,,
109020812,4.27415e+06,8,个,0.9831,0.002368,0.983073,0.004205,0.009729,,0.000139,,,0.000066,,,,,,,,,,,,,,,0.000028,0.000391,,,,,,,
109032105,4.25093e+06,16,个,0.5409,0.001339,0.540918,0.043302,0.152131,,0.162586,,,0.013731,0.001456,0.000453,0.020099,0.018604,,0.028918,,,0.003112,0.007544,,,,,0.003683,0.000464,0.001661,,,,,,
107030215,4.24505e+06,13,盒,0.6294,,0.086023,0.012440,0.000837,,,,,0.096418,,0.629371,,,0.045420,0.000455,,,0.005620,0.093375,0.000622,,0.000079,,,0.001847,0.027493,,,,,,
106020403,4.22892e+06,8,个,0.7219,0.003483,0.721890,0.022476,0.215866,,,,,0.032756,,0.001431,,,,,,,0.001650,,,,,,,,0.000449,,,,,,
107030701,4.20464e+06,10,千克,0.6990,0.698952,0.045112,0.000023,,,,,,0.126079,,0.126642,0.000715,,0.000318,,,,,0.000890,,,,,0.000187,,0.001082,,,,,,
107030704,4.19231e+06,6,千克,0.6118,0.611834,0.386994,,,,,,,0.000119,,0.000420,0.000631,,0.000002,,,,,,,,,,,,,,,,,,
109022807,4.10965e+06,2,个,0.9891,,0.989050,,,,,,,0.010950,,,,,,,,,,,,,,,,,,,,,,,
109012803,4.10713e+06,5,个,0.7886,0.138265,0.788582,0.045353,0.024158,,,,,,,,,,,0.003642,,,,,,,,,,,,,,,,,
108041109,4.09329e+06,4,个,0.9422,0.044796,0.942166,0.004272,,,0.008766,,,,,,,,,,,,,,,,,,,,,,,,,,
104010308,4.08661e+06,9,个,0.5533,0.007726,0.553327,0.001970,0.000483,,0.393261,,,,0.039995,,,,,,,,,,,,,,0.000378,0.000039,0.002820,,,,,,
109032502,4.02797e+06,3,个,0.8675,,0.867521,0.029365,,,,,,,,,,,,0.103115,,,,,,,,,,,,,,,,,
106051104,4.01524e+06,4,套,0.5890,,0.409048,0.000778,0.588971,,,,,,,,,,,0.001204,,,,,,,,,,,,,,,,,
102049905,4.00772e+06,9,千克,0.6044,0.604360,0.144370,0.004664,0.169205,,0.007550,,,,,,,,0.000356,0.062071,,,,0.007363,,,,,,,0.000061,,,,,,
108032303,3.99874e+06,6,千克,0.6512,0.651208,0.282310,,,,0.025833,,,0.000579,0.040013,,,,,,,,,,,,,,0.000058,,,,,,,,
107020124,3.99561e+06,5,千克,0.8689,0.868869,0.045519,,,,,,,,0.084092,,,,0.000709,,,,0.000811,,,,,,,,,,,,,,
110030202,3.97657e+06,7,个,0.5487,0.375107,0.548700,0.015330,,,,0.007983,0.037558,,,0.013789,0.001534,,,,,,,,,,,,,,,,,,,,
107030503,3.90106e+06,5,OTHER,0.7876,0.021594,0.022713,,,,,,,0.787566,,0.000507,,,0.167621,,,,,,,,,,,,,,,,,,
103020509,3.84798e+06,11,瓶,0.4659,0.087638,0.078510,0.001008,,,,,,0.060437,,0.010050,0.120636,,0.465937,,,,0.015225,0.065135,,,0.074168,,,,0.021257,,,,,,
104010509,3.82743e+06,7,个,0.7372,0.044658,0.737216,0.000509,0.043686,,,,,0.074733,,,,,,0.032055,,,,,,,,,,,0.067143,,,,,,
103011002,3.76819e+06,10,箱,0.5063,0.220359,0.057494,0.054574,,,,,,0.029203,,,0.506288,,0.006071,0.024351,,,,0.096894,0.000954,,,,,,0.003813,,,,,,
101010600,3.76794e+06,14,千克,0.4847,0.484694,0.196191,0.070539,0.136645,,0.026680,,,0.002214,0.001093,,0.007459,,0.000065,,,,0.055112,0.000510,,,,,0.005308,0.005833,0.007658,,,,,,
103020510,3.76585e+06,13,个,0.5208,0.008243,0.520841,0.018947,0.028679,,0.010112,,,0.004310,,0.053976,0.290481,,0.012981,,,,0.000011,0.042969,,,0.003176,,,,0.005275,,,,,,
301040303,3.71593e+06,3,UNKNOWN,0.7379,0.039850,,0.737891,,,,,,,,,,0.222259,,,,,,,,,,,,,,,,,,,
109021803,3.71048e+06,14,个,0.7517,0.026447,0.751728,0.000539,0.146554,,,0.006355,,0.000308,,0.003327,0.000508,,0.002657,0.009818,,,0.022892,,,,0.000581,,0.028092,,0.000194,,,,,,
105010506,3.69172e+06,8,立方米,0.3882,,0.261686,0.000023,0.001337,,,0.388168,,0.158506,0.189613,,0.000263,,,,,,,,,,0.000404,,,,,,,,,,
107021612,3.6829e+06,11,份,0.4065,0.370625,0.008689,,0.006720,,,,,0.002365,,0.102408,,,0.036981,,,,0.041850,0.000987,0.406456,,0.006213,,,,0.016705,,,,,,
109060804,3.68111e+06,3,个,0.9013,,0.901250,0.003219,0.095531,,,,,,,,,,,,,,,,,,,,,,,,,,,,
105020202,3.66968e+06,11,平方米,0.6846,0.056200,0.200551,0.004619,0.030887,,,0.016125,0.001771,0.000043,0.684588,,,,0.003965,,,,0.000965,0.000287,,,,,,,,,,,,,
109061301,3.62646e+06,4,套,0.6431,0.045782,0.310016,0.001118,0.643083,,,,,,,,,,,,,,,,,,,,,,,,,,,,
101011205,3.62334e+06,12,千克,0.7803,0.780253,0.017118,0.002975,0.059552,,,,,0.000066,,0.001799,,,,0.079054,,,0.000498,0.014001,0.000130,,,,0.010974,,0.033578,,,,,,
107029905,3.61748e+06,11,个,0.8419,0.010075,0.841913,0.004333,,,,,,0.005358,,0.120690,0.000207,,0.008006,0.000336,,,0.001656,,,,,,,,0.007205,,0.000220,,,,
109011212,3.61162e+06,3,套,0.5233,,0.476605,0.000082,0.523314,,,,,,,,,,,,,,,,,,,,,,,,,,,,
101030203,3.60069e+06,5,千克,0.9043,0.904260,0.000264,0.001779,,,,,,0.003365,,,,,,0.090332,,,,,,,,,,,,,,,,,
301050500,3.55533e+06,4,千克,0.9360,0.936049,0.004388,0.000056,,,,,,0.059507,,,,,,,,,,,,,,,,,,,,,,,
106051101,3.48743e+06,3,批,0.9581,,0.001508,,0.040372,,,,,,,,,,,0.958120,,,,,,,,,,,,,,,,,
109060602,3.4839e+06,4,个,0.9003,,0.900269,,0.097872,,,,,0.000147,,,,,,,,,,,,,,,0.001713,,,,,,,,
104010805,3.46698e+06,6,个,0.6725,,0.672534,,0.076753,,,,,0.030549,0.038853,,,,,0.181137,,,,,,,,,,,0.000173,,,,,,
107030216,3.44567e+06,7,千克,0.7762,0.776171,0.048506,,,,,,,0.000001,,0.165293,,,0.001133,,,,0.006083,0.002814,,,,,,,,,,,,,
107021004,3.4091e+06,9,千克,0.8571,0.857141,,0.000221,,,,,,0.001357,,,0.000774,,0.000542,,,,0.001906,,,,0.005567,,0.000062,0.132429,,,,,,,
103010405,3.33955e+06,10,千克,0.3685,0.368509,0.201274,0.134626,0.000623,,,,,0.129471,,0.005658,0.067749,,,,,,0.000035,0.091761,,,,,,,0.000293,,,,,,
104010802,3.33542e+06,7,千克,0.3070,0.307045,0.220634,,0.213483,,,,,0.022395,0.232363,,,,,,,,,,,,,,,0.003937,0.000144,,,,,,
302019900,3.3339e+06,5,批,0.4953,,0.141013,0.308077,,,,,,0.053875,,,,,,0.495258,,,,,0.001777,,,,,,,,,,,,
107020125,3.32616e+06,5,千克,0.7942,0.794190,0.046867,0.128211,,,,,,0.003157,,,,,,,,,,0.027574,,,,,,,,,,,,,
307020101,3.31017e+06,6,UNKNOWN,0.9490,,0.040897,0.948981,0.006278,,,,,0.003806,,,,,0.000024,,,,,,,,,,,,0.000014,,,,,,
107021806,3.2756e+06,10,个,0.9040,,0.904014,0.003033,0.055866,,,,0.014693,0.010016,0.001771,0.010316,0.000147,,,0.000092,,,,,,,,,,,0.000053,,,,,,
301020402,3.27154e+06,4,千克,0.9533,0.953294,0.006052,0.040348,,,,,,,,,,,,,,,,,,0.000306,,,,,,,,,,,
101011499,3.25527e+06,11,OTHER,0.6752,0.004173,0.069375,0.093577,0.124066,,,0.000302,0.001536,0.675244,0.013266,,,,,0.005929,,,,0.012400,,,,,,,0.000130,,,,,,
109024610,3.21363e+06,5,个,0.5879,,0.587863,,0.280938,,,,,,,0.012613,,,,0.062235,,,,,,,,,0.056351,,,,,,,,
102051101,3.20591e+06,12,个,0.7174,0.220662,0.717378,0.009370,0.043600,,0.003244,,,0.000359,,0.000699,,,0.000056,,,,0.001699,0.000100,,,,,,0.002782,0.000049,,,,,,
109022002,3.17709e+06,13,个,0.9552,0.000155,0.955200,,0.006975,,0.002633,,,0.003043,,,0.000148,0.000019,0.002008,,,,0.018545,0.000215,,,0.000014,,0.002581,,0.008463,,,,,,
108032406,3.14987e+06,2,千克,0.7970,0.797035,0.202965,,,,,,,,,,,,,,,,,,,,,,,,,,,,,,
101011903,3.1497e+06,10,千克,0.8370,0.836975,0.008409,0.000052,,,,,,0.003450,,0.000362,0.070110,,0.043532,0.018748,,,0.011810,,,,0.006553,,,,,,,,,,
102040110,3.14151e+06,2,千克,0.9354,0.935416,0.064584,,,,,,,,,,,,,,,,,,,,,,,,,,,,,,
301020301,3.09488e+06,3,千克,0.7690,0.768992,,0.085244,,,,,,,,,,,,,0.145764,,,,,,,,,,,,,,,,
109010705,3.06979e+06,7,个,0.9750,0.001319,0.975008,,0.017533,,,,,0.004974,,,,,,,,,,0.000169,,,,,0.000606,,0.000391,,,,,,
102049906,3.06511e+06,8,千克,0.8457,0.845658,0.064094,,0.000033,,0.001697,,0.003850,,,,,,0.081227,0.003263,,,0.000179,,,,,,,,,,,,,,
109010511,3.03677e+06,6,个,0.8320,,0.831955,0.161435,0.003346,,,,,0.001944,,,,,,,,,,,,,,,0.001122,0.000198,,,,,,,
109022402,3.02493e+06,6,个,0.9899,,0.989929,,0.008152,,0.000264,,,,,,,0.001620,0.000028,,,,,,,,,,,,0.000007,,,,,,
107020702,3.00852e+06,4,千克,0.7993,0.799327,0.199593,,,,,,,,,0.000465,,,0.000614,,,,,,,,,,,,,,,,,,
108040409,2.97155e+06,10,个,0.9078,0.038208,0.907837,0.002630,0.030849,,0.002323,,,0.013298,,0.002712,,,,0.000565,,,,,,,,,0.000744,0.000835,,,,,,,
109061606,2.96973e+06,9,个,0.8739,,0.873930,0.000101,0.082127,,0.001273,,,0.038501,,,,,0.000121,,,,0.002630,0.000009,,,,,0.001307,,,,,,,,
108012202,2.94889e+06,9,套,0.5412,,0.426906,0.006003,0.541150,,,,,0.004874,,0.003580,,,0.004755,0.012140,,,0.000116,,,,,,,,0.000475,,,,,,
109022902,2.94312e+06,6,个,0.8682,0.015732,0.868184,,0.055723,,0.018229,,,,,,,0.006473,,,,,,,,,,,,0.035659,,,,,,,
108032404,2.9427e+06,3,千克,0.9791,0.979060,0.012019,,,,0.008920,,,,,,,,,,,,,,,,,,,,,,,,,,
108041105,2.93639e+06,10,千克,0.4698,0.469807,0.335762,0.001542,0.035750,,0.000788,,,0.125400,,0.000246,,,0.000582,,,,,,,,,,0.000032,0.030092,,,,,,,
109010401,2.87352e+06,7,OTHER,0.3004,0.034841,0.203373,0.071624,0.000783,,,,,0.300351,0.194047,,,,,0.194981,,,,,,,,,,,,,,,,,
109061304,2.81387e+06,5,个,0.8609,0.018845,0.860937,0.000053,0.095787,,,,,0.024378,,,,,,,,,,,,,,,,,,,,,,,
106050605,2.73858e+06,8,个,0.8947,0.040280,0.894658,,0.009040,,0.001711,,,0.038876,,,,,,0.007879,,,,,,,,,0.007537,0.000021,,,,,,,
107021705,2.7232e+06,8,UNKNOWN,0.7989,0.003702,0.193781,0.798874,,,,,,0.002535,,,0.000165,,0.000143,,,,0.000103,0.000698,,,,,,,,,,,,,
108032302,2.69447e+06,8,个,0.6542,0.320221,0.654166,0.010798,0.010243,,0.000267,,,0.003201,,,,,0.000450,,,,,,,,,,0.000653,,,,,,,,
109032603,2.66539e+06,8,个,0.5430,0.059495,0.542993,,0.011026,,0.002818,,,0.000008,,,,,,0.379425,,,,,,,,,0.001688,0.002547,,,,,,,
106050203,2.66112e+06,7,个,0.8749,0.000188,0.874933,,0.005207,,,,,0.116624,,,,,0.000154,,,,0.000080,0.002815,,,,,,,,,,,,,
102049903,2.64807e+06,4,千克,0.5562,0.556174,0.358530,,0.073211,,0.012084,,,,,,,,,,,,,,,,,,,,,,,,,,
106020104,2.63062e+06,8,套,0.8033,,0.114119,0.000549,0.803283,,,,,0.004548,,,,,,0.061012,,,,,0.012894,,,,0.002976,0.000617,,,,,,,
109061611,2.61514e+06,4,个,0.6535,,0.653532,0.066153,0.280115,,,,,0.000200,,,,,,,,,,,,,,,,,,,,,,,
101050500,2.60065e+06,3,千克,0.9803,0.980328,,0.000847,,,,,,,,,,,,,,,,0.018825,,,,,,,,,,,,,
104010806,2.59156e+06,9,千米,0.4905,0.000176,0.316034,0.000803,0.010750,,0.490490,,,0.128686,0.029207,,,,,,,,,,,,,,0.019848,0.004006,,,,,,,
109022399,2.57377e+06,5,个,0.8177,,0.817727,0.025643,0.128951,,,,,0.000831,,,,,,0.026848,,,,,,,,,,,,,,,,,
107021611,2.57019e+06,5,千克,0.9779,0.977931,0.021936,0.000125,,,,,,,,,,,0.000006,0.000001,,,,,,,,,,,,,,,,,
108041204,2.55036e+06,11,卷,0.2402,0.224375,0.234831,0.002440,0.064354,,0.229345,,,0.000319,,0.000019,,,,,,,0.000309,,,,,,0.002333,0.240242,0.001433,,,,,,
102040109,2.5464e+06,6,千克,0.7932,0.793201,0.180324,,0.026304,,,,,,,,,,0.000082,,,,,,,,,,0.000070,,0.000020,,,,,,
109025203,2.53112e+06,2,个,0.9935,,0.993493,,0.006507,,,,,,,,,,,,,,,,,,,,,,,,,,,,
109061006,2.53085e+06,4,个,0.6775,,0.677530,0.001739,0.320118,,0.000613,,,,,,,,,,,,,,,,,,,,,,,,,,
102049904,2.52405e+06,5,个,0.6110,0.299718,0.611021,,0.055744,,,,,,,,,,,,,,,0.001973,,,,,,0.031544,,,,,,,
109013606,2.51323e+06,7,套,0.4946,0.030569,0.348437,0.074605,0.494555,,0.003024,,,,,,,,,0.045349,,,,,,,,,0.003462,,,,,,,,
109060403,2.50225e+06,12,个,0.5365,0.033220,0.536529,0.000424,0.015325,,0.004044,,,0.000206,,0.001080,0.000863,,0.000674,,,,0.279669,,,,,,,0.000081,0.127885,,,,,,
109011204,2.50004e+06,6,个,0.9843,,0.984302,0.003316,0.008854,,0.002608,,0.000720,,,,,,,,,,0.000200,,,,,,,,,,,,,,
306030204,2.4938e+06,3,次,0.7622,,0.028254,,,,,,,,,,,0.762160,,,,,,,0.209586,,,,,,,,,,,,
106041004,2.49093e+06,13,批,0.4847,,0.151835,0.002478,0.181075,,,,,0.011450,0.108981,0.000113,0.005704,,0.006233,0.484654,,,0.008072,0.000564,,,,,0.000013,,0.038829,,,,,,
107021805,2.48324e+06,9,个,0.4346,,0.434604,0.047055,0.079044,,0.000586,,,0.058731,0.092778,0.266919,,,,0.015810,,,,,,,,,,0.004473,,,,,,,
306030101,2.44679e+06,10,UNKNOWN,0.6325,,0.218929,0.632521,0.003471,,0.002648,,0.000204,0.000048,0.000523,,,0.042972,,,,,,,0.030375,,,,,,,0.068307,,,,,
109022803,2.38551e+06,7,套,0.5462,0.025195,0.425859,0.000131,0.546189,,,,,0.000578,0.000101,,,,,,,,,,,,,,0.001948,,,,,,,,
109061799,2.38115e+06,6,个,0.8061,,0.806074,,0.095685,,0.011268,,,,0.047551,,,,,0.028163,,,,,,,,,,,0.011259,,,,,,
106050211,2.36956e+06,5,个,0.8475,0.117793,0.847531,,0.025434,,,,,,0.008736,,,,,,,,,,,,,,0.000506,,,,,,,,
306049900,2.35309e+06,5,UNKNOWN,0.9639,,0.021240,0.963907,,,,,,0.003366,,,,,,0.005758,,,,,,,,,,,,0.005729,,,,,
109042303,2.27446e+06,5,个,0.9268,,0.926764,0.034949,0.033470,,,,,0.003228,,,,,,,,,,,,,,,,,0.001589,,,,,,
109024607,2.22928e+06,3,个,0.7475,,0.747458,,0.245392,,,,,,,,,,0.007150,,,,,,,,,,,,,,,,,,
301050601,2.22707e+06,5,千克,0.4234,0.423423,0.211294,0.008941,0.319917,,,,,,,,0.036425,,,,,,,,,,,,,,,,,,,,
101011907,2.14147e+06,13,千克,0.3012,0.301178,0.193212,0.030872,,,,,,0.118111,,0.014142,0.026886,,0.000530,0.000140,0.025569,,,0.025189,0.001600,,0.072994,,,,0.189577,,,,,,
107020237,2.14058e+06,7,千克,0.9637,0.963681,0.026078,0.003492,,,0.002585,,,,0.002906,,,,0.000050,0.001208,,,,,,,,,,,,,,,,,
109060401,2.13227e+06,5,个,0.8984,,0.898441,0.074268,0.021052,,0.000385,,,0.005853,,,,,,,,,,,,,,,,,,,,,,,
105010802,2.13175e+06,14,个,0.5782,0.130468,0.578171,0.022181,0.010454,,,,,0.137885,,0.000014,0.024262,,0.000103,0.004635,,,0.000117,0.028722,,,,,0.002910,0.011052,0.049025,,,,,,
109011303,2.10525e+06,3,个,0.6739,,0.673863,,0.323002,,,,,0.003135,,,,,,,,,,,,,,,,,,,,,,,
108031001,2.09122e+06,6,千克,0.9833,0.983333,0.012643,,0.000375,,0.000947,,,0.000057,,,,,0.002645,,,,,,,,,,,,,,,,,,
109042206,2.04657e+06,7,个,0.8501,0.004628,0.850147,0.064696,0.000274,,0.000410,,,0.009856,0.069989,,,,,,,,,,,,,,,,,,,,,,
106010510,1.97917e+06,8,个,0.9393,,0.939328,0.037010,0.000162,,,,,0.009735,,0.000169,,0.000131,,,,,,,,,,,,0.010297,0.003167,,,,,,
107021605,1.93691e+06,7,千克,0.9857,0.985725,0.008999,0.000310,0.000181,,,,,,,0.003827,0.000702,,,,,,,0.000256,,,,,,,,,,,,,
109024303,1.88994e+06,8,盒,0.3206,0.234824,0.311985,,0.039706,,0.022014,,,0.062767,,0.320597,,,,,,,,0.008059,,,,,,,0.000048,,,,,,
107022001,1.88716e+06,4,千克,0.8825,0.882483,0.116802,,,,0.000647,,,,,,,,,,,,,,,,,,0.000067,,,,,,,,
109023705,1.85719e+06,4,个,0.9613,0.014496,0.961300,,0.023953,,,,,,,,,,,0.000251,,,,,,,,,,,,,,,,,
106050209,1.83588e+06,8,千克,0.4868,0.486808,0.155213,,0.003818,,0.086030,,,0.001420,0.046103,,,,,,,,,,,,,,0.000210,0.220398,,,,,,,
102051103,1.8305e+06,12,千克,0.7933,0.793257,0.115821,0.000027,,,0.053122,0.012128,,0.000164,,0.000246,,,0.006753,,,,,0.001811,,,,,0.005920,0.010653,0.000098,,,,,,
109060312,1.7852e+06,3,个,0.9318,,0.931782,,0.067568,,,,,,,,,,,,,,,,,,,,0.000650,,,,,,,,
104020405,1.77399e+06,2,个,0.8287,0.171313,0.828687,,,,,,,,,,,,,,,,,,,,,,,,,,,,,,
106020503,1.73683e+06,6,个,0.5441,,0.544088,0.010105,0.200411,,0.244737,,,,,0.000199,0.000461,,,,,,,,,,,,,,,,,,,,
109024003,1.68704e+06,3,个,0.6992,,0.699169,0.007139,0.293692,,,,,,,,,,,,,,,,,,,,,,,,,,,,
109051402,1.66714e+06,5,个,0.8011,,0.801112,0.068380,0.125177,,0.005309,,,,,,,,,,,,,,,,,,,0.000021,,,,,,,
105010505,1.60074e+06,4,平方米,0.9427,,0.048387,,0.007602,,,,,0.001349,0.942661,,,,,,,,,,,,,,,,,,,,,,
107030705,1.58361e+06,4,盒,0.6491,,0.051925,,,,,,,0.003663,,0.649123,,,0.295290,,,,,,,,,,,,,,,,,,
106040501,1.56468e+06,9,瓶,0.7858,0.000129,0.141862,0.032030,0.009978,,,,,0.003196,,0.000918,0.004058,,0.785758,0.022071,,,,,,,,,,,,,,,,,
107021606,1.54394e+06,5,千克,0.9847,0.984701,0.001826,,0.004767,,,,,,,0.002325,,,0.006380,,,,,,,,,,,,,,,,,,
101011305,1.50003e+06,12,千克,0.6188,0.618820,0.001638,0.028663,0.019268,,,,,0.000260,,0.059671,0.153117,,0.016377,0.089399,,,,0.011485,,,0.000156,,,,0.001146,,,,,,
103030803,1.48959e+06,12,箱,0.6665,0.220928,0.019468,0.010381,0.000175,,,,,0.040587,,0.018439,0.666489,,0.005970,,,,,0.004812,,,0.008022,,0.002207,,0.002521,,,,,,
109024905,1.46426e+06,3,UNKNOWN,0.5653,,0.336203,0.565277,0.098520,,,,,,,,,,,,,,,,,,,,,,,,,,,,
109032602,1.45969e+06,3,个,0.9051,,0.905117,0.083031,0.011852,,,,,,,,,,,,,,,,,,,,,,,,,,,,
109042202,1.44998e+06,2,套,0.7505,,0.249479,,0.750521,,,,,,,,,,,,,,,,,,,,,,,,,,,,
106050302,1.44985e+06,7,桶,0.2809,0.276325,0.196176,,0.002640,,,0.215471,,0.013867,,,,,0.014599,,,,0.280923,,,,,,,,,,,,,,
106051107,1.4458e+06,3,个,0.9161,,0.916084,,0.081926,,,,,0.001990,,,,,,,,,,,,,,,,,,,,,,,
108032104,1.44189e+06,1,千克,1.0000,1.000000,,,,,,,,,,,,,,,,,,,,,,,,,,,,,,,
109023805,1.42894e+06,4,套,0.5201,0.275888,0.202368,0.001659,0.520085,,,,,,,,,,,,,,,,,,,,,,,,,,,,
405020000,1.4238e+06,3,个,0.9018,,0.901766,0.030609,,,,,,,,,,0.067625,,,,,,,,,,,,,,,,,,,
301030103,1.41336e+06,1,UNKNOWN,1.0000,,,1.000000,,,,,,,,,,,,,,,,,,,,,,,,,,,,,
109022303,1.36977e+06,5,个,0.7875,0.015024,0.787519,0.001178,0.094761,,,,,,,,,,,,,,,,,,,,,,,,,,0.101518,,
109021702,1.36173e+06,1,个,1.0000,,1.000000,,,,,,,,,,,,,,,,,,,,,,,,,,,,,,
109022815,1.34345e+06,5,千克,0.8959,0.895880,0.101596,,,,,,,,,,,,,0.001973,,,,,,,,,,0.000372,0.000179,,,,,,
109062101,1.33778e+06,5,个,0.5539,,0.553939,0.035556,0.387706,,,,,,0.010555,,,,,,,,,,,,,,0.012244,,,,,,,,
101020407,1.33064e+06,10,千克,0.5450,0.545039,0.100117,0.028846,,,,,,0.306717,,0.004314,,,0.003694,,,,,0.000569,0.008680,,0.001623,,,,0.000401,,,,,,
108032405,1.30381e+06,3,千克,0.9808,0.980818,0.000008,,,,,,,,,,,,,,,,,,,,,,,0.019175,,,,,,,
106050303,1.30318e+06,5,个,0.9518,0.028901,0.951811,,0.006938,,,,,,,,,,0.003736,,,,0.008615,,,,,,,,,,,,,,
109061505,1.29212e+06,3,套,0.8054,,0.141236,0.053401,0.805364,,,,,,,,,,,,,,,,,,,,,,,,,,,,
109025403,1.29192e+06,7,个,0.5710,0.076985,0.571020,,0.328252,,0.000557,0.013623,,,,,,,,0.007433,,,,,,,,,,0.002129,,,,,,,
109060805,1.26548e+06,2,个,0.9607,,0.960654,,,,,,,0.039346,,,,,,,,,,,,,,,,,,,,,,,
109041803,1.24792e+06,6,个,0.7447,0.029465,0.744657,0.072938,0.000743,,,,,0.141615,,,,,,,,,0.010582,,,,,,,,,,,,,,
101020405,1.24306e+06,8,个,0.9036,0.049110,0.903602,0.015113,,,,,,0.002226,,0.000022,,,0.000627,,,,0.000338,,,,,,0.028961,,,,,,,,
107030702,1.20197e+06,9,盒,0.7162,0.009149,0.228283,0.000042,,,,,,0.001484,,0.716215,0.001922,,0.031109,,,,,0.001804,,,,,,,0.009992,,,,,,
109020809,1.19434e+06,6,个,0.6950,0.014234,0.694959,,0.047725,,,0.183597,,,,,,,,0.059290,,,,,,,,,,0.000196,,,,,,,
109023704,1.17226e+06,9,个,0.8222,0.072887,0.822190,,0.007502,,,,,0.050993,,,,,0.014290,0.004218,,,0.015833,,,,,,0.001425,0.010663,,,,,,,
107022003,1.16055e+06,5,千克,0.9947,0.994694,0.004225,,,,,,,0.000172,,0.000028,,,0.000881,,,,,,,,,,,,,,,,,,
109023203,1.11825e+06,12,套,0.7911,0.000200,0.122218,0.009443,0.791111,,0.001002,,,0.032375,,0.004534,,,0.001220,,,,0.009908,0.024995,,,,,,0.000843,0.002151,,,,,,
109061604,1.11782e+06,3,套,0.7768,,0.090026,0.133205,0.776768,,,,,,,,,,,,,,,,,,,,,,,,,,,,
109025204,1.04117e+06,4,个,0.9980,,0.998041,0.000360,0.001513,,,,,,,0.000086,,,,,,,,,,,,,,,,,,,,,
102050508,1.03392e+06,1,千克,1.0000,1.000000,,,,,,,,,,,,,,,,,,,,,,,,,,,,,,,
106040108,1.03182e+06,12,千克,0.5899,0.589901,0.126566,0.000005,0.002830,,,,,0.034107,,0.012094,0.100636,,0.039229,,,,0.022696,0.000786,,,,,,0.002832,0.068319,,,,,,
109060505,1.02128e+06,3,套,0.7864,,0.213471,,0.786378,,,,,,,,,,,,,,,,,,,,,0.000152,,,,,,,
109011208,989459,3,个,0.7447,,0.744671,,0.250478,,,,,,,,,0.004851,,,,,,,,,,,,,,,,,,,
109032501,983962,3,千克,0.6574,0.657364,0.305033,,0.037603,,,,,,,,,,,,,,,,,,,,,,,,,,,,
109025502,972403,9,瓶,0.3089,0.153103,0.296969,0.116174,0.046223,,,,0.071987,0.003784,,,,0.001232,0.308900,,,,,,,,,,,0.001629,,,,,,,
109022804,965304,3,千米,0.8683,,0.020055,,,,0.868277,,,0.111669,,,,,,,,,,,,,,,,,,,,,,,
110020104,939150,2,千克,0.9967,0.996678,,,0.003322,,,,,,,,,,,,,,,,,,,,,,,,,,,,
109061402,935987,2,个,0.9011,,0.901125,,0.098875,,,,,,,,,,,,,,,,,,,,,,,,,,,,
301040301,904505,3,项,0.9613,,0.034605,,,,,0.004082,0.961314,,,,,,,,,,,,,,,,,,,,,,,,
109023707,899459,5,个,0.9224,,0.922443,0.000277,0.052147,,,,,0.019489,,,,,,,,,,,,,,,,,0.005643,,,,,,
103021204,898453,13,袋,0.3253,0.139684,0.315765,0.040811,0.000111,,,,,0.006659,,0.020260,0.065324,,0.000871,,,,0.003116,0.325301,,,,,,0.017335,0.038217,,,,0.026546,,
109061203,880117,4,套,0.7663,,0.097626,,0.766270,,,,,0.057615,,,,,,,,,,,,,,,0.078490,,,,,,,,
109061005,867815,3,个,0.9732,,0.973197,,0.020442,,,,,,,,,,0.006361,,,,,,,,,,,,,,,,,,
109024608,839522,2,个,0.9985,,0.998451,,0.001549,,,,,,,,,,,,,,,,,,,,,,,,,,,,
109010402,827667,8,个,0.5522,0.087171,0.552152,0.002136,0.258488,,0.049537,,0.017398,,,0.008010,,,0.025108,,,,,,,,,,,,,,,,,,
102050504,821367,8,个,0.4460,0.378239,0.445978,0.057948,0.065758,,0.032607,0.009642,,,,,,,0.000088,,,,,,,,,,0.009740,,,,,,,,
108041112,802719,7,千克,0.7721,0.772084,0.023312,,,,0.068759,,,0.063740,,,,,0.001805,,,,,0.000238,,,,,,0.070063,,,,,,,
301020102,782482,3,UNKNOWN,0.6717,0.328168,0.000179,0.671653,,,,,,,,,,,,,,,,,,,,,,,,,,,,,
109022306,760847,2,个,0.9999,,0.999869,,0.000131,,,,,,,,,,,,,,,,,,,,,,,,,,,,
101020404,742546,9,千克,0.5273,0.527309,0.029987,0.012498,,,,,,,,0.000871,,,0.006916,,,,0.086583,0.314337,,,,,0.000022,,0.021479,,,,,,
105011006,717119,4,千克,0.5304,0.530417,0.463574,0.000752,0.005257,,,,,,,,,,,,,,,,,,,,,,,,,,,,
102040401,716050,4,个,0.4536,0.182216,0.453621,,0.107939,,,,,,,,,,,0.256223,,,,,,,,,,,,,,,,,
106020504,702976,5,千瓦时,0.9240,,0.030634,,,0.923957,0.000025,,,0.004159,,0.041225,,,,,,,,,,,,,,,,,,,,,
106050803,682516,5,平方米,0.5720,,0.211213,,0.204891,,,,,0.006271,0.571955,,,,,0.005670,,,,,,,,,,,,,,,,,
101050700,648592,5,千克,0.9402,0.940230,0.002159,0.024856,,,,,,0.002780,,,0.029975,,,,,,,,,,,,,,,,,,,,
106050207,642334,9,千克,0.6554,0.655427,0.127784,0.000072,0.100502,,,,,0.000339,,0.027323,,,0.002973,0.056046,,,,,,,,,,0.029534,,,,,,,
103040301,640102,4,个,0.9813,,0.981289,,,,,,,,0.016169,0.002479,,,,,,,,,,,,,,,0.000062,,,,,,
102049902,635769,4,千克,0.8597,0.859685,0.119985,,0.020314,,,,,,,,,,0.000016,,,,,,,,,,,,,,,,,,
108040503,625720,5,UNKNOWN,0.5783,0.041604,0.368515,0.578313,0.003898,,,,,,,,,,,,,,,,,,,,0.007671,,,,,,,,
101011906,625001,5,个,0.7577,0.237988,0.757702,,,,,,,,,0.003523,,,,,,,,0.000578,,,,,,,0.000208,,,,,,
109023804,615348,3,个,0.8965,,0.896514,,,,,,,,,0.089705,0.013781,,,,,,,,,,,,,,,,,,,,
107030703,604823,5,瓶,0.9266,,0.024974,0.001190,,,,,,0.014520,,0.032703,,,0.926613,,,,,,,,,,,,,,,,,,
109050403,598538,3,个,0.5545,,0.554541,0.320153,0.125305,,,,,,,,,,,,,,,,,,,,,,,,,,,,
101011905,569800,1,千克,1.0000,1.000000,,,,,,,,,,,,,,,,,,,,,,,,,,,,,,,
109062302,567988,7,卷,0.8163,,0.139950,0.000563,,,,,,0.030168,,0.000164,,,,,,,,,,,,,,0.816258,0.006136,,,,0.006761,,
108041118,523628,3,立方米,0.8885,,0.025907,,,,0.085600,0.888493,,,,,,,,,,,,,,,,,,,,,,,,,
102050306,498681,3,千克,0.7254,0.725409,0.273849,,,,,,,,,,,,,,,,,0.000742,,,,,,,,,,,,,
109060309,493519,5,个,0.5735,0.002188,0.573521,0.020364,0.008027,,,,,0.395900,,,,,,,,,,,,,,,,,,,,,,,
101011303,488591,6,个,0.8947,0.075710,0.894708,0.011462,,,,,,0.017758,,0.000332,,,,,,,,0.000031,,,,,,,,,,,,,
302010400,483360,2,套,0.9608,,0.039226,,0.960774,,,,,,,,,,,,,,,,,,,,,,,,,,,,
109024006,478778,8,套,0.3435,0.251145,0.118844,0.098866,0.343531,,,,,0.038849,,0.023414,,0.020918,,0.104433,,,,,,,,,,,,,,,,,
103040302,472767,4,个,0.8847,,0.884742,,,,,,,,,0.091517,,,0.023641,,,,,,,,,,,,0.000101,,,,,,
105020203,463794,6,立方米,0.6239,,0.018435,,,,0.009573,0.623876,,0.001565,,,,,,0.343839,,,,,,,,,,0.002710,,,,,,,
106041002,462735,2,个,0.9295,,0.929502,,0.070498,,,,,,,,,,,,,,,,,,,,,,,,,,,,
106050602,438053,6,个,0.8069,0.067193,0.806876,,,,,,,0.107384,,0.013768,,0.003653,,,,,,,,,,,,,0.001126,,,,,,
106020501,433545,5,千瓦时,0.8861,,0.072792,0.012564,0.028013,0.886088,,,,,,0.000543,,,,,,,,,,,,,,,,,,,,,
307050200,431335,2,UNKNOWN,0.9955,,,0.995527,,,,,,0.004473,,,,,,,,,,,,,,,,,,,,,,,
109023801,424184,3,千米,0.7085,,0.164698,,0.126811,,0.708491,,,,,,,,,,,,,,,,,,,,,,,,,,
102050517,421796,4,千克,0.9833,0.983326,0.009772,,,,,,,,,,,,,,,,,0.001625,,,,,,,0.005277,,,,,,
107021609,419471,4,千克,0.9934,0.993432,0.003862,,,,,,,,,,,,,,,,0.000759,,,,,,,,0.001947,,,,,,
102040402,417132,2,个,0.5679,0.432109,0.567891,,,,,,,,,,,,,,,,,,,,,,,,,,,,,,
108032103,412763,1,千克,1.0000,1.000000,,,,,,,,,,,,,,,,,,,,,,,,,,,,,,,
109023706,411937,3,个,0.7112,,0.711213,,,,,,,0.272663,,,,0.016124,,,,,,,,,,,,,,,,,,,
110020105,411760,2,个,0.9514,,0.951428,,0.048572,,,,,,,,,,,,,,,,,,,,,,,,,,,,
109062203,411134,1,个,1.0000,,1.000000,,,,,,,,,,,,,,,,,,,,,,,,,,,,,,
109061306,402557,2,个,0.9975,,0.997466,,,,,,,0.002534,,,,,,,,,,,,,,,,,,,,,,,
306010400,390310,2,UNKNOWN,0.6397,,,0.639688,,,,,,,,,0.360312,,,,,,,,,,,,,,,,,,,,
101010702,381216,5,千克,0.9107,0.910740,,0.001217,,,,,,,,0.000519,,,0.086139,,,,,0.001385,,,,,,,,,,,,,
108012201,369114,4,个,0.9445,,0.944543,,0.001355,,,,,,,,0.048901,,,,,,,,,,,,,0.005202,,,,,,,
108032411,368358,1,千克,1.0000,1.000000,,,,,,,,,,,,,,,,,,,,,,,,,,,,,,,
109024606,353855,4,盒,0.9699,,0.015618,0.005652,,,,,,,,0.969913,,,0.008817,,,,,,,,,,,,,,,,,,
106050202,341254,3,个,0.9872,,0.987165,0.011604,,,,,,,,0.001231,,,,,,,,,,,,,,,,,,,,,
109021805,323547,3,套,0.5927,,0.407180,,0.592743,,,,,,,0.000077,,,,,,,,,,,,,,,,,,,,,
108031399,322109,2,千克,0.9965,0.996461,,,,,0.003539,,,,,,,,,,,,,,,,,,,,,,,,,,
107022605,317751,1,千克,1.0000,1.000000,,,,,,,,,,,,,,,,,,,,,,,,,,,,,,,
307050100,317731,3,立方米,0.7960,,,0.192638,,,,0.795995,,,,0.011367,,,,,,,,,,,,,,,,,,,,,
103020905,314055,9,箱,0.3792,0.026756,0.262098,0.025744,0.002519,,,,,,,0.011977,0.379160,,0.113383,,,,,0.119209,,,,,,,0.059155,,,,,,
106020402,304822,3,套,0.7047,,0.290085,,0.704674,,,,,,,0.005241,,,,,,,,,,,,,,,,,,,,,
106051110,304646,3,套,0.9770,,0.023014,,0.976983,,,,,0.000004,,,,,,,,,,,,,,,,,,,,,,,
301049902,303500,2,UNKNOWN,0.9555,,,0.955519,0.044481,,,,,,,,,,,,,,,,,,,,,,,,,,,,
108041115,293414,5,千克,0.7006,0.700617,0.084627,,,,0.208621,,,,,,,,0.003238,,,,,,,,,,,0.002897,,,,,,,
108032403,286609,2,个,0.5104,0.489580,0.510420,,,,,,,,,,,,,,,,,,,,,,,,,,,,,,
307050400,276898,2,次,0.9984,,,0.001625,,,,,,,,,,0.998375,,,,,,,,,,,,,,,,,,,
306010999,267813,6,套,0.4369,,0.212311,0.154745,0.436871,,,,,,,,,0.049777,,,,,0.034278,,,,,,,,,0.112018,,,,,
106050305,259052,8,千克,0.5570,0.556993,0.137000,0.007488,0.002205,,0.004179,,,,,,,,0.038478,,,,0.252011,,,,0.001647,,,,,,,,,,
101011901,249288,9,UNKNOWN,0.3902,0.030188,0.138695,0.390177,,,,,,0.087248,,0.001892,0.031664,,,,,,,0.295316,,,0.007822,,,,0.016997,,,,,,
102050510,235350,2,千克,0.5742,0.574212,0.425788,,,,,,,,,,,,,,,,,,,,,,,,,,,,,,
109023702,228571,2,套,0.7808,,0.219237,,0.780763,,,,,,,,,,,,,,,,,,,,,,,,,,,,
106051112,223559,5,个,0.6911,,0.691148,0.006081,0.200444,,,,,,,0.097603,,,0.004724,,,,,,,,,,,,,,,,,,
106050804,221942,7,千克,0.6470,0.646989,0.197407,0.070289,0.001802,,0.001036,,,,,,,,,0.073893,,,,0.008583,,,,,,,,,,,,,
107021604,213205,6,千克,0.4029,0.402924,0.019199,,,,,,,0.016245,,0.149073,,,,,,,,0.090147,,,,,,,0.322413,,,,,,
101030105,200486,4,瓶,0.6920,,0.001856,,,,,,,,,0.257049,,,0.692005,,,,0.049091,,,,,,,,,,,,,,
101030499,197465,3,个,0.6132,0.105217,0.613214,,,,,,0.281569,,,,,,,,,,,,,,,,,,,,,,,,
301020401,190763,2,UNKNOWN,0.9750,,,0.975032,,,,,,,,,,,,,0.024968,,,,,,,,,,,,,,,,
107022602,184825,1,千克,1.0000,1.000000,,,,,,,,,,,,,,,,,,,,,,,,,,,,,,,
109021806,184011,4,个,0.8368,0.140500,0.836770,,,,,,,,,,,,,,,,0.000095,,0.022635,,,,,,,,,,,,
109061504,175498,3,个,0.9208,,0.920797,,0.005128,,,,,,,,,,,,,,,,,,,,0.074075,,,,,,,,
306030203,174500,1,千克,1.0000,1.000000,,,,,,,,,,,,,,,,,,,,,,,,,,,,,,,
109025501,170262,2,套,0.6784,,0.321633,,0.678367,,,,,,,,,,,,,,,,,,,,,,,,,,,,
109024301,165752,3,个,0.6802,,0.680172,,0.300907,,,,,,,0.018921,,,,,,,,,,,,,,,,,,,,,
101011304,164469,6,个,0.4243,0.073205,0.424322,,,,,,,0.080258,,,,,,0.344003,,,,,,,0.000021,,,,0.078191,,,,,,
106051111,161417,4,个,0.9059,0.037082,0.905908,0.003887,,,,,,,,,,,,,,,,,,,,,,0.053123,,,,,,,
106050306,158074,5,千克,0.6070,0.607002,0.378530,,,,0.001898,,,0.000070,,,,,,,,,0.012500,,,,,,,,,,,,,,
106041006,155449,4,个,0.9624,,0.962401,,0.035606,,,,,,,0.000784,,,,,,,,,,,,,,,0.001209,,,,,,
102050308,148626,6,立方米,0.6680,0.077375,0.053294,,0.015744,,,0.667981,,,,0.000538,,,,,,,,,,,,,,0.185068,,,,,,,
109051403,146994,2,套,0.9585,,0.041457,,0.958543,,,,,,,,,,,,,,,,,,,,,,,,,,,,
109025404,139822,5,个,0.6706,0.000715,0.670557,,0.325607,,0.000715,,,0.002406,,,,,,,,,,,,,,,,,,,,,,,
109022407,136500,2,套,0.6447,,0.355311,,0.644689,,,,,,,,,,,,,,,,,,,,,,,,,,,,
107021007,127414,10,个,0.8136,0.056038,0.813580,0.000259,,,,,0.002755,0.002511,,0.006155,,,0.029435,,,,0.010548,0.078484,,,,,,,0.000235,,,,,,
108041119,125385,2,千米,0.9673,,0.032731,,,,0.967269,,,,,,,,,,,,,,,,,,,,,,,,,,
109010707,122523,2,个,0.9931,0.006856,0.993144,,,,,,,,,,,,,,,,,,,,,,,,,,,,,,
101030401,121845,8,千克,0.5754,0.575400,0.214311,0.028081,,,,,,0.057303,,,,0.025853,0.000903,,,,,0.041028,,,,,,,0.057123,,,,,,
106041005,117200,3,个,0.5596,0.220989,0.559557,,0.219453,,,,,,,,,,,,,,,,,,,,,,,,,,,,
110030203,116161,2,套,0.9997,0.000310,,,0.999690,,,,,,,,,,,,,,,,,,,,,,,,,,,,
108041110,112794,2,千克,0.9421,0.942107,0.057893,,,,,,,,,,,,,,,,,,,,,,,,,,,,,,
109023502,108754,2,个,0.8408,0.159222,0.840778,,,,,,,,,,,,,,,,,,,,,,,,,,,,,,
304040400,107109,4,UNKNOWN,0.8775,0.033611,,0.877461,,,,,,,,,,0.007469,,,0.081459,,,,,,,,,,,,,,,,
301020302,98880,1,车,1.0000,,,,,,,,,,,,,,,,,,,,,,,,,,,,,,,,1.000000
304050102,94200,1,月,1.0000,,,,,,,,,,,,,,,,1.000000,,,,,,,,,,,,,,,,
108041117,93898.2,3,千米,0.7775,,0.216644,,0.005857,,0.777498,,,,,,,,,,,,,,,,,,,,,,,,,,
107021701,93472.2,3,个,0.9072,,0.907162,,,,,,,,,0.085135,,,0.007703,,,,,,,,,,,,,,,,,,
108031107,92567.1,1,个,1.0000,,1.000000,,,,,,,,,,,,,,,,,,,,,,,,,,,,,,
106051008,80662.7,2,个,0.8032,,0.803203,,0.196797,,,,,,,,,,,,,,,,,,,,,,,,,,,,
102050513,64842.8,3,千米,0.6161,0.014574,0.369321,,,,0.616105,,,,,,,,,,,,,,,,,,,,,,,,,,
109041204,64417.5,4,个,0.8694,0.071409,0.869377,0.030899,,,,,,0.028315,,,,,,,,,,,,,,,,,,,,,,,
108041116,63152.9,2,千米,0.9913,,0.008709,,,,0.991291,,,,,,,,,,,,,,,,,,,,,,,,,,
109032604,61728.8,3,个,0.8780,,0.878034,0.003208,0.118758,,,,,,,,,,,,,,,,,,,,,,,,,,,,
109032402,60317,1,个,1.0000,,1.000000,,,,,,,,,,,,,,,,,,,,,,,,,,,,,,
301050301,53712,2,千克,0.9390,0.938971,,,,,,,,,,,,0.061029,,,,,,,,,,,,,,,,,,,
108030900,51386.7,3,瓶,0.6055,0.120117,0.274416,,,,,,,,,,,,0.605468,,,,,,,,,,,,,,,,,,
108032407,49148,1,套,1.0000,,,,1.000000,,,,,,,,,,,,,,,,,,,,,,,,,,,,
405010200,48997,1,UNKNOWN,1.0000,,,1.000000,,,,,,,,,,,,,,,,,,,,,,,,,,,,,
109061202,43271,2,个,0.6402,,0.640175,,0.359825,,,,,,,,,,,,,,,,,,,,,,,,,,,,
302010200,37990.7,2,UNKNOWN,0.8581,,,0.858104,,,,,,0.141896,,,,,,,,,,,,,,,,,,,,,,,
106051109,35830,3,个,0.9444,,0.944432,0.047949,,,,,,,,,,,,,,,0.007619,,,,,,,,,,,,,,
109032802,30530.3,2,套,0.5317,,0.468299,,0.531701,,,,,,,,,,,,,,,,,,,,,,,,,,,,
109025101,27620.2,3,个,0.4613,,0.461313,,,,0.143686,,,,,,0.395001,,,,,,,,,,,,,,,,,,,,
106051102,24504,1,个,1.0000,,1.000000,,,,,,,,,,,,,,,,,,,,,,,,,,,,,,
102050511,23961.3,3,千克,0.5893,0.589333,0.409999,,,,,,,,,,,,0.000668,,,,,,,,,,,,,,,,,,
301050401,21797.6,3,盒,0.8165,,0.141972,0.041564,,,,,,,,0.816464,,,,,,,,,,,,,,,,,,,,,
107040404,20800,2,千克,0.9615,0.961538,,,,,,,,,,,,,,,,,,,,,,,,0.038462,,,,,,,
109021807,18037.4,2,个,0.9950,,0.995010,,0.004990,,,,,,,,,,,,,,,,,,,,,,,,,,,,
109042604,17030,3,个,0.6439,,0.643864,,0.303288,,,,,,,0.052848,,,,,,,,,,,,,,,,,,,,,
108032105,15962.4,2,千克,0.6617,0.661705,0.338295,,,,,,,,,,,,,,,,,,,,,,,,,,,,,,
301059901,10000,1,UNKNOWN,1.0000,,,1.000000,,,,,,,,,,,,,,,,,,,,,,,,,,,,,
302020000,8925.26,2,UNKNOWN,0.6474,0.352613,,0.647387,,,,,,,,,,,,,,,,,,,,,,,,,,,,,
109042205,6154.5,4,个,0.9008,,0.900804,,,,,,,,,0.005606,0.023398,,,,,,,,,,0.070193,,,,,,,,,,
109022305,4694,4,卷,0.4942,0.138475,0.189433,,,,,,,,,,,,,,,,,,,,,,,0.494248,0.177844,,,,,,
108032410,4180,1,千克,1.0000,1.000000,,,,,,,,,,,,,,,,,,,,,,,,,,,,,,,
102050518,4179.85,1,瓶,1.0000,,,,,,,,,,,,,,1.000000,,,,,,,,,,,,,,,,,,
101030402,3363.5,1,千克,1.0000,1.000000,,,,,,,,,,,,,,,,,,,,,,,,,,,,,,,
109031803,2760,1,个,1.0000,,1.000000,,,,,,,,,,,,,,,,,,,,,,,,,,,,,,
107021614,2119,4,个,0.8966,,0.896649,,,,,,,,,0.070788,,,0.018405,,,,,,,,,,,,0.014158,,,,,,
109023904,2091.88,2,个,0.8835,,0.883550,,,,,,,,,,,,,,,,,,,,,,,,0.116450,,,,,,
110030204,1801.12,2,个,0.9903,,0.990339,,,,,,,,,0.009661,,,,,,,,,,,,,,,,,,,,,
301060100,801.17,2,OTHER,0.9985,,,0.001460,,,,,,0.998540,,,,,,,,,,,,,,,,,,,,,,,
101030107,764.36,1,个,1.0000,,1.000000,,,,,,,,,,,,,,,,,,,,,,,,,,,,,,
109021604,764.2,1,个,1.0000,,1.000000,,,,,,,,,,,,,,,,,,,,,,,,,,,,,,
109032403,580,1,个,1.0000,,1.000000,,,,,,,,,,,,,,,,,,,,,,,,,,,,,,
109032303,480,1,个,1.0000,,1.000000,,,,,,,,,,,,,,,,,,,,,,,,,,,,,,
306040100,80,1,UNKNOWN,1.0000,,,1.000000,,,,,,,,,,,,,,,,,,,,,,,,,,,,,
