product_id,n_units,dom_unit,dom_share,dom_value,v_prod
305010000,285,UNKNOWN,.8026503733829855,286633365202.3401,357108617534.4899
109050501,162,台,.7321657757290208,213895598787.6984,292140941134.1599
108030100,131,吨,.959690380199132,272168181643.0802,283599989390.96
102010200,57,吨,.7323158110910289,163256404769.3503,222931694627.9302
102010100,97,吨,.975027450812438,196522213249.7896,201555569626.3096
109030501,133,辆,.6926581542424883,131707224478.58,190147511686.51
108020705,138,吨,.9785944464459533,158869321499.2402,162344393099.9402
109050901,176,台,.639143332895185,89671818003.50017,140300013139.941
108020799,364,吨,.9027352524566457,109985025933.3501,121835306236.2901
108020708,74,吨,.9841262183207999,119143014811.8102,121064770548.5402
110010102,471,千瓦时,.2734912597644326,31237098915.35992,114216077480.0098
109031001,34803,件,.318435559551192,33929105393.14005,106549361010.3101
107021301,166,吨,.8556995796133124,75179116915.77985,87856905281.81984
109041501,114,套,.7817940206471636,64692025716.2299,82748171523.08008
107010103,77,吨,.81792264543538,64130931544.02991,78407086418.16982
107010101,101,吨,.9049422979780104,70931946626.05989,78382839198.19991
107010104,73,吨,.9914486112318518,74410558759.83029,75052360673.92026
109052201,121,台,.8136517531023703,58516508351.51057,71918370640.0105
102030100,82,吨,.9046505093074924,61780008974.14999,68291575960.57999
301010202,650,吨,.4413110351228106,29866503188.97999,67676764938.97001
108020707,217,吨,.8249494434994705,52309789459.87016,63409691190.25017
108010102,117,吨,.9886191957643894,62650538584.65996,63371760181.34997
108030602,74,吨,.9403103194078073,59545932764.03004,63325831414.39002
108020710,95,吨,.9483849478115286,57575403403.07014,60708896251.39014
305990000,196,UNKNOWN,.8243334133738209,48870599301.34008,59284991374.21002
201050000,1024,吨,.1963497027182701,10409076816.54,53012949204.58998
108030202,59,吨,.9733225329215461,50508866908.30995,51893247304.87995
108010301,150,立方米,.3001607660639238,15449193863.50999,51469730924.85994
107021303,53,吨,.9858490707393686,48320888215.00975,49014488778.45975
108040101,417,吨,.5274786677680965,25667774298.82997,48661255643.63995
108020600,96,吨,.979055006936049,47055804658.22004,48062472818.03001
107010301,38,吨,.9957322957521164,46412297457.00993,46611220360.13993
102020101,77,吨,.9949865875038956,43841648263.68999,44062552012.56001
107020202,75,吨,.982871739163005,42462563330.84003,43202547839.05003
106010504,571,箱,.5139253409099215,20723945369.41941,40324817088.65922
304990000,501,UNKNOWN,.7089838072002952,28386574652.66009,40038396313.6701
109990000,1409,台,.2738522424681978,10801385857.73999,39442386012.21
107010199,222,吨,.9626325636740672,37489196037.45008,38944450304.45007
108031501,163,吨,.5219593465734036,20295842946.17997,38883953471.50996
108020709,103,吨,.785921815468584,30412115054.03018,38696107494.9902
110010101,238,万千瓦时,.2441106344497101,9431940519.790001,38637974707.87002
108031601,315,吨,.4928850019684904,18600085697.19995,37737171191.88998
108020706,100,吨,.9397453542696385,35355712164.10011,37622651714.60011
103010501,255,吨,.5250735051110518,19694327709.20999,37507753709.73
107060201,135,吨,.7549799126443357,27913489631.52999,36972493127.34998
305020000,234,UNKNOWN,.6747285192848407,23318351394.48001,34559605423.52001
108049900,764,吨,.2761899282725024,9405536564.510014,34054596499.37001
108020704,135,吨,.9323748701897926,31668004442.19986,33964884141.23986
107020209,61,吨,.9779726829709147,33206226566.16004,33954145288.89005
107020217,26,吨,.9905167148002297,33522136936.44003,33843080521.06003
307040200,718,UNKNOWN,.8566619682164774,28316544948.87975,33054513915.01974
108031101,34,克,.9863588985976974,30387771682.23,30808027103.96
109040904,250,UNKNOWN,.3259412789697401,9864577581.129953,30264891922.59004
107029999,411,吨,.7101800059961748,21480918326.17001,30247145997.92001
102020200,69,立方米,.7463480309039999,22049415407.40998,29543074402.83998
109041401,57,台,.885124448610299,24425576469.95005,27595640938.74001
102030200,50,吨,.9726074462381004,26810350279.43995,27565438022.43995
304030301,182,UNKNOWN,.627994442677567,17224431109.45,27427680786.48999
104010105,213,米,.7423324653414672,20335734967.23998,27394376396.94999
109041801,64,台,.8683467333059378,23625964929.59003,27207985040.31002
304020101,104,UNKNOWN,.8561481049618506,23268583437.41679,27178222205.43678
103040201,66,万支,.8813182324711701,23631255131.86998,26813532571.09998
304020300,208,UNKNOWN,.6961086418984245,18658449603.94999,26803933295.61998
104010102,176,吨,.6326388893091652,16326137183.78999,25806407825.50999
301010201,71,UNKNOWN,.9277034614398356,23762521492.71997,25614350361.30998
107010111,85,吨,.9763181623238159,24731108604.33998,25330993070.40998
109051299,437,个,.4458380840932153,11007276428.58084,24688955074.28085
108031401,147,吨,.7448784810201918,18003903555.76,24170255973.97001
102019900,64,吨,.9811719088465887,21270560519.21003,21678729616.52003
109051908,235,吨,.2285253384379333,4877284518.260001,21342423346.12998
108020711,70,吨,.960940138353106,20415161398.04997,21244987677.41996
101010401,82,吨,.9820524420788885,20743355677.86,21122452110.55
103030200,179,瓶,.5597908032610041,11747295323.32001,20985152408.52001
109031002,20022,件,.3826659574016608,7919396467.749998,20695325295.00004
109061803,69,只,.8305121167074278,17156868845.64016,20658180056.01015
109041302,151,个,.3138853694086839,6449821372.380014,20548333885.49003
101010103,182,吨,.8138176921168397,16708313683.13997,20530782071.93996
108020800,72,吨,.9673834392463282,19823798538.65001,20492183072.82
108020712,176,吨,.8567125278929451,17360508034.44999,20264099647.45999
107022302,485,瓶,.2165011080455844,4284330034.470003,19788951997.27077
109051104,125,片,.3356994097901534,6550525666.409988,19513068761.4397
304060300,194,UNKNOWN,.6904445191567932,13415111349.4,19429673170.24
108030300,43,吨,.9199408864880736,17636764799.69999,19171628371.71999
304050202,275,UNKNOWN,.6697957660544193,12636676891.76,18866462781.93001
107020201,86,吨,.9698529122999939,17996195506.87001,18555592583.82001
108020713,176,吨,.826450983768288,15178006122.64004,18365282903.33005
107010102,60,吨,.9937924878841189,18180611195.55001,18294172492.95001
306020000,62,UNKNOWN,.7315138392260004,13127590007.57001,17945784896.51001
108030201,59,吨,.9151687175916541,16019558663.67001,17504486720.03001
106010204,237,吨,.7392441286907807,12746733109.85998,17242927762.48999
304020199,176,UNKNOWN,.7234846073244691,12089083646.66002,16709524327.50003
107010107,532,吨,.4781202119676206,7819373631.970005,16354409280.86
108020900,44,吨,.9182905154601672,14938054655.64998,16267242669.01998
106010501,464,个,.3462117958087233,5515903962.84998,15932166464.64996
109041303,56,W,.4223034368970739,6574276490.070002,15567660396.92999
109010206,10171,件,.3678516728363075,5619899673.839999,15277624349.26001
102060000,141,吨,.9181186234768769,13952521152.37998,15196861054.33997
107060199,545,个,.1971358293816662,2988241706.080001,15158288148.08999
104020199,286,件,.7201857965556322,10712773748.24002,14875013919.29005
107022301,697,支,.22538797735859,3258061828.090065,14455348800.2003
109019900,485,台,.2104568991978417,2989553187.94,14205061460.73
107060101,363,公斤,.2013404734467664,2819179935.380006,14002052777.16
305040000,133,UNKNOWN,.7093245150914346,9922426305.200005,13988556851.05
107040302,65,吨,.368648651324958,5072384564.040004,13759400843.62
108031102,28,公斤,.5747342617697342,7855203712.840007,13667540349.26001
101010500,141,吨,.9709981780111385,13005482801.20001,13393931209.88
106010202,128,吨,.8528806103522265,11392751369.74,13357967377.21
109030503,78,辆,.8500483496279878,11081084740.03,13035828779.48
304080299,117,UNKNOWN,.6549288250471265,8451103807.360001,12903850745.54
108020703,142,吨,.9354202502015894,12041531569.97994,12872857485.58993
109010201,216,台,.4509858303884922,5781619948.290005,12819959206.50002
109051003,353,台,.6347635255638704,8105964113.569967,12770053393.29999
107020213,98,吨,.7902810676919129,10055783128.25,12724312322.98
107030205,823,盒,.7689486037374038,9748509168.240004,12677712295.54
306030299,31,份,.3715603217298932,4696859029.680018,12640905809.89004
109040999,309,米,.4207495292185136,5265092729.620017,12513603376.81002
109041602,53,台,.9046076758338363,11270563438.18002,12459062352.96003
107022202,545,箱,.3587759940309114,4427047272.570007,12339307384.62
109040401,180,台,.7251118197145985,8940085976.650005,12329251480.37001
107020402,36,吨,.9878382642377748,12048778382.8,12197116490.62
109042201,66,台,.8498908272695698,10171019174.55004,11967441991.61003
109041701,115,台,.7669188268064056,9119413814.159996,11890976587.62004
108020702,74,吨,.9673040251605374,11482234971.96001,11870347557.02001
107020403,18,吨,.9962239690777117,11785843151.27999,11830515543.79999
106010599,464,吨,.3438815659346231,3971289832.409997,11548423136.95
105010301,125,张,.6480100024277142,7418335894.060005,11447872511.64001
109051101,96,台,.6983626427531081,7960003594.280012,11398094781.96002
304020500,112,次,.4393392688894724,4908136975.779993,11171632775.24998
109051700,129,个,.3602298624546967,3990627999.840004,11078004395.99
109050902,127,台,.5587713593487008,6177997578.649997,11056396279.59998
107050102,464,条,.8603368727507178,9449699451.55002,10983720157.59002
109050401,56,批,.4543347914431986,4939771498.630001,10872536269.87
108031201,66,吨,.828017855814739,8883571393.049995,10728719593.01999
109013104,8568,台,.5104751657298195,5447723801.499996,10671868422.25999
107020801,507,公斤,.3666745136417568,3879866496.469998,10581227634.10999
107010113,32,吨,.9945407730695653,10437439748.67999,10494732877.02999
109050599,80,台,.6475065154541041,6740027298.749991,10409203827.11999
304050201,293,UNKNOWN,.390495946276246,4035941119.669991,10335423858.18999
109059900,174,个,.4364322183114693,4492092476.06014,10292760908.99013
304010500,258,UNKNOWN,.6669918924152853,6689048886.049999,10028680951.17
110010202,95,吨,.8394682902253363,8415033625.049999,10024242396.09
109010101,293,台,.3552075954474368,3549036702.950001,9991443731.599998
109041799,123,台,.8129981165580024,8105639133.419985,9970058931.669983
104010106,135,米,.6744618167739675,6650436475.499985,9860360231.079985
303029900,88,UNKNOWN,.4999042230540336,4869129668.439999,9740125095.75
103020402,341,箱,.3920528876486776,3809790873.83,9717543203.619993
109029900,303,台,.4211997378352846,4090130171.690001,9710666470.760002
109041805,98,台,.4899537901300789,4707488599.930008,9608025684.790001
107020216,49,吨,.9529723422591024,9117334982.410004,9567260851.240007
103010602,157,吨,.9208135106228799,8713399093.779993,9462718556.209993
108041401,820,个,.2375356929904542,2230028165.890008,9388181362.619999
301020201,68,吨,.7075855403140067,6556172262.720006,9265554324.090004
102040101,77,吨,.8914164879702665,8175941677.310007,9171853771.660007
103010701,309,kg,.3204858271775647,2922391583.969999,9118629705.740004
109040702,400,只,.3510294390652325,3179981984.569999,9059017936.039993
104020401,124,双,.9455653562157929,8334131370.37,8813913618.539997
109051999,200,个,.2713518088495763,2344781156.27,8641111206.189999
102030300,49,吨,.9891236815322811,8544311816.009987,8638264329.869989
101020201,51,立方米,.9104740489007631,7787625730.309993,8553374738.919992
108010101,72,吨,.8255345856562115,7032769032.069994,8519048328.519994
106050901,121,克,.411604418334701,3462240248.350001,8411572116.640009
109011800,161,台,.7823299991605031,6472446142.470008,8273294069.53001
107021302,157,吨,.6434060450406907,5239476209.570003,8143343150.030002
103040202,26,万支,.9048876765212203,7261474281.439997,8024724471.169997
107021401,959,吨,.5203499267997973,4175019793.070005,8023484924.360003
107060110,243,个,.3283009744387834,2622658391.719997,7988579370.510002
102040102,55,吨,.6966694756076415,5550965510.19002,7967860950.63002
107020105,55,吨,.9556700220599332,7596042856.920008,7948395033.410009
109052100,121,块,.3049224394003194,2422238061.739985,7943784217.729985
307990000,290,UNKNOWN,.6736094680179047,5349076947.319993,7940917105.959997
107060103,356,米,.5232997117168301,4149597303.879992,7929676265.75999
109040703,492,个,.3065324498322181,2421327995.790063,7899091913.810064
109020301,93,台,.925950660852442,7298535037.040009,7882207276.920008
106010201,115,吨,.8344618997840741,6411187517.750004,7683020062.880003
107020102,80,吨,.9437867499543462,7199038634.450006,7627823377.260007
109051906,143,个,.5513292091955967,4149932436.780274,7527140531.580271
109041804,69,台,.7355994409157335,5505527201.50005,7484409170.630045
109012001,171,件,.4026910159357041,3009266902.159999,7472893069.560002
109040704,216,台,.4377433986936709,3271201804.209998,7472875236.889997
108013001,50,吨,.9437582252892598,7041656956.909996,7461293335.749994
108020500,76,吨,.9447768324970813,7045830577.479996,7457666546.349995
109011901,286,台,.2950710756136191,2149010501.72,7283026630.960001
109051201,62,个,.2474651299950199,1796276137.289996,7258704033.679996
101010101,222,吨,.4120927833832667,2986542572.380001,7247257639.070006
107050101,124,条,.7275965687276511,5252815840.639988,7219407108.839989
103010201,191,吨,.1902261672867377,1372004988.77,7212493466.8
108031502,32,吨,.610264098066134,4388722566.76,7191513609.709999
304040800,236,吨,.4254565348333259,3055405956.21001,7181476146.340014
108031099,77,吨,.8354752404257412,5955659475.509998,7128469148.259995
106020199,731,个,.1984723754719419,1413126403.459997,7120015569.419994
107030203,162,支,.4273330695606581,3037963917.43,7109124319.710001
108041000,153,只,.5012949454391573,3527975493.429999,7037724049.539998
304030101,106,UNKNOWN,.7249641940193532,5090080285.299997,7021147150.839998
304010100,152,UNKNOWN,.5479939162346703,3843857727.489999,7014416791.160002
103020899,528,盒,.2825495723958674,1957218789.79,6926992574.059996
109062201,53,台,.499721312388549,3447088185.500008,6898021157.080027
110020202,41,立方米,.4752792487165583,3272768892.139998,6885991553.339993
109051103,124,台,.6771149400994395,4604656987.699975,6800406718.279981
106030102,140,套,.8460927414535896,5752963837.999998,6799448282.84
108020100,89,吨,.7854316720927511,5293773948.529995,6739954774.709997
103040101,21,公斤,.7102618037080066,4751342259.43,6689564657.18
107020106,65,吨,.9750506736450032,6518490520.300001,6685283848.820001
107021506,112,吨,.9218248672092456,6086065696.419995,6602193011.829996
105020101,335,件,.2029805260560535,1339924475.639999,6601246443.069992
107020306,131,吨,.3599005443677106,2358557524.499999,6553359147.159996
109041901,97,台,.2712491487216756,1776668376.100003,6549950053.200034
104020499,118,双,.9010965021921422,5820427008.470015,6459271558.939995
108011001,116,平方米,.6235081241832439,3948107513.089999,6332086720.219996
107020301,87,吨,.9456180144680648,5972716280.330001,6316203994.580002
106051299,564,个,.354088508590568,2211403652.880619,6245341487.310624
109013601,152,件,.3683041027335229,2294802896.930003,6230728574.290006
103030500,138,瓶,.4564182976758655,2826891436.560009,6193641777.630008
107021304,101,吨,.6399580262447372,3939290816.84,6155545606.569999
108012600,119,吨,.6902448294000353,4158609413.220004,6024832401.620003
109042401,223,个,.368815222559097,2219757509.419971,6018616840.209976
108041700,627,个,.2121791762745778,1260533318.490003,5940890810.410004
104020101,155,件,.7632032559404521,4500279966.460012,5896568091.699992
304050101,136,UNKNOWN,.3925958521450474,2311555552.4,5887875635.390002
109030300,109,列,.3298109720512418,1931719969.28,5857051866.000002
107020112,49,KG,.4952114738474123,2898573220.56,5853202871.169998
501020100,47,平方米,.4976041246325784,2899985099.93,5827896024.92
304040202,149,吨,.7557282508084984,4381391097.109997,5797574845.749999
103020602,220,箱,.8217623428053266,4700192760.539996,5719649728.039996
109040201,72,台,.353905021718528,2017685245.76,5701205470.22
103020401,406,件,.4948380177740676,2817685779.709999,5694157842.569998
107060106,339,条,.428882895567501,2428524483.33,5662441912.299996
107010105,40,吨,.9911075401093484,5609093934.470002,5659420100.720002
110020203,50,吨,.7296003552649596,4126054364.41,5655225267.690001
109023207,236,个,.2663599641782985,1504796986.259997,5649486366.699996
501990000,87,平方米,.4256909152694939,2401207686.789999,5640730400.059999
108012701,105,吨,.5888348103850441,3321056244.909999,5640047406.059998
107060112,502,个,.3571748164276148,2013588402.940008,5637543047.070011
109040806,238,只,.2875086185414742,1614623238.689988,5615912479.009991
101011800,198,kg,.4177266567422631,2345454935.780001,5614807908.289999
107021801,95,盒,.9055000473089743,5064912180.469992,5593497422.24999
109041403,52,台,.7588452268276606,4213419204.099997,5552409180.610021
304030302,87,UNKNOWN,.7060674447929064,3898205768.170001,5521010488.330002
106010299,99,吨,.8320303093128871,4589357017.819996,5515853168.389995
107021404,110,吨,.7307109658346419,4029290338.950001,5514205379.89
109051901,96,只,.4474238204794985,2461993509.400006,5502598200.430004
107060109,264,个,.4054856097720334,2205558243.200007,5439300902.540009
106010101,101,吨,.9110433532918789,4904442107.349997,5383324613.069997
107020215,48,吨,.5976089347228397,3210955806.429999,5373005020.279998
109021199,209,套,.5045210279802083,2708742052.300002,5368937867.95
107060107,242,吨,.3198275304334232,1703166952.35,5325266871.31
107020101,101,吨,.7854810229968449,4175279272.110003,5315569886.310002
109012301,216,套,.6156846499525844,3266392931.249999,5305301880.6
109010801,91,台,.9001535750605587,4764483193.760031,5292967028.920033
107021101,90,公斤,.4883409157148363,2584141148.58,5291674454.099999
304080101,372,UNKNOWN,.7513594467822867,3938446936.689996,5241761388.049995
109062402,50,台,.7188079846468373,3766747460.909995,5240269364.509998
104011306,125,双,.8639541690766217,4442788843.989979,5142389495.889984
109011501,111,台,.8398286440479232,4271046803.130001,5085616968.890003
108010601,99,片,.3357983277514002,1706497222.649999,5081911021.049996
107021402,110,吨,.3632004721505451,1843065850.44,5074513916.589999
109041704,75,台,.8160577901774257,4140608168.380002,5073915374.890005
106030103,135,套,.5105774290889356,2590075136.610002,5072835164.749999
101010102,150,公斤,.4648193828368479,2354024134.730001,5064384622.609997
104010204,62,米,.9441823059305617,4738077366.920077,5018180638.590076
109040902,242,米,.2657331304724346,1329465214.819998,5003008892.629999
108019901,123,吨,.7057444135049992,3509260405.130002,4972423922.850003
109030900,46,台,.5313189263225884,2626346689.29,4943070083.1
109030801,88,辆,.7371174384731428,3632135848.119998,4927485986.009998
109050502,109,个,.4330801807795125,2126056453.490003,4909152041.230003
109041601,83,台,.8186443797102761,4012565352.860004,4901475478.620007
304080201,187,UNKNOWN,.4332540690948365,2100719770.770001,4848701767.899997
109041705,75,台,.7591212291989017,3670405880.409994,4835072106.049994
102050101,65,吨,.9352016111456921,4519116774.000001,4832238011.720001
103030702,266,吨,.5053667870532265,2439827911.250005,4827835888.220008
108030603,54,吨,.6824701868719448,3293687827.900002,4826127047.390002
107010203,48,吨,.8597745515167645,4087238758.140002,4753849425.910004
102050404,93,吨,.6518749591063463,3087976015.570001,4737068010.410001
109013702,299,件,.396163854905149,1874452512.26,4731508160.199997
109024506,83,EA,.7511144723309791,3533116859.379979,4703832757.229991
107020407,34,吨,.9906973506271237,4650858482.379998,4694530049.399998
109011701,191,台,.6773936793310992,3171123024.869996,4681359040.729994
109041301,151,千克,.3188190680839326,1476695233,4631765728.050004
104020111,117,件,.96126028270879,4450300184.500009,4629651577.78001
107021599,662,吨,.4798873606081427,2213756303.42,4613074827.839999
103010101,103,公斤,.29569431768354,1362993659.079998,4609468554.409998
107060102,207,吨,.2526066702761542,1163370612.94,4605462760.219998
109050107,136,个,.2428004029505418,1116238224.499998,4597349143.310008
108030400,52,吨,.8727358580026074,3999937243.060001,4583216337.890004
108041201,162,吨,.7747689410025517,3534647362.29,4562195482.070001
107030101,141,盒,.2692654511120252,1224489031.400001,4547516312.780003
304020103,143,UNKNOWN,.5174432626938436,2344806825.310005,4531524505.900002
105010101,93,立方米,.7385049221660551,3344936214.059996,4529335030.359997
109050303,91,台,.5849311052482642,2638112208.129998,4510124670.169994
109041706,90,台,.9256595672064619,4171180204.21,4506170899.089997
106030101,147,套,.7448291535023162,3348087367.919998,4495107840.74
108030601,69,吨,.460021913616129,2064582278.349998,4488008543.159999
107030206,421,盒,.8288946650772661,3713407495.08,4479951013.720002
304030199,131,UNKNOWN,.6020403757948081,2689889034.510003,4467954547.000002
109030504,41,辆,.9222139106946762,4115764112.119999,4462916970.119999
108032500,30,吨,.8617623676698528,3820347841.64,4433180172.360001
109050101,149,套,.5478941053363319,2416333648.01,4410220194.879999
103029900,372,UNKNOWN,.414755332103089,1795511676.390001,4329086421.35002
104020123,112,件,.8531676970119336,3686996323.359998,4321537648.779999
107020108,74,吨,.6303100543638933,2702272870.389999,4287212066
109011504,165,PC,.3224461064618304,1374799493.859987,4263656674.119986
109052203,72,台,.4591135673032695,1956825695.319997,4262182245.700021
304080301,77,UNKNOWN,.5132382965818684,2176775626.369999,4241257211.059999
109024901,115,套,.5588174227562208,2361821548.2,4226463692.829999
107021307,296,公斤,.2620488423814264,1094635393.13,4177218961.1
101020401,87,吨,.9756451426009776,4044119265.639999,4145071900.689999
107022401,266,支,.4246778853534922,1747017237.770004,4113746672.529996
109025310,123,台,.4924596542576825,2021896489.68,4105709924.050002
103030701,230,箱,.9167401719286079,3716535296.110003,4054077054.670002
103010402,42,kg,.4586289368363329,1855381476.75,4045495885.08
107020122,57,吨,.9193619900248322,3711540440.909995,4037082760.849994
107021809,117,片,.5192343552788494,2091472344.57,4027992992.580001
108041102,99,吨,.393662024026978,1585040513.06,4026399338.31
102020300,40,吨,.7755471425576271,3104427329.510001,4002886683.68
107020214,76,吨,.7609459802558636,3040224540.529999,3995322426.839999
109013103,110,台,.634702127186492,2525277481.669997,3978681295.529997
104030302,138,个,.7425388359144701,2932487098.840039,3949271010.490042
109041703,123,台,.7662726607058542,3000652334.030001,3915906814.770008
106010305,85,吨,.2506326936859674,981448389.9800005,3915883341.260002
109040701,178,台,.5123575468257145,2004299240.550002,3911915132.250002
109013002,137,台,.5882367127830367,2292477656.850001,3897202617.640003
106020101,247,册,.5404542250288085,2102050344.129994,3889414212.679985
107010303,30,吨,.9631807836212668,3740502182.369997,3883489211.969996
108050000,65,千克铀,.6809100572046604,2613201499.1,3837807169.169999
104010404,86,米,.381955630768671,1452896034.980002,3803834576.430002
109012403,84,台,.4656950527101555,1771361833.13,3803694762.960001
107010302,22,吨,.9912980664560823,3767551959.180002,3800624743.120002
107020234,9,公斤,.8078257849598637,3062146620.13001,3790602722.94001
109030502,42,辆,.5308881788376768,2000639504.69,3768476271.349999
107020601,66,千克,.494266341707421,1856772326.69,3756623039.06
107059900,215,吨,.3635254546845155,1363628058.87,3751121252.439999
109051603,123,个,.3021703066307377,1132208944.959999,3746923242.01
109052205,135,个,.3792684247754456,1414442433.720014,3729396757.870013
304080399,69,UNKNOWN,.5816261179890592,2157729795.14,3709822733.890002
109060102,129,台,.3572323007233562,1323447682.72,3704725692.610002
107010109,57,吨,.9625094127177725,3565456945.930001,3704334626.570001
304040799,212,UNKNOWN,.3868075049252681,1428314462.180001,3692571741.74
107030202,79,瓶,.4556178807386361,1676792681.249999,3680260920.69
104020402,95,双,.9385121366511838,3437145746.959999,3662334894.490001
108010306,31,米,.9005704511371364,3287428504.379999,3650384598.149999
109041702,75,台,.8414584070376412,3071576277.09,3650300777.079999
107021001,65,吨,.8129507934629505,2954151117.079998,3633862148.649999
103020604,592,箱,.4010428184285375,1450221651.760003,3616126720.440004
109013001,156,台,.392460676123819,1412187987.68,3598291685.239984
304040903,78,UNKNOWN,.5634806060681757,2021257941.499996,3587094071.619998
104019999,220,米,.2308501088774139,827917073.0300008,3586383723.43
104030201,73,平方英尺,.6106466734107913,2177041774.400001,3565141462.640003
106010203,179,包,.3885274284759839,1384360829.359999,3563096780.039999
107022303,189,箱,.2457151577973645,874546791.6000006,3559189426.649938
105020199,169,套,.2043491693434658,717590421.0700003,3511589615.829998
304030402,90,UNKNOWN,.6876068665329145,2387940140.110003,3472827652.450001
109031100,70,辆,.6395275631829087,2202701581.24,3444263715.98
301990200,111,吨,.4173049066719014,1428299964.529999,3422677140.129998
102040199,58,吨,.8518756658641856,2903280031.430002,3408103022.270002
109042001,95,台,.7148633806594954,2434711279.779997,3405841375.64
108040301,504,支,.2380767797250074,806440800.5000005,3387313964.14
103010406,21,吨,.8681008467918716,2939996176.2,3386698892.26
107040201,50,吨,.5783690794082846,1935502020.560001,3346482530.740001
109041904,64,台,.6530843589111468,2181807808.330011,3340774860.950007
304060100,174,UNKNOWN,.3315253893520021,1097761937.9,3311245452.56
109051099,120,台,.4967628624085494,1642035292.109998,3305471113.819998
109013701,136,件,.5173842973040536,1704612057.790002,3294672966.830002
103030799,175,箱,.6344535466962392,2077381638.660002,3274284854.23
109010299,99,台,.4567401335702286,1490990126.1,3264416714.260002
107021308,145,吨,.2859421920176593,933131718.61,3263357925.689999
109013105,176,台,.2603687125948883,847841248.5399996,3256310023.159998
103011201,74,吨,.8446669430389554,2701683645.549999,3198519449.369998
303020300,60,UNKNOWN,.4973225955465849,1583847529.140001,3184748779.410003
106010511,109,吨,.4207213016929062,1339632791.94,3184133502.510001
106010302,195,箱,.3959329786187839,1257144060.010016,3175143592.220015
108042200,140,个,.2944407712977705,934517992.5600054,3173874285.280007
107030801,419,盒,.3107243382290769,982267272.0199995,3161217681.3
109021102,162,套,.5332498527754469,1682479583.77,3155143081.64
109020309,201,件,.2389846385704898,753048636.9099995,3151033645.57
108011600,139,米,.3708372530380079,1166298953.15,3145042585.65
107030408,231,盒,.8397554211600561,2635089033.010001,3137924408.24
107030401,523,盒,.791983965288263,2479918516.360001,3131273643.22
109012303,176,套,.3380883135680115,1049048682.680001,3102883597.51
107060108,84,米,.6013618387475936,1861929502.979999,3096188322.92
101011501,267,公斤,.2175544870306106,672790508.7899991,3092514973.940002
304020400,49,UNKNOWN,.5929562697400143,1828209897.420021,3083212018.690033
304040299,81,W,.4762411967411206,1461087810,3067957623.15
106010399,176,吨,.5778935125677341,1770486804.220001,3063690395.750002
104020114,98,条,.7339925570928246,2246941868.29,3061259745.180005
109025601,71,台,.4752432539327205,1445871587.640001,3042382139.410001
107050200,301,米,.3818860106476908,1151137507.32,3014348457.98
104020112,83,件,.9430398469196936,2832936082.779996,3004047063.369996
102040103,57,吨,.8417848950076481,2505812897.82,2976785295.960001
304010401,55,UNKNOWN,.7650400601564887,2273867655.59,2972220376.440001
103021199,115,公斤,.2953715596218844,875623617.9499992,2964481817.65
107030404,773,盒,.7960343442934673,2351577956.189997,2954116204.969996
304060299,105,UNKNOWN,.5642511108043304,1659784475.139998,2941570593.939999
104020122,72,件,.8734425666306228,2567262376.74,2939245778.510003
103010603,108,吨,.9526416274181185,2789168184.32,2927825222.04
109062202,57,台,.5518625327899654,1612869972.42002,2922593719.609999
109040403,63,台,.7236831328442636,2112392035.470001,2918946068.520001
109023210,98,个,.4081077256962903,1190587588.57999,2917336559.969985
104011101,174,米,.1383049738339421,401214708.2999997,2900942006.479998
107060299,161,吨,.2800534035404155,810921852.7299997,2895597205.669999
107021411,137,吨,.6902686848574539,1975999002.06,2862651957.72
107020211,21,吨,.821262815361722,2345502897.319999,2855971137.919999
104020113,73,条,.7147182822056714,2033868099.119999,2845692001.669998
107030301,313,kg,.3601637674770157,1024807453.31,2845392973.560005
106040806,134,个,.364119556618473,1035542162.769996,2843961945.870006
109040204,127,套,.3295423989593042,924651413.9399998,2805864789.66
105010401,65,立方米,.5899765467257834,1646292864.46,2790437812.48
107020233,14,吨,.9639344894282902,2688295368.35,2788877665.270001
108031801,50,吨,.8675824186263804,2417986423.550002,2787039446.210003
107030709,249,盒,.452933387581782,1261155681.290001,2784417567.500002
103030199,84,吨,.7896801671872777,2189777412.029998,2772992792.549998
109051102,92,台,.3708421980469183,1022915780.44,2758358638.329995
110030101,158,吨,.6886765308679559,1891101112.910004,2745993261.200005
109051602,57,片,.5004807503831235,1370811555.129999,2738989569.689999
304030401,133,UNKNOWN,.8149616051616106,2231931497.769998,2738695275.499998
109050404,92,个,.4090152024929439,1117509636.11,2732195843.330001
109041306,73,公斤,.3434377333546681,937921451.87,2730979623.9
109042101,108,KG,.3055530429551826,830793640.1899999,2718983362.609999
109040406,109,台,.2652516454143145,716960233.6299998,2702943585.929999
304080199,108,UNKNOWN,.67993372844286,1833025671.420001,2695888723.770002
110010201,71,kW·h,.2889832199115029,776409425.0899998,2686693799.479999
107030402,215,盒,.8459326454191957,2270671111.859997,2684222111.719997
103030704,263,箱,.5527172645317945,1482949387.88,2683016223.740004
107022304,186,个,.2480178777572338,662409410.4899924,2670813154.59999
109040302,70,台,.8081214731828748,2146021015.899999,2655567370.889999
103011107,253,盒,.2242651522177749,592896484.8399993,2643729883.920001
108031901,38,吨,.8355861740436542,2172822741.54,2600357460.47
103030600,148,箱,.3308068825837241,851183731.4799999,2573053271.54
109011401,92,条,.4107483361234172,1048360507.58,2552318330.67
105010302,73,张,.7330528188818715,1868863517.05,2549425456
102040301,22,吨,.6729721833564274,1700256355.429999,2526488311.819999
103030705,209,箱,.6012868284998539,1517825925.35,2524295982.23
109051905,95,个,.2650158533406764,668761168.6500002,2523476087.260001
103030302,131,箱,.7817934226971582,1972556956.3,2523117871.079999
109010503,92,台,.9361143933690219,2341370465.460011,2501158493.070012
109010804,61,台,.505797192284663,1265047842.71,2501097004.899999
104010599,135,条,.2905832339541484,726642957.42,2500636211.980001
304080400,106,UNKNOWN,.6677235553067653,1663468266.959999,2491252935.049999
107021502,124,吨,.5201347912563538,1292586668.9,2485099421.590001
109010802,77,台,.7935649124441366,1962672110.36,2473234488.55
109031300,75,件,.3724981483854793,920293596.5299995,2470599117.119999
109023299,120,台,.391824944212904,965275958.26,2463538813.740002
109010900,216,套,.2091513910832435,513383584.8099996,2454602774.34
201020000,116,吨,.7443006236949445,1825862162.130002,2453124589.720001
107040403,37,公斤,.3580624120545581,876823510.5799997,2448800770.65
103030801,170,kg,.3061014123734659,749554191.87,2448711967.900002
107021399,107,吨,.654007708404224,1598425260.429999,2444046514.880001
103020303,392,箱,.4414196258800868,1073736552.72,2432462196.440002
104010507,177,条,.3306396909791352,803639887.5299995,2430560847.520005
109041707,69,台,.4861261089714686,1180040731.980001,2427437469.829992
304030102,133,UNKNOWN,.4770627446716275,1153390334.55,2417691063.560001
103020101,352,盒,.2075011662877735,500454421.8200015,2411814982.890001
109013602,108,吨,.3206977346456901,772058005.4700001,2407432052.250001
104020124,117,件,.6913533960884204,1659247465.080001,2399999008.419989
109050601,98,只,.6076068914219764,1454520748.250002,2393851631.350002
107021406,74,公斤,.352586659983851,839796567.0700002,2381816053.700002
107020404,16,吨,.9927258315155314,2355384893.669999,2372643905.189999
109011903,295,件,.3364101057927206,791087216.860005,2351556041.980005
101010399,115,吨,.5692306435333846,1334972394.799999,2345222292.52
107030201,56,瓶,.3795711711218546,887342266.7600005,2337749371.58
108010201,64,吨,.9649674589289512,2254613578.570002,2336465916.760002
103010203,167,吨,.5830768274978305,1361822567.029999,2335579983.299999
108020701,72,吨,.6910787086145734,1599586029.469997,2314622067.689998
108012104,123,件,.4416939266111856,1007408017.259998,2280783041.299999
109050104,27,套,.9315424990709938,2123881633.94,2279962144.57
108030800,35,吨,.9050582514880291,2046653565.49,2261350097.77
103020103,341,盒,.2637206115203211,595792780.6699965,2259181704.590001
103030901,58,瓶,.5985910255106157,1352155674.34,2258897338.44
109012408,129,件,.2820097389756424,636384375.3700005,2256604249.490001
107050602,147,个,.4669113288590525,1051246777.760002,2251491263.510001
107021507,285,公斤,.1816659464547258,406541909.6799998,2237854246.29
109010102,65,UNKNOWN,.9177642480483541,2048619744.27,2232185170.239999
107020901,119,公斤,.5327175718821646,1183582789.990001,2221782896.720002
104010699,266,米,.2192051394921157,486295998.09,2218451625.800001
108041301,145,吨,.5306420090967351,1166861682.229999,2198962129.319999
107022201,205,箱,.5690532179473755,1241845801.809998,2182301694.540001
109020108,162,件,.3708755122578962,808900266.829999,2181056015.009999
108010308,81,m3,.2063827659926529,448512821.250001,2173208693.53
109023209,71,片,.4842522905559551,1050724470.020016,2169787299.950016
109012701,101,台,.723794526906672,1570410645.4,2169691241.119999
108040201,160,樘,.2938135335394177,634253606.0699999,2158694320.27
109050102,48,套,.701166577922559,1513002899.7,2157836593.1
108041404,245,个,.4911875305872376,1059443748.549997,2156902776.589998
109012101,177,件,.263975348537748,568653976.6700007,2154193487.460001
107022101,181,吨,.3448357191706358,740266142.0399998,2146721180.22
109030400,117,套,.1918835356115005,410075855.8,2137108087.43
108041103,63,吨,.3448904117270701,735977433.77,2133945765.8
107020113,41,吨,.8947740337212057,1905660589.460001,2129767424.670001
109020901,58,台,.9353612118108575,1982366930.55,2119359778.36
107020401,38,吨,.981712539627473,2078719402.730001,2117442040.130001
102050299,82,吨,.4505372776383665,947942862.3800001,2104027589.789999
109011302,99,台,.9458455608188147,1981303490.5,2094743129.930001
108042600,203,吨,.3990837621351024,831990315.2799996,2084751107.96
105020104,188,个,.2270593086358557,472182710.1199981,2079556715.629998
109021105,119,套,.570175498925808,1184562502.78,2077540169.67
107030405,37,支,.560962789246753,1165279041.35,2077284026.12
105010599,97,立方米,.3529577134102216,732841327.0100001,2076286476.16
105020106,115,张,.2647297997907148,547616733.3900003,2068587419.409999
109051800,93,片,.2228074981724986,457819217.1400043,2054774731.080004
108010503,60,立方,.2839651006085855,582767285.37,2052249674.77
301010299,88,UNKNOWN,.4138382152831038,847806574.8200002,2048642545.59
108010403,113,平方米,.1736023911781763,354424627.2500001,2041588395.44
104010103,129,吨,.2418529096897102,492166498.0199995,2034982744.889999
108010801,56,吨,.513939267875812,1041527650.289999,2026557835.51
109052000,118,个,.455452341475702,918270422.3400002,2016172360.35
305030000,142,UNKNOWN,.5508790974526764,1102348879.969999,2001072258.99
109012402,91,件,.5313567259567961,1055291879.120002,1986032786.580002
306049900,21,UNKNOWN,.5905081883617855,1167588738.390001,1977260876.990001
107030499,141,盒,.5951844928872859,1170167914.12,1966059143.179999
108011300,109,个,.3592228292157671,699553146.0000001,1947407261.19
107021403,75,吨,.5955716934627305,1158699898.14,1945525468.819999
109042102,68,台,.8764622896554231,1699679530.860002,1939250040.670001
109041502,56,台,.7428430497361453,1437860116.599999,1935617647.78
109042402,116,套,.3775382106563672,727688283.3900003,1927455984.190001
107050601,280,个,.2751201576999874,529567705.6999991,1924859705.4
307059900,182,UNKNOWN,.5374636050583053,1018322850.080001,1894682431.510001
107021413,78,吨,.8158832455324811,1540913232.9,1888644289.9
304060201,38,UNKNOWN,.6619639153776633,1249685970.15,1887846060.97
304010402,39,UNKNOWN,.8292593387375067,1558838089.33,1879795639.93
107022203,130,吨,.6717571348867076,1257863299.34,1872497118.4
109040901,96,kg,.2935774721590886,549091091.9999989,1870344778.03
108040103,100,平方米,.2121588919660387,396505668.2899997,1868909026.7
109040399,96,台,.6846127399286258,1275958895.61,1863767384.38
104010401,44,公斤,.6091996679161744,1132777478.92,1859451898.249999
109030103,44,列,.4128484337793797,765321109.72,1853758055.26
104030399,101,个,.5578912673098931,1030238649.449962,1846665667.339963
104020102,121,套,.2816746528686458,519631818.53,1844794386.85
108010399,90,吨,.413352669013888,759592993.6300002,1837639020.07
103010401,79,包,.2767429935720466,504499428.3600011,1822988982.839997
109041503,50,台,.7452676086608097,1350742890.849997,1812426670.839997
104020115,49,件,.6908520768176066,1238180623.790001,1792251431.730002
108041501,183,个,.3062219545235312,546411598.7300004,1784364545.58
101010199,174,吨,.506656492342519,899975939.97,1776303972.359999
103020302,213,箱,.2098020643592469,369520056.6999999,1761279412.709999
104011201,95,米,.3521632461858693,617492914.3900006,1753428050.990001
109042409,130,个,.3005823758157566,525054016.6599995,1746789096.449999
107030207,325,盒,.8192023018786655,1427173558.99,1742150328.09
109011402,55,台,.9433681146588215,1638060430.44,1736395798.190001
106040199,390,个,.3652667727070469,629575288.3299608,1723604048.79996
102040105,24,吨,.9956007059147999,1709221441.639998,1716774035.499998
109050299,57,套,.5848154360521767,1003767102.56,1716382709.28
108020300,60,吨,.5550108311523204,941597521.7100013,1696539002.230001
103030703,282,箱,.4016971454751468,681171858.26,1695734873.730001
104011204,69,公斤,.4909916262734514,830425048.1800005,1691322221.690001
104010602,198,条,.5862785180889976,985902399.4599972,1681628047.150001
109020199,117,台,.3490019174234933,586736718.3,1681184798.73
107020207,30,吨,.8650117418974507,1452596998.89,1679280093.59
304040901,78,UNKNOWN,.5531512843330482,927122198.7900012,1676073481.250001
107020115,87,吨,.8599409969269964,1439586062.859999,1674052136.139999
102040107,46,吨,.9427033978346121,1573144342.92,1668758536.92
104011102,178,箱,.2354271623978571,392634329.4400001,1667752885.609999
102020102,57,吨,.9754295725604654,1625684200.39,1666634112.93
106050204,47,套,.3519433066190405,584044317.2300001,1659484088.050001
501010100,35,平方米,.5504148209038973,910099974.1300001,1653480138.19
102059900,74,吨,.7833203827733896,1293723125.269998,1651588741.619999
304040702,134,UNKNOWN,.3777874285548708,623147343.8000007,1649465537.230001
103020201,378,箱,.4390088786972575,722397828.1999992,1645519859.059999
107020210,43,吨,.9396735644058054,1543011538.050001,1642071881.660001
106010502,448,箱,.1140839990338165,186951128.07,1638714715.940002
107040301,68,吨,.3253323179503363,532616981.8500003,1637147471.870001
109042501,77,只,.3607427122765037,589822154.8500015,1635021678.270002
109040301,44,SET,.4094325993726413,669035968.249999,1634056421.679999
107020240,10,吨,.9507907259217987,1551087740.17,1631366080.76
109061802,30,只,.6492210631562525,1056610083.499998,1627504317.809998
109060307,118,个,.3125987920449871,504736321.0900024,1614645782.180003
107010110,55,吨,.9102919880405301,1468074314.15,1612751000.16
101020202,114,立方米,.4589027909120826,737210238.7599998,1606462748.45
102040302,48,吨,.8596133306589573,1371391313.460001,1595358360.030001
107010202,71,吨,.9018502571044003,1427047047.93,1582354760.88
501029900,58,UNKNOWN,.5788963677400976,913754483.8000002,1578442247.56
107021702,22,吨,.8733808348496857,1375017698.04,1574362114.64
109024902,82,套,.4928030145990236,774367620.3099999,1571353253.470001
107040307,23,公斤,.5636379286781013,885100694.5199999,1570335581.56
109031201,37,辆,.9701289490627814,1522716758.21,1569602432.42
109041002,84,KM,.2511909042278264,393308317.3500001,1565774519.42
109022818,165,台,.4127169333526775,642775511.4599999,1557424616.04
109024599,103,个,.2688187279756381,416703634.5100008,1550128734.14
109011704,140,件,.2041827082763313,316361463.9200001,1549403799.13
109051202,87,台,.4270076572965615,661052161.6500002,1548103764.309997
107020307,48,吨,.6357555299145617,983608115.0800002,1547148343.660001
107060104,353,只,.2830117340075402,437158507.3399996,1544665661.559999
107022500,95,千克,.3329606211134586,512729389.0100001,1539909996.85
105010503,50,张,.6561105847144525,1007324827.25,1535297327.49
301050202,58,吨,.6387286049752664,968909041.7799994,1516933849.889999
106010199,112,吨,.8469724905926738,1279029889.019998,1510119753.859998
301040101,11,吨,.9602107547310956,1447168946.86,1507136781.93
107030407,110,盒,.8813793223561577,1326447283.600001,1504967554.780001
104030702,28,KG,.4231265181885062,634326756.39,1499142051.19
501020200,42,UNKNOWN,.3181938112308987,469969332.47,1476990802.090003
107050402,301,卷,.3917295407045072,574260492.1300025,1465961671.150003
106040201,363,支,.408801589052613,598626756.0800004,1464345472.500002
108010501,82,块,.470052734381944,685924694.6299993,1459250514.8
102050102,66,吨,.9449682139653371,1375518809.259997,1455624420.939996
109040601,51,套,.4719091636534661,686586281.9999999,1454911951.03
103010801,183,件,.5309342892583756,771952206.8399994,1453950559.339998
201010000,152,吨,.4775710929312546,691989231.26,1448976375.46
109030699,44,辆,.6537926261787914,942109445.25,1440991237.17
109021107,178,套,.443653986545014,637511754.1700003,1436957118.620002
108041600,193,个,.2576301686585056,369763315.7599999,1435248510.239999
107020802,227,公斤,.3748066789790794,537783250.7699999,1434828355.34
103021001,97,吨,.793332590316927,1134811124.09,1430435529.74
108032201,37,克,.7609739820786313,1086432863.21,1427687265
304040301,40,UNKNOWN,.8107737646850146,1154931364.17,1424480433.97
109031600,48,个,.3647478349402216,517656990.8399997,1419218817.09
109050304,75,台,.3665053464502643,518276166.1000002,1414102607.560001
107030699,129,盒,.366543876148331,518119769.0700002,1413527282.23
107020220,34,吨,.9008328112298639,1273189025.350001,1413346638.220001
105010399,96,张,.4040679276645912,570457177.5299999,1411785342.2
105010504,82,平方米,.3795687342458838,535299419.0400001,1410283226.05
101010105,174,吨,.6239480691275019,877741596.1900001,1406754247.06
108010902,105,吨,.4881896555820905,684737533.8899999,1402605577.689999
106040604,100,台,.6783739496522273,948195655.6999981,1397747741.029998
109051501,60,千只,.353069080725071,491096104.2,1390934893.51
109024503,87,支,.5384155513917179,747980558.7900002,1389225398.22
107020107,53,吨,.57933968979491,803649193.7700003,1387181316.81
105010604,111,个,.3745010101068358,517304845.5599995,1381317624.25
104020110,53,件,.9269506244216644,1278332845.750002,1379073288.340001
104010202,61,公斤,.4374492170713761,601088957.6799999,1374077113.92
109013202,126,台,.6899304101140653,945078089.5000006,1369816543.3
109024201,45,套,.5486471677125756,749641522.9199998,1366345380.119999
303010100,56,UNKNOWN,.2853784961337094,387503334.6100003,1357857511.550001
109040305,44,台,.6306587920105186,854672586.9199997,1355206012.74
303020100,36,UNKNOWN,.4951826038974186,670619093.2000006,1354286454.98
109062799,187,台,.4428805388294088,597793500.0700028,1349784981.860005
102040202,25,吨,.3931089166360589,530589731.87,1349727033.44
304070102,25,UNKNOWN,.9387941220543727,1260054651,1342205518.12
108012101,152,套,.355618953707212,476554462.1799999,1340070480.530001
108040202,96,平方米,.3059660848863743,409119291.6099998,1337139349.16
109024507,111,套,.2958129996631179,394024914.41,1332006757.17
104011203,72,件,.3289453333643268,437777623.1600002,1330852207.82
107010106,146,吨,.6331625288689608,840739900.2999997,1327842160.53
109060203,82,台,.4591656004556789,606015155.8799998,1319818286.21
105020299,153,个,.2166080225237902,284840892.0600002,1315006197.56
109024211,86,台,.3544284441451969,464831925.4800001,1311497237.76
104020108,55,件,.94093524984816,1233817116.25,1311266759.799999
109013699,116,吨,.3105492648073956,406611703.1500001,1309330754.340001
109051105,45,台,.8156003577633436,1067300355.69,1308607022.46
101030305,38,KG,.3368953623568179,439946896.81,1305885880.21
109041102,153,个,.1383695344296912,180684896.8700006,1305814156.380001
109040405,47,个,.4762470491826516,620627006.5199995,1303161893.779997
109042002,54,台,.8212782966737382,1065436984.68,1297291051.029997
109060299,132,台,.3716493328109597,482055006.32,1297069478.57
108040203,127,米,.1991670010983093,257808544.5200001,1294434033.24
107010112,75,吨,.9106583451947805,1178201929.35,1293791393.410001
101020299,95,立方米,.4590263722436982,593830735.2199999,1293674549.28
108010701,80,吨,.2331709534610605,301526572.8999999,1293156666.49
108011002,98,平方米,.3091761510301274,398777912.3999999,1289808127.41
106010103,59,吨,.9450279241898276,1218511016.43,1289391546.26
108031203,50,吨,.4197670864401453,540147378.66,1286778778.299998
303020200,58,UNKNOWN,.2929554836783659,376848936.0000003,1286369284.74
109011001,97,台,.6606877919570374,848753019.9500003,1284650678.100001
109011902,108,件,.3619813615955497,464008165.2399999,1281856511.05
102050502,40,吨,.9605142666541859,1228665732.14,1279174890.78
109051001,81,台,.3292785328593656,421159558.8900001,1279037401.05
304040703,97,次,.4174509752259763,533439094.86,1277848481.66
109020102,63,架,.4581764781513181,583446944.04,1273410949.41
109030803,77,台,.3507549236915172,446324471.8099999,1272468158.43
109023400,46,件,.8357556237983335,1060781177.07,1269248027.61
104010402,44,米,.7926758083640619,1001883024.83,1263925320.11
109011004,168,套,.2140624418300192,269911975.1699998,1260903000.37
108020200,55,吨,.8826219571546348,1104245336.310001,1251096607.510001
109041899,65,个,.5946190943366721,741381508.9099995,1246817527.339999
103021002,53,吨,.9810702925072654,1221177109.67,1244739667.48
108041899,77,个,.3577747941467845,443987986.3600003,1240970559.200001
105010199,77,立方米,.6048995745662655,736517881.5800003,1217587038.49
107020110,40,吨,.8710185211437805,1054625442.01,1210795656.36
107021306,101,吨,.4866293470892262,589046615.9399999,1210462581.97
107020602,61,千克,.5239305693701827,631127726.4600003,1204601837.260001
107021203,211,支,.2354235282008002,282596121.8699999,1200373318.8
106051204,274,个,.3873942410584014,464461271.6699918,1198936954.769992
106040109,298,吨,.3505376152718059,414844911.8800001,1183453340.83
109013604,60,件,.3517753933851911,414388461.0799999,1177991607.35
109023001,138,台,.6064357525856461,713932458.2600001,1177259841.98
306030199,18,UNKNOWN,.3895016085778165,457278822.83,1174010101.010001
109020602,74,吨,.270066623291224,316797843.37,1173035895.77
109013101,88,台,.579991379453171,679997266.6499997,1172426506.22
108012702,54,吨,.9317211160248606,1091655097.45,1171654348.79
106010507,236,张,.2135455002561593,248491019.8699999,1163644373.55
109050204,96,个,.3657773786138867,425176435.7500002,1162391281.170001
109040307,68,PCS,.2572157921426083,297791423.280001,1157749377.670001
106050902,47,UNKNOWN,.4223639541563851,486624445.260001,1152144827.87
109052202,45,个,.6728580952442067,773166479.6100028,1149078067.240003
108042400,252,个,.3984880142067747,457570483.5299994,1148266615.849999
105010201,90,立方米,.2948154795855379,334098821.0199998,1133247214.46
108030500,25,吨,.910411237319311,1026835324.36,1127880766.7
107060105,143,吨,.3702180270321948,415424458.6799999,1122107591.6
108010305,44,根,.7281625713617442,812641816.0200005,1116017010.46
109062501,66,台,.6129840346914252,683381187.2000004,1114843370.340001
107060111,118,平方米,.2192981940420475,243563510.3399999,1110649868.34
108042100,117,套,.4237270377123112,470545930.1800004,1110493049.3
106010508,67,只,.583881332178301,648228186.4100002,1110205363.12
103030400,91,箱,.4965967733624287,549905557.51,1107348229
107060114,99,吨,.6197508982776943,680323406.3899994,1097736862.149999
109060313,93,套,.2384012564871919,260786069.8500002,1093895534.33
109040101,80,台,.7305400881330306,795445125.0100007,1088845277.53
109013703,46,个,.5036258350687531,547767448.1000001,1087647634.33
102049999,53,吨,.591008537405823,642436250.09,1087016869.35
106040699,132,件,.1908821259676041,206306668.6400003,1080806637.049998
109010301,42,套,.7048854764663045,759867243.3000001,1078000992.6
103030707,183,箱,.4381743702986026,471284975.8399999,1075564907
109010803,54,台,.839057017593414,902100276.5700008,1075135846.140001
109023206,88,EA,.392660260820785,421530930.14,1073525824.23
107030406,450,盒,.8602670039492362,919715629.7700008,1069104854.130001
101010302,56,吨,.5163718462265114,550974339.5899999,1067010805.520001
107040402,27,公斤,.40573440741406,431509169.3900002,1063526192.27
105010602,96,个,.3302077338059925,349929231.98,1059724519.31
109051604,57,台,.3986083704123123,421792886.45,1058163645.719999
106051206,94,条,.568529692215978,599751994.6499994,1054917628.509999
107030213,208,盒,.6792627795663183,713483023.1000001,1050378505.29
109041305,108,瓦,.4439551820593015,465622263.22,1048804658.75
109040805,79,套,.4021764400989947,421761157.7400002,1048696829.77
108020401,82,吨,.5472326255548582,572681047.0699993,1046503845.58
105020107,130,平方米,.2870424831361493,299565467.84,1043627635.07
109024204,52,套,.4585026408681894,478154123.95,1042860130.63
107030108,22,KG,.4345954817904771,451681561.0099999,1039314903.02
109062003,55,副,.4947507554939932,510286933.14,1031402029.15
109060904,32,台,.4408374330563932,451927759.4500002,1025157406.25
108032001,47,t,.6186348320836428,633717695,1024380882.12
109013102,72,台,.8725617411957715,892080971.0800003,1022370027.2
306030202,24,UNKNOWN,.3818231294023588,385647912.0100005,1010017157.980001
107020103,49,吨,.8621196608316704,868905809.1800003,1007871469.19
109010304,79,千克,.2782219961092769,279631011.94,1005064358.14
103010901,179,公斤,.1925635370939104,192897708.6500003,1001735383.35
104020118,85,件,.7034388928257198,703421484.1199998,999975251.9999994
109040802,76,平方米,.2579034692045935,257194111.34,997249521.8199999
106051202,263,支,.3932392728830544,391145513.8000027,994675610.430003
109020601,49,套,.7162561406934291,712380860.7599999,994589533.39
109025603,65,台,.6492157236482814,644002838.75,991970488.8399999
104030301,95,个,.7000409363219582,694267748.0799923,991753070.5099927
103030301,110,箱,.7579478969294892,747656088.2000005,986421482.5700004
107021305,59,吨,.753076950287306,740828194.4699997,983735054.1499997
106020103,192,张,.1305472470732422,128178839.3700001,981857850.2700001
104020403,77,双,.9547247675020336,935702694.4699999,980075856.7499998
103020301,290,箱,.3021021622621712,294683089.1700001,975441840.4800005
109023104,63,EA,.3736241912663176,363997931.559999,974235448.5299988
108011499,99,只,.2902890686907951,280634266.72,966740731.8700002
109060310,75,台,.4367555365797007,420328045.5499999,962387446.3999999
307030100,49,UNKNOWN,.7576889261935905,728604863.4099998,961614771.2099997
109040804,156,只,.3887865766870232,373386136.6299995,960388447.08
109030802,33,辆,.4752704974400352,456089145.74,959641190.01
109020603,46,吨,.4104943943228574,393704554.9800003,959098493.0000001
109060206,82,台,.4000795203443485,382676446.75,956500963.6600003
103010906,59,公斤,.9678967307255204,923107842.5900019,953725550.7600017
109032103,58,台,.7375348258939766,699655258.29,948640299.72
107021412,179,吨,.6124412202348525,578581520.8900001,944713552.5400001
109050604,36,台,.961134739783569,907883249.21,944595186.95
103011204,45,吨,.7499232749096529,702877480.3799999,937265856.2499999
109013403,117,台,.6085399803847069,570148770.5099996,936912592.2499995
101011601,121,公斤,.2792616078403036,261367702.600002,935924220.3800021
104010399,88,吨,.3496901182263727,326821673.05,934603684.8499997
104020103,53,套,.523504896492855,489077295.43,934236334.1899995
109040402,61,只,.4285637661679956,400009102.1999999,933371259.49
401020000,97,UNKNOWN,.3857013206933668,359127945.3099999,931103748.0099978
201030000,121,吨,.5206566692032248,484729750.6000001,930996910.77
109022202,78,台,.7559673951196274,702744335.85,929596091.5600002
109023201,86,片,.2409652057438759,221663345.1799999,919897727.5399996
106040899,176,个,.4860556532451564,445844714.2499992,917270915.939999
103020104,259,箱,.3347635986925331,306326578.5799997,915053428.0799997
107020119,24,克,.4917568940438629,449793109.46,914665589.66
107050803,212,个,.3740150738399624,341688089.1800006,913567695.7400005
107060399,98,吨,.2145946537670081,195998774.06,913344161.2800001
108031199,54,克,.6206622269591547,562595683.65,906444212.6700002
109041905,47,台,.4768091361515348,430257020.8000003,902367400.6599997
107020225,39,吨,.6353038231706826,569778168.7300001,896859341.8599999
109062601,77,台,.7829305572071285,701634242.6599997,896164080.1999999
109012704,105,台,.4860413318970842,435449857.9200004,895911169.1600001
109060801,50,个,.3013778240407072,269916373.73,895607945.2399999
103019900,122,斤,.1698867150066045,151983435.74,894616366.7599996
107021002,53,公斤,.4896624517572524,437157583.8499998,892773342.7
109012905,53,台,.6426169002086426,573273696.28,892092467.6799996
103011003,91,UNKNOWN,.6900019881112567,614379136.5699998,890401980.2199999
109060702,61,台,.4796108340732598,425569107.41,887321714.14
107030710,865,盒,.3010244694989643,266279290.7199999,884576895.5699998
107021005,71,吨,.5925598589777207,520746209.9899999,878807772.92
106040801,59,件,.4010790015395591,352165743.9199999,878045827.8000007
109010501,88,台,.5810141788757677,509499053.9900001,876913288.0300001
107021409,261,吨,.2157133829460828,188722303.22,874875265.6999999
101040100,115,kg,.2434601183555751,212793435.31,874038165.8699999
108011401,167,只,.443159974675489,385176856.14,869159847.8000004
301010102,72,UNKNOWN,.4419879217237734,383857926.5100001,868480579.7699999
108040303,185,片,.3098235704537357,267705302.5100002,864057250.7699999
105010303,50,张,.5792045808815867,497451348.4699999,858852579.7099998
107020120,66,吨,.8518493471979108,728287277.4700001,854948448.1800003
108041202,62,吨,.4050745482242328,346240208.3500001,854756759.88
109042399,99,件,.6349490123863332,542098177.1699914,853766470.3699911
107020231,19,吨,.5661923051429427,483145530.8900002,853324085.3000002
109051399,75,套,.3900196081585625,332491575.2399999,852499639.2099996
107030399,125,公斤,.2869062835065626,242339253.89,844663459.1900001
108031403,35,吨,.6632961084492417,559661143.9300001,843757617.1499999
109020202,49,台,.5368547042464121,450131100.02,838459822.4800009
104020116,29,件,.9645298907869876,807493782.8700005,837188966.9600008
107021901,102,吨,.7070614825707366,591804366.7700005,836991381.0300004
109050801,61,台,.6876506516177811,575300210.3100002,836616978.3400003
109010699,34,吨,.7908590122934585,658637246.9200001,832812469.3300002
108042700,145,条,.1958021636135562,162435065.6900001,829587695.52
108020404,114,吨,.2992145559815861,248223755.8,829584493.2600001
109060104,91,套,.2708870526114524,224664490.77,829365924.3000003
108031402,67,KG,.1862688756832544,154394661.15,828880619.9299997
108042300,153,个,.3191408287764225,263924616.6500023,826984806.8700025
102050202,45,吨,.6487141476207491,532638315.09,821067826.3199999
104030501,63,个,.6845373940632193,560768753.7899935,819193748.4399934
109012003,113,件,.2018990785705464,164811399.0800002,816305850.6600006
108010302,85,米,.5468499428991433,444515932.9899998,812866379.0899999
109031404,82,个,.2873685976924799,233136331.8699999,811279777.0600002
102050302,34,吨,.9819969021796788,795678258.0199999,810265547.9399998
108031003,14,吨,.4829403233491837,391255991.06,810153909.59
107030120,80,公斤,.4155414610172495,336218712.87,809109906.9799999
108031002,13,吨,.6532118437148137,527971511.3200011,808269960.8100011
109012002,59,套,.4812779059949167,387753436.49,805674708.2300003
108010703,66,平方米,.4393025772902108,353764014.02,805285541.9199998
109041001,85,千米,.5806445837058006,467197343.27,804618447.1199998
109051504,29,片,.3267490181710587,262901703.0799999,804598295.5100002
401010000,68,项,.3759506235900844,301933113.27,803119064.9100001
108011501,106,个,.740628152654328,593395388.3999885,801205552.7099884
107030210,277,支,.513280894291784,410691134.1299998,800129400.2899995
109042107,47,个,.7267078831915589,578480409.2000002,796028806.8700004
110020204,29,吨,.7398202417508624,588115281.14,794943484.85
108012902,95,吨,.6226379351085114,493523538.2099999,792633263.0599999
109020105,50,台,.8260094520205477,653906192.66,791644927.3799999
109041999,43,台,.8063156602351037,637363481.8700005,790463974.9700005
109050302,78,台,.7880520465121968,622605012.670001,790055701.8100008
103020203,202,箱,.6095026697525117,480421681.9799999,788219159.3599992
107021902,69,吨,.6974195647505932,549695432.6000003,788184703.1300002
108032499,28,个,.3188577753679008,250057307.24,784228350.5600004
104020407,123,双,.8446105772650513,660739622.8099999,782300909.5499997
101030399,36,kg,.4440642262165302,346742111.21,780837749.9
104020109,57,件,.9102597034397293,710681172.8900009,780745506.1500007
107060306,103,EA,.1867726331179091,145672537.24,779945834.7200003
108012799,77,吨,.7740365767366305,600685486.29,776042766.3800001
101011199,76,吨,.43879476083571,339438947.2399999,773571103.2499998
109040801,73,个,.5157460745470802,398830219.6700001,773307329.62
102050407,55,吨,.5981858078578293,462044520.9600002,772409700.9500003
307010100,87,UNKNOWN,.7089939381196235,547119315.9899999,771684053.3799999
104011003,113,米,.2505766874870087,193054140.17,770439349.7500002
107022601,37,公斤,.7241026974329565,557232654.2500002,769549203.7600005
109051902,70,千个,.291434073149228,224231994.8299994,769408986.4199992
104010501,86,条,.3914145339660938,300401351.4200001,767476231.3399999
109010599,54,台,.9618175455958962,737015812.04,766274035.46
109051305,70,张,.4566721405501536,349037029.6600001,764305502.0600002
109040803,84,个,.3038619216107886,231445953.78,761681333.9200001
109069900,120,台,.3795389469682632,288616065.33,760438599.6099995
104010702,137,条,.3847399126756265,291730922.9999999,758254897.3699999
109011305,142,个,.2682570216782127,202897803.54,756355983.7900003
107040303,32,吨,.9453069636165004,713847686.5300002,755149082.7900001
104030502,79,套,.3844980300717208,289226240.4800002,752217743.2899996
107030204,50,瓶,.4742320239505794,356136572.3600002,750975375.7100003
109024701,76,个,.5448161623826636,409096590.5100003,750889233.3900005
109013504,47,台,.7812712419383194,586599110.2200012,750826446.3500023
306010901,29,UNKNOWN,.4858721083700899,364166286.6200001,749510581.7900001
101040200,66,Kg,.2781458025597717,208328497.4499998,748990261.6999997
106050299,105,套,.3838638510987905,286884571.19,747360217.3499998
109030101,53,EA,.4148200931600504,309125937.51,745204831.2199999
109051904,51,只,.5980743723915327,445321926.6000001,744592892.0500002
109062602,57,台,.8314563927546733,618087663.1099999,743379530.7799994
103010899,138,袋,.2571969917899733,191161051.0700003,743247616.3100001
104020107,50,件,.9635206194506802,716116056.9100002,743228574.9300003
106040702,52,台,.4869543839452998,361508683.33,742387162.4300003
307020102,89,UNKNOWN,.6021429944575386,443390619.8000001,736354360.8099997
101030304,13,公斤,.7129246988844993,519447920.1299999,728615407.6899999
103010803,192,袋,.2766378647083923,201356051.9800007,727868732.6200007
103020199,156,袋,.2575180521520596,187368487.9900002,727593605.2800002
109013005,124,台,.251960265181623,183194293.94,727076127.6900001
109025311,127,个,.3645441319828538,264687762.6600002,726078791.1200001
106040603,122,个,.2165967029289281,157141907.2200008,725504613.3900007
107021003,54,吨,.813434836752632,590008145.8399998,725329330.8599999
109031401,59,辆,.5958398461914087,432041210.5699999,725096203.8399999
109032106,98,件,.3245079985770333,233349805.38,719087992.9099998
109020302,33,台,.9452287544940976,679243658.0600001,718602406.9100001
108040900,61,台,.2925865744391003,210110726.93,718114723.2499999
109011301,82,台,.8021901375136135,575909083.48,717920922.42
109020306,68,台,.7724995563050416,552884623.97,715708662.1700001
109013203,127,只,.2395395282939499,171385582.81,715479336.6700001
109060101,97,台,.4084873309136018,292064679.68,714990790.6000001
105010803,128,个,.1939158514779691,138041436.87,711862572.4399997
109024205,52,套,.4558514952326506,324288041.3300001,711389662.47
103010403,40,吨,.2772503915424165,197122767.2599999,710991844.4600002
109050103,46,套,.5073816813305754,359338563.91,708221398.47
104010101,56,吨,.8849530876784788,626642981.3000001,708108700.9300001
107050804,141,个,.3465098641628621,244774524.970007,706399875.6900069
109052299,65,台,.3941478069596038,278397215.71,706326943.3300004
109011201,50,台,.7610155477204469,536046380.7000001,704382955.5200002
102049908,34,吨,.902083877000493,633895383.52,702701156.3799999
109062001,90,副,.444041968484158,311397235.2199993,701278836.96
107030804,93,盒,.5388416638850989,373809215.2800003,693727379.1800003
109020308,57,辆,.4650120694477237,321809424.01,692045314.8499999
109041903,24,台,.7588962227168958,523532076.889999,689859906.0299991
109060202,119,台,.3044076860862021,209947419.85,689691586.1400001
108031602,28,吨,.9327835221876882,641155506.8899996,687357239.5299997
109011601,40,套,.5947461985451139,408219207.57,686375480.1100001
103010504,41,吨,.6065212081935555,415994001.8600001,685868847.1900003
109024213,102,支,.2767407074424991,189644872.7599999,685280002.7599992
104030599,96,个,.2993067959754909,204461637.5700002,683117257.3399998
106050102,92,千克,.4226669043224142,287242543.92,679595541.9800003
109023102,97,米,.1899918449522565,128252145.6,675040266.2399999
109020702,49,台,.7627097900115011,514237757.3,674224671.0799998
307040100,104,UNKNOWN,.7493381701576074,504981358.3199995,673903156.7199991
109060701,42,套,.8108294696778002,545547640.7199991,672826606.7299992
106051205,100,把,.7524262089856715,504916791.4899996,671051573.5100008
109042199,78,台,.4097994116191934,272425415.2399999,664777467.9900019
304080204,24,UNKNOWN,.6657164100937626,441940995.5200001,663857746.0600003
105020105,161,个,.2620616283553548,173761371.0500005,663055374.1900002
109060301,67,只,.4259896190325108,281949163.4899998,661868625.1799998
109012907,74,台,.6272366564538849,414788218.7399998,661294607.8199999
109010504,54,台,.9583779146009694,633549723.0000002,661064610.6800001
102050399,58,吨,.8984705093874534,588276380.66,654753132.7
101010301,87,吨,.4903341534828574,320799888.54,654247488.7000003
103010301,95,吨,.6169731617978833,403531021.89,654049554.9500002
109025301,109,套,.2763679857417322,180467910.7700001,652998610.8400002
109011214,115,套,.3544381143536063,230451743.9299999,650188945.8200001
103010502,39,吨,.6944160358695131,450801387.650001,649180555.120001
106010304,105,吨,.3241722583527858,210181769.7200001,648364455.3300002
109012500,292,套,.2430552308482764,157417577.22,647661754.3699999
109020605,57,套,.3540508449773517,227092423.86,641411896.2900001
109024705,54,个,.363753055908151,233090148.3900001,640792275.4299999
107020208,26,吨,.5262581478940631,337128205.08,640613749.0300001
104020120,34,件,.9751940093978727,624554979.1300002,640441771.7000002
101011503,103,公斤,.4945185034679881,316090206.56,639187824.8100004
106050999,47,件,.3411444918297298,217356138.07,637138055.2100066
109060601,57,EA,.4069624766177531,258153128.860001,634341355.0200011
105010501,91,套,.2657554995274696,167747115.4899999,631208444.5600001
109060205,74,台,.4564885215692985,287493372.8200002,629793213.2700001
107030104,67,千克,.4690611023566399,294545081.42,627946081.9500002
103020801,53,箱,.3824709623741064,239040974.51,624991170.6399996
109041101,68,件,.2645459038516727,165289812.86,624805791.5599998
107020902,121,公斤,.3781714659814023,236242972.2399999,624698036.4499999
107040103,34,吨,.8876640318531855,554330046.2899998,624481815.6399997
108040703,87,支,.4466045951673724,278299528.6500019,623145242.2600009
109020701,60,台,.2926088465090687,181525605.8,620369506.8199999
107060301,108,米,.3579097540122874,221606340.1799999,619168205.66
108040702,173,套,.3492535571378986,215939415.1299996,618288377.3600006
109031700,64,个,.4906816511608809,301912260.5000026,615291523.1000028
109042699,73,台,.3753362971620911,230691386.1,614625837.8
109025499,58,批,.8029596953183008,492092385.4,612848176.8999999
109060511,166,套,.3342375956574236,204581957.4800001,612085415.1
109040903,74,米,.4521462595288221,276260937.0000001,610999054.3500003
109061908,72,个,.223623363525684,136451195.65,610183093.1199998
108040399,136,个,.1321472032109532,80499195.83999996,609163068.79
109024903,51,套,.4088685418816359,248621841.22,608072805.1999999
109040404,40,台,.4720971830794541,286674688.2,607236599.7400001
109062403,45,台,.6753911518290876,409458492.8400001,606253860.0500002
107020114,41,吨,.7930952901557002,480595150.4900002,605974031.6900003
108012703,46,吨,.4965815758053531,299351611.19,602824643.0699998
104020501,113,个,.7194034377591585,433072949.8199999,601988991.2799997
108041101,109,吨,.5559122872591631,333787725.1799999,600432357.4599998
106040606,150,双,.5747635050893095,343778216.6599999,598121163.9500006
106040805,63,套,.536234874888404,320600361.9499998,597873016.03
108040302,227,套,.1887817446224714,112503955.23,595947216.4799997
101049900,110,KG,.2001975379010213,118907116.52,593948945.4600003
108040412,545,个,.2218194800438335,131561618.6600001,593102186.6700001
109025299,120,套,.4530438364351895,268056440.4300011,591678815.3200006
102050401,72,吨,.8341892083473397,491965886.6300001,589753357.7600003
103030902,69,只,.2941779608381859,173155870.79,588609256.4399999
109011602,118,套,.2901582237447333,170482602.05,587550474.5300002
103010601,35,吨,.9437663281305878,554404623.24,587438443.9400001
103030706,159,箱,.3408440662211087,199720364.62,585958168.0100001
109040604,90,个,.4354456439897908,254796785.3,585140278.2800001
106051304,84,个,.4361320169990857,254813235.9299959,584257119.399996
304020203,69,UNKNOWN,.505911912347359,295444338.97,583983756.3799999
109050402,28,套,.7116403691789831,415251428.46,583513030.52
304030200,43,UNKNOWN,.5684605298200489,331079534.97,582414288.4200001
104010201,56,公斤,.460747297637281,267883029.9100001,581409877.5700004
107021501,37,吨,.6525810504593922,377844249.97,578999726.86
104011307,164,双,.4466660829579081,257945167.29,577489935.1699997
105020204,131,个,.1773407878340918,102259140.51,576625049.2
107050501,49,吨,.5684858481797078,326972671.85,575164136.27
303010200,33,月,.3828912059571145,220215058.3400002,575137414.7899997
109061808,43,个,.4267692783822431,244340546.03,572535462.150001
107020111,40,吨,.921540330444467,526357709.22,571171647.98
107050801,170,双,.2222741371892828,126894329.6,570891113.1300001
106040303,95,套,.3207224299467445,182381364.09,568657964.2099998
103010604,38,吨,.9053720383240763,511555746.1199999,565022691.7399999
109025306,156,套,.2090767257497577,117567130.1000001,562315722.5099998
108041399,86,吨,.5867684444814596,329886679.4500001,562209305.1400001
107030501,48,公斤,.3807223293990582,214044888.17,562207340.21
103020206,230,袋,.2333770297533579,130918104.82,560972538.5499997
107030403,73,盒,.5239197908631792,293242369.0400002,559708516.75
109042203,44,台,.3657755088679616,204680179.3,559578687.85
109041499,56,套,.3680602446161773,205582097.72,558555564.5500001
105010304,69,张,.697373736344411,387943488.5599998,556292083.1999998
405010100,16,平方米,.8683846810527354,482541983.1,555677677.9100001
108010702,67,平方米,.283807513489083,157698736.55,555653846.55
107021408,41,公斤,.396226239415539,220011442.3800001,555267219.8200001
109020104,49,台,.514873223788914,285666377.91,554828576.65
102050201,53,千克,.450368366252724,247563505.07,549691149.78
107020304,9,吨,.5766184271418684,315819548.91,547709774.8599999
108041999,118,个,.1587099166659672,86913719.05999997,547626266.12
109024799,40,盒,.3168825214009143,173445073.6599997,547348187.2499998
109010204,53,台,.6976373258656254,381530839.54,546889946.1
304070101,27,UNKNOWN,.7814345453771725,427162502.67,546638877.4300001
105010404,92,张,.5162537219493656,279758120.9499998,541900443.6299999
107022604,44,千克,.4258622573213958,230699056.04,541722240.1700011
109051302,66,台,.4923930765388531,266572435.45,541381364.0999999
106041001,42,件,.4529747596011991,244336424.42,539404060.0300001
109010602,42,台,.7318579511671283,393365757.1499999,537489217.0300002
109060201,95,台,.31347013044298,167335752.4200001,533817216.28
109030702,29,辆,.8697502859800701,463149752.85,532508882.5099999
107021508,25,吨,.9139919646202972,486054949.89,531793460.67
103011302,216,kg,.1624621472333274,86152239.76999997,530291155.4300001
108040102,95,吨,.4427614431375714,234151226.7,528842857.3200002
103020102,176,袋,.1677798391262866,88673134.62999991,528508878.6099998
107020302,58,吨,.6136411482588414,323832534.7900001,527722978.9900001
109050201,43,个,.4760808995045143,251150092.97,527536587.23
109020209,64,只,.3166167543535716,166791055.44,526791627.8799998
107021407,45,吨,.6250613843704877,328138355.5599999,524969808.9899999
109060608,122,台,.506020832060271,265060217.0700001,523812855.67
106050210,100,套,.4304529514953458,225061300.91,522847619.3000001
107020303,36,克,.3066207982456292,160298238.31,522789840.83
109040502,68,台,.4260514505315302,222538669.0200001,522328157.18
109041802,41,台,.850116730737534,443490606.3900002,521682011.8399999
107030103,71,PAC,.2061405796979676,107499634.4,521487009.2899999
103020901,94,箱,.553598776080506,287746071.5699998,519773677.2599998
104030304,131,个,.4039253127673546,209452828.6499997,518543458.4799998
109023301,63,套,.2244386706748596,116322180.04,518280471.4100001
106050702,111,平方米,.5775585033701821,298516252.1600001,516858899
108041901,83,台,.7571959343079144,391226361.8999993,516677842.7799994
103020202,181,盒,.3487843363921029,179584039.3,514885620.03
109042099,70,UNKNOWN,.315606513214865,162210463.25,513964244.9
109040905,77,每一个,.2862680769843303,147055751.7900001,513699443.3300003
102040299,37,吨,.8764106179002095,448713123.5699989,511989602.139999
107020203,44,吨,.898103499945012,459367541.9299997,511486195.0299997
109011304,92,台,.6282217550329393,320990357.0799999,510950718.4499994
104030100,61,平方英尺,.3590319587346544,183225837.36,510332946.4199999
106020300,117,张,.1927698254338346,98202313.27999996,509427826.9899998
104010506,84,条,.8768630789543321,446603221.27,509319222.1100001
104010206,57,米,.4067496091376391,205802773.2699999,505969197.3799999
107040399,68,吨,.2426084658437722,122397477.1,504506207.8700002
104011401,54,条,.804897198710716,402074069.7100001,499534686.36
109042301,97,个,.6607380162473016,329880553.6600017,499260744.1200019
109024100,68,件,.5099925524077534,254600728.0099993,499224403.9799994
103010399,97,公斤,.2953953020587485,147460689.99,499197817.17
109042404,98,台,.22802687348381,113653961.05,498423538.04
108012801,117,片,.6495635648200033,323516286.3300002,498051774.8400002
107030805,237,盒,.3560493190328294,176190663.36,494849038.9999998
108010304,71,吨,.374999363493395,185549114.75,494798479.1800003
109011403,49,台,.6137377102896479,303570728.0600001,494626161.91
103020701,62,吨,.6798421353622535,335998018.91,494229470.9799999
109060607,92,套,.4373337508760226,216128415.5500001,494195600.3100002
107020212,24,吨,.8013485038191283,395985269.6099999,494148635.3599999
104020119,45,套,.5711511377279564,280841030.4700001,491710533.2000001
107021602,47,吨,.8545507152011667,420043232.96,491536927.52
109030106,34,台,.4642720263024526,227653907.35,490345949.0400001
109010302,21,套,.9696674451746624,475059324.49,489919845.05
107021808,39,公斤,.9534582758566409,466334110,489097553.4100001
107060115,64,张,.5115082516063303,250153760.35,489051270.56
109051599,40,只,.3620459549992971,176888305.8899998,488579704.9999998
104010104,100,个,.1606669191237918,78450512.12999994,488280428.59
304040704,67,个,.3393191079687504,165555865.77,487906109.2699999
106010104,51,吨,.7255795167866457,353477365.21,487165578.73
109012401,83,件,.3428905693232525,166130501.63,484500060.6400001
105010901,92,立方米,.4956573790133745,240137406.92,484482663.0000001
304080202,42,UNKNOWN,.4001533208209274,193815728.7100001,484353668.0200002
108010401,77,平方米,.3037354859020475,147036087.6999999,484092555.9399997
108041405,194,个,.2234973314000171,108036314.67,483389729.9500001
104030303,57,个,.7129561314862131,343998450.4400002,482495956.27
109050301,20,套,.8726060641268548,420918823.26,482369812.18
103020105,156,箱,.6330646596391654,303710483.0600002,479746386.7800003
109062002,54,片,.3093078558781228,148171411.74,479041863.71
109042106,53,个,.9314334492778733,445749384.8300009,478562784.2500008
109010403,36,台,.4679656778372096,223551565.64,477709319.78
108010799,72,吨,.4709276657601104,224827498.9500001,477414081.3900001
109052204,26,个,.2915108340329211,139107196.16,477193915.01
108012803,166,片,.1968013674172061,93664988.69000016,475936676.2500002
109012406,56,每一个,.7407869695300869,352251538.41,475509900.8199999
109060506,112,套,.5349238914085139,253613557.4900001,474111479.34
109012407,70,套,.588858055203893,278235623.2400001,472500326.3200001
104030202,63,米,.4735805529593523,222848615.7700001,470561162.9900001
109022816,45,台,.8165845844954438,383264086.85,469350137.3
109011213,40,台,.4636879974999089,217597577.33,469275846.05
107029901,145,箱,.2682294575514236,125338794.83,467281990.4800003
109025302,86,具,.3912540719058445,182637989.47,466801504.6599998
108010899,78,平方米,.219809911993942,102488684.8499999,466260524.4699999
109024611,44,支,.4204103652457387,195949246.64,466090426.97
109013402,55,台,.5179956348655461,241312336.14,465857856.5100001
104011005,65,吨,.8829497681654698,410903978.0000001,465376392.6499999
304020104,38,UNKNOWN,.7019697197257558,326581490.6799998,465235866.3099999
109024206,35,EA,.5751123721957478,266673042.3900009,463688585.540001
104010902,90,张,.1634622782704543,75635426.23,462708748.65
107021601,19,吨,.5240022827198622,242038705.59,461903914.4899999
109025401,76,套,.3534373961175524,161992593.53,458334616.8499998
108012006,63,吨,.437582855201025,200481580.4,458156845.0799999
103011199,115,盒,.4694361860578832,214273820.7600022,456449304.7700022
107050902,84,个,.2208152872644904,100715821.0299999,456108914.73
109030105,57,辆,.6617790327571225,300323366.19,453812150.77
107029903,114,箱,.6702924407290388,303510200.1400032,452802660.0000031
107050300,133,吨,.181612466535421,82108028.82000001,452105686.2799999
109023212,46,台,.8096271736146261,365878596.6699999,451909976.0899999
109020699,49,套,.3544682614429162,160073479.38,451587622.3399999
102050506,8,吨,.9832543808985567,442643097.92,450181668.67
109010508,51,台,.8719899039949949,392323844.8099999,449917875.2099999
109051002,69,个,.2968093168680659,132667563.4000001,446979106.9900001
104030601,30,平方英尺,.4976479644469277,222243304.77,446587388.3699999
106040802,84,个,.6047788282406389,269377975.5100011,445415684.1000008
107030214,144,瓶,.3948307281858762,175812466.47,445285672.8700001
104010203,57,公斤,.4341248444372862,193308739.3199999,445283751.4299999
106040703,47,台,.6724749219725866,298695684.3099998,444173714.9599997
109051502,33,千只,.371755452575702,164942907.0300001,443686584.5200001
301030102,23,UNKNOWN,.5543557526749864,244490895.12,441036092.69
109032501,32,架,.9921413407949704,436554977.6,440012888.94
106020201,195,本,.4449161805870488,195250392.1700018,438847586.7800017
101010104,134,吨,.2629673810353779,115382863.3,438772530.82
109023199,86,台,.3982294277884135,174279405.5700001,437635677.8500002
109012904,63,台,.5731459904278516,250240174.1199999,436608086.42
108040411,176,片,.290154124260712,126613954.19,436367928.6399997
103011203,98,吨,.5357314251009468,233693735.8999999,436214350.9799999
106020106,71,套,.4157776694136294,180759102.51,434749424.5300001
107020236,16,吨,.9079883006361481,393837833.75,433747696.39
109012603,61,台,.4546490506500157,196259594.49,431672724.7299999
304040101,40,UNKNOWN,.8997130426528234,387893042.38,431129731.36
304070104,28,UNKNOWN,.9153261346111283,394029163.62,430479529.34
107021904,86,支,.2796081665353642,120213006.96,429933819.3500002
107030102,104,盒,.3866204137050035,165960806.4800001,429260330.2800001
103021299,62,KG,.2636683631453668,113114339.79,429002321.0999997
109021501,53,罐,.4511433644360383,193440899.69,428779219.51
109061601,52,台,.566918882326403,242920870.75,428493173.0500001
109024504,31,套,.5584836067290868,239104499.53,428131634.7499999
108010901,79,吨,.38626740585761,164337298.4400001,425449561.49
304040902,25,月,.3957037062836431,167793678.17,424038682.2400001
107040499,49,吨,.4721320491281106,199963520.84,423533037.4400001
109040501,93,台,.3580061405846032,151494071.9699999,423160540.5499999
107020221,32,吨,.9458714294692397,397547723.68,420297845.2399999
108032202,28,公斤,.4834163082274455,203052440.1,420036388.19
108012203,71,盒,.5326171195920533,223498777.7299998,419623721.2599999
104019901,107,吨,.3536711336408542,148283391.04,419269137.16
109061603,72,台,.4304370612052077,179785761.5700001,417681881.4500002
108012804,107,片,.3000591796492382,125068763.89,416813656.68
109020411,101,吨,.2077939633511902,86463708.96000001,416103083.8700001
108010309,66,块,.3232945147859143,134265003.3799999,415302447.8899999
109024501,117,台,.3944306971923839,163623129.7799999,414833660.1199998
109051004,35,块,.2667934059894887,110383885.28,413742929.18
109021499,59,台,.5397501248712711,222775349.7100001,412737930.8400001
106040102,189,包,.1843110994305603,76041587.24000004,412571936.6599997
106040601,117,个,.4303170764093662,177376793.5700011,412200220.0100009
108031503,37,吨,.305215130062195,125722599.2600001,411914701.7200001
106010106,77,吨,.8090999850992209,332956827.66,411515058.4499999
109041599,28,台,.5134375316353924,209913422.5900001,408839264.0900003
108041801,54,千克,.4534988852407876,185356395.31,408725139.89
108041199,72,吨,.33900396688218,138345367.24,408093653.0400001
107021201,124,吨,.2680258604914793,108663237.39,405420720.1900001
106050206,105,吨,.2584124363838456,104753405.86,405372927.58
108012402,124,片,.304193576775126,123202439.6899999,405013284.62
101020499,60,株,.5087799222562386,205592445.65,404089148.6799999
108010802,51,平方米,.4495444024263224,181308717.09,403316593.6699999
109012906,77,台,.4279400327918534,172483763.8399999,403055920.5099997
108041402,91,个,.4529807357401097,182224199.2200001,402278032.6900001
110020101,17,立方米,.5088328404547048,203955877.92,400830806.71
109060599,83,台,.449900771361555,179887298.4000001,399837719.4500002
103020505,114,瓶,.3332603031139431,133185196.14,399643146.5
107030116,24,吨,.8672777517182337,345939827.14,398880089.3999999
109010506,49,台,.9246748646553627,367929444.3199999,397901422.8499998
109060103,64,只,.2846668032006628,112996395.8699999,396942652.25
107050103,43,条,.7954395691369395,315708999.1200001,396898785.7400001
107020104,45,吨,.8975616542328406,355720669.11,396318924.09
106020299,141,套,.2936076460712609,116183729.74,395710845.0500001
107010108,169,桶,.4199188578625991,166111592.2900001,395580215.5100001
107060303,85,套,.372299605045842,146519194.02,393551838.4499999
109020909,91,套,.2847789477743654,112063363.34,393509998.6
104030503,78,平方米,.7623607086409043,299966934.49,393471136.55
104030403,72,条,.410772372332824,161134115.4499997,392271063.7399989
104010999,97,吨,.4281408609670382,167510529.98,391250976.6100001
103030802,101,公斤,.3004086027649885,117328588.27,390563343.36
107020228,28,吨,.8264209527047355,322565898.7400001,390316699.6
109051301,55,台,.3965087706377597,154448634.54,389521357.3500001
107020206,52,吨,.5507400835916543,214353808.98,389210473.9899999
107060305,66,只,.4136961629948744,161006713.3000002,389190733.9300003
105020205,113,个,.2837697986292185,110237717.64,388475863.79
109060399,79,台,.361702403854269,140452643.3899999,388309952.8600001
103010999,85,吨,.2306788932355489,89426327.62,387665843.05
108031404,45,吨,.2809899771453241,108766555.0000001,387083397.4400003
103010702,41,把,.7905632218461263,305708035.6599999,386696506
109013404,109,套,.3544172244680385,136679076.44,385644565.2299999
108020402,38,吨,.603180644845115,232538355.3000001,385520253.8200002
109013501,78,台,.4095274323366994,157464779.76,384503618.8700001
106040607,53,个,.3965692069579784,152004364.7400005,383298456.0400006
106051207,157,粒,.218643820591136,83758960.60999997,383084051.4199999
109012302,82,个,.3205848778681317,122708352.43,382764006.9799999
107030302,68,千克,.558405396211891,213107770.55,381636302.2199999
109024702,40,个,.2366479205853396,90284815.78000014,381515356.4700003
109023501,18,件,.9206743915272037,349952902.12,380104959.3
109061905,20,个,.8529537454506601,322126422.7400003,377659895.9300004
104019905,49,码,.627191446604811,236281780.1800001,376729914.7000001
104011202,52,公斤,.2568880016090666,96694720.46000001,376408083.89
109060502,46,台,.4796320183168809,179756111.4,374779215.1799999
107030209,152,盒,.417215879986595,156073406.25,374083091.6
109012103,104,KG,.246708071044389,91929504.51000001,372624633.3200002
103020504,129,吨,.3058248552786234,113311865.41,370512283.2699998
104020117,27,件,.9267657446398031,343273831.8000001,370399784.18
301010101,90,吨,.4724840944273017,174782225.8700001,369921925.2700003
108012300,74,片,.2485629031511824,91583208.96999998,368450834.0099999
101010106,128,吨,.3677624946718732,135141071.53,367468334.83
107029902,272,瓶,.287111730019755,105120791.0799998,366131997.0199994
109020401,53,套,.3600621120629203,131724307.45,365837734.7599999
107021899,64,片,.2707711117556262,98695835.10000001,364499131.61
106040602,116,支,.4351846320212839,158218034.4599999,363565307.2699999
107021202,146,米,.1456546575372463,52948166.62999999,363518527.4899999
103020601,67,千克,.3072145460981268,111421719.4,362683736.2199998
108010699,52,吨,.3055044061701405,110780527.01,362615153.08
109050803,48,台,.5784560228862703,209727576.2799998,362564426.6499999
107030212,112,盒,.3625335478005621,131295342.01,362160530.5399998
109010605,36,台,.9095694777173633,329264444.57,362000322.83
101011502,121,袋,.3453303516188996,124599734.5999999,360813157.6499999
109025503,48,套,.4273463118841426,154158994.1999999,360735520.3799998
108030700,38,吨,.8779130128198717,316509010.4899999,360524341.0999998
109024502,28,件,.3633319845288053,130688021.68,359693138.08
109011207,30,台,.8937761863529059,321439279.63,359641803.55
109020305,40,件,.4038584680691249,145155619.7399999,359422003.5399999
109061699,50,台,.4180763601496138,150151018.71,359147354.46
108031301,33,吨,.523862986633077,187610341.71,358128645.27
108040404,199,把,.2452677353996872,87789760.08000007,357934401.51
107030208,71,盒,.7438097739865772,263221247.6599999,353882480.2599999
108032102,31,kg,.3782098194022623,133753891.69,353649971.0700001
108041403,92,个,.3672316075064009,129468144.78,352551747
105010403,51,立方米,.5567367138732893,196147894.96,352317154.72
102050405,44,吨,.7774924404678167,273381963.2600001,351620091.7600001
102050900,43,吨,.7446521175357708,261184842.54,350747465.0099998
108010310,62,张,.2209139670777338,77406671.19999981,350392834.9299998
109025309,59,套,.446152988428459,155736198.45,349064564.15
106051009,168,个,.4388002252475307,152843424.2699999,348321207.4100001
109012606,43,套,.2078941852812937,72078867.39,346709395.9
109020902,35,套,.4549624932435734,157006701.33,345098120.53
201040000,84,吨,.3244744602696582,111666537.57,344145845.8
103020603,143,箱,.4423065843400255,152197257.5800001,344099009.5299999
107020205,45,吨,.4254888149304536,146305299.49,343852280.85
109050802,40,台,.4115797254729979,140767622.98,342017874.71
107040102,22,吨,.9093500000591549,310521480.7,341476308
107020226,14,吨,.9375440395864366,319547890.47,340835072.25
109020405,42,台,.7363471360078558,250911688.04,340751903.24
103011106,50,箱,.5871117954578051,199756386.23,340235688.9699999
108011199,71,千克,.2869306316636711,97611009.78000002,340190272.52
109020408,78,套,.2288103464723406,77753747.25,339817444.66
102050602,13,吨,.9964710837935958,337738465.2699999,338934536.85
104020201,52,件,.4789993346690681,162297854.4900001,338826889.1900001
102040111,18,吨,.9906570122729818,334403354.55,337557146.83
109020208,51,套,.3808013890454737,128075812.79,336332315.15
108031603,36,吨,.6884135849629124,230958038.2599998,335493144.3899998
107020109,25,吨,.9303060931369056,311924163.35,335291970.73
104010504,63,条,.4523079551679108,151431166.0000001,334796601.0100002
102050204,44,吨,.751628636889517,251367880.39,334430951.7399999
109011109,91,台,.2984861189372523,99780340.00999999,334288041.15
109061801,52,个,.4262088333048432,141910066.6300019,332958999.3000019
109023101,80,台,.5220376070666457,173554544.29,332456018.38
106051208,42,个,.6855895091670849,227640036.1099996,332035471.7599996
109041699,43,台,.618943125241646,204095704.9599999,329748722.6799999
102050501,35,吨,.9640183565079278,317627264.1,329482589.16
104010901,122,吨,.5019325032551638,165188146.16,329104302.0499998
109011502,21,台,.9610556259447284,316045106.2399999,328852043.22
109012702,75,台,.4243925326592547,138726616.23,326882792.59
108012102,69,件,.3802624069627809,124288145.77,326848364.4300001
109062102,13,台,.688781258875532,224685851.25,326207846.6199999
109042103,38,每一个,.4517144131080639,147211160.6899999,325894318.22
107030110,33,kg,.223689756447013,72800971.36,325455096.8999999
108012001,71,只,.2511342320210008,81418702.49000002,324203920.0899999
107021703,51,万发,.3216679167257199,103854745.93,322863240.41
104020404,71,双,.7219001140801431,232922938.6200002,322652585.9700056
107020224,25,吨,.8824448165815213,284693700.3699999,322619267.5399999
105010801,177,个,.2756887498395169,88776977.28000064,322018861.2400006
108040799,116,套,.3532750488071519,113655220.6,321718788.1899999
109020304,52,台,.720097314897976,231074267.9100001,320893111.4300001
110020199,24,吨,.4622672909704439,148305760.85,320822527.89
109042403,64,个,.6801098700068875,216934912.0499998,318970392.3099996
107040101,35,吨,.8905600031116839,283610590.36,318463202.22
109010203,58,台,.7407612889090421,235892076.76,318445469.94
103010704,72,吨,.3621657262243557,114900781.39,317260229.4200001
101020402,78,吨,.6086785663447467,192331946.5,315982781.6100001
107030411,28,盒,.7199261566568734,227289717.28,315712542.4300001
108031104,10,克,.8941987706333882,281947445.7700001,315307351.1500001
101010499,98,吨,.6527861972646849,204583400.8100001,313400316.47
107040305,37,吨,.6289968265947939,197075303.79,313316849.08
103011500,49,吨,.7296888453456069,228263028.85,312822417.8100001
107021511,38,吨,.9043488420035413,282792140.52,312702496.41
109022813,40,台,.9150675606379568,285950754.09,312491411.9899999
109061906,43,个,.609973799295302,190378798.1000002,312109796.0600002
108010404,87,米,.2912718698478127,90857097.41000003,311932276.39
109024210,44,台,.4364546452683352,136142025.29,311927085.1300001
109041402,19,台,.9384942181060119,292336393.1699999,311495145.6599999
109060605,56,台,.6790986646930535,211107652.4400001,310864478.78
108010804,56,平方米,.3886519841079612,120380144.74,309737630.7399999
109010601,51,台,.7499101471433762,231988178.48,309354633.1700001
103010804,131,包,.2298695724849552,70919673.79000002,308521362.89
109032803,39,千克,.67969818430623,209503344.12,308229959.9399999
109050704,34,套,.4095623026998129,126114950.53,307926168.25
107030707,38,瓶,.8615067144980303,265023255.25,307627614.26
109060304,64,件,.5567800934812117,170861318.11,306873970.7299998
109032801,79,辆,.4593871453792406,140888965.5000001,306688959.2300001
109042407,91,个,.5627260624561342,172462103.2100001,306476125.27
109024202,47,套,.3470781856653978,106313686.86,306310483.4899999
108040701,138,把,.385488237628602,117714177.9499992,305363864.4699991
104020104,35,套,.5626584815863588,171640146.5800001,305052091.45
102040106,17,千克,.536740215486451,163701050.16,304991214.44
109020106,58,台,.5775429590005536,175749145.09,304304887.37
109024404,84,台,.2749216561579414,83614059.71999997,304137771.0599998
103020207,143,箱,.3873890537854079,117372150.8200001,302982620.8900001
106010505,101,卷,.5303316060425968,160470869.76,302585906.5
109023607,20,台,.9166009970018973,276560022.33,301723457.9
104019902,95,个,.4229577358654185,127604479.7800001,301695580.8100002
104020125,87,套,.5394150911004917,162509314.8800001,301269500.17
107021704,46,吨,.6495450218866136,195316571,300697510.44
304040302,37,UNKNOWN,.6080090030937706,182550779.1799999,300243546.1499998
304020201,44,个,.6974660887839456,207185467.43,297054538.9399999
107020121,32,吨,.823784297987202,244669437.05,297006677.17
301040201,19,立方米,.3623229774467091,107495817.18,296685067.9399999
109042207,52,台,.3180973706520325,93483273.51000001,293882572.2400001
109050703,39,个,.6769806831425448,197961757.4899999,292418620.53
109060603,36,EA,.7753441563882035,225822574.810001,291254629.250001
109020307,33,辆,.7859498239114617,227938831.86,290017027.71
107020222,19,吨,.7666980717674552,222346048.38,290004705.33
107021006,94,kg,.4794533341609062,138259472.42,288368987.2800002
109020704,53,台,.4950451554449015,142697404.19,288251289.04
109041201,66,个,.3362347691904395,96919758.46000017,288250256.4900001
109020107,32,台,.5322562825853858,153208075.7,287846439.23
109025202,63,台,.5578128730797899,160458127.35,287655834.2299998
109022405,35,套,.4913164892495836,141322010.61,287639461.94
109012299,61,套,.3123022503969197,89767032.18000001,287436392.3600001
108031701,46,片,.4672589637964336,134110712.24,287015814.85
109032701,102,平方米,.2010043137039859,57606991.40000001,286595796.57
109062504,81,个,.3145543213364489,89487146.48999998,284488688.98
108012005,42,只,.3702469598952074,105289959.8600001,284377648.61
109060306,41,台,.3051977357800512,86629525.36000001,283847208.5600001
106020102,82,册,.3939109602168197,111590412.15,283288416.47
109040503,83,台,.2723505294045681,77009392.66999999,282758373.33
109051304,56,套,.5093309885869143,143652624.35,282041791.23
109024612,35,台,.6531133129529911,183814957.2500001,281444205.1700001
107060304,80,套,.2137454297616569,60104077.33000001,281194678.1600001
104010605,88,千克,.258279091327165,72565855.9599999,280959080.2999997
103010805,140,个,.2579402542224499,72453066.66999988,280890886.4899998
103011206,38,吨,.8036014255994056,224712702.58,279632035.7600001
306010902,4,UNKNOWN,.9855763388177327,274896731.24,278919775.58
108010704,60,平方米,.4075285967562768,113481930.73,278463724.1
109011205,22,台,.8933684261726165,248104796.2,277718339.86
109023303,62,台,.2758183989727826,76557907.54000001,277566354.6199999
109012404,56,个,.3017271156599064,83401764.91000009,276414550.0400001
108031802,13,吨,.9316841496449213,257336363.65,276205582.92
101030306,27,张,.7337343902008093,200714438.78,273551903.06
109012004,63,台,.5972503417846119,163222665.44,273290200.14
106010102,67,吨,.6951361530420586,189847381.26,273108196.76
104011001,61,吨,.6706165561758263,182456422.56,272072648.4900001
103040203,35,万支,.6310243985840133,171371799.98,271577137.69
109042599,26,UNKNOWN,.7652435790219536,207580351.36,271260494.11
108031103,18,克,.9601819356506504,259442702.15,270201607.1300001
304040501,34,立方米,.529756443494285,143134753.22,270189735.26
104010804,64,个,.260091377636794,70209674.24000016,269942336.7200001
109020907,56,台,.5040267570895667,136045899.84,269918011.15
108011103,48,个,.3736277290328416,100806219.79,269803903.61
109042405,84,套,.3354561120158218,90375826.66,269411775.2600001
109021001,36,台,.9166065334368589,246897794.63,269360718.72
108041302,63,公斤,.589032356942598,158417204.4400002,268944825.4800001
109022103,71,吨,.3407368193199263,90946606.39000003,266911590.51
109050106,33,套,.4860885694113423,129723925.2500001,266873021.5300002
108042000,68,件,.2793226494947962,74439056.7099999,266498462.7799999
102020603,44,吨,.9848711709184916,261848251.6900001,265870561.98
109062503,69,台,.507910022193054,134704176.6,265212676.8799999
103020702,28,吨,.6590242158864377,174698661.2,265086861.74
103040400,28,公斤,.9299677964543291,246425187.56,264982495.63
104020121,20,件,.9800197790656164,258484430.5000003,263754299.6800003
107021509,28,吨,.8370156601690928,220358289.8500001,263266627.3
109013003,69,个,.4894306898544346,128459228.4,262466639.4299999
107020117,23,吨,.8593464063664918,225213953.23,262075865.52
107029906,69,箱,.5200181822354567,136147142.4900001,261812273.3800001
102020601,49,吨,.9409556332446014,246239575.51,261690952.0600001
109012608,65,台,.3953541261970109,103339154.58,261383776.55
109013201,101,台,.3532239986132432,91968770.75999992,260369542.0499999
107022002,37,吨,.4519457309261411,116930852,258727639.18
109010205,37,台,.5901940805873898,152292483.11,258037971.1000001
105020201,109,个,.2751764852214112,70971541.13000003,257912812.11
109060204,54,台,.4435763255851584,114357891.43,257808825.3
109041203,59,个,.5115744408605297,131730498.2300001,257500155.8100001
101011101,51,吨,.4756987974885926,122464496.65,257441257.5699999
101030101,35,公斤,.3170679848671268,81584588.06,257309447.669999
501019900,38,UNKNOWN,.4179972559686917,107492242.7,257160163.53
109042408,88,个,.3321189120395151,85252705.1300001,256693316.88
107030602,33,千克,.3129048804477716,80111314.25,256024495.8
101020100,52,株,.7605669031065684,193322824.64,254182536.54
108012901,63,吨,.7987962703157948,202286530.9499999,253239203.1199999
107051002,77,个,.1767311929529267,44463678.14999997,251589305.8099999
109011206,33,台,.7850251703027592,197447937.1,251517969.83
109022603,57,批,.4836016805776895,121617658.11,251483117.1899999
104010302,48,吨,.4299654032022236,108054949.12,251310799.23
109020403,46,片,.4083057291940522,102291938.01,250527804.77
105010702,72,立方米,.2136844606008823,53458398.02,250174476.2799998
104010903,122,吨,.2400068578479169,59991467.95000003,249957307.4200001
109013004,49,台,.647152596983507,161504025.46,249560963.23
109020103,69,部,.3989316642034941,99466221.03,249331476.93
110030102,50,吨,.8650910612816793,215635292.91,249263115.2499999
107040202,38,吨,.3976324607857579,98937969.48999998,248817637.5099999
104010604,93,米,.2461602956330875,61228294.02999999,248733427.4300002
306019900,23,UNKNOWN,.7826438262834938,194590619.55,248632408.53
106050199,66,千克,.3968752605696398,98664113.3500001,248602327.11
103021201,72,公斤,.2748142593717365,67993876.77999999,247417571.9099999
103020802,86,盒,.4019815279710425,99402780.42999999,247281960.77
109021603,33,件,.6478169946607473,159995580.46,246976510
107022603,13,kg,.6366347134547221,157189600.37,246907052.11
109024614,67,盒,.3396109097207509,83307221.68999995,245301959.6999999
101010303,71,吨,.4756316084493182,116652054.85,245257154.4399999
102050599,43,吨,.8683334361694967,211895392.23,244025374.82
109012601,35,台,.3042257273008673,73783456.41000001,242528654.84
105010203,50,吨,.5915221201088497,143392960.7900001,242413522.5300001
109011608,57,个,.4513614882564396,108889614.7700001,241247021.7400001
103010503,58,吨,.4906206179206318,118326946.93,241178096.8999999
304070103,24,UNKNOWN,.8496368579718598,204077859.58,240194216.7
107021616,20,吨,.3228157928227198,77329671.97,239547363.2
109010799,60,套,.3246200994891178,77717682.69999999,239411185.02
104020105,24,件,.8911536403874745,212328783.4399999,238262824.5199999
102050603,25,吨,.9357217386069601,222933296.19,238247426.55
109020201,57,套,.4004721714119297,95392598.18000001,238200317
104010303,63,米,.8186013169767671,194986655.53,238194895.96
109022206,93,台,.3262923242503791,77620374.3000001,237885995.2600001
109012807,37,台,.4565977380647453,108198090.03,236965891.44
109023205,46,台,.3904111969455056,92170694.38999999,236086196.0699999
104011007,70,米,.4890506877435123,115218631.47,235596502.28
109061903,30,台,.5381618040129859,126781599.95,235582679.7900001
109040304,25,台,.4741150663476189,111105489.7200001,234342879.2
109060405,155,把,.2722759333064483,63745712.75000002,234121730.7600001
107030410,30,盒,.9845943240024401,229780818.4300001,233376135.5600001
108032402,30,吨,.6996270682514167,162974041.77,232944162.92
108042500,47,套,.4265696052054228,99365980.02999999,232942007.16
109011503,46,台,.7827916878388138,181948214.84,232435036.89
102050507,13,吨,.9498244671332035,220744388.6700001,232405456.2800001
109022602,37,箱,.9584942815410996,222625932,232266312.16
106020107,169,套,.4123080864576619,95724524.03999999,232167466.9599999
107020123,38,吨,.9046664570430529,207796545.19,229694097.2800001
109030603,11,辆,.7904928481289378,181200191,229224326.86
108040403,142,把,.426452256014702,97645579.94999982,228971892.0999998
108041111,26,百米,.5971322866109894,136593294.32,228748800.53
106040705,66,付,.191359704092277,43749343.88,228623597.0500001
109051303,35,套,.5845510918584067,133632502.35,228607052.85
109011499,45,套,.3514686489235794,80247243.97,228319778.21
109024904,62,套,.3653400585154335,83166378.88,227641007.1699999
109023103,107,只,.1574935925677547,35816928.18999998,227418319.73
106051201,77,平方米,.405643533574932,92115654.41000003,227085228.2500001
304070202,12,UNKNOWN,.6832277379668527,154794871.05,226564090.49
104030305,63,个,.7065966587264745,160037069.4200004,226489988.9400004
304030103,91,UNKNOWN,.4546005162446842,102643393.6,225788114.9099999
109060404,73,台,.7991057340177804,180394323.9500009,225745250.310001
109013301,77,个,.416946175624238,94045179.09000003,225557121.25
107030409,101,盒,.6427789007013083,143480879.5,223219647.2900001
106050701,43,平方米,.8276240637819968,184435856.2199999,222849798.9499999
108011403,86,千克,.1430964852991485,31804713.81,222260621.8699997
109060410,79,台,.4165522145390236,92547364.66999997,222174703.29
110039900,77,吨,.3397156367292803,75349018.01000004,221800264.2900001
109042506,32,个,.526175241692226,116705644.84,221799954.83
108011800,54,千克,.6293454732855976,139539054.6599999,221720915.7500001
108040406,194,个,.3194961596538409,70189019.58000001,219686582.9500001
104020301,24,件,.9155638122546956,200794613.57,219312527.3
109022102,17,套,.8175271488062645,178239303.35,218022488.4400001
108010307,26,根,.5595482462151893,121968775.95,217977228.55
109040202,28,台,.8226870902368089,177519819.17,215780484.8
109051907,37,套,.4004062664046383,86079343.4199999,214980010.6599999
107021504,41,公斤,.4080737509134273,87554325.42999999,214555151.45
105020208,54,箱,.4053434435273089,86441540.52,213255060.3700001
104019906,89,米,.2529664137715812,53911412.61000001,213116879.0600001
107021802,40,卷,.5691674049078936,121216249.72,212971172.7600002
102050304,12,吨,.8841422905183047,187225539.7400001,211759511.7300001
109060409,58,个,.3213724877080061,67648014.53999996,210497217.8
106040803,106,个,.4355568987998416,91294757.33000049,209604663.7800005
107030109,26,盒,.5086372841843322,106405504.09,209197216.56
109062105,38,套,.4828185969711789,100839771.48,208856436.17
109022699,60,吨,.3859793035819483,80499821.00999999,208559941.5899999
109013302,79,套,.5519223545413923,115101872.85,208547220.2800001
108012099,43,吨,.4517100736367705,94113329.14999999,208348971.26
102050203,41,吨,.7509063134713414,155443575.55,207007948.61
109012203,35,台,.4593322225370719,94465294.86000001,205657888.18
109060407,43,台,.6293328473005773,128378114.31,203990805.2799999
109051404,31,只,.8871296844457587,180169292.1300001,203092394.8200001
103010905,115,件,.2172516030395494,44101882.82999999,202999113.5300001
109021402,40,kwh,.5906202871590802,119629932.76,202549650.5300001
102050699,50,吨,.973602865815144,196277558.72,201599199.8500001
103020803,89,瓶,.6199161002239256,124663685.6999999,201097673.7899999
101030301,77,kg,.2375356022739547,47417207.69000001,199621476.68
109060501,46,套,.3510374215231977,70041322.03999999,199526653.7
108012903,63,克拉,.4785990275825908,95472554.86000003,199483386.6300001
109040602,39,台,.6694768735488115,132380499.84,197737225.99
101011213,101,吨,.194713373934966,38415481,197292462.3699999
107030115,58,吨,.1928455729081917,38008946.72,197095251.64
109024704,13,条,.5347376195089323,105340330.2499999,196994425.6900001
106040399,105,套,.3319794610308671,65308368.81000001,196724124.46
101010202,31,吨,.9489126346349992,186589528.81,196635097.9
109060302,30,PCS,.4418804620275495,86806143.12,196447117.67
109022812,36,台,.9045599818289813,177648488.69,196392160.01
110010300,66,千瓦时,.4079372659836044,80090354.65000001,196330076.53
104030701,25,公斤,.5283968182319838,103710048.99,196273038.39
109013603,48,件,.1642412574309267,32199684.47000001,196051132.1799999
109061499,53,套,.464851256337836,91027928.91999999,195821626.12
109041202,58,个,.3109149118386172,60709559.88999999,195261010.58
107020238,27,吨,.9461475082743573,184711787.38,195225148.05
109020703,29,台,.4385090982226841,85503182.10000001,194986107.3500001
104010503,76,条,.5071861594666995,98785398.22000001,194771478.63
109021003,30,台,.7675703457168527,149083398.95,194227668.88
107030111,43,kg,.5080508626945616,98439823.09999999,193759779.4400001
108031105,5,克,.9849070832707798,190224762.4,193139805.4
106050101,69,套,.2412586146824051,46510925.88,192784518.5599999
104010205,45,公斤,.2524025064514834,48626111.59,192653045.6200001
104020202,32,件,.8252477126306308,158926852.78,192580785.56
109012102,71,台,.3444473677864361,66302832.24000001,192490459.91
103011299,39,吨,.8118198261676969,155552297.98,191609385.4399999
109062204,32,支,.463637941769793,88777983.89000002,191481274.27
109050804,62,台,.3354167856973706,64062463.56999998,190993612.43
109022099,66,套,.3068856043993513,58457022.47999999,190484733.2099999
109022104,42,台,.6541855248541201,124489323.2,190296664.2799999
103011004,152,包,.2948166984377112,56040473.43,190085818.4999999
109022504,82,台,.3199722643340346,60776482.56999999,189942971.14
107021410,23,吨,.7737140580841448,145584731.52,188163482.36
304070301,15,UNKNOWN,.9974978150081356,187634945.2399999,188105620.2999999
109023609,53,台,.8489260193075729,158739722.9300002,186988876.9100002
106051213,46,箱,.5826817293410261,108742836.84,186624758.1899999
108012199,73,套,.2608691475304313,48597563.68,186290959.05
105010903,122,片,.1770914394998188,32924732.70000001,185919391.66
109010502,59,台,.733998051947956,136300324.26,185695757.5
106050802,67,千克,.2424579949458975,45017987.22,185673346.14
304010200,44,UNKNOWN,.5053578234042537,93608510.16000003,185232138.15
109032404,36,件,.3234483563232348,59911780.32999999,185228272.64
106051002,47,吨,.3488227211425124,64431630.5199998,184711679.0699998
109020808,34,台,.8372399784398754,154467226.2,184495760.0899999
109022105,49,套,.3128553713625967,57620504.95,184176172.84
109011103,47,台,.755344628418904,138431669.05,183269548.5499999
109041603,41,个,.4917766761944833,90105699.60999978,183224833.4899998
109021106,50,套,.4126363784529224,75515159.53,183006548.8
109011604,36,套,.361423652816369,65799295.81,182055865.18
107022499,94,盒,.2605675359005473,47300671.2500001,181529410.7399999
109031801,13,艘,.8760650425580129,158860792,181334472.08
109013599,25,台,.8417235433222237,151798096.4,180341987.11
108010202,69,吨,.7661678571357141,138163149.4400001,180330130.2100001
107020118,38,吨,.5799643297361057,104480407.5,180149712.91
101040300,41,KG,.1980533393377185,35610406.42,179802100.48
103020508,96,箱,.5336246475087493,95914971.70999993,179742394.13
108011900,100,只,.1872270695368608,33645525.54000001,179704385.82
109013304,64,套,.4640836408274194,83122692.72999999,179111447.6299998
109020904,39,台,.5071033800947925,90775820.71999998,179008510.4599999
106040202,130,支,.2280152092712859,40786718.27000005,178877182.8
107050401,89,平方米,.2387278017412873,42682498.42999998,178791486.03
109011202,26,台,.875433580433263,156298100.73,178537931.63
304070302,26,UNKNOWN,.3792598301865074,67530049.33999997,178057479.24
108041902,88,台,.4782400959101413,85144749.98999996,178037665.0099999
107030118,28,千克,.3767903647058518,66798365.25,177282572.77
109050701,29,套,.6547971453956658,115850735.53,176926146.28
109010505,31,台,.8307600813200072,146663397.81,176541219.4299999
108011299,241,个,.166860501453819,29337573.52999999,175820959.87
105010405,51,张,.4943339361931042,86909196.74000001,175810702.8
101011999,32,株,.6563705651438227,115316372.71,175687909.9
108010603,50,箱,.3348458767998988,58731486.98,175398567.07
109024308,57,套,.6779928840400397,118812480.7,175241486.2999998
102051000,51,吨,.5968709168130319,104390938.05,174897008.8999999
107020116,28,吨,.9021856555291558,157565988.69,174649184.15
102050305,11,吨,.9851626298630336,171715309.46,174301485.11
109050203,33,套,.4534552612028667,78973961.58999999,174160426.28
109021403,67,台,.423878137691462,73656062.09999996,173767070.18
109013305,71,个,.3409704736011788,59175479.55999999,173550157.98
109011003,54,台,.3653247022070509,63165323.84,172901869.1
301050302,17,吨,.7867910012172922,135958502.04,172801292.63
101020399,89,条,.2052218385119723,35459395.62,172785683.42
109021300,58,个,.3489658559200515,60102396.32,172230019.93
105010904,116,条,.1419095428931077,24435886.95,172193401.88
107022102,111,公斤,.1789142517907324,30657024.86,171350379.04
307010200,45,UNKNOWN,.7801689414720347,133592778.4,171235704.6
104020502,66,个,.1448458232522027,24797111.26999999,171196591.7499999
109025205,52,台,.6213566429329324,105907377.26,170445393.1
109012199,62,件,.2226800938561561,37649959.54999997,169076449.0799999
107030112,23,千克,.5854425028091137,98725383,168633781.33
108011202,68,吨,.3481187444976001,58566469.51000001,168237046.8
104019903,73,码,.3576268198410971,60103477.22999997,168061996.1799999
101050100,78,kg,.2333184757676144,39200523.63,168012942.4
107020204,22,吨,.7620561274692284,127976855.34,167936259.19
102050509,9,吨,.9992608795280618,167604233.6,167728204.95
107030106,23,吨,.2059963088501344,34530830.2,167628392.92
109021002,35,台,.2559259968330492,42872969.61,167520963.64
103011001,61,KG,.4481148586539406,74630343.89,166542890.62
101040400,80,公斤,.2079231135362816,34599526.84999999,166405390.2499999
108031202,18,吨,.5567343114493479,92611040,166346923.65
103020902,69,件,.3288731540314983,54424120.39,165486661.72
101010999,25,吨,.6771428463980533,111978414.51,165368969.2
107030113,22,公斤,.4989905311337773,82442080.57999998,165217725.46
301020202,18,吨,.5949951232501897,98216291.39000003,165070750.25
104010301,42,吨,.696544230956044,114970861.64,165058953.23
107020229,12,吨,.7332473422231791,120692040.15,164599355.77
109061101,43,套,.5675245537792877,93021101.95999999,163906744.3699999
103020705,47,公斤,.4006080962189559,65650891.69000001,163878095.1
107021414,23,吨,.9589153424609154,156996073.08,163722558.32
304010300,32,UNKNOWN,.3112215868340594,50942071.80999998,163684249.3099999
101030303,92,瓶,.2806944746358906,45931096.38,163633774.55
109022204,63,台,.7928125473164385,129524210.26,163373057.98
109020501,49,台,.5397492244228407,87976947.42,162995968.2
103020703,34,吨,.7788103753844847,126627844.58,162591368.3
109024207,34,套,.2208174052252624,35793043.63,162093398.36
109025504,39,套,.6892316945993321,111298766.82,161482368.98
103010902,128,袋,.2092392450272332,33765748.63,161373879.1
109010604,25,套,.710781614128618,114572313.2,161192004.58
108041299,61,米,.4433674118118355,71390023.95999998,161017752
107020227,32,吨,.6470430097650638,104095020.77,160878054.78
106040101,160,个,.3499251745862514,56287176.88,160854894.0400001
107050502,59,吨,.3009385181358983,48122970.66,159909641.87
109042105,58,KG,.26666688031271,42576790.57,159662836.72
109042505,47,台,.3495818254512838,55746700.78999999,159466816.44
107050701,41,吨,.7416179662641263,118170860.16,159341959.79
108040407,113,支,.4979525240309614,79198584.59000006,159048465.0000001
109042603,55,件,.2417421685997665,38413829.81,158904133.41
109020407,42,套,.4070686938606758,64667224.75,158860717.43
109012201,34,台,.6697228474623503,106278172.47,158689781.71
109040605,69,台,.2883278215984705,45749470.46,158671716.8200001
108012502,40,千克,.2207791573136375,35018990,158615470.89
105020206,68,个,.393172440484681,62167170.65000009,158116806.39
106010303,62,吨,.5114856203687842,80822351.87,158014905.3099999
108010303,61,米,.5201323919546464,81548555.52,156784227.98
104010508,38,床,.4436511834697293,69302149.72999999,156208643.89
109061602,32,台,.5497607837340284,85739932.64999998,155958619.07
109012204,32,台,.5718459433800899,89096974.26000001,155805904.18
109021701,30,台,.3189756628457063,49648658.31,155650302.18
101030102,28,kg,.4519490999095878,69720356.16000022,154265947.5900002
104011302,64,床,.2365740184029267,36488999.22000001,154239250.2200004
109020204,17,套,.8919938736632406,137268855.1100002,153889907.9500002
109041902,16,台,.7331665239331385,112551403.72,153514106.34
106040804,93,个,.5527694868755106,84075665.8699992,152098963.2499992
105010202,38,吨,.8661446706981736,131702272.28,152055743.96
109011106,30,台,.6829527894364228,103592595.22,151683391.33
108031108,8,克,.9810027225543869,148608079.74,151485899.4
109022201,70,台,.4357533211174393,65828853.18,151069079.66
109022801,32,台,.5647631248573564,85057438,150607279.86
109060311,23,件,.4711271212941646,70811345.96999998,150301994.45
107060302,69,吨,.3626582918730281,54399182.34,150001209.29
104010505,44,条,.450829444818256,67508250.58,149742327.9599999
109010603,54,台,.7727017624934018,114950470.04,148764343.01
107030802,68,盒,.3136830356773777,46494233.29000001,148220426.36
107030601,66,盒,.4982014998295622,73811038.29000001,148154990.13
104010502,34,条,.4990658983758212,73665142.71999998,147606043.5299999
105020108,66,吨,.3305048165275426,48350114.74000001,146291709.9000001
109012802,29,套,.7336710067258028,107065332.45,145930984.69
109012899,50,套,.4027480688757449,58568587.36,145422391.53
106051105,16,台,.6635033073569775,95647916.08,144155899.48
104030604,24,米,.8981859894806989,129325944.65,143985706.93
104019904,60,米,.3031818311635059,43562019.68000001,143682817.38
109013505,66,套,.2193380161398336,31457099.09999999,143418362.46
106040402,50,瓶,.2549148512843593,36453833.12000001,143003959.7
109010507,33,吨,.8580191335246256,122360284.08,142607873.5300001
104010808,46,个,.5247700174983239,74728252.22000001,142401908.89
109011105,52,台,.6395149076844283,90712261.15000001,141845420.74
108041203,43,千米,.2919904553611334,41314186.17,141491563.89
102020400,26,方,.3761290801170231,52883531.48,140599422.58
109024601,74,台,.3038468960032556,42501783.85,139878946.9599999
103021202,53,吨,.2537040919004703,34992305,137925662.68
105020207,62,个,.1700768337829764,23420231.43,137703830.14
101010402,60,吨,.4012943039248635,54443379.48,135669454.93
304020202,61,次,.2897187678173415,39274021.01000001,135559119.3
109061907,18,片,.76263252460727,103350301.52,135517825.67
101010107,75,吨,.6327468626177796,85667190.07000002,135389355.73
109023302,35,吨,.7588058793559205,102543212.55,135137609.42
109050702,33,台,.4429870309835537,59788179.3,134965981.21
108032299,47,克,.4272558796119427,57567115.55,134736859.8
109022004,18,件,.5524578675056854,74423295.30000006,134713069.8600001
103010802,80,袋,.2443401832176345,32909402.84999999,134686822.35
109020814,62,支,.3303165234598811,44264539.77999999,134006435.15
108011101,44,片,.2676185606143806,35859590.95999999,133995156.68
102050601,49,吨,.7581861893805051,101593233.37,133995098.82
109062104,40,幅,.2636866485964792,35324980.42999999,133965752.98
104011004,77,米,.3560964277039907,47378067.59000001,133048421.45
501010200,18,UNKNOWN,.5558270789856526,73711838.93000001,132616494.8
104030401,114,双,.467843064578982,61936049.83999995,132386380.2399999
110030103,41,吨,.8377761724801781,110642484.71,132066879.37
109021101,46,套,.2980634583189518,39026102.23,130932192.93
104010606,100,个,.3509112483336617,45901343.13999998,130806132.2
301020101,17,吨,.866292876787395,113307127.7200001,130795405.0600001
108031299,12,公斤,.8902175606747857,116420226.76,130777275.02
108041304,23,只,.8959912260237939,116699760.85,130246544.23
101010201,60,吨,.8257042930387731,107528772.49,130226732.98
109060504,19,套,.5777646344956781,75189427,130138507.12
307020200,71,UNKNOWN,.3248177052036009,42201938.26,129924993.57
104011002,61,平方米,.5518810978324741,71363105.70999999,129308842.05
109024802,59,台,.269430960850467,34811688.88999999,129204486.3
104010603,105,条,.2798098259927969,36094789.95999998,128997578.38
101011700,95,公斤,.4029748191041529,51920235.38999999,128842381.53
109051307,33,个,.7220693599127076,92736941.03,128432178.65
107050499,82,支,.1568997795722921,20143631.38,128385338.94
107050104,46,条,.4793361275958305,61481516.76000001,128263890.87
101059900,80,批,.4293415175660756,54787008.1700001,127607058.5500001
107040309,23,吨,.6744083015333673,85935327.36999999,127423294.13
103020503,88,罐,.3716533313118229,47295999.82000001,127258377.19
104020302,47,件,.3996349889166373,50825256.46000001,127179195.69
109021200,61,套,.2263312287135155,28654061.69000001,126602333.46
108040704,91,个,.5031183560123587,63194568.8199996,125605770.6199996
109042104,47,台,.4082837362848632,51120773.56999999,125208939.34
101050200,49,公斤,.303426867576121,37860295.84999999,124775686.98
107021416,17,吨,.792322024246791,98846602.72999997,124755591.42
109051306,26,套,.3288198093320018,40939348.35,124503899.06
109042302,73,只,.2867701677194445,35647908.56999999,124308287.9
102050403,38,吨,.5208225274947055,64742050.25000001,124307315.51
106010206,87,吨,.2189234856266573,27170935.07,124111558.85
108040600,70,支,.2151960391399466,26512217.73000001,123200305.34
109023899,24,套,.3743833490753659,46120776.6,123191313.7
103021203,45,千克,.3213195441987343,39425691.16,122699324.93
109051005,30,台,.3834549823622465,47006515.52000001,122586790.32
107021905,63,吨,.3287068032229897,40275995.26,122528633.01
108010706,55,吨,.2655199002278529,32387659.39999999,121978274.97
101030302,76,kg,.3039720376423886,36979228.89,121653390.15
103020507,53,盒,.5880921329651944,71525819.37,121623492.92
109023399,46,台,.3865833068467016,46933712.72,121406465.02
103020501,80,箱,.5845464457295424,70962934.29000001,121398282.05
302030100,23,UNKNOWN,.7273257806641656,87097287.32000001,119750034.49
109020504,51,套,.2617996061438273,31348759.52,119743341.03
109012903,34,套,.4488748040404645,53420743.76,119010341.59
108011004,42,吨,.754268300880977,89485195.92,118638415.29
109060703,40,套,.571334771496074,66940574.56,117165238.14
107050105,37,条,.7900411364351493,92253959.44000001,116771083.41
106051199,52,个,.3838900929177149,44821682.31000032,116756548.6500003
108010502,35,吨,.525866383271127,61212948.48,116403996.2
106040105,164,筒,.4083678007078775,47340419.65999976,115925936.3199998
106010205,54,吨,.3283486442045959,37984132.74,115682319.42
103011101,44,千克,.2646783912719807,30575863.29,115520814.31
109013502,49,台,.3723629718307856,42923879.33000001,115274295.72
107021405,33,吨,.4506956818095915,51886200.22000001,115124689.04
101011499,82,株,.7777184476297536,89373109.31999999,114917049.47
109020805,20,套,.9325689213583177,107152191.11,114900023.64
101011214,94,吨,.1566068334124733,17982069.54,114823019.84
109022001,64,个,.2832728851656953,32332144.53,114137802.18
109061605,44,片,.2896226495151724,33037342.74000001,114070300.77
107021512,23,吨,.9370421772524961,106683924.21,113851784.69
103020205,84,箱,.4605214278902242,52220376.69999999,113394021.51
107021803,31,KG,.4505111882283092,50877996.27,112933923.95
109051503,22,个,.4638452183395722,52187393.65,112510362.48
109061901,21,台,.7220175297836121,81124215.49000001,112357681.28
104011006,43,米,.7689840745761106,86386002.64999998,112337830.53
107030412,40,瓶,.7988525521629326,89714707.47000001,112304463.73
109061099,32,PC.,.3879890373210783,43512511.82000001,112148817.71
109061001,35,台,.628539493240844,70412390.17000005,112025403.2200001
106040103,135,只,.6193841881855044,69231548.18000065,111774807.1400007
109060606,45,只,.5248793277421222,58637971.55,111717052.76
106051301,36,个,.4800312777096126,53603695.66999985,111667089.5399999
108032101,21,吨,.9622823202885317,107316327.9,111522705.59
405019900,18,平方米,.793960200534635,88403716.55,111345274.6
107021510,9,公斤,.4251226196590286,47271345.06,111194612.74
109025402,35,套,.7513059441154183,83010422.94,110488175.41
106051209,19,个,.5862467386855327,64658254.25000007,110291878.8000001
109040102,33,台,.4158752053014892,45853742.37999999,110258418.38
103010202,37,吨,.3982204719491235,43775033.21999998,109926626.84
109011002,54,台,.471735931283233,51846808.94,109906423.28
109022903,45,台,.3655354064288551,40132924.07999999,109792166.16
107021102,64,千克,.3192583671018204,35020783.14,109694174.84
108012002,55,支,.2799663556332069,30706159.43,109678033.85
109022203,45,台,.7375506186589303,80737765.21000001,109467422.53
108011502,26,个,.7155508138842034,78107776.26999995,109157553.5299999
109020705,43,套,.3510642323747344,38317380.65000001,109146353.05
107050702,30,吨,.865814285742351,94374981.38999999,109001413.98
101050300,53,盒,.1760674600581551,19169647.49,108876719.66
109013605,26,个,.6088105688983136,66225135.41999999,108777900.39
307020103,48,UNKNOWN,.7859341534136236,84859810.96999998,107973181.47
104010403,34,米,.6775874950746499,73008184.13999997,107747242.49
109020803,28,台,.777375692015334,83693715.16,107661862.88
102050402,25,吨,.9072772120662675,97607663.56,107583065.31
101030307,13,KG,.7329923716963148,78718727.56,107393651.83
304050103,32,UNKNOWN,.5410799325963227,57949141.88,107099040.99
109025602,41,台,.4751846570273749,50492957.66000001,106259654.88
109010512,29,台,.9517325005271368,100898838.78,106015964.28
109030104,43,辆,.4890770517512059,51645807.05,105598508.18
109022809,31,台,.9632599774272615,101675097,105553121.05
102050406,21,吨,.9378073763601424,98276488.46000001,104793895.78
109021599,31,套,.7542985672974155,78810507.38,104481846.84
109061807,43,台,.5656713803529632,58858224.05000017,104050206.7000001
106040608,76,个,.4126382209167689,42793574.99999996,103707249.67
106051210,95,个,.4786398485066065,49625840.05000003,103680962.2200001
106051212,50,台,.3457998382514076,35825281.92,103601210.75
109022406,42,台,.485021686421228,49925491.04000001,102934554.14
103010102,54,千克,.6410258057880798,65940791.50000019,102867608.3000002
109020903,24,台,.5948717145631552,61181796.15,102848722.93
103010199,81,吨,.2551572404684742,26205153.81,102701980.01
109040603,38,台,.3663030136517222,37459872.02,102264711.52
101030311,47,盒,.6186186317458815,63161281.36000001,102100515.76
106010503,98,只,.2587931635653644,26397563.6,102002553.84
108032301,45,个,.3007596838230819,30591380.46,101713700.6900001
109012901,53,台,.7699097305854982,78195119.43000002,101564009.81
107050901,63,个,.4863405262557481,49200431.3600002,101164572.3600002
107021505,42,吨,.204139895094386,20585360.15,100839476.48
109020905,37,台,.5571313477146077,56108334.05999999,100709346.71
301060200,35,吨,.4847949757817172,48795470.94999999,100651767.01
109051601,53,个,.2782513439046798,27954439.75999999,100464707.08
109025201,27,台,.8903102669696429,89357404.86999999,100366589.25
109051903,45,个,.4131168608018793,41457017.70000002,100351793
108041108,50,公斤,.5156097956769504,51614201.61000001,100103221.55
109060604,31,台,.8151023359502548,81386761.29000007,99848519.26000006
107040199,33,吨,.6763824832364046,67462852.2,99740684.99999999
107010201,14,吨,.990632422181727,98760944.87,99694844.08
109050603,42,km,.3955706040332163,39385293.56,99565774.49999999
107060113,88,个,.2133809787826807,21112134.56999999,98941033.49999997
301030101,13,张,.9187674115726978,90472920,98472060.35000001
109022502,59,pcs,.1878724841048767,18424635.96,98069901.22999999
104030603,50,个,.253885748103586,24894402.59000001,98053564.55
109061010,18,套,.5618409048025313,55078170.4,98031613.45
106040704,36,个,.4269612598353744,41763054.47000002,97814622.54000002
109022811,27,台,.8832106489990409,85845889.26000001,97197525.14000002
109022503,66,只,.2373005208871739,23043647.00999999,97107443.85999998
101011302,90,扎,.1776517409376963,17190846.98,96767118.00999998
109050602,60,箱,.1487178107462361,14369771.34,96624414.17
102050512,6,吨,.9986641763087006,96426829.56,96555811.10000001
109020101,38,套,.5032660084343106,48510457.28,96391285.06000002
104010701,58,块,.2460422111812261,23704401.66,96342824.85999998
109024302,38,台,.5969984644960568,57465237.23999999,96256926.37
301050602,22,吨,.7478925145371415,71702632.94000001,95872911.61000001
109011203,16,台,.9782513921578944,93786182,95871248.18000001
101010299,50,吨,.6835399737292207,65269475.38,95487429.97999999
101030202,13,kg,.5932022089219676,56474443.5,95202685.78
109020813,45,台,.4235912956460708,40251469.31999999,95024307
108032401,40,克,.3144858518315243,29841140,94888656.60000002
109061610,32,PCS,.2966268243780633,28103954.88000001,94745156.44
106040807,57,个,.4522342124431323,42840742.70000002,94731317.35999998
106050212,49,付,.495530707557695,46870908.92,94587294.40000001
109013503,43,台,.5510289654860641,51985526.29,94342638.13
102040108,23,吨,.9730194390811707,91281128.22999999,93812234.94999999
109031202,10,辆,.7092081875410554,66036608.83,93113150.68000001
105010102,53,立方米,.3209802007070462,29877382.96,93081700.66
107021699,26,吨,.3645065644593884,33892218,92981090.8899999
108012004,58,只,.2600622601669681,24112367.59,92717672.96999998
109024203,29,套,.6617192913707657,61305931.92,92646432.89
109042406,36,个,.4243690399368802,39258595.15,92510507.26000002
101040600,68,kg,.2511075301540349,23129333.79000001,92109279.94000007
107030119,67,瓶,.5466695808330246,49919551.55000006,91315766.05000004
109022810,25,台,.4282107995822571,39083368.8,91271329.07000001
109060510,34,台,.4668093596593606,42529064.41000001,91105851.95
108041104,45,kg,.330256871142438,30033184.32,90938862.88000001
109062703,97,台,.4961218404070217,45102666.32000009,90910463.21000011
109024613,45,台,.6084000087020247,55215325.28,90754971.22
109011605,26,套,.506361737318289,45886522.86,90620043.88999999
105010502,52,只,.2153554225368983,19474829.28,90431107.09999999
108012103,37,套,.3949754928961319,35700367.06999999,90386283.98999996
107050802,71,套,.3241270165570275,29034624.51000002,89577921.7
109011108,44,台,.5993175788999101,53644940.48999999,89510040.05000001
106050205,56,公斤,.1735179887813805,15511171.85,89392298.51000001
106030200,55,个,.1949742117855337,17285854.93,88657134.55999999
106041009,44,副,.6712961390802942,59404546.81999999,88492311.15999995
109020604,25,吨,.4249419372477626,37596503.67,88474448.80000003
106040401,79,瓶,.2675997588634739,23655857.63,88400145.54000001
109011606,53,台,.5626764911399322,49707899.92,88341881.53000002
104010405,43,公斤,.4782416252660157,42029389.60000001,87883169.05000001
106010401,67,刀,.1847430989093857,16230399.67,87853888.80999997
107021415,21,吨,.803867386763804,70583050.67999998,87804346.63999999
306010100,17,UNKNOWN,.5367878744559975,47012319.79,87580815.48999999
101011903,22,公斤,.5729543046890113,50092505.25,87428447.33
106041099,32,台,.5212900819295374,45436197.86,87161063.36
106020502,39,套,.7158445833294559,62324452.15,87064222.60000001
103011403,76,盒,.3750439954843627,32577150.27999999,86862209.95999996
109022814,23,台,.6190032679677124,53668227.22000001,86701040.2
101030308,40,公斤,.4908259586766582,42239071.9,86057127.08
109010702,49,台,.8944450572412939,76421018.36000018,85439589.32000016
109032702,70,套,.2923758477859502,24975280.03,85421830.22
109061011,40,台,.3098806745167483,26411275.22,85230468.99000001
304040102,30,UNKNOWN,.6660917527932578,56732554.73999999,85172282.19999999
105010703,65,张,.2253878816627374,19166350.14,85037181.23000002
107030211,82,盒,.8205583009767021,69658907.43000001,84892087.91999999
105011001,54,台,.5219064831496647,44108902.28,84514953.73999999
105010402,34,根,.2783364916265768,23518244.18,84495726.89
109022404,49,台,.7010888672154639,59213041.76,84458682.10000002
108012299,55,吨,.6585682136068093,55478297.35,84240775.97999999
102020699,48,吨,.7964342246627694,66891439.18999998,83988654.82999997
107020701,75,千克,.7544580419295228,63338029.08,83951691.89
109061809,20,个,.3900697963856106,32657134.57999999,83721259.32999998
109023002,39,台,.5488958307318429,45916348.05999999,83652207.73999999
109012801,65,台,.289116065088484,24178084.18,83627605.30999997
106051001,44,套,.3822748929624493,31944944.6,83565374.52000003
108032414,6,吨,.9888743258494773,82629582.98999999,83559235.81999999
109010513,33,台,.8751835685313463,72750621.42000002,83126128.09000003
102049901,35,吨,.9579794278138071,79570180.81999999,83060427.50999999
107021807,24,片,.2849803276755229,23647589.57999999,82979726.25999998
109022401,45,套,.4333587469438216,35797480.59,82604726.08999999
103010405,27,箱,.8470535360664323,69453175.02999979,81993843.44999978
304010403,38,UNKNOWN,.5888726017721881,48208271.36,81865366.48999999
109060308,40,台,.4770905265393736,39008496.34,81763301.03
103011102,83,箱,.4966068550861438,40560053.75999998,81674373.48999994
108010705,42,吨,.6068757056046798,49419806.38,81433159.91000004
109061401,54,只,.3086769831377604,25093252.12,81292916.19000001
108032413,8,公斤,.3882547186747395,31527110.17,81202130.08
109010499,55,台,.2989403714411717,24183176.52,80896321.91
105010601,66,只,.354254948426624,28567622.82000002,80641422.08
101011602,48,公斤,.355399171752052,28619631.38,80528131.90000001
109023204,43,千颗,.2327393147674669,18713655.05,80406076.07999997
103011303,72,吨,.4964635802216846,39907660,80383862.16
106040301,63,吨,.3076194880476052,24710902.3,80329443.55
106051211,68,个,.2928356041099363,23522490.72999999,80326607.82999998
109024307,47,PC,.6899921998427885,55354950.4400001,80225472.77000012
109032301,16,个,.7532173035913804,60415607.07999999,80210062.60999998
109051405,36,套,.4397765056877944,35239369.24999999,80130177.01999998
104010601,87,个,.4048887421732136,32429463.23000001,80094751.60000004
106040701,36,台,.3067789807032117,24472646.02,79772890.45000008
109061612,44,台,.2666334464312064,21242685.4,79669995.20999998
108011700,39,片,.7204550661077862,56742048.27,78758622.06999999
109060509,47,台,.4638089783969501,36525627.48,78751445.48999999
109061007,26,台,.5933106485895736,46416274.27999999,78232666.79999998
106051099,54,箱,.6150205196280376,48041446.88,78113567.51000001
103020704,53,吨,.7035418343427321,54659295.54000001,77691606.76999998
106010301,71,平方米,.2071311716978514,15976537.23,77132462.00000001
102051102,25,块,.4488510232515545,34607886.73,77103281.34999999
301050201,18,吨,.6858152562663449,52651889.59000001,76772700.97
109021103,48,付,.3715072385844504,28514040.39999999,76752314.46000001
109022302,22,台,.2734810892235015,20829197.46,76163209.38000001
109061904,41,个,.4536061589894388,34532040.42000028,76127803.24000029
109013401,52,台,.5706951443373942,43318806.84999999,75905336.28999999
303020400,30,UNKNOWN,.6853447356398568,51973813.94000001,75836015.42000002
109021804,47,台,.6030116108607073,45639878.84999999,75686567.27
103010703,60,付,.2360145031481918,17794841.08,75397235.52
109024615,53,箱,.5305092272425334,39939670.38,75285533.84
101030201,24,公斤,.4167435789198482,31268796.19,75031260.88
109010514,41,PCS,.4278553415573556,32079458.26,74977346.65000001
109024703,29,台,.6480258968682832,48307253.48000001,74545251.53
109024002,23,台,.8706473912209911,64790267.05999999,74416196.16999999
109060901,35,套,.4606103922622365,34249311.7,74356359.03000002
105020102,60,个,.3869735133073831,28658025.08,74056812.92000002
102050303,28,吨,.8142758291155664,60144676.01,73862779.48999999
109031804,24,批,.5663693926697057,41769526.26,73749617.83
106050401,67,件,.2754766133803893,20312827.5199999,73737030.77999988
107022306,19,瓶,.671774050624203,49506050.53000001,73694496.66000001
102040303,17,公斤,.7818302222433974,57361785.56,73368595.80000001
109012604,25,套,.677281768469134,49669973.57,73337236.99999999
106020599,43,万枚,.4318754896640199,31155365.61,72139693.86000001
109025305,75,套,.3040099905545282,21927082.52,72126190.59
109022101,31,台,.6309782000047121,45411185.54,71969499.96000001
102050514,13,吨,.9821208803078812,70185375.3,71463072.11999999
109020807,46,台,.418286968452402,29880084.63,71434414.37
107021903,28,吨,.5632295022837519,39984000.44000001,70990600.24000001
109022205,47,台,.3967914690251508,27987362.22,70534183.32999998
108040800,76,㎡,.2013453162095925,14179470,70423639.67999999
109021401,44,台,.555110172019629,39089652.47,70417827.73999999
107020235,17,吨,.879323819134179,61692260.62,70158750.71000001
109042303,27,只/支,.9172175602020639,63539057.98,69273704.23
104030602,22,件,.4343599327910064,29883935.16,68799935.03999999
107051001,57,吨,.3002745523925076,20558642.23,68466148.95
106040304,106,个,.3398944815692475,23244179.26000009,68386456.74000005
109024208,27,套,.3956021026232693,27051217.75,68379863.43000001
103011103,60,吨,.6653155775834988,45421850.34,68271136.09
109012806,32,立方米,.2459106966511336,16705922.4,67934915.50999999
109020811,53,台,.3234138737240339,21928083.76,67801926.69999999
103030101,27,吨,.4416870464509911,29869960.69000001,67626979.17000002
109023605,25,台,.7216948485019656,48775217.81,67584267.66000001
109022304,25,盒,.9320955096374701,62775910.75,67349225.59
306030201,11,单,.9262454358799824,62222711.22,67177347.17999999
109042502,20,套,.733293610241962,49127032.99,66995037.60000001
108040405,106,把,.2334975696427385,15629671.58999999,66937191.73999999
109011702,31,台,.8335054417563846,55703253.04000001,66830101.22000001
107040405,22,KG,.300023995481391,20011455.35,66699516.20999999
106040111,153,个,.245557902020201,16301359.01000004,66384990.57000003
105010103,57,根,.2087786063998089,13857039.3,66371931.2
304040701,27,吨,.3630361123145653,24090499.93,66358412.05
304050199,29,月,.2615829483736322,17344067.93,66304275.70999999
109041206,31,PCS,.5459895132786379,36024916.26,65980967.37000002
108030900,19,公斤,.8923508125074547,58748102.68,65835209.49
109021699,29,套,.4144804898617157,27145593.95,65493056.03999999
109012703,51,套,.2409488684321399,15761066.76,65412495.45
108032203,15,克,.960289410381487,62669326.08,65260873.86
101011215,64,吨,.1896753300922259,12358527.28,65156218.65000001
109030701,19,EA,.7014140074707765,45649844,65082595.31999999
109060305,29,台,.6665242006910392,43332595.29,65012786.09999999
102049907,31,吨,.780965213750662,50740164.86,64971094.7
108031902,14,KG,.5448333409859533,35245768.13,64690916.42999999
109024401,30,个,.5494275026349931,35281388.9099998,64214821.31999981
104020106,17,件,.7454082129886509,47849945.80999999,64192941.49999999
109012804,36,套,.5153325666017751,32954588,63948196.05000001
103020204,65,公斤,.2211529904690112,14070768.18,63624589.25
106020105,64,UNKNOWN,.2812480396868671,17867875.43,63530666.56
109012405,54,件,.3298522560102379,20820980.27,63122139.96000002
108031106,7,克,.9846071155154688,62066731.24,63037053.32
106051214,18,吨,.7199548828360524,45292157.68000001,62909716.65000001
109010202,47,台,.5588052123952988,35088450.84,62791917.58
109023604,16,台,.8818639304655,55343300.36000001,62757187.87
106010402,37,片,.3866054226860848,24190873.43999999,62572514.55999999
109022802,25,台,.4827752458133039,30185912.94,62525809.27
109032102,33,套,.375156076677769,23436468.68,62471249.00000001
108011003,44,吨,.2870191926789766,17885434.69,62314420.59000001
109024508,57,批,.3118031814772741,19395518.36,62204363.24000001
106040112,98,个,.3696550116728386,22959478.61000023,62110556.83000019
106040104,182,盒,.3785673238321605,23432533.09,61897928.36000002
109021004,51,台,.3177431539138063,19591390.21,61657945.95
109013303,55,台,.4458911896902037,27459454.38000001,61583307.8
102050301,48,吨,.7140779857332978,43672215.11000001,61158887.38
107021615,7,吨,.9028213235509717,55089091.22000001,61018819.32000001
102040104,13,千克,.6376307701586371,38671385.28,60648555.7
106040999,29,套,.7727148599424801,46821979.87,60594123.77999999
109023211,25,台,.6541802638141569,39406999.28,60238746.80999999
109032200,31,批,.2230788863822833,13401154.66,60073612.86999999
302010102,34,UNKNOWN,.6928334531899208,41371415.95999997,59713363.67999996
103011205,52,袋,.2572823466529128,15275055.42000001,59370787.06999999
109021502,36,套,.4730342242037014,28042294.44,59281745.38999999
104010803,58,套,.3064149319063245,18077109.84,58995525.21
109023803,21,套,.5936810507105396,34917763.03,58815694.02999999
109042602,38,套,.3340182668453929,19639898.34,58798875.06
104010304,29,米,.8112123484579873,47549812.96999998,58615741.06999998
301990100,23,UNKNOWN,.5950007679074661,34772881.34999999,58441741.97
106040110,122,盒,.2372388144195454,13849719.33000002,58378808.56000004
109060503,31,台,.3063294198158249,17877769.39,58361255.02
106050801,47,个,.394052616431759,22953248.94,58249198.15999999
109042504,31,台,.3464421003508615,20177179.21,58241129.44000001
109061008,20,套,.4986703137442139,29027703.24,58210209.11000001
109011104,33,台,.4600977126272442,26682193.36,57992449.49
109040306,17,PCS,.4409997388559679,25571578.08,57985472.16
105010701,45,张,.3431659318625723,19846029.59,57832167.31999999
109060508,17,台,.7169821939344708,41380816.09,57715263.27999999
109061402,16,UNKNOWN,.6991100121664449,40346315.24,57710967.57
104011303,28,公斤,.4203637802513212,24252314.69,57693635.44000001
106051006,57,个,.4217831638027499,24119949.51,57185662.16
109021803,33,套,.6198810473029142,34880882.33,56270283.6
108041802,50,米,.4024263902199356,22585808.13,56124073.07
107030708,35,支,.5539838514955329,31010146.35,55976625.07
107030117,14,kg,.9402686766646813,52628774.1000001,55972059.2700001
109024209,37,台,.4378532242332828,24418190.5,55767981.48
109050105,34,套,.4086637626809712,22620875.93,55353270.81999998
304070303,23,UNKNOWN,.5657195635962872,31271396.94000001,55277206.15000001
104010904,96,吨,.1535482210746318,8453501.23,55054374.26000001
109040303,17,台,.6315384816471287,34629050.15999999,54832842.59999999
103020599,44,箱,.5128347142855649,28066683.62,54728517.47
109030102,36,PC,.2668446832805192,14474363.44,54242652.55
101011209,66,吨,.3627124382868933,19655373.77,54189963.43999998
109025308,26,套,.6792106124367475,36771493.48,54138573.23
106050305,18,吨,.5599019986210614,30276242.57,54074181.98999999
110020102,10,立方,.7155043224619337,38648850.52,54016236.25
109020804,31,台,.6238404574669054,33633133.94,53913037.44
107022001,21,吨,.9917962028346903,53354391.4,53795720.58
107021608,28,吨,.5871517197677473,31551825.76000001,53737091.62000001
109051499,36,台,.3853988367015664,20689514.9,53683387.00000001
109011603,19,台,.5256782956883755,28104784.24,53463847.51
109011703,26,件,.5740743428688782,30555241.91,53225235.18
106040901,37,套,.6923340596097869,36500651.13,52721154.8
109031802,2,艘,.9995105846355987,52485932.99999999,52511632.99999999
109021902,31,台,.4876358578586812,25449229,52189002.49
103010303,57,公斤,.3015234392976324,15682571.76,52011119.91999999
104011402,31,条,.8928974956985145,46412646.31000004,51979814.63000004
108010402,53,米,.2361454566507679,12259504.2,51915054.27999999
109062004,21,个,.8718758175467571,45203142.55,51845849.64999999
108041305,29,吨,.3974846423771364,20599436.35000001,51824483.65000001
109024801,22,台,.3410162413052383,17666250.47,51804718.74999999
107021804,50,千克,.2048308192681196,10565222.51,51580238.49999999
109011607,48,台,.2832239144023054,14605614.54,51569142.98999999
110020201,16,立方米,.5480985572317767,28046731.99,51170964.81999999
108041903,57,个,.607359259550469,31026856.98,51084850.51000001
105011005,47,个,.3404261002931867,17203676.88,50535716.46
108012401,57,吨,.4561060940897492,23030804.05,50494401.07999998
103020511,72,箱,.3208912243873586,16180151.13,50422541.66
307030200,36,UNKNOWN,.8727517490621817,43753530.28,50132847.43
107030114,42,kg,.1832381020561191,9164202.15,50012535.86000001
109042305,34,只,.4295479264339448,21369792.50000001,49749495.19000001
107040304,20,吨,.546442332746486,27179189.76,49738441.06
109012999,40,台,.6978027501617011,34697159.69000001,49723449.33000001
105011099,44,千克,.1585986910485356,7865030.36,49590764.63999999
109023606,27,个,.2270473656023099,11229405.01,49458424.59
103010903,55,kg,.4612787700194011,22790340.69000001,49406871.01
103020999,66,批,.576017104677231,28351258.36,49219473.05
109041299,68,件,.2920213604917398,14262539.57,48840740.78000002
108012003,34,件,.6649436211036818,32404467.45,48732654.05
104011305,39,吨,.2849207980348448,13802730.84,48444097.21999998
107020223,17,吨,.9200533316247026,44384622.15,48241358
106050402,60,个,.1900413913212813,9107583.209999999,47924208.22999999
102050700,63,吨,.598235145618218,28652149.39,47894460.22999999
106020499,50,吨,.456558243187681,21831912.4,47818460.68
109061608,21,台,.4512728460027276,21562883.03,47782363.2
110020106,17,吨,.8544778187761116,40550239.75,47456164.29
109011102,55,台,.6874706945954073,32377534.24,47096602.8
107021503,14,公斤,.4839651751441297,22787589.51,47085184.39000001
109061607,33,个,.3596460847044164,16780933.79,46659575.90999998
101011000,62,批,.132436073616068,6173877.5,46617793.26
106050501,35,个,.2991330980274141,13909757.82,46500229.87
109020502,34,台,.396562134378011,18309000.85,46169311.85
109011209,23,台,.5565616906684597,25472667.11,45767913.13
101011212,86,袋,.3527172789081934,16122781.99,45710213.12
306030101,21,UNKNOWN,.8417115456151993,38299772.88000004,45502254.40000004
109061506,44,台,.2840368578628493,12910619.83,45454029.9
103011401,31,公斤,.2911935179198698,13135432.92,45108946.84000002
109024403,29,台,.6878913199712812,31019342.2,45093376.38000001
109022703,74,吨,.287195170472501,12917320.24,44977498.12000002
106050601,35,米,.418479626238211,18819236.09,44970495.35999999
101011301,64,株,.3987448479404879,17931658.07,44970256.45000001
109020207,26,套,.2656570785223757,11943653.25,44958912.13
106040605,39,吨,.3095404104793103,13866008.45,44795470.9
107022699,19,吨,.3796474735963032,16859370,44407960.47
110030104,44,吨,.4031097596775807,17867814.20999999,44324935.77999999
109061501,18,套,.5235290279273067,23094778.91,44113654.98000001
103011104,49,箱,.6048545516462824,26653165.72,44065413.16
106050203,12,套,.9898268390577104,43530480,43977873.99
109025307,46,套,.2380062191384632,10365763.26,43552489.07999998
109024305,43,台,.5030250615788686,21694448.93,43127968.34
109025304,52,吨,.2406903810543521,10366284.11,43068958.82000001
109022905,30,平方英尺,.3727617917451162,16004456.51,42934809.47999999
101010600,56,吨,.577920239160625,24751283.87,42828200.49
301059902,18,票,.6120759449441661,26169408.19,42755165.27999999
103020513,59,听,.3451561930848597,14690488.55,42561857.05
107020305,24,吨,.78369139547637,33153559.71,42304355.89999999
109023608,29,台,.359493904419086,15090004.11,41975688.39
109062702,81,只,.5938958074516486,24456838.41999998,41180352.02999999
109020806,71,台,.3464160837092829,14169692.77,40903680.39000002
109020402,27,套,.3136280475523414,12807355.48,40836129.23
106050307,31,千克,.6068732318896288,24489195.75,40353066.27999999
101011203,41,吨,.3114823196768551,12499196.84,40128110.17000001
109031900,28,艘,.5316671240362516,21294990.43,40053239.08
107020406,20,吨,.8431227200461188,33757340.47,40038466.13
106040107,119,块,.2421421459281735,9677246.669999989,39965147.87999997
109021901,20,千克,.6166113682029363,24529056.0900001,39780414.9500001
109010404,28,台,.240755449646041,9478106.029999999,39368188.94
107020219,15,吨,.4293345026202823,16872017.2,39298069.68000001
101010899,12,吨,.9831975426386436,38526291.33,39184690.42
109022904,53,台,.2456887584852452,9620001.949999999,39155238.55999999
107050106,29,条,.7368307388908417,28823463.26,39118160.71000001
109060406,71,把,.3271524756412889,12783452.94,39074908.16000001
108041106,18,公斤,.459760311395958,17914678.2,38965255.93
109062701,38,台,.6259042201624849,23981531.07999999,38315017.38999999
109025099,28,只,.3981311834215474,15251600.11,38307976.73
109062599,44,台,.4268316072056865,16249994.98,38071208.19000001
304040201,15,UNKNOWN,.2540583901607434,9617569.129999999,37855743.02
101020203,19,吨,.7245947739959436,27402200.31000001,37817275.66000001
109024803,37,批,.4748263399238759,17724263.42,37327885.86000001
108040401,84,个,.2601288154875147,9627637.670000007,37011038.75000001
107030105,30,KG,.3533292531004928,12960774.5,36681860.86
108031001,16,吨,.5277993284747087,19342410.26000001,36647280.92000001
109051505,24,只,.47089784326276,17224016.87,36576971.23999999
102051101,47,件,.3155078072439389,11415293.29,36180699.90000001
106040106,85,psc,.1721481477093089,6220702.629999991,36135751.17
108040408,67,台,.1975186971711967,7125804.97,36076609.82
108040502,43,台,.3115976964291525,11209903.35,35975565.54
306010999,11,UNKNOWN,.9781698529289231,35173969.48,35958958.84
101011401,76,株,.1732973380369187,6207435.94,35819568.89999999
105020103,24,个,.3627164796513326,12828311.1,35367323.57
109031402,16,辆,.8031606147952087,28339908.79,35285481.22000001
109012602,26,套,.4195711455747279,14801998.72,35278876.72
304050102,7,期,.6327441108152864,22293000.78,35232253.29000001
108041502,56,个,.5704937242841277,20008980.68000001,35073095.16
109024007,37,个,.2424166395274782,8458895.080000002,34894036.55
109032401,12,件,.5369693525841298,18715469.32,34853887.34
108032302,29,公斤,.7709238346259152,26858292.22,34839099.55
109061701,37,台,.504144266345563,17517072.29,34746149.98
109023601,15,台,.8019023311205636,27763952.30999999,34622610.79999999
106051111,23,台,.9600191387705983,32995378.99,34369501.25
103011402,24,公斤,.5181632924407877,17616089.51,33997177.66
109031805,9,艘,.8492409343372458,28803087.1,33916272.68
103020903,51,箱,.4978334703650185,16867935.54,33882686.77
109024304,23,批,.3476984385777604,11758022.15,33816724.05
109061804,16,只,.8642321635965742,29205164.5,33793193.23
109021801,23,台,.8940952381756415,30162034.22,33734699.53999999
109022005,24,件,.5569870350788355,18774395.6,33707060.34
107020232,23,吨,.6207617092257379,20800183.5,33507516.96
109061102,30,台,.4475188077944087,14986276.79,33487479.25
103040102,12,吨,.4881480856313329,16176476.83,33138462.09
109032104,39,套,.411816556127713,13645848.09,33135744.27
109024602,22,台,.7685456994810406,25456135.40999999,33122474.59999999
108020403,30,吨,.410157516174382,13558061.76,33055743.77
109020906,27,台,.7533717155808805,24902749.31,33055062.72
109022002,34,件,.7886237877347038,26009836.64999998,32981298.62999997
301040301,6,吨,.942874432227224,31065584.05,32947742.55
307050300,22,UNKNOWN,.5361565248741978,17459834.58,32564808.54
104010807,46,个,.4719950148650781,15343261.15999999,32507252.56999999
108041114,32,万米,.3679571098684521,11930908.78,32424726.85000001
108040410,59,套,.4582099017134943,14847462.89,32403190.84
102050505,16,吨,.754789786790074,24148156.88,31993221.56
108032105,2,吨,.9999718422404794,31961870.31,31962770.31
109012902,26,台,.4508701125004079,14292068.66,31698860.19
109042304,29,只,.5460647038694388,17245441.73999999,31581315.57999999
107030107,26,千克,.226589707064683,7101070,31338890.42
101010108,55,公斤,.4003878421577524,12429900.38,31044649.88999999
109060802,28,台,.4207460109042162,13011849.67,30925663.77999999
108040501,58,把,.4253602295620827,13090788.12,30775768.89
108041105,46,平方米,.344932327452192,10602182.9,30736994.05999999
106010506,44,批,.248865730801238,7634604.6,30677605.05
109010701,44,台,.6683787487492353,20463408.43,30616485.74
109062302,24,套,.558598816301801,17006682.69000001,30445253.72000002
105011002,49,PC,.3396410138843589,10318965.18,30381976.14
108011201,95,支,.1986033698138495,6020671.949999997,30315054.35
109022003,30,台,.6565539301207765,19818554.8,30185722.59
109061003,16,套,.5518787728600748,16609449.15,30096191.35
107030803,49,瓶,.1945928976977142,5841309.22,30018100.81
101011201,63,吨,.2776975588123813,8290489.490000001,29854383.76
106040902,41,套,.5008297150334928,14879669.76,29710037.79
108031302,12,吨,.7027862912697885,20806053.47,29605092.94
109062101,11,套,.5258249436421919,15561870.1,29595153.84
101010799,27,吨,.5253523940951913,15492232.7,29489220.71
106040808,57,个,.6443039201185092,18972308.89,29446210.55
104030402,49,张,.3599733871062052,10514430,29208909.25999999
108010803,28,吨,.5564202366522363,16238616.94,29184087.62
108041303,35,个,.2090626793156231,6085461.580000002,29108311.43999999
109020406,39,台,.2033198074686934,5873073.02,28885887.18
109031403,10,个,.6993059180892095,20012264.11000007,28617324.11000007
101030106,18,KG,.3931746370114566,11171121.5,28412619.86
109025001,24,台,.2607791317115645,7398935,28372419.8
108013002,31,吨,.8534988556687149,24122173.3,28262689.68
107020503,18,KG,.6848086418156081,19290234.54,28168795.42999999
107022305,29,瓶,.261759718042291,7364051.030000001,28132865.84000001
101020301,31,立方米,.4061977384849966,11410346.93,28090621.51
106010105,33,吨,.8499700713157302,23660452.61,27836806.74
104011301,36,米,.1945866792056071,5407446.600000001,27789397.62
104030605,31,米,.5042423977016549,14004753.62,27773851.79000001
105010509,29,米,.68720847374862,19023850.82,27682794.30000001
109024005,26,台,.7082400956200617,19591315.68999999,27661969.16999999
109021808,33,台,.549618624302644,15191873.43,27640754.44
103040302,10,公斤,.7009893205980202,19310044.75,27546845.84
107020501,36,吨,.6407877978568103,17601115.69,27467932.05
109061004,27,台,.597182117250722,16172202.72,27080855.66
108040402,87,支,.2163270377523328,5854807.899999999,27064614.58000001
109024099,29,台,.5138942012736498,13799238.64,26852294.9
109051401,26,只,.6193363572225568,16616892.53,26830158.34
108012802,65,片,.2067462775382825,5545004.13,26820333.58000001
109011101,47,套,.3189100073643141,8516590.949999999,26705311.07
106050399,43,千克,.3688737765633301,9812192.33,26600406.3
107060307,28,平方米,.4806045288019717,12771651.86,26574139.64
109022817,25,套,.4043943170865001,10731935.76,26538295.19
102050516,4,吨,.9554499024746708,25190722.7499999,26365299.4099999
109030200,27,台,.4731921814669013,12466529.66,26345595.19
302030200,20,项,.6099399181649919,16045178.45,26306162.25
109031500,33,辆,.3935447596013278,10336189.92,26264331.23
109023602,15,台,.7121778812054848,18652121.71,26190256.96
109010303,31,台,.3598814857686485,9352070.939999999,25986529.76
107040401,29,公斤,.5545838144129807,14397040.81,25960081.11999999
106051113,63,箱,.2557150355163103,6633420.899999999,25940676.06
109024616,27,台,.6694012437690607,17358520.55,25931413.65
108011203,52,吨,.2520106519879875,6521814.96,25879124.19000001
109022808,16,台,.814277154164421,21020269.6,25814637.55
107021706,29,箱,.394185592230501,10111347.39,25651235.33
109021802,26,台,.6405066013475603,16390020.67,25589151.83
108032303,24,公斤,.8457096922378833,21594341.15,25533988.02
109025303,59,个,.222588010772426,5675798.719999999,25499121.45
106050207,25,公斤,.6899671474399901,17553948.18,25441715.95
102020500,51,吨,.4114696350031897,10455600.29,25410381.22999999
108032410,9,吨,.3405082096321648,8623600,25325674.26
106051103,14,个,.918074368364577,23196741.28000003,25266734.46000004
109022601,32,UNKNOWN,.7393718652550801,18643129.05,25214820.75
109024706,18,套,.4306760020145632,10798898.95,25074299.24
109010704,23,台,.474882000766382,11892936.55,25043982.57
101030299,25,kg,.3130351700230323,7815577.26,24967089.99
109022805,19,台,.3523161295403624,8711972.510000002,24727714.06
107030303,43,kg,.398265930298111,9729594.23,24429893.42
101011207,88,袋,.2944804983744205,7175785.99,24367610.18
109032101,34,套,.2728786933351159,6637943.100000001,24325618.9
102050503,29,吨,.8783395665754581,21352369.19,24309925.23000001
109061806,24,只,.4707873167929867,11365671.69,24141839.18
107022003,16,公斤,.5634201413505161,13503910.58,23967745.54
108041107,22,公斤,.2353703628160631,5634474.330000001,23938758.74
303020500,12,元,.5884486270855727,14069366.72,23909252.35000001
101039900,29,kg,.3309165400439963,7903621.469999999,23884032.72
109023208,35,台,.522517181332797,12431541.9,23791642.35
109012607,16,套,.468498500636328,11061319.5,23610149.2
109010703,33,台,.849194109811289,20043984.70999999,23603537.14
106051007,41,UNKNOWN,.2223474611334174,5243584.04,23582837.48000001
102051103,25,吨,.5117011524973235,12060171.06,23568778.38
101040500,48,kg,.1774519468260526,4168624.739999999,23491569.49
304070203,7,UNKNOWN,.5031522080156233,11769554.5,23391638.38
304040502,12,UNKNOWN,.5076583641800908,11840959.36,23324661.22
107029904,31,瓶,.625325268818289,14573542.19000001,23305538.6
108040599,27,只,.4201761807226101,9783368.49,23283967.39
101030103,8,吨,.9662066550494095,22472535.9700001,23258519.1300001
104010801,50,块,.3291729652170992,7620535.709999998,23150551.57999999
102050206,43,千克,.3104878242100053,7150216,23028973.9
103020506,55,箱,.3059389732602916,7038257.189999999,23005428.55
109061503,22,个,.6189385367210977,14231140.67,22992817.26
304070201,9,UNKNOWN,.8228012074679778,18813570.86,22865268.9
101011204,39,公斤,.3297094357191568,7537610.839999998,22861374.36
101010203,40,公斤,.4827494228336994,11007135.03,22800928.41
109060499,30,套,.2870505215034748,6513865.28,22692400.09
107030216,13,瓶,.5867664112606471,13305172.3,22675415.71
102040112,12,吨,.624292630718463,14151643.52,22668285.39
109050202,18,台,.5135259627989741,11605238.03,22599126.18
101011211,80,张,.1931998059071567,4365994.84,22598339.68000001
107040404,11,吨,.9776167728874142,22079642.78,22585171.81
109061805,3,套,.9769339485718587,21872598.51,22389024.91
103010705,45,箱,.2818403471450274,6297016.840000001,22342496.04
101030104,5,公斤,.9981145873861403,22280506.54,22322593.84
103011108,48,袋,.2574142283950258,5726198.409999996,22245073.42
306011001,9,UNKNOWN,.3170091988727899,7022182.38,22151352.09
106041004,19,批,.8664473866399038,19188609.33,22146306.43
106020401,24,套,.2398497296612236,5304739.42,22116928.91
302010199,26,UNKNOWN,.3719906157398854,8219971.939999999,22097256.2
104010809,68,面,.2116133959719511,4664376.569999998,22041972.1
107021611,19,吨,.9182117020525007,19997070.61,21778278.98
109060303,20,只,.3938640353037162,8514166.5,21617019.42
109024306,53,个,.3343665480316165,7226611.579999999,21612842.62
306010800,11,UNKNOWN,.6263410595885058,13535034.04,21609686.66
109023603,27,台,.7901139370894109,16931873.12,21429660.11
109042605,25,套,.3678783712370835,7827887.970000001,21278467.51
101010109,55,千克,.1806279141457671,3841826.78,21269286.08
109012605,27,台,.5029042780594302,10667790.62,21212368.01
106050502,37,个,.3469143524675466,7336757.27,21148612.66999999
108031702,19,吨,.7233682596807042,15265522.57,21103390.1
109060902,15,套,.3846105707485487,8101801,21064946.25
102050515,9,吨,.9618192981264398,20259848.75,21064090.51
106051104,10,个,.2747222857288705,5773731.110000012,21016609.90000001
107030706,31,瓶,.5516707392475649,11565218.25,20963987.07999999
103020512,39,罐,.3382658152312796,7083720.670000001,20941284.49
107021603,11,吨,.4112587388963834,8600568,20912790.87
109012803,17,台,.5750907830461915,11946992.93,20774099.12
109032105,48,套,.4159438043613805,8589920.98,20651638.25
103020502,32,件,.243279684989704,5007538.109999998,20583461.83
106040502,47,盒,.6333209845420367,13027174.84,20569624.5
109022701,24,台,.4931298317225173,10142706.5,20568024.58
109060903,15,套,.8007572000147033,16420298.06,20505963.68
109061009,27,套,.6711997404924887,13749393.82,20484802.05
102050504,23,吨,.8910848653512538,18161020,20380797.28
109042306,35,个,.3350436974541521,6737809.24,20110240.22
101011208,68,吨,.3545250827233563,7120749.38,20085319
109023202,35,台,.6119951034925142,12291537.59,20084372.44
109061103,27,UNKNOWN,.4289100304109312,8562808.729999991,19964113.96999999
109024001,14,台,.635646511923312,12629639.55,19868966.97
109020303,16,台,.5108504949702591,10065339.92,19703103
104010306,16,米,.5899535431198001,11616796.45,19691035.99
301020402,7,吨,.5502921056007629,10777951.86,19585874.03
106050604,32,件,.3640410530870365,7109652.689999999,19529810.25
107021613,6,吨,.9743611042798276,18999046.74,19498979.03
101020403,36,吨,.6209380979487618,12098443,19484137.05
105010507,25,批,.305180833068,5887920,19293216.88
104010509,28,条,.7055628727087392,13548097.44000001,19201828.73000002
109011211,7,台,.8013158768420312,15362590,19171703
101011699,33,kg,.3144226886717228,6000127.689999999,19082998.48
109020404,38,台,.3167956876208687,6037016.66,19056498.86
101030309,9,公斤,.9733010089737164,18346000,18849256.12
103010904,33,KG,.4437743619879784,8344824.01,18804204.85
106041008,42,副,.69070672582452,12966383.84,18772632.95000001
107020502,17,吨,.6807522265953355,12683162.7,18631099.84
108032002,18,公斤,.3810070342534609,7061342.060000001,18533364.02
101011202,72,吨,.3886476762309411,7198611.45,18522203.76
104010305,20,米,.8725354217136037,16086585.57,18436598.87
108032408,10,片,.4454733548569092,8165260.050000001,18329401.66
101011210,54,公斤,.3014486059852005,5504575.509999999,18260411.23
106050899,23,只,.3820283436627878,6890650.01,18037012.5
301020301,3,UNKNOWN,.910192748453271,16361938.89,17976345.03
101011206,38,千克,.3324801852219776,5927612.16,17828467.45
109061609,25,台,.7470649973806878,13044199.47,17460595.15
108041112,21,公斤,.4006964064996776,6908407.630000001,17241002.21
103020509,61,瓶,.5387705729292168,9280306.599999996,17224969.34
109020810,30,台,.7447690668386614,12827237.82,17223107.66
109023003,17,公斤,.5626226359306903,9687093.960000001,17217746.57
106051203,53,公斤,.2468109561475286,4220850.07,17101550.66000001
108032403,12,KG,.4294943707841988,7282292.68,16955502.04
109024610,11,套,.5908733832303646,10012992.16,16946087.68
109021601,16,台,.4610919907466784,7697458.24,16693975.16
109023802,20,批,.6888559044741641,11493912,16685509.88
103010908,29,KG,.4422342273604041,7350849,16622071.62
110020103,10,立方米,.705348886882368,11698510.11,16585423.65
109022403,23,台,.7329498400449537,11994601.18,16364832.25
106020501,17,张,.6106713733877661,9905331.489999998,16220395.98
104011403,32,条,.6042344144769969,9761735.470000003,16155543.67
103021101,22,千克,.3202480366261364,5159500,16110949.67
107030604,19,瓶,.4872908736283051,7819148.85,16046163.13
109025102,10,套,.5671033075894388,9090021.4,16028863.31
106040108,45,袋,.6310971293528704,10106531.42,16014224.99
107030503,15,瓶,.8774650885221392,14051720.11,16013993.37
101020204,21,吨,.8786493463175193,13871000.9,15786731.03
109024603,15,台,.5423128973549396,8552492.9,15770402.92
109024905,15,只,.7473453425143209,11773531,15753802.6
101030310,15,kg,.6043048719169597,9495788,15713571.81
109022902,22,台,.5685484617394777,8932696.6,15711407.56
301050402,14,公斤,.5121136789043798,8040309.1,15700242.8
107020405,15,吨,.9229784596409644,14377405.46,15577184.18
106051003,53,m2,.2847132075272267,4426725.6,15548016.33
307020101,21,UNKNOWN,.8000066914588295,12423104.95,15528751.3
304020102,18,UNKNOWN,.5673779302128196,8792329.65,15496425.19
106050301,25,吨,.7991416908952494,12235644.74,15310982.87
105010902,44,个,.3719331119574767,5648484.660000002,15186829.24
109061304,15,套,.5651107619790635,8579546.710000001,15182062.15
106050603,35,UNKNOWN,.5171563799956967,7850409.029999999,15179952.01
102050205,30,平方米,.2452276373651207,3603902.29,14696150.6
108032204,11,g,.4340308084861633,6362601.62,14659331.77
109030602,13,辆,.5941286471227625,8699587.76,14642599.38
103010907,23,kg,.4848807341830317,7086794.91,14615542.36
107020124,13,kg,.4597476241653461,6686990,14544914.75
302039900,19,UNKNOWN,.6928425821360155,10049597.91,14504879.13
302010101,19,UNKNOWN,.5563525168836624,8013941.429999999,14404430.98
109060507,26,台,.4347192120585505,6248744.879999999,14374209.16
101011305,35,件,.39403526141412,5564090.7,14120793.86
105011003,22,套,.3738963595855408,5268434.42,14090627.75
109024609,17,吨,.5027899024080932,6982879.590000001,13888265.37
109023804,10,台,.8473834624582421,11752901.38,13869637.42
109025105,29,户,.3214492831360724,4451241.04,13847413.18
103020904,38,箱,.6829448784294277,9439861.869999999,13822289.57
101050400,26,吨,.7258452552408856,10013079.05000001,13795060.28000001
109022806,12,台,.8807282007835524,12009091.27,13635411.31
109012202,20,台,.7325407018274888,9963074.959999997,13600711.79
103011105,59,箱,.2653611406980766,3575605.1,13474486.47
109021404,8,台,.708890068565512,9516874.01,13425035.04
107021606,17,个,.6325410861791173,8485729.300000001,13415301.37
106041003,31,台,.4482721994530079,5970288.1,13318443.81
106051005,17,把,.7487026273969722,9953743.9,13294656.03
103040301,27,万支,.4724142097089483,6270176.31,13272624.28
301020203,3,UNKNOWN,.7672680553381165,10114798.42,13182874.42
109062103,16,台,.4697144606817001,6106489.44,13000428.88
109060401,22,套,.5235683662572335,6788578.62,12965983.16
105010508,31,台,.3630140724448345,4680602.749999999,12893722.6
109020801,20,套,.4607500089739068,5904223,12814374.14
109020410,28,台,.8170303352197681,10375589.27,12699148.15
109024303,33,盒,.2848860306794482,3603010.630000001,12647200.08
109061599,15,套,.5783389945773384,7293199.99,12610597
106051303,17,瓶,.7571973262619617,9508946.809999999,12558082.91999999
108010602,19,平方米,.723827905760853,9075018.6,12537536.24
109021406,22,台,.5814327658333402,7274885.83,12511998.39
106010510,23,片,.6289673645536271,7801502.53,12403668.25
109023701,13,台,.9915958239983733,12282102.45,12386198.24
109062502,22,台,.8015695277073993,9913935.16,12368153.75
108041113,30,公斤,.2497112626582886,3087055.15,12362498.66
107020239,9,吨,.8651649341602493,10672119.91,12335358.83
109023004,32,台,.772837737902245,9527142.02,12327480.34
109022402,19,台,.8095067625927077,9965860.039999999,12311027.53
109041304,20,台,.5320215761314825,6547880.25,12307546.43
107020218,13,吨,.7764194486126915,9448877.76,12169810.76
306030204,7,次,.4081047704345745,4964579.51,12164963.19
109022501,31,台,.2958946128128548,3590685.63,12135015.22
109011210,33,台,.5778730518373513,6973779.970000001,12068013.81
109022804,12,米,.8206549621037019,9812819.630000001,11957302.5
109022807,11,台,.8433412014596096,10008160,11867272.68
103011404,21,瓶,.4300876015635896,5103195.34,11865478.85
108032405,10,千克,.4913016791792966,5814779.5,11835456.19
108012105,40,只,.2338832504405391,2767060.56,11830947.94
107030603,12,盒,.4982365995104298,5884719.61,11811094.6
109022815,16,台,.5936873539324001,7009069,11805993.43
106050209,24,吨,.7777698190636556,9182076.74,11805648.04
109032000,29,艘,.6604600363668923,7783670,11785224.8
109032302,22,台,.3118943179421052,3641853.16,11676561.42
109041803,9,台,.8894180641608839,10250301.33,11524728.07
109011303,19,台,.8010674177050889,9154123,11427406.48
109021104,29,套,.4226856524783503,4792637.32,11338537.97
109042503,20,个,.421540016114082,4740074.87,11244661.69
109024004,14,吨,.575336125755384,6404454.48,11131674.5
105020202,31,平方米,.264854851042628,2944722,11118248.31
102040201,25,吨,.3333680883176112,3681326.65,11042828.57
109024402,25,台,.4016236930078763,4421418.76,11008859.38
109061201,24,台,.4180776500640054,4531463.189999999,10838807.55
109010607,17,台,.7742639412486449,8368401.689999999,10808202.79
107030215,51,盒,.4530145990783688,4817208.009999999,10633670.57
109010705,19,台,.616157558740512,6522070.04,10585068.62
109060806,23,个,.8717552764026303,9221488.109999999,10578069.74
108011402,27,件,.3225503675730735,3407756.9,10565038.03
107020125,7,吨,.9623110212539339,10041762.15,10435048.47
107021605,14,千克,.726630184158,7566813.8,10413569.33
106050699,12,米,.309038551517439,3199415.2,10352802.86
109060408,27,台,.3683397993862653,3804951.45,10330003.59
105010802,51,万支,.4255100684591077,4384022.24,10302981.21
109061305,16,套,.4134185656654011,4199089.8,10156993.78
109021809,23,台,.2928624278774467,2937787.95,10031290.02
103020510,32,袋,.4115499043525607,4117115.2,10003927
109025002,26,台,.3139585325372361,3102571.63,9882106.42
301049901,10,吨,.4146940868802051,4052266.3,9771700.220000001
109042601,19,吨,.3174248353036936,3082749,9711744.820000002
109061002,18,台,.6302604214205719,6120587.91,9711204.609999999
107030702,15,瓶,.5262860144551036,5101843.070000001,9694050.250000002
109062401,12,只,.7325812351612307,7099546,9691138.210000001
109041604,16,台,.3686237999063451,3521506.26,9553116.920000002
107021604,37,千克,.4125228377704218,3925123,9514922.91
102050800,24,吨,.6189695797309706,5849061.449999999,9449675.139999999
108040409,45,把,.2464298170401824,2299730.17,9332191.199999999
109062301,17,台,.7731752745676922,7132648.32,9225137.630000001
109010402,20,UNKNOWN,.5017953452032572,4600000,9167083.84
109024605,22,台,.3630391081603691,3307897.92,9111684.789999999
109024003,17,台,.5445372368588804,4925491.56,9045279.6
101011906,10,公斤,.9771087832970997,8802333.32,9008549.99
102049905,22,公斤,.7139332001663246,6419774.5,8992122.090000002
109022901,17,台,.8043637849701737,7187800.59,8936007.220000001
108032409,9,平方米,.4569321201898291,4069242.59,8905573.52
109032502,6,件,.8249844687388651,7327689.39,8882214.959999999
109021405,23,台,.5565964253517117,4894188.430000001,8793064.790000001
106041002,17,台,.8368432594687104,7337540.48,8768118.039999999
109010706,13,台,.5519299367846496,4830617,8752228.640000001
109060602,15,个,.6435886080730843,5498002.590000001,8542728.26
109023502,5,件,.9702295695377586,8126356.550000001,8375704.890000001
105010603,26,立方米,.4623530431601775,3870891.92,8372156.25
109061301,13,UNKNOWN,.4002232670849561,3349285.26,8368542.100000001
301020102,13,吨,.625887208137836,5176423.149999999,8270536.739999999
101011907,31,kg,.4065305956585124,3344350.39,8226565.05
107022602,7,公斤,.7543349185264905,6181610.680000001,8194782.62
107040308,11,kg,.8928410959353517,7282800,8156882.6
109061606,22,台,.4267826415334361,3478367.47,8150208.399999999
304040600,11,UNKNOWN,.4117123460742477,3346111.71,8127304.76
301020302,10,UNKNOWN,.3310279330616961,2673745.45,8077099.189999999
109061199,15,套,.4788169213064622,3865786.6,8073621.52
103011202,13,吨,.4203346870745006,3365230,8006072.550000002
105010506,14,张,.2810613552671308,2228210,7927841.94
102049904,19,吨,.6679792460574961,5276146.890000001,7898668.890000001
106050208,36,个,.2757453675502534,2160345.83,7834567.989999999
109020809,14,公斤,.3335575463632526,2548155.19,7639327.06
110030202,24,吨,.4206619708348798,3210480.08,7631971.28
108012501,16,公斤,.4352261035574717,3310456.29,7606290.76
109060402,37,套,.349732050029546,2644052.249999999,7560222.890000001
109010511,16,台,.8923995138842958,6712500.04,7521855.33
103030803,24,瓶,.4504667139135971,3386789.05,7518400.24
109061902,10,台,.8314327688540429,6243090.71,7508834.08
109025104,15,UNKNOWN,.3511100609507268,2636288.97,7508440.409999999
101010901,17,UNKNOWN,.6715941776463163,5030006.34,7489651.5
103011109,23,箱,.3538522202487705,2609093.2,7373397.84999997
109010401,13,台,.7945253386044308,5807776.93,7309744.13
101011908,16,UNKNOWN,.6473151779345805,4714156.52,7282629.36
102050307,9,吨,.7756901939625165,5635057,7264571.659999999
405990000,33,UNKNOWN,.5609237211810468,4009582.71,7148178.19
108011102,36,片,.3019692746524974,2137612.24,7078906.430000001
304040400,13,UNKNOWN,.6326041903971003,4404334,6962227.04
108032404,12,kg,.7172358204511471,4984708.550000001,6949887.900000001
109025203,13,个,.5609635873785979,3892225.46,6938463.65
109020203,16,套,.4533505838831499,3138946.7,6923883.659999999
106051112,12,批,.8362145860766027,5732020,6854723.77
107030502,18,公斤,.3316608370049173,2266139.2,6832700.6
109024505,25,套,.4221629204969394,2879888.4,6821746.44
109010606,14,台,.9211166567775453,6235368.17,6769357.74
109041205,13,套,.8422684033312414,5681136,6745042.29
106020503,19,套,.2759743253396806,1858303.59,6733610.41
109020812,15,台,.3693141800941581,2483480.26,6724573.26
106020104,28,套,.4750621836861444,3169106.44,6670929.72
106050202,10,件,.4272024643367989,2830955.63,6626730.57
107021007,20,根,.7681285461925571,5054469.24,6580238.77
102040110,12,吨,.944753585037802,6197795.529999999,6560224.409999999
106020403,23,台,.388130830425748,2543879.92,6554181.53
106041010,15,个,.5812771505548172,3792672.94,6524723.94
102049906,17,吨,.3825628423368679,2495871.3,6524081.86
109025003,19,台,.3889742890069796,2503468.16,6436076.189999999
109011107,22,台,.4351403748459803,2790521.94,6412923.51
301030200,10,UNKNOWN,.3629599077689779,2325603.14,6407327.890000001
109011212,9,台,.7204262864077979,4576811.5,6352921.3
109025103,13,套,.939089989775533,5876135,6257265.08
107030701,15,盒,.4227921700688816,2639583.53,6243217.63
103010302,28,KG,.2527042799172448,1547124.13,6122271.179999999
106010509,21,吨,.5161676417032706,3153618.25,6109678.32
109030601,9,套,.6311153054978399,3816342.4,6046981.219999999
101020404,17,份,.4273515123568792,2583720,6045889.449999999
107030705,14,个,.3311970726115151,2001146.88,6042163.55
109010509,15,台,.9305217390451551,5512633,5924238.81
103011301,56,盒,.1462426608007537,864773.4999999999,5913277.940000002
108041204,32,吨,.2204099594866859,1298781.99,5892573.970000001
107020237,9,UNKNOWN,.5265114271223155,3085740,5860727.5
101020406,15,米,.4079616109878979,2388185.2,5853945.9
106051101,16,个,.3984422701341169,2320729.15,5824505.390000001
106040302,45,批,.1409452527540535,818103,5804402.659999998
101040700,18,公斤,.3828734014771261,2220778.86,5800295.48
109020802,19,台,.3652338988265943,2109660.92,5776191.439999999
109020205,15,套,.5202831336720499,2976445.47,5720818.68
104020406,9,双,.767079857302185,4357822.13,5681054.05
106051110,36,吨,.2686000273468365,1502566.2,5594065.7
301040303,4,吨,.5948535613422697,3295772.82,5540477.58
109060804,11,台,.7672716976356382,4207702.559999999,5483979.889999998
103020906,25,包,.3190734900955204,1748703.5,5480566.559999999
101020408,25,公斤,.4753338667684378,2599948.51,5469731.260000001
109060803,15,只,.2746987737198472,1496826.55,5448974.27
109060312,22,个,.3805478686803379,2062600.95,5420082.779999999
109023706,10,吨,.8188188510367362,4407813.3,5383136.079999999
109024301,13,支,.4652295678764137,2458447.2,5284374.36
102020602,24,吨,.6284214737958181,3297961.5,5248008.92
106051302,11,千克,.4849313598830168,2544315.14,5246753.149999996
109061203,10,片,.7173621929877586,3756400,5236406.43
106040501,37,瓶,.7100207463858683,3686652.379999999,5192316.42
104010308,25,件,.4500304387416367,2329499.09,5176314.51
107020702,13,千克,.3576348277633982,1844442.5,5157334.68
106050605,17,米,.576456485486491,2970309.8,5152704.279999999
103011002,35,批,.325139264456407,1669880.83,5135894.099999999
109011204,14,辆,.5855914372541854,2920000,4986411.71
109024604,11,盒,.3991301424510387,1977727.41,4955094.09
107021806,19,台,.3594325079541594,1777343.23,4944859.439999999
109050403,9,套,.4883160966479738,2413583.5,4942666.27
101011205,25,公斤,.5236925436176969,2576726.47,4920303.91
109062303,14,个,.8317498745660722,4071786.479999986,4895445.859999986
109020409,11,台,.38073770843372,1851697.94,4863447.72
109023704,19,套,.6207848713318538,2990642,4817517.53
104010802,23,只,.3212717944713802,1531949,4768389.34
102040401,10,台,.7355799330771366,3498986,4756771.96
109020908,12,套,.4944731855502597,2350674,4753895.8
109011208,11,台,.82420875451608,3870203.8,4695659.66
109061604,10,台,.8813475515361552,4093906.149999999,4645053.069999998
109025502,14,台,.7652100258089802,3509588.7,4586438.47
104010805,22,座,.3345906163656292,1520706,4544975.039999999
108041109,18,千克,.319470353794498,1439622.08,4506277.54
109061502,16,套,.5531209987999205,2466378.47,4459021.580000001
109022702,36,件,.177969168629542,792746,4454400.76
302019900,12,UNKNOWN,.6171163783731358,2698472.73,4372712.869999999
107021612,17,公斤,.1803245689777047,782968,4341992.91
306011002,8,UNKNOWN,.821082446838778,3394573.120000001,4134265.850000001
104010307,11,米,.4203507661036867,1724688.26,4102973.99
108041115,15,克,.7046338036689338,2887290.76,4097576.28
301050301,4,吨,.9161147161400991,3732532.5,4074306.89
106050308,34,个,.4877928108927735,1970353.930000003,4039325.480000003
109024006,11,台,.4490115100859173,1809508.73,4029982.95
107021609,12,吨,.6839166302387437,2734821.2,3998764
106051004,16,件,.530991108316082,2119416.59,3991435.18
101030199,19,kg,.247581453010319,983630.14,3972955.68
101010701,25,吨,.6675954178761452,2622424,3928163.57
109020503,16,台,.5936503713677558,2330300,3925374.45
104011304,25,只,.5287081280774329,2068792.82,3912920.4
105020203,25,套,.4122555634177472,1612137.6,3910529.64
109061303,5,套,.3685271248145148,1426999.5,3872169.52
102049902,22,吨,.8546285473302185,3227930.220000001,3776997.89
109024212,9,个,.5901546998523507,2220195,3762055.95
109032601,28,UNKNOWN,.4214524072219314,1570647,3726748.2
107021004,16,公斤,.3336762276347812,1238369.06,3711289.440000001
101011901,21,袋,.9022369100987574,3337548.39,3699192.92
109032602,14,台,.2834388819888054,1047885.06,3697040.62
108040503,12,吨,.603628340467479,2230800,3695651.53
109023904,12,台,.4940828566087038,1821424,3686474.8
405030000,10,m2,.844445616124476,3100029,3671081.88
107020230,15,吨,.5641007660896052,2057301.42,3647045.96
103010404,19,吨,.6338211766098263,2286744.25,3607869.75
102040304,8,吨,.9471840780900398,3321200,3506393.4
109060403,35,台,.5318341958965767,1857367.96,3492381.6
109022407,8,套,.7762196933564399,2697524.5,3475207.5
109023705,9,台,.8146727401869417,2814311.69,3454530.33
101020405,16,吨,.6390135896040818,2205395.6,3451249.92
106050302,26,kg,.3244612700196777,1091270.2,3363329.62
109021702,6,台,.8881890514015334,2800295.32,3152814.5
107021610,15,吨,.5727400438055682,1803724,3149289.14
107021805,17,盒,.500597340222623,1570469.16,3137190.38
301050500,2,吨,.9973198575943344,3125761.82,3134161.82
101010801,7,吨,.8950136813601416,2778944,3104917.9
106051106,19,个,.3121388224682217,965527.8200000001,3093264.12
102050513,9,UNKNOWN,.4868428094635184,1497117.83,3075156.5
302020000,9,票,.4916916090229329,1473930.11,2997671.88
109061005,12,台,.44888291971263,1344561.88,2995350.95
103011600,23,吨,.484460425330576,1449000,2990956.38
101011303,26,kg,.7604307827686797,2259504.63,2971348.190000001
109023707,14,台,.5883406517723188,1727463,2936161.21
109032603,21,UNKNOWN,.3839939369284768,1122650,2923613.87
109023901,11,台,.4279826672365857,1247233.53,2914215.05
109020206,15,天,.4615037055965066,1315798.67,2851111.82
109022399,18,套,.3479842896904983,980377.5800000001,2817304.14
307050200,6,吨,.5373384910572004,1488890,2770860.5
109062203,11,平方,.5897587356440704,1611994.24,2733311.34
109021602,12,套,.592518221703988,1607283,2712630.5
107021701,10,吨,.8751739330902977,2338280,2671788.9
109051402,15,件,.3705236149055263,988848.64,2668787.09
109041204,18,套,.4667615667890959,1235000,2645890.51
106051108,5,台,.9892921090397961,2608895.55,2637133.69
106041007,27,批,.5018609483786152,1283911.07,2558300.41
109061799,22,台,.5975280031927204,1527784.39,2556841.49
306011003,11,笔,.7405058029098264,1868181.74,2522845.51
109060309,13,套,.5665583635999359,1417267.78,2501538.89
107021705,21,支,.31255984392884,780359.22,2496671.39
104010806,29,套,.3449258521571639,851709.0399999999,2469252.55
106050201,17,个,.6388995154388663,1517169.2,2374660.12
103021204,37,PCS,.2588983356052236,603642.87,2331582.66
109032303,7,台,.9382303742305285,2186450,2330397.8
109040203,11,台,.6655593609833943,1536368.55,2308386.96
106050304,13,kg,.6213380172046971,1429099,2300034.7
101020407,25,盒,.3441297610910664,780930.58,2269291.03
304080203,2,UNKNOWN,.9974925011750797,2189114.18,2194617.18
405020000,13,批,.5129414063175589,1104175.26,2152634.29
101050500,18,千克,.5631386735332875,1210660,2149843.47
108032406,4,立方,.5681362206389052,1217379,2142759
109060505,11,台,.4926402995870882,1046100,2123456
301049902,1,个,1,2104714.84,2104714.84
109025204,12,台,.4510362844964974,937647.65,2078874.1
109022306,12,个,.5143042886029918,1057609.08,2056387.83
108041110,11,千克,.5479952648442314,1123326.72,2049883.99
109061006,8,台,.6603937556436276,1311784,1986366.45
301040202,2,立方,.701173136232632,1377348.16,1964348.16
107040306,11,吨,.5210685143499636,1021956.66,1961271.18
109042204,21,个,.2977269924286922,573986.52,1927895.47
109022803,14,吨,.3446739192414188,657661,1908067.2
108031399,8,吨,.4526935674180246,861068,1902099.04
108012202,32,个,.4955506908634055,940509.1300000004,1897907.01
109010708,16,台,.4414169605700005,812320.4,1840256.43
101050700,10,斤,.7146376982586652,1311892.66,1835745.11
104020405,10,双,.9707097493788711,1779956.91,1833665.43
109012805,10,套,.6420819456795982,1144304.26,1782177.91
109061302,7,台,.6119699589693633,1086212.67,1774944.43
107021607,24,公斤,.3865680645475554,684676,1771165.45
109023903,3,件,.9692803542279819,1695256.18,1748984.36
109023503,7,辆,.7433329702495313,1282960,1725956
110030204,15,台,.5741950780787463,974500,1697158.4
109023203,23,套,.3235762917332701,546082.05,1687645.43
102049903,14,公斤,.8453395339865748,1400145.6,1656311.51
103020905,18,件,.4036040580899093,662337.1800000001,1641056.79
109013606,12,PC,.2728777475565597,442796.98,1622693.62
109023905,15,台,.3955897026859387,631000,1595087.02
108032103,7,吨,.2568524701073318,401246.54,1562167.34
109023999,4,船套,.8448661577253419,1302998,1542253.75
104030504,11,双,.3458465622466536,528537.74,1528243.44
109024608,4,台,.9726377204323723,1465722.2,1506955.95
109042206,15,个,.4605711372722661,687549.6899999999,1492819.75
106050803,11,套,.4315782942115335,628554.24,1456408.37
109061611,8,台,.4129416144824369,598843.4199999999,1450189.08
109022303,9,个,.4084030788118994,562387.49,1377040.28
101010702,13,吨,.8301837246056845,1128764,1359655.66
106020504,21,盒,.6784952622437206,913173,1345879.7
109032403,6,套,.8174505562514646,1072000,1311394.3
405010200,3,UNKNOWN,.913844295304698,1187946.5,1299944.1
301059901,6,票,.5766445133703124,743933.4,1290107.48
109023702,4,台,.9865207461016473,1245807.54,1262829.54
105011006,9,吨,.7717049969708996,970790,1257980.71
106020402,15,盘,.5140447574128447,642546,1249980.65
302010300,10,UNKNOWN,.4096317401650901,486394.25,1187393.95
109024607,5,套,.8997034577403289,1065000,1183723.36
107029905,32,盒,.3191622614335262,373457.4399999999,1170117.79
102050511,3,吨,.9467512327716889,1086700,1147820
301050401,4,UNKNOWN,.9540400433271224,1086000,1138317
101030203,8,公斤,.4999087722497948,551485.91,1103173.1
109025403,10,台,.4014453997073621,439496.98,1094786.44
109061505,11,吨,.2579181746120697,281416.22,1091106.59
301030103,4,吨,.8391069385618611,906691.8,1080543.8
109061306,11,支,.5379852827414245,572512,1064177.81
102040109,12,件,.6540602020687932,688360.8,1052442.57
101050600,18,斤,.2788246774075545,293147.02,1051366.84
102050517,19,套,.3983742382241731,414135.66,1039564.36
106051008,8,台,.5343075012221143,547920,1025476.9
106050602,17,个,.5126053187225443,523222.6,1020712.39
107022605,4,公斤,.7780100066341893,793890,1020411.04
306010700,3,立方米,.9121837380512758,930000,1019531.44
501010300,10,UNKNOWN,.8506604305612013,847117.6,995835.2
106051102,11,套,.8485094822701713,804300,947897.48
109022301,18,台,.568661738495568,538264.4199999999,946545.87
106050804,12,千克,.5884318408684109,535431.02,909928.7
102050508,2,吨,.9999136019353166,902720,902798
101011904,7,桶,.5026361822365542,414936,825519.5600000001
108032104,4,吨,.9958569574748005,799033,802357.2
110020104,6,吨,.9348168150638051,746472.55,798522.8100000001
109031806,8,UNKNOWN,.6094125804424606,450000,738416
301050100,4,个,.8395935033563631,616244,733979
105010505,16,千千瓦时,.2913093494444758,211845.05,727216.7899999999
109025404,6,套,.6682902449561254,476670.14,713268.14
107030703,11,盒,.3929997744294605,264298.99,672516.8999999999
109021805,6,台,.5424143665916525,358748.04,661391.11
109031803,7,个,.4331154876406405,271437.66,626709.6599999999
108041116,2,百米,.9978347941522762,622147.3,623497.3
108032411,2,千克,.689901535170811,424977,615996.6
106041006,7,台,.5185831981190558,311331.2,600349.5699999999
108041118,1,米,1,592138.0600000001,592138.0600000001
109023902,4,台,.9189634444439945,522000,568031.3
105011004,10,瓶,.4082889119700348,221233.96,541856.4
101030499,5,公斤,.9187280803925609,490697.39,534105.14
109021807,11,付,.5585192934829583,297250,532210.8
109042604,6,套,.9099001087924043,483000,530827.5
102050306,7,吨,.6494667429047386,343710.4,529219.4
109061202,6,台,.6219116140038253,327228,526164.8
109042202,3,台,.9925245431974817,502360.66,506144.3199999999
106051107,7,台,.5946472099892662,300059,504600.03
109024606,17,台,.4840347522207663,243842.1,503769.8199999999
108032207,5,立方米,.5615854122951336,278197.21,495378.27
108041119,11,kg,.8994075526408977,444232.95,493917.3
108041117,1,吨,1,485520.5,485520.5
109025101,5,件,.9502685770148532,452000,475655
109010510,12,台,.5540282054329979,262497.5,473798.08
306010200,3,次,.5254668328903327,247400,470819.44
101011902,2,KG,.9836379260888573,462900.49,470600.49
101011304,7,株,.8839299130539846,409840,463656.67
109032802,8,个,.5963064318039898,274514.49,460358.09
302010200,5,册,.4372383489316904,198180,453253.93
109023801,14,平方米,.2939370509243996,133044.26,452628.41
109021806,7,袋,.3873856408813105,165335.44,426798.06
101030401,14,件,.7273995881165527,307974.89,423391.62
109060805,6,台,.5448172333745543,223010,409329.93
106050306,11,桶,.3153287379444421,125049,396567.09
109061504,8,台,.3700275397796818,145110,392160
106041005,7,套,.3275435637070166,126880,387368.32
106050303,14,罐,.3174528282422241,122319.6,385315.83
108012201,7,台,.8536130955080907,290000,339732.37
108032407,11,公斤,.550601071484906,186050.8,337904.9
302010400,4,个,.5233586106636281,166500,318137.5
107021614,11,公斤,.3799755604942451,112788.48,296830.88
110020105,4,台,.8776675836428701,255800,291454.31
108032206,5,个,.681709347971063,186013.81,272863.81
301020401,11,UNKNOWN,.3789943877335703,97707.3,257806.72
109042205,9,个,.3994674680411185,98089.81999999999,245551.46
101030107,3,箱,.826655444773583,194317.2,235064.3200000002
102040402,4,台,.710838212030853,161000,226493.17
107030704,5,支,.8438251756558068,185558.54,219901.64
106050211,7,个,.6160597968849563,126479.75,205304.34
110030201,5,套,.6137434698425456,126000,205297.5
109032402,6,台,.5588015123191252,105000,187902.14
109025501,12,㎡,.6028994044385988,101120.76,167724.1
108031107,3,个,.688081281259137,100652,146279.23
109023805,5,批,.5577200651764276,67998,121921.38
101030402,6,kg,.9287382515777389,108039.61,116329.45
304040503,2,UNKNOWN,.9939443747566936,114895,115595
101011905,5,公斤,.7410056734837428,80801,109042.35
301060100,2,项,.6302414397661068,65450,103849.09
307050100,4,天,.871118726231769,83380,95716
306040100,1,UNKNOWN,1,92350,92350
108032412,1,UNKNOWN,1,80000,80000
109022305,5,瓶,.5135867768595042,38840,75625
109032604,3,台,.8417876975651432,63060,74912
102050518,5,吨,.9339262011035432,69577.53,74500.03
301040102,2,米,.8160237388724035,57750,70770
110030203,3,个,.8409698012405489,59438.4,70678.39999999999
102050308,11,吨,.616052852881383,41500,67364.35000000001
108032208,2,件,.9733998337489609,58550,60150
101030105,4,盒,.9893772487496961,54770.48,55358.53999999999
109051403,6,台,.5693112299052434,29500,51817
306010600,2,UNKNOWN,.9995100440960314,51000,51025
306010400,2,本,.7742500547405299,35360,45670
301050601,4,台,.8581644815256257,36000,41950
109023703,4,台,.5538083287567114,19119.28,34523.28
106051109,1,个,1,32942,32942
307050400,4,月,.7770063387188486,24432.84,31444.84
102050510,4,个,.5422812777843896,15492,28568.2
301040103,2,吨,.9671200553156717,20001.3,20681.3
306010500,2,箱,.8662629806740046,15307.3,17670.5
301020103,1,吨,1,3960,3960
108032205,2,KG,.9399477806788511,2376,2527.8
109010707,2,件,.94546693933197,2080.5,2200.5
109025206,1,个,1,1050,1050
306030203,1,份,1,368,368
306040300,1,UNKNOWN,1,42.65,42.65
109021604,1,块,1,42.4,42.4
