product_id,v_prod,n_units,dom_unit,dom_share,千克,个,UNKNOWN,套,立方米,千瓦时,千米,OTHER,箱,项,盒,次,平方米,批,瓶,月,包,瓦,袋,桶,笔,份,元,副,卷,单,罐,期,票,车,令,伏安
305010000,3.57109e+11,30,UNKNOWN,0.8041,0.001302,0.002622,0.804129,0.000729,0.002244,0.000000,0.000428,0.005610,0.000004,0.110422,0.000000,0.053816,0.002027,0.004348,0.000000,0.000885,0.000001,0.000039,0.000000,0.000001,0.002492,0.000007,0.005677,0.000001,0.000001,0.000068,0.000000,0.003102,0.000005,0.000041,,
109050501,2.92141e+11,24,个,0.9789,0.000047,0.978924,0.010458,0.003069,,,0.000004,0.006507,0.000003,0.000138,0.000010,0.000042,0.000000,0.000770,0.000005,0.000016,0.000000,,0.000000,0.000000,0.000001,0.000000,0.000006,0.000000,0.000000,0.000000,,0.000000,,,,
108030100,2.836e+11,20,千克,0.9963,0.996311,0.001008,0.001342,0.000069,0.000004,0.000000,0.000209,0.000925,0.000001,0.000002,0.000000,0.000000,0.000041,0.000066,0.000000,,0.000001,,0.000000,0.000002,,,,0.000001,0.000018,,,,,,,
102010200,2.22932e+11,20,千克,0.7325,0.732504,0.000105,0.267316,0.000032,0.000000,0.000002,0.000000,0.000035,,0.000000,0.000000,0.000000,0.000003,0.000000,0.000000,,0.000000,,,0.000000,,,,0.000000,0.000001,,0.000000,,,0.000000,,
102010100,2.01556e+11,22,千克,0.9754,0.975360,0.000195,0.023707,0.000028,0.000007,0.000020,0.000017,0.000598,0.000001,,0.000002,0.000004,0.000002,0.000018,0.000009,,0.000000,0.000028,0.000000,0.000001,,,,0.000001,0.000000,,0.000000,,,0.000000,,
109030501,1.90148e+11,26,个,0.8650,0.000093,0.864955,0.082097,0.001034,0.000004,0.000000,0.000000,0.000179,0.000002,0.000011,0.000000,0.000059,0.000000,0.051505,0.000001,0.000030,0.000000,,,0.000004,0.000000,,0.000023,0.000001,0.000001,0.000000,0.000000,,0.000002,0.000000,,
108020705,1.62344e+11,22,千克,0.9889,0.988945,0.000251,0.001211,0.000110,0.000032,0.000003,0.000231,0.007784,0.000000,0.000001,0.000000,0.000000,0.000205,0.001221,,,0.000000,,,0.000000,0.000001,,0.000001,0.000004,0.000001,,,,,0.000000,0.000000,
109050901,1.403e+11,26,个,0.9397,0.000008,0.939731,0.010380,0.047339,,0.000001,0.000006,0.000184,0.000028,0.000663,0.000007,0.000012,0.000008,0.000666,0.000000,0.000006,0.000938,,0.000000,0.000000,0.000003,0.000000,0.000015,0.000000,0.000002,0.000001,,0.000000,0.000001,,,
108020799,1.21835e+11,25,千克,0.9583,0.958280,0.016684,0.013936,0.001851,0.000089,0.000006,0.005178,0.001101,0.000027,0.000175,0.000001,0.000004,0.000904,0.001514,0.000003,0.000002,0.000007,0.000009,0.000000,0.000001,,,0.000000,0.000211,0.000011,,0.000005,,,0.000002,,
108020708,1.21065e+11,17,千克,0.9961,0.996100,0.003077,0.000088,0.000116,0.000003,,0.000103,0.000305,,0.000000,0.000000,0.000000,0.000148,0.000053,,,0.000000,,0.000002,0.000000,,,,0.000003,0.000001,,,,,,,
110010102,1.14216e+11,30,千瓦时,0.8485,0.001508,0.015066,0.064947,0.007243,0.000102,0.848479,0.003352,0.050342,0.000004,0.000670,0.000004,0.001000,0.000338,0.002357,0.000004,0.001368,0.000007,0.000056,0.000002,0.000004,0.000113,0.000001,0.000737,0.000147,0.000111,0.000001,0.000001,0.000032,0.000000,,,0.002004
109031001,1.06549e+11,30,个,0.8326,0.010312,0.832619,0.038705,0.077797,0.000108,0.000043,0.000598,0.030081,0.000116,0.000064,0.000091,0.000740,0.000140,0.004334,0.000409,0.000012,0.000734,0.000000,0.000005,0.001171,0.000077,0.000001,0.000014,0.001008,0.000591,0.000009,0.000122,0.000018,0.000000,0.000083,,
107021301,8.78569e+10,24,千克,0.9911,0.991138,0.002350,0.000807,0.000560,0.000920,,0.000646,0.000129,0.000038,0.000000,0.000011,0.000000,0.002791,0.000172,0.000003,,0.000059,,0.000004,0.000181,0.000001,0.000007,0.000000,0.000009,0.000166,,0.000001,,0.000006,,,
109041501,8.27482e+10,25,套,0.7825,0.000056,0.194896,0.020472,0.782533,0.000001,0.000000,0.000033,0.000310,0.000017,0.000085,0.000023,0.000001,0.000001,0.001566,0.000000,0.000001,0.000001,,,0.000000,0.000002,0.000002,0.000000,0.000001,0.000000,0.000001,0.000000,,,,,
107010103,7.84071e+10,19,千克,0.8220,0.821977,0.000167,0.000898,0.000007,0.160887,0.000001,0.000000,0.015808,0.000002,,0.000005,0.000018,,0.000051,0.000003,,0.000001,,0.000000,0.000173,,,0.000000,0.000000,0.000000,,,,,,,
107010101,7.83828e+10,23,千克,0.9069,0.906910,0.000493,0.001663,0.000140,0.084556,0.000015,0.000007,0.005613,0.000033,0.000003,0.000000,0.000014,0.000000,0.000032,0.000256,0.000006,0.000001,,0.000001,0.000240,,,0.000000,0.000004,0.000001,,0.000014,,,,,
107010104,7.50524e+10,20,千克,0.9921,0.992135,0.000044,0.002848,0.000001,0.001454,0.000025,0.000000,0.003424,0.000005,0.000007,,,0.000000,0.000000,0.000010,0.000001,0.000000,,0.000000,0.000044,0.000000,,,,0.000000,,0.000001,,,,,
109052201,7.19184e+10,21,个,0.9653,0.000073,0.965307,0.023033,0.010105,,,0.000010,0.000587,0.000008,0.000097,0.000000,0.000001,0.000012,0.000360,0.000000,0.000000,0.000000,,,0.000000,,0.000009,0.000380,0.000016,0.000001,0.000000,,,,,,
102030100,6.82916e+10,21,千克,0.9868,0.986772,0.000650,0.005041,0.000150,0.000043,0.000002,0.000064,0.007135,0.000001,,0.000000,0.000000,0.000008,0.000097,0.000004,,0.000003,,0.000000,0.000001,,,,0.000031,0.000000,,0.000000,,,0.000000,,
301010202,6.76768e+10,29,千克,0.4466,0.446617,0.015466,0.427656,0.001734,0.014169,0.000004,0.003565,0.015495,0.007862,0.005170,0.000000,0.015553,0.000117,0.015242,0.000078,0.007335,0.000014,,0.000015,0.000027,0.000410,0.000078,0.000617,0.000000,0.000010,0.000434,0.000011,0.000105,0.010654,0.011561,,
108020707,6.34097e+10,24,千克,0.9657,0.965711,0.020883,0.002758,0.001044,0.000048,0.000008,0.002401,0.001943,0.000000,0.000083,0.000000,0.000010,0.003850,0.000697,0.000002,0.000000,0.000000,,0.000000,0.000005,,0.000000,,0.000257,0.000298,,0.000001,,,0.000000,,
108010102,6.33718e+10,23,千克,0.9921,0.992079,0.000732,0.002890,0.000034,0.002461,0.000000,0.000273,0.000339,0.000011,0.000035,0.000000,0.000000,0.000103,0.000519,0.000000,0.000001,0.000367,,0.000072,0.000080,,,,0.000000,0.000001,,0.000000,,,0.000001,,
108030602,6.33258e+10,18,千克,0.9713,0.971254,0.002067,0.017039,0.000996,,0.001957,0.001041,0.004372,0.000009,0.000002,0.000001,0.000000,0.001129,0.000092,0.000000,,0.000002,,,0.000000,,,,0.000039,0.000000,,,,,,,
108020710,6.07089e+10,21,千克,0.9904,0.990449,0.003433,0.000594,0.000345,0.000002,0.000001,0.000604,0.004311,0.000002,0.000003,0.000044,,0.000149,0.000035,0.000000,,0.000000,,0.000001,0.000000,,,0.000000,0.000004,0.000022,,0.000000,,,,,
305990000,5.9285e+10,28,UNKNOWN,0.8263,0.004613,0.005373,0.826305,0.000542,0.015939,,0.001916,0.011855,0.000012,0.097761,0.000003,0.017345,0.002621,0.004992,0.000001,0.000834,0.000000,,0.000002,0.000017,0.002084,0.000004,0.002705,0.000000,0.000004,0.000042,0.000000,0.004754,,0.000233,,0.000042
201050000,5.30129e+10,31,个,0.3183,0.298764,0.318332,0.164800,0.028843,0.004478,0.001271,0.073128,0.016458,0.001727,0.016902,0.000329,0.011227,0.013447,0.039420,0.000806,0.001789,0.000136,0.000733,0.000103,0.000563,0.000381,0.000146,0.001499,0.003895,0.000340,0.000038,0.000158,0.000041,0.000058,0.000161,0.000026,
108030202,5.18932e+10,16,千克,0.9898,0.989770,0.000407,0.004592,0.000120,,,0.000067,0.004994,0.000000,,0.000000,0.000009,0.000012,0.000009,0.000000,,0.000000,,,,,,,0.000016,0.000004,,0.000000,,,,,
108010301,5.14697e+10,24,立方米,0.9182,0.015958,0.000574,0.045230,0.000056,0.918205,0.000000,0.001175,0.009834,0.000000,0.000100,0.000007,0.000026,0.000572,0.008083,0.000000,,0.000019,,0.000012,0.000016,0.000001,,0.000128,0.000001,0.000001,,0.000001,,,0.000002,,
107021303,4.90145e+10,17,千克,0.9948,0.994770,0.000300,0.004182,0.000006,0.000065,,0.000035,0.000556,0.000000,,0.000000,,0.000066,0.000001,0.000003,,0.000009,,0.000000,0.000002,,,,,0.000003,,0.000001,,,,,
108040101,4.86613e+10,29,千克,0.5871,0.587066,0.107940,0.115080,0.047837,0.000300,0.000060,0.015494,0.013763,0.000043,0.009277,0.000047,0.000088,0.026196,0.069378,0.000002,0.000031,0.000025,0.004664,0.000029,0.000010,0.000001,0.000006,0.000002,0.001399,0.000027,,0.000005,0.001230,,0.000000,0.000000,
108020600,4.80625e+10,20,千克,0.9867,0.986744,0.010249,0.001091,0.001392,0.000000,,0.000151,0.000125,0.000002,0.000042,0.000001,0.000000,0.000023,0.000109,0.000014,,0.000000,,0.000000,0.000001,,,,0.000055,0.000001,,0.000000,,,,,
107010301,4.66112e+10,15,千克,0.9967,0.996684,0.000020,0.003200,0.000004,0.000011,,0.000002,0.000001,0.000074,,0.000000,0.000000,,,0.000004,,0.000000,,0.000000,0.000000,,,,,0.000000,,,,,,,
102020101,4.40626e+10,22,千克,0.9965,0.996521,0.000120,0.000155,0.000080,0.002266,0.000008,0.000010,0.000383,0.000005,,0.000001,0.000000,0.000024,0.000003,0.000052,0.000003,0.000000,,0.000000,0.000354,,0.000000,,0.000005,0.000008,,0.000001,,,,,
107020202,4.32025e+10,19,千克,0.9976,0.997637,0.000041,0.000381,0.000004,0.000053,0.000007,0.000003,0.001650,0.000002,,0.000001,0.000000,0.000002,0.000004,0.000101,,0.000000,,0.000000,0.000114,,,,,0.000000,,0.000002,,,,,
106010504,4.03248e+10,25,箱,0.5139,0.009868,0.229613,0.002005,0.002296,,,0.000704,0.041569,0.513925,0.000000,0.002276,0.000002,0.000003,0.000720,0.000130,0.000001,0.133845,,0.061502,0.000024,,0.000016,0.000000,0.000002,0.000545,0.000000,0.000953,0.000000,,,0.000000,
304990000,4.00384e+10,30,UNKNOWN,0.7100,0.017658,0.051121,0.710020,0.004214,0.000665,0.000323,0.002079,0.014898,0.002154,0.052329,0.000005,0.066709,0.001000,0.013758,0.000002,0.023761,0.000094,0.000018,0.000000,0.000003,0.009622,0.023715,0.002887,0.000001,0.000016,0.000389,0.000013,0.001427,0.001032,0.000086,,
109990000,3.94424e+10,29,个,0.5892,0.058373,0.589161,0.047851,0.231815,0.001354,0.000168,0.013754,0.015175,0.000602,0.005894,0.000528,0.001137,0.003127,0.019016,0.000552,0.000843,0.000153,0.003919,0.000033,0.000977,0.000259,0.000021,0.000019,0.004403,0.000796,0.000006,0.000031,0.000000,,0.000031,,
107010199,3.89445e+10,25,千克,0.9755,0.975498,0.003840,0.003483,0.000458,0.003965,0.000336,0.000060,0.001811,0.000150,0.000010,0.000012,0.000002,0.000339,0.000019,0.002470,,0.000013,,0.000000,0.006887,,0.000000,0.000000,0.000001,0.000212,0.000001,0.000428,,0.000003,,,
108031501,3.8884e+10,22,千克,0.9744,0.974403,0.017930,0.002363,0.000574,0.000001,,0.002375,0.000702,0.000023,0.000018,0.000001,0.000002,0.000673,0.000649,0.000001,,0.000002,,0.000000,0.000001,0.000001,,0.000000,0.000054,0.000227,0.000000,,,,,,
108020709,3.86961e+10,17,千克,0.9641,0.964099,0.031366,0.002244,0.000538,,0.000074,0.000474,0.000623,0.000000,0.000003,0.000000,0.000001,0.000470,0.000084,,,0.000000,,,,,,,0.000015,0.000008,,,,,0.000000,,
110010101,3.8638e+10,25,千瓦时,0.6427,0.052553,0.073039,0.026281,0.020403,0.000168,0.642685,0.002517,0.130997,0.000004,0.000267,0.000002,0.000023,0.000286,0.000734,0.000011,0.000076,0.000004,0.049740,0.000002,0.000072,0.000000,,,0.000059,0.000078,,0.000000,,,,,0.000000
108031601,3.77372e+10,25,千克,0.8830,0.883030,0.051270,0.002770,0.007679,0.000005,,0.005008,0.001895,0.000199,0.000139,0.000026,0.000012,0.046097,0.001103,0.000000,0.000000,0.000058,0.000250,0.000005,0.000002,0.000005,,0.000011,0.000221,0.000215,,0.000000,,,0.000000,,
108020706,3.76227e+10,18,千克,0.9926,0.992638,0.004213,0.000688,0.000351,,,0.000983,0.000469,0.000083,0.000003,0.000001,0.000000,0.000357,0.000165,0.000000,,0.000000,,,,,,0.000002,0.000002,0.000045,,,,,0.000000,,
103010501,3.75078e+10,20,千克,0.7516,0.751650,0.017071,0.005930,0.000958,0.000059,,0.000000,0.011018,0.119938,0.000000,0.002844,0.000001,,0.000401,0.057931,,0.000600,,0.000217,0.030586,,0.000076,,0.000001,0.000000,,0.000721,,,,,
107060201,3.69725e+10,23,千克,0.9923,0.992293,0.003247,0.000674,0.000985,0.000112,0.000006,0.000548,0.001167,0.000027,,0.000037,0.000002,0.000385,0.000176,0.000009,,0.000090,,0.000026,0.000021,,0.000130,,0.000006,0.000050,,0.000007,,0.000001,0.000002,,
305020000,3.45596e+10,29,UNKNOWN,0.6757,0.004597,0.024905,0.675675,0.009438,0.000987,0.000004,0.001230,0.011517,0.000003,0.200861,0.000000,0.033539,0.005368,0.018736,0.000003,0.002447,0.000000,0.000195,0.000000,0.000003,0.002089,0.000092,0.007309,0.000004,0.000039,0.000223,,0.000732,0.000001,0.000001,,
108049900,3.40546e+10,28,个,0.4514,0.375967,0.451374,0.018559,0.073981,0.000366,0.000166,0.023886,0.011738,0.000205,0.000910,0.000231,0.000115,0.023260,0.014103,0.000033,0.000026,0.000391,0.001138,0.000080,0.000036,0.000041,0.000001,0.000014,0.002940,0.000428,0.000007,0.000003,,,0.000002,,
108020704,3.39649e+10,21,千克,0.9877,0.987714,0.005674,0.004745,0.000491,0.000266,,0.000399,0.000446,0.000001,0.000003,0.000001,0.000000,0.000010,0.000105,0.000000,,0.000001,,0.000007,0.000000,,,0.000119,0.000019,0.000000,,,,,0.000000,,
107020209,3.39541e+10,13,千克,0.9976,0.997633,0.000006,0.001749,0.000003,0.000293,,,0.000075,0.000007,,0.000000,,,,0.000112,,0.000000,,0.000000,0.000122,,,,,,,0.000001,,,,,
107020217,3.38431e+10,11,千克,0.9957,0.995705,0.000023,0.003076,0.000002,0.000069,,,0.001008,0.000009,,,,0.000001,,0.000011,,,,,0.000042,,,,,,,0.000053,,,,,
307040200,3.30545e+10,21,UNKNOWN,0.8575,0.000001,0.002115,0.857454,0.000216,,0.000008,0.000005,0.098590,0.000001,0.003124,,0.020770,0.000044,0.001776,0.000001,0.005448,0.000001,,,0.000008,0.001677,0.000127,0.008615,,,0.000011,,0.000007,,,,
108031101,3.0808e+10,13,千克,0.9868,0.986829,0.010307,0.001549,0.000509,,,0.000002,0.000789,,,0.000000,0.000000,,0.000009,0.000003,,0.000000,,,,0.000002,,0.000000,,,,,,,,,
109040904,3.02649e+10,24,千米,0.5970,0.009375,0.038167,0.325941,0.003175,0.000001,0.000184,0.596976,0.010608,0.005848,0.000072,0.000004,0.000000,0.000005,0.005316,0.000000,0.000002,0.000036,0.000086,0.000000,0.000002,,,0.000003,0.000029,0.004168,0.000000,,,,,,
107029999,3.02471e+10,25,千克,0.9327,0.932715,0.011182,0.001149,0.001908,0.012033,0.000000,0.001291,0.004852,0.007474,0.000031,0.001950,0.000018,0.006492,0.000350,0.007164,0.001100,0.000519,,0.000294,0.007712,,0.000007,,0.000037,0.001070,,0.000651,,0.000000,0.000001,,
102020200,2.95431e+10,19,立方米,0.9367,0.021507,0.000269,0.012933,0.000002,0.936676,0.022648,0.000002,0.005061,0.000000,0.000270,,0.000002,0.000017,0.000009,0.000285,0.000080,,,,0.000002,,,0.000010,,,,0.000227,0.000001,,,,
109041401,2.75956e+10,16,个,0.9960,0.000001,0.995981,0.001827,0.000212,0.000001,,0.000001,0.001676,0.000006,0.000157,0.000000,,,0.000083,0.000001,,,,0.000043,,,0.000011,,0.000000,,,0.000000,,,,,
102030200,2.75654e+10,19,千克,0.9861,0.986099,0.000293,0.010617,0.000010,0.000306,,0.000063,0.002565,0.000001,,0.000001,0.000000,0.000003,0.000005,0.000001,0.000027,0.000001,,0.000000,0.000001,,,,0.000000,0.000007,,,,,,,
304030301,2.74277e+10,26,UNKNOWN,0.6288,0.000144,0.060395,0.628781,0.001548,0.000001,,0.000046,0.040262,0.000001,0.059141,0.000016,0.111518,0.001336,0.003772,0.000000,0.016351,0.000023,,0.000000,0.000000,0.065774,0.000473,0.000977,0.000003,0.000036,0.000357,,0.009033,0.000014,,,
104010105,2.73944e+10,23,千米,0.8017,0.148848,0.020414,0.002221,0.002368,0.000000,0.000213,0.801691,0.011697,0.000343,0.000007,0.000505,0.000023,0.009346,0.000501,0.000012,,0.000906,,0.000114,0.000012,0.000000,0.000008,,0.000286,0.000487,,0.000000,,,,,
109041801,2.7208e+10,14,个,0.9704,0.000786,0.970369,0.024459,0.000099,,,0.000000,0.003955,0.000060,0.000001,0.000000,,,0.000246,0.000001,,0.000000,,0.000003,,,0.000021,,,,,,,,,,
304020101,2.71782e+10,19,UNKNOWN,0.8563,0.000015,0.009098,0.856319,0.024759,,,0.000068,0.002707,0.000000,0.027843,0.000000,0.019927,,0.001557,,0.056284,0.000002,,,,0.000285,0.000150,0.000367,,0.000000,0.000030,,0.000589,,,,
103040201,2.68135e+10,18,个,0.9942,0.000015,0.994222,0.003280,0.000001,,,0.000000,0.000403,0.000557,,0.000399,0.000000,0.000000,0.000971,0.000002,,0.000130,,0.000017,0.000000,,0.000001,,0.000000,0.000000,,,,,,,
304020300,2.68039e+10,25,UNKNOWN,0.6976,0.000130,0.017204,0.697627,0.016262,0.000001,,0.000012,0.030168,0.000002,0.090570,0.000000,0.083007,0.000040,0.013670,0.000001,0.035395,0.000002,,,,0.004191,0.000386,0.003475,0.000000,0.000017,0.000149,,0.007688,0.000001,0.000002,,
104010102,2.58064e+10,24,千克,0.9682,0.968218,0.017438,0.001399,0.000395,0.000006,0.000068,0.010206,0.000849,0.000033,0.000000,0.000072,0.000001,0.000560,0.000070,0.000026,,0.000256,,0.000006,0.000002,0.000000,,,0.000200,0.000192,0.000000,0.000000,,,0.000003,,
301010201,2.56144e+10,18,UNKNOWN,0.9277,0.057340,0.006840,0.927718,0.000895,0.001073,,0.000022,0.001076,0.000462,0.000096,,0.001504,0.000001,0.000876,,0.000162,,,0.000006,0.000000,,,0.000092,,,,,,0.000480,0.001356,,
107010111,2.5331e+10,20,千克,0.9876,0.987647,0.000141,0.004105,0.000017,0.001224,,0.000009,0.001418,0.000092,0.000000,0.000002,0.000000,0.000066,0.000040,0.004673,,0.000000,,0.000000,0.000328,,,,,0.000000,,0.000237,,,0.000000,,
109051299,2.4689e+10,28,个,0.8924,0.003207,0.892424,0.009957,0.060499,0.000043,0.000153,0.000781,0.008643,0.001957,0.001855,0.003452,0.000123,0.002287,0.005579,0.001702,0.000090,0.000312,,0.000109,0.000012,0.000029,0.000020,0.000001,0.000067,0.006682,,0.000004,0.000007,0.000000,,0.000005,
108031401,2.41703e+10,21,千克,0.9247,0.924735,0.045503,0.003014,0.002583,0.000004,,0.008210,0.007480,0.000009,0.000002,0.000004,0.000006,0.006561,0.001036,0.000003,,0.000004,0.000356,0.000004,0.000014,,0.000000,,0.000347,0.000126,,,,,,,
102019900,2.16787e+10,22,千克,0.9823,0.982321,0.001176,0.015632,0.000461,0.000061,0.000037,0.000030,0.000041,0.000011,0.000011,0.000002,0.000000,0.000020,0.000008,0.000012,,0.000071,,0.000001,0.000019,,,,0.000000,0.000000,,0.000000,,,0.000088,,
109051908,2.13424e+10,26,个,0.6130,0.240138,0.612998,0.014458,0.043032,0.000002,0.000003,0.002832,0.013018,0.000016,0.000364,0.000129,0.000197,0.035943,0.006632,0.000022,0.000041,0.000053,0.025923,0.000011,0.000000,0.000057,,0.000021,0.000711,0.003397,,0.000000,,,,0.000000,
108020711,2.1245e+10,17,千克,0.9899,0.989890,0.006106,0.000170,0.000312,0.000001,,0.001822,0.000296,0.000000,0.000018,0.000000,,0.001318,0.000020,,,0.000000,,0.000000,0.000000,,,,0.000012,0.000035,,,,,,,
101010401,2.11225e+10,20,千克,0.9962,0.996187,0.000780,0.000909,0.000010,0.000024,,0.000017,0.000155,0.000338,0.000000,0.000143,0.000025,,0.000096,0.000122,0.000001,0.000043,,0.000762,0.000371,,0.000000,,,,,0.000017,,,,0.000000,
103030200,2.09852e+10,22,瓶,0.5598,0.074799,0.135240,0.008065,0.005341,0.000421,,0.000002,0.021054,0.115748,0.000001,0.071876,0.000016,0.000000,0.006024,0.559791,0.000003,0.000002,,0.000426,0.001094,0.000001,0.000060,,0.000008,,,0.000029,,,,,
109031002,2.06953e+10,28,个,0.8740,0.027971,0.873999,0.015850,0.049694,0.000062,0.000020,0.003313,0.016117,0.000050,0.000091,0.000043,0.000536,0.000616,0.005308,0.000392,0.000361,0.000302,0.000008,0.000000,0.002539,0.000833,0.000000,0.000008,0.000823,0.000808,0.000010,0.000213,,,0.000031,,
109061803,2.06582e+10,18,个,0.9765,0.000068,0.976532,0.006265,0.001147,,,0.000000,0.000341,0.000498,0.000025,0.000596,0.000003,0.000001,0.014519,0.000001,,,,0.000001,0.000000,,,,0.000000,0.000000,0.000003,,,,,,
109041302,2.05483e+10,21,个,0.6943,0.020933,0.694272,0.007399,0.249112,0.000013,,0.000037,0.015415,0.000063,0.000040,0.000070,0.000003,0.003073,0.009510,0.000002,0.000045,0.000004,,,0.000005,0.000002,0.000000,0.000000,0.000003,,,,,,,,
101010103,2.05308e+10,26,千克,0.9834,0.983418,0.003969,0.004991,0.000764,0.000247,0.000006,0.001405,0.001268,0.001101,0.000034,0.000168,0.000086,0.000209,0.000361,0.000139,0.000039,0.000108,,0.000566,0.001034,,0.000018,,0.000034,0.000023,,0.000005,,0.000000,0.000007,0.000002,
108020800,2.04922e+10,16,千克,0.9809,0.980876,0.003687,0.004527,0.001470,,,0.000272,0.008752,0.000000,0.000001,0.000000,,0.000311,0.000075,0.000007,,0.000002,,,0.000000,,,,0.000014,0.000005,,,,,,,
108020712,2.02641e+10,20,千克,0.9306,0.930604,0.025044,0.002042,0.002983,0.000005,0.000011,0.035492,0.000792,,0.000132,0.000000,0.000001,0.000267,0.002532,0.000006,,0.000001,,0.000000,0.000000,,,,0.000026,0.000054,,,,0.000009,,,
107022302,1.9789e+10,21,个,0.4907,0.003020,0.490701,0.061640,0.098943,0.000001,,,0.016451,0.037219,0.000238,0.063725,0.000007,0.000000,0.004728,0.216501,,0.004853,,0.001301,0.000012,,0.000021,,0.000007,0.000001,0.000000,0.000630,,,,,
109051104,1.95131e+10,24,个,0.9385,0.000350,0.938462,0.004724,0.050180,,0.000001,0.000054,0.003064,0.000009,0.000121,0.000059,0.000012,0.000009,0.002807,0.000004,0.000015,0.000031,,0.000002,0.000081,0.000001,0.000001,0.000011,0.000001,0.000001,,0.000000,,,,,
304060300,1.94297e+10,24,UNKNOWN,0.6928,0.003478,0.036108,0.692798,0.002041,,0.000134,0.000003,0.016346,0.000000,0.081719,,0.101431,0.000159,0.017166,0.000014,0.012173,0.000087,0.000019,,0.000000,0.022868,0.004632,0.005353,,,0.000469,,0.002904,0.000098,0.000000,,
108030300,1.91716e+10,15,千克,0.9896,0.989610,0.000454,0.009100,0.000005,0.000000,,0.000015,0.000644,0.000000,0.000005,0.000000,,0.000160,0.000002,0.000003,,0.000000,,,,,,,,0.000002,,,,,,,
304050202,1.88665e+10,24,UNKNOWN,0.6716,0.001459,0.009536,0.671551,0.015916,0.000325,0.000196,0.000177,0.035963,0.000000,0.014900,0.000001,0.013253,0.046312,0.012616,0.000001,0.157680,,,,0.000000,0.001439,0.000022,0.015417,,,0.000516,,0.002673,0.000026,0.000021,,
107020201,1.85556e+10,17,千克,0.9957,0.995731,0.000174,0.000429,0.000006,0.000054,,0.000109,0.000223,0.000006,,0.000014,0.000025,0.000933,,0.002018,,0.000000,,0.000003,0.000220,,,,,0.000019,,0.000035,,,,,
108020713,1.83653e+10,23,千克,0.8816,0.881601,0.049777,0.002690,0.002366,0.000008,0.000016,0.055965,0.002236,0.000005,0.000090,0.000000,0.000007,0.000589,0.004432,0.000006,0.000027,0.000001,,0.000000,0.000001,,,0.000000,0.000175,0.000009,,,,,0.000000,,
107010102,1.82942e+10,19,千克,0.9945,0.994481,0.000278,0.000025,0.000052,0.000728,,0.000006,0.004234,0.000024,,0.000002,0.000000,0.000007,0.000003,0.000016,,0.000010,,0.000000,0.000121,,,,0.000001,0.000010,,0.000000,,,,,
306020000,1.79458e+10,20,UNKNOWN,0.7333,0.000014,0.002077,0.733320,0.000318,0.000005,0.000534,,0.018813,0.000001,0.003774,0.000000,0.054143,,0.006420,,0.004343,,0.000003,,,0.118891,0.002234,0.054707,,,0.000056,,0.000326,0.000020,,,
108030201,1.75045e+10,16,千克,0.9989,0.998887,0.000459,0.000394,0.000141,,,0.000003,0.000011,,,0.000001,0.000000,0.000085,0.000006,0.000000,,0.000000,,0.000000,0.000000,,,,0.000001,0.000013,,,,,,,
106010204,1.72429e+10,25,千克,0.7950,0.794965,0.157296,0.002563,0.007238,0.000033,0.000191,0.001156,0.001427,0.000432,0.000003,0.000256,0.000014,0.028931,0.001795,0.000008,0.000000,0.000206,,0.000023,0.000000,,0.000065,0.000000,0.000038,0.001121,,0.000000,,,,0.002237,
304020199,1.67095e+10,23,UNKNOWN,0.7244,0.000150,0.017140,0.724381,0.067868,0.000000,,0.000000,0.007913,0.000000,0.050392,0.000001,0.092805,0.000006,0.012247,,0.020344,0.000000,,,,0.002630,0.000120,0.000982,0.000000,,0.000138,,0.002856,0.000026,,0.000000,
107010107,1.63544e+10,23,千克,0.5161,0.516138,0.026126,0.001248,0.000834,0.203193,0.000001,0.000018,0.018689,0.028635,0.018813,0.000014,0.000041,0.000006,0.001540,0.009364,,0.000022,,0.000041,0.171565,,,,0.000007,0.000000,0.000002,0.003700,,,0.000003,,
108020900,1.62672e+10,16,千克,0.9576,0.957577,0.004978,0.034103,0.000090,0.000000,0.000060,0.000063,0.000012,0.000000,,,,0.000011,0.003070,,,0.000003,,,0.000018,,,0.000007,0.000007,0.000002,,,,,,,
106010501,1.59322e+10,28,个,0.6695,0.052641,0.669470,0.007030,0.057377,0.000317,0.000004,0.000544,0.051369,0.118230,0.000003,0.001468,0.000026,0.020038,0.010654,0.000098,0.000004,0.005826,,0.000631,0.000001,0.000002,0.000248,0.000000,0.000429,0.000241,0.000015,0.000000,,,0.000001,0.003328,
109041303,1.55677e+10,14,瓦,0.5378,0.004849,0.437084,0.011021,0.000940,0.000007,,0.000001,0.007741,,,0.000002,,0.000520,0.000045,0.000000,,,0.537787,,0.000003,,,,,0.000000,,,,,,,
109010206,1.52776e+10,26,个,0.8582,0.063071,0.858152,0.016187,0.026352,0.000359,0.000016,0.000461,0.010682,0.000328,0.000054,0.000118,0.000236,0.000109,0.007699,0.002214,0.000115,0.000055,,0.000002,0.009134,0.000002,0.000002,0.001783,0.002730,0.000044,,0.000079,,,0.000015,,
102060000,1.51969e+10,24,千克,0.9381,0.938068,0.015149,0.008371,0.003305,0.020920,0.000182,0.002204,0.004159,0.000092,0.000224,0.000032,0.000057,0.005721,0.000731,0.000063,,0.000077,,0.000058,0.000102,,0.000002,0.000000,0.000053,0.000346,,0.000013,,,0.000071,,
107060199,1.51583e+10,27,个,0.4395,0.288084,0.439533,0.006815,0.055912,0.004394,0.000074,0.060082,0.017500,0.007355,0.000042,0.001216,0.000864,0.080090,0.007198,0.000225,0.000019,0.001960,0.000060,0.000675,0.000312,0.000056,0.000139,0.000000,0.002311,0.025080,,0.000002,,,0.000003,,
104020199,1.4875e+10,25,个,0.8502,0.002321,0.850240,0.027830,0.077592,0.000003,0.000241,0.010335,0.005784,0.000098,0.000747,0.003210,0.000045,0.000089,0.019220,0.000006,0.000101,0.001087,,0.000009,0.000001,0.000035,0.000014,0.000038,0.000752,0.000203,,0.000000,,,,,
107022301,1.44553e+10,21,个,0.4376,0.004460,0.437599,0.027631,0.059680,0.000133,,0.000062,0.017639,0.189889,0.000001,0.053557,,,0.001561,0.196679,,0.006802,,0.002985,0.000368,,0.000059,,0.000000,0.000003,0.000000,0.000891,,,,0.000000,
109019900,1.42051e+10,30,个,0.5038,0.130891,0.503821,0.022081,0.163142,0.002569,0.000030,0.009502,0.010859,0.000062,0.008745,0.000216,0.000801,0.002847,0.140023,0.000287,0.000075,0.000731,,0.000080,0.001121,0.000090,0.000009,0.000007,0.001484,0.000501,0.000000,0.000014,0.000001,0.000002,0.000002,0.000008,
107060101,1.40021e+10,24,千克,0.5157,0.515683,0.129728,0.002188,0.017232,0.000250,0.000033,0.055835,0.009822,0.008384,0.000034,0.000465,0.000014,0.190212,0.003255,0.000042,,0.004034,,0.000286,0.000005,,0.000010,,0.000058,0.061509,,0.000001,,,0.000920,0.000002,
305040000,1.39886e+10,27,UNKNOWN,0.7102,0.000482,0.005544,0.710239,0.010514,0.000460,,0.000581,0.005298,0.000072,0.209048,0.000001,0.028639,0.009038,0.014966,0.000000,0.000201,0.000008,,0.000046,0.000098,0.002802,0.000140,0.001712,0.000003,0.000004,0.000015,0.000002,0.000085,,0.000001,,
107040302,1.37594e+10,16,千克,0.9797,0.979682,0.001511,0.001218,0.000096,0.000000,0.000351,0.012538,0.003399,0.000004,,0.000003,,0.001041,0.000002,,,0.000057,,0.000000,,,,,0.000001,0.000097,,,,,,,
108031102,1.36675e+10,10,千克,0.9968,0.996822,0.001959,0.001041,0.000146,,,,0.000027,,,,,0.000002,,0.000002,,,,0.000000,0.000000,,,,,0.000001,,,,,,,
101010500,1.33939e+10,24,千克,0.9839,0.983868,0.005392,0.004194,0.000129,0.000030,,0.004658,0.000848,0.000001,0.000079,0.000029,0.000070,0.000432,0.000044,0.000025,0.000007,0.000015,,0.000002,0.000002,,0.000003,,0.000149,0.000011,,0.000000,,,0.000005,0.000008,
106010202,1.3358e+10,26,千克,0.9440,0.944020,0.016264,0.000530,0.000565,0.000002,0.000009,0.000752,0.001195,0.002583,0.000001,0.000038,0.000000,0.010467,0.000531,0.000000,,0.000356,,0.000000,0.000010,,0.000044,0.000000,0.000001,0.003732,,0.000000,0.000009,,0.000000,0.018891,
109030503,1.30358e+10,22,个,0.9886,0.001492,0.988591,0.008308,0.000268,0.000227,0.000000,0.000024,0.000248,,0.000039,0.000045,0.000061,0.000005,0.000516,0.000003,,0.000016,,,0.000060,0.000014,,0.000039,0.000002,0.000001,0.000002,,,,0.000041,,
304080299,1.29039e+10,23,UNKNOWN,0.6573,0.004151,0.019602,0.657268,0.010032,0.000042,0.001275,0.000033,0.007703,0.000200,0.025374,,0.178856,0.000041,0.030146,,0.036836,0.000019,,,0.000000,0.005605,0.003996,0.013203,,,0.002503,,0.000308,0.002796,0.000012,,
108020703,1.28729e+10,21,千克,0.9649,0.964880,0.023946,0.001196,0.001090,0.000007,0.000013,0.004208,0.001782,0.000022,0.000003,0.000005,0.000001,0.000625,0.002055,0.000001,,0.000001,0.000027,,0.000001,,,0.000004,0.000126,0.000006,,,,,,,
109010201,1.282e+10,25,个,0.8638,0.064180,0.863811,0.024089,0.038133,0.002945,0.000001,0.000456,0.000864,0.000050,0.000235,0.000030,0.000299,0.000141,0.003159,0.000159,,0.000431,,0.000000,0.000826,0.000027,0.000005,0.000005,0.000128,0.000010,,0.000011,,,0.000004,,
109051003,1.27701e+10,21,个,0.9115,0.000762,0.911509,0.007229,0.067435,,,0.000707,0.000628,0.002823,0.002208,0.000596,0.000074,0.000000,0.005199,0.000000,0.000048,0.000053,,0.000095,,,0.000028,0.000003,0.000001,0.000603,,,0.000001,,,,
107020213,1.27243e+10,17,千克,0.9982,0.998223,0.000023,0.001128,0.000006,0.000066,,,0.000156,0.000003,,0.000008,,0.000008,0.000002,0.000254,,0.000001,,0.000052,0.000055,,,,0.000000,0.000002,,0.000014,,,,,
107030205,1.26777e+10,20,盒,0.7689,0.007876,0.012923,0.002018,0.000368,0.000005,,0.000033,0.077166,0.000010,,0.768949,0.000003,0.000065,0.002050,0.120881,,0.000978,,0.005919,0.000630,,0.000001,,0.000010,0.000003,,0.000112,,,,,
306030299,1.26409e+10,15,份,0.3716,0.000123,0.027616,0.229588,0.000007,0.000001,,,0.009752,,0.001813,,0.028676,,0.007046,,0.000540,,,,,0.003529,0.371560,0.002786,,,0.316916,,0.000049,,,,
109040999,1.25136e+10,27,千米,0.5786,0.174752,0.137461,0.003928,0.018173,0.000001,0.000124,0.578586,0.037977,0.010058,0.001042,0.000329,0.000001,0.000268,0.008672,0.000002,0.000002,0.000072,0.000003,0.000096,0.000038,0.000002,0.000001,0.000002,0.000760,0.027618,0.000028,,0.000005,,,,
109041602,1.24591e+10,14,个,0.9697,0.000001,0.969735,0.011139,0.002329,,,0.000012,0.000391,0.000053,0.000007,,,0.000009,0.016302,0.000006,,0.000000,,,,,0.000006,0.000011,,,,,,,,,
107022202,1.23393e+10,25,箱,0.3588,0.028349,0.295590,0.094441,0.016240,0.002577,,0.000002,0.055185,0.358776,0.000016,0.007113,0.000002,0.000002,0.001056,0.088388,0.000006,0.009632,,0.024123,0.017540,,0.000126,0.000000,0.000003,0.000013,0.000000,0.000821,,,0.000000,,
109040401,1.23293e+10,23,个,0.8710,0.028227,0.870989,0.038182,0.042576,0.000022,0.009324,0.001120,0.003584,0.000000,0.001926,0.000001,0.000018,0.000613,0.003142,0.000001,0.000034,0.000001,0.000002,0.000000,0.000041,,,,0.000111,0.000014,,,,,,,0.000072
107020402,1.21971e+10,13,千克,0.9962,0.996175,0.000020,0.002987,0.000029,0.000001,,,0.000005,0.000004,,0.000000,,,0.000046,0.000114,,0.000468,,0.000103,0.000046,,,,,,,,,,,,
109042201,1.19674e+10,18,个,0.9508,0.000070,0.950793,0.030684,0.008036,0.000255,,0.000094,0.009758,0.000007,0.000153,0.000007,0.000001,0.000031,0.000093,0.000017,,0.000000,,,,,0.000000,,0.000000,0.000000,,,,,,,
109041701,1.1891e+10,20,个,0.9548,0.000038,0.954815,0.014343,0.009153,,,0.000000,0.020452,0.000055,0.000000,0.000027,0.000001,0.000001,0.001026,0.000001,0.000000,0.000003,,0.000025,,,0.000058,,0.000000,0.000001,0.000001,,,,,,
108020702,1.18703e+10,17,千克,0.9795,0.979489,0.009454,0.002363,0.001005,0.000006,,0.001014,0.005501,,0.000000,,0.000000,0.000853,0.000190,0.000021,,0.000000,0.000101,,,,,,0.000002,0.000000,,0.000002,,,,,
107020403,1.18305e+10,10,千克,0.9984,0.998439,0.000002,0.001547,,0.000001,,,,0.000000,,,,0.000001,0.000002,0.000002,,0.000004,,0.000001,,,,,,,,,,,,,
106010599,1.15484e+10,29,个,0.4102,0.396323,0.410204,0.007538,0.038805,0.000332,0.000057,0.008019,0.007770,0.038292,0.000116,0.001465,0.000088,0.052660,0.007361,0.000059,0.000002,0.010980,,0.000249,0.000033,0.000000,0.001662,0.000011,0.000176,0.010520,0.000000,0.000003,0.000003,,0.000000,0.007273,
105010301,1.14479e+10,24,个,0.6941,0.002651,0.694115,0.006221,0.005373,0.228315,,0.001145,0.009801,0.000043,0.000064,0.000001,0.000012,0.048982,0.002836,0.000006,0.000000,0.000020,,0.000000,0.000008,0.000000,0.000000,,0.000282,0.000122,,0.000001,,0.000000,,,
109051101,1.13981e+10,20,个,0.9339,0.001665,0.933894,0.002758,0.049000,0.000001,,0.000026,0.001023,0.000052,0.000293,0.000001,0.000094,0.010329,0.000847,0.000000,,0.000000,,,,0.000001,,0.000009,0.000001,0.000006,0.000001,,,,,,
304020500,1.11716e+10,22,次,0.4393,0.000153,0.023982,0.393292,0.012588,,0.000050,0.000000,0.003639,0.000001,0.074712,0.000002,0.439339,0.000517,0.017027,0.000000,0.016471,,,,,0.011405,0.001105,0.004872,,0.000000,0.000063,,0.000783,0.000000,,,
109051700,1.1078e+10,18,个,0.8119,0.001885,0.811945,0.015166,0.114630,,,0.000038,0.053120,0.000001,0.000058,0.000765,0.000109,0.000170,0.002052,0.000000,0.000008,0.000001,,,0.000001,,,,0.000006,0.000044,,,,,,,
109050902,1.10564e+10,24,个,0.8586,0.000584,0.858606,0.004810,0.126730,0.000000,0.000001,0.000078,0.001931,0.000132,0.001450,0.000024,0.000037,0.000014,0.005534,0.000000,0.000027,0.000013,,0.000000,0.000010,0.000003,0.000003,,0.000002,0.000009,,,0.000001,,,,
107050102,1.09837e+10,19,个,0.8961,0.004617,0.896096,0.002709,0.089787,,0.000003,0.000003,0.002160,0.000001,,0.000008,0.000005,0.000001,0.004587,0.000002,,0.000000,,0.000000,0.000013,,,,0.000002,0.000006,,,,,0.000000,,
109050401,1.08725e+10,18,批,0.4543,0.000331,0.196740,0.001328,0.310345,,,0.000061,0.034254,0.000013,0.001692,0.000030,0.000060,,0.454335,,0.000360,0.000000,,,,0.000100,,0.000005,0.000248,0.000004,,,0.000094,,,,
108031201,1.07287e+10,19,千克,0.9203,0.920297,0.011619,0.012554,0.000187,0.000150,0.000004,0.000066,0.055087,0.000005,,0.000002,0.000000,0.000002,0.000011,0.000013,,0.000001,,0.000000,0.000002,,,,0.000000,0.000000,,,,,,,
109013104,1.06719e+10,25,个,0.6214,0.002997,0.621448,0.015742,0.333879,0.000071,,0.000628,0.003151,0.000193,0.003062,0.000000,0.000030,0.001892,0.016082,0.000447,0.000014,0.000008,,0.000002,0.000069,0.000029,0.000001,0.000195,0.000006,0.000042,0.000000,0.000011,,,,,
107020801,1.05812e+10,23,千克,0.7127,0.712716,0.028954,0.008801,0.011532,0.032484,,0.000149,0.043473,0.001229,0.000450,0.000073,0.000082,0.006191,0.005463,0.000609,,0.002341,,0.002262,0.120303,,0.000000,0.000072,0.000002,0.000105,,0.022706,,,,0.000000,
107010113,1.04947e+10,14,千克,0.9977,0.997722,0.000116,0.001901,0.000000,0.000127,,,0.000000,0.000001,,0.000000,,0.000053,,0.000041,,,,0.000016,0.000022,,,,,0.000000,,0.000000,,,,,
109050599,1.04092e+10,21,个,0.9444,0.000319,0.944357,0.016803,0.030469,,,0.000301,0.001143,0.000008,0.000092,0.000016,0.000111,0.000048,0.005758,0.000000,0.000335,0.000000,,,0.000000,0.000000,0.000017,,0.000217,0.000000,0.000005,,,,,,
304050201,1.03354e+10,31,UNKNOWN,0.3907,0.197822,0.101580,0.390748,0.017071,0.006252,0.001234,0.011856,0.060903,0.000125,0.035419,0.000042,0.030987,0.033390,0.029617,0.000781,0.068953,0.000003,0.000000,0.000001,0.000008,0.001159,0.000135,0.003643,0.000053,0.000001,0.000084,0.000000,0.007910,0.000001,0.000221,,0.000002
109059900,1.02928e+10,25,个,0.8441,0.005587,0.844118,0.014594,0.104999,0.000018,0.000001,0.001726,0.001729,0.000153,0.002405,0.000107,0.000058,0.007023,0.008298,0.000067,0.000003,0.000027,,0.000005,0.000072,0.000228,0.000000,0.000000,0.008657,0.000122,,0.000001,,,,,
304010500,1.00287e+10,28,UNKNOWN,0.6686,0.012298,0.021871,0.668650,0.019330,0.002152,,0.003108,0.020083,0.000008,0.133331,0.000007,0.095157,0.001027,0.008399,0.000054,0.006564,0.000136,0.000110,0.000000,,0.002825,0.000799,0.003315,0.000011,0.000000,0.000040,0.000006,0.000693,0.000014,0.000011,,
110010202,1.00242e+10,18,千克,0.8443,0.844320,0.009821,0.010810,0.000497,0.012749,0.049468,0.000539,0.043075,,0.000072,,0.000080,0.025442,0.000050,0.000001,0.003053,,,,0.000000,,,0.000011,0.000000,,,,,,0.000012,,
109010101,9.99144e+09,27,个,0.4581,0.146420,0.458111,0.021531,0.303543,0.000211,0.000129,0.010460,0.023287,0.000084,0.022021,0.000153,0.000462,0.000814,0.010629,0.000136,0.000035,0.000037,,0.000070,0.000350,0.000001,0.000000,0.000000,0.001109,0.000277,,0.000007,0.000123,,0.000001,,
109041799,9.97006e+09,24,个,0.9612,0.000300,0.961230,0.002560,0.026037,0.000040,,0.000078,0.001230,0.003326,0.000135,0.000043,0.000008,0.000083,0.004630,0.000041,0.000001,0.000004,,0.000181,0.000002,,0.000061,0.000001,0.000000,0.000004,0.000000,0.000002,,,,,
104010106,9.86036e+09,21,千米,0.7150,0.249966,0.018320,0.001911,0.001707,0.000001,0.000147,0.714991,0.008916,0.000087,0.000014,0.000060,0.000007,0.003449,0.000108,0.000003,,0.000057,,0.000021,0.000001,,0.000000,,0.000047,0.000186,,,,,,,
303029900,9.74013e+09,20,UNKNOWN,0.5152,0.000854,0.084556,0.515164,0.000472,,0.000021,0.000009,0.040315,0.000000,0.100566,,0.043932,,0.026660,,0.166117,,0.000117,,,0.004267,0.000010,0.016539,0.000006,,0.000126,,0.000268,,0.000001,,
103020402,9.71754e+09,20,箱,0.3921,0.147813,0.124886,0.006869,0.004031,0.000515,0.000720,0.000006,0.086241,0.392053,,0.021099,0.000003,,0.000871,0.004610,,0.004381,,0.015844,0.004053,,0.000120,,0.000000,0.000103,,0.185781,,,,,
109029900,9.71067e+09,29,个,0.6315,0.058650,0.631522,0.020206,0.232204,0.000617,0.000024,0.004742,0.020594,0.000236,0.008182,0.001301,0.001630,0.007764,0.009556,0.000268,0.000010,0.000148,,0.000038,0.000325,0.000004,0.000004,0.000001,0.001513,0.000342,0.000003,0.000005,0.000111,,0.000001,0.000000,
109041805,9.60803e+09,21,个,0.9847,0.000170,0.984747,0.004844,0.008158,,,0.000026,0.000456,0.000041,0.000006,0.000035,0.000008,0.000010,0.001393,0.000003,,0.000004,,,0.000002,0.000091,,,0.000001,0.000001,0.000000,,0.000001,,0.000000,,
107020216,9.56726e+09,13,千克,0.9954,0.995390,0.001444,0.002063,0.000001,0.000204,,0.000107,0.000446,0.000022,,0.000000,,,,0.000054,,0.000000,,,0.000169,,,,,,,0.000101,,,,,
103010602,9.46272e+09,20,千克,0.9780,0.978009,0.003631,0.000521,0.000170,0.000027,,0.000132,0.001628,0.002623,,0.000406,,0.000086,0.000389,0.000201,,0.002078,,0.009133,0.000904,,0.000003,,0.000000,0.000026,,0.000031,,,,0.000001,
108041401,9.38818e+09,28,个,0.5764,0.137162,0.576367,0.009608,0.083922,0.000059,,0.005569,0.169511,0.000731,0.000011,0.000421,0.000016,0.000745,0.011831,0.000019,0.000001,0.000374,0.000972,0.000203,0.000072,0.000000,0.000003,0.000001,0.002269,0.000130,0.000000,0.000001,,0.000000,0.000000,,
301020201,9.26555e+09,18,千克,0.7091,0.709080,0.006625,0.252867,0.000024,0.000115,0.000001,0.000978,0.006702,0.004279,0.000944,,0.004568,,0.001017,,0.000031,,,,0.000010,0.000054,,,,,0.000054,,,0.012624,0.000026,,
102040101,9.17185e+09,21,千克,0.9865,0.986460,0.002203,0.001215,0.000542,0.003941,0.000016,0.000697,0.001690,0.000029,,0.000003,0.000001,0.000137,0.000004,0.000100,,0.000003,,0.000000,0.000009,,,,0.002944,0.000005,,0.000000,,,,0.000001,
103010701,9.11863e+09,22,千克,0.8026,0.802618,0.090064,0.012198,0.000483,0.000000,0.000015,0.000079,0.012021,0.056459,0.000037,0.006863,0.000153,0.000149,0.005011,0.001905,,0.002168,,0.008410,0.000211,,0.000501,,0.000643,0.000004,,0.000009,,,,,
109040702,9.05902e+09,24,个,0.8984,0.000998,0.898416,0.006890,0.042345,0.000000,0.000002,0.008314,0.019872,0.000257,0.001193,0.000240,0.000029,0.000279,0.020483,0.000005,,0.000080,,0.000005,0.000002,,0.000009,0.000061,0.000068,0.000443,0.000007,0.000000,,,,,
104020401,8.81391e+09,23,个,0.9683,0.000110,0.968255,0.003298,0.000301,0.000013,,0.002358,0.016275,0.000030,0.000028,0.000004,0.000001,0.008127,0.001044,0.000001,0.000010,0.000016,,0.000002,0.000000,0.000002,,,0.000070,0.000013,,0.000008,0.000034,,,,
109051999,8.64111e+09,24,个,0.8545,0.016760,0.854545,0.005468,0.040384,0.000053,0.000229,0.005769,0.010026,0.001444,0.000041,0.000321,0.000016,0.037400,0.005586,0.000025,,0.000049,0.000018,0.000040,0.000021,0.000004,0.000000,,0.012348,0.009425,,0.000028,,,,,
102030300,8.63826e+09,16,千克,0.9910,0.991015,0.000387,0.001760,0.000053,,,0.000161,0.006246,0.000001,,0.000000,0.000000,,0.000331,0.000010,,0.000000,,0.000000,0.000007,,,,0.000000,0.000027,,,,,,,
101020201,8.55337e+09,15,立方米,0.9564,0.022532,0.005681,0.013399,0.000044,0.956448,,0.000101,0.000736,0.000001,0.000000,0.000242,,0.000780,0.000014,,,0.000001,,,,,,,,,,0.000000,,,,0.000021,
108010101,8.51905e+09,20,千克,0.9801,0.980099,0.001229,0.012586,0.000465,0.000593,,0.003034,0.000871,0.000018,0.000044,0.000001,,0.000456,0.000115,0.000101,,0.000113,,0.000096,0.000128,,,0.000002,0.000011,0.000024,,0.000012,,,,,
106050901,8.41157e+09,21,个,0.5143,0.412222,0.514294,0.013565,0.004035,,,0.000022,0.009531,0.000000,0.000078,0.000049,0.000109,0.000005,0.045973,0.000000,0.000003,0.000007,,0.000000,0.000001,,,0.000002,0.000104,0.000000,,0.000000,,,,,
109011800,8.27329e+09,24,个,0.9154,0.002898,0.915372,0.007127,0.065550,0.000590,,0.000084,0.001079,0.000007,0.000684,0.000003,0.000272,0.000112,0.002502,0.000084,0.000165,0.000008,,0.000002,0.002996,0.000001,0.000001,,0.000405,0.000018,0.000000,0.000042,,,,,
107021302,8.14334e+09,21,千克,0.9232,0.923243,0.051737,0.000491,0.003353,0.001284,,0.008244,0.003266,0.000388,0.000016,0.000321,0.000119,0.002659,0.000425,0.000102,,0.002113,,0.000033,0.000808,,,,0.000248,0.001129,,0.000021,,,0.000001,,
103040202,8.02472e+09,16,个,0.9991,0.000000,0.999123,0.000588,,,,,0.000123,0.000000,,0.000007,,0.000000,0.000033,0.000007,,0.000040,,0.000000,0.000000,,0.000075,,0.000000,0.000000,,0.000002,,,,,
107021401,8.02348e+09,24,千克,0.7842,0.784199,0.034224,0.006875,0.010042,0.008311,,0.000056,0.025314,0.003490,0.000063,0.061910,0.000032,0.000078,0.004366,0.043647,0.000033,0.001779,,0.001487,0.013751,0.000000,0.000039,,0.000004,0.000020,,0.000281,,,0.000000,,
107060110,7.98858e+09,25,个,0.8312,0.051245,0.831239,0.012117,0.065321,0.000056,0.000014,0.004281,0.017483,0.000481,0.000037,0.000273,0.000170,0.001833,0.007770,0.000033,,0.000439,,0.000101,0.000177,0.000025,0.000000,,0.004563,0.001240,0.000006,0.000004,,,0.001092,,
102040102,7.96786e+09,19,千克,0.9751,0.975124,0.000944,0.003409,0.000190,0.000012,0.000040,0.000028,0.020133,0.000011,0.000035,0.000001,0.000000,0.000010,,0.000025,,0.000016,,0.000002,0.000000,,,,0.000019,0.000002,,,,,,,
107020105,7.9484e+09,15,千克,0.9970,0.996988,0.000127,0.001087,0.000002,0.000624,0.000000,,0.000644,0.000002,,0.000002,0.000001,,0.000014,0.000327,,0.000062,,0.000062,0.000058,,,,,,,,,,,,
109052100,7.94378e+09,22,个,0.9192,0.009315,0.919173,0.003445,0.032886,0.000004,0.000127,0.001297,0.008224,0.000063,0.000493,0.000045,0.000015,0.013486,0.010003,0.000006,,0.000004,,,0.000002,0.000031,,0.000000,0.000032,0.001349,,0.000001,,,,,
307990000,7.94092e+09,29,UNKNOWN,0.6742,0.041712,0.037839,0.674185,0.004525,0.006411,0.011573,0.000403,0.020681,0.000382,0.034297,0.000155,0.036010,0.006383,0.021993,0.000163,0.080728,0.002063,,0.000037,0.000304,0.002869,0.002232,0.012599,0.000030,0.000024,0.000073,0.000000,0.000525,0.000277,0.001526,,
107060103,7.92968e+09,24,千米,0.5404,0.103852,0.280045,0.011841,0.018160,0.000436,0.000048,0.540398,0.008086,0.000707,0.000373,0.000667,0.000033,0.000497,0.029843,0.000149,0.000034,0.000977,,0.000056,0.000028,,,0.000021,0.000062,0.003671,,0.000015,,,0.000000,,
109040703,7.89909e+09,27,个,0.8647,0.011166,0.864722,0.005405,0.073795,0.000047,0.000005,0.024057,0.009276,0.000134,0.000109,0.000255,0.000007,0.000091,0.008518,0.000009,0.000476,0.000958,0.000000,0.000038,0.000067,,0.000014,0.000034,0.000535,0.000276,0.000000,0.000002,,0.000002,,,
109020301,7.88221e+09,24,个,0.9711,0.003408,0.971088,0.007496,0.012101,0.000011,,0.000143,0.002872,0.000002,0.000215,0.000001,0.000537,,0.001103,0.000006,0.000293,0.000000,,0.000000,0.000461,0.000002,,0.000003,0.000021,0.000000,,0.000000,0.000004,,0.000234,,
106010201,7.68302e+09,25,千克,0.8857,0.885677,0.013402,0.000505,0.000634,0.000013,,0.000323,0.004450,0.042824,0.000001,0.000062,0.000002,0.000965,0.000410,0.000095,0.000000,0.002559,,0.000004,0.000011,0.000001,0.000071,,0.000002,0.000379,,0.000001,0.000007,,,0.047605,
107020102,7.62782e+09,21,千克,0.9877,0.987714,0.001426,0.002269,0.000079,0.000403,0.004479,0.000003,0.000330,0.000014,,0.000128,0.000000,0.000178,0.001562,0.000895,0.000007,0.000135,,0.000005,0.000252,,,0.000000,,0.000024,,0.000098,,,,,
109051906,7.52714e+09,21,个,0.8927,0.005681,0.892673,0.002943,0.046724,,0.000027,0.000776,0.005904,0.000185,0.000241,0.001095,0.000016,0.000531,0.002272,0.000014,0.000000,0.000004,,0.000000,0.000000,,,,0.040900,0.000014,0.000000,,,,,,
109041804,7.48441e+09,20,个,0.9720,0.000038,0.972049,0.016268,0.008453,0.000001,,0.000032,0.000991,0.000128,0.000027,,0.000000,0.000000,0.001984,0.000003,0.000000,0.000000,,,0.000000,,0.000022,,0.000002,0.000001,,0.000000,,,,,
109012001,7.47289e+09,21,个,0.9102,0.005797,0.910166,0.004158,0.068646,0.000001,,0.001518,0.004618,0.000024,0.000214,0.000183,0.000029,0.000004,0.003857,0.000001,,0.000075,,0.000002,0.000079,0.000003,,,0.000598,0.000021,,0.000006,,,,,
109040704,7.47288e+09,22,个,0.6119,0.013124,0.611909,0.010500,0.178336,,0.071745,0.027513,0.039540,0.000015,0.003529,0.000134,0.000110,0.000412,0.041868,0.000007,0.000009,0.000111,,0.000005,0.000002,0.000063,0.000000,,0.001011,0.000056,,,,,,,
108013001,7.46129e+09,16,千克,0.9575,0.957526,0.000652,0.012492,0.000003,0.016883,,0.000018,0.002890,,0.000031,,0.000003,0.008435,0.000914,0.000000,,0.000016,,0.000023,0.000088,,,,,0.000024,,,,,,,
108020500,7.45767e+09,17,千克,0.9874,0.987399,0.009267,0.000866,0.001131,,,0.000684,0.000102,,0.000001,0.000008,0.000001,0.000164,0.000299,0.000001,,0.000003,,,0.000002,,,,0.000061,0.000008,,0.000001,,,,,
109011901,7.28303e+09,23,个,0.7660,0.037254,0.766034,0.019877,0.155352,0.000002,0.000025,0.001374,0.005815,0.000063,0.001545,0.000006,0.000044,0.000088,0.011947,0.000052,0.000001,0.000016,,0.000002,0.000031,,0.000040,,0.000359,0.000067,,0.000006,,,,,
109051201,7.2587e+09,17,个,0.9580,0.000487,0.957977,0.001482,0.039492,,,0.000002,0.000077,0.000026,0.000003,0.000059,0.000006,,0.000354,0.000000,,0.000000,,0.000003,,0.000022,,,0.000006,0.000004,,,,,,,
101010101,7.24726e+09,28,千克,0.8004,0.800350,0.031763,0.019200,0.007974,0.010109,0.002425,0.003334,0.001890,0.020060,0.000505,0.001734,0.000387,0.000658,0.006963,0.001859,0.000658,0.010619,,0.077372,0.000915,0.000013,0.000258,0.000043,0.000214,0.000061,,0.000196,,0.000296,0.000011,0.000133,
107050101,7.21941e+09,21,个,0.7915,0.005779,0.791526,0.007618,0.171778,0.000005,,0.000125,0.010488,0.000005,0.000003,0.000019,0.000227,0.000008,0.011810,0.000077,0.000068,0.000008,,,0.000048,,,0.000000,0.000056,0.000278,,0.000072,,,,,
103010201,7.21249e+09,18,千克,0.6226,0.622593,0.086983,0.008984,0.000589,0.000008,,,0.007306,0.046137,,0.003739,0.000000,,0.002428,0.000124,,0.063696,,0.156830,0.000236,,0.000298,,,0.000001,0.000000,0.000049,,,,,
108031502,7.19151e+09,10,千克,0.9951,0.995111,0.000337,0.000031,0.000006,,,0.000353,0.000055,,,,,,0.000451,,,0.000000,,,,0.003594,,,,0.000063,,,,,,,
304040800,7.18148e+09,28,千克,0.4280,0.428008,0.044549,0.314969,0.002761,0.005818,0.000002,0.000774,0.041386,0.014546,0.025356,,0.046248,0.000028,0.012187,0.000011,0.041446,0.000058,0.005987,0.000000,0.000046,0.001041,0.000001,0.002647,,0.000001,0.000367,0.000003,0.000384,0.004584,0.006791,,
108031099,7.12847e+09,21,千克,0.9351,0.935090,0.024598,0.032021,0.000643,0.000015,0.000003,0.000861,0.004143,0.000021,0.000001,0.000000,0.000002,0.001888,0.000651,0.000002,,0.000000,,,0.000000,,0.000005,,0.000021,0.000032,,0.000000,,,,,
106020199,7.12002e+09,28,个,0.6244,0.093991,0.624379,0.047831,0.059823,0.000196,0.000090,0.018343,0.035397,0.007923,0.000632,0.002166,0.000609,0.023931,0.030606,0.000107,0.000027,0.001995,,0.000051,0.000801,0.000262,0.025657,0.000252,0.001377,0.022637,0.000067,0.000087,0.000354,,,0.000409,
107030203,7.10912e+09,15,个,0.4315,0.010754,0.431508,0.001125,0.000833,0.000049,,,0.010044,0.000029,,0.249147,,,0.015791,0.230799,,0.000126,,0.049794,0.000000,,,,,0.000000,,0.000001,,,,,
108041000,7.03772e+09,26,个,0.8806,0.018419,0.880560,0.009037,0.067248,0.000248,0.000091,0.000816,0.005874,0.000194,0.001437,0.001057,0.000044,0.000280,0.003030,0.000234,0.000036,0.000051,,0.000000,0.000005,0.000000,0.000005,0.000000,0.000153,0.000018,,0.011163,,0.000000,,,
304030101,7.02115e+09,24,UNKNOWN,0.7363,0.006240,0.014391,0.736328,0.006390,0.000100,0.000086,0.000076,0.003097,,0.137772,0.002730,0.058165,0.000883,0.011727,0.001426,0.000301,0.000078,,0.000044,,0.008827,0.000652,0.010052,0.000234,0.000001,0.000039,,0.000361,,,,
304010100,7.01442e+09,25,UNKNOWN,0.5503,0.080397,0.044843,0.550319,0.021367,0.000067,,0.000081,0.010322,0.000001,0.110023,0.000007,0.137490,0.000610,0.017304,0.000031,0.016116,0.000005,,,,0.004976,0.000359,0.002501,0.000146,0.000001,0.000006,,0.002498,0.000001,,,0.000529
103020899,6.92699e+09,19,盒,0.2825,0.012032,0.037934,0.225699,0.017569,0.000002,,0.000003,0.024588,0.242928,0.000167,0.282550,,,0.000874,0.119688,,0.001858,,0.003871,0.005023,,0.000699,,0.000001,0.000023,,0.024491,,,,,
109062201,6.89802e+09,14,个,0.8432,0.001053,0.843234,0.016421,0.132167,,,,0.000561,0.000049,0.000021,0.006330,0.000001,,0.000059,,,0.000100,,,,,0.000004,,0.000000,0.000000,,,,,,,
110020202,6.88599e+09,15,立方米,0.9382,0.015930,0.000080,0.016286,0.000008,0.938248,0.008920,0.000194,0.019790,0.000009,0.000098,,0.000036,0.000022,0.000001,0.000098,0.000279,,,,,,,,,,,,,,,,
109051103,6.80041e+09,22,个,0.9464,0.008867,0.946371,0.003324,0.037860,0.000306,,0.000040,0.000655,0.000163,0.000286,0.000213,0.000019,0.000167,0.000589,0.000115,0.000012,0.000037,,0.000002,0.000003,0.000067,0.000001,,0.000529,0.000374,,,,,,,
106030102,6.79945e+09,24,套,0.8471,0.000056,0.072398,0.057308,0.847129,0.000000,,0.000134,0.011088,0.000045,0.005850,0.000042,0.001027,0.000191,0.003391,0.000000,0.000706,0.000001,,,0.000000,0.000018,0.000418,0.000109,0.000000,0.000006,,,0.000075,0.000007,,,
108020100,6.73995e+09,18,千克,0.9612,0.961218,0.022926,0.003302,0.004165,,0.000003,0.002632,0.002591,0.000003,,0.000000,0.000000,0.000105,0.002256,0.000013,,0.000010,,,0.000006,,,,0.000764,0.000007,,,,,0.000001,,
103040101,6.68956e+09,10,千克,0.8029,0.802922,0.197031,0.000005,0.000000,,,,0.000035,0.000001,,0.000002,,,0.000004,0.000000,,,,0.000000,,,,,,,,,,,,,
107020106,6.68528e+09,17,千克,0.9881,0.988118,0.000375,0.009916,0.000003,0.000013,,,0.000137,0.000067,,0.000003,,0.000082,0.000000,0.000612,,0.000169,,0.000387,0.000112,,,,0.000000,0.000001,,0.000002,,,,,
107021506,6.60219e+09,19,千克,0.9810,0.980970,0.005837,0.000137,0.002486,0.000551,,0.000749,0.001370,0.000111,,0.000102,0.000000,0.005828,0.000378,0.000432,,0.000023,,0.000004,0.000768,,,,0.000053,0.000158,,0.000044,,,,,
105020101,6.60125e+09,27,个,0.5730,0.003433,0.573012,0.034048,0.207755,0.003424,0.000352,0.011564,0.019842,0.001944,0.006251,0.000601,0.000039,0.060123,0.070711,0.000305,0.000024,0.005662,,0.000000,0.000101,0.000033,0.000002,0.000296,0.000406,0.000024,0.000047,0.000000,,,0.000000,,
107020306,6.55336e+09,21,千克,0.5196,0.519596,0.017660,0.002458,0.000393,0.312117,,0.000055,0.035444,0.000572,0.000137,0.000061,0.000250,,0.000121,0.105806,0.001194,0.000001,,0.000000,0.001159,0.000022,,,,0.000000,,0.002928,,,0.000026,,
109041901,6.54995e+09,14,个,0.9792,0.000103,0.979171,0.005774,0.003187,,,,0.001614,0.007401,,0.000247,0.000000,,0.000706,0.000007,,0.000001,,,,,0.000001,,0.001790,,0.000000,,,,,,
104020499,6.45927e+09,22,个,0.9670,0.001560,0.967039,0.019306,0.000809,0.000037,0.000008,0.004148,0.003930,0.000143,0.000282,0.000036,0.000004,0.000375,0.002214,0.000039,,0.000007,,0.000000,0.000008,,0.000008,0.000000,0.000044,0.000002,,,,,,,
108011001,6.33209e+09,23,平方米,0.7081,0.014453,0.154651,0.005407,0.001475,0.000401,0.000040,0.000502,0.110943,0.000316,0.000170,0.000015,0.000002,0.708109,0.003056,0.000034,,0.000178,,0.000001,0.000070,0.000051,,0.000001,0.000006,0.000002,,,,,0.000117,,
107020301,6.3162e+09,20,千克,0.9761,0.976111,0.004276,0.004558,0.002851,0.002663,,0.000002,0.000106,0.007213,,0.000480,0.000012,0.000520,0.000134,0.000431,,0.000308,,0.000316,0.000007,,0.000003,,0.000001,0.000001,,0.000006,,,,,
106051299,6.24534e+09,28,个,0.6095,0.032687,0.609544,0.074323,0.046841,0.000419,0.000013,0.002310,0.017516,0.018747,0.001224,0.035634,0.000270,0.001214,0.058946,0.036529,0.000017,0.032992,,0.020562,0.002093,0.000015,0.000373,,0.003111,0.003001,0.000052,0.001560,,0.000003,0.000002,0.000003,
109013601,6.23073e+09,22,个,0.5590,0.366917,0.559014,0.002666,0.044656,0.000174,,0.003679,0.011430,0.000140,0.000161,0.000008,0.000005,0.000224,0.005428,0.000001,0.000000,0.000003,,0.000003,0.000036,,,0.000000,0.005448,0.000008,,0.000000,,,,,
103030500,6.19364e+09,19,瓶,0.4564,0.000253,0.122590,0.016410,0.004287,0.001192,,,0.017108,0.315026,0.000002,0.058545,0.000000,0.000002,0.007807,0.456418,,0.000008,,0.000028,0.000024,,0.000296,,0.000000,,,0.000002,,,,,
107021304,6.15555e+09,20,千克,0.9646,0.964592,0.009878,0.000787,0.001201,0.002523,,0.006394,0.012000,0.000069,0.000006,0.000053,,0.001619,0.000387,0.000013,,0.000158,,0.000023,0.000101,,0.000003,,0.000026,0.000083,,0.000087,,,,,
108012600,6.02483e+09,23,千克,0.7463,0.746253,0.074248,0.020433,0.043313,0.009130,0.000128,0.007693,0.074872,0.000340,0.002574,0.000003,0.000179,0.015392,0.003307,0.000000,0.000049,0.000319,,0.000073,0.000110,,,,0.000086,0.001426,,0.000001,,,0.000073,,
109042401,6.01862e+09,24,个,0.7823,0.008267,0.782291,0.007632,0.136359,0.000000,0.000040,0.008867,0.040147,0.002353,0.000180,0.000169,0.000003,0.001090,0.011302,0.000005,,0.000029,0.000003,0.000001,0.000002,,0.000004,0.000001,0.000138,0.001117,0.000000,,,,,,
108041700,5.94089e+09,29,个,0.5097,0.171743,0.509692,0.017608,0.133410,0.000494,0.000338,0.029210,0.025064,0.001257,0.001221,0.001246,0.000375,0.025269,0.063786,0.000459,0.000021,0.000467,0.001928,0.000785,0.002467,0.000122,0.000014,0.000012,0.010649,0.002203,0.000010,0.000147,,0.000002,0.000001,,
104020101,5.89657e+09,18,个,0.8736,0.001515,0.873604,0.001138,0.081711,,,0.000350,0.012839,0.000067,0.000000,0.023400,0.000001,,0.001552,0.000002,,0.003301,,0.000068,0.000000,,0.000023,,0.000429,,,,0.000000,,,,
304050101,5.88788e+09,26,UNKNOWN,0.4009,0.002858,0.273255,0.400908,0.046596,0.000210,0.000131,0.002495,0.031223,0.000000,0.052636,0.000002,0.039122,0.007523,0.000937,0.000002,0.016336,0.000000,0.001018,,,0.022375,0.000015,0.004033,0.000000,0.000065,0.000001,,0.098253,,0.000009,,
109030300,5.85705e+09,22,OTHER,0.5084,0.008973,0.334141,0.056656,0.080409,0.000077,0.000081,0.002084,0.508436,0.000013,0.004404,0.000664,0.001339,0.000000,0.000898,0.000004,0.000001,0.000012,,,0.000063,,,,0.001612,0.000036,,0.000004,,,0.000092,,
107020112,5.8532e+09,14,千克,0.9983,0.998331,0.000566,0.000050,0.000055,0.000006,,0.000001,0.000534,0.000002,,0.000004,,,0.000017,0.000302,,,,,0.000118,,,,0.000000,,,0.000014,,,,,
501020100,5.8279e+09,17,平方米,0.5394,,0.001065,0.382911,0.018896,0.000120,0.000004,0.000033,0.017053,,0.000296,,0.000258,0.539442,0.000188,0.000000,0.038925,,,,,,,0.000661,,,0.000005,,0.000139,,0.000004,,
304040202,5.79757e+09,21,千克,0.7559,0.755854,0.005800,0.060040,0.000271,0.000248,,0.054810,0.052668,0.012674,0.001463,,0.030787,0.000007,0.001999,,0.000458,,0.010979,,,0.000772,0.000135,0.000097,,,0.000031,,0.000013,0.010867,0.000028,,
103020602,5.71965e+09,17,箱,0.8218,0.010278,0.049706,0.001879,0.000915,0.000043,,,0.032754,0.821762,,0.003972,0.000022,0.000001,0.000700,0.057986,,0.000249,,0.004416,0.014413,,0.000007,,,,,0.000895,,,,,
109040201,5.70121e+09,20,个,0.5370,0.000145,0.537002,0.149131,0.289570,0.000019,0.018770,0.000077,0.003055,0.000000,0.001349,0.000345,0.000125,0.000000,0.000387,0.000000,0.000015,0.000000,,,0.000008,,,,0.000003,0.000000,,,,,,,
103020401,5.69416e+09,18,个,0.5725,0.038536,0.572468,0.010131,0.027408,0.000173,,,0.098481,0.087969,0.000000,0.077701,0.000000,,0.003260,0.040176,,0.002764,,0.029506,0.006778,,0.000092,,,0.000003,,0.004553,,,,,
107060106,5.66244e+09,24,个,0.6787,0.183923,0.678696,0.005613,0.044357,0.000198,0.000282,0.012522,0.021782,0.011242,0.000007,0.001729,0.000004,0.004999,0.002013,0.000002,0.000000,0.010517,,0.001942,0.000023,,0.000015,,0.000019,0.020115,0.000000,0.000001,,,,,
107010105,5.65942e+09,16,千克,0.9959,0.995902,0.001465,0.000083,0.000005,0.001457,,0.000003,0.000371,0.000021,,0.000005,0.000000,,0.000006,0.000171,,,,0.000000,0.000503,,,,0.000000,,,0.000008,,,,,
110020203,5.65523e+09,15,千克,0.8756,0.875591,0.001678,0.004870,0.000148,0.115894,0.000003,0.000002,0.000956,0.000029,,,0.000040,,0.000026,0.000562,0.000001,,,,0.000120,,,,,,,0.000080,,,,,
109023207,5.64949e+09,27,个,0.7561,0.033402,0.756075,0.007877,0.044704,0.000063,0.000063,0.009891,0.012374,0.000651,0.001462,0.000012,0.000042,0.006596,0.005989,0.000115,0.000114,0.000211,0.119155,0.000019,0.000069,,0.000001,0.000105,0.000422,0.000572,0.000001,0.000000,0.000016,,,,
501990000,5.64073e+09,22,平方米,0.4494,0.003186,0.013283,0.335047,0.023298,0.006198,0.000080,0.000665,0.057266,,0.062694,0.000000,0.008968,0.449436,0.000785,,0.035888,0.000002,,,0.000004,0.000134,,0.002727,0.000002,0.000000,,,0.000303,,0.000035,,
108012701,5.64005e+09,18,千克,0.9385,0.938536,0.046599,0.001141,0.004689,0.000062,,0.001535,0.003972,0.000015,,0.000230,0.000004,0.002063,0.000468,0.000167,,0.000025,,0.000007,0.000034,,,,0.000388,0.000066,,,,,,,
107060112,5.63754e+09,27,个,0.6296,0.078080,0.629563,0.037089,0.119005,0.000152,0.000029,0.008071,0.016692,0.028004,0.000045,0.007622,0.000005,0.007684,0.015052,0.005695,0.000072,0.029090,,0.007794,0.000047,0.000000,0.000033,0.000001,0.001830,0.008272,0.000000,0.000073,,,,0.000000,
109040806,5.61591e+09,26,个,0.7777,0.016873,0.777715,0.004535,0.153335,0.000002,0.000102,0.012400,0.016310,0.000112,0.002828,0.000088,0.002097,0.000352,0.011202,0.000005,0.000002,0.000553,0.000292,0.000002,0.000013,,0.000001,0.000001,0.000576,0.000551,,0.000000,,,0.000053,,
101011800,5.61481e+09,17,千克,0.9124,0.912389,0.004619,0.044984,0.000104,,0.000016,0.000045,0.005307,0.000969,,0.015094,0.000000,,0.001561,0.003363,,0.000313,,0.010312,0.000012,,0.000030,,,,,0.000880,,,,,
107021801,5.5935e+09,22,盒,0.9055,0.002573,0.054575,0.000234,0.002285,0.000037,,0.000999,0.002451,0.004078,0.000007,0.905500,0.000001,0.012751,0.000241,0.000136,,0.000032,,0.000000,0.000008,,0.000009,0.000001,0.000028,0.014020,,0.000036,,,,,
109041403,5.55241e+09,14,个,0.7831,0.000243,0.783052,0.197451,0.016888,,0.000008,,0.000816,0.000170,0.000001,0.000018,,,0.001338,0.000000,,,,,0.000000,,0.000014,,0.000000,,,,,,,,
304030302,5.52101e+09,24,UNKNOWN,0.7063,0.000004,0.004441,0.706279,0.002048,0.000024,,0.000386,0.140182,,0.021263,0.000001,0.105077,0.000478,0.003928,,0.007165,0.000002,,0.000000,,0.003467,0.000664,0.000552,0.000000,0.000000,0.000964,,0.003073,0.000001,0.000000,,
106010299,5.51585e+09,24,千克,0.8676,0.867628,0.070146,0.011783,0.001382,0.000000,,0.004226,0.004541,0.005766,0.000002,0.000336,0.000006,0.020017,0.000580,0.000012,0.000001,0.004194,,0.000084,0.000000,0.000000,0.000024,0.000000,0.000096,0.003341,,,,,,0.005834,
107021404,5.51421e+09,21,千克,0.9909,0.990881,0.003510,0.001041,0.000241,0.000696,,0.000164,0.000718,0.000230,0.000002,0.000061,,0.000040,0.000199,0.000562,0.000003,0.000040,,0.000011,0.001077,,0.000319,,0.000000,0.000005,,0.000201,,,,,
109051901,5.5026e+09,20,个,0.9461,0.010368,0.946087,0.007271,0.005559,,0.000420,0.000040,0.010627,0.000004,0.000016,0.000004,0.000018,0.018936,0.000405,0.000010,,0.000083,,,0.000000,,,,0.000037,0.000111,0.000000,0.000003,,,,,
107060109,5.4393e+09,27,个,0.8046,0.044394,0.804551,0.006379,0.105626,0.000930,0.000009,0.002363,0.007299,0.005920,0.000170,0.000885,0.000112,0.001105,0.012350,0.000162,0.000000,0.002612,,0.000037,0.000361,0.000000,0.000001,,0.000473,0.003960,,0.000000,0.000284,,0.000017,0.000001,
106010101,5.38332e+09,23,千克,0.9324,0.932362,0.010904,0.000426,0.001317,0.000015,0.000201,0.003608,0.041139,0.001989,0.000000,0.000237,0.000000,0.001368,0.000769,0.000063,0.000001,0.000671,,0.000055,0.000080,,0.000027,,0.000015,0.002123,,,,,,0.002630,
107020215,5.37301e+09,16,千克,0.9956,0.995606,0.000026,0.001280,0.001847,0.000211,,0.000030,0.000371,0.000000,,0.000000,,0.000022,0.000000,0.000429,,,,0.000000,0.000057,,,,,0.000001,,0.000118,,,,,
109021199,5.36894e+09,27,套,0.5133,0.165541,0.175960,0.029450,0.513299,0.002161,0.000030,0.001095,0.009616,0.000037,0.008785,0.000144,0.000774,0.000212,0.013445,0.000050,0.000007,0.000047,,0.000007,0.000059,0.000019,0.000000,0.000001,0.079237,0.000020,0.000001,0.000001,,,,0.000000,
107060107,5.32527e+09,25,千克,0.4266,0.426570,0.273122,0.005536,0.065532,0.085964,0.000264,0.078189,0.029570,0.000671,0.000015,0.000701,0.000006,0.015742,0.004464,0.000045,,0.000570,,0.000108,0.000091,,0.000015,0.000000,0.003424,0.009392,0.000005,0.000000,,,0.000003,,
107020101,5.31557e+09,22,千克,0.9815,0.981489,0.000545,0.001579,0.000086,0.006882,0.000110,0.000046,0.003260,0.000308,0.000005,0.000010,0.000006,,0.000375,0.003795,0.000004,0.000079,,0.000024,0.001382,,,,0.000000,0.000000,,0.000013,,,0.000002,,
109012301,5.3053e+09,22,套,0.6166,0.004974,0.353652,0.001568,0.616565,0.000001,0.000013,0.000735,0.010240,0.000030,0.000081,0.000011,0.000083,0.000050,0.001434,0.000006,,0.000005,,0.000001,0.000049,0.000008,0.000007,,0.010449,0.000038,,,,,,,
109010801,5.29297e+09,22,个,0.9472,0.001140,0.947191,0.001036,0.042064,,,0.000504,0.001301,0.000001,0.000387,0.000005,0.000330,0.000266,0.005427,0.000001,0.000019,0.000002,,0.000000,0.000054,0.000008,0.000003,,0.000181,0.000078,,0.000002,,,,,
107021101,5.29167e+09,19,千克,0.9930,0.992982,0.001875,0.000484,0.000232,0.000129,,0.000838,0.000559,0.000829,,0.000210,,0.000223,0.000370,0.000074,,0.000145,,0.000029,0.000471,,0.000384,,0.000000,0.000031,,0.000136,,,,,
304080101,5.24176e+09,25,UNKNOWN,0.7535,0.000631,0.002223,0.753486,0.000216,0.000016,0.000994,0.000004,0.020622,0.000000,0.030289,,0.018698,0.024648,0.004152,0.000002,0.130923,,0.000010,,0.000005,0.001118,0.000054,0.009785,0.000000,,0.000907,,0.001194,0.000003,0.000020,,
109062402,5.24027e+09,14,个,0.9472,,0.947203,0.001549,0.050860,,,0.000001,0.000066,0.000008,0.000071,,0.000127,0.000005,0.000078,,,0.000000,,,0.000002,,,,0.000030,0.000000,,,,,,,
104011306,5.14239e+09,15,个,0.9183,0.001683,0.918326,0.006053,0.016458,,0.000015,0.000107,0.025988,0.000011,,0.026120,,,0.000206,0.000000,,0.004973,,0.000004,,,0.000051,,0.000007,,,,,,,,
109011501,5.08562e+09,25,个,0.8920,0.000480,0.891962,0.076805,0.007694,0.000001,0.000004,0.003122,0.009610,0.000001,0.001896,0.000000,0.000439,0.000007,0.007735,0.000000,0.000102,0.000001,,0.000000,0.000008,0.000030,,0.000048,0.000002,0.000006,0.000043,,0.000003,,,,
108010601,5.08191e+09,22,个,0.4299,0.225985,0.429945,0.003076,0.003668,0.000416,,0.000290,0.016919,0.101678,0.000301,0.000002,0.000000,0.203959,0.013487,0.000000,,0.000169,,0.000001,0.000015,0.000009,,0.000078,0.000000,0.000000,,,,,0.000000,,
107021402,5.07451e+09,20,千克,0.5764,0.576350,0.366290,0.000903,0.005265,0.035016,,0.000040,0.003057,0.000089,,0.000014,0.000000,0.000882,0.000717,0.000701,,0.000029,,0.000177,0.009686,,0.000694,,0.000001,0.000001,,0.000086,,,,,
109041704,5.07392e+09,16,个,0.9558,0.000062,0.955785,0.017101,0.010631,0.000012,,0.000024,0.001845,0.000007,0.000001,0.000001,0.014157,0.000025,0.000218,0.000001,,,,,,,0.000017,,0.000113,,,,,,,,
106030103,5.07284e+09,25,套,0.5131,0.000156,0.339631,0.127672,0.513131,0.000005,0.000021,0.000297,0.007178,0.000148,0.002954,0.000031,0.000604,0.000732,0.006776,0.000004,0.000058,0.000004,,,0.000006,0.000451,0.000112,0.000011,0.000009,0.000008,,0.000000,,,0.000001,,
101010102,5.06438e+09,26,千克,0.8883,0.888270,0.025489,0.031541,0.002422,0.003872,0.000426,0.003265,0.006489,0.006740,0.000297,0.000820,0.001303,0.000925,0.001273,0.001013,0.000292,0.006924,,0.016680,0.000526,,0.000122,0.000002,0.000062,0.000978,,0.000006,,0.000088,,0.000174,
104010204,5.01818e+09,16,千米,0.9486,0.010898,0.031343,0.000469,0.000537,,0.000017,0.948561,0.005271,0.000118,,0.000017,0.000003,0.001052,0.000611,0.000000,,0.000841,,,,,,,0.000045,0.000216,,,,,,,
109040902,5.00301e+09,25,千米,0.4538,0.232734,0.110949,0.001857,0.005830,0.000008,0.000001,0.453807,0.091240,0.001611,0.000489,0.000333,0.000026,0.000180,0.004183,0.000000,0.000006,0.004541,,0.000002,0.000002,0.000001,0.000001,,0.000918,0.091261,,,,0.000020,0.000001,,
108019901,4.97242e+09,22,千克,0.7658,0.765779,0.037672,0.010896,0.003945,0.071159,,0.020488,0.008203,0.000164,0.000095,0.000162,0.000010,0.073714,0.001014,0.000041,,0.000401,,0.005579,0.000220,,0.000000,,0.000179,0.000278,,0.000001,,,0.000000,,
109030900,4.94307e+09,16,个,0.9424,0.000807,0.942359,0.043138,0.003310,,,0.000024,0.000094,0.000000,0.000001,0.000000,0.000015,0.000002,0.010216,0.000004,0.000019,,,,0.000009,,,,0.000001,,,,,,,,
109030801,4.92749e+09,22,个,0.8873,0.039442,0.887343,0.035201,0.030844,0.000045,,0.000252,0.002945,0.000060,0.000192,0.000000,0.000426,0.000013,0.002264,0.000018,,0.000007,,,0.000282,0.000012,,0.000001,0.000580,0.000043,,0.000005,,,0.000028,,
109050502,4.90915e+09,23,个,0.8875,0.006555,0.887516,0.042132,0.027068,0.000011,0.000038,0.000590,0.007616,0.000002,0.000032,0.000052,0.000005,0.001221,0.026479,0.000002,0.000002,0.000001,,0.000002,0.000001,,0.000006,0.000000,0.000526,0.000143,,,,,,,
109041601,4.90148e+09,21,个,0.9869,0.000328,0.986945,0.004776,0.006801,,,0.000001,0.000821,0.000008,0.000004,0.000080,0.000001,,0.000192,0.000005,,0.000000,,0.000004,0.000001,,0.000024,0.000000,0.000000,0.000008,0.000000,0.000003,,,,,
304080201,4.8487e+09,26,UNKNOWN,0.4337,0.116710,0.060835,0.433653,0.002770,0.000387,0.000003,0.000001,0.045899,0.012593,0.070400,,0.045430,0.000028,0.035062,,0.014604,0.000032,,0.000000,0.000006,0.000921,0.000089,0.001243,0.000000,,0.005691,0.000009,0.000271,0.151964,0.001400,,
109041705,4.83507e+09,18,个,0.9005,0.001502,0.900529,0.014798,0.080978,,0.000027,0.000010,0.001355,0.000274,,0.000070,0.000001,0.000017,0.000336,0.000000,0.000008,0.000093,,0.000000,,,,,0.000000,,0.000000,,,,,,
102050101,4.83224e+09,19,千克,0.9607,0.960721,0.005206,0.010190,0.000034,0.008183,0.000008,0.000195,0.002241,0.000136,,0.000023,,0.000316,0.012137,0.000231,,0.000167,,0.000090,0.000046,,,,0.000010,0.000066,,0.000000,,,,,
103030702,4.82784e+09,15,千克,0.5457,0.545735,0.081566,0.027986,0.003870,0.000167,,,0.009240,0.266717,,0.009220,,,0.001274,0.046139,,0.000856,,0.001502,0.001921,,0.000090,,,,,0.003716,,,,,
108030603,4.82613e+09,11,千克,0.9016,0.901590,0.075963,0.009463,0.002813,,,0.000245,0.000106,,,0.000000,,0.003840,0.005809,,,,,,,,,,0.000137,0.000035,,,,,,,
107010203,4.75385e+09,18,千克,0.8697,0.869663,0.000748,0.007069,0.000001,0.115030,,,0.004559,0.000066,0.000078,0.000000,0.000001,0.000012,0.000061,0.001903,0.000001,,,,0.000741,,,0.000007,,0.000011,,0.000049,,,,,
102050404,4.73707e+09,21,千克,0.6718,0.671820,0.007048,0.065403,0.000326,0.233325,,0.003416,0.007497,0.000043,0.004990,0.000003,0.000336,0.001891,0.002038,0.000004,,0.000182,,0.000317,0.000159,,,,0.000001,0.000001,,0.000023,,,0.001179,,
109013702,4.73151e+09,24,个,0.7867,0.034563,0.786687,0.017803,0.111279,0.000130,0.000004,0.002138,0.022940,0.000002,0.000246,0.000014,0.001345,0.000378,0.018223,0.000005,0.000000,0.000678,,0.000002,0.000042,,,0.000004,0.003410,0.000014,,0.000017,,,0.000075,,
109024506,4.70383e+09,17,个,0.8354,0.000231,0.835355,0.002096,0.018579,,,0.000003,0.105463,0.000146,,0.027933,0.000002,,0.006803,0.001547,,0.001585,,0.000129,0.000016,,0.000001,,0.000038,0.000073,,,,,,,
107020407,4.69453e+09,13,千克,0.9928,0.992776,0.000264,0.002547,0.000152,0.000003,,,0.000136,0.000209,,0.000043,,,0.000021,0.001729,,0.000306,,0.001796,0.000017,,,,,,,,,,,,
109011701,4.68136e+09,24,个,0.7842,0.043482,0.784185,0.005398,0.121026,0.000831,,0.001939,0.006654,0.000004,0.001342,0.000201,0.000303,0.000051,0.034073,0.000026,0.000045,0.000025,,0.000001,0.000107,,0.000015,0.000077,0.000190,0.000025,0.000000,0.000001,,,,,
109041301,4.63177e+09,22,个,0.4191,0.323162,0.419128,0.003077,0.164301,0.000022,,0.000003,0.067245,0.012521,0.000010,0.001972,0.000100,0.006026,0.002387,0.000017,0.000006,0.000016,,0.000000,0.000004,,,0.000000,0.000001,0.000002,,0.000000,,,,,
104020111,4.62965e+09,19,个,0.9845,0.000743,0.984518,0.005683,0.005983,,,0.000219,0.001302,0.000009,,0.000000,,0.000004,0.001170,0.000000,0.000013,0.000055,,0.000003,0.000243,0.000000,0.000000,,0.000053,0.000003,,,,,,,
107021599,4.61307e+09,22,千克,0.8449,0.844926,0.068251,0.000635,0.002725,0.017400,,0.001946,0.007403,0.002917,0.000114,0.005987,0.000006,0.001915,0.000977,0.011289,0.000002,0.000184,,0.000190,0.029434,,0.000001,,0.000002,0.000243,,0.003454,,,,,
103010101,4.60947e+09,15,千克,0.6429,0.642941,0.005349,0.001169,0.000085,,,,0.005248,0.007790,,0.002227,,,0.000305,0.004097,,0.044021,,0.286737,0.000013,,0.000013,,,0.000000,,0.000005,,,,,
107060102,4.60546e+09,23,千克,0.5336,0.533562,0.293225,0.006766,0.028387,0.014185,0.000021,0.020028,0.007183,0.001403,0.000238,0.002047,0.000004,0.078691,0.002892,0.000012,0.000000,0.000385,,0.000328,0.000001,,0.000000,0.000000,0.001705,0.008937,,,,,,,
109050107,4.59735e+09,23,个,0.5844,0.005493,0.584403,0.015982,0.221660,,0.000026,0.130379,0.010509,0.002119,0.004384,0.000197,0.000149,0.000418,0.009697,0.000001,0.000011,0.000030,0.002631,0.000030,0.000000,0.000028,,,0.011149,0.000701,,0.000000,,,,,
108030400,4.58322e+09,15,千克,0.9942,0.994231,0.000376,0.000761,0.000005,0.000011,,0.000077,0.002935,,,0.000000,,0.000014,0.000025,0.000023,,0.000000,,,0.000000,,,,,0.001522,,0.000019,,,,,
108041201,4.5622e+09,21,千克,0.8943,0.894290,0.024891,0.006820,0.004172,0.000001,,0.058615,0.006849,0.000036,0.000063,0.000041,0.000029,0.000379,0.001568,0.000002,,0.000013,,0.000001,0.000004,,,,0.000303,0.001922,0.000002,0.000000,,,,,
107030101,4.54752e+09,17,千克,0.3926,0.392577,0.214594,0.001393,0.000647,,,0.000001,0.081023,0.007685,,0.269265,,,0.001692,0.025293,,0.001257,,0.001524,0.002884,,0.000008,,0.000023,0.000008,,0.000124,,,,,
304020103,4.53152e+09,23,UNKNOWN,0.5182,0.000876,0.062755,0.518161,0.092599,0.000005,0.000663,0.000000,0.028035,0.000001,0.111523,0.000001,0.064533,0.000309,0.006835,0.000000,0.098744,0.000000,,,,0.007879,0.000401,0.002071,,,0.000069,,0.004245,0.000293,,,
105010101,4.52934e+09,22,立方米,0.8495,0.016765,0.074580,0.011512,0.003246,0.849475,0.000034,0.004544,0.001450,0.000029,0.000020,0.000112,0.000001,0.035557,0.002541,0.000011,,0.000000,,0.000009,0.000013,,0.000002,,0.000044,0.000053,,,,,0.000001,,
109050303,4.51012e+09,22,个,0.6369,0.000085,0.636876,0.013327,0.339942,0.000002,,0.000907,0.000728,0.000024,0.001550,0.000003,0.000011,0.000600,0.005771,0.000002,0.000025,0.000003,,,,0.000055,0.000000,0.000009,0.000017,0.000017,,,0.000044,,,,
109041706,4.50617e+09,20,个,0.9832,0.001214,0.983241,0.010961,0.002180,,,0.000039,0.000816,0.000157,0.000000,0.000010,0.000000,0.000003,0.001223,0.000065,,0.000005,,0.000006,0.000075,0.000001,0.000002,,0.000003,0.000000,,,,,,,
106030101,4.49511e+09,23,套,0.7463,0.000512,0.147897,0.074412,0.746251,0.000001,,0.000079,0.010804,0.000080,0.005494,0.000018,0.002197,0.000007,0.008326,,0.002217,0.000000,,,0.000001,0.000031,0.000378,0.000000,0.000005,0.000626,0.000054,,0.000611,,,,
108030601,4.48801e+09,20,千克,0.8357,0.835734,0.136867,0.000634,0.005091,0.000054,,0.001260,0.005683,0.000016,0.000014,0.000000,0.000008,0.012866,0.000785,0.000014,,0.000012,0.000549,0.000097,0.000023,,,,0.000287,0.000006,,,,,,,
107030206,4.47995e+09,18,盒,0.8289,0.007150,0.004155,0.002101,0.000009,0.000021,,,0.054214,0.001640,,0.828895,0.000000,,0.000952,0.099690,,0.000266,,0.000710,0.000014,,0.000180,,,0.000000,,0.000003,,,,0.000000,
304030199,4.46795e+09,24,UNKNOWN,0.6036,0.000409,0.039452,0.603629,0.006846,0.000001,,0.000094,0.007808,0.000007,0.147852,0.000041,0.158215,0.002028,0.019770,0.000000,0.002439,0.000004,,,,0.003405,0.002812,0.003273,0.000007,0.000029,0.000225,,0.001651,,0.000001,,
109030504,4.46292e+09,13,个,0.9807,0.000070,0.980742,0.017571,0.000849,0.000023,,,0.000171,,0.000036,0.000000,0.000200,,0.000299,0.000000,,,,,0.000037,,,,0.000001,,,,,,,,
108032500,4.43318e+09,10,千克,0.9977,0.997670,0.000834,0.000981,0.000000,0.000002,,0.000006,0.000227,,,,,,0.000279,,,0.000000,,0.000000,,,,,,,,,,,,,
109050101,4.41022e+09,24,套,0.5495,0.001670,0.355512,0.031392,0.549550,0.000000,0.000028,0.011734,0.014317,0.001505,0.017337,0.000169,0.002627,0.000173,0.012780,0.000021,0.000123,0.000209,,0.000153,0.000004,0.000000,,0.000006,0.000602,0.000072,,,0.000015,,,,
103029900,4.32909e+09,25,UNKNOWN,0.4148,0.174249,0.153030,0.414757,0.005331,0.000021,,0.006169,0.010803,0.036767,0.000010,0.072668,0.000022,0.000006,0.018245,0.012830,0.000001,0.019958,,0.059837,0.001569,,0.001658,0.000008,0.000016,0.000022,0.000000,0.012020,,,,0.000003,
104020123,4.32154e+09,19,个,0.9402,0.000286,0.940249,0.009252,0.027639,,,0.000578,0.009346,0.003576,0.000000,0.000003,0.000083,0.000015,0.008653,0.000000,0.000000,0.000004,,0.000001,0.000004,,,,0.000307,0.000002,,,,,,,
107020108,4.28721e+09,17,千克,0.9882,0.988243,0.004718,0.000496,0.000594,0.000217,,0.000047,0.003706,,,0.000010,,0.000019,0.000053,0.000295,,0.000037,,0.000005,0.000145,,,,0.000000,0.001413,,0.000003,,,,,
109011504,4.26366e+09,25,个,0.6283,0.052323,0.628325,0.012149,0.201092,0.000040,0.000102,0.047843,0.048480,0.000346,0.000739,0.000002,0.000032,0.001115,0.007039,0.000069,0.000036,0.000015,,0.000000,0.000095,0.000002,0.000034,0.000003,0.000047,0.000009,0.000063,,,,,,
109052203,4.26218e+09,19,个,0.8334,0.004084,0.833367,0.006964,0.105364,,0.000024,0.000091,0.035699,0.010221,0.000051,0.000202,0.000042,0.000016,0.003105,,,0.000000,,,,0.000001,0.000000,0.000012,0.000724,0.000033,,,,,,,
304080301,4.24126e+09,19,UNKNOWN,0.5178,0.001814,0.034965,0.517833,0.000433,,,0.000177,0.016007,0.000035,0.204005,,0.098039,0.000013,0.017257,,0.082009,0.006655,,,,0.004324,0.000001,0.016039,,,,,0.000064,0.000297,0.000033,,
109024901,4.22646e+09,23,套,0.5823,0.031729,0.276833,0.026819,0.582322,0.029368,0.000291,0.006393,0.018392,0.000011,0.015033,0.000205,0.000461,0.006468,0.005458,0.000076,0.000001,0.000010,,0.000002,0.000013,,0.000000,,0.000007,0.000106,,0.000000,,,,,
107021307,4.17722e+09,21,千克,0.7532,0.753152,0.103884,0.001289,0.013136,0.001618,,0.001242,0.042397,0.004833,0.000031,0.000756,0.000007,0.008682,0.000997,0.012080,,0.001286,,0.002550,0.046560,,0.000000,,0.000001,0.002197,,0.003303,,,,,
101020401,4.14507e+09,19,千克,0.9913,0.991272,0.005813,0.000129,0.000394,0.000824,,0.000369,0.000202,0.000055,0.000004,0.000008,0.000000,0.000215,0.000422,0.000007,,0.000102,,0.000017,0.000060,,,,0.000069,0.000038,,,,,,,
107022401,4.11375e+09,20,个,0.5666,0.001002,0.566636,0.100459,0.120851,,0.000000,0.000139,0.013525,0.138736,0.000000,0.034494,,,0.000227,0.022245,,0.001449,,0.000120,0.000041,,0.000048,,0.000000,0.000020,0.000000,0.000007,,,,,
109025310,4.10571e+09,21,个,0.7720,0.000026,0.771964,0.012970,0.166799,,,0.001006,0.005015,0.000494,0.011884,0.000002,0.000671,0.000657,0.027800,,0.000026,0.000002,,0.000000,0.000002,0.000468,0.000005,0.000055,0.000020,0.000133,,,,,,,
103030701,4.05408e+09,19,箱,0.9167,0.000709,0.032707,0.003015,0.005442,0.000006,,,0.006100,0.916740,0.000003,0.000601,0.000009,,0.009715,0.017500,,0.004810,,0.000151,0.000078,,0.000015,0.000046,,0.000000,,0.002352,,,,,
103010402,4.0455e+09,19,千克,0.9947,0.994736,0.000493,0.000113,0.000040,0.000113,,0.000000,0.000114,0.000770,,0.000363,0.000002,0.000001,0.000010,0.001420,0.000000,0.000850,,0.000948,0.000022,,,,0.000000,,,0.000003,,,,,
107020122,4.03708e+09,16,千克,0.9838,0.983776,0.001385,0.012210,0.000123,0.000092,,0.001314,0.000226,0.000001,,0.000007,,,0.000069,0.000563,,0.000160,,0.000066,0.000000,,,,0.000000,0.000009,,,,,,,
107021809,4.02799e+09,21,个,0.6361,0.228200,0.636121,0.013367,0.005498,0.001596,0.000001,0.001774,0.007992,0.000034,0.000006,0.000091,0.000051,0.013979,0.001828,0.000368,0.000001,0.000024,0.084612,,0.000212,,,,0.000229,0.004017,,,,,,,
108041102,4.0264e+09,17,千克,0.9437,0.943700,0.021621,0.000655,0.001077,,,0.023891,0.005566,0.000137,,0.000304,0.000000,0.001204,0.000591,0.000000,,0.000785,,0.000004,,,,,0.000210,0.000254,,0.000000,,,,,
102020300,4.00289e+09,16,千克,0.8755,0.875526,0.000125,0.004667,0.000078,0.072769,0.044087,,0.000225,0.000000,,0.000000,0.000008,,0.000001,0.002161,0.000228,,,,0.000012,,,,,,,0.000110,,,0.000001,,
107020214,3.99532e+09,19,千克,0.9948,0.994790,0.000309,0.001149,0.000690,0.000142,,0.000595,0.000528,0.000021,0.000000,0.000140,0.000060,0.000002,,0.001245,,0.000030,,0.000018,0.000271,,,,0.000000,0.000011,,0.000000,,,,,
109013103,3.97868e+09,23,个,0.7156,0.008744,0.715555,0.030904,0.190600,0.000086,,0.000799,0.003010,0.000269,0.009608,0.000196,0.000251,0.000197,0.032489,0.005735,0.000076,0.000007,,,0.000690,0.000330,0.000000,0.000002,0.000040,0.000094,,0.000318,,,,,
104030302,3.94927e+09,21,个,0.9585,0.003183,0.958466,0.021036,0.004355,,,0.000477,0.003012,0.000080,0.000000,0.000271,0.000002,0.000700,0.008150,0.000001,0.000000,0.000075,,0.000001,,,0.000001,0.000005,0.000177,0.000009,0.000000,,,,,,
109041703,3.91591e+09,23,个,0.9793,0.000374,0.979267,0.013276,0.002970,,,0.000057,0.001592,0.000141,0.000002,0.000686,0.000032,0.000001,0.000962,0.000218,0.000003,0.000011,,0.000060,0.000090,0.000006,0.000011,,0.000228,0.000000,0.000000,0.000013,,,,,
106010305,3.91588e+09,22,个,0.4718,0.267175,0.471797,0.003185,0.010405,0.000143,0.000014,0.000109,0.004058,0.000031,0.000011,0.000001,0.000003,0.239319,0.003370,0.000000,,0.000002,,0.000000,,,0.000002,,0.000277,0.000075,,0.000002,,,,0.000020,
109040701,3.91192e+09,20,个,0.7387,0.003561,0.738667,0.006043,0.177698,,0.000014,0.008692,0.056161,0.000038,0.001142,0.000016,0.000230,0.000127,0.006205,0.000003,,0.000080,,0.000003,0.000019,,,,0.001113,0.000186,,,,,0.000001,,
109013002,3.8972e+09,23,个,0.8458,0.004519,0.845840,0.011057,0.103610,0.000081,0.000200,0.002011,0.010115,0.000275,0.001151,0.000415,0.000110,0.002387,0.005146,0.010327,0.000046,0.000308,,0.000018,0.000938,,,,0.000029,0.001411,0.000001,0.000006,,,,,
106020101,3.88941e+09,26,个,0.5925,0.003176,0.592543,0.128152,0.015677,,,0.000071,0.009793,0.000984,0.000498,0.006381,0.000069,0.000152,0.214252,0.000001,0.000010,0.000010,,0.000000,0.000020,0.000026,0.027790,0.000012,0.000064,0.000208,0.000035,0.000000,0.000069,,,0.000009,
107010303,3.88349e+09,14,千克,0.9774,0.977409,0.000310,0.021764,0.000038,0.000003,,,0.000000,0.000238,0.000011,,,0.000026,,0.000131,,0.000000,,,0.000069,,,,0.000000,0.000001,,,,,,,
108050000,3.83781e+09,21,千克,0.9835,0.983527,0.004613,0.000194,0.001766,0.000958,0.000041,0.000228,0.000284,0.000006,0.000004,0.000003,0.000003,0.005517,0.002770,0.000068,,0.000000,,0.000005,0.000008,,,,0.000001,0.000002,,0.000002,,,,,
104010404,3.80383e+09,20,千克,0.5121,0.512100,0.039712,0.002257,0.003717,0.000315,0.000074,0.407273,0.010351,0.000223,0.000176,0.000056,0.000003,0.020792,0.000060,0.000005,,0.000098,,0.000004,0.000032,,,,0.000273,0.002479,,,,,,,
109012403,3.80369e+09,20,个,0.8792,0.001235,0.879169,0.002002,0.113940,0.000002,0.000005,0.000089,0.000228,0.000000,0.000181,,0.000005,0.000008,0.002441,0.000010,0.000031,0.000004,,,0.000022,,,0.000000,0.000627,0.000002,,,,,,,
107010302,3.80062e+09,9,千克,0.9973,0.997308,0.000037,0.000869,0.000001,0.000000,,,0.000014,,,,,0.000508,,0.000006,,,,,0.001257,,,,,,,,,,,,
107020234,3.7906e+09,4,千克,0.9991,0.999144,0.000120,0.000725,,,,,,,,,,,,,,,,,0.000010,,,,,,,,,,,,
109030502,3.76848e+09,12,个,0.9346,0.000024,0.934597,0.005424,0.056188,0.000033,,,0.002990,,,,0.000002,,0.000112,0.000009,,,,,0.000026,,,,0.000595,,,,,,0.000000,,
107020601,3.75662e+09,15,千克,0.9952,0.995237,0.000547,0.001392,0.000030,0.000903,,,0.000597,0.000722,,0.000174,,,0.000079,0.000137,,0.000005,,0.000072,0.000103,0.000000,,,,,,0.000001,,,,,
107059900,3.75112e+09,24,千克,0.4936,0.493614,0.295746,0.006921,0.033003,0.006682,0.000187,0.087919,0.005891,0.000883,0.000025,0.003095,0.000017,0.049124,0.005733,0.000461,,0.000860,,0.000871,0.001428,,0.000005,,0.000701,0.006799,0.000000,0.000025,,,0.000007,,
109051603,3.74692e+09,20,个,0.7218,0.001661,0.721766,0.001141,0.046508,0.000049,,0.003518,0.186436,0.000379,0.001397,0.000034,0.000014,0.034851,0.001090,0.000057,,0.000020,,0.000018,0.000001,,,0.000059,0.000000,0.001000,,,,,,,
109052205,3.7294e+09,19,个,0.8825,0.015188,0.882511,0.038977,0.041446,,,0.000441,0.001470,0.000679,0.000173,0.000276,0.000006,0.000271,0.002126,0.000000,,0.000026,,,0.000029,0.000009,0.000002,,0.014076,0.002294,,,,,,,
304080399,3.70982e+09,17,UNKNOWN,0.6037,0.003852,0.005894,0.603710,0.000458,,,,0.014274,0.000002,0.153079,,0.139191,0.000002,0.021059,,0.040687,,,,0.000314,0.008502,0.000133,0.005107,,,0.000063,,0.003674,,,,
109060102,3.70473e+09,21,个,0.6136,0.000476,0.613642,0.019495,0.341130,0.000000,,0.002563,0.011612,0.000037,0.005830,0.000057,0.001254,0.000000,0.003329,0.000029,0.000011,0.000101,,,0.000012,0.000044,0.000001,,0.000274,0.000102,,,,,,,
107010109,3.70433e+09,17,千克,0.9668,0.966759,0.001693,0.001052,0.000014,0.002154,,0.000001,0.001940,0.000153,,0.000001,0.000003,,0.000076,0.001387,0.000002,0.000001,,,0.024717,,,,,0.000000,,0.000047,,,,,
304040799,3.69257e+09,24,UNKNOWN,0.3877,0.224929,0.014987,0.387736,0.000336,0.000449,0.000024,0.007544,0.060963,0.003945,0.010339,,0.052282,0.031282,0.013473,0.000030,0.132365,,0.022978,,0.000021,0.006364,0.000615,0.001488,,,0.000320,,0.003744,0.023124,0.000662,,
107030202,3.68026e+09,12,瓶,0.4556,0.001042,0.242478,0.000589,0.000079,,,,0.135159,0.000405,,0.157232,,,,0.455618,,0.000121,,0.001285,0.004751,,,,,,,0.001241,,,,,
104020402,3.66233e+09,18,个,0.9674,0.002034,0.967352,0.002876,0.000190,,,0.021782,0.003951,0.000319,0.000025,0.000029,,0.000292,0.001107,0.000002,0.000000,0.000020,,0.000011,,,0.000003,,0.000006,0.000000,,,,,,,
108010306,3.65038e+09,12,千米,0.9312,0.009933,0.002377,0.041808,0.001620,0.010719,0.000019,0.931224,0.002036,,0.000000,,,0.000133,0.000097,,,,,,,,,,0.000033,,,,,,,,
109041702,3.6503e+09,16,个,0.9753,0.002436,0.975282,0.011550,0.008287,,,0.001516,0.000439,0.000020,,0.000001,,,0.000202,0.000000,,0.000047,,0.000001,0.000134,,0.000004,,0.000000,0.000083,,,,,,,
107021001,3.63386e+09,19,千克,0.9932,0.993186,0.001188,0.003196,0.000087,0.000128,,0.000010,0.000180,0.000172,,0.000002,,0.000070,0.000044,0.000149,,0.000147,,0.000062,0.000432,,0.000939,,0.000001,0.000001,,0.000006,,,,,
103020604,3.61613e+09,20,箱,0.4010,0.131989,0.171059,0.006444,0.000733,0.000121,,0.000001,0.100413,0.401043,0.000014,0.009194,0.000011,,0.016645,0.066835,0.000000,0.026559,,0.049838,0.015839,,0.000654,,,0.000008,,0.002599,,,,,
109013001,3.59829e+09,23,个,0.7945,0.002897,0.794459,0.034776,0.151232,0.000407,0.000018,0.000613,0.002176,0.000830,0.003044,0.002523,0.000214,0.000175,0.005355,0.000045,0.000049,0.000770,,0.000027,0.000115,0.000000,,,0.000023,0.000248,,0.000006,,,,,
304040903,3.58709e+09,25,UNKNOWN,0.5635,0.135482,0.029917,0.563525,0.000137,0.000863,0.000001,0.000024,0.005626,0.000219,0.006291,0.000010,0.051479,0.000001,0.062412,,0.119722,0.000000,,0.000002,0.000008,0.001262,0.000431,0.000929,,,0.001854,,0.018360,0.001377,0.000068,,
104019999,3.58638e+09,26,千克,0.3326,0.332555,0.233723,0.023924,0.050756,0.000204,0.000248,0.268793,0.030594,0.002078,0.000005,0.001312,0.000018,0.039745,0.005665,0.000078,0.000008,0.002911,,0.000431,0.000054,0.000000,0.000033,,0.004494,0.002286,0.000008,0.000074,,,,0.000002,
104030201,3.56514e+09,16,平方米,0.6205,0.011740,0.111067,0.002151,0.011265,,,0.149553,0.091182,0.001413,0.000004,0.000597,0.000004,0.620454,0.000080,0.000001,,0.000001,,,,,,,0.000161,0.000328,,,,,,,
106010203,3.5631e+09,22,包,0.3885,0.272655,0.101178,0.005658,0.001266,0.000338,0.000001,0.000062,0.030073,0.168427,,0.002397,0.000007,0.000056,0.024523,0.000293,,0.388527,,0.002242,0.000074,,0.000015,,0.000002,0.001907,0.000004,,,,,0.000294,
107022303,3.55919e+09,18,个,0.3987,0.002023,0.398674,0.017659,0.057172,0.000873,,0.000035,0.010619,0.245715,0.000000,0.030333,0.000001,,0.007039,0.226658,,0.001285,,0.000885,0.000056,,0.000046,,,,,0.000927,,,,,
105020199,3.51159e+09,26,个,0.6085,0.003727,0.608476,0.029892,0.223855,0.000697,0.000026,0.004766,0.013432,0.019625,0.004757,0.000154,0.000475,0.013788,0.073915,0.000033,0.000067,0.000066,,0.000024,0.000004,0.000166,0.000090,,0.001872,0.000091,,0.000000,,0.000000,0.000002,,
304030402,3.47283e+09,20,UNKNOWN,0.6895,0.000892,0.049765,0.689532,0.003209,,,0.000026,0.016600,0.000001,0.095909,0.001328,0.111019,0.007001,0.011743,,0.003278,0.000000,,,,0.005970,0.000214,0.001705,,,0.000543,,0.001072,0.000192,,,
109031100,3.44426e+09,20,个,0.9824,0.000818,0.982449,0.008787,0.006619,0.000020,,0.000006,0.000112,0.000018,,0.000040,0.000016,,0.000667,0.000064,,0.000004,,,0.000297,,0.000004,0.000005,0.000053,0.000009,,0.000005,,,0.000008,,
301990200,3.42268e+09,27,千克,0.4211,0.421144,0.029005,0.370892,0.000833,0.041228,0.000001,0.014196,0.033574,0.005981,0.018362,,0.014021,0.001376,0.022249,0.000128,0.007274,0.000000,,0.000001,0.000009,0.000085,0.000071,0.001125,0.000000,0.000019,0.000112,,0.001933,0.006151,0.010228,,
102040199,3.4081e+09,17,千克,0.9432,0.943228,0.016851,0.007559,0.022883,0.000253,,0.001230,0.006730,0.000079,,0.000001,0.000000,0.000859,0.000176,0.000055,,0.000000,,0.000000,,,,,0.000076,0.000020,,,,,,,
109042001,3.40584e+09,20,个,0.9376,0.000741,0.937581,0.010381,0.010113,,,0.000037,0.039732,0.000000,,0.000194,0.000007,0.000045,0.001050,0.000077,,0.000003,0.000007,0.000008,0.000001,,0.000001,,0.000000,0.000001,0.000020,,,,,,
108040301,3.38731e+09,25,个,0.8900,0.045650,0.890050,0.008202,0.019791,0.000680,0.000015,0.016402,0.003507,0.000220,0.000209,0.000990,0.000075,0.000154,0.010261,0.000027,0.000000,0.000085,,0.000088,0.000036,0.000000,,0.000000,0.003185,0.000272,0.000097,0.000002,,,,,
103010406,3.3867e+09,11,千克,0.9985,0.998546,0.000066,0.000479,,,,,,0.000524,,0.000006,,0.000004,,0.000154,,0.000071,,0.000137,0.000006,,,,,,,0.000008,,,,,
107040201,3.34648e+09,17,千克,0.9818,0.981793,0.009823,0.000197,0.000017,0.000937,,0.004325,0.000027,0.000004,,0.000010,,0.002757,,0.000060,,0.000010,,0.000008,0.000001,,,,0.000011,0.000003,,0.000017,,,,,
109041904,3.34077e+09,15,个,0.9745,,0.974529,0.004630,0.013203,,,,0.000517,0.003152,0.000000,0.003935,,,0.000006,0.000001,,0.000011,,0.000012,,,0.000001,,0.000002,,0.000000,0.000001,,,,,
304060100,3.31125e+09,24,UNKNOWN,0.3370,0.013426,0.047060,0.337044,0.021453,0.000791,,0.000596,0.018428,0.000195,0.196480,0.000006,0.315211,0.000380,0.024704,0.000237,0.000545,,,,0.000017,0.006019,0.012286,0.001702,0.000050,,0.001979,,0.000808,0.000352,0.000230,,
109051099,3.30547e+09,21,个,0.6782,0.002255,0.678179,0.023507,0.232669,,,0.003957,0.010933,0.005056,0.022865,0.000265,0.001781,0.000980,0.014665,0.000006,0.001151,0.000111,,0.000354,,0.000248,0.000004,,0.000019,0.000994,,0.000000,,,,,
109013701,3.29467e+09,16,个,0.6797,0.285042,0.679709,0.002511,0.018730,,0.000015,0.000462,0.004687,0.000000,0.000001,0.000051,0.000195,,0.007764,,,0.000069,,0.000002,,0.000057,,,0.000706,,,,,,,,
103030799,3.27428e+09,20,箱,0.6345,0.038511,0.181043,0.009542,0.014881,0.000007,,,0.015218,0.634454,0.000007,0.039559,0.000001,,0.003220,0.040244,0.000053,0.002708,,0.000892,0.002447,,0.000052,0.000000,,0.000001,,0.017159,,,,,
109010299,3.26442e+09,22,个,0.8694,0.003281,0.869390,0.012443,0.073273,0.000091,,0.000791,0.036856,0.000020,0.000226,0.000006,0.000163,0.000030,0.002287,0.000491,0.000039,0.000010,,0.000003,0.000376,,0.000001,,0.000137,0.000072,,0.000013,,,,,
107021308,3.26336e+09,22,千克,0.8586,0.858630,0.064573,0.001060,0.004247,0.001160,,0.008378,0.005025,0.000919,0.000026,0.001226,0.000467,0.040100,0.004374,0.000383,,0.000964,,0.000596,0.001817,0.000001,0.000002,,0.000147,0.005535,,0.000369,,,,,
109013105,3.25631e+09,24,个,0.6612,0.032884,0.661206,0.014384,0.190536,0.002097,,0.007555,0.035283,0.000384,0.009071,0.000165,0.000437,0.010227,0.021964,0.009287,0.000158,0.000179,0.000002,0.000121,0.002899,0.000411,,0.000037,0.000212,0.000211,,0.000290,,,,,
103011201,3.19852e+09,14,千克,0.9563,0.956324,0.000538,0.024523,0.000006,,,,0.005725,0.000797,,0.000118,,,0.000121,0.000054,,0.007499,,0.004282,0.000004,,0.000000,,,,,0.000008,,,,,
303020300,3.18475e+09,16,UNKNOWN,0.5079,0.000018,0.126028,0.507888,0.011122,,,0.000020,0.022533,,0.060615,,0.026681,,0.001053,,0.170747,,,,,0.002956,0.000023,0.070078,0.000004,,0.000086,,0.000147,,,,
106010511,3.18413e+09,22,个,0.4659,0.449063,0.465875,0.006875,0.038079,0.000115,0.000026,0.000379,0.001337,0.000624,0.000061,0.000021,0.000001,0.022580,0.013482,0.000005,0.000037,0.000013,,0.000000,,,0.000001,,0.000190,0.000245,,,,,,0.000992,
106010302,3.17514e+09,23,箱,0.3959,0.152985,0.040715,0.002733,0.002409,0.000001,,0.006378,0.017556,0.395933,0.000523,0.001973,0.000008,0.013174,0.001400,0.000025,0.000001,0.312576,,0.000060,0.000021,0.000058,0.000362,,0.000018,0.030252,,,,,,0.020837,
108042200,3.17387e+09,20,个,0.7065,0.005354,0.706457,0.017112,0.173222,,,0.000120,0.094071,0.000086,0.000147,0.000110,0.000003,0.000248,0.002764,0.000006,,0.000006,,0.000103,0.000001,,0.000077,,0.000113,0.000002,0.000000,,,,,,
107030801,3.16122e+09,21,个,0.3226,0.036029,0.322629,0.010467,0.110006,0.000077,,0.002361,0.039037,0.040645,,0.310724,0.000068,0.014391,0.003697,0.029674,,0.041015,,0.022108,0.002299,0.000001,0.000046,,0.003046,0.011247,,0.000434,,,,,
109021102,3.15514e+09,20,套,0.5417,0.063760,0.218729,0.041971,0.541730,,0.000047,0.000477,0.007022,0.000047,0.002107,0.000010,0.000144,0.000003,0.018188,0.000020,0.000000,0.000042,,,0.000019,0.000008,,,0.105670,0.000003,,,,,,,
109020309,3.15103e+09,23,个,0.7442,0.131985,0.744180,0.025765,0.066907,0.002569,0.000826,0.002855,0.008022,0.000265,0.001408,0.000011,0.000560,0.000347,0.003972,0.000068,,0.000054,,0.000004,0.005711,0.000007,,0.004263,0.000162,0.000058,,0.000001,,,,,
108011600,3.14504e+09,21,千米,0.3770,0.365011,0.077121,0.001032,0.046196,0.005110,,0.377012,0.012896,0.000260,0.000422,0.000563,0.000029,0.082901,0.001576,0.000031,,0.000979,,0.000038,0.000014,,,,0.001148,0.027656,,0.000000,,,0.000003,,
107030408,3.13792e+09,15,盒,0.8398,0.004280,0.011474,0.000046,0.000192,,,,0.013206,0.000274,,0.839755,,,0.000007,0.127506,,0.002969,,0.000237,0.000051,,0.000000,,0.000000,,,0.000000,,,,,
107030401,3.13127e+09,16,盒,0.7920,0.002921,0.016599,0.000058,0.000042,,,0.000002,0.022750,0.000134,,0.791984,,,0.003649,0.147699,,0.001679,,0.011578,0.000871,,,,0.000006,0.000002,,0.000026,,,,,
109012303,3.10288e+09,21,个,0.4995,0.043097,0.499547,0.006355,0.348993,0.000003,0.000078,0.002668,0.069285,0.000077,0.000113,0.000049,0.000763,0.001125,0.018365,0.000067,,0.000032,,0.000002,0.000307,,,,0.008928,0.000136,,0.000010,,,,,
107060108,3.09619e+09,18,千米,0.7622,0.088541,0.117939,0.005164,0.008769,0.000075,,0.762201,0.001224,0.000133,0.000399,0.000000,0.000398,0.011431,0.002072,0.000000,,0.000005,,0.000000,,,,,0.001572,0.000079,,,,,,,
101011501,3.09251e+09,21,千克,0.6342,0.634201,0.119271,0.024951,0.000137,,,0.000029,0.025541,0.076515,,0.061071,0.000038,0.000101,0.035593,0.000322,0.000001,0.003810,,0.016481,0.000059,,0.001767,,0.000000,0.000002,,0.000097,,,0.000013,,
304020400,3.08321e+09,19,UNKNOWN,0.5936,0.001806,0.028291,0.593648,0.256983,,0.000014,,0.009266,0.000044,0.023904,,0.049328,,0.003434,,0.017345,,,,,0.013015,0.000201,0.001253,,0.000013,0.000170,,0.001208,0.000078,0.000000,,
304040299,3.06796e+09,19,瓦,0.4762,0.382832,0.008559,0.079248,0.000082,0.000005,0.000004,,0.014753,0.004160,0.004020,,0.015665,,0.004017,,0.000158,,0.476241,,,0.000952,0.000008,0.000084,,,0.003375,,,0.005566,0.000271,,
106010399,3.06369e+09,23,千克,0.6576,0.657580,0.188367,0.005382,0.005437,0.000241,,0.009583,0.008811,0.013178,0.000009,0.000795,0.000025,0.057459,0.003705,0.000002,0.000000,0.009572,,0.000179,0.000001,,0.000354,,0.000100,0.027718,,0.000003,,,,0.011496,
104020114,3.06126e+09,14,个,0.9745,0.000065,0.974503,0.006290,0.002567,,,0.000174,0.004197,0.000144,,0.007527,,,0.003910,0.000013,,0.000589,,0.000004,,,0.000001,,0.000015,,,,,,,,
109025601,3.04238e+09,17,个,0.6411,0.001160,0.641061,0.010160,0.321561,,,0.000044,0.001731,0.007126,0.014567,0.000031,0.000783,,0.001720,0.000005,,0.000000,,,0.000015,0.000027,,,0.000007,,,0.000002,,,,,
107050200,3.01435e+09,23,千米,0.4169,0.097104,0.394903,0.002455,0.013147,0.003134,0.000062,0.416891,0.007260,0.003228,0.000029,0.000485,0.000013,0.030101,0.009186,0.000027,,0.000478,,0.000559,0.000072,,0.000000,,0.000116,0.020733,,0.000016,,,0.000001,,
104020112,3.00405e+09,18,个,0.9660,0.000872,0.966037,0.008504,0.016326,,,0.000153,0.005373,0.000067,,0.000160,0.000001,,0.000700,0.000003,0.000000,0.001670,,0.000007,0.000002,,0.000001,,0.000125,0.000000,,,,,,,
102040103,2.97679e+09,20,千克,0.9886,0.988569,0.003083,0.006552,0.001291,0.000123,0.000038,0.000021,0.000164,0.000006,,0.000005,0.000003,0.000017,0.000001,0.000001,,0.000001,,0.000000,0.000004,,,,0.000001,0.000117,,0.000001,,,,,
304010401,2.97222e+09,18,UNKNOWN,0.7714,0.000566,0.009431,0.771393,0.000895,0.000404,,0.004027,0.009846,,0.100016,0.000000,0.033868,0.000035,0.014372,,0.000072,,,,,0.002227,0.000158,0.051737,,0.000000,0.000953,,,,,,
103021199,2.96448e+09,19,千克,0.9702,0.970199,0.003527,0.001077,0.000888,0.000065,0.000075,0.000019,0.004598,0.008482,,0.000380,0.000007,0.000021,0.000703,0.001087,,0.002448,,0.004315,0.001329,,,,,0.000003,,0.000776,,,,,
107030404,2.95412e+09,16,盒,0.7960,0.004522,0.011878,0.000391,0.000004,,,,0.019565,0.000048,,0.796034,0.000000,,0.000432,0.149100,,0.007822,,0.009990,0.000152,,,,0.000000,0.000000,,0.000062,,,,,
304060299,2.94157e+09,23,UNKNOWN,0.5668,0.001049,0.036542,0.566788,0.004914,,0.000005,0.000252,0.014760,,0.159394,0.000026,0.168194,0.000311,0.010627,0.000007,0.002848,,,,,0.007674,0.012673,0.008508,0.000007,0.000001,0.001232,,0.004101,0.000072,0.000016,,
104020122,2.93925e+09,17,个,0.9320,0.003197,0.931954,0.008503,0.053330,0.000024,0.000000,0.000555,0.000585,0.000629,,0.000001,,0.000059,0.001133,0.000014,,0.000001,,0.000007,,,,,0.000004,,,,,0.000002,,,
103010603,2.92783e+09,15,千克,0.9687,0.968680,0.004650,0.001248,0.000522,,,,0.001568,0.006321,,0.002137,,,0.000471,0.005120,,0.001702,,0.006481,0.000399,,0.000004,,0.000000,,,0.000698,,,,,
109062202,2.92259e+09,20,个,0.9300,0.000737,0.929956,0.008082,0.051287,,,0.000021,0.000108,0.000352,0.000001,0.008463,0.000003,0.000000,0.000783,0.000003,0.000001,0.000001,,,0.000001,,0.000001,0.000007,0.000062,0.000130,,,,,,,
109040403,2.91895e+09,18,个,0.9040,0.000005,0.903993,0.006645,0.085374,,0.000004,0.000017,0.002183,,0.000872,0.000001,0.000488,0.000003,0.000381,0.000002,,,0.000024,0.000000,,0.000000,0.000005,,,0.000003,,,,,,,
109023210,2.91734e+09,21,个,0.7212,0.000511,0.721175,0.005722,0.235171,0.002468,,0.000791,0.015513,0.000053,0.009594,0.000046,0.000368,0.004280,0.003501,0.000037,0.000015,0.000305,,0.000014,0.000121,,,,0.000050,0.000129,,,0.000137,,,,
104011101,2.90094e+09,21,千克,0.4533,0.453330,0.142831,0.002139,0.012524,0.000220,,0.173612,0.029386,0.068211,0.000024,0.004031,0.000019,0.086654,0.000584,0.000055,,0.011425,,0.002594,0.000185,,0.000002,,0.000528,0.011636,,0.000011,,,,,
107060299,2.8956e+09,22,千克,0.4520,0.452011,0.418821,0.004107,0.046420,0.005435,0.000130,0.018236,0.007436,0.001871,0.000166,0.001942,0.000007,0.017235,0.006487,0.000101,,0.001121,,0.000032,0.000232,,0.000599,,0.000418,0.017015,,0.000180,,,,,
107021411,2.86265e+09,23,千克,0.8847,0.884681,0.014208,0.007076,0.002161,0.047052,,0.005580,0.008228,0.002572,0.000667,0.000284,0.000019,0.004661,0.006175,0.000899,,0.001342,,0.000940,0.012570,,0.000000,0.000000,0.000173,0.000402,,0.000311,,,0.000000,,
107020211,2.85597e+09,8,千克,0.9965,0.996460,0.000022,0.002857,,0.000043,,,0.000554,,,,,,,0.000047,,,,0.000001,0.000014,,,,,,,,,,,,
104020113,2.84569e+09,14,个,0.9824,0.003030,0.982413,0.004028,0.003659,,,0.000714,0.002055,0.000000,,0.003869,,,0.000004,0.000031,,0.000180,,0.000015,,,0.000000,,0.000003,,,,,,,,
107030301,2.84539e+09,19,千克,0.7789,0.778943,0.012328,0.005854,0.000207,,,0.001068,0.014231,0.000747,,0.075179,0.000007,,0.000794,0.027280,,0.037598,,0.038359,0.000609,0.000002,0.001537,,0.000047,0.000000,,0.005211,,,,,
106040806,2.84396e+09,20,个,0.8216,0.015409,0.821566,0.004379,0.077366,,0.000242,0.000274,0.002879,0.042370,0.000014,0.021682,,0.000104,0.013295,0.000007,,0.000025,,0.000114,0.000065,,0.000025,0.000043,0.000125,0.000016,,,,,,,
109040204,2.80586e+09,23,个,0.5644,0.079946,0.564402,0.008625,0.330430,0.000310,0.000006,0.000860,0.006684,0.000001,0.000664,0.000017,0.000139,0.000683,0.003474,0.000012,,0.000011,0.000255,,0.001361,0.000001,,0.000001,0.001721,0.000395,,0.000001,,,,,
105010401,2.79044e+09,18,立方米,0.6999,0.027680,0.159137,0.003623,0.016435,0.699940,,0.001809,0.001476,0.000033,0.000001,0.000000,0.000003,0.083635,0.006199,0.000000,,0.000009,,,0.000000,,,,0.000017,0.000002,,,,,,,
107020233,2.78888e+09,8,千克,0.9991,0.999090,0.000000,0.000810,,0.000002,,0.000049,0.000004,0.000044,,,,,,0.000001,,,,,,,,,,,,,,,,,
108031801,2.78704e+09,14,千克,0.9769,0.976864,0.017929,0.002941,0.000561,,,0.000601,0.000395,0.000006,,,,0.000022,0.000165,0.000003,,0.000012,,0.000034,,,,,0.000456,0.000011,,,,,,,
107030709,2.78442e+09,19,盒,0.4529,0.012631,0.405760,0.004735,0.025147,0.000669,,,0.060651,0.008749,,0.452933,0.000012,0.000060,0.002341,0.011843,,0.003251,,0.002632,0.008028,,0.000473,,0.000000,0.000077,,0.000007,,,,,
103030199,2.77299e+09,18,千克,0.8225,0.822529,0.002531,0.001450,0.002450,0.000234,0.000005,,0.000754,0.013311,,0.003932,,,0.000946,0.148892,,0.000011,,0.000308,0.002563,,0.000009,,0.000000,0.000000,,0.000075,,,,,
109051102,2.75836e+09,22,个,0.8040,0.000045,0.803977,0.010640,0.181163,,,0.000160,0.000731,0.000149,0.000730,0.000021,0.000013,0.000574,0.001349,0.000012,0.000000,0.000005,,0.000129,,0.000000,0.000000,0.000001,0.000279,0.000022,,,0.000001,,,,
110030101,2.74599e+09,28,千克,0.6899,0.689904,0.001571,0.066718,0.000014,0.228194,0.003779,0.000167,0.003963,0.000008,0.000368,0.000000,0.000311,0.001848,0.000254,0.000008,0.001627,0.000032,,0.000000,0.000119,0.000395,0.000001,0.000437,,0.000000,,0.000000,0.000076,0.000086,0.000002,,0.000115
109051602,2.73899e+09,16,个,0.9508,0.000178,0.950797,0.000610,0.042041,0.000058,,0.000650,0.000677,0.000001,,,,0.004683,0.000035,0.000000,0.000165,0.000002,,0.000000,,,,,0.000001,0.000101,,,,,,,
304030401,2.7387e+09,25,UNKNOWN,0.8161,0.000439,0.007110,0.816117,0.001988,0.000001,0.000002,0.000024,0.033503,0.000001,0.042017,0.000004,0.082335,0.000159,0.001097,0.000000,0.001089,0.000000,,,,0.001367,0.000180,0.011953,0.000010,0.000000,0.000078,,0.000524,,0.000001,,
109050404,2.7322e+09,23,个,0.8692,0.021195,0.869238,0.009062,0.067325,0.000058,,0.002096,0.010665,0.000322,0.000427,0.000017,0.001587,0.000912,0.014239,0.000001,0.000000,0.000009,,0.000000,,0.000007,0.000001,0.000032,0.002722,0.000084,,0.000000,,,,,
109041306,2.73098e+09,18,千克,0.5473,0.547255,0.321172,0.001462,0.041297,0.000002,,0.000658,0.008202,0.001244,0.000004,0.000004,,0.072068,0.005850,0.000000,,0.000043,0.000510,,0.000004,,,,0.000011,0.000216,,,,,,,
109042101,2.71898e+09,25,个,0.4197,0.350337,0.419743,0.013630,0.163800,0.000214,0.000003,0.002478,0.019990,0.000638,0.004910,0.000027,0.000050,0.000273,0.021736,0.001263,,0.000016,,0.000191,0.000048,0.000002,0.000000,0.000051,0.000348,0.000197,0.000047,0.000005,,,,,
109040406,2.70294e+09,21,个,0.6006,0.091272,0.600554,0.031483,0.172072,0.000000,0.000007,0.004871,0.080494,,0.000118,0.000001,0.000126,0.000120,0.018235,0.000003,,0.000007,,0.000001,0.000041,,,0.000004,0.000474,0.000080,,,,,,,0.000038
304080199,2.69589e+09,24,UNKNOWN,0.6813,0.009685,0.013840,0.681316,0.020785,0.000063,0.001022,0.000145,0.014862,,0.059534,0.000000,0.074861,0.003504,0.018541,0.000000,0.085618,,0.000002,,0.000042,0.002240,0.002424,0.006819,,,0.000357,,0.004044,0.000023,0.000272,,
110010201,2.68669e+09,14,千瓦时,0.5993,0.076290,0.000963,0.030565,0.000009,0.000083,0.599329,0.000022,0.139914,,0.000327,,0.000187,0.151275,0.000008,,0.000768,,,,,,,0.000259,,,,,,,,,
107030402,2.68422e+09,15,盒,0.8459,0.011735,0.008025,0.000195,0.000003,,,,0.016003,0.000145,,0.845933,,,0.000318,0.011127,,0.061223,,0.044455,0.000038,,0.000002,,0.000000,,,0.000799,,,,,
103030704,2.68302e+09,23,箱,0.5527,0.001798,0.201323,0.016124,0.006134,0.000523,,0.000009,0.008133,0.552717,0.000043,0.000657,0.000005,,0.004628,0.064152,0.000043,0.008464,,0.001035,0.133059,0.000000,0.000091,0.000002,0.000000,,0.000211,0.000846,,,,,
107022304,2.67081e+09,16,个,0.6411,0.005482,0.641078,0.023761,0.037519,,,,0.003377,0.002034,0.000005,0.074470,,,0.008269,0.202265,,0.000215,,0.001320,0.000025,,0.000099,,,,0.000000,0.000082,,,,,
109040302,2.65557e+09,18,个,0.9706,0.003923,0.970597,0.001042,0.022523,,0.000008,0.000059,0.000546,0.000004,0.000020,0.000002,0.000002,,0.001224,,0.000014,0.000022,,,0.000000,0.000004,,,0.000006,0.000004,,,,,,,
103011107,2.64373e+09,17,UNKNOWN,0.2365,0.049062,0.138819,0.236468,0.004296,,,0.000000,0.012325,0.061130,0.000185,0.224265,,,0.001578,0.002683,,0.015223,,0.205245,0.007537,,0.001644,,0.000008,,,0.039531,,,,,
108031901,2.60036e+09,10,千克,0.9679,0.967897,0.008571,0.011852,0.000206,,,0.001699,0.009600,,,,0.000000,0.000133,,,,,,,,,,,0.000004,0.000037,,,,,,,
103030600,2.57305e+09,18,箱,0.3308,0.041042,0.226535,0.097755,0.002712,0.000316,,,0.025934,0.330807,0.000050,0.019699,0.000004,,0.006225,0.242153,0.000000,0.001922,,0.000958,0.000935,,0.000155,,,,,0.002799,,,,,
109011401,2.55232e+09,18,个,0.6808,0.039336,0.680793,0.007845,0.211078,,,0.030517,0.010212,0.000075,0.006931,0.000256,0.000294,0.001739,0.010618,0.000001,,0.000003,,,0.000037,,0.000000,,0.000167,0.000098,,,,,,,
105010302,2.54943e+09,19,个,0.8423,0.007566,0.842328,0.004802,0.007612,0.118887,,0.000520,0.002941,0.000011,0.001046,0.000001,0.000002,0.013166,0.000917,0.000000,,0.000000,,0.000008,0.000015,,,,0.000004,0.000174,,,,,,,
102040301,2.52649e+09,8,千克,0.6779,0.677911,0.000573,0.000568,0.000191,,,0.000018,0.320730,,,0.000002,,,0.000008,,,,,,,,,,,,,,,,,,
103030705,2.5243e+09,16,箱,0.6013,0.027227,0.272306,0.020688,0.006405,0.000001,,,0.008815,0.601287,,0.023062,0.000001,,0.004540,0.028306,,0.000885,,0.003240,0.000407,,0.000078,,,,,0.002751,,,,,
109051905,2.52348e+09,19,个,0.5786,0.297524,0.578639,0.001131,0.010528,0.000099,,0.000469,0.021729,0.000007,,0.000002,0.000061,0.001468,0.027189,0.000002,0.000067,0.000009,,0.000000,,,0.000001,,0.060974,0.000101,,,,,,,
103030302,2.52312e+09,18,箱,0.7818,0.010452,0.096494,0.001060,0.028191,0.000077,,,0.023970,0.781793,,0.001944,0.000636,0.000007,0.000704,0.018990,,0.003271,,0.000007,0.016356,,0.000181,,,0.000003,,0.015866,,,,,
109010503,2.50116e+09,19,个,0.9740,0.002408,0.974009,0.001694,0.015489,0.000000,,0.001108,0.003484,0.000008,0.000008,0.000020,0.000074,0.000021,0.001403,0.000007,,0.000002,,0.000000,0.000038,,,,0.000211,0.000016,,,,,,,
109010804,2.5011e+09,16,个,0.5847,0.001031,0.584665,0.017918,0.392752,,,0.000044,0.000391,,0.001036,,0.000327,0.000031,0.001555,0.000000,,0.000051,,,0.000006,0.000022,,,0.000171,0.000000,,,,,,,
104010599,2.50064e+09,19,个,0.4812,0.012803,0.481211,0.024273,0.233254,0.000000,,0.009322,0.096133,0.032790,0.000000,0.000336,0.000000,0.000051,0.109544,,,0.000055,,0.000048,,,0.000040,,0.000001,0.000134,0.000005,,,,,,
304080400,2.49125e+09,22,UNKNOWN,0.6680,0.000016,0.013984,0.667993,0.001899,0.000009,0.000201,0.000738,0.052890,0.000023,0.044777,0.000002,0.014974,0.000011,0.007142,,0.174136,,,,,0.004032,0.000020,0.016567,0.000000,0.000000,,,0.000586,,0.000000,,
107021502,2.4851e+09,20,千克,0.6077,0.607706,0.019699,0.001810,0.001754,0.004130,,0.000000,0.299605,0.003088,0.000430,0.004697,0.000000,0.000196,0.000127,0.021340,,0.000001,,0.000015,0.034575,,,,0.000001,0.000011,,0.000816,,,,,
109010802,2.47323e+09,19,个,0.9276,0.003225,0.927607,0.008152,0.051146,0.000004,,0.000131,0.004544,0.000000,0.001460,0.000030,0.000718,,0.002332,0.000026,0.000011,0.000001,,,0.000150,,,0.000002,0.000455,0.000004,,,,,,,
109031300,2.4706e+09,21,个,0.7498,0.112193,0.749806,0.004997,0.090760,0.000002,,0.000931,0.004106,0.001100,0.000009,0.000009,0.000037,0.000010,0.023156,0.000175,0.000558,0.000010,,,0.000010,,0.000000,0.000002,0.012105,0.000024,,,,,,,
109023299,2.46354e+09,24,个,0.6008,0.001758,0.600817,0.013257,0.356096,0.000096,0.000175,0.001444,0.007557,0.000425,0.001394,0.001084,0.001121,0.003348,0.009911,0.000117,0.000001,0.000041,,0.000000,0.000092,0.000093,,,0.000108,0.001033,,0.000001,0.000029,,,,
109010900,2.4546e+09,23,个,0.6911,0.015118,0.691141,0.039094,0.212561,0.000044,0.000017,0.007617,0.006201,0.000742,0.001331,0.000103,0.002854,0.000093,0.015660,0.000015,0.000033,0.000033,,0.000012,0.000638,,0.000003,,0.006508,0.000181,,0.000000,,,,,
201020000,2.45312e+09,27,千克,0.7921,0.792090,0.034976,0.075243,0.004794,0.007672,0.000005,0.003610,0.004161,0.000699,0.021610,0.000158,0.028713,0.000849,0.009055,0.000035,0.005863,0.004065,,0.001139,0.000185,0.000062,0.000004,0.000367,0.000046,0.000045,0.000011,0.000005,,,0.004536,,
107040403,2.4488e+09,11,千克,0.9894,0.989411,0.001336,0.002470,0.000013,,0.000100,0.005779,0.000097,,,0.000019,,0.000275,,,,,,,,,,,0.000006,0.000493,,,,,,,
103030801,2.44871e+09,15,千克,0.7736,0.773617,0.054986,0.003781,0.011239,,,,0.008450,0.009143,,0.085636,,,0.003407,0.006945,,0.004216,,0.013959,0.002070,,0.002964,,,,0.000008,0.019578,,,,,
107021399,2.44405e+09,20,千克,0.8738,0.873756,0.071665,0.000507,0.007997,0.009559,,0.022531,0.003740,0.000913,,0.001084,0.000008,0.002709,0.001955,0.000074,,0.000060,,0.000101,0.000353,,,,0.000213,0.002657,,0.000088,,,0.000031,,
103020303,2.43246e+09,20,箱,0.4414,0.036674,0.114341,0.028894,0.012925,,,0.000005,0.054681,0.441420,0.000013,0.080598,0.000007,,0.012294,0.013693,,0.051143,,0.129359,0.009471,0.000050,0.003443,,,0.000296,0.000000,0.010694,,,,,
104010507,2.43056e+09,21,个,0.7416,0.048062,0.741572,0.053030,0.031014,0.000012,,0.015121,0.096491,0.001825,0.000058,0.001634,0.000003,0.001142,0.006866,0.000005,,0.000099,,0.002428,0.000037,,0.000217,,0.000029,0.000355,0.000000,,,,,,
109041707,2.42744e+09,22,个,0.9346,0.000158,0.934588,0.032934,0.030336,0.000004,0.000126,0.000012,0.000772,0.000292,0.000010,0.000238,0.000009,0.000000,0.000319,0.000000,0.000011,0.000035,,0.000048,0.000095,,0.000004,,,0.000008,0.000000,,,,,,
304030102,2.41769e+09,25,UNKNOWN,0.4942,0.000004,0.025547,0.494169,0.015345,0.000003,,0.000392,0.027492,0.000037,0.173967,0.000074,0.179181,0.004484,0.048448,0.000000,0.000956,0.000001,,,0.000000,0.018673,0.004192,0.005534,0.000029,0.000010,0.000523,,0.000930,,0.000009,,
103020101,2.41181e+09,22,个,0.2245,0.193286,0.224496,0.031068,0.002506,0.000000,,0.000007,0.037820,0.169679,0.000019,0.207501,0.001853,0.000824,0.025218,0.000835,0.000002,0.038432,,0.053939,0.001210,,0.007066,,,0.000412,0.000002,0.003822,,,,,
109013602,2.40743e+09,20,千克,0.4910,0.490978,0.432385,0.003353,0.048908,0.001109,,0.005589,0.008877,0.000003,0.000013,0.000003,0.000136,0.004012,0.003163,0.000001,,0.000003,0.000045,0.000008,0.000020,,,,0.001393,0.000001,,,,,,,
104020124,2.4e+09,18,个,0.8765,0.011251,0.876474,0.007116,0.058745,,,0.000019,0.003665,0.000075,0.004271,0.017009,,0.000301,0.013004,0.000052,,0.007540,,0.000359,0.000002,,0.000007,,0.000106,,,0.000005,,,,,
109050601,2.39385e+09,21,个,0.8929,0.001478,0.892900,0.006196,0.043286,,0.000296,0.028274,0.016538,0.001054,0.004190,0.000794,0.000036,0.000010,0.001279,0.000005,0.002112,0.001367,,0.000053,,0.000001,,0.000002,0.000104,0.000024,,,,,,,
107021406,2.38182e+09,19,千克,0.9783,0.978348,0.005737,0.001840,0.001711,0.000123,,0.006008,0.000978,0.000094,,0.000020,,0.001084,0.000427,0.000534,,0.000399,,0.000033,0.002300,0.000008,0.000000,,,0.000114,,0.000242,,,,,
107020404,2.37264e+09,9,千克,0.9969,0.996879,0.000000,0.003029,,,,,0.000049,0.000004,,,,,,0.000023,,0.000002,,0.000001,0.000012,,,,,,,,,,,,
109011903,2.35156e+09,24,个,0.7772,0.073772,0.777234,0.054644,0.069747,0.000050,0.000005,0.005389,0.006290,0.000191,0.000192,0.000035,0.000026,0.000466,0.008334,0.000017,0.000009,0.000151,,0.000004,0.000112,,0.000006,0.000034,0.003128,0.000164,,0.000000,,,,,
101010399,2.34522e+09,23,千克,0.7049,0.704854,0.019871,0.009042,0.005412,0.014699,0.000004,0.000139,0.002697,0.050334,0.000002,0.008090,0.000101,0.000063,0.002683,0.085152,0.000166,0.000461,,0.000726,0.093885,,0.000468,,0.000000,0.000073,,0.001077,,,,,
107030201,2.33775e+09,14,瓶,0.3796,0.001965,0.317781,0.006361,0.000071,,,,0.146093,0.000001,,0.144909,0.000000,,0.000102,0.379571,,0.000014,,0.002825,0.000258,,,,,,,0.000049,,,,,
108010201,2.33647e+09,22,千克,0.9716,0.971585,0.007965,0.006154,0.000336,0.007085,,0.000811,0.000108,0.000034,0.000168,0.000024,0.000206,0.002053,0.000766,0.000008,,0.000620,,0.000864,0.000433,,0.000008,,0.000000,0.000005,,0.000011,,,0.000757,,
103010203,2.33558e+09,18,千克,0.7525,0.752518,0.045904,0.008304,0.001219,,,0.000014,0.007146,0.054065,,0.038318,,0.000000,0.005303,0.004029,,0.015272,,0.053089,0.002056,,0.000191,,,0.000003,0.000000,0.012566,,,,,
108020701,2.31462e+09,20,千克,0.7261,0.726086,0.049029,0.005656,0.207966,0.000003,,0.007572,0.001796,0.000006,,0.000005,0.000011,0.000151,0.000850,0.000159,,0.000001,,0.000000,0.000022,,0.000000,,0.000450,0.000015,,,,,0.000222,,
108012104,2.28078e+09,21,个,0.5705,0.009161,0.570542,0.036716,0.321977,0.000489,0.003018,0.000150,0.029491,0.000008,0.001695,0.000001,,0.001867,0.023611,0.000001,,0.000001,,0.000000,0.000000,,0.000001,0.000000,0.001260,0.000010,,,,,,,
109050104,2.27996e+09,10,套,0.9315,0.000075,0.067341,0.000031,0.931544,,,0.000008,0.000097,0.000028,,,,0.000004,,,,,,,,,,,0.000872,0.000000,,,,,,,
108030800,2.26135e+09,12,千克,0.9848,0.984778,0.006836,0.000080,0.001443,,,0.000352,0.005034,0.000001,,0.000000,,0.000003,0.000056,,,,,,,,,,0.001417,0.000000,,,,,,,
103020103,2.25918e+09,21,盒,0.2637,0.018985,0.171717,0.027990,0.002161,0.000001,,0.000016,0.049713,0.261619,0.000004,0.263721,,0.000004,0.008386,0.002553,,0.071291,,0.083788,0.003562,,0.000971,,0.000000,0.000060,0.000000,0.033458,,,,,
103030901,2.2589e+09,17,瓶,0.5986,0.228321,0.014253,0.010405,0.000784,0.000005,,,0.006409,0.099838,,0.023534,,,0.015918,0.598591,,0.000629,,0.000122,0.000591,,0.000005,,0.000098,0.000000,,0.000495,,,,,
109012408,2.2566e+09,23,个,0.7092,0.023754,0.709240,0.004943,0.242348,0.000001,0.000309,0.003296,0.002377,0.000282,0.000033,0.000030,0.000126,0.000019,0.010574,0.000007,,0.000024,,0.000000,0.000477,0.000009,,0.000001,0.002140,0.000008,,0.000001,,,,,
107050602,2.25149e+09,23,个,0.7791,0.109442,0.779051,0.001516,0.050780,0.001567,0.000577,0.010158,0.014164,0.000165,,0.000259,0.000013,0.007460,0.019039,0.000046,,0.000604,,0.000051,0.000067,0.000000,0.000012,,0.001419,0.003609,,0.000001,,,0.000000,,
107021507,2.23785e+09,26,千克,0.4971,0.497119,0.105378,0.001682,0.011397,0.131497,0.000112,0.001317,0.108569,0.005462,0.000017,0.000346,0.000056,0.014820,0.007583,0.030354,0.000014,0.000285,,0.002300,0.075893,,0.000029,,0.001985,0.000174,0.000000,0.003606,,,0.000001,0.000006,
109010102,2.23219e+09,19,UNKNOWN,0.9178,0.021058,0.036720,0.917764,0.010292,,,0.000709,0.000477,0.000039,0.005102,0.000003,0.000039,0.000122,0.007577,0.000016,,0.000004,,0.000004,0.000057,,,,0.000009,0.000006,,0.000002,,,,,
107020901,2.22178e+09,24,千克,0.9077,0.907680,0.018298,0.000946,0.001486,0.012102,,0.000383,0.002758,0.000687,0.000769,0.001318,0.000013,0.000724,0.000650,0.027643,0.004195,0.000181,,0.000447,0.011238,,0.000008,0.000001,0.000000,0.000251,,0.008052,,,,0.000169,
104010699,2.21845e+09,24,千米,0.3180,0.218043,0.254912,0.007505,0.018658,0.000111,0.000049,0.317982,0.018097,0.010170,0.000009,0.006142,0.000007,0.037870,0.004434,0.000437,,0.068071,,0.031016,0.000085,,0.000032,,0.002759,0.003398,0.000000,0.000023,,,0.000190,,
108041301,2.19896e+09,21,千克,0.6572,0.657176,0.140666,0.002300,0.022595,0.000699,,0.083342,0.004315,0.000298,0.000026,0.000132,0.000003,0.066879,0.003999,0.000000,,0.000473,,0.000065,0.000000,,0.000000,,0.000989,0.016038,,,,0.000002,,,
107022201,2.1823e+09,19,箱,0.5691,0.019723,0.313558,0.003999,0.028354,0.000111,,0.000000,0.006505,0.569053,0.000000,0.027241,,,0.006651,0.008078,,0.009106,,0.006632,0.000913,,0.000054,,0.000003,0.000017,,0.000002,,,,,
109020108,2.18106e+09,23,个,0.7140,0.056171,0.714038,0.010749,0.138585,0.002721,0.000015,0.030541,0.021085,0.000231,0.000407,0.001638,0.000080,0.004962,0.012638,0.000085,0.000184,0.000012,,0.000022,0.001376,,,0.000002,0.004174,0.000263,,0.000021,,,,,
108010308,2.17321e+09,18,立方米,0.4172,0.007661,0.089654,0.114553,0.011951,0.417153,,0.188029,0.088472,0.000001,0.000244,0.000014,,0.064160,0.017962,,,0.000007,,0.000004,0.000076,,,,0.000048,0.000010,,,,,0.000000,,
109023209,2.16979e+09,17,个,0.9493,0.002482,0.949345,0.002671,0.033821,,,0.000003,0.002496,0.000008,0.003740,0.000009,0.001448,0.003311,0.000602,0.000005,,0.000000,,,0.000001,,,,0.000002,0.000056,,,,,,,
109012701,2.16969e+09,22,个,0.8238,0.019190,0.823768,0.006228,0.117406,0.000086,0.000056,0.003425,0.004081,0.000020,0.002166,0.000006,0.000061,0.002207,0.021070,0.000022,0.000006,0.000000,,,0.000070,0.000022,,,0.000086,0.000017,,,,,0.000008,,
108040201,2.15869e+09,23,个,0.4367,0.059100,0.436741,0.040537,0.088206,0.000428,0.000018,0.009278,0.038363,0.000014,0.007621,0.000001,0.000483,0.281066,0.035758,0.000001,,0.000029,0.000311,0.000060,0.000015,0.000011,,0.000143,0.001221,0.000594,,,,,,,
109050102,2.15784e+09,16,套,0.7012,0.030050,0.203582,0.058681,0.701167,,,0.000062,0.001800,0.000008,0.003887,0.000003,0.000173,,0.000420,,0.000037,,,0.000001,,0.000010,,,0.000078,0.000040,,,,,,,
108041404,2.1569e+09,25,个,0.7853,0.062852,0.785271,0.006634,0.047755,0.000164,0.000058,0.005526,0.061078,0.000779,0.001901,0.000237,0.000152,0.000412,0.019489,0.000065,,0.002520,0.000526,0.000039,0.000020,0.000000,0.000000,0.000001,0.004412,0.000098,,0.000010,,,,,
109012101,2.15419e+09,25,个,0.8948,0.003665,0.894760,0.002292,0.073936,0.000066,0.000011,0.009095,0.003654,0.001092,0.000346,0.000276,0.000124,0.000019,0.004813,0.000080,0.000006,0.000089,,0.000010,0.000800,0.000037,,0.000002,0.000126,0.004697,0.000000,0.000003,,,,,
107022101,2.14672e+09,21,千克,0.8218,0.821833,0.098290,0.002780,0.026158,0.000670,,0.011473,0.010765,0.004200,0.002364,0.000232,0.000143,0.006367,0.007093,0.002297,0.000110,0.001283,,0.000142,0.001139,,,,0.000188,0.002268,,0.000206,,,,,
109030400,2.13711e+09,25,个,0.6229,0.032167,0.622884,0.017080,0.227670,0.001917,0.000009,0.023194,0.058820,0.000116,0.010047,0.000020,0.001777,0.000256,0.002009,0.000072,0.000189,0.000022,,0.000043,0.000350,0.000010,,0.000216,0.001090,0.000035,0.000004,0.000005,,,,,
108041103,2.13395e+09,17,千克,0.9391,0.939145,0.015626,0.000660,0.000434,,0.000005,0.020202,0.013869,0.000108,,0.000028,,0.000046,0.006202,0.000002,,0.000005,,,0.000426,0.000188,,,0.000407,0.002647,,,,,,,
107020113,2.12977e+09,15,千克,0.9964,0.996396,0.000283,0.001998,0.000591,0.000056,,0.000002,0.000081,0.000012,,0.000003,,,0.000026,0.000345,,0.000013,,0.000027,0.000166,,,,,0.000001,,,,,,,
109020901,2.11936e+09,15,个,0.9493,0.000194,0.949304,0.014063,0.034225,,0.000001,0.000056,0.000566,,0.000158,,0.000099,,0.000613,0.000218,0.000410,,,,0.000076,0.000001,,,0.000016,,,,,,,,
107020401,2.11744e+09,14,千克,0.9974,0.997374,0.000110,0.001429,0.000002,0.000007,,,0.000260,0.000034,,0.000002,,,0.000003,0.000716,,,,0.000000,0.000061,,,,,0.000001,,0.000002,,,,,
102050299,2.10403e+09,21,千克,0.4774,0.477382,0.051043,0.017512,0.001103,0.170059,,0.005005,0.026365,0.015060,0.007971,0.000001,0.000001,0.199177,0.027730,0.000006,,0.000166,0.000068,0.000220,0.001042,,,,0.000000,0.000065,,,,,0.000026,,
109011302,2.09474e+09,23,个,0.9763,0.000474,0.976252,0.002137,0.006711,0.000009,,0.000010,0.001312,0.000001,0.000107,0.000093,0.000616,,0.010499,0.000049,0.000432,0.000001,,0.000000,0.000786,,,,0.000485,0.000001,0.000000,0.000007,,0.000015,0.000000,,
108042600,2.08475e+09,22,千克,0.8542,0.854204,0.076727,0.003473,0.013953,0.000322,,0.012661,0.008290,0.006122,0.000124,0.001156,0.000268,0.007548,0.008771,0.000377,0.000210,0.000771,,0.000076,0.000869,,0.000001,,0.000133,0.003809,,0.000134,,,,,
105020104,2.07956e+09,23,个,0.6211,0.120072,0.621121,0.018006,0.171169,0.006122,0.000112,0.007713,0.015177,0.000610,0.006105,0.000055,0.000285,0.008475,0.024152,0.000025,,0.000161,,0.000002,0.000015,0.000000,0.000000,0.000000,0.000595,0.000028,,,,,,,
109021105,2.07754e+09,25,套,0.5719,0.005026,0.089483,0.008229,0.571865,0.000519,0.000005,0.000016,0.004218,0.000094,0.000219,0.000028,0.000422,0.000151,0.011224,0.000008,,0.000208,,0.000004,0.000005,0.000011,0.000001,0.000113,0.307515,0.000003,,0.000001,0.000631,,,,
107030405,2.07728e+09,10,个,0.5610,0.000005,0.560965,0.000003,,,,,0.006693,0.000001,,0.326214,,,,0.105317,,0.000127,,0.000674,0.000000,,,,,,,,,,,,
105010599,2.07629e+09,24,立方米,0.4741,0.026533,0.328194,0.043508,0.021748,0.474100,,0.032443,0.029438,0.000142,0.002535,0.000000,0.000465,0.031101,0.009144,0.000001,,0.000011,0.000021,0.000000,0.000096,0.000012,,0.000002,0.000165,0.000341,,0.000000,,,0.000000,,
105020106,2.06859e+09,21,个,0.5926,0.026884,0.592561,0.005127,0.291874,0.003855,0.000006,0.048648,0.018492,0.003628,0.000179,0.000084,0.000006,0.001566,0.006028,0.000000,,0.000409,,0.000021,0.000003,,0.000000,,0.000216,0.000413,,,,,,,
109051800,2.05477e+09,18,个,0.8463,0.002861,0.846297,0.022811,0.050748,,,0.000200,0.020235,0.000033,0.000256,0.000060,0.000131,0.002116,0.039307,,,0.000000,0.014411,,0.000025,0.000266,,,0.000043,0.000200,,,,,,,
108010503,2.05225e+09,17,立方米,0.7654,0.155437,0.034936,0.007042,0.003312,0.765422,,0.001488,0.012322,0.000006,0.000018,0.000000,,0.011265,0.008576,0.000001,,0.000163,,0.000008,0.000000,,,,,0.000004,,,,,,,
301010299,2.04864e+09,24,UNKNOWN,0.4144,0.409419,0.020958,0.414382,0.000604,0.035713,,0.003525,0.026206,0.003469,0.010761,0.000000,0.011837,0.000338,0.014192,0.000126,0.006263,0.000033,,,,0.004061,,0.001136,0.000008,0.000359,0.000321,,0.000011,0.017423,0.018856,,
108010403,2.04159e+09,23,立方米,0.3927,0.126553,0.073380,0.014726,0.010051,0.392700,,0.051991,0.019600,0.000466,0.001268,0.000015,0.000023,0.291482,0.015145,0.000023,,0.000747,0.000146,0.000115,0.000162,0.000000,,0.000001,0.000490,0.000915,,0.000000,,,,,
104010103,2.03498e+09,20,千克,0.8205,0.820529,0.120406,0.002430,0.007532,,0.000125,0.027769,0.008542,0.000410,0.000012,0.000358,0.000001,0.002930,0.005316,0.000157,,0.001004,,0.000031,0.000012,,,,0.001072,0.001361,,0.000004,,,,,
108010801,2.02656e+09,16,千克,0.5213,0.521254,0.001692,0.005657,0.000502,0.009859,,0.001149,0.035172,0.000028,0.000303,,,0.376927,0.001489,0.000014,,0.000034,,0.000058,0.002282,,,,,0.043581,,,,,,,
109052000,2.01617e+09,20,个,0.8734,0.000936,0.873405,0.005042,0.082023,,,0.002325,0.021333,0.000042,0.000001,0.000044,0.000017,,0.009761,0.000004,,0.000390,,0.000000,,,0.000013,0.000161,0.004217,0.000286,,0.000000,,,0.000000,,
305030000,2.00107e+09,26,UNKNOWN,0.5517,0.000892,0.023504,0.551718,0.005464,0.000143,,0.001688,0.020030,0.000069,0.310093,0.000002,0.053024,0.015330,0.009170,0.000000,0.003456,0.000003,,0.000002,0.000026,0.000708,0.000777,0.003593,0.000005,0.000000,0.000098,,0.000175,,0.000030,,
109012402,1.98603e+09,18,个,0.8511,0.007847,0.851112,0.002652,0.129255,0.000001,0.000003,0.000496,0.003845,0.000078,0.000003,0.000001,0.000008,,0.001204,,,0.000006,,,0.000593,,,,0.002865,0.000029,,0.000004,,,,,
306049900,1.97726e+09,12,UNKNOWN,0.5905,0.018770,0.000318,0.590511,,,,,0.384765,,0.002309,,0.002277,,0.000019,,0.000001,,,,,0.000659,0.000016,0.000275,,,0.000080,,,,,,
107030499,1.96606e+09,15,盒,0.5952,0.073434,0.068110,0.045432,0.000943,,,,0.015807,0.007796,,0.595184,,,0.000460,0.172605,,0.002539,,0.013202,0.001485,,,,0.000001,0.000002,,0.002998,,,,,
108011300,1.94741e+09,21,个,0.8395,0.023291,0.839549,0.001687,0.018850,0.000196,,0.000014,0.000994,0.108075,0.000001,0.000342,,0.000718,0.000785,0.000516,,0.004874,,0.000016,0.000058,,0.000003,,0.000000,0.000017,0.000000,0.000014,,,,,
107021403,1.94553e+09,19,千克,0.9811,0.981139,0.003687,0.000770,0.000920,0.002272,,0.000640,0.004731,0.000022,0.000001,0.000400,0.000000,0.001121,0.000206,0.000581,,0.000183,,0.000017,0.002402,,,,,0.000374,,0.000533,,,,,
109042102,1.93925e+09,19,个,0.9520,0.022716,0.952045,0.008190,0.005405,0.000007,,0.001174,0.000265,0.000000,0.000080,,0.000001,0.000021,0.006458,0.000001,0.003388,,,0.000001,0.000002,,0.000000,,0.000000,0.000245,,,,,,,
109041502,1.93562e+09,16,个,0.9832,0.000021,0.983201,0.002559,0.012604,0.000000,,0.000052,0.000350,0.000022,0.000023,0.000235,0.000002,,0.000795,0.000132,,,,0.000004,,,,,0.000000,,0.000000,,,,,,
109042402,1.92746e+09,24,个,0.4816,0.013981,0.481638,0.012207,0.396975,,,0.013348,0.057075,0.000074,0.000388,0.000008,0.000001,0.004454,0.019547,0.000003,,0.000002,0.000060,0.000000,0.000001,0.000001,,0.000000,0.000006,0.000211,0.000000,0.000000,,,0.000018,,
107050601,1.92486e+09,25,个,0.8173,0.057616,0.817336,0.004948,0.043322,0.004575,0.000068,0.033276,0.022597,0.000359,0.000040,0.000689,0.000088,0.004152,0.007319,0.000077,,0.000412,,0.000046,0.000807,0.000000,0.000000,0.000000,0.000916,0.001227,,0.000014,,0.000116,,,
307059900,1.89468e+09,30,UNKNOWN,0.5392,0.014823,0.036023,0.539244,0.013775,0.015177,0.020023,0.003603,0.020303,0.000583,0.086257,0.000053,0.046416,0.008195,0.011940,0.001231,0.152699,0.000483,,0.000062,0.001735,0.001966,0.000829,0.022308,0.000001,0.000000,0.000010,0.000008,0.000294,0.000005,0.001730,,0.000222
107021413,1.88864e+09,19,千克,0.9886,0.988562,0.001294,0.000363,0.001247,0.000260,,0.000005,0.000900,0.000015,0.000020,0.000004,,0.000191,0.000711,0.000382,,0.000011,,0.000001,0.005608,,,,0.000002,0.000012,,0.000414,,,,,
304060201,1.88785e+09,15,UNKNOWN,0.6655,0.000655,0.008285,0.665474,0.000540,,,0.000232,0.020739,,0.183458,,0.084603,0.000017,0.008443,,0.000283,,,,,0.004081,0.000210,0.022848,,,,,0.000132,,,,
304010402,1.8798e+09,15,UNKNOWN,0.8293,0.000171,0.002846,0.829344,0.001069,,,0.008811,0.015497,,0.059310,,0.006117,0.000085,0.001392,0.000032,0.000020,,,,,0.000585,0.000141,0.074578,,,,,,,,,
107022203,1.8725e+09,18,千克,0.9575,0.957485,0.004561,0.001110,0.002369,0.000824,,0.000311,0.002944,0.009216,0.000058,0.001747,,0.000000,0.001167,0.007989,,0.000269,,0.001128,0.008440,,,,,,,0.000374,,,,0.000007,
109040901,1.87034e+09,19,千克,0.8294,0.829397,0.019153,0.001483,0.004142,,,0.115069,0.008755,0.000676,0.000084,0.000004,0.000000,0.000004,0.001078,0.000000,,0.000005,,0.000033,0.000006,,0.000002,,0.000007,0.020103,,,,,,,
108040103,1.86891e+09,21,平方米,0.4078,0.141340,0.191265,0.100830,0.054160,0.013742,,0.015055,0.056372,0.000015,0.002653,0.000007,0.000001,0.407775,0.016395,0.000000,0.000074,0.000001,,,0.000129,,0.000016,,0.000107,0.000005,,,,,0.000058,,
109040399,1.86377e+09,22,个,0.9023,0.022861,0.902333,0.004716,0.050045,0.000001,0.009305,0.000036,0.004512,0.000024,0.000306,0.000000,0.000235,0.000005,0.005489,0.000000,0.000002,0.000009,,,0.000083,0.000000,,,0.000027,0.000008,,,,0.000001,,,
104010401,1.85945e+09,16,千克,0.8942,0.894232,0.011529,0.002041,0.000888,,,0.090793,0.000085,0.000015,,0.000001,0.000005,0.000001,0.000409,0.000000,,0.000000,,,,,0.000001,,0.000000,0.000000,,,,,,,
109030103,1.85376e+09,17,OTHER,0.4141,0.003679,0.369935,0.099580,0.111075,0.000100,0.000009,0.000499,0.414134,0.000003,0.000065,,0.000060,,0.000581,,,0.000000,,,0.000126,,,,0.000152,0.000001,,0.000003,,,,,
104030399,1.84667e+09,17,个,0.8783,0.005731,0.878346,0.003445,0.008844,0.000513,,0.001116,0.007454,0.000494,,0.000001,0.000007,0.000649,0.086064,0.000000,,0.000001,,,,,,,0.006996,0.000118,,0.000219,,,,,
104020102,1.84479e+09,15,个,0.3179,0.000092,0.317861,0.034065,0.282666,,,0.000257,0.006973,0.000089,,0.265304,,0.000038,0.074693,,,0.017744,,0.000074,,,0.000107,,0.000038,,,0.000000,,,,,
108010399,1.83764e+09,19,千克,0.4276,0.427601,0.102723,0.050398,0.010068,0.164480,,0.149540,0.043471,0.000318,0.000062,0.000108,,0.018427,0.021672,0.000001,,0.009152,,0.000428,0.001488,,,,0.000041,0.000008,,,,,0.000016,,
103010401,1.82299e+09,15,千克,0.3439,0.343898,0.151400,0.019138,0.000079,,,,0.002718,0.049277,,0.009139,0.000002,,0.006667,0.006087,,0.276743,,0.118583,0.000072,,0.000024,,,,,0.016173,,,,,
109041503,1.81243e+09,21,个,0.9240,0.000029,0.923977,0.019333,0.054687,0.000004,,0.000168,0.000353,0.000119,0.000006,0.000279,,0.000081,0.000884,0.000026,,0.000005,,0.000040,0.000001,0.000001,0.000001,,0.000000,0.000005,0.000000,,,,,,
104020115,1.79225e+09,10,个,0.9814,0.000871,0.981393,0.011906,0.004544,,,0.000509,0.000738,,,0.000000,,,0.000037,,,0.000000,,,,,0.000001,,,,,,,,,,
108041501,1.78436e+09,17,个,0.8181,0.150659,0.818126,0.001857,0.016220,,,0.000437,0.008378,0.000073,0.000000,0.000011,0.000033,,0.002973,0.000004,,0.000015,,0.000051,0.000005,,,,0.001146,0.000012,,,,,,,
101010199,1.7763e+09,26,千克,0.7573,0.757337,0.029039,0.014543,0.007990,0.027939,0.000012,0.003829,0.011616,0.007948,0.000204,0.014220,0.000113,0.001036,0.011023,0.004008,0.000041,0.032591,,0.066320,0.002441,0.000081,0.000528,0.000202,0.006376,0.000166,,0.000382,,0.000015,,,
103020302,1.76128e+09,16,千克,0.2232,0.223223,0.203013,0.027518,0.001247,0.000048,,0.002116,0.032068,0.209802,,0.025993,,,0.003907,0.000119,,0.101199,,0.159024,0.000596,,0.009998,,,,,0.000128,,,,,
104011201,1.75343e+09,18,千克,0.4418,0.441837,0.080844,0.001988,0.004916,,0.000772,0.429190,0.013599,0.000213,,0.000014,0.000003,0.023404,0.001949,,,0.000425,,0.000021,0.000007,,,,0.000383,0.000434,,0.000001,,,,,
109042409,1.74679e+09,22,个,0.8017,0.006961,0.801732,0.005907,0.144160,0.000093,0.000037,0.011872,0.018775,0.000076,0.000197,0.000008,0.000030,0.000371,0.008949,0.000010,0.000028,0.000017,,0.000001,0.000000,,0.000000,,0.000115,0.000661,,,,,,,
107030207,1.74215e+09,15,盒,0.8192,0.015639,0.019122,0.001713,0.000026,,,0.000000,0.077417,0.000009,,0.819202,,,0.001036,0.016837,,0.033031,,0.014787,0.000400,,,,0.000001,,,0.000781,,,,,
109011402,1.7364e+09,19,个,0.9701,0.003231,0.970069,0.002556,0.020851,0.000608,,0.000520,0.000625,0.000001,0.000012,0.000002,0.000095,0.000090,0.001022,0.000005,0.000011,0.000001,,0.000001,0.000257,,,,0.000043,,,,,,,,
106040199,1.7236e+09,25,个,0.6624,0.040142,0.662377,0.101225,0.051657,0.000000,,0.000450,0.043897,0.007361,0.000299,0.024652,0.000017,0.001639,0.024076,0.003113,0.000173,0.015015,,0.005704,0.000540,,0.000145,0.000000,0.003583,0.013912,0.000000,0.000007,,,,0.000017,
102040105,1.71677e+09,10,千克,0.9985,0.998508,0.000095,0.000214,0.000018,0.000017,,0.000000,0.000273,,,,,,0.000201,0.000009,,,,,,,,,,0.000665,,,,,,,
109050299,1.71638e+09,18,套,0.5866,0.000174,0.376615,0.018990,0.586564,,,0.000738,0.002686,0.000532,0.003488,0.000031,0.000210,0.000155,0.004643,,0.004346,0.000000,,,0.000002,,0.000032,,0.000789,0.000004,,,,,,,
108020300,1.69654e+09,17,千克,0.6884,0.688375,0.193324,0.003439,0.038406,,0.000351,0.072779,0.000571,0.000000,,0.000001,,0.000023,0.002274,0.000001,,0.000021,,0.000060,0.000128,,,,0.000237,0.000011,,,,,,,
103030703,1.69573e+09,16,箱,0.4017,0.004105,0.275441,0.009785,0.018827,0.000448,,,0.094471,0.401697,,0.054654,,,0.002341,0.096667,,0.008675,,0.015508,0.002749,,0.000041,,,0.000001,,0.014590,,,,,
104011204,1.69132e+09,19,千克,0.6746,0.674598,0.088531,0.001863,0.013449,0.000059,0.000008,0.209976,0.006090,0.000003,,0.000294,0.000001,0.002259,0.000654,0.000000,,0.001158,,0.000050,0.000000,,,,0.000960,0.000048,,,,,,,
104010602,1.68163e+09,20,个,0.6787,0.011156,0.678651,0.025586,0.124905,0.000101,,0.001448,0.058588,0.008322,0.000002,0.051739,,0.000038,0.002492,0.000084,,0.022213,,0.014110,0.000022,,0.000492,,0.000043,0.000008,0.000001,,,,,,
109020199,1.68118e+09,23,个,0.7012,0.014912,0.701237,0.003181,0.240466,0.000019,0.000190,0.021676,0.009133,0.000969,0.000691,0.000275,0.000018,0.000852,0.002040,0.000082,0.000487,0.000035,,0.000015,0.000822,0.001388,,,0.001350,0.000038,,0.000125,,,,,
107020207,1.67928e+09,12,千克,0.9978,0.997808,0.000639,0.001010,0.000068,0.000023,,,0.000020,,,0.000000,,0.000002,,0.000366,,0.000010,,0.000006,0.000048,,,,,,,,,,,,
304040901,1.67607e+09,20,UNKNOWN,0.5535,0.022099,0.079805,0.553524,0.000000,,,,0.006179,0.000142,0.018444,0.000000,0.046779,,0.110801,,0.144120,0.000000,,0.000014,,0.000331,0.000195,0.002311,,,0.004544,,0.006738,0.003961,0.000011,,
107020115,1.67405e+09,16,千克,0.9560,0.956024,0.000705,0.016443,0.000118,0.002128,,,0.010750,0.005129,,0.000167,,0.000078,0.000433,0.003103,,0.002539,,0.000599,0.001764,,,,,0.000016,,0.000006,,,,,
102040107,1.66876e+09,18,千克,0.9755,0.975543,0.013901,0.004499,0.000794,0.003397,,0.000178,0.000014,0.000008,,0.000000,,0.001597,0.000009,0.000000,,0.000003,,0.000009,,0.000000,,,0.000049,0.000000,,0.000001,,,,,
104011102,1.66775e+09,20,个,0.3553,0.098231,0.355275,0.020993,0.021610,0.000001,,0.076050,0.007197,0.235427,0.000012,0.014129,0.000004,0.114867,0.002232,0.000005,,0.036860,,0.010490,0.000044,,,,0.002923,0.003651,,0.000001,,,,,
102020102,1.66663e+09,18,千克,0.9768,0.976768,0.000424,0.012079,0.000522,0.001513,,0.000004,0.005743,0.000003,0.000216,0.000000,0.000003,0.000934,,0.000029,,0.000007,,0.000040,0.001245,,,,,0.000469,,0.000002,,,,,
106050204,1.65948e+09,12,千克,0.4449,0.444860,0.181812,0.016127,0.352371,,,,0.002886,0.000072,0.000000,0.000000,,,0.001347,0.000002,,,,,,,,0.000520,0.000003,,,,,,,,
501010100,1.65348e+09,17,平方米,0.7011,0.000085,0.040708,0.222808,0.015994,0.000339,0.000077,0.000685,0.006262,,0.003269,0.000000,0.001840,0.701132,0.000159,,0.004661,,,,,,0.000072,0.001872,0.000037,,,,,,,,
102059900,1.65159e+09,19,千克,0.8240,0.824008,0.023706,0.013115,0.010159,0.073567,,0.002564,0.004011,0.000005,0.000073,0.000022,,0.032513,0.010740,0.000325,,0.001173,,0.000345,0.000090,,,,0.001380,0.000103,,,,,0.002100,,
304040702,1.64947e+09,25,UNKNOWN,0.3800,0.164954,0.186683,0.380007,0.000449,0.010385,0.000002,,0.034910,0.006359,0.009089,0.000002,0.061182,0.021341,0.020778,0.000353,0.067744,0.000000,,,0.000034,0.002665,0.001297,0.004802,,,0.000260,0.000099,0.002646,0.022320,0.001637,,
103020201,1.64552e+09,18,箱,0.4390,0.091918,0.088592,0.030455,0.003574,0.000002,,0.000001,0.054467,0.439009,0.000013,0.062611,,,0.002081,0.062250,,0.065132,,0.077692,0.008474,,0.000226,,,0.000033,,0.013471,,,,,
107020210,1.64207e+09,12,千克,0.9831,0.983054,0.000139,0.015314,0.000109,0.000067,,,0.000147,0.000008,,0.000003,,,,0.000653,,0.000000,,,0.000494,,,,,,,0.000011,,,,,
106010502,1.63871e+09,28,个,0.3122,0.122985,0.312244,0.018607,0.026471,,0.000009,0.000433,0.102302,0.114084,0.000412,0.041221,0.000179,0.002318,0.088893,0.001688,0.000322,0.098138,,0.008407,0.001251,0.000110,0.003182,0.000036,0.001388,0.027467,0.000000,0.000033,0.000004,0.000000,,0.027814,
107040301,1.63715e+09,15,千克,0.9783,0.978292,0.007948,0.000153,0.000790,0.000006,,0.008007,0.000330,0.000000,,0.000003,,0.004176,,0.000000,,0.000208,,0.000014,,,,,0.000003,0.000069,,,,,,,
109042501,1.63502e+09,19,个,0.9227,0.009254,0.922738,0.003792,0.048382,0.000000,,0.000081,0.006939,0.000001,0.000008,0.002638,0.000004,0.000034,0.004753,0.000004,,0.000003,,0.000001,0.000173,,,,0.001194,0.000000,,,,,,,
109040301,1.63406e+09,13,个,0.5575,0.001299,0.557475,0.003521,0.435739,,0.001305,0.000005,0.000314,0.000009,0.000141,,,0.000017,0.000134,,,,,,,,,,0.000011,0.000031,,,,,,,
107020240,1.63137e+09,4,千克,0.9999,0.999860,,,,,,,,,,,,,,0.000113,,,,,0.000015,,,,,,,0.000012,,,,,
109061802,1.6275e+09,9,个,0.9552,0.000106,0.955161,0.008278,0.009116,0.000154,,,0.000041,,,,0.000004,,0.027108,,,,,,,0.000031,,,,,,,,,,,
109060307,1.61465e+09,21,个,0.7308,0.013626,0.730805,0.112414,0.094383,,0.000005,0.028562,0.018001,0.000132,0.000619,0.000048,0.000144,0.000005,0.000629,0.000001,0.000400,0.000041,,0.000001,0.000001,,0.000004,,0.000152,0.000027,,,,,,,
107010110,1.61275e+09,18,千克,0.9228,0.922753,0.009091,0.004261,0.003339,0.000016,,0.000000,0.002460,0.000041,,0.000087,0.000002,0.000000,0.000128,0.047420,,0.000006,,0.000011,0.002738,,,,0.003719,,,0.003927,,,,,
101020202,1.60646e+09,22,立方米,0.5927,0.092999,0.222152,0.017905,0.014314,0.592678,0.000211,0.012967,0.001916,0.000193,0.000188,0.000122,0.000151,0.033200,0.008051,0.000047,,0.000185,,0.000475,0.000147,,,,0.001725,0.000189,,0.000178,,,0.000008,,
102040302,1.59536e+09,19,千克,0.9480,0.947987,0.045247,0.000296,0.003509,0.000664,0.000265,0.000304,0.000777,0.000006,,0.000004,,0.000062,0.000271,0.000001,,0.000543,,0.000000,0.000010,,,,0.000026,,,0.000000,,,,0.000027,
107010202,1.58235e+09,21,千克,0.9337,0.933710,0.002496,0.003539,0.000259,0.047863,0.000942,0.000098,0.000873,0.000480,0.000006,0.002535,,0.000984,0.000109,0.004953,0.000004,0.000222,,0.000039,0.000546,,,,0.000004,0.000001,,0.000335,,,,,
501029900,1.57844e+09,16,UNKNOWN,0.5791,0.004014,0.002873,0.579128,0.007375,,0.000370,0.000089,0.032730,,0.015567,,0.020555,0.188192,0.002237,,0.108796,,,,,0.000799,0.000007,0.036904,,,,,0.000363,,,,
107021702,1.57436e+09,10,千克,0.9855,0.985511,0.000171,0.004246,0.001721,,,0.000073,0.004724,0.003474,,,0.000006,,,,,0.000000,,,,,,,,,,,,,0.000075,,
109024902,1.57135e+09,19,套,0.5295,0.015122,0.332353,0.029491,0.529525,0.022338,,0.007735,0.024844,0.000327,0.012651,0.000110,0.000775,0.016673,0.006872,0.000063,,0.000025,,0.000014,0.000820,,,,0.000045,0.000218,,,,,,,
107040307,1.57034e+09,11,千克,0.9969,0.996934,0.001310,0.000108,,0.000185,,0.000435,0.000570,0.000220,,,,,,,,0.000001,,,0.000044,,,,0.000088,0.000105,,,,,,,
109031201,1.5696e+09,8,个,0.9950,0.000214,0.994980,0.000261,0.000876,,,0.000001,0.000429,,,,,,0.003235,,,,,,,,,,,0.000006,,,,,,,
109041002,1.56577e+09,18,千米,0.5456,0.021743,0.217021,0.009922,0.013965,0.000029,,0.545642,0.180360,0.003535,0.001486,0.000012,0.000000,,0.004848,0.000001,,0.000000,,0.000000,0.000000,,,,0.000219,0.001217,,,,,,,
109022818,1.55742e+09,22,个,0.8088,0.016897,0.808848,0.002296,0.117546,0.001606,0.000047,0.005164,0.017212,0.007960,0.000092,0.002950,0.000048,0.000940,0.014122,0.000204,,0.000231,,0.000000,0.000299,,0.000316,,0.002620,0.000593,,0.000009,,,,,
109024599,1.55013e+09,22,个,0.7420,0.000968,0.741972,0.009082,0.118776,0.000482,,0.000073,0.022334,0.000106,0.000029,0.075994,0.000022,0.000002,0.011227,0.008347,,0.002636,,0.001312,0.004652,,0.000288,0.000000,0.001510,0.000183,,0.000005,,,,,
109011704,1.5494e+09,23,个,0.8083,0.033783,0.808279,0.005099,0.107523,0.000145,0.000059,0.004673,0.002922,0.000188,0.006317,0.000843,0.000265,0.000017,0.027954,0.000056,,0.000418,,0.000008,0.000595,0.000034,,0.000028,0.000768,0.000021,,0.000004,,,,,
109051202,1.5481e+09,21,个,0.8302,0.000038,0.830236,0.002791,0.099454,,,0.000661,0.044792,0.000209,0.014403,0.000005,0.000158,0.000044,0.006813,0.000089,0.000153,0.000026,,0.000001,,0.000065,0.000000,0.000001,0.000011,0.000049,,,,,,,
107020307,1.54715e+09,15,千克,0.9874,0.987366,0.001073,0.000058,0.000952,0.005534,,0.000004,0.001066,0.000029,,,,0.000002,,0.000778,,0.000034,,0.000127,0.002581,,,,,0.000002,,0.000392,,,,,
107060104,1.54467e+09,22,个,0.7166,0.028852,0.716587,0.006211,0.062079,0.000992,,0.130902,0.010289,0.001954,0.002638,0.000433,0.000018,0.000903,0.028919,0.002254,,0.001356,,0.000087,0.000317,0.000013,0.000000,,0.001726,0.003184,,0.000287,,,,,
107022500,1.53991e+09,21,千克,0.9773,0.977255,0.003332,0.004142,0.000284,0.000005,,0.000001,0.001621,0.000689,,0.002467,0.000000,0.000257,0.000336,0.002338,0.000023,0.000969,,0.002418,0.003800,,0.000000,,0.000005,0.000000,,0.000058,,,,,
105010503,1.5353e+09,14,个,0.7272,0.001815,0.727165,0.039356,0.005467,0.089689,,0.004214,0.022339,,0.000060,0.000000,0.000001,0.091464,0.017897,,,0.000001,,,,,,,0.000532,,,,,,,,
301050202,1.51693e+09,17,千克,0.6451,0.645132,0.009246,0.142789,0.001476,0.014306,,0.000775,0.012754,0.002963,0.011688,,0.119410,,0.004145,,0.012335,,,,,0.000074,,0.000007,,,0.000001,,,0.017159,0.005740,,
106010199,1.51012e+09,25,千克,0.8649,0.864872,0.067286,0.005363,0.002647,0.000463,0.000009,0.000698,0.006430,0.009045,0.000006,0.001706,0.000002,0.010634,0.004919,0.000148,0.000024,0.008089,,0.000033,0.000064,0.000008,0.000065,,0.000040,0.003188,,0.000008,,,,0.014252,
301040101,1.50714e+09,8,千克,0.9602,0.960211,0.000166,0.003804,0.000170,0.008305,,0.000131,0.027152,,,,0.000061,,,,,,,,,,,,,,,,,,,,
107030407,1.50497e+09,13,盒,0.8814,0.002579,0.001697,0.000539,0.000015,,,,0.004464,0.000037,,0.881379,,,0.000008,0.108539,,0.000229,,0.000115,0.000321,,,,,,,0.000077,,,,,
104030702,1.49914e+09,9,千克,0.9832,0.983217,0.014048,0.001296,0.000222,,,0.001154,0.000002,,,,,,0.000057,0.000003,,0.000001,,,,,,,,,,,,,,,
501020200,1.47699e+09,15,UNKNOWN,0.3185,0.000001,0.278903,0.318476,0.001052,,0.000264,,0.055199,,0.007035,,0.001370,0.247779,0.001499,,0.080582,,,,,0.000292,0.000006,0.007371,,,,,0.000171,,,,
107050402,1.46596e+09,24,卷,0.3917,0.058593,0.155377,0.006108,0.003211,0.000699,0.000071,0.056926,0.021382,0.052644,0.000243,0.001689,0.000015,0.237030,0.005323,0.000233,,0.004495,,0.003386,0.000490,,0.000001,0.000000,0.000017,0.391730,,0.000273,,,,0.000064,
106040201,1.46435e+09,23,个,0.6083,0.012795,0.608262,0.005834,0.064839,0.000053,,0.000062,0.116029,0.007763,0.000068,0.154387,0.000003,,0.002433,0.001493,,0.001629,,0.004488,0.019299,0.000004,0.000001,,0.000380,0.000173,0.000000,0.000005,,0.000000,,,
108010501,1.45925e+09,20,个,0.5323,0.075920,0.532251,0.019923,0.000363,0.135520,,0.001672,0.143908,0.007729,0.000006,0.000004,,0.069823,0.012457,0.000168,,0.000013,,0.000007,0.000001,,,0.000168,0.000009,0.000024,,,,,0.000034,,
102050102,1.45562e+09,19,千克,0.9502,0.950248,0.011963,0.005722,0.001089,0.000420,,0.002032,0.001383,0.000101,,0.000110,0.000001,0.023766,0.000086,0.000097,,0.000915,,0.001690,0.000346,,,,0.000001,0.000024,,0.000007,,,,,
109040601,1.45491e+09,16,套,0.4751,0.002653,0.350119,0.001501,0.475059,,,0.002062,0.142255,,0.017726,0.000000,0.000055,0.000157,0.007875,0.000000,,0.000006,,,,0.000493,,,0.000040,0.000000,,,,,,,
103010801,1.45395e+09,17,个,0.5836,0.133864,0.583639,0.002743,0.002429,,,0.000006,0.029379,0.023732,,0.002727,,0.000005,0.006155,0.000086,,0.008206,,0.206872,0.000014,,0.000139,,0.000002,,,0.000002,,,,,
201010000,1.44898e+09,26,千克,0.6995,0.699549,0.078195,0.080167,0.018939,0.003345,0.006491,0.016667,0.033484,0.000216,0.005068,0.001600,0.008886,0.005366,0.022876,0.001358,0.000467,0.014252,,0.000052,0.000471,,0.000076,0.000029,0.000980,0.001039,,0.000017,,,0.000022,0.000390,
109030699,1.44099e+09,16,个,0.9527,0.004113,0.952718,0.015073,0.019563,,,0.000047,0.000672,,0.005000,,0.001025,0.000095,0.001114,0.000012,,,,,0.000011,0.000046,,,0.000005,0.000466,,0.000039,,,,,
109021107,1.43696e+09,22,套,0.4497,0.021946,0.400321,0.011757,0.449744,0.000483,,0.000214,0.025231,0.000180,0.000110,0.000428,0.000030,0.000246,0.027802,0.000131,,0.000166,,0.000001,0.000090,0.000027,,,0.061038,0.000015,0.000041,0.000000,,,,,
108041600,1.43525e+09,22,个,0.7234,0.025366,0.723447,0.007914,0.184059,0.000026,0.000045,0.000252,0.028250,0.000109,0.000178,0.000272,0.000017,0.001686,0.016203,0.000003,,0.000236,,0.001904,0.000074,0.000011,0.000001,,0.009906,0.000040,,,,,,,
107020802,1.43483e+09,20,千克,0.7844,0.784397,0.013833,0.003164,0.007342,0.020375,,0.000405,0.032470,0.000221,0.000100,0.000897,0.000022,0.002639,0.003542,0.002564,,0.000721,,0.001413,0.098850,,0.000005,,,0.000057,,0.026983,,,,,
103021001,1.43044e+09,18,千克,0.9221,0.922076,0.015551,0.003396,0.000199,,0.000023,,0.001265,0.037944,,0.000453,,,0.003303,0.001758,,0.003591,,0.009007,0.000045,,0.000002,0.000002,,0.000093,,0.001270,,,,0.000021,
108032201,1.42769e+09,11,千克,0.7629,0.762926,0.023631,0.000554,0.155655,,,0.000666,0.008439,,0.000023,,0.000003,,0.001502,0.046601,,,,,,,,,0.000001,,,,,,,,
304040301,1.42448e+09,12,UNKNOWN,0.8109,0.131858,0.000468,0.810915,0.000802,,,,0.020568,,0.001916,,0.004032,,0.000013,,0.022024,,,,,,0.000011,,,,,,,0.001503,0.005890,,
109031600,1.41922e+09,16,个,0.8492,0.001723,0.849222,0.019640,0.115966,0.000000,,0.000027,0.000481,0.000028,,0.000007,0.000012,,0.007073,0.000006,,0.000283,,,0.000000,,0.000001,,0.005531,,,,,,,,
109050304,1.4141e+09,20,个,0.7147,0.000348,0.714717,0.008034,0.233169,0.000006,,0.005325,0.001289,0.002022,0.001313,0.000228,0.000036,,0.030375,0.002545,0.000008,0.000117,,0.000002,,0.000035,,0.000006,0.000193,0.000232,,,,,,,
107030699,1.41353e+09,17,盒,0.3665,0.330678,0.115922,0.009801,0.001882,,,0.000050,0.016669,0.000556,,0.366544,,,0.052990,0.092870,,0.001735,,0.009544,0.000415,,0.000065,,0.000003,0.000009,,0.000267,,,,,
107020220,1.41335e+09,14,千克,0.9908,0.990771,0.003035,0.001519,0.000475,0.000142,,,0.000004,,,0.001422,,0.000111,,0.001022,,0.000008,,0.001336,0.000116,,,,0.000000,,,0.000037,,,,,
105010399,1.41179e+09,22,个,0.5098,0.022511,0.509767,0.009017,0.009010,0.227063,,0.004429,0.004962,0.000292,0.000458,0.000008,0.000006,0.202518,0.009159,,,0.000045,,0.000013,0.000089,0.000015,0.000001,0.000007,0.000609,0.000020,,0.000000,,,,,
105010504,1.41028e+09,20,平方米,0.7013,0.004976,0.075299,0.011272,0.010154,0.131577,,0.014046,0.032596,0.001378,0.000933,0.000514,0.000109,0.701302,0.014124,0.000000,,0.001492,,0.000001,0.000221,,,,0.000000,0.000001,,,,,0.000005,,
101010105,1.40675e+09,30,千克,0.7331,0.733070,0.120968,0.040117,0.015430,0.015857,0.002811,0.012335,0.008480,0.003813,0.007247,0.002992,0.000777,0.005332,0.011281,0.002895,0.006291,0.000211,0.000002,0.001625,0.001606,0.000009,0.000023,0.000035,0.003479,0.000633,,0.002134,0.000018,0.000028,0.000188,0.000316,
108010902,1.40261e+09,23,千克,0.7067,0.706656,0.061637,0.002708,0.005987,0.079961,,0.019326,0.007522,0.000423,0.000143,0.000033,0.000028,0.085099,0.011245,0.000063,0.000463,0.010183,,0.001079,0.004693,,0.000000,,0.000023,0.002710,,0.000003,,,0.000014,,
106040604,1.39775e+09,18,个,0.8465,0.058890,0.846531,0.001100,0.052985,,,0.000227,0.002998,0.002348,0.000189,0.002219,0.000009,0.009762,0.010101,0.000017,,0.000010,,0.000001,0.000003,,,,0.012600,,,0.000008,,,,,
109051501,1.39093e+09,13,个,0.8584,0.000384,0.858431,0.001838,0.003360,,,0.000288,0.135016,0.000003,0.000057,0.000000,0.000004,,0.000617,,,0.000001,,0.000000,,,,,,,,,,,,,
109024503,1.38923e+09,16,个,0.7816,0.009678,0.781583,0.000525,0.126499,,,0.000029,0.014052,0.004549,,0.049746,,,0.001954,0.000164,,0.007814,,0.000895,0.000008,,0.000161,,0.002322,0.000022,,,,,,,
107020107,1.38718e+09,16,千克,0.9626,0.962601,0.001041,0.001293,0.000021,0.003765,,0.000639,0.029327,0.000004,,0.000003,,0.000238,,0.000548,,0.000275,,0.000138,0.000064,,,,,0.000042,,0.000002,,,,,
105010604,1.38132e+09,18,个,0.7844,0.009266,0.784350,0.010643,0.085091,0.086109,,0.000981,0.003623,0.000243,0.000473,,0.000018,0.002977,0.013745,0.000007,0.000090,0.000001,,0.000002,,,,,0.002297,0.000083,,,,,,,
104020110,1.37907e+09,14,个,0.9699,0.000240,0.969905,0.004507,0.018465,,0.000016,0.000019,0.002037,0.000015,,0.000000,,,0.003802,,0.000082,0.000910,,0.000001,,,,,0.000000,,,,,,,,
104010202,1.37408e+09,19,千克,0.9377,0.937684,0.024639,0.003117,0.011791,,0.000515,0.016409,0.003600,0.000002,0.000000,0.000041,0.000000,0.001549,0.000455,0.000004,,0.000018,,0.000026,0.000002,,,,0.000144,0.000003,,,,,,,
109013202,1.36982e+09,18,个,0.9281,0.001404,0.928085,0.002698,0.035773,0.002145,,0.021460,0.002700,0.000056,,0.000842,0.000010,,0.004320,0.000013,,0.000030,,0.000001,0.000030,,,,0.000227,0.000202,,0.000004,,,,,
109024201,1.36635e+09,17,套,0.5487,0.000050,0.431483,0.003023,0.548651,,,,0.001161,0.000121,0.000095,0.014653,0.000017,,0.000402,0.000129,,0.000161,,0.000011,0.000005,,,0.000000,0.000033,0.000005,,,,,,,
303010100,1.35786e+09,16,UNKNOWN,0.3096,0.000490,0.183189,0.309574,0.002669,,0.004022,0.000842,0.075320,,0.090328,,0.002766,,0.003779,,0.213192,,,,,0.000131,0.000000,0.113647,0.000012,0.000038,,,,,,,
109040305,1.35521e+09,10,个,0.9678,0.001123,0.967848,0.000274,0.029388,,,0.000001,0.000169,0.000022,,,0.000008,,0.001076,,,,,,,,,,0.000093,,,,,,,,
303020100,1.35429e+09,11,UNKNOWN,0.5879,,0.087697,0.587881,0.000273,,,,0.011357,,0.051297,,0.018694,,0.029509,,0.100979,,,,,0.002124,,0.110152,,,,,,0.000038,,,
109062799,1.34978e+09,26,个,0.8244,0.001923,0.824354,0.012438,0.085727,0.000109,,0.005663,0.009211,0.004206,0.001421,0.006109,0.004907,0.001924,0.023177,0.000644,0.000324,0.007989,,0.000211,0.000569,0.001024,0.000503,0.000001,0.002144,0.005408,,0.000009,0.000002,,,0.000003,
102040202,1.34973e+09,9,千克,0.9878,0.987824,0.000509,,0.000920,0.001956,,,0.008688,0.000086,,,,,,0.000003,,,,0.000014,,,,,,0.000000,,,,,,,
304070102,1.34221e+09,10,UNKNOWN,0.9388,,0.021189,0.938809,0.005727,,,,0.007864,,0.006064,,0.018050,,0.000064,,0.000142,,,,,0.001663,,0.000429,,,,,,,,,
108012101,1.34007e+09,21,个,0.4722,0.048659,0.472190,0.059511,0.356065,,0.000001,0.000007,0.011200,0.011304,0.000001,0.030066,0.000000,0.000007,0.008501,0.000092,,0.000134,,0.000031,0.000002,,0.001907,,,0.000001,0.000000,0.000322,,,,,
108040202,1.33714e+09,20,平方米,0.5678,0.081977,0.098577,0.132486,0.059869,0.000781,0.000003,0.009791,0.029844,0.000170,0.007263,0.000003,0.000099,0.567760,0.010694,,,0.000000,,0.000020,0.000001,,,0.000003,0.000615,0.000043,,,,,,,
109024507,1.33201e+09,21,个,0.6320,0.000927,0.632037,0.001938,0.296227,,,0.000495,0.007890,0.000414,0.000179,0.028106,0.000006,0.000106,0.005205,0.005038,,0.014070,,0.002495,0.001465,0.000090,0.000004,,0.001340,0.001938,,0.000031,,,,,
104011203,1.33085e+09,14,个,0.3803,0.305423,0.380327,0.002080,0.018408,,,0.273744,0.011056,,,0.001697,,0.002312,0.000634,,,0.000130,,0.000010,,,,,0.003674,0.000492,0.000013,,,,,,
107010106,1.32784e+09,23,千克,0.7970,0.797025,0.110907,0.003086,0.004944,0.011962,,0.002026,0.011170,0.001723,0.000008,0.000390,0.000009,0.002552,0.003802,0.007159,,0.000181,,0.000078,0.038647,0.000002,0.000085,,0.000007,0.000056,,0.004164,,,0.000017,,
109060203,1.31982e+09,18,个,0.7851,0.009748,0.785080,0.010003,0.184956,,,0.000853,0.002271,0.000004,0.000538,0.000015,0.000133,,0.005902,0.000053,0.000079,0.000001,,,0.000005,,0.000012,,0.000341,0.000006,,,,,,,
105020299,1.31501e+09,24,个,0.5874,0.017977,0.587431,0.065930,0.168512,0.012326,,0.043056,0.018920,0.003348,0.003622,0.000387,0.000286,0.030240,0.039140,0.000240,0.000012,0.001940,,0.000197,0.001336,,0.000004,0.000007,0.003107,0.001825,,0.000154,,,0.000004,,
109024211,1.3115e+09,21,个,0.5498,0.004357,0.549767,0.007114,0.313373,,,0.000002,0.035285,0.001147,0.000184,0.081971,0.001130,,0.001914,0.001807,0.000089,0.001138,,0.000136,0.000270,,0.000239,,0.000001,0.000008,,0.000000,0.000069,,,,
104020108,1.31127e+09,15,个,0.9801,0.001470,0.980084,0.009062,0.004910,,,0.000372,0.001595,0.000167,,0.000127,,,0.001433,,0.000769,0.000000,,0.000006,,,0.000000,,0.000003,0.000001,,,,,,,
109013699,1.30933e+09,21,个,0.4389,0.427560,0.438912,0.024282,0.042783,,,0.012164,0.004998,0.000010,0.001057,0.001108,0.000034,0.000966,0.014990,0.000015,,0.000005,0.016644,0.000000,0.000595,0.000001,,0.010745,0.003097,0.000032,,,,,,,
109051105,1.30861e+09,14,个,0.9292,,0.929175,0.004205,0.052001,0.000013,,0.000294,0.001433,0.000004,0.000044,,0.000036,0.001695,0.011086,,,,,,0.000001,0.000001,,,,0.000012,,,,,,,
101030305,1.30589e+09,13,千克,0.9664,0.966363,0.024216,0.000172,0.000603,,0.000001,0.001867,0.000074,0.002159,,,,0.004038,,0.000084,,0.000004,,0.000420,,,,,0.000000,,,,,,,,
109041102,1.30581e+09,20,个,0.5410,0.200305,0.541043,0.001278,0.105913,0.000007,,0.059898,0.014242,0.002719,0.000665,0.000147,0.000059,0.001794,0.060920,0.000057,,0.000373,,0.000152,0.000086,,,,0.002083,0.007909,,0.000350,,,,,
109040405,1.30316e+09,10,个,0.9822,0.000210,0.982168,0.004728,0.002950,,,0.000000,0.009278,,,,,0.000116,0.000529,,,,,,,,,,0.000011,0.000009,,,,,,,
109042002,1.29729e+09,13,个,0.9877,0.000734,0.987675,0.010041,0.000685,,,0.000015,0.000440,0.000070,,0.000073,,,0.000260,0.000000,,0.000006,,,,,,,0.000001,0.000000,,,,,,,
109060299,1.29707e+09,24,个,0.6766,0.003080,0.676561,0.007077,0.227397,0.000043,0.000090,0.005193,0.034826,0.000243,0.028955,0.001483,0.001037,0.000003,0.011637,0.001258,0.000079,0.000207,,0.000025,0.000041,0.000002,0.000003,,0.000103,0.000656,,0.000003,,,,,
108040203,1.29443e+09,22,千米,0.2275,0.223026,0.213906,0.054016,0.121476,0.000057,0.000004,0.227455,0.018892,0.000016,0.001690,0.000173,0.000077,0.092503,0.042643,0.000000,,0.000068,,0.001094,0.000007,0.000006,,,0.000591,0.002301,0.000000,,,,,,
107010112,1.29379e+09,20,千克,0.9672,0.967163,0.007503,0.001095,0.000374,0.000044,,0.000071,0.015426,0.000424,,0.000733,0.000000,0.000152,0.000174,0.004835,,0.000060,,0.000055,0.001622,,,,0.000000,0.000000,,0.000269,,,,0.000001,
101020299,1.29367e+09,23,立方米,0.5445,0.109856,0.241275,0.012359,0.033763,0.544467,0.002992,0.012370,0.008075,0.000220,0.000479,0.000109,0.000120,0.016819,0.012817,0.000186,,0.000048,,0.000018,0.000211,,,,0.002624,0.001165,,0.000025,,,0.000001,0.000000,
108010701,1.29316e+09,19,平方米,0.3532,0.326506,0.031489,0.013133,0.005638,0.128955,0.000100,0.044384,0.060261,0.001003,0.000476,0.000000,,0.353199,0.033298,,,0.000006,,0.000015,0.001522,,,,0.000000,0.000001,,,,,0.000015,,
108011002,1.28981e+09,19,个,0.3864,0.081157,0.386433,0.082816,0.005370,0.002578,,0.009103,0.045261,0.004142,0.000052,0.000158,0.000020,0.375642,0.004360,0.000029,,0.002599,,0.000000,0.000000,,,,0.000163,0.000115,,,,,,,
106010103,1.28939e+09,20,千克,0.9658,0.965776,0.019869,0.007136,0.001026,0.000483,,0.000009,0.001364,0.000954,,0.000021,0.000001,0.001212,0.000543,0.000000,,0.000834,,0.000009,0.000039,,0.000008,,0.000003,0.000453,,,,,,0.000261,
108031203,1.28678e+09,14,千克,0.9526,0.952562,0.028030,0.003378,0.001110,,,0.000020,0.014818,,,0.000017,,,0.000005,0.000001,,0.000001,0.000007,0.000008,,,,,0.000000,0.000043,,,,,,,
303020200,1.28637e+09,18,UNKNOWN,0.2939,,0.092027,0.293933,0.012706,0.000153,,0.000001,0.011530,0.000023,0.089076,,0.172425,,0.024204,,0.286662,0.000000,,,,0.010173,0.000045,0.006907,,0.000009,,,0.000001,0.000125,,,
109011001,1.28465e+09,21,个,0.7903,0.002760,0.790307,0.008877,0.187061,0.000000,,0.001868,0.001256,0.000086,0.001168,0.000164,0.001869,0.000073,0.002242,0.000019,0.000047,0.000026,,0.000005,0.000029,,,,0.001601,0.000129,,0.000413,,,,,
109011902,1.28186e+09,19,个,0.6920,0.022096,0.692014,0.026876,0.252371,0.000175,,0.000142,0.003393,0.000122,0.000175,0.000004,0.000000,0.000100,0.001566,0.000002,,0.000002,,0.000000,0.000016,,,,0.000940,0.000007,,,,,,,
102050502,1.27917e+09,17,千克,0.9695,0.969542,0.001142,0.028971,0.000035,0.000079,,0.000059,0.000053,0.000010,,0.000011,,0.000078,0.000001,0.000009,,0.000006,,0.000000,0.000002,,,,0.000000,0.000000,,,,,,,
109051001,1.27904e+09,20,个,0.4769,0.005007,0.476855,0.028976,0.318284,,,0.000841,0.005776,0.001529,0.021613,0.000023,0.000454,0.000071,0.139407,,0.000785,0.000021,,0.000008,0.000001,,0.000215,,0.000004,0.000027,,,0.000103,,,,
304040703,1.27785e+09,23,次,0.4175,0.062733,0.007112,0.351711,0.000340,0.004313,,0.000042,0.014655,0.003274,0.060228,,0.417451,0.017564,0.006971,,0.027818,,0.000247,,0.000013,0.000659,0.013888,0.001457,,0.000006,0.000261,,0.000104,0.008705,0.000448,,
109020102,1.27341e+09,19,个,0.9302,0.021714,0.930169,0.004415,0.037325,0.000028,,0.001733,0.000996,0.000034,0.001490,0.000011,0.000007,,0.000355,0.000000,,0.000046,,,0.000795,,,0.000000,0.000117,0.000010,,,0.000753,,,,
109030803,1.27247e+09,21,个,0.7965,0.052241,0.796529,0.006454,0.137383,0.000038,,0.000200,0.002333,0.000037,0.000023,0.000051,0.000023,0.000144,0.000734,0.000079,,0.000195,,0.000001,0.001489,0.000003,,,0.002016,0.000027,,0.000000,,,,,
109023400,1.26925e+09,16,个,0.9134,0.000028,0.913361,0.026383,0.045233,,,0.000296,0.000251,,0.006664,0.000191,0.000049,,0.007374,0.000023,0.000023,0.000005,,,,,0.000025,,0.000095,0.000000,,,,,,,
104010402,1.26393e+09,14,千米,0.7988,0.180608,0.012665,0.003782,0.001842,,,0.798778,0.000813,,,0.000017,0.000002,0.000006,0.001213,,,0.000000,,,,,0.000227,,0.000000,0.000047,,,,,,,
109011004,1.2609e+09,23,个,0.6286,0.039603,0.628606,0.018935,0.237592,0.000002,0.000246,0.005882,0.010152,0.000869,0.027063,0.000216,0.007559,0.000082,0.014125,0.000889,,0.000214,0.000877,0.000028,0.004006,,,0.000001,0.002505,0.000537,,0.000012,,,,,
108020200,1.2511e+09,14,千克,0.9754,0.975360,0.014254,0.001137,0.000993,,,0.003006,0.000751,,0.000001,0.000000,,0.000163,0.003786,0.000011,,0.000309,,,,,,,0.000227,0.000002,,,,,,,
109041899,1.24682e+09,18,个,0.7766,0.000087,0.776636,0.007898,0.048990,,,0.000020,0.000111,0.000034,0.000600,0.000365,,0.000062,0.164351,0.000037,0.000037,0.000006,,0.000146,0.000022,,,,0.000007,0.000591,,,,,,,
103021002,1.24474e+09,18,千克,0.9905,0.990548,0.001261,0.001093,0.000014,,,0.000025,0.005180,0.000049,,0.000031,,0.000289,0.000048,0.000146,,0.000549,,0.000589,0.000115,,0.000002,,0.000001,0.000001,,0.000060,,,,,
108041899,1.24097e+09,22,个,0.8259,0.073073,0.825898,0.006426,0.067691,,0.000253,0.003186,0.013206,0.000011,0.000153,0.000013,0.000075,0.002514,0.007404,0.000006,,0.000001,,0.000000,0.000004,,,0.000006,0.000062,0.000003,0.000001,0.000017,,,,,
105010199,1.21759e+09,20,立方米,0.7049,0.018116,0.083735,0.142056,0.008139,0.704917,,0.014047,0.009870,0.000259,,0.000001,0.000092,0.008559,0.007979,0.000001,0.000061,0.000086,,0.000002,,,0.000037,,0.002017,0.000002,,0.000022,,,,,
107020110,1.2108e+09,13,千克,0.9882,0.988177,0.001123,0.005762,,,,,0.001385,0.000003,,0.000000,,0.001938,0.000008,0.001409,,0.000038,,0.000140,0.000014,,,,,,,0.000004,,,,,
107021306,1.21046e+09,18,千克,0.8845,0.884490,0.067336,0.001049,0.000679,0.002039,,0.001142,0.022039,0.000062,,0.000939,0.000011,0.001816,0.001193,0.002075,,0.000039,,0.000109,0.013407,,,,,0.001052,,0.000523,,,,,
107020602,1.2046e+09,17,千克,0.8231,0.823122,0.065707,0.000316,0.000101,0.027153,,,0.050616,0.001007,,0.002604,,,0.000032,0.003901,,0.010388,,0.000776,0.014248,,0.000000,,0.000003,0.000022,,0.000003,,,,,
107021203,1.20037e+09,20,个,0.3821,0.236913,0.382122,0.002547,0.044279,0.001688,,0.006098,0.031389,0.017921,,0.001883,0.000094,0.017549,0.002275,0.014058,,0.000748,,0.001332,0.033130,,0.000000,,0.000010,0.193383,,0.012582,,,,,
106051204,1.19894e+09,25,个,0.6886,0.009181,0.688606,0.017878,0.131240,0.000003,,0.000416,0.007965,0.036407,0.000299,0.050736,0.000083,0.000447,0.009205,0.008211,0.002261,0.028567,,0.003458,0.001893,0.000085,0.000113,,0.001570,0.000996,0.000000,0.000374,,,0.000007,,
106040109,1.18345e+09,20,千克,0.6966,0.696552,0.105409,0.003575,0.019783,0.000519,,0.001543,0.025472,0.004888,0.000001,0.004068,,0.002328,0.002362,0.022688,,0.000837,,0.000499,0.093377,,,,0.000012,0.011411,,0.004088,,,,0.000586,
109013604,1.17799e+09,18,个,0.7684,0.154774,0.768355,0.001345,0.063386,,0.000127,0.002322,0.000727,0.000001,0.000713,0.000001,0.000147,0.000713,0.001803,,,0.000021,,0.000014,0.000000,,,0.000023,0.005528,,,,,,,,
109023001,1.17726e+09,24,个,0.8042,0.007351,0.804248,0.002235,0.150836,0.000184,0.000654,0.001024,0.005955,0.000141,0.000017,0.002750,0.000102,0.001508,0.009450,0.000422,0.000346,0.007751,,0.000024,0.001793,,0.000001,,0.002840,0.000340,,0.000013,,,,0.000015,
306030199,1.17401e+09,11,UNKNOWN,0.3898,,0.143046,0.389792,,,,,0.033710,,0.010396,,0.069761,,0.003555,,0.004529,,,,,0.000951,0.152050,0.005093,,,0.187118,,,,,,
109020602,1.17304e+09,21,个,0.5299,0.284215,0.529935,0.009659,0.146565,0.000027,0.000003,0.000741,0.014148,,0.007469,0.000000,0.000111,0.000017,0.004123,0.000000,0.000044,0.000057,,0.000002,0.000031,0.000001,,,0.002827,0.000025,,,,,,,
109013101,1.17243e+09,23,个,0.6257,0.024394,0.625701,0.007757,0.252740,0.005048,,0.004151,0.020003,0.000088,0.005967,0.000002,0.002782,0.026785,0.019541,0.003661,0.000079,0.000056,,0.000002,0.001093,0.000015,,,0.000032,0.000070,,0.000032,,0.000001,,,
108012702,1.17165e+09,19,千克,0.9701,0.970144,0.019111,0.000799,0.000284,0.000005,,0.001855,0.006173,0.000038,,0.000064,,0.000186,0.000145,0.000009,,0.000087,,0.000582,0.000065,,0.000002,,0.000446,0.000004,,0.000001,,,,,
106010507,1.16364e+09,29,个,0.5870,0.075643,0.587010,0.009916,0.040816,0.000009,0.000261,0.001807,0.025627,0.004282,0.000689,0.002109,0.000034,0.083867,0.019223,0.000386,0.005262,0.005545,,0.001286,0.000001,0.000004,0.000838,0.000018,0.000026,0.128408,0.000000,0.000001,0.000053,0.000116,,0.006764,
109050204,1.16239e+09,19,个,0.6978,0.005206,0.697786,0.008178,0.180238,,0.000044,0.004236,0.061104,0.001194,0.020647,0.000014,0.000840,0.010484,0.009268,0.000000,0.000008,0.000151,,0.000005,,,,,0.000526,0.000070,,,,,,,
109040307,1.15775e+09,16,个,0.7001,0.047476,0.700143,0.105751,0.118085,,0.000112,0.000707,0.003404,,0.000007,0.000014,0.000019,,0.022526,0.000000,,0.000002,,,0.000030,,,,0.001677,0.000046,,,,,,,
106050902,1.15214e+09,14,UNKNOWN,0.4224,0.247071,0.217884,0.422364,0.000790,,,0.000001,0.103311,,,0.000112,0.000187,,0.004714,0.000000,,0.003556,,,,,,,0.000009,0.000000,,0.000001,,,,,
109052202,1.14908e+09,12,个,0.9370,,0.936995,0.008985,0.042649,,,0.000350,0.001546,0.000101,0.000001,0.000000,,0.000006,0.008944,,,,,,,,,,0.000344,0.000080,,,,,,,
108042400,1.14827e+09,22,个,0.7408,0.060659,0.740802,0.029744,0.084332,0.000002,0.000033,0.005679,0.019008,0.008316,0.000077,0.004049,0.000002,0.006238,0.026497,0.000128,,0.007370,,0.000314,0.000056,,0.000052,,0.004921,0.001721,,0.000001,,,,,
105010201,1.13325e+09,22,立方米,0.3480,0.115995,0.295643,0.018062,0.026893,0.347966,,0.005439,0.046135,0.000370,0.000040,0.000213,0.000002,0.125667,0.007579,0.000163,,0.001917,,0.000239,0.000198,,0.000003,,0.007455,0.000021,,0.000001,,,0.000001,,
108030500,1.12788e+09,11,千克,0.9916,0.991605,0.000067,0.005994,0.000003,,,0.000002,0.002302,,0.000017,0.000000,,0.000006,,0.000001,,,,,,,,,,0.000002,,,,,,,
107060105,1.12211e+09,19,千克,0.5537,0.553658,0.282688,0.009649,0.025944,0.005456,,0.058468,0.004099,0.000881,0.000018,0.000456,0.000000,0.037189,0.008331,0.000046,,0.005534,,0.000078,0.000059,,,,0.000988,0.006457,,,,,,,
108010305,1.11602e+09,16,个,0.7815,0.010358,0.781531,0.162912,0.001781,0.000565,,0.022067,0.017647,,,0.000006,,,0.000921,0.000006,,0.000002,,,0.000032,,,,0.002168,0.000003,,0.000000,,,0.000000,,
109062501,1.11484e+09,22,个,0.8977,0.000359,0.897664,0.005885,0.090678,,,0.000001,0.000315,0.000235,0.003644,0.000153,0.000146,0.000033,0.000297,0.000037,0.000162,0.000029,,0.000204,0.000032,0.000022,0.000001,,0.000005,0.000088,,,0.000010,,,,
107060111,1.11065e+09,21,平方米,0.2948,0.159354,0.257517,0.007676,0.015981,0.035067,,0.184596,0.026423,0.001373,0.001259,0.000984,0.000018,0.294808,0.009941,0.000169,,0.000575,,0.000167,0.000140,,0.000001,,0.000062,0.003825,,0.000063,,,,,
108042100,1.11049e+09,18,个,0.5004,0.014488,0.500410,0.029068,0.425374,,,0.002059,0.000794,0.020468,0.000011,0.000156,,0.002872,0.003640,0.000009,,0.000420,,0.000033,0.000071,,,,0.000094,0.000033,,0.000000,,,,,
106010508,1.11021e+09,19,个,0.8150,0.113858,0.814959,0.004323,0.000807,,,0.050247,0.000472,0.000674,0.000028,0.000258,0.000003,0.001143,0.006350,,,0.001494,,0.000008,0.000582,,0.000003,,0.000000,0.000691,,,,,,0.004101,
103030400,1.10735e+09,16,箱,0.4966,0.019379,0.140718,0.003672,0.002341,0.000037,,,0.084448,0.496597,,0.117982,,,0.000550,0.097867,,0.000635,,0.005529,0.029999,,0.000245,,,0.000000,,0.000001,,,,,
107060114,1.09774e+09,22,千克,0.7205,0.720519,0.213215,0.004618,0.013944,0.003776,,0.011871,0.005126,0.003383,0.000005,0.000062,0.000001,0.001837,0.014262,0.000006,,0.001177,,0.000010,0.000218,,,,0.000011,0.004964,,0.000008,,0.000017,0.000970,,
109060313,1.0939e+09,19,个,0.7016,0.001920,0.701617,0.021066,0.239183,,,0.000718,0.014608,0.000034,0.000381,0.000057,0.000010,0.000033,0.020071,0.000033,,0.000028,,0.000007,,,0.000023,0.000002,0.000152,0.000055,,,,,,,
109040101,1.08885e+09,22,个,0.7924,0.003798,0.792372,0.041820,0.148511,0.000146,0.004895,0.000079,0.004467,0.000003,0.000240,0.000350,0.000009,0.000015,0.001451,0.000011,0.000087,0.000002,0.000032,,0.000053,,,,0.001477,0.000183,,0.000000,,,,,
109013703,1.08765e+09,13,个,0.8601,0.087314,0.860067,0.016423,0.027309,,0.002408,0.000080,0.002957,,,,,0.000349,0.001692,,,0.000061,,,0.000032,,,,0.001308,,,,,,,0.000001,
102049999,1.08702e+09,19,千克,0.8893,0.889346,0.023410,0.003754,0.001291,0.000306,0.001282,0.000983,0.078192,0.000071,,0.000010,,0.001126,0.000106,0.000022,,0.000076,,0.000008,0.000002,,,,0.000000,0.000001,,,,,,0.000014,
106040699,1.08081e+09,22,个,0.7692,0.019917,0.769198,0.019579,0.041794,0.000278,,0.000482,0.042577,0.000973,0.000002,0.001873,0.000010,0.015960,0.041919,0.000246,,0.000028,,0.000007,0.002335,,0.000000,,0.042450,0.000368,0.000000,0.000004,,,,,
109010301,1.078e+09,16,套,0.7133,0.000886,0.247667,0.012998,0.713325,,0.000165,0.000052,0.021286,0.000003,0.001015,,0.000699,,0.000414,0.000008,,0.000000,,,0.000006,,,,0.001470,0.000007,,,,,,,
103030707,1.07556e+09,17,箱,0.4382,0.070045,0.106746,0.056549,0.003958,0.000043,,,0.024118,0.438174,,0.166537,,,0.001733,0.011226,0.000029,0.010263,,0.067010,0.001666,,0.000328,,,0.000000,,0.041573,,,,,
109010803,1.07514e+09,15,个,0.8785,0.009887,0.878456,0.009106,0.091507,0.000000,,0.000164,0.001969,,0.000083,0.000000,0.000136,0.000019,0.006164,,,,,0.000001,0.000083,,,,0.002425,,,,,,,,
109023206,1.07353e+09,23,个,0.8223,0.000132,0.822318,0.012349,0.146863,0.000000,,0.000258,0.002433,0.001199,0.006342,0.000973,0.002905,0.000007,0.003605,0.000123,0.000133,0.000113,,0.000014,0.000013,0.000009,0.000001,0.000065,0.000130,0.000016,,,,,,,
107030406,1.0691e+09,15,盒,0.8603,0.020647,0.047088,0.000155,0.000078,,,,0.015228,0.000011,,0.860267,,,0.000243,0.017014,,0.000662,,0.038461,0.000018,,,,0.000003,0.000073,,0.000052,,,,,
101010302,1.06701e+09,20,千克,0.7528,0.752820,0.009669,0.003817,0.000071,0.000032,,0.000000,0.003855,0.046316,0.000028,0.000217,,0.000003,0.003830,0.047876,,0.000098,,0.000672,0.130537,,0.000018,0.000068,,0.000009,,0.000065,,,,,
107040402,1.06353e+09,10,千克,0.9952,0.995152,0.001111,0.000049,0.000525,,,0.002942,0.000217,,,,,0.000002,,,,0.000000,,,,,,,0.000000,0.000002,,,,,,,
105010602,1.05972e+09,24,个,0.7482,0.009778,0.748233,0.011222,0.106612,0.021623,0.000551,0.019957,0.001599,0.006404,0.000046,0.000658,0.001019,0.014076,0.049997,0.000003,0.000377,0.000002,,0.000006,0.000000,0.000000,0.000003,,0.007047,0.000787,,0.000001,,,,,
109051604,1.05816e+09,18,个,0.8591,0.000922,0.859067,0.019843,0.105201,0.000001,,0.000010,0.003071,0.000019,0.003927,0.001381,0.000401,0.000061,0.005126,0.000110,,0.000746,,,0.000002,,,,0.000111,0.000000,,,,,,,
106051206,1.05492e+09,22,个,0.7051,0.048134,0.705134,0.000725,0.008270,0.000002,0.000374,0.149485,0.083856,0.000003,0.000002,0.000023,0.000004,0.000021,0.002507,0.000001,,0.000064,,0.000010,,0.000001,0.000018,0.000000,0.000895,0.000471,,,,,,,
107030213,1.05038e+09,16,盒,0.6793,0.000372,0.013458,0.000400,0.000001,0.000000,,,0.062625,0.000003,,0.679263,,,0.000563,0.210898,,0.006271,,0.025681,0.000009,,,,0.000000,0.000000,,0.000456,,,,,
109041305,1.0488e+09,22,瓦,0.4509,0.018140,0.336729,0.017176,0.052192,,0.000697,0.000069,0.106378,0.013437,0.000036,0.001321,0.000000,0.000007,0.002056,0.000004,,0.000025,0.450942,0.000004,0.000026,0.000001,0.000450,,0.000015,0.000297,,,,,,,
109040805,1.0487e+09,18,个,0.5051,0.005882,0.505057,0.009764,0.402922,,0.000390,0.000430,0.063109,0.000013,0.008616,0.000005,0.000080,,0.002906,,0.000150,0.000022,,,0.000012,,,0.000172,0.000181,0.000289,,,,,,,
108020401,1.0465e+09,18,千克,0.6024,0.602386,0.165186,0.002455,0.005943,,,0.216811,0.003023,0.000008,,0.000031,0.000005,0.000605,0.003153,0.000005,,0.000007,,0.000000,0.000003,0.000033,,,0.000166,0.000182,,,,,,,
105020107,1.04363e+09,21,平方米,0.3983,0.034193,0.282891,0.010775,0.056095,0.001445,0.000483,0.017778,0.137695,0.008973,0.000516,0.000220,0.000058,0.398314,0.049270,0.000091,,0.000126,,0.000007,0.000011,,0.000004,,0.000134,0.000921,,,,,,,
109024204,1.04286e+09,19,个,0.5235,0.003942,0.523475,0.004176,0.458796,,,0.000000,0.003471,0.000009,0.000042,0.003169,0.000018,,0.000394,0.000112,,0.001570,,0.000586,0.000104,0.000004,,,0.000100,0.000013,,0.000018,,,,,
107030108,1.03931e+09,9,千克,0.9913,0.991315,0.003084,0.000214,,,,,0.000349,0.000001,,0.004331,,,,0.000618,,0.000009,,0.000079,,,,,,,,,,,,,
109062003,1.0314e+09,14,副,0.7243,0.049898,0.097642,0.011926,0.001679,,0.000188,0.000003,0.100801,0.000001,,0.000767,,,0.011055,0.001534,,0.000063,,,0.000144,,,,0.724298,,,,,,,,
109060904,1.02516e+09,14,个,0.6253,0.001237,0.625303,0.007191,0.362737,,,0.000082,0.000029,,0.001182,0.000114,0.000000,,0.002091,0.000001,,,,,0.000001,,0.000022,0.000009,,,,,,,,,
108032001,1.02438e+09,16,千克,0.9711,0.971105,0.000490,0.011324,,0.000036,,0.000412,0.002437,0.000002,,0.000010,,0.003529,0.000001,0.000016,,0.000001,,,0.000002,,,,0.000001,0.010598,,0.000035,,,,,
109013102,1.02237e+09,21,个,0.9213,0.000837,0.921349,0.005158,0.017651,0.000294,,0.000395,0.030782,0.000209,0.001038,0.000281,0.000271,0.005733,0.015311,0.000371,0.000036,,,0.000007,0.000012,,,0.000001,0.000258,0.000001,,0.000006,,,,,
306030202,1.01002e+09,11,UNKNOWN,0.3886,,0.044174,0.388609,,,,,0.017449,,0.001317,,0.043568,,0.004695,,0.000896,,,,,0.005083,0.209985,0.006950,,,0.277276,,,,,,
107020103,1.00787e+09,15,千克,0.9868,0.986757,0.000198,0.001012,0.000079,0.002007,0.000025,0.000000,0.002862,0.000372,,0.000001,,0.001139,0.000161,0.001907,,0.000000,,,0.003479,,,,,,,,,,,,
109010304,1.00506e+09,18,套,0.4004,0.288288,0.254422,0.006249,0.400418,,,0.000392,0.026515,,0.008361,0.000005,0.010568,0.000028,0.001870,0.000039,,0.000027,,0.000003,0.000855,,,,0.001961,0.000000,,0.000001,,,,,
103010901,1.00174e+09,15,千克,0.7162,0.716216,0.088800,0.015445,0.000112,0.000004,,,0.041863,0.014634,,0.034497,,,0.023570,0.000339,,0.012479,,0.049286,0.000286,,0.002453,,,,,0.000016,,,,,
104020118,9.99975e+08,21,个,0.7623,0.001627,0.762301,0.004097,0.214269,,0.000029,0.000673,0.005824,0.000005,,0.000002,0.001051,0.000107,0.009365,0.000000,0.000437,0.000000,,0.000004,,0.000061,0.000001,0.000001,0.000103,0.000043,,,,,,,
109040802,9.9725e+08,20,个,0.6710,0.005847,0.670969,0.004481,0.042307,0.000025,,0.001528,0.009578,0.000008,0.000860,0.000001,0.000005,0.257903,0.001536,0.000002,,0.000387,0.003296,0.000016,,0.000090,,,0.000342,0.000819,,,,,,,
106051202,9.94676e+08,21,个,0.6214,0.032867,0.621440,0.017752,0.151238,0.000565,,0.007577,0.016586,0.076905,0.000005,0.016705,,0.000172,0.007909,0.034134,,0.007900,,0.001597,0.003693,0.000004,0.000113,,0.000184,0.000397,,0.002260,,,,,
109020601,9.9459e+08,17,套,0.7164,0.104834,0.139686,0.000065,0.716359,0.000001,,0.000126,0.001880,,0.023079,0.000001,0.000007,0.000773,0.012946,0.000055,0.000084,,,,0.000004,,,,0.000100,0.000001,,,,,,,
109025603,9.9197e+08,19,个,0.7341,0.001337,0.734078,0.007951,0.227632,,,0.000794,0.021782,0.000018,0.000333,0.000006,0.000259,0.000058,0.005501,0.000008,,0.000003,,0.000002,0.000095,,,,0.000127,0.000009,,0.000004,,,,,
104030301,9.91753e+08,19,个,0.9174,0.010404,0.917429,0.030571,0.029325,,,0.001758,0.005711,0.000651,0.000001,0.000001,0.000000,0.001544,0.000618,0.000000,,0.000007,,0.000002,0.000002,,0.000004,,0.001970,0.000000,,,,,,,
103030301,9.86421e+08,20,箱,0.7579,0.000775,0.059729,0.016519,0.023937,0.000188,,0.000375,0.043329,0.757948,0.000141,0.001128,,0.000269,0.004508,0.057462,,0.008693,,0.000010,0.012927,,0.000096,,0.000008,0.000012,,0.011945,,,,,
107021305,9.83735e+08,18,千克,0.9295,0.929547,0.004012,0.001144,0.000489,0.042015,,0.000107,0.004306,0.000014,0.000032,0.000230,,0.000629,0.000055,0.007045,,0.002802,,0.000868,0.006230,,,,,0.000010,,0.000466,,,,,
106020103,9.81858e+08,26,个,0.4808,0.016608,0.480752,0.099835,0.064646,0.000047,,0.002447,0.021393,0.016170,0.027314,0.002118,0.013193,0.103922,0.089781,0.000348,0.001124,0.002972,,0.000043,0.000492,0.000162,0.046053,0.000200,0.001657,0.006489,0.000000,,0.002100,,,0.000131,
104020403,9.80076e+08,19,个,0.9786,0.004581,0.978601,0.006679,0.000401,0.000058,,0.000889,0.004274,0.000173,,0.000005,,0.000869,0.001665,0.000003,,0.000007,,0.000006,0.000094,,0.001194,,0.000183,0.000316,,0.000001,,,,,
103020301,9.75442e+08,20,箱,0.3021,0.155832,0.187178,0.008478,0.002566,0.000009,,0.000005,0.067867,0.302102,,0.034763,,0.000068,0.016962,0.002121,,0.103728,,0.112309,0.002406,,0.001627,0.000006,0.000006,0.001117,,0.000850,,,,,
109023104,9.74235e+08,20,个,0.8914,0.006040,0.891352,0.000214,0.089164,0.000031,,0.001038,0.008248,0.000054,0.001980,0.000003,0.000728,0.000372,0.000207,0.000012,,0.000000,,0.000000,0.000000,,,,0.000556,0.000001,,,,,,0.000000,
108011499,9.66741e+08,18,个,0.5399,0.146308,0.539900,0.074834,0.039842,0.000014,,0.002304,0.010047,0.015119,,0.000944,,0.147699,0.017129,0.000054,,0.004651,,0.000223,0.000078,,0.000017,,0.000788,0.000051,,,,,,,
109060310,9.62387e+08,20,个,0.5446,0.004498,0.544565,0.007963,0.378087,,0.000099,0.001304,0.038349,0.000001,0.006485,0.000062,0.000860,0.000069,0.017421,0.000008,0.000083,0.000001,0.000071,,0.000025,,,,0.000045,0.000005,,,,,,,
307030100,9.61615e+08,20,UNKNOWN,0.7577,0.000000,0.007940,0.757731,0.012234,,,0.000005,0.054812,,0.025238,0.000000,0.133453,,0.001293,0.000001,0.000598,,,0.000000,0.000001,0.002696,0.000000,0.001109,,0.000008,0.000041,,0.002840,,,,
109040804,9.60388e+08,20,个,0.9456,0.000346,0.945634,0.003658,0.032709,,0.000213,0.002131,0.001058,0.000297,0.000131,0.000214,0.000169,0.000085,0.011969,0.000096,,0.000536,,0.000001,0.000188,,0.000004,,0.000064,0.000497,,,,,,,
109030802,9.59641e+08,14,个,0.9511,0.000954,0.951099,0.026173,0.020829,,0.000057,0.000002,0.000608,,,,0.000023,,0.000038,0.000013,,,,,0.000022,,,0.000109,0.000017,,,,,,0.000058,,
109020603,9.59098e+08,13,千克,0.4412,0.441173,0.251879,0.000551,0.281774,0.000057,,0.002654,0.003542,,0.016386,,0.000135,0.000094,0.001152,,,,,,,,,,0.000561,0.000041,,,,,,,
109060206,9.56501e+08,18,个,0.8685,0.000145,0.868532,0.021812,0.104930,,,0.000291,0.001286,0.000000,0.000177,0.000003,0.000175,,0.002381,0.000027,,0.000001,,0.000000,0.000023,,,,0.000075,0.000140,,0.000000,,,,,
103010906,9.53726e+08,13,千克,0.9852,0.985170,0.003390,0.000152,0.000001,,,,0.000309,0.002053,,0.004214,,,,0.001674,,0.001978,,0.000599,0.000000,,0.000368,,,,,0.000094,,,,,
109032103,9.4864e+08,19,个,0.7723,0.006584,0.772309,0.011457,0.166139,,0.000015,0.000200,0.035976,0.000061,0.000207,,0.000002,0.000002,0.005200,0.000063,,0.000000,,,0.000008,,0.000272,,0.001497,0.000001,,0.000009,,,,,
107021412,9.44714e+08,18,千克,0.8601,0.860116,0.021144,0.015213,0.004609,0.003291,,,0.012497,0.000390,,0.021349,0.000017,0.001287,0.001856,0.017479,,0.000926,,0.001262,0.038321,,0.000030,,,0.000177,,0.000037,,,,,
109050604,9.44595e+08,14,个,0.9839,0.000090,0.983855,0.000906,0.009367,,0.000128,0.000657,0.000275,0.000154,,0.000000,,,0.001813,,0.002745,0.000003,,,,,,,0.000005,0.000002,,,,,,,
103011204,9.37266e+08,12,千克,0.9568,0.956842,0.028896,0.000328,,0.000000,,,0.001412,0.005407,,0.000223,,,,0.000324,,0.000311,,0.001976,0.003648,,,,,,,0.000632,,,,,
109013403,9.36913e+08,21,个,0.8214,0.005566,0.821434,0.003248,0.131492,0.000169,,0.004565,0.002096,0.000730,0.008255,0.000624,0.000189,0.001933,0.005305,0.001881,0.000045,0.000304,,0.002913,0.000037,,0.000025,,0.000932,0.008256,,,,,,,
101011601,9.35924e+08,18,千克,0.6857,0.685680,0.104650,0.004183,0.004026,,,0.000002,0.025753,0.007494,,0.081687,0.000087,,0.009038,0.018848,,0.024227,,0.019228,0.001518,,0.002526,,,0.000001,0.000000,0.011052,,,,,
104010399,9.34604e+08,20,千克,0.4265,0.426507,0.330664,0.005719,0.008396,0.000804,,0.172183,0.003431,0.001247,,0.031986,0.000000,0.008542,0.002098,0.000075,,0.006051,,0.000547,0.000002,,0.000012,0.000001,0.001160,0.000575,,,,,,,
104020103,9.34236e+08,15,套,0.5235,0.000002,0.470505,0.002822,0.523543,,0.000396,0.000001,0.001043,0.000024,0.000012,0.001073,,,0.000502,0.000064,,0.000009,,,,0.000002,,,0.000002,,,,,,,,
109040402,9.33371e+08,15,个,0.9684,0.006666,0.968425,0.003712,0.016340,,0.000021,0.000073,0.001662,,0.000036,0.000000,0.000073,,0.002847,,,0.000007,,,0.000008,,,,0.000127,0.000002,,,,,,,
401020000,9.31104e+08,24,UNKNOWN,0.3857,0.020487,0.015235,0.385716,0.174334,0.000003,0.000071,0.000076,0.059110,0.000002,0.094617,0.000002,0.051356,0.000634,0.013255,0.000001,0.179644,,,,0.000000,0.003981,0.000507,0.000756,0.000002,,0.000044,,0.000145,0.000021,,,
201030000,9.30997e+08,27,千克,0.5371,0.537115,0.052825,0.199208,0.025889,0.048002,0.000433,0.003755,0.017758,0.000140,0.037102,0.000516,0.013346,0.000767,0.021569,0.000664,0.007779,0.000405,,0.003766,0.000103,0.027204,0.000002,0.000819,0.000024,0.000401,0.000096,0.000021,,,0.000294,,
109022202,9.29596e+08,23,个,0.8280,0.042229,0.827951,0.011511,0.099232,0.000096,0.000053,0.001301,0.005441,0.000076,0.000361,0.000465,0.000177,0.006794,0.000532,0.000980,,0.000021,,0.000029,0.000255,,0.000001,,0.000079,0.002324,,0.000092,,,,0.000001,
109023201,9.19898e+08,21,个,0.7573,0.068761,0.757266,0.029420,0.032063,0.000545,,0.000637,0.063669,0.000008,0.000070,0.000362,0.000027,0.006727,0.021399,0.005242,,0.000672,0.005087,,0.000024,0.000336,,,0.003679,0.003964,,0.000043,,,,,
106040899,9.17271e+08,19,个,0.6665,0.002386,0.666460,0.039115,0.145760,,,0.000162,0.014210,0.000853,0.004840,0.100944,,0.000177,0.021837,0.000015,,0.000722,,0.000292,0.000315,,0.000048,,0.001863,0.000000,,0.000000,,,,,
103020104,9.15053e+08,19,箱,0.3348,0.054804,0.189761,0.030775,0.010302,,,0.000172,0.069895,0.334764,0.000052,0.030605,0.000000,,0.004907,0.001958,,0.105440,,0.139289,0.005271,,0.000591,,0.000001,0.000001,,0.021412,,,,,
107020119,9.14666e+08,10,千克,0.7519,0.751864,0.000003,0.001632,0.000088,,,,0.018781,,,0.000002,,,,0.227577,,0.000009,,,0.000013,,,,,,,0.000033,,,,,
107050803,9.13568e+08,23,个,0.6559,0.098351,0.655918,0.002870,0.043568,0.004706,0.000008,0.012681,0.029724,0.111506,0.000001,0.003027,0.000002,0.017962,0.001961,0.001152,,0.004947,,0.001035,0.001535,,0.000005,,0.005402,0.003499,,0.000014,,,,0.000127,
107060399,9.13344e+08,21,千克,0.3822,0.382165,0.313283,0.005792,0.065319,0.002808,,0.128382,0.048094,0.000664,0.000404,0.000049,0.000010,0.037613,0.006471,0.000056,0.000000,0.000158,,0.000040,0.000043,,,,0.001696,0.006951,,0.000002,,,,,
108031199,9.06444e+08,16,千克,0.7906,0.790606,0.140027,0.003865,0.055379,,,0.000011,0.008560,,0.000017,0.000049,,0.000003,0.000002,0.000031,,0.000000,,0.000000,,,,0.000001,0.000070,0.001378,,,,,,,
109041905,9.02367e+08,12,个,0.9702,0.000000,0.970156,0.025394,0.003616,,,,0.000209,0.000551,,0.000009,,,0.000002,0.000007,,,,,,,0.000046,,0.000009,,0.000002,,,,,,
107020225,8.96859e+08,12,千克,0.9920,0.991994,0.000301,0.000693,0.000008,0.002450,,,0.000517,0.000024,,0.000020,,,,0.003076,,0.000012,,,0.000647,,,,,,,0.000259,,,,,
109062601,8.96164e+08,20,个,0.8717,0.000388,0.871721,0.014239,0.095462,0.000462,,0.001260,0.005978,0.000038,0.001539,0.001452,0.000992,0.000011,0.003275,0.000021,0.000028,0.000000,,,0.000023,0.002376,,,0.000118,0.000617,,,,,,,
109012704,8.95911e+08,20,个,0.7043,0.022146,0.704322,0.022937,0.175121,0.000187,,0.006355,0.003700,0.000003,0.005766,0.000004,0.000025,0.007232,0.048925,0.000117,0.000008,0.000040,,0.000149,0.000419,,,,0.002259,0.000286,,,,,,,
109060801,8.95608e+08,18,个,0.7049,0.000392,0.704879,0.005720,0.286216,,,0.000004,0.000667,0.000002,,0.000002,0.000722,0.000000,0.000202,0.000006,,0.000004,,0.000000,0.000003,,,,0.001181,0.000000,0.000002,,,,,,
103019900,8.94616e+08,18,千克,0.4442,0.444197,0.181535,0.110416,0.005192,,,0.000417,0.006492,0.067373,,0.018644,0.000007,,0.033726,0.031094,,0.021223,,0.063917,0.009124,,0.002272,,,0.000001,0.000002,0.004368,,,,,
107021002,8.92773e+08,18,千克,0.9772,0.977155,0.000227,0.000522,0.000080,0.003222,,0.000036,0.001770,0.000028,,0.000009,,0.000468,0.001728,0.000147,,0.000495,,0.000029,0.002126,,0.011901,,0.000000,,,0.000058,,,,,
109012905,8.92092e+08,14,个,0.7657,0.018042,0.765670,0.004177,0.205131,,,0.000122,0.000508,0.000001,0.003230,,0.000761,0.000429,0.001908,0.000000,,,,,0.000007,,,,0.000014,,,,,,,,
103011003,8.90402e+08,16,UNKNOWN,0.6900,0.263228,0.004143,0.690002,0.000135,,,,0.009011,0.009830,,0.001573,,,0.000025,0.003110,,0.005591,,0.005755,0.000040,,0.000029,,0.000022,0.006700,,0.000806,,,,,
109060702,8.87322e+08,20,个,0.5294,0.020459,0.529418,0.012744,0.416840,0.000501,,0.001314,0.002865,0.000025,0.000594,0.007358,0.000854,,0.000875,0.005970,0.000041,0.000054,,,0.000011,,0.000004,,0.000001,0.000072,,0.000002,,,,,
107030710,8.84577e+08,22,盒,0.3010,0.157945,0.219475,0.035531,0.018612,0.000162,,0.000145,0.080059,0.017026,0.000013,0.301024,0.000126,0.001172,0.007476,0.123367,,0.008500,,0.005756,0.013875,,0.008935,0.000006,0.000001,0.000337,,0.000458,,,,,
107021005,8.78808e+08,20,千克,0.9812,0.981222,0.003732,0.001569,0.000280,0.000350,0.000038,0.000334,0.002920,0.000152,,0.000012,,0.000435,0.001362,0.000807,,0.000142,,0.000003,0.003637,,0.002434,,,0.000422,,0.000118,,,0.000032,,
106040801,8.78046e+08,18,个,0.7348,0.008549,0.734776,0.005661,0.004674,,,0.000013,0.001927,0.209057,0.000019,0.000094,,0.000008,0.035096,0.000002,,0.000002,,0.000001,0.000102,,0.000013,,0.000003,,,0.000003,,,,,
109010501,8.76913e+08,21,个,0.8365,0.010231,0.836458,0.009726,0.112856,0.000002,,0.004187,0.004937,0.000007,0.000039,0.000008,0.000791,0.006527,0.010991,0.000021,0.000141,0.000082,,0.000001,0.000168,,0.000001,,0.002672,0.000154,,,,,,,
107021409,8.74875e+08,22,千克,0.5438,0.543825,0.046111,0.036126,0.005740,0.052008,,0.000028,0.043844,0.002348,0.014096,0.000692,0.000023,0.000079,0.001359,0.046000,,0.003375,,0.000236,0.185750,0.000019,0.000001,,0.000007,0.000006,,0.018326,,,,,
101040100,8.74038e+08,17,千克,0.8532,0.853157,0.023463,0.009845,0.000002,,,,0.007070,0.017068,0.000263,0.017975,,,0.015272,0.000023,,0.023717,,0.028865,0.000008,,0.003230,,0.000000,0.000000,,0.000043,,,,,
108011401,8.6916e+08,19,个,0.7467,0.021174,0.746709,0.006157,0.115597,,,0.000008,0.018425,0.038944,,0.042366,,0.004980,0.004121,0.000184,,0.000020,,0.000226,0.000002,,0.000990,,0.000089,0.000002,0.000001,0.000005,,,,,
301010102,8.68481e+08,25,UNKNOWN,0.4423,0.181686,0.064441,0.442297,0.004478,0.026670,0.001128,0.000189,0.132457,0.000049,0.010280,0.000012,0.075289,0.000129,0.021389,,0.021448,,,0.000009,0.000046,0.002229,0.000001,0.008876,0.000085,0.000004,0.000193,,,0.004289,0.002325,,
108040303,8.64057e+08,22,个,0.8485,0.016876,0.848550,0.008062,0.046489,,0.000017,0.031326,0.010143,0.002157,0.001595,0.012677,0.000140,0.000049,0.013689,0.000045,,0.000510,,0.000001,0.000096,,0.000001,0.000000,0.006199,0.001374,,0.000003,,,,,
105010303,8.58853e+08,14,个,0.7427,0.015553,0.742700,0.005831,0.011103,0.193971,,0.000028,0.000983,,0.000099,,0.000004,0.027391,0.002057,,,0.000001,,0.000079,,,,,0.000199,,,,,,,,
107020120,8.54948e+08,19,千克,0.9665,0.966497,0.015693,0.002741,0.000654,0.005438,,0.000421,0.000230,0.000261,0.000003,0.000232,,0.002084,0.000174,0.000283,,0.003855,,0.000066,0.001222,,,,0.000001,0.000133,,0.000012,,,,,
108041202,8.54757e+08,17,千克,0.6708,0.670813,0.055169,0.000815,0.003718,0.000081,,0.237642,0.006795,0.013856,0.000035,0.000054,,0.000018,0.002310,,,0.000007,,0.000042,,,,,0.000414,0.008131,,0.000101,,,,,
109042399,8.53766e+08,21,个,0.9101,0.001248,0.910111,0.005130,0.024639,0.000020,0.000872,0.001740,0.054189,0.000958,0.000373,0.000005,0.000001,0.000128,0.000106,0.000018,0.000234,0.000000,,0.000000,0.000027,,,,0.000087,0.000117,,,,,,,
107020231,8.53324e+08,9,千克,0.9995,0.999473,0.000117,0.000020,0.000003,,,,0.000020,,,,,0.000003,,0.000009,,,,,0.000355,,,,,0.000000,,,,,,,
109051399,8.525e+08,21,个,0.5044,0.000117,0.504431,0.061140,0.390242,,,0.002201,0.011527,0.000262,0.022148,0.000013,0.000395,0.000481,0.005631,0.000002,0.001040,0.000002,,0.000000,,0.000002,,0.000330,0.000012,0.000003,,,0.000020,,,,
107030399,8.44663e+08,15,千克,0.5553,0.555338,0.002299,0.001117,0.000104,,,,0.018348,0.004438,,0.218368,,,0.038535,0.021448,,0.016054,,0.097651,0.000005,,,,0.000005,0.000002,,0.026289,,,,,
108031403,8.43758e+08,11,千克,0.8697,0.869706,0.119415,0.004747,0.004295,,,0.000026,0.000413,,,0.000006,,0.000008,0.001140,,,0.000000,,,,,,,0.000244,,,,,,,,
109020202,8.3846e+08,15,个,0.5973,0.012404,0.597259,0.002250,0.195910,,,0.124168,0.064536,,0.002283,0.000261,0.000007,,0.000088,0.000011,,0.000009,,,0.000782,,,,0.000031,0.000000,,,,,,,
104020116,8.37189e+08,8,个,0.9871,0.000010,0.987148,0.005953,0.004190,,,0.000429,0.000307,,,,,,0.001943,,0.000020,,,,,,,,,,,,,,,,
107021901,8.36991e+08,21,千克,0.8869,0.886887,0.023011,0.004826,0.024170,0.003408,,0.000380,0.007300,0.000888,0.001110,0.000317,0.000583,0.000280,0.010215,0.002980,0.002562,0.001210,,0.001672,0.028145,,,,0.000002,0.000018,,0.000034,,,,,
109050801,8.36617e+08,17,个,0.8381,0.001710,0.838089,0.011927,0.126007,,,0.002375,0.000771,0.000030,0.005294,0.000111,0.000728,0.001227,0.011196,0.000003,,0.000000,,,0.000211,,,,0.000276,0.000045,,,,,,,
109010699,8.32812e+08,12,千克,0.7910,0.791038,0.185911,0.000513,0.019567,,,0.000262,0.000013,0.000037,0.000003,0.000000,0.000018,,0.000475,,,,,,,,,,0.002163,,,,,,,,
108042700,8.29588e+08,20,个,0.5825,0.187884,0.582540,0.002258,0.050508,0.000013,,0.125662,0.036723,0.000098,0.000004,0.000912,0.000011,0.001634,0.007626,0.000465,,0.000056,,0.000075,0.000073,,,,0.002861,0.000595,,0.000001,,,,,
108020404,8.29584e+08,16,个,0.4873,0.325797,0.487336,0.002596,0.095253,,,0.057573,0.002418,0.000003,0.003278,0.000015,,0.000404,0.011486,0.000741,,0.000202,,,0.000024,,,,0.012620,0.000254,,,,,,,
109060104,8.29366e+08,21,个,0.6541,0.007930,0.654086,0.033679,0.275230,0.000001,,0.005013,0.009519,0.000389,0.005838,0.000193,0.000932,0.000125,0.005820,0.000157,,0.000305,,,0.000185,0.000067,0.000002,,0.000205,0.000318,,0.000006,,,,,
108031402,8.28881e+08,17,个,0.5587,0.426722,0.558680,0.001309,0.004413,,,0.000099,0.002875,0.000007,,0.000178,,0.000953,0.004476,0.000000,,0.000014,,0.000021,0.000007,,,,0.000241,0.000002,,0.000000,,,,,
108042300,8.26985e+08,21,个,0.7819,0.048338,0.781901,0.018442,0.072188,0.000017,,0.000534,0.026300,0.000538,0.000238,0.012300,,0.001577,0.035399,0.000020,,0.002049,,0.000080,0.000003,,0.000019,,0.000037,0.000018,0.000000,0.000002,,,,,
102050202,8.21068e+08,17,千克,0.8129,0.812860,0.007586,0.004152,0.001969,0.087481,,0.012872,0.008192,0.000027,,0.000447,0.000068,0.053974,0.010340,0.000002,,0.000003,,,0.000027,,,,0.000001,0.000000,,,,,,,
104030501,8.19194e+08,13,个,0.8710,0.105439,0.870975,0.006808,0.013795,,,0.001783,0.000598,,,0.000533,0.000010,,0.000016,0.000009,,0.000002,,,0.000001,,,,0.000029,,,,,,,,
109012003,8.16306e+08,21,个,0.8356,0.028243,0.835558,0.008981,0.080159,0.000013,0.000012,0.021411,0.004114,0.000207,0.000091,0.000168,0.000137,0.000019,0.017812,0.000139,,0.000112,,0.000007,0.001689,,,,0.000655,0.000461,,0.000013,,,,,
108010302,8.12866e+08,19,千米,0.5658,0.090660,0.173059,0.015433,0.006801,0.002433,,0.565836,0.127772,0.000002,0.000004,0.000000,0.000003,0.004075,0.013491,0.000087,,0.000014,,0.000006,0.000105,,,,0.000031,0.000187,,,,,,,
109031404,8.1128e+08,19,个,0.7050,0.019935,0.704981,0.016746,0.174925,,0.000102,0.001112,0.023819,0.001075,,0.000111,0.000022,0.000102,0.024309,0.000080,,0.000001,,0.000003,0.000003,,0.000002,,0.032527,0.000145,,,,,,,
102050302,8.10266e+08,12,千克,0.9852,0.985167,0.005326,0.000336,0.000290,0.000287,,,0.000169,,,,,0.000291,0.007990,,,0.000025,,0.000094,0.000025,,,,,0.000001,,,,,,,
108031003,8.10154e+08,6,千克,0.9983,0.998297,0.000054,0.000138,,,,,0.001495,,,,,,0.000004,,,,,,0.000012,,,,,,,,,,,,
107030120,8.0911e+08,20,千克,0.9117,0.911677,0.009874,0.008546,0.000472,0.002289,,0.000009,0.036660,0.000211,0.000004,0.022411,0.000000,0.000057,0.000045,0.003892,,0.000394,,0.001826,0.001576,,,,0.000010,0.000001,,0.000047,,,,,
108031002,8.0827e+08,6,千克,0.9990,0.998996,0.000990,,0.000001,,,,0.000001,,,0.000000,,,,0.000012,,,,,,,,,,,,,,,,,
109012002,8.05675e+08,16,套,0.4858,0.002753,0.482817,0.010640,0.485838,0.000019,,0.000471,0.013171,,0.002898,,0.000100,0.000002,0.000350,0.000101,,,,,0.000192,,,,0.000639,0.000003,,0.000005,,,,,
108010703,8.05286e+08,18,平方米,0.5893,0.211711,0.017223,0.022212,0.007219,0.052125,,0.028440,0.040566,0.000002,0.000123,0.000000,,0.589310,0.030926,0.000010,,0.000073,,0.000003,0.000053,,0.000002,,,,,0.000001,,,,,
109041001,8.04618e+08,18,千米,0.7294,0.004805,0.184457,0.002140,0.013498,,,0.729383,0.046034,0.001631,0.005184,0.000274,0.000018,,0.005108,0.000007,0.000006,0.004634,,0.000018,,,,0.000019,0.000017,0.002766,,,,,,,
109051504,8.04598e+08,6,个,0.9871,,0.987109,0.000627,0.001466,,,0.000005,0.010793,,0.000000,,,,,,,,,,,,,,,,,,,,,,
401010000,8.03119e+08,22,项,0.3760,0.030273,0.036893,0.282250,0.189857,0.000059,0.000002,0.000070,0.009490,,0.375951,0.000001,0.052579,0.001037,0.014887,0.000013,0.003383,,,,,0.000606,0.000083,0.001310,,0.000001,0.000767,,0.000486,0.000003,,,
108011501,8.01206e+08,20,个,0.9366,0.001645,0.936643,0.007006,0.026840,0.003325,,0.009449,0.004526,0.000445,0.000000,0.000239,,0.000100,0.009052,0.000194,,0.000150,,0.000013,0.000025,,0.000288,,,0.000013,0.000001,0.000049,,,,,
107030210,8.00129e+08,17,个,0.5151,0.033058,0.515060,0.000466,0.000350,0.000008,,,0.087884,0.000019,,0.322282,,0.000013,0.000067,0.032617,,0.001158,,0.006930,0.000037,,,,0.000005,0.000010,,0.000036,,,,,
109042107,7.96029e+08,16,个,0.8254,0.001987,0.825428,0.127252,0.041357,,,0.000454,0.000251,0.000295,,0.002179,0.000001,0.000072,0.000618,0.000000,,0.000088,,0.000011,0.000004,,,,,0.000003,,,,,,,
110020204,7.94943e+08,11,千克,0.7760,0.775974,0.001356,0.002223,,0.008365,,,0.197114,,,,0.000162,,0.000041,0.014651,0.000045,,,,0.000012,,,,,,,0.000057,,,,,
108012902,7.92633e+08,19,千克,0.7924,0.792417,0.139195,0.004409,0.002280,0.000032,,0.000258,0.006073,0.007758,,0.000598,0.000061,0.001765,0.000237,0.015337,,0.007852,,0.000609,0.009052,,,,0.007632,0.004208,,0.000226,,,,,
109020105,7.91645e+08,14,个,0.8507,0.051655,0.850654,0.001498,0.044454,0.000141,,0.000053,0.050274,,,,0.000064,0.000385,0.000002,0.000002,,,,,0.000654,,,,0.000158,0.000004,,,,,,,
109041999,7.90464e+08,13,个,0.9631,0.000189,0.963088,0.004846,0.021344,,,,0.001777,0.000103,,0.002517,0.000173,,0.003679,0.000484,,0.000241,,0.000000,,,,,0.001558,,,,,,,,
109050302,7.90056e+08,18,个,0.9376,,0.937570,0.006131,0.030739,,,0.001781,0.000610,0.000011,0.021455,0.000048,0.000001,,0.001583,,0.000001,0.000002,,0.000000,0.000002,0.000001,0.000000,,0.000043,0.000023,,,,,,,
103020203,7.88219e+08,15,箱,0.6095,0.035539,0.170500,0.005004,0.000314,,,0.000004,0.032563,0.609503,,0.105785,,,0.003954,0.009131,,0.004691,,0.016899,0.001760,,0.000131,,,,,0.004222,,,,,
107021902,7.88185e+08,18,千克,0.9514,0.951434,0.002397,0.003380,0.011466,0.003143,,0.000084,0.002439,0.001895,0.000900,0.000359,0.000044,,0.003938,0.003282,0.000844,0.001181,,0.002061,0.011144,,,,,,,0.000006,,,,,
108032499,7.84228e+08,10,个,0.5322,0.443680,0.532203,0.006035,0.013262,,,0.000096,0.000118,0.000014,,0.000009,,0.004573,0.000009,,,,,,,,,,,,,,,,,,
104020407,7.82301e+08,21,个,0.8887,0.037407,0.888722,0.002118,0.008954,0.000172,,0.018684,0.027825,0.000640,,0.000201,0.000028,0.003073,0.007883,0.000025,0.000002,0.000688,,0.000301,0.000078,,0.000008,,0.003127,0.000062,,0.000002,,,,,
101030399,7.80838e+08,13,千克,0.8562,0.856193,0.071683,0.001252,,,,,0.008489,0.005444,,0.001213,,,0.009296,0.000681,,0.000326,,0.000730,0.000219,,,,0.044369,,,0.000103,,,,,
104020109,7.80746e+08,15,个,0.9843,0.000169,0.984296,0.004219,0.007624,,,0.000018,0.003436,,,0.000001,,,0.000233,,,0.000000,,0.000000,,0.000000,0.000001,,0.000000,0.000002,,0.000000,,,,,
107060306,7.79946e+08,22,千瓦时,0.3108,0.040655,0.309142,0.009558,0.082911,0.000262,0.310803,0.137059,0.012214,0.000017,0.000487,0.000003,0.000064,0.074105,0.013400,0.000009,0.000110,0.000166,0.002923,0.000001,,,,0.000095,0.000453,0.005562,,,,,,,
108012799,7.76043e+08,17,千克,0.7969,0.796938,0.175858,0.001185,0.016222,0.001891,,0.000550,0.005924,0.000006,,0.000141,,0.000474,0.000245,0.000034,,0.000017,,0.000020,0.000056,,,,0.000209,0.000230,,,,,,,
101011199,7.73571e+08,17,千克,0.7525,0.752512,0.055283,0.021270,0.000907,,,0.000118,0.008037,0.011440,0.000138,0.023070,,,0.015301,0.009090,,0.027137,,0.070702,0.002690,,0.000532,,,0.000032,,0.001742,,,,,
109040801,7.73307e+08,17,个,0.9207,0.002994,0.920714,0.001997,0.045668,0.000051,0.001077,0.000444,0.024999,0.000067,0.000002,0.000009,0.000025,0.000883,0.000977,,,0.000005,,,,,,,0.000074,0.000011,,,,,,,
102050407,7.7241e+08,21,千克,0.6320,0.632000,0.053354,0.055783,0.000026,0.228445,0.000081,0.000611,0.011628,0.000001,0.000013,0.000000,,0.007817,0.002415,0.000034,,0.000091,,0.000008,0.000003,,,,0.000008,0.000003,,0.000030,,,0.007647,,
307010100,7.71684e+08,25,UNKNOWN,0.7090,0.002216,0.046398,0.709048,0.002173,,0.000024,0.000004,0.023849,0.000292,0.101084,0.000218,0.068092,0.000194,0.034713,0.000006,0.002247,0.000038,,0.000000,0.000010,0.001365,0.000724,0.003652,0.000001,0.000090,0.000001,,0.003559,,,,
104011003,7.70439e+08,21,千米,0.2955,0.247907,0.230155,0.029132,0.006940,0.000055,,0.295459,0.020814,0.002072,0.000186,0.000106,0.000100,0.154596,0.003447,0.000257,0.000125,0.000505,,0.000071,0.000000,,,,0.000108,0.007962,,,,,0.000002,,
107022601,7.69549e+08,16,千克,0.9937,0.993733,0.003799,0.000568,0.000002,0.000060,,,0.000505,0.000299,,0.000013,,,0.000120,0.000173,,0.000113,,0.000233,0.000010,,0.000000,,,0.000000,,0.000371,,,,,
109051902,7.69409e+08,14,个,0.9540,0.002082,0.953978,0.000165,0.009623,,,0.000056,0.027269,0.000107,,0.000000,0.005169,0.000449,0.001029,,,0.000001,,0.000005,,,,,,0.000067,,,,,,,
104010501,7.67476e+08,17,个,0.5859,0.046879,0.585907,0.032854,0.086292,0.000192,,0.021287,0.221704,0.000015,,0.000400,,0.000247,0.003627,0.000528,,0.000031,,0.000002,,,0.000000,,0.000019,0.000016,,,,,,,
109010599,7.66274e+08,18,个,0.9716,0.005932,0.971629,0.001494,0.014684,0.000004,,0.000195,0.000696,,0.000001,0.000028,0.000101,,0.002066,0.000000,0.000365,0.000000,,,0.001464,,0.000205,,0.001134,0.000001,,,,,,,
109051305,7.64306e+08,17,个,0.7629,0.000216,0.762863,0.033112,0.160923,,,0.000068,0.013239,,0.004767,0.001513,0.000052,0.000432,0.021814,,0.000908,0.000005,,,,0.000000,,0.000000,,0.000083,,,,,,0.000005,
109040803,7.61681e+08,20,个,0.8881,0.007797,0.888138,0.036003,0.049149,,0.001584,0.000661,0.009248,,0.000057,0.000005,0.000009,0.001788,0.004301,0.000003,0.000473,0.000228,,0.000001,0.000003,0.000002,,,0.000001,0.000548,,,,,,,
109069900,7.60439e+08,23,个,0.6889,0.021185,0.688911,0.040178,0.211997,0.000002,,0.008676,0.011481,0.000309,0.000544,0.000556,0.000488,0.000081,0.012574,0.000374,0.000585,0.000575,,0.000044,0.000536,,0.000008,,0.000469,0.000283,,0.000006,,,,0.000140,
104010702,7.58255e+08,22,个,0.7303,0.167384,0.730295,0.006037,0.019476,0.000037,,0.002193,0.006705,0.002218,0.000062,0.000351,0.000007,0.013308,0.013096,0.000193,0.000006,0.002319,,0.001621,0.025614,,,0.000000,0.000230,0.008668,,,,,0.000178,,
109011305,7.56356e+08,25,个,0.6977,0.009816,0.697668,0.002911,0.240249,0.000189,,0.000974,0.007321,0.000070,0.001432,0.000080,0.002699,0.000060,0.019841,0.000353,0.000707,0.000773,,0.000015,0.001719,0.000000,0.000033,0.000039,0.010284,0.002765,,0.000003,,,0.000001,,
107040303,7.55149e+08,10,千克,0.9955,0.995494,0.001019,0.000345,0.001441,,,0.001081,0.000507,0.000069,,,,0.000017,,,,,,0.000025,,,,,,0.000002,,,,,,,
104030502,7.52218e+08,21,个,0.4737,0.008916,0.473706,0.007591,0.384689,0.000000,,0.061404,0.011900,,0.000051,0.000516,0.000443,0.034198,0.010307,0.000063,,0.000096,,0.000000,0.000009,0.000018,,,0.000468,0.000854,,0.000012,,,0.004758,,
107030204,7.50975e+08,13,瓶,0.4742,0.004249,0.046648,0.000234,0.001747,,,,0.047783,0.012738,,0.034074,,,,0.474232,,0.001575,,0.376717,0.000002,,,,0.000000,,,0.000002,,,,,
109024701,7.50889e+08,15,个,0.8363,0.000791,0.836281,0.010363,0.035346,0.000004,,0.000004,0.035250,,,0.025381,,,0.046739,0.000044,,0.008217,,0.000088,,,,0.000000,0.001377,0.000113,,,,,,,
109013504,7.50826e+08,11,个,0.9277,,0.927680,0.011201,0.051180,,,,0.000167,0.009594,,0.000152,,,,0.000010,,0.000000,,0.000005,,0.000001,,,0.000010,,,,,,,,
306010901,7.49511e+08,16,UNKNOWN,0.4859,0.000815,0.016658,0.485872,0.002159,,,0.000050,0.017812,,0.332641,,0.027177,0.000014,0.001507,,0.000399,0.000001,,0.000002,,0.073467,,0.005854,,,,,0.035572,,,,
101040200,7.4899e+08,13,千克,0.8602,0.860167,0.028369,0.009697,0.000000,,,,0.006488,0.032759,,0.042767,,,0.005826,0.000116,,0.003005,,0.008815,,,0.001953,,,,,0.000038,,,,,
106050299,7.4736e+08,20,个,0.4335,0.115235,0.433467,0.013002,0.384058,,0.001057,0.003516,0.015650,0.000563,0.000582,0.000423,0.000631,0.014392,0.014777,0.000132,,0.000444,,,0.000005,,0.000613,,0.001404,0.000047,,0.000001,,,,,
109030101,7.45205e+08,15,个,0.7753,0.007383,0.775301,0.001931,0.083836,,0.000097,0.000459,0.129603,,0.000379,,0.000178,0.000039,0.000459,0.000001,,,,,0.000040,,,,0.000289,0.000005,,,,,,,
109051904,7.44593e+08,15,个,0.9635,0.024615,0.963535,0.000210,0.011015,,,0.000074,0.000292,,0.000036,0.000002,0.000003,0.000039,0.000001,0.000172,,0.000001,,,,,0.000001,,0.000004,,,,,,,,
109062602,7.4338e+08,20,个,0.9340,0.000420,0.933955,0.010452,0.031086,,,0.000006,0.007696,0.001504,0.000028,0.003818,0.000057,0.000561,0.000145,0.000001,,0.000151,,0.000000,0.000000,0.000071,,,0.000048,0.000341,,,0.009660,,,,
103010899,7.43248e+08,15,千克,0.3729,0.372911,0.089894,0.007886,0.007238,,0.000312,,0.021789,0.076288,,0.051785,,,0.002966,0.000838,,0.074904,,0.257197,0.002534,,0.002604,,,,,0.030855,,,,,
104020107,7.43229e+08,11,个,0.9812,0.000017,0.981228,0.008042,0.007483,,,0.000177,0.001857,,,0.000008,,,0.001148,,0.000001,0.000039,,,,,,,0.000002,,,,,,,,
106040702,7.42387e+08,15,个,0.8854,0.005846,0.885364,0.002491,0.019659,0.000027,,0.000060,0.030806,0.046722,,0.000342,0.000019,0.000222,0.000714,,,0.000008,,,,,,,0.007720,0.000002,,,,,,,
307020102,7.36354e+08,14,UNKNOWN,0.6042,,0.045215,0.604216,0.004738,,,,0.113173,,0.045074,,0.150911,0.000002,0.007205,,0.013672,,,,,0.000577,0.001842,0.004528,,,,,0.008845,0.000002,,,
101030304,7.28615e+08,8,千克,0.9903,0.990258,0.000005,0.009033,,,,0.000038,0.000025,,,0.000004,,,0.000026,0.000612,,,,,,,,,,,,,,,,,
103010803,7.27869e+08,14,千克,0.3170,0.317042,0.129982,0.008642,0.003655,,,,0.057490,0.049347,,0.035919,,,0.001764,0.001062,,0.108005,,0.276638,0.000147,,0.008523,,,,,0.001785,,,,,
103020199,7.27594e+08,19,袋,0.2575,0.145309,0.169325,0.019621,0.011280,,,,0.027830,0.137464,0.019828,0.127092,0.000000,0.000083,0.024178,0.001278,,0.019198,,0.257518,0.014000,,0.012208,0.000625,,0.000085,,0.013077,,,,,
109013005,7.27076e+08,23,个,0.8082,0.015512,0.808211,0.006426,0.127022,0.000349,,0.005165,0.002580,0.000368,0.018076,0.001434,0.000298,0.004370,0.007060,0.000060,0.000098,0.000345,,0.001021,0.000983,,0.000007,,0.000264,0.000349,,0.000004,,,0.000001,,
109025311,7.26079e+08,23,个,0.7686,0.003177,0.768608,0.025792,0.146654,0.000095,,0.005830,0.013886,0.000534,0.006147,0.000052,0.000302,0.016873,0.009752,0.000048,0.000515,0.000090,,0.000018,0.000281,0.000017,0.000041,,0.000100,0.001165,,,,,0.000022,,
106040603,7.25505e+08,21,个,0.5592,0.029162,0.559238,0.097361,0.087848,0.000155,0.000058,0.000542,0.146131,0.000039,,0.000478,0.000015,0.026320,0.016255,0.000719,0.000020,0.000048,,0.000019,0.000073,,,,0.035507,0.000011,,0.000000,,,,,
107021003,7.25329e+08,19,千克,0.9309,0.930872,0.001963,0.000331,0.000509,0.000040,,0.000490,0.001041,0.000002,,0.000023,0.000002,0.000135,0.056834,0.005423,,0.000094,,0.000108,0.001862,,0.000018,,,0.000005,,0.000248,,,,,
109031401,7.25096e+08,14,个,0.8113,0.021211,0.811335,0.012604,0.052387,0.000033,0.001229,0.000008,0.002541,0.003162,,,,,0.088271,0.000009,,,,,,0.000000,0.000002,,0.007208,,,,,,,,
109032106,7.19088e+08,21,个,0.5855,0.030195,0.585540,0.014814,0.145482,0.001846,,0.011851,0.093283,0.000084,0.001233,0.000009,0.001094,0.000381,0.103879,0.000776,,0.000010,,0.000005,0.007439,,0.000001,,0.001899,0.000170,,0.000008,,,,,
109020302,7.18602e+08,10,个,0.9963,0.000051,0.996345,0.000659,0.001846,,,0.000034,0.000914,,,,0.000135,,0.000012,,,,,,0.000004,,,,,0.000001,,,,,,,
108040900,7.18115e+08,20,个,0.7194,0.008669,0.719431,0.022747,0.056778,0.002844,,0.001149,0.125186,0.000515,0.003127,0.000001,0.028132,0.025934,0.004888,0.000007,,0.000002,,,0.000005,,,,0.000159,0.000007,,,,0.000402,0.000018,,
109011301,7.17921e+08,21,个,0.9666,0.000602,0.966576,0.006984,0.006377,0.000015,,0.000050,0.001303,0.000001,0.000526,0.000639,0.000453,,0.010944,0.000113,0.004750,0.000001,,0.000000,0.000210,0.000239,0.000001,,0.000215,,,0.000000,,,,,
109020306,7.15709e+08,19,个,0.8145,0.008225,0.814520,0.038604,0.082428,0.002004,,0.003214,0.026984,,0.016814,0.000001,0.000080,0.001333,0.004942,0.000012,0.000078,,,0.000001,0.000424,,,0.000001,0.000332,0.000002,,,,,,,
109013203,7.15479e+08,22,个,0.8655,0.012886,0.865486,0.002315,0.085907,0.000000,0.000080,0.000462,0.002812,0.000692,0.000015,0.000598,0.000079,0.000184,0.008620,0.000090,,0.000044,,0.000002,0.000434,0.000000,,,0.018664,0.000631,,0.000001,,,,,
109060101,7.14991e+08,20,个,0.7935,0.000457,0.793521,0.007800,0.159069,0.000062,,0.004964,0.006434,0.000030,0.005838,0.000419,0.001266,0.000018,0.019521,0.000044,,0.000036,,0.000000,0.000115,,0.000003,,0.000086,0.000317,,,,,,,
105010803,7.11863e+08,21,个,0.5207,0.081071,0.520679,0.010931,0.164121,0.080809,0.000143,0.025496,0.027479,0.003436,0.002574,0.000318,0.000301,0.022914,0.057956,0.000021,,0.000233,,0.000065,0.000014,,,,0.001436,0.000000,,0.000003,,,,,
109024205,7.1139e+08,19,套,0.4559,0.000778,0.451475,0.055681,0.455913,,,0.000001,0.001182,0.000159,0.000016,0.023505,0.004030,,0.005376,0.000214,,0.001263,,0.000062,0.000026,,0.000078,,0.000059,0.000144,,0.000037,,,,,
103010403,7.10992e+08,14,千克,0.4002,0.400153,0.016567,0.112111,0.000735,,,,0.000171,0.204178,,0.012101,,,0.000039,0.020093,,0.059694,,0.172664,0.000343,,,,0.000031,,,0.001120,,,,,
109050103,7.08221e+08,14,套,0.5075,0.006380,0.375106,0.005948,0.507450,,,0.009393,0.044304,0.000007,0.000024,,0.000068,0.000027,0.038492,,,,,0.000000,,,,,0.012801,0.000000,,,,,,,
104010101,7.08109e+08,20,千克,0.9146,0.914588,0.024187,0.002490,0.001181,0.000082,0.000045,0.034333,0.011373,0.000223,0.000847,0.000250,0.000009,0.000707,0.006012,0.000007,,0.000118,,0.000745,0.000001,,,,0.002182,0.000622,,,,,,,
107050804,7.064e+08,21,个,0.8235,0.022952,0.823492,0.008210,0.034874,0.000054,0.000046,0.003707,0.004904,0.008732,0.000047,0.034084,0.000011,0.002208,0.003074,0.007959,,0.010147,,0.001262,0.000235,,,,0.029765,0.004202,,0.000035,,,,,
109052299,7.06327e+08,21,个,0.8255,0.001943,0.825524,0.005245,0.160400,,0.000045,0.000893,0.001348,0.000150,0.000991,0.000003,0.000001,0.000014,0.002383,0.000003,0.000011,,,0.000003,,0.000064,0.000002,,0.000945,0.000030,,,0.000001,,,,
109011201,7.04383e+08,12,个,0.8456,0.023901,0.845577,0.004296,0.085259,,,0.017556,0.003990,0.000000,0.008373,,0.000437,,0.010037,,0.000556,,,,,,,,0.000018,,,,,,,,
102049908,7.02701e+08,15,千克,0.9782,0.978247,0.016377,0.001869,0.003236,,,0.000004,0.000001,,,0.000007,0.000003,0.000011,0.000144,0.000062,,,,0.000007,0.000011,,,,0.000020,0.000003,,,,,,,
109062001,7.01279e+08,14,副,0.5163,0.000074,0.271036,0.033045,0.040359,,,0.000002,0.005488,0.003705,,0.011393,,0.000002,0.118121,0.000361,,0.000094,,0.000001,,,,,0.516320,,,,,,,,
107030804,6.93727e+08,18,盒,0.5388,0.001454,0.255076,0.023622,0.025195,,,,0.077942,0.014244,,0.538842,0.000000,,0.002431,0.047776,0.000288,0.002573,,0.001394,0.004105,,0.004938,,0.000000,0.000011,,0.000109,,,,,
109020308,6.92045e+08,17,个,0.8055,0.017410,0.805536,0.019931,0.131363,0.016712,,0.001354,0.003047,,0.000366,,0.000064,0.000191,0.002708,,0.001264,0.000011,,,0.000023,,,0.000003,0.000018,0.000000,,,,,,,
109041903,6.8986e+08,10,个,0.9741,,0.974133,0.019556,0.005592,,,,0.000048,0.000262,,0.000204,,,0.000192,0.000008,,,,,,,,,0.000005,,0.000000,,,,,,
109060202,6.89692e+08,22,个,0.8902,0.001034,0.890161,0.007766,0.079531,0.000025,0.000615,0.007897,0.002837,0.000052,0.000008,0.000077,0.000231,0.000001,0.009402,0.000226,,0.000007,,,0.000008,0.000031,0.000001,,0.000011,0.000079,,0.000000,,,,,
108031602,6.87357e+08,12,千克,0.9805,0.980498,0.010400,0.005066,0.001039,,,0.000468,0.002336,0.000003,,0.000000,,0.000102,,,,0.000001,,,,,,,0.000036,0.000052,,,,,,,
109011601,6.86375e+08,13,套,0.5980,0.000019,0.217285,0.140557,0.598015,,,0.000232,0.022844,,0.014540,,0.000066,0.000523,0.005838,0.000002,,,,,,0.000005,,,0.000074,,,,,,,,
103010504,6.85869e+08,15,千克,0.8650,0.865006,0.008976,0.001413,0.000523,0.000321,,,0.009856,0.075240,,0.002776,,,0.007863,0.009352,,0.000074,,0.000356,0.010445,,0.000005,,,,,0.007795,,,,,
109024213,6.8528e+08,20,个,0.7361,0.001779,0.736095,0.007963,0.212823,0.000016,,0.000069,0.004345,0.006157,0.000001,0.021699,0.000234,,0.001068,0.002593,,0.002864,,0.000756,0.000010,,0.000400,,0.000400,0.000672,,0.000056,,,,,
104030599,6.83117e+08,21,个,0.7412,0.017625,0.741246,0.005589,0.073881,0.000116,,0.051479,0.035796,0.000342,0.000012,0.004158,0.000001,0.058665,0.004352,0.000384,0.000045,0.000068,,0.000000,0.005512,,0.000009,,0.000347,0.000376,,,,,,,
106050102,6.79596e+08,21,千克,0.6498,0.649785,0.229521,0.018773,0.051967,0.000065,,0.004148,0.001840,0.019416,0.001712,0.000326,0.000001,0.011717,0.007304,0.000332,,0.001441,,0.000005,0.000005,,0.000042,,0.000497,0.001105,,0.000000,,,,,
109023102,6.7504e+08,20,千米,0.3986,0.044858,0.306472,0.002047,0.091865,,0.000797,0.398611,0.030974,0.001037,0.091806,0.000092,0.000110,0.000000,0.013236,0.000005,,0.000006,,0.000034,0.000004,,,0.000437,0.000455,0.017155,,,,,,,
109020702,6.74225e+08,17,个,0.8152,0.001279,0.815200,0.000496,0.175571,0.000005,,0.000391,0.004474,0.000004,0.000104,0.000003,,0.000445,0.001953,0.000000,,0.000009,,,0.000007,,,,0.000020,0.000039,,,,,,,
307040100,6.73903e+08,24,UNKNOWN,0.7494,0.015216,0.006511,0.749382,0.001190,,0.001896,,0.042568,0.000125,0.022201,0.001006,0.051122,0.000097,0.016133,0.000020,0.016562,0.000110,,0.001840,0.000159,0.045322,0.014386,0.013868,0.000000,0.000017,0.000060,,0.000208,,,,
109060701,6.72827e+08,18,套,0.8110,0.001112,0.159392,0.011618,0.810968,,,0.000112,0.000899,0.000124,0.003179,0.000847,0.007511,,0.003357,0.000554,0.000134,0.000109,,0.000034,0.000035,,,0.000012,0.000003,,,,,,,,
106051205,6.71052e+08,19,个,0.8513,0.016130,0.851254,0.010793,0.016206,0.001644,,0.000061,0.099120,0.000661,0.000001,0.000166,,0.000186,0.003267,0.000002,,0.000074,,0.000002,,,0.000049,,0.000323,0.000061,0.000001,,,,,,
109042199,6.64777e+08,19,个,0.8720,0.009577,0.871971,0.003128,0.102104,,0.000651,0.003244,0.001758,0.000031,0.000343,0.002612,0.000009,0.000123,0.002354,0.000800,,0.000013,,0.000002,0.000006,,,,0.001061,0.000212,,,,,,,
304080204,6.63858e+08,12,UNKNOWN,0.6677,0.000107,0.017397,0.667735,,,,0.000000,0.005679,,0.073498,,0.047120,,0.010899,,0.152041,,,,,0.009221,0.000020,0.016282,,,,,,,,,
105020105,6.63055e+08,21,个,0.7089,0.076817,0.708876,0.013314,0.118753,0.005903,0.000683,0.006894,0.040472,0.005830,0.000010,0.000320,,0.004153,0.012598,0.000016,,0.000461,,0.001701,0.000002,,0.000235,0.000146,0.001973,0.000843,,,,,,,
109060301,6.61869e+08,18,个,0.8123,0.000218,0.812315,0.004538,0.134118,,0.015512,0.000684,0.027670,0.000005,0.000521,0.000073,0.000009,0.000010,0.004025,0.000000,,,,,,0.000004,,0.000011,0.000003,0.000285,,,,,,,
109012907,6.61295e+08,21,个,0.6819,0.009896,0.681945,0.007866,0.266647,0.003365,0.000008,0.000812,0.005668,0.000011,0.007466,0.000001,0.000256,0.001040,0.006998,0.000492,0.000005,0.000001,,0.003875,0.003574,,,,0.000062,,,0.000012,,,,,
109010504,6.61065e+08,18,个,0.9782,0.000988,0.978216,0.001481,0.016280,0.000005,,0.000011,0.000412,0.000003,0.000001,0.000010,0.000062,0.000002,0.002360,0.000004,,0.000001,,,0.000101,,,,0.000059,0.000003,,,,,,,
102050399,6.54753e+08,19,千克,0.9064,0.906370,0.027365,0.001134,0.022660,0.015867,0.000218,0.001482,0.007818,0.000457,0.001293,,0.000057,0.010431,0.001191,0.000974,,0.001626,,0.001015,0.000038,,,,0.000006,0.000000,,,,,,,
101010301,6.54247e+08,21,千克,0.7692,0.769249,0.006602,0.002891,0.000198,0.002993,0.000012,0.000543,0.002348,0.055095,0.003045,0.006789,0.000041,,0.003911,0.008867,,0.001513,,0.027264,0.106731,,0.000120,0.000030,0.000001,,,0.001757,,,,,
103010301,6.5405e+08,17,千克,0.7505,0.750459,0.102370,0.002566,0.000412,,,0.000012,0.006187,0.104558,,0.002410,0.000003,,0.002870,0.001406,,0.005285,,0.017219,0.001117,,0.000001,,,0.000003,,0.003123,,,,,
109025301,6.52999e+08,21,个,0.4977,0.020823,0.497662,0.087719,0.281669,0.000237,,0.012097,0.018948,0.000021,0.030113,0.000012,0.000794,0.003290,0.041552,0.004572,,0.000009,,0.000001,0.000088,,0.000002,,0.000205,0.000179,0.000008,,,,,,
109011214,6.50189e+08,22,个,0.4784,0.030038,0.478367,0.017045,0.385417,0.000004,0.000152,0.039880,0.014900,0.000571,0.014742,0.000001,0.003215,0.000155,0.008591,0.000000,0.001449,0.000003,,0.000000,0.000114,,,,0.005305,0.000048,,0.000001,,,,,
103010502,6.49181e+08,13,千克,0.9497,0.949732,0.002679,0.001081,,0.000013,,,0.000474,0.034988,,0.000035,,,0.000034,0.004467,,0.000003,,0.000001,0.005030,,,,,,,0.001463,,,,,
106010304,6.48364e+08,19,千克,0.4449,0.444881,0.207652,0.000881,0.005460,0.000310,,0.035709,0.010549,0.007439,,0.000933,,0.174322,0.000398,0.000004,,0.006844,,0.000238,0.000240,,0.000004,,,0.064405,,0.000008,,,,0.039723,
109012500,6.47662e+08,21,个,0.6470,0.036649,0.646970,0.021630,0.248350,0.000304,,0.006185,0.019835,0.000888,0.000007,0.000197,0.000061,0.006611,0.006631,0.000053,,0.000847,,0.000011,0.000043,0.000199,,,0.002342,0.002172,,0.000014,,,,,
109020605,6.41412e+08,14,个,0.4115,0.180086,0.411477,0.022490,0.359654,0.000051,,0.000602,0.001886,0.000063,0.020232,,,,0.001760,0.000012,,,,,0.000015,,,,0.001667,0.000004,,,,,,,
109024705,6.40792e+08,13,个,0.7825,0.001652,0.782520,0.000609,0.106066,,,0.000000,0.034154,,0.000023,0.072348,,,0.001369,0.000569,,0.000132,,0.000037,,,,,0.000518,,,,,,,,
107020208,6.40614e+08,8,千克,0.9991,0.999121,0.000042,0.000268,,,,,0.000418,,,0.000000,,,,0.000037,,0.000001,,,0.000112,,,,,,,,,,,,
104020120,6.40442e+08,14,个,0.9874,0.001051,0.987434,0.005302,0.002737,0.000010,0.000788,,0.000984,0.000018,,0.000068,,,0.001230,,,0.000018,,0.000001,,,,,0.000061,0.000298,,,,,,,
101011503,6.39188e+08,15,千克,0.7727,0.772656,0.055940,0.009662,0.000335,,,0.000010,0.006261,0.004641,,0.052358,,,0.004531,0.000968,,0.005375,,0.067038,0.008275,,0.000547,,,,,0.011402,,,,,
106050999,6.37138e+08,10,个,0.7530,0.182662,0.752973,0.016404,0.000618,,,,0.008925,,,0.000007,,,0.015618,,,0.000175,,,0.000000,,,,0.022618,,,,,,,,
109060601,6.34341e+08,21,个,0.8173,0.006143,0.817338,0.004036,0.162937,0.000054,,0.000028,0.003918,0.000015,0.000059,0.000103,0.000957,0.000013,0.000666,0.001288,,0.000014,,0.000006,0.000063,0.000001,,,0.002245,0.000097,,0.000017,,,,,
105010501,6.31208e+08,20,个,0.3605,0.005246,0.360490,0.027465,0.268110,0.022832,0.000010,0.034939,0.024104,0.000052,0.017112,,0.000077,0.214676,0.016534,0.000001,,0.002607,,0.001679,0.000025,,,0.003970,0.000072,0.000001,,,,,,,
109060205,6.29793e+08,18,个,0.7969,0.024434,0.796937,0.036603,0.122603,,,0.000718,0.011776,0.000018,0.001062,0.000119,0.000450,0.000025,0.004511,0.000007,,0.000040,,,,0.000016,,,0.000105,0.000177,,,,,0.000397,,
107030104,6.27946e+08,16,千克,0.8525,0.852534,0.010090,0.000878,0.000089,,,,0.001748,0.000030,,0.087614,,,0.024770,0.018338,,0.000094,,0.002723,0.000911,,0.000054,,0.000000,0.000075,,0.000050,,,,,
103020801,6.24991e+08,14,箱,0.3825,0.000076,0.105048,0.002818,0.001574,,,,0.074099,0.382471,,0.036843,,,0.000215,0.000333,,0.000331,,0.005086,0.031802,,0.000033,,,,,0.359271,,,,,
109041101,6.24806e+08,17,个,0.7983,0.149281,0.798346,0.000805,0.019000,,,0.011401,0.013730,0.000026,,0.000008,0.000000,0.003602,0.001181,0.000006,,0.000050,,0.000004,0.000255,,,,0.000704,0.001602,,,,,,,
107020902,6.24698e+08,22,千克,0.8120,0.812039,0.023780,0.001618,0.000597,0.010295,,0.001491,0.018913,0.001169,,0.001392,0.000001,0.001171,0.001103,0.069236,0.001332,0.008841,,0.001543,0.030288,,0.000004,,0.000001,0.001193,,0.007974,,,,0.006018,
107040103,6.24482e+08,16,千克,0.9844,0.984355,0.006165,0.000068,0.000277,,,0.002994,0.000323,0.000017,,0.000008,,0.004352,0.000061,0.000000,,0.000006,,0.000000,0.000000,,,,0.000000,0.001374,,,,,,,
108040703,6.23145e+08,16,个,0.8386,0.000298,0.838581,0.010551,0.002475,,,0.000002,0.006401,0.065629,,0.075690,,,0.000003,0.000027,,0.000102,,0.000100,,,0.000090,,0.000047,0.000005,,0.000000,,,,,
109020701,6.2037e+08,14,个,0.3428,0.027222,0.342825,0.275899,0.277715,0.011519,,0.000106,0.048772,0.000168,0.005207,,,0.000328,0.010169,0.000012,,0.000038,,,,,,,0.000021,,,,,,,,
107060301,6.19168e+08,22,千米,0.3670,0.079944,0.166462,0.029542,0.051560,0.132828,,0.367009,0.048093,0.001971,0.003545,0.000163,0.000036,0.099039,0.017653,0.000367,,0.000385,,0.000056,0.000061,0.000062,,0.000006,0.000078,0.001063,,0.000077,,,,,
108040702,6.18288e+08,23,个,0.5402,0.009115,0.540164,0.053242,0.351956,0.000004,0.000117,0.000616,0.012323,0.016935,,0.007244,0.000001,0.000022,0.005059,0.000086,,0.000235,,0.000011,0.000006,,0.000055,,0.001855,0.000752,0.000001,0.000002,,,,0.000200,
109031700,6.15292e+08,16,个,0.9675,0.002170,0.967549,0.006004,0.012029,0.000001,,0.000000,0.001752,0.000641,0.000095,0.000000,0.000195,,0.006676,0.000001,,,,,0.000008,,,,0.002873,0.000006,,,,,,,
109042699,6.14626e+08,18,个,0.5711,0.028545,0.571111,0.006300,0.355863,,,0.019449,0.011052,0.000015,0.002506,0.000023,0.000191,0.000310,0.003083,0.000001,,0.000011,,0.000000,0.000030,,,,0.001012,0.000498,,,,,,,
109025499,6.12848e+08,16,批,0.8030,0.010748,0.072716,0.023561,0.062497,0.000002,,0.007541,0.012190,,0.004344,0.000012,0.000015,0.003369,0.802960,,,,,0.000001,0.000003,,,,0.000010,0.000032,,,,,,,
109060511,6.12085e+08,22,个,0.5905,0.000358,0.590495,0.005872,0.334962,0.000074,,0.000517,0.009075,0.002226,0.000217,0.015387,0.001246,,0.009817,0.008507,0.000033,0.016150,,0.000493,0.000233,0.000001,0.000196,,0.003234,0.000204,,0.000702,,,,,
109040903,6.10999e+08,16,千米,0.6584,0.008449,0.117085,0.004784,0.008104,,,0.658417,0.080700,0.078598,0.000008,0.000047,0.000008,0.000037,0.023169,,,0.000008,,0.000000,,,,,0.000326,0.020260,,,,,,,
109061908,6.10183e+08,20,个,0.8388,0.001367,0.838829,0.029267,0.092926,0.000052,,0.000039,0.001831,0.000033,0.000038,0.000261,0.000078,0.005803,0.028108,0.000382,,0.000073,,,0.000267,0.000002,0.000146,,0.000475,0.000025,,,,,,,
108040399,6.09163e+08,22,个,0.7453,0.076563,0.745273,0.005704,0.034758,0.000018,,0.084082,0.007392,0.000210,0.000145,0.001148,0.000986,0.000130,0.024917,0.000296,,0.000014,,0.000000,0.000160,,0.000037,0.000013,0.017548,0.000567,,0.000039,,,,,
109024903,6.08073e+08,17,套,0.4527,0.054491,0.405051,0.068652,0.452725,0.000135,,0.000635,0.009403,0.000025,0.004123,0.000110,0.000109,,0.004137,,,0.000012,,,0.000037,,,,0.000343,0.000007,,,,,0.000002,,
109040404,6.07237e+08,12,个,0.9336,0.000696,0.933647,0.003722,0.061345,,,0.000016,0.000327,,,0.000000,,,0.000182,,,0.000011,,,0.000000,,,,0.000053,0.000000,,,,,,,
109062403,6.06254e+08,15,个,0.8905,0.000850,0.890472,0.003242,0.062770,,,0.000015,0.006650,0.004382,0.000080,0.000109,0.000022,0.000105,0.007991,,,,,0.000000,,,,,0.023310,0.000002,,,,,,,
107020114,6.05974e+08,16,千克,0.9556,0.955614,0.035198,0.001974,0.000141,,,0.000006,0.000056,0.000002,,0.000000,0.000004,0.000431,,0.005526,,0.000004,,0.000001,0.000537,,,,,0.000167,,0.000338,,,,,
108012703,6.02825e+08,16,千克,0.8595,0.859460,0.058461,0.003414,0.002187,0.000295,,0.034494,0.002934,,,0.000560,,0.037658,0.000276,0.000003,,0.000151,,0.000056,0.000022,,,,0.000009,0.000020,,,,,,,
104020501,6.01989e+08,19,个,0.7920,0.004079,0.792007,0.018661,0.005139,,,0.005918,0.169694,0.000216,0.000011,0.001328,0.000000,0.000026,0.000731,0.000056,,0.000811,,0.001024,0.000003,,0.000030,,0.000209,0.000056,,,,,,,
108041101,6.00432e+08,20,千克,0.8541,0.854072,0.046420,0.002579,0.028811,0.000039,0.000070,0.010095,0.008548,0.004905,0.000001,0.000101,0.000002,0.018257,0.002629,0.000000,,0.000330,,0.000116,0.000003,,,,0.000175,0.022845,,,,,,,
106040606,5.98121e+08,18,个,0.9133,0.010246,0.913292,0.005402,0.013479,,,0.001937,0.013405,0.000067,,0.003690,,0.000195,0.011353,0.000025,,0.000856,,0.000163,0.000001,,0.000084,,0.024427,0.001288,,0.000091,,,,,
106040805,5.97873e+08,18,套,0.5362,0.013004,0.425925,0.004190,0.536239,0.011115,,0.000175,0.000919,0.000544,,0.003398,,0.000009,0.001420,0.000000,,0.000024,,0.000043,0.000366,,0.000005,,0.002623,0.000000,,,,,,,
108040302,5.95947e+08,23,个,0.5966,0.078121,0.596619,0.005914,0.192286,0.000770,0.000010,0.015594,0.011075,0.013867,0.002384,0.007790,0.000160,0.001338,0.042397,0.001143,,0.000414,,0.000095,0.002133,,0.000000,0.000000,0.025908,0.001966,,0.000018,,,,,
101049900,5.93949e+08,17,千克,0.6211,0.621068,0.116680,0.024567,0.012624,0.000125,0.000030,,0.006393,0.015609,,0.067401,,,0.096251,0.000945,,0.008329,,0.025175,0.000643,,0.004065,,,0.000001,,0.000096,,,,,
108040412,5.93102e+08,24,个,0.6836,0.045760,0.683573,0.004793,0.168423,0.000010,0.000129,0.007235,0.029471,0.000568,0.002775,0.003154,0.000117,0.000281,0.036254,0.001406,,0.003753,,0.001637,0.001203,0.000000,,,0.006313,0.003102,0.000000,0.000041,,,0.000001,,
109025299,5.91679e+08,27,套,0.4539,0.068715,0.251150,0.089878,0.453859,0.029001,0.000759,0.002949,0.005395,0.001950,0.015935,0.004543,0.007875,0.003454,0.035301,0.000629,0.007185,0.000178,,0.013470,0.002629,0.000120,0.000270,0.002135,0.000373,0.001152,0.000008,0.000949,0.000139,,,,
102050401,5.89753e+08,19,千克,0.9188,0.918848,0.023398,0.011998,0.000839,0.015932,,0.000017,0.003115,0.000246,,0.000236,0.000001,0.013721,0.001183,0.000172,,0.006140,,0.001155,0.002332,,,,0.000003,0.000222,,0.000441,,,,,
103030902,5.88609e+08,15,个,0.4727,0.298190,0.472743,0.008084,0.000752,,,0.000034,0.018055,0.153357,,0.002222,,,0.011160,0.014372,,0.010918,,0.004347,0.004026,,,,,0.000006,,0.001735,,,,,
109011602,5.8755e+08,19,套,0.4308,0.038800,0.361152,0.010874,0.430801,0.002455,,0.006407,0.072600,0.000013,0.003400,0.000271,0.000210,0.021474,0.049369,,,0.000006,,,0.000014,,,0.000035,0.000482,0.000031,,0.001605,,,,,
103010601,5.87438e+08,14,千克,0.9586,0.958641,0.001547,0.001973,0.000030,,,,0.000122,0.000303,,0.001500,,,0.000002,0.000333,,0.005973,,0.025937,0.000029,,0.000091,,,,,0.003519,,,,,
103030706,5.85958e+08,18,箱,0.3408,0.003533,0.068544,0.005571,0.039682,0.000552,,0.000021,0.076194,0.340844,,0.284335,0.000045,,0.007609,0.062125,0.000064,0.036999,,0.043003,0.001662,,0.001150,,,,,0.028067,,,,,
109040604,5.8514e+08,20,个,0.8171,0.003176,0.817134,0.006728,0.151864,,,0.012402,0.006314,0.000000,0.000269,0.000035,0.000001,0.001110,0.000692,0.000050,,0.000005,,0.000004,0.000039,,0.000001,,0.000041,0.000134,,0.000000,,,,,
106051304,5.84257e+08,20,个,0.6056,0.099069,0.605621,0.013293,0.029655,0.000000,,0.001887,0.003307,0.015513,0.000070,0.012705,,0.000001,0.022164,0.043720,,0.046359,,0.102086,0.002158,,0.000001,,0.000024,0.000032,,0.002336,,,,,
304020203,5.83984e+08,17,UNKNOWN,0.5072,0.018190,0.105095,0.507152,0.026491,,0.000195,0.000051,0.015012,,0.152355,,0.132097,0.000010,0.017449,,0.018410,,,,0.002342,0.004885,,0.000009,,,,,0.000062,0.000195,,,
109050402,5.83513e+08,10,套,0.7118,,0.252627,0.010388,0.711764,,,0.000077,0.014895,,0.000802,,0.000116,,0.007456,,0.000006,,,,,,,,0.001869,,,,,,,,
304030200,5.82414e+08,13,UNKNOWN,0.5687,,0.174540,0.568739,0.002512,,,,0.005523,,0.064821,,0.041728,,0.013265,,0.046851,,,,,0.077290,0.001913,0.002165,,,0.000227,,0.000428,,,,
104010201,5.8141e+08,17,千克,0.9032,0.903198,0.061331,0.003564,0.001467,0.000031,,0.025172,0.000656,0.000215,,0.000681,,0.000505,0.000774,0.001095,,0.001285,,0.000003,0.000001,,,,0.000011,0.000010,,,,,,,
107021501,5.79e+08,14,千克,0.6779,0.677926,0.010533,0.086328,0.001356,0.208591,,,0.005484,0.000089,,0.000003,,,,0.004639,,0.000003,,0.000011,0.004998,,,,,0.000013,,0.000026,,,,,
104011307,5.7749e+08,19,个,0.4894,0.012364,0.489395,0.002374,0.011463,,,0.001987,0.118695,0.047136,,0.001698,0.000001,0.000069,0.010235,0.000054,,0.011434,,0.000364,0.000015,,0.000001,0.000006,0.292450,0.000259,,,,,,,
105020204,5.76625e+08,23,个,0.5149,0.254794,0.514854,0.006599,0.138885,0.000225,,0.007446,0.037807,0.000320,0.000176,0.002974,0.000304,0.005685,0.020657,0.000055,0.000039,0.000256,,0.000031,0.000249,0.000064,,0.000024,0.008454,0.000088,,,,,0.000013,,
107050501,5.75164e+08,17,千克,0.9614,0.961376,0.009696,0.003188,0.001035,0.001505,,0.008876,0.002211,0.000485,,0.000344,0.000005,0.006438,0.000004,0.000002,,0.000041,,,0.000051,,,,,0.004732,,0.000011,,,,,
303010200,5.75137e+08,15,月,0.3893,0.000278,0.287593,0.162891,0.043816,,0.000025,0.000257,0.003426,0.000023,0.087177,,0.004644,0.000638,0.006937,,0.389345,,,,,0.000104,,0.012846,,,,,,,,,
109061808,5.72535e+08,15,个,0.8590,0.017984,0.858954,0.013220,0.040978,0.000079,,0.000006,0.002623,0.000004,,,0.000845,0.000001,0.064798,0.000000,,0.000000,,,,,,,0.000510,0.000000,,,,,,,
107020111,5.71172e+08,12,千克,0.9948,0.994829,0.000190,0.000848,,0.001221,,,0.000858,0.000034,,0.000006,,,,0.001463,,0.000161,,0.000180,0.000211,,0.000000,,,,,,,,,,
107050801,5.70891e+08,20,个,0.4984,0.008353,0.498382,0.001798,0.003687,,,0.032057,0.062915,0.090357,0.000070,0.047898,0.000000,0.002064,0.003086,0.000030,,0.030024,,0.002568,0.000977,,0.000042,,0.215216,0.000473,,0.000005,,,,,
106040303,5.68658e+08,20,个,0.6494,0.001654,0.649427,0.002723,0.320975,,,0.000127,0.006584,0.000086,0.000011,0.011759,0.000003,0.001170,0.003169,0.000032,,0.000052,,0.001139,0.000004,0.000000,,,0.000971,0.000113,,0.000000,,,,,
103010604,5.65023e+08,12,千克,0.9793,0.979280,0.003909,0.002238,,,,,0.000236,0.007436,,0.000803,,,,0.001011,,0.000295,,0.004533,0.000140,,0.000002,,,,,0.000118,,,,,
109025306,5.62316e+08,24,个,0.5035,0.056993,0.503465,0.021326,0.211771,0.001755,,0.063303,0.056352,0.000868,0.007459,0.000121,0.002621,0.013522,0.049248,0.001380,0.000004,0.000415,,0.000138,0.000071,,0.000001,0.000041,0.005144,0.003981,,0.000018,,,0.000004,,
108041399,5.62209e+08,20,千克,0.7902,0.790202,0.079124,0.001424,0.009373,0.000502,,0.024290,0.007921,0.000735,0.000027,0.000045,0.000001,0.057480,0.015274,0.000001,,0.001959,,0.000014,0.000005,,,,0.000101,0.011374,,0.000148,,,,,
107030501,5.62207e+08,15,千克,0.7024,0.702421,0.023301,0.005603,0.000519,0.002937,,,0.102136,0.001759,,0.042414,0.000000,,0.003301,0.049346,,0.003886,,0.061073,0.001031,,,,,,,0.000274,,,,,
103020206,5.60973e+08,17,千克,0.3145,0.314520,0.203793,0.004880,0.000284,,,0.000031,0.027760,0.045023,0.000007,0.034178,,,0.000852,0.057006,,0.035791,,0.233377,0.001486,,0.000973,,,0.000000,,0.040039,,,,,
107030403,5.59709e+08,12,盒,0.5239,0.002137,0.002080,0.000418,0.000806,,,,0.027986,0.006367,,0.523920,,,,0.436012,,0.000050,,0.000141,0.000012,,,,,,,0.000072,,,,,
109042203,5.59579e+08,15,个,0.5418,0.047560,0.541844,0.050722,0.154557,0.000017,,0.009687,0.004235,,0.010250,,0.000005,0.017296,0.022347,,,,0.141379,,0.000069,,,,0.000018,0.000013,,,,,,,
109041499,5.58556e+08,25,个,0.4843,0.008465,0.484255,0.018534,0.368223,0.000643,0.000007,0.004416,0.000189,0.000033,0.002428,0.000001,0.000005,0.001456,0.069347,0.002369,,0.000000,0.036994,,0.000023,0.000358,0.000001,0.001267,0.000013,0.000147,,0.000814,,,0.000015,,
105010304,5.56292e+08,16,个,0.7485,0.001454,0.748541,0.012620,0.005466,0.182477,,0.005595,0.002501,0.000070,0.000066,,,0.037708,0.003312,0.000024,,0.000099,,,0.000021,,,,0.000012,0.000033,,,,,,,
405010100,5.55678e+08,9,平方米,0.8921,,0.000025,0.084197,0.000097,0.000763,,,0.020969,,0.000002,,,0.892110,,,0.001047,,,,,,,0.000790,,,,,,,,,
108010702,5.55654e+08,19,千克,0.3416,0.341609,0.172537,0.013402,0.004673,0.040508,,0.050219,0.022145,0.000342,0.004236,0.000002,0.000090,0.335637,0.012950,0.000015,,0.000197,,0.000705,0.000640,,,,0.000000,,,0.000094,,,,,
107021408,5.55267e+08,14,千克,0.9883,0.988288,0.000474,0.000516,,0.000104,,0.000089,0.002678,0.000005,,0.000005,,,,0.000513,,0.000002,,0.000004,0.007277,,,,,0.000006,,0.000040,,,,,
109020104,5.54829e+08,13,个,0.6558,0.022647,0.655829,0.000924,0.317331,,,0.000187,0.001914,,,0.000009,0.000002,0.000044,0.000289,0.000000,,,,,0.000040,,,,0.000783,,,,,,,,
102050201,5.49691e+08,18,千克,0.6270,0.626956,0.022000,0.006101,0.000657,0.049091,,0.005947,0.054129,0.004670,0.000007,0.000333,,0.223024,0.006350,0.000026,,0.000017,,0.000001,0.000132,,,,0.000124,,,,,,0.000436,,
107020304,5.4771e+08,7,千克,0.9999,0.999923,0.000042,0.000001,0.000000,,,,,,,,,,0.000022,0.000007,,,,,,,0.000005,,,,,,,,,,
108041999,5.47626e+08,21,个,0.5828,0.064166,0.582782,0.012883,0.155170,0.002157,,0.060516,0.032208,0.000222,0.003090,0.001060,0.000137,0.041452,0.036306,0.000802,0.000031,0.000273,,0.000106,0.000306,,,,0.005890,0.000440,,0.000003,,,,,
109024799,5.47348e+08,15,个,0.6058,0.000212,0.605810,0.000981,0.033613,,,,0.019758,,,0.316883,0.000012,0.000003,0.017825,0.002806,,0.000203,,0.000007,0.000092,,,,0.001707,0.000089,,,,,,,
109010204,5.4689e+08,19,个,0.8398,0.012497,0.839826,0.005239,0.005536,0.000566,0.012535,0.000361,0.000177,0.000315,,0.000001,0.000027,0.000210,0.121216,0.000013,,0.000063,,0.000017,0.000138,,,,0.000860,0.000402,,,,,,,
304070101,5.46639e+08,14,UNKNOWN,0.7814,0.000209,0.024769,0.781442,0.008028,,,,0.020813,,0.006852,0.000001,0.137793,,0.000706,,0.000037,,,,,0.000293,0.002195,0.016856,,,,,0.000007,,,,
105010404,5.419e+08,22,个,0.6683,0.035187,0.668273,0.007312,0.005301,0.135378,,0.003379,0.014177,0.000236,0.001669,0.000076,0.000141,0.113761,0.008635,0.000006,,0.000293,,0.000007,0.000460,,0.000007,,0.000030,0.000332,,0.000133,,,,0.005207,
107022604,5.41722e+08,17,千克,0.8239,0.823865,0.010278,0.007489,0.007554,,,0.000000,0.000059,0.013542,0.000451,0.018185,,,0.000044,0.113958,,0.004469,,0.000022,0.000083,0.000001,,,,0.000000,,0.000000,,,,,
109051302,5.41381e+08,20,个,0.5756,0.001101,0.575605,0.010175,0.393553,0.000443,,0.001858,0.002834,0.000027,0.008435,0.000003,0.000229,0.001215,0.002188,,0.000477,0.000074,,0.000299,0.000000,,0.000849,,0.000609,0.000026,,,,,,,
106041001,5.39404e+08,16,个,0.7904,0.000038,0.790357,0.002262,0.200410,,0.001279,0.000032,0.000081,0.000014,0.000007,0.000076,0.000010,0.000077,0.005273,0.000041,,,,,,,,,0.000007,0.000038,,,,,,,
109010602,5.37489e+08,13,个,0.9612,0.014700,0.961227,0.000159,0.012598,,,0.000070,0.000286,0.000006,0.000228,,0.000017,0.001173,0.007978,,,,,,0.001257,,,,0.000301,,,,,,,,
109060201,5.33817e+08,19,个,0.8502,0.007224,0.850249,0.010129,0.109718,0.000003,,0.004923,0.014292,0.000086,0.000084,0.000095,0.000170,,0.002075,0.000126,,0.000146,,0.000009,0.000038,,,,0.000279,0.000350,,0.000004,,,,,
109030702,5.32509e+08,9,个,0.9861,0.000107,0.986094,0.012580,0.000356,,,,0.000752,,,,0.000019,,0.000063,,,,,0.000000,0.000028,,,,,,,,,,,,
107021508,5.31793e+08,13,千克,0.9923,0.992257,0.000402,0.006490,0.000009,0.000005,,,0.000460,0.000030,,0.000000,0.000001,,,0.000068,,,,0.000005,0.000258,,,,,,,0.000015,,,,,
103011302,5.30291e+08,16,千克,0.4323,0.432318,0.119536,0.005342,0.000349,,,,0.027121,0.124926,,0.015533,,,0.008333,0.093391,,0.055038,,0.104205,0.003643,,0.000425,,0.000005,0.000003,,0.009831,,,,,
108040102,5.28843e+08,23,千克,0.5741,0.574087,0.165141,0.006467,0.021247,0.000491,0.000266,0.085650,0.008164,0.000048,0.000646,0.000282,0.000001,0.122269,0.009940,0.000010,,0.000013,0.003531,0.000122,0.000000,,0.000170,0.000025,0.001185,0.000245,,,,,,,
103020102,5.28509e+08,19,个,0.2994,0.076239,0.299355,0.076010,0.000672,,0.000103,0.000425,0.032431,0.165955,0.000033,0.021325,0.000045,,0.084160,0.004813,,0.064114,,0.167780,0.000094,,0.006029,,,0.000237,,0.000180,,,,,
107020302,5.27723e+08,20,千克,0.9217,0.921663,0.040125,0.000683,0.009630,0.006344,,0.001144,0.007961,0.000347,0.000014,0.000041,0.000005,0.000012,0.000026,0.008239,0.001563,0.000556,,0.000034,0.001016,,,,,0.000079,,0.000518,,,,,
109050201,5.27537e+08,14,个,0.7527,,0.752731,0.014928,0.161902,,,0.000022,0.000386,0.000437,0.032326,,0.000359,,0.035356,,0.000501,,,,,0.001040,0.000008,,0.000005,0.000000,,,,,,,
109020209,5.26792e+08,17,个,0.6862,0.039417,0.686211,0.010878,0.244646,0.000001,,0.005360,0.010199,0.000050,0.000637,0.000007,0.000039,,0.000064,0.000000,,0.000477,,,0.000055,,,,0.001960,0.000001,,,,,,,
107021407,5.2497e+08,16,千克,0.9556,0.955626,0.005095,0.001199,0.019094,0.000634,,0.000603,0.010285,0.000152,0.000011,0.000481,,,,0.006185,,0.000011,,0.000014,0.000578,,,,,0.000027,,0.000003,,,,,
109060608,5.23813e+08,22,个,0.6634,0.009685,0.663395,0.031743,0.226926,0.030253,,0.001332,0.005021,0.001609,0.000498,0.006471,0.001360,,0.012173,0.004481,0.000445,0.002676,,0.000699,0.000329,0.000005,0.000043,,0.000687,0.000098,,0.000072,,,,,
106050210,5.22848e+08,21,套,0.4361,0.006045,0.311592,0.107660,0.436090,,,0.006757,0.027623,0.000612,0.035551,0.000132,0.014946,0.010757,0.039599,0.000003,,0.000147,,0.000000,0.000006,,0.000042,0.000004,0.001635,0.000608,,,,,,0.000189,
107020303,5.2279e+08,12,千克,0.9240,0.923992,0.040628,0.000314,0.000596,0.001000,,0.000015,0.008889,,,0.000117,,,0.003146,0.017507,,0.000001,,,0.003794,,,,,,,,,,,,
109040502,5.22328e+08,18,个,0.5203,0.066543,0.520350,0.005809,0.324533,,0.014985,0.006370,0.015235,,0.029041,0.000470,0.000032,0.001104,0.015067,0.000010,,0.000012,0.000049,0.000001,,,,,0.000239,0.000151,,,,,,,
109041802,5.21682e+08,16,个,0.9318,,0.931775,0.017202,0.002205,,,0.000041,0.000286,0.001918,0.000669,0.000000,0.000025,,0.036235,0.000002,0.008687,0.000000,,0.000000,,,,,0.000001,0.000952,,,,,,,
107030103,5.21487e+08,13,千克,0.4374,0.437368,0.004184,0.013149,0.000110,,,,0.215858,0.000450,,0.149543,,,0.021023,0.136213,,0.001188,,0.020911,0.000002,,,,,,,0.000001,,,,,
103020901,5.19774e+08,15,箱,0.5536,0.004853,0.215496,0.072236,0.000826,0.000344,,,0.038447,0.553599,,0.028266,,,0.054763,0.000438,,0.002473,,0.008905,0.019042,,0.000225,,,,,0.000089,,,,,
104030304,5.18543e+08,24,个,0.6774,0.144143,0.677411,0.008328,0.086099,0.003379,0.000548,0.007565,0.038969,0.006029,0.000137,0.000347,0.001504,0.002168,0.013586,0.000925,0.000001,0.002112,,0.000112,0.000009,,0.000208,,0.001599,0.004703,0.000000,0.000118,,,,,
109023301,5.1828e+08,19,个,0.5026,0.152894,0.502562,0.011667,0.225212,,,0.000839,0.080862,0.000003,0.008320,0.000035,0.000083,0.002375,0.013814,0.000487,,0.000155,,0.000015,0.000411,,,,0.000251,0.000012,,0.000003,,,,,
106050702,5.16859e+08,18,平方米,0.6763,0.010260,0.103494,0.005449,0.046294,0.002236,,0.004764,0.045594,0.002846,0.000008,0.000023,,0.676316,0.096067,0.000018,,0.000434,,0.000018,0.000122,,,,0.000042,0.006014,,,,,,,
108041901,5.16678e+08,20,个,0.9102,0.020136,0.910232,0.007248,0.046906,0.000621,0.000030,0.004902,0.002346,0.000016,0.002003,0.000013,0.000024,0.001663,0.003845,0.000001,,0.000000,,,,,0.000002,0.000007,0.000004,0.000002,,,,,,,
103020202,5.14886e+08,15,盒,0.3488,0.119248,0.120333,0.015128,0.002545,,,0.000007,0.032446,0.208539,,0.348784,,,0.008233,0.025392,,0.041831,,0.057217,0.003199,,0.001292,,,,,0.015804,,,,,
109042099,5.13964e+08,22,个,0.5434,0.004157,0.543444,0.315613,0.045953,0.000001,0.055137,0.000607,0.026347,0.000035,0.000003,0.004182,0.000125,0.000004,0.004290,0.000026,0.000022,0.000003,,0.000004,0.000000,,0.000000,,0.000000,0.000046,,,,,,,
109040905,5.13699e+08,15,个,0.8039,0.025372,0.803854,0.005244,0.035512,0.000097,0.000119,0.076539,0.019611,0.000248,,0.000107,,0.000047,0.028774,,,0.000094,,,,,,,0.002302,0.002079,,,,,,,
102040299,5.1199e+08,13,千克,0.9656,0.965555,0.026781,0.002111,0.001207,0.000782,,0.000968,0.001519,,,0.000033,,0.000461,0.000438,0.000000,,,,,,,,0.000123,0.000021,,,,,,,,
107020203,5.11486e+08,13,千克,0.9807,0.980744,0.000117,0.001608,0.000026,0.000262,,0.000039,0.000413,0.000002,,0.000067,,,,0.012824,,0.000018,,,0.003248,,,,,,,0.000634,,,,,
109011304,5.10951e+08,21,个,0.9128,0.013951,0.912822,0.015105,0.020007,0.000889,,0.000706,0.005186,0.000263,0.000063,0.000089,0.000717,0.000031,0.004772,0.000206,0.000326,,,0.000000,0.024006,0.000001,,,0.000712,0.000007,,0.000140,,,,,
104030100,5.10333e+08,17,平方米,0.3823,0.154488,0.129911,0.000529,0.003486,,,0.300005,0.026335,0.000136,,0.000003,0.000006,0.382337,0.000473,0.000000,,0.000000,,0.000001,,,,0.000073,0.000374,0.001843,,,,,,,
106020300,5.09428e+08,25,个,0.6666,0.079938,0.666593,0.006741,0.013964,0.005639,,0.012672,0.045297,0.009444,0.000095,0.017439,0.003314,0.084907,0.012287,0.003367,0.000009,0.005771,,0.000321,0.005101,0.000001,0.006557,,0.002123,0.012345,,0.001387,0.003433,,,0.001255,
104010506,5.09319e+08,15,个,0.9316,0.019040,0.931576,0.001529,0.007853,0.000049,,0.000674,0.016036,0.000708,,0.001360,,0.020094,0.000398,0.000004,,0.000029,,,,,0.000048,,,0.000604,,,,,,,
104010206,5.05969e+08,16,千克,0.4324,0.432424,0.126545,0.001222,0.001722,0.000033,,0.424030,0.003915,0.000044,,0.000030,,0.009464,0.000124,0.000003,,0.000107,,,0.000267,,,,0.000052,0.000017,,,,,,,
107040399,5.04506e+08,17,千克,0.8219,0.821894,0.043522,0.000355,0.013145,0.001145,,0.066930,0.002937,0.000893,,0.000050,,0.036029,0.002451,0.000039,,0.000926,,0.000652,0.000002,,,,0.004767,0.004264,,,,,,,
104011401,4.99535e+08,16,个,0.9523,0.000924,0.952258,0.023212,0.005453,,,0.004292,0.001058,0.000022,,0.000613,0.000018,,0.010859,0.000012,,0.000017,,0.000057,,,0.000009,,0.001156,,,,,0.000038,,,
109042301,4.99261e+08,18,个,0.9482,0.000396,0.948172,0.001469,0.017735,0.000002,0.000009,0.001217,0.023461,0.001459,,0.003069,,0.000050,0.002901,0.000002,,0.000012,,0.000004,0.000010,,,,0.000008,0.000025,,,,,,,
109024100,4.99224e+08,20,个,0.7672,0.037685,0.767228,0.016177,0.101280,0.000014,,0.009465,0.001052,0.012529,,0.000180,0.000026,0.000029,0.038530,0.000043,,0.000158,,0.000031,0.001697,,0.000028,,0.001091,0.012739,,0.000019,,,,,
103010399,4.99198e+08,18,千克,0.7784,0.778403,0.059638,0.050263,0.000132,,0.000024,0.005341,0.002198,0.039852,,0.007053,,,0.003422,0.005473,,0.008345,,0.034329,0.000229,,0.000002,,0.000007,0.000121,,0.005168,,,,,
109042404,4.98424e+08,18,个,0.6368,0.002558,0.636829,0.002905,0.233333,,0.003310,0.002042,0.103846,0.000703,0.000237,0.000145,0.000819,0.001194,0.011000,0.000024,,0.000005,,,0.000082,,,,0.000234,0.000738,,,,,,,
108012801,4.98052e+08,20,个,0.8853,0.044710,0.885325,0.000675,0.022297,0.004277,,0.003286,0.005891,0.015533,,0.000978,0.000020,0.007569,0.003311,0.000126,,0.000252,,0.000168,0.000066,,,,0.001161,0.004314,,0.000018,,0.000024,,,
107030805,4.94849e+08,22,盒,0.3560,0.007938,0.132861,0.097194,0.112632,0.000316,,0.000162,0.135774,0.025832,0.000009,0.356049,0.000351,0.000000,0.022039,0.056029,,0.006391,,0.001679,0.020605,0.000001,0.019579,,0.000045,0.004495,,0.000019,,,,,
108010304,4.94798e+08,20,千克,0.6468,0.646756,0.045997,0.012830,0.021993,0.007440,,0.176970,0.035760,0.000001,0.023881,0.001509,0.001451,0.017936,0.007224,0.000008,,0.000006,,0.000002,0.000073,,,,0.000122,0.000038,,,,,0.000001,,
109011403,4.94626e+08,12,个,0.6657,0.000065,0.665665,0.038469,0.182334,0.000004,,0.004668,0.002246,,,0.000002,0.000052,0.000094,0.106400,,,,,,,,,,0.000000,,,,,,,,
103020701,4.94229e+08,15,千克,0.8574,0.857352,0.002339,0.000404,,,0.013681,0.000000,0.001314,0.089364,,0.000761,,,0.000001,0.000603,,0.008281,,0.023973,0.001740,,0.000015,,,,,0.000174,,,,,
109060607,4.94196e+08,23,个,0.4507,0.001103,0.450708,0.034505,0.438377,0.000374,,0.000418,0.006808,0.000749,0.013371,0.002013,0.005738,0.000050,0.014467,0.000563,0.001022,0.000288,,0.000168,0.000205,0.000008,0.000004,,0.028543,0.000046,,0.000472,,,,,
107020212,4.94149e+08,9,千克,0.9965,0.996458,0.000437,0.000005,,,,,0.001216,,,0.000001,,,0.000152,0.000828,,,,,0.000900,,,,,,,0.000003,,,,,
104020119,4.91711e+08,14,套,0.5712,0.005063,0.382759,0.003630,0.571192,,,0.000078,0.019435,,,0.000067,0.000161,,0.017307,0.000001,,0.000001,,0.000001,,,,0.000098,0.000208,,,,,,,,
107021602,4.91537e+08,15,千克,0.9938,0.993829,0.000756,0.000746,0.000066,0.000805,,0.000011,0.000177,0.000752,,0.000191,,,,0.000263,,0.000002,,0.000003,0.002318,,,,,0.000004,,0.000077,,,,,
109030106,4.90346e+08,13,个,0.6026,0.018725,0.602607,0.156897,0.218137,,,0.000537,0.002866,0.000002,0.000006,,,0.000025,0.000136,,,0.000037,,,0.000016,,,,0.000009,,,,,,,,
109010302,4.8992e+08,10,套,0.9697,0.000524,0.028872,0.000173,0.969731,,,0.000596,0.000000,,,,,,,0.000054,,0.000009,,,0.000020,,,,0.000020,,,,,,,,
107021808,4.89098e+08,11,千克,0.9535,0.953458,0.036995,0.001280,0.000000,,,0.004091,0.003733,,,,,0.000049,,,,0.000090,,0.000004,,,,,0.000244,0.000056,,,,,,,
107060115,4.89051e+08,18,个,0.6534,0.262589,0.653411,0.001634,0.016396,0.000816,,0.022022,0.002474,0.000015,0.000874,0.000045,0.000064,0.019951,0.011219,0.000032,0.000184,0.000006,,,,,,,0.006234,0.002035,,,,,,,
109051599,4.8858e+08,11,个,0.9526,0.002249,0.952556,0.001149,0.021139,,,0.010183,0.004206,,,,0.000054,0.000690,0.000354,0.000010,,,,,,,,,,0.007412,,,,,,,
104010104,4.8828e+08,20,个,0.4855,0.403306,0.485530,0.003452,0.006595,,0.001475,0.039154,0.022911,0.000830,,0.001954,0.000008,0.015572,0.002505,0.000031,,0.000087,,0.000010,0.000021,,0.000002,,0.000495,0.016059,0.000000,,,,,,
304040704,4.87906e+08,27,个,0.3756,0.025231,0.375621,0.333378,0.000658,0.000525,,0.000010,0.032378,0.000127,0.034472,0.000361,0.099799,0.034333,0.007326,0.000400,0.038638,0.000087,,0.001291,0.000039,0.002696,0.000004,0.000122,0.000001,,0.001314,0.000062,0.002574,0.008503,0.000050,,
106010104,4.87166e+08,17,千克,0.9707,0.970729,0.004280,0.017424,0.000285,0.000548,,0.000106,0.000046,0.000573,,0.000433,,0.000422,0.000528,0.001181,,0.000390,,0.000002,0.002658,,,,,0.000356,,0.000038,,,,,
109012401,4.845e+08,16,个,0.9104,0.009776,0.910417,0.005787,0.061300,0.001436,,0.002737,0.004923,0.000120,0.000223,,0.000015,,0.001901,,,0.000000,,,0.000772,,,,0.000552,0.000031,,0.000008,,,,,
105010901,4.84483e+08,20,立方米,0.5593,0.068533,0.209108,0.017138,0.013187,0.559324,,0.008376,0.006002,0.000189,0.002360,0.000247,0.000005,0.106496,0.007219,0.000010,,0.000928,,0.000026,0.000070,,,,0.000326,0.000455,,0.000001,,,,,
304080202,4.84354e+08,17,UNKNOWN,0.4328,0.004344,0.038113,0.432751,0.001847,,,,0.047395,0.000024,0.041334,,0.039655,,0.097515,,0.037450,,,,,0.003456,0.024321,0.020543,,,0.007920,,0.000039,0.198891,0.004404,,
108010401,4.84093e+08,17,平方米,0.5689,0.012717,0.352906,0.005055,0.001157,0.004319,,0.006476,0.041773,0.000137,0.000131,0.000074,,0.568932,0.005726,,,0.000147,,0.000181,0.000201,,,,0.000004,0.000063,,,,,,,
108041405,4.8339e+08,20,个,0.5075,0.166978,0.507462,0.002370,0.055587,0.000068,,0.010542,0.153109,0.045987,,0.028107,0.000053,0.000031,0.015280,0.000023,,0.005535,,0.002220,0.003008,,0.000002,,0.002920,0.000717,,0.000002,,,,,
104030303,4.82496e+08,17,个,0.8173,0.006127,0.817266,0.091379,0.029268,0.002524,,0.030849,0.004756,,0.000012,0.000000,,0.011037,0.006121,0.000037,,0.000032,,0.000000,0.000294,,,,0.000293,0.000004,,,,,,,
109050301,4.8237e+08,7,套,0.8748,,0.123492,0.000052,0.874839,,,0.000088,0.000472,,,,,,0.000698,,,,,,,,,,0.000360,,,,,,,,
103020105,4.79746e+08,17,箱,0.6331,0.020872,0.071894,0.028058,0.013761,,,0.000090,0.020752,0.633065,,0.085683,,0.000025,0.001908,0.001007,,0.037884,,0.065642,0.003968,,0.000189,0.000012,,,,0.015190,,,,,
109062002,4.79042e+08,13,个,0.4186,0.000242,0.418613,0.003066,0.031252,,,,0.036626,0.000001,,0.144967,,0.001662,0.030194,0.011519,,0.000001,,0.000000,,,,,0.321856,,,,,,,,
109042106,4.78563e+08,15,个,0.9862,0.001654,0.986204,0.000980,0.004768,,,0.002128,0.001110,,,0.001695,0.000028,0.000065,0.000962,,0.000371,0.000000,,,,,,,0.000006,0.000002,,0.000027,,,,,
109010403,4.77709e+08,12,个,0.4904,0.003653,0.490421,0.113648,0.342904,,,0.000141,0.048045,,,,0.000012,,0.001084,,,,,,0.000028,,,,0.000052,0.000007,,0.000006,,,,,
108010799,4.77414e+08,20,千克,0.6014,0.601395,0.028837,0.027385,0.001514,0.098769,,0.021805,0.021145,0.000303,0.000010,0.000003,,0.185737,0.008926,0.000005,,0.003634,,0.000150,0.000338,,,,0.000032,0.000000,,0.000004,,,0.000004,,
109052204,4.77194e+08,12,个,0.9251,0.007173,0.925101,0.011721,0.048019,,,0.000028,0.006876,,0.000020,0.000676,,,0.000340,0.000042,,0.000003,,,,,,,,0.000001,,,,,,,
108012803,4.75937e+08,19,个,0.6656,0.022354,0.665580,0.000811,0.012462,0.001438,,0.011839,0.052944,0.010663,,0.012617,,0.153411,0.006680,0.001789,,0.004868,,0.000515,0.001135,,,,0.000644,0.036851,,0.003365,,,,0.000036,
109012406,4.7551e+08,13,个,0.9399,0.013893,0.939921,0.001555,0.043170,0.000177,,0.000006,0.000277,,,,0.000047,,0.000360,0.000041,,,,,0.000049,,,,0.000498,,,,,,0.000007,,
109060506,4.74111e+08,21,套,0.5349,0.001584,0.436252,0.004956,0.534926,0.000003,,0.000123,0.002812,0.000319,,0.006928,0.000465,,0.001485,0.001420,0.000084,0.007249,,0.000038,0.000015,0.000026,0.001124,0.000004,,0.000132,,0.000054,,,,,
109012407,4.725e+08,14,套,0.5919,0.002444,0.394328,0.003374,0.591863,,,0.000364,0.001889,,0.000139,,0.000176,,0.001631,,,0.000013,,0.000068,0.000000,,,,0.003699,0.000010,,,,,,,
104030202,4.70561e+08,17,千米,0.5993,0.048677,0.088043,0.000475,0.009198,0.000800,,0.599311,0.026302,,0.000447,0.000004,,0.210532,0.014168,0.000001,,0.000002,,,0.000232,,,,0.000046,0.000006,,,,,0.001756,,
109022816,4.6935e+08,18,个,0.8688,0.002174,0.868790,0.002338,0.122635,0.000017,,0.001586,0.000765,0.000003,,0.000003,0.000002,0.000052,0.000780,0.000042,,0.000002,,,0.000100,0.000021,,,0.000657,0.000034,,,,,,,
109011213,4.69276e+08,13,个,0.8917,0.002532,0.891666,0.062430,0.036079,,0.000001,0.002582,0.000701,,0.000682,,0.000987,,0.001498,,0.000706,,,,0.000005,,,,0.000131,,,,,,,,
107029901,4.67282e+08,21,千克,0.2704,0.270430,0.185796,0.013066,0.012384,0.000022,,0.000001,0.006347,0.268229,0.000003,0.026103,0.000057,,0.000505,0.106263,,0.089819,,0.012665,0.002490,,0.000041,,,0.000032,0.000000,0.005726,,,0.000019,,
109025302,4.66802e+08,21,OTHER,0.3955,0.017593,0.365447,0.002278,0.193956,,,0.005462,0.395493,0.000473,0.002512,0.001278,0.000105,0.000011,0.003068,0.010507,0.000051,0.000364,,0.000016,0.000954,,,,0.000062,0.000172,0.000016,0.000181,,,,,
108010899,4.66261e+08,20,平方米,0.3723,0.231886,0.118731,0.039050,0.011832,0.023778,,0.051565,0.026750,0.000640,0.000066,0.000060,0.000008,0.372326,0.037299,0.000510,,0.013203,,0.004304,0.035777,,,,0.000314,0.031759,,0.000140,,,,,
109024611,4.6609e+08,18,个,0.8376,0.000287,0.837595,0.001946,0.130664,,,0.000002,0.008089,,0.000001,0.002000,,,0.000012,0.003847,,0.000399,,0.000363,0.010386,0.000223,0.002208,,0.001447,0.000041,,0.000490,,,,,
109013402,4.65858e+08,21,个,0.7937,0.012036,0.793708,0.033351,0.134996,0.000440,,0.005436,0.003095,0.000008,0.000004,0.000001,0.009736,0.000001,0.005158,0.000121,,0.000031,,0.000011,0.000779,,,,0.000105,0.000973,,0.000006,,,0.000004,,
104011005,4.65376e+08,19,千克,0.9190,0.918981,0.032135,0.007152,0.005372,0.000015,,0.018206,0.001112,0.000113,,0.000033,0.000002,0.010853,0.000323,0.003623,,0.000013,,0.000059,0.000633,,,,0.000007,0.001283,,0.000088,,,,,
304020104,4.65236e+08,12,UNKNOWN,0.7029,,0.055236,0.702931,0.012607,,,,0.008333,,0.127521,,0.056395,,0.013557,,0.022578,,,,,0.000366,0.000253,0.000110,,,0.000114,,,,,,
109024206,4.63689e+08,13,个,0.8092,,0.809238,0.001573,0.156655,,,,0.003249,0.000051,,0.014305,0.002157,0.000254,0.000409,0.000306,,0.000845,,0.010908,0.000052,,,,,,,,,,,,
104010902,4.62709e+08,21,个,0.3839,0.113318,0.383934,0.030059,0.052734,0.009087,,0.039301,0.038075,0.001253,0.000406,0.000537,,0.236840,0.057349,0.000003,,0.000239,,0.000001,0.000118,,0.000003,,0.001295,0.035193,,0.000004,,,0.000251,,
107021601,4.61904e+08,7,千克,0.9969,0.996908,0.000082,,,,,,0.000012,,,,,,,0.000581,,0.000002,,,0.002346,,,,,,,0.000070,,,,,
109025401,4.58335e+08,22,个,0.5186,0.015488,0.518602,0.014264,0.383454,0.000021,0.002118,0.026765,0.002797,,0.002579,0.001834,0.000924,0.007413,0.023166,0.000147,0.000070,0.000008,,0.000001,0.000033,,0.000001,0.000007,0.000096,0.000211,,,,,,,
108012006,4.58157e+08,18,千克,0.4597,0.459748,0.454252,0.000680,0.046799,0.007264,,0.004377,0.020696,0.000770,,0.000025,0.000003,0.003879,0.000308,0.000018,,0.000015,,0.000072,0.000159,,,,0.000373,0.000560,,,,,,,
103011199,4.56449e+08,15,盒,0.4694,0.192435,0.014429,0.042305,0.000604,,,,0.010445,0.085772,,0.469436,,,0.003900,0.022182,,0.035266,,0.107190,0.001740,,0.001033,,,,0.000000,0.013263,,,,,
107050902,4.56109e+08,19,个,0.6811,0.061377,0.681078,0.003393,0.161989,0.006323,,0.029456,0.022948,0.000002,0.000009,0.000781,,0.016464,0.002585,0.000092,,0.000042,,0.009635,0.000001,,,,0.001187,0.002622,,0.000016,,,,,
109030105,4.53812e+08,17,个,0.7577,0.012833,0.757695,0.005725,0.003788,,,0.000067,0.219527,0.000003,,0.000001,0.000003,0.000157,0.000030,0.000067,,0.000000,,0.000000,0.000005,,,,0.000070,0.000028,,,,,,,
107029903,4.52803e+08,18,箱,0.6703,0.040784,0.037981,0.001820,0.047103,0.002238,,0.000009,0.001999,0.670292,,0.027022,,,0.003815,0.114600,,0.022313,,0.007125,0.013985,,,,0.000009,0.000627,0.000000,0.008276,,,,,
107050300,4.52106e+08,21,千克,0.4118,0.411806,0.264977,0.003167,0.035451,0.084234,,0.046622,0.016956,0.008775,0.000026,0.000172,0.000002,0.104228,0.001395,0.000056,,0.000080,,0.000001,0.000708,,,,0.001228,0.019346,,0.000043,,,,0.000727,
109023212,4.5191e+08,18,个,0.8838,0.000226,0.883777,0.007048,0.098346,0.000032,,0.000023,0.004084,,0.000057,0.000018,0.003341,,0.002704,0.000209,0.000073,0.000002,,,0.000048,0.000007,,,0.000005,0.000001,,,,,,,
109020699,4.51588e+08,15,个,0.4810,0.073139,0.481049,0.024009,0.358065,,,0.000309,0.024919,0.000002,0.015496,0.000019,,0.000166,0.022000,0.000656,,,,,0.000023,,,,0.000127,0.000021,,,,,,,
102050506,4.50182e+08,5,千克,0.9834,0.983392,0.000007,0.016441,0.000001,,,,,,,,,,,0.000158,,,,,,,,,,,,,,,,,
109010508,4.49918e+08,16,个,0.9195,0.000840,0.919523,0.003503,0.022181,0.000005,,0.000110,0.043772,,0.000845,0.000054,0.000139,,0.000929,0.000020,,,,0.000028,0.000047,,,,0.008004,0.000000,,,,,,,
109051002,4.46979e+08,19,个,0.7624,0.021851,0.762358,0.004169,0.152162,,,0.000366,0.015288,0.002311,0.000803,0.020380,0.000829,0.000232,0.008899,0.000053,0.000002,0.001260,,0.008860,0.000008,,,,0.000109,0.000059,,,,,,,
104030601,4.46587e+08,9,平方米,0.4981,0.080379,0.313024,0.001666,0.000422,,,0.001315,0.104233,,,,0.000001,0.498133,,,,,,,,,,,0.000826,,,,,,,,
106040802,4.45416e+08,18,个,0.7019,0.227174,0.701873,0.032644,0.027451,,,0.000025,0.004042,0.000002,0.000037,0.004650,0.000001,0.000006,0.001684,0.000015,,0.000004,,0.000376,,,0.000008,,0.000007,,0.000001,,,,,,
107030214,4.45286e+08,17,瓶,0.3948,0.015240,0.157493,0.001249,0.012542,0.000341,,0.000004,0.142169,0.004096,,0.225731,,,0.000036,0.394831,,0.001105,,0.029096,0.014450,,0.000477,,,0.000000,,0.001141,,,,,
104010203,4.45284e+08,17,千克,0.6493,0.649318,0.037308,0.001451,0.019094,,,0.289117,0.001820,0.000006,,0.000007,0.000001,0.001602,0.000017,0.000001,,0.000102,,0.000002,0.000000,,,,0.000132,0.000022,,,,,,,
106040703,4.44174e+08,16,个,0.9475,0.000525,0.947489,0.000449,0.044875,,0.000002,0.001640,0.000345,,0.000017,0.000060,0.000001,0.000449,0.004124,,,,,0.000002,,,0.000005,,0.000007,0.000010,,,,,,,
109051502,4.43687e+08,8,个,0.9587,0.000144,0.958689,0.000549,0.004589,,,,0.035848,,,0.000002,,,0.000179,,,,,,,,,,,0.000001,,,,,,,
301030102,4.41036e+08,13,UNKNOWN,0.5745,0.163211,0.001691,0.574500,,,,,0.002696,0.000096,0.000559,,0.001529,,0.021862,,0.224729,,,,,0.000023,,0.000516,,,0.000087,,,0.008500,,,
109032501,4.40013e+08,16,个,0.9987,0.000225,0.998666,0.000016,0.000032,,,0.000425,0.000017,0.000003,,,0.000075,,0.000466,0.000025,0.000001,0.000022,,0.000003,0.000000,,,,0.000001,0.000023,,,,,,,
106020201,4.38848e+08,23,个,0.6666,0.025508,0.666565,0.014165,0.076765,,,,0.048244,0.009550,0.000156,0.005910,0.000003,0.001780,0.004533,0.000061,0.000007,0.133071,,0.000651,0.000424,,0.011215,0.000005,0.000275,0.000602,0.000000,,0.000003,,,0.000508,
101010104,4.38773e+08,26,千克,0.4947,0.494713,0.216372,0.015385,0.075986,0.012322,0.001494,0.015073,0.006397,0.010813,0.002234,0.004113,0.012607,0.025570,0.019703,0.006442,0.001238,0.000776,,0.065916,0.004525,,0.000144,0.000015,0.000761,0.006695,,0.000296,,0.000010,,0.000399,
109023199,4.37636e+08,20,个,0.4995,0.065777,0.499465,0.006922,0.363985,0.000383,,0.023694,0.018677,0.000401,0.000765,0.000529,0.000447,0.001558,0.016309,0.000004,,0.000091,,0.000002,0.000212,,,0.000001,0.000575,0.000203,,,,,,,
109012904,4.36608e+08,20,个,0.6421,0.006912,0.642084,0.005796,0.301497,,,0.001939,0.001279,0.000214,0.036171,0.000850,0.000074,0.000012,0.002216,0.000051,,0.000306,,0.000004,0.000150,,,,0.000428,0.000017,,0.000001,,,,0.000001,
108040411,4.36368e+08,23,个,0.7945,0.048120,0.794532,0.006871,0.109011,0.000022,0.000183,0.005895,0.005975,0.002847,0.000276,0.001055,0.000026,0.000233,0.021606,0.000111,0.000002,0.000672,,0.000063,0.000202,,0.000000,,0.001065,0.001232,,0.000001,,,,,
103011203,4.36214e+08,17,千克,0.9138,0.913757,0.007403,0.001995,0.000004,0.001100,,,0.005067,0.011833,,0.001663,,,0.000103,0.000318,,0.016251,,0.039557,0.000816,,0.000101,,,0.000001,,0.000026,,,0.000003,,
106020106,4.34749e+08,25,套,0.4176,0.002351,0.256126,0.064630,0.417606,0.000009,,0.000198,0.016088,0.047376,0.000506,0.000471,0.001200,0.000419,0.047730,0.000050,0.000918,0.004396,,0.000000,0.000012,0.000005,0.077765,0.000001,0.000041,0.062095,,,0.000001,,,0.000004,
107020236,4.33748e+08,8,千克,0.9978,0.997790,0.000114,0.001912,0.000027,,,,0.000003,0.000017,,,,,0.000106,0.000031,,,,,,,,,,,,,,,,,
109012603,4.31673e+08,19,个,0.5408,0.026735,0.540783,0.001554,0.408000,0.000393,0.000847,0.009024,0.009286,0.000009,0.001423,0.000015,0.000357,,0.001071,0.000004,,0.000001,,0.000002,0.000302,,,,0.000183,0.000012,,,,,,,
304040101,4.3113e+08,15,UNKNOWN,0.9029,0.016853,0.013667,0.902872,0.000000,,,0.000010,0.005892,,0.001219,,0.007893,,0.043749,,0.003470,,,,,0.000182,0.000051,0.000289,,,0.000078,,,0.003777,,,
304070104,4.3048e+08,11,UNKNOWN,0.9154,,0.029749,0.915402,0.003951,,,,0.007643,,0.021022,0.000310,0.017533,,0.001353,,,,,,,0.002205,,,,0.000518,,,0.000314,,,,
107021904,4.29934e+08,22,个,0.4156,0.251302,0.415574,0.007667,0.090146,0.030526,,0.139872,0.004885,0.000740,0.020119,0.006093,0.000560,0.015502,0.006622,0.000088,0.000614,0.006362,,0.000497,0.002068,,,,0.000002,0.000578,,0.000094,,,0.000090,,
107030102,4.2926e+08,15,盒,0.3866,0.302694,0.056077,0.136785,0.002519,,,,0.014793,0.000024,,0.386620,,,0.003265,0.084479,,0.002611,,0.008121,0.000630,,,,0.000002,0.000071,,0.001310,,,,,
103021299,4.29002e+08,18,千克,0.7600,0.760018,0.040664,0.011951,0.000777,0.000066,,0.047378,0.004868,0.054583,,0.003705,,,0.014688,0.006134,0.000081,0.029603,,0.012202,0.012462,,0.000008,,,0.000147,,0.000665,,,,,
109021501,4.28779e+08,17,罐,0.4511,0.086976,0.139714,0.010479,0.030019,0.000004,,0.005215,0.098310,0.079847,,0.083407,0.000001,,0.001710,0.000066,,0.000509,,0.011587,0.001012,,,,0.000000,,,0.451143,,,,,
109061601,4.28493e+08,20,个,0.7077,0.000370,0.707650,0.003688,0.234269,0.007344,,0.036882,0.000676,0.000002,0.000107,0.000049,0.001494,0.000287,0.004238,0.000477,0.000864,0.000068,,0.000002,,0.000062,,,0.000181,0.001291,,,,,,,
109024504,4.28132e+08,14,套,0.5585,0.033276,0.381349,0.010732,0.558484,,0.000669,,0.000212,0.000010,,0.005865,,,0.000342,0.000303,,0.000071,,,0.000084,,,,0.008598,0.000006,,,,,,,
108010901,4.2545e+08,19,千克,0.4112,0.411199,0.064402,0.014412,0.019263,0.265667,0.000050,0.043541,0.035014,0.000371,0.001330,0.000474,,0.121486,0.007304,0.000086,,0.011968,,0.001307,0.000128,,,,0.000121,0.001878,,,,,,,
304040902,4.24039e+08,14,月,0.3957,0.012387,0.060286,0.254023,,,,,0.000724,,0.028454,,0.005492,,0.230587,,0.395704,,,,,0.000235,0.000164,0.000332,,,0.000247,,0.010970,0.000397,,,
107040499,4.23533e+08,17,千克,0.8164,0.816383,0.038833,0.000228,0.061021,0.000687,,0.051346,0.000708,0.000080,,0.000033,,0.028891,0.000189,0.000000,,0.001021,,0.000019,0.000055,,,,0.000070,0.000437,,,,,,,
109040501,4.23161e+08,19,个,0.6702,0.009260,0.670157,0.028767,0.134280,,0.125028,0.006570,0.019624,0.000005,0.001166,0.000001,,0.000075,0.004646,,0.000005,0.000035,,0.000015,0.000084,0.000018,,,0.000220,0.000043,,,,,,,
107020221,4.20298e+08,13,千克,0.9877,0.987700,0.003220,0.000436,0.003355,0.000816,,,0.000103,0.000014,,0.000001,,,,0.002763,,,,0.000039,0.001325,,,,,0.000006,,0.000222,,,,,
108032202,4.20036e+08,8,千克,0.8695,0.869477,0.009349,0.002699,0.089318,,,0.000261,0.023489,,,0.004802,,,0.000604,,,,,,,,,,,,,,,,,,
108012203,4.19624e+08,16,盒,0.5326,0.008086,0.211904,0.005882,0.002687,,,,0.050774,0.000005,,0.532617,0.001669,,0.012562,0.149020,,0.008561,,0.015025,0.000215,,,,0.000952,0.000001,,0.000038,,,,,
104019901,4.19269e+08,19,千克,0.5694,0.569411,0.160491,0.004794,0.023395,0.000575,,0.108382,0.016241,0.005744,,0.015453,0.000004,0.021495,0.009721,0.000035,,0.059062,,0.001244,0.000000,,,,0.002650,0.001183,,0.000118,,,,,
109061603,4.17682e+08,20,个,0.6899,0.000242,0.689889,0.011160,0.163965,,0.122417,0.000434,0.001592,0.000075,0.000023,0.005075,0.000021,,0.001617,0.000091,0.002950,0.000005,,,0.000066,0.000003,0.000077,,0.000253,0.000049,,,,,,,
108012804,4.16814e+08,19,个,0.7646,0.024179,0.764599,0.006384,0.020729,0.010956,,0.105836,0.038112,0.005283,,0.001041,0.000022,0.002393,0.010634,0.001241,,0.000228,,0.000104,0.000044,,,,0.005939,0.002218,,0.000057,,,,,
109020411,4.16103e+08,20,个,0.3010,0.231515,0.301002,0.019377,0.103404,0.080495,,0.048348,0.022793,0.002456,0.000623,0.000377,0.000077,0.106162,0.076889,0.000309,,0.000127,,0.000282,0.001694,,0.000024,,0.001360,0.002684,,,,,,,
108010309,4.15302e+08,18,个,0.3691,0.070407,0.369123,0.022311,0.007018,0.225401,,0.039081,0.032502,0.001996,0.006048,0.000055,0.000007,0.215334,0.010325,,,0.000360,,0.000007,0.000016,,,,0.000009,0.000000,,,,,,,
109024501,4.14834e+08,20,个,0.6930,0.000587,0.693049,0.003084,0.186404,,,0.000005,0.005708,0.000115,,0.090650,0.000025,,0.003482,0.002832,,0.002218,,0.003501,0.000186,,0.000713,0.000068,0.007111,0.000138,0.000001,0.000123,,,,,
109051004,4.13743e+08,15,个,0.7532,0.000010,0.753214,0.015240,0.226529,,,0.001121,0.000186,0.000627,0.001983,0.000346,0.000068,,0.000575,0.000001,0.000076,,,,,,0.000019,,,0.000004,,,,,,,
109021499,4.12738e+08,19,个,0.7135,0.001299,0.713539,0.017458,0.231377,,,0.005052,0.001853,0.003050,0.000024,0.000037,0.006622,0.000514,0.018291,0.000084,,0.000001,,0.000015,0.000150,,,,0.000310,0.000312,,0.000013,,,,,
106040102,4.12572e+08,20,个,0.5644,0.037407,0.564392,0.003097,0.045885,,,0.000058,0.066291,0.004601,0.000353,0.046345,0.000007,,0.005410,0.000292,0.000000,0.184311,,0.040958,0.000055,0.000003,0.000080,,0.000163,0.000292,,,,,,,
106040601,4.122e+08,18,个,0.5623,0.001456,0.562336,0.001727,0.020988,,,0.000070,0.385664,0.000247,,0.009479,0.000001,0.000208,0.002273,0.000003,,0.000173,,0.000446,0.011886,,0.000016,,0.002815,,,0.000212,,,,,
108031503,4.11915e+08,12,千克,0.9613,0.961264,0.033372,0.000049,0.000007,,,0.000440,0.000022,,,0.000065,,0.002515,0.001745,0.000038,,0.000090,,0.000393,,,,,,,,,,,,,
106010106,4.11515e+08,19,千克,0.8284,0.828387,0.093426,0.003523,0.004281,,,0.003500,0.003834,0.027237,,0.000406,0.000064,0.003657,0.009195,0.000009,0.000003,0.005197,,0.000270,,,0.000073,,0.000263,0.004116,,,,,,0.012559,
109041599,4.08839e+08,11,个,0.5428,0.000605,0.542806,0.065901,0.363398,,,0.000107,0.000444,0.000028,0.000652,,,0.000041,0.026015,,,,,,,,,,0.000004,,,,,,,,
108041801,4.08725e+08,17,千克,0.4588,0.458822,0.321338,0.013159,0.111748,,,0.005093,0.076219,,0.000375,0.000001,0.000003,0.006874,0.005970,0.000009,,0.000002,,0.000001,0.000013,,,,0.000319,0.000054,,,,,,,
108041199,4.08094e+08,18,千克,0.8201,0.820067,0.107515,0.000144,0.004592,0.000307,,0.030062,0.018203,0.000078,,0.001367,,0.005116,0.001919,0.000075,,0.000059,,0.000354,0.000018,,,,0.000287,0.009836,,0.000000,,,,,
107021201,4.05421e+08,19,千克,0.4392,0.439160,0.301827,0.010074,0.052359,0.010072,,0.016769,0.031019,0.033924,0.001102,0.002412,,0.049358,0.002409,0.001443,,0.009068,,0.002005,0.024649,,,,0.000042,0.011537,,0.000770,,,,,
106050206,4.05373e+08,20,个,0.3973,0.377639,0.397279,0.007446,0.104508,,0.000196,0.020938,0.030712,0.014687,0.002894,0.000710,0.000026,0.009968,0.027876,0.000001,,0.000067,,0.000036,0.000040,,0.000002,,0.004709,0.000266,,,,,,,
108012402,4.05013e+08,18,个,0.4261,0.275569,0.426069,0.007315,0.012619,0.072688,,0.149219,0.013549,0.000614,0.000275,0.000355,,0.026144,0.007439,0.000034,,0.002426,,0.000583,0.000078,,,,0.001066,0.003957,,,,,,,
101020499,4.04089e+08,20,OTHER,0.6235,0.120328,0.058124,0.009617,0.007263,0.128071,,0.000418,0.623496,0.005177,0.000277,0.001014,0.001473,0.014189,0.029773,0.000017,0.000046,0.000268,,0.000430,0.000004,,,,0.000008,0.000009,,,,,,,
108010802,4.03317e+08,19,平方米,0.8215,0.024374,0.004725,0.004872,0.038990,0.000014,,0.003324,0.031250,0.000074,0.000248,0.000018,0.000002,0.821538,0.002923,0.000012,,0.000539,,0.002207,0.002008,,,,0.000001,0.062883,,,,,,,
109012906,4.03056e+08,20,个,0.7243,0.019046,0.724295,0.002783,0.204483,0.000001,,0.034680,0.005029,0.000058,0.000875,0.000024,0.000856,0.000485,0.004076,0.000058,,0.000101,,0.000000,0.000012,,,,0.002875,0.000262,,0.000000,,,,,
108041402,4.02278e+08,15,个,0.7818,0.113721,0.781846,0.002299,0.034999,,,0.001593,0.025436,0.000351,,0.000221,,,0.037069,0.000006,,0.000092,,0.000004,0.000000,,,,0.002247,0.000117,,,,,,,
110020101,4.00831e+08,8,立方米,0.7833,0.016774,0.000002,0.000016,,0.783283,,,0.199537,,0.000032,,,0.000047,,0.000309,,,,,,,,,,,,,,,,,
109060599,3.99838e+08,22,个,0.6543,0.002743,0.654273,0.024441,0.283457,0.000468,,0.000398,0.003436,0.002236,0.001848,0.009442,0.001516,,0.002908,0.001306,0.000095,0.009496,,0.000143,0.000042,0.000015,,,0.000040,0.000442,,0.000255,0.001000,,,,
103020505,3.99643e+08,15,瓶,0.3333,0.332417,0.078778,0.004032,0.000891,,,0.000192,0.025799,0.179154,,0.003235,,,0.000423,0.333260,,0.001469,,0.003938,0.002477,,0.000139,,,,,0.033795,,,,,
107030116,3.9888e+08,9,千克,0.9255,0.925474,0.052459,,,,,,0.000099,,,0.012318,,,,0.009416,,0.000083,,0.000002,0.000145,,0.000005,,,,,,,,,,
109010506,3.97901e+08,15,个,0.9753,0.002322,0.975313,0.004459,0.010879,,,0.001100,0.002654,0.000002,0.000215,0.000024,0.000086,,0.002122,,,0.000000,,,0.000004,,,,0.000780,,,0.000040,,,,,
109060103,3.96943e+08,17,个,0.6860,0.000060,0.685995,0.009001,0.245256,0.000342,,0.005825,0.005505,0.001700,0.012374,,0.002292,,0.027448,0.000454,0.001209,,,,0.001194,0.001254,,,0.000086,0.000006,,,,,,,
107050103,3.96899e+08,17,个,0.8308,0.157009,0.830756,0.000579,0.009417,,,0.000708,0.000045,0.000027,,0.000195,0.000029,0.000464,0.000551,0.000022,,0.000004,,0.000001,0.000160,,,0.000019,0.000014,,,,,,,,
107020104,3.96319e+08,16,千克,0.9706,0.970587,0.017082,0.000371,0.000196,0.000017,,0.000031,0.005884,0.000007,,0.000002,,0.000014,,0.005406,,0.000001,,0.000010,0.000356,,,,0.000008,,,0.000029,,,,,
106020299,3.95711e+08,25,个,0.5666,0.025489,0.566627,0.017579,0.293992,,0.000115,0.000084,0.009298,0.004035,0.002221,0.013653,0.000910,0.001611,0.025041,0.000009,0.000063,0.009953,,0.000275,0.000046,0.000422,0.024918,,0.001802,0.000681,0.000004,,0.000001,,,0.001171,
107010108,3.9558e+08,19,桶,0.4199,0.398402,0.049010,0.001182,0.002000,0.033731,,0.000003,0.028193,0.023067,0.012790,0.000961,0.000014,,0.000671,0.014261,,0.000268,,0.000455,0.419919,,0.000000,,0.000001,,,0.015072,,,,,
107060303,3.93552e+08,22,个,0.3887,0.035290,0.388702,0.080288,0.375676,0.000215,,0.030831,0.004165,0.001409,0.000010,0.023012,0.000335,0.008446,0.006572,0.000997,0.000120,0.031466,,0.001533,0.000817,,0.000021,,0.008707,0.001390,,0.000000,,,,,
109020909,3.9351e+08,21,个,0.5696,0.019949,0.569619,0.007931,0.295836,0.001385,,0.012640,0.030614,0.000013,0.000272,0.000131,0.000948,0.000059,0.056069,0.000049,,0.000285,,0.000026,0.000802,0.000053,,,0.003157,0.000142,,0.000020,,,,,
104030503,3.93471e+08,16,平方米,0.7755,0.007704,0.179687,0.002524,0.006317,,,0.025235,0.001172,0.000004,,0.000015,0.000000,0.775482,0.001486,0.000006,,0.000008,,,0.000002,,,,0.000068,0.000290,,,,,,,
104030403,3.92271e+08,16,个,0.7870,0.011957,0.787032,0.035621,0.024843,,,0.042811,0.002821,0.000007,,0.000471,,0.090211,0.002808,0.000058,,0.000003,,0.000032,,,,,0.001031,0.000028,,,,,0.000266,,
104010999,3.91251e+08,17,千克,0.7130,0.713029,0.117387,0.002156,0.010731,0.000024,0.000114,0.123302,0.015853,0.001358,,0.000009,,0.006072,0.001800,,,0.000256,,0.000009,0.000017,,,,0.001000,0.006885,,,,,,,
103030802,3.90563e+08,15,千克,0.4008,0.400822,0.074715,0.002419,0.014788,,,,0.033748,0.187674,,0.169732,0.000048,,0.002728,0.027078,,0.014593,,0.009376,0.002147,,0.001353,,,,,0.058780,,,,,
107020228,3.90317e+08,12,千克,0.9974,0.997351,0.000329,0.000081,,0.000097,,,0.000170,0.000271,,0.000000,,,,0.000768,,0.000001,,0.000007,0.000924,,,,,0.000000,,,,,,,
109051301,3.89521e+08,14,个,0.4907,0.000012,0.490737,0.212764,0.278977,,,0.000181,0.005851,,0.003725,0.000001,0.001225,,0.006296,,0.000063,,,,,0.000035,0.000038,,,0.000095,,,,,,,
107020206,3.8921e+08,18,千克,0.8103,0.810256,0.005991,0.002276,0.002747,0.000015,,0.001033,0.012631,0.004857,0.000434,0.001015,0.000021,,0.000430,0.143276,,,,0.000917,0.002069,,,0.000036,,0.000000,,0.011994,,,,,
107060305,3.89191e+08,21,个,0.7438,0.064660,0.743773,0.013909,0.027212,0.001516,,0.050504,0.026672,0.000061,0.000195,0.000031,0.004001,0.031361,0.003236,0.000157,0.000313,0.000004,,,0.000018,,,0.000134,0.001457,0.030716,,,,,0.000070,,
105020205,3.88476e+08,21,个,0.5799,0.169338,0.579936,0.013518,0.057119,0.000013,0.000933,0.076593,0.017971,0.052474,0.000013,0.001629,0.000000,0.001586,0.016435,0.000021,,0.004197,,0.000408,0.000030,,0.000007,,0.007158,0.000620,,,,,,,
109060399,3.8831e+08,22,个,0.6679,0.001460,0.667915,0.048772,0.207510,,0.000056,0.002427,0.044500,0.001019,0.005420,0.005730,0.000103,0.000144,0.009609,0.000105,,0.001655,,0.000003,0.000044,0.000399,0.000029,,0.000843,0.002257,,0.000003,,,,,
103010999,3.87666e+08,16,千克,0.6842,0.684243,0.036939,0.001922,0.001158,0.000002,,,0.006701,0.149473,,0.041220,,,0.004574,0.001652,,0.026218,,0.043778,0.000399,,0.000117,,,0.000009,,0.001594,,,,,
108031404,3.87083e+08,13,千克,0.7154,0.715407,0.192519,0.001109,0.001158,,,0.001149,0.018052,,,0.000021,0.000465,0.036534,0.000316,,,0.000009,,,0.000027,,,,,0.033234,,,,,,,
103010702,3.86697e+08,12,个,0.8276,0.032438,0.827642,0.000023,0.000011,,,0.012732,0.027446,0.011158,,0.000036,,,,,,0.000135,,0.000135,,,0.000000,,0.088245,,,,,,,,
109013404,3.85645e+08,21,个,0.5569,0.024654,0.556938,0.007352,0.359763,0.000581,,0.009835,0.015915,0.000693,0.000328,0.000825,0.000967,0.000813,0.009689,0.000267,,0.002321,,0.000194,0.000161,,,,0.001753,0.006945,0.000005,0.000001,,,,,
108020402,3.8552e+08,13,千克,0.6219,0.621936,0.076855,0.000571,0.001612,,,0.292714,0.003121,0.000004,0.000012,0.000049,,0.000949,0.001666,,,0.000014,,,,,,,,0.000497,,,,,,,
109013501,3.84504e+08,19,个,0.8090,0.014727,0.808996,0.007391,0.146124,,0.000375,0.002279,0.008430,0.000081,0.002908,0.000021,0.005830,,0.000918,0.000176,0.000761,0.000007,,,0.000037,0.000008,,,0.000260,0.000672,,,,,,,
106040607,3.83298e+08,14,个,0.6941,0.007551,0.694133,0.026457,0.155709,,,0.010870,0.023524,0.000010,,0.007658,,,0.008987,0.000586,,0.012049,,0.004705,,,,,0.039095,0.008667,,,,,,,
106051207,3.83084e+08,19,个,0.5167,0.079599,0.516661,0.017732,0.142631,,0.001608,0.009791,0.181030,0.002363,0.000033,0.002370,0.000435,0.000194,0.001486,0.000001,,0.004079,,0.000348,0.000013,,,,0.039319,0.000308,,,,,,,
109012302,3.82764e+08,19,个,0.7145,0.014759,0.714546,0.001485,0.231859,0.000001,,0.003658,0.010386,0.000083,,0.000016,0.000011,0.007035,0.012489,0.000011,0.000003,0.000004,,0.000017,0.000203,,,,0.003361,0.000073,,,,,,,
107030302,3.81636e+08,12,千克,0.8763,0.876319,0.015939,0.015478,0.000473,,,,0.004804,,,0.054309,,,0.001125,0.010859,,0.000455,,0.020145,,,,,0.000000,,,0.000094,,,,,
109024702,3.81515e+08,15,个,0.6838,0.027480,0.683830,0.000595,0.018586,,,0.000043,0.061323,0.000073,,0.180723,,,0.006942,0.000681,,0.001936,,0.016173,0.000024,,,,0.001266,,,0.000324,,,,,
109023501,3.80105e+08,8,个,0.9937,0.002226,0.993677,0.000142,0.002444,,,,0.000076,,0.000004,,,,0.000576,,,,,,0.000855,,,,,,,,,,,,
109061905,3.7766e+08,8,个,0.9954,,0.995411,0.000560,0.003516,,,0.000003,0.000003,,,0.000000,,,0.000262,,,,,,,,,,0.000245,,,,,,,,
104019905,3.7673e+08,13,千米,0.8587,0.085831,0.043601,0.002342,0.002418,,,0.858655,0.005226,,,0.000003,,0.000246,0.001488,0.000000,,0.000000,,,,,,,0.000186,0.000004,,,,,,,
104011202,3.76408e+08,13,千克,0.6153,0.615278,0.055105,0.001924,0.006652,,,0.278628,0.033452,,,0.000003,,0.000142,0.002200,,,0.000057,,0.000000,,,,,0.005759,0.000799,,,,,,,
109060502,3.74779e+08,20,个,0.5544,0.000291,0.554361,0.006228,0.431378,0.000022,,0.000039,0.003585,0.000070,0.000006,0.000338,0.000475,,0.002622,0.000349,,0.000033,,,0.000025,0.000003,0.000056,,0.000044,0.000018,,0.000056,,,,,
107030209,3.74083e+08,14,盒,0.4172,0.007687,0.381335,0.000432,0.003774,,,,0.048085,0.000329,,0.417216,,,0.000794,0.125666,,0.000023,,0.014529,0.000005,,0.000103,,,,,0.000023,,,,,
109012103,3.72625e+08,19,个,0.6159,0.277538,0.615877,0.007998,0.045000,,,0.017820,0.007394,0.000503,0.000181,0.000372,0.000029,,0.009566,0.000245,,0.000126,,0.000014,0.000105,0.000006,,,0.000587,0.016641,,0.000001,,,,,
103020504,3.70512e+08,15,千克,0.5236,0.523637,0.179927,0.001625,0.000751,0.000038,,,0.013887,0.084255,,0.003759,,,0.000036,0.064847,,0.015068,,0.049206,0.003091,,0.001572,,,,,0.058301,,,,,
104020117,3.704e+08,7,个,0.9764,,0.976385,0.008648,0.007536,,0.000554,,0.000652,,,,,,0.006222,,,,,,,,,,,0.000003,,,,,,,
301010101,3.69922e+08,28,千克,0.4855,0.485460,0.099707,0.256042,0.004074,0.003905,0.002708,0.002081,0.083712,0.000160,0.004830,0.000349,0.008185,0.000978,0.027793,0.000041,0.001382,0.000006,,0.000060,0.000243,0.000550,0.000009,0.000154,0.000096,0.000314,0.000041,0.000088,,0.004409,0.012624,,
108012300,3.68451e+08,21,个,0.4775,0.266467,0.477504,0.013362,0.056166,0.012638,,0.002137,0.004094,0.073776,,0.000175,0.000009,0.084190,0.006987,0.000103,0.000156,0.000532,,0.000256,0.000172,,,,0.000421,0.000631,,0.000089,,,0.000136,,
101010106,3.67468e+08,26,千克,0.5320,0.532018,0.158526,0.130635,0.024083,0.036802,0.003011,0.017230,0.027664,0.002220,0.006293,0.006409,0.000613,0.005958,0.033493,0.001840,0.000018,0.001895,,0.005373,0.001413,,0.000220,0.000071,0.001449,0.000785,,0.000072,0.001768,,,0.000141,
107029902,3.66132e+08,23,瓶,0.2871,0.101647,0.103247,0.042279,0.176882,0.004034,,0.002116,0.043677,0.112181,0.000040,0.067658,0.000772,0.001203,0.019717,0.287112,,0.000392,,0.000325,0.019776,0.000010,0.000027,,0.000005,0.001677,,0.015192,,,0.000030,,
109020401,3.65838e+08,20,个,0.4681,0.126863,0.468123,0.005193,0.360545,0.004571,,0.016496,0.007097,,0.001377,0.000000,0.000001,0.007188,0.001215,0.000028,0.000082,0.000172,,0.000158,0.000319,,0.000000,,0.000521,0.000052,,,,,,,
107021899,3.64499e+08,18,千克,0.4847,0.484738,0.333294,0.003439,0.000320,0.064653,,,0.023073,0.000585,0.000026,0.001156,,0.062534,0.000281,0.016771,,0.000106,,0.000014,0.005665,,,,0.000051,0.002242,,0.001052,,,,,
106040602,3.63565e+08,17,个,0.6739,0.005851,0.673917,0.008621,0.075511,,,0.000126,0.116163,0.000004,,0.007155,0.000002,0.000387,0.005417,0.000434,,0.000013,,0.000011,0.009144,,,,0.097159,0.000084,,,,,,,
107021202,3.63519e+08,21,个,0.3851,0.274757,0.385053,0.006809,0.050084,0.003825,,0.167464,0.017545,0.015219,0.001580,0.000911,0.000008,0.008570,0.001908,0.001074,,0.006710,,0.011532,0.011033,,0.000009,,0.000364,0.027465,,0.008082,,,,,
103020601,3.62684e+08,14,千克,0.6417,0.641674,0.067870,0.002059,0.000034,,,,0.008168,0.204465,,0.000596,,,0.000104,0.000376,,0.012356,,0.061750,0.000496,,0.000007,,,,,0.000045,,,,,
108010699,3.62615e+08,17,千克,0.4754,0.475417,0.199228,0.012220,0.070365,0.018853,,0.004835,0.045049,0.019358,0.000001,0.000002,,0.138092,0.016070,,,0.000015,,0.000008,0.000482,,,,0.000002,0.000002,,,,,,,
109050803,3.62564e+08,16,个,0.6890,0.001062,0.689036,0.027494,0.246621,,,0.000684,0.006323,0.001187,0.008782,0.000011,0.000351,0.008148,0.008567,,0.000058,0.000004,,,,,,,0.000083,0.001589,,,,,,,
107030212,3.62161e+08,12,盒,0.3625,0.000044,0.124848,0.000170,0.004179,,,,0.147900,0.001049,,0.362534,,,0.000138,0.333275,,0.001694,,0.024163,,,,,,,,0.000007,,,,,
109010605,3.62e+08,12,个,0.9460,0.008267,0.945996,0.000657,0.038292,,,0.000021,0.001386,,0.000481,,0.000188,,0.003041,,,,,0.000000,,,0.000001,,0.001669,,,,,,,,
101011502,3.60813e+08,15,千克,0.3904,0.390398,0.023526,0.015529,0.000854,,0.000001,,0.016381,0.043651,,0.083904,,,0.005302,0.003056,,0.055602,,0.345330,0.000385,,0.000864,,,,,0.015216,,,,,
109025503,3.60736e+08,15,套,0.4659,0.210520,0.222323,0.005221,0.465865,,,0.001130,0.057955,,0.031568,0.000006,0.001261,,0.003462,0.000005,,0.000024,,,0.000618,,,,0.000002,0.000039,,,,,,,
108030700,3.60524e+08,15,千克,0.9550,0.955006,0.008022,0.000941,0.004106,,,0.001192,0.021974,0.000013,,0.000007,,0.007696,0.000348,0.000007,,0.000278,,0.000344,0.000063,,,,,0.000004,,,,,,,
109024502,3.59693e+08,11,个,0.6035,,0.603502,0.004904,0.322866,,,,0.032483,,,0.025049,0.000005,,0.011059,0.000016,,0.000098,,,,,,,0.000006,0.000011,,,,,,,
109011207,3.59642e+08,12,个,0.9622,0.000225,0.962165,0.030324,0.000682,0.000013,,0.000434,0.000961,,0.000545,,0.000528,,0.003896,,,,,,0.000226,,,,0.000001,,,,,,,,
109020305,3.59422e+08,13,个,0.6708,0.027851,0.670814,0.026110,0.250894,0.000002,,0.001314,0.001114,,0.000255,,0.007044,,0.014537,,,,,,0.000003,,,,0.000046,0.000016,,,,,,,
109061699,3.59147e+08,15,个,0.7124,0.000156,0.712398,0.005079,0.253293,,,0.000260,0.007736,0.000430,,0.001483,0.000449,0.000140,0.018256,0.000164,,0.000024,,0.000006,,,,,0.000124,,,,,,,,
108031301,3.58129e+08,14,千克,0.9911,0.991114,0.006879,0.000796,0.000141,0.000343,0.000025,0.000009,0.000043,0.000070,,0.000005,,,0.000522,0.000026,,,,,0.000008,,,,,,,0.000019,,,,,
108040404,3.57934e+08,22,个,0.7243,0.059656,0.724264,0.017197,0.139729,0.000068,,0.001750,0.044824,0.000162,0.000000,0.001157,0.000006,0.000501,0.007286,0.000961,,0.000032,,0.000002,0.000603,0.000009,0.000000,,0.000896,0.000871,,0.000025,,,,,
107030208,3.53882e+08,10,盒,0.7438,0.000080,0.089404,0.000009,0.000008,,,,0.028781,,,0.743810,,,,0.136755,,0.000000,,0.001135,,,,,,,,0.000018,,,,,
108032102,3.5365e+08,10,千克,0.8193,0.819260,0.117109,0.000225,0.016078,,,0.001578,0.000103,,0.001941,,,0.002562,0.015837,,,,,,,,,,0.025306,,,,,,,,
108041403,3.52552e+08,18,个,0.6725,0.107286,0.672542,0.006141,0.095646,,,0.006313,0.034960,0.000539,0.000009,0.000748,0.000015,0.015147,0.051337,0.000000,,0.000009,0.007002,0.000007,0.000060,,,,0.002239,,,,,,,,
105010403,3.52317e+08,15,立方米,0.6999,0.004020,0.231373,0.001904,0.012424,0.699889,,0.003027,0.012699,0.000145,0.000408,0.000000,,0.022305,0.009814,,,0.001980,,,,,,,0.000007,0.000005,,,,,,,
102050405,3.5162e+08,17,千克,0.8035,0.803453,0.006553,0.023618,0.000644,0.158836,,0.000923,0.000853,,0.000240,0.000391,,0.001169,0.000739,0.000007,,0.000086,,0.001727,0.000756,,,,,0.000003,,,,,0.000002,,
102050900,3.50747e+08,16,千克,0.7817,0.781667,0.207080,0.000216,0.000868,,,0.001696,0.000476,0.000019,,0.000026,,0.003531,0.000127,0.000164,,0.003903,,0.000042,0.000092,,,,0.000014,0.000078,,,,,,,
108010310,3.50393e+08,18,个,0.3160,0.104727,0.316005,0.016674,0.027956,0.220337,,0.057652,0.074096,0.000150,0.000049,0.000002,0.001331,0.158545,0.014138,,,0.000896,,0.003195,0.003455,,,,0.000028,0.000762,,,,,,,
109025309,3.49065e+08,17,个,0.5020,0.000090,0.501968,0.020628,0.446594,,,0.002841,0.019603,0.000974,0.000478,0.000127,0.000149,0.000211,0.006036,0.000230,,0.000037,,0.000014,,,,,0.000015,0.000004,,,,,,,
106051009,3.48321e+08,23,个,0.6025,0.041865,0.602478,0.014399,0.083731,0.000007,,0.000581,0.019906,0.003801,0.000094,0.001419,0.000102,0.000734,0.202472,0.003815,0.000036,0.017844,,0.001243,0.000211,,0.000244,,0.003464,0.001532,,0.000000,,,0.000024,,
109012606,3.46709e+08,17,千克,0.4334,0.433410,0.326056,0.002515,0.219073,0.000016,,0.003495,0.005722,0.000003,0.008302,,0.000279,0.000202,0.000059,0.000727,,0.000093,,0.000013,,,,,0.000014,0.000019,,,,,,,
109020902,3.45098e+08,10,个,0.5184,0.007921,0.518386,0.001137,0.456533,0.000546,,0.000297,0.004990,,,,0.000052,,0.009741,,,,,,,,,,0.000397,,,,,,,,
201040000,3.44146e+08,26,千克,0.3714,0.371369,0.185874,0.025683,0.134657,0.004230,0.002943,0.044938,0.017328,0.000525,0.019949,0.001271,0.006647,0.001111,0.032983,0.001198,0.140592,0.000039,,0.000403,0.001355,,0.000004,0.000295,0.004650,0.001856,0.000007,0.000012,,,0.000081,,
103020603,3.44099e+08,15,箱,0.4423,0.025493,0.151138,0.004927,0.000215,0.000655,,,0.035880,0.442307,,0.008707,,,0.000152,0.223013,,0.000168,,0.028893,0.077406,,0.000316,,,,,0.000729,,,,,
107020205,3.43852e+08,15,千克,0.8266,0.826605,0.021208,0.000235,0.001704,0.002455,,0.000001,0.012416,0.002198,0.000001,0.000002,,0.000193,,0.081509,,,,,0.002785,,,,,0.000026,,0.048663,,,,,
109050802,3.42018e+08,14,个,0.5760,0.004110,0.576041,0.003523,0.392197,,,0.006120,0.001977,0.000262,0.000083,0.000000,0.000009,0.000637,0.014350,,,,,,,,,,0.000577,0.000115,,,,,,,
107040102,3.41476e+08,11,千克,0.9443,0.944273,0.000169,,,0.000338,,0.002300,0.052807,0.000002,,,,0.000002,,0.000001,,,,0.000001,0.000103,,,,0.000004,,,,,,,,
107020226,3.40835e+08,7,千克,0.9991,0.999100,0.000001,,,0.000018,,,0.000311,,,0.000130,,,,0.000405,,,,,0.000035,,,,,,,,,,,,
109020405,3.40752e+08,14,个,0.8506,0.002135,0.850602,0.011057,0.095562,,,0.010711,0.002798,0.004408,0.000000,,0.000005,0.014218,0.004123,,,,,,0.001649,,,,,0.000008,,,,,0.002724,,
103011106,3.40236e+08,14,箱,0.5871,0.351506,0.002751,0.001173,0.000002,,,,0.008897,0.587112,,0.026162,,,0.000007,0.000734,,0.007683,,0.011514,0.000026,,0.000154,,,,,0.002279,,,,,
108011199,3.4019e+08,19,个,0.5306,0.300324,0.530640,0.008537,0.104140,,0.000332,0.001945,0.001552,0.000098,,0.000242,0.000164,0.047923,0.003857,0.000000,,0.000000,,0.000000,0.000031,,,,0.000096,0.000120,0.000000,,,,,,
109020408,3.39817e+08,19,套,0.2488,0.167520,0.175968,0.014899,0.248794,0.020203,,0.135416,0.028219,0.000183,0.001548,0.000000,0.000209,0.141804,0.062898,,,0.000102,,0.000030,0.001104,0.000000,,,0.000067,0.001036,,,,,,,
102050602,3.38935e+08,8,千克,0.9984,0.998365,0.000133,0.000114,,,,,0.000039,0.000023,,,,,,0.000303,,0.000007,,0.001016,,,,,,,,,,,,,
104020201,3.38827e+08,15,个,0.6047,0.002163,0.604672,0.000497,0.014691,,,0.008239,0.103233,,0.018834,,,0.241388,0.006119,0.000002,,0.000018,,0.000026,,,,,0.000115,0.000003,,,,,,0.000000,
102040111,3.37557e+08,6,千克,0.9931,0.993057,0.001361,0.005050,0.000005,0.000466,,,,,,,,,,0.000061,,,,,,,,,,,,,,,,,
109020208,3.36332e+08,16,个,0.4775,0.077087,0.477464,0.012071,0.382843,0.000738,,0.039760,0.007200,0.000019,0.000194,0.000009,0.000058,,0.000278,0.000350,,0.000104,,,0.000313,,,,0.001514,,,,,,,,
108031603,3.35493e+08,16,千克,0.9587,0.958702,0.032990,0.000816,0.001549,,,0.000587,0.000064,0.000309,,0.000001,,0.000745,0.000072,0.000053,,0.000031,,0.000023,0.000015,,,,0.000000,0.004043,,,,,,,
107020109,3.35292e+08,12,千克,0.9983,0.998286,0.000955,0.000418,0.000040,,,0.000009,0.000004,0.000002,,0.000000,,,,0.000279,,0.000000,,0.000001,0.000006,,,,,,,,,,,,
104010504,3.34797e+08,13,个,0.7303,0.026167,0.730286,0.016964,0.154630,,,0.020614,0.049856,,,0.000033,,,0.001017,,,0.000261,,0.000003,,,0.000029,,0.000113,0.000026,,,,,,,
102050204,3.34431e+08,16,千克,0.8142,0.814151,0.009647,0.033139,0.000868,0.076853,0.014791,0.004090,0.016909,,,0.001305,,0.009512,0.013817,0.000250,,0.003933,,0.000140,0.000581,,,,,0.000011,,,,,,,
109011109,3.34288e+08,20,个,0.6564,0.053753,0.656390,0.006585,0.243894,0.000012,,0.028371,0.001876,0.000145,0.001085,0.000056,0.000213,,0.004046,0.000447,0.000263,0.000021,,0.000017,0.000748,,,,0.001882,0.000186,,0.000012,,,,,
109061801,3.32959e+08,13,个,0.9804,0.000298,0.980395,0.007270,0.005214,,,,0.002341,,0.000005,0.000028,,0.002284,0.000674,0.000012,,0.000001,,0.000155,,,,,0.001324,,,,,,,,
109023101,3.32456e+08,18,个,0.7992,0.036386,0.799189,0.000263,0.068965,,,0.026991,0.065698,0.000111,0.000051,0.000036,0.000006,0.000599,0.000069,0.000002,,0.000485,,0.000007,0.000000,,,,0.000497,0.000645,,,,,,,
106051208,3.32035e+08,15,个,0.8928,0.004321,0.892812,0.000552,0.016732,0.000025,,,0.030640,0.051083,,0.002862,,,0.000102,0.000820,,0.000045,,,0.000000,,,,0.000002,,0.000001,0.000001,,,,,
109041699,3.29749e+08,16,个,0.8319,0.000002,0.831930,0.041155,0.103361,,,0.009556,0.000324,0.000002,0.000529,0.000650,0.000010,0.004015,0.008152,,,0.000002,,,,,0.000021,,0.000002,0.000291,,,,,,,
102050501,3.29483e+08,15,千克,0.9686,0.968576,0.025671,0.000182,0.004687,,0.000315,0.000048,0.000004,0.000008,,,,0.000080,0.000030,0.000051,,0.000000,,0.000002,0.000240,,,,0.000106,,,,,,,,
104010901,3.29104e+08,20,千克,0.6873,0.687251,0.110293,0.002614,0.014059,0.000314,,0.131188,0.006009,0.000078,0.000536,0.000026,0.000027,0.014108,0.017410,0.000002,,0.008175,,0.000481,0.000081,,0.000005,,0.000712,0.006632,,,,,,,
109011502,3.28852e+08,7,个,0.9914,0.001597,0.991400,0.000039,0.005668,,,0.000006,0.001232,,,,,,,,,,,,0.000058,,,,,,,,,,,,
109012702,3.26883e+08,17,个,0.9361,0.002719,0.936133,0.002394,0.036190,,0.000002,0.006035,0.002809,0.000074,0.002154,,0.000002,0.008968,0.002471,0.000000,,,,0.000001,0.000004,,,,0.000022,0.000021,,,,,,,
108012102,3.26848e+08,17,个,0.7245,0.004970,0.724529,0.004089,0.114614,,,0.000015,0.023522,0.101234,0.001343,0.000734,,0.000063,0.011421,0.000017,,0.006293,,,0.000010,,0.000066,,0.000000,0.007079,,,,,,,
109062102,3.26208e+08,7,个,0.6956,,0.695581,0.001150,0.289602,,,,0.000016,,0.000585,,,,0.003970,,,,,,,0.009095,,,,,,,,,,,
109042103,3.25894e+08,13,个,0.6151,0.232142,0.615092,0.012407,0.105348,,,0.001277,0.033333,,,0.000001,,,0.000386,0.000001,,0.000001,,,,,0.000005,,0.000003,0.000004,,,,,,,
107030110,3.25455e+08,12,千克,0.6672,0.667218,0.069197,0.001199,0.021203,,,0.000001,0.016626,,,0.188856,,,0.000846,0.033501,,0.000001,,0.000457,0.000895,,,,,,,,,,,,
108012001,3.24204e+08,19,个,0.7456,0.104737,0.745609,0.000640,0.035669,0.000266,,0.014555,0.010269,0.000331,0.034015,0.000436,0.000049,0.047328,0.005267,0.000006,,0.000137,,,0.000020,,,,0.000361,0.000002,,0.000302,,,,,
107021703,3.22863e+08,15,OTHER,0.5088,0.466057,0.002257,0.001700,0.001185,,,0.011391,0.508820,0.003132,0.000037,0.000001,0.000012,,0.005072,,,0.000002,,,0.000004,,,,,0.000182,,,,,0.000147,,
104020404,3.22653e+08,19,个,0.8377,0.131362,0.837749,0.004463,0.000828,0.000410,,0.002220,0.011983,0.000143,,0.000003,,0.000057,0.009620,0.000001,,0.000060,,0.000018,0.000007,,0.000265,,0.000768,0.000036,,0.000007,,,,,
107020224,3.22619e+08,9,千克,0.9945,0.994521,0.001461,0.001121,0.000052,,,0.002668,0.000031,,,,,,,0.000064,,,,0.000007,0.000074,,,,,,,,,,,,
105010801,3.22019e+08,21,个,0.6437,0.005543,0.643739,0.022473,0.202481,0.000316,,0.002136,0.021754,0.003719,0.000887,0.035437,0.000357,0.001271,0.018875,0.000335,,0.034816,,0.004764,0.000105,,0.000139,,0.000111,0.000175,,0.000566,,,,,
108040799,3.21719e+08,18,个,0.5848,0.021510,0.584775,0.001678,0.353476,,,0.000236,0.020743,0.008268,0.000005,0.003289,0.000010,,0.001846,0.000017,,0.000018,,0.000041,0.000019,,0.000156,,0.003863,0.000051,,,,,,,
109020304,3.20893e+08,17,个,0.8007,0.002934,0.800745,0.079529,0.094593,0.000603,,0.010057,0.005289,0.000011,0.000889,0.000006,0.000019,0.000514,0.004598,,,0.000000,,,0.000060,,,,0.000116,0.000038,,,,,,,
110020199,3.20823e+08,12,立方米,0.4941,0.468603,0.000419,0.024713,0.000372,0.494096,0.001678,0.000011,,,0.005455,,,0.000337,,0.004308,0.000007,,,,,0.000001,,,,,,,,,,,
109042403,3.1897e+08,13,个,0.7782,0.030836,0.778168,0.006418,0.074593,,,0.054223,0.031267,0.006738,,0.000138,,0.002879,0.012951,,,0.000004,,,0.000133,,,,,0.001652,,,,,,,
107040101,3.18463e+08,17,千克,0.9899,0.989881,0.005589,0.000106,0.000014,0.001330,,0.002384,0.000005,0.000097,,0.000055,,0.000071,,0.000011,,0.000027,,0.000019,0.000001,,,,0.000002,0.000406,,,,,,0.000002,
109010203,3.18445e+08,19,个,0.8341,0.005198,0.834104,0.003307,0.122202,0.002012,,0.000244,0.004120,0.000064,0.001824,0.000003,0.000002,0.000029,0.022807,0.000039,,0.000069,,0.000009,0.003430,,,,0.000483,0.000053,,,,,,,
103010704,3.1726e+08,17,千克,0.8167,0.816723,0.029210,0.000513,0.000288,,,0.025432,0.002985,0.077852,,0.006930,,,0.002040,0.000272,,0.002228,,0.002706,0.028596,,0.000178,,0.000001,0.000314,,0.003734,,,,,
101020402,3.15983e+08,21,千克,0.9333,0.933262,0.011533,0.010758,0.016572,0.003983,,0.002618,0.003561,0.000771,0.000316,0.000223,0.000064,0.005218,0.000608,0.000234,0.000114,0.000597,,0.000041,0.008487,,,,0.000241,0.000535,,0.000264,,,,,
107030411,3.15713e+08,10,盒,0.7199,,0.002824,0.000276,0.000055,,,,0.033793,0.000122,,0.719926,,,,0.242900,,0.000046,,0.000002,0.000055,,,,,,,,,,,,
108031104,3.15307e+08,5,千克,0.9959,0.995893,0.000015,,,0.002265,,,0.001664,,,,,,,0.000162,,,,,,,,,,,,,,,,,
101010499,3.134e+08,20,千克,0.9111,0.911148,0.018255,0.003980,0.003899,,0.000003,0.000132,0.013533,0.006883,0.000062,0.010989,0.000039,,0.000546,0.001487,,0.003417,,0.023062,0.001929,,0.000085,,0.000058,0.000181,,0.000315,,,,,
107040305,3.13317e+08,14,千克,0.8500,0.849965,0.132181,0.005277,0.000853,0.002182,,0.001908,0.000030,0.000523,,0.000003,,0.004896,,0.000000,,,,0.001117,,,,,0.000009,0.001056,,,,,,,
103011500,3.12822e+08,13,千克,0.9715,0.971466,0.002098,0.000123,,,,,0.001755,0.004049,,0.018497,,,0.000040,0.000405,,0.000034,,0.000906,0.000112,,0.000054,,,,,0.000462,,,,,
107021511,3.12702e+08,13,千克,0.9827,0.982740,0.000729,0.000877,0.000019,0.002600,,,0.008693,0.000021,,,,0.000217,,0.000325,,,,0.000000,0.003765,,,,0.000000,,,0.000013,,,,,
109022813,3.12491e+08,15,个,0.9638,0.000174,0.963849,0.001287,0.025682,,,0.001038,0.001707,0.000018,,0.000017,,,0.000124,0.000006,0.000215,0.000006,,,0.002900,,,,0.002916,0.000060,,,,,,,
109061906,3.1211e+08,12,个,0.9188,0.000528,0.918758,0.002983,0.056987,,0.000029,0.007246,0.008345,,,,0.000040,0.002715,0.002274,,,,,0.000001,,,,,0.000094,,,,,,,,
108010404,3.11932e+08,21,千米,0.3130,0.173799,0.072749,0.019811,0.008595,0.087292,,0.313004,0.024657,0.003944,0.001799,0.000209,0.000080,0.244811,0.035985,0.000096,,0.002115,,0.000378,0.010252,,,,0.000003,0.000121,,0.000017,,,0.000282,,
109024210,3.11927e+08,18,个,0.5753,0.000029,0.575304,0.000942,0.370622,,,,0.001621,0.020836,0.000047,0.003943,0.000255,,0.008792,0.002296,,0.001208,,0.000059,0.001809,0.000449,,,0.011365,0.000393,,0.000028,,,,,
109041402,3.11495e+08,11,个,0.9758,,0.975768,0.013137,0.009312,,,,0.001700,0.000030,0.000011,,,,0.000023,0.000011,,,,0.000007,,,,,0.000000,,0.000001,,,,,,
109060605,3.10864e+08,20,个,0.7011,0.001398,0.701129,0.018669,0.257864,,,0.000695,0.005018,0.004263,0.001342,0.000049,0.001876,0.000189,0.005355,0.000128,0.000850,0.000836,,0.000154,,0.000135,0.000013,,0.000017,0.000017,,,,,,,
108010804,3.09738e+08,17,平方米,0.4894,0.380788,0.011749,0.012003,0.002024,0.015435,,0.025052,0.015115,0.000004,0.011761,0.000695,,0.489357,0.004306,0.000002,,0.000193,,0.000040,0.010481,,,,,0.020997,,,,,,,
109010601,3.09355e+08,16,个,0.8954,0.009249,0.895362,0.005899,0.076429,0.000011,,0.000033,0.006399,,0.000731,0.000006,0.001413,,0.004046,,,0.000003,,0.000013,0.000002,,,,0.000403,0.000001,,,,,,,
103010804,3.08521e+08,16,千克,0.3235,0.323537,0.123115,0.004455,0.004343,,,,0.035273,0.107247,,0.055765,,,0.002949,0.000065,,0.229870,,0.109657,0.000003,,0.003067,,,,0.000045,0.000603,,0.000004,,,
109032803,3.0823e+08,14,千克,0.6797,0.679703,0.287088,0.000514,0.026378,0.000180,,0.000017,0.000179,0.000000,,,0.000029,,0.005131,,,,,0.000000,0.000228,,,,0.000254,,,0.000299,,,,,
109050704,3.07926e+08,14,个,0.5591,0.000039,0.559113,0.025282,0.409693,,,0.000150,0.000384,,0.002557,0.000006,0.000087,,0.002541,0.000004,,0.000001,,,,,0.000020,,0.000123,,,,,,,,
107030707,3.07628e+08,12,瓶,0.8615,0.016028,0.018220,0.000037,0.018668,,,,0.022196,,,0.060634,,,0.001490,0.861507,,0.000021,,0.000073,0.000853,,,,0.000271,,,,,,,,
109060304,3.06874e+08,18,个,0.8725,0.000033,0.872513,0.010773,0.107346,,,0.000185,0.000281,0.000524,0.001393,0.001458,0.000108,0.000045,0.000409,0.000002,,0.000002,,,0.000000,,0.004821,,0.000085,0.000021,,,,,,,
109032801,3.06689e+08,16,个,0.7342,0.000677,0.734215,0.052080,0.013727,,,0.000129,0.004624,0.192363,0.000408,0.001324,0.000047,0.000001,0.000284,,,0.000062,,0.000001,,,0.000046,,0.000014,,,,,,,,
109042407,3.06476e+08,16,个,0.6590,0.005382,0.658974,0.023445,0.292201,,,0.001130,0.013688,0.000010,0.000388,0.000156,,,0.004460,0.000023,0.000112,,,,0.000017,,,,0.000000,0.000014,0.000000,,,,,,
109024202,3.0631e+08,17,个,0.6050,0.000499,0.605025,0.018918,0.347281,,0.000514,0.001308,0.003310,0.000430,0.000326,0.018202,0.000405,,0.001954,0.000098,,0.000115,,0.000003,,,,,0.001521,0.000090,,,,,,,
108040701,3.05364e+08,19,个,0.6966,0.015655,0.696594,0.105753,0.110363,,,0.000104,0.032704,0.003508,,0.013845,0.004369,0.000067,0.007026,0.000007,,0.000276,,0.007872,0.000015,,0.000015,,0.001799,0.000030,0.000000,,,,,,
104020104,3.05052e+08,10,套,0.5627,0.000041,0.430276,0.002150,0.562672,,,0.000065,0.001517,,,0.000693,,0.000072,0.000857,,,0.001656,,,,,,,,,,,,,,,
102040106,3.04991e+08,8,千克,0.9966,0.996630,0.000142,0.003082,0.000131,,,,0.000003,,,,,,,,,,,0.000000,,,,0.000006,0.000005,,,,,,,,
109020106,3.04305e+08,18,个,0.7216,0.014596,0.721643,0.004547,0.193606,0.000089,,0.003260,0.031297,,0.000802,0.000052,0.000056,0.000220,0.025140,0.000002,0.004261,,,0.000001,0.000197,,,,0.000209,0.000024,,,,,,,
109024404,3.04138e+08,21,个,0.6725,0.006020,0.672480,0.003516,0.163036,0.000074,,0.000023,0.011914,0.007527,0.000055,0.045352,0.002465,,0.019885,0.017153,0.000004,0.020483,,0.002780,0.014046,0.000000,,,0.001161,0.012004,,0.000021,,,,,
103020207,3.02983e+08,16,箱,0.3874,0.226769,0.174074,0.004965,0.009310,,,,0.075106,0.387389,,0.015027,,,0.001654,0.006038,,0.020035,,0.075352,0.001813,,0.000265,,0.000012,0.000052,,0.002139,,,,,
106010505,3.02586e+08,21,卷,0.5303,0.199198,0.096713,0.009014,0.005300,0.000769,,0.040016,0.011733,0.000310,0.000041,0.000400,,0.083253,0.017767,0.000715,,0.001885,,0.000024,0.000284,,,,0.001663,0.530332,,0.000001,,,0.000054,0.000529,
109023607,3.01723e+08,8,个,0.9289,0.000584,0.928916,0.000194,0.070182,,,0.000121,0.000000,,,,,,0.000004,,,,,,,,,,0.000000,,,,,,,,
104019902,3.01696e+08,19,个,0.7327,0.071840,0.732691,0.003019,0.075797,,,0.020071,0.023465,0.000750,0.000058,0.000323,0.000001,0.020889,0.019402,0.000026,,0.000352,,0.000055,0.000005,,0.000007,,0.013477,0.017774,,,,,,,
104020125,3.0127e+08,20,套,0.5394,0.006155,0.405137,0.004525,0.539442,,0.000021,0.005419,0.009238,0.001576,0.000010,0.000113,0.000252,0.003150,0.002388,0.000001,0.000000,0.000481,,0.000036,0.000007,,,,0.018320,0.003729,,,,,,,
107021704,3.00698e+08,15,千克,0.7130,0.712997,0.013390,0.006883,0.001498,,,0.005955,0.228029,0.030161,,0.000028,0.000003,,0.000133,,,0.000010,,0.000002,,,,,0.000056,0.000751,,,,,0.000104,,
304040302,3.00244e+08,18,UNKNOWN,0.6080,0.267556,0.013669,0.608030,0.001053,0.000001,,,0.020976,0.003028,0.010667,,0.015680,0.000011,0.014592,,0.009241,,,,,0.001874,,0.000436,,,0.000005,,0.000065,0.032921,0.000197,,
304020201,2.97055e+08,15,个,0.7430,,0.742974,0.136522,0.013767,0.000013,0.004359,0.002459,0.003707,,0.040980,,0.021124,0.000011,0.024956,,0.007022,,,,,0.000011,0.002046,0.000047,,,,,,,,,
107020121,2.97007e+08,11,千克,0.9924,0.992419,0.002214,0.001942,,0.000061,,,0.000842,0.000010,,0.000000,,,,0.001296,,0.000080,,0.000612,0.000523,,,,,,,,,,,,
301040201,2.96685e+08,12,立方米,0.7153,0.000870,0.001457,0.268208,,0.715265,,0.001343,0.000209,,0.000097,,,0.009037,0.000192,0.002127,0.000180,,,,,,,,,,,,,,0.001016,,
109042207,2.93883e+08,18,个,0.7530,0.005287,0.752973,0.015989,0.179067,,0.000908,0.003652,0.002206,0.000050,0.000242,0.000053,,0.004242,0.001689,0.001389,,0.000016,0.031760,,,,,,0.000438,0.000039,,0.000000,,,,,
109050703,2.92419e+08,12,个,0.8574,0.000001,0.857391,0.016710,0.122268,,,0.000032,0.001148,,0.000035,0.002116,0.000058,,0.000232,,,,,,,,0.000009,,,0.000000,,,,,,,
109060603,2.91255e+08,13,个,0.8636,0.000905,0.863584,0.000543,0.134228,,,,0.000055,,0.000019,0.000129,0.000134,,0.000150,,,,,,0.000051,,,0.000197,0.000001,0.000005,,,,,,,
109020307,2.90017e+08,13,个,0.9161,0.001154,0.916077,0.031372,0.023051,0.014813,,0.000005,0.002521,0.000001,0.000828,,0.000239,,0.007960,,,,,,0.000687,,,,,,,,,,0.001293,,
107020222,2.90005e+08,10,千克,0.9955,0.995490,0.000273,0.000002,0.000004,0.000065,,0.000001,0.000174,,,,,,,0.001124,,,,0.000089,0.002779,,,,,,,,,,,,
107021006,2.88369e+08,23,千克,0.7166,0.716608,0.064323,0.002371,0.020946,0.000723,,0.000012,0.052363,0.002932,0.000382,0.028114,0.000003,0.035493,0.009199,0.047199,0.000026,0.000060,,0.000726,0.017327,,0.000049,,0.000005,0.000019,,0.001095,,,0.000026,,
109020704,2.88251e+08,16,个,0.6599,0.025382,0.659857,0.007509,0.287233,,,0.006469,0.002203,0.000008,0.000240,0.000002,0.003318,0.000174,0.006763,,,0.000004,,,,,,,0.000834,0.000002,,0.000002,,,,,
109041201,2.8825e+08,15,个,0.7475,0.000227,0.747501,0.006952,0.145179,,,0.000302,0.003397,0.000313,,0.012682,0.000008,,0.001275,0.081648,,0.000008,,,0.000034,,,,0.000448,0.000026,,,,,,,
109020107,2.87846e+08,13,个,0.9570,0.002510,0.957048,0.000647,0.037907,,,0.000051,0.000684,,,0.000001,,,0.000954,0.000031,0.000018,,,,0.000046,,,0.000069,0.000032,,,,,,,,
109025202,2.87656e+08,18,个,0.9102,0.000293,0.910198,0.014650,0.042590,,,0.003652,0.001665,0.000329,0.004138,0.000006,0.000736,0.004831,0.016365,0.000009,,0.000018,,,0.000080,,,,0.000423,0.000007,,0.000010,,,,,
109022405,2.87639e+08,17,个,0.5032,0.000221,0.503230,0.002323,0.491360,,,0.000248,0.000050,0.000035,,0.000279,0.000734,,0.000395,0.000024,,0.000030,,,0.000082,,0.000382,,0.000502,0.000001,,0.000103,,,,,
109012299,2.87436e+08,20,个,0.6329,0.003695,0.632931,0.006292,0.316766,0.000826,,0.000349,0.024482,0.000027,0.000185,0.000000,0.002117,0.000148,0.008897,0.000061,,0.001399,,0.000003,0.001054,,0.000016,,0.000728,0.000024,,,,,,,
108031701,2.87016e+08,13,个,0.5411,0.424122,0.541124,0.000174,0.011257,,,0.005876,0.003388,0.000024,,,,0.012654,0.000627,,,0.000004,,0.000001,,,,,0.000604,0.000145,,,,,,,
109032701,2.86596e+08,21,个,0.3224,0.100125,0.322399,0.021468,0.136874,0.000387,,0.081212,0.019559,0.000072,0.009797,0.000106,0.002410,0.244707,0.011362,0.000000,,0.000460,,0.000001,0.000010,,0.000014,,0.001645,0.047392,,,,,0.000002,,
109062504,2.84489e+08,22,个,0.7612,0.009260,0.761244,0.004795,0.148010,,,0.003032,0.013316,0.000918,0.002819,0.011641,0.006066,0.003534,0.005178,0.014592,0.001722,0.002653,,0.001980,0.000209,0.000003,0.001009,,0.000114,0.004693,,,0.003212,,,,
108012005,2.84378e+08,15,个,0.9817,0.005619,0.981714,0.000712,0.004377,,0.001104,0.001944,0.003928,0.000002,,,,0.000011,,0.000006,,0.000001,,0.000000,,,,,0.000222,0.000073,,,,,0.000287,,
109060306,2.83847e+08,14,个,0.6259,0.001528,0.625940,0.012616,0.298316,,,0.000368,0.011984,,0.007811,,0.000691,,0.039870,0.000724,,0.000020,,,0.000009,,,,0.000006,0.000118,,,,,,,
106020102,2.83288e+08,24,个,0.7030,0.023003,0.703002,0.051651,0.103939,0.000100,,0.000016,0.031428,0.002085,0.000163,0.000040,0.001636,0.000980,0.029786,0.000007,0.000065,0.000482,,0.000181,0.000002,0.000894,0.042175,,0.000023,0.001212,,,0.006584,,,0.000549,
109040503,2.82758e+08,19,个,0.6799,0.091736,0.679878,0.038995,0.074000,,0.043826,0.005094,0.021678,0.000013,0.000786,0.000038,0.000014,0.014317,0.014442,0.000009,,0.000007,,0.000023,0.000179,,,,0.008869,0.006096,,,,,,,
109051304,2.82042e+08,18,套,0.5096,,0.406271,0.027215,0.509565,,,0.000512,0.013216,0.000062,0.027651,0.000436,0.003592,,0.009104,0.000007,0.001839,0.000014,,,,0.000028,0.000029,0.000410,0.000008,0.000039,,,,,,,
109024612,2.81444e+08,13,个,0.8395,,0.839478,0.001765,0.018966,,,0.000000,0.001519,0.000071,,0.061402,,,0.000108,0.000655,,0.027287,,0.048724,,,0.000024,,,,,0.000000,,,,,
107060304,2.81195e+08,20,个,0.3455,0.041735,0.345534,0.189638,0.215575,0.000226,,0.118908,0.005125,0.001615,0.003235,0.000021,0.000045,0.056781,0.018183,0.000017,,0.000289,,0.000000,0.000020,0.000011,,,0.001471,0.001571,,,,,,,
104010605,2.80959e+08,19,个,0.5918,0.272246,0.591790,0.011602,0.095148,0.000160,,0.001220,0.004815,0.000361,,0.000132,0.000000,0.005893,0.000073,0.000005,,0.014613,,0.000003,,,0.000007,,0.000576,0.001245,,,,,0.000110,,
103010805,2.80891e+08,14,个,0.2745,0.212086,0.274479,0.029711,0.000240,,,,0.026399,0.029135,,0.018430,,,0.002693,0.002718,,0.044913,,0.217837,0.000057,,0.000388,,,,,0.140914,,,,,
103011206,2.79632e+08,15,千克,0.9943,0.994257,0.000777,0.000888,0.000073,0.000041,,0.000059,0.001434,0.000243,,0.000032,,,0.000211,0.000080,,0.001450,,0.000425,0.000029,,,,,,,0.000000,,,,,
306010902,2.7892e+08,4,UNKNOWN,0.9856,,,0.985576,,,,,,,,,0.002689,,,,0.000001,,,,,,,0.011734,,,,,,,,,
108010704,2.78464e+08,18,平方米,0.4952,0.076096,0.219583,0.014201,0.081983,0.005657,,0.068601,0.018012,0.006707,0.000948,0.000001,,0.495169,0.012854,0.000005,,0.000000,,0.000023,0.000061,0.000043,,,,,,0.000055,,,,,
109011205,2.77718e+08,8,个,0.9005,0.000105,0.900506,0.005559,0.087333,,,,0.000189,,,,,,0.000259,0.006049,,,,,,,,,0.000000,,,,,,,,
109023303,2.77566e+08,17,个,0.4547,0.156585,0.454679,0.011175,0.275489,0.000615,,0.006107,0.075162,0.000017,0.006299,0.000000,0.001000,0.000321,0.010892,0.000000,,,,,0.000039,,,,0.001569,0.000048,,,,,,,
109012404,2.76415e+08,15,个,0.7830,0.032789,0.782994,0.004454,0.129029,0.000039,,0.004873,0.034027,0.000007,,0.000013,0.000001,,0.000119,,,0.000050,,,0.000242,,,,0.011352,0.000011,,,,,,,
108031802,2.76206e+08,4,千克,0.9959,0.995933,0.001935,,,,,,,,,,,,0.000989,0.001143,,,,,,,,,,,,,,,,,
101030306,2.73552e+08,13,个,0.7398,0.160116,0.739824,0.000285,,,,0.000039,0.008093,0.000355,,0.000001,,0.090697,,0.000007,,0.000000,,,,,,,0.000011,0.000031,,,,,,0.000540,
109012004,2.7329e+08,17,个,0.7721,0.015838,0.772083,0.009631,0.181631,,,0.001665,0.001572,0.001027,0.000004,0.000011,0.000101,0.000201,0.015211,0.000011,,0.000071,,,0.000555,,,,0.000184,0.000204,,,,,,,
106010102,2.73108e+08,20,千克,0.7126,0.712581,0.074376,0.011780,0.001660,0.000103,,0.001950,0.005914,0.133704,0.000001,0.000660,,0.002159,0.011307,0.000482,,0.010540,,0.001636,0.000099,,0.000503,,0.000075,0.010204,,,,,,0.020267,
104011001,2.72073e+08,19,千克,0.9063,0.906291,0.030699,0.019122,0.004918,0.000028,,0.028819,0.000655,0.000012,0.000793,,0.000209,0.006521,0.001368,0.000013,0.000006,0.000015,,,0.000000,,,,0.000122,0.000401,,0.000008,,,,,
103040203,2.71577e+08,15,个,0.8804,0.013099,0.880362,0.021080,0.041554,0.000001,0.000050,0.000031,0.000001,0.001720,,0.002699,,,0.026138,0.012585,,0.000675,,,,,,0.000000,,0.000002,,,,,,,
109042599,2.7126e+08,9,UNKNOWN,0.7652,,0.194778,0.765244,0.013482,,,0.000420,0.001376,0.000001,0.024678,,0.000011,,,,,,,,,,,,0.000011,,,,,,,,
108031103,2.70202e+08,6,千克,0.9867,0.986688,0.002876,0.000544,,,,,0.009825,,,,,,,0.000014,,,,,,,,,0.000052,,,,,,,,
304040501,2.7019e+08,15,立方米,0.5298,0.077139,0.012801,0.266888,0.003579,0.529756,,,0.004558,0.002481,0.002000,,0.011252,,0.010574,,0.009839,,,,,,,0.000053,,,,,0.009056,0.059948,0.000074,,
104010804,2.69942e+08,16,个,0.5342,0.025448,0.534214,0.069865,0.137109,,,0.016565,0.179392,0.000040,0.000048,0.000003,,0.020004,0.016747,,,0.000063,,0.000003,,,0.000000,,0.000344,0.000153,,,,,,,
109020907,2.69918e+08,18,个,0.6470,0.056574,0.647044,0.003203,0.249174,,,0.003122,0.003162,0.000096,0.000161,0.000003,0.000734,0.000508,0.027647,0.000043,,0.000013,,,0.000437,,,,0.007776,0.000280,,,,,0.000022,,
108011103,2.69804e+08,14,个,0.8984,0.013454,0.898420,0.019316,0.061384,,,,0.000640,0.000157,,0.000923,0.000132,0.002681,0.002576,0.000007,,0.000005,,,,0.000119,,,0.000187,,,,,,,,
109042405,2.69412e+08,20,个,0.3581,0.003004,0.358114,0.055770,0.337746,0.000968,,0.046448,0.025261,,0.037531,0.000015,0.000388,0.046846,0.086332,,0.000033,0.000007,,,,,0.000003,0.000224,0.000052,0.001244,,0.000006,,0.000009,,,
109021001,2.69361e+08,14,个,0.9608,0.001768,0.960772,0.007004,0.026844,0.000105,,0.000255,0.000492,0.000003,,0.000003,0.000026,,0.001848,,,,,,0.000390,,,,0.000488,,,0.000003,,,,,
108041302,2.68945e+08,16,千克,0.8744,0.874419,0.055907,0.000549,0.005959,,,0.031421,0.013020,0.003197,0.000007,0.000001,,0.003499,0.009070,0.000002,,0.000058,,,0.000011,,,,0.001236,0.001645,,,,,,,
109022103,2.66912e+08,19,千克,0.3629,0.362896,0.333181,0.019042,0.170961,,,0.018452,0.029365,0.007504,,0.000117,0.000618,0.001734,0.003429,0.000001,,0.000852,,0.000042,0.000025,,0.000085,,0.000010,0.006446,,,,,,0.045240,
109050106,2.66873e+08,14,套,0.4866,,0.477249,0.024105,0.486647,,,0.000118,0.001710,,0.002034,0.000028,0.000015,0.000036,0.006937,0.000043,,,,,,,0.000014,,0.000001,,,,,,0.001062,,
108042000,2.66498e+08,20,个,0.7591,0.105095,0.759119,0.002120,0.059787,0.010529,,0.030732,0.003582,0.001033,0.000185,0.000046,0.000011,0.021961,0.005380,0.000008,,0.000232,,0.000001,0.000060,,,,0.000026,0.000059,,0.000033,,,,,
102020603,2.65871e+08,17,千克,0.9903,0.990263,0.003499,0.000904,0.000340,0.000650,,0.000326,0.000845,0.000512,,0.000008,,0.001594,,0.000132,,0.000001,,0.000051,0.000804,,,,0.000002,0.000017,,0.000053,,,,,
109062503,2.65213e+08,24,个,0.8763,0.004034,0.876344,0.005088,0.086253,0.000245,,0.000087,0.000466,0.003656,0.000028,0.000339,0.001536,0.000903,0.009680,0.001460,0.003616,0.001240,,0.001125,0.000023,0.000039,0.000030,,0.000021,0.003604,,,0.000069,,,0.000112,
103020702,2.65087e+08,12,千克,0.9877,0.987743,0.000014,0.000056,0.000181,,,,0.000447,0.001831,,0.008223,,0.000566,,0.000449,,0.000002,,0.000327,0.000162,,,,,,,,,,,,
103040400,2.64982e+08,14,千克,0.9911,0.991090,0.004532,0.000576,0.000395,,,,0.000016,0.000014,,0.000028,0.000595,0.000039,0.002104,0.000467,,0.000138,,,,,0.000004,,,0.000004,,,,,,,
104020121,2.63754e+08,6,个,0.9886,,0.988582,0.004885,0.001994,,,,0.002262,,,,,,0.002276,,,,,,,,,,0.000002,,,,,,,,
107021509,2.63267e+08,9,千克,0.9690,0.969038,0.011483,0.000341,0.003294,0.000035,,,0.000338,0.014619,,,,,,0.000232,,,,,0.000621,,,,,,,,,,,,
109013003,2.62467e+08,20,个,0.8505,0.052047,0.850523,0.017510,0.049680,0.002376,0.000316,0.000174,0.001801,0.000299,,0.000177,0.000143,0.000001,0.001365,0.010495,,0.000103,,0.000005,0.009547,,,0.000001,0.000031,,,0.003406,,,,,
107020117,2.62076e+08,9,千克,0.9869,0.986938,0.000145,0.003072,0.000004,,,0.002863,0.000581,,,,,,,0.001330,,0.000003,,,0.005065,,,,,,,,,,,,
107029906,2.61812e+08,16,箱,0.5200,0.379865,0.059112,0.004386,0.013441,,,0.001054,0.011342,0.520018,,0.001721,0.000002,,0.003503,0.000469,,0.000155,,0.000045,0.000457,,0.000001,,,,,0.004426,,,,,
102020601,2.61691e+08,18,千克,0.9514,0.951382,0.014142,0.005363,0.004294,0.000245,0.000030,0.006002,0.006992,0.000006,,0.000430,,0.002545,0.001668,0.000542,,0.000003,,0.000072,0.000461,,,,0.000073,0.005750,,,,,,,
109012608,2.61384e+08,19,个,0.5897,0.039315,0.589732,0.001001,0.285157,0.000007,0.002355,0.011876,0.006122,0.000113,0.046543,,0.001909,0.000014,0.014213,0.000019,,0.000040,,0.000033,0.000110,,,,0.001285,0.000159,,,,,,,
109013201,2.6037e+08,19,个,0.7555,0.005412,0.755511,0.003221,0.180794,,,0.001479,0.021160,0.000285,0.000111,0.000395,0.000003,0.000153,0.030422,0.000166,,0.000088,,0.000002,0.000089,,,,0.000220,0.000468,,0.000020,,,,,
107022002,2.58728e+08,14,千克,0.7787,0.778703,0.006539,0.004775,0.000193,,,0.026482,0.002425,0.001815,0.000433,0.177520,,,,0.000043,,0.000339,,0.000401,0.000321,,,,,0.000010,,,,,,,
109010205,2.58038e+08,14,个,0.9584,0.006471,0.958363,0.004570,0.013186,0.002764,,,0.000502,0.005806,,,0.000263,,0.006750,0.000039,,,,,0.000971,,,,0.000133,0.000154,,0.000028,,,,,
105020201,2.57913e+08,22,个,0.6073,0.014077,0.607309,0.011867,0.122095,0.094891,,0.049348,0.013080,0.001254,0.004624,0.000037,0.000017,0.056912,0.013030,0.000030,,0.001577,,0.000015,0.000125,0.000006,,0.000081,0.009551,0.000049,,0.000027,,,,,
109060204,2.57809e+08,14,个,0.8467,0.000140,0.846737,0.003488,0.137593,,,0.001175,0.002381,0.000005,0.003681,0.000072,,,0.004200,0.000246,,0.000153,,,0.000003,,,,0.000126,,,,,,,,
109041203,2.575e+08,14,个,0.7572,0.010510,0.757176,0.034342,0.092785,,,0.000103,0.093537,,,0.000726,0.000000,,0.000307,0.000212,,0.000001,,,0.000002,,,,0.010300,,0.000000,,,,,,
101011101,2.57441e+08,18,千克,0.7771,0.777147,0.067250,0.004681,0.001640,,,0.000002,0.018010,0.000377,,0.011235,0.108088,0.000757,0.000079,0.001123,0.000060,0.000109,,0.008334,0.000495,,,,,0.000031,,0.000582,,,,,
101030101,2.57309e+08,15,千克,0.9501,0.950090,0.012411,0.002296,0.000013,0.000057,0.001135,,0.014610,0.002982,,0.000918,,,0.013952,0.000270,,0.001201,,0.000059,0.000001,,0.000003,,,,,,,,,,
501019900,2.5716e+08,13,UNKNOWN,0.4180,0.040327,0.004728,0.417997,0.018742,0.001593,,,0.042951,,0.010030,,0.002684,0.399632,0.002718,,0.058264,,,,,0.000280,,0.000054,,,,,,,,,
109042408,2.56693e+08,17,个,0.8615,0.004845,0.861512,0.003571,0.063693,,,0.006556,0.047889,0.000042,,0.000094,0.000007,0.000021,0.009081,0.000202,,0.000186,,0.000000,0.000023,,,,0.001102,0.001176,,,,,,,
107030602,2.56024e+08,11,千克,0.6877,0.687672,0.070841,0.011363,,,,,0.014752,,,0.068741,,,0.000003,0.137873,,0.000009,,0.003548,0.004377,,,,,,,0.000820,,,,,
101020100,2.54183e+08,18,OTHER,0.8939,0.019206,0.002322,0.011807,0.000002,0.000992,0.000251,0.000082,0.893939,0.000053,0.003578,0.000228,,0.038780,0.020886,0.000001,0.001406,0.000269,,0.006186,,,,,,0.000011,,,,,,,
108012901,2.53239e+08,18,千克,0.9117,0.911653,0.019747,0.013231,0.000787,0.006930,,0.000005,0.010569,0.001174,,0.003186,,0.018992,0.000143,0.001040,,0.003957,,0.000350,0.003209,,,,0.000667,0.004287,,0.000073,,,,,
107051002,2.51589e+08,19,个,0.5249,0.223550,0.524916,0.001544,0.057137,0.002882,,0.080997,0.019014,0.018855,,0.000233,0.000015,0.047633,0.015207,0.000020,,0.000935,,0.000009,0.000375,,0.000083,,0.000399,0.006194,,,,,,,
109011206,2.51518e+08,12,个,0.7989,0.099886,0.798860,0.044604,0.025955,,,0.000038,0.014247,,0.000069,,,,0.012275,,0.001097,,,,0.000173,,,0.002789,0.000007,,,,,,,,
109022603,2.51483e+08,17,批,0.4836,0.026869,0.204002,0.019920,0.060068,,,0.000004,0.002942,0.025838,0.000171,0.081674,,,0.483602,0.093074,,0.000522,,0.001195,0.000030,,0.000001,,,0.000042,,0.000047,,,,,
104010302,2.51311e+08,17,千克,0.9340,0.933999,0.038918,0.001343,0.000545,0.000004,,0.015044,0.001689,0.000063,,0.000066,,0.002213,0.000101,0.000012,,0.000271,,0.000002,0.000000,,,,0.000358,0.005371,,,,,,,
109020403,2.50528e+08,20,个,0.5297,0.025581,0.529716,0.010522,0.046022,0.000093,0.002552,0.002260,0.028576,,0.000031,0.000001,0.000001,0.241751,0.104473,0.000004,,0.000000,,0.000000,0.000003,,,,0.000024,0.000183,,,,,0.008206,,
105010702,2.50174e+08,16,个,0.4168,0.038628,0.416824,0.001974,0.147143,0.232149,,0.006024,0.020161,0.010329,,0.000073,,0.090956,0.009303,,,0.000790,,0.000004,,,,,0.024994,0.000647,,0.000002,,,,,
104010903,2.49957e+08,21,个,0.4284,0.327635,0.428415,0.014125,0.065108,,0.004423,0.088953,0.033386,0.000004,0.004726,0.000437,0.004456,0.000228,0.004567,0.000000,,0.000402,,0.000057,0.000013,,0.000094,0.000566,0.006219,0.016186,,,,,,,
109013004,2.49561e+08,18,个,0.7946,0.000949,0.794636,0.004109,0.196149,0.000738,,0.000235,0.002044,0.000006,0.000642,0.000022,0.000078,0.000004,0.000081,0.000005,,0.000107,,,0.000066,,,,0.000126,0.000003,,,,,,,
109020103,2.49331e+08,12,个,0.7643,0.096971,0.764274,0.001004,0.073215,0.015298,,0.003329,0.040892,,0.000040,,0.000239,,0.004083,,,,,,,,,,0.000649,0.000006,,,,,,,
110030102,2.49263e+08,17,千克,0.8860,0.886005,0.017682,0.027062,0.009202,0.025116,0.013619,0.000028,0.000682,0.002508,,,0.000012,,0.000054,0.011853,0.001225,0.000003,,0.000035,0.004886,,,,,,,,,,0.000028,,
107040202,2.48818e+08,13,千克,0.9457,0.945661,0.005109,,0.000002,0.000235,,0.035590,0.000299,0.000501,,0.000121,,0.011904,0.000428,0.000016,,0.000030,,,,,,,,0.000104,,,,,,,
104010604,2.48733e+08,20,个,0.3121,0.029040,0.312080,0.029083,0.147558,,0.003225,0.252025,0.047047,0.000004,0.000577,0.000021,0.000050,0.109521,0.048895,,,0.002024,,0.000021,0.000000,,0.000000,0.000572,0.006373,0.011882,,,,,,,
306019900,2.48632e+08,13,UNKNOWN,0.7826,0.012286,0.001482,0.782644,0.002015,,,,0.006753,,0.039613,,0.066649,,0.004512,,0.030324,,,,,0.034880,0.000553,0.018220,,,,,0.000071,,,,
106050199,2.48602e+08,19,千克,0.4019,0.401920,0.300513,0.027122,0.090950,,,0.002276,0.031111,0.086178,0.016332,0.001241,0.000012,0.015463,0.012482,0.000004,,0.001292,,0.000017,,,0.000044,,0.012888,0.000139,,,,,0.000016,,
103021201,2.47418e+08,16,千克,0.8116,0.811596,0.020286,0.003646,0.000006,,,,0.005400,0.043472,,0.002331,,,0.003735,0.003287,,0.050134,,0.050939,0.000883,,0.000152,,,0.000006,,0.004099,,,,0.000028,
103020802,2.47282e+08,16,盒,0.4020,0.028535,0.074423,0.061375,0.000378,,0.000396,,0.047238,0.081729,,0.401982,,,0.023870,0.011649,0.000069,0.004518,,0.153769,0.015630,,0.002107,,,,,0.092333,,,,,
109021603,2.46977e+08,14,个,0.9411,0.000454,0.941122,0.000414,0.054077,,,0.000423,0.000163,0.000086,,0.000006,0.000474,,0.000211,0.002117,,,,,0.000107,,,,,0.000341,,0.000005,,,,,
107022603,2.46907e+08,6,千克,0.9914,0.991426,0.000853,,,,,,0.000058,,,0.000097,,,,0.007514,,,,,0.000053,,,,,,,,,,,,
109024614,2.45302e+08,18,个,0.4640,0.002333,0.463953,0.001063,0.123020,0.000327,,0.000215,0.007538,0.002349,,0.339611,0.000005,,0.000246,0.002260,,0.044506,,0.002153,0.000009,,,,0.009984,0.000381,,0.000046,,,,,
101010303,2.45257e+08,18,千克,0.8853,0.885321,0.019047,0.001939,0.000030,0.000040,,0.001710,0.007285,0.032769,,0.001331,,0.000219,0.000149,0.023788,,0.007196,,0.018735,0.000112,,0.000162,,,0.000002,,0.000164,,,,,
102050599,2.44025e+08,16,千克,0.8877,0.887745,0.095831,0.006537,0.000470,0.000706,,0.000095,0.001539,0.000078,,0.000059,,,0.000029,0.002892,,0.000449,,0.000117,0.003450,,,,,0.000001,,0.000001,,,,,
109012601,2.42529e+08,16,个,0.5057,0.023722,0.505657,0.035189,0.429002,0.000145,,0.000000,0.002261,0.000008,0.002895,,0.000071,,0.000508,0.000533,,,,0.000001,0.000004,,,,0.000000,,,0.000004,,,,,
105010203,2.42414e+08,18,千克,0.7809,0.780870,0.148763,0.006525,0.001729,0.033312,,0.000959,0.004689,0.000064,,,,0.016555,0.004634,0.000021,,0.000586,,0.001005,0.000233,,0.000006,,0.000021,0.000007,,,,,0.000020,,
109011608,2.41247e+08,21,个,0.5909,0.000024,0.590898,0.047463,0.314181,0.000001,,0.005342,0.004129,,0.002897,0.000002,0.008378,0.001176,0.023529,0.000697,0.000334,0.000004,,0.000000,0.000063,,0.000834,,0.000020,0.000010,,,,,0.000017,,
103010503,2.41178e+08,17,千克,0.9023,0.902259,0.003659,0.001054,0.000097,0.000243,,,0.000387,0.024767,,0.003534,,,0.002221,0.030892,,0.000369,,0.000764,0.028790,,0.000398,,0.000031,0.000012,,0.000522,,,,,
304070103,2.40194e+08,12,UNKNOWN,0.8516,0.000005,0.004923,0.851594,0.038440,,,,0.048888,,0.006209,,0.047874,0.000005,0.000852,,,,,,,0.000063,,0.000390,,,,,0.000757,,,,
107021616,2.39547e+08,10,千克,0.9672,0.967155,0.000141,0.000758,,,,,0.000076,,,0.014576,,0.000716,,0.015201,,0.000415,,0.000271,0.000691,,,,,,,,,,,,
109010799,2.39411e+08,17,个,0.5108,0.026458,0.510753,0.045633,0.325598,,,0.000659,0.000972,,0.053250,0.000001,0.000203,0.000530,0.034701,0.000007,,0.000001,,,0.000186,0.000022,,,0.000894,0.000133,,,,,,,
104020105,2.38263e+08,10,个,0.9541,0.006407,0.954100,0.002815,0.034925,,,0.000061,0.000021,,,0.000136,,,0.001534,,,0.000000,,,,,,,,0.000000,,,,,,,
102050603,2.38247e+08,9,千克,0.9376,0.937642,0.000521,0.007521,,0.053223,,,0.000216,0.000545,,,,,,0.000009,,0.000021,,0.000301,,,,,,,,,,,,,
109020201,2.382e+08,16,个,0.5019,0.030311,0.501904,0.036869,0.400553,0.001764,,0.001148,0.015471,,0.003476,0.000037,0.000138,0.003482,0.002962,0.000004,,,,0.000089,0.000046,,,,0.001747,,,,,,,,
104010303,2.38195e+08,16,千米,0.8328,0.088565,0.039592,0.011374,0.004302,,,0.832774,0.002565,0.000346,,0.000033,0.000015,0.004277,0.000553,,,0.013317,,0.000020,,,0.000042,,0.000298,0.001929,,,,,,,
109022206,2.37886e+08,22,个,0.6861,0.006589,0.686136,0.001025,0.136649,0.000180,,0.010160,0.019887,0.003355,0.000017,0.064601,0.001009,0.000144,0.009348,0.000485,0.000219,0.007259,,0.008159,0.014409,0.000003,,,0.019771,0.008284,,0.002311,,,,,
109012807,2.36966e+08,16,个,0.5159,0.077141,0.515938,0.001961,0.388437,0.000890,,0.000055,0.000071,0.000032,,,0.000097,,0.000638,0.013165,0.000160,,,,0.000256,,,0.000037,,,,0.001037,,,0.000084,,
109023205,2.36086e+08,15,个,0.9008,0.000509,0.900811,0.006503,0.056191,,,0.000035,0.009718,,0.000007,0.000163,0.000476,0.000522,0.003080,,,0.001332,,,0.000063,,,,0.000664,0.019926,,,,,,,
104011007,2.35597e+08,17,千米,0.6758,0.095814,0.143857,0.007306,0.005238,,,0.675768,0.039033,0.000148,0.000026,0.000078,,0.014362,0.000703,,,0.000272,,0.000002,0.000025,,,,0.000130,0.017237,0.000001,,,,,,
109061903,2.35583e+08,8,个,0.6025,0.000040,0.602455,0.001547,0.380478,,,,0.010735,,,0.000038,,,0.004704,0.000003,,,,,,,,,,,,,,,,,
109040304,2.34343e+08,10,个,0.9290,0.033651,0.929006,0.000093,0.036405,,,0.000027,0.000180,,0.000034,,0.000020,,0.000580,,,,,,,,,,0.000004,,,,,,,,
109060405,2.34122e+08,22,个,0.8015,0.001024,0.801516,0.009459,0.136163,,0.003311,0.001168,0.013095,0.000127,0.000104,0.000680,0.000353,0.000623,0.006724,0.005051,,0.001225,,0.000003,0.000061,,0.000029,0.000001,0.019084,0.000196,,0.000004,,,,,
107030410,2.33376e+08,9,盒,0.9846,0.000038,0.003409,0.000011,,,,,0.003702,,,0.984594,,,0.000049,0.008142,,0.000007,,0.000047,,,,,,,,,,,,,
108032402,2.32944e+08,12,千克,0.8962,0.896189,0.030097,0.000049,0.001386,0.053249,,0.008537,0.008495,,,0.000068,,0.001792,,0.000008,,,,,,,,,0.000013,0.000115,,,,,,,
108042500,2.32942e+08,16,个,0.5160,0.025032,0.516011,0.005228,0.426570,,,0.000789,0.001812,0.000314,0.000769,0.000100,,0.017170,0.005716,0.000008,,0.000001,,,,,0.000221,,0.000035,0.000224,,,,,,,
109011503,2.32435e+08,15,个,0.8797,0.028670,0.879671,0.005332,0.071710,,,0.000258,0.003151,0.000004,0.000706,0.000000,0.005085,,0.004440,,0.000786,0.000000,,,0.000153,,,,0.000033,,,,,,,,
102050507,2.32405e+08,7,千克,0.9904,0.990355,0.000002,0.008636,0.000084,,,,0.000915,,,,,,,0.000007,,,,0.000000,,,,,,,,,,,,,
109022602,2.32266e+08,17,箱,0.9585,0.000268,0.027499,0.000193,0.012622,,,0.000009,0.000230,0.958494,0.000149,,0.000156,,0.000175,0.000028,0.000010,0.000001,,0.000062,0.000071,,,,,0.000032,,0.000001,,,,,
106020107,2.32167e+08,22,套,0.4127,0.037103,0.337054,0.120408,0.412651,,,0.000166,0.042804,0.013810,0.000556,0.002623,0.002287,0.003614,0.013326,0.000017,,0.010518,,0.000042,0.000000,,0.002792,0.000073,0.000009,0.000025,0.000097,,,,,0.000024,
107020123,2.29694e+08,15,千克,0.9702,0.970200,0.013367,0.006174,0.003625,,,0.001210,0.002517,0.000403,,0.000036,,0.000000,,0.001115,,0.000396,,0.000148,0.000656,,,,0.000123,0.000031,,,,,,,
109030603,2.29224e+08,5,个,0.9786,0.000009,0.978564,0.003750,0.016103,,,,,,,,,,,,,,,,,,,,,,,,,,0.001574,,
108040403,2.28972e+08,22,个,0.7305,0.170928,0.730507,0.027901,0.039393,,,0.003411,0.005993,0.000129,0.000050,0.011695,0.000075,0.000498,0.005149,0.000010,,0.000125,0.000000,0.002847,0.000029,0.000001,0.000003,,0.001008,0.000241,,0.000007,,,,,
108041111,2.28749e+08,10,OTHER,0.7007,0.006496,0.001714,,0.000188,,,0.013527,0.700740,,,,0.000189,,,0.000047,,0.000006,,,,,,,0.000002,0.277089,,,,,,,
106040705,2.28624e+08,17,个,0.5092,0.011923,0.509217,0.001531,0.189971,0.000267,,0.000106,0.004588,0.037365,,0.002674,0.000013,0.002270,0.047713,0.000383,,0.000082,,,0.000017,,,,0.191485,0.000395,,,,,,,
109051303,2.28607e+08,11,套,0.5861,,0.356153,0.017963,0.586085,,,0.000098,0.015885,,0.007886,,0.000053,0.004987,0.004240,,0.006635,,,,,,,,,0.000015,,,,,,,
109011499,2.2832e+08,14,个,0.4012,0.052940,0.401248,0.056932,0.380964,,,0.022780,0.016559,,0.059231,,0.006229,,0.001138,,,0.000011,,0.000003,0.000030,,,,0.001932,0.000003,,,,,,,
109024904,2.27641e+08,18,套,0.3660,0.034088,0.295407,0.036450,0.365960,0.006747,,0.022364,0.014864,,0.067019,0.000427,0.000720,0.146805,0.002010,0.000046,,0.000123,,0.000000,0.000059,,,,0.006871,0.000041,,,,,,,
109023103,2.27418e+08,19,个,0.4892,0.174162,0.489231,0.010414,0.079340,,,0.050796,0.010116,0.002078,0.001522,0.000074,0.000011,0.041637,0.089135,0.000062,,0.000522,,0.000007,0.000526,,,,0.000467,0.049867,,0.000033,,,,,
106051201,2.27085e+08,18,个,0.4879,0.014667,0.487871,0.006214,0.021639,,,0.000165,0.011881,0.000237,0.000026,0.000535,0.000035,0.435526,0.009704,0.000095,,0.000092,,0.000000,0.000014,,,,0.011144,0.000154,,,,,,,
304070202,2.26564e+08,8,UNKNOWN,0.6832,,0.195227,0.683236,0.000839,,,,0.003655,,0.029851,,0.034331,,,,0.000218,,,,,0.052643,,,,,,,,,,,
104030305,2.2649e+08,19,个,0.8536,0.060801,0.853553,0.026928,0.033035,,,0.015649,0.002251,0.000263,,0.000079,0.000005,0.001966,0.000995,0.000002,,0.000065,,0.000004,0.000005,,,0.004242,0.000027,0.000130,,0.000001,,,,,
304030103,2.25788e+08,24,UNKNOWN,0.4605,0.004587,0.191837,0.460498,0.013085,,,0.000231,0.015259,0.000243,0.046605,0.000721,0.058019,0.014346,0.143020,0.000003,0.003866,0.000011,,0.000000,,0.004278,0.008756,0.021448,0.000814,0.000093,0.012107,,0.000055,,0.000120,,
109060404,2.25745e+08,15,个,0.9921,0.000005,0.992108,0.000841,0.004726,,,,0.001226,0.000039,0.000083,0.000635,,,0.000287,0.000004,,0.000027,,0.000005,,,0.000011,,0.000000,0.000002,,,,,,,
109013301,2.25557e+08,20,个,0.7444,0.058174,0.744422,0.001151,0.188114,0.000087,,0.000165,0.002569,0.000018,0.001376,0.000060,0.000075,0.001217,0.000731,0.000520,,0.000088,,0.000039,0.000751,,,,0.000287,0.000145,,0.000012,,,,,
107030409,2.2322e+08,12,盒,0.6428,0.066646,0.061187,0.028697,,,,,0.016080,0.000114,,0.642779,,,0.000008,0.172734,,0.005144,,0.005789,,,,,,0.000001,,0.000822,,,,,
106050701,2.2285e+08,16,平方米,0.8525,0.003024,0.106898,0.003007,0.003360,,,0.001517,0.022246,0.000046,0.000267,0.000005,,0.852543,0.005847,,,0.000032,,0.000004,0.000001,,,,0.000058,0.001145,,,,,,,
108011403,2.22261e+08,19,个,0.3427,0.241224,0.342687,0.007796,0.137523,0.000259,,0.003468,0.018347,0.037297,0.000270,0.000468,0.000067,0.140610,0.010793,0.000027,,0.055224,,0.003104,0.000001,,,,0.000070,0.000765,,,,,,,
109060410,2.22175e+08,18,个,0.5995,0.028220,0.599470,0.010044,0.275729,0.061742,,0.000617,0.006519,,0.003114,0.001488,0.000487,,0.009661,0.000043,,0.000026,,0.000019,,0.000039,0.000018,,0.002758,0.000005,,,,,,,
110039900,2.218e+08,23,千克,0.3910,0.391013,0.365914,0.057514,0.022500,0.015537,0.001439,0.049281,0.005204,0.002842,0.000463,0.000028,0.001116,0.038334,0.010304,0.012674,0.000011,0.000129,,0.000010,0.011922,,,0.000009,0.000172,0.013447,,0.000135,,,,,
109042506,2.218e+08,11,个,0.7140,0.038127,0.714005,0.001665,0.238438,,,0.000482,0.005962,,,,,,0.001221,,,0.000000,,,,,,,0.000002,0.000096,0.000002,,,,,,
108011800,2.21721e+08,15,千克,0.7072,0.707204,0.269043,0.002421,0.001896,,,0.001092,0.006590,0.000062,0.000010,0.000008,,0.009930,0.001648,,,0.000073,,0.000000,,,,,0.000001,0.000023,,,,,,,
108040406,2.19687e+08,20,个,0.6683,0.082816,0.668330,0.004347,0.156243,,,0.004398,0.071524,0.000829,0.000031,0.001425,0.000001,0.000028,0.008565,0.000040,,0.000484,,0.000019,0.000403,,0.000002,,0.000346,0.000168,,0.000000,,,,,
104020301,2.19313e+08,10,个,0.9601,0.001413,0.960087,0.007583,0.020718,,,0.003710,0.000022,,,0.000004,,0.002655,0.003806,,,,,,,,,,0.000003,,,,,,,,
109022102,2.18022e+08,8,套,0.8175,0.004508,0.166675,0.001936,0.817527,,,,0.000009,0.000005,,,,0.002840,0.006499,,,,,,,,,,,,,,,,,,
108010307,2.17977e+08,11,个,0.6263,0.020577,0.626267,0.000418,0.119970,0.018055,,0.006312,0.206404,,,0.000133,0.001514,,,0.000134,,,,,,,,,0.000217,,,,,,,,
109040202,2.1578e+08,13,个,0.8413,0.000016,0.841350,0.001055,0.099631,0.000473,,0.000181,0.000022,,0.004797,0.000751,,,0.050388,,,,,,0.000889,,,,0.000445,,,0.000001,,,,,
109051907,2.1498e+08,11,个,0.5100,0.004181,0.509973,0.001034,0.400406,,,0.007759,0.065183,,,0.000459,0.000003,,0.000062,,,0.010676,,,,,,,,0.000263,,,,,,,
107021504,2.14555e+08,15,千克,0.8043,0.804257,0.004057,0.000932,0.000108,0.000001,,,0.170729,0.000057,,0.001380,0.000000,,0.009499,0.006700,,0.000386,,0.000240,0.001463,,,,,0.000191,,,,,,,
105020208,2.13255e+08,18,个,0.4559,0.026291,0.455875,0.002503,0.084336,,,0.005146,0.015585,0.405343,0.000013,0.000000,0.000005,0.000562,0.003895,0.000010,,0.000022,,0.000000,0.000005,,,,0.000405,0.000004,,,,,,,
104019906,2.13117e+08,19,个,0.4343,0.084392,0.434319,0.000999,0.061298,0.003013,0.000099,0.265311,0.014539,0.001047,,0.001109,,0.093317,0.023459,0.000323,,0.009435,,0.000641,0.000106,,,,0.001813,0.004697,,,,,,0.000082,
107021802,2.12971e+08,17,卷,0.5692,0.001284,0.121277,0.000065,0.004798,,,0.228964,0.001118,0.001934,,0.002395,,0.031676,0.000002,0.000016,,0.036411,,0.000758,0.000127,,,,0.000002,0.569167,,,,,,0.000007,
102050304,2.1176e+08,8,千克,0.8937,0.893672,0.000003,0.092862,0.000677,0.011592,,0.000004,,0.000005,,,,,,,,0.001185,,,,,,,,,,,,,,,
109060409,2.10497e+08,14,个,0.8892,0.000353,0.889246,0.011700,0.089297,,,0.003621,0.004133,,,0.000215,0.000038,,0.000775,0.000385,,0.000054,,,0.000005,,,,0.000040,0.000135,,,,,,,
106040803,2.09605e+08,21,个,0.6766,0.075885,0.676570,0.015611,0.113096,0.000279,,0.004236,0.010154,0.000202,,0.025234,0.000362,0.000359,0.070673,0.000051,,0.000074,,0.000073,0.000001,0.000040,0.000008,,0.001755,0.001865,,0.003472,,,,,
107030109,2.09197e+08,10,盒,0.5086,0.247038,0.054180,,,,,,0.172978,0.000014,,0.508637,,,,0.017064,,,,0.000001,0.000067,,,,,0.000019,,0.000001,,,,,
109062105,2.08856e+08,13,套,0.5028,0.002041,0.441466,0.011937,0.502845,,,0.003389,0.026650,0.000037,0.000291,,,0.000625,0.005699,0.000020,,,,,,,,,0.004995,0.000005,,,,,,,
109022699,2.0856e+08,19,千克,0.5793,0.579286,0.216987,0.005117,0.131798,0.022291,,0.000470,0.001880,0.000843,,0.000941,0.000199,0.000582,0.000375,0.034268,,0.000161,,0.000069,0.002469,,,,0.000112,0.002136,,0.000017,,,,,
109013302,2.08547e+08,23,套,0.5531,0.026923,0.351690,0.007629,0.553096,0.000188,,0.001992,0.015082,0.001096,0.016872,0.000086,0.000248,0.011279,0.008436,0.002640,0.000048,0.000001,,0.000001,0.000787,0.000034,0.000047,,0.000182,0.000076,,0.001566,,,,,
108012099,2.08349e+08,15,千克,0.5750,0.574975,0.274826,0.005531,0.028256,0.019172,,0.000310,0.002354,0.053887,,,0.000004,0.036495,0.001043,0.001712,,0.000242,,,,,,,0.001181,0.000012,,,,,,,
102050203,2.07008e+08,16,千克,0.8808,0.880754,0.030665,0.022273,0.002898,0.033045,,0.005776,0.000941,0.000008,,0.000003,,0.001432,0.021835,0.000000,,0.000349,,0.000003,,,,,0.000009,0.000009,,,,,,,
109012203,2.05658e+08,14,个,0.8539,0.000065,0.853934,0.010187,0.134786,0.000019,,0.000082,0.000567,,,0.000006,,,0.000236,0.000047,,0.000001,,0.000018,0.000046,,,,,0.000004,,,,,,,
109060407,2.03991e+08,14,个,0.7810,0.003694,0.781046,0.000168,0.209211,,,0.000001,0.003702,,,0.000188,0.000722,,0.000251,0.000002,0.000829,0.000014,,,,0.000003,,,0.000168,,,,,,,,
109051404,2.03092e+08,13,个,0.9699,,0.969910,0.002642,0.020047,0.000576,,0.000082,0.000994,0.000019,,0.000038,,0.001101,0.004473,0.000055,,,,,0.000043,,,,0.000021,,,,,,,,
103010905,2.02999e+08,16,千克,0.3600,0.360048,0.245969,0.007172,0.002295,,,0.000355,0.034328,0.081955,,0.030931,,,0.006079,0.004133,,0.055735,,0.153973,0.003182,,0.000737,,,0.000000,,0.013109,,,,,
109021402,2.0255e+08,16,千瓦时,0.5906,0.003671,0.376084,0.001272,0.019230,,0.590620,,0.000642,0.001707,,0.000457,0.000277,,0.000477,,,0.004701,,0.000770,0.000039,,0.000009,,,0.000003,,0.000041,,,,,
102050699,2.01599e+08,12,千克,0.9901,0.990050,0.003597,0.000568,0.000768,,,,0.001380,0.000850,,0.000003,,,0.000021,0.001127,,0.000497,,0.001107,0.000030,,,,,,,,,,,,
103020803,2.01098e+08,15,瓶,0.6199,0.086533,0.066107,0.002828,0.005233,,,,0.010202,0.110920,,0.078523,,,0.005513,0.619916,,0.001464,,0.004430,0.005238,,0.000036,,0.000001,,,0.003055,,,,,
101030301,1.99621e+08,18,千克,0.3383,0.338254,0.117930,0.071531,0.000481,0.000000,,,0.086232,0.151374,0.000044,0.130688,0.000000,,0.006510,0.028316,,0.001551,,0.054616,0.004103,,0.001657,,0.000036,,,0.006677,,,,,
109060501,1.99527e+08,17,个,0.5923,0.000080,0.592281,0.006497,0.353901,,,0.000469,0.017357,0.000021,0.024350,0.000827,0.000018,0.000110,0.000830,0.001385,,0.001854,,,0.000004,0.000000,,,0.000014,,,,,,,,
108012903,1.99483e+08,19,OTHER,0.6619,0.110995,0.178982,0.000937,0.001288,0.002908,0.001410,0.014435,0.661880,0.000004,,0.000373,,0.001829,0.000606,0.020073,0.000075,0.001783,0.002151,0.000007,0.000069,,,,,0.000195,,,,,,,
109040602,1.97737e+08,12,个,0.8450,0.004422,0.845020,0.000380,0.101657,,,0.001021,0.026462,0.000005,0.007814,0.000008,,,0.011133,0.002077,,,,,,,,,,0.000000,,,,,,,
101011213,1.97292e+08,14,千克,0.5876,0.587560,0.013101,0.011877,0.016008,,,,0.007696,0.071329,,0.096125,,,0.005764,0.057660,,0.033080,,0.094777,0.000228,,0.002374,,,,,0.002421,,,,,
107030115,1.97095e+08,15,千克,0.3506,0.350638,0.246536,0.000465,0.006142,,,,0.047050,0.001032,,0.111553,,,,0.180740,,0.006731,,0.018881,0.025502,,0.003006,,0.000725,0.000001,,0.000998,,,,,
109024704,1.96994e+08,4,个,0.9537,,0.953726,,0.044372,,,,,,,0.001888,,,,,,,,,,,,,0.000014,,,,,,,,
106040399,1.96724e+08,22,个,0.4845,0.042198,0.484488,0.031906,0.337802,0.000192,,0.000565,0.016529,0.003570,0.000609,0.005029,0.000060,0.001288,0.064313,0.000796,,0.001719,,0.000111,0.000758,,0.000008,,0.002389,0.005426,,0.000002,,,,0.000243,
101010202,1.96635e+08,17,千克,0.9738,0.973781,0.005982,0.004366,0.002176,0.000182,,0.006772,0.000494,0.000427,,0.000047,,0.004068,0.000888,0.000013,,0.000001,,0.000645,0.000015,,,0.000074,,,,,,,,0.000068,
109060302,1.96447e+08,10,个,0.9490,,0.949036,0.003062,0.036281,,0.000283,0.000463,0.009327,,0.000224,,,,0.001080,,,,,,,,0.000241,,,0.000004,,,,,,,
109022812,1.96392e+08,14,个,0.9311,0.002359,0.931058,0.005973,0.045540,,,0.011016,0.003181,,,0.000001,0.000037,,0.000060,0.000049,,0.000343,,0.000001,,,,,0.000314,0.000068,,,,,,,
110010300,1.9633e+08,18,千瓦时,0.4122,0.020404,0.020618,0.338622,0.012843,0.007350,0.412201,0.000338,0.105315,0.000057,0.013003,,0.000883,0.033903,,0.003628,0.029784,,,,0.000019,,,0.000234,,0.000031,,,0.000767,,,,
104030701,1.96273e+08,10,千克,0.8870,0.886996,0.104593,0.000415,0.000001,,,0.003477,0.004345,,,0.000024,,,,,,,,,0.000101,,,,0.000027,0.000022,,,,,,,
109013603,1.96051e+08,13,个,0.4955,0.441182,0.495549,0.002603,0.039936,,,0.010983,0.001940,,,,0.000153,,0.004171,0.000006,,0.000000,,0.000001,,,,,0.003464,0.000012,,,,,,,
109061499,1.95822e+08,17,套,0.4822,0.016195,0.405796,0.029116,0.482187,0.000005,,0.000196,0.017287,0.000008,0.004505,0.001360,,0.000536,0.036099,0.001435,,0.005074,,,,,0.000013,,0.000150,0.000036,,,,,,,
109041202,1.95261e+08,15,个,0.7111,0.206292,0.711110,0.000733,0.070393,,,0.000408,0.000457,,0.006691,0.000024,0.000003,,0.003148,0.000003,,0.000528,,,0.000000,,,,0.000183,0.000026,,,,,,,
107020238,1.95225e+08,12,千克,0.9902,0.990171,0.000907,0.000833,0.000416,,,0.000001,0.001571,,0.000215,,,0.002969,0.001328,0.000807,,,,,0.000781,,,,,,,0.000001,,,,,
109020703,1.94986e+08,12,个,0.4564,0.409041,0.456352,0.071492,0.045244,,,0.000267,0.015385,,,,,,0.000012,0.000702,,0.000141,,0.000004,0.000016,,,,0.001345,,,,,,,,
104010503,1.94771e+08,16,个,0.7618,0.145310,0.761846,0.005769,0.024944,,,0.016001,0.038714,0.000411,0.003349,0.000059,,,0.001358,0.000219,,0.001946,,0.000017,,,0.000000,,0.000057,0.000000,,,,,,,
109021003,1.94228e+08,11,个,0.8440,0.002643,0.843993,0.002114,0.138397,0.008365,0.001645,,,,,,0.000267,0.000858,0.001633,,,,,,0.000006,,,,0.000079,,,,,,,,
107030111,1.9376e+08,11,千克,0.6345,0.634500,0.035201,0.001293,0.000011,,,,0.090657,0.000011,,0.136606,,,0.012509,0.027584,,0.001533,,0.060095,,,,,,,,,,,,,
108031105,1.9314e+08,4,千克,0.9999,0.999870,0.000044,,,,,,0.000005,,,,,,,0.000080,,,,,,,,,,,,,,,,,
106050101,1.92785e+08,21,个,0.3227,0.128402,0.322717,0.138282,0.241685,0.007259,,0.000013,0.015676,0.068389,0.010008,0.000154,0.000007,0.045631,0.021219,0.000053,,0.000142,,0.000014,0.000001,0.000156,0.000048,,0.000052,0.000092,,,,,,,
104010205,1.92653e+08,13,千克,0.4885,0.488456,0.234585,0.004125,0.004894,,,0.151165,0.084745,,,0.013540,,0.013649,0.001012,0.000027,,0.000276,,,,,,,0.003477,0.000049,,,,,,,
104020202,1.92581e+08,11,个,0.8557,0.005479,0.855716,0.001834,0.028939,,,0.076636,0.014487,,,,,0.010754,0.006075,,,0.000000,,,,,,,0.000074,0.000004,,,,,,,
109012102,1.9249e+08,21,个,0.7059,0.001454,0.705865,0.013481,0.225795,0.001104,,0.006506,0.011827,0.000037,0.021815,0.000164,0.000148,0.000193,0.002274,0.000093,,0.000128,,,0.005810,0.000094,0.000010,,0.000026,0.003171,,0.000006,,,,,
103011299,1.91609e+08,13,千克,0.9231,0.923129,0.032362,0.001752,0.004700,,,,0.002495,0.007009,,0.001629,,,,0.000319,,0.003845,,0.022631,0.000121,,0.000000,,,,,0.000007,,,,,
109062204,1.91481e+08,11,个,0.9380,0.018787,0.937963,0.001372,0.014876,,,0.004527,0.002739,0.000437,,0.000269,,,0.019001,,,0.000005,,,,,,,,0.000025,,,,,,,
109050804,1.90994e+08,19,个,0.7157,0.112694,0.715691,0.017644,0.106741,,0.002277,0.008239,0.006475,0.002460,0.000913,0.000230,0.000118,0.000027,0.018486,,0.000319,0.000004,,0.000002,,0.000001,,,0.005861,0.001817,,,,,,,
109022099,1.90485e+08,19,个,0.4656,0.097662,0.465551,0.002349,0.307173,,,0.003719,0.032501,0.000266,0.001932,0.000153,0.019594,0.000146,0.047237,0.000093,,0.001385,,0.000092,0.000340,,,,0.018791,0.001001,,0.000016,,,,,
109022104,1.90297e+08,15,个,0.8174,0.034685,0.817367,0.002509,0.143593,,,0.000092,0.000744,0.000009,,0.000033,0.000045,0.000019,0.000438,,,0.000001,,0.000000,,,,,0.000380,0.000082,,,,,,,
103011004,1.90086e+08,15,包,0.2948,0.181418,0.177628,0.007633,0.000224,,,,0.058098,0.072180,,0.003799,,,0.025595,0.038728,,0.294817,,0.137709,0.000333,,0.000126,,,,,0.001253,,0.000457,,,
109022504,1.89943e+08,17,个,0.8364,0.004011,0.836370,0.003403,0.068264,,,0.001459,0.056264,0.001064,0.000310,0.009341,,0.007379,0.009923,0.000016,,0.000118,,0.000011,0.000082,,,,0.001958,0.000026,,,,,,,
107021410,1.88163e+08,10,千克,0.8245,0.824547,0.001079,0.001766,0.000019,0.158335,,,0.011695,,,0.001671,,,,0.000051,,,,,0.000360,,,,,,,0.000478,,,,,
304070301,1.88106e+08,8,UNKNOWN,0.9975,,0.001330,0.997498,0.000009,,,,0.000731,,0.000007,,,,0.000051,,0.000373,,,,,,0.000001,,,,,,,,,,
109023609,1.86989e+08,16,个,0.9407,0.002243,0.940742,0.000750,0.044882,,,0.000054,0.003889,,,0.000010,0.000001,0.002742,0.002212,0.000457,,0.000001,,0.000013,0.000110,,,,0.001758,0.000137,,,,,,,
106051213,1.86625e+08,17,箱,0.5827,0.019202,0.367839,0.002606,0.008734,,,0.007004,0.007739,0.582682,0.000038,0.001163,0.000012,0.001668,0.000416,0.000165,,0.000583,,,,,,,0.000137,0.000007,,0.000005,,,,,
108012199,1.86291e+08,16,个,0.5610,0.112217,0.560956,0.003409,0.261956,,,0.000055,0.002220,0.020126,,0.000596,,0.034041,0.003338,,,0.000327,,0.000161,,,0.000374,,0.000036,0.000175,,0.000014,,,,,
105010903,1.85919e+08,18,个,0.5947,0.119546,0.594727,0.007698,0.067684,,,0.005488,0.019059,0.011190,,0.055235,,0.002478,,0.001399,,0.099437,,0.004712,0.000000,,0.000180,,0.002267,0.000614,,0.004627,,,0.003659,,
109010502,1.85696e+08,19,个,0.8250,0.001998,0.824970,0.017441,0.087685,0.000057,0.000126,0.009153,0.025682,0.000156,,0.000092,0.001365,0.000654,0.029050,0.000003,,0.000024,,0.000006,0.001332,,,,0.000171,0.000035,,,,,,,
106050802,1.85673e+08,18,个,0.3196,0.257686,0.319647,0.196672,0.132246,0.002353,,0.000082,0.012129,0.031972,0.000476,0.001290,0.000001,0.023756,0.021299,,,0.000050,,0.000001,0.000001,,0.000334,,0.000004,,,,,,,,
304010200,1.85232e+08,17,UNKNOWN,0.5334,0.052022,0.019178,0.533389,0.017304,,,,0.028541,0.000971,0.134020,,0.106006,,0.071361,,0.015252,0.000005,,,0.000118,0.011517,0.006913,0.000678,,,0.000903,,0.001823,,,,
109032404,1.85228e+08,12,个,0.6638,0.002812,0.663764,0.192456,0.108030,,,0.001308,0.002322,,0.012462,,,0.006278,0.008795,,,0.000001,,,,,,,0.000945,0.000826,,,,,,,
106051002,1.84712e+08,19,千克,0.7233,0.723347,0.252583,0.004332,0.001997,0.003887,,0.003184,0.001403,0.000368,0.000024,0.000697,,0.000130,0.003336,0.000454,,0.000025,,0.000005,0.000119,,,0.000011,0.003833,0.000263,,,,,,,
109020808,1.84496e+08,13,个,0.8526,0.005013,0.852554,0.004530,0.132084,,,0.000252,0.000528,0.000075,0.004799,,0.000022,,,,,,,,0.000020,,0.000020,,0.000017,0.000087,,,,,,,
109022105,1.84176e+08,18,个,0.4463,0.190410,0.446311,0.025521,0.313774,,,0.004098,0.005897,0.000332,,0.000119,0.001145,0.000991,0.006659,,0.000319,0.000076,,,,0.000048,,,0.003393,0.000379,,0.000183,,,,0.000345,
109011103,1.8327e+08,16,个,0.8793,0.002434,0.879317,0.001235,0.099462,0.000001,,0.003820,0.005205,0.000012,0.000139,0.000063,0.000344,,0.006592,0.000003,,,,,0.000001,,,,0.000927,0.000448,,,,,,,
109041603,1.83225e+08,16,个,0.9406,0.000250,0.940576,0.004270,0.047832,,,0.001583,0.000288,0.000001,0.000018,,0.000139,0.002873,0.000978,0.000033,,,,,0.000327,,,,0.000819,0.000011,,,,,0.000001,,
109021106,1.83007e+08,17,套,0.4136,0.002555,0.410732,0.001872,0.413595,,,0.000873,0.001306,0.000104,0.001208,0.000024,0.000040,,0.014567,0.000115,,0.000017,,0.000013,0.000189,,,,0.152776,0.000015,,,,,,,
109011604,1.82056e+08,14,套,0.3614,0.012907,0.203218,0.282817,0.361424,,0.000297,0.000204,0.086576,,0.003039,,0.000001,,0.047904,,0.001598,0.000000,,,,,,0.000005,,0.000010,,,,,,,
107022499,1.81529e+08,16,个,0.3934,0.043121,0.393412,0.032559,0.133284,,,,0.052115,0.032752,,0.260568,0.000003,,0.000092,0.013570,,0.008823,,0.029350,0.000032,,0.000101,,0.000036,,,0.000182,,,,,
109031801,1.81334e+08,8,OTHER,0.8761,,0.016708,0.087038,0.014135,0.000476,,,0.876065,,,,0.001470,,0.001964,,,,,,,,,,,,0.002144,,,,,,
109013599,1.80342e+08,11,个,0.9270,0.009296,0.926982,0.017118,0.032670,,,0.000021,0.012501,,0.000011,0.000083,0.000041,,0.001273,0.000003,,,,,,,,,,,,,,,,,
108010202,1.8033e+08,17,千克,0.7805,0.780527,0.041828,0.004403,0.004417,0.015682,,0.016493,0.003533,0.001887,,0.002811,,0.051800,0.048463,0.000352,,0.010504,,0.014834,0.002326,,,,0.000131,0.000010,,,,,,,
107020118,1.8015e+08,13,千克,0.9763,0.976316,0.000955,0.002094,0.000002,0.000723,,,0.008880,0.000018,,0.000015,,,0.003360,0.007618,,0.000000,,,0.000015,,,,,,,0.000002,,,,,
101040300,1.79802e+08,14,千克,0.7757,0.775738,0.010537,0.007659,0.000194,,,,0.001397,0.051476,,0.038029,,,0.103697,0.000102,,0.000272,,0.000172,0.000775,,0.009938,,,,,0.000015,,,,,
103020508,1.79742e+08,13,箱,0.5336,0.004996,0.051474,0.005579,0.000718,,,,0.266780,0.533625,,0.026859,,,,0.014453,,0.016598,,0.014041,0.000394,,0.000059,,,,,0.064424,,,,,
108011900,1.79704e+08,20,个,0.4656,0.284176,0.465612,0.002990,0.026564,0.002137,0.003497,0.109154,0.013285,0.000004,0.001839,0.001127,0.000084,0.071227,0.014205,0.000214,,0.000244,,0.000008,0.001083,,,,0.002320,0.000229,,,,,,,
109013304,1.79111e+08,20,个,0.4826,0.014743,0.482630,0.023492,0.464704,0.000031,,0.001496,0.001231,0.000285,0.000212,0.000839,0.000003,0.000290,0.000096,0.003218,,0.000004,,0.000308,0.000486,,,,0.004563,0.000296,,0.001071,,,,,
109020904,1.79009e+08,12,个,0.6160,0.003833,0.615976,0.000320,0.369833,,,0.000555,0.002046,,0.005491,,0.000644,0.001024,0.000185,,,,,,,,,,0.000076,0.000017,,,,,,,
106040202,1.78877e+08,21,个,0.6977,0.013103,0.697695,0.011884,0.019294,,,0.000003,0.143725,0.031269,0.000003,0.043625,0.000008,0.002203,0.008737,0.000288,,0.014879,,0.002973,0.008435,0.000005,0.000269,,0.001491,0.000045,,0.000069,,,,,
107050401,1.78791e+08,19,平方米,0.2708,0.185211,0.181796,0.000329,0.004988,0.018323,,0.244488,0.009765,0.001301,0.000029,0.001236,,0.270804,0.001168,0.000349,,0.000216,,0.000221,0.017836,0.000020,,,0.003980,0.057940,,,,,,,
109011202,1.78538e+08,11,个,0.8924,0.028086,0.892411,0.001155,0.059797,,,0.007166,0.000157,,0.006314,,0.000013,0.000057,0.004749,,,,,,,,,,0.000095,,,,,,,,
304070302,1.78057e+08,11,UNKNOWN,0.4387,,0.108781,0.438743,0.005880,,,,0.296594,,0.018976,,0.001167,,0.000100,,0.053248,,,,,0.003001,,0.073325,,,,,0.000185,,,,
108041902,1.78038e+08,20,个,0.7105,0.000004,0.710527,0.004718,0.192241,0.042391,,0.000100,0.028041,0.000100,0.004572,0.000026,0.000007,0.001121,0.015568,0.000006,,0.000238,,0.000068,0.000001,,0.000043,,0.000088,0.000139,,,,,,,
107030118,1.77283e+08,11,千克,0.8891,0.889101,0.064383,0.001360,0.000032,,,,0.002114,,,0.039820,,,0.000035,0.003070,,0.000002,,0.000060,0.000023,,,,,,,,,,,,
109050701,1.76926e+08,12,套,0.6548,0.000000,0.259750,0.067608,0.654797,,,,0.016249,0.000005,0.000572,0.000003,,,0.000937,0.000005,,,,,0.000062,,0.000012,,,,,,,,,,
109010505,1.76541e+08,11,个,0.8904,0.069800,0.890439,0.002501,0.014147,,,0.005190,0.003266,,0.000252,,0.000034,,0.001656,,,,,,,,,0.012610,0.000104,,,,,,,,
108011299,1.75821e+08,23,个,0.5891,0.120471,0.589126,0.010138,0.112867,0.000005,,0.001784,0.018434,0.056421,0.000053,0.040928,0.000120,0.000084,0.019062,0.005531,,0.015736,,0.004588,0.000194,0.000000,0.002117,0.000000,0.001042,0.000948,,0.000351,,,,,
105010405,1.75811e+08,15,个,0.5608,0.150846,0.560818,0.002084,0.013050,0.139487,,0.015907,0.006838,,,,0.000001,0.092354,0.004022,,,,,0.000060,0.000055,,,,0.000001,0.014457,,0.000020,,,,,
101011999,1.75688e+08,14,OTHER,0.9204,0.027111,0.000008,0.001153,0.000021,0.000528,,0.000050,0.920420,,0.000051,0.000008,,0.039368,0.000411,,,0.000003,,0.010804,0.000063,,,,,,,,,,,,
108010603,1.75399e+08,17,箱,0.3348,0.099660,0.333246,0.001242,0.020942,,,0.003864,0.002355,0.334846,0.000177,0.000262,,0.182525,0.020778,0.000000,,0.000068,,0.000014,0.000014,,,,0.000002,0.000004,,,,,,,
109024308,1.75241e+08,15,套,0.6780,0.000648,0.146795,0.001336,0.677994,,,,0.054690,0.001648,,0.071755,,,0.006328,0.001493,,0.006608,,0.017812,0.000227,,,,0.012054,0.000415,,0.000199,,,,,
102051000,1.74897e+08,16,千克,0.9288,0.928778,0.007412,0.001130,0.007726,0.023774,,0.004471,0.000597,0.001103,,0.000165,,0.000015,0.000161,0.000117,,0.017962,,0.002771,0.003817,,,,0.000000,,,,,,,,
107020116,1.74649e+08,15,千克,0.9652,0.965245,0.002449,0.025795,0.000218,0.000275,,,0.000008,0.000022,,0.000002,0.000007,,0.002887,0.000383,,0.000735,,0.000013,0.000800,,,,,0.001160,,,,,,,
102050305,1.74301e+08,6,千克,0.9996,0.999603,0.000048,,,,,0.000135,,,,,,,,0.000200,,0.000013,,,0.000001,,,,,,,,,,,,
109050203,1.7416e+08,11,个,0.5341,0.000519,0.534064,0.006420,0.453628,,,0.000879,0.001898,0.000443,0.001193,,,,0.000802,,0.000128,,,,,,,,0.000026,,,,,,,,
109021403,1.73767e+08,17,个,0.4556,0.021061,0.455599,0.054705,0.113586,,,0.001703,0.032076,0.082485,,0.079104,0.000033,,0.051144,0.000770,,0.018586,,0.078016,0.000427,,0.000099,,0.000342,,,0.010263,,,,,
109013305,1.7355e+08,20,个,0.6539,0.059929,0.653864,0.008967,0.242680,0.001211,,0.003198,0.017403,0.003944,0.000035,0.002385,0.000096,0.000086,0.003145,0.000875,,0.000423,,0.000004,0.001450,,,,0.000053,0.000093,,0.000161,,,,,
109011003,1.72902e+08,15,个,0.7974,0.153221,0.797400,0.001158,0.047289,,,0.000193,0.000351,0.000092,,0.000105,0.000015,,0.000012,0.000003,,0.000004,,,0.000006,,,,0.000134,0.000015,,,,,,,
301050302,1.72801e+08,10,千克,0.7868,0.786791,0.003003,0.018205,,0.109854,,,0.036790,0.024956,0.003908,,0.000269,,,,,,,,,,,,,,0.002565,,,0.013658,,,
101020399,1.72786e+08,25,个,0.4525,0.267663,0.452536,0.004694,0.037662,0.095193,0.006151,0.015044,0.015171,0.035964,0.001076,0.003493,0.000089,0.011851,0.012278,0.022145,,0.007592,,0.003969,0.001533,0.000004,0.000707,,0.001509,0.001186,,0.000017,,,0.001777,0.000694,
109021300,1.7223e+08,16,个,0.6208,0.052397,0.620751,0.003481,0.309912,0.000023,,0.001012,0.003090,0.002884,,0.000232,,0.000609,0.001900,0.000002,,0.000008,,,0.000204,,,,0.003438,0.000056,,,,,,,
105010904,1.72193e+08,20,个,0.6389,0.088271,0.638909,0.001073,0.083113,0.002423,,0.000662,0.082215,0.028035,,0.007244,,0.010704,0.000631,0.000866,,0.028567,,0.002708,0.000001,,0.000014,,0.004115,0.000038,,0.001461,,,0.018948,,
107022102,1.7135e+08,19,千克,0.5794,0.579415,0.072066,0.000993,0.006670,0.076559,,0.027936,0.077824,0.008115,0.000054,0.029634,0.000101,,0.001863,0.075659,,0.001113,,0.001342,0.026551,,,,0.000042,0.009444,,0.004620,,,,,
307010200,1.71236e+08,20,UNKNOWN,0.7838,0.001140,0.030029,0.783790,0.087748,,,0.000065,0.011058,0.000102,0.027785,0.000001,0.044760,0.000254,0.010256,0.000053,0.002121,0.000035,,,,0.000358,0.000047,0.000368,0.000025,,,,,0.000006,,,
104020502,1.71197e+08,17,个,0.4931,0.012666,0.493058,0.004720,0.041309,,0.000078,0.136519,0.193789,0.006915,,0.001027,0.000002,0.000536,0.103306,0.000168,0.000006,0.001169,,0.000368,,,,,0.004364,,,,,,,,
109025205,1.70445e+08,19,个,0.9125,0.001704,0.912450,0.006821,0.056610,,0.000005,0.001368,0.002100,0.000012,0.013541,0.000006,0.000247,,0.001778,0.000043,,0.000001,,0.000032,0.002952,,,,0.000012,0.000007,,,0.000308,,,,
109012199,1.69076e+08,18,个,0.7299,0.015991,0.729875,0.001641,0.189104,0.000009,,0.007403,0.024014,0.004242,0.013921,0.000243,0.000038,0.000091,0.003893,,,0.000013,,,0.001280,,,,0.000607,0.007633,,0.000001,,,,,
107030112,1.68634e+08,10,千克,0.9153,0.915284,0.000923,0.000022,0.000619,,,,0.000095,,,0.075310,,,,0.002482,,0.002169,,0.003089,0.000007,,,,,,,,,,,,
108011202,1.68237e+08,15,千克,0.5544,0.554382,0.419470,0.004323,0.010094,,,0.000596,0.001163,0.000484,,0.005805,,,0.001422,0.000837,,0.001080,,0.000084,0.000011,,,,0.000227,0.000021,,,,,,,
104019903,1.68062e+08,17,千米,0.6802,0.089649,0.155378,0.001331,0.005450,,0.000083,0.680169,0.050090,0.000336,,0.000010,,0.002395,0.002781,,,0.000184,,0.000001,0.000021,,0.000178,,0.005993,0.005951,,,,,,,
101050100,1.68013e+08,16,千克,0.8688,0.868779,0.045119,0.021453,0.008491,0.000029,,,0.017984,0.002798,,0.001446,,,0.022254,0.000031,,0.004675,,0.003436,0.000004,,0.003414,,0.000063,,,0.000026,,,,,
107020204,1.67936e+08,7,千克,0.9318,0.931771,0.042143,,,0.000265,,,0.000310,,,0.000003,,,,0.021067,,,,,0.004442,,,,,,,,,,,,
102050509,1.67728e+08,4,千克,0.9994,0.999368,0.000062,,,,0.000569,,,,,,,,,,,0.000001,,,,,,,,,,,,,,,
107030106,1.67628e+08,12,千克,0.6922,0.692195,0.050571,0.000115,0.001033,,,0.000600,0.000020,0.000101,,0.115441,,,,0.133348,,0.000022,,0.006529,0.000025,,,,,,,,,,,,
109021002,1.67521e+08,14,个,0.4994,0.094611,0.499421,0.028153,0.081755,0.149009,,0.000153,0.001152,,0.000035,,,0.132621,0.005961,,,0.000001,,0.000129,,,,,0.007000,0.000000,,,,,,,
103011001,1.66543e+08,20,千克,0.8724,0.872434,0.038216,0.002529,0.010103,0.000046,0.000477,0.001429,0.020073,0.039632,,0.000792,,,0.002153,0.000264,,0.003884,,0.007615,0.000002,,0.000217,,0.000057,0.000050,,0.000023,,,,0.000004,
101040400,1.66405e+08,14,千克,0.7433,0.743303,0.078418,0.023604,0.000001,,,,0.008142,0.058241,,0.020783,,,0.005421,0.002851,,0.017565,,0.038970,0.000085,,0.000593,,,,,0.002024,,,,,
108031202,1.66347e+08,7,千克,0.9922,0.992180,0.007239,0.000427,0.000013,,,,0.000001,,,,,,0.000129,0.000011,,,,,,,,,,,,,,,,,
103020902,1.65487e+08,14,个,0.4764,0.003104,0.476385,0.146747,0.000027,,,,0.078281,0.235494,,0.038835,,,0.000598,0.003980,,0.001539,,0.004543,0.010195,,0.000116,,,,,0.000156,,,,,
101010999,1.65369e+08,13,千克,0.9073,0.907293,0.024060,0.001869,0.000209,,,0.000006,,0.007915,,0.000002,,,0.036779,0.003790,,0.000079,,0.014518,0.000311,,,,,,,0.003170,,,,,
107030113,1.65218e+08,10,千克,0.6370,0.637043,0.021207,,0.000227,,,,0.244936,0.000136,,0.049299,,,,0.032649,,,,0.006121,0.008338,,0.000044,,,,,,,,,,
301020202,1.65071e+08,11,千克,0.5950,0.594995,0.000002,0.203764,,0.001935,,,0.057659,0.000200,0.023012,,0.001761,,0.012136,,,,,,,,,,,,0.000295,,,0.104240,,,
104010301,1.65059e+08,16,千克,0.8724,0.872410,0.073223,0.003654,0.013414,,,0.015251,0.003437,0.000487,,0.000019,,0.001601,0.004531,,,0.000627,,0.000145,0.000005,,,,0.000016,0.010696,,,,,0.000484,,
107020229,1.64599e+08,6,千克,0.9999,0.999903,,0.000000,,,,,0.000040,,,0.000000,,,,0.000053,,0.000003,,,,,,,,,,,,,,,
109061101,1.63907e+08,12,套,0.5676,0.000017,0.318425,0.101294,0.567592,0.003548,,0.000980,0.007556,,,0.000373,,,0.000021,,,0.000041,,,,,,,0.000003,0.000150,,,,,,,
103020705,1.63878e+08,15,千克,0.9716,0.971558,0.001427,0.000635,0.000012,0.000065,,0.001484,0.000358,0.006846,,0.002112,,,,0.000436,,0.002112,,0.012693,0.000141,,,,,0.000004,,0.000117,,,,,
107021414,1.63723e+08,13,千克,0.9857,0.985652,0.008852,0.003866,0.000764,,,,0.000779,,,0.000000,,0.000000,0.000001,0.000002,,0.000011,,0.000003,0.000000,,,,0.000069,,,,,,,,
304010300,1.63684e+08,15,UNKNOWN,0.3113,0.005804,0.020438,0.311262,0.006121,,0.000812,,0.028162,,0.117690,,0.254050,,0.040055,,0.055366,,0.124566,,0.001523,0.011417,0.000110,,,,,,0.022624,,,,
101030303,1.63634e+08,14,千克,0.4962,0.496161,0.042625,0.014736,0.005046,,,,0.080384,0.024538,,0.035477,,,0.008943,0.280694,,0.000525,,0.005127,0.002430,,0.000435,,,,,0.002878,,,,,
109022204,1.63373e+08,17,个,0.8379,0.005689,0.837882,0.022582,0.095201,,,0.000350,0.013863,0.000040,0.000039,0.000133,0.000098,,0.002600,0.000075,,0.000044,,,0.001430,,,,0.000825,0.008560,,,,,,0.010590,
109020501,1.62996e+08,15,个,0.6704,0.017558,0.670369,0.005962,0.229515,0.001331,,0.050367,0.003641,0.000032,0.000003,0.000014,,0.017592,0.003154,,,0.000123,,0.000030,,,,,0.000310,,,,,,,,
103020703,1.62591e+08,12,千克,0.9924,0.992398,0.001939,0.000665,,,,,0.000368,0.000725,,0.000677,,,,0.001533,,0.000109,,0.000643,0.000936,,0.000003,,,,,0.000005,,,,,
109024207,1.62093e+08,13,个,0.5496,0.000196,0.549587,0.007103,0.220817,,,,0.014234,0.000133,,0.202882,0.000014,,0.003462,0.000365,,0.000015,,0.000810,,,,,0.000381,,,,,,,,
109025504,1.61482e+08,18,套,0.6892,0.015870,0.143881,0.115757,0.689233,0.021579,,0.002746,0.000301,,0.000069,,0.000019,0.001160,0.008509,0.000630,0.000010,0.000070,,0.000040,0.000112,,,,0.000010,0.000005,,,,,,,
103010902,1.61374e+08,15,千克,0.4480,0.447965,0.053480,0.025586,0.000637,,,,0.035496,0.112580,,0.032292,0.000001,,0.003088,0.000617,,0.058341,,0.209239,0.000532,,0.002156,,,,,0.017989,,,,,
109010604,1.61192e+08,9,套,0.7111,0.004348,0.282814,0.000631,0.711105,,,0.000006,0.000628,,,,,,0.000160,,,,,,0.000003,,,,0.000304,,,,,,,,
108041299,1.61018e+08,15,千米,0.4793,0.291290,0.102791,0.015869,0.028207,,,0.479293,0.003759,0.001741,0.000153,0.002810,0.000002,0.034897,0.025479,,,0.000049,,,,,,,0.000420,0.013239,,,,,,,
107020227,1.60878e+08,10,千克,0.9919,0.991929,0.000036,0.000009,0.000031,,,,0.003452,0.000201,,0.001634,,,,0.000619,,0.000022,,,0.002067,,,,,,,,,,,,
106040101,1.60855e+08,19,个,0.7747,0.026430,0.774668,0.012301,0.050659,,,0.000020,0.030868,0.010369,0.000411,0.012369,0.000025,,0.011199,0.000502,0.000016,0.013568,,0.046491,0.000405,,,,0.000084,0.009601,,0.000014,,,,,
107050502,1.5991e+08,18,千克,0.6474,0.647369,0.281244,0.003303,0.008233,0.005624,,0.025202,0.003040,0.010653,,0.001191,,0.007696,0.000865,0.000028,,0.000016,,0.000002,0.000523,,,,0.000143,0.004865,,0.000004,,,,,
109042105,1.59663e+08,16,个,0.6027,0.274435,0.602682,0.071623,0.043890,,,0.002402,0.002492,0.000827,0.000003,0.000006,0.000000,0.000334,0.001260,,,0.000000,,,0.000000,,,,0.000003,0.000042,,,,,,,
109042505,1.59467e+08,14,个,0.8355,0.004804,0.835504,0.001950,0.108194,,,0.001024,0.002397,0.000182,0.000019,0.000374,0.000041,0.002074,0.042618,,,,,,,,,,0.000312,0.000507,,,,,,,
107050701,1.59342e+08,17,千克,0.9412,0.941181,0.051596,0.000411,0.000252,0.000206,,0.001373,0.000228,0.000025,,0.000021,,0.001692,0.001592,0.000015,,0.000668,,0.000000,0.000246,,,,0.000329,0.000163,,,,,,,
108040407,1.59048e+08,19,个,0.7942,0.023887,0.794175,0.029562,0.123687,,,0.002393,0.002865,0.000170,0.003702,0.001510,0.000004,0.000533,0.009286,0.000054,,0.000312,,0.000012,0.000121,,,0.000210,0.007359,0.000157,,,,,,,
109042603,1.58904e+08,15,个,0.7352,0.010353,0.735234,0.000847,0.213579,,,0.024302,0.007324,0.000072,0.000094,0.000027,,0.000044,0.007164,,,0.000136,,,0.000006,,,,0.000334,0.000483,,,,,,,
109020407,1.58861e+08,15,套,0.4849,0.202140,0.296099,0.000092,0.484887,0.008205,,0.000064,0.006207,,,0.000000,0.000002,0.000694,0.000658,0.000015,,0.000728,,0.000141,0.000068,,,,,,,,,,,,
109012201,1.5869e+08,17,个,0.7373,0.005972,0.737347,0.002807,0.230484,,,0.002700,0.000139,,0.001367,0.000140,0.001901,0.000129,0.013094,0.000024,,0.000001,,,0.000515,,,,0.000133,0.003235,,0.000011,,,,,
109040605,1.58672e+08,19,个,0.7080,0.003828,0.707973,0.034799,0.198553,0.000006,,0.031255,0.013891,0.000799,0.000029,0.000195,,0.000071,0.007044,0.000052,,0.000345,,0.000012,0.000007,,,,0.000615,0.000507,,0.000021,,,,,
108012502,1.58615e+08,14,千克,0.8814,0.881401,0.105168,0.001366,0.002340,,,0.000867,0.001462,0.000989,,,,0.001081,0.003990,,,0.000004,,0.000472,0.000044,,,,,0.000792,,0.000026,,,,,
105020206,1.58117e+08,18,个,0.7756,0.026573,0.775646,0.021758,0.083753,0.002143,,0.017482,0.013085,0.000020,,0.000017,,0.047631,0.003436,0.000001,,0.000040,,0.000066,0.005840,,0.000002,,0.000884,0.001623,,,,,,,
106010303,1.58015e+08,21,千克,0.5309,0.530913,0.181695,0.017425,0.014138,0.000754,,0.004406,0.062599,0.015091,,0.006635,0.000016,0.030078,0.001514,0.000209,,0.002156,,0.000042,0.000203,,0.000211,,0.000196,0.033918,,0.000072,,,,0.097727,
108010303,1.56784e+08,19,千米,0.5364,0.219375,0.098768,0.077138,0.006629,0.011877,0.004907,0.536427,0.031797,0.000359,,0.000030,0.000218,0.001959,0.004528,0.000388,,0.000009,,0.000011,0.000394,,,,0.000016,0.005170,,,,,,,
104010508,1.56209e+08,14,个,0.4511,0.031493,0.451104,0.051788,0.008037,,,0.000005,0.446638,0.000126,,0.000282,,0.002970,0.006376,0.000363,,0.000114,,0.000665,,,0.000037,,,,,,,,,,
109061602,1.55959e+08,13,个,0.8562,0.002112,0.856195,0.000097,0.137276,,,0.000076,0.000409,0.000008,,0.000067,0.000648,,,0.000122,0.002117,,,,0.000015,,,,,0.000859,,,,,,,
109012204,1.55806e+08,12,个,0.7021,0.041768,0.702115,0.002465,0.226514,,,0.000000,0.005465,,,0.000000,0.010513,0.008222,0.002892,,,0.000000,,,,,,,,0.000046,,,,,,,
109021701,1.5565e+08,13,套,0.5734,0.009858,0.379023,0.000120,0.573351,,,0.000804,0.000098,0.000016,0.024127,,,,0.012031,0.000002,,0.000003,,,,,,,0.000087,0.000479,,,,,,,
101030102,1.54266e+08,13,千克,0.7936,0.793619,0.161331,0.004237,0.000003,,,,0.000074,0.010936,,0.002448,,0.003889,0.021164,0.000148,,0.000327,,0.001664,,,0.000160,,,,,,,,,,
104011302,1.54239e+08,14,个,0.3655,0.131261,0.365482,0.011523,0.051925,,,0.015419,0.239713,,0.000101,,,0.003576,0.180222,,,0.000043,,0.000000,,,0.000002,,0.000370,0.000361,,,,,,,
109020204,1.5389e+08,10,套,0.8920,0.001722,0.059400,0.018064,0.891994,0.016633,,0.000195,0.000130,,,,,0.000096,0.011619,,,,,,,,,,0.000148,,,,,,,,
109041902,1.53514e+08,7,个,0.9190,,0.919029,0.000944,0.079606,,,,0.000081,,,0.000330,,,0.000004,0.000006,,,,,,,,,,,,,,,,,
106040804,1.52099e+08,19,个,0.7531,0.000731,0.753097,0.048270,0.091299,,,0.001098,0.026214,0.000156,0.002485,0.059581,0.000956,0.001525,0.012963,0.000008,,0.000017,,0.000015,0.000143,,0.001400,,0.000031,0.000008,,,,,,,
105010202,1.52056e+08,15,千克,0.8821,0.882074,0.050723,0.002950,0.007010,0.037010,,0.005034,0.000889,,,0.000029,,0.011466,0.002528,0.000084,,0.000146,,0.000038,0.000014,,,,,0.000004,,,,,,,
109011106,1.51683e+08,11,个,0.7669,0.000157,0.766852,0.004057,0.219098,0.000003,,,0.000189,,0.000046,0.000036,0.000036,,0.009526,,,,,,,,,,,0.000001,,,,,,,
108031108,1.51486e+08,3,千克,0.9999,0.999897,0.000002,,,,,,0.000100,,,,,,,,,,,,,,,,,,,,,,,,
109022201,1.51069e+08,23,个,0.6474,0.005737,0.647384,0.007569,0.115575,0.000457,,0.100856,0.076156,0.000194,0.006749,0.003795,0.000768,0.021959,0.005284,0.000912,0.000119,0.000124,,0.000247,0.003056,0.000053,0.000004,,0.001006,0.001952,,0.000044,,,,,
109022801,1.50607e+08,14,个,0.8381,0.005336,0.838107,0.000797,0.130887,,,0.010067,0.000923,,0.000029,,0.000002,,0.011931,0.000042,,0.000001,,,0.000003,,,,0.001866,0.000009,,,,,,,
109060311,1.50302e+08,11,个,0.6859,,0.685916,0.004152,0.300790,,,0.000219,0.001098,,0.002422,,0.000742,,0.004624,,,,,,,,,,0.000023,0.000004,0.000012,,,,,,
107060302,1.50001e+08,21,千克,0.4048,0.404759,0.246188,0.042160,0.030526,0.002332,,0.219870,0.039479,0.000366,0.000064,0.000149,0.000440,0.006267,0.005347,0.000003,,0.000356,,0.000012,0.000466,,0.000032,,0.000076,0.001104,,0.000004,,,,,
104010505,1.49742e+08,11,个,0.7520,0.000869,0.752016,0.007540,0.108059,,,0.048153,0.081643,0.000018,,0.000062,,,0.001302,,,0.000180,,,,,,,0.000158,,,,,,,,
109010603,1.48764e+08,17,个,0.8105,0.006743,0.810453,0.028135,0.114950,0.003181,,0.031009,0.001617,,,0.000061,0.000165,0.001139,0.001775,0.000000,,0.000016,,0.000024,0.000414,,,,0.000319,0.000000,,,,,,,
107030802,1.4822e+08,16,个,0.3231,0.011492,0.323071,0.003740,0.160572,,,,0.035862,0.001801,,0.313683,0.000016,,0.016246,0.052349,,0.009413,,0.064893,0.003691,,,,0.000787,0.000424,,0.001960,,,,,
107030601,1.48155e+08,14,盒,0.4982,0.045404,0.148081,0.020765,0.003693,0.000050,,,0.045027,0.020754,,0.498201,,,0.003161,0.196155,,0.002186,,0.013925,0.002598,,,0.000001,,,,,,,,,
104010502,1.47606e+08,11,个,0.5298,0.077796,0.529796,0.010952,0.125883,,,0.095838,0.154770,,,,,0.000631,0.004151,,,0.000033,,,0.000130,,0.000021,,,,,,,,,,
105020108,1.46292e+08,16,千克,0.3414,0.341379,0.187937,0.048400,0.233043,0.040482,,0.005303,0.062621,0.004631,0.001073,0.000023,,0.035607,0.038635,,,0.000329,,0.000067,0.000387,,,,0.000084,,,,,,,,
109012802,1.45931e+08,14,套,0.7337,0.010326,0.112722,0.003700,0.733671,,,,0.002162,,0.000008,0.004151,0.001911,,0.049836,0.023103,,,,0.000338,0.057595,,,,0.000016,,,0.000458,,,,,
109012899,1.45422e+08,20,个,0.4727,0.086214,0.472667,0.003793,0.403180,0.005670,,0.000300,0.003143,,0.001919,0.000002,0.003632,0.002751,0.004774,0.008576,0.000135,0.000087,,,0.003127,,,,0.000024,0.000001,,0.000002,,,0.000002,,
106051105,1.44156e+08,7,个,0.8512,,0.851218,0.123938,0.024068,,,,0.000714,,,0.000001,,,0.000019,0.000042,,,,,,,,,,,,,,,,,
104030604,1.43986e+08,9,千米,0.9397,0.018219,0.025605,0.000878,0.000359,,,0.939721,0.007521,,,,,0.007677,,,,0.000002,,,,,,,0.000018,,,,,,,,
104019904,1.43683e+08,16,千米,0.3311,0.178171,0.297238,0.004225,0.013592,,,0.331120,0.022663,0.000072,,0.001334,,0.141900,0.000163,0.000816,,0.000473,,0.000664,,,0.000000,,0.000895,0.006674,,,,,,,
109013505,1.43418e+08,20,个,0.7506,0.002027,0.750580,0.003744,0.220381,,,0.002390,0.003843,0.000132,0.001428,0.000342,0.001563,0.000010,0.011292,0.000037,0.000635,0.000445,,0.000003,0.000002,0.000055,,,0.000880,0.000211,,,,,,,
106040402,1.43004e+08,16,千克,0.4789,0.478875,0.065219,0.001931,0.005187,0.120065,,,0.010126,0.002302,0.000119,0.009912,,,0.000639,0.254915,,0.000650,,0.005791,0.042090,,,,0.000013,0.002167,,,,,,,
109010507,1.42608e+08,8,千克,0.8933,0.893294,0.085855,0.000247,0.007911,,,,0.011313,,,,0.000176,,0.000827,,,,,,,,,,0.000377,,,,,,,,
104010808,1.42402e+08,15,个,0.7186,0.150529,0.718567,0.017519,0.058164,,,0.006319,0.002946,0.004908,,0.000001,,0.005657,0.035374,0.000000,,0.000011,,,,,,,0.000001,0.000003,0.000000,,,,,,
109011105,1.41845e+08,16,个,0.8305,0.034263,0.830458,0.003507,0.114790,,,0.001228,0.011370,0.000027,,0.000461,0.000006,0.000125,0.000357,0.000025,,0.000068,,,0.000710,,,,0.002569,0.000038,,,,,,,
108041203,1.41492e+08,14,千米,0.4757,0.424896,0.045114,0.003448,0.000241,,,0.475748,0.000464,0.000105,,0.000000,0.000131,0.000663,0.000027,,,0.000001,,,0.000069,,,,,0.049091,,,,,,,
102020400,1.40599e+08,10,立方米,0.7043,0.167602,0.000432,0.078496,,0.704302,0.041846,,0.000002,,,0.000004,,0.004419,,,0.002876,,,0.000020,,,,,,,,,,,,,
109024601,1.39879e+08,16,个,0.7127,0.001344,0.712692,0.004015,0.194915,,,0.000103,0.002374,0.001778,,0.057769,0.000184,0.003446,0.004394,0.009061,,0.003403,,0.003299,,,,,0.001179,0.000042,,,,,,,
103021202,1.37926e+08,17,千克,0.5742,0.574161,0.014053,0.001087,0.000323,0.000369,,,0.019602,0.142036,0.000058,0.008003,,,0.142370,0.060739,,0.021744,,0.008893,0.001747,,0.000005,,,0.000033,,0.004778,,,,,
105020207,1.37704e+08,17,个,0.4135,0.118989,0.413547,0.013438,0.063891,0.000052,,0.005701,0.024816,0.003778,0.001070,0.000047,,0.341206,0.012241,0.000076,,0.000080,,,0.000727,,,,0.000305,0.000034,,,,,,,
101010402,1.35669e+08,15,千克,0.8728,0.872770,0.025482,0.004111,0.000942,,,0.000027,0.012835,0.000338,,0.001630,,,0.000095,0.000256,,0.008662,,0.070395,0.001738,,0.000397,,,,,0.000321,,,,,
304020202,1.35559e+08,19,次,0.2897,,0.106100,0.231500,0.060135,,,0.000002,0.074000,0.000008,0.162822,,0.289719,0.000271,0.049333,0.000003,0.022862,0.000048,,,,0.002009,0.000004,0.000105,0.000043,,0.000140,,0.000896,,,,
109061907,1.35518e+08,5,个,0.7797,0.081297,0.779729,0.000008,,,,,,,,,,0.138628,0.000338,,,,,,,,,,,,,,,,,,
101010107,1.35389e+08,22,千克,0.7675,0.767469,0.054470,0.003057,0.043620,0.056934,,0.005694,0.009866,0.008641,0.006090,0.014322,0.001067,0.000010,0.008582,0.000590,,0.002540,,0.014941,0.001284,,0.000025,0.000022,0.000406,0.000059,,0.000310,,,,,
109023302,1.35138e+08,12,千克,0.7749,0.774884,0.181326,0.000000,0.023168,,,,0.006334,0.000016,0.000118,,,0.000002,,0.000090,0.000354,,,,0.000058,,,,,0.013650,,,,,,,
109050702,1.34966e+08,11,个,0.7278,,0.727839,0.034036,0.194895,,,0.001245,0.007090,0.023572,0.002376,,,,0.008849,0.000004,,,,,0.000008,,,,,0.000085,,,,,,,
108032299,1.34737e+08,10,千克,0.7655,0.765479,0.150890,0.013380,0.053709,,,0.007424,0.008052,0.000007,,0.000291,,,0.000649,,,,,,,,,,0.000119,,,,,,,,
109022004,1.34713e+08,8,个,0.6201,0.000079,0.620064,0.002938,0.362385,,,0.013079,,,0.000871,,,,0.000332,,,,,,,,,,,0.000251,,,,,,,
103010802,1.34687e+08,14,千克,0.4283,0.428261,0.159979,0.006930,0.000048,,,,0.052424,0.029928,,0.035116,,,0.006294,0.000987,,0.032737,,0.244340,0.000063,,0.000108,,,,,0.002786,,,,,
109020814,1.34006e+08,18,个,0.7554,0.058023,0.755364,0.012998,0.114733,,,0.002088,0.004161,0.000015,0.039107,0.000026,0.000932,0.004027,0.005195,0.000006,,0.000024,,0.000001,0.000045,,,,0.003223,0.000032,,,,,,,
108011101,1.33995e+08,13,个,0.7660,0.164874,0.766048,0.015113,0.024733,,,,0.001445,,,0.000001,0.000027,0.020106,0.006023,0.000039,,,,,0.000065,,,,0.001361,0.000164,,,,,,,
102050601,1.33995e+08,16,千克,0.9301,0.930081,0.010704,0.047743,0.000155,0.000107,,,0.000941,0.000997,,0.000245,,0.000008,0.000008,0.000242,,0.000633,,0.006309,0.001759,,0.000000,,,,,0.000068,,,,,
109062104,1.33966e+08,13,个,0.4162,0.001411,0.416213,0.012333,0.103930,,,0.000101,0.272702,0.059129,0.002811,,0.000034,0.060404,0.003733,,,0.000017,,,,,,,0.067182,,,,,,,,
104011004,1.33048e+08,20,千米,0.4058,0.279635,0.050197,0.004726,0.004530,0.000380,,0.405760,0.004833,0.001111,,0.000122,0.000308,0.212327,0.000847,0.000357,,0.000071,,0.000104,0.005421,,0.000059,,0.005216,0.023793,,0.000202,,,,,
501010200,1.32616e+08,11,UNKNOWN,0.5558,0.000001,0.004686,0.555827,0.000679,,,0.003044,0.004236,,0.000334,,0.001432,0.367703,,,0.062047,,,,,,,,,,,,,0.000011,,,
104030401,1.32386e+08,19,个,0.6017,0.018361,0.601695,0.012895,0.013244,,,0.013288,0.050812,0.002384,0.000480,0.002830,,0.029469,0.033088,0.002025,,0.003687,,0.000808,0.000114,,0.000214,,0.213081,0.001472,,,,,0.000053,,
110030103,1.32067e+08,18,千克,0.9071,0.907112,0.008275,0.008170,0.001485,0.052303,0.000032,0.000173,0.000100,0.004512,,0.000722,0.000078,,0.001276,0.000462,0.000058,0.000043,,0.000224,0.014971,,0.000006,,,,,,,,,,
109021101,1.30932e+08,14,个,0.3274,0.212436,0.327363,0.026748,0.307426,,0.000566,0.001099,0.032918,0.000355,0.007353,,0.000715,,0.007278,,0.000151,,,,0.000143,,,,0.075448,,,,,,,,
104010606,1.30806e+08,18,个,0.6745,0.035673,0.674538,0.004758,0.038744,,,0.041713,0.059716,0.010265,0.000316,0.009667,,0.057287,0.020739,0.000373,,0.005978,,0.000504,0.000123,,,,0.034702,0.004885,,0.000020,,,,,
301020101,1.30795e+08,10,千克,0.8663,0.866293,0.004018,0.116813,,,,,0.001434,0.002259,0.001891,,0.000005,,0.006246,,0.000918,,,,,,,,,,,,,0.000122,,,
108031299,1.30777e+08,3,千克,0.9515,0.951509,0.047576,,,,,,0.000915,,,,,,,,,,,,,,,,,,,,,,,,
108041304,1.30247e+08,8,个,0.9816,0.010687,0.981603,0.000004,0.001574,0.000774,,0.001743,,,,,,0.003175,,,,,,,,,,,,0.000440,,,,,,,
101010201,1.30227e+08,19,千克,0.9190,0.918952,0.031884,0.004769,0.009200,0.019730,,0.000022,0.003711,0.005313,,0.002357,0.000015,,0.000858,0.000215,,0.000734,,0.001658,,,0.000015,,,0.000182,,0.000229,0.000004,,,0.000151,
109060504,1.30139e+08,10,套,0.5778,,0.407918,0.009746,0.577765,0.000084,,,0.001937,,0.000138,0.000073,0.000206,,,0.002129,,0.000004,,,,,,,,,,,,,,,
307020200,1.29925e+08,24,UNKNOWN,0.3249,0.092117,0.136964,0.324874,0.089830,,0.000004,0.000839,0.040167,0.000023,0.016523,0.087581,0.120593,0.000006,0.035651,0.019515,0.005960,0.008789,,0.002023,0.001616,0.000057,0.013265,0.003262,0.000148,0.000140,,0.000054,,,,,
104011002,1.29309e+08,18,平方米,0.5571,0.094666,0.159147,0.004232,0.011322,,,0.122148,0.029944,0.002380,0.000007,0.000105,0.000013,0.557054,0.008343,0.000036,,0.000606,,,0.000064,,,,0.000123,0.009739,,,,,,0.000070,
109024802,1.29204e+08,20,个,0.7205,0.000775,0.720469,0.003445,0.187354,,0.004799,0.000026,0.011077,0.000019,0.000087,0.007769,0.000001,0.000115,0.057047,0.000838,0.000019,0.001003,,0.000786,0.000002,,,,0.004364,0.000007,,,,,,,
104010603,1.28998e+08,20,个,0.5384,0.027524,0.538413,0.006072,0.051917,,,0.002500,0.009703,0.117530,0.000310,0.003050,0.000007,0.000676,0.028179,0.002129,,0.194851,,0.015476,0.000416,,0.000576,,0.000097,0.000553,,0.000019,,,,,
101011700,1.28842e+08,18,千克,0.5942,0.594181,0.027556,0.001689,0.001401,0.000474,,,0.010050,0.034409,,0.001690,,0.001218,0.223029,0.006977,,0.005242,,0.091172,0.000404,,0.000006,,0.000005,0.000087,,0.000409,,,,,
109051307,1.28432e+08,14,个,0.9242,0.005171,0.924190,0.020773,0.016722,,,0.000076,0.000432,,0.001053,0.000001,0.029218,,0.001968,0.000010,0.000068,0.000004,,,,0.000313,,,,,,,,,,,
107050499,1.28385e+08,18,个,0.3894,0.113277,0.389393,0.000121,0.029063,0.000171,,0.111473,0.007000,0.002820,,0.001382,,0.191043,0.020865,0.000150,,0.002766,,0.000381,0.002211,,,,0.003478,0.124328,,0.000078,,,,,
107050104,1.28264e+08,16,个,0.6465,0.003964,0.646549,0.003698,0.340910,,,0.000064,0.003117,0.000078,,0.000000,0.000144,0.000404,0.000885,0.000001,,0.000000,,,0.000002,,,,0.000180,0.000004,,,,,,,
101059900,1.27607e+08,15,千克,0.4639,0.463938,0.007911,0.057439,0.004516,,,0.000002,0.010260,0.006095,,0.003720,,,0.429342,0.001559,,0.011723,,0.002896,0.000020,,0.000563,,,,,0.000018,,,,,
107040309,1.27423e+08,9,千克,0.9916,0.991601,0.005436,0.000019,0.000024,,,0.002014,0.000152,,,0.000086,,,,,,,,,,,,,0.000006,0.000663,,,,,,,
103020503,1.27258e+08,13,罐,0.3717,0.125821,0.037573,0.001203,0.005322,,,,0.049147,0.314026,,0.016492,,,,0.033495,,0.002190,,0.040831,0.002193,,0.000053,,,,,0.371653,,,,,
104020302,1.27179e+08,13,个,0.9330,0.005788,0.932981,0.004327,0.024315,,,0.010682,0.006058,,,,,0.000974,0.002694,0.000009,,0.005880,,0.000011,,,,,0.005419,0.000862,,,,,,,
109021200,1.26602e+08,19,个,0.4725,0.061473,0.472497,0.154823,0.227216,,,0.001213,0.032941,0.000039,0.004102,0.000210,0.000152,0.000798,0.033563,0.000056,,0.000404,,0.000026,0.000439,,,,0.009932,0.000118,,0.000000,,,,,
108040704,1.25606e+08,18,个,0.7460,0.057488,0.745996,0.002202,0.138072,,,0.000007,0.013672,0.000493,,0.011423,0.000052,,0.000890,0.016628,,0.004588,,0.005981,0.000131,,0.000004,,0.001913,0.000457,,0.000002,,,,,
109042104,1.25209e+08,12,个,0.7479,0.000283,0.747924,0.000942,0.009943,,,,0.001960,0.066685,,0.000148,,,0.000228,0.000001,,0.000005,,0.004746,,,,,0.167133,,,,,,,,
101050200,1.24776e+08,11,千克,0.7080,0.708038,0.228301,0.004783,,,,,0.013283,0.004192,,0.005585,,,0.017511,,,0.002948,,0.011394,,,0.003961,,,,,0.000003,,,,,
107021416,1.24756e+08,11,千克,0.9856,0.985564,0.001763,0.010092,0.000014,0.000096,,,,,,0.000047,,,0.001163,0.001253,,0.000002,,,0.000003,,,,0.000003,,,,,,,,
109051306,1.24504e+08,11,个,0.6522,,0.652231,0.002191,0.328842,,,,0.001307,,0.000007,0.000007,,,0.014939,,0.000006,,,,,,0.000201,0.000001,,,,,0.000267,,,,
109042302,1.24308e+08,16,个,0.7315,0.002850,0.731490,0.002200,0.155780,,,0.004752,0.088346,0.000380,0.000002,0.000092,,0.000151,0.013838,,,0.000002,,0.000005,0.000000,,,,0.000001,0.000111,,,,,,,
102050403,1.24307e+08,16,千克,0.6170,0.617037,0.348125,0.013116,0.001164,0.000885,,0.000614,0.001081,0.000050,,0.000036,,0.008490,0.000051,0.000074,,0.002685,,0.006533,0.000058,,,,0.000003,,,,,,,,
106010206,1.24112e+08,22,千克,0.5148,0.514763,0.330608,0.007952,0.007465,0.000849,,0.009216,0.005118,0.026696,,0.049904,0.000001,0.007391,0.000075,0.000066,0.001487,0.011963,,0.003379,0.000791,,0.000006,,0.000524,0.018329,,0.000029,,,,0.003386,
108040600,1.232e+08,19,个,0.8640,0.027810,0.864035,0.006853,0.042163,0.000107,,0.023306,0.003707,0.000260,0.000627,0.001979,0.000005,0.000105,0.026131,0.000020,,0.000623,,0.000018,0.000032,,,,0.002062,0.000156,,,,,,,
109023899,1.23191e+08,7,个,0.4763,,0.476256,0.014547,0.374855,,,0.008732,0.120089,,,,,0.005257,0.000264,,,,,,,,,,,,,,,,,,
103021203,1.22699e+08,16,千克,0.8907,0.890744,0.001515,0.000395,0.003687,0.000721,,,0.005718,0.006290,,0.035276,,0.000398,0.000024,0.007941,,0.000002,,0.003101,0.043510,,,,,0.000090,,0.000588,,,,,
109051005,1.22587e+08,10,个,0.5946,,0.594616,0.050000,0.262012,,,0.084610,0.000245,0.001284,0.005680,0.000002,0.000148,,0.001403,,,,,,,,,,,,,,,,,,
107021905,1.22529e+08,20,千克,0.4238,0.423788,0.197164,0.039600,0.077090,0.069196,,0.000492,0.016966,0.008375,0.000287,0.041034,0.000211,0.026333,0.006459,0.073854,,0.000395,,0.000369,0.018012,,,,0.000053,0.000179,,0.000142,,,,,
108010706,1.21978e+08,17,千克,0.3090,0.309013,0.296501,0.031391,0.004079,0.009082,,0.016991,0.034121,0.005825,0.002194,0.000006,,0.278448,0.010251,0.000026,,0.000000,,0.000200,0.000004,,,,,0.001868,,,,,,,
101030302,1.21653e+08,14,千克,0.6282,0.628175,0.208822,0.021188,0.000660,,,,0.019285,0.050448,,0.054907,,,0.006916,0.000066,,0.000956,,0.007387,0.000005,,0.001092,,,,,0.000095,,,,,
103020507,1.21623e+08,14,盒,0.5881,0.265883,0.016459,0.004997,0.000779,,,,0.005936,0.035633,,0.588092,,,0.000340,0.001053,,0.009328,,0.044909,0.000928,,0.000044,,,,,0.025619,,,,,
109023399,1.21406e+08,17,个,0.5593,0.197489,0.559272,0.006448,0.176720,,0.000060,0.001697,0.016830,0.000038,0.000049,0.000003,0.000016,0.000008,0.034994,0.000000,,,,,0.000240,,,,0.006111,,,0.000023,,,,,
103020501,1.21398e+08,14,箱,0.5845,0.023999,0.088871,0.005178,0.006899,,,,0.078302,0.584546,,0.066155,,,0.002772,0.038295,,0.011642,,0.034182,0.007535,,0.000615,,,,,0.051008,,,,,
302030100,1.1975e+08,10,UNKNOWN,0.7273,0.001629,0.201254,0.727326,0.051190,,0.000455,,0.001593,,,0.000178,0.000256,0.008847,0.007273,,,,,,,,,,,,,,,,,,
109020504,1.19743e+08,17,个,0.5582,0.042788,0.558189,0.008254,0.262736,0.000543,,0.006929,0.012801,0.000024,0.000096,0.000336,,0.104349,0.001622,0.000003,,0.000575,,0.000000,,,,0.000028,0.000726,,,,,,,,
109012903,1.1901e+08,16,套,0.4490,0.090980,0.397160,0.054579,0.449039,,,0.000378,0.000304,0.000032,0.000799,,0.000017,0.005274,0.001207,0.000034,,0.000011,,,0.000044,,,,0.000097,0.000047,,,,,,,
108011004,1.18638e+08,17,千克,0.7621,0.762102,0.075670,0.061763,0.002501,0.008072,0.000594,0.001972,0.000008,,,0.000015,,0.085361,0.001031,0.000000,,0.000683,,0.000050,0.000001,,,,0.000016,,,,,,0.000162,,
109060703,1.17165e+08,15,套,0.5717,0.000722,0.383657,0.021318,0.571729,,,0.000094,0.017023,0.000003,0.002575,0.000163,0.001938,,0.000419,0.000000,0.000306,,,,,,,,0.000028,0.000024,,,,,,,
107050105,1.16771e+08,13,个,0.8822,0.003249,0.882249,0.014999,0.090044,,,,0.000192,0.000680,,,,0.000133,0.007115,0.000054,,,,,0.000192,,,,0.001092,0.000001,,0.000001,,,,,
106051199,1.16757e+08,17,个,0.6410,0.016800,0.641024,0.011263,0.083054,,,0.000004,0.002843,0.064700,,0.128115,,,0.001084,0.007052,0.000027,0.015171,,0.002793,0.000031,,,,0.000087,0.000001,,0.025952,,,,,
108010502,1.16404e+08,10,千克,0.5263,0.526275,0.257860,0.027350,0.004334,0.031456,,0.050228,0.003484,,,,,0.086589,0.011518,,,,,,,,,,0.000906,,,,,,,,
106040105,1.15926e+08,20,OTHER,0.5066,0.023571,0.276275,0.002198,0.069819,,,0.000275,0.506590,0.000978,0.000083,0.074093,,0.000614,0.017535,0.000071,,0.019961,,0.001102,0.003234,,0.000001,,0.002532,0.000917,,0.000007,,,,0.000143,
106010205,1.15682e+08,19,千克,0.4537,0.453728,0.096933,0.010829,0.033937,0.000048,,0.004214,0.018599,0.046335,0.000005,0.071825,0.000000,0.036609,0.026391,,,0.004393,,0.000054,0.000001,,0.002588,,,0.125177,,,,,,0.068334,
103011101,1.15521e+08,18,千克,0.8632,0.863195,0.012851,0.005660,0.001986,0.000098,,0.000047,0.001961,0.056943,0.000102,0.007906,,,0.000441,0.001607,,0.002373,,0.038640,0.002396,,0.001692,,0.000005,,,0.002097,,,,,
109013502,1.15274e+08,21,个,0.6480,0.210869,0.647970,0.070885,0.023308,0.003474,,0.000003,0.013672,0.000010,0.000072,0.003968,0.003312,,0.010903,0.000551,0.000589,0.000026,,,,0.000120,,0.000003,0.000000,0.001087,,,,0.006301,0.002877,,
107021405,1.15125e+08,12,千克,0.9840,0.983971,0.005515,0.003117,0.000146,,,,0.000820,0.001742,,0.000042,,,0.000065,0.001924,,0.000046,,0.000226,0.002386,,,,,,,,,,,,
101011499,1.14917e+08,23,OTHER,0.9120,0.009474,0.007805,0.006808,0.006587,0.001887,,0.007288,0.912031,0.000520,0.002494,0.000000,0.000729,0.005127,0.024028,0.000191,0.001277,0.000169,,0.012734,0.000150,,0.000002,,0.000001,0.000418,0.000080,,,,0.000199,,
109020805,1.149e+08,10,套,0.9326,0.004265,0.055627,0.000715,0.932569,,,0.001707,0.005053,,,,0.000026,,0.000034,0.000003,,,,,0.000000,,,,,,,,,,,,
101011214,1.14823e+08,22,个,0.3426,0.281633,0.342567,0.004058,0.041710,0.089569,0.000003,0.087330,0.028810,0.043721,,0.004851,0.000072,0.014407,0.027023,0.013417,0.001767,0.001353,,0.011759,0.002433,,0.000005,,0.000829,0.002432,,0.000253,,,,,
109022001,1.14138e+08,18,个,0.8744,0.006935,0.874354,0.000572,0.088540,0.000687,,0.004435,0.005048,0.000002,0.000722,0.000308,0.009703,0.000063,0.007969,0.000075,,0.000133,,,0.000019,,,,0.000430,0.000004,,,,,,,
109061605,1.1407e+08,16,个,0.7534,0.018189,0.753449,0.004727,0.119911,0.000330,,0.003864,0.005572,0.001287,0.001152,0.003014,0.001030,0.083985,0.003482,0.000001,,0.000001,,,,,,,,0.000006,,,,,,,
107021512,1.13852e+08,10,千克,0.9954,0.995409,0.001175,,0.000125,,,,0.000080,0.000103,,,,,,0.000722,,0.000001,,0.000004,0.002361,,,,0.000022,,,,,,,,
103020205,1.13394e+08,15,箱,0.4605,0.241370,0.140853,0.007170,0.001936,,,,0.020176,0.460521,,0.079650,,,0.000187,0.001293,,0.013243,,0.020834,0.011828,,0.000016,,,0.000027,,0.000896,,,,,
107021803,1.12934e+08,14,千克,0.4981,0.498110,0.074808,,0.060723,,,0.020628,0.000138,0.001277,0.000102,0.005317,,0.326898,0.004049,,,0.000465,,0.000000,,,,,0.000151,0.007334,,,,,,,
109051503,1.1251e+08,6,个,0.8908,,0.890752,0.002666,0.001935,,,,0.101101,,,,,,0.003541,,,,,,,,,,0.000004,,,,,,,,
109061901,1.12358e+08,9,个,0.8147,0.001336,0.814725,0.070258,0.005471,,,,0.106004,,,0.001983,,0.000051,0.000002,,,,,,,,,,0.000170,,,,,,,,
104011006,1.12338e+08,13,千米,0.8583,0.027478,0.048769,0.001309,0.006557,,,0.858290,0.001636,0.000054,,,,0.037398,0.004145,,,0.000714,,,,,,,0.000928,0.011675,,,,,0.001046,,
107030412,1.12304e+08,14,瓶,0.7989,0.028872,0.031178,0.001636,0.002065,,,,0.007227,0.000208,,0.124175,,,,0.798853,,0.000334,,0.000921,0.000030,,0.004488,,,0.000002,,0.000011,,,,,
109061099,1.12149e+08,13,OTHER,0.3909,0.019060,0.277121,0.002912,0.305214,,,0.000001,0.390950,0.000002,,0.000001,0.000004,0.000024,0.000607,,0.000065,,,,,,,,0.004040,,,,,,,,
109061001,1.12025e+08,9,个,0.8889,0.007044,0.888933,0.001396,0.069130,,,,0.032129,0.000027,,0.000295,,,0.000963,,,,,,,,,,0.000083,,,,,,,,
106040103,1.11775e+08,20,个,0.9012,0.002278,0.901196,0.004898,0.058295,0.008477,0.000331,0.000273,0.004986,0.003883,0.000017,0.001930,0.000007,,0.009493,0.000103,,0.001840,,0.000046,0.000028,,,,0.001388,0.000528,,0.000003,,,,,
109060606,1.11717e+08,18,个,0.8320,0.019805,0.832025,0.017810,0.123583,0.000291,,0.000013,0.004693,0.000160,,0.000100,0.000036,,0.000100,0.000384,,0.000115,,0.000454,,,0.000105,,0.000295,0.000024,,0.000007,,,,,
106051301,1.11667e+08,12,个,0.5551,0.380219,0.555116,0.003637,0.019511,,,,0.003163,,,0.000013,,,0.000009,0.002108,,0.030252,,0.005918,,,0.000007,,,,,0.000047,,,,,
108032101,1.11523e+08,8,千克,0.9712,0.971233,0.024285,0.000804,0.000210,,,,,,,,,0.002809,,,,0.000003,,0.000001,,,,,0.000655,,,,,,,,
405019900,1.11345e+08,10,平方米,0.7990,0.003077,0.003776,0.098297,,,,,0.030435,0.000088,0.003009,,,0.798955,0.012239,,0.046533,,,,,,,0.003592,,,,,,,,,
107021510,1.11195e+08,5,千克,0.9999,0.999890,0.000049,,,,,,,0.000001,,,,,,0.000011,,,,,0.000049,,,,,,,,,,,,
109025402,1.10488e+08,10,套,0.7932,0.000065,0.178070,0.004314,0.793232,,,0.006658,0.009390,,,,0.000100,,0.008075,,,0.000001,,,,,,,0.000094,,,,,,,,
106051209,1.10292e+08,6,个,0.7044,,0.704394,0.036037,0.247689,,,,0.001571,,,0.006221,,,,0.004088,,,,,,,,,,,,,,,,,
109040102,1.10258e+08,15,个,0.6543,0.004784,0.654302,0.002063,0.227269,,0.000141,0.000062,0.110017,0.000077,,0.000001,,,0.000607,0.000006,,0.000057,,,0.000001,,,,0.000198,0.000416,,,,,,,
103010202,1.09927e+08,13,千克,0.9138,0.913801,0.000805,0.001164,,,,,0.004301,0.003233,,0.001985,,,0.005304,0.000112,,0.001327,,0.066508,0.000001,,0.000437,,,,,0.001023,,,,,
109011002,1.09906e+08,18,个,0.5682,0.044517,0.568206,0.004222,0.373068,,,0.000191,0.001585,0.001496,0.000068,0.000027,0.000003,0.001015,0.000290,0.003941,0.000066,0.000022,,,0.000011,,,,0.000215,0.001059,,,,,,,
109022903,1.09792e+08,17,个,0.7852,0.050639,0.785192,0.000131,0.066514,,0.000733,0.062535,0.008237,0.000513,0.000151,0.000005,,0.016973,0.004660,0.000001,,0.000032,,,0.000056,,,,0.003609,0.000017,,,,,,,
107021102,1.09694e+08,19,千克,0.9693,0.969302,0.005813,0.000721,0.000273,0.000169,,0.000003,0.013134,0.000051,,0.000361,,0.003371,0.000327,0.003078,,0.000055,,0.000000,0.001916,,0.001044,,0.000141,0.000150,,0.000092,,,,,
108012002,1.09678e+08,15,个,0.8813,0.041263,0.881305,0.000761,0.013345,0.017104,,0.001028,0.038646,,0.003883,0.000108,,,0.001832,0.000176,,0.000280,,,0.000080,,,,0.000001,0.000189,,,,,,,
109022203,1.09467e+08,14,个,0.7544,0.000119,0.754415,0.002833,0.210474,,,0.000824,0.008663,,0.000975,0.020740,0.000093,,0.000540,,,0.000032,,,,,0.000008,,0.000103,0.000181,,,,,,,
108011502,1.09158e+08,12,个,0.8774,,0.877394,0.000647,0.059384,0.001237,,0.000091,0.000004,0.058691,0.000024,0.000006,,0.000457,0.001856,,,,,,,,0.000211,,,,,,,,,,
109020705,1.09146e+08,15,个,0.4075,0.168882,0.407458,0.000356,0.355151,0.000179,,0.000354,0.046433,,0.008147,,0.000090,,0.010120,0.001627,,0.000083,,,0.001035,,,,0.000012,0.000075,,,,,,,
107050702,1.09001e+08,15,千克,0.9777,0.977712,0.016827,0.001082,0.000036,0.000822,,0.000162,0.000017,0.000675,,0.000401,,,,0.000031,,0.000082,,0.001723,0.000031,,,,0.000348,0.000050,,,,,,,
101050300,1.08877e+08,14,个,0.4310,0.196794,0.430960,0.017171,0.047906,,,,0.008577,0.003185,,0.176067,,,0.053966,0.000269,,0.000004,,0.000288,0.000644,,0.064163,,,0.000003,,,,,,,
109013605,1.08778e+08,8,个,0.8397,0.089824,0.839735,0.000002,0.016172,,,0.039754,0.008698,,,,,,0.000330,,,,,,,,,,0.005485,,,,,,,,
307020103,1.07973e+08,13,UNKNOWN,0.7908,,0.029445,0.790792,0.007128,,,,0.071239,,0.037067,0.005342,0.029699,,0.011661,,0.002611,,,,,0.000145,0.004107,0.001055,,,,,0.009710,,,,
104010403,1.07747e+08,12,千米,0.6834,0.225206,0.081017,0.002473,0.004077,,,0.683358,0.000503,,,,0.000052,,0.003008,,,0.000002,,,,,0.000019,,0.000284,0.000000,,,,,,,
109020803,1.07662e+08,10,个,0.8035,0.008962,0.803460,,0.176121,,,0.000355,0.001905,,0.001142,,,,0.007611,0.000007,,,,,,,,,0.000009,0.000427,,,,,,,
102050402,1.07583e+08,11,千克,0.9421,0.942099,0.050114,0.004507,0.000130,0.000897,,,0.000159,,,,,0.000930,,0.000003,,0.001025,,0.000018,0.000119,,,,,,,,,,,,
101030307,1.07394e+08,6,千克,0.9117,0.911651,0.080907,,0.000009,,,0.000914,,,,,,0.006518,,,,0.000001,,,,,,,,,,,,,,,
304050103,1.07099e+08,12,UNKNOWN,0.5411,0.000153,0.013475,0.541080,,,,,0.069375,,0.069218,,0.051298,0.031762,0.005392,,0.190610,,,,,0.005831,,0.009980,,,,,0.011825,,,,
109025602,1.0626e+08,11,个,0.6361,0.001100,0.636120,0.047217,0.305583,,,0.000627,0.004064,,0.004668,,0.000320,0.000258,0.000025,,,,,,,,,,0.000017,,,,,,,,
109010512,1.06016e+08,11,个,0.9898,0.000392,0.989788,0.002769,0.003927,,,0.000066,0.000129,,,0.000000,0.000028,,0.002341,,,,,,0.000005,,,,0.000555,,,,,,,,
109030104,1.05599e+08,18,个,0.8009,0.002656,0.800925,0.101090,0.057168,0.000424,0.000001,0.001191,0.004113,,0.011493,,0.016857,0.000379,0.002296,,,0.000026,,,0.000055,,0.000329,0.000909,0.000083,0.000005,,,,,,,
109022809,1.05553e+08,13,个,0.9864,0.001423,0.986375,0.000010,0.010339,,,0.000919,0.000003,0.000040,,0.000725,,0.000019,0.000065,0.000083,,,,,0.000001,,,,0.000000,,,,,,,,
102050406,1.04794e+08,9,千克,0.9799,0.979856,0.010617,0.000351,0.006847,0.000705,,0.000001,0.001598,,,0.000011,,,,,,0.000014,,,,,,,,,,,,,,,
109021599,1.04482e+08,15,套,0.7544,,0.231551,0.002079,0.754366,,,0.000994,0.001880,,0.002833,0.000479,0.000072,,0.000025,0.000631,,0.004455,,0.000101,0.000146,,,,,0.000224,,0.000164,,,,,
109061807,1.0405e+08,13,个,0.9694,,0.969379,0.004903,0.021189,,,,0.002218,0.000005,0.000200,0.000141,,,0.001791,0.000006,,0.000156,,,,,,0.000005,0.000001,0.000005,,,,,,,
106040608,1.03707e+08,19,个,0.7421,0.012302,0.742141,0.013479,0.104562,,,0.002903,0.068314,0.000241,0.000260,0.012208,0.000231,0.003523,0.008499,0.000408,,0.000117,,0.000008,0.000223,,,,0.028503,0.002071,0.000008,,,,,,
106051210,1.03681e+08,17,个,0.7077,0.063679,0.707738,0.013107,0.172731,,,0.000010,0.004738,0.000258,,0.024268,,0.000382,0.000045,0.000139,,0.001714,,0.008323,0.000745,,,0.000028,0.002097,0.000000,,,,,,,
106051212,1.03601e+08,20,个,0.7747,0.000769,0.774668,0.060488,0.074136,,0.012865,0.000250,0.026700,0.000902,0.000824,0.000508,0.002324,0.006569,0.032610,0.004730,0.000193,0.000834,,0.000025,,0.000055,,,0.000012,0.000538,,,,,,,
109022406,1.02935e+08,16,个,0.5476,0.103864,0.547593,0.037339,0.282305,,,0.000037,0.010080,0.000622,,0.012953,0.000224,,0.000709,0.001950,,0.000890,,0.000089,0.000055,,0.000217,,,0.001073,,,,,,,
103010102,1.02868e+08,15,千克,0.8394,0.839374,0.006100,0.003932,0.000011,,,,0.001272,0.053741,0.006787,0.020908,,,0.003108,0.000000,,0.046836,,0.017482,0.000087,,0.000016,,,,,0.000345,,,,,
109020903,1.02849e+08,10,个,0.6078,,0.607844,0.000099,0.386520,,,0.000044,0.002188,,,,0.000133,,,0.000152,0.001070,,,,,,0.000900,,0.001050,,,,,,,,
103010199,1.02702e+08,14,千克,0.5142,0.514156,0.152959,0.015646,0.000237,,,,0.027648,0.039272,,0.066590,,,0.018776,0.008517,,0.038123,,0.116882,0.000111,,0.000919,,,,,0.000163,,,,,
109040603,1.02265e+08,14,个,0.7457,0.013545,0.745665,0.000681,0.219367,,,0.001828,0.009883,,0.002533,0.000001,,0.000004,0.006475,,,0.000006,,,0.000005,,,,0.000000,0.000006,,,,,,,
101030311,1.02101e+08,16,盒,0.6186,0.181514,0.045477,0.008112,0.008162,,,0.046859,0.032157,0.015990,,0.618619,,,0.000150,0.020554,,0.014718,,0.007080,0.000052,,0.000031,,0.000059,,,0.000466,,,,,
106010503,1.02003e+08,19,个,0.6523,0.175628,0.652278,0.009274,0.073923,,,0.000125,0.007494,0.020857,,0.002725,0.000008,0.010760,0.009237,0.000001,,0.031761,,0.002439,0.000006,,0.000010,,0.000001,0.003407,,0.000067,,,,,
108032301,1.01714e+08,12,个,0.7096,0.202657,0.709573,0.000108,0.008618,,,0.000689,0.065652,,,0.000001,,0.005280,0.006488,,,,,,0.000044,,,,0.000479,0.000409,,,,,,,
109012901,1.01564e+08,15,个,0.8163,0.056373,0.816348,0.000681,0.113252,0.002073,,0.002065,0.004330,0.000267,0.000001,0.000005,0.000013,,0.000475,0.000792,,0.000346,,,0.002977,,,,,,,,,,,,
107050901,1.01165e+08,18,个,0.7963,0.039314,0.796340,0.012999,0.101879,0.008828,,0.007761,0.004023,0.000022,,0.000005,0.000006,0.000507,0.001498,0.000018,,0.002439,,0.008866,0.013137,,,,0.000088,0.002270,,,,,,,
107021505,1.00839e+08,15,千克,0.6819,0.681921,0.209327,0.000454,0.017959,0.061211,,0.008469,0.004550,0.000045,,0.000028,,0.000307,0.004505,0.000028,,0.000078,,,0.011120,,,,,0.000000,,,,,,,
109020905,1.00709e+08,15,个,0.6031,0.014001,0.603114,0.005778,0.353306,,,0.000536,0.012153,,0.005300,0.000010,0.000027,0.000043,0.000496,,,0.000013,,,0.000030,,,,0.002763,0.002431,,,,,,,
301060200,1.00652e+08,15,千克,0.4848,0.484795,0.045106,0.194091,0.005998,0.005457,,0.000471,0.063137,0.099150,0.007860,,0.003031,,0.007887,,0.012802,,,,,0.000196,,,,,,,,0.056764,0.013253,,
109051601,1.00465e+08,13,个,0.7491,0.018239,0.749136,0.006461,0.108266,,,0.013091,0.014130,,,0.025551,,0.061581,0.001501,0.000052,,0.000039,,,0.000010,,,,,0.001944,,,,,,,
109025201,1.00367e+08,15,个,0.9201,0.014784,0.920090,0.011773,0.046135,0.004389,,0.000069,0.000085,0.000419,0.000268,0.000010,0.000023,,0.001553,0.000019,,,,0.000161,,,,,0.000222,,,,,,,,
109051903,1.00352e+08,12,个,0.9578,0.009511,0.957820,0.005245,0.019180,,,0.003713,0.001285,0.001166,,0.000216,,,0.001852,0.000001,,0.000006,,0.000005,,,,,,,,,,,,,
108041108,1.00103e+08,14,千克,0.8562,0.856222,0.022473,0.001695,0.000764,,,0.002352,0.011915,0.000210,,0.000036,,,0.000444,0.000010,,0.000004,,0.000005,0.000003,,,,,0.103867,,,,,,,
109060604,9.98485e+07,14,个,0.8829,0.000086,0.882911,0.002124,0.111934,,,0.000000,0.000015,0.000017,,0.001711,0.000062,,0.000317,0.000361,,0.000423,,0.000000,,,,,,0.000039,,,,,,,
107040199,9.97407e+07,16,千克,0.9666,0.966556,0.007826,0.000385,0.001534,,,0.003987,,0.008046,,0.000138,0.000192,0.006089,0.000184,0.000111,,0.000214,,,0.001558,,,,0.000014,0.002676,,0.000489,,,,,
107010201,9.96948e+07,7,千克,0.9921,0.992141,0.002329,0.005159,,0.000090,,,,,,,0.000001,,,0.000104,,,,,0.000177,,,,,,,,,,,,
109050603,9.95658e+07,16,OTHER,0.4036,0.185838,0.237699,0.001336,0.090984,,0.009645,0.046068,0.403649,0.004230,0.000090,,0.000004,,0.004659,,0.000175,0.000337,,,,,0.000010,,0.015234,0.000041,,,,,,,
107060113,9.8941e+07,15,个,0.5590,0.194495,0.559003,0.002641,0.051002,0.006306,,0.007685,0.030301,0.042725,,0.001466,,0.003016,0.013777,,,0.016134,,0.000051,,,,,0.017020,0.054379,,,,,,,
301030101,9.84721e+07,10,个,0.9188,0.031408,0.918784,0.043736,,,,,0.000538,,0.000038,,0.005096,,0.000010,,0.000156,,,,,,,0.000048,,,0.000186,,,,,,
109022502,9.80699e+07,17,个,0.7519,0.003583,0.751910,0.001195,0.058478,0.000110,,0.009806,0.099669,0.000056,0.010465,0.000035,0.000092,0.000357,0.057310,,,0.000003,0.006369,,,,,,0.000530,0.000036,,,,,,,
104030603,9.80536e+07,10,个,0.7018,0.075585,0.701752,0.002063,0.120547,,,0.004601,0.055112,0.000016,,,,0.031482,,,,,,,,,,,0.008794,0.000049,,,,,,,
109061010,9.80316e+07,7,套,0.5618,0.003826,0.386183,0.000971,0.561841,,,,0.044810,,,,,,0.002350,,,,,,0.000020,,,,,,,,,,,,
106040704,9.78146e+07,11,个,0.9018,0.000166,0.901763,0.002269,0.044258,,,0.000524,0.046470,0.000002,0.000360,0.000002,,,0.004089,,,,,,,,,,0.000098,,,,,,,,
109022811,9.71975e+07,11,个,0.9133,0.012941,0.913281,0.002697,0.057839,,,0.006634,0.003288,0.000371,,,,,0.002811,0.000005,,,,,,,,,0.000062,0.000071,,,,,,,
109022503,9.71074e+07,16,个,0.6920,0.000102,0.692050,0.009633,0.175242,,,0.006220,0.029666,0.041286,,0.000106,0.000257,0.005934,0.038923,0.000001,,0.000004,,,0.000051,,,,0.000031,0.000493,,,,,,,
101011302,9.67671e+07,21,OTHER,0.4373,0.223742,0.186572,0.051492,0.009167,,,0.000833,0.437346,0.000102,0.000158,0.062235,0.000410,0.000000,0.019746,0.000537,0.001147,0.002541,,0.000903,0.000007,,0.000049,,,0.000014,0.000238,0.002761,,,,,
109050602,9.66244e+07,16,个,0.3541,0.127523,0.354078,0.035015,0.115249,,,0.084817,0.114325,0.148718,0.000700,0.000008,0.000107,,0.007140,,,0.000030,,0.000174,0.000171,,,,0.007584,0.004361,,,,,,,
102050512,9.65558e+07,4,千克,0.9987,0.998664,0.000030,,,,,,0.001214,,,,,,,,,,,,,,,,,0.000092,,,,,,,
109020101,9.63913e+07,12,套,0.5179,0.045847,0.301435,0.013887,0.517916,,,0.085099,0.019043,,0.000494,0.000123,,,0.012011,,,,,,0.000355,,,,0.003786,0.000005,,,,,,,
104010701,9.63428e+07,16,个,0.6582,0.060394,0.658247,0.001720,0.013634,0.000048,,0.047745,0.009040,0.001095,,0.000043,,0.187863,0.005794,,,0.005274,,0.000002,0.000002,,,,0.003174,0.005924,,,,,,,
109024302,9.62569e+07,13,个,0.6717,,0.671733,0.000061,0.299755,,,,0.002144,0.000070,,0.004169,,,0.001188,0.000590,,0.001164,,0.000171,0.001214,,,,0.017652,0.000088,,,,,,,
301050602,9.58729e+07,14,千克,0.7480,0.747980,0.050035,0.086855,,0.007251,,0.009256,0.029851,0.004191,0.005606,,0.004333,,0.018893,,0.003468,,,,,,,0.000098,,,,,,0.022119,0.010065,,
109011203,9.58712e+07,6,个,0.9817,0.005456,0.981698,0.000233,0.010033,,,0.002418,0.000162,,,,,,,,,,,,,,,,,,,,,,,,
101010299,9.54874e+07,19,千克,0.9221,0.922083,0.020816,0.001389,0.001292,0.000200,,0.000045,0.010369,0.002021,0.012898,0.001783,,0.008081,0.007442,0.000481,,0.000864,,0.006669,0.001532,,0.000007,,,0.000321,,0.001707,,,,,
101030202,9.52027e+07,7,千克,0.9970,0.996978,0.000552,0.001199,,,,,,0.001161,,0.000002,,,,,,0.000013,,,,,0.000095,,,,,,,,,,
109020813,9.50243e+07,16,个,0.7033,0.001935,0.703263,0.051840,0.120839,,0.000450,0.105327,0.000229,,0.013819,0.000099,0.000023,0.001425,0.000044,0.000000,,,,,0.000204,,,,0.000306,0.000196,,,,,,,
108032401,9.48887e+07,12,千克,0.8341,0.834087,0.117497,0.000042,0.027661,,,0.001456,0.004131,,0.000169,0.000683,,0.014118,0.000127,0.000027,,,,,,,,,,0.000002,,,,,,,
109061610,9.47452e+07,11,个,0.6978,,0.697831,0.003442,0.232547,0.003502,,0.012232,0.011937,0.000564,0.000191,,0.000988,0.014205,0.022559,,,,,,,,,,,,,,,,,,
106040807,9.47313e+07,15,个,0.6464,0.015815,0.646375,0.009860,0.021128,,0.000014,0.007800,0.002387,0.277269,0.000096,0.013979,,,0.004329,0.000223,,0.000712,,0.000011,,,0.000001,,,,,,,,,,
106050212,9.45873e+07,12,副,0.5057,0.050201,0.351070,0.001455,0.060446,,,0.003829,0.003230,,0.001502,,,0.010654,0.011735,,,0.000189,,,,,0.000003,,0.505687,,,,,,,,
109013503,9.43426e+07,15,个,0.7059,0.003770,0.705890,0.020689,0.255902,,,0.000076,0.008547,0.000075,0.000013,0.000333,0.001171,0.000608,0.002423,,,0.000002,,,,,,,0.000001,0.000498,,,,,,,
102040108,9.38122e+07,11,千克,0.9876,0.987573,0.000968,0.002842,0.000177,,,,0.000340,0.002412,,0.000011,,0.000941,0.004549,,,0.000177,,,,,,,,0.000010,,,,,,,
109031202,9.31132e+07,5,个,0.9919,0.002141,0.991896,0.005138,0.000486,,,,,,,,,,,,,,,,,,,,0.000339,,,,,,,,
105010102,9.30817e+07,17,立方米,0.4184,0.056092,0.359473,0.018808,0.048723,0.418376,,0.015134,0.012582,0.002858,,0.000002,0.000235,0.052257,0.014306,0.000834,,0.000004,,,0.000059,,,,0.000137,0.000120,,,,,,,
107021699,9.29811e+07,13,千克,0.8767,0.876724,0.000733,0.000630,0.102267,0.000019,,,0.000204,0.000051,,0.008715,,,0.001086,0.006872,,0.000875,,0.001413,0.000411,,,,,,,,,,,,
108012004,9.27177e+07,19,个,0.6208,0.038203,0.620752,0.001540,0.066412,0.002245,,0.222585,0.026025,0.000003,,0.000009,0.000065,0.006847,0.012400,0.000045,,0.000109,,0.000000,0.000001,,,,0.000258,0.002485,,0.000017,,,,,
109024203,9.26464e+07,11,套,0.6617,0.000874,0.245332,0.000161,0.661719,,,0.000949,0.090234,,,0.000182,,,,0.000259,,0.000016,,,,,,,0.000071,0.000203,,,,,,,
109042406,9.25105e+07,13,个,0.4956,0.080230,0.495645,0.006578,0.070499,,,0.009269,0.113011,0.219215,,0.000005,0.000059,,0.004323,,0.001106,0.000001,,,,,,,,0.000059,,,,,,,
101040600,9.21093e+07,14,千克,0.7799,0.779913,0.020957,0.023933,,,,,0.007056,0.024602,,0.025730,,,0.013764,0.001761,,0.011610,,0.087099,0.000581,,0.002761,,,0.000000,,0.000231,,,,,
107030119,9.13158e+07,18,瓶,0.5467,0.085284,0.165310,0.000287,0.009385,0.001993,0.000077,0.002405,0.012049,0.016738,,0.112453,0.000048,,0.000186,0.546670,,0.007792,,0.013938,0.024690,,,,,0.000164,,0.000530,,,,,
109022810,9.12713e+07,10,个,0.4652,0.052091,0.465241,0.000060,0.428838,,,0.000098,0.052671,0.000010,,0.000135,,,0.000849,,,,,,,,,,,0.000007,,,,,,,
109060510,9.11059e+07,15,个,0.5941,0.000178,0.594101,0.004524,0.356584,,,0.000278,0.010298,0.000020,,0.002329,0.000297,,0.028106,0.003185,,0.000068,,0.000005,0.000018,0.000009,,,,,,,,,,,
108041104,9.09389e+07,14,千克,0.8433,0.843280,0.098732,0.007308,0.001288,0.006950,,0.016689,0.010812,0.000443,,0.000089,,,0.000547,,,0.001203,,0.000033,,,,,0.000038,0.012589,,,,,,,
109062703,9.09105e+07,18,个,0.9177,0.000969,0.917677,0.004751,0.043575,,,0.000009,0.016419,0.000615,0.000117,0.014766,0.000011,,0.000228,0.000014,,0.000478,,0.000308,0.000004,,0.000003,,0.000009,0.000048,,,,,,,
109024613,9.0755e+07,14,个,0.7113,0.041765,0.711320,0.001660,0.195490,0.000207,,0.000614,0.000864,,,0.002442,0.000001,,,0.037545,0.000002,,,,0.000340,,,,0.007248,0.000502,,,,,,,
109011605,9.062e+07,9,套,0.5130,0.049403,0.350355,0.066175,0.513039,,,0.001185,,,0.000004,,,,0.000075,,,,,,0.000046,,,,0.019719,,,,,,,,
105010502,9.04311e+07,16,个,0.4264,0.015070,0.426444,0.038279,0.048640,0.140261,,0.075610,0.027751,0.000361,0.000023,0.000014,0.002042,0.212423,0.011052,0.000195,,0.000000,,,,,,,0.001835,,,,,,,,
108012103,9.03863e+07,15,套,0.5431,0.007253,0.417042,0.002147,0.543115,,,0.000377,0.011367,0.000717,,0.000056,,,0.017212,0.000050,,0.000059,,0.000001,0.000020,0.000011,,,0.000574,,,,,,,,
107050802,8.95779e+07,18,个,0.4255,0.009200,0.425527,0.040657,0.324240,,,0.060275,0.121168,0.000321,0.000049,0.000897,,0.012994,0.000434,0.000023,,0.002069,,0.000400,,,0.000090,,0.001366,0.000279,,0.000010,,,,,
109011108,8.951e+07,15,个,0.7084,0.003763,0.708445,0.004094,0.243429,0.000051,,0.007219,0.001715,,0.000088,0.000006,0.000303,,0.023828,,0.006297,,,,0.000019,,,,0.000647,0.000095,,,,,,,
106050205,8.93923e+07,17,个,0.4065,0.317586,0.406465,0.005294,0.174855,,,0.012196,0.031680,0.002464,0.001119,0.000016,0.000024,0.000547,0.045549,0.000009,,0.000874,,,0.000015,,,,0.001245,0.000064,,,,,,,
106030200,8.86571e+07,18,个,0.6015,,0.601471,0.123187,0.124059,,,0.000799,0.035957,0.000000,0.000597,0.025464,0.001847,0.000012,0.085585,0.000059,,0.000010,,0.000006,0.000001,,0.000145,,0.000005,0.000795,,,,,,,
106041009,8.84923e+07,14,副,0.6734,0.030819,0.167062,0.006769,0.054667,,,,0.002857,0.028910,,0.033763,,,0.001082,0.000020,,0.000590,,0.000067,0.000028,,,,0.673358,0.000008,,,,,,,
109020604,8.84744e+07,10,个,0.5382,0.442475,0.538188,0.000096,0.016678,,,0.000137,0.000633,,,,,,0.000147,0.000008,0.001581,,,,,,,,,0.000057,,,,,,,
106040401,8.84001e+07,19,瓶,0.2676,0.263863,0.168745,0.005073,0.025082,0.135428,,,0.066598,0.009337,0.000002,0.036020,,,0.003275,0.267600,0.000012,0.001030,,0.005630,0.011945,0.000052,,,0.000012,0.000192,,0.000103,,,,,
109011606,8.83419e+07,15,个,0.6928,0.137063,0.692776,0.007854,0.119145,,,0.008892,0.027318,0.003432,0.000622,0.000042,0.000384,,0.001392,0.000375,,0.000001,,,0.000403,,,,0.000302,,,,,,,,
104010405,8.78832e+07,15,千克,0.5902,0.590205,0.062818,0.005069,0.014352,,,0.239979,0.006000,0.000021,,0.000519,,0.079036,0.001173,0.000000,,0.000021,,0.000001,,,,,0.000089,0.000717,,,,,,,
106010401,8.78539e+07,21,千克,0.4927,0.492709,0.237892,0.006206,0.020060,,,0.003692,0.186858,0.013315,0.000320,0.002659,0.000606,0.006592,0.004441,0.000014,,0.010619,,0.001058,0.000074,,0.000911,0.000007,0.000002,0.004833,,,,,,0.007132,
107021415,8.78043e+07,11,千克,0.9052,0.905192,0.042918,0.010461,,0.004234,,,0.004746,0.000162,,,,,,0.001129,,0.000483,,0.008691,0.021946,,,,,,,0.000039,,,,,
306010100,8.75808e+07,11,UNKNOWN,0.5704,0.076193,0.006569,0.570450,,,,,0.001792,,0.000013,,0.065453,,0.005541,,0.001403,,,,,0.003402,0.015889,0.253296,,,,,,,,,
101011903,8.74284e+07,14,千克,0.9679,0.967857,0.003568,0.000028,,0.000055,,,0.000142,0.002626,,0.005918,,,0.000061,0.007899,,0.000000,,0.000002,0.011711,,0.000133,,,0.000001,,,,,,,
106041099,8.71611e+07,13,个,0.9209,0.009500,0.920896,0.002478,0.023285,,,,0.000033,,,0.000188,0.000011,0.000736,0.000652,0.000002,,0.000000,,0.000005,,,,,0.042214,,,,,,,,
106020502,8.70642e+07,15,套,0.7158,0.016503,0.232378,0.001065,0.715845,,0.000076,0.001809,0.019553,0.000008,,0.006595,,,0.005925,0.000002,,0.000146,,,0.000025,,0.000046,,0.000024,,,,,,,,
103011403,8.68622e+07,13,个,0.4074,0.052336,0.407371,0.025302,0.008227,,,,0.037343,0.050204,,0.375044,,,0.002464,0.000140,,0.015102,,0.021403,,,0.001601,,,,,0.003463,,,,,
109022814,8.6701e+07,12,个,0.6368,0.000169,0.636788,0.010560,0.329738,,,0.002631,0.000073,,,,0.000009,,0.010657,,0.000923,,,,0.000150,,,,0.007981,0.000321,,,,,,,
101030308,8.60571e+07,17,千克,0.9767,0.976663,0.020887,0.000015,0.000107,,,0.000485,0.000649,0.000036,,0.000412,,0.000007,0.000038,0.000007,,0.000019,,0.000613,0.000016,,,,0.000040,0.000004,,0.000001,,,,,
109010702,8.54396e+07,20,个,0.9524,0.012716,0.952413,0.003071,0.016685,,,0.000105,0.001075,0.000277,0.005587,0.000276,0.000026,0.000370,0.000693,0.000746,0.002054,0.001221,,0.000217,0.000012,,,,0.000758,0.001662,,0.000035,,,,,
109032702,8.54218e+07,18,个,0.2976,0.003330,0.297551,0.038822,0.294644,,,0.026447,0.056685,,0.009300,0.006598,0.000647,0.062444,0.035834,0.000245,,0.000770,,0.009608,0.000021,,0.000002,,0.155782,0.001271,,,,,,,
109061011,8.52305e+07,15,个,0.5561,0.208454,0.556077,0.004085,0.098673,,,0.001911,0.053944,0.000339,,0.000009,0.000104,,0.003807,0.000001,,,,0.000082,,,0.000051,,0.072459,0.000004,,,,,,,
304040102,8.51723e+07,13,UNKNOWN,0.6661,0.004920,0.008102,0.666092,0.001923,,,0.007356,0.064714,,0.014366,,0.117162,,0.086061,,0.017609,,,,,0.000008,,,,,,,0.000164,0.011523,,,
105010703,8.50372e+07,17,个,0.5465,0.058766,0.546483,0.001784,0.004191,0.158656,,0.015867,0.102428,0.046557,,0.009378,0.000005,0.036687,0.010059,,,0.000988,,0.000021,0.000002,,,,0.006427,0.001700,,,,,,,
107030211,8.48921e+07,14,盒,0.8206,0.001460,0.091328,0.000041,0.000362,,,,0.066764,,,0.820558,,,0.001017,0.015212,,0.001983,,0.001086,0.000027,,,,0.000003,0.000069,,0.000090,,,,,
105011001,8.4515e+07,19,个,0.6102,0.038874,0.610222,0.013021,0.002954,0.018951,,0.000045,0.010179,0.002845,0.006247,0.026930,,0.076964,0.137361,0.000044,,0.036846,,0.016241,0.000178,,0.002089,,0.000004,0.000003,,,,,,,
105010402,8.44957e+07,11,平方米,0.4471,0.000527,0.344118,0.014287,0.004698,0.129316,,0.001984,0.053817,,,,0.000132,0.447114,0.003756,,,,,,,,,,0.000251,,,,,,,,
109022404,8.44587e+07,16,个,0.7809,0.031194,0.780850,0.000147,0.117183,,,0.000172,0.003233,,,0.049209,0.000416,,0.000277,0.006818,,0.000052,,0.002889,0.000097,0.000139,,,0.005868,0.001458,,,,,,,
108012299,8.42408e+07,19,千克,0.6757,0.675690,0.131989,0.033478,0.061214,0.033594,,0.012469,0.003759,,0.000093,0.000398,0.007056,0.000980,0.030805,0.000037,0.002985,0.000765,,,0.002923,,,,0.000856,0.000012,,,,,0.000899,,
102020699,8.39887e+07,19,千克,0.8087,0.808692,0.051993,0.000815,0.000987,0.111640,,0.000002,0.003602,0.000481,,0.000008,0.000016,0.000305,0.004430,0.000082,,0.000067,,0.000001,0.016411,,,,0.000381,0.000029,,0.000058,,,,,
107020701,8.39517e+07,16,千克,0.8597,0.859654,0.068275,0.008242,0.000233,0.000193,,,0.009656,0.004712,,0.002762,,,0.000137,0.044360,,0.000329,,0.000779,0.000219,,,0.000133,,0.000008,,0.000309,,,,,
109061809,8.37213e+07,9,个,0.7814,0.001385,0.781372,0.001646,0.189792,,,,0.000966,,,0.004198,,,0.020620,,,0.000013,,0.000007,,,,,,,,,,,,,
109023002,8.36522e+07,16,个,0.7463,0.001814,0.746264,0.004701,0.205037,,,0.002226,0.003180,0.003140,,0.000937,0.000014,0.024045,0.002310,0.000191,,0.000027,,,0.000037,,,,0.004841,0.001234,,,,,,,
109012801,8.36276e+07,20,个,0.3888,0.088156,0.388827,0.008837,0.263859,0.035300,,0.000761,0.002117,,0.012232,0.000009,0.000014,0.000619,0.006320,0.183568,0.000180,0.000303,,,0.000273,0.000028,,,0.000035,0.000726,,0.007836,,,,,
106051001,8.35654e+07,18,套,0.3886,0.018816,0.155142,0.021890,0.388569,,,0.000120,0.005905,0.004201,0.019020,0.000007,0.014693,0.009886,0.361726,0.000007,,0.000003,,0.000005,0.000001,,,,0.000002,0.000007,,,,,,,
108032414,8.35592e+07,2,千克,0.9996,0.999563,0.000437,,,,,,,,,,,,,,,,,,,,,,,,,,,,,,
109010513,8.31261e+07,12,个,0.9594,,0.959408,0.002645,0.031149,0.000025,,0.001257,0.000091,,0.000127,,0.000051,,0.005049,,,0.000001,,,0.000184,,,,0.000014,,,,,,,,
102049901,8.30604e+07,13,千克,0.9638,0.963776,0.018454,0.000110,0.015148,,,,0.000357,,,0.000029,0.000004,0.001488,0.000496,0.000037,,0.000037,,,0.000009,,,,0.000055,,,,,,,,
107021807,8.29797e+07,10,个,0.7144,0.000977,0.714372,0.000670,0.007266,,,,0.002643,0.000009,,0.001303,,,0.008120,,,0.000026,,,0.264614,,,,,,,,,,,,
109022401,8.26047e+07,18,个,0.4656,0.057832,0.465561,0.000326,0.443846,0.001534,,0.000760,0.007761,0.000113,0.008390,0.000254,0.000174,,,0.001201,,0.000016,,0.004659,0.000336,,,,0.007139,0.000021,,0.000077,,,,,
103010405,8.19938e+07,13,箱,0.8471,0.116896,0.017838,0.000004,0.001498,,,,0.003223,0.847054,,0.000069,,,0.000116,0.000004,,0.000048,,0.006869,0.000047,,,,,,,0.006333,,,,,
304010403,8.18654e+07,15,UNKNOWN,0.5901,0.035046,0.045952,0.590094,0.096062,,,0.031193,0.030731,,0.096989,,0.042224,0.001712,0.008908,,0.007164,,,,,0.005568,0.000440,0.007732,,,0.000185,,,,,,
109060308,8.17633e+07,17,个,0.5359,0.003119,0.535933,0.037157,0.405420,0.000127,,0.000228,0.001464,,0.000363,0.006680,0.002226,,0.000866,0.005130,,0.000918,,0.000039,0.000028,,,,0.000283,0.000021,,,,,,,
103011102,8.16744e+07,14,箱,0.4966,0.219522,0.028883,0.004315,0.000571,,,,0.021472,0.496607,,0.032834,,,0.000183,0.068699,,0.008486,,0.023293,0.075954,,0.000202,,,,,0.018979,,,,,
108010705,8.14332e+07,19,千克,0.6070,0.606999,0.071466,0.003510,0.001421,0.060847,,0.002337,0.023566,0.000155,0.000217,0.000165,,0.209327,0.002626,0.000729,,0.014048,,0.000054,0.002371,,,,0.000002,0.000010,,,,,0.000148,,
109061401,8.12929e+07,16,个,0.5587,0.002019,0.558666,0.074767,0.227717,,0.037941,0.000800,0.003416,,0.002952,0.000275,,0.000286,0.089859,0.001038,,0.000137,,,0.000022,,0.000066,,0.000039,,,,,,,,
108032413,8.12021e+07,4,千克,0.7850,0.785042,0.066770,,0.002364,,,,0.145824,,,,,,,,,,,,,,,,,,,,,,,,
109010499,8.08963e+07,17,个,0.4418,0.035573,0.441762,0.095161,0.097878,0.017306,0.145151,0.025509,0.127799,0.000091,,0.000012,0.000020,0.000695,0.011262,0.000087,,,,,0.000331,,,,0.000579,0.000783,,,,,,,
105010601,8.06414e+07,20,个,0.7151,0.024476,0.715091,0.007468,0.181557,0.002273,,0.008830,0.007134,0.005043,0.000071,0.000376,0.000126,0.001781,0.035054,0.000012,,0.000118,,0.000015,0.000236,,,,0.001048,0.000007,,,,,,0.009285,
101011602,8.05281e+07,17,千克,0.7505,0.750523,0.018615,0.008762,0.001828,,,0.000001,0.007151,0.053488,0.000055,0.011594,,,0.015065,0.018840,0.000671,0.085070,,0.013749,0.012461,,0.000424,,,,,0.001704,,,,,
109023204,8.04061e+07,13,个,0.5062,0.001296,0.506180,0.012683,0.097466,,,0.002898,0.365167,,0.000226,0.000149,,,0.001455,0.000009,,,,0.000065,,,,,0.000344,0.012060,,,,,,,
103011303,8.03839e+07,13,千克,0.5317,0.531702,0.025465,0.001904,0.000000,,,,0.022208,0.106996,,0.009548,,,0.038826,0.010495,,0.053891,,0.198836,,,0.000017,,,,,0.000113,,,,,
106040301,8.03294e+07,18,千克,0.3498,0.349818,0.294445,0.018867,0.262660,,,0.000547,0.014930,0.002703,0.001037,0.005268,,0.026431,0.018596,0.000123,,0.000298,,0.000010,0.000179,,0.000034,,0.004052,0.000001,,,,,,,
106051211,8.03266e+07,16,个,0.4479,0.010608,0.447909,0.020272,0.254378,,,0.000030,0.001410,0.000168,,0.013899,,,0.002088,0.237623,,0.007403,,0.004169,0.000027,,,,0.000016,0.000001,,0.000001,,,,,
109024307,8.02255e+07,14,个,0.8224,0.002491,0.822400,0.001755,0.027442,,,,0.077444,0.000054,,0.038881,,,0.000133,0.001094,,0.000202,,0.027069,,,,,0.000923,0.000107,,0.000005,,,,,
109032301,8.02101e+07,8,个,0.9152,,0.915173,0.000385,0.005755,,,0.021174,0.011646,,,,0.000742,0.044383,0.000742,,,,,,,,,,,,,,,,,,
109051405,8.01302e+07,16,个,0.5449,0.000151,0.544943,0.000265,0.439899,,,0.005379,0.003963,,0.001346,0.000275,0.000075,0.000026,0.001562,0.000020,,0.000001,,,0.001060,,,,0.001034,0.000003,,,,,,,
104010601,8.00948e+07,17,个,0.7255,0.158942,0.725546,0.019350,0.003386,,,0.040767,0.006904,0.012205,,0.000718,,0.015459,0.006363,0.000053,,0.009141,,0.000420,,,0.000058,,0.000045,0.000640,,0.000003,,,,,
106040701,7.97729e+07,14,个,0.8295,0.000878,0.829547,0.037928,0.108875,,,0.000032,0.000819,0.000000,0.000339,0.000220,,,0.020263,0.000001,,0.000002,,,,,,,0.001037,0.000058,,,,,,,
109061612,7.967e+07,19,个,0.7199,0.000403,0.719898,0.005934,0.237739,,0.000030,0.000766,0.020481,0.000620,0.000044,0.003001,0.000127,,0.000679,0.001571,0.001259,0.000081,,0.000142,,,,,0.000532,0.000316,,,0.006376,,,,
108011700,7.87586e+07,12,个,0.9177,0.008411,0.917745,0.001184,0.001686,0.001361,,0.067714,0.000839,,,0.000001,,0.000550,,,,0.000060,,,,,,,0.000426,0.000023,,,,,,,
109060509,7.87514e+07,16,个,0.7001,0.000058,0.700135,0.004698,0.282628,,,0.000080,0.007663,,0.000031,0.000172,0.000114,,0.000840,0.001525,,0.000126,,,0.000067,,,,0.000588,0.001205,,0.000071,,,,,
109061007,7.82327e+07,13,个,0.7763,0.007829,0.776327,0.002738,0.035250,,,0.000040,0.053452,,0.031179,,0.083483,0.005266,0.002754,,,,,,0.000323,,,0.001278,0.000080,,,,,,,,
106051099,7.81136e+07,18,箱,0.6150,0.055263,0.134610,0.046896,0.136273,0.000068,,0.002314,0.002041,0.615021,0.000022,0.000029,,0.003195,0.000057,0.000418,,0.003640,,,0.000031,,0.000060,,0.000006,0.000058,,,,,,,
103020704,7.76916e+07,15,千克,0.8949,0.894939,0.008798,0.000602,0.001365,,,0.000038,0.047285,0.014379,,0.006256,,,0.000664,0.016119,,0.000150,,0.007407,0.000970,,,,,0.000006,,0.001025,,,,,
106010301,7.71325e+07,20,平方米,0.3099,0.216472,0.265353,0.002010,0.013813,0.000824,,0.004941,0.006281,0.023573,,0.004126,,0.309867,0.005776,0.000003,,0.001599,,0.000001,0.000011,,0.000004,,0.000001,0.120552,,0.000015,,,,0.024779,
102051102,7.71033e+07,12,个,0.5245,0.083002,0.524503,0.006240,0.000528,,,0.001209,0.000279,,,0.000001,,,0.383901,0.000030,,,,,0.000247,,,,,0.000059,,0.000002,,,,,
301050201,7.67727e+07,13,千克,0.6890,0.689033,0.060974,0.161175,0.000070,0.013078,,,0.011682,0.022952,0.000001,,0.002627,,0.015556,,0.000022,,,,,,,,,,,,,0.000122,0.022707,,
109021103,7.67523e+07,17,副,0.3799,0.019852,0.161309,0.002781,0.184534,0.001334,,0.001427,0.007099,0.000053,,0.000116,0.000046,0.196026,0.045474,0.000024,,0.000027,,0.000005,,,,,0.379883,0.000008,,,,,,,
109022302,7.61632e+07,7,个,0.4756,,0.475614,0.254301,0.036192,,,,0.021702,,0.083400,0.000213,,,0.128577,,,,,,,,,,,,,,,,,,
109061904,7.61278e+07,11,个,0.8972,0.001171,0.897178,0.008617,0.071102,,,,0.004771,0.000048,,0.000781,,,0.000313,0.000015,,,,0.008593,,,,,0.007411,,,,,,,,
109013401,7.59053e+07,21,个,0.7058,0.008425,0.705798,0.005536,0.154373,0.002809,,0.000405,0.043570,0.000704,0.000521,0.050072,0.010305,0.001067,0.001803,0.012063,,0.000593,,0.000047,0.001728,,,0.000007,0.000019,0.000031,,0.000123,,,,,
303020400,7.5836e+07,13,UNKNOWN,0.6878,,0.058885,0.687777,0.008926,,,0.000892,0.158233,,0.028328,,0.010215,,0.002267,,0.024492,,,,,0.018751,,0.000002,0.000623,,,,0.000608,,,,
109021804,7.56866e+07,18,个,0.6399,0.014929,0.639927,0.025305,0.099012,,,0.000220,0.005513,0.052338,,0.003241,,0.000975,0.019543,0.003438,0.000221,0.000754,,0.134458,0.000067,,0.000001,,,,0.000036,0.000021,,,,,
103010703,7.53972e+07,15,千克,0.6498,0.649824,0.070694,0.007081,0.003931,,,0.000005,0.004750,0.018765,,0.001299,,,0.000000,0.000288,,0.003619,,0.003429,,,0.000005,,0.236086,,,0.000222,,,,,
109024615,7.52855e+07,14,箱,0.5305,0.000003,0.280813,0.004946,0.104148,,,,0.013654,0.530509,,0.013997,,,0.000555,0.000158,,0.035061,,0.003626,0.000027,,,,0.012417,0.000086,,,,,,,
101030201,7.50313e+07,10,千克,0.9319,0.931922,0.035119,0.003496,0.002531,,,,0.000106,0.004069,,0.012457,,,0.010209,,,0.000046,,0.000045,,,,,,,,,,,,,
109010514,7.49773e+07,13,个,0.6494,0.002041,0.649384,0.002002,0.294403,,,0.029038,0.001344,0.000051,0.000059,,0.000005,,0.001508,,,0.000021,,,,,,,0.016107,0.004038,,,,,,,
109024703,7.45453e+07,13,个,0.8998,,0.899811,0.005681,0.065627,,,0.000041,0.009127,,,0.000661,0.000012,,0.017346,0.000119,,0.000011,,,0.000054,0.000429,,,0.001080,,,,,,,,
109024002,7.44162e+07,12,个,0.9199,0.035397,0.919901,0.000043,0.032709,,,0.002737,0.000091,0.000216,,0.000134,,,0.007092,,,0.000362,,0.001143,,,,,0.000175,,,,,,,,
109060901,7.43564e+07,14,个,0.4608,0.001743,0.460781,0.065313,0.460610,,,0.000536,0.007716,,0.000585,0.001323,0.000110,,0.001196,0.000001,0.000053,,,0.000003,,,0.000030,,,,,,,,,,
105020102,7.40568e+07,17,个,0.7372,0.029381,0.737153,0.002104,0.050898,0.058546,,0.006324,0.074160,0.004512,,0.000045,,0.035614,0.000811,0.000009,,0.000312,,0.000007,0.000083,,,,0.000026,0.000015,,,,,,,
102050303,7.38628e+07,12,千克,0.8378,0.837849,0.125153,,0.013394,,,0.003564,0.000572,0.002999,,,,0.016369,0.000003,0.000006,,0.000003,,,,,,,0.000084,0.000003,,,,,,,
109031804,7.37496e+07,12,批,0.5664,,0.019731,0.126679,0.013262,,,0.000844,0.262808,,0.008432,0.000390,0.000889,0.000569,0.566369,0.000008,,,,,,,,,,0.000017,,,,,,,
106050401,7.3737e+07,19,个,0.3842,0.107187,0.384177,0.024009,0.106441,,,0.001164,0.066837,0.076026,0.000005,0.096339,0.000430,0.034637,0.065313,0.000109,,0.036409,,0.000078,0.000082,,0.000005,,0.000730,0.000022,,,,,,,
107022306,7.36945e+07,10,瓶,0.6718,,0.212604,0.002449,0.077589,,,,0.010716,0.001764,,0.023004,,,0.000079,0.671774,,0.000018,,,,,,,,0.000001,,,,,,,
102040303,7.33686e+07,8,千克,0.9905,0.990463,0.000284,0.000001,0.007605,,,0.000886,0.000058,,,,,,0.000698,0.000004,,,,,,,,,,,,,,,,,
109012604,7.33372e+07,11,套,0.6773,0.094391,0.203134,0.000776,0.677282,,0.015997,0.000625,0.002534,,,,0.000003,,0.004584,0.000625,,,,0.000052,,,,,,,,,,,,,
106020599,7.21397e+07,18,OTHER,0.4625,0.020882,0.369619,0.005209,0.047497,,,0.000001,0.462468,0.008777,0.000014,0.017337,,0.045300,0.001440,,0.000132,0.000007,,0.000010,0.000031,,0.000087,,0.000522,0.020667,,,,,,,
109025305,7.21262e+07,18,个,0.4849,0.028572,0.484948,0.061437,0.304820,0.002129,,0.019019,0.049302,0.002203,0.000118,0.000279,,0.001196,0.036301,0.001188,,0.000036,,0.000208,0.000010,,,,0.006886,0.001349,,,,,,,
109022101,7.19695e+07,14,个,0.7064,0.188233,0.706400,0.001836,0.097113,,,0.000501,0.001331,,,,0.000003,0.000860,0.003194,0.000006,,,,0.000120,0.000030,,,,0.000369,0.000004,,,,,,,
102050514,7.14631e+07,6,千克,0.9982,0.998240,0.000431,,,,,,,0.000001,,,,,0.001038,,,0.000212,,0.000079,,,,,,,,,,,,,
109020807,7.14344e+07,17,个,0.5712,0.017811,0.571219,0.001476,0.340438,0.000025,,0.005185,0.000296,0.000419,,0.000047,,0.036716,0.018088,0.000059,,0.000001,,0.000045,0.000000,,,,0.000285,0.007890,,,,,,,
107021903,7.09906e+07,14,千克,0.6494,0.649358,0.003208,0.001330,0.333433,0.006397,,0.000310,0.000614,0.002171,,0.001374,,,0.000620,0.000174,,0.000097,,0.000198,0.000717,,,,,,,,,,,,
109022205,7.05342e+07,18,个,0.7203,0.047836,0.720312,0.009654,0.172842,,,0.000213,0.001406,0.000316,,0.003014,0.000152,0.015204,0.012118,0.005814,,0.000009,,0.000724,0.001129,,,,0.000524,0.008593,,0.000141,,,,,
108040800,7.04236e+07,18,个,0.4549,0.169056,0.454894,0.025111,0.101108,,,0.006064,0.026962,0.000237,,0.000206,0.000013,0.204494,0.008401,0.000219,,0.000163,,0.000215,0.000133,,,,0.002510,0.000212,,0.000002,,,,,
109021401,7.04178e+07,19,个,0.7730,0.002141,0.772996,0.036792,0.099230,,0.017220,0.000353,0.000292,0.000013,0.013783,0.000086,0.000075,0.003622,0.040369,0.000171,,0.009134,,0.000055,0.000386,,,,0.003274,,,0.000011,,,,,
107020235,7.01588e+07,8,千克,0.9074,0.907439,0.000293,0.089252,0.001059,0.001060,,,0.000467,,,,,,0.000000,0.000430,,,,,,,,,,,,,,,,,
109042303,6.92737e+07,7,OTHER,0.9200,,0.061280,0.001008,0.014780,,,0.000799,0.920005,,,,0.000023,0.002105,,,,,,,,,,,,,,,,,,,
104030602,6.87999e+07,9,个,0.8246,0.022635,0.824571,0.000691,0.008491,,,0.018566,0.026108,0.000050,,,,0.096519,,,,,,,,,,,0.002370,,,,,,,,
107051001,6.84661e+07,18,千克,0.6397,0.639677,0.110943,0.002558,0.050366,0.013577,0.001373,0.039897,0.110157,0.001467,,0.000026,,0.011680,0.008124,0.000337,,0.000469,,0.000402,0.000017,,,,0.000316,0.008616,,,,,,,
106040304,6.83865e+07,16,个,0.7110,0.036731,0.711047,0.007980,0.125990,0.000029,,,0.087928,0.000397,,0.011264,,,0.001268,0.000007,,0.000305,,0.000581,0.000148,,0.000851,,0.015222,0.000254,,,,,,,
109024208,6.83799e+07,12,个,0.5198,,0.519844,0.009533,0.395602,,,0.000027,0.031392,,,0.015069,0.007566,,0.000439,0.000790,,0.000467,,0.017014,,,,,0.002258,,,,,,,,
103011103,6.82711e+07,14,千克,0.6984,0.698404,0.019579,0.000772,0.000054,,,,0.074662,0.105276,,0.000583,,,0.001697,0.092860,,0.000335,,0.000263,0.004316,,0.000017,,,,,0.001182,,,,,
109012806,6.79349e+07,14,立方米,0.4369,0.165702,0.101328,0.001024,0.223365,0.436939,,,0.009072,,0.011627,0.000127,,0.000264,,0.037185,0.001550,0.000088,,,,,,,0.011723,,,0.000006,,,,,
109020811,6.78019e+07,17,个,0.4997,0.195740,0.499706,0.000880,0.034866,,,0.175839,0.000469,0.012938,0.000015,0.000015,,0.014268,0.044602,0.000069,,0.000737,,0.000102,0.000001,,,,0.001162,0.018593,,,,,,,
103030101,6.7627e+07,13,千克,0.5934,0.593373,0.000976,0.003889,,0.000223,,,0.009138,0.008036,,0.000402,0.001369,,0.323151,0.057167,,0.000062,,0.000034,0.002179,,,,,,,,,,,,
109023605,6.75843e+07,10,个,0.7336,0.141549,0.733644,0.005174,0.118577,,,0.000587,0.000438,,,0.000000,,,,,,,,0.000000,0.000012,,,,,0.000018,,,,,,,
109022304,6.73492e+07,13,盒,0.9321,0.001291,0.035814,,0.000781,,,0.000214,0.014861,0.001598,,0.932096,0.000143,0.000332,0.012479,0.000217,,0.000050,,,,,,,,0.000124,,,,,,,
306030201,6.71773e+07,8,单,0.9262,,0.003269,0.069219,,,,,0.000052,,,,0.000557,,0.000354,,,,,,,,0.000292,,,,0.926245,,,0.000012,,,
109042502,6.6995e+07,8,套,0.7338,,0.256276,0.008844,0.733766,,,0.000003,0.000221,,,,,,0.000872,,,,,,,,,,0.000007,0.000011,,,,,,,
108040405,6.69372e+07,14,个,0.6556,0.274334,0.655622,0.015985,0.044701,,,0.000393,0.002141,0.000040,,0.000330,,0.000004,0.006028,0.000016,,0.000002,,,,,,,0.000209,0.000197,,,,,,,
109011702,6.68301e+07,9,个,0.8649,0.029093,0.864850,0.002287,0.095053,,,0.000046,0.000769,,,,,,0.007730,,,,,,,,,,0.000168,0.000004,,,,,,,
107040405,6.66995e+07,8,千克,0.8730,0.872977,0.002395,0.000674,,,,0.053129,0.000014,,,,,0.064376,0.006432,0.000002,,,,,,,,,,,,,,,,,
106040111,6.6385e+07,25,个,0.5716,0.050226,0.571589,0.015879,0.057092,0.000693,,0.002353,0.061522,0.010372,0.000423,0.023232,0.000374,0.005345,0.021562,0.116974,0.000944,0.020500,,0.000155,0.011073,0.000001,0.000053,,0.000544,0.028891,0.000013,0.000161,0.000029,,,,
105010103,6.63719e+07,18,个,0.4221,0.035704,0.422063,0.018265,0.029559,0.417926,,0.008543,0.009651,0.000011,0.008796,0.000487,,0.013744,0.030010,0.000551,,0.000000,,0.000012,0.001001,,,,0.003270,0.000406,,,,,,,
304040701,6.63584e+07,13,千克,0.3683,0.368289,0.004789,0.281469,0.006952,,,,0.036521,,0.000980,,0.005066,0.002573,0.165490,,0.120951,,,,,,,0.005188,,,,,,0.000088,0.001644,,
304050199,6.63043e+07,14,月,0.2763,,0.216885,0.258794,0.005068,0.015323,0.002776,,0.092546,,0.053341,,0.021543,0.010851,0.003735,,0.276291,,,,,0.000512,,0.013529,,,,,0.028805,,,,
109041206,6.5981e+07,11,个,0.6722,0.009793,0.672169,0.000418,0.306849,,0.006960,0.000527,0.001977,,,0.000308,,,,0.000014,,,,,,,,,0.000980,0.000004,,,,,,,
108030900,6.58352e+07,10,千克,0.9910,0.990981,0.000345,0.000547,0.000158,,,0.000021,0.000200,,,0.000001,,,0.006190,0.001550,,,,,,,,,,0.000007,,,,,,,
109021699,6.54931e+07,15,个,0.4707,0.014029,0.470712,0.000520,0.414480,,,0.006528,0.012623,0.000455,,0.000006,0.000415,,0.000024,0.080067,,0.000030,,0.000050,0.000018,,,,0.000041,,,,,,,,
109012703,6.54125e+07,17,个,0.4253,0.008377,0.425341,0.007027,0.247098,0.003363,,0.227466,0.016966,0.003132,0.019309,0.000023,0.000018,0.025215,0.015622,0.000334,,0.000063,,,,,,,0.000267,0.000379,,,,,,,
108032203,6.52609e+07,4,千克,0.9849,0.984895,0.010768,,0.000521,,,,0.003817,,,,,,,,,,,,,,,,,,,,,,,,
101011215,6.51562e+07,17,千克,0.6708,0.670792,0.047089,0.057046,0.001004,,,,0.002812,0.005450,0.000384,0.013259,0.000127,,0.126952,0.003694,,0.013920,,0.051409,0.000043,,0.000208,,,0.000722,,0.005088,,,,,
109030701,6.50826e+07,10,个,0.9711,0.001672,0.971054,0.021424,0.004915,,,0.000008,0.000777,,0.000004,,0.000137,,,,,0.000001,,,,,,,0.000008,,,,,,,,
109060305,6.50128e+07,13,个,0.8009,,0.800940,0.001033,0.188405,,,0.000022,0.004461,,,0.000091,0.000039,,0.003665,0.000006,,0.000006,,,,0.001323,,,0.000007,0.000004,,,,,,,
102049907,6.49711e+07,13,千克,0.8120,0.811970,0.036842,0.000067,0.094297,0.038972,,0.015131,0.000041,0.000005,,0.000068,,0.002560,,0.000033,,,,0.000003,,,,,,0.000011,,,,,,,
108031902,6.46909e+07,5,千克,0.9605,0.960528,0.015235,,,,,,0.021640,,,,,,0.000395,0.002201,,,,,,,,,,,,,,,,,
109024401,6.42148e+07,16,个,0.8427,0.028563,0.842723,0.000058,0.108674,,,0.004115,0.000201,0.009683,,0.000427,,,0.001093,0.001534,,0.001855,,,0.000467,,,,0.000001,0.000492,0.000021,,,,0.000092,,
104020106,6.41929e+07,8,个,0.8641,,0.864139,0.024559,0.097146,,,0.008936,0.000012,,,,,,0.005181,,,,,0.000014,,,,,0.000013,,,,,,,,
109012804,6.39482e+07,16,套,0.5157,0.002968,0.452854,0.003662,0.515657,0.000188,0.001657,0.002575,0.005612,,0.000092,0.004752,0.001653,,0.001050,0.005951,,0.000190,,,0.000910,,,,,0.000230,,,,,,,
103020204,6.36246e+07,14,千克,0.4096,0.409611,0.125382,0.015138,0.020745,,,,0.045536,0.198527,,0.116341,,,0.002344,0.015050,,0.020190,,0.021645,0.008386,,0.000026,,,,,0.001081,,,,,
106020105,6.35307e+07,18,UNKNOWN,0.2812,0.001106,0.264793,0.281248,0.119611,,,0.000807,0.024496,0.000773,0.131716,0.000392,0.009260,0.064914,0.068761,,,0.000796,,,0.000001,0.000006,0.015862,,0.006630,0.008826,,,,,,,
109012405,6.31221e+07,15,个,0.8124,0.066864,0.812356,0.008277,0.104817,,,0.000202,0.005018,,,0.000001,0.000283,,0.000047,0.000054,,0.000015,,0.000020,0.001563,,,,0.000463,0.000020,,,,,,,
108031106,6.30371e+07,4,千克,0.9971,0.997060,0.000227,,,0.001015,,,0.001698,,,,,,,,,,,,,,,,,,,,,,,,
106051214,6.29097e+07,8,千克,0.7202,0.720213,0.000936,,,,,,0.000159,0.000084,,0.277884,,0.000664,,0.000004,,,,0.000056,,,,,,,,,,,,,
109010202,6.27919e+07,18,个,0.7334,0.034514,0.733406,0.010166,0.150426,,,0.000223,0.001578,0.000150,0.023930,0.029354,0.000010,0.000535,0.006199,0.000000,,0.000045,,0.000258,0.001957,,,,0.007197,0.000053,,,,,,,
109023604,6.27572e+07,8,个,0.9903,0.006760,0.990347,0.000103,0.001874,,,0.000000,,,,,,,0.000915,,,,,0.000000,,,,,,,,0.000001,,,,,
106010402,6.25725e+07,16,个,0.7163,0.082656,0.716326,0.035083,0.016284,0.000140,0.004929,0.010146,0.008981,0.001599,,0.000522,,0.085246,0.032513,0.001509,,0.000049,,,,,,,,0.003436,,,,,,0.000582,
109022802,6.25258e+07,11,个,0.6457,0.102079,0.645661,0.043146,0.172897,,,0.008575,0.023647,0.000128,,0.000581,,0.000414,0.002603,,,,,,,,,,0.000269,,,,,,,,
109032102,6.24712e+07,14,套,0.3777,0.000153,0.164713,0.159557,0.377658,,,0.005969,0.124756,0.001352,0.035698,,0.000869,0.030696,0.097931,0.000319,,,,,,,,,0.000044,0.000287,,,,,,,
108011003,6.23144e+07,17,千克,0.2936,0.293566,0.260860,0.010938,0.042076,0.031737,,0.034689,0.072365,0.001041,0.000035,0.000179,,0.230691,0.019852,0.000013,,0.000290,,0.000010,0.001544,,,,,0.000116,,,,,,,
109024508,6.22044e+07,13,个,0.4383,,0.438253,0.002278,0.068802,0.016899,,,0.010281,0.000043,,0.149383,,,0.311803,0.000591,,0.001101,,0.000191,0.000178,,,,0.000197,,,,,,,,
106040112,6.21106e+07,20,个,0.6546,0.089317,0.654559,0.003496,0.127057,0.001770,,0.000484,0.019792,0.003303,,0.069862,0.000008,0.001445,0.019792,0.004620,,0.002087,,0.000929,0.001022,,0.000068,,0.000010,0.000352,,0.000025,,,,,
106040104,6.18979e+07,20,盒,0.3786,0.074154,0.309185,0.005045,0.040778,,,0.000013,0.100952,0.004444,0.000003,0.378567,0.000072,,0.009276,0.000579,,0.050605,,0.001370,0.008001,0.001028,0.000039,,0.000609,0.015187,,,,,,0.000095,
109021004,6.16579e+07,17,个,0.6958,0.049840,0.695823,0.049521,0.071190,0.022486,,0.017151,0.000856,0.000029,,0.000144,0.000994,0.007260,0.047837,0.000018,,,,,0.001231,0.000015,,,0.030707,0.004899,,,,,,,
109013303,6.15833e+07,20,个,0.6909,0.079312,0.690854,0.002106,0.186130,0.000616,,0.000261,0.008880,0.000083,0.000076,0.000000,0.001151,0.002189,0.012839,0.002647,,0.000836,,0.000061,0.011401,,,,0.000015,0.000136,,0.000407,,,,,
102050301,6.11589e+07,17,千克,0.8057,0.805724,0.144751,0.013643,0.004969,0.004474,,0.000264,0.001416,0.004738,,0.000026,,0.005547,0.008873,0.000009,,0.002484,,0.002359,0.000037,,,,,0.000680,,0.000005,,,,,
107021615,6.10188e+07,3,千克,0.9988,0.998817,,,,0.001180,,,,,,,,,,,,0.000003,,,,,,,,,,,,,,,
102040104,6.06486e+07,5,千克,0.9951,0.995092,0.002915,,0.000970,,,,0.000732,,,0.000291,,,,,,,,,,,,,,,,,,,,,
106040999,6.05941e+07,12,套,0.7741,0.000376,0.188740,0.012185,0.774133,,,0.003029,0.000691,,0.001122,,,0.007387,0.010580,,,,,0.001431,0.000106,,,,0.000220,,,,,,,,
109023211,6.02387e+07,13,个,0.6819,0.000289,0.681939,0.029849,0.284358,,,0.000014,0.000010,,0.000605,0.000008,0.000188,,0.002344,0.000286,0.000108,,,,,,,,,0.000001,,,,,,,
109032200,6.00736e+07,9,千克,0.3250,0.324976,0.209273,0.009742,0.101657,,,0.000136,0.130299,,,,0.000806,,0.223079,,,,,,,,,,0.000033,,,,,,,,
302010102,5.97134e+07,14,UNKNOWN,0.6928,0.019138,0.045349,0.692834,0.000035,,,,0.019081,,0.000288,,0.029191,,0.093943,,0.088961,,,,,0.000369,0.000831,0.000335,,,0.000222,,,0.009421,,,
103011205,5.93708e+07,15,千克,0.5021,0.502123,0.040449,0.031249,0.000018,,,0.000093,0.001492,0.087513,,0.001236,,,0.003959,0.000108,,0.074443,,0.257282,0.000003,,0.000032,,,,,0.000002,,,,,
109021502,5.92817e+07,16,套,0.4879,0.001334,0.268337,0.035777,0.487876,,,,0.039798,0.070079,,0.049678,0.000034,,0.000254,0.015856,,0.002689,,0.019824,0.002614,,0.000306,,,0.000092,,0.005453,,,,,
104010803,5.89955e+07,14,个,0.3245,0.107077,0.324482,0.010946,0.308133,,,0.026080,0.030901,0.000055,,,0.000005,0.161082,0.016623,,,0.000191,,,0.000017,,,,0.000169,0.014240,,,,,,,
109023803,5.88157e+07,9,套,0.5942,0.000039,0.404156,0.000096,0.594237,0.000253,,0.000961,0.000214,,,,,,0.000033,,,,,,,,,,,0.000010,,,,,,,
109042602,5.87989e+07,15,个,0.5986,0.046988,0.598601,0.001536,0.334439,,,0.000119,0.001204,,0.004264,0.000212,0.000009,,0.010142,0.001086,,0.000048,,,0.001329,,,,0.000019,0.000004,,,,,,,
104010304,5.86157e+07,12,千米,0.8180,0.047576,0.044904,0.073057,0.010240,,,0.817974,0.000257,,,0.002848,,0.000312,,,,0.000498,,0.000005,,,,,0.000026,0.002302,,,,,,,
301990100,5.84417e+07,14,UNKNOWN,0.6112,0.237535,0.047010,0.611190,,,,0.000236,0.064677,,0.002595,,0.005800,,0.022697,,0.003538,0.000065,,,,,,0.003120,,0.000669,,,,0.000007,0.000861,,
106040110,5.83788e+07,17,个,0.3791,0.271641,0.379095,0.001819,0.017477,,,0.001887,0.054741,0.008645,0.000076,0.237239,,0.002067,0.000191,0.005491,,0.001690,,0.000391,0.005500,,,,,0.011498,,0.000552,,,,,
109060503,5.83613e+07,15,个,0.4932,0.007675,0.493157,0.002703,0.245387,,,0.000366,0.248649,0.000031,,0.000678,,,0.000004,0.000112,,0.000274,,0.000004,0.000004,0.000902,,,,0.000056,,,,,,,
106050801,5.82492e+07,15,个,0.5124,0.095234,0.512356,0.088495,0.196204,,,,0.004684,0.011828,,0.064484,,0.009956,0.016368,0.000035,,0.000004,,0.000003,,,0.000163,,0.000009,,,0.000178,,,,,
109042504,5.82411e+07,11,个,0.9016,0.003460,0.901581,0.002595,0.068323,,,0.000073,0.019699,,,,,,0.001776,0.000016,,0.000004,,,0.000113,,,,0.002360,,,,,,,,
109061008,5.82102e+07,10,套,0.4987,0.000819,0.460588,0.032799,0.498670,,,,0.005482,,,,,,0.000223,,0.000536,,,,,0.000710,,,0.000146,0.000027,,,,,,,
109011104,5.79924e+07,11,个,0.6813,0.024004,0.681300,0.006922,0.274337,,0.000077,0.000046,0.013224,0.000037,,0.000002,,,,,,0.000003,,,,,,,0.000046,,,,,,,,
109040306,5.79855e+07,6,个,0.9942,,0.994217,0.003614,0.001764,,,,,,,,,,0.000356,0.000039,,0.000010,,,,,,,,,,,,,,,
105010701,5.78322e+07,15,个,0.4819,0.017407,0.481870,0.006338,0.080428,0.351801,,0.007650,0.001610,0.003180,0.000176,0.000151,,0.047856,0.000189,,,0.000009,,,,,,,0.000009,0.001324,,,,,,,
109060508,5.77153e+07,7,个,0.7499,,0.749939,0.000004,0.247000,,,,,0.000476,,,0.002272,,0.000110,,,,,,,,,,,0.000198,,,,,,,
109061402,5.7711e+07,5,UNKNOWN,0.6991,0.000118,0.234627,0.699110,0.066089,,,,0.000056,,,,,,,,,,,,,,,,,,,,,,,,
104011303,5.76936e+07,12,千克,0.5528,0.552810,0.088156,0.001282,0.000007,,,0.349441,0.002523,0.000247,,0.000001,,0.004121,0.001159,,,0.000003,,,,,,,,0.000250,,,,,,,
106051006,5.71857e+07,16,个,0.6658,0.088372,0.665837,0.006416,0.112694,,,0.064940,0.055472,0.000455,,0.000261,0.000736,0.000132,0.004267,,,0.000105,,0.000002,0.000000,,,,0.000087,0.000223,,,,,,,
109021803,5.62703e+07,15,套,0.6199,0.014712,0.352992,0.000013,0.619941,0.000044,,0.000358,0.000239,0.000064,,0.003663,0.000462,,0.000586,0.000019,,0.000010,,,0.005897,,,,0.001000,,,,,,,,
108041802,5.61241e+07,17,个,0.4355,0.000206,0.435462,0.003509,0.084275,0.000134,,0.402835,0.023410,,0.002316,0.000403,,0.037152,0.009546,0.000011,,0.000002,,,0.000006,,0.000432,,0.000248,0.000053,,,,,,,
107030708,5.59766e+07,13,个,0.5567,0.000959,0.556697,0.047589,0.005559,,,,0.030559,0.000323,,0.273043,,,0.000055,0.084773,,0.000182,,0.000229,,,,,,0.000016,,0.000016,,,,,
107030117,5.59721e+07,8,千克,0.9805,0.980478,0.003908,,,,,,0.000491,,,0.014671,,,,0.000417,,0.000004,,0.000029,,,,,,,,0.000003,,,,,
109024209,5.5768e+07,14,个,0.5524,0.006921,0.552416,0.005767,0.367272,,,,0.027050,,,0.025939,0.000052,,0.007026,0.002354,,0.000853,,0.003338,,0.000562,,,0.000439,,,0.000010,,,,,
109050105,5.53533e+07,15,个,0.4564,0.000322,0.456383,0.006316,0.409032,0.001660,0.002768,0.021332,0.050927,0.004060,0.001064,0.000000,0.000289,,0.045046,,,0.000002,,,,,,,0.000799,,,,,,,,
304070303,5.52772e+07,12,UNKNOWN,0.5657,,0.277734,0.565729,0.004362,,,,0.017968,,0.006617,,0.011914,,0.096229,,0.010129,,,,,0.002724,0.001447,0.004164,,,,,0.000981,,,,
104010904,5.50544e+07,16,千克,0.3724,0.372358,0.309683,0.003352,0.085170,,,0.089573,0.008423,0.000012,,0.000203,0.000008,0.018716,0.005432,,,0.075390,,0.004609,0.000066,,,,0.014980,0.012027,,,,,,,
109040303,5.48328e+07,7,个,0.8265,0.005773,0.826497,0.000678,0.166296,,,,0.000126,,,,,,0.000612,,,,,,,,,0.000018,,,,,,,,,
103020599,5.47285e+07,13,箱,0.5128,0.101112,0.088192,0.007767,0.021931,,,,0.015094,0.512835,,0.021945,,,,0.029276,,0.148809,,0.013169,0.000658,,0.000001,,,,,0.039212,,,,,
109030102,5.42427e+07,12,个,0.7916,0.023471,0.791616,0.017996,0.123339,,,0.010368,0.021826,,,,,0.006636,0.003455,0.000001,,,,,0.000455,,,,0.000289,0.000549,,,,,,,
101011209,5.419e+07,14,千克,0.9266,0.926621,0.012156,0.001873,0.001223,,,,0.003876,0.005149,,0.005628,,,0.000013,0.000469,,0.003961,,0.038292,0.000404,,0.000066,,,,,0.000271,,,,,
109025308,5.41386e+07,12,套,0.6792,,0.296755,0.005157,0.679211,,,,0.000001,0.002494,,0.001144,,,0.014890,0.000016,,0.000296,,0.000030,,,,,,0.000005,,0.000001,,,,,
106050305,5.40742e+07,10,千克,0.9910,0.990972,0.004703,,0.000427,0.000056,,0.000034,,,,,,0.000313,0.000042,0.000012,,,,,0.003433,,,,,,,0.000008,,,,,
110020102,5.40162e+07,6,立方米,0.7455,0.231759,0.000051,0.000044,0.008537,0.745468,,,0.014141,,,,,,,,,,,,,,,,,,,,,,,,
109020804,5.3913e+07,12,个,0.6749,0.003919,0.674866,0.000123,0.311715,,,0.001919,0.000345,,,0.000001,,0.000034,0.006848,0.000013,,0.000039,,,,,,,0.000177,,,,,,,,
107022001,5.37957e+07,11,千克,0.9926,0.992597,0.002102,0.000144,0.000014,,,,0.004947,0.000116,,,,,,0.000008,,,,0.000015,0.000043,,,,0.000000,0.000013,,,,,,,
107021608,5.37371e+07,15,千克,0.6807,0.680681,0.001747,0.048064,0.000003,0.025758,,,0.001119,0.000448,,0.240556,,,0.000022,0.000106,,0.000180,,0.000719,0.000147,,,,0.000001,0.000447,,,,,,,
109051499,5.36834e+07,12,个,0.8759,0.005432,0.875914,0.000118,0.095909,,,0.000375,0.021034,0.000034,,0.000667,0.000014,,,,,,,,,0.000205,,,0.000264,0.000034,,,,,,,
109011603,5.34638e+07,7,个,0.5672,,0.567174,0.014963,0.395968,,,0.006170,0.000363,,,,0.015337,,0.000024,,,,,,,,,,,,,,,,,,
109011703,5.32252e+07,11,个,0.8398,0.000105,0.839754,0.000630,0.141868,,,0.007676,0.006660,0.000008,,0.000179,,,0.002382,0.000560,,,,,0.000179,,,,,,,,,,,,
106040901,5.27212e+07,14,套,0.6926,,0.195297,0.008391,0.692622,,0.000929,0.000651,0.009164,0.000067,0.006620,0.000000,,0.000452,0.085021,,0.000006,,,,0.000206,,,,0.000574,,,,,,,,
109031802,5.25116e+07,2,OTHER,0.9995,,0.000489,,,,,,0.999511,,,,,,,,,,,,,,,,,,,,,,,,
109021902,5.2189e+07,11,个,0.6201,0.176331,0.620113,0.042757,0.139549,0.000298,,0.004728,0.008383,,,,,0.000383,0.006623,,,,,0.000126,,,,,0.000708,,,,,,,,
103010303,5.20111e+07,16,千克,0.5747,0.574698,0.090521,0.009924,0.000116,,,,0.008363,0.062814,0.000057,0.083651,,0.000062,0.003577,0.004417,,0.080089,,0.071736,0.002174,,0.000208,,,,,0.007592,,,,,
104011402,5.19798e+07,9,个,0.9697,0.001435,0.969698,0.010994,0.007541,,,0.009515,0.000148,,,0.000324,,,0.000345,,,,,,,,,,,0.000000,,,,,,,
108010402,5.19151e+07,16,千米,0.2911,0.088461,0.183138,0.005412,0.003426,0.001562,,0.291103,0.159009,0.001139,,0.001283,,0.229871,0.013000,,,0.019634,,0.000578,0.001237,,,,0.001080,0.000067,,,,,,,
109062004,5.18458e+07,9,个,0.9098,0.012418,0.909817,0.023423,0.005496,,,,0.000143,,,0.019693,,,,0.000078,,,,0.000000,,,,,0.028934,,,,,,,,
108041305,5.18245e+07,7,千克,0.5903,0.590316,0.148061,,0.003828,,,0.009913,0.003583,,,,,0.033816,,,,,,,,,,,,0.210482,,,,,,,
109024801,5.18047e+07,11,个,0.6489,0.020050,0.648896,0.000227,0.305944,,0.007401,0.000236,0.016618,,,0.000122,,,0.000344,0.000018,,0.000144,,,,,,,,,,,,,,,
107021804,5.15802e+07,19,千克,0.3172,0.317211,0.202017,0.025307,0.187455,0.051668,,0.000021,0.009112,0.071255,,0.001113,0.000004,0.006369,0.000346,0.072796,,0.000945,,0.009138,0.037924,,,,0.000009,0.000035,,0.007275,,,,,
109011607,5.15691e+07,18,个,0.4625,0.217644,0.462496,0.033586,0.269685,,,0.011005,0.003243,0.000045,0.000310,0.000053,0.000049,,0.000258,0.000125,0.000012,0.000054,,,0.000025,,,,0.001001,0.000372,,0.000035,,,,,
110020201,5.1171e+07,9,立方米,0.6468,0.098852,0.001717,0.004641,,0.646806,,,0.216161,,,,,,0.000172,0.031539,,,,,,,,0.000110,,,,0.000002,,,,,
108041903,5.10849e+07,16,个,0.6413,0.020848,0.641309,0.006475,0.017389,,,0.008397,0.270045,0.000873,0.000597,0.000493,0.000008,0.021947,0.010853,0.000013,,0.000136,,,,,,,0.000521,0.000098,,,,,,,
105011005,5.05357e+07,13,个,0.8282,0.055166,0.828173,0.004046,0.020891,,,0.013496,0.067448,0.000741,,0.000006,,0.005268,0.002972,,,0.000252,,,,,0.000055,,,0.001486,,,,,,,
108012401,5.04944e+07,17,千克,0.5147,0.514689,0.158478,0.000021,0.125934,0.078480,,0.005207,0.021621,0.000460,0.017626,0.000215,,0.054620,0.000031,,,0.000216,,0.000529,0.000012,,,,0.000115,0.021746,,,,,,,
103020511,5.04225e+07,15,箱,0.3209,0.283346,0.036672,0.089120,0.001110,0.000013,,,0.012805,0.320891,,0.009071,,,0.020631,0.122516,,0.008157,,0.070250,0.007555,,0.000002,,,,,0.017861,,,,,
307030200,5.01328e+07,15,UNKNOWN,0.8797,,0.016419,0.879733,0.002290,,,,0.028184,0.000745,0.017906,,0.016927,,0.012956,0.001415,0.007976,0.000004,,,0.000007,,0.000020,0.015291,,,,,,0.000128,,,
107030114,5.00125e+07,15,千克,0.4537,0.453698,0.041014,0.000372,0.023581,0.000020,,,0.279721,0.000450,,0.141942,,,0.026869,0.026653,,0.001266,,0.004348,0.000003,,,,0.000051,0.000012,,,,,,,
109042305,4.97495e+07,12,个,0.7266,,0.726572,0.000922,0.034313,,,0.000580,0.213700,,,0.000082,0.000042,,0.007596,0.000010,,,0.016025,,,,,,0.000011,0.000146,,,,,,,
107040304,4.97384e+07,8,千克,0.9723,0.972299,0.002201,,,0.013672,,0.001272,0.008237,,,,,,,,,0.000128,,0.000286,,,,,,0.001905,,,,,,,
109012999,4.97234e+07,14,个,0.8064,0.046758,0.806433,0.003261,0.120740,,,0.011549,0.004032,,0.000825,,0.000587,0.001480,0.003216,0.000042,,0.000008,,,0.000796,,,,0.000274,,,,,,,,
105011099,4.95908e+07,15,个,0.5206,0.257319,0.520633,0.095235,0.018805,0.023900,,0.007765,0.033074,,,0.000259,,0.041408,0.000711,0.000097,,0.000314,,0.000387,,,,,0.000012,0.000081,,,,,,,
109023606,4.94584e+07,12,个,0.4794,0.190861,0.479418,0.004251,0.116894,,,0.009626,,,,,0.000003,0.171176,0.026570,0.000052,,,,,0.000004,,,,0.000960,0.000183,,,,,,,
103010903,4.94069e+07,15,千克,0.6236,0.623589,0.021846,0.013184,0.000050,,,,0.015829,0.085311,,0.021594,,,0.001684,0.005384,,0.100216,,0.107685,0.000195,,0.002285,,,0.000001,,0.001148,,,,,
103020999,4.92195e+07,15,批,0.5760,0.067909,0.150880,0.014167,0.005234,,,,0.031566,0.068006,,0.045828,,,0.576017,0.008023,,0.013709,,0.015035,0.000794,,0.000025,0.000036,,,,0.002771,,,,,
109041299,4.88407e+07,19,个,0.6021,0.075375,0.602074,0.004866,0.149490,0.000128,,0.060286,0.025694,0.001379,,0.000102,0.000017,0.000136,0.069753,0.000077,,0.000835,,0.000014,0.001178,,0.000002,,0.006143,0.002449,,,,,,,
108012003,4.87327e+07,13,个,0.8794,0.019124,0.879369,0.000124,0.010815,,,,0.006167,0.000508,,0.037271,,0.000110,0.007696,0.026394,,0.010386,,0.001701,,,,,0.000334,,,,,,,,
104011305,4.84441e+07,14,千克,0.5888,0.588839,0.245977,0.000073,0.036457,,,0.059509,0.001408,,0.000074,0.000027,,0.029573,0.033078,,,0.000003,,0.000050,,,,,0.000415,0.004517,,,,,,,
107020223,4.82414e+07,9,千克,0.9836,0.983626,0.002243,0.000003,,,,0.000382,,0.000908,,0.004572,,0.006107,,0.000086,,,,,0.002073,,,,,,,,,,,,
106050402,4.79242e+07,19,个,0.3439,0.050863,0.343883,0.043956,0.190350,0.000051,,0.001034,0.198431,0.000063,0.000879,0.001510,,0.074852,0.078341,0.000005,,0.000075,,0.000090,,,0.000594,0.000382,0.014624,0.000016,,,,,,,
102050700,4.78945e+07,19,千克,0.6647,0.664692,0.119632,0.000008,0.013902,0.078412,,0.022727,0.001809,0.000963,0.000029,0.000199,0.000097,0.087498,0.001832,0.000135,,0.000678,,0.000579,0.004067,,,,0.000479,0.002259,,,,,,,
106020499,4.78185e+07,16,千克,0.4588,0.458780,0.370537,0.009385,0.011839,0.094271,,0.000066,0.015965,0.004260,0.001192,0.021478,,0.002348,0.007905,,,0.000198,,,0.001494,,,,0.000119,0.000161,,,,,,,
109061608,4.77824e+07,6,个,0.6782,,0.678158,0.000188,0.320915,,,,0.000713,,,,,,,0.000002,,,,,,,,,,0.000024,,,,,,,
110020106,4.74562e+07,9,千克,0.8589,0.858910,0.002128,0.003299,0.000926,0.000538,,0.000019,0.102578,,,,,0.003795,,0.027806,,,,,,,,,,,,,,,,,
109011102,4.70966e+07,17,个,0.8947,0.019310,0.894672,0.002842,0.021573,0.002845,,0.006833,0.002090,,0.000044,0.043129,,0.000022,0.005642,0.000026,,0.000003,,0.000001,0.000303,,,,0.000378,0.000286,,,,,,,
107021503,4.70852e+07,6,千克,0.9938,0.993832,0.000025,0.001062,,,,,0.004994,,,,,,,0.000029,,,,,0.000058,,,,,,,,,,,,
109061607,4.66596e+07,11,个,0.7655,0.000144,0.765511,0.000094,0.165102,,,0.000257,0.004447,,0.008064,0.051765,0.000570,,0.004008,,,,,,,,,,0.000038,,,,,,,,
101011000,4.66178e+07,20,千克,0.3750,0.375027,0.111790,0.045899,0.001091,0.011617,,,0.013055,0.015829,0.001269,0.001010,0.126419,0.005068,0.132436,0.015827,0.003702,0.065357,,0.072364,0.000180,,0.000254,,,0.000004,,0.001800,,,,,
106050501,4.65002e+07,11,个,0.5635,0.060383,0.563545,0.000903,0.197408,,,0.022338,0.009095,0.001546,,,,0.134415,0.007045,,,0.001030,,,,,,,,0.002293,,,,,,,
109020502,4.61693e+07,16,个,0.5287,0.048701,0.528747,0.003550,0.137411,0.000429,,0.002515,0.031035,,0.000022,0.000416,,0.003421,0.242044,0.000016,,0.000071,,0.000028,,,,,0.001592,0.000003,,,,,,,
109011209,4.57679e+07,7,个,0.8970,0.000223,0.896966,0.007308,0.083876,,,0.002414,0.007771,,0.001442,,,,,,,,,,,,,,,,,,,,,,
101011212,4.57102e+07,14,千克,0.3707,0.370678,0.033895,0.007755,0.008179,0.000263,,,0.013188,0.024661,,0.124103,,,,0.007908,,0.043058,,0.352717,0.001377,,0.000007,,,,,0.012210,,,,,
306030101,4.55023e+07,12,UNKNOWN,0.8417,,0.001339,0.841712,0.000553,,,,0.000179,,0.000391,,0.040422,,0.000605,,0.021636,,,,,0.002768,0.034866,0.055136,,,0.000395,,,,,,
109061506,4.5454e+07,20,个,0.4075,0.019976,0.407470,0.051506,0.264986,0.001002,,0.000087,0.010712,0.007666,0.002201,0.028027,0.006578,,0.129374,0.035545,,0.000394,,0.000764,0.027915,,0.000051,,0.003227,0.000058,,0.002462,,,,,
103011401,4.51089e+07,13,千克,0.3629,0.362931,0.192208,0.009361,,,,,0.003409,0.071646,,0.124943,,,0.012073,0.000003,,0.010586,,0.203219,0.006964,,0.002645,,,,,0.000012,,,,,
109024403,4.50934e+07,13,个,0.8075,,0.807488,0.023065,0.162058,,,0.000042,0.000443,0.000777,,0.001190,,,,0.003236,,0.000070,,,0.000663,,,,0.000045,0.000125,,,,,0.000799,,
109022703,4.49775e+07,18,个,0.4716,0.404700,0.471572,0.003312,0.045220,0.000540,,0.008376,0.040273,0.001052,,0.000632,,0.000207,0.011555,0.001235,,0.003973,,0.000358,0.002201,,,,0.004519,0.000268,,0.000006,,,,,
106050601,4.49705e+07,15,千米,0.4782,0.000416,0.476159,0.016827,0.010376,,0.000936,0.478204,0.009806,,0.000058,0.000316,0.002477,0.000103,0.001330,,,,,,,,0.000096,,0.001531,0.001365,,,,,,,
101011301,4.49703e+07,21,OTHER,0.7094,0.016495,0.012815,0.158649,0.003941,0.012926,,0.000006,0.709448,0.000001,0.004109,0.000662,0.000229,0.027788,0.035896,0.002441,0.012688,0.000088,,0.001484,0.000158,,0.000135,,,0.000018,,0.000026,,,,,
109020207,4.49589e+07,10,个,0.6382,,0.638218,0.001561,0.265665,,,0.001306,0.087281,,,,0.000115,,0.005738,0.000000,,,,,,,,,0.000051,0.000065,,,,,,,
106040605,4.47955e+07,10,千克,0.3682,0.368198,0.301364,0.028153,0.079110,,,0.000409,0.067121,,0.035379,,,0.004387,0.048126,,,,,,,,,,0.067752,,,,,,,,
107022699,4.4408e+07,11,千克,0.9763,0.976332,0.016542,0.000672,0.000012,,,,0.000005,,0.000720,0.001372,0.000041,,,0.003432,,,,0.000274,0.000598,,,,,,,,,,,,
110030104,4.43249e+07,19,千克,0.4039,0.403894,0.057385,0.016230,0.001812,0.277929,,0.023985,0.006557,0.044941,,,0.008052,,0.000477,0.020748,0.000722,0.000025,,0.002695,0.134442,0.000015,,0.000067,,0.000000,,0.000026,,,,,
109061501,4.41137e+07,9,套,0.5235,,0.452881,0.001328,0.523529,,,0.001484,,,,0.001638,0.017246,,0.000698,,,,,,,,,,0.000020,0.001175,,,,,,,
103011104,4.40654e+07,14,箱,0.6049,0.177976,0.019154,0.003637,0.009575,,,,0.009271,0.604855,,0.092939,,,0.000263,0.001502,,0.001058,,0.068990,0.007392,,0.000065,,,,,0.003323,,,,,
106050203,4.39779e+07,7,套,0.9898,0.000056,0.005148,0.000060,0.989827,,,,0.000191,,,0.000001,,,0.004718,,,,,,,,,,,,,,,,,,
109025307,4.35525e+07,14,个,0.6102,0.000492,0.610244,0.014214,0.241875,,,0.003154,0.034373,0.001697,,0.000236,0.000036,,0.075335,0.003154,,0.000382,,,,,,,0.013286,0.001524,,,,,,,
109024305,4.3128e+07,11,个,0.8233,,0.823311,0.005938,0.043579,,,,0.044965,0.004182,,0.073060,,,,0.000303,,0.000264,,0.000513,0.001157,,,,0.002726,,,,,,,,
109025304,4.3069e+07,16,千克,0.7241,0.724060,0.094315,0.006248,0.030165,0.003063,,0.000345,0.120926,0.000240,0.000311,0.000000,,,0.012616,0.006578,,0.000001,,,0.000995,,,,0.000032,0.000104,,,,,,,
109022905,4.29348e+07,9,平方米,0.3728,0.097808,0.193846,0.000099,0.012360,,,0.103252,0.218386,,,,,0.372762,0.000713,,,,,,,,,,,0.000775,,,,,,,
101010600,4.28282e+07,18,千克,0.6946,0.694610,0.148316,0.016512,0.029392,0.000876,,0.029883,0.002267,0.000031,0.004037,0.000009,,0.000516,0.054532,0.000423,,0.004990,,0.000488,,,0.000024,,0.013075,0.000018,,,,,,,
301059902,4.27552e+07,12,票,0.6121,0.034477,0.021515,0.122145,,,,0.023397,0.001242,,0.031811,,0.019852,,0.009657,,0.025681,,,,,0.095881,,,,,,,,0.612076,0.002268,,
103020513,4.25619e+07,13,OTHER,0.3881,0.005947,0.298425,0.042441,0.000972,,,,0.388068,0.088603,,0.056771,,,0.000421,0.033807,,0.000784,,0.010393,0.008239,,,,,,,0.065130,,,,,
107020305,4.23044e+07,13,千克,0.8970,0.897024,0.027199,0.000506,0.002481,0.063247,,,0.000024,0.000234,,0.000580,,,,0.007870,,,,0.000182,0.000020,,,,0.000003,,,0.000629,,,,,
109023608,4.19757e+07,11,个,0.7524,0.000616,0.752354,0.000072,0.191738,,,0.042511,0.001010,0.000188,,0.000314,,,0.009681,0.000178,,,,,,,,,0.001338,,,,,,,,
109062702,4.11804e+07,15,个,0.8798,0.033269,0.879781,0.002348,0.003420,,,0.000012,0.052109,0.001327,,0.026796,,,0.000054,0.000005,,0.000501,,0.000047,,,0.000003,,0.000032,0.000297,,,,,,,
109020806,4.09037e+07,19,个,0.8434,0.008790,0.843358,0.008504,0.095778,0.000142,,0.004073,0.004451,0.000469,,0.002091,0.000002,0.001552,0.017323,0.000098,,0.001259,,0.000235,0.004325,,0.000020,,0.005072,0.002457,,,,,,,
109020402,4.08361e+07,14,个,0.4772,0.165278,0.477177,0.000064,0.313628,0.000936,,0.012498,0.000661,,,0.000002,0.000446,0.003758,0.016552,,,,,0.000010,0.008977,,,,0.000012,,,,,,,,
106050307,4.03531e+07,14,千克,0.6324,0.632360,0.197836,0.001137,0.024988,0.000534,,,0.034212,0.000061,,,,0.000514,,0.000233,,0.000026,,0.000004,0.106343,,0.000004,,,,,0.001749,,,,,
101011203,4.01281e+07,13,千克,0.9260,0.926029,0.025032,0.014542,,,,,0.002636,0.004047,,0.004083,,,0.004074,0.001446,,0.003744,,0.007664,0.006517,,0.000001,,,,,0.000186,,,,,
109031900,4.00532e+07,13,OTHER,0.6768,0.001186,0.081461,0.026090,0.189195,0.002072,,0.005258,0.676830,,0.000464,,0.000068,0.007114,0.000177,0.000096,,,,,,,,,0.009987,,,,,,,,
107020406,4.00385e+07,11,千克,0.9567,0.956668,0.010932,0.000020,0.000011,0.024631,,,0.000252,0.001213,,,,,,0.000663,,0.000499,,0.002269,0.002841,,,,,,,,,,,,
106040107,3.99651e+07,17,个,0.6210,0.077772,0.621044,0.006819,0.047559,,,0.013894,0.090322,0.000241,,0.095023,,0.004122,0.005044,0.000131,,0.026533,,0.005478,0.004649,,,,0.000120,0.001223,,,,,,0.000025,
109021901,3.97804e+07,8,千克,0.6249,0.624918,0.198334,0.000000,0.158256,,,,0.000112,,,,0.000126,,0.015269,,,,,,,,,,0.002986,,,,,,,,
109010404,3.93682e+07,9,个,0.3114,0.008077,0.311413,0.027045,0.158746,,,0.036591,0.106514,,,,,,0.075583,,,,0.276029,,,,,,,0.000001,,,,,,,
107020219,3.92981e+07,5,千克,0.9878,0.987802,0.008381,,,,,,0.003659,,,,,,,0.000121,,,,,0.000037,,,,,,,,,,,,
101010899,3.91847e+07,9,千克,0.9906,0.990590,0.005271,0.000187,0.000089,0.000587,,,0.000243,,,,,,0.000770,,,,,,0.000223,,,,,0.002040,,,,,,,
109022904,3.91552e+07,18,个,0.6411,0.020898,0.641073,0.002556,0.046115,,,0.030818,0.018248,0.000321,0.000220,0.000250,0.000663,0.202147,0.025548,0.000012,0.002299,0.000119,,,0.000316,,,,0.003531,0.004865,,,,,,,
107050106,3.91182e+07,13,个,0.7793,0.006019,0.779348,0.002815,0.037015,,,0.000172,0.000015,0.000285,,0.000361,,0.005317,0.168578,0.000042,,,,,,,,,0.000028,0.000003,,,,,,,
109060406,3.90749e+07,15,个,0.9707,0.003158,0.970655,0.004616,0.012752,,,0.000265,0.004948,0.000004,,0.000325,,0.001775,0.000177,0.000001,,0.000018,,,0.000064,,,,0.000677,0.000564,,,,,,,
108041106,3.89653e+07,7,千克,0.9464,0.946444,0.034504,,0.000190,,,0.001412,0.000001,0.001103,,,,,,,,,,,,,,,,0.016347,,,,,,,
109062701,3.8315e+07,17,个,0.7044,0.000522,0.704404,0.005254,0.046515,,,0.000109,0.018276,0.104819,,0.002850,0.000057,,0.003223,0.000329,,0.112327,,0.000014,0.000000,,0.000004,,0.000001,0.001297,,,,,,,
109025099,3.8308e+07,14,个,0.5752,0.000254,0.575205,0.000016,0.392599,,,0.004578,0.000455,0.000138,,,0.002143,,0.020367,0.000546,,0.000004,,,0.000065,,,,0.003552,0.000078,,,,,,,
109062599,3.80712e+07,21,个,0.8377,0.007791,0.837679,0.016836,0.083319,,,0.003215,0.006534,0.016932,0.004427,0.000559,0.004136,0.004182,0.000613,0.001917,0.006469,0.000353,,0.000672,0.000005,,0.000644,,0.000197,0.003007,,,0.000514,,,,
304040201,3.78557e+07,11,UNKNOWN,0.2541,0.223594,0.000123,0.254058,,,,,0.217547,0.000341,0.068769,,0.169315,,0.000361,,0.006893,,,,,,,,,,,,,0.058090,0.000909,,
101020203,3.78173e+07,12,千克,0.7432,0.743231,0.007998,0.023669,0.000041,0.005289,,,0.000431,,,0.199777,,0.011174,,0.000056,,0.000066,,0.000019,,,,,,,,,,,0.008250,,
109024803,3.73279e+07,15,批,0.4748,0.001956,0.303224,0.003193,0.133570,,0.003651,0.003928,0.001162,,,0.056963,0.001396,0.000069,0.474826,0.000027,,0.000019,,0.000039,,,,,0.015976,,,,,,,,
108040401,3.7011e+07,19,个,0.7518,0.114884,0.751753,0.010400,0.048714,,,0.012609,0.023742,0.000678,,0.029231,0.000001,,0.002062,0.000205,,0.000150,,0.000006,0.000963,0.000044,0.000001,0.000025,0.001239,0.003294,,,,,,,
107030105,3.66819e+07,12,千克,0.9481,0.948091,0.015747,0.000492,0.000162,,,,0.001150,0.000150,,0.027158,,,,0.006735,0.000080,0.000074,,0.000013,0.000148,,,,,,,,,,,,
108031001,3.66473e+07,7,千克,0.9242,0.924207,0.016690,0.057690,0.000035,,,0.001161,0.000043,,,,,,,0.000174,,,,,,,,,,,,,,,,,
109051505,3.6577e+07,8,个,0.9078,0.001479,0.907847,0.011155,0.076275,,,,0.000908,,,,,,,,,,,,0.000001,,,,0.002166,0.000169,,,,,,,
102051101,3.61807e+07,12,个,0.3919,0.243152,0.391882,0.000727,0.004097,0.018944,,0.000597,0.333544,0.003296,,,,,0.002530,0.000018,,,,0.000220,0.000994,,,,,,,,,,,,
106040106,3.61358e+07,14,OTHER,0.5171,0.008897,0.368181,0.001668,0.006733,,,,0.517054,0.001589,,0.049520,,,0.000847,0.033616,,0.001353,,0.009485,0.000237,,,,0.000004,0.000816,,,,,,,
108040408,3.60766e+07,17,个,0.6883,0.084725,0.688298,0.004185,0.107177,,,0.032866,0.003754,0.033163,0.000072,0.003148,,,0.030062,0.001213,,0.000141,0.009379,0.000183,0.000204,,,,0.001035,0.000396,,,,,,,
108040502,3.59756e+07,15,个,0.6911,0.059814,0.691066,0.002328,0.188297,,,0.009633,0.007989,0.000014,,0.015390,0.004031,,0.021102,0.000018,,0.000022,,0.000167,,,,,0.000073,0.000058,,,,,,,
306010999,3.5959e+07,8,UNKNOWN,0.9782,,0.001730,0.978170,0.000330,,,0.000056,0.001112,,,,0.000100,,0.018188,,0.000313,,,,,,,,,,,,,,,,
101011401,3.58196e+07,19,OTHER,0.3779,0.014832,0.057259,0.034365,0.003577,0.008105,,,0.377862,,0.004046,0.000108,0.000639,0.327005,0.108593,0.000387,0.020283,0.000107,,0.014749,0.000025,,0.002618,,,0.000064,,0.025376,,,,,
105020103,3.53673e+07,9,个,0.6325,0.019325,0.632510,0.001540,0.296604,0.003487,,0.000856,0.000741,,,,,0.000260,0.044676,,,,,,,,,,,,,,,,,,
109031402,3.52855e+07,5,个,0.9876,,0.987580,0.001767,0.010243,,,,0.000206,,,,,,,,,,,,,,,,0.000204,,,,,,,,
109012602,3.52789e+07,7,套,0.4274,0.131780,0.411309,0.001068,0.427402,,,,0.021443,,0.006803,,,,0.000196,,,,,,,,,,,,,,,,,,
304050102,3.52323e+07,6,期,0.6327,,0.001146,0.242718,,,,,,,,,0.004672,,0.117957,,0.000764,,,,,,,,,,,,0.632744,,,,
108041502,3.50731e+07,14,个,0.9604,0.016531,0.960412,0.002190,0.010411,,,0.000514,0.004720,0.000017,,0.000003,,0.000278,0.000674,0.000010,,0.000555,,,,,,,0.002849,0.000833,,,,,,,
109024007,3.4894e+07,15,个,0.4434,0.165234,0.443428,0.001157,0.002534,0.003789,,0.000592,0.189249,,,0.000119,,0.058235,0.108613,,,0.000008,,0.024901,0.001605,,,,0.000383,0.000153,,,,,,,
109032401,3.48539e+07,6,个,0.9219,,0.921867,0.054111,0.012793,,,,0.000046,,,,0.000766,,0.010418,,,,,,,,,,,,,,,,,,
108032302,3.48391e+07,12,千克,0.9507,0.950689,0.040001,0.001618,0.000716,,,0.000043,0.000739,,0.000006,,,0.001336,,0.000094,,0.002900,,,,,,,0.000068,0.001791,,,,,,,
109061701,3.47461e+07,18,个,0.5347,0.000012,0.534717,0.006512,0.430660,,,0.003115,0.003110,0.001939,0.008692,0.000883,0.000276,,0.006839,0.000212,0.000006,0.001199,,,0.000098,,0.000173,,0.001543,0.000014,,,,,,,
109023601,3.46226e+07,6,个,0.9775,,0.977478,0.002359,0.019218,,,,0.000003,,,0.000094,,,0.000848,,,,,,,,,,,,,,,,,,
106051111,3.43695e+07,12,个,0.9788,0.000798,0.978799,0.002907,0.007544,,,,0.000009,0.000013,0.000012,0.000603,,,0.007981,,0.001164,,,,,,,,0.000047,0.000124,,,,,,,
103011402,3.39972e+07,11,千克,0.7716,0.771624,0.090780,0.006148,,,,,0.002793,0.053574,,0.055021,,,0.000022,,,0.006830,,0.007060,0.000519,,,,,,,0.005628,,,,,
109031805,3.39163e+07,6,OTHER,0.8492,,0.104124,,0.029632,0.001787,,,0.849241,,0.014506,,,,0.000710,,,,,,,,,,,,,,,,,,
103020903,3.38827e+07,12,箱,0.4978,0.014065,0.358198,0.013993,0.000062,,,,0.049168,0.497833,,0.036505,,,0.001143,,,0.005745,,0.023269,0.000007,,0.000012,,,,,,,,,,
109024304,3.38167e+07,11,个,0.3709,0.054313,0.370904,0.092939,0.101146,,,0.000008,0.030141,0.000072,,0.002362,,,0.347698,0.000350,,0.000066,,,,,,,,,,,,,,,
109061804,3.37932e+07,7,个,0.9733,,0.973270,0.001313,0.015529,,,0.000748,0.000099,,,,,,0.009016,,,0.000024,,,,,,,,,,,,,,,
109021801,3.37347e+07,10,个,0.9489,0.001541,0.948899,0.000374,0.043555,,,0.001305,0.004088,,0.000044,0.000001,,,,0.000063,,,,,,,,,0.000130,,,,,,,,
109022005,3.37071e+07,9,个,0.9704,0.004794,0.970415,0.002653,0.016621,,,0.002050,0.003163,,,,,,,,,0.000067,,0.000237,,,,,0.000000,,,,,,,,
107020232,3.35075e+07,9,千克,0.9936,0.993605,0.001324,0.000099,0.000902,0.001313,,,0.000927,0.000217,,,,,,0.000799,,,,,0.000814,,,,,,,,,,,,
109061102,3.34875e+07,13,个,0.5217,0.000543,0.521673,0.044247,0.421779,,,0.000501,0.010338,0.000105,,0.000051,0.000119,,0.000072,0.000005,,,,,,,,,0.000566,0.000001,,,,,,,
103040102,3.31385e+07,8,千克,0.9616,0.961554,0.009505,,0.000077,,,,0.001590,,,0.026405,,,0.000226,0.000563,,0.000080,,,,,,,,,,,,,,,
109032104,3.31357e+07,16,套,0.4137,0.016508,0.191829,0.006728,0.413675,0.000521,,0.005023,0.348541,0.000005,0.001370,0.000133,0.000896,0.000018,0.009418,,,0.000047,,,0.005162,,,,,0.000126,,,,,,,
109024602,3.31225e+07,10,个,0.8582,,0.858156,0.007235,0.093271,,,,0.002545,,0.000077,0.005053,,,0.004651,,,0.000048,,0.028906,,,,,0.000058,,,,,,,,
108020403,3.30557e+07,12,千克,0.4502,0.450236,0.447496,0.003336,0.014284,,,0.077942,0.000038,0.000024,,0.000022,,0.005929,,,,0.000126,,,,,,,0.000557,0.000009,,,,,,,
109020906,3.30551e+07,9,个,0.8161,0.003869,0.816070,,0.085331,0.000448,,0.001997,0.045774,,,,,,0.010749,,,,,,0.000033,,,,0.035728,,,,,,,,
109022002,3.29813e+07,14,个,0.9663,0.007118,0.966304,0.000057,0.013638,,,0.000848,0.002616,0.000057,,0.000084,0.006790,,0.000170,0.000418,,0.000020,,0.000095,0.001784,,,,,,,,,,,,
301040301,3.29477e+07,5,千克,0.9429,0.942914,0.000175,0.056508,,0.000112,,,,,,,0.000291,,,,,,,,,,,,,,,,,,,,
307050300,3.25648e+07,15,UNKNOWN,0.5362,0.000814,0.004710,0.536157,0.000356,0.013035,,0.000123,0.070152,,0.087169,,0.033065,0.000294,0.000328,,0.249215,,,,0.002618,,,0.001916,,,,,,,0.000051,,
104010807,3.25073e+07,12,个,0.7005,0.006169,0.700529,0.011393,0.268574,,,0.003708,0.008790,0.000151,,0.000031,0.000009,0.000121,,,,0.000025,,,,,,,,0.000501,,,,,,,
108041114,3.24247e+07,11,OTHER,0.3765,0.285287,0.007525,0.001316,0.001196,,,0.312812,0.376473,,,0.010699,,,0.000338,,,0.000457,,,0.000188,,,,,0.003709,,,,,,,
108040410,3.24032e+07,16,套,0.4588,0.091015,0.383677,0.006456,0.458782,,,0.000838,0.023189,0.000015,0.007377,0.001093,,0.001903,0.003023,0.000057,,0.000488,,,0.000233,,,,0.021829,0.000025,,,,,,,
102050505,3.19932e+07,7,千克,0.9492,0.949228,0.031081,0.000001,0.012615,,,,0.003751,,,,,,,0.000002,,,,,0.003321,,,,,,,,,,,,
108032105,3.19628e+07,2,千克,1.0000,0.999972,0.000028,,,,,,,,,,,,,,,,,,,,,,,,,,,,,,
109012902,3.16989e+07,11,个,0.5193,0.150588,0.519313,0.000587,0.311498,,,0.000166,0.000057,,,0.000117,,,0.017430,0.000240,,,,0.000002,,,,,,0.000003,,,,,,,
109042304,3.15813e+07,11,个,0.7383,0.009679,0.738306,0.001279,0.052856,,,0.000601,0.190367,0.000037,,0.000113,,,0.006638,,,,,,,,,,0.000119,0.000006,,,,,,,
107030107,3.13389e+07,12,个,0.3693,0.358332,0.369349,0.000360,0.198722,,,,,0.000005,,0.035373,,,0.014102,0.006453,,0.014501,,0.000262,0.002536,,,,,0.000006,,,,,,,
101010108,3.10446e+07,23,千克,0.6277,0.627725,0.189823,0.016150,0.033065,0.004379,,0.003365,0.002838,0.005209,0.006764,0.000139,0.002676,0.041026,0.058340,0.003300,0.000028,0.000513,,0.000466,0.000006,,0.000071,0.000018,0.001888,0.001482,,0.000730,,,,,
109060802,3.09257e+07,8,个,0.9338,0.003543,0.933769,0.012721,0.046465,,,,0.000427,,,0.003004,0.000053,,,,,,,,,,,,0.000017,,,,,,,,
108040501,3.07758e+07,15,个,0.8286,0.066214,0.828573,0.002147,0.085477,,,0.000210,0.002667,0.000286,,0.000315,,,0.013656,0.000033,,0.000086,,0.000000,0.000027,,,,0.000273,0.000037,,,,,,,
108041105,3.0737e+07,17,平方米,0.6223,0.254612,0.047104,0.001669,0.000533,0.001391,,0.001293,0.023546,0.041508,,0.000353,,0.622316,,0.000001,,0.000044,,0.000020,0.000037,,0.000900,,0.000170,0.004505,,,,,,,
106010506,3.06776e+07,17,个,0.5394,0.019989,0.539412,0.001369,0.037429,0.000875,,0.000360,0.002836,0.000905,,0.059457,,0.000185,0.248866,0.000184,,0.002582,,0.000892,,,0.075761,,0.003080,0.005819,,,,,,,
109010701,3.06165e+07,16,个,0.9395,0.025162,0.939475,0.000709,0.020316,0.000850,0.002344,0.000057,0.003087,0.006218,,0.000587,0.000009,,0.000703,0.000002,,,,,0.000326,,,,0.000070,0.000085,,,,,,,
109062302,3.04453e+07,14,套,0.5589,0.000048,0.424539,0.012818,0.558940,,,0.000008,0.000149,0.000895,,0.000011,,,0.001618,0.000020,,0.000018,,0.000025,,,,,0.000504,0.000407,,,,,,,
105011002,3.0382e+07,11,个,0.4783,0.257478,0.478296,0.001066,0.236199,,,0.000052,0.025880,,,0.000014,,0.000058,0.000806,,,,,,,,0.000135,,,0.000016,,,,,,,
108011201,3.03151e+07,17,个,0.7447,0.134254,0.744747,0.012513,0.046684,0.000310,,0.003439,0.005546,0.009315,,0.021560,0.000033,,0.012835,0.002353,,0.003594,,0.001582,0.000525,,,,0.000389,0.000322,,,,,,,
109022003,3.01857e+07,11,个,0.8235,0.001600,0.823535,0.000497,0.096107,,,0.070285,0.004862,,,0.000077,0.000176,,0.002787,0.000005,,,,,,,,,0.000069,,,,,,,,
109061003,3.00962e+07,6,套,0.5519,0.000039,0.427187,0.006645,0.551879,,,,0.013354,,,,,,,,,,,,,,,,0.000895,,,,,,,,
107030803,3.00181e+07,15,瓶,0.1946,0.062082,0.185586,0.002834,0.157754,,,,0.018458,0.090399,,0.151354,,,0.005925,0.194593,,0.036016,,0.029386,0.055953,,,,0.007338,0.000075,,0.002248,,,,,
101011201,2.98544e+07,16,千克,0.7477,0.747747,0.056440,0.022503,0.000186,,,0.000001,0.006763,0.011884,,0.002161,,,0.024205,0.037193,,0.002312,,0.088336,0.000037,,0.000114,,,0.000006,,0.000113,,,,,
106040902,2.971e+07,10,套,0.5488,0.008121,0.293753,0.009921,0.548757,,0.000789,0.000531,0.011061,,,,,,0.126790,,,,,,,,,,0.000251,0.000025,,,,,,,
108031302,2.96051e+07,6,千克,0.7658,0.765848,0.223423,0.010164,,,,,0.000009,,,0.000463,,,,0.000094,,,,,,,,,,,,,,,,,
109062101,2.95952e+07,5,套,0.5258,,0.452123,0.019945,0.525825,,,,,,,,0.001689,,,,,,,,,,,,0.000418,,,,,,,,
101010799,2.94892e+07,14,千克,0.8779,0.877937,0.000628,0.006771,0.000023,0.000435,,,0.092448,0.005147,,0.000301,,,0.007605,0.001463,,0.001636,,0.004868,,,,,0.000040,,,0.000699,,,,,
106040808,2.94462e+07,13,个,0.7244,0.013149,0.724430,0.026839,0.081944,,,,0.058009,0.000297,,0.044618,,,0.005018,0.000433,,0.005498,,0.006256,0.033506,,,,,,,0.000003,,,,,
104030402,2.92089e+07,15,个,0.6733,0.001183,0.673297,0.012254,0.029653,,,0.000112,0.033291,0.003745,,0.000298,,0.000268,0.000342,0.000658,,0.006722,,0.000323,,,,,0.237390,0.000462,,,,,,,
108010803,2.91841e+07,10,千克,0.5707,0.570741,0.147188,,0.000028,0.000377,,0.002067,0.015925,,0.001327,,,0.258155,0.002050,,,,,,,,,,,0.002142,,,,,,,
108041303,2.91083e+07,10,个,0.3922,0.364451,0.392243,0.001898,0.032339,,,0.062128,0.061978,,,0.000069,,0.078513,0.003421,,,,,,,,,,,0.002960,,,,,,,
109020406,2.88859e+07,15,个,0.7141,0.038011,0.714134,0.001302,0.101614,,,0.092285,0.008096,0.006558,,0.000075,0.000499,0.022982,0.002726,,,0.000908,,0.000003,,,,,,0.008285,,0.002522,,,,,
109031403,2.86173e+07,5,个,0.9502,,0.950179,0.002119,0.046754,,,0.000804,,0.000144,,,,,,,,,,,,,,,,,,,,,,,
101030106,2.84126e+07,12,千克,0.7193,0.719308,0.186895,0.016833,,,,,0.001167,0.002212,,0.001697,,0.005223,0.025752,0.000072,,0.000188,,0.028713,,,0.011940,,,,,,,,,,
109025001,2.83724e+07,10,套,0.4752,0.001448,0.370348,0.069312,0.475178,,,0.041979,0.035180,,,,,,0.000226,,,,,,,,,0.001480,0.004810,0.000038,,,,,,,
108013002,2.82627e+07,14,千克,0.8666,0.866550,0.015728,0.000007,0.004487,0.021229,,0.028351,0.017468,,,,,0.023288,0.000063,0.000001,,0.022522,,0.000213,0.000092,,,,0.000000,,,,,,,,
107020503,2.81688e+07,11,千克,0.9479,0.947872,0.037880,0.000344,0.000032,0.002556,,,0.001825,0.002635,,,,,,0.000243,,0.004729,,0.001880,0.000004,,,,,,,,,,,,
107022305,2.81329e+07,11,个,0.3037,0.017640,0.303706,0.231964,0.074868,,,,0.017606,0.003075,,0.089287,,,,0.261760,,,,0.000057,0.000027,,,,,,,0.000011,,,,,
101020301,2.80906e+07,14,立方米,0.4217,0.222874,0.302396,0.006515,0.021378,0.421669,,0.000012,0.003615,0.000214,,,,,0.002436,0.000016,,0.000546,,0.000027,,,,,,,,,,0.000726,0.017575,,
106010105,2.78368e+07,13,千克,0.8522,0.852199,0.059787,0.000260,0.000289,0.000071,,,0.067474,0.003733,,0.000019,,0.000968,0.000568,,,0.003159,,,,,0.008406,,,,,,,,,0.003067,
104011301,2.77894e+07,13,千克,0.4731,0.473146,0.215550,0.006328,0.025552,,,0.208240,0.060708,0.008294,,0.000030,,,,,,0.000187,,0.000463,0.000000,,,,0.001356,0.000147,,,,,,,
104030605,2.77739e+07,10,千米,0.5108,0.081457,0.339258,0.000141,0.018321,,,0.510779,0.015182,,0.000030,,,0.013337,,,,,,,,,,,0.001384,,,,,,0.020111,,
105010509,2.76828e+07,9,千米,0.7672,,0.186595,0.007023,0.031934,0.001936,,0.767200,0.000005,,,,,0.003504,0.001792,,,,,,,,,,0.000012,,,,,,,,
109024005,2.7662e+07,11,个,0.7160,0.000483,0.716050,0.010092,0.091885,,,,0.180549,,,0.000005,0.000851,,,0.000024,,0.000007,,,0.000003,,,,,0.000051,,,,,,,
109021808,2.76408e+07,14,个,0.5719,0.014828,0.571869,0.000236,0.382188,,,0.018123,0.000723,,,0.000098,,0.000463,,0.000105,,0.004333,,0.000443,0.002598,,,,0.000904,0.003087,,,,,,,
103040302,2.75468e+07,4,千克,0.7010,0.700993,0.268301,,,,,,,,,,,,0.030686,0.000020,,,,,,,,,,,,,,,,,
107020501,2.74679e+07,11,千克,0.8728,0.872784,0.020750,0.011279,0.000458,0.006425,,,0.000666,0.002748,,,,,,0.013095,,0.005143,,0.045802,0.020850,,,,,,,,,,,,
109061004,2.70809e+07,9,个,0.6722,0.001934,0.672169,0.002568,0.276988,,,0.001776,0.043167,,,,0.000558,,,,,,,,,,,,0.000825,0.000014,,,,,,,
108040402,2.70646e+07,17,个,0.7692,0.037109,0.769231,0.002188,0.138669,,,0.000182,0.003804,0.000158,,0.002154,0.000029,0.006961,0.033845,0.000089,,0.001192,,0.000444,0.000531,,,,0.002283,0.001131,,,,,,,
109024099,2.68523e+07,12,个,0.5959,0.002920,0.595859,,0.358885,,,0.005577,0.030265,,0.001353,0.000745,0.000187,,0.001759,,0.001543,0.000139,,,,,,,0.000767,,,,,,,,
109051401,2.68302e+07,11,个,0.8602,0.001494,0.860234,0.088702,0.043490,,,0.000543,0.000444,,,0.000001,,,0.005065,0.000013,,,,,,,,,0.000001,0.000013,,,,,,,
108012802,2.68203e+07,17,个,0.7201,0.019014,0.720066,0.002461,0.031979,0.000327,,0.002210,0.002162,0.001749,,0.008064,,0.012775,0.002611,0.001950,,0.002045,,0.000269,0.004824,,,,0.013736,0.173758,,,,,,,
109011101,2.67053e+07,15,个,0.6043,0.005112,0.604345,0.004756,0.358229,,,0.016346,0.003282,,0.000082,0.000008,0.000133,,0.006873,0.000035,,,,0.000005,0.000048,,,,0.000735,0.000012,,,,,,,
106050399,2.66004e+07,15,千克,0.6591,0.659130,0.227946,0.011323,0.007300,0.000263,,0.000003,0.005720,0.000944,,0.000232,,0.007649,0.013401,0.001380,,,,,0.057320,,0.000194,,,,,0.007197,,,,,
107060307,2.65741e+07,12,平方米,0.5349,0.038620,0.374915,0.000320,0.017638,,,0.025408,0.000931,0.000164,,0.000151,,0.534899,0.006860,,,0.000046,,,0.000049,,,,,,,,,,,,
109022817,2.65383e+07,9,个,0.5044,0.000618,0.504412,0.000543,0.465208,,,0.000505,0.028653,,,,,,,0.000008,,,,,,,,,0.000045,0.000008,,,,,,,
102050516,2.63653e+07,2,千克,0.9997,0.999656,0.000344,,,,,,,,,,,,,,,,,,,,,,,,,,,,,,
109030200,2.63456e+07,13,个,0.9074,0.012261,0.907386,0.003593,0.067577,,,,,0.000474,0.000051,0.000007,0.002422,,,0.000028,,0.000000,,,0.000049,,,,0.005866,0.000285,,,,,,,
302030200,2.63062e+07,13,项,0.6099,0.002058,0.087450,0.121182,0.067176,,,,0.007288,,0.609940,0.000098,0.001115,,0.030149,,0.059290,,,,,0.006168,0.000669,0.007418,,,,,,,,,
109031500,2.62643e+07,10,个,0.9945,0.000307,0.994538,0.002563,0.000095,,,,0.001730,,,0.000397,,,0.000079,0.000093,,,,,,,,,0.000193,,,0.000004,,,,,
109023602,2.61903e+07,6,个,0.8737,0.070462,0.873743,,0.024295,,,,0.000007,,,,,,0.030545,,,,,,,,,,,0.000947,,,,,,,
109010303,2.59865e+07,14,个,0.4601,0.022540,0.460064,0.154480,0.219602,,,0.000112,0.000600,0.000135,0.135690,0.000009,0.000019,,0.004213,,0.000385,,,,,,,,0.002116,0.000036,,,,,,,
107040401,2.59601e+07,14,千克,0.9214,0.921405,0.003310,0.000008,0.000759,0.021105,,0.028652,0.000044,,,0.000636,,0.021516,,0.000032,,0.000042,,,0.000049,,,,0.000085,0.002359,,,,,,,
106051113,2.59407e+07,17,个,0.3202,0.177499,0.320221,0.012141,0.011948,0.002737,,0.000363,0.005634,0.255715,0.013057,0.044456,,,0.013464,0.000317,,0.134240,,0.007860,0.000002,,,,0.000343,,0.000003,,,,,,
109024616,2.59314e+07,12,个,0.8010,0.000222,0.800959,0.000454,0.026531,0.058842,,,0.002924,0.000011,,0.024940,0.000189,,,0.002542,,0.000288,,0.082098,,,,,,,,,,,,,
108011203,2.58791e+07,15,个,0.6236,0.272065,0.623574,0.003531,0.059672,,,0.003629,0.000981,0.000078,,0.009339,,0.000618,0.007832,0.016561,,0.001496,,0.000488,0.000101,,,,0.000035,,,,,,,,
109022808,2.58146e+07,5,个,0.9666,0.020500,0.966552,,0.011617,,,,0.000935,,,,,0.000395,,,,,,,,,,,,,,,,,,,
107021706,2.56512e+07,9,箱,0.3942,0.112371,0.376908,0.014554,0.000241,,,0.000019,0.010471,0.394186,,0.000274,,,0.090977,,,,,,,,,,,,,,,,,,
109021802,2.55892e+07,13,个,0.7399,0.049485,0.739934,0.011720,0.184688,,,0.001812,0.000047,0.001055,,,,,0.005993,,,0.000449,,0.004333,,,0.000017,,0.000336,0.000131,,,,,,,
108032303,2.5534e+07,10,千克,0.8843,0.884257,0.095204,0.000984,0.001314,,,0.000539,0.017487,,,0.000025,,,0.000155,,,0.000005,,,,,,,,0.000031,,,,,,,
109025303,2.54991e+07,18,个,0.3768,0.031320,0.376841,0.022013,0.185270,0.000141,,0.029746,0.047188,0.003108,0.002354,0.000018,,0.004235,0.044782,0.082224,,0.000480,,0.000082,0.000028,,,,0.169054,0.001117,,,,,,,
106050207,2.54417e+07,10,千克,0.7222,0.722223,0.170642,0.001733,0.003146,,,,0.000901,0.055265,,0.001496,,,0.038953,0.000019,,,,,,,,,,0.005623,,,,,,,
102020500,2.54104e+07,19,千克,0.4820,0.481955,0.067737,0.094405,0.016622,0.016866,0.001396,0.000566,0.016484,0.005768,,0.000013,0.000079,0.044545,0.042143,0.197831,,0.001372,,0.000024,0.007821,,,,,0.000192,,0.004180,,,,,
108032410,2.53257e+07,3,千克,0.9948,0.994820,0.005158,,,,,,0.000022,,,,,,,,,,,,,,,,,,,,,,,,
106051103,2.52667e+07,5,个,0.9606,,0.960568,0.035929,0.001209,,,,0.001486,,,0.000807,,,,,,,,,,,,,,,,,,,,,
109022601,2.52148e+07,16,UNKNOWN,0.7394,0.020202,0.147525,0.739372,0.036457,0.000086,,0.000694,0.000117,0.013967,,0.000021,,,0.001073,0.013165,,0.000311,,0.001768,0.025150,,,,,0.000010,,0.000082,,,,,
109024706,2.50743e+07,5,个,0.5632,,0.563168,0.002240,0.430987,,,,,,,0.001388,,,,0.002217,,,,,,,,,,,,,,,,,
109010704,2.5044e+07,10,个,0.7069,,0.706853,0.110498,0.163936,,,,0.000070,0.000069,,0.000004,0.000799,,0.012434,,,,,,,,,,0.005323,0.000015,,,,,,,
101030299,2.49671e+07,12,千克,0.5955,0.595547,0.259743,0.028989,,,,,0.000058,0.001996,,0.000047,,,0.109413,0.000114,,0.000394,,0.001715,,,0.001550,,,,,0.000434,,,,,
109022805,2.47277e+07,8,个,0.6212,0.099363,0.621195,,0.116216,,,,0.158416,,,,0.002189,0.000089,,,,,,,,,,,0.000268,0.002264,,,,,,,
107030303,2.44299e+07,12,千克,0.9465,0.946528,0.004566,0.000598,,0.000414,,0.000663,0.004704,,,0.009095,,,,0.000909,,0.000440,,0.028517,0.000681,,,,,,,0.002886,,,,,
101011207,2.43676e+07,18,千克,0.5344,0.534430,0.012034,0.011126,,0.000359,,0.000343,0.014285,0.039679,,0.000170,,0.006106,0.079746,0.000024,,0.004172,,0.294480,0.000013,,0.000030,,0.000205,0.002526,,0.000270,,,,,
109032101,2.43256e+07,11,个,0.3911,0.027515,0.391091,0.002264,0.300447,,,0.000391,0.211979,,0.000255,,0.002177,0.027445,0.034068,,,,,,,,,,0.002368,,,,,,,,
102050503,2.43099e+07,13,千克,0.9213,0.921328,0.036739,0.010511,0.004000,,,0.016478,0.003406,0.000089,,0.002339,,0.001259,,0.000561,,,,,0.001030,,,,0.001618,0.000641,,,,,,,
109061806,2.41418e+07,6,个,0.6718,,0.671767,0.000420,0.318471,,0.005404,,0.003765,,,,,,0.000173,,,,,,,,,,,,,,,,,,
107022003,2.39677e+07,9,千克,0.7817,0.781733,0.000824,,0.000003,,0.000836,,0.215688,0.000347,,0.000211,,,,0.000129,,0.000229,,,,,,,,,,,,,,,
108041107,2.39388e+07,11,千克,0.8576,0.857561,0.095506,0.000520,0.012106,,,0.000953,0.003868,,,0.020419,,,0.001420,,,0.000009,,0.003725,,,,,,0.003913,,,,,,,
303020500,2.39093e+07,8,元,0.5884,,0.023670,0.048916,,,,,0.000259,,0.001908,,0.126588,,0.001945,,0.208265,,,,,,,0.588449,,,,,,,,,
101039900,2.3884e+07,13,千克,0.7021,0.702061,0.081237,0.036687,,,,,0.028145,0.001383,0.000050,0.000855,,,0.125010,0.000005,,0.011756,,0.006429,0.001977,,0.004405,,,,,,,,,,
109023208,2.37916e+07,14,个,0.9188,0.010259,0.918782,0.000020,0.063491,,,0.002158,0.000277,,,0.000027,,,0.004607,0.000007,,0.000047,,0.000019,0.000205,,,,0.000009,0.000092,,,,,,,
109012607,2.36101e+07,6,个,0.4955,0.005372,0.495513,0.029648,0.468569,,,0.000881,,,,,,,,,,,,,,,,,,0.000017,,,,,,,
109010703,2.36035e+07,13,个,0.9576,0.017758,0.957636,0.000524,0.020304,,,0.000154,0.000744,,,0.000113,0.000047,,0.002059,,,0.000141,,0.000141,,,,,0.000266,0.000113,,,,,,,
106051007,2.35828e+07,16,个,0.3430,0.333809,0.343001,0.222347,0.052686,0.008591,,0.001569,0.001094,,,0.002653,,0.000047,0.032277,0.000113,,0.000303,,0.000001,0.000171,,,,0.000067,0.001272,,,,,,,
102051103,2.35688e+07,13,千克,0.6349,0.634880,0.315800,0.000457,0.004903,0.014107,,0.010907,0.000017,0.002362,,,,0.006742,,0.000401,,0.008590,,0.000055,0.000778,,,,,,,,,,,,
101040500,2.34916e+07,15,千克,0.5626,0.562564,0.045630,0.002500,0.000020,,,,0.004987,0.154974,,0.034431,,,0.000333,0.000134,,0.057324,,0.127295,0.000150,,0.001335,,,0.000000,,0.008323,,,,,
304070203,2.33916e+07,5,UNKNOWN,0.5032,,0.454531,0.503152,,,,,0.025092,,,,,,0.016934,0.000291,,,,,,,,,,,,,,,,,
304040502,2.33247e+07,10,UNKNOWN,0.5077,0.105014,0.147551,0.507658,,,,,0.000884,0.000167,0.030378,,0.027668,,0.016071,,0.003623,,,,,,,,,,,,,0.160985,,,
107029904,2.33055e+07,13,瓶,0.6253,0.092946,0.261007,0.005193,0.000729,,,,0.000825,0.002389,,0.000045,,,0.002628,0.625325,,0.000833,,0.001010,0.007031,,,,,,,0.000038,,,,,
108040599,2.3284e+07,9,个,0.8125,0.009068,0.812507,0.000024,0.026783,,,,0.001187,0.000067,,,,,0.150266,,,,,0.000077,,,,,0.000019,,,,,,,,
101030103,2.32585e+07,6,千克,0.9669,0.966934,0.010542,0.010463,,,,,0.000012,,,,,,0.012046,0.000002,,,,,,,,,,,,,,,,,
104010801,2.31506e+07,15,个,0.5189,0.015311,0.518901,0.000778,0.050476,,,0.029485,0.036303,0.000252,,0.001208,,0.294247,0.008812,0.000007,,0.004629,,0.000800,,,,,0.016979,0.021813,,,,,,,
102050206,2.3029e+07,15,千克,0.7767,0.776681,0.026773,0.001689,0.000740,0.138955,,0.000388,0.015935,0.001879,0.000347,0.018665,,,,0.009588,,0.000387,,,0.004533,,,,,0.000634,,0.002803,,,,,
103020506,2.30054e+07,14,箱,0.3059,0.222769,0.060693,0.010644,0.000328,,,,0.038697,0.305939,,0.018757,,,0.011495,0.216460,,0.001742,,0.003756,0.072682,,0.000011,,,,,0.036027,,,,,
109061503,2.29928e+07,10,个,0.8109,,0.810871,0.000100,0.129292,,,0.028657,0.001204,,0.007655,0.003958,,0.017350,0.000424,0.000489,,,,,,,,,,,,,,,,,
304070201,2.28653e+07,8,UNKNOWN,0.8228,,0.086073,0.822801,,,,,0.001312,,0.011056,,0.068847,,0.007435,,,,,,,0.000245,,0.002230,,,,,,,,,
101011204,2.28614e+07,12,千克,0.6338,0.633769,0.018221,0.003893,,,,,0.005108,0.003126,,0.000345,,,0.309480,0.001731,,0.006457,,0.017043,0.000809,,0.000018,,,,,,,,,,
101010203,2.28009e+07,16,千克,0.5976,0.597579,0.329492,0.037991,0.002421,0.001421,,,0.003185,0.004148,,0.004121,,0.007544,0.003009,0.000071,,0.002463,,0.006000,,,0.000092,,0.000017,0.000448,,,,,,,
109060499,2.26924e+07,12,个,0.6330,,0.632956,0.001731,0.287051,,,0.005213,0.000643,0.000093,,0.001042,,0.028778,0.027157,,,0.000009,,,,,,,0.013710,0.001618,,,,,,,
107030216,2.26754e+07,6,瓶,0.5868,0.001324,0.001257,,,,,,0.005675,,,0.404963,,,,0.586766,,,,0.000014,,,,,,,,,,,,,
102040112,2.26683e+07,6,千克,0.6261,0.626062,0.012299,0.354768,0.002608,,,0.003444,,,,,,,,0.000818,,,,,,,,,,,,,,,,,
109050202,2.25991e+07,8,个,0.8518,0.000573,0.851797,0.007137,0.136264,,,,0.000268,0.003668,0.000133,,,,0.000161,,,,,,,,,,,,,,,,,,
101011211,2.25983e+07,16,千克,0.3853,0.385262,0.278816,0.021601,0.014860,0.018624,,0.003540,0.050068,0.058583,,0.000094,,,0.000145,0.000664,,0.060991,,0.106576,0.000015,,0.000147,,,,,0.000014,,,,,
107040404,2.25852e+07,5,千克,0.9859,0.985859,0.003361,,0.000114,,,0.002054,,,,,,,,,,,,,,,,,,0.008612,,,,,,,
109061805,2.2389e+07,2,套,0.9769,,0.023066,,0.976934,,,,,,,,,,,,,,,,,,,,,,,,,,,,
103010705,2.23425e+07,15,千克,0.3169,0.316890,0.020157,0.006550,0.096774,,,,0.011477,0.281840,,0.086993,,0.000882,0.098433,0.016982,,0.007531,,0.054451,0.000340,,,,,0.000436,,0.000262,,,,,
101030104,2.23226e+07,4,千克,0.9984,0.998355,0.001421,0.000161,,,,,,,,,,,0.000063,,,,,,,,,,,,,,,,,,
103011108,2.22451e+07,14,袋,0.2574,0.124879,0.209425,0.001355,0.000727,,,,0.012198,0.113901,,0.178143,,,0.002546,0.000311,,0.006060,,0.257414,0.000809,,0.002584,,,,,0.089647,,,,,
306011001,2.21514e+07,7,UNKNOWN,0.5430,,0.000181,0.543017,,,,,0.003595,,0.112396,,0.007532,,,,0.124038,,,,,0.209241,,,,,,,,,,,
106041004,2.21463e+07,9,批,0.8664,0.019499,0.106022,0.000273,0.003119,,,,0.000169,0.000963,,0.000026,,,0.866447,,,0.003482,,,,,,,,,,,,,,,
106020401,2.21169e+07,8,个,0.2723,,0.272272,0.209868,0.239850,,,,0.066846,0.191550,0.000181,0.019432,,,,,,,,,,,,,,0.000002,,,,,,,
302010199,2.20973e+07,15,UNKNOWN,0.3720,0.030977,0.293789,0.371991,,,,,0.009305,0.000247,0.003982,0.001861,0.023272,,0.173074,,0.005095,,,,,0.012259,0.003008,0.003583,,,0.002369,,,0.065186,,,
104010809,2.2042e+07,19,个,0.3063,0.131890,0.306339,0.021907,0.160869,,,0.021085,0.237827,0.000027,0.001146,0.000007,0.000010,0.035860,0.010615,0.051754,,0.011239,,0.000172,0.006313,,0.000604,,0.001107,0.001228,,,,,,,
107021611,2.17783e+07,8,千克,0.9758,0.975775,0.017102,,,,,,0.000246,,,0.000171,,,0.000000,0.006589,,0.000000,,,0.000117,,,,,,,,,,,,
109060303,2.1617e+07,10,个,0.6860,,0.685975,0.015569,0.191166,,0.001132,0.000021,,,0.063915,,,0.041425,,,,0.000093,,,,0.000694,,,,0.000011,,,,,,,
109024306,2.16128e+07,16,个,0.6241,0.002341,0.624105,0.003975,0.208871,,,0.000039,0.015236,0.000793,,0.075280,0.000335,,0.004131,0.019533,,0.011871,,0.007168,0.000062,,,,0.026069,0.000190,,,,,,,
306010800,2.16097e+07,9,UNKNOWN,0.6268,,0.000805,0.626795,,,,,0.000541,,0.187261,,0.058970,,0.066489,,0.041104,,,,,0.012584,,0.005452,,,,,,,,,
109023603,2.14297e+07,9,个,0.9165,0.004981,0.916466,0.002270,0.063051,0.000166,,0.001813,0.009881,,,,0.000273,,,,,,,,,,,,0.001100,,,,,,,,
109042605,2.12785e+07,11,个,0.5926,0.002346,0.592587,0.006490,0.368503,,,0.001268,0.022231,0.000244,,0.000014,0.005369,0.000049,,,,0.000900,,,,,,,,,,,,,,,
101010109,2.12693e+07,20,千克,0.5781,0.578118,0.146446,0.004582,0.059594,0.024952,,0.019633,0.006644,0.056592,0.007620,0.014407,0.000004,,0.007964,0.007722,,0.013444,,0.032455,0.012571,,0.000022,0.000013,,0.000077,,0.007140,,,,,
109012605,2.12124e+07,12,个,0.5983,0.001318,0.598304,0.003860,0.153070,,0.001286,0.000429,0.014126,0.000072,0.217562,,0.004453,,0.005516,0.000004,,,,,,,,,,,,,,,,,
106050502,2.11486e+07,15,个,0.7146,0.106509,0.714590,0.000260,0.029729,,,0.005918,0.017755,0.000772,,0.002946,,0.114244,0.005853,0.000013,,0.000168,,0.000012,,,,,0.000736,0.000494,,,,,,,
108031702,2.11034e+07,9,千克,0.9579,0.957924,0.039524,0.001657,,,,,0.000009,,,,,,0.000268,0.000054,,0.000200,,,,,,,,0.000232,,0.000133,,,,,
109060902,2.10649e+07,7,个,0.5555,0.008016,0.555538,0.050027,0.384611,,,0.001518,0.000110,,,,,,,,,,,,,,,,0.000181,,,,,,,,
102050515,2.10641e+07,4,千克,0.9815,0.981491,0.000142,0.000005,,,,,,,,,,,,,,,,0.018361,,,,,,,,,,,,,
106051104,2.10166e+07,6,个,0.4038,0.228156,0.403840,0.167994,0.199923,,,,,,0.000012,,,,,0.000074,,,,,,,,,,,,,,,,,
107030706,2.0964e+07,10,瓶,0.5517,,0.033648,0.160807,0.002896,,,,0.235977,,,0.014166,0.000025,,,0.551671,,0.000403,,0.000318,,,,,0.000089,,,,,,,,
103020512,2.09413e+07,14,罐,0.3383,0.020511,0.105297,0.003027,0.000153,,,,0.075049,0.087300,,0.011641,,,0.249386,0.050234,,0.027869,,0.025424,0.005842,,0.000002,,,,,0.338266,,,,,
107021603,2.09128e+07,5,千克,0.9959,0.995895,0.002711,,,,,0.000929,,0.000454,,0.000011,,,,,,,,,,,,,,,,,,,,,
109012803,2.07741e+07,8,个,0.6009,0.001225,0.600886,,0.370866,,,,,,0.002112,,0.000578,,0.002830,0.021493,,,,,,,,,0.000011,,,,,,,,
109032105,2.06516e+07,19,套,0.4194,0.005192,0.328706,0.000497,0.419404,,,0.002403,0.172256,0.000441,0.001235,0.000038,0.003692,0.000562,0.031378,0.000763,,0.008599,,0.003357,0.000413,,0.001307,,0.018883,0.000876,,,,,,,
103020502,2.05835e+07,11,个,0.3175,0.014658,0.317480,0.003036,,,,,0.023999,0.120686,,0.126361,,,,0.010214,,0.172174,,0.182301,0.000144,,,,,,,0.028946,,,,,
106040502,2.05696e+07,17,盒,0.6333,0.013650,0.149935,0.016120,0.005896,0.002749,,0.000115,0.002429,0.005115,,0.633321,0.000800,0.015759,0.009542,0.017759,,0.000001,,0.001703,0.002545,,,,,0.122563,,,,,,,
109022701,2.0568e+07,9,个,0.7143,0.051062,0.714272,0.000112,0.204538,,,0.002813,0.003776,0.000206,,,,0.022799,,,,,,,,,,,0.000422,,,,,,,,
109060903,2.0506e+07,8,套,0.8008,,0.184351,0.013847,0.800757,,,,,,0.000215,,0.000315,,0.000037,0.000458,,,,,,,0.000020,,,,,,,,,,
109061009,2.04848e+07,11,套,0.6772,0.000091,0.308291,0.005322,0.677204,,,,0.000170,,,,0.001855,0.000607,0.003645,,0.001667,0.000443,,,,,,,0.000704,,,,,,,,
102050504,2.03808e+07,9,千克,0.9711,0.971122,0.019662,0.008231,0.000136,,,,0.000044,0.000057,,0.000594,,,,0.000111,,,,,,,,,,0.000044,,,,,,,
109042306,2.01102e+07,12,个,0.7184,,0.718405,0.002150,0.091359,,,0.000591,0.003446,,,0.166209,,,,0.001618,,0.015412,,0.000001,,,,,0.000091,0.000023,,0.000697,,,,,
101011208,2.00853e+07,14,千克,0.7988,0.798769,0.043307,0.005638,0.000131,,,,0.016194,0.033224,,0.000761,,,0.005766,0.006655,,0.004856,,0.083546,0.000872,,0.000160,,,,,0.000121,,,,,
109023202,2.00844e+07,15,个,0.7533,0.001671,0.753314,0.002079,0.206796,,,,0.015456,0.000134,0.001663,,0.000034,0.005394,0.003585,0.000704,,,,,0.000413,,,,0.002740,0.005967,,0.000050,,,,,
109061103,1.99641e+07,12,UNKNOWN,0.4289,0.006784,0.299620,0.428910,0.239983,,,0.007022,0.000125,,0.017207,,0.000073,,,0.000028,,0.000172,,,,,,,0.000020,0.000056,,,,,,,
109024001,1.9869e+07,7,个,0.6512,0.300018,0.651200,,0.047194,,,,0.001131,,,0.000189,,,,,,,,,,,,,0.000174,,,0.000095,,,,,
109020303,1.97031e+07,7,个,0.6193,0.030021,0.619338,0.064552,0.019495,0.265962,,,,,,,,,,,,,,,0.000190,,,,0.000442,,,,,,,,
104010306,1.9691e+07,10,千米,0.5900,0.031571,0.351952,0.000453,0.023488,,,0.589954,0.000019,,,,0.000016,0.000066,0.000659,,,,,,,,,,,0.001822,,,,,,,
301020402,1.95859e+07,7,千克,0.5503,0.550292,0.000001,0.231473,0.166651,,,,,,0.039442,,0.000010,,,,0.012131,,,,,,,,,,,,,,,,
106050604,1.95298e+07,13,个,0.5830,0.055801,0.582953,0.023888,0.035822,,,0.273331,0.002017,,,,0.016872,0.002336,0.005366,,,0.000512,,0.000004,,,,,0.000544,0.000553,,,,,,,
107021613,1.9499e+07,4,千克,0.9964,0.996420,0.000443,,,,,,,,,,,,,0.000042,,0.003095,,,,,,,,,,,,,,,
101020403,1.94841e+07,16,千克,0.7853,0.785272,0.042591,0.021810,0.098215,,,0.000182,0.018182,0.001142,,0.000343,0.021802,0.000510,,0.000219,,0.000000,,0.000038,0.008682,,,,,0.001005,,0.000005,,,,,
105010507,1.92932e+07,9,批,0.3052,0.000085,0.144109,0.004972,0.020197,0.292265,,0.209878,0.014855,,,,,0.008458,0.305181,,,,,,,,,,,,,,,,,,
104010509,1.92018e+07,9,个,0.8297,,0.829729,0.000888,0.129092,,,0.015506,0.023906,0.000154,,0.000304,,,,,,0.000031,,,,,,,,0.000390,,,,,,,
109011211,1.91717e+07,3,个,0.8527,,0.852654,0.135617,0.011730,,,,,,,,,,,,,,,,,,,,,,,,,,,,
101011699,1.9083e+07,13,千克,0.4451,0.445056,0.056915,0.025081,0.000008,,,,0.033930,0.030977,,0.196490,,,0.002041,0.100826,,0.012270,,0.011638,0.006286,,,,,,,0.078481,,,,,
109020404,1.90565e+07,14,个,0.7433,0.025518,0.743350,0.004193,0.078592,0.013563,,0.048741,0.031224,,0.000049,0.000002,0.000107,0.029516,0.006411,,,0.001153,,,,,,,,0.017582,,,,,,,
101030309,1.88493e+07,6,千克,0.9751,0.975054,0.000052,0.000001,,,,,0.000323,,,0.004846,,,,0.019725,,,,,,,,,,,,,,,,,
103010904,1.88042e+07,11,千克,0.5053,0.505320,0.039943,0.005936,,,,,0.029694,0.350362,,0.010037,,,,0.000061,,0.017008,,0.036401,,,0.000068,,,,,0.005170,,,,,
106041008,1.87726e+07,11,副,0.7128,0.006225,0.150924,0.019199,0.030649,,,,0.011370,,,0.068483,,,,,,0.000345,,0.000022,0.000004,,0.000022,,0.712757,,,,,,,,
107020502,1.86311e+07,11,千克,0.8919,0.891890,0.000138,0.096613,,0.000435,,,0.000064,0.000068,,,,,0.001460,0.000787,,0.000056,,0.000485,0.008004,,,,,,,,,,,,
108032002,1.85334e+07,8,千克,0.9864,0.986430,0.003896,0.002158,,0.002083,,,0.004696,,,0.000000,,,,0.000716,,,,,,,,,,0.000021,,,,,,,
101011202,1.85222e+07,15,千克,0.9212,0.921154,0.014406,0.008020,0.001354,,,0.001887,0.026660,0.006466,,0.000307,,,0.000985,0.008958,,0.006843,,0.002583,0.000013,,0.000270,,,,,0.000094,,,,,
104010305,1.84366e+07,9,千米,0.9336,0.035078,0.027825,0.000003,0.003289,,,0.933559,0.000008,,,,,,,,,0.000095,,0.000021,,,,,,0.000122,,,,,,,
108032408,1.83294e+07,5,个,0.5723,0.370126,0.572276,,0.049509,,,,0.003155,,,,,0.004934,,,,,,,,,,,,,,,,,,,
101011210,1.82604e+07,15,千克,0.6751,0.675059,0.215676,0.012404,0.000103,,,0.002738,0.022477,0.031570,,0.000167,0.000082,,,0.000411,,0.004988,,0.010578,0.023639,,0.000044,,,,,0.000062,,,,,
106050899,1.8037e+07,14,个,0.5763,0.267792,0.576304,0.025478,0.029710,,,,0.000298,0.015565,,0.001266,,0.072768,0.003851,0.000014,,0.000003,,0.000012,,,,0.006918,,,,0.000020,,,,,
301020301,1.79763e+07,3,UNKNOWN,0.9102,0.057969,,0.910193,,,,,,,,,,,,,0.031838,,,,,,,,,,,,,,,,
101011206,1.78285e+07,11,千克,0.9183,0.918348,0.014584,0.003709,,,,,0.003533,0.018912,,0.000408,,,,0.000014,,0.030345,,0.010057,0.000037,,,,,,,0.000053,,,,,
109061609,1.74606e+07,8,个,0.9005,0.013281,0.900482,0.002437,0.037911,,,,0.027162,,,,0.000006,0.006855,0.011866,,,,,,,,,,,,,,,,,,
108041112,1.7241e+07,8,千克,0.5656,0.565559,0.046345,0.000359,0.000021,,,0.006019,0.026260,,,0.000111,,,,,,,,,,,,,,0.355325,,,,,,,
103020509,1.7225e+07,14,瓶,0.5388,0.059855,0.072042,0.000189,0.000938,,,,0.033037,0.205630,,0.021104,,,0.000292,0.538771,,0.010066,,0.020877,0.002663,,0.000020,,,,,0.034517,,,,,
109020810,1.72231e+07,12,个,0.9032,0.055489,0.903243,0.000312,0.012258,0.000064,,0.000543,0.025786,0.000015,,0.000023,,,0.002211,,,,,0.000019,,,,,0.000038,,,,,,,,
109023003,1.72177e+07,10,千克,0.6134,0.613440,0.312694,0.037255,0.031923,0.001951,,0.000210,0.000114,,,,,,0.001684,,,,,,0.000712,,,,,0.000016,,,,,,,
106051203,1.71016e+07,18,个,0.4898,0.352755,0.489794,0.000532,0.073534,,,0.008699,0.023214,0.001043,0.001638,0.002257,0.000959,0.000148,0.007805,0.012853,,0.022466,,0.000758,0.000113,,,,0.000022,0.001414,,,,,,,
108032403,1.69555e+07,4,千克,0.9534,0.953379,0.027771,0.000826,,,,0.018024,,,,,,,,,,,,,,,,,,,,,,,,,
109024610,1.69461e+07,6,套,0.5909,,0.337076,,0.590873,,,,,0.009796,,0.052334,,,,,,0.006203,,0.003718,,,,,,,,,,,,,
109021601,1.6694e+07,10,个,0.5244,0.452090,0.524437,0.011663,0.002848,0.000031,,,0.000279,,,,,,0.004223,0.004338,,0.000016,,,,,,,,0.000074,,,,,,,
109023802,1.66855e+07,7,批,0.6889,0.006562,0.191222,0.048138,0.062700,,,,,,,,,0.002383,0.688856,,,,,,,,,,0.000139,,,,,,,,
103010908,1.66221e+07,14,千克,0.8582,0.858159,0.000660,0.000414,0.000001,,,0.002364,0.000613,0.003864,,0.020759,,,,0.068630,,0.041390,,0.000044,0.002532,,0.000091,,,,,0.000477,,,,,
110020103,1.65854e+07,6,立方米,0.8940,0.021248,,0.022441,0.000078,0.893979,,,,,,,,,0.001113,0.061140,,,,,,,,,,,,,,,,,
109022403,1.63648e+07,11,个,0.7897,0.008926,0.789739,0.000105,0.195499,,,0.000102,,,0.000089,0.000202,,0.001100,0.002933,,,,,,,,,,0.001265,0.000040,,,,,,,
106020501,1.62204e+07,7,个,0.6176,,0.617627,0.162147,0.010908,,0.001303,,0.001810,0.000625,,0.205580,,,,,,,,,,,,,,,,,,,,,
104011403,1.61555e+07,14,个,0.6956,0.003795,0.695581,0.005666,0.040956,,0.028840,0.001055,0.007296,0.118168,,0.044948,,,0.000050,,,0.036413,,0.003332,,,,,0.013894,0.000005,,,,,,,
103021101,1.61109e+07,12,千克,0.8100,0.809966,0.033485,0.000363,,,,,0.000568,0.023725,,0.000742,,,,0.003110,,0.045805,,0.081189,0.000123,,0.000863,,,,,0.000061,,,,,
107030604,1.60462e+07,7,瓶,0.4873,0.069213,0.244150,0.000022,0.001884,,,,0.064968,,,0.132472,,,,0.487291,,,,,,,,,,,,,,,,,
109025102,1.60289e+07,6,套,0.5671,,0.402012,0.026853,0.567103,,,0.002916,,,0.000513,,,0.000601,,,,,,,,,,,,,,,,,,,
106040108,1.60142e+07,15,袋,0.6311,0.080570,0.026629,0.030647,0.026896,,,0.000078,0.009317,0.050545,,0.115256,,,0.013509,0.004313,,0.004727,,0.631097,0.004148,,,,,0.001316,,0.000953,,,,,
107030503,1.6014e+07,9,瓶,0.8775,0.001627,0.006450,0.000036,0.000005,,,,0.075446,,,0.000978,,,,0.877465,,0.015982,,,0.022011,,,,,,,,,,,,
101020204,1.57867e+07,11,千克,0.9395,0.939510,0.017686,,0.000908,0.021143,,0.012341,0.000044,0.005765,,,0.000013,,0.000488,,,0.002012,,0.000091,,,,,,,,,,,,,
109024603,1.57704e+07,6,个,0.7098,,0.709821,0.000003,0.280989,,,,0.001691,,,0.007193,,,,,,,,0.000303,,,,,,,,,,,,,
109024905,1.57538e+07,4,个,0.9123,0.002555,0.912345,,0.085056,,,,,,,,,,,,,,,,,,,,0.000043,,,,,,,,
101030310,1.57136e+07,10,千克,0.9375,0.937479,0.000092,0.002102,0.000025,,,,0.012928,,,0.008335,,,,0.037345,,0.000030,,0.001614,0.000050,,,,,,,,,,,,
109022902,1.57114e+07,9,个,0.5949,0.082689,0.594946,0.003833,0.023588,,,0.004685,,,,0.000035,,0.289834,,0.000022,,,,,,,,,,0.000369,,,,,,,
301050402,1.57002e+07,8,千克,0.5381,0.538110,0.000458,0.138381,,,,,,,,,0.079142,,0.061637,,0.165545,,,,,,,,,,0.003489,,,0.013238,,,
107020405,1.55772e+07,9,千克,0.9667,0.966719,0.000603,0.003367,,,,,0.000699,0.000637,,0.000009,,,,0.000359,,,,0.025321,0.002285,,,,,,,,,,,,
106051003,1.5548e+07,14,个,0.3528,0.013980,0.352784,0.016041,0.240347,,,0.000515,0.320864,0.000347,,0.002563,,0.006895,0.007030,0.000805,,0.007196,,,,,,,0.029898,0.000736,,,,,,,
307020101,1.55288e+07,12,UNKNOWN,0.8000,,0.152430,0.800007,0.000039,,,,0.029709,,0.000644,0.000298,0.012477,,,0.000071,,0.000219,,,,,,0.003806,,,,0.000120,0.000180,,,,
304020102,1.54964e+07,10,UNKNOWN,0.5674,,0.005031,0.567378,0.009087,,,,0.109682,,0.002676,0.000018,0.223641,,0.068120,,0.013541,,,,,,,0.000826,,,,,,,,,
106050301,1.5311e+07,11,千克,0.8452,0.845249,0.011706,0.000125,0.000547,,,,0.007490,0.000067,,0.000113,,0.000013,0.016007,0.000538,,,,,0.118144,,,,,,,,,,,,
105010902,1.51868e+07,16,个,0.7217,0.062810,0.721678,0.061211,0.041937,,,0.000511,0.013741,0.016774,,0.000055,,,0.008180,0.000007,,0.010373,,0.000228,,,0.000003,,,0.000000,,0.003542,,,0.058949,,
109061304,1.51821e+07,6,套,0.5651,0.001308,0.403133,0.010662,0.565111,,,0.000158,0.019628,,,,,,,,,,,,,,,,,,,,,,,,
106050603,1.518e+07,13,UNKNOWN,0.5172,0.040786,0.125657,0.517156,0.041258,,,0.190291,0.009850,0.002951,,0.001132,,0.023708,0.014724,,,0.000072,,,,,,,0.028720,0.003694,,,,,,,
102050205,1.46962e+07,11,平方米,0.4320,0.177544,0.047747,0.055149,0.000479,0.083308,,0.062277,0.058070,0.001332,,,,0.431954,0.076432,,,0.005708,,,,,,,,,,,,,,,
108032204,1.46593e+07,5,千克,0.4763,0.476271,0.006761,,0.001068,0.081870,,,0.434031,,,,,,,,,,,,,,,,,,,,,,,,
109030602,1.46426e+07,7,个,0.9315,0.002730,0.931461,0.012566,0.034079,,,,0.019009,,,,,,0.000126,,,,,,0.000030,,,,,,,,,,,,
103010907,1.46155e+07,12,千克,0.5894,0.589425,0.205704,0.000056,0.000525,,,,0.001901,0.046158,,0.094389,,,,0.011393,,0.014287,,0.032255,0.000095,,,,,,,0.003812,,,,,
107020124,1.45449e+07,7,千克,0.9240,0.924006,0.000040,,,,,0.004152,0.054865,,,,0.002145,0.013751,,0.001043,,,,,,,,,,,,,,,,,
302039900,1.45049e+07,13,UNKNOWN,0.6928,0.039888,0.071747,0.692843,,,,,0.006157,0.000150,,0.002842,0.021105,,0.093768,,0.057594,,,,,0.000033,0.000678,0.008919,,,,,,0.004278,,,
302010101,1.44044e+07,13,UNKNOWN,0.5564,,0.234536,0.556353,0.000347,,,,0.005258,,0.001585,,0.001536,,0.069299,,0.000164,,,,,0.000573,0.004572,0.074112,,,,,0.051312,0.000354,,,
109060507,1.43742e+07,12,个,0.7010,0.022057,0.700957,0.014030,0.186913,,,0.000097,0.000047,0.002479,,0.050637,,,0.001062,0.002203,,0.019498,,,,,,,,0.000019,,,,,,,
101011305,1.41208e+07,14,个,0.4345,0.211181,0.434477,0.131937,0.000101,,,,0.080868,0.000647,,0.078403,,0.002060,0.046194,0.002785,,0.000289,,0.000456,,,0.000600,,,,,0.010001,,,,,
105011003,1.40906e+07,9,套,0.3739,0.058763,0.314787,0.000006,0.373906,0.006245,,0.017426,0.214143,0.014689,,,,,,,,0.000034,,,,,,,,,,,,,,,
109024609,1.38883e+07,10,千克,0.5032,0.503196,0.249442,0.049405,0.010039,0.027318,,,,,,0.128812,,,,0.018081,,,,0.003465,0.000484,,,,,,,0.009758,,,,,
109023804,1.38696e+07,6,个,0.8654,0.000121,0.865442,,0.118262,,,,,0.000571,,0.015517,,,,0.000088,,,,,,,,,,,,,,,,,
109025105,1.38474e+07,12,OTHER,0.3317,0.000852,0.268198,0.035101,0.235436,,,0.095833,0.331682,0.002881,0.018746,,0.000036,,0.005346,,,0.000355,,,,,,,,0.005533,,,,,,,
103020904,1.38223e+07,14,箱,0.6829,0.023535,0.116826,0.000167,0.000676,,,,0.048446,0.682945,,0.016969,,,0.001463,0.000607,0.000272,0.047185,,0.060138,0.000770,,0.000001,,,,,,,,,,
101050400,1.37951e+07,9,千克,0.9417,0.941702,0.034661,0.001567,,,,,0.004753,0.005529,,0.000572,,,,,,0.000127,,0.005779,,,0.005310,,,,,,,,,,
109022806,1.36354e+07,4,个,0.9845,,0.984511,,0.000341,,,0.005783,,,,,,,,,,,,,,,,,,0.009364,,,,,,,
109012202,1.36007e+07,10,个,0.7902,0.003023,0.790231,0.039667,0.147982,,,0.000115,0.000501,,,,0.000500,,,0.000210,,,,,0.017762,,,,,0.000007,,,,,,,
103011105,1.34745e+07,13,箱,0.2654,0.180815,0.115494,0.017453,0.036139,,,,0.144146,0.265361,,0.052157,,,,0.057677,,0.001848,,0.079645,0.038703,,0.000290,,,,,0.010271,,,,,
109021404,1.3425e+07,4,个,0.8045,,0.804547,,0.193898,,,0.000009,,,,,,,0.001546,,,,,,,,,,,,,,,,,,
107021606,1.34153e+07,10,个,0.6556,0.342314,0.655638,0.000048,0.000004,,,,0.000526,,,0.000255,,,0.000745,0.000467,,,,0.000003,,,,,,0.000001,,,,,,,
106041003,1.33184e+07,11,个,0.6129,0.013169,0.612927,0.000442,0.359395,,,0.000371,0.003394,,,0.000192,0.000001,,0.005177,,,,,,,,,,0.004479,,,,,0.000453,,,
106051005,1.32947e+07,7,个,0.8157,0.000135,0.815713,0.082547,0.048523,,,,0.037085,,,,,,0.015734,,,,,,,,,,,0.000263,,,,,,,
103040301,1.32726e+07,12,个,0.9892,0.004675,0.989229,0.001682,,,,0.000395,0.002527,0.000461,,0.000321,0.000429,,,0.000061,,0.000038,,,,,,,0.000175,0.000006,,,,,,,
301020203,1.31829e+07,3,UNKNOWN,0.7673,0.200986,,0.767268,,,,,,,,,,,,,0.031746,,,,,,,,,,,,,,,,
109062103,1.30004e+07,9,个,0.9591,,0.959102,0.000269,0.036147,,,0.000465,0.000527,,,,,0.000129,0.001801,0.000029,,,,,,,,,0.001531,,,,,,,,
109060401,1.2966e+07,11,套,0.5236,0.000555,0.467258,0.000915,0.523568,,,0.000059,0.001296,0.001309,,0.000617,,,,0.000598,,,,,,,,,0.000051,0.003774,,,,,,,
105010508,1.28937e+07,10,个,0.6060,0.004850,0.605963,0.000063,0.156195,0.050689,,0.137586,0.027387,,,,,0.016287,,,,0.000111,,,,,,,0.000870,,,,,,,,
109020801,1.28144e+07,8,个,0.5072,0.002884,0.507183,0.000039,0.460762,,,0.026227,0.001780,,,,,,,0.000423,,,,,,,,,0.000702,,,,,,,,
109020410,1.26991e+07,12,个,0.8548,0.022820,0.854848,0.000255,0.072267,0.007397,,0.002523,0.011715,,,0.000045,,0.027478,,,,0.000199,,,0.000020,,,,0.000433,,,,,,,,
109024303,1.26472e+07,11,个,0.4023,0.001676,0.402309,,0.026479,,,0.000305,0.077778,,,0.284886,,,0.022535,0.000626,,0.181281,,0.000069,,,,,0.002055,,,,,,,,
109061599,1.26106e+07,6,套,0.5783,,0.381677,0.038936,0.578339,,,0.000952,,,,,,,,0.000083,,,,0.000014,,,,,,,,,,,,,
106051303,1.25581e+07,12,瓶,0.7572,0.000064,0.230229,0.002587,,,,,0.000653,0.000097,,0.000433,,,,0.757197,,0.002209,,0.001133,0.004172,,,0.000048,,,,0.001177,,,,,
108010602,1.25375e+07,8,平方米,0.9095,0.005384,0.015959,0.015423,0.004107,,,,0.019175,0.030193,,,,0.909525,0.000234,,,,,,,,,,,,,,,,,,
109021406,1.2512e+07,13,个,0.7974,0.000691,0.797415,0.002764,0.106251,,,0.005408,0.000205,0.003732,,0.000086,,0.074254,0.008630,0.000046,,,,0.000026,0.000491,,,,,,,,,,,,
106010510,1.24037e+07,10,个,0.9734,0.010399,0.973361,0.000334,,,,,0.002547,0.000726,,,,,0.009971,,,0.000001,,0.000002,,,0.001016,,,0.001643,,,,,,,
109023701,1.23862e+07,7,个,0.9965,0.001059,0.996455,0.000037,0.000606,,,,,,0.001777,0.000006,,,,,,,,,0.000061,,,,,,,,,,,,
109062502,1.23682e+07,11,个,0.8844,0.052953,0.884380,0.000972,0.060170,,,,,0.000065,,0.000207,,,0.000282,0.000120,,,,0.000181,0.000131,,,,,0.000539,,,,,,,
108041113,1.23625e+07,10,千克,0.5795,0.579474,0.278000,0.007169,0.000062,,,0.046615,0.075926,,,0.001683,,,,,,0.000977,,,,,,,0.001210,0.008884,,,,,,,
107020239,1.23354e+07,4,千克,0.9995,0.999505,,,,,,,0.000045,,,0.000034,,,,0.000415,,,,,,,,,,,,,,,,,
109023004,1.23275e+07,11,个,0.8651,0.000676,0.865080,0.032490,0.030686,,,,0.068728,0.001302,,,0.000049,0.000402,,,,0.000278,,,,,,,0.000152,0.000158,,,,,,,
109022402,1.2311e+07,7,个,0.9741,,0.974072,,0.018765,,,0.000162,0.001216,,,,0.000151,,0.000252,,,,,,,,,,0.005382,,,,,,,,
109041304,1.23075e+07,9,个,0.9312,0.005278,0.931211,0.000005,0.058535,,,,0.001993,0.000054,0.001625,0.000878,0.000423,,,,,,,,,,,,,,,,,,,,
107020218,1.21698e+07,7,千克,0.9759,0.975932,0.010339,,0.000009,,,,0.009158,,,,,,,0.003350,,0.000057,,,0.001155,,,,,,,,,,,,
306030204,1.2165e+07,7,次,0.4081,0.008194,0.057268,0.160999,,,,,,,0.069949,,0.408105,,,,,,,,,,0.103147,,,,0.192338,,,,,,
109022501,1.2135e+07,13,个,0.7107,0.000829,0.710662,0.055977,0.175147,,,0.003097,0.040536,0.000711,,0.000045,,0.001895,0.001359,,0.009407,,,,,,,,0.000148,0.000185,,,,,,,
109011210,1.2068e+07,13,个,0.6007,0.094318,0.600694,0.011183,0.166448,,,0.001552,0.025915,,0.000331,,0.042185,0.002256,0.026310,,,,,,,,,,0.028496,0.000012,,,,,0.000298,,
109022804,1.19573e+07,7,千米,0.8207,0.004720,0.034234,,0.135832,,,0.820655,0.000937,,,,,,0.000007,,,,,,,,,,0.003617,,,,,,,,
109022807,1.18673e+07,5,个,0.9556,0.007267,0.955594,,0.036776,,,,0.000362,,,0.000001,,,,,,,,,,,,,,,,,,,,,
103011404,1.18655e+07,11,瓶,0.4301,0.340566,0.059825,0.000249,,,,,0.009147,0.031884,,0.095753,,,,0.430088,,0.003365,,0.026814,0.001663,,,,,,,0.000647,,,,,
108032405,1.18355e+07,3,千克,0.9522,0.952208,0.047754,0.000038,,,,,,,,,,,,,,,,,,,,,,,,,,,,,
108012105,1.18309e+07,17,个,0.4482,0.218273,0.448244,0.005239,0.098389,,,0.009854,0.014774,0.149445,,0.000010,0.000015,0.034122,0.002460,0.002496,,0.010145,,0.000979,0.000139,,,,0.005391,0.000026,,,,,,,
107030603,1.18111e+07,7,盒,0.4982,0.079059,0.084903,,,,,,0.035384,0.000108,,0.498237,,,,0.302157,,,,0.000152,,,,,,,,,,,,,
109022815,1.1806e+07,6,个,0.5960,0.401387,0.596018,,0.001508,,,,0.000125,,,0.000010,,,,,,,,,0.000953,,,,,,,,,,,,
106050209,1.18056e+07,9,千克,0.7877,0.787652,0.109469,0.000892,0.008996,,,0.013168,0.001924,,,0.000049,,0.064287,,,,,,,,,,,,0.013563,,,,,,,
109032000,1.17852e+07,15,OTHER,0.6612,,0.092327,0.018752,0.049068,0.000443,,,0.661171,0.000921,0.171224,0.000175,0.000025,0.000916,0.001948,0.000977,,0.000246,,,0.000229,,,,0.001578,,,,,,,,
109032302,1.16766e+07,7,个,0.7083,0.038489,0.708320,0.001624,0.234142,,,0.013582,0.003586,,,,,,0.000257,,,,,,,,,,,,,,,,,,
109041803,1.15247e+07,4,个,0.9900,,0.990002,0.008316,0.000403,,,,0.001279,,,,,,,,,,,,,,,,,,,,,,,,
109011303,1.14274e+07,8,个,0.9128,0.004375,0.912770,0.073044,0.003926,,,,,,0.004275,,0.000325,,,,,,,,0.000016,,,,0.001268,,,,,,,,
109021104,1.13385e+07,14,个,0.4737,0.003503,0.473667,0.000026,0.424714,,,0.029521,0.000106,0.000254,,,0.000044,0.001552,0.006114,,,0.000406,,0.000042,,,,,0.059898,0.000153,,,,,,,
109042503,1.12447e+07,7,个,0.7948,,0.794773,0.000003,0.201543,,,0.000051,0.000227,,,0.001180,,,0.002223,,,,,,,,,,,,,,,,,,
109024004,1.11317e+07,9,千克,0.5809,0.580922,0.307729,,0.103563,0.000032,,0.005896,0.000268,,,,0.001409,,,,,0.000020,,,,,,,,0.000162,,,,,,,
105020202,1.11182e+07,14,个,0.3713,0.004013,0.371346,0.000667,0.030452,0.003936,,0.211931,0.035337,0.001323,,,,0.264855,0.062411,0.000001,,0.001585,,,0.000164,,,,0.011981,,,,,,,,
102040201,1.10428e+07,10,千克,0.6760,0.676038,0.242724,0.005689,0.047009,0.007970,,0.000114,0.015081,,,,,0.000002,,0.005361,,,,0.000013,,,,,,,,,,,,,
109024402,1.10089e+07,11,个,0.5057,0.131173,0.505724,0.011272,0.316664,,,,,,,0.004979,0.000418,,0.006322,0.018429,,0.002147,,,0.000758,,,,,,,0.002115,,,,,
109061201,1.08388e+07,13,个,0.4840,0.009304,0.484003,0.009711,0.359142,0.027706,,0.001875,0.030928,0.001554,,0.001162,,,,0.001209,,0.066953,,0.005669,0.000784,,,,,,,,,,,,
109010607,1.08082e+07,7,个,0.8275,0.002358,0.827467,,0.073688,,,0.001370,0.000426,,,,0.000176,,,,,,,,,,,,0.094516,,,,,,,,
107030215,1.06337e+07,15,盒,0.4530,0.019151,0.194270,0.001973,0.014414,,,,0.063629,0.005497,0.011926,0.453015,,,0.000118,0.215976,,0.010506,,0.008768,,,0.000285,,,0.000451,,0.000022,,,,,
109010705,1.05851e+07,7,个,0.7696,0.049241,0.769576,0.000009,0.179994,,,0.000018,,,,,,,0.001011,,,,,,,,,,0.000151,,,,,,,,
109060806,1.05781e+07,8,个,0.9519,,0.951917,0.000661,0.041693,,,0.003756,0.000222,,,0.000520,0.001229,,,,,,,,,,,,0.000003,,,,,,,,
108011402,1.0565e+07,12,个,0.5726,0.030071,0.572626,0.001202,0.222111,,,,0.025200,0.010264,,,,0.126202,0.011819,0.000421,,0.000007,,0.000068,0.000008,,,,,,,,,,,,
107020125,1.0435e+07,3,千克,0.9869,0.986875,0.012567,,,0.000558,,,,,,,,,,,,,,,,,,,,,,,,,,,
107021605,1.04136e+07,8,千克,0.9982,0.998210,0.001347,0.000400,0.000011,,,,0.000005,,,,,,,0.000020,,,,0.000004,0.000002,,,,,,,,,,,,
106050699,1.03528e+07,5,个,0.4401,0.150914,0.440118,0.000437,0.004168,,,0.404363,,,,,,,,,,,,,,,,,,,,,,,,,
109060408,1.033e+07,14,个,0.6793,0.003069,0.679344,0.022625,0.237341,,,0.003906,0.000534,0.000087,,0.000010,0.005119,,0.047353,0.000002,,0.000202,,,,,,,0.000166,0.000242,,,,,,,
105010802,1.0303e+07,13,个,0.5554,,0.555362,0.005374,0.051322,0.010667,,,0.187396,0.114160,,0.009675,,,0.031137,,,0.023237,,0.011039,0.000010,,,,0.000536,0.000085,,,,,,,
109061305,1.0157e+07,8,套,0.4136,,0.288193,0.151072,0.413598,,,0.023535,0.114207,,,0.000034,0.000089,,,0.009272,,,,,,,,,,,,,,,,,
109021809,1.00313e+07,12,千克,0.4920,0.491988,0.310712,0.032204,0.003485,,,0.082370,0.000035,0.021816,,,,,0.033094,0.000440,,0.002133,,0.021543,0.000179,,,,,,,,,,,,
103020510,1.00039e+07,11,袋,0.4115,0.009889,0.273693,0.007949,0.048462,,,,0.010456,0.175475,,0.010779,,,,0.016027,,0.028694,,0.411550,,,,,,,,0.007025,,,,,
109025002,9.88211e+06,13,个,0.3925,,0.392482,0.011595,0.231841,,,0.002443,0.236018,0.001012,,0.019225,,,0.099116,0.005378,,0.000214,,0.000044,,,,,0.000288,0.000344,,,,,,,
301049901,9.7717e+06,9,千克,0.4147,0.414694,0.000968,0.118439,,0.058635,,,0.000112,,0.325219,,0.018318,0.062745,,,,,,,,,,,,,,,,,0.000870,,
109042601,9.71174e+06,8,千克,0.5557,0.555737,0.157202,0.241229,0.000194,,,,0.034609,,,,,,0.010789,0.000196,,,,,0.000045,,,,,,,,,,,,
109061002,9.7112e+06,7,个,0.7419,0.001660,0.741880,0.000856,0.250574,,,,,,,,,,0.000559,,,,,,,,0.000216,,0.004254,,,,,,,,
107030702,9.69405e+06,10,瓶,0.5263,0.002063,0.073894,,0.003011,,,,0.044925,0.000430,,0.296065,,,,0.526286,,0.052848,,0.000417,0.000062,,,,,,,,,,,,
109062401,9.69114e+06,6,个,0.9665,,0.966494,0.010602,0.013518,,,,0.001445,,,,,,0.007435,,,,,,,,,,0.000506,,,,,,,,
109041604,9.55312e+06,5,个,0.9821,,0.982102,0.002700,0.013367,,,,0.001716,,,,,,,,,,,,,,0.000116,,,,,,,,,,
107021604,9.51492e+06,10,千克,0.9319,0.931912,0.002877,0.003047,0.000714,,,,0.009824,0.001881,,0.004618,,,,0.002150,,0.007016,,0.035961,,,,,,,,,,,,,
102050800,9.44968e+06,11,千克,0.7364,0.736446,0.133513,0.001219,0.010721,0.103575,,0.002870,0.000778,,,,,0.009990,,0.000457,,0.000362,,,,,,,,0.000069,,,,,,,
108040409,9.33219e+06,14,个,0.6788,0.210529,0.678838,0.002568,0.071425,,,0.001400,0.007412,0.000027,0.002357,0.004108,,0.013409,0.004654,,,0.000004,,,,,,,0.001068,0.002200,,,,,,,
109062301,9.22514e+06,11,个,0.8872,,0.887161,0.015950,0.053437,,,0.000089,0.006321,,,0.000114,,0.010534,0.000386,,,0.000048,,,,,,,0.002568,0.023393,,,,,,,
109010402,9.16708e+06,8,UNKNOWN,0.5018,0.011545,0.337428,0.501795,0.117583,,,,0.009426,,,,,,0.019971,,,,,,0.002238,,,,0.000013,,,,,,,,
109024605,9.11168e+06,10,个,0.7807,0.000003,0.780739,0.029257,0.002627,,,,0.053200,,,0.120808,,,,0.012210,,0.000015,,0.000458,,,,,0.000682,,,,,,,,
109024003,9.04528e+06,9,个,0.6548,0.000021,0.654807,0.003317,0.246066,,,0.012670,0.055447,,,,0.016920,,0.010412,,,,,,,,0.000341,,,,,,,,,,
101011906,9.00855e+06,8,千克,0.9771,0.977132,0.004378,0.000008,,,,,0.000494,,,,,,,0.017454,,0.000022,,0.000167,0.000345,,,,,,,,,,,,
102049905,8.99212e+06,8,千克,0.8789,0.878880,0.074037,0.000055,0.036748,,,0.000267,,,0.008897,,,,,0.000228,,0.000890,,,,,,,,,,,,,,,
109022901,8.93601e+06,7,个,0.8277,0.001403,0.827745,0.000671,0.159924,,,0.000175,,,,,,0.009402,,,,,,,,,,,0.000680,,,,,,,,
108032409,8.90557e+06,6,平方米,0.4569,0.133428,0.285215,,,0.117001,,0.000013,,,,,,0.456932,0.007411,,,,,,,,,,,,,,,,,,
109032502,8.88221e+06,4,个,0.8667,,0.866692,0.006204,0.066136,,,,,,,,,,0.060968,,,,,,,,,,,,,,,,,,
109021405,8.79306e+06,11,个,0.5888,0.072709,0.588778,0.008511,0.179697,,,0.063363,0.001327,0.004246,,,0.000060,,0.049187,,,0.020858,,0.011263,,,,,,,,,,,,,
106041002,8.76812e+06,6,个,0.8692,,0.869160,0.005547,0.111452,,,,0.001109,0.012677,,,,,,,,,,0.000055,,,,,,,,,,,,,
109010706,8.75223e+06,8,个,0.5785,0.002647,0.578519,0.000167,0.399070,,,0.000457,0.016584,,,,,,0.002174,,,,,,,,,,0.000382,,,,,,,,
109060602,8.54273e+06,5,个,0.9516,,0.951572,0.001001,0.043957,,,,0.003266,,,0.000204,,,,,,,,,,,,,,,,,,,,,
109023502,8.3757e+06,2,个,0.9819,,0.981885,0.018115,,,,,,,,,,,,,,,,,,,,,,,,,,,,,
105010603,8.37216e+06,12,立方米,0.6337,,0.123861,0.000340,0.027279,0.633673,,0.008903,0.000188,,0.002150,,0.006206,,0.191186,0.004097,,,,,0.000025,,,,,0.002093,,,,,,,
109061301,8.36854e+06,4,UNKNOWN,0.4002,,0.286309,0.400223,0.309971,,,,0.003497,,,,,,,,,,,,,,,,,,,,,,,,
301020102,8.27054e+06,6,千克,0.6259,0.625887,0.084450,0.193922,,,,,0.092073,0.000622,,,,,,,,,,,,,,,,,,,,0.003045,,,
101011907,8.22657e+06,12,千克,0.5267,0.526722,0.019434,0.026293,,,,0.000235,0.143230,,,0.000826,,0.076970,0.087318,0.084933,,0.006150,,0.017329,,,,,,,,0.010561,,,,,
107022602,8.19478e+06,4,千克,0.9932,0.993205,0.001296,0.000313,,,,,,,,,,,,0.005187,,,,,,,,,,,,,,,,,
107040308,8.15688e+06,7,千克,0.9870,0.987015,0.007492,,0.001922,,,0.001903,,0.000014,,,,0.001648,,,,,,,,,,,,0.000006,,,,,,,
109061606,8.15021e+06,8,个,0.7868,0.090699,0.786787,0.000908,0.107338,,,0.000003,,,,,,0.006119,0.007997,,,0.000147,,,,,,,,,,,,,,,
304040600,8.1273e+06,10,UNKNOWN,0.4117,0.004555,0.251883,0.411712,,,,,0.000611,,0.012291,,0.240806,,0.037996,,0.006124,,,,,0.000263,,,,,,,,0.033759,,,
301020302,8.0771e+06,8,UNKNOWN,0.3310,0.257086,0.015496,0.331028,,,,,0.214084,,0.012071,,0.012381,,0.123807,,0.034048,,,,,,,,,,,,,,,,
109061199,8.07362e+06,7,套,0.4788,0.001020,0.312832,0.169145,0.478817,,,,,,0.003939,,,,0.010466,0.023781,,,,,,,,,,,,,,,,,
103011202,8.00607e+06,7,千克,0.9692,0.969178,0.002640,0.003286,,,,,,,,0.012486,,,,0.000079,,,,0.008209,0.004122,,,,,,,,,,,,
105010506,7.92784e+06,7,个,0.5528,,0.552803,0.018764,0.126284,0.076914,,0.002815,,,,,,0.222282,,,,0.000138,,,,,,,,,,,,,,,
102049904,7.89867e+06,7,千克,0.9185,0.918516,0.068877,,0.007520,,,0.000108,,,,0.002117,,,,0.000014,,,,,,,,,,0.002849,,,,,,,
106050208,7.83457e+06,13,个,0.6287,0.131649,0.628745,0.009711,0.033320,,,0.001885,0.005463,0.002317,,0.000580,,,0.178964,0.000322,,,,0.000001,,,0.000019,,,0.007025,,,,,,,
109020809,7.63933e+06,5,千克,0.4821,0.482142,0.260943,,0.256094,,,,,,,,,0.000785,,,,0.000036,,,,,,,,,,,,,,,
110030202,7.63197e+06,10,千克,0.5830,0.582958,0.141944,0.011718,0.000392,,,,0.001506,,,0.016512,,,,0.220645,,0.002799,,0.015642,0.005886,,,,,,,,,,,,
108012501,7.60629e+06,7,千克,0.9110,0.910986,0.083657,,0.000589,0.000947,,0.000263,0.003545,,,,,,,,,,,,0.000014,,,,,,,,,,,,
109060402,7.56022e+06,12,个,0.5326,0.066187,0.532584,0.005222,0.357499,,,0.000009,0.003608,0.000331,,0.006894,,,0.013817,,,,,0.006369,,,,,0.003622,0.003859,,,,,,,
109010511,7.52186e+06,5,个,0.9394,0.029493,0.939403,0.000366,0.030220,,,,,,,,,,0.000518,,,,,,,,,,,,,,,,,,
103030803,7.5184e+06,13,瓶,0.4505,0.384516,0.016145,0.001253,0.001916,,,,0.006754,0.003938,,0.009210,,,0.068610,0.450467,,0.005677,,0.051127,0.000176,,,,,,,0.000211,,,,,
109061902,7.50883e+06,5,个,0.8451,0.011581,0.845144,0.000945,0.140274,,,,0.002056,,,,,,,,,,,,,,,,,,,,,,,,
109025104,7.50844e+06,12,UNKNOWN,0.3511,0.055185,0.270128,0.351110,0.002836,,0.298464,,,,0.000533,,0.006183,,0.011525,,0.000833,,,,,0.000876,0.000169,0.002158,,,,,,,,,
101010901,7.48965e+06,8,UNKNOWN,0.6716,0.271525,0.036422,0.671594,0.019841,,,,,,,0.000136,,,,0.000244,,,,0.000214,0.000024,,,,,,,,,,,,
103011109,7.3734e+06,13,千克,0.4627,0.462682,0.014905,0.102764,0.003048,,,,0.027736,0.353852,,0.015952,,,0.000449,0.001539,,0.009351,,0.006551,0.001127,,0.000045,,,,,,,,,,
109010401,7.30974e+06,5,个,0.8179,0.001082,0.817869,0.036994,0.143713,,,,,,,,,,,,,0.000342,,,,,,,,,,,,,,,
101011908,7.28263e+06,9,UNKNOWN,0.6473,0.331234,0.000943,0.647315,,,,,0.000852,,,0.007801,,0.001225,0.000484,0.009623,,,,0.000524,,,,,,,,,,,,,
102050307,7.26457e+06,6,千克,0.7798,0.779765,0.206210,0.012837,0.001038,,,,,,,,,,,0.000081,,,,,,,,,0.000069,,,,,,,,
405990000,7.14818e+06,15,UNKNOWN,0.5609,0.094640,0.004014,0.560924,,0.127980,0.029802,,0.056524,0.001063,0.072176,,0.029258,0.001338,0.012830,,0.001493,,,,,,0.007834,,,,0.000056,,,0.000067,,,
108011102,7.07891e+06,11,个,0.5738,0.002874,0.573824,0.000954,0.083024,,,,0.000778,,,0.000076,,,0.000055,0.000106,,0.000026,,,0.000618,,,,0.337665,,,,,,,,
304040400,6.96223e+06,11,UNKNOWN,0.6326,0.001789,0.005609,0.632604,0.034472,,,0.000234,0.021545,,0.061860,,0.181917,,0.051626,,0.008056,,,,,,,,,,,,,0.000287,,,
108032404,6.94989e+06,2,千克,0.9254,0.925380,0.074620,,,,,,,,,,,,,,,,,,,,,,,,,,,,,,
109025203,6.93846e+06,5,个,0.9706,0.000344,0.970632,0.006151,0.022807,,,,0.000066,,,,,,,,,,,,,,,,,,,,,,,,
109020203,6.92388e+06,8,套,0.4534,,0.270945,0.007327,0.453351,,,0.009324,0.235440,,0.018638,,,,,,,,,,0.002833,,,,0.002142,,,,,,,,
106051112,6.85472e+06,8,批,0.8362,,0.021431,0.033863,0.080607,,,,0.021045,,0.000379,0.006143,,,0.836215,0.000316,,,,,,,,,,,,,,,,,
107030502,6.8327e+06,9,千克,0.3699,0.369899,0.096104,,,,,0.000301,0.000220,0.002667,,0.214608,,,,0.022733,,0.017572,,0.275896,,,,,,,,,,,,,
109024505,6.82175e+06,11,个,0.5263,0.011481,0.526317,0.021810,0.422163,,,,0.012619,0.001986,,0.001459,,0.000534,0.001108,0.000318,,0.000205,,,,,,,,,,,,,,,
109010606,6.76936e+06,6,个,0.9737,,0.973725,0.001400,0.005488,,,,0.001334,,,,,,0.017684,,,,,,,,,,0.000369,,,,,,,,
109041205,6.74504e+06,6,套,0.8423,0.001468,0.102263,,0.842268,,,,0.035347,,,0.000011,,0.018642,,,,,,,,,,,,,,,,,,,
106020503,6.73361e+06,10,个,0.4313,0.001827,0.431269,0.031086,0.275974,,0.029705,0.004314,0.001664,,0.204175,0.002859,,,0.017127,,,,,,,,,,,,,,,,,,
109020812,6.72457e+06,7,个,0.4309,0.036773,0.430859,,0.357295,,,0.005064,,0.000678,,,,,,0.000005,,0.169326,,,,,,,,,,,,,,,
106020104,6.67093e+06,10,套,0.4754,,0.373923,0.048712,0.475388,,,,0.003128,,,0.000019,,0.000034,0.089662,,,0.000531,,,,,0.007820,,0.000784,,,,,,,,
106050202,6.62673e+06,7,个,0.5538,0.004429,0.553757,0.000189,0.407281,,,0.000091,,,,,,0.001311,0.032942,,,,,,,,,,,,,,,,,,
107021007,6.58024e+06,10,个,0.7710,0.118932,0.770964,0.001976,,,,,0.001387,0.095604,,0.003564,,,,0.000621,,0.000085,,,0.006764,,,,0.000102,,,,,,,,
102040110,6.56022e+06,6,千克,0.9452,0.945188,0.053777,,0.000535,,,0.000147,0.000147,,,,,,,,,0.000205,,,,,,,,,,,,,,,
106020403,6.55418e+06,9,个,0.5215,0.005401,0.521471,0.153240,0.252944,,,,0.002306,,,0.000014,,,,,,0.000003,,,,,,,0.063740,0.000880,,,,,,,
106041010,6.52472e+06,7,个,0.9114,,0.911391,0.010758,0.074152,,,0.000158,0.001674,,,,,,0.001755,,,,,,,,,,0.000113,,,,,,,,
102049906,6.52408e+06,8,千克,0.6455,0.645538,0.332865,,0.002205,0.015393,,0.000420,0.001507,,,,,,,0.002023,,,,,0.000048,,,,,,,,,,,,
109025003,6.43608e+06,10,个,0.5693,0.015269,0.569284,0.000553,0.346600,,,0.017215,0.006531,,,,0.000489,,0.011725,,,,,,,,,0.027190,0.005143,,,,,,,,
109011107,6.41292e+06,9,个,0.6617,,0.661668,0.000067,0.306421,,,0.016187,0.002106,,0.004536,,,,0.007426,,,,,0.001493,,,,,0.000095,,,,,,,,
301030200,6.40733e+06,8,UNKNOWN,0.3630,0.215823,0.000613,0.362960,,,,,0.000018,,,,0.032655,,0.355650,,0.005453,,,,,,,,,,,,,0.026828,,,
109011212,6.35292e+06,5,个,0.8555,,0.855496,,0.103720,,,,,,0.031482,,,,0.005368,,,,,,,,,,0.003935,,,,,,,,
109025103,6.25727e+06,7,套,0.9392,,0.056304,0.002939,0.939243,,,0.000082,0.000489,,,0.000029,,,,,,,,,,,,,,0.000914,,,,,,,
107030701,6.24322e+06,10,盒,0.4228,0.374984,0.079370,0.053010,0.038845,,,0.000139,0.003163,,,0.422792,,,,0.025849,,0.000256,,,,,,,,0.001591,,,,,,,
103010302,6.12227e+06,11,千克,0.4773,0.477350,0.089930,0.008570,0.000129,,,,0.077214,0.083427,,0.005902,,,0.223362,,,0.000818,,0.022924,,,0.010373,,,,,,,,,,
106010509,6.10968e+06,12,千克,0.7029,0.702906,0.118325,,0.004995,,,0.007036,0.000240,0.137374,,0.000030,,,0.023378,,,0.000418,,0.000019,,,,,,0.000640,,,,,,0.004640,
109030601,6.04698e+06,6,套,0.6311,,0.250163,0.107236,0.631115,,,,,,,,0.008295,,0.001654,,,,,,,,,0.001538,,,,,,,,,
101020404,6.04589e+06,11,份,0.4274,0.219987,0.001912,0.014902,,,,,0.000009,0.318748,,0.000249,,,,0.008106,,0.002233,,0.003020,0.003482,,0.427352,,,,,,,,,,
107030705,6.04216e+06,7,个,0.6616,0.113700,0.661556,,,0.001357,,,0.096813,,,0.110192,,,,0.015852,,,,,0.000530,,,,,,,,,,,,
109010509,5.92424e+06,8,个,0.9775,0.005200,0.977498,0.000001,0.016815,,,0.000140,0.000227,,,,,,,,,,,,,,,,0.000077,0.000041,,,,,,,
103011301,5.91328e+06,13,千克,0.4335,0.433487,0.043991,0.010928,,,,,0.176559,0.037400,,0.146243,,,0.000807,0.051673,,0.012857,,0.085635,0.000081,,0.000002,,,0.000338,,,,,,,
108041204,5.89257e+06,12,千克,0.3808,0.380801,0.304637,0.015982,0.002464,,,0.121177,0.025831,0.001018,,0.000438,,,,0.000384,,0.005613,,0.000056,,,,,,0.141600,,,,,,,
107020237,5.86073e+06,6,UNKNOWN,0.5265,0.455687,0.016823,0.526511,,,,0.000342,,,,,,,,,,,,0.000473,,,,,0.000164,,,,,,,,
101020406,5.85395e+06,9,千克,0.5779,0.577871,0.001785,,0.002855,,,0.407962,0.003886,0.003442,,0.001643,,,,0.000087,,,,,0.000468,,,,,,,,,,,,
106051101,5.82451e+06,9,个,0.6371,0.099832,0.637150,,0.237108,,,,0.001296,0.000356,0.017169,0.005067,,,,0.001321,,,,,,,,,0.000701,,,,,,,,
106040302,5.8044e+06,16,个,0.2866,0.242014,0.286614,0.011035,0.108294,,,0.012163,0.031303,0.000978,,0.021194,,0.118972,0.140945,0.010241,,0.009991,,0.000001,0.002007,,,,0.000028,0.004221,,,,,,,
101040700,5.8003e+06,9,千克,0.8156,0.815607,0.004976,0.000515,,,,,0.159616,0.006517,,0.001357,,,,,,0.004652,,0.004242,,,0.002518,,,,,,,,,,
109020802,5.77619e+06,10,个,0.6403,0.006232,0.640308,0.002943,0.175173,,,0.000035,,0.000187,,,0.000156,0.164585,0.010371,,,,,,,,,,,0.000010,,,,,,,
109020205,5.72082e+06,6,套,0.5204,,0.147474,,0.520433,,,0.305853,0.002657,,,,0.000612,,0.022972,,,,,,,,,,,,,,,,,,
104020406,5.68105e+06,6,个,0.7973,0.000494,0.797262,0.000257,0.201846,,,,0.000120,,,,,,,,,0.000022,,,,,,,,,,,,,,,
106051110,5.59407e+06,13,个,0.3952,0.269718,0.395190,0.042069,0.113320,,,0.024444,0.036079,0.002349,,,,,0.072467,,,0.032222,,0.000054,,,0.002950,,0.008836,0.000302,,,,,,,
301040303,5.54048e+06,4,千克,0.5949,0.594854,,0.371372,,,,,,,0.021369,,0.012406,,,,,,,,,,,,,,,,,,,,
109060804,5.48398e+06,6,个,0.9083,,0.908307,0.006827,0.083551,,,,0.000219,,,0.000057,0.001039,,,,,,,,,,,,,,,,,,,,
103020906,5.48057e+06,10,千克,0.4176,0.417640,0.152260,,,,,,0.003245,0.030145,,0.000023,,,0.022409,0.000538,,0.319073,,0.027634,0.027032,,,,,,,,,,,,
101020408,5.46973e+06,10,千克,0.9206,0.920568,0.024418,,0.000813,,,0.001043,0.009577,,,0.005124,,,0.000042,0.034024,,0.002863,,0.001527,,,,,,,,,,,,,
109060803,5.44897e+06,5,个,0.8203,,0.820325,,0.150969,,,0.000826,0.000021,,,,,,,,,,,,,,,,0.027858,,,,,,,,
109060312,5.42008e+06,8,个,0.8405,,0.840536,0.037928,0.118244,,,0.000978,0.000849,,,,,,0.001311,0.000107,,,,,,,,,,0.000048,,,,,,,
109023706,5.38314e+06,5,千克,0.8188,0.818819,0.156324,0.018575,0.006257,,,,,,,,0.000026,,,,,,,,,,,,,,,,,,,,
109024301,5.28437e+06,8,个,0.5114,0.300615,0.511390,0.000113,0.037478,,,,,,,0.000514,,,0.132466,,,0.001790,,0.015634,,,,,,,,,,,,,
102020602,5.24801e+06,11,千克,0.6598,0.659810,0.238028,0.008028,0.023398,0.000076,,,0.001851,,,,,,0.037122,0.014545,,,,0.000252,0.016237,,,,,,,0.000652,,,,,
106051302,5.24675e+06,6,个,0.5007,0.484931,0.500742,0.001913,0.000104,,,,0.012295,,,,,,,,,,,0.000015,,,,,,,,,,,,,
109061203,5.23641e+06,5,个,0.9677,,0.967736,,0.006694,,,,,,,,,,,0.000315,,0.020831,,,,,,,0.004423,,,,,,,,
106040501,5.19232e+06,15,瓶,0.7100,0.012426,0.158843,0.001694,0.008723,,,0.016086,0.048003,0.013545,0.000079,0.024720,,,0.004799,0.710021,,0.000844,,,0.000059,,,,0.000153,0.000005,,,,,,,
104010308,5.17631e+06,12,个,0.4623,0.248790,0.462332,0.000479,0.006975,,,0.235485,0.017787,0.000348,,0.000038,,0.021479,0.005264,,,0.000015,,,,,,,0.001009,,,,,,,,
107020702,5.15733e+06,7,千克,0.9214,0.921449,0.010894,,,,,,0.000015,0.003956,,0.037496,,,,0.025783,,,,0.000407,,,,,,,,,,,,,
106050605,5.1527e+06,6,千米,0.5782,0.029345,0.211758,0.000132,0.041289,,,0.578223,0.139253,,,,,,,,,,,,,,,,,,,,,,,,
103011002,5.13589e+06,17,千克,0.4599,0.459914,0.060879,0.006739,0.031860,,,0.000720,0.071966,0.003791,,0.001245,,,0.325139,0.000038,,0.000509,,0.018109,0.000160,,0.007570,,0.001410,,,0.000030,,,,0.009921,
109011204,4.98641e+06,7,个,0.6784,,0.678380,0.004412,0.182527,,,0.001446,0.132841,,,,0.000120,,,,,,,,,,,,,0.000274,,,,,,,
109024604,4.95509e+06,6,个,0.4171,,0.417148,,0.109553,,,,,,,0.399130,,,,,,0.016164,,0.057421,0.000585,,,,,,,,,,,,
107021806,4.94486e+06,7,个,0.4500,,0.450008,0.032761,0.313950,,,0.000849,0.150096,,,0.052331,,,,,,0.000004,,,,,,,,,,,,,,,
109050403,4.94267e+06,4,套,0.4883,,0.372205,0.134916,0.488316,,,,,,,,,,0.004563,,,,,,,,,,,,,,,,,,
101011205,4.9203e+06,12,千克,0.8295,0.829523,0.023358,0.090085,,,,,0.005495,0.000244,,0.002608,,,0.010975,0.000063,,0.026752,,0.010890,0.000005,,0.000003,,,,,,,,,,
109062303,4.89545e+06,6,个,0.9810,,0.980996,0.004800,0.009033,,,,,0.005107,,0.000034,,,,,,0.000029,,,,,,,,,,,,,,,
109020409,4.86345e+06,4,个,0.3977,0.240727,0.397727,0.023851,0.337695,,,,,,,,,,,,,,,,,,,,,,,,,,,,
109023704,4.81752e+06,7,套,0.6208,0.000236,0.350143,0.000115,0.620785,,,0.000990,0.027516,,,0.000215,,,,,,,,,,,,,,,,,,,,,
104010802,4.76839e+06,10,个,0.6018,0.077138,0.601800,,0.085378,,,0.059696,0.001765,0.000645,,,,0.130226,0.011720,,,0.008598,,,,,,,,0.023034,,,,,,,
102040401,4.75677e+06,5,个,0.7495,0.148552,0.749500,0.017659,0.019850,0.064438,,,,,,,,,,,,,,,,,,,,,,,,,,,
109020908,4.7539e+06,5,套,0.4945,0.015566,0.429421,,0.494473,,,,0.058057,,,,,,,,,,,,,,,,0.002482,,,,,,,,
109011208,4.69566e+06,7,个,0.8379,0.023660,0.837885,0.000149,0.133558,,,,0.003620,,,,,,0.001065,,,,,,,,,,0.000063,,,,,,,,
109061604,4.64505e+06,2,个,0.9745,,0.974539,,0.025461,,,,,,,,,,,,,,,,,,,,,,,,,,,,
109025502,4.58644e+06,6,个,0.7987,,0.798650,0.070829,0.045895,,,,0.084282,,,,,,,0.000181,,,,,0.000164,,,,,,,,,,,,
104010805,4.54498e+06,8,OTHER,0.3574,0.005541,0.167179,0.096218,0.180590,,,,0.357402,,,,,0.187679,0.002420,,,,,0.002970,,,,,,,,,,,,,
108041109,4.50628e+06,7,千克,0.8378,0.837760,0.126244,0.000947,0.012894,,,0.008500,,,,0.000407,,,,,,,,,,,,,0.013248,,,,,,,,
109061502,4.45902e+06,3,套,0.5531,,0.438286,,0.553121,,,,0.008593,,,,,,,,,,,,,,,,,,,,,,,,
109022702,4.4544e+06,14,个,0.4763,0.071191,0.476329,0.067252,0.034797,,,,0.005766,0.001010,,0.013605,,,0.061919,0.012364,,0.000352,,0.145119,0.000020,,,,0.110217,0.000058,,,,,,,
302019900,4.37271e+06,10,UNKNOWN,0.6171,,0.006297,0.617116,0.000126,,,,0.000911,,0.012686,0.001969,0.146054,,0.031407,,0.183279,,,,,,,0.000154,,,,,,,,,
107021612,4.34199e+06,8,千克,0.6806,0.680618,0.005052,,,0.002418,,,,,,,,,,0.000214,,0.145680,,0.000866,0.028268,,0.136884,,,,,,,,,,
306011002,4.13427e+06,7,UNKNOWN,0.8211,,0.037247,0.821082,,,,,0.007554,,0.010129,,0.042216,,0.031025,,,,,,,0.050747,,,,,,,,,,,
104010307,4.10297e+06,8,个,0.4903,0.006242,0.490349,0.000518,0.000029,,,0.420351,,,,,,,,,,0.067126,,,,,,,0.013952,0.001435,,,,,,,
108041115,4.09758e+06,8,千克,0.7046,0.704634,0.021564,0.182815,0.000732,,,0.003589,0.080577,,,,,,,0.000433,,,,,,,,,,0.005656,,,,,,,
301050301,4.07431e+06,4,千克,0.9161,0.916115,,0.015607,,,,,,,,,0.014358,,0.053920,,,,,,,,,,,,,,,,,,
106050308,4.03933e+06,15,个,0.6228,0.159383,0.622788,0.006327,0.052655,,,0.037831,0.007293,0.083058,,0.000010,0.000198,0.000417,0.008679,0.000989,,,,,0.012301,,,,0.008046,,,0.000025,,,,,
109024006,4.02998e+06,6,个,0.5705,0.035794,0.570454,,0.173373,,,0.000052,,,,,,,0.220317,,,,,,,,,,,0.000009,,,,,,,
107021609,3.99876e+06,6,千克,0.7655,0.765458,0.102490,,,,,,,0.000022,,,,0.129453,,0.002138,,0.000440,,,,,,,,,,,,,,,
106051004,3.99144e+06,6,个,0.7168,0.000267,0.716760,0.004610,0.068618,,,,0.208742,,,,,,,,,0.001002,,,,,,,,,,,,,,,
101030199,3.97296e+06,10,千克,0.5224,0.522413,0.257817,0.091671,,,,,0.001096,0.070401,,0.000024,,,,0.001530,,0.000151,,0.054867,,,,,,,,0.000030,,,,,
101010701,3.92816e+06,11,千克,0.8220,0.822045,0.007765,0.000010,0.127777,,,,0.004357,0.000346,,,,,,0.003829,,0.000005,,0.031848,0.001563,,,,,,,0.000455,,,,,
109020503,3.92537e+06,10,个,0.9135,,0.913533,0.001305,0.055475,,,0.014509,0.002191,0.000367,,,,,,0.000147,,0.000121,,,,,,,0.012271,0.000081,,,,,,,
104011304,3.91292e+06,10,个,0.8816,0.045373,0.881583,0.000057,0.001150,,,0.011449,0.051509,,,0.000034,,,,,,0.000181,,0.000135,,,,,0.008529,,,,,,,,
105020203,3.91053e+06,8,套,0.4123,0.154258,0.262692,0.000184,0.412256,,,0.000265,0.160093,,,,,,0.010229,,0.000024,,,,,,,,,,,,,,,,
109061303,3.87217e+06,3,套,0.3685,,0.356314,0.275158,0.368527,,,,,,,,,,,,,,,,,,,,,,,,,,,,
102049902,3.777e+06,11,千克,0.8614,0.861425,0.085514,,0.035940,,,0.000411,0.004842,,,0.002011,,,0.007514,,,,,0.000952,0.000360,,,,0.000031,0.001001,,,,,,,
109024212,3.76206e+06,6,个,0.7813,,0.781282,0.031105,0.049773,,,,,0.004399,,0.008237,,,0.125203,,,,,,,,,,,,,,,,,,
109032601,3.72675e+06,9,个,0.5020,0.009805,0.501998,0.421452,0.042923,,,0.000572,0.007483,,,,,,0.010222,0.005232,,,,,,,,,0.000313,,,,,,,,
107021004,3.71129e+06,12,千克,0.7086,0.708554,0.000067,0.000226,0.000005,,,,0.000048,0.000175,,0.000009,,,,0.273025,,,,,0.007977,,0.006844,,0.000485,,,0.002585,,,,,
101011901,3.69919e+06,9,袋,0.9022,0.095412,0.000268,,0.000078,,,,0.000583,,,0.000118,,,,,,0.000906,,0.902237,,,0.000261,,0.000135,,,,,,,,
109032602,3.69704e+06,5,个,0.5063,,0.506256,,0.245822,,,0.093174,,,0.018393,,,,0.136355,,,,,,,,,,,,,,,,,,
108040503,3.69565e+06,4,千克,0.9327,0.932741,0.012923,,0.054185,,,,0.000150,,,,,,,,,,,,,,,,,,,,,,,,
109023904,3.68647e+06,5,个,0.9043,0.000053,0.904282,,0.000244,,,0.093767,,,,,,,,,,,,,,,,,,0.001655,,,,,,,
405030000,3.67108e+06,8,OTHER,0.8445,0.005065,0.001520,0.001364,,,,,0.844485,,0.006810,,0.030176,0.108960,,0.001621,,,,,,,,,,,,,,,,,
107020230,3.64705e+06,10,千克,0.9538,0.953751,0.000883,0.000313,,,,,0.002098,0.000746,,,,,,0.024032,,0.000494,,0.000052,0.017265,,,,0.000367,,,,,,,,
103010404,3.60787e+06,10,千克,0.7312,0.731226,0.243669,,0.000720,,,,0.001636,0.002508,,,,,0.000117,0.012578,,0.000431,,0.006503,,,,,,,,0.000612,,,,,
102040304,3.50639e+06,4,千克,0.9529,0.952854,0.014337,,,,,,,,,,,,,,,,,,0.004575,,,,,0.028234,,,,,,,
109060403,3.49238e+06,15,个,0.8737,0.021384,0.873658,,0.012108,,,0.010266,0.026070,0.003060,0.031823,0.001644,,0.000992,0.000086,0.008459,,,,0.006027,0.001523,,,,0.000108,0.002792,,,,,,,
109022407,3.47521e+06,3,套,0.7762,,0.216299,,0.776220,,,,,,,,,,0.007482,,,,,,,,,,,,,,,,,,
109023705,3.45453e+06,4,个,0.9481,,0.948087,,0.048574,,,,0.000612,,,,,,,,,,,,,,,,,0.002727,,,,,,,
101020405,3.45125e+06,7,千克,0.8507,0.850719,0.066587,,0.000030,,,,0.024144,,,,,0.001243,,,,0.056316,,,,,,,,0.000962,,,,,,,
106050302,3.36333e+06,12,千克,0.5119,0.511856,0.020656,0.001060,0.030320,0.132295,,0.001113,0.143774,0.000548,,,,,,0.008354,,0.000006,,,0.149813,,,,,0.000205,,,,,,,
109021702,3.15281e+06,4,个,0.8972,,0.897234,0.064622,0.020452,,,0.017692,,,,,,,,,,,,,,,,,,,,,,,,,
107021610,3.14929e+06,8,千克,0.7794,0.779441,0.029013,,,0.002180,,,,,,,,,0.181263,0.005222,,0.000011,,,0.002623,,,,,,,0.000247,,,,,
107021805,3.13719e+06,9,盒,0.5006,,0.075950,0.019345,0.031155,,,,0.360964,0.000711,,0.500597,,,0.005228,,,,,,,,,,0.005393,0.000657,,,,,,,
301050500,3.13416e+06,2,千克,0.9973,0.997320,,0.002680,,,,,,,,,,,,,,,,,,,,,,,,,,,,,
101010801,3.10492e+06,6,千克,0.8950,0.895014,0.070234,0.032340,,,,,,,,0.002166,,,,0.000033,,0.000213,,,,,,,,,,,,,,,
106051106,3.09326e+06,6,个,0.5895,0.153252,0.589462,0.159146,0.029687,,,,0.066707,,,0.001747,,,,,,,,,,,,,,,,,,,,,
102050513,3.07516e+06,6,UNKNOWN,0.4868,0.364573,0.010523,0.486843,0.070663,0.066943,,,,,,,0.000455,,,,,,,,,,,,,,,,,,,,
302020000,2.99767e+06,8,票,0.4917,,0.054459,0.425352,,,,,0.027581,,0.000117,,0.000271,,,0.000222,,,,,,,,0.000306,,,,,,0.491692,,,
109061005,2.99535e+06,5,个,0.6522,0.000896,0.652195,0.005884,0.340858,,,,,,,,,,,,,,,,,,,,0.000167,,,,,,,,
103011600,2.99096e+06,11,千克,0.5546,0.554576,0.310505,,0.001270,,,,0.019713,0.057507,,0.013669,,,0.003710,0.020697,,,,0.009144,,,,,,0.008382,,0.000827,,,,,
101011303,2.97135e+06,10,千克,0.8058,0.805784,0.002152,0.001894,,,,0.009794,0.005559,,,0.000004,,,0.032469,0.000277,,0.000052,,,,,,0.142016,,,,,,,,,
109023707,2.93616e+06,6,个,0.7745,0.043590,0.774486,0.003420,0.176156,,,,0.002338,,,,,,,,,,,0.000011,,,,,,,,,,,,,
109032603,2.92361e+06,11,个,0.5092,,0.509189,0.383994,0.001625,,,0.026289,0.000052,,0.075249,0.000032,,,,0.000003,,,,,0.000051,,,,0.002489,0.001027,,,,,,,
109023901,2.91422e+06,6,个,0.4371,0.039884,0.437079,0.367907,0.152326,,0.002083,0.000721,,,,,,,,,,,,,,,,,,,,,,,,,
109020206,2.85111e+06,7,个,0.4719,,0.471868,,0.058162,0.003220,,0.000917,0.461504,,,,,,,0.000086,,,,,0.004243,,,,,,,,,,,,
109022399,2.8173e+06,10,套,0.3480,0.246512,0.214228,0.001916,0.347984,,,0.001065,0.000008,,,0.022438,,,0.153695,0.007078,,,,,0.005076,,,,,,,,,,,,
307050200,2.77086e+06,6,千克,0.5373,0.537338,,0.170180,,0.288719,,,0.001417,,,,0.000722,,,,,,,,,,,0.001624,,,,,,,,,
109062203,2.73331e+06,7,平方米,0.5898,,0.163392,0.011451,0.070011,,,0.037317,0.000020,,,,,0.589759,0.128050,,,,,,,,,,,,,,,,,,
109021602,2.71263e+06,6,套,0.5925,,0.400768,0.005015,0.592518,,,,0.001364,0.000128,,,,0.000206,,,,,,,,,,,,,,,,,,,
107021701,2.67179e+06,4,千克,0.9554,0.955364,0.020991,,,,,,0.023467,,,0.000178,,,,,,,,,,,,,,,,,,,,,
109051402,2.66879e+06,7,个,0.8398,0.003747,0.839781,0.002672,0.128539,,,0.023523,,,,,,,0.001461,,,,,,,,,,,0.000276,,,,,,,
109041204,2.64589e+06,7,套,0.4817,0.104142,0.398049,0.000620,0.481705,,,,0.011713,,,,,,0.003621,0.000151,,,,,,,,,,,,,,,,,
106051108,2.63713e+06,3,个,0.9931,,0.993115,0.004324,,,,,,,,0.002561,,,,,,,,,,,,,,,,,,,,,
106041007,2.5583e+06,11,批,0.5019,0.003356,0.271647,0.057951,0.151022,,,,0.011788,,,0.000229,,,0.501861,0.000203,,0.000801,,,0.000078,,,,0.001063,,,,,,,,
109061799,2.55684e+06,10,个,0.6516,,0.651551,,0.197406,,,0.000743,0.000211,,,0.000202,0.000638,0.141864,,,,0.005319,,,,,,,0.001345,0.000720,,,,,,,
306011003,2.52285e+06,7,笔,0.7405,0.027644,0.071582,0.011697,,,,,,,0.003238,,0.114257,,,,,,,,,0.740506,,0.031076,,,,,,,,,
109060309,2.50154e+06,7,套,0.5666,,0.104907,0.000578,0.566558,,,0.000256,0.327594,,,,,,,,,0.000068,,,,,,,0.000038,,,,,,,,
107021705,2.49667e+06,10,个,0.5998,0.156693,0.599840,0.000068,0.014083,,,,0.068836,0.055815,,,,,0.015490,0.014067,,,,,0.074728,,,,,,,0.000381,,,,,
104010806,2.46925e+06,9,套,0.3449,0.020411,0.263733,,0.344926,,,0.176809,0.006251,,,,,0.178423,,,,,,0.008125,,,,,0.000395,0.000927,,,,,,,
106050201,2.37466e+06,10,个,0.6756,0.001651,0.675578,0.046051,0.074175,,,0.000109,,,,0.000743,,0.003362,0.133510,0.000390,,,,,,,,,0.064430,,,,,,,,
103021204,2.33158e+06,15,个,0.4249,0.351874,0.424942,0.002975,0.021032,,,0.000102,0.005206,0.075690,,0.001937,,,0.051832,0.001549,,0.040194,,0.012167,,,,,0.000172,0.006222,,,,,,0.004108,
109032303,2.3304e+06,3,个,0.9600,0.002703,0.959992,,,0.037305,,,,,,,,,,,,,,,,,,,,,,,,,,,
109040203,2.30839e+06,5,个,0.7925,0.153534,0.792524,0.001692,0.038526,,,0.013724,,,,,,,,,,,,,,,,,,,,,,,,,
106050304,2.30003e+06,9,千克,0.7293,0.729317,0.220006,0.002870,0.000243,,,,,0.001407,,,,,0.000552,0.007479,,,,,0.015431,,,,,,,0.022695,,,,,
101020407,2.26929e+06,11,OTHER,0.4087,0.156405,0.001576,,0.000741,0.074289,,0.000353,0.408674,,,0.344130,,,0.002617,0.000075,,0.010763,,0.000377,,,,,,,,,,,,,
304080203,2.19462e+06,2,UNKNOWN,0.9975,,,0.997493,,,,,,,,,,,0.002507,,,,,,,,,,,,,,,,,,
405020000,2.15263e+06,9,批,0.5129,,0.000813,0.044221,,,,,0.127507,,,,0.246136,0.010338,0.512941,0.002247,0.050128,,,,0.005667,,,,,,,,,,,,
101050500,2.14984e+06,8,千克,0.9573,0.957264,0.011164,0.000527,,,,,0.026274,,,0.003080,,,,0.000138,,0.000349,,0.001204,,,,,,,,,,,,,
108032406,2.14276e+06,2,立方米,0.6631,0.336949,,,,0.663051,,,,,,,,,,,,,,,,,,,,,,,,,,,
109060505,2.12346e+06,6,个,0.5593,,0.559333,0.018517,0.414173,,,,0.004709,,,,0.000141,,,0.003127,,,,,,,,,,,,,,,,,
301049902,2.10471e+06,1,个,1.0000,,1.000000,,,,,,,,,,,,,,,,,,,,,,,,,,,,,,
109025204,2.07887e+06,5,个,0.9987,,0.998683,,0.000770,,,,,,,0.000273,,,,0.000144,,,,,0.000130,,,,,,,,,,,,
109022306,2.05639e+06,7,个,0.9273,0.028912,0.927288,,0.024441,,,0.015302,,0.000389,,,0.002749,,,,,0.000919,,,,,,,,,,,,,,,
108041110,2.04988e+06,4,千克,0.9438,0.943764,0.042057,0.012867,0.001311,,,,,,,,,,,,,,,,,,,,,,,,,,,,
109061006,1.98637e+06,5,个,0.7635,,0.763472,,0.197878,,,,,,0.004721,,,,0.033752,,,,,,,,,,0.000176,,,,,,,,
301040202,1.96435e+06,2,立方米,0.7012,,,,,0.701173,,,,,,,,,,,,,,,,,,0.298827,,,,,,,,,
107040306,1.96127e+06,5,千克,0.9957,0.995698,0.001647,,,,,0.000816,,0.001224,,,,,,0.000616,,,,,,,,,,,,,,,,,
109042204,1.9279e+06,12,个,0.4673,0.149768,0.467337,0.013373,0.001157,0.123281,,,0.001084,0.067101,,0.014482,,,,0.025752,,,,0.118959,0.007489,,,,,,,0.010219,,,,,
109022803,1.90807e+06,3,个,0.4469,0.345856,0.446924,,0.207220,,,,,,,,,,,,,,,,,,,,,,,,,,,,
108031399,1.9021e+06,5,千克,0.7556,0.755622,0.244225,,,,,,0.000026,,,0.000053,,,,,,0.000074,,,,,,,,,,,,,,,
108012202,1.89791e+06,10,个,0.7365,0.057084,0.736492,0.074278,0.092315,,,,0.039285,0.000165,,0.000067,,,,0.000160,,,,0.000077,,,0.000077,,,,,,,,,,
109010708,1.84026e+06,8,个,0.6305,0.000136,0.630459,0.000205,0.014410,,,0.186208,0.167749,,,0.000041,,,,,,,,,,,,,,0.000791,,,,,,,
101050700,1.83575e+06,6,千克,0.9699,0.969873,0.014539,0.000057,,,,,0.011897,,,,,,0.002930,,,,,0.000704,,,,,,,,,,,,,
104020405,1.83367e+06,5,个,0.9867,0.012097,0.986736,0.000097,,,,,0.001004,,,,,,,,,,,,,,,,0.000065,,,,,,,,
109012805,1.78218e+06,5,套,0.6453,,0.314024,0.027435,0.645336,,,,,,,,,,,0.013036,,,,,0.000168,,,,,,,,,,,,
109061302,1.77494e+06,3,个,0.9482,,0.948196,,0.049692,,,,,,,,,,,,,,,,,,,0.002113,,,,,,,,,
107021607,1.77117e+06,11,千克,0.6407,0.640735,0.214900,0.036727,0.003032,,,0.000248,0.005584,0.000691,,0.077326,,,,0.013918,,,,,0.006500,,,,,0.000339,,,,,,,
109023903,1.74898e+06,2,个,0.9999,0.000088,0.999912,,,,,,,,,,,,,,,,,,,,,,,,,,,,,,
109023503,1.72596e+06,3,个,0.9382,,0.938208,0.057649,0.004143,,,,,,,,,,,,,,,,,,,,,,,,,,,,
110030204,1.69716e+06,9,个,0.7020,,0.701958,0.009441,0.000519,,,,0.244444,0.008838,,,,,0.013257,0.016823,,0.000654,,,0.004066,,,,,,,,,,,,
109023203,1.68765e+06,13,套,0.3413,0.022724,0.279227,,0.341315,,,0.000245,0.241950,0.003911,,0.008480,0.036942,,,0.000640,,,,0.001256,0.009063,,,,,0.052391,,0.001856,,,,,
102049903,1.65631e+06,7,千克,0.9031,0.903102,0.076325,,0.009613,,,0.002462,0.004987,,,,,,,0.000009,,,,,0.003502,,,,,,,,,,,,
103020905,1.64106e+06,10,个,0.7359,0.002647,0.735929,,,,,,0.197060,0.018588,,0.000660,,,,0.003744,,0.001008,,0.040180,0.000139,,0.000044,,,,,,,,,,
109013606,1.62269e+06,6,千克,0.5109,0.510942,0.453343,,,,,,0.018579,0.009096,,,0.000616,,,,,,,,,,,,0.007424,,,,,,,,
109023905,1.59509e+06,6,个,0.9627,,0.962716,,,,,,0.002746,,,,,0.027435,,,,0.000050,,0.004702,,,,,,0.002351,,,,,,,
108032103,1.56217e+06,5,立方米,0.4680,0.337469,0.135156,,,0.468039,,,0.000059,,,,,0.059277,,,,,,,,,,,,,,,,,,,
109023999,1.54225e+06,3,OTHER,0.8449,,0.006001,,0.149132,,,,0.844866,,,,,,,,,,,,,,,,,,,,,,,,
104030504,1.52824e+06,5,个,0.9885,,0.988496,,0.008979,,,,0.000979,,,,,0.000079,,,,,,,,,,,0.001467,,,,,,,,
109024608,1.50696e+06,3,个,0.9756,,0.975627,,0.023595,,,,,,,,,,,,,,,0.000779,,,,,,,,,,,,,
109042206,1.49282e+06,6,个,0.8668,,0.866782,0.050529,0.027178,,,,0.033422,,,,,,,,,,,,,,0.001288,,,0.020802,,,,,,,
106050803,1.45641e+06,8,套,0.4316,0.074823,0.008458,0.000347,0.431578,,,,0.002228,0.361986,,,,0.112531,0.008048,,,,,,,,,,,,,,,,,,
109061611,1.45019e+06,4,个,0.7907,,0.790726,0.000221,0.208040,,,,,,,0.001013,,,,,,,,,,,,,,,,,,,,,
109022303,1.37704e+06,4,个,0.8044,,0.804375,0.039249,0.153082,,,,,,0.003294,,,,,,,,,,,,,,,,,,,,,,
101010702,1.35966e+06,8,千克,0.9740,0.973990,0.013945,,,,0.004855,,,0.000335,,0.002399,,0.003571,,0.000150,,,,0.000755,,,,,,,,,,,,,
106020504,1.34588e+06,10,盒,0.6785,0.021399,0.098752,0.024549,,0.060332,0.111406,0.002247,,,,0.678495,,,,,,0.000461,,,,,,,,0.001170,,,,,,0.001189,
109032403,1.31139e+06,4,套,0.8175,,0.101325,0.077114,0.817451,,,,,,,,,,0.004110,,,,,,,,,,,,,,,,,,
405010200,1.29994e+06,3,UNKNOWN,0.9138,,0.083114,0.913844,0.003042,,,,,,,,,,,,,,,,,,,,,,,,,,,,
301059901,1.29011e+06,6,票,0.5766,0.102308,0.084567,0.092039,,,,,,,,,,,,0.004919,,,,,,,,0.139523,,,,,,0.576645,,,
109023702,1.26283e+06,1,个,1.0000,,1.000000,,,,,,,,,,,,,,,,,,,,,,,,,,,,,,
105011006,1.25798e+06,5,千克,0.7717,0.771705,0.222742,0.001234,0.000024,,,,0.004295,,,,,,,,,,,,,,,,,,,,,,,,
106020402,1.24998e+06,9,OTHER,0.7266,,0.147271,0.010435,0.006101,,,0.099318,0.726591,,0.004480,0.001802,,,0.000261,,,,,,,,,,0.003741,,,,,,,,
302010300,1.18739e+06,6,UNKNOWN,0.4096,,0.163449,0.409632,0.005053,,,,,,,,,,0.011700,,,,,,,,0.407797,0.002368,,,,,,,,,
109024607,1.18372e+06,4,套,0.8997,,0.090256,0.010029,0.899703,,,,,,,0.000011,,,,,,,,,,,,,,,,,,,,,
107029905,1.17012e+06,14,盒,0.3192,0.215165,0.285379,0.007016,0.002960,,,0.035462,0.003101,0.001118,,0.319162,,,0.034068,0.029378,,0.024035,,,0.031237,,,,0.011748,0.000171,,,,,,,
102050511,1.14782e+06,2,千克,0.9468,0.946751,0.053249,,,,,,,,,,,,,,,,,,,,,,,,,,,,,,
301050401,1.13832e+06,4,UNKNOWN,0.9540,,0.000103,0.954040,,,,,0.005401,,,,0.040456,,,,,,,,,,,,,,,,,,,,
101030203,1.10317e+06,4,千克,0.8385,0.838491,0.130906,0.023802,,,,,0.006800,,,,,,,,,,,,,,,,,,,,,,,,
109025403,1.09479e+06,5,个,0.5916,0.025384,0.591562,,0.032929,,,0.024260,0.325864,,,,,,,,,,,,,,,,,,,,,,,,
109061505,1.09111e+06,8,千克,0.3997,0.399690,0.104763,0.060688,0.016392,0.122772,,0.096456,0.199183,,,,,,,,,,,,,,,,0.000055,,,,,,,,
301030103,1.08054e+06,4,千克,0.8391,0.839107,0.000011,0.134969,,,,,,,,,,,,,0.025913,,,,,,,,,,,,,,,,
109061306,1.06418e+06,4,个,0.8967,,0.896709,0.004207,0.098671,,,,,,,,,,0.000413,,,,,,,,,,,,,,,,,,
102040109,1.05244e+06,6,个,0.9908,,0.990817,,0.000314,,,,0.000056,,,0.004456,,,,0.002751,,,,,0.001607,,,,,,,,,,,,
101050600,1.05137e+06,9,千克,0.7017,0.701726,0.089453,0.000728,,,,,0.002091,0.009168,,0.091253,,,,0.103771,,0.000021,,0.001789,,,,,,,,,,,,,
102050517,1.03956e+06,9,千克,0.4788,0.478838,0.115117,,0.398374,,,0.005820,0.000185,,,,,,,0.000192,,0.000076,,0.001185,0.000214,,,,,,,,,,,,
106051008,1.02548e+06,3,个,0.6491,,0.649066,0.002340,,,,,0.348594,,,,,,,,,,,,,,,,,,,,,,,,
106050602,1.02071e+06,11,个,0.5907,0.011756,0.590658,0.030956,,,,0.035661,0.024199,0.000137,,0.002465,,,0.303909,0.000025,,0.000199,,,,,,,0.000034,,,,,,,,
107022605,1.02041e+06,2,千克,0.9989,0.998932,0.001068,,,,,,,,,,,,,,,,,,,,,,,,,,,,,,
306010700,1.01953e+06,3,立方米,0.9122,,,0.048580,,0.912184,,,,,,,0.039236,,,,,,,,,,,,,,,,,,,,
501010300,995835,5,UNKNOWN,0.8507,,0.135504,0.850660,,,,,0.004646,0.000151,,,,,,,0.009038,,,,,,,,,,,,,,,,
106051102,947897,5,套,0.8485,0.046630,0.100755,0.001001,0.848509,,,0.003105,,,,,,,,,,,,,,,,,,,,,,,,,
109022301,946546,8,个,0.6993,0.040138,0.699340,0.001289,0.008629,,,,0.002360,,,0.000852,,0.247098,,,,0.000294,,,,,,,,,,,,,,,
106050804,909929,6,千克,0.6397,0.639675,0.110529,0.196499,0.006462,,,0.040614,,,,,,,0.006220,,,,,,,,,,,,,,,,,,
102050508,902798,2,千克,0.9999,0.999914,,,,,,,0.000086,,,,,,,,,,,,,,,,,,,,,,,,
101011904,825520,4,桶,0.5026,0.492010,0.001560,,,,,,,,,,,,,,,,,0.003794,0.502636,,,,,,,,,,,,
108032104,802357,3,千克,0.9959,0.995882,0.003739,,,,,,,,,,,,,0.000379,,,,,,,,,,,,,,,,,
110020104,798523,4,千克,0.9554,0.955404,,,,0.007367,0.027711,,,,,,,,,0.009518,,,,,,,,,,,,,,,,,
109031806,738416,4,UNKNOWN,0.6094,,0.068547,0.609413,0.197991,,,,0.124049,,,,,,,,,,,,,,,,,,,,,,,,
301050100,733979,4,个,0.8396,0.058857,0.839594,0.032358,,,,,,,,,,,,,,,,,,,,,,,,,,0.069191,,,
105010505,727217,10,平方米,0.3455,0.012871,0.158990,0.094057,0.000817,0.090963,0.291309,,0.001925,,,0.002662,,0.345497,,,,,,,0.000908,,,,,,,,,,,,
109025404,713268,4,套,0.6683,,0.281462,,0.668290,,0.003701,,,,,,0.046546,,,,,,,,,,,,,,,,,,,,
107030703,672517,5,盒,0.3930,,0.096422,,,,,,0.282542,,,0.393000,,,,0.112466,,,,0.115570,,,,,,,,,,,,,
109021805,661391,5,个,0.5625,0.108380,0.562523,,0.248829,,,,0.067373,,,,,,,,,,,,,,,,0.012894,,,,,,,,
109031803,626710,3,个,0.9281,,0.928082,,0.006383,,,,,,,,,0.065536,,,,,,,,,,,,,,,,,,,
108041116,623497,2,OTHER,0.9978,,,0.002165,,,,,0.997835,,,,,,,,,,,,,,,,,,,,,,,,
108032411,615997,1,千克,1.0000,1.000000,,,,,,,,,,,,,,,,,,,,,,,,,,,,,,,
106041006,600350,5,个,0.5192,,0.519198,,0.059156,,,0.004254,,,,,,,,0.417009,,,,,,,,,,0.000383,,,,,,,
108041118,592138,1,千米,1.0000,,,,,,,1.000000,,,,,,,,,,,,,,,,,,,,,,,,,
109023902,568031,2,个,0.9229,,0.922892,,0.077108,,,,,,,,,,,,,,,,,,,,,,,,,,,,
105011004,541856,4,个,0.5884,,0.588371,0.002049,,,,,0.001292,,,,,,,0.408289,,,,,,,,,,,,,,,,,
101030499,534105,3,千克,0.9980,0.998000,0.000599,,,,,,,,,,,,,,,,,0.001400,,,,,,,,,,,,,
109021807,532211,5,副,0.5585,,0.237059,,0.201528,,,,,,,,,,,0.001691,,,,,0.001203,,,,0.558519,,,,,,,,
109042604,530828,3,套,0.9099,,0.088066,,0.909900,,,,0.002034,,,,,,,,,,,,,,,,,,,,,,,,
102050306,529219,4,千克,0.6495,0.649467,0.214578,,0.134538,,,,,,,,,,,,,,,0.001417,,,,,,,,,,,,,
109061202,526165,4,个,0.6314,,0.631408,,0.365475,,,,,,,0.002243,0.000874,,,,,,,,,,,,,,,,,,,,
109042202,506144,1,个,1.0000,,1.000000,,,,,,,,,,,,,,,,,,,,,,,,,,,,,,
106051107,504600,4,个,0.8451,,0.845051,,0.149134,,,,0.003834,,,,,,,,,,,,,,0.001980,,,,,,,,,,
109024606,503770,7,个,0.5601,0.056176,0.560111,,0.379998,,,0.000051,,,,0.001806,,,,0.000869,,0.000989,,,,,,,,,,,,,,,
108032207,495378,2,立方米,0.5616,,0.438415,,,0.561585,,,,,,,,,,,,,,,,,,,,,,,,,,,
108041119,493917,6,千克,0.9077,0.907668,0.089609,,,,,,0.000385,,,,,,,,,0.000111,,0.001923,,,,,,0.000304,,,,,,,
108041117,485520,1,千克,1.0000,1.000000,,,,,,,,,,,,,,,,,,,,,,,,,,,,,,,
109025101,475655,3,个,0.9752,,0.975182,0.000536,,,,,,0.024282,,,,,,,,,,,,,,,,,,,,,,,
109010510,473798,5,个,0.7143,,0.714257,,0.281652,,,0.001625,0.001377,,,,,,,,,,,,,,,,0.001089,,,,,,,,
306010200,470819,3,次,0.5255,,,0.446460,,,0.028074,,,,,,0.525467,,,,,,,,,,,,,,,,,,,,
101011902,470600,2,千克,0.9836,0.983638,,,,,,,,,,,,0.016362,,,,,,,,,,,,,,,,,,,
101011304,463657,4,OTHER,0.8839,0.069466,0.044994,,,,,,0.883930,,,,,,,0.001610,,,,,,,,,,,,,,,,,
109032802,460358,3,个,0.9904,,0.990423,,0.006743,,,,0.002835,,,,,,,,,,,,,,,,,,,,,,,,
302010200,453254,4,个,0.4532,,0.453245,0.091472,0.150026,,,,,,,,,,0.305257,,,,,,,,,,,,,,,,,,
109023801,452628,9,个,0.3601,0.034073,0.360110,0.013654,0.149245,,,0.111242,0.014475,,0.018845,,0.004419,0.293937,,,,,,,,,,,,,,,,,,,
109021806,426798,5,袋,0.3874,0.094834,0.285388,0.044950,0.187442,,,,,,,,,,,,,,,0.387386,,,,,,,,,,,,,
101030401,423392,6,个,0.7281,0.211340,0.728123,0.006673,,,,,,0.012212,,,,,0.041439,,,,,0.000213,,,,,,,,,,,,,
109060805,409330,2,个,0.7545,,0.754467,,0.245533,,,,,,,,,,,,,,,,,,,,,,,,,,,,
106050306,396567,7,桶,0.3153,0.231474,0.067510,0.212663,,,,,0.121039,,,,,0.018030,,,,,,,0.315329,,,,,,,0.033956,,,,,
109061504,392160,4,个,0.6326,0.081599,0.632609,,0.155559,,,,,,,,,,,,,,,,0.130233,,,,,,,,,,,,
106041005,387368,3,个,0.5895,0.082916,0.589541,,0.327544,,,,,,,,,,,,,,,,,,,,,,,,,,,,
106050303,385316,11,罐,0.3175,0.000324,0.219964,0.052448,,0.004282,,,0.000467,0.008907,,,0.010148,,0.116528,0.002540,,,,,0.266939,,,,,,,0.317453,,,,,
108012201,339732,1,个,1.0000,,1.000000,,,,,,,,,,,,,,,,,,,,,,,,,,,,,,
108032407,337905,6,千克,0.5557,0.555737,0.002901,,,,,0.213053,0.000020,0.000651,,,,0.227638,,,,,,,,,,,,,,,,,,,
302010400,318138,4,个,0.5234,,0.523359,,,,,,0.332215,,,,,,,,,,,,,,,0.124058,,0.020369,,,,,,,
107021614,296831,7,千克,0.6580,0.657999,0.185897,0.028205,,,,,0.000402,,,,,,,0.002779,,,,0.122292,,,,,,,,0.002426,,,,,
110020105,291454,3,个,0.9405,0.015515,0.940456,,,0.044029,,,,,,,,,,,,,,,,,,,,,,,,,,,
108032206,272864,3,个,0.7655,,0.765451,,0.084291,,,,,,,,,0.150258,,,,,,,,,,,,,,,,,,,
301020401,257807,10,UNKNOWN,0.3790,0.308554,0.000352,0.378994,,,,,0.001542,0.000189,,0.000492,,0.308148,,0.000456,,,,0.001126,,,,,,0.000147,,,,,,,
109042205,245551,8,个,0.7295,,0.729500,,0.014579,,,,,0.167318,,0.003054,,,,0.002522,,0.003555,,,0.026219,,,,,,,0.053253,,,,,
101030107,235064,3,箱,0.8267,,0.170239,,,,,,,0.826655,,,,,,,,,,0.003106,,,,,,,,,,,,,
102040402,226493,3,个,0.7109,0.232073,0.710888,,0.057039,,,,,,,,,,,,,,,,,,,,,,,,,,,,
107030704,219902,4,个,0.8438,,0.843825,,,,,,0.034256,,,0.112169,,,,0.009750,,,,,,,,,,,,,,,,,
106050211,205304,5,个,0.8113,,0.811330,,0.003604,,,0.175349,,,,0.003871,,,,,,,,,,,,,0.005845,,,,,,,,
110030201,205298,4,套,0.6137,0.370905,0.008922,,0.613743,,,,,,,,,,,,,,,,0.006430,,,,,,,,,,,,
109032402,187902,3,个,0.6344,,0.634356,0.347549,0.018095,,,,,,,,,,,,,,,,,,,,,,,,,,,,
109025501,167724,7,平方米,0.6029,,0.281242,,0.085855,,,0.011447,0.000080,,,,,0.602899,0.018423,,,0.000054,,,,,,,,,,,,,,,
108031107,146279,2,个,0.9225,,0.922477,,,,,,,,,,,0.077523,,,,,,,,,,,,,,,,,,,
109023805,121921,4,批,0.5577,,0.068405,,0.350980,,,,,,,,,0.022895,0.557720,,,,,,,,,,,,,,,,,,
101030402,116329,4,千克,0.9578,0.957836,0.024989,,,,,,0.007272,,,,,,,,,0.009903,,,,,,,,,,,,,,,
304040503,115595,2,UNKNOWN,0.9939,,,0.993944,,,,,,,,,,,,,,,,,,,,,,,,,,0.006056,,,
101011905,109042,4,千克,0.9382,0.938215,,0.003043,,,,,,,,,,,,,,0.051173,,0.007570,,,,,,,,,,,,,
301060100,103849,2,项,0.6302,,,0.369759,,,,,,,0.630241,,,,,,,,,,,,,,,,,,,,,,
307050100,95716,1,OTHER,1.0000,,,,,,,,1.000000,,,,,,,,,,,,,,,,,,,,,,,,
306040100,92350,1,UNKNOWN,1.0000,,,1.000000,,,,,,,,,,,,,,,,,,,,,,,,,,,,,
108032412,80000,1,UNKNOWN,1.0000,,,1.000000,,,,,,,,,,,,,,,,,,,,,,,,,,,,,
109022305,75625,3,瓶,0.5136,,0.484826,,,,,,,,,,,,,0.513587,,0.001587,,,,,,,,,,,,,,,
109032604,74912,2,个,0.9106,,0.910562,,0.089438,,,,,,,,,,,,,,,,,,,,,,,,,,,,
102050518,74500,3,千克,0.9339,0.933926,0.064329,,,,,,,,,,,,,0.001745,,,,,,,,,,,,,,,,,
301040102,70770,2,千米,0.8160,,0.183976,,,,,0.816024,,,,,,,,,,,,,,,,,,,,,,,,,
110030203,70678.4,2,个,0.8970,,0.896998,,,,,,,,,0.103002,,,,,,,,,,,,,,,,,,,,,
102050308,67364.4,7,千克,0.6543,0.654253,0.202050,,,,,,0.011133,0.103913,,0.003340,,,0.025162,,,,,,,,,,,0.000148,,,,,,,
108032208,60150,2,个,0.9734,0.026600,0.973400,,,,,,,,,,,,,,,,,,,,,,,,,,,,,,
101030105,55358.5,4,盒,0.9894,,0.000372,,,,,,,,,0.989377,,,,0.006476,,,,,0.003775,,,,,,,,,,,,
109051403,51817,2,个,0.9811,,0.981087,,,,,,,,,,,,,,,,,,,,,,,0.018913,,,,,,,
306010600,51025,2,UNKNOWN,0.9995,,,0.999510,,,,,,,,,,,,,,,,,,,0.000490,,,,,,,,,,
306010400,45670,2,个,0.7743,,0.774250,0.225750,,,,,,,,,,,,,,,,,,,,,,,,,,,,,
301050601,41950,3,个,0.9702,,0.970203,,,,,,0.003576,,,,0.026222,,,,,,,,,,,,,,,,,,,,
109023703,34523.3,1,个,1.0000,,1.000000,,,,,,,,,,,,,,,,,,,,,,,,,,,,,,
106051109,32942,1,个,1.0000,,1.000000,,,,,,,,,,,,,,,,,,,,,,,,,,,,,,
307050400,31444.8,4,月,0.7770,,,0.147624,,,,,,,,,,,,,0.777006,0.013357,,,,,,,,0.062013,,,,,,,
102050510,28568.2,3,个,0.8503,0.149642,0.850316,,,,,,0.000042,,,,,,,,,,,,,,,,,,,,,,,,
301040103,20681.3,2,千克,0.9671,0.967120,,,,0.032880,,,,,,,,,,,,,,,,,,,,,,,,,,,
306010500,17670.5,2,箱,0.8663,0.133737,,,,,,,,0.866263,,,,,,,,,,,,,,,,,,,,,,,
301020103,3960,1,千克,1.0000,1.000000,,,,,,,,,,,,,,,,,,,,,,,,,,,,,,,
108032205,2527.8,1,千克,1.0000,1.000000,,,,,,,,,,,,,,,,,,,,,,,,,,,,,,,
109010707,2200.5,1,个,1.0000,,1.000000,,,,,,,,,,,,,,,,,,,,,,,,,,,,,,
109025206,1050,1,个,1.0000,,1.000000,,,,,,,,,,,,,,,,,,,,,,,,,,,,,,
306030203,368,1,份,1.0000,,,,,,,,,,,,,,,,,,,,,,1.000000,,,,,,,,,,
306040300,42.65,1,UNKNOWN,1.0000,,,1.000000,,,,,,,,,,,,,,,,,,,,,,,,,,,,,
109021604,42.4,1,个,1.0000,,1.000000,,,,,,,,,,,,,,,,,,,,,,,,,,,,,,
