product_id,value,n_units_raw,n_units_std,n_dims,n_units_phys,dom_unit,dom_dim,dom_share
305010000,357108617534.4899,285,30,15,6,UNKNOWN,UNKNOWN,0.8041
109050501,292140941134.1606,162,24,12,4,个,COUNT,0.9789
108030100,283599989390.9602,131,20,12,6,千克,MASS,0.9963
102010200,222931694627.93002,57,20,12,6,千克,MASS,0.7325
102010100,201555569626.3102,97,22,13,6,千克,MASS,0.9754
109030501,190147511686.50986,133,26,14,6,个,COUNT,0.865
108020705,162344393099.94037,138,22,13,6,千克,MASS,0.9889
109050901,140300013139.94092,176,26,13,5,个,COUNT,0.9397
108020799,121835306236.28993,364,25,15,6,千克,MASS,0.9583
108020708,121064770548.5402,74,17,11,5,千克,MASS,0.9961
110010102,114216077480.01047,471,30,15,6,千瓦时,ENERGY,0.8485
109031001,106549361010.3102,34803,30,15,6,个,COUNT,0.8326
107021301,87856905281.81995,166,24,12,5,千克,MASS,0.9911
109041501,82748171523.08011,114,25,14,6,套,SET,0.7825
107010103,78407086418.16989,77,19,12,5,千克,MASS,0.822
107010101,78382839198.19992,101,23,14,6,千克,MASS,0.9069
107010104,75052360673.92023,73,20,13,6,千克,MASS,0.9921
109052201,71918370640.01056,121,21,12,4,个,COUNT,0.9653
102030100,68291575960.57998,82,21,12,6,千克,MASS,0.9868
301010202,67676764938.969925,650,29,14,6,千克,MASS,0.4466
108020707,63409691190.25006,217,24,13,6,千克,MASS,0.9657
108010102,63371760181.35007,117,23,13,6,千克,MASS,0.9921
108030602,63325831414.390045,74,18,11,5,千克,MASS,0.9713
108020710,60708896251.39003,95,21,13,6,千克,MASS,0.9904
305990000,59284991374.21005,196,28,14,5,UNKNOWN,UNKNOWN,0.8263
201050000,53012949204.58998,1024,31,15,6,个,COUNT,0.3183
108030202,51893247304.87995,59,16,10,4,千克,MASS,0.9898
108010301,51469730924.85984,150,24,13,6,立方米,VOLUME,0.9182
107021303,49014488778.45975,53,17,10,5,千克,MASS,0.9948
108040101,48661255643.639946,417,29,15,6,千克,MASS,0.5871
108020600,48062472818.02997,96,20,11,5,千克,MASS,0.9867
107010301,46611220360.139984,38,15,9,4,千克,MASS,0.9967
102020101,44062552012.559975,77,22,13,6,千克,MASS,0.9965
107020202,43202547839.05004,75,19,12,6,千克,MASS,0.9976
106010504,40324817088.659325,571,25,12,4,箱,CONTAINER,0.5139
304990000,40038396313.66997,501,30,15,6,UNKNOWN,UNKNOWN,0.71
109990000,39442386012.20993,1409,29,15,6,个,COUNT,0.5892
107010199,38944450304.4501,222,25,13,6,千克,MASS,0.9755
108031501,38883953471.50988,163,22,12,5,千克,MASS,0.9744
108020709,38696107494.99013,103,17,11,5,千克,MASS,0.9641
110010101,38637974707.86996,238,25,14,6,千瓦时,ENERGY,0.6427
108031601,37737171191.88999,315,25,14,5,千克,MASS,0.883
108020706,37622651714.59999,100,18,11,4,千克,MASS,0.9926
103010501,37507753709.72999,255,20,10,4,千克,MASS,0.7516
107060201,36972493127.34999,135,23,12,6,千克,MASS,0.9923
305020000,34559605423.52005,234,29,15,6,UNKNOWN,UNKNOWN,0.6757
108049900,34054596499.369987,764,28,15,6,个,COUNT,0.4514
108020704,33964884141.2398,135,21,12,5,千克,MASS,0.9877
107020209,33954145288.890026,61,13,7,3,千克,MASS,0.9976
107020217,33843080521.060036,26,11,8,4,千克,MASS,0.9957
307040200,33054513915.01974,718,21,13,5,UNKNOWN,UNKNOWN,0.8575
108031101,30808027103.96001,34,13,10,3,千克,MASS,0.9868
109040904,30264891922.590004,250,24,15,6,千米,LENGTH,0.597
107029999,30247145997.919975,411,25,13,6,千克,MASS,0.9327
102020200,29543074402.839985,69,19,14,6,立方米,VOLUME,0.9367
109041401,27595640938.74002,57,16,10,4,个,COUNT,0.996
102030200,27565438022.439938,50,19,12,5,千克,MASS,0.9861
304030301,27427680786.489983,182,26,13,5,UNKNOWN,UNKNOWN,0.6288
104010105,27394376396.950043,213,23,12,6,千米,LENGTH,0.8017
109041801,27207985040.309994,64,14,9,3,个,COUNT,0.9704
304020101,27178222205.43678,104,19,11,3,UNKNOWN,UNKNOWN,0.8563
103040201,26813532571.100014,66,18,10,4,个,COUNT,0.9942
304020300,26803933295.619984,208,25,13,5,UNKNOWN,UNKNOWN,0.6976
104010102,25806407825.509968,176,24,12,6,千克,MASS,0.9682
301010201,25614350361.309975,71,18,13,5,UNKNOWN,UNKNOWN,0.9277
107010111,25330993070.41,85,20,11,5,千克,MASS,0.9876
109051299,24688955074.281338,437,28,14,6,个,COUNT,0.8924
108031401,24170255973.970043,147,21,12,5,千克,MASS,0.9247
102019900,21678729616.52002,64,22,12,6,千克,MASS,0.9823
109051908,21342423346.12994,235,26,15,6,个,COUNT,0.613
108020711,21244987677.420002,70,17,11,5,千克,MASS,0.9899
101010401,21122452110.549984,82,20,11,4,千克,MASS,0.9962
103030200,20985152408.519993,179,22,12,5,瓶,CONTAINER,0.5598
109031002,20695325295.0,20022,28,15,6,个,COUNT,0.874
109061803,20658180056.010174,69,18,10,4,个,COUNT,0.9765
109041302,20548333885.489975,151,21,13,5,个,COUNT,0.6943
101010103,20530782071.939983,182,26,13,6,千克,MASS,0.9834
108020800,20492183072.82001,72,16,10,4,千克,MASS,0.9809
108020712,20264099647.45996,176,20,12,6,千克,MASS,0.9306
107022302,19788951997.270687,485,21,10,4,个,COUNT,0.4907
109051104,19513068761.439674,125,24,13,5,个,COUNT,0.9385
304060300,19429673170.24,194,24,14,5,UNKNOWN,UNKNOWN,0.6928
108030300,19171628371.719994,43,15,11,5,千克,MASS,0.9896
304050202,18866462781.930016,275,24,14,6,UNKNOWN,UNKNOWN,0.6716
107020201,18555592583.819996,86,17,10,5,千克,MASS,0.9957
108020713,18365282903.33004,176,23,14,6,千克,MASS,0.8816
107010102,18294172492.950005,60,19,11,5,千克,MASS,0.9945
306020000,17945784896.50998,62,20,13,4,UNKNOWN,UNKNOWN,0.7333
108030201,17504486720.03,59,16,10,4,千克,MASS,0.9989
106010204,17242927762.489998,237,25,14,6,千克,MASS,0.795
304020199,16709524327.500029,176,23,13,5,UNKNOWN,UNKNOWN,0.7244
107010107,16354409280.85999,532,23,12,6,千克,MASS,0.5161
108020900,16267242669.019981,44,16,12,6,千克,MASS,0.9576
106010501,15932166464.650017,464,28,14,6,个,COUNT,0.6695
109041303,15567660396.929989,56,14,11,5,瓦,POWER,0.5378
109010206,15277624349.259949,10171,26,14,6,个,COUNT,0.8582
102060000,15196861054.339972,141,24,13,6,千克,MASS,0.9381
107060199,15158288148.08998,545,27,15,6,个,COUNT,0.4395
104020199,14875013919.290068,286,25,14,6,个,COUNT,0.8502
107022301,14455348800.200174,697,21,10,4,个,COUNT,0.4376
109019900,14205061460.730022,485,30,14,6,个,COUNT,0.5038
107060101,14002052777.160013,363,24,12,6,千克,MASS,0.5157
305040000,13988556851.050001,133,27,13,5,UNKNOWN,UNKNOWN,0.7102
107040302,13759400843.620012,65,16,11,6,千克,MASS,0.9797
108031102,13667540349.260008,28,10,7,3,千克,MASS,0.9968
101010500,13393931209.88,141,24,12,5,千克,MASS,0.9839
106010202,13357967377.20999,128,26,13,6,千克,MASS,0.944
109030503,13035828779.479998,78,22,13,6,个,COUNT,0.9886
304080299,12903850745.540016,117,23,14,6,UNKNOWN,UNKNOWN,0.6573
108020703,12872857485.589962,142,21,14,6,千克,MASS,0.9649
109010201,12819959206.500008,216,25,13,6,个,COUNT,0.8638
109051003,12770053393.299988,353,21,12,4,个,COUNT,0.9115
107020213,12724312322.980001,98,17,9,4,千克,MASS,0.9982
107030205,12677712295.539993,823,20,11,5,盒,CONTAINER,0.7689
306030299,12640905809.890022,31,15,10,3,份,SERVICE,0.3716
109040999,12513603376.810001,309,27,15,6,千米,LENGTH,0.5786
109041602,12459062352.960028,53,14,11,4,个,COUNT,0.9697
107022202,12339307384.62006,545,25,13,5,箱,CONTAINER,0.3588
109040401,12329251480.370012,180,23,14,6,个,COUNT,0.871
107020402,12197116490.62001,36,13,8,3,千克,MASS,0.9962
109042201,11967441991.610033,66,18,11,5,个,COUNT,0.9508
109041701,11890976587.620043,115,20,11,4,个,COUNT,0.9548
108020702,11870347557.01999,74,17,12,5,千克,MASS,0.9795
107020403,11830515543.79999,18,10,7,4,千克,MASS,0.9984
106010599,11548423136.950008,464,29,14,6,个,COUNT,0.4102
105010301,11447872511.640017,125,24,12,5,个,COUNT,0.6941
109051101,11398094781.96002,96,20,12,5,个,COUNT,0.9339
304020500,11171632775.24999,112,22,13,5,次,SERVICE,0.4393
109051700,11078004395.990007,129,18,11,4,个,COUNT,0.8119
109050902,11056396279.599957,127,24,13,6,个,COUNT,0.8586
107050102,10983720157.59002,464,19,11,5,个,COUNT,0.8961
109050401,10872536269.87,56,18,11,3,批,BATCH,0.4543
108031201,10728719593.019997,66,19,12,6,千克,MASS,0.9203
109013104,10671868422.259989,8568,25,13,5,个,COUNT,0.6214
107020801,10581227634.109997,507,23,12,5,千克,MASS,0.7127
107010113,10494732877.03,32,14,8,4,千克,MASS,0.9977
109050599,10409203827.119991,80,21,11,4,个,COUNT,0.9444
304050201,10335423858.189993,293,31,15,6,UNKNOWN,UNKNOWN,0.3907
109059900,10292760908.990147,174,25,14,6,个,COUNT,0.8441
304010500,10028680951.169998,258,28,14,5,UNKNOWN,UNKNOWN,0.6686
110010202,10024242396.090006,95,18,14,6,千克,MASS,0.8443
109010101,9991443731.600002,293,27,14,6,个,COUNT,0.4581
109041799,9970058931.669977,123,24,13,5,个,COUNT,0.9612
104010106,9860360231.07998,135,21,12,6,千米,LENGTH,0.715
303029900,9740125095.749996,88,20,13,4,UNKNOWN,UNKNOWN,0.5152
103020402,9717543203.619984,341,20,11,5,箱,CONTAINER,0.3921
109029900,9710666470.76001,303,29,14,6,个,COUNT,0.6315
109041805,9608025684.790024,98,21,10,4,个,COUNT,0.9847
107020216,9567260851.240004,49,13,8,4,千克,MASS,0.9954
103010602,9462718556.209988,157,20,11,5,千克,MASS,0.978
108041401,9388181362.62002,820,28,14,5,个,COUNT,0.5764
301020201,9265554324.089998,68,18,12,5,千克,MASS,0.7091
102040101,9171853771.660013,77,21,12,6,千克,MASS,0.9865
103010701,9118629705.740013,309,22,12,6,千克,MASS,0.8026
109040702,9059017936.039986,400,24,13,6,个,COUNT,0.8984
104020401,8813913618.539991,124,23,12,5,个,COUNT,0.9683
109051999,8641111206.189991,200,24,13,6,个,COUNT,0.8545
102030300,8638264329.869991,49,16,9,3,千克,MASS,0.991
101020201,8553374738.919995,51,15,11,5,立方米,VOLUME,0.9564
108010101,8519048328.519998,72,20,12,5,千克,MASS,0.9801
106050901,8411572116.640006,121,21,12,4,个,COUNT,0.5143
109011800,8273294069.530002,161,24,12,5,个,COUNT,0.9154
107021302,8143343150.03,157,21,11,5,千克,MASS,0.9232
103040202,8024724471.169991,26,16,9,3,个,COUNT,0.9991
107021401,8023484924.3600025,959,24,12,5,千克,MASS,0.7842
107060110,7988579370.510019,243,25,12,6,个,COUNT,0.8312
102040102,7967860950.63002,55,19,11,6,千克,MASS,0.9751
107020105,7948395033.410002,55,15,10,4,千克,MASS,0.997
109052100,7943784217.729972,121,22,13,6,个,COUNT,0.9192
307990000,7940917105.959993,290,29,14,6,UNKNOWN,UNKNOWN,0.6742
107060103,7929676265.75998,356,24,14,6,千米,LENGTH,0.5404
109040703,7899091913.810092,492,27,15,6,个,COUNT,0.8647
109020301,7882207276.920007,93,24,12,4,个,COUNT,0.9711
106010201,7683020062.879997,115,25,12,5,千克,MASS,0.8857
107020102,7627823377.260002,80,21,14,6,千克,MASS,0.9877
109051906,7527140531.580278,143,21,12,5,个,COUNT,0.8927
109041804,7484409170.630047,69,20,12,5,个,COUNT,0.972
109012001,7472893069.560018,171,21,11,5,个,COUNT,0.9102
109040704,7472875236.890007,216,22,12,5,个,COUNT,0.6119
108013001,7461293335.749996,50,16,11,5,千克,MASS,0.9575
108020500,7457666546.350005,76,17,10,4,千克,MASS,0.9874
109011901,7283026630.959997,286,23,13,6,个,COUNT,0.766
109051201,7258704033.679977,62,17,9,3,个,COUNT,0.958
101010101,7247257639.069999,222,28,14,6,千克,MASS,0.8004
107050101,7219407108.839996,124,21,13,5,个,COUNT,0.7915
103010201,7212493466.799992,191,18,9,3,千克,MASS,0.6226
108031502,7191513609.710004,32,10,9,3,千克,MASS,0.9951
304040800,7181476146.340004,236,28,15,6,千克,MASS,0.428
108031099,7128469148.259994,77,21,12,6,千克,MASS,0.9351
106020199,7120015569.4200115,731,28,14,6,个,COUNT,0.6244
107030203,7109124319.710001,162,15,8,3,个,COUNT,0.4315
108041000,7037724049.54001,153,26,14,6,个,COUNT,0.8806
304030101,7021147150.839996,106,24,14,6,UNKNOWN,UNKNOWN,0.7363
304010100,7014416791.160003,152,25,14,5,UNKNOWN,UNKNOWN,0.5503
103020899,6926992574.059997,528,19,10,4,盒,CONTAINER,0.2825
109062201,6898021157.080025,53,14,8,2,个,COUNT,0.8432
110020202,6885991553.339995,41,15,13,6,立方米,VOLUME,0.9382
109051103,6800406718.279978,124,22,12,5,个,COUNT,0.9464
106030102,6799448282.84,140,24,13,5,套,SET,0.8471
108020100,6739954774.710002,89,18,11,5,千克,MASS,0.9612
103040101,6689564657.179999,21,10,7,2,千克,MASS,0.8029
107020106,6685283848.820002,65,17,9,4,千克,MASS,0.9881
107021506,6602193011.829996,112,19,11,5,千克,MASS,0.981
105020101,6601246443.070015,335,27,14,6,个,COUNT,0.573
107020306,6553359147.160001,131,21,11,4,千克,MASS,0.5196
109041901,6549950053.200014,97,14,8,2,个,COUNT,0.9792
104020499,6459271558.939988,118,22,13,6,个,COUNT,0.967
108011001,6332086720.219992,116,23,13,6,平方米,AREA,0.7081
107020301,6316203994.58,87,20,11,5,千克,MASS,0.9761
106051299,6245341487.310641,564,28,13,6,个,COUNT,0.6095
109013601,6230728574.289997,152,22,13,5,个,COUNT,0.559
103030500,6193641777.630004,138,19,10,4,瓶,CONTAINER,0.4564
107021304,6155545606.570002,101,20,11,5,千克,MASS,0.9646
108012600,6024832401.620004,119,23,13,6,千克,MASS,0.7463
109042401,6018616840.209993,223,24,14,6,个,COUNT,0.7823
108041700,5940890810.410021,627,29,15,6,个,COUNT,0.5097
104020101,5896568091.699997,155,18,9,3,个,COUNT,0.8736
304050101,5887875635.390001,136,26,15,6,UNKNOWN,UNKNOWN,0.4009
109030300,5857051866.000001,109,22,13,6,OTHER,OTHER,0.5084
107020112,5853202871.170001,49,14,9,4,千克,MASS,0.9983
501020100,5827896024.92,47,17,13,5,平方米,AREA,0.5394
304040202,5797574845.749997,149,21,14,5,千克,MASS,0.7559
103020602,5719649728.039989,220,17,10,4,箱,CONTAINER,0.8218
109040201,5701205470.219999,72,20,13,6,个,COUNT,0.537
103020401,5694157842.569998,406,18,9,3,个,COUNT,0.5725
107060106,5662441912.299984,339,24,13,6,个,COUNT,0.6787
107010105,5659420100.719999,40,16,10,4,千克,MASS,0.9959
110020203,5655225267.689997,50,15,12,5,千克,MASS,0.8756
109023207,5649486366.699993,236,27,15,6,个,COUNT,0.7561
501990000,5640730400.059996,87,22,14,6,平方米,AREA,0.4494
108012701,5640047406.059997,105,18,11,5,千克,MASS,0.9385
107060112,5637543047.070083,502,27,14,6,个,COUNT,0.6296
109040806,5615912479.009989,238,26,15,6,个,COUNT,0.7777
101011800,5614807908.290003,198,17,10,4,千克,MASS,0.9124
107021801,5593497422.249992,95,22,12,5,盒,CONTAINER,0.9055
109041403,5552409180.6100235,52,14,9,3,个,COUNT,0.7831
304030302,5521010488.33,87,24,13,5,UNKNOWN,UNKNOWN,0.7063
106010299,5515853168.389994,99,24,13,5,千克,MASS,0.8676
107021404,5514205379.889994,110,21,12,5,千克,MASS,0.9909
109051901,5502598200.429986,96,20,11,5,个,COUNT,0.9461
107060109,5439300902.540053,264,27,13,6,个,COUNT,0.8046
106010101,5383324613.069993,101,23,13,6,千克,MASS,0.9324
107020215,5373005020.28,48,16,10,5,千克,MASS,0.9956
109021199,5368937867.950001,209,27,14,6,套,SET,0.5133
107060107,5325266871.309999,242,25,13,6,千克,MASS,0.4266
107020101,5315569886.309995,101,22,12,5,千克,MASS,0.9815
109012301,5305301880.6,216,22,12,6,套,SET,0.6166
109010801,5292967028.9200325,91,22,11,4,个,COUNT,0.9472
107021101,5291674454.099997,90,19,11,5,千克,MASS,0.993
304080101,5241761388.049991,372,25,15,6,UNKNOWN,UNKNOWN,0.7535
109062402,5240269364.510002,50,14,9,3,个,COUNT,0.9472
104011306,5142389495.88997,125,15,10,4,个,COUNT,0.9183
109011501,5085616968.889999,111,25,14,6,个,COUNT,0.892
108010601,5081911021.049998,99,22,12,5,个,COUNT,0.4299
107021402,5074513916.59,110,20,11,5,千克,MASS,0.5764
109041704,5073915374.890006,75,16,11,5,个,COUNT,0.9558
106030103,5072835164.75,135,25,14,6,套,SET,0.5131
101010102,5064384622.610005,150,26,14,6,千克,MASS,0.8883
104010204,5018180638.590059,62,16,11,5,千米,LENGTH,0.9486
109040902,5003008892.630005,242,25,13,6,千米,LENGTH,0.4538
108019901,4972423922.85,123,22,11,5,千克,MASS,0.7658
109030900,4943070083.099999,46,16,11,4,个,COUNT,0.9424
109030801,4927485986.01,88,22,12,5,个,COUNT,0.8873
109050502,4909152041.230045,109,23,14,6,个,COUNT,0.8875
109041601,4901475478.620006,83,21,10,3,个,COUNT,0.9869
304080201,4848701767.899996,187,26,14,6,UNKNOWN,UNKNOWN,0.4337
109041705,4835072106.049993,75,18,12,5,个,COUNT,0.9005
102050101,4832238011.720003,65,19,11,6,千克,MASS,0.9607
103030702,4827835888.220004,266,15,9,3,千克,MASS,0.5457
108030603,4826127047.390003,54,11,9,4,千克,MASS,0.9016
107010203,4753849425.909998,48,18,12,4,千克,MASS,0.8697
102050404,4737068010.409997,93,21,11,5,千克,MASS,0.6718
109013702,4731508160.199997,299,24,14,6,个,COUNT,0.7867
109024506,4703832757.229989,83,17,9,3,个,COUNT,0.8354
107020407,4694530049.400001,34,13,8,3,千克,MASS,0.9928
109011701,4681359040.730003,191,24,13,5,个,COUNT,0.7842
109041301,4631765728.050027,151,22,13,5,个,COUNT,0.4191
104020111,4629651577.780012,117,19,11,4,个,COUNT,0.9845
107021599,4613074827.839998,662,22,12,5,千克,MASS,0.8449
103010101,4609468554.409995,103,15,8,2,千克,MASS,0.6429
107060102,4605462760.220001,207,23,14,6,千克,MASS,0.5336
109050107,4597349143.310013,136,23,13,5,个,COUNT,0.5844
108030400,4583216337.890002,52,15,10,5,千克,MASS,0.9942
108041201,4562195482.07,162,21,11,5,千克,MASS,0.8943
107030101,4547516312.780004,141,17,9,3,千克,MASS,0.3926
304020103,4531524505.900004,143,23,14,6,UNKNOWN,UNKNOWN,0.5182
105010101,4529335030.360003,93,22,12,6,立方米,VOLUME,0.8495
109050303,4510124670.17,91,22,13,5,个,COUNT,0.6369
109041706,4506170899.089998,90,20,10,4,个,COUNT,0.9832
106030101,4495107840.740001,147,23,13,5,套,SET,0.7463
108030601,4488008543.159995,69,20,12,5,千克,MASS,0.8357
107030206,4479951013.72,421,18,9,3,盒,CONTAINER,0.8289
304030199,4467954547.000003,131,24,13,5,UNKNOWN,UNKNOWN,0.6036
109030504,4462916970.12,41,13,9,3,个,COUNT,0.9807
108032500,4433180172.359996,30,10,9,4,千克,MASS,0.9977
109050101,4410220194.879996,149,24,14,6,套,SET,0.5495
103029900,4329086421.350012,372,25,13,5,UNKNOWN,UNKNOWN,0.4148
104020123,4321537648.779999,112,19,11,4,个,COUNT,0.9402
107020108,4287212065.9999967,74,17,10,5,千克,MASS,0.9882
109011504,4263656674.119985,165,25,14,6,个,COUNT,0.6283
109052203,4262182245.7000256,72,19,12,5,个,COUNT,0.8334
304080301,4241257211.0599985,77,19,12,4,UNKNOWN,UNKNOWN,0.5178
109024901,4226463692.8300004,115,23,13,6,套,SET,0.5823
107021307,4177218961.1000032,296,21,11,5,千克,MASS,0.7532
101020401,4145071900.6899996,87,19,11,5,千克,MASS,0.9913
107022401,4113746672.5299983,266,20,10,4,个,COUNT,0.5666
109025310,4105709924.0499997,123,21,12,4,个,COUNT,0.772
103030701,4054077054.670001,230,19,10,3,箱,CONTAINER,0.9167
103010402,4045495885.08,42,19,12,5,千克,MASS,0.9947
107020122,4037082760.8499937,57,16,9,4,千克,MASS,0.9838
107021809,4027992992.579999,117,21,14,6,个,COUNT,0.6361
108041102,4026399338.3100047,99,17,10,4,千克,MASS,0.9437
102020300,4002886683.6799984,40,16,11,4,千克,MASS,0.8755
107020214,3995322426.84,76,19,10,5,千克,MASS,0.9948
109013103,3978681295.5300026,110,23,13,5,个,COUNT,0.7156
104030302,3949271010.4900475,138,21,12,4,个,COUNT,0.9585
109041703,3915906814.770009,123,23,11,4,个,COUNT,0.9793
106010305,3915883341.2600007,85,22,12,6,个,COUNT,0.4718
109040701,3911915132.249995,178,20,11,5,个,COUNT,0.7387
109013002,3897202617.6400003,137,23,13,6,个,COUNT,0.8458
106020101,3889414212.6799865,247,26,12,4,个,COUNT,0.5925
107010303,3883489211.9699974,30,14,9,4,千克,MASS,0.9774
108050000,3837807169.169999,65,21,12,6,千克,MASS,0.9835
104010404,3803834576.43,86,20,12,6,千克,MASS,0.5121
109012403,3803694762.960002,84,20,14,6,个,COUNT,0.8792
107010302,3800624743.120002,22,9,8,4,千克,MASS,0.9973
107020234,3790602722.94001,9,4,4,2,千克,MASS,0.9991
109030502,3768476271.3500004,42,12,9,3,个,COUNT,0.9346
107020601,3756623039.06,66,15,9,3,千克,MASS,0.9952
107059900,3751121252.440001,215,24,12,6,千克,MASS,0.4936
109051603,3746923242.010004,123,20,12,5,个,COUNT,0.7218
109052205,3729396757.8700166,135,19,10,4,个,COUNT,0.8825
304080399,3709822733.8899994,69,17,11,3,UNKNOWN,UNKNOWN,0.6037
109060102,3704725692.609995,129,21,12,5,个,COUNT,0.6136
107010109,3704334626.5700016,57,17,11,4,千克,MASS,0.9668
304040799,3692571741.7400007,212,24,15,6,UNKNOWN,UNKNOWN,0.3877
107030202,3680260920.6899996,79,12,6,2,瓶,CONTAINER,0.4556
104020402,3662334894.4900017,95,18,11,4,个,COUNT,0.9674
108010306,3650384598.1499987,31,12,11,6,千米,LENGTH,0.9312
109041702,3650300777.0799966,75,16,9,3,个,COUNT,0.9753
107021001,3633862148.6499977,65,19,11,5,千克,MASS,0.9932
103020604,3616126720.440003,592,20,11,4,箱,CONTAINER,0.401
109013001,3598291685.2399874,156,23,13,6,个,COUNT,0.7945
304040903,3587094071.619999,78,25,14,6,UNKNOWN,UNKNOWN,0.5635
104019999,3586383723.430001,220,26,13,6,千克,MASS,0.3326
104030201,3565141462.640002,73,16,10,4,平方米,AREA,0.6205
106010203,3563096780.040009,179,22,12,6,包,CONTAINER,0.3885
107022303,3559189426.649939,189,18,10,4,个,COUNT,0.3987
105020199,3511589615.8299937,169,26,13,6,个,COUNT,0.6085
304030402,3472827652.449999,90,20,12,4,UNKNOWN,UNKNOWN,0.6895
109031100,3444263715.979999,70,20,11,4,个,COUNT,0.9824
301990200,3422677140.1299996,111,27,14,6,千克,MASS,0.4211
102040199,3408103022.2699995,58,17,11,5,千克,MASS,0.9432
109042001,3405841375.6400003,95,20,11,4,个,COUNT,0.9376
108040301,3387313964.1399975,504,25,14,6,个,COUNT,0.89
103010406,3386698892.259998,21,11,5,3,千克,MASS,0.9985
107040201,3346482530.7400002,50,17,9,5,千克,MASS,0.9818
109041904,3340774860.950009,64,15,7,1,个,COUNT,0.9745
304060100,3311245452.56,174,24,13,5,UNKNOWN,UNKNOWN,0.337
109051099,3305471113.8199987,120,21,11,4,个,COUNT,0.6782
109013701,3294672966.8300014,136,16,10,4,个,COUNT,0.6797
103030799,3274284854.230008,175,20,11,3,箱,CONTAINER,0.6345
109010299,3264416714.2600045,99,22,12,5,个,COUNT,0.8694
107021308,3263357925.6899996,145,22,11,5,千克,MASS,0.8586
109013105,3256310023.159999,176,24,14,5,个,COUNT,0.6612
103011201,3198519449.3699965,74,14,8,2,千克,MASS,0.9563
303020300,3184748779.4100027,60,16,10,3,UNKNOWN,UNKNOWN,0.5079
106010511,3184133502.5100007,109,22,13,6,个,COUNT,0.4659
106010302,3175143592.2200146,195,23,12,5,箱,CONTAINER,0.3959
108042200,3173874285.2800174,140,20,10,4,个,COUNT,0.7065
107030801,3161217681.3000016,419,21,11,5,个,COUNT,0.3226
109021102,3155143081.6399984,162,20,12,5,套,SET,0.5417
109020309,3151033645.57,201,23,13,6,个,COUNT,0.7442
108011600,3145042585.649998,139,21,11,5,千米,LENGTH,0.377
107030408,3137924408.240003,231,15,8,2,盒,CONTAINER,0.8398
107030401,3131273643.2199965,523,16,8,3,盒,CONTAINER,0.792
109012303,3102883597.509995,176,21,12,6,个,COUNT,0.4995
107060108,3096188322.92,84,18,11,5,千米,LENGTH,0.7622
101011501,3092514973.9400024,267,21,11,4,千克,MASS,0.6342
304020400,3083212018.690035,49,19,11,3,UNKNOWN,UNKNOWN,0.5936
304040299,3067957623.15,81,19,13,4,瓦,POWER,0.4762
106010399,3063690395.749999,176,23,12,5,千克,MASS,0.6576
104020114,3061259745.180007,98,14,9,3,个,COUNT,0.9745
109025601,3042382139.4099994,71,17,9,3,个,COUNT,0.6411
107050200,3014348457.980002,301,23,12,6,千米,LENGTH,0.4169
104020112,3004047063.3700023,83,18,10,3,个,COUNT,0.966
102040103,2976785295.9600005,57,20,12,6,千克,MASS,0.9886
304010401,2972220376.439999,55,18,13,5,UNKNOWN,UNKNOWN,0.7714
103021199,2964481817.6499968,115,19,12,6,千克,MASS,0.9702
107030404,2954116204.9699993,773,16,8,2,盒,CONTAINER,0.796
304060299,2941570593.9400005,105,23,13,5,UNKNOWN,UNKNOWN,0.5668
104020122,2939245778.5100007,72,17,12,6,个,COUNT,0.932
103010603,2927825222.04,108,15,8,2,千克,MASS,0.9687
109062202,2922593719.6100173,57,20,12,4,个,COUNT,0.93
109040403,2918946068.5199986,63,18,12,5,个,COUNT,0.904
109023210,2917336559.969986,98,21,12,5,个,COUNT,0.7212
104011101,2900942006.479999,174,21,11,5,千克,MASS,0.4533
107060299,2895597205.6700006,161,22,12,6,千克,MASS,0.452
107021411,2862651957.719999,137,23,12,5,千克,MASS,0.8847
107020211,2855971137.92,21,8,6,3,千克,MASS,0.9965
104020113,2845692001.670001,73,14,9,3,个,COUNT,0.9824
107030301,2845392973.5600033,313,19,9,3,千克,MASS,0.7789
106040806,2843961945.870011,134,20,12,5,个,COUNT,0.8216
109040204,2805864789.66,127,23,14,6,个,COUNT,0.5644
105010401,2790437812.48,65,18,11,5,立方米,VOLUME,0.6999
107020233,2788877665.2700005,14,8,7,4,千克,MASS,0.9991
108031801,2787039446.21,50,14,9,4,千克,MASS,0.9769
107030709,2784417567.4999995,249,19,10,4,盒,CONTAINER,0.4529
103030199,2772992792.5499997,84,18,10,4,千克,MASS,0.8225
109051102,2758358638.3299932,92,22,12,4,个,COUNT,0.804
110030101,2745993261.2000055,158,28,15,6,千克,MASS,0.6899
109051602,2738989569.690002,57,16,11,5,个,COUNT,0.9508
304030401,2738695275.4999976,133,25,14,6,UNKNOWN,UNKNOWN,0.8161
109050404,2732195843.3300014,92,23,13,5,个,COUNT,0.8692
109041306,2730979623.8999996,73,18,12,5,千克,MASS,0.5473
109042101,2718983362.6099977,108,25,13,6,个,COUNT,0.4197
109040406,2702943585.9300003,109,21,14,6,个,COUNT,0.6006
304080199,2695888723.7700014,108,24,15,6,UNKNOWN,UNKNOWN,0.6813
110010201,2686693799.48,71,14,13,6,千瓦时,ENERGY,0.5993
107030402,2684222111.72,215,15,8,2,盒,CONTAINER,0.8459
103030704,2683016223.7400045,263,23,12,4,箱,CONTAINER,0.5527
107022304,2670813154.599989,186,16,8,2,个,COUNT,0.6411
109040302,2655567370.89,70,18,11,4,个,COUNT,0.9706
103011107,2643729883.920002,253,17,9,3,UNKNOWN,UNKNOWN,0.2365
108031901,2600357460.47,38,10,9,4,千克,MASS,0.9679
103030600,2573053271.54,148,18,10,3,箱,CONTAINER,0.3308
109011401,2552318330.67,92,18,10,4,个,COUNT,0.6808
105010302,2549425455.999999,73,19,11,5,个,COUNT,0.8423
102040301,2526488311.819999,22,8,8,3,千克,MASS,0.6779
103030705,2524295982.230001,209,16,9,3,箱,CONTAINER,0.6013
109051905,2523476087.2599983,95,19,12,5,个,COUNT,0.5786
103030302,2523117871.0800004,131,18,10,4,箱,CONTAINER,0.7818
109010503,2501158493.0700097,92,19,11,5,个,COUNT,0.974
109010804,2501097004.899998,61,16,10,4,个,COUNT,0.5847
104010599,2500636211.98,135,19,11,5,个,COUNT,0.4812
304080400,2491252935.0500007,106,22,14,6,UNKNOWN,UNKNOWN,0.668
107021502,2485099421.5900006,124,20,11,5,千克,MASS,0.6077
109010802,2473234488.5500016,77,19,12,4,个,COUNT,0.9276
109031300,2470599117.119999,75,21,13,5,个,COUNT,0.7498
109023299,2463538813.7400007,120,24,13,6,个,COUNT,0.6008
109010900,2454602774.3399963,216,23,13,6,个,COUNT,0.6911
201020000,2453124589.719999,116,27,14,6,千克,MASS,0.7921
107040403,2448800770.6499996,37,11,9,5,千克,MASS,0.9894
103030801,2448711967.899999,170,15,8,2,千克,MASS,0.7736
107021399,2444046514.8800006,107,20,11,5,千克,MASS,0.8738
103020303,2432462196.440001,392,20,9,3,箱,CONTAINER,0.4414
104010507,2430560847.5199986,177,21,11,5,个,COUNT,0.7416
109041707,2427437469.829991,69,22,13,6,个,COUNT,0.9346
304030102,2417691063.5599995,133,25,13,5,UNKNOWN,UNKNOWN,0.4942
103020101,2411814982.890001,352,22,12,5,个,COUNT,0.2245
109013602,2407432052.2500005,108,20,12,5,千克,MASS,0.491
104020124,2399999008.4199924,117,18,10,4,个,COUNT,0.8765
109050601,2393851631.350001,98,21,13,5,个,COUNT,0.8929
107021406,2381816053.7000012,74,19,11,5,千克,MASS,0.9783
107020404,2372643905.19,16,9,5,2,千克,MASS,0.9969
109011903,2351556041.980001,295,24,14,6,个,COUNT,0.7772
101010399,2345222292.52,115,23,13,6,千克,MASS,0.7049
107030201,2337749371.5800004,56,14,8,2,瓶,CONTAINER,0.3796
108010201,2336465916.760003,64,22,11,5,千克,MASS,0.9716
103010203,2335579983.299999,167,18,10,4,千克,MASS,0.7525
108020701,2314622067.6899996,72,20,11,5,千克,MASS,0.7261
108012104,2280783041.3,123,21,13,6,个,COUNT,0.5705
109050104,2279962144.5699997,27,10,8,4,套,SET,0.9315
108030800,2261350097.769999,35,12,9,4,千克,MASS,0.9848
103020103,2259181704.5899997,341,21,11,5,盒,CONTAINER,0.2637
103030901,2258897338.44,58,17,9,3,瓶,CONTAINER,0.5986
109012408,2256604249.4899993,129,23,13,6,个,COUNT,0.7092
107050602,2251491263.510002,147,23,12,6,个,COUNT,0.7791
107021507,2237854246.2900004,285,26,13,6,千克,MASS,0.4971
109010102,2232185170.24,65,19,10,4,UNKNOWN,UNKNOWN,0.9178
107020901,2221782896.720003,119,24,13,5,千克,MASS,0.9077
104010699,2218451625.7999983,266,24,12,6,千米,LENGTH,0.318
108041301,2198962129.32,145,21,11,5,千克,MASS,0.6572
107022201,2182301694.5400014,205,19,10,4,箱,CONTAINER,0.5691
109020108,2181056015.009997,162,23,14,6,个,COUNT,0.714
108010308,2173208693.5299997,81,18,11,5,立方米,VOLUME,0.4172
109023209,2169787299.950017,71,17,10,4,个,COUNT,0.9493
109012701,2169691241.1199994,101,22,13,6,个,COUNT,0.8238
108040201,2158694320.270001,160,23,14,6,个,COUNT,0.4367
109050102,2157836593.100001,48,16,10,3,套,SET,0.7012
108041404,2156902776.5899982,245,25,14,6,个,COUNT,0.7853
109012101,2154193487.4599957,177,25,14,6,个,COUNT,0.8948
107022101,2146721180.2199974,181,21,12,5,千克,MASS,0.8218
109030400,2137108087.43,117,25,14,6,个,COUNT,0.6229
108041103,2133945765.800001,63,17,11,5,千克,MASS,0.9391
107020113,2129767424.670001,41,15,9,4,千克,MASS,0.9964
109020901,2119359778.36,58,15,11,4,个,COUNT,0.9493
107020401,2117442040.129998,38,14,8,3,千克,MASS,0.9974
102050299,2104027589.79,82,21,12,5,千克,MASS,0.4774
109011302,2094743129.9299998,99,23,11,4,个,COUNT,0.9763
108042600,2084751107.9599988,203,22,12,5,千克,MASS,0.8542
105020104,2079556715.6299982,188,23,13,6,个,COUNT,0.6211
109021105,2077540169.67,119,25,13,6,套,SET,0.5719
107030405,2077284026.1200006,37,10,5,2,个,COUNT,0.561
105010599,2076286476.160001,97,24,13,5,立方米,VOLUME,0.4741
105020106,2068587419.4099991,115,21,12,6,个,COUNT,0.5926
109051800,2054774731.0800052,93,18,11,4,个,COUNT,0.8463
108010503,2052249674.7699983,60,17,11,5,立方米,VOLUME,0.7654
301010299,2048642545.5900004,88,24,13,5,UNKNOWN,UNKNOWN,0.4144
108010403,2041588395.4399993,113,23,13,5,立方米,VOLUME,0.3927
104010103,2034982744.8899975,129,20,11,5,千克,MASS,0.8205
108010801,2026557835.5099986,56,16,11,5,千克,MASS,0.5213
109052000,2016172360.349999,118,20,10,3,个,COUNT,0.8734
305030000,2001072258.9900012,142,26,13,5,UNKNOWN,UNKNOWN,0.5517
109012402,1986032786.5799997,91,18,11,5,个,COUNT,0.8511
306049900,1977260876.99,21,12,8,2,UNKNOWN,UNKNOWN,0.5905
107030499,1966059143.1799994,141,15,7,2,盒,CONTAINER,0.5952
108011300,1947407261.1899996,109,21,11,5,个,COUNT,0.8395
107021403,1945525468.82,75,19,11,5,千克,MASS,0.9811
109042102,1939250040.670001,68,19,12,5,个,COUNT,0.952
109041502,1935617647.7799997,56,16,10,4,个,COUNT,0.9832
109042402,1927455984.1900005,116,24,12,4,个,COUNT,0.4816
107050601,1924859705.400004,280,25,13,6,个,COUNT,0.8173
307059900,1894682431.5099998,182,30,15,6,UNKNOWN,UNKNOWN,0.5392
107021413,1888644289.9000008,78,19,11,5,千克,MASS,0.9886
304060201,1887846060.970001,38,15,11,4,UNKNOWN,UNKNOWN,0.6655
304010402,1879795639.9299998,39,15,12,4,UNKNOWN,UNKNOWN,0.8293
107022203,1872497118.3999999,130,18,11,5,千克,MASS,0.9575
109040901,1870344778.029999,96,19,10,4,千克,MASS,0.8294
108040103,1868909026.6999993,100,21,12,5,平方米,AREA,0.4078
109040399,1863767384.3799992,96,22,13,6,个,COUNT,0.9023
104010401,1859451898.249999,44,16,10,4,千克,MASS,0.8942
109030103,1853758055.2600012,44,17,11,5,OTHER,OTHER,0.4141
104030399,1846665667.3399699,101,17,11,5,个,COUNT,0.8783
104020102,1844794386.8499985,121,15,10,4,个,COUNT,0.3179
108010399,1837639020.0700002,90,19,11,5,千克,MASS,0.4276
103010401,1822988982.8399973,79,15,8,2,千克,MASS,0.3439
109041503,1812426670.839998,50,21,11,5,个,COUNT,0.924
104020115,1792251431.730001,49,10,9,3,个,COUNT,0.9814
108041501,1784364545.5800009,183,17,9,3,个,COUNT,0.8181
101010199,1776303972.36,174,26,14,6,千克,MASS,0.7573
103020302,1761279412.7100003,213,16,10,4,千克,MASS,0.2232
104011201,1753428050.9900005,95,18,11,5,千克,MASS,0.4418
109042409,1746789096.449998,130,22,13,6,个,COUNT,0.8017
107030207,1742150328.0900009,325,15,8,3,盒,CONTAINER,0.8192
109011402,1736395798.19,55,19,12,5,个,COUNT,0.9701
106040199,1723604048.7999601,390,25,13,5,个,COUNT,0.6624
102040105,1716774035.499998,24,10,9,4,千克,MASS,0.9985
109050299,1716382709.280001,57,18,11,4,套,SET,0.5866
108020300,1696539002.23,60,17,10,5,千克,MASS,0.6884
103030703,1695734873.7300003,282,16,9,3,箱,CONTAINER,0.4017
104011204,1691322221.6900003,69,19,12,6,千克,MASS,0.6746
104010602,1681628047.1500003,198,20,11,5,个,COUNT,0.6787
109020199,1681184798.7300003,117,23,13,6,个,COUNT,0.7012
107020207,1679280093.5900002,30,12,8,4,千克,MASS,0.9978
304040901,1676073481.2500014,78,20,10,2,UNKNOWN,UNKNOWN,0.5535
107020115,1674052136.1399994,87,16,9,4,千克,MASS,0.956
102040107,1668758536.9199996,46,18,11,5,千克,MASS,0.9755
104011102,1667752885.61,178,20,11,5,个,COUNT,0.3553
102020102,1666634112.9299996,57,18,10,5,千克,MASS,0.9768
106050204,1659484088.05,47,12,9,2,千克,MASS,0.4449
501010100,1653480138.19,35,17,14,6,平方米,AREA,0.7011
102059900,1651588741.619999,74,19,11,5,千克,MASS,0.824
304040702,1649465537.230001,134,25,13,5,UNKNOWN,UNKNOWN,0.38
103020201,1645519859.0600002,378,18,10,4,箱,CONTAINER,0.439
107020210,1642071881.660001,43,12,7,3,千克,MASS,0.9831
106010502,1638714715.9400058,448,28,13,5,个,COUNT,0.3122
107040301,1637147471.869999,68,15,9,5,千克,MASS,0.9783
109042501,1635021678.2700016,77,19,11,5,个,COUNT,0.9227
109040301,1634056421.679999,44,13,11,5,个,COUNT,0.5575
107020240,1631366080.76,10,4,2,1,千克,MASS,0.9999
109061802,1627504317.8099997,30,9,8,3,个,COUNT,0.9552
109060307,1614645782.1800015,118,21,12,5,个,COUNT,0.7308
107010110,1612751000.1599998,55,18,11,5,千克,MASS,0.9228
101020202,1606462748.45,114,22,12,6,立方米,VOLUME,0.5927
102040302,1595358360.0300012,48,19,11,6,千克,MASS,0.948
107010202,1582354760.8799992,71,21,13,6,千克,MASS,0.9337
501029900,1578442247.5599995,58,16,12,5,UNKNOWN,UNKNOWN,0.5791
107021702,1574362114.64,22,10,8,3,千克,MASS,0.9855
109024902,1571353253.47,82,19,11,5,套,SET,0.5295
107040307,1570335581.5600014,23,11,8,4,千克,MASS,0.9969
109031201,1569602432.4199998,37,8,8,3,个,COUNT,0.995
109041002,1565774519.42,84,18,10,4,千米,LENGTH,0.5456
109022818,1557424616.04,165,22,12,6,个,COUNT,0.8088
109024599,1550128734.1400006,103,22,12,5,个,COUNT,0.742
109011704,1549403799.1299965,140,23,13,6,个,COUNT,0.8083
109051202,1548103764.309997,87,21,12,4,个,COUNT,0.8302
107020307,1547148343.6600006,48,15,9,5,千克,MASS,0.9874
107060104,1544665661.5599976,353,22,11,5,个,COUNT,0.7166
107022500,1539909996.8500004,95,21,12,5,千克,MASS,0.9773
105010503,1535297327.4899986,50,14,11,5,个,COUNT,0.7272
301050202,1516933849.8899994,58,17,12,4,千克,MASS,0.6451
106010199,1510119753.859998,112,25,13,6,千克,MASS,0.8649
301040101,1507136781.9299998,11,8,8,4,千克,MASS,0.9602
107030407,1504967554.78,110,13,7,2,盒,CONTAINER,0.8814
104030702,1499142051.19,28,9,8,3,千克,MASS,0.9832
501020200,1476990802.0900028,42,15,11,4,UNKNOWN,UNKNOWN,0.3185
107050402,1465961671.1500006,301,24,13,6,卷,CONTAINER,0.3917
106040201,1464345472.5000074,363,23,10,4,个,COUNT,0.6083
108010501,1459250514.7999995,82,20,12,5,个,COUNT,0.5323
102050102,1455624420.9399972,66,19,11,5,千克,MASS,0.9502
109040601,1454911951.0299997,51,16,10,4,套,SET,0.4751
103010801,1453950559.339999,183,17,10,4,个,COUNT,0.5836
201010000,1448976375.4599998,152,26,14,6,千克,MASS,0.6995
109030699,1440991237.17,44,16,10,4,个,COUNT,0.9527
109021107,1436957118.620002,178,22,11,5,套,SET,0.4497
108041600,1435248510.2400017,193,22,12,6,个,COUNT,0.7234
107020802,1434828355.3400002,227,20,11,5,千克,MASS,0.7844
103021001,1430435529.739999,97,18,10,3,千克,MASS,0.9221
108032201,1427687264.9999998,37,11,9,3,千克,MASS,0.7629
304040301,1424480433.97,40,12,9,2,UNKNOWN,UNKNOWN,0.8109
109031600,1419218817.0899992,48,16,10,4,个,COUNT,0.8492
109050304,1414102607.560001,75,20,12,4,个,COUNT,0.7147
107030699,1413527282.2300005,129,17,9,3,盒,CONTAINER,0.3665
107020220,1413346638.2200003,34,14,8,4,千克,MASS,0.9908
105010399,1411785342.1999996,96,22,12,5,个,COUNT,0.5098
105010504,1410283226.0499997,82,20,11,5,平方米,AREA,0.7013
101010105,1406754247.06,174,30,15,6,千克,MASS,0.7331
108010902,1402605577.6899998,105,23,12,5,千克,MASS,0.7067
106040604,1397747741.0299988,100,18,10,4,个,COUNT,0.8465
109051501,1390934893.5100007,60,13,9,3,个,COUNT,0.8584
109024503,1389225398.22,87,16,9,3,个,COUNT,0.7816
107020107,1387181316.8099988,53,16,9,5,千克,MASS,0.9626
105010604,1381317624.2499998,111,18,12,5,个,COUNT,0.7844
104020110,1379073288.3400023,53,14,10,4,个,COUNT,0.9699
104010202,1374077113.9200008,61,19,11,5,千克,MASS,0.9377
109013202,1369816543.3,126,18,10,4,个,COUNT,0.9281
109024201,1366345380.1199994,45,17,9,2,套,SET,0.5487
303010100,1357857511.5500011,56,16,12,4,UNKNOWN,UNKNOWN,0.3096
109040305,1355206012.7399979,44,10,9,3,个,COUNT,0.9678
303020100,1354286454.9800007,36,11,8,1,UNKNOWN,UNKNOWN,0.5879
109062799,1349784981.860003,187,26,13,5,个,COUNT,0.8244
102040202,1349727033.4399998,25,9,6,3,千克,MASS,0.9878
304070102,1342205518.1199992,25,10,8,1,UNKNOWN,UNKNOWN,0.9388
108012101,1340070480.5299993,152,21,11,5,个,COUNT,0.4722
108040202,1337139349.1600008,96,20,13,6,平方米,AREA,0.5678
109024507,1332006757.1700008,111,21,10,4,个,COUNT,0.632
104011203,1330852207.820001,72,14,10,4,个,COUNT,0.3803
107010106,1327842160.5299997,146,23,11,5,千克,MASS,0.797
109060203,1319818286.2099988,82,18,10,3,个,COUNT,0.7851
105020299,1315006197.5599992,153,24,13,5,个,COUNT,0.5874
109024211,1311497237.7599998,86,21,10,3,个,COUNT,0.5498
104020108,1311266759.7999992,55,15,10,3,个,COUNT,0.9801
109013699,1309330754.3400009,116,21,12,4,个,COUNT,0.4389
109051105,1308607022.4599986,45,14,10,4,个,COUNT,0.9292
101030305,1305885880.21,38,13,9,5,千克,MASS,0.9664
109041102,1305814156.3800004,153,20,11,5,个,COUNT,0.541
109040405,1303161893.7799983,47,10,9,4,个,COUNT,0.9822
109042002,1297291051.0299969,54,13,8,3,个,COUNT,0.9877
109060299,1297069478.5700004,132,24,13,6,个,COUNT,0.6766
108040203,1294434033.2399995,127,22,12,6,千米,LENGTH,0.2275
107010112,1293791393.4100013,75,20,11,5,千克,MASS,0.9672
101020299,1293674549.2799993,95,23,12,6,立方米,VOLUME,0.5445
108010701,1293156666.49,80,19,12,6,平方米,AREA,0.3532
108011002,1289808127.41,98,19,11,5,个,COUNT,0.3864
106010103,1289391546.2600007,59,20,11,5,千克,MASS,0.9658
108031203,1286778778.2999995,50,14,9,3,千克,MASS,0.9526
303020200,1286369284.7399998,58,18,11,3,UNKNOWN,UNKNOWN,0.2939
109011001,1284650678.1000001,97,21,12,5,个,COUNT,0.7903
109011902,1281856511.0500004,108,19,11,5,个,COUNT,0.692
102050502,1279174890.78,40,17,10,5,千克,MASS,0.9695
109051001,1279037401.0500004,81,20,11,4,个,COUNT,0.4769
304040703,1277848481.6599998,97,23,14,5,次,SERVICE,0.4175
109020102,1273410949.4100008,63,19,11,4,个,COUNT,0.9302
109030803,1272468158.4299989,77,21,11,5,个,COUNT,0.7965
109023400,1269248027.6100001,46,16,10,3,个,COUNT,0.9134
104010402,1263925320.11,44,14,10,4,千米,LENGTH,0.7988
109011004,1260903000.3699982,168,23,14,6,个,COUNT,0.6286
108020200,1251096607.5100007,55,14,10,4,千克,MASS,0.9754
109041899,1246817527.3399997,65,18,11,4,个,COUNT,0.7766
103021002,1244739667.4799988,53,18,10,4,千克,MASS,0.9905
108041899,1240970559.2,77,22,12,5,个,COUNT,0.8259
105010199,1217587038.4900005,77,20,12,5,立方米,VOLUME,0.7049
107020110,1210795656.36,40,13,7,3,千克,MASS,0.9882
107021306,1210462581.9700003,101,18,11,5,千克,MASS,0.8845
107020602,1204601837.2600002,61,17,9,3,千克,MASS,0.8231
107021203,1200373318.8000007,211,20,11,5,个,COUNT,0.3821
106051204,1198936954.7699907,274,25,12,5,个,COUNT,0.6886
106040109,1183453340.8299997,298,20,11,5,千克,MASS,0.6966
109013604,1177991607.3500001,60,18,12,5,个,COUNT,0.7684
109023001,1177259841.98,138,24,13,6,个,COUNT,0.8042
306030199,1174010101.0099995,18,11,7,1,UNKNOWN,UNKNOWN,0.3898
109020602,1173035895.77,74,21,13,6,个,COUNT,0.5299
109013101,1172426506.2199993,88,23,12,5,个,COUNT,0.6257
108012702,1171654348.79,54,19,11,5,千克,MASS,0.9701
106010507,1163644373.5500016,236,29,14,6,个,COUNT,0.587
109050204,1162391281.1700003,96,19,12,5,个,COUNT,0.6978
109040307,1157749377.6700015,68,16,10,4,个,COUNT,0.7001
106050902,1152144827.8700008,47,14,9,3,UNKNOWN,UNKNOWN,0.4224
109052202,1149078067.240003,45,12,9,3,个,COUNT,0.937
108042400,1148266615.8499956,252,22,12,6,个,COUNT,0.7408
105010201,1133247214.4599998,90,22,11,5,立方米,VOLUME,0.348
108030500,1127880766.6999998,25,11,9,4,千克,MASS,0.9916
107060105,1122107591.5999987,143,19,11,5,千克,MASS,0.5537
108010305,1116017010.4600003,44,16,9,4,个,COUNT,0.7815
109062501,1114843370.340001,66,22,11,4,个,COUNT,0.8977
107060111,1110649868.3399997,118,21,11,5,平方米,AREA,0.2948
108042100,1110493049.2999997,117,18,10,4,个,COUNT,0.5004
106010508,1110205363.1200004,67,19,10,4,个,COUNT,0.815
103030400,1107348229.0000005,91,16,9,3,箱,CONTAINER,0.4966
107060114,1097736862.1499996,99,22,11,5,千克,MASS,0.7205
109060313,1093895534.3300009,93,19,11,4,个,COUNT,0.7016
109040101,1088845277.5299997,80,22,14,6,个,COUNT,0.7924
109013703,1087647634.3300004,46,13,10,5,个,COUNT,0.8601
102049999,1087016869.3500001,53,19,11,6,千克,MASS,0.8893
106040699,1080806637.0499983,132,22,11,5,个,COUNT,0.7692
109010301,1078000992.5999997,42,16,10,4,套,SET,0.7133
103030707,1075564907.0,183,17,10,3,箱,CONTAINER,0.4382
109010803,1075135846.1400008,54,15,11,5,个,COUNT,0.8785
109023206,1073525824.23,88,23,13,5,个,COUNT,0.8223
107030406,1069104854.1299998,450,15,7,2,盒,CONTAINER,0.8603
101010302,1067010805.520001,56,20,12,5,千克,MASS,0.7528
107040402,1063526192.2700009,27,10,8,4,千克,MASS,0.9952
105010602,1059724519.3099998,96,24,13,6,个,COUNT,0.7482
109051604,1058163645.7199994,57,18,11,5,个,COUNT,0.8591
106051206,1054917628.510001,94,22,13,6,个,COUNT,0.7051
107030213,1050378505.2900001,208,16,8,3,盒,CONTAINER,0.6793
109041305,1048804658.7500002,108,22,12,5,瓦,POWER,0.4509
109040805,1048696829.7700001,79,18,12,4,个,COUNT,0.5051
108020401,1046503845.5799998,82,18,10,4,千克,MASS,0.6024
105020107,1043627635.0700003,130,21,12,6,平方米,AREA,0.3983
109024204,1042860130.6299999,52,19,9,3,个,COUNT,0.5235
107030108,1039314903.02,22,9,5,2,千克,MASS,0.9913
109062003,1031402029.1500002,55,14,9,4,副,SET,0.7243
109060904,1025157406.2500001,32,14,10,3,个,COUNT,0.6253
108032001,1024380882.1199994,47,16,10,5,千克,MASS,0.9711
109013102,1022370027.1999996,72,21,13,5,个,COUNT,0.9213
306030202,1010017157.9800006,24,11,7,1,UNKNOWN,UNKNOWN,0.3886
107020103,1007871469.1899999,49,15,11,6,千克,MASS,0.9868
109010304,1005064358.1400003,79,18,10,4,套,SET,0.4004
103010901,1001735383.3499997,179,15,9,3,千克,MASS,0.7162
104020118,999975251.9999992,85,21,13,5,个,COUNT,0.7623
109040802,997249521.8199997,76,20,12,5,个,COUNT,0.671
106051202,994675610.430004,263,21,11,5,个,COUNT,0.6214
109020601,994589533.3899997,49,17,12,5,套,SET,0.7164
109025603,991970488.8399997,65,19,10,4,个,COUNT,0.7341
104030301,991753070.509992,95,19,10,4,个,COUNT,0.9174
103030301,986421482.5699999,110,20,11,5,箱,CONTAINER,0.7579
107021305,983735054.1499999,59,18,11,5,千克,MASS,0.9295
106020103,981857850.2700001,192,26,13,5,个,COUNT,0.4808
104020403,980075856.7499998,77,19,11,5,个,COUNT,0.9786
103020301,975441840.4799998,290,20,12,5,箱,CONTAINER,0.3021
109023104,974235448.5299989,63,20,11,5,个,COUNT,0.8914
108011499,966740731.8699999,99,18,11,5,个,COUNT,0.5399
109060310,962387446.4000002,75,20,13,5,个,COUNT,0.5446
307030100,961614771.2100006,49,20,11,3,UNKNOWN,UNKNOWN,0.7577
109040804,960388447.0800003,156,20,11,5,个,COUNT,0.9456
109030802,959641190.0100001,33,14,11,4,个,COUNT,0.9511
109020603,959098493.0000007,46,13,11,5,千克,MASS,0.4412
109060206,956500963.6599996,82,18,9,3,个,COUNT,0.8685
103010906,953725550.7600015,59,13,7,2,千克,MASS,0.9852
109032103,948640299.7199998,58,19,11,5,个,COUNT,0.7723
107021412,944713552.5400002,179,18,10,4,千克,MASS,0.8601
109050604,944595186.95,36,14,10,4,个,COUNT,0.9839
103011204,937265856.25,45,12,6,3,千克,MASS,0.9568
109013403,936912592.2499999,117,21,12,5,个,COUNT,0.8214
101011601,935924220.380002,121,18,9,3,千克,MASS,0.6857
104010399,934603684.8499995,88,20,12,5,千克,MASS,0.4265
104020103,934236334.1899996,53,15,10,4,套,SET,0.5235
109040402,933371259.4899995,61,15,10,4,个,COUNT,0.9684
401020000,931103748.009998,97,24,14,6,UNKNOWN,UNKNOWN,0.3857
201030000,930996910.7700003,121,27,14,6,千克,MASS,0.5371
109022202,929596091.5599996,78,23,12,6,个,COUNT,0.828
109023201,919897727.5399998,86,21,12,5,个,COUNT,0.7573
106040899,917270915.9399992,176,19,10,4,个,COUNT,0.6665
103020104,915053428.0799986,259,19,9,3,箱,CONTAINER,0.3348
107020119,914665589.6600001,24,10,6,2,千克,MASS,0.7519
107050803,913567695.7399975,212,23,12,6,个,COUNT,0.6559
107060399,913344161.2800002,98,21,12,5,千克,MASS,0.3822
108031199,906444212.6699998,54,16,11,4,千克,MASS,0.7906
109041905,902367400.6599995,47,12,8,2,个,COUNT,0.9702
107020225,896859341.8600001,39,12,7,3,千克,MASS,0.992
109062601,896164080.2000002,77,20,12,5,个,COUNT,0.8717
109012704,895911169.1600002,105,20,12,5,个,COUNT,0.7043
109060801,895607945.2399999,50,18,10,4,个,COUNT,0.7049
103019900,894616366.7599996,122,18,9,3,千克,MASS,0.4442
107021002,892773342.7000009,53,18,11,5,千克,MASS,0.9772
109012905,892092467.6800001,53,14,10,4,个,COUNT,0.7657
103011003,890401980.2199998,91,16,8,2,UNKNOWN,UNKNOWN,0.69
109060702,887321714.1400001,61,20,11,4,个,COUNT,0.5294
107030710,884576895.5699997,865,22,12,5,盒,CONTAINER,0.301
107021005,878807772.9199998,71,20,12,6,千克,MASS,0.9812
106040801,878045827.8000007,59,18,10,4,个,COUNT,0.7348
109010501,876913288.0299993,88,21,12,5,个,COUNT,0.8365
107021409,874875265.6999998,261,22,11,5,千克,MASS,0.5438
101040100,874038165.8699999,115,17,8,2,千克,MASS,0.8532
108011401,869159847.8000023,167,19,10,4,个,COUNT,0.7467
301010102,868480579.7699997,72,25,14,6,UNKNOWN,UNKNOWN,0.4423
108040303,864057250.7699999,185,22,12,5,个,COUNT,0.8485
105010303,858852579.7099998,50,14,11,5,个,COUNT,0.7427
107020120,854948448.1800003,66,19,11,5,千克,MASS,0.9665
108041202,854756759.8800005,62,17,11,5,千克,MASS,0.6708
109042399,853766470.3699927,99,21,13,6,个,COUNT,0.9101
107020231,853324085.3000003,19,9,7,3,千克,MASS,0.9995
109051399,852499639.2099998,75,21,12,4,个,COUNT,0.5044
107030399,844663459.19,125,15,7,2,千克,MASS,0.5553
108031403,843757617.15,35,11,9,4,千克,MASS,0.8697
109020202,838459822.4800011,49,15,9,3,个,COUNT,0.5973
104020116,837188966.9600009,29,8,8,3,个,COUNT,0.9871
107021901,836991381.0300003,102,21,12,5,千克,MASS,0.8869
109050801,836616978.3400003,61,17,10,4,个,COUNT,0.8381
109010699,832812469.33,34,12,9,3,千克,MASS,0.791
108042700,829587695.5200014,145,20,11,5,个,COUNT,0.5825
108020404,829584493.2599998,114,16,10,4,个,COUNT,0.4873
109060104,829365924.3,91,21,11,5,个,COUNT,0.6541
108031402,828880619.9299995,67,17,9,4,个,COUNT,0.5587
108042300,826984806.8699934,153,21,11,5,个,COUNT,0.7819
102050202,821067826.3200002,45,17,11,5,千克,MASS,0.8129
104030501,819193748.439994,63,13,9,3,个,COUNT,0.871
109012003,816305850.6600008,113,21,12,6,个,COUNT,0.8356
108010302,812866379.0899998,85,19,11,5,千米,LENGTH,0.5658
109031404,811279777.0599996,82,19,11,5,个,COUNT,0.705
102050302,810265547.9399999,34,12,9,4,千克,MASS,0.9852
108031003,810153909.59,14,6,6,2,千克,MASS,0.9983
107030120,809109906.9799999,80,20,11,5,千克,MASS,0.9117
108031002,808269960.8100013,13,6,5,2,千克,MASS,0.999
109012002,805674708.2299998,59,16,11,5,套,SET,0.4858
108010703,805285541.92,66,18,11,5,平方米,AREA,0.5893
109041001,804618447.1199998,85,18,11,3,千米,LENGTH,0.7294
109051504,804598295.5099996,29,6,6,2,个,COUNT,0.9871
401010000,803119064.91,68,22,14,6,项,SERVICE,0.376
108011501,801205552.7099894,106,20,11,5,个,COUNT,0.9366
107030210,800129400.289999,277,17,9,4,个,COUNT,0.5151
109042107,796028806.8699999,47,16,10,4,个,COUNT,0.8254
110020204,794943484.8500004,29,11,9,3,千克,MASS,0.776
108012902,792633263.0599998,95,19,11,5,千克,MASS,0.7924
109020105,791644927.3799999,50,14,11,5,个,COUNT,0.8507
109041999,790463974.9699998,43,13,8,2,个,COUNT,0.9631
109050302,790055701.8100003,78,18,9,2,个,COUNT,0.9376
103020203,788219159.3599992,202,15,9,3,箱,CONTAINER,0.6095
107021902,788184703.1300001,69,18,11,4,千克,MASS,0.9514
108032499,784228350.5600001,28,10,9,4,个,COUNT,0.5322
104020407,782300909.5500009,123,21,12,5,个,COUNT,0.8887
101030399,780837749.9000001,36,13,7,2,千克,MASS,0.8562
104020109,780745506.1499997,57,15,9,3,个,COUNT,0.9843
107060306,779945834.7200003,103,22,15,6,千瓦时,ENERGY,0.3108
108012799,776042766.3799998,77,17,10,5,千克,MASS,0.7969
101011199,773571103.2499999,76,17,9,3,千克,MASS,0.7525
109040801,773307329.6199998,73,17,12,6,个,COUNT,0.9207
102050407,772409700.9499999,55,21,12,6,千克,MASS,0.632
307010100,771684053.3799996,87,25,13,5,UNKNOWN,UNKNOWN,0.709
104011003,770439349.7500002,113,21,12,5,千米,LENGTH,0.2955
107022601,769549203.76,37,16,9,3,千克,MASS,0.9937
109051902,769408986.4199994,70,14,10,4,个,COUNT,0.954
104010501,767476231.3399999,86,17,11,5,个,COUNT,0.5859
109010599,766274035.4600002,54,18,11,4,个,COUNT,0.9716
109051305,764305502.0600001,70,17,12,4,个,COUNT,0.7629
109040803,761681333.9200003,84,20,12,5,个,COUNT,0.8881
109069900,760438599.6099997,120,23,12,5,个,COUNT,0.6889
104010702,758254897.3700002,137,22,13,5,个,COUNT,0.7303
109011305,756355983.7899996,142,25,13,5,个,COUNT,0.6977
107040303,755149082.7900002,32,10,8,4,千克,MASS,0.9955
104030502,752217743.2899998,79,21,11,5,个,COUNT,0.4737
107030204,750975375.7099999,50,13,6,2,瓶,CONTAINER,0.4742
109024701,750889233.39,76,15,10,4,个,COUNT,0.8363
109013504,750826446.3500023,47,11,6,1,个,COUNT,0.9277
306010901,749510581.7900003,29,16,12,4,UNKNOWN,UNKNOWN,0.4859
101040200,748990261.7000005,66,13,8,2,千克,MASS,0.8602
106050299,747360217.35,105,20,11,5,个,COUNT,0.4335
109030101,745204831.2199999,53,15,11,5,个,COUNT,0.7753
109051904,744592892.0499994,51,15,10,4,个,COUNT,0.9635
109062602,743379530.7799984,57,20,10,4,个,COUNT,0.934
103010899,743247616.3100002,138,15,9,3,千克,MASS,0.3729
104020107,743228574.9300005,50,11,9,3,个,COUNT,0.9812
106040702,742387162.4300008,52,15,11,5,个,COUNT,0.8854
307020102,736354360.8100002,89,14,9,2,UNKNOWN,UNKNOWN,0.6042
101030304,728615407.69,13,8,7,3,千克,MASS,0.9903
103010803,727868732.6200005,192,14,8,2,千克,MASS,0.317
103020199,727593605.2800001,156,19,10,3,袋,CONTAINER,0.2575
109013005,727076127.6899997,124,23,12,5,个,COUNT,0.8082
109025311,726078791.1199994,127,23,12,5,个,COUNT,0.7686
106040603,725504613.3900017,122,21,13,6,个,COUNT,0.5592
107021003,725329330.8599999,54,19,11,5,千克,MASS,0.9309
109031401,725096203.8399998,59,14,11,5,个,COUNT,0.8113
109032106,719087992.9100002,98,21,11,5,个,COUNT,0.5855
109020302,718602406.9100001,33,10,9,3,个,COUNT,0.9963
108040900,718114723.2499999,61,20,11,5,个,COUNT,0.7194
109011301,717920922.4199995,82,21,11,4,个,COUNT,0.9666
109020306,715708662.1699997,68,19,13,5,个,COUNT,0.8145
109013203,715479336.6699985,127,22,12,6,个,COUNT,0.8655
109060101,714990790.5999999,97,20,11,5,个,COUNT,0.7935
105010803,711862572.4400016,128,21,12,6,个,COUNT,0.5207
109024205,711389662.47,52,19,9,3,套,SET,0.4559
103010403,710991844.46,40,14,7,2,千克,MASS,0.4002
109050103,708221398.4699999,46,14,10,4,套,SET,0.5075
104010101,708108700.93,56,20,12,6,千克,MASS,0.9146
107050804,706399875.6900055,141,21,12,6,个,COUNT,0.8235
109052299,706326943.3300011,65,21,12,5,个,COUNT,0.8255
109011201,704382955.5199999,50,12,10,3,个,COUNT,0.8456
102049908,702701156.38,34,15,10,4,千克,MASS,0.9782
109062001,701278836.9600005,90,14,9,4,副,SET,0.5163
107030804,693727379.1800002,93,18,9,2,盒,CONTAINER,0.5388
109020308,692045314.85,57,17,13,5,个,COUNT,0.8055
109041903,689859906.029999,24,10,7,1,个,COUNT,0.9741
109060202,689691586.1400012,119,22,12,6,个,COUNT,0.8902
108031602,687357239.5299999,28,12,8,4,千克,MASS,0.9805
109011601,686375480.1100001,40,13,10,4,套,SET,0.598
103010504,685868847.19,41,15,9,3,千克,MASS,0.865
109024213,685280002.7599993,102,20,10,4,个,COUNT,0.7361
104030599,683117257.3400002,96,21,12,5,个,COUNT,0.7412
106050102,679595541.9800004,92,21,11,5,千克,MASS,0.6498
109023102,675040266.2399998,97,20,12,5,千米,LENGTH,0.3986
109020702,674224671.0799998,49,17,11,5,个,COUNT,0.8152
307040100,673903156.7200001,104,24,12,4,UNKNOWN,UNKNOWN,0.7494
109060701,672826606.7299991,42,18,11,3,套,SET,0.811
106051205,671051573.5100021,100,19,11,5,个,COUNT,0.8513
109042199,664777467.9900013,78,19,11,5,个,COUNT,0.872
304080204,663857746.0599998,24,12,9,3,UNKNOWN,UNKNOWN,0.6677
105020105,663055374.1900023,161,21,13,6,个,COUNT,0.7089
109060301,661868625.18,67,18,12,5,个,COUNT,0.8123
109012907,661294607.8200003,74,21,13,6,个,COUNT,0.6819
109010504,661064610.68,54,18,11,5,个,COUNT,0.9782
102050399,654753132.6999997,58,19,12,6,千克,MASS,0.9064
101010301,654247488.7,87,21,12,5,千克,MASS,0.7692
103010301,654049554.9499998,95,17,9,3,千克,MASS,0.7505
109025301,652998610.8399999,109,21,11,5,个,COUNT,0.4977
109011214,650188945.8199998,115,22,13,6,个,COUNT,0.4784
103010502,649180555.120001,39,13,7,3,千克,MASS,0.9497
106010304,648364455.3299999,105,19,11,5,千克,MASS,0.4449
109012500,647661754.3700002,292,21,11,5,个,COUNT,0.647
109020605,641411896.2900001,57,14,10,4,个,COUNT,0.4115
109024705,640792275.43,54,13,9,3,个,COUNT,0.7825
107020208,640613749.03,26,8,5,2,千克,MASS,0.9991
104020120,640441771.7000002,34,14,9,4,个,COUNT,0.9874
101011503,639187824.8100001,103,15,9,3,千克,MASS,0.7727
106050999,637138055.2100062,47,10,7,2,个,COUNT,0.753
109060601,634341355.0200008,57,21,11,5,个,COUNT,0.8173
105010501,631208444.5599998,91,20,13,6,个,COUNT,0.3605
109060205,629793213.2700002,74,18,10,4,个,COUNT,0.7969
107030104,627946081.95,67,16,8,2,千克,MASS,0.8525
103020801,624991170.6399997,53,14,8,2,箱,CONTAINER,0.3825
109041101,624805791.5599998,68,17,10,4,个,COUNT,0.7983
107020902,624698036.4499998,121,22,12,5,千克,MASS,0.812
107040103,624481815.64,34,16,9,4,千克,MASS,0.9844
108040703,623145242.260001,87,16,9,3,个,COUNT,0.8386
109020701,620369506.82,60,14,11,5,个,COUNT,0.3428
107060301,619168205.6600001,108,22,12,5,千米,LENGTH,0.367
108040702,618288377.3600018,173,23,12,6,个,COUNT,0.5402
109031700,615291523.1000028,64,16,10,4,个,COUNT,0.9675
109042699,614625837.7999998,73,18,10,4,个,COUNT,0.5711
109025499,612848176.9,58,16,11,5,批,BATCH,0.803
109060511,612085415.0999997,166,22,11,4,个,COUNT,0.5905
109040903,610999054.3500003,74,16,10,4,千米,LENGTH,0.6584
109061908,610183093.12,72,20,11,5,个,COUNT,0.8388
108040399,609163068.7899984,136,22,12,5,个,COUNT,0.7453
109024903,608072805.1999999,51,17,10,4,套,SET,0.4527
109040404,607236599.7399999,40,12,8,3,个,COUNT,0.9336
109062403,606253860.0500003,45,15,10,4,个,COUNT,0.8905
107020114,605974031.6900003,41,16,9,4,千克,MASS,0.9556
108012703,602824643.0700002,46,16,10,5,千克,MASS,0.8595
104020501,601988991.2799994,113,19,10,4,个,COUNT,0.792
108041101,600432357.4600004,109,20,12,6,千克,MASS,0.8541
106040606,598121163.9500008,150,18,10,4,个,COUNT,0.9133
106040805,597873016.0299999,63,18,11,5,套,SET,0.5362
108040302,595947216.4799999,227,23,13,6,个,COUNT,0.5966
101049900,593948945.4600005,110,17,10,4,千克,MASS,0.6211
108040412,593102186.6699997,545,24,12,6,个,COUNT,0.6836
109025299,591678815.3200009,120,27,14,6,套,SET,0.4539
102050401,589753357.7600003,72,19,11,5,千克,MASS,0.9188
103030902,588609256.4399998,69,15,8,3,个,COUNT,0.4727
109011602,587550474.5300001,118,19,12,5,套,SET,0.4308
103010601,587438443.94,35,14,8,2,千克,MASS,0.9586
103030706,585958168.01,159,18,11,4,箱,CONTAINER,0.3408
109040604,585140278.2799999,90,20,10,4,个,COUNT,0.8171
106051304,584257119.3999958,84,20,11,5,个,COUNT,0.6056
304020203,583983756.3800001,69,17,13,5,UNKNOWN,UNKNOWN,0.5072
109050402,583513030.5200002,28,10,8,2,套,SET,0.7118
304030200,582414288.4200001,43,13,8,1,UNKNOWN,UNKNOWN,0.5687
104010201,581409877.5700002,56,17,10,5,千克,MASS,0.9032
107021501,578999726.8600001,37,14,7,3,千克,MASS,0.6779
104011307,577489935.1700003,164,19,11,4,个,COUNT,0.4894
105020204,576625049.2,131,23,13,5,个,COUNT,0.5149
107050501,575164136.2700001,49,17,11,5,千克,MASS,0.9614
303010200,575137414.7900002,33,15,13,5,月,TIME,0.3893
109061808,572535462.1500008,43,15,11,5,个,COUNT,0.859
107020111,571171647.9799999,40,12,7,3,千克,MASS,0.9948
107050801,570891113.1299993,170,20,10,4,个,COUNT,0.4984
106040303,568657964.2099996,95,20,10,4,个,COUNT,0.6494
103010604,565022691.7400002,38,12,6,2,千克,MASS,0.9793
109025306,562315722.5100002,156,24,13,5,个,COUNT,0.5035
108041399,562209305.1400003,86,20,11,5,千克,MASS,0.7902
107030501,562207340.21,48,15,9,3,千克,MASS,0.7024
103020206,560972538.5499992,230,17,9,3,千克,MASS,0.3145
107030403,559708516.7500001,73,12,6,2,盒,CONTAINER,0.5239
109042203,559578687.85,44,15,12,5,个,COUNT,0.5418
109041499,558555564.5500001,56,25,14,6,个,COUNT,0.4843
105010304,556292083.1999997,69,16,11,5,个,COUNT,0.7485
405010100,555677677.9100001,16,9,9,3,平方米,AREA,0.8921
108010702,555653846.5499998,67,19,11,5,千克,MASS,0.3416
107021408,555267219.82,41,14,7,4,千克,MASS,0.9883
109020104,554828576.6500001,49,13,10,4,个,COUNT,0.6558
102050201,549691149.7800002,53,18,11,5,千克,MASS,0.627
107020304,547709774.86,9,7,7,2,千克,MASS,0.9999
108041999,547626266.1200004,118,21,12,5,个,COUNT,0.5828
109024799,547348187.2499998,40,15,9,3,个,COUNT,0.6058
109010204,546889946.1,53,19,12,6,个,COUNT,0.8398
304070101,546638877.43,27,14,10,2,UNKNOWN,UNKNOWN,0.7814
105010404,541900443.6299998,92,22,11,5,个,COUNT,0.6683
107022604,541722240.1700011,44,17,9,3,千克,MASS,0.8239
109051302,541381364.0999998,66,20,12,5,个,COUNT,0.5756
106041001,539404060.03,42,16,11,5,个,COUNT,0.7904
109010602,537489217.03,42,13,10,4,个,COUNT,0.9612
109060201,533817216.2800005,95,19,10,4,个,COUNT,0.8502
109030702,532508882.51,29,9,8,2,个,COUNT,0.9861
107021508,531793460.66999996,25,13,8,3,千克,MASS,0.9923
103011302,530291155.4300001,216,16,8,2,千克,MASS,0.4323
108040102,528842857.32,95,23,14,6,千克,MASS,0.5741
103020102,528508878.61,176,19,10,4,个,COUNT,0.2994
107020302,527722978.99000007,58,20,12,5,千克,MASS,0.9217
109050201,527536587.23000014,43,14,9,2,个,COUNT,0.7527
109020209,526791627.87999976,64,17,10,4,个,COUNT,0.6862
107021407,524969808.98999995,45,16,9,4,千克,MASS,0.9556
109060608,523812855.67000014,122,22,11,4,个,COUNT,0.6634
106050210,522847619.30000013,100,21,11,4,套,SET,0.4361
107020303,522789840.83000004,36,12,9,4,千克,MASS,0.924
109040502,522328157.17999977,68,18,12,5,个,COUNT,0.5203
109041802,521682011.83999974,41,16,9,2,个,COUNT,0.9318
107030103,521487009.2900001,71,13,7,2,千克,MASS,0.4374
103020901,519773677.2599997,94,15,9,3,箱,CONTAINER,0.5536
104030304,518543458.47999996,131,24,13,6,个,COUNT,0.6774
109023301,518280471.41,63,19,10,4,个,COUNT,0.5026
106050702,516858898.9999999,111,18,11,5,平方米,AREA,0.6763
108041901,516677842.7799992,83,20,13,6,个,COUNT,0.9102
103020202,514885620.0299997,181,15,9,3,盒,CONTAINER,0.3488
109042099,513964244.9000001,70,22,13,6,个,COUNT,0.5434
109040905,513699443.33,77,15,11,6,个,COUNT,0.8039
102040299,511989602.139999,37,13,11,5,千克,MASS,0.9656
107020203,511486195.0299998,44,13,8,4,千克,MASS,0.9807
109011304,510950718.44999933,92,21,12,5,个,COUNT,0.9128
104030100,510332946.4200001,61,17,11,4,平方米,AREA,0.3823
106020300,509427826.9900001,117,25,12,5,个,COUNT,0.6666
104010506,509319222.11000013,84,15,11,5,个,COUNT,0.9316
104010206,505969197.38000005,57,16,10,5,千克,MASS,0.4324
107040399,504506207.8700001,68,17,10,5,千克,MASS,0.8219
104011401,499534686.36000013,54,16,9,3,个,COUNT,0.9523
109042301,499260744.120002,97,18,11,6,个,COUNT,0.9482
109024100,499224403.9799991,68,20,11,5,个,COUNT,0.7672
103010399,499197817.1700002,97,18,10,4,千克,MASS,0.7784
109042404,498423538.04000014,98,18,11,5,个,COUNT,0.6368
108012801,498051774.8399999,117,20,11,5,个,COUNT,0.8853
107030805,494849038.9999998,237,22,11,5,盒,CONTAINER,0.356
108010304,494798479.18000025,71,20,11,5,千克,MASS,0.6468
109011403,494626161.90999985,49,12,11,5,个,COUNT,0.6657
103020701,494229470.9799999,62,15,9,4,千克,MASS,0.8574
109060607,494195600.3100003,92,23,12,5,个,COUNT,0.4507
107020212,494148635.3599999,24,9,6,2,千克,MASS,0.9965
104020119,491710533.2,45,14,10,3,套,SET,0.5712
107021602,491536927.5200001,47,15,8,4,千克,MASS,0.9938
109030106,490345949.03999996,34,13,10,4,个,COUNT,0.6026
109010302,489919845.05,21,10,7,3,套,SET,0.9697
107021808,489097553.41,39,11,8,4,千克,MASS,0.9535
107060115,489051270.56,64,18,12,5,个,COUNT,0.6534
109051599,488579704.99999976,40,11,10,4,个,COUNT,0.9526
104010104,488280428.58999974,100,20,11,5,个,COUNT,0.4855
304040704,487906109.27000016,67,27,13,5,个,COUNT,0.3756
106010104,487165578.73,51,17,10,5,千克,MASS,0.9707
109012401,484500060.64000016,83,16,10,4,个,COUNT,0.9104
105010901,484482663.00000006,92,20,11,5,立方米,VOLUME,0.5593
304080202,484353668.02000016,42,17,10,2,UNKNOWN,UNKNOWN,0.4328
108010401,484092555.9400003,77,17,11,5,平方米,AREA,0.5689
108041405,483389729.9499992,194,20,11,5,个,COUNT,0.5075
104030303,482495956.2699998,57,17,11,5,个,COUNT,0.8173
109050301,482369812.18,20,7,6,2,套,SET,0.8748
103020105,479746386.78000003,156,17,11,4,箱,CONTAINER,0.6331
109062002,479041863.70999986,54,13,8,3,个,COUNT,0.4186
109042106,478562784.2499995,53,15,11,4,个,COUNT,0.9862
109010403,477709319.78,36,12,9,3,个,COUNT,0.4904
108010799,477414081.39000005,72,20,11,5,千克,MASS,0.6014
109052204,477193915.00999993,26,12,9,3,个,COUNT,0.9251
108012803,475936676.24999976,166,19,10,5,个,COUNT,0.6656
109012406,475509900.82,56,13,10,4,个,COUNT,0.9399
109060506,474111479.34,112,21,12,4,套,SET,0.5349
109012407,472500326.31999993,70,14,9,3,套,SET,0.5919
104030202,470561162.99000007,63,17,11,5,千米,LENGTH,0.5993
109022816,469350137.3,45,18,11,5,个,COUNT,0.8688
109011213,469275846.05,40,13,11,4,个,COUNT,0.8917
107029901,467281990.47999954,145,21,10,4,千克,MASS,0.2704
109025302,466801504.65999967,86,21,11,4,OTHER,OTHER,0.3955
108010899,466260524.46999985,78,20,11,5,平方米,AREA,0.3723
109024611,466090426.96999997,44,18,9,3,个,COUNT,0.8376
109013402,465857856.5099999,55,21,11,5,个,COUNT,0.7937
104011005,465376392.65,65,19,11,5,千克,MASS,0.919
304020104,465235866.30999994,38,12,8,1,UNKNOWN,UNKNOWN,0.7029
109024206,463688585.54000103,35,13,8,2,个,COUNT,0.8092
104010902,462708748.65000004,90,21,11,5,个,COUNT,0.3839
107021601,461903914.49000007,19,7,4,2,千克,MASS,0.9969
109025401,458334616.84999985,76,22,14,6,个,COUNT,0.5186
108012006,458156845.08000004,63,18,11,5,千克,MASS,0.4597
103011199,456449304.7700022,115,15,8,2,盒,CONTAINER,0.4694
107050902,456108914.73,84,19,11,5,个,COUNT,0.6811
109030105,453812150.7700001,57,17,10,4,个,COUNT,0.7577
107029903,452802660.00000316,114,18,10,4,箱,CONTAINER,0.6703
107050300,452105686.27999985,133,21,11,5,千克,MASS,0.4118
109023212,451909976.08999985,46,18,11,4,个,COUNT,0.8838
109020699,451587622.34,49,15,10,4,个,COUNT,0.481
102050506,450181668.67,8,5,5,2,千克,MASS,0.9834
109010508,449917875.2099997,51,16,10,4,个,COUNT,0.9195
109051002,446979106.98999965,69,19,11,4,个,COUNT,0.7624
104030601,446587388.37000006,30,9,8,4,平方米,AREA,0.4981
106040802,445415684.0999982,84,18,10,4,个,COUNT,0.7019
107030214,445285672.87,144,17,10,4,瓶,CONTAINER,0.3948
104010203,445283751.43,57,17,10,4,千克,MASS,0.6493
106040703,444173714.9599996,47,16,11,5,个,COUNT,0.9475
109051502,443686584.5199997,33,8,7,2,个,COUNT,0.9587
301030102,441036092.6899999,23,13,9,2,UNKNOWN,UNKNOWN,0.5745
109032501,440012888.94,32,16,10,3,个,COUNT,0.9987
106020201,438847586.7800011,195,23,11,3,个,COUNT,0.6666
101010104,438772530.81999993,134,26,14,6,千克,MASS,0.4947
109023199,437635677.85,86,20,12,5,个,COUNT,0.4995
109012904,436608086.4200001,63,20,10,4,个,COUNT,0.6421
108040411,436367928.64000076,176,23,13,6,个,COUNT,0.7945
103011203,436214350.9799999,98,17,9,3,千克,MASS,0.9138
106020106,434749424.5300002,71,25,13,5,套,SET,0.4176
107020236,433747696.39,16,8,7,2,千克,MASS,0.9978
109012603,431672724.7299999,61,19,11,5,个,COUNT,0.5408
304040101,431129731.36,40,15,10,3,UNKNOWN,UNKNOWN,0.9029
304070104,430479529.34,28,11,7,1,UNKNOWN,UNKNOWN,0.9154
107021904,429933819.3500001,86,22,12,5,个,COUNT,0.4156
107030102,429260330.2800001,104,15,7,2,盒,CONTAINER,0.3866
103021299,429002321.1,62,18,11,4,千克,MASS,0.76
109021501,428779219.51,53,17,10,4,罐,CONTAINER,0.4511
109061601,428493173.0500002,52,20,12,5,个,COUNT,0.7077
109024504,428131634.75000006,31,14,8,3,套,SET,0.5585
108010901,425449561.49,79,19,12,6,千克,MASS,0.4112
304040902,424038682.2400001,25,14,8,2,月,TIME,0.3957
107040499,423533037.44,49,17,10,5,千克,MASS,0.8164
109040501,423160540.5499998,93,19,12,5,个,COUNT,0.6702
107020221,420297845.23999983,32,13,7,3,千克,MASS,0.9877
108032202,420036388.18999994,28,8,8,3,千克,MASS,0.8695
108012203,419623721.2600001,71,16,8,2,盒,CONTAINER,0.5326
104019901,419269137.16,107,19,11,5,千克,MASS,0.5694
109061603,417681881.4500003,72,20,11,4,个,COUNT,0.6899
108012804,416813656.6800004,107,19,11,5,个,COUNT,0.7646
109020411,416103083.8699998,101,20,11,5,个,COUNT,0.301
108010309,415302447.89,66,18,11,5,个,COUNT,0.3691
109024501,414833660.1199995,117,20,10,3,个,COUNT,0.693
109051004,413742929.18,35,15,10,3,个,COUNT,0.7532
109021499,412737930.84000003,59,19,10,4,个,COUNT,0.7135
106040102,412571936.6599997,189,20,10,3,个,COUNT,0.5644
106040601,412200220.0100012,117,18,10,4,个,COUNT,0.5623
108031503,411914701.72000015,37,12,9,4,千克,MASS,0.9613
106010106,411515058.4500002,77,19,11,4,千克,MASS,0.8284
109041599,408839264.09000015,28,11,10,4,个,COUNT,0.5428
108041801,408725139.89000005,54,17,10,4,千克,MASS,0.4588
108041199,408093653.0399998,72,18,10,5,千克,MASS,0.8201
107021201,405420720.19,124,19,11,5,千克,MASS,0.4392
106050206,405372927.58000004,105,20,11,5,个,COUNT,0.3973
108012402,405013284.61999995,124,18,11,5,个,COUNT,0.4261
101020499,404089148.68000007,60,20,12,5,OTHER,OTHER,0.6235
108010802,403316593.6699999,51,19,11,5,平方米,AREA,0.8215
109012906,403055920.50999945,77,20,11,5,个,COUNT,0.7243
108041402,402278032.6899998,91,15,8,3,个,COUNT,0.7818
110020101,400830806.71000004,17,8,8,4,立方米,VOLUME,0.7833
109060599,399837719.45000017,83,22,11,4,个,COUNT,0.6543
103020505,399643146.50000006,114,15,9,3,瓶,CONTAINER,0.3333
107030116,398880089.4,24,9,5,2,千克,MASS,0.9255
109010506,397901422.84999996,49,15,9,3,个,COUNT,0.9753
109060103,396942652.25,64,17,11,4,个,COUNT,0.686
107050103,396898785.73999995,43,17,11,4,个,COUNT,0.8308
107020104,396318924.09000015,45,16,9,5,千克,MASS,0.9706
106020299,395710845.05000025,141,25,12,5,个,COUNT,0.5666
107010108,395580215.5100001,169,19,10,4,桶,CONTAINER,0.4199
107060303,393551838.45,85,22,12,5,个,COUNT,0.3887
109020909,393509998.59999985,91,21,11,5,个,COUNT,0.5696
104030503,393471136.54999995,78,16,10,4,平方米,AREA,0.7755
104030403,392271063.7399988,72,16,9,4,个,COUNT,0.787
104010999,391250976.6100001,97,17,11,6,千克,MASS,0.713
103030802,390563343.35999995,101,15,8,2,千克,MASS,0.4008
107020228,390316699.59999996,28,12,6,3,千克,MASS,0.9974
109051301,389521357.35,55,14,10,3,个,COUNT,0.4907
107020206,389210473.98999995,52,18,11,4,千克,MASS,0.8103
107060305,389190733.9300004,66,21,13,5,个,COUNT,0.7438
105020205,388475863.78999966,113,21,12,6,个,COUNT,0.5799
109060399,388309952.85999984,79,22,11,5,个,COUNT,0.6679
103010999,387665843.04999983,85,16,9,3,千克,MASS,0.6842
108031404,387083397.4400001,45,13,10,4,千克,MASS,0.7154
103010702,386696506.00000006,41,12,8,3,个,COUNT,0.8276
109013404,385644565.2300001,109,21,11,5,个,COUNT,0.5569
108020402,385520253.8200001,38,13,10,4,千克,MASS,0.6219
109013501,384503618.8700001,78,19,11,4,个,COUNT,0.809
106040607,383298456.04000056,53,14,8,3,个,COUNT,0.6941
106051207,383084051.41999984,157,19,11,5,个,COUNT,0.5167
109012302,382764006.9799995,82,19,12,5,个,COUNT,0.7145
107030302,381636302.21999997,68,12,7,2,千克,MASS,0.8763
109024702,381515356.4700003,40,15,8,3,个,COUNT,0.6838
109023501,380104959.3,18,8,8,2,个,COUNT,0.9937
109061905,377659895.93000036,20,8,7,2,个,COUNT,0.9954
104019905,376729914.7000004,49,13,9,4,千米,LENGTH,0.8587
104011202,376408083.8900003,52,13,9,4,千克,MASS,0.6153
109060502,374779215.18,46,20,10,4,个,COUNT,0.5544
107030209,374083091.5999999,152,14,8,2,盒,CONTAINER,0.4172
109012103,372624633.31999993,104,19,9,3,个,COUNT,0.6159
103020504,370512283.26999986,129,15,9,3,千克,MASS,0.5236
104020117,370399784.1800002,27,7,7,2,个,COUNT,0.9764
301010101,369921925.27000016,90,28,14,6,千克,MASS,0.4855
108012300,368450834.01000005,74,21,12,5,个,COUNT,0.4775
101010106,367468334.83000004,128,26,14,6,千克,MASS,0.532
107029902,366131997.0199993,272,23,11,5,瓶,CONTAINER,0.2871
109020401,365837734.76,53,20,12,5,个,COUNT,0.4681
107021899,364499131.6099999,64,18,10,4,千克,MASS,0.4847
106040602,363565307.27,116,17,10,4,个,COUNT,0.6739
107021202,363518527.4899999,146,21,11,5,个,COUNT,0.3851
103020601,362683736.22,67,14,8,2,千克,MASS,0.6417
108010699,362615153.08,52,17,11,5,千克,MASS,0.4754
109050803,362564426.64999974,48,16,11,4,个,COUNT,0.689
107030212,362160530.5399999,112,12,7,2,盒,CONTAINER,0.3625
109010605,362000322.83,36,12,9,3,个,COUNT,0.946
101011502,360813157.6499999,121,15,9,3,千克,MASS,0.3904
109025503,360735520.3799999,48,15,9,3,套,SET,0.4659
108030700,360524341.0999997,38,15,9,4,千克,MASS,0.955
109024502,359693138.08,28,11,7,1,个,COUNT,0.6035
109011207,359641803.5500001,30,12,10,4,个,COUNT,0.9622
109020305,359422003.53999996,40,13,10,4,个,COUNT,0.6708
109061699,359147354.46000004,50,15,10,4,个,COUNT,0.7124
108031301,358128645.2700001,33,14,10,5,千克,MASS,0.9911
108040404,357934401.51000017,199,22,11,5,个,COUNT,0.7243
107030208,353882480.26,71,10,6,2,盒,CONTAINER,0.7438
108032102,353649971.07,31,10,9,4,千克,MASS,0.8193
108041403,352551746.9999997,92,18,11,4,个,COUNT,0.6725
105010403,352317154.7199999,51,15,11,5,立方米,VOLUME,0.6999
102050405,351620091.76,44,17,11,5,千克,MASS,0.8035
102050900,350747465.00999975,43,16,9,4,千克,MASS,0.7817
108010310,350392834.9299998,62,18,11,5,个,COUNT,0.316
109025309,349064564.15000004,59,17,10,4,个,COUNT,0.502
106051009,348321207.40999985,168,23,12,5,个,COUNT,0.6025
109012606,346709395.90000004,43,17,11,5,千克,MASS,0.4334
109020902,345098120.53,35,10,9,4,个,COUNT,0.5184
201040000,344145845.8000001,84,26,14,6,千克,MASS,0.3714
103020603,344099009.53,143,15,9,3,箱,CONTAINER,0.4423
107020205,343852280.8500001,45,15,10,5,千克,MASS,0.8266
109050802,342017874.70999986,40,14,10,4,个,COUNT,0.576
107040102,341476308.0,22,11,8,5,千克,MASS,0.9443
107020226,340835072.25000006,14,7,5,3,千克,MASS,0.9991
109020405,340751903.2399999,42,14,10,4,个,COUNT,0.8506
103011106,340235688.97,50,14,8,2,箱,CONTAINER,0.5871
108011199,340190272.52000004,71,19,11,5,个,COUNT,0.5306
109020408,339817444.66,78,19,11,5,套,SET,0.2488
102050602,338934536.84999996,13,8,5,2,千克,MASS,0.9984
104020201,338826889.1900001,52,15,10,4,个,COUNT,0.6047
102040111,337557146.8299999,18,6,6,3,千克,MASS,0.9931
109020208,336332315.15000004,51,16,10,4,个,COUNT,0.4775
108031603,335493144.38999975,36,16,9,4,千克,MASS,0.9587
107020109,335291970.73,25,12,7,3,千克,MASS,0.9983
104010504,334796601.0100001,63,13,9,3,个,COUNT,0.7303
102050204,334430951.74000007,44,16,11,6,千克,MASS,0.8142
109011109,334288041.1499999,91,20,11,4,个,COUNT,0.6564
109061801,332958999.3000029,52,13,9,3,个,COUNT,0.9804
109023101,332456018.38,80,18,10,4,个,COUNT,0.7992
106051208,332035471.7599997,42,15,9,3,个,COUNT,0.8928
109041699,329748722.6799998,43,16,10,4,个,COUNT,0.8319
102050501,329482589.16,35,15,10,5,千克,MASS,0.9686
104010901,329104302.04999995,122,20,11,5,千克,MASS,0.6873
109011502,328852043.21999997,21,7,7,3,个,COUNT,0.9914
109012702,326882792.5899997,75,17,11,5,个,COUNT,0.9361
108012102,326848364.43000007,69,17,10,4,个,COUNT,0.7245
109062102,326207846.62,13,7,6,1,个,COUNT,0.6956
109042103,325894318.2199999,38,13,9,3,个,COUNT,0.6151
107030110,325455096.9,33,12,8,3,千克,MASS,0.6672
108012001,324203920.09000003,71,19,11,5,个,COUNT,0.7456
107021703,322863240.41,51,15,9,3,OTHER,OTHER,0.5088
104020404,322652585.97000533,71,19,11,5,个,COUNT,0.8377
107020224,322619267.5400001,25,9,7,3,千克,MASS,0.9945
105010801,322018861.2400013,177,21,11,5,个,COUNT,0.6437
108040799,321718788.1900002,116,18,9,3,个,COUNT,0.5848
109020304,320893111.43,52,17,11,5,个,COUNT,0.8007
110020199,320822527.89000016,24,12,11,6,立方米,VOLUME,0.4941
109042403,318970392.30999994,64,13,9,4,个,COUNT,0.7782
107040101,318463202.21999997,35,17,9,5,千克,MASS,0.9899
109010203,318445469.94,58,19,11,5,个,COUNT,0.8341
103010704,317260229.41999996,72,17,9,3,千克,MASS,0.8167
101020402,315982781.60999995,78,21,12,5,千克,MASS,0.9333
107030411,315712542.43000007,28,10,5,1,盒,CONTAINER,0.7199
108031104,315307351.15,10,5,5,3,千克,MASS,0.9959
101010499,313400316.4700001,98,20,10,4,千克,MASS,0.9111
107040305,313316849.08,37,14,9,5,千克,MASS,0.85
103011500,312822417.81000006,49,13,7,2,千克,MASS,0.9715
107021511,312702496.4099999,38,13,8,4,千克,MASS,0.9827
109022813,312491411.9899999,40,15,9,3,个,COUNT,0.9638
109061906,312109796.06000024,43,12,11,5,个,COUNT,0.9188
108010404,311932276.39000005,87,21,11,5,千米,LENGTH,0.313
109024210,311927085.1300001,44,18,8,2,个,COUNT,0.5753
109041402,311495145.6599999,19,11,7,1,个,COUNT,0.9758
109060605,310864478.7800001,56,20,11,4,个,COUNT,0.7011
108010804,309737630.7399999,56,17,11,5,平方米,AREA,0.4894
109010601,309354633.1699999,51,16,10,4,个,COUNT,0.8954
103010804,308521362.8900001,131,16,8,2,千克,MASS,0.3235
109032803,308229959.93999994,39,14,10,4,千克,MASS,0.6797
109050704,307926168.25,34,14,9,3,个,COUNT,0.5591
107030707,307627614.25999993,38,12,7,2,瓶,CONTAINER,0.8615
109060304,306873970.72999966,64,18,10,4,个,COUNT,0.8725
109032801,306688959.2299999,79,16,10,4,个,COUNT,0.7342
109042407,306476125.2700001,91,16,10,3,个,COUNT,0.659
109024202,306310483.49,47,17,10,4,个,COUNT,0.605
108040701,305363864.4699994,138,19,10,4,个,COUNT,0.6966
104020104,305052091.4499998,35,10,9,4,套,SET,0.5627
102040106,304991214.44,17,8,7,2,千克,MASS,0.9966
109020106,304304887.37,58,18,12,5,个,COUNT,0.7216
109024404,304137771.06000006,84,21,11,4,个,COUNT,0.6725
103020207,302982620.8900001,143,16,8,2,箱,CONTAINER,0.3874
106010505,302585906.49999994,101,21,11,5,卷,CONTAINER,0.5303
109023607,301723457.90000004,20,8,7,3,个,COUNT,0.9289
104019902,301695580.8100003,95,19,10,4,个,COUNT,0.7327
104020125,301269500.17000014,87,20,12,5,套,SET,0.5394
107021704,300697510.43999994,46,15,9,3,千克,MASS,0.713
304040302,300243546.15,37,18,12,4,UNKNOWN,UNKNOWN,0.608
304020201,297054538.94,44,15,12,5,个,COUNT,0.743
107020121,297006677.16999996,32,11,6,3,千克,MASS,0.9924
301040201,296685067.94,19,12,11,5,立方米,VOLUME,0.7153
109042207,293882572.2400001,52,18,12,5,个,COUNT,0.753
109050703,292418620.53000003,39,12,9,3,个,COUNT,0.8574
109060603,291254629.2500011,36,13,9,2,个,COUNT,0.8636
109020307,290017027.71000004,33,13,10,4,个,COUNT,0.9161
107020222,290004705.33,19,10,8,4,千克,MASS,0.9955
107021006,288368987.28000015,94,23,12,5,千克,MASS,0.7166
109020704,288251289.04,53,16,10,4,个,COUNT,0.6599
109041201,288250256.4900001,66,15,9,3,个,COUNT,0.7475
109020107,287846439.23000014,32,13,10,3,个,COUNT,0.957
109025202,287655834.2299999,63,18,10,4,个,COUNT,0.9102
109022405,287639461.94,35,17,9,3,个,COUNT,0.5032
109012299,287436392.3600001,61,20,11,5,个,COUNT,0.6329
108031701,287015814.85,46,13,9,4,个,COUNT,0.5411
109032701,286595796.5700001,102,21,11,5,个,COUNT,0.3224
109062504,284488688.97999984,81,22,11,4,个,COUNT,0.7612
108012005,284377648.60999995,42,15,9,5,个,COUNT,0.9817
109060306,283847208.5600003,41,14,9,3,个,COUNT,0.6259
106020102,283288416.46999985,82,24,12,5,个,COUNT,0.703
109040503,282758373.33000004,83,19,11,5,个,COUNT,0.6799
109051304,282041791.22999996,56,18,10,2,套,SET,0.5096
109024612,281444205.1699999,35,13,8,2,个,COUNT,0.8395
107060304,281194678.16,80,20,11,5,个,COUNT,0.3455
104010605,280959080.2999998,88,19,11,5,个,COUNT,0.5918
103010805,280890886.4899997,140,14,8,2,个,COUNT,0.2745
103011206,279632035.76,38,15,9,4,千克,MASS,0.9943
306010902,278919775.58,4,4,4,0,UNKNOWN,UNKNOWN,0.9856
108010704,278463724.1,60,18,11,5,平方米,AREA,0.4952
109011205,277718339.86,22,8,7,2,个,COUNT,0.9005
109023303,277566354.62,62,17,11,5,个,COUNT,0.4547
109012404,276414550.0400001,56,15,10,4,个,COUNT,0.783
108031802,276205582.9200001,13,4,4,2,千克,MASS,0.9959
101030306,273551903.06,27,13,8,4,个,COUNT,0.7398
109012004,273290200.1400001,63,17,10,4,个,COUNT,0.7721
106010102,273108196.76000005,67,20,11,5,千克,MASS,0.7126
104011001,272072648.49,61,19,12,5,千克,MASS,0.9063
103040203,271577137.6900001,35,15,11,5,个,COUNT,0.8804
109042599,271260494.11,26,9,7,2,UNKNOWN,UNKNOWN,0.7652
108031103,270201607.13,18,6,6,2,千克,MASS,0.9867
304040501,270189735.25999993,34,15,11,3,立方米,VOLUME,0.5298
104010804,269942336.72000015,64,16,10,4,个,COUNT,0.5342
109020907,269918011.1499999,56,18,10,4,个,COUNT,0.647
108011103,269803903.6099999,48,14,9,3,个,COUNT,0.8984
109042405,269411775.26,84,20,13,5,个,COUNT,0.3581
109021001,269360718.72,36,14,10,4,个,COUNT,0.9608
108041302,268944825.48000014,63,16,10,4,千克,MASS,0.8744
109022103,266911590.50999996,71,19,10,4,千克,MASS,0.3629
109050106,266873021.5300001,33,14,9,3,套,SET,0.4866
108042000,266498462.7799998,68,20,11,5,个,COUNT,0.7591
102020603,265870561.98,44,17,9,5,千克,MASS,0.9903
109062503,265212676.88,69,24,12,5,个,COUNT,0.8763
103020702,265086861.74,28,12,7,3,千克,MASS,0.9877
103040400,264982495.63,28,14,9,3,千克,MASS,0.9911
104020121,263754299.6800002,20,6,5,1,个,COUNT,0.9886
107021509,263266627.29999998,28,9,7,3,千克,MASS,0.969
109013003,262466639.42999974,69,20,13,6,个,COUNT,0.8505
107020117,262075865.52000004,23,9,7,3,千克,MASS,0.9869
107029906,261812273.38000017,69,16,9,3,箱,CONTAINER,0.52
102020601,261690952.06000003,49,18,11,6,千克,MASS,0.9514
109012608,261383776.55,65,19,12,6,个,COUNT,0.5897
109013201,260369542.0500002,101,19,10,4,个,COUNT,0.7555
107022002,258727639.18,37,14,8,3,千克,MASS,0.7787
109010205,258037971.10000005,37,14,9,3,个,COUNT,0.9584
105020201,257912812.1100001,109,22,12,5,个,COUNT,0.6073
109060204,257808825.30000004,54,14,9,3,个,COUNT,0.8467
109041203,257500155.81000027,59,14,9,3,个,COUNT,0.7572
101011101,257441257.56999996,51,18,11,4,千克,MASS,0.7771
101030101,257309447.6699991,35,15,10,4,千克,MASS,0.9501
501019900,257160163.53000003,38,13,11,4,UNKNOWN,UNKNOWN,0.418
109042408,256693316.88,88,17,10,4,个,COUNT,0.8615
107030602,256024495.8,33,11,6,2,千克,MASS,0.6877
101020100,254182536.54,52,18,13,6,OTHER,OTHER,0.8939
108012901,253239203.11999992,63,18,10,5,千克,MASS,0.9117
107051002,251589305.81000003,77,19,11,5,个,COUNT,0.5249
109011206,251517969.83,33,12,11,3,个,COUNT,0.7989
109022603,251483117.19,57,17,9,3,批,BATCH,0.4836
104010302,251310799.23,48,17,10,5,千克,MASS,0.934
109020403,250527804.76999992,46,20,12,6,个,COUNT,0.5297
105010702,250174476.27999967,72,16,10,5,个,COUNT,0.4168
104010903,249957307.42000005,122,21,12,5,个,COUNT,0.4284
109013004,249560963.22999996,49,18,11,5,个,COUNT,0.7946
109020103,249331476.92999998,69,12,10,4,个,COUNT,0.7643
110030102,249263115.2499998,50,17,12,5,千克,MASS,0.886
107040202,248817637.5099999,38,13,9,5,千克,MASS,0.9457
104010604,248733427.43000028,93,20,12,5,个,COUNT,0.3121
306019900,248632408.53000012,23,13,9,2,UNKNOWN,UNKNOWN,0.7826
106050199,248602327.1099999,66,19,10,4,千克,MASS,0.4019
103021201,247417571.91,72,16,8,2,千克,MASS,0.8116
103020802,247281960.76999992,86,16,10,3,盒,CONTAINER,0.402
109021603,246976510.00000003,33,14,9,3,个,COUNT,0.9411
107022603,246907052.11,13,6,4,2,千克,MASS,0.9914
109024614,245301959.69999993,67,18,10,4,个,COUNT,0.464
101010303,245257154.44,71,18,11,5,千克,MASS,0.8853
102050599,244025374.82,43,16,9,4,千克,MASS,0.8877
109012601,242528654.84,35,16,10,4,个,COUNT,0.5057
105010203,242413522.53000003,50,18,11,5,千克,MASS,0.7809
109011608,241247021.74000025,57,21,12,5,个,COUNT,0.5909
103010503,241178096.89999995,58,17,9,3,千克,MASS,0.9023
304070103,240194216.7,24,12,9,3,UNKNOWN,UNKNOWN,0.8516
107021616,239547363.20000005,20,10,6,3,千克,MASS,0.9672
109010799,239411185.01999995,60,17,10,4,个,COUNT,0.5108
104020105,238262824.51999998,24,10,8,3,个,COUNT,0.9541
102050603,238247426.55,25,9,6,3,千克,MASS,0.9376
109020201,238200317.0,57,16,11,5,个,COUNT,0.5019
104010303,238194895.96,63,16,10,4,千米,LENGTH,0.8328
109022206,237885995.26000035,93,22,12,5,个,COUNT,0.6861
109012807,236965891.44000003,37,16,12,4,个,COUNT,0.5159
109023205,236086196.06999993,46,15,10,4,个,COUNT,0.9008
104011007,235596502.27999985,70,17,10,4,千米,LENGTH,0.6758
109061903,235582679.79000002,30,8,7,2,个,COUNT,0.6025
109040304,234342879.2000001,25,10,8,3,个,COUNT,0.929
109060405,234121730.76000002,155,22,12,5,个,COUNT,0.8015
107030410,233376135.55999997,30,9,6,2,盒,CONTAINER,0.9846
108032402,232944162.92000005,30,12,9,5,千克,MASS,0.8962
108042500,232942007.16000003,47,16,10,4,个,COUNT,0.516
109011503,232435036.88999993,46,15,10,3,个,COUNT,0.8797
102050507,232405456.2800001,13,7,6,2,千克,MASS,0.9904
109022602,232266312.16000006,37,17,10,3,箱,CONTAINER,0.9585
106020107,232167466.96000004,169,22,11,4,套,SET,0.4127
107020123,229694097.27999994,38,15,8,4,千克,MASS,0.9702
109030603,229224326.86,11,5,5,2,个,COUNT,0.9786
108040403,228971892.0999997,142,22,11,4,个,COUNT,0.7305
108041111,228748800.53000012,26,10,7,3,OTHER,OTHER,0.7007
106040705,228623597.05,66,17,11,5,个,COUNT,0.5092
109051303,228607052.85,35,11,10,3,套,SET,0.5861
109011499,228319778.20999998,45,14,9,3,个,COUNT,0.4012
109024904,227641007.17,62,18,11,5,套,SET,0.366
109023103,227418319.73000005,107,19,10,4,个,COUNT,0.4892
106051201,227085228.25000036,77,18,10,4,个,COUNT,0.4879
304070202,226564090.49,12,8,6,1,UNKNOWN,UNKNOWN,0.6832
104030305,226489988.94000155,63,19,11,4,个,COUNT,0.8536
304030103,225788114.9099999,91,24,12,4,UNKNOWN,UNKNOWN,0.4605
109060404,225745250.3100011,73,15,8,2,个,COUNT,0.9921
109013301,225557121.2499999,77,20,11,5,个,COUNT,0.7444
107030409,223219647.28999993,101,12,6,2,盒,CONTAINER,0.6428
106050701,222849798.94999993,43,16,10,4,平方米,AREA,0.8525
108011403,222260621.8699994,86,19,11,5,个,COUNT,0.3427
109060410,222174703.29000005,79,18,10,4,个,COUNT,0.5995
110039900,221800264.29,77,23,14,6,千克,MASS,0.391
109042506,221799954.8299999,32,11,9,3,个,COUNT,0.714
108011800,221720915.74999997,54,15,10,4,千克,MASS,0.7072
108040406,219686582.9500003,194,20,10,4,个,COUNT,0.6683
104020301,219312527.2999999,24,10,9,4,个,COUNT,0.9601
109022102,218022488.44000003,17,8,8,3,套,SET,0.8175
108010307,217977228.55,26,11,9,4,个,COUNT,0.6263
109040202,215780484.8,28,13,10,4,个,COUNT,0.8413
109051907,214980010.65999988,37,11,9,3,个,COUNT,0.51
107021504,214555151.44999987,41,15,9,3,千克,MASS,0.8043
105020208,213255060.37000012,54,18,10,4,个,COUNT,0.4559
104019906,213116879.06000006,89,19,11,6,个,COUNT,0.4343
107021802,212971172.7600002,40,17,9,4,卷,CONTAINER,0.5692
102050304,211759511.7300001,12,8,7,4,千克,MASS,0.8937
109060409,210497217.7999998,58,14,9,3,个,COUNT,0.8892
106040803,209604663.78000057,106,21,11,5,个,COUNT,0.6766
107030109,209197216.56,26,10,4,2,盒,CONTAINER,0.5086
109062105,208856436.17000005,38,13,10,4,套,SET,0.5028
109022699,208559941.58999994,60,19,11,5,千克,MASS,0.5793
109013302,208547220.28000003,79,23,12,5,套,SET,0.5531
108012099,208348971.26,43,15,11,5,千克,MASS,0.575
102050203,207007948.60999998,41,16,10,5,千克,MASS,0.8808
109012203,205657888.1800001,35,14,9,4,个,COUNT,0.8539
109060407,203990805.28,43,14,10,3,个,COUNT,0.781
109051404,203092394.8200001,31,13,9,4,个,COUNT,0.9699
103010905,202999113.5300001,115,16,9,3,千克,MASS,0.36
109021402,202549650.53,40,16,9,3,千瓦时,ENERGY,0.5906
102050699,201599199.85000008,50,12,7,2,千克,MASS,0.9901
103020803,201097673.78999975,89,15,8,2,瓶,CONTAINER,0.6199
101030301,199621476.67999995,77,18,9,3,千克,MASS,0.3383
109060501,199526653.7000001,46,17,10,4,个,COUNT,0.5923
108012903,199483386.63000005,63,19,13,6,OTHER,OTHER,0.6619
109040602,197737225.99,39,12,9,3,个,COUNT,0.845
101011213,197292462.36999995,101,14,8,2,千克,MASS,0.5876
107030115,197095251.64000002,58,15,7,2,千克,MASS,0.3506
109024704,196994425.6900001,13,4,3,1,个,COUNT,0.9537
106040399,196724124.45999995,105,22,11,5,个,COUNT,0.4845
101010202,196635097.90000004,31,17,11,5,千克,MASS,0.9738
109060302,196447117.67,30,10,9,3,个,COUNT,0.949
109022812,196392160.01,36,14,9,3,个,COUNT,0.9311
110010300,196330076.52999994,66,18,13,6,千瓦时,ENERGY,0.4122
104030701,196273038.39000002,25,10,7,3,千克,MASS,0.887
109013603,196051132.1799999,48,13,9,3,个,COUNT,0.4955
109061499,195821626.12000003,53,17,11,5,套,SET,0.4822
109041202,195261010.57999992,58,15,9,3,个,COUNT,0.7111
107020238,195225148.04999998,27,12,10,4,千克,MASS,0.9902
109020703,194986107.35000008,29,12,8,3,个,COUNT,0.4564
104010503,194771478.63,76,16,9,3,个,COUNT,0.7618
109021003,194227668.88,30,11,10,5,个,COUNT,0.844
107030111,193759779.44000003,43,11,7,2,千克,MASS,0.6345
108031105,193139805.4,5,4,4,2,千克,MASS,0.9999
106050101,192784518.55999994,69,21,11,5,个,COUNT,0.3227
104010205,192653045.61999997,45,13,9,4,千克,MASS,0.4885
104020202,192580785.56,32,11,9,4,个,COUNT,0.8557
109012102,192490459.91000006,71,21,11,5,个,COUNT,0.7059
103011299,191609385.44000003,39,13,7,2,千克,MASS,0.9231
109062204,191481274.26999998,32,11,8,3,个,COUNT,0.938
109050804,190993612.42999998,62,19,12,5,个,COUNT,0.7157
109022099,190484733.20999998,66,19,10,4,个,COUNT,0.4656
109022104,190296664.27999958,42,15,10,4,个,COUNT,0.8174
103011004,190085818.49999997,152,15,8,2,包,CONTAINER,0.2948
109022504,189942971.14000022,82,17,10,4,个,COUNT,0.8364
107021410,188163482.36000007,23,10,7,3,千克,MASS,0.8245
304070301,188105620.3,15,8,7,1,UNKNOWN,UNKNOWN,0.9975
109023609,186988876.9100002,53,16,10,4,个,COUNT,0.9407
106051213,186624758.1899999,46,17,10,4,箱,CONTAINER,0.5827
108012199,186290959.04999995,73,16,10,4,个,COUNT,0.561
105010903,185919391.65999982,122,18,9,4,个,COUNT,0.5947
109010502,185695757.49999994,59,19,12,6,个,COUNT,0.825
106050802,185673346.14000008,67,18,11,5,个,COUNT,0.3196
304010200,185232138.14999998,44,17,10,2,UNKNOWN,UNKNOWN,0.5334
109032404,185228272.64000002,36,12,10,4,个,COUNT,0.6638
106051002,184711679.06999975,47,19,12,5,千克,MASS,0.7233
109020808,184495760.08999997,34,13,8,3,个,COUNT,0.8526
109022105,184176172.84,49,18,11,4,个,COUNT,0.4463
109011103,183269548.54999986,47,16,10,4,个,COUNT,0.8793
109041603,183224833.4899996,41,16,10,4,个,COUNT,0.9406
109021106,183006548.8,50,17,9,3,套,SET,0.4136
109011604,182055865.18000004,36,14,12,4,套,SET,0.3614
107022499,181529410.73999986,94,16,8,2,个,COUNT,0.3934
109031801,181334472.07999998,13,8,7,2,OTHER,OTHER,0.8761
109013599,180341987.10999998,25,11,9,3,个,COUNT,0.927
108010202,180330130.21000007,69,17,10,5,千克,MASS,0.7805
107020118,180149712.90999994,38,13,8,3,千克,MASS,0.9763
101040300,179802100.48,41,14,8,2,千克,MASS,0.7757
103020508,179742394.12999994,96,13,7,2,箱,CONTAINER,0.5336
108011900,179704385.82000002,100,20,12,6,个,COUNT,0.4656
109013304,179111447.62999985,64,20,11,5,个,COUNT,0.4826
109020904,179008510.45999998,39,12,10,4,个,COUNT,0.616
106040202,178877182.80000013,130,21,10,4,个,COUNT,0.6977
107050401,178791486.03000003,89,19,11,5,平方米,AREA,0.2708
109011202,178537931.63,26,11,9,4,个,COUNT,0.8924
304070302,178057479.23999995,26,11,8,1,UNKNOWN,UNKNOWN,0.4387
108041902,178037665.01000002,88,20,11,5,个,COUNT,0.7105
107030118,177282572.76999998,28,11,7,2,千克,MASS,0.8891
109050701,176926146.28,29,12,8,2,套,SET,0.6548
109010505,176541219.42999998,31,11,9,3,个,COUNT,0.8904
108011299,175820959.86999997,241,23,12,5,个,COUNT,0.5891
105010405,175810702.79999998,51,15,11,5,个,COUNT,0.5608
101011999,175687909.89999998,32,14,11,5,OTHER,OTHER,0.9204
108010603,175398567.07,50,17,10,4,箱,CONTAINER,0.3348
109024308,175241486.29999992,57,15,7,2,套,SET,0.678
102051000,174897008.90000004,51,16,10,5,千克,MASS,0.9288
107020116,174649184.14999998,28,15,9,3,千克,MASS,0.9652
102050305,174301485.11,11,6,4,3,千克,MASS,0.9996
109050203,174160426.28,33,11,10,3,个,COUNT,0.5341
109021403,173767070.17999998,67,17,9,3,个,COUNT,0.4556
109013305,173550157.97999987,71,20,11,5,个,COUNT,0.6539
109011003,172901869.1000001,54,15,9,3,个,COUNT,0.7974
301050302,172801292.63000003,17,10,7,3,千克,MASS,0.7868
101020399,172785683.41999996,89,25,12,6,个,COUNT,0.4525
109021300,172230019.9300001,58,16,10,5,个,COUNT,0.6208
105010904,172193401.87999994,116,20,11,5,个,COUNT,0.6389
107022102,171350379.04,111,19,10,4,千克,MASS,0.5794
307010200,171235704.59999996,45,20,12,4,UNKNOWN,UNKNOWN,0.7838
104020502,171196591.74999994,66,17,12,5,个,COUNT,0.4931
109025205,170445393.10000002,52,19,10,4,个,COUNT,0.9125
109012199,169076449.08000004,62,18,11,5,个,COUNT,0.7299
107030112,168633781.32999998,23,10,6,2,千克,MASS,0.9153
108011202,168237046.80000007,68,15,8,3,千克,MASS,0.5544
104019903,168061996.1800001,73,17,11,5,千米,LENGTH,0.6802
101050100,168012942.3999999,78,16,9,3,千克,MASS,0.8688
107020204,167936259.18999997,22,7,5,3,千克,MASS,0.9318
102050509,167728204.95,9,4,4,3,千克,MASS,0.9994
107030106,167628392.92000002,23,12,7,3,千克,MASS,0.6922
109021002,167520963.63999996,35,14,11,5,个,COUNT,0.4994
103011001,166542890.61999992,61,20,11,5,千克,MASS,0.8724
101040400,166405390.25,80,14,8,2,千克,MASS,0.7433
108031202,166346923.65,18,7,7,2,千克,MASS,0.9922
103020902,165486661.71999997,69,14,8,2,个,COUNT,0.4764
101010999,165368969.19999996,25,13,7,3,千克,MASS,0.9073
107030113,165217725.46,22,10,6,2,千克,MASS,0.637
301020202,165070750.25,18,11,8,3,千克,MASS,0.595
104010301,165058953.23,42,16,9,4,千克,MASS,0.8724
107020229,164599355.77,12,6,4,1,千克,MASS,0.9999
109061101,163906744.36999997,43,12,9,4,套,SET,0.5676
103020705,163878095.10000005,47,15,8,4,千克,MASS,0.9716
107021414,163722558.32000002,23,13,8,3,千克,MASS,0.9857
304010300,163684249.31,32,15,11,3,UNKNOWN,UNKNOWN,0.3113
101030303,163633774.54999998,92,14,8,2,千克,MASS,0.4962
109022204,163373057.98000002,63,17,9,3,个,COUNT,0.8379
109020501,162995968.2,49,15,11,5,个,COUNT,0.6704
103020703,162591368.29999995,34,12,6,2,千克,MASS,0.9924
109024207,162093398.36000004,34,13,8,2,个,COUNT,0.5496
109025504,161482368.97999993,39,18,12,5,套,SET,0.6892
103010902,161373879.1,128,15,8,2,千克,MASS,0.448
109010604,161192004.57999998,25,9,8,3,套,SET,0.7111
108041299,161017752.00000003,61,15,10,4,千米,LENGTH,0.4793
107020227,160878054.77999997,32,10,6,2,千克,MASS,0.9919
106040101,160854894.03999984,160,19,10,3,个,COUNT,0.7747
107050502,159909641.87,59,18,10,5,千克,MASS,0.6474
109042105,159662836.71999994,58,16,10,4,个,COUNT,0.6027
109042505,159466816.43999997,47,14,10,4,个,COUNT,0.8355
107050701,159341959.79000002,41,17,10,5,千克,MASS,0.9412
108040407,159048465.00000018,113,19,11,4,个,COUNT,0.7942
109042603,158904133.41000003,55,15,10,4,个,COUNT,0.7352
109020407,158860717.43000004,42,15,11,5,套,SET,0.4849
109012201,158689781.70999995,34,17,10,4,个,COUNT,0.7373
109040605,158671716.8199999,69,19,11,5,个,COUNT,0.708
108012502,158615470.89,40,14,9,4,千克,MASS,0.8814
105020206,158116806.39,68,18,11,5,个,COUNT,0.7756
106010303,158014905.30999997,62,21,11,5,千克,MASS,0.5309
108010303,156784227.97999996,61,19,12,6,千米,LENGTH,0.5364
104010508,156208643.89,38,14,10,4,个,COUNT,0.4511
109061602,155958619.07000002,32,13,9,3,个,COUNT,0.8562
109012204,155805904.18000004,32,12,10,4,个,COUNT,0.7021
109021701,155650302.17999998,30,13,9,3,套,SET,0.5734
101030102,154265947.59000003,28,13,9,3,千克,MASS,0.7936
104011302,154239250.22000042,64,14,10,4,个,COUNT,0.3655
109020204,153889907.95000017,17,10,9,5,套,SET,0.892
109041902,153514106.34,16,7,6,1,个,COUNT,0.919
106040804,152098963.24999943,93,19,10,4,个,COUNT,0.7531
105010202,152055743.95999998,38,15,10,5,千克,MASS,0.8821
109011106,151683391.33,30,11,9,3,个,COUNT,0.7669
108031108,151485899.4,8,3,3,2,千克,MASS,0.9999
109022201,151069079.66,70,23,12,5,个,COUNT,0.6474
109022801,150607279.86000004,32,14,9,3,个,COUNT,0.8381
109060311,150301994.4500001,23,11,8,2,个,COUNT,0.6859
107060302,150001209.29,69,21,11,5,千克,MASS,0.4048
104010505,149742327.96,44,11,8,3,个,COUNT,0.752
109010603,148764343.01000002,54,17,11,5,个,COUNT,0.8105
107030802,148220426.35999995,68,16,8,2,个,COUNT,0.3231
107030601,148154990.13000003,66,14,9,3,盒,CONTAINER,0.4982
104010502,147606043.52999994,34,11,10,4,个,COUNT,0.5298
105020108,146291709.89999998,66,16,11,5,千克,MASS,0.3414
109012802,145930984.69,29,14,8,2,套,SET,0.7337
109012899,145422391.53,50,20,12,5,个,COUNT,0.4727
106051105,144155899.48,16,7,6,1,个,COUNT,0.8512
104030604,143985706.93000004,24,9,8,4,千米,LENGTH,0.9397
104019904,143682817.38000003,60,16,10,4,千米,LENGTH,0.3311
109013505,143418362.46,66,20,11,4,个,COUNT,0.7506
106040402,143003959.7,50,16,9,3,千克,MASS,0.4789
109010507,142607873.53,33,8,7,2,千克,MASS,0.8933
104010808,142401908.89,46,15,10,4,个,COUNT,0.7186
109011105,141845420.74000004,52,16,10,4,个,COUNT,0.8305
108041203,141491563.88999996,43,14,10,4,千米,LENGTH,0.4757
102020400,140599422.57999998,26,10,9,5,立方米,VOLUME,0.7043
109024601,139878946.95999998,74,16,10,4,个,COUNT,0.7127
103021202,137925662.67999998,53,17,9,3,千克,MASS,0.5742
105020207,137703830.13999996,62,17,11,5,个,COUNT,0.4135
101010402,135669454.93,60,15,9,3,千克,MASS,0.8728
304020202,135559119.3,61,19,11,3,次,SERVICE,0.2897
109061907,135517825.67,18,5,5,3,个,COUNT,0.7797
101010107,135389355.73,75,22,12,5,千克,MASS,0.7675
109023302,135137609.42,35,12,9,3,千克,MASS,0.7749
109050702,134965981.20999995,33,11,8,2,个,COUNT,0.7278
108032299,134736859.7999999,47,10,8,3,千克,MASS,0.7655
109022004,134713069.86000007,18,8,8,3,个,COUNT,0.6201
103010802,134686822.34999993,80,14,8,2,千克,MASS,0.4283
109020814,134006435.14999999,62,18,10,4,个,COUNT,0.7554
108011101,133995156.68,44,13,9,3,个,COUNT,0.766
102050601,133995098.81999998,49,16,10,4,千克,MASS,0.9301
109062104,133965752.98,40,13,10,4,个,COUNT,0.4162
104011004,133048421.44999997,77,20,11,5,千米,LENGTH,0.4058
501010200,132616494.80000001,18,11,9,4,UNKNOWN,UNKNOWN,0.5558
104030401,132386380.24000002,114,19,10,4,个,COUNT,0.6017
110030103,132066879.36999999,41,18,12,5,千克,MASS,0.9071
109021101,130932192.93000002,46,14,11,4,个,COUNT,0.3274
104010606,130806132.19999991,100,18,10,4,个,COUNT,0.6745
301020101,130795405.0600001,17,10,8,2,千克,MASS,0.8663
108031299,130777275.02,12,3,3,2,千克,MASS,0.9515
108041304,130246544.23,23,8,8,5,个,COUNT,0.9816
101010201,130226732.98000002,60,19,10,4,千克,MASS,0.919
109060504,130138507.11999999,19,10,7,2,套,SET,0.5778
307020200,129924993.57,71,24,13,5,UNKNOWN,UNKNOWN,0.3249
104011002,129308842.05000001,61,18,10,4,平方米,AREA,0.5571
109024802,129204486.3,59,20,12,5,个,COUNT,0.7205
104010603,128997578.38000008,105,20,10,4,个,COUNT,0.5384
101011700,128842381.52999993,95,18,10,4,千克,MASS,0.5942
109051307,128432178.64999999,33,14,10,3,个,COUNT,0.9242
107050499,128385338.94000001,82,18,10,5,个,COUNT,0.3894
107050104,128263890.87000002,46,16,10,4,个,COUNT,0.6465
101059900,127607058.55000007,80,15,9,3,千克,MASS,0.4639
107040309,127423294.13000001,23,9,7,3,千克,MASS,0.9916
103020503,127258377.18999997,88,13,7,2,罐,CONTAINER,0.3717
104020302,127179195.68999988,47,13,9,4,个,COUNT,0.933
109021200,126602333.46000002,61,19,10,4,个,COUNT,0.4725
108040704,125605770.61999944,91,18,9,3,个,COUNT,0.746
109042104,125208939.34000003,47,12,7,2,个,COUNT,0.7479
101050200,124775686.98000002,49,11,7,2,千克,MASS,0.708
107021416,124755591.41999999,17,11,7,3,千克,MASS,0.9856
109051306,124503899.05999999,26,11,9,1,个,COUNT,0.6522
109042302,124308287.89999992,73,16,10,4,个,COUNT,0.7315
102050403,124307315.51,38,16,10,5,千克,MASS,0.617
106010206,124111558.85000001,87,22,12,5,千克,MASS,0.5148
108040600,123200305.3400001,70,19,11,5,个,COUNT,0.864
109023899,123191313.7,24,7,7,3,个,COUNT,0.4763
103021203,122699324.93000002,45,16,9,4,千克,MASS,0.8907
109051005,122586790.32000002,30,10,8,2,个,COUNT,0.5946
107021905,122528633.00999999,63,20,11,5,千克,MASS,0.4238
108010706,121978274.96999997,55,17,11,5,千克,MASS,0.309
101030302,121653390.15000004,76,14,8,2,千克,MASS,0.6282
103020507,121623492.91999997,53,14,8,2,盒,CONTAINER,0.5881
109023399,121406465.02,46,17,11,5,个,COUNT,0.5593
103020501,121398282.04999998,80,14,8,2,箱,CONTAINER,0.5845
302030100,119750034.48999998,23,10,10,4,UNKNOWN,UNKNOWN,0.7273
109020504,119743341.03,51,17,12,5,个,COUNT,0.5582
109012903,119010341.59000003,34,16,10,4,套,SET,0.449
108011004,118638415.29,42,17,11,6,千克,MASS,0.7621
109060703,117165238.13999999,40,15,10,3,套,SET,0.5717
107050105,116771083.41,37,13,8,3,个,COUNT,0.8822
106051199,116756548.65000032,52,17,9,3,个,COUNT,0.641
108010502,116403996.19999999,35,10,9,5,千克,MASS,0.5263
106040105,115925936.3199997,164,20,10,4,OTHER,OTHER,0.5066
106010205,115682319.42000002,54,19,11,5,千克,MASS,0.4537
103011101,115520814.31,44,18,10,4,千克,MASS,0.8632
109013502,115274295.72000003,49,21,12,4,个,COUNT,0.648
107021405,115124689.03999999,33,12,7,2,千克,MASS,0.984
101011499,114917049.46999998,82,23,12,5,OTHER,OTHER,0.912
109020805,114900023.64000002,20,10,9,3,套,SET,0.9326
101011214,114823019.84,94,22,13,6,个,COUNT,0.3426
109022001,114137802.18,64,18,11,5,个,COUNT,0.8744
109061605,114070300.77000003,44,16,11,5,个,COUNT,0.7534
107021512,113851784.68999998,23,10,5,2,千克,MASS,0.9954
103020205,113394021.51,84,15,8,2,箱,CONTAINER,0.4605
107021803,112933923.95,31,14,9,4,千克,MASS,0.4981
109051503,112510362.4800001,22,6,5,1,个,COUNT,0.8908
109061901,112357681.28000002,21,9,8,3,个,COUNT,0.8147
104011006,112337830.52999991,43,13,9,4,千米,LENGTH,0.8583
107030412,112304463.73000006,40,14,7,2,瓶,CONTAINER,0.7989
109061099,112148817.71000001,32,13,11,4,OTHER,OTHER,0.3909
109061001,112025403.22000009,35,9,7,2,个,COUNT,0.8889
106040103,111774807.1400004,135,20,11,5,个,COUNT,0.9012
109060606,111717052.75999996,45,18,10,4,个,COUNT,0.832
106051301,111667089.5399999,36,12,8,2,个,COUNT,0.5551
108032101,111522705.58999999,21,8,6,3,千克,MASS,0.9712
405019900,111345274.59999998,18,10,10,3,平方米,AREA,0.799
107021510,111194612.74000001,9,5,3,2,千克,MASS,0.9999
109025402,110488175.41,35,10,9,3,套,SET,0.7932
106051209,110291878.80000009,19,6,5,1,个,COUNT,0.7044
109040102,110258418.38000001,33,15,9,4,个,COUNT,0.6543
103010202,109926626.84,37,13,7,2,千克,MASS,0.9138
109011002,109906423.27999999,54,18,11,4,个,COUNT,0.5682
109022903,109792166.16000006,45,17,11,5,个,COUNT,0.7852
107021102,109694174.84,64,19,11,5,千克,MASS,0.9693
108012002,109678033.85,55,15,10,4,个,COUNT,0.8813
109022203,109467422.53000002,45,14,9,3,个,COUNT,0.7544
108011502,109157553.52999994,26,12,10,4,个,COUNT,0.8774
109020705,109146353.05,43,15,10,4,个,COUNT,0.4075
107050702,109001413.98,30,15,8,4,千克,MASS,0.9777
101050300,108876719.66,53,14,8,2,个,COUNT,0.431
109013605,108777900.38999999,26,8,7,3,个,COUNT,0.8397
307020103,107973181.47,48,13,9,1,UNKNOWN,UNKNOWN,0.7908
104010403,107747242.49,34,12,9,3,千米,LENGTH,0.6834
109020803,107661862.88000003,28,10,8,3,个,COUNT,0.8035
102050402,107583065.31,25,11,8,4,千克,MASS,0.9421
101030307,107393651.83000001,13,6,6,4,千克,MASS,0.9117
304050103,107099040.99000002,32,12,9,3,UNKNOWN,UNKNOWN,0.5411
109025602,106259654.87999998,41,11,9,4,个,COUNT,0.6361
109010512,106015964.28,29,11,9,3,个,COUNT,0.9898
109030104,105598508.17999996,43,18,13,6,个,COUNT,0.8009
109022809,105553121.05000001,31,13,9,4,个,COUNT,0.9864
102050406,104793895.78,21,9,8,4,千克,MASS,0.9799
109021599,104481846.83999997,31,15,8,2,套,SET,0.7544
109061807,104050206.7,43,13,8,1,个,COUNT,0.9694
106040608,103707249.66999996,76,19,10,4,个,COUNT,0.7421
106051210,103680962.21999995,95,17,10,4,个,COUNT,0.7077
106051212,103601210.74999997,50,20,12,5,个,COUNT,0.7747
109022406,102934554.14,42,16,9,3,个,COUNT,0.5476
103010102,102867608.30000019,54,15,8,2,千克,MASS,0.8394
109020903,102848722.93,24,10,8,2,个,COUNT,0.6078
103010199,102701980.00999999,81,14,8,2,千克,MASS,0.5142
109040603,102264711.52,38,14,10,4,个,COUNT,0.7457
101030311,102100515.76,47,16,9,3,盒,CONTAINER,0.6186
106010503,102002553.83999997,98,19,10,4,个,COUNT,0.6523
108032301,101713700.69000003,45,12,9,4,个,COUNT,0.7096
109012901,101564009.81000002,53,15,10,4,个,COUNT,0.8163
107050901,101164572.36000024,63,18,11,5,个,COUNT,0.7963
107021505,100839476.47999999,42,15,10,5,千克,MASS,0.6819
109020905,100709346.71,37,15,10,4,个,COUNT,0.6031
301060200,100651767.00999999,35,15,11,4,千克,MASS,0.4848
109051601,100464707.08000004,53,13,9,4,个,COUNT,0.7491
109025201,100366589.25,27,15,10,4,个,COUNT,0.9201
109051903,100351793.00000007,45,12,8,3,个,COUNT,0.9578
108041108,100103221.55000001,50,14,8,3,千克,MASS,0.8562
109060604,99848519.26,31,14,9,3,个,COUNT,0.8829
107040199,99740685.0,33,16,9,4,千克,MASS,0.9666
107010201,99694844.07999998,14,7,6,3,千克,MASS,0.9921
109050603,99565774.49999997,42,16,11,4,OTHER,OTHER,0.4036
107060113,98941033.49999999,88,15,10,5,个,COUNT,0.559
301030101,98472060.35000002,13,10,8,2,个,COUNT,0.9188
109022502,98069901.23000002,59,17,12,5,个,COUNT,0.7519
104030603,98053564.54999997,50,10,8,4,个,COUNT,0.7018
109061010,98031613.45,18,7,7,2,套,SET,0.5618
106040704,97814622.54,36,11,9,3,个,COUNT,0.9018
109022811,97197525.13999999,27,11,8,3,个,COUNT,0.9133
109022503,97107443.86000006,66,16,10,4,个,COUNT,0.692
101011302,96767118.01000004,90,21,11,4,OTHER,OTHER,0.4373
109050602,96624414.17000002,60,16,9,3,个,COUNT,0.3541
102050512,96555811.1,6,4,4,2,千克,MASS,0.9987
109020101,96391285.05999999,38,12,9,3,套,SET,0.5179
104010701,96342824.85999997,58,16,10,5,个,COUNT,0.6582
109024302,96256926.37000002,38,13,6,1,个,COUNT,0.6717
301050602,95872911.60999998,22,14,11,4,千克,MASS,0.748
109011203,95871248.18,16,6,6,3,个,COUNT,0.9817
101010299,95487429.97999996,50,19,11,5,千克,MASS,0.9221
101030202,95202685.77999999,13,7,5,2,千克,MASS,0.997
109020813,95024307.00000001,45,16,11,5,个,COUNT,0.7033
108032401,94888656.6,40,12,10,4,千克,MASS,0.8341
109061610,94745156.44000003,32,11,10,4,个,COUNT,0.6978
106040807,94731317.36000003,57,15,10,4,个,COUNT,0.6464
106050212,94587294.40000002,49,12,10,4,副,SET,0.5057
109013503,94342638.12999997,43,15,10,4,个,COUNT,0.7059
102040108,93812234.95,23,11,8,3,千克,MASS,0.9876
109031202,93113150.67999999,10,5,4,2,个,COUNT,0.9919
105010102,93081700.66000003,53,17,11,5,立方米,VOLUME,0.4184
107021699,92981090.8899999,26,13,8,3,千克,MASS,0.8767
108012004,92717672.96999998,58,19,11,5,个,COUNT,0.6208
109024203,92646432.89,29,11,7,3,套,SET,0.6617
109042406,92510507.25999977,36,13,10,3,个,COUNT,0.4956
101040600,92109279.94000009,68,14,7,2,千克,MASS,0.7799
107030119,91315766.05000004,67,18,11,5,瓶,CONTAINER,0.5467
109022810,91271329.07000002,25,10,8,3,个,COUNT,0.4652
109060510,91105851.94999999,34,15,9,3,个,COUNT,0.5941
108041104,90938862.88000004,45,14,9,4,千克,MASS,0.8433
109062703,90910463.21000013,97,18,9,3,个,COUNT,0.9177
109024613,90754971.22,45,14,10,4,个,COUNT,0.7113
109011605,90620043.89,26,9,8,3,套,SET,0.513
105010502,90431107.09999996,52,16,11,5,个,COUNT,0.4264
108012103,90386283.9899998,37,15,9,3,套,SET,0.5431
107050802,89577921.69999997,71,18,10,4,个,COUNT,0.4255
109011108,89510040.05000001,44,15,11,4,个,COUNT,0.7084
106050205,89392298.50999999,56,17,10,4,个,COUNT,0.4065
106030200,88657134.55999999,55,18,9,3,个,COUNT,0.6015
106041009,88492311.15999992,44,14,7,2,副,SET,0.6734
109020604,88474448.80000001,25,10,9,3,个,COUNT,0.5382
106040401,88400145.54,79,19,10,3,瓶,CONTAINER,0.2676
109011606,88341881.53,53,15,9,3,个,COUNT,0.6928
104010405,87883169.05,43,15,9,4,千克,MASS,0.5902
106010401,87853888.80999996,67,21,11,4,千克,MASS,0.4927
107021415,87804346.63999997,21,11,6,3,千克,MASS,0.9052
306010100,87580815.48999998,17,11,8,2,UNKNOWN,UNKNOWN,0.5704
101011903,87428447.33,22,14,8,3,千克,MASS,0.9679
106041099,87161063.36000001,32,13,9,3,个,COUNT,0.9209
106020502,87064222.6,39,15,10,4,套,SET,0.7158
103011403,86862209.96,76,13,8,2,个,COUNT,0.4074
109022814,86701040.2,23,12,10,3,个,COUNT,0.6368
101030308,86057127.07999998,40,17,9,4,千克,MASS,0.9767
109010702,85439589.32000019,49,20,11,4,个,COUNT,0.9524
109032702,85421830.21999998,70,18,10,4,个,COUNT,0.2976
109061011,85230468.99000001,40,15,9,3,个,COUNT,0.5561
304040102,85172282.19999997,30,13,9,3,UNKNOWN,UNKNOWN,0.6661
105010703,85037181.22999999,65,17,11,5,个,COUNT,0.5465
107030211,84892087.92000002,82,14,7,2,盒,CONTAINER,0.8206
105011001,84514953.73999996,54,19,11,5,个,COUNT,0.6102
105010402,84495726.88999996,34,11,10,5,平方米,AREA,0.4471
109022404,84458682.10000001,49,16,9,3,个,COUNT,0.7809
108012299,84240775.98,55,19,12,5,千克,MASS,0.6757
102020699,83988654.83,48,19,11,5,千克,MASS,0.8087
107020701,83951691.89,75,16,9,3,千克,MASS,0.8597
109061809,83721259.32999998,20,9,7,2,个,COUNT,0.7814
109023002,83652207.74000001,39,16,10,4,个,COUNT,0.7463
109012801,83627605.30999997,65,20,12,5,个,COUNT,0.3888
106051001,83565374.52000004,44,18,10,4,套,SET,0.3886
108032414,83559235.82000001,6,2,2,2,千克,MASS,0.9996
109010513,83126128.09,33,12,9,3,个,COUNT,0.9594
102049901,83060427.50999999,35,13,9,3,千克,MASS,0.9638
107021807,82979726.25999999,24,10,7,2,个,COUNT,0.7144
109022401,82604726.09000002,45,18,9,4,个,COUNT,0.4656
103010405,81993843.44999982,27,13,7,2,箱,CONTAINER,0.8471
304010403,81865366.48999998,38,15,11,4,UNKNOWN,UNKNOWN,0.5901
109060308,81763301.02999999,40,17,10,4,个,COUNT,0.5359
103011102,81674373.48999998,83,14,8,2,箱,CONTAINER,0.4966
108010705,81433159.91,42,19,11,5,千克,MASS,0.607
109061401,81292916.19000001,54,16,11,5,个,COUNT,0.5587
108032413,81202130.08,8,4,4,2,千克,MASS,0.785
109010499,80896321.91,55,17,12,6,个,COUNT,0.4418
105010601,80641422.08,66,20,11,5,个,COUNT,0.7151
101011602,80528131.9,48,17,10,3,千克,MASS,0.7505
109023204,80406076.08,43,13,9,3,个,COUNT,0.5062
103011303,80383862.16,72,13,8,2,千克,MASS,0.5317
106040301,80329443.54999998,63,18,10,4,千克,MASS,0.3498
106051211,80326607.82999998,68,16,8,3,个,COUNT,0.4479
109024307,80225472.77000007,47,14,7,2,个,COUNT,0.8224
109032301,80210062.60999998,16,8,8,3,个,COUNT,0.9152
109051405,80130177.01999998,36,16,10,4,个,COUNT,0.5449
104010601,80094751.59999995,87,17,10,4,个,COUNT,0.7255
106040701,79772890.45000008,36,14,9,3,个,COUNT,0.8295
109061612,79669995.21,44,19,11,4,个,COUNT,0.7199
108011700,78758622.06999998,39,12,9,5,个,COUNT,0.9177
109060509,78751445.49,47,16,9,3,个,COUNT,0.7001
109061007,78232666.79999998,26,13,11,4,个,COUNT,0.7763
106051099,78113567.50999999,54,18,11,5,箱,CONTAINER,0.615
103020704,77691606.76999998,53,15,8,3,千克,MASS,0.8949
106010301,77132462.00000001,71,20,11,5,平方米,AREA,0.3099
102051102,77103281.35,25,12,8,3,个,COUNT,0.5245
301050201,76772700.97,18,13,10,3,千克,MASS,0.689
109021103,76752314.46000002,48,17,11,5,副,SET,0.3799
109022302,76163209.38,22,7,7,1,个,COUNT,0.4756
109061904,76127803.2400003,41,11,7,2,个,COUNT,0.8972
109013401,75905336.28999998,52,21,12,5,个,COUNT,0.7058
303020400,75836015.41999999,30,13,9,2,UNKNOWN,UNKNOWN,0.6878
109021804,75686567.27,47,18,11,4,个,COUNT,0.6399
103010703,75397235.52000003,60,15,9,3,千克,MASS,0.6498
109024615,75285533.84000002,53,14,7,2,箱,CONTAINER,0.5305
101030201,75031260.88,24,10,7,2,千克,MASS,0.9319
109010514,74977346.64999999,41,13,9,3,个,COUNT,0.6494
109024703,74545251.53,29,13,8,2,个,COUNT,0.8998
109024002,74416196.16999999,23,12,8,3,个,COUNT,0.9199
109060901,74356359.03000003,35,14,10,3,个,COUNT,0.4608
105020102,74056812.91999982,60,17,10,5,个,COUNT,0.7372
102050303,73862779.49000001,28,12,8,4,千克,MASS,0.8378
109031804,73749617.83000001,24,12,9,3,批,BATCH,0.5664
106050401,73737030.77999991,67,19,10,4,个,COUNT,0.3842
107022306,73694496.66,19,10,6,1,瓶,CONTAINER,0.6718
102040303,73368595.80000001,17,8,8,3,千克,MASS,0.9905
109012604,73337237.0,25,11,10,4,套,SET,0.6773
106020599,72139693.86,43,18,11,4,OTHER,OTHER,0.4625
109025305,72126190.59000002,75,18,11,5,个,COUNT,0.4849
109022101,71969499.96,31,14,10,4,个,COUNT,0.7064
102050514,71463072.12,13,6,4,2,千克,MASS,0.9982
109020807,71434414.37,46,17,10,5,个,COUNT,0.5712
107021903,70990600.23999998,28,14,9,4,千克,MASS,0.6494
109022205,70534183.33,47,18,10,4,个,COUNT,0.7203
108040800,70423639.68,76,18,10,4,个,COUNT,0.4549
109021401,70417827.74000001,44,19,11,5,个,COUNT,0.773
107020235,70158750.71,17,8,8,3,千克,MASS,0.9074
109042303,69273704.22999999,27,7,7,3,OTHER,OTHER,0.92
104030602,68799935.03999998,22,9,8,4,个,COUNT,0.8246
107051001,68466148.95,57,18,11,6,千克,MASS,0.6397
106040304,68386456.74000013,106,16,9,3,个,COUNT,0.711
109024208,68379863.42999999,27,12,8,2,个,COUNT,0.5198
103011103,68271136.08999997,60,14,8,2,千克,MASS,0.6984
109012806,67934915.50999999,32,14,10,4,立方米,VOLUME,0.4369
109020811,67801926.69999999,53,17,10,4,个,COUNT,0.4997
103030101,67626979.17,27,13,8,3,千克,MASS,0.5934
109023605,67584267.66,25,10,7,3,个,COUNT,0.7336
109022304,67349225.59,25,13,9,4,盒,CONTAINER,0.9321
306030201,67177347.17999999,11,8,5,1,单,SERVICE,0.9262
109042502,66995037.6,20,8,7,2,套,SET,0.7338
108040405,66937191.740000114,106,14,9,4,个,COUNT,0.6556
109011702,66830101.22000002,31,9,8,3,个,COUNT,0.8649
107040405,66699516.21,22,8,8,4,千克,MASS,0.873
106040111,66384990.570000105,153,25,12,5,个,COUNT,0.5716
105010103,66371931.2,57,18,11,5,个,COUNT,0.4221
304040701,66358412.04999999,27,13,11,3,千克,MASS,0.3683
304050199,66304275.71,29,14,11,4,月,TIME,0.2763
109041206,65980967.36999998,31,11,8,4,个,COUNT,0.6722
108030900,65835209.49000001,19,10,8,3,千克,MASS,0.991
109021699,65493056.04,29,15,9,3,个,COUNT,0.4707
109012703,65412495.45000001,51,17,11,5,个,COUNT,0.4253
108032203,65260873.86000001,15,4,4,2,千克,MASS,0.9849
101011215,65156218.650000036,64,17,8,2,千克,MASS,0.6708
109030701,65082595.319999985,19,10,8,3,个,COUNT,0.9711
109060305,65012786.1,29,13,8,2,个,COUNT,0.8009
102049907,64971094.7,31,13,9,5,千克,MASS,0.812
108031902,64690916.42999999,14,5,5,2,千克,MASS,0.9605
109024401,64214821.31999984,30,16,9,3,个,COUNT,0.8427
104020106,64192941.5,17,8,7,2,个,COUNT,0.8641
109012804,63948196.05000002,36,16,11,5,套,SET,0.5157
103020204,63624589.250000015,65,14,8,2,千克,MASS,0.4096
106020105,63530666.559999995,64,18,10,4,UNKNOWN,UNKNOWN,0.2812
109012405,63122139.95999997,54,15,9,3,个,COUNT,0.8124
108031106,63037053.32,7,4,4,3,千克,MASS,0.9971
106051214,62909716.64999999,18,8,5,3,千克,MASS,0.7202
109010202,62791917.57999999,47,18,10,4,个,COUNT,0.7334
109023604,62757187.87,16,8,7,3,个,COUNT,0.9903
106010402,62572514.55999998,37,16,11,6,个,COUNT,0.7163
109022802,62525809.269999996,25,11,9,4,个,COUNT,0.6457
109032102,62471249.00000001,33,14,10,4,套,SET,0.3777
108011003,62314420.59000001,44,17,11,5,千克,MASS,0.2936
109024508,62204363.24000001,57,13,7,2,个,COUNT,0.4383
106040112,62110556.830000184,98,20,11,5,个,COUNT,0.6546
106040104,61897928.35999999,182,20,9,3,盒,CONTAINER,0.3786
109021004,61657945.95,51,17,11,5,个,COUNT,0.6958
109013303,61583307.8,55,20,11,5,个,COUNT,0.6909
102050301,61158887.38,48,17,10,5,千克,MASS,0.8057
107021615,61018819.32,7,3,3,2,千克,MASS,0.9988
102040104,60648555.7,13,5,5,2,千克,MASS,0.9951
106040999,60594123.78,29,12,10,4,套,SET,0.7741
109023211,60238746.80999999,25,13,10,3,个,COUNT,0.6819
109032200,60073612.870000005,31,9,8,3,千克,MASS,0.325
302010102,59713363.679999985,34,14,9,2,UNKNOWN,UNKNOWN,0.6928
103011205,59370787.07000001,52,15,9,3,千克,MASS,0.5021
109021502,59281745.38999999,36,16,8,2,套,SET,0.4879
104010803,58995525.209999986,58,14,10,4,个,COUNT,0.3245
109023803,58815694.02999999,21,9,9,4,套,SET,0.5942
109042602,58798875.06000001,38,15,9,3,个,COUNT,0.5986
104010304,58615741.07,29,12,8,4,千米,LENGTH,0.818
301990100,58441741.97,23,14,10,3,UNKNOWN,UNKNOWN,0.6112
106040110,58378808.56000003,122,17,10,4,个,COUNT,0.3791
109060503,58361255.01999999,31,15,9,3,个,COUNT,0.4932
106050801,58249198.15999999,47,15,9,3,个,COUNT,0.5124
109042504,58241129.44000001,31,11,8,3,个,COUNT,0.9016
109061008,58210209.10999999,20,10,9,2,套,SET,0.4987
109011104,57992449.49,33,11,8,4,个,COUNT,0.6813
109040306,57985472.159999974,17,6,5,1,个,COUNT,0.9942
105010701,57832167.32000002,45,15,11,5,个,COUNT,0.4819
109060508,57715263.28000001,17,7,6,1,个,COUNT,0.7499
109061402,57710967.57000001,16,5,5,2,UNKNOWN,UNKNOWN,0.6991
104011303,57693635.44,28,12,9,4,千克,MASS,0.5528
106051006,57185662.15999999,57,16,10,4,个,COUNT,0.6658
109021803,56270283.599999994,33,15,10,4,套,SET,0.6199
108041802,56124073.07,50,17,11,5,个,COUNT,0.4355
107030708,55976625.07,35,13,7,2,个,COUNT,0.5567
107030117,55972059.2700001,14,8,4,2,千克,MASS,0.9805
109024209,55767981.48,37,14,8,2,个,COUNT,0.5524
109050105,55353270.819999985,34,15,11,5,个,COUNT,0.4564
304070303,55277206.15000001,23,12,8,1,UNKNOWN,UNKNOWN,0.5657
104010904,55054374.26,96,16,10,4,千克,MASS,0.3724
109040303,54832842.6,17,7,7,2,个,COUNT,0.8265
103020599,54728517.470000006,44,13,7,2,箱,CONTAINER,0.5128
109030102,54242652.550000004,36,12,9,4,个,COUNT,0.7916
101011209,54189963.43999999,66,14,8,2,千克,MASS,0.9266
109025308,54138573.23,26,12,6,1,套,SET,0.6792
106050305,54074181.989999995,18,10,8,5,千克,MASS,0.991
110020102,54016236.25,10,6,6,3,立方米,VOLUME,0.7455
109020804,53913037.44,31,12,9,4,个,COUNT,0.6749
107022001,53795720.58,21,11,6,2,千克,MASS,0.9926
107021608,53737091.62,28,15,8,3,千克,MASS,0.6807
109051499,53683387.0,36,12,8,3,个,COUNT,0.8759
109011603,53463847.51,19,7,7,2,个,COUNT,0.5672
109011703,53225235.17999999,26,11,8,3,个,COUNT,0.8398
106040901,52721154.800000004,37,14,11,4,套,SET,0.6926
109031802,52511633.0,2,2,2,1,OTHER,OTHER,0.9995
109021902,52189002.49000001,31,11,10,5,个,COUNT,0.6201
103010303,52011119.919999994,57,16,9,3,千克,MASS,0.5747
104011402,51979814.63000002,31,9,8,3,个,COUNT,0.9697
108010402,51915054.279999994,53,16,10,5,千米,LENGTH,0.2911
109062004,51845849.64999998,21,9,6,2,个,COUNT,0.9098
108041305,51824483.64999999,29,7,7,4,千克,MASS,0.5903
109024801,51804718.749999985,22,11,9,4,个,COUNT,0.6489
107021804,51580238.49999999,50,19,11,5,千克,MASS,0.3172
109011607,51569142.98999999,48,18,10,3,个,COUNT,0.4625
110020201,51170964.82000001,16,9,8,3,立方米,VOLUME,0.6468
108041903,51084850.510000005,57,16,10,4,个,COUNT,0.6413
105011005,50535716.45999999,47,13,10,4,个,COUNT,0.8282
108012401,50494401.080000006,57,17,11,5,千克,MASS,0.5147
103020511,50422541.660000004,72,15,9,3,箱,CONTAINER,0.3209
307030200,50132847.43,36,15,9,1,UNKNOWN,UNKNOWN,0.8797
107030114,50012535.86000001,42,15,8,3,千克,MASS,0.4537
109042305,49749495.19,34,12,9,2,个,COUNT,0.7266
107040304,49738441.06,20,8,6,4,千克,MASS,0.9723
109012999,49723449.33000002,40,14,10,4,个,COUNT,0.8064
105011099,49590764.64,44,15,10,5,个,COUNT,0.5206
109023606,49458424.59000001,27,12,9,4,个,COUNT,0.4794
103010903,49406871.01,55,15,8,2,千克,MASS,0.6236
103020999,49219473.050000004,66,15,9,2,批,BATCH,0.576
109041299,48840740.78,68,19,11,5,个,COUNT,0.6021
108012003,48732654.05,34,13,8,3,个,COUNT,0.8794
104011305,48444097.21999998,39,14,10,4,千克,MASS,0.5888
107020223,48241358.00000001,17,9,6,4,千克,MASS,0.9836
106050402,47924208.230000004,60,19,12,5,个,COUNT,0.3439
102050700,47894460.23000001,63,19,11,5,千克,MASS,0.6647
106020499,47818460.68000001,50,16,11,5,千克,MASS,0.4588
109061608,47782363.20000001,21,6,5,1,个,COUNT,0.6782
110020106,47456164.29,17,9,9,5,千克,MASS,0.8589
109011102,47096602.79999996,55,17,11,5,个,COUNT,0.8947
107021503,47085184.39,14,6,5,2,千克,MASS,0.9938
109061607,46659575.91000001,33,11,9,3,个,COUNT,0.7655
101011000,46617793.26,62,20,11,4,千克,MASS,0.375
106050501,46500229.87000001,35,11,9,4,个,COUNT,0.5635
109020502,46169311.849999994,34,16,11,5,个,COUNT,0.5287
109011209,45767913.12999999,23,7,7,3,个,COUNT,0.897
101011212,45710213.11999999,86,14,8,3,千克,MASS,0.3707
306030101,45502254.400000036,21,12,8,1,UNKNOWN,UNKNOWN,0.8417
109061506,45454029.9,44,20,10,4,个,COUNT,0.4075
103011401,45108946.84000002,31,13,7,2,千克,MASS,0.3629
109024403,45093376.38000002,29,13,6,2,个,COUNT,0.8075
109022703,44977498.12000001,74,18,10,5,个,COUNT,0.4716
106050601,44970495.36000001,35,15,11,5,千米,LENGTH,0.4782
101011301,44970256.45,64,21,12,5,OTHER,OTHER,0.7094
109020207,44958912.13,26,10,8,2,个,COUNT,0.6382
106040605,44795470.90000001,39,10,9,4,千克,MASS,0.3682
107022699,44407960.470000006,19,11,7,2,千克,MASS,0.9763
110030104,44324935.78,44,19,12,4,千克,MASS,0.4039
109061501,44113654.980000004,18,9,7,2,套,SET,0.5235
103011104,44065413.160000004,49,14,8,2,箱,CONTAINER,0.6049
106050203,43977873.99,12,7,7,2,套,SET,0.9898
109025307,43552489.08,46,14,9,3,个,COUNT,0.6102
109024305,43127968.33999999,43,11,5,1,个,COUNT,0.8233
109025304,43068958.82,52,16,10,4,千克,MASS,0.7241
109022905,42934809.48,30,9,9,4,平方米,AREA,0.3728
101010600,42828200.48999999,56,18,11,5,千克,MASS,0.6946
301059902,42755165.279999994,18,12,9,3,票,SERVICE,0.6121
103020513,42561857.05000002,59,13,7,2,OTHER,OTHER,0.3881
107020305,42304355.9,24,13,7,3,千克,MASS,0.897
109023608,41975688.39,29,11,8,3,个,COUNT,0.7524
109062702,41180352.03000004,81,15,9,3,个,COUNT,0.8798
109020806,40903680.39000001,71,19,11,5,个,COUNT,0.8434
109020402,40836129.230000004,27,14,11,5,个,COUNT,0.4772
106050307,40353066.279999994,31,14,9,4,千克,MASS,0.6324
101011203,40128110.16999998,41,13,7,2,千克,MASS,0.926
109031900,40053239.08000001,28,13,11,5,OTHER,OTHER,0.6768
107020406,40038466.12999999,20,11,7,3,千克,MASS,0.9567
106040107,39965147.88000002,119,17,9,4,个,COUNT,0.621
109021901,39780414.9500001,20,8,7,2,千克,MASS,0.6249
109010404,39368188.94,28,9,9,3,个,COUNT,0.3114
107020219,39298069.68,15,5,4,2,千克,MASS,0.9878
101010899,39184690.42,12,9,8,3,千克,MASS,0.9906
109022904,39155238.56000001,53,18,11,4,个,COUNT,0.6411
107050106,39118160.71000001,29,13,9,4,个,COUNT,0.7793
109060406,39074908.159999974,71,15,9,4,个,COUNT,0.9707
108041106,38965255.92999999,18,7,6,3,千克,MASS,0.9464
109062701,38315017.38999999,38,17,9,3,个,COUNT,0.7044
109025099,38307976.730000004,28,14,9,3,个,COUNT,0.5752
109062599,38071208.18999999,44,21,11,4,个,COUNT,0.8377
304040201,37855743.019999996,15,11,8,2,UNKNOWN,UNKNOWN,0.2541
101020203,37817275.66000001,19,12,8,4,千克,MASS,0.7432
109024803,37327885.86,37,15,11,5,批,BATCH,0.4748
108040401,37011038.75000001,84,19,10,3,个,COUNT,0.7518
107030105,36681860.86,30,12,7,2,千克,MASS,0.9481
108031001,36647280.92000002,16,7,7,3,千克,MASS,0.9242
109051505,36576971.24,24,8,6,2,个,COUNT,0.9078
102051101,36180699.900000006,47,12,9,4,个,COUNT,0.3919
106040106,36135751.170000024,85,14,7,2,OTHER,OTHER,0.5171
108040408,36076609.819999985,67,17,10,3,个,COUNT,0.6883
108040502,35975565.539999984,43,15,9,3,个,COUNT,0.6911
306010999,35958958.839999996,11,8,8,2,UNKNOWN,UNKNOWN,0.9782
101011401,35819568.9,76,19,11,4,OTHER,OTHER,0.3779
105020103,35367323.569999985,24,9,9,5,个,COUNT,0.6325
109031402,35285481.22000001,16,5,4,1,个,COUNT,0.9876
109012602,35278876.720000006,26,7,7,2,套,SET,0.4274
304050102,35232253.290000014,7,6,5,1,期,SERVICE,0.6327
108041502,35073095.160000026,56,14,9,4,个,COUNT,0.9604
109024007,34894036.550000004,37,15,10,5,个,COUNT,0.4434
109032401,34853887.339999996,12,6,6,1,个,COUNT,0.9219
108032302,34839099.550000004,29,12,9,4,千克,MASS,0.9507
109061701,34746149.980000004,37,18,10,3,个,COUNT,0.5347
109023601,34622610.8,15,6,6,1,个,COUNT,0.9775
106051111,34369501.25,23,12,9,2,个,COUNT,0.9788
103011402,33997177.660000004,24,11,6,2,千克,MASS,0.7716
109031805,33916272.68000001,9,6,6,2,OTHER,OTHER,0.8492
103020903,33882686.769999996,51,12,8,2,箱,CONTAINER,0.4978
109024304,33816724.050000004,23,11,8,3,个,COUNT,0.3709
109061804,33793193.230000004,16,7,7,2,个,COUNT,0.9733
109021801,33734699.54,23,10,8,3,个,COUNT,0.9489
109022005,33707060.33999999,24,9,7,3,个,COUNT,0.9704
107020232,33507516.96,23,9,7,3,千克,MASS,0.9936
109061102,33487479.24999999,30,13,9,3,个,COUNT,0.5217
103040102,33138462.09,12,8,6,2,千克,MASS,0.9616
109032104,33135744.270000003,39,16,11,5,套,SET,0.4137
109024602,33122474.6,22,10,7,1,个,COUNT,0.8582
108020403,33055743.77,30,12,8,4,千克,MASS,0.4502
109020906,33055062.72,27,9,8,4,个,COUNT,0.8161
109022002,32981298.62999997,34,14,9,3,个,COUNT,0.9663
301040301,32947742.55,6,5,5,3,千克,MASS,0.9429
307050300,32564808.540000003,22,15,13,5,UNKNOWN,UNKNOWN,0.5362
104010807,32507252.569999997,46,12,9,4,个,COUNT,0.7005
108041114,32424726.84999999,32,11,8,3,OTHER,OTHER,0.3765
108040410,32403190.840000007,59,16,10,4,套,SET,0.4588
102050505,31993221.56,16,7,6,2,千克,MASS,0.9492
108032105,31962770.31,2,2,2,2,千克,MASS,1.0
109012902,31698860.189999998,26,11,8,3,个,COUNT,0.5193
109042304,31581315.579999994,29,11,8,3,个,COUNT,0.7383
107030107,31338890.419999994,26,12,6,2,个,COUNT,0.3693
101010108,31044649.889999993,55,23,13,5,千克,MASS,0.6277
109060802,30925663.78,28,8,7,2,个,COUNT,0.9338
108040501,30775768.89000002,58,15,8,3,个,COUNT,0.8286
108041105,30736994.060000006,46,17,10,5,平方米,AREA,0.6223
106010506,30677605.04999999,44,17,11,5,个,COUNT,0.5394
109010701,30616485.740000006,44,16,11,5,个,COUNT,0.9395
109062302,30445253.72000001,24,14,8,3,套,SET,0.5589
105011002,30381976.140000023,49,11,10,4,个,COUNT,0.4783
108011201,30315054.35000001,95,17,10,4,个,COUNT,0.7447
109022003,30185722.589999996,30,11,9,3,个,COUNT,0.8235
109061003,30096191.35,16,6,5,2,套,SET,0.5519
107030803,30018100.81,49,15,7,2,瓶,CONTAINER,0.1946
101011201,29854383.759999994,63,16,9,3,千克,MASS,0.7477
106040902,29710037.79,41,10,9,4,套,SET,0.5488
108031302,29605092.94,12,6,5,2,千克,MASS,0.7658
109062101,29595153.84,11,5,4,1,套,SET,0.5258
101010799,29489220.71,27,14,8,3,千克,MASS,0.8779
106040808,29446210.55,57,13,7,2,个,COUNT,0.7244
104030402,29208909.26,49,15,9,4,个,COUNT,0.6733
108010803,29184087.62,28,10,10,5,千克,MASS,0.5707
108041303,29108311.44,35,10,9,4,个,COUNT,0.3922
109020406,28885887.180000003,39,15,10,4,个,COUNT,0.7141
109031403,28617324.11000007,10,5,5,2,个,COUNT,0.9502
101030106,28412619.859999996,18,12,8,3,千克,MASS,0.7193
109025001,28372419.799999997,24,10,9,3,套,SET,0.4752
108013002,28262689.680000003,31,14,10,5,千克,MASS,0.8666
107020503,28168795.429999992,18,11,7,3,千克,MASS,0.9479
107022305,28132865.84,29,11,6,2,个,COUNT,0.3037
101020301,28090621.509999998,31,14,10,4,立方米,VOLUME,0.4217
106010105,27836806.740000002,33,13,10,4,千克,MASS,0.8522
104011301,27789397.619999997,36,13,7,3,千克,MASS,0.4731
104030605,27773851.790000003,31,10,9,4,千米,LENGTH,0.5108
105010509,27682794.299999997,29,9,8,4,千米,LENGTH,0.7672
109024005,27661969.169999987,26,11,7,2,个,COUNT,0.716
109021808,27640754.440000005,33,14,8,4,个,COUNT,0.5719
103040302,27546845.84,10,4,4,2,千克,MASS,0.701
107020501,27467932.049999997,36,11,7,3,千克,MASS,0.8728
109061004,27080855.659999996,27,9,8,3,个,COUNT,0.6722
108040402,27064614.580000043,87,17,10,4,个,COUNT,0.7692
109024099,26852294.899999995,29,12,9,3,个,COUNT,0.5959
109051401,26830158.340000004,26,11,8,3,个,COUNT,0.8602
108012802,26820333.58,65,17,10,5,个,COUNT,0.7201
109011101,26705311.069999985,47,15,9,3,个,COUNT,0.6043
106050399,26600406.3,43,15,11,5,千克,MASS,0.6591
107060307,26574139.64,28,12,9,4,平方米,AREA,0.5349
109022817,26538295.189999998,25,9,7,3,个,COUNT,0.5044
102050516,26365299.4099999,4,2,2,2,千克,MASS,0.9997
109030200,26345595.189999998,27,13,6,2,个,COUNT,0.9074
302030200,26306162.25,20,13,10,2,项,SERVICE,0.6099
109031500,26264331.23000003,33,10,7,2,个,COUNT,0.9945
109023602,26190256.96,15,6,6,2,个,COUNT,0.8737
109010303,25986529.759999994,31,14,10,3,个,COUNT,0.4601
107040401,25960081.119999997,29,14,9,5,千克,MASS,0.9214
106051113,25940676.059999995,63,17,10,4,个,COUNT,0.3202
109024616,25931413.650000002,27,12,8,3,个,COUNT,0.801
108011203,25879124.189999998,52,15,9,4,个,COUNT,0.6236
109022808,25814637.55,16,5,5,3,个,COUNT,0.9666
107021706,25651235.33,29,9,8,3,箱,CONTAINER,0.3942
109021802,25589151.830000002,26,13,9,3,个,COUNT,0.7399
108032303,25533988.020000003,24,10,8,3,千克,MASS,0.8843
109025303,25499121.45,59,18,11,5,个,COUNT,0.3768
106050207,25441715.95,25,10,7,2,千克,MASS,0.7222
102020500,25410381.229999993,51,19,12,6,千克,MASS,0.482
108032410,25325674.259999998,9,3,3,2,千克,MASS,0.9948
106051103,25266734.46000003,14,5,5,1,个,COUNT,0.9606
109022601,25214820.750000004,32,16,9,4,UNKNOWN,UNKNOWN,0.7394
109024706,25074299.24,18,5,4,1,个,COUNT,0.5632
109010704,25043982.569999997,23,10,7,1,个,COUNT,0.7069
101030299,24967089.98999999,25,12,7,2,千克,MASS,0.5955
109022805,24727714.059999995,19,8,7,3,个,COUNT,0.6212
107030303,24429893.419999998,43,12,7,4,千克,MASS,0.9465
101011207,24367610.180000003,88,18,11,5,千克,MASS,0.5344
109032101,24325618.900000002,34,11,9,4,个,COUNT,0.3911
102050503,24309925.230000004,29,13,8,4,千克,MASS,0.9213
109061806,24141839.18,24,6,6,2,个,COUNT,0.6718
107022003,23967745.54,16,9,6,3,千克,MASS,0.7817
108041107,23938758.74,22,11,8,3,千克,MASS,0.8576
303020500,23909252.35,12,8,7,1,元,MONEY,0.5884
101039900,23884032.720000003,29,13,7,2,千克,MASS,0.7021
109023208,23791642.34999999,35,14,8,3,个,COUNT,0.9188
109012607,23610149.2,16,6,6,3,个,COUNT,0.4955
109010703,23603537.13999999,33,13,9,3,个,COUNT,0.9576
106051007,23582837.480000004,41,16,10,5,个,COUNT,0.343
102051103,23568778.38,25,13,9,5,千克,MASS,0.6349
101040500,23491569.49,48,15,8,2,千克,MASS,0.5626
304070203,23391638.38,7,5,5,1,UNKNOWN,UNKNOWN,0.5032
304040502,23324661.22,12,10,8,2,UNKNOWN,UNKNOWN,0.5077
107029904,23305538.6,31,13,7,2,瓶,CONTAINER,0.6253
108040599,23283967.39,27,9,7,2,个,COUNT,0.8125
101030103,23258519.1300001,8,6,6,2,千克,MASS,0.9669
104010801,23150551.579999994,50,15,9,4,个,COUNT,0.5189
102050206,23028973.900000002,43,15,9,4,千克,MASS,0.7767
103020506,23005428.549999997,55,14,8,2,箱,CONTAINER,0.3059
109061503,22992817.259999994,22,10,9,3,个,COUNT,0.8109
304070201,22865268.9,9,8,6,1,UNKNOWN,UNKNOWN,0.8228
101011204,22861374.36,39,12,7,2,千克,MASS,0.6338
101010203,22800928.410000004,40,16,10,4,千克,MASS,0.5976
109060499,22692400.090000004,30,12,8,3,个,COUNT,0.633
107030216,22675415.71,13,6,4,2,瓶,CONTAINER,0.5868
102040112,22668285.39,12,6,6,3,千克,MASS,0.6261
109050202,22599126.18,18,8,8,2,个,COUNT,0.8518
101011211,22598339.68,80,16,10,4,千克,MASS,0.3853
107040404,22585171.81,11,5,5,3,千克,MASS,0.9859
109061805,22389024.91,3,2,2,1,套,SET,0.9769
103010705,22342496.040000003,45,15,8,3,千克,MASS,0.3169
101030104,22322593.84,5,4,4,2,千克,MASS,0.9984
103011108,22245073.419999994,48,14,8,2,袋,CONTAINER,0.2574
306011001,22151352.090000004,9,7,5,1,UNKNOWN,UNKNOWN,0.543
106041004,22146306.429999996,19,9,7,2,批,BATCH,0.8664
106020401,22116928.909999996,24,8,6,1,个,COUNT,0.2723
302010199,22097256.2,26,15,9,2,UNKNOWN,UNKNOWN,0.372
104010809,22041972.099999998,68,19,10,4,个,COUNT,0.3063
107021611,21778278.98,19,8,5,2,千克,MASS,0.9758
109060303,21617019.42,20,10,8,4,个,COUNT,0.686
109024306,21612842.620000005,53,16,9,3,个,COUNT,0.6241
306010800,21609686.659999996,11,9,7,1,UNKNOWN,UNKNOWN,0.6268
109023603,21429660.11,27,9,8,4,个,COUNT,0.9165
109042605,21278467.509999998,25,11,9,4,个,COUNT,0.5926
101010109,21269286.079999994,55,20,11,4,千克,MASS,0.5781
109012605,21212368.009999998,27,12,10,4,个,COUNT,0.5983
106050502,21148612.669999998,37,15,9,4,个,COUNT,0.7146
108031702,21103390.099999998,19,9,6,2,千克,MASS,0.9579
109060902,21064946.249999996,15,7,6,3,个,COUNT,0.5555
102050515,21064090.509999998,9,4,4,2,千克,MASS,0.9815
106051104,21016609.90000001,10,6,6,2,个,COUNT,0.4038
107030706,20963987.08,31,10,6,1,瓶,CONTAINER,0.5517
103020512,20941284.489999995,39,14,8,2,罐,CONTAINER,0.3383
107021603,20912790.869999997,11,5,4,3,千克,MASS,0.9959
109012803,20774099.12,17,8,6,2,个,COUNT,0.6009
109032105,20651638.25,48,19,10,4,套,SET,0.4194
103020502,20583461.83,32,11,5,2,个,COUNT,0.3175
106040502,20569624.499999996,47,17,11,5,盒,CONTAINER,0.6333
109022701,20568024.580000002,24,9,8,4,个,COUNT,0.7143
109060903,20505963.68,15,8,6,1,套,SET,0.8008
109061009,20484802.05,27,11,10,3,套,SET,0.6772
102050504,20380797.279999997,23,9,6,2,千克,MASS,0.9711
109042306,20110240.22,35,12,6,2,个,COUNT,0.7184
101011208,20085319.0,68,14,8,2,千克,MASS,0.7988
109023202,20084372.44,35,15,9,3,个,COUNT,0.7533
109061103,19964113.96999999,27,12,8,3,UNKNOWN,UNKNOWN,0.4289
109024001,19868966.97,14,7,5,2,个,COUNT,0.6512
109020303,19703103.0,16,7,6,3,个,COUNT,0.6193
104010306,19691035.99,16,10,10,4,千米,LENGTH,0.59
301020402,19585874.03,7,7,6,2,千克,MASS,0.5503
106050604,19529810.249999996,32,13,10,4,个,COUNT,0.583
107021613,19498979.029999997,6,4,3,2,千克,MASS,0.9964
101020403,19484137.05,36,16,9,4,千克,MASS,0.7853
105010507,19293216.88,25,9,9,5,批,BATCH,0.3052
104010509,19201828.73000002,28,9,6,2,个,COUNT,0.8297
109011211,19171703.0,7,3,3,1,个,COUNT,0.8527
101011699,19082998.479999997,33,13,7,2,千克,MASS,0.4451
109020404,19056498.860000003,38,14,11,5,个,COUNT,0.7433
101030309,18849256.12,9,6,5,2,千克,MASS,0.9751
103010904,18804204.850000005,33,11,6,2,千克,MASS,0.5053
106041008,18772632.950000007,42,11,7,2,副,SET,0.7128
107020502,18631099.84,17,11,7,3,千克,MASS,0.8919
108032002,18533364.02,18,8,6,3,千克,MASS,0.9864
101011202,18522203.759999998,72,15,9,3,千克,MASS,0.9212
104010305,18436598.87,20,9,7,3,千米,LENGTH,0.9336
108032408,18329401.66,10,5,5,3,个,COUNT,0.5723
101011210,18260411.23,54,15,8,3,千克,MASS,0.6751
106050899,18037012.499999996,23,14,9,3,个,COUNT,0.5763
301020301,17976345.03,3,3,3,1,UNKNOWN,UNKNOWN,0.9102
101011206,17828467.45,38,11,5,2,千克,MASS,0.9183
109061609,17460595.149999995,25,8,8,3,个,COUNT,0.9005
108041112,17241002.21,21,8,7,3,千克,MASS,0.5656
103020509,17224969.339999992,61,14,8,2,瓶,CONTAINER,0.5388
109020810,17223107.660000004,30,12,9,4,个,COUNT,0.9032
109023003,17217746.57,17,10,9,4,千克,MASS,0.6134
106051203,17101550.660000004,53,18,10,4,个,COUNT,0.4898
108032403,16955502.04,12,4,4,3,千克,MASS,0.9534
109024610,16946087.68,11,6,3,1,套,SET,0.5909
109021601,16693975.16,16,10,8,3,个,COUNT,0.5244
109023802,16685509.879999999,20,7,6,3,批,BATCH,0.6889
103010908,16622071.620000001,29,14,8,3,千克,MASS,0.8582
110020103,16585423.65,10,6,6,2,立方米,VOLUME,0.894
109022403,16364832.25,23,11,9,4,个,COUNT,0.7897
106020501,16220395.98,17,7,6,2,个,COUNT,0.6176
104011403,16155543.669999998,32,14,9,4,个,COUNT,0.6956
103021101,16110949.669999998,22,12,6,2,千克,MASS,0.81
107030604,16046163.13,19,7,6,2,瓶,CONTAINER,0.4873
109025102,16028863.310000002,10,6,6,3,套,SET,0.5671
106040108,16014224.990000002,45,15,8,3,袋,CONTAINER,0.6311
107030503,16013993.37,15,9,6,2,瓶,CONTAINER,0.8775
101020204,15786731.029999997,21,11,9,4,千克,MASS,0.9395
109024603,15770402.92,15,6,5,1,个,COUNT,0.7098
109024905,15753802.6,15,4,3,2,个,COUNT,0.9123
101030310,15713571.81,15,10,6,2,千克,MASS,0.9375
109022902,15711407.559999999,22,9,7,4,个,COUNT,0.5949
301050402,15700242.799999999,14,8,6,2,千克,MASS,0.5381
107020405,15577184.18,15,9,5,2,千克,MASS,0.9667
106051003,15548016.329999996,53,14,9,4,个,COUNT,0.3528
307020101,15528751.299999999,21,12,7,1,UNKNOWN,UNKNOWN,0.8
304020102,15496425.19,18,10,9,1,UNKNOWN,UNKNOWN,0.5674
106050301,15310982.87,25,11,8,3,千克,MASS,0.8452
105010902,15186829.239999998,44,16,9,3,个,COUNT,0.7217
109061304,15182062.15,15,6,6,3,套,SET,0.5651
106050603,15179952.009999998,35,13,9,4,UNKNOWN,UNKNOWN,0.5172
102050205,14696150.600000001,30,11,10,5,平方米,AREA,0.432
108032204,14659331.77,11,5,5,3,千克,MASS,0.4763
109030602,14642599.38,13,7,7,2,个,COUNT,0.9315
103010907,14615542.36,23,12,6,2,千克,MASS,0.5894
107020124,14544914.749999998,13,7,7,4,千克,MASS,0.924
302039900,14504879.129999999,19,13,9,2,UNKNOWN,UNKNOWN,0.6928
302010101,14404430.98,19,13,8,1,UNKNOWN,UNKNOWN,0.5564
109060507,14374209.16,26,12,8,3,个,COUNT,0.701
101011305,14120793.86,35,14,9,3,个,COUNT,0.4345
105011003,14090627.75,22,9,8,4,套,SET,0.3739
109024609,13888265.37,17,10,6,3,千克,MASS,0.5032
109023804,13869637.42,10,6,4,2,个,COUNT,0.8654
109025105,13847413.180000002,29,12,9,3,OTHER,OTHER,0.3317
103020904,13822289.569999998,38,14,9,2,箱,CONTAINER,0.6829
101050400,13795060.280000022,26,9,6,2,千克,MASS,0.9417
109022806,13635411.31,12,4,4,2,个,COUNT,0.9845
109012202,13600711.79,20,10,8,3,个,COUNT,0.7902
103011105,13474486.47,59,13,7,2,箱,CONTAINER,0.2654
109021404,13425035.04,8,4,4,2,个,COUNT,0.8045
107021606,13415301.370000001,17,10,7,2,个,COUNT,0.6556
106041003,13318443.81,31,11,9,3,个,COUNT,0.6129
106051005,13294656.029999997,17,7,7,2,个,COUNT,0.8157
103040301,13272624.28,27,12,8,3,个,COUNT,0.9892
301020203,13182874.42,3,3,3,1,UNKNOWN,UNKNOWN,0.7673
109062103,13000428.88,16,9,8,3,个,COUNT,0.9591
109060401,12965983.16,22,11,7,3,套,SET,0.5236
105010508,12893722.599999998,31,10,9,5,个,COUNT,0.606
109020801,12814374.14,20,8,7,3,个,COUNT,0.5072
109020410,12699148.150000002,28,12,9,5,个,COUNT,0.8548
109024303,12647200.08,33,11,7,3,个,COUNT,0.4023
109061599,12610597.0,15,6,5,2,套,SET,0.5783
106051303,12558082.919999987,17,12,6,2,瓶,CONTAINER,0.7572
108010602,12537536.240000002,19,8,8,3,平方米,AREA,0.9095
109021406,12511998.389999999,22,13,9,4,个,COUNT,0.7974
106010510,12403668.250000002,23,10,7,2,个,COUNT,0.9734
109023701,12386198.24,13,7,6,2,个,COUNT,0.9965
109062502,12368153.75,22,11,6,2,个,COUNT,0.8844
108041113,12362498.660000002,30,10,7,3,千克,MASS,0.5795
107020239,12335358.83,9,4,3,1,千克,MASS,0.9995
109023004,12327480.34,32,11,8,3,个,COUNT,0.8651
109022402,12311027.53,19,7,6,2,个,COUNT,0.9741
109041304,12307546.43,20,9,7,2,个,COUNT,0.9312
107020218,12169810.76,13,7,5,2,千克,MASS,0.9759
306030204,12164963.19,7,7,4,2,次,SERVICE,0.4081
109022501,12135015.219999997,31,13,10,4,个,COUNT,0.7107
109011210,12068013.809999999,33,13,10,4,个,COUNT,0.6007
109022804,11957302.5,12,7,6,3,千米,LENGTH,0.8207
109022807,11867272.68,11,5,5,2,个,COUNT,0.9556
103011404,11865478.85,21,11,5,2,瓶,CONTAINER,0.4301
108032405,11835456.19,10,3,3,2,千克,MASS,0.9522
108012105,11830947.93999999,40,17,10,4,个,COUNT,0.4482
107030603,11811094.600000001,12,7,4,2,盒,CONTAINER,0.4982
109022815,11805993.43,16,6,5,2,个,COUNT,0.596
106050209,11805648.04,24,9,8,4,千克,MASS,0.7877
109032000,11785224.8,29,15,9,3,OTHER,OTHER,0.6612
109032302,11676561.42,22,7,7,3,个,COUNT,0.7083
109041803,11524728.069999998,9,4,4,1,个,COUNT,0.99
109011303,11427406.48,19,8,6,2,个,COUNT,0.9128
109021104,11338537.970000003,29,14,10,4,个,COUNT,0.4737
109042503,11244661.69,20,7,7,2,个,COUNT,0.7948
109024004,11131674.5,14,9,8,4,千克,MASS,0.5809
105020202,11118248.310000002,31,14,10,5,个,COUNT,0.3713
102040201,11042828.569999998,25,10,9,5,千克,MASS,0.676
109024402,11008859.38,25,11,7,2,个,COUNT,0.5057
109061201,10838807.55,24,13,8,4,个,COUNT,0.484
109010607,10808202.79,17,7,6,3,个,COUNT,0.8275
107030215,10633670.569999995,51,15,8,2,盒,CONTAINER,0.453
109010705,10585068.620000001,19,7,6,3,个,COUNT,0.7696
109060806,10578069.74,23,8,7,2,个,COUNT,0.9519
108011402,10565038.03,27,12,8,3,个,COUNT,0.5726
107020125,10435048.47,7,3,3,3,千克,MASS,0.9869
107021605,10413569.33,14,8,6,2,千克,MASS,0.9982
106050699,10352802.86,12,5,5,3,个,COUNT,0.4401
109060408,10330003.59,27,14,9,3,个,COUNT,0.6793
105010802,10302981.209999997,51,13,7,2,个,COUNT,0.5554
109061305,10156993.78,16,8,7,2,套,SET,0.4136
109021809,10031290.02,23,12,8,3,千克,MASS,0.492
103020510,10003927.0,32,11,6,2,袋,CONTAINER,0.4115
109025002,9882106.42,26,13,7,2,个,COUNT,0.3925
301049901,9771700.22,10,9,8,4,千克,MASS,0.4147
109042601,9711744.82,19,8,7,2,千克,MASS,0.5557
109061002,9711204.61,18,7,6,2,个,COUNT,0.7419
107030702,9694050.249999998,15,10,5,2,瓶,CONTAINER,0.5263
109062401,9691138.209999999,12,6,5,1,个,COUNT,0.9665
109041604,9553116.92,16,5,5,1,个,COUNT,0.9821
107021604,9514922.909999998,37,10,6,2,千克,MASS,0.9319
102050800,9449675.140000002,24,11,9,5,千克,MASS,0.7364
108040409,9332191.200000001,45,14,10,4,个,COUNT,0.6788
109062301,9225137.629999999,17,11,8,3,个,COUNT,0.8872
109010402,9167083.84,20,8,7,2,UNKNOWN,UNKNOWN,0.5018
109024605,9111684.790000001,22,10,6,2,个,COUNT,0.7807
109024003,9045279.6,17,9,8,3,个,COUNT,0.6548
101011906,9008549.99,10,8,5,2,千克,MASS,0.9771
102049905,8992122.09,22,8,7,3,千克,MASS,0.8789
109022901,8936007.219999999,17,7,6,4,个,COUNT,0.8277
108032409,8905573.52,9,6,6,5,平方米,AREA,0.4569
109032502,8882214.959999999,6,4,4,1,个,COUNT,0.8667
109021405,8793064.790000001,23,11,9,3,个,COUNT,0.5888
106041002,8768118.040000001,17,6,5,1,个,COUNT,0.8692
109010706,8752228.639999999,13,8,7,3,个,COUNT,0.5785
109060602,8542728.26,15,5,5,1,个,COUNT,0.9516
109023502,8375704.890000001,5,2,2,1,个,COUNT,0.9819
105010603,8372156.249999999,26,12,9,3,立方米,VOLUME,0.6337
109061301,8368542.099999998,13,4,4,1,UNKNOWN,UNKNOWN,0.4002
301020102,8270536.740000001,13,6,6,2,千克,MASS,0.6259
101011907,8226565.050000001,31,12,8,4,千克,MASS,0.5267
107022602,8194782.62,7,4,4,2,千克,MASS,0.9932
107040308,8156882.6,11,7,6,4,千克,MASS,0.987
109061606,8150208.399999999,22,8,8,4,个,COUNT,0.7868
304040600,8127304.76,11,10,7,2,UNKNOWN,UNKNOWN,0.4117
301020302,8077099.19,10,8,7,2,UNKNOWN,UNKNOWN,0.331
109061199,8073621.519999999,15,7,7,2,套,SET,0.4788
103011202,8006072.550000002,13,7,4,2,千克,MASS,0.9692
105010506,7927841.94,14,7,7,4,个,COUNT,0.5528
102049904,7898668.89,19,7,5,3,千克,MASS,0.9185
106050208,7834567.989999998,36,13,9,3,个,COUNT,0.6287
109020809,7639327.06,14,5,5,3,千克,MASS,0.4821
110030202,7631971.280000001,24,10,6,2,千克,MASS,0.583
108012501,7606290.76,16,7,7,4,千克,MASS,0.911
109060402,7560222.889999996,37,12,8,3,个,COUNT,0.5326
109010511,7521855.33,16,5,5,2,个,COUNT,0.9394
103030803,7518400.240000001,24,13,7,2,瓶,CONTAINER,0.4505
109061902,7508834.08,10,5,5,2,个,COUNT,0.8451
109025104,7508440.41,15,12,9,3,UNKNOWN,UNKNOWN,0.3511
101010901,7489651.5,17,8,5,2,UNKNOWN,UNKNOWN,0.6716
103011109,7373397.84999997,23,13,8,2,千克,MASS,0.4627
109010401,7309744.129999999,13,5,5,2,个,COUNT,0.8179
101011908,7282629.359999999,16,9,7,3,UNKNOWN,UNKNOWN,0.6473
102050307,7264571.659999999,9,6,5,2,千克,MASS,0.7798
405990000,7148178.1899999995,33,15,11,5,UNKNOWN,UNKNOWN,0.5609
108011102,7078906.429999999,36,11,7,2,个,COUNT,0.5738
304040400,6962227.04,13,11,9,3,UNKNOWN,UNKNOWN,0.6326
108032404,6949887.899999999,12,2,2,2,千克,MASS,0.9254
109025203,6938463.649999999,13,5,5,2,个,COUNT,0.9706
109020203,6923883.659999999,16,8,7,2,套,SET,0.4534
106051112,6854723.7700000005,12,8,7,1,批,BATCH,0.8362
107030502,6832700.600000001,18,9,5,3,千克,MASS,0.3699
109024505,6821746.44,25,11,8,3,个,COUNT,0.5263
109010606,6769357.739999999,14,6,5,1,个,COUNT,0.9737
109041205,6745042.29,13,6,6,3,套,SET,0.8423
106020503,6733610.410000001,19,10,10,4,个,COUNT,0.4313
109020812,6724573.259999999,15,7,5,3,个,COUNT,0.4309
106020104,6670929.719999999,28,10,8,2,套,SET,0.4754
106050202,6626730.57,10,7,7,4,个,COUNT,0.5538
107021007,6580238.7700000005,20,10,6,2,个,COUNT,0.771
102040110,6560224.409999999,12,6,6,3,千克,MASS,0.9452
106020403,6554181.53,23,9,6,2,个,COUNT,0.5215
106041010,6524723.9399999995,15,7,6,2,个,COUNT,0.9114
102049906,6524081.860000001,17,8,7,4,千克,MASS,0.6455
109025003,6436076.1899999995,19,10,9,3,个,COUNT,0.5693
109011107,6412923.510000001,22,9,8,2,个,COUNT,0.6617
301030200,6407327.890000001,10,8,7,2,UNKNOWN,UNKNOWN,0.363
109011212,6352921.3,9,5,4,1,个,COUNT,0.8555
109025103,6257265.08,13,7,6,2,套,SET,0.9392
107030701,6243217.629999999,15,10,7,3,盒,CONTAINER,0.4228
103010302,6122271.18,28,11,8,2,千克,MASS,0.4773
106010509,6109678.319999999,21,12,7,3,千克,MASS,0.7029
109030601,6046981.22,9,6,6,1,套,SET,0.6311
101020404,6045889.449999999,17,11,6,2,份,SERVICE,0.4274
107030705,6042163.55,14,7,5,3,个,COUNT,0.6616
109010509,5924238.81,15,8,7,3,个,COUNT,0.9775
103011301,5913277.940000001,56,13,7,2,千克,MASS,0.4335
108041204,5892573.97,32,12,7,3,千克,MASS,0.3808
107020237,5860727.5,9,6,6,3,UNKNOWN,UNKNOWN,0.5265
101020406,5853945.9,15,9,6,3,千克,MASS,0.5779
106051101,5824505.390000001,16,9,6,2,个,COUNT,0.6371
106040302,5804402.659999999,45,16,9,4,个,COUNT,0.2866
101040700,5800295.4799999995,18,9,6,2,千克,MASS,0.8156
109020802,5776191.44,19,10,9,4,个,COUNT,0.6403
109020205,5720818.68,15,6,6,2,套,SET,0.5204
104020406,5681054.050000001,9,6,6,2,个,COUNT,0.7973
106051110,5594065.7,36,13,9,3,个,COUNT,0.3952
301040303,5540477.579999999,4,4,3,1,千克,MASS,0.5949
109060804,5483979.889999999,11,6,6,1,个,COUNT,0.9083
103020906,5480566.559999999,25,10,5,2,千克,MASS,0.4176
101020408,5469731.26,25,10,7,3,千克,MASS,0.9206
109060803,5448974.2700000005,15,5,4,2,个,COUNT,0.8203
109060312,5420082.78,22,8,7,2,个,COUNT,0.8405
109023706,5383136.08,10,5,5,2,千克,MASS,0.8188
109024301,5284374.359999999,13,8,6,2,个,COUNT,0.5114
102020602,5248008.919999998,24,11,8,3,千克,MASS,0.6598
106051302,5246753.149999995,11,6,6,2,个,COUNT,0.5007
109061203,5236406.43,10,5,3,1,个,COUNT,0.9677
106040501,5192316.419999998,37,15,9,3,瓶,CONTAINER,0.71
104010308,5176314.510000001,25,12,9,4,个,COUNT,0.4623
107020702,5157334.68,13,7,4,2,千克,MASS,0.9214
106050605,5152704.279999999,17,6,6,3,千米,LENGTH,0.5782
103011002,5135894.100000001,35,17,9,3,千克,MASS,0.4599
109011204,4986411.71,14,7,7,2,个,COUNT,0.6784
109024604,4955094.09,11,6,3,1,个,COUNT,0.4171
107021806,4944859.4399999995,19,7,6,2,个,COUNT,0.45
109050403,4942666.27,9,4,4,1,套,SET,0.4883
101011205,4920303.910000001,25,12,7,2,千克,MASS,0.8295
109062303,4895445.860000009,14,6,4,1,个,COUNT,0.981
109020409,4863447.72,11,4,4,2,个,COUNT,0.3977
109023704,4817517.529999999,19,7,7,3,套,SET,0.6208
104010802,4768389.34,23,10,8,4,个,COUNT,0.6018
102040401,4756771.96,10,5,5,3,个,COUNT,0.7495
109020908,4753895.8,12,5,4,2,套,SET,0.4945
109011208,4695659.66,11,7,6,2,个,COUNT,0.8379
109061604,4645053.069999999,10,2,2,1,个,COUNT,0.9745
109025502,4586438.47,14,6,5,1,个,COUNT,0.7987
104010805,4544975.04,22,8,8,3,OTHER,OTHER,0.3574
108041109,4506277.539999999,18,7,6,3,千克,MASS,0.8378
109061502,4459021.58,16,3,3,1,套,SET,0.5531
109022702,4454400.760000001,36,14,7,2,个,COUNT,0.4763
302019900,4372712.869999999,12,10,9,1,UNKNOWN,UNKNOWN,0.6171
107021612,4341992.91,17,8,5,3,千克,MASS,0.6806
306011002,4134265.85,8,7,5,1,UNKNOWN,UNKNOWN,0.8211
104010307,4102973.99,11,8,6,3,个,COUNT,0.4903
108041115,4097576.280000001,15,8,7,3,千克,MASS,0.7046
301050301,4074306.89,4,4,4,1,千克,MASS,0.9161
106050308,4039325.4800000023,34,15,10,4,个,COUNT,0.6228
109024006,4029982.95,11,6,6,3,个,COUNT,0.5705
107021609,3998764.0000000005,12,6,4,3,千克,MASS,0.7655
106051004,3991435.1799999997,16,6,6,2,个,COUNT,0.7168
101030199,3972955.68,19,10,5,2,千克,MASS,0.5224
101010701,3928163.5699999994,25,11,6,2,千克,MASS,0.822
109020503,3925374.45,16,10,6,2,个,COUNT,0.9135
104011304,3912920.4000000004,25,10,7,3,个,COUNT,0.8816
105020203,3910529.64,25,8,8,3,套,SET,0.4123
109061303,3872169.52,5,3,3,1,套,SET,0.3685
102049902,3776997.89,22,11,7,3,千克,MASS,0.8614
109024212,3762055.9499999997,9,6,5,1,个,COUNT,0.7813
109032601,3726748.2,28,9,8,3,个,COUNT,0.502
107021004,3711289.4400000004,16,12,7,2,千克,MASS,0.7086
101011901,3699192.9200000004,21,9,6,2,袋,CONTAINER,0.9022
109032602,3697040.62,14,5,5,2,个,COUNT,0.5063
108040503,3695651.5300000003,12,4,4,2,千克,MASS,0.9327
109023904,3686474.8,12,5,5,3,个,COUNT,0.9043
405030000,3671081.8800000004,10,8,7,3,OTHER,OTHER,0.8445
107020230,3647045.960000001,15,10,6,2,千克,MASS,0.9538
103010404,3607869.75,19,10,6,2,千克,MASS,0.7312
102040304,3506393.4,8,4,3,2,千克,MASS,0.9529
109060403,3492381.6,35,15,9,4,个,COUNT,0.8737
109022407,3475207.5,8,3,3,1,套,SET,0.7762
109023705,3454530.33,9,4,4,1,个,COUNT,0.9481
101020405,3451249.92,16,7,6,3,千克,MASS,0.8507
106050302,3363329.62,26,12,8,4,千克,MASS,0.5119
109021702,3152814.5,6,4,4,2,个,COUNT,0.8972
107021610,3149289.1399999997,15,8,5,3,千克,MASS,0.7794
107021805,3137190.38,17,9,6,1,盒,CONTAINER,0.5006
301050500,3134161.82,2,2,2,1,千克,MASS,0.9973
101010801,3104917.9,7,6,4,2,千克,MASS,0.895
106051106,3093264.12,19,6,6,2,个,COUNT,0.5895
102050513,3075156.5,9,6,6,3,UNKNOWN,UNKNOWN,0.4868
302020000,2997671.88,9,8,6,1,票,SERVICE,0.4917
109061005,2995350.95,12,5,4,2,个,COUNT,0.6522
103011600,2990956.3800000004,23,11,6,2,千克,MASS,0.5546
101011303,2971348.19,26,10,8,3,千克,MASS,0.8058
109023707,2936161.21,14,6,6,2,个,COUNT,0.7745
109032603,2923613.87,21,11,7,2,个,COUNT,0.5092
109023901,2914215.05,11,6,6,4,个,COUNT,0.4371
109020206,2851111.82,15,7,6,3,个,COUNT,0.4719
109022399,2817304.14,18,10,8,3,套,SET,0.348
307050200,2770860.5,6,6,6,2,千克,MASS,0.5373
109062203,2733311.34,11,7,7,3,平方米,AREA,0.5898
109021602,2712630.5,12,6,6,2,套,SET,0.5925
107021701,2671788.9,10,4,4,2,千克,MASS,0.9554
109051402,2668787.0900000003,15,7,7,3,个,COUNT,0.8398
109041204,2645890.51,18,7,7,2,套,SET,0.4817
106051108,2637133.69,5,3,3,1,个,COUNT,0.9931
106041007,2558300.41,27,11,7,2,批,BATCH,0.5019
109061799,2556841.49,22,10,7,3,个,COUNT,0.6516
306011003,2522845.5100000002,11,7,5,2,笔,SERVICE,0.7405
109060309,2501538.89,13,7,6,2,套,SET,0.5666
107021705,2496671.3899999997,21,10,7,2,个,COUNT,0.5998
104010806,2469252.5500000003,29,9,7,4,套,SET,0.3449
106050201,2374660.1200000006,17,10,8,4,个,COUNT,0.6756
103021204,2331582.66,37,15,8,3,个,COUNT,0.4249
109032303,2330397.8,7,3,3,3,个,COUNT,0.96
109040203,2308386.96,11,5,5,3,个,COUNT,0.7925
106050304,2300034.6999999997,13,9,6,2,千克,MASS,0.7293
101020407,2269291.03,25,11,8,4,OTHER,OTHER,0.4087
304080203,2194617.18,2,2,2,0,UNKNOWN,UNKNOWN,0.9975
405020000,2152634.29,13,9,8,2,批,BATCH,0.5129
101050500,2149843.47,18,8,5,2,千克,MASS,0.9573
108032406,2142759.0,4,2,2,2,立方米,VOLUME,0.6631
109060505,2123456.0,11,6,6,1,个,COUNT,0.5593
301049902,2104714.84,1,1,1,1,个,COUNT,1.0
109025204,2078874.0999999999,12,5,3,1,个,COUNT,0.9987
109022306,2056387.8299999998,12,7,6,3,个,COUNT,0.9273
108041110,2049883.99,11,4,4,2,千克,MASS,0.9438
109061006,1986366.45,8,5,4,1,个,COUNT,0.7635
301040202,1964348.16,2,2,2,1,立方米,VOLUME,0.7012
107040306,1961271.18,11,5,4,3,千克,MASS,0.9957
109042204,1927895.4700000002,21,12,7,3,个,COUNT,0.4673
109022803,1908067.2000000002,14,3,3,2,个,COUNT,0.4469
108031399,1902099.04,8,5,4,2,千克,MASS,0.7556
108012202,1897907.0100000002,32,10,7,2,个,COUNT,0.7365
109010708,1840256.43,16,8,7,3,个,COUNT,0.6305
101050700,1835745.11,10,6,6,2,千克,MASS,0.9699
104020405,1833665.43,10,5,5,2,个,COUNT,0.9867
109012805,1782177.9100000001,10,5,4,1,套,SET,0.6453
109061302,1774944.43,7,3,3,1,个,COUNT,0.9482
107021607,1771165.4500000002,24,11,7,3,千克,MASS,0.6407
109023903,1748984.3599999999,3,2,2,2,个,COUNT,0.9999
109023503,1725956.0,7,3,3,1,个,COUNT,0.9382
110030204,1697158.4,15,9,6,1,个,COUNT,0.702
109023203,1687645.43,23,13,7,3,套,SET,0.3413
102049903,1656311.5099999998,14,7,6,3,千克,MASS,0.9031
103020905,1641056.7899999998,18,10,5,2,个,COUNT,0.7359
109013606,1622693.6199999999,12,6,6,2,千克,MASS,0.5109
109023905,1595087.02,15,6,4,2,个,COUNT,0.9627
108032103,1562167.3399999999,7,5,5,4,立方米,VOLUME,0.468
109023999,1542253.75,4,3,3,1,OTHER,OTHER,0.8449
104030504,1528243.44,11,5,4,2,个,COUNT,0.9885
109024608,1506955.95,4,3,3,1,个,COUNT,0.9756
109042206,1492819.75,15,6,6,1,个,COUNT,0.8668
106050803,1456408.3699999999,11,8,8,3,套,SET,0.4316
109061611,1450189.08,8,4,4,1,个,COUNT,0.7907
109022303,1377040.28,9,4,4,1,个,COUNT,0.8044
101010702,1359655.6599999997,13,8,5,4,千克,MASS,0.974
106020504,1345879.7,21,10,7,5,盒,CONTAINER,0.6785
109032403,1311394.3,6,4,4,1,套,SET,0.8175
405010200,1299944.1,3,3,3,1,UNKNOWN,UNKNOWN,0.9138
301059901,1290107.48,6,6,6,2,票,SERVICE,0.5766
109023702,1262829.54,4,1,1,1,个,COUNT,1.0
105011006,1257980.7100000002,9,5,5,2,千克,MASS,0.7717
106020402,1249980.6500000001,15,9,8,2,OTHER,OTHER,0.7266
302010300,1187393.95,10,6,6,1,UNKNOWN,UNKNOWN,0.4096
109024607,1183723.3599999999,5,4,4,1,套,SET,0.8997
107029905,1170117.7899999998,32,14,8,3,盒,CONTAINER,0.3192
102050511,1147820.0,3,2,2,2,千克,MASS,0.9468
301050401,1138317.0,4,4,4,1,UNKNOWN,UNKNOWN,0.954
101030203,1103173.0999999999,8,4,4,2,千克,MASS,0.8385
109025403,1094786.44,10,5,5,3,个,COUNT,0.5916
109061505,1091106.59,11,8,7,4,千克,MASS,0.3997
301030103,1080543.8,4,4,4,2,千克,MASS,0.8391
109061306,1064177.8099999998,11,4,4,1,个,COUNT,0.8967
102040109,1052442.5699999998,12,6,4,1,个,COUNT,0.9908
101050600,1051366.8400000003,18,9,5,2,千克,MASS,0.7017
102050517,1039564.36,19,9,6,3,千克,MASS,0.4788
106051008,1025476.9,8,3,3,1,个,COUNT,0.6491
106050602,1020712.39,17,11,8,3,个,COUNT,0.5907
107022605,1020411.0399999999,4,2,2,2,千克,MASS,0.9989
306010700,1019531.44,3,3,3,1,立方米,VOLUME,0.9122
501010300,995835.2,10,5,5,1,UNKNOWN,UNKNOWN,0.8507
106051102,947897.48,11,5,5,3,套,SET,0.8485
109022301,946545.87,18,8,7,3,个,COUNT,0.6993
106050804,909928.7,12,6,6,3,千克,MASS,0.6397
102050508,902798.0,2,2,2,1,千克,MASS,0.9999
101011904,825519.56,7,4,3,2,桶,CONTAINER,0.5026
108032104,802357.2,4,3,3,2,千克,MASS,0.9959
110020104,798522.8099999999,6,4,4,3,千克,MASS,0.9554
109031806,738416.0,8,4,4,1,UNKNOWN,UNKNOWN,0.6094
301050100,733979.0,4,4,4,2,个,COUNT,0.8396
105010505,727216.79,16,10,9,5,平方米,AREA,0.3455
109025404,713268.14,6,4,4,2,套,SET,0.6683
107030703,672516.8999999999,11,5,3,1,盒,CONTAINER,0.393
109021805,661391.11,6,5,4,2,个,COUNT,0.5625
109031803,626709.6599999999,7,3,3,2,个,COUNT,0.9281
108041116,623497.3,2,2,2,0,OTHER,OTHER,0.9978
108032411,615996.6,2,1,1,1,千克,MASS,1.0
106041006,600349.5700000001,7,5,4,2,个,COUNT,0.5192
108041118,592138.06,1,1,1,1,千米,LENGTH,1.0
109023902,568031.3,4,2,2,1,个,COUNT,0.9229
105011004,541856.4,10,4,4,1,个,COUNT,0.5884
101030499,534105.14,5,3,3,2,千克,MASS,0.998
109021807,532210.8,11,5,3,1,副,SET,0.5585
109042604,530827.5,6,3,3,1,套,SET,0.9099
102050306,529219.4,7,4,4,2,千克,MASS,0.6495
109061202,526164.8,6,4,4,1,个,COUNT,0.6314
109042202,506144.3199999999,3,1,1,1,个,COUNT,1.0
106051107,504600.02999999997,7,4,4,1,个,COUNT,0.8451
109024606,503769.82,17,7,5,3,个,COUNT,0.5601
108032207,495378.27,5,2,2,2,立方米,VOLUME,0.5616
108041119,493917.3,11,6,4,2,千克,MASS,0.9077
108041117,485520.5,1,1,1,1,千克,MASS,1.0
109025101,475655.0,5,3,3,1,个,COUNT,0.9752
109010510,473798.08,12,5,4,2,个,COUNT,0.7143
306010200,470819.43999999994,3,3,3,1,次,SERVICE,0.5255
101011902,470600.49,2,2,2,2,千克,MASS,0.9836
101011304,463656.67,7,4,4,2,OTHER,OTHER,0.8839
109032802,460358.09,8,3,3,1,个,COUNT,0.9904
302010200,453253.93,5,4,4,1,个,COUNT,0.4532
109023801,452628.41000000003,14,9,8,4,个,COUNT,0.3601
109021806,426798.06,7,5,5,2,袋,CONTAINER,0.3874
101030401,423391.61999999994,14,6,5,2,个,COUNT,0.7281
109060805,409329.93,6,2,2,1,个,COUNT,0.7545
106050306,396567.08999999997,11,7,6,3,桶,CONTAINER,0.3153
109061504,392160.0,8,4,4,2,个,COUNT,0.6326
106041005,387368.32,7,3,3,2,个,COUNT,0.5895
106050303,385315.82999999996,14,11,8,3,罐,CONTAINER,0.3175
108012201,339732.37,7,1,1,1,个,COUNT,1.0
108032407,337904.89999999997,11,6,6,4,千克,MASS,0.5557
302010400,318137.5,4,4,4,1,个,COUNT,0.5234
107021614,296830.88,11,7,5,2,千克,MASS,0.658
110020105,291454.31,4,3,3,3,个,COUNT,0.9405
108032206,272863.81,5,3,3,2,个,COUNT,0.7655
301020401,257806.72000000003,11,10,6,3,UNKNOWN,UNKNOWN,0.379
109042205,245551.46000000002,9,8,3,1,个,COUNT,0.7295
101030107,235064.32000000024,3,3,2,1,箱,CONTAINER,0.8267
102040402,226493.17,4,3,3,2,个,COUNT,0.7109
107030704,219901.64,5,4,3,1,个,COUNT,0.8438
106050211,205304.34,7,5,4,2,个,COUNT,0.8113
110030201,205297.5,5,4,4,2,套,SET,0.6137
109032402,187902.14,6,3,3,1,个,COUNT,0.6344
109025501,167724.1,12,7,7,3,平方米,AREA,0.6029
108031107,146279.23,3,2,2,2,个,COUNT,0.9225
109023805,121921.38,5,4,4,2,批,BATCH,0.5577
101030402,116329.45,6,4,4,2,千克,MASS,0.9578
304040503,115595.0,2,2,2,0,UNKNOWN,UNKNOWN,0.9939
101011905,109042.34999999999,5,4,3,1,千克,MASS,0.9382
301060100,103849.09,2,2,2,0,项,SERVICE,0.6302
307050100,95716.0,4,1,1,0,OTHER,OTHER,1.0
306040100,92350.0,1,1,1,0,UNKNOWN,UNKNOWN,1.0
108032412,80000.0,1,1,1,0,UNKNOWN,UNKNOWN,1.0
109022305,75625.0,5,3,2,1,瓶,CONTAINER,0.5136
109032604,74912.0,3,2,2,1,个,COUNT,0.9106
102050518,74500.03,5,3,3,2,千克,MASS,0.9339
301040102,70770.0,2,2,2,2,千米,LENGTH,0.816
110030203,70678.4,3,2,2,1,个,COUNT,0.897
102050308,67364.35,11,7,5,2,千克,MASS,0.6543
108032208,60150.0,2,2,2,2,个,COUNT,0.9734
101030105,55358.54,4,4,2,1,盒,CONTAINER,0.9894
109051403,51817.0,6,2,2,1,个,COUNT,0.9811
306010600,51025.0,2,2,2,0,UNKNOWN,UNKNOWN,0.9995
306010400,45670.0,2,2,2,1,个,COUNT,0.7743
301050601,41950.0,4,3,3,1,个,COUNT,0.9702
109023703,34523.28,4,1,1,1,个,COUNT,1.0
106051109,32942.0,1,1,1,1,个,COUNT,1.0
307050400,31444.84,4,4,3,0,月,TIME,0.777
102050510,28568.2,4,3,3,2,个,COUNT,0.8503
301040103,20681.3,2,2,2,2,千克,MASS,0.9671
306010500,17670.5,2,2,2,1,箱,CONTAINER,0.8663
301020103,3960.0,1,1,1,1,千克,MASS,1.0
108032205,2527.8,2,1,1,1,千克,MASS,1.0
109010707,2200.5,2,1,1,1,个,COUNT,1.0
109025206,1050.0,1,1,1,1,个,COUNT,1.0
306030203,368.0,1,1,1,0,份,SERVICE,1.0
306040300,42.65,1,1,1,0,UNKNOWN,UNKNOWN,1.0
109021604,42.4,1,1,1,1,个,COUNT,1.0
