product_id,n_units,dom_unit,dom_share,dom_value,v_prod
305010000,221,UNKNOWN,.7957883394067037,351261320898.5123,441400437156.9374
102010100,69,吨,.9942426440991352,361228051543.1376,363319813012.4861
108030100,123,吨,.8875426914365329,267760476941.6763,301687433770.9799
109050501,76,个,.8780354835957431,237885259870.0459,270928982158.9611
108020708,70,吨,.9805640163952459,148985837078.9998,151938919425.8853
109031001,864,件,.4205614098672488,62199760325.5683,147896975010.6216
109050901,130,个,.8743851259649854,120859386238.3484,138222143366.1352
110010102,395,KKWH,.183832762126461,24395153051.375,132702967464.4895
108020799,343,吨,.8774195998886066,108556570581.0044,123722527505.4104
107010101,70,吨,.9036657129710109,104844505658.757,116021338592.184
108020705,108,吨,.9888028232781757,113498450222.2581,114783703636.6633
110010101,192,兆瓦时,.3229371250621856,36886979056.23438,114223408191.7071
102010200,35,吨,.9954338028574978,104436025440.2217,104915088417.1575
107010103,58,吨,.8646426350697879,79265848723.29163,91674693692.26031
109030501,114,辆,.7945630030063608,70614092262.95087,88871608665.10364
102020101,57,吨,.9978431577501633,88491498516.88727,88682773269.10677
109041501,81,个,.8367917614923366,61022009578.06407,72923769551.9818
107010199,138,吨,.9723861218241007,70420866764.99631,72420682673.76512
107021301,142,吨,.8201920935255292,53884547719.82021,65697472756.90241
107021303,46,吨,.9945946433092318,65222602635.06677,65577070089.63677
107010104,39,吨,.9941667537903026,64889529084.44824,65270266619.81421
108010102,107,吨,.9912926366580096,61271871630.4743,61810074406.52739
301010202,451,吨,.5077773504325623,30756291188.98219,60570427496.9762
102030100,74,吨,.9706305957492715,56602642153.43147,58315328613.49529
108020600,80,吨,.9870891687953417,56990801489.3063,57736224133.48809
109052201,70,个,.9028481609937167,51182048778.30335,56689542039.90404
304060300,101,UNKNOWN,.8968105615293597,49753464116.5385,55478231692.20078
108020707,199,吨,.8203418192573546,44434001430.29764,54165227698.03835
201050000,607,吨,.2111495862888944,11406405322.4184,54020495720.0919
108030602,61,吨,.9766824772397926,51618848484.85059,52851207723.85605
107010301,25,吨,.9971271605267591,50369559151.00537,50514679716.87413
109041302,130,个,.5585356134801666,27676691308.0288,49552240967.37315
108030202,38,吨,.9808635061774589,43804105473.44385,44658716730.27538
108020713,166,吨,.9233254543978321,37197383828.09315,40286319034.00983
103010501,147,吨,.5289253234873614,20811216672.06464,39346228565.59432
107020209,51,吨,.9721270570671513,36776771637.73853,37831239620.76709
106010504,201,个,.6632432087886561,24983645599.24427,37668905264.59256
109990000,717,台,.2951918875186501,11009698808.13951,37296752633.29832
108020710,87,吨,.9569232499476342,35648020543.86263,37252747851.84015
109040904,191,千米,.5770693253813236,21087682752.19795,36542719955.29021
102030200,35,吨,.9780595509170082,35565293342.7124,36363116447.63054
108031601,167,吨,.3968010874794458,14362043097.66348,36194565868.99458
108020709,114,吨,.7321344159186726,26215324510.45248,35806709724.95924
107060201,114,吨,.6993313311153423,24806551162.27148,35471814372.60686
109051299,263,个,.6460584120468965,22845767291.97555,35361767397.46127
107029999,195,吨,.7074927438786573,24361583340.23566,34433686495.04332
305020000,176,项,.4410647950058547,14901293745.50104,33784817818.6682
306020000,36,UNKNOWN,.8506186456700175,28358550883.16035,33338736491.98322
108040101,404,吨,.508442171978191,16908480594.65874,33255464488.46498
104010105,185,米,.6803193443219751,22364013882.5512,32872817845.33084
108020900,36,吨,.9882537942354175,30990946400.52966,31359299181.34687
304990000,286,UNKNOWN,.5397566098072715,16706362696.60036,30951659309.12014
109041801,34,个,.8224492156020001,25441022992.14554,30933244885.55044
107010111,47,吨,.9746420168220864,29989649650.79266,30769912576.28805
109041401,38,个,.9482724422470792,28615787308.21826,30176757262.29974
108049900,579,吨,.2131108196625764,6330828770.097107,29706744970.1562
107030709,102,件,.9159347767011979,27156949287.65434,29649435722.336
108010301,111,立方米,.2972083850354766,8772650662.106812,29516834328.4112
107020202,65,吨,.9671116026826393,28383569245.1665,29348804384.55526
107020217,19,吨,.9957526582777229,27849906612.96191,27968699236.14542
108031501,148,吨,.3173599429125767,8295526979.185059,26139174664.1139
109030503,64,辆,.9316527019204422,23752582848.85376,25495104345.09757
109031002,265,件,.4134285122792777,10162964469.22469,24582156690.63348
305990000,152,UNKNOWN,.538281083671476,13227697463.53809,24573959339.82183
304020300,145,UNKNOWN,.4753449179124085,11378847226.20854,23938085372.15773
109061803,34,只,.7261964215599741,16743543306.40281,23056493820.82506
108020800,51,吨,.9493744845421578,21842730900.66693,23007497311.45422
107010102,46,吨,.9952018925730343,22836475341.73926,22946575475.95386
106010204,143,吨,.7630309617653031,17473030023.36304,22899503295.30334
107022302,171,个,.6033658847513584,13442829350.88856,22279730575.7985
107040302,41,吨,.4014550606078151,8825632791.765625,21984111443.01768
104010102,114,吨,.6102981061262539,13399876884.52295,21956281282.88978
109051104,83,个,.7557116070055407,16347392707.60524,21631787253.31578
108030300,36,吨,.9701034535123769,20523021918.13086,21155498255.18585
108020706,93,吨,.9593003223910574,19773606797.27351,20612530128.19569
101010103,90,吨,.7956817868829136,16393172322.00781,20602673822.94639
107010107,303,吨,.4071498023170178,8320549938.470535,20436089839.9551
109051908,255,个,.2729371330660372,5276513003.661333,19332338346.15197
102020200,47,立方米,.4393994448912406,8481238500.750641,19301887153.83995
109010206,862,件,.4130144744526809,7872713458.802525,19061592137.26177
109040401,105,台,.8607381805051231,16275104162.38367,18908309786.87694
107022301,305,个,.7727672847330014,14472696661.90152,18728402389.47483
106051299,325,个,.6944784858081893,12959372432.84109,18660581569.7225
103020899,129,瓶,.4995162559690915,9105388252.249081,18228412275.76084
107020201,65,吨,.9592880310420631,17181704563.26953,17910892252.66915
106010599,291,吨,.3892809090436078,6800318668.419464,17468924137.9101
109041602,37,台,.5818139972339307,10137089807.36816,17423248418.84533
102019900,51,吨,.9882425228381542,17152396860.36572,17356465102.41777
108031401,124,吨,.5827992361354053,9864601114.088104,16926242353.20068
104020199,117,件,.6799234282405116,11444721572.10699,16832368317.89036
109031100,53,EA,.812465751641528,13624074187.80339,16768798143.52413
107060199,315,个,.1941875095093113,3245467681.920657,16713060948.77867
103030200,99,瓶,.4109939015944763,6794828468.125633,16532674674.16104
109059900,124,个,.8320197684242138,13677129154.23087,16438466576.5026
109050401,60,套,.4811890336795724,7793507276.74614,16196352641.60217
107020402,32,吨,.9906579443665509,15999955311.2207,16150837332.10401
108020704,109,吨,.8429126591597771,13553295223.34997,16079121693.17758
103040202,17,万支,.9961353904359632,15488809519.98438,15548899947.43147
108010101,64,吨,.9926961256271853,14840408432.08964,14949598420.87977
101010401,45,吨,.9502922913415676,13991078274.99805,14722920939.66821
108031102,20,公斤,.4595594549203365,6722188912.433594,14627462976.68681
109040999,261,米,.2713262351920313,3882722016.704964,14310160659.38838
303029900,46,UNKNOWN,.7893889450519516,11294045181.9827,14307326258.84369
109040201,49,台,.5522687157704392,7847090627.517578,14208826977.58923
102040102,44,吨,.801767332374958,11355520644.49609,14163112147.33493
108020703,115,吨,.9385972972092343,13158410342.85092,14019228887.59141
109051003,126,个,.7763864321882117,10753138063.13152,13850239542.21388
108020712,146,吨,.6938780590827681,9442300227.435364,13608010952.12185
107060101,222,公斤,.2252059248322367,2995745235.248627,13302248764.01567
306030299,24,份,.661690186170822,8763675737.625977,13244379198.58093
304050202,197,UNKNOWN,.5363592325707814,7097464635.204811,13232669830.6031
304030301,123,UNKNOWN,.712087119734317,9418333603.106476,13226378264.81189
103010602,76,吨,.9637330222907324,12603762974.98242,13078064861.80589
304030101,86,UNKNOWN,.371043999617314,4803654855.447113,12946321353.80572
104010106,99,米,.6427346649149646,8224873503.390335,12796685712.4137
105010301,92,张,.5532328438451476,6932797450.026489,12531427819.50779
107030205,272,盒,.7854152085002379,9763985179.777122,12431622247.83194
109051101,82,个,.8053254787994244,9943210665.212067,12346822405.31538
108020711,59,吨,.8372783965645102,10280729704.17526,12278747124.44364
109041805,60,个,.5884508204295852,7161726101.717158,12170475174.94988
101010500,55,吨,.9813129106112436,11776040125.55469,12000290629.23424
109062201,47,个,.9535434947513882,11403976773.92648,11959576921.97331
106010501,427,个,.4083274452785614,4834544947.891666,11839872640.92311
107022202,354,个,.724859730029871,8545004277.388615,11788493584.87121
109019900,412,台,.2470790567161567,2900415529.816921,11738815779.71582
109051906,90,个,.887142487493719,10383450054.91172,11704376919.48018
109041303,47,W,.3558489843792326,4164905342.625,11704137219.58641
109042201,43,台,.517562176546793,5995136262.727325,11583412649.52406
109040702,236,只,.53998294277974,6251803474.82741,11577779554.74703
102040101,52,吨,.9059750796925925,10317795786.35938,11388608823.39095
108030201,41,吨,.9422023894954346,10664872341.59454,11319088616.73102
109052100,99,片,.3601844323371962,4071581392.9021,11304157057.7664
104020401,109,双,.9198266249845487,10323432984.93812,11223237841.2742
109041701,54,个,.8849553636208715,9811858848.744678,11087405367.65449
107020216,28,吨,.9831541291776194,10890288339.49707,11076888166.66669
107021304,84,千克,.7323333771475758,8009653207.238953,10937168040.10271
108041401,1300,只,.2464311148132327,2680109995.807628,10875696430.78088
304080299,78,UNKNOWN,.6207315531558808,6656016909.313152,10722858980.62228
106010202,79,吨,.9520477284601734,10172677592.68555,10685050012.29158
108020100,75,吨,.9711108811816778,10143085189.01215,10444827038.36016
103010701,116,公斤,.3334632579329913,3467390139.703773,10398117505.34908
108041000,154,个,.5722695733926169,5930465618.307739,10363062958.51068
304010100,87,套,.5358515071909475,5535734804.209473,10330725452.70801
501020100,27,平方米,.7236037030298288,7455548588.6875,10303358810.1748
109041804,48,个,.8338791690203161,8572739095.572746,10280553123.35532
304080301,56,UNKNOWN,.9288048074277557,9394913625.334625,10115057060.6466
304020101,66,套,.4637770044965455,4630104129.520569,9983470686.621887
109010201,107,件,.4900514093623564,4806835324.494669,9808838894.57478
107030201,29,支,.9817880770061921,9595356239.726711,9773347695.346064
106020199,459,个,.3305831982963245,3194453530.493282,9663084956.997339
107020301,58,吨,.9725063935415187,9392942173.012398,9658488864.8461
108011001,121,平方米,.6519421096993774,6241948066.669559,9574390078.2047
304020199,106,UNKNOWN,.7244621349632239,6927509472.928734,9562279570.733393
109051201,58,个,.9208948781007797,8797981527.140095,9553730546.623013
109013104,101,个,.3128183705238184,2985600313.362875,9544197511.045942
107060110,202,只,.3365543464101706,3195094130.717424,9493545885.820923
101020201,44,立方米,.9139949332985731,8667165632.770622,9482728313.920898
107020213,54,吨,.8717050118423736,8222634177.6875,9432817370.533096
104020499,75,双,.7137042377278445,6661867108.355307,9334212627.85841
108020702,52,吨,.9639208485302935,8937705436.760559,9272239987.741764
109011800,141,台,.4116917522849896,3810339398.44751,9255321189.45594
107020106,47,吨,.9789173391239226,9026776982.023056,9221184078.832975
108031201,47,吨,.6540529681170382,6029444872.46875,9218588044.676258
108013001,44,吨,.9607622404360917,8844655253.789551,9205873088.616541
109051700,69,个,.2695490046863326,2427044869.290304,9004095088.811754
108032500,25,吨,.9410864815729142,8449027129.834961,8977949737.109619
106030101,112,套,.718952474559609,6268265991.443542,8718609662.318974
109040703,393,个,.5464036106966217,4722754444.276211,8643344135.766361
102030300,42,吨,.9039377015064868,7744436552.15625,8567445012.249746
108020500,68,吨,.8987764876215669,7669672971.109863,8533459738.589876
109011901,274,台,.3316231485298521,2822684850.734657,8511724417.454425
108031099,67,吨,.8650486739947011,7317534922.36438,8459101946.914497
301020201,34,UNKNOWN,.5045320470364359,4236411737.236328,8396714861.068848
107020105,46,吨,.9710629156251835,8067499492.945068,8307906071.926455
109051999,154,个,.3430440676046299,2839599947.721301,8277653560.807346
108041700,813,个,.2785889265457487,2295417663.2637,8239443296.34637
107021401,988,吨,.5119480472468828,4204046374.333618,8211861334.254198
105020101,166,个,.3151863479276822,2585842835.511351,8204171444.965815
109041901,51,个,.8804528933786481,7165689248.669472,8138640127.777729
103010201,87,吨,.3065130837424203,2483465290.519531,8102314133.534746
109012001,130,件,.6964305908306311,5436079413.212534,7805629857.139009
110010202,48,吨,.6970734337583085,5348455290.705322,7672728627.554834
109050303,55,套,.8594073350566072,6361389148.708252,7402065224.739142
304040800,133,吨,.3056682989275573,2258969022.358246,7390262681.095421
107020403,13,吨,.9983169791027772,7366234643.9375,7378653071.249771
109052205,67,PC,.6847478562377443,5051961541.389404,7377842070.43266
107021302,120,吨,.7673979856308082,5642580711.591553,7352874020.060529
103020402,172,罐,.4070090463149729,2962955735.112776,7279827713.755108
305040000,104,UNKNOWN,.5518361087535268,4003859924.152332,7255523624.93304
108020200,32,吨,.9913072669236712,7159242602.967896,7222021709.964065
107060107,150,吨,.2399621388696515,1728516356.420433,7203287837.667471
109010801,67,台,.8754185812349325,6302297965.381226,7199182311.724205
109042101,71,件,.4302430647634885,3072219110.676392,7140659227.976725
107060109,181,只,.3831590907582892,2730601569.942738,7126547786.035178
107021801,68,EA,.9114390306130052,6493914405.797485,7124902695.279445
107030203,71,支,.5756226464281679,4055633692.693024,7045646514.880695
109050599,67,个,.7925717527866856,5581317253.248934,7042034028.622644
106010299,86,吨,.8345264966340585,5789392329.957598,6937337943.502419
109050502,73,个,.543934964480316,3753683984.350695,6900979399.14016
109023299,98,台,.4375087490080574,2996601199.203354,6849237200.392916
109040902,196,千米,.3768921546873621,2577603624.34729,6839101298.05024
109020309,133,件,.7192476930811528,4912503789.307911,6830058457.696899
304050201,176,UNKNOWN,.3207621373444785,2189628682.670898,6826331501.586716
109010101,222,台,.3886509866001439,2629544156.930855,6765823959.264025
109029900,321,台,.3769507517520634,2532937914.157532,6719545994.760485
109040704,202,台,.5246144649429109,3491355119.236588,6655087407.123859
107060103,319,米,.5113433091414719,3402070075.443179,6653201507.916745
109011501,62,台,.7653675720491484,4979220990.009766,6505659727.232372
107021001,55,吨,.6107369710773014,3949244379.995117,6466358787.857397
107050102,58,条,.7887541304639106,5093951937.299072,6458225371.578128
103040201,54,万支,.7514561671007169,4846846807.671875,6449939490.645309
304010500,162,UNKNOWN,.4851735730020409,3052300029.142418,6291150629.363686
107020306,89,千公斤,.29176376411242,1835150592,6289850960.700161
101010101,139,吨,.3843098068637172,2411782374.978458,6275620168.687803
102060000,105,吨,.8724570512568058,5468471149.443604,6267897246.708103
101011800,75,千克,.3862616113803425,2419292056.135254,6263351016.140808
109062104,42,PC,.991665369227208,6208028496,6260204993.180145
107020108,51,KG,.5328966897970339,3326671104.399902,6242619194.476405
109013702,185,件,.375473427347944,2310850147.350449,6154497173.535074
103020401,174,件,.7054818074377446,4333235755.575632,6142236000.831275
103030500,85,瓶,.4164457514083916,2541157431.612778,6102013102.592003
307990000,184,UNKNOWN,.6124667853093059,3726743975.108919,6084809926.838484
103029900,192,箱,.301446824748812,1832726797.783306,6079768129.289372
107050101,112,个,.3769966075900786,2287871222.787776,6068678541.732283
107021402,78,吨,.4430017929439258,2678566608.476593,6046401281.305062
107020407,24,吨,.9899907032116794,5881034118.488281,5940494288.895157
109020301,83,台,.8808907345139902,5146270607.689941,5842121396.05404
108012600,97,吨,.7546327762126938,4393045799.762695,5821435191.047828
107020101,70,吨,.6055880789311783,3502815901.420078,5784155968.85974
107021404,88,吨,.6726072785482919,3885001656.335938,5776032731.493853
109021102,127,套,.696936532614238,4000600593.78891,5740265299.025852
109013002,110,个,.8566301736166421,4885842499.607787,5703561058.303665
106050901,49,件,.4284863298035709,2442647789.987228,5700643451.348845
106010203,103,个,.7787512900086936,4435162956.366869,5695223896.601645
103010406,14,吨,.9797264911945864,5540793975.164063,5655449786.203228
107020801,311,公斤,.3580704396180248,2003892003.017273,5596362562.502911
107060112,300,个,.541412078948076,3024370003.141689,5586077815.289639
107060106,215,条,.4025122901689654,2220982578.682243,5517800655.850596
109041704,44,个,.8686050792426867,4780337528.39327,5503464857.195076
109041703,65,个,.9265168728140075,5098164937.757486,5502506308.67994
109012303,177,个,.5655088131929774,3092548574.646718,5468612517.611461
109023207,235,PC,.1864551282692967,1017351989.647631,5456283230.667014
107010302,11,吨,.998368141499813,5401891584.488281,5410721115.733131
109062402,54,个,.7299130059181244,3936521013.894369,5393137239.612272
109013001,103,个,.7407244261414484,3962120421.760086,5348980379.112652
109030900,33,台,.6854459444294693,3652190882.892578,5328196793.012581
307040200,565,UNKNOWN,.7881557613133803,4197061037.174065,5325166982.450392
107010113,19,吨,.9932280342463413,5284035804.640137,5320063089.690826
106010101,68,吨,.935568621375017,4976964624.986328,5319721623.0613
107010303,27,吨,.9892196156640503,5250238546.492188,5307454950.706543
104020123,49,件,.5946427902159555,3123030677.098389,5251944072.111263
107020601,41,千克,.6729628472268424,3533634035.304688,5250860504.210821
109041706,38,台,.4968573107965528,2572315529.0121,5177171540.231962
108010601,74,平方米,.2895971519250931,1495137979.518457,5162820040.112783
107060108,60,米,.4379207796647714,2257762730.169006,5155641922.03285
109051901,85,只,.6168717876688901,3180167128.606823,5155312971.313576
104010204,54,米,.9271947425882855,4705346779.876129,5074820384.271211
106030102,96,套,.8416448568676544,4264759502.413605,5067172296.740147
102040103,39,吨,.9756545529091064,4919289587.125,5042040312.790186
301990200,83,UNKNOWN,.5971320252959476,2969996063.583351,4973767839.886626
107030801,215,盒,.4006768224099255,1987926808.552942,4961422017.366225
109051102,77,粒,.3587486850448777,1778758080,4958228849.751703
109050107,123,个,.4606866190694742,2273863948.860393,4935815052.439109
109011701,167,台,.5344800774844061,2634040443.286137,4928229421.915145
109013601,143,吨,.2722983112755891,1337542465.946396,4912048332.876691
109040701,112,台,.6157259501329293,3013300589.705364,4893898964.392879
107030402,122,盒,.665649854847974,3248521280.661722,4880225327.178421
107010105,24,吨,.9946409616249919,4847836599.570313,4873956318.519371
304080201,104,UNKNOWN,.3801809604396199,1847950914.289924,4860713993.023369
109050101,155,套,.2709200016650409,1306793795.400097,4823541220.170912
109041601,49,个,.9338004185897955,4453167534.884918,4768864359.27068
109042401,189,个,.4291327959375783,2038824385.067187,4751033722.819345
109012408,117,个,.4124312916273077,1954698329.248249,4739452046.753538
107050601,204,PCS,.6193988057477232,2930507149.851954,4731212140.963553
109050902,92,个,.5481315724625667,2590478201.693262,4726015306.972984
107060102,180,公斤,.272310183738759,1273780582.122131,4677682503.949737
109030502,23,台,.9677169865181472,4517979027.033203,4668698689.778015
108030603,48,吨,.7024092390993006,3267595540.946289,4651982575.195518
109042301,93,个,.9766269179038799,4491597161.87361,4599092119.551506
107020214,60,吨,.6781960764069564,3113277396.91153,4590526995.386781
105020199,121,个,.4863825511831085,2227536689.020634,4579803867.556986
107022303,67,个,.8309701694270332,3798851891.211388,4571586358.907149
304030199,94,UNKNOWN,.4903833895090808,2221242900.019272,4529604687.962498
109040601,56,只,.429679055967148,1941736626.071716,4519039499.612417
109040901,87,kg,.6264294783915786,2828591228.611877,4515418456.798319
109041301,100,个,.4300497011232998,1933880739.247825,4496877300.917739
102050101,63,吨,.9754047907418728,4341566016.251055,4451040283.438581
103010402,32,kg,.4218231662460631,1872127878.287109,4438181750.300163
304080101,109,UNKNOWN,.6058920676562135,2680395600.853638,4423882971.801025
109041705,52,个,.9153089208949009,4038017559.185798,4411644491.826665
105010302,54,张,.835437627770622,3679266278.533043,4403998762.123297
108030400,28,吨,.939335410372238,4121189400.54248,4387345941.647556
108042200,67,个,.5754096328862203,2478479066.924817,4307329813.880443
109030504,29,辆,.8350949464770561,3589166804,4297914649.275885
109024506,55,盒,.8382024679238679,3591152256.925721,4284349419.562789
109051603,96,个,.3336036899139336,1426953563.405877,4277391427.456984
106010511,70,吨,.5645436003662164,2412665301.530762,4273656277.328586
104020111,48,件,.9665994758440412,4124143625.270329,4266652039.79042
109040501,127,KW/H,.8338732212393656,3553556480,4261506892.76055
304060100,87,项,.3378086403568057,1427282631.013672,4225121742.019754
107030301,257,kg,.5592243301940283,2357440926.908531,4215555010.080828
107030407,43,瓶,.658522802928297,2752578999.62635,4179929665.892016
104020122,34,件,.8680225248544116,3626925264.221111,4178376897.338505
109012403,84,台,.5836469363723862,2435133122.080109,4172270888.999258
107059900,214,吨,.2852666634122036,1180288960.940186,4137493483.543487
109024901,91,套,.5526871638111622,2284984989.539444,4134318904.356099
109041904,24,个,.9780194334837953,4023756558.691185,4114188758.354416
109040806,198,台,.3050215357416678,1239249178.170006,4062825187.594506
109062202,40,个,.9649579131159545,3917970961.511977,4060250616.382243
109013105,215,件,.2880122721033338,1168063525.049068,4055603313.424046
109024211,59,件,.8287202610329921,3323075057.177094,4009887550.033966
104020112,38,件,.9150504925530573,3663953953.121946,4004100301.502761
103030199,64,吨,.8347505364683141,3327233121.608398,3985901148.006864
108041501,106,条,.5148002660155433,2027641751.480853,3938696005.684723
109013701,96,件,.3737278509351207,1470848949.48741,3935615035.933593
101020401,61,吨,.9789163904047931,3845021860.280029,3927834795.666327
109030300,105,辆,.2293580016814135,897785914.9155273,3914343115.713853
109062501,40,个,.9255796124875998,3620352927.952271,3911444114.701449
109012301,161,套,.7148617941160772,2792703000.907251,3906633455.436534
108031801,31,吨,.5703233215021326,2224941264.451172,3901192850.734322
103030702,130,箱,.6687999819284003,2606019041.196823,3896559676.456175
107022401,76,个,.6544587102702694,2542273675.89524,3884544030.050982
107030404,139,盒,.8736781211133294,3385680925.655101,3875203972.534784
109041702,35,个,.5625559243043525,2177991246.102257,3871599519.275395
108012701,70,吨,.7762732156396597,2978240882.620137,3836588487.941099
106030103,100,套,.4316159582691715,1641257211.601933,3802586952.955953
104030201,49,平方英尺,.5377978000039385,2030616007.116821,3775798277.906586
101010102,92,吨,.4870301112299237,1837904597.017578,3773698082.806867
107030408,107,盒,.8757993941753435,3287459820.320988,3753667611.766818
104011101,113,千克,.2372630826285327,880788692.6456299,3712287149.301787
109040403,45,台,.8184106024386085,2999719822.599872,3665299317.557277
104020114,34,条,.6405526490509755,2340880080.350815,3654469439.505083
109021199,154,套,.4819273512256934,1743670244.870103,3618118457.969648
107021599,115,公斤,.2707152568574878,974451585.6755371,3599544395.787475
107030206,152,盒,.882574832647596,3172089572.447013,3594131007.487723
304040799,77,UNKNOWN,.5762137343623055,2060100592.951584,3575236878.432779
104010404,93,米,.5085328891127306,1814458966.670397,3568026779.617338
109051800,65,个,.3600901311722263,1283452779.671412,3564254247.938701
104020101,54,件,.7280058616353818,2593540791.484146,3562527347.86785
105010101,90,立方米,.7815816678680532,2777873870.929688,3554169685.820534
103030705,107,箱,.911402429015248,3202386312.641039,3513690781.031989
109030103,26,辆,.5841710944657701,2044383793.25,3499631893.152139
103030703,101,件,.7423575588383517,2584952626.041706,3482085681.307893
108041600,156,套,.3838532785632515,1336012989.34342,3480530358.745578
501990000,81,UNKNOWN,.4591307563273121,1594326918.459452,3472489909.438486
103010401,35,个,.4019814775684782,1392916679.529029,3465126522.63124
301010201,53,吨,.4230816855767585,1463554120.862793,3459270799.840057
108041201,131,吨,.7219892528868015,2495002657.665947,3455733790.620746
109025310,105,台,.562018297680668,1933272268.167236,3439874246.34651
109013103,76,台,.7733474825540398,2630713816.942245,3401722868.811973
108032402,24,吨,.9590880316367008,3257116158.40625,3396055472.455353
106010201,65,吨,.8038372357051299,2711541343.795349,3373246751.149531
109052203,54,个,.8358658470573457,2808806785.581482,3360355965.577309
104010507,67,个,.7800886897642331,2615845076.667223,3353266251.633276
108041102,80,吨,.3539738391893739,1179552905.463257,3332316614.59649
102059900,58,吨,.9046674336525792,3000725746.285156,3316937953.839874
104030302,59,个,.849355999440752,2813884887.730914,3312962867.847736
105020299,115,套,.3519908438385456,1157386853.912017,3288116364.875951
103020303,198,箱,.6317929022991121,2076902615.938919,3287315524.408413
107021308,102,公斤,.3973137864148323,1302575161.796387,3278454476.876314
103030901,43,吨,.6091792268964421,1978830403.29541,3248355025.789156
109012701,88,台,.5883499153238374,1901104950.201553,3231248786.965754
103011201,49,吨,.8089511327731157,2608866364.03418,3224998715.424114
109020602,67,吨,.5126145747397265,1648048622.433594,3214985885.390343
107020102,76,吨,.8976798293894273,2848072956.021973,3172704635.637341
104019999,131,米,.305547051507998,969230625.1659832,3172115785.056471
109051103,103,个,.5407590775881669,1714760706.822601,3171025282.590881
304020103,101,UNKNOWN,.466899500488193,1480176384.068034,3170224818.232516
103020602,127,箱,.8470029111544981,2662568653.162754,3143517711.802866
104020113,30,条,.6260526798907664,1958232687.536496,3127904009.416857
109040399,66,件,.585161828253921,1820118554.334991,3110453324.964973
107022304,63,个,.7936603351595181,2468221489.442738,3109921688.283249
110020202,21,立方米,.4298122647383719,1333807263.522949,3103232208.449989
109011903,159,件,.3541012815504787,1098521469.731324,3102280412.319618
102050502,19,吨,.9237469908568569,2860502458.761719,3096629799.14917
109042001,52,个,.8999318076884464,2782852315.545843,3092292429.016197
107030401,140,盒,.7774712189450728,2400490219.105793,3087561520.750499
108040301,290,件,.2194259950902459,673684235.5037959,3070211600.164884
107021307,178,吨,.3156700874466091,961037658.2757568,3044436886.780734
109040101,71,台,.8138652519472869,2474079708.040474,3039913182.336868
109040406,84,台,.2631535900321686,794969477.8078232,3020933431.729523
109031300,178,件,.4823673085344256,1455904128.931602,3018247926.782329
104011201,83,米,.4027274893830831,1207735649.91588,2998890519.656223
109023209,59,SH,.3130456885238995,935065408,2986993407.924263
102020300,29,吨,.8490036139672985,2519583259.569824,2967694386.830811
107060299,112,吨,.2242820621681189,665446750.734375,2967008347.888137
107021101,62,公斤,.3902378918592004,1143493227.171814,2930246526.609445
304030302,53,UNKNOWN,.8043082307395337,2353767470.584351,2926449563.272705
103021199,85,公斤,.3201439137322265,936804367.5316238,2926197648.458755
108019901,99,吨,.7418209835479311,2165249599.023621,2918830347.273019
106020101,83,UNKNOWN,.2813972240586709,821036984.58391,2917715294.919629
109060102,109,套,.46226077425846,1346117402.510422,2912030346.225697
104020124,50,件,.5852198065200258,1703598432.252203,2911040284.816312
107020211,21,吨,.9255659103382382,2668050897.147461,2882615778.461904
303020300,43,UNKNOWN,.7189692302539864,2063735007.762939,2870407968.688583
108030601,61,吨,.6780765160752572,1925750288.055176,2840019145.924004
110020203,25,吨,.7831214806503802,2223381473.1875,2839127170.079651
107010203,51,吨,.8414024952305963,2388017054.762695,2838138784.112152
304040702,57,吨,.5848344783347654,1659159282.080353,2836972414.493375
109010503,62,台,.9449671531018562,2660546830.177454,2815491333.687318
102050404,73,吨,.4214694172603535,1183983517.279247,2809180141.646832
101011501,113,KG,.1752029425889583,489777526.6144767,2795486875.831409
101010399,60,吨,.7378590670796511,2044771502.407227,2771222301.977209
103030799,94,个,.4326676686345459,1183904401.970512,2736290432.115696
107040403,27,吨,.5522926182551904,1508389595.046875,2731142052.581108
109011401,67,条,.351107592359716,953887366.2052917,2716795042.210358
107030202,36,支,.6083741139132355,1641116090.442596,2697544246.066734
104020402,46,双,.910498438992571,2455133406.798424,2696471846.250421
109030400,109,个,.240273911070242,644362758.3299561,2681784116.551805
104010699,166,米,.3386165769051222,905446672.1820107,2673958494.464699
301010299,80,UNKNOWN,.5226632206171836,1397072653.496582,2672988261.632141
109052000,93,个,.7066346595687696,1879132444.507307,2659270132.11334
104010401,26,kg,.3168796925564736,833900724.9633789,2631600397.727484
103010101,60,公斤,.4004931514637021,1047012130.280403,2614307202.142749
108010306,26,米,.9337966758944126,2431534327.445313,2603922663.481674
104010103,103,吨,.4082713456545856,1060565442.358398,2597697471.660626
103011107,68,个,.7618431180922578,1975992823.937963,2593700431.246363
106010399,110,吨,.524232890699634,1348050733.639648,2571473018.109487
304060299,60,UNKNOWN,.4962347622003624,1270104473.595986,2559483072.012521
104020115,25,件,.7775317922014965,1990020898.897453,2559407755.228794
109030106,20,列,.5586521126213582,1424419968,2549744171.406078
109010900,202,套,.3031140518940446,771973850.7662067,2546809842.507912
304080400,45,UNKNOWN,.7579018272392424,1925242367.395508,2540226581.071136
108031101,19,克,.728647861248929,1849701783.874023,2538540057.886902
109041306,67,片,.5875778150525248,1490281513.850098,2536313447.63566
108040201,121,樘,.2950619618080214,745753002.7699738,2527445415.872308
107050200,246,米,.5164757276753043,1303056449.112071,2522977129.975158
106010305,52,吨,.2840583920410335,715585133.6113281,2519148012.032536
109042409,176,个,.2819870402137426,707467528.0755746,2508865398.705285
103020101,158,盒,.2945059788006541,725483815.7497659,2463392487.664344
108010201,73,吨,.9749035832862848,2396422032.018677,2458111830.85472
107021406,70,吨,.3730237582300833,914245320.081543,2450903729.079988
103010604,33,吨,.9540151583536345,2322705649.90625,2434663254.108662
109052202,37,个,.9024297667844429,2174431875.759972,2409530310.051666
304030401,61,UNKNOWN,.7584678653911721,1825867072.723816,2407309730.626681
103021002,35,吨,.9864934792660331,2372439416.406921,2404921539.037495
109042107,33,个,.7603186413054973,1827282706.666016,2403311726.68409
304040202,24,吨,.6654480858338161,1599207724.158203,2403204334.346191
104010599,55,个,.5205785591979217,1240982801.773394,2383853080.091178
107010106,129,个,.5302515820649614,1263111970.344684,2382099390.304016
108012702,44,吨,.9914480844500341,2356055736.628906,2376378323.365094
107030699,81,支,.2687543613069827,638309667.3798828,2375067196.21483
109041707,37,台,.5870774210919971,1392709740.821518,2372276110.075907
109041102,195,米,.3637027595864409,861867878.344799,2369703983.892813
109042402,91,套,.4511581233449641,1060353045.350503,2350291373.429924
109021105,80,套,.456977475122341,1063782386.358206,2327866129.667358
109041502,35,个,.9419778084443186,2189223001.700485,2324070675.630882
103030600,75,瓶,.6461367828671947,1500420754.022565,2322141060.232687
108040203,100,千克,.3889667420077256,900661738.8897066,2315523775.222453
304030102,89,UNKNOWN,.471153846029661,1089289109.297058,2311960559.11742
304080399,37,UNKNOWN,.4240116461644712,977890472.2712402,2306282105.968201
107030101,70,千克,.3973024871782911,910687469.9257813,2292176614.331404
109051602,41,粒,.3901664031714008,893144567,2289137557.053164
108011600,96,平方米,.2139758314137486,489131932.947876,2285921403.908834
107021507,161,公斤,.2015253993529291,460258686.8085419,2283874331.902432
303020200,33,UNKNOWN,.7404437150685144,1690317188.19873,2282843589.32309
110030101,89,吨,.605042694725459,1370535358.248804,2265187845.744821
109040204,94,台,.5908799614613768,1330027209.371323,2250926239.03148
107020120,45,吨,.8710322304037063,1950453678.137695,2239243979.793605
109061907,16,SH,.6189341339611735,1380155264,2229890368.409668
107040499,37,吨,.9521280998660656,2121888449.774902,2228574547.976669
304050101,77,UNKNOWN,.5985301520760804,1328373574.522417,2219392907.63344
109041799,68,台,.5363966304148606,1189269558.042084,2217145840.611037
107040201,33,吨,.8485314806684155,1870751855.71875,2204693518.554077
107040305,30,吨,.9313537407429894,2048402558.203125,2199381898.191559
501010100,26,UNKNOWN,.5122248583646937,1123987614.84375,2194324614.451831
108031802,14,吨,.9938901370508487,2179087534.75,2192483307.275757
107010112,53,吨,.969438920680032,2121719145.128448,2188605284.838499
108010403,84,平方米,.1652400972057894,360308400.7817383,2180514335.651906
109025601,70,台,.4353960670468598,948634074.5174561,2178784206.645943
104030399,50,个,.943681622294217,2055160760.472254,2177811575.344534
107020122,40,吨,.5737400241997664,1243284891.040985,2166983021.230003
109040302,57,台,.7442455935711136,1609869723.50119,2163089358.415348
109010802,67,台,.856588084304224,1841301335.899492,2149576172.770505
304020500,54,UNKNOWN,.6533109643988738,1402461518.90976,2146698272.851116
109011504,115,台,.2699397099905126,578896005.3189087,2144538146.459648
101011199,50,箱,.5521547462693539,1182853574.635254,2142250125.761358
109031600,45,辆,.6552268686986452,1401277018.254303,2138613486.710943
108010801,47,吨,.8125467330284537,1737124035.121094,2137875847.025605
304010401,41,项,.4109454658801935,878056765.2304688,2136674663.996552
109013602,110,件,.3142178859296921,664029444.9171219,2113277043.260682
304030402,61,UNKNOWN,.5495134945911897,1159848392.278198,2110682273.855835
107021413,57,吨,.8479510249235032,1780381218.532471,2099627415.03035
304020400,26,次,.7698186106155532,1615094166.071777,2098019122.687012
103020604,435,箱,.3184714224315893,667429600.6142197,2095728387.552858
108012104,85,套,.5822395536419321,1217550912.117861,2091151149.903902
109024201,39,套,.6130952606246762,1280957714.587341,2089329011.093948
107030104,33,kg,.6988388687032545,1456163308.13501,2083689636.263399
108011300,63,个,.529053575745733,1100202361.853611,2079567008.507237
104030702,21,公斤,.6406052038655469,1329654507.988281,2075622395.767105
105020104,132,个,.2995759439744468,621559379.2376738,2074797365.207306
109020108,124,件,.2739746947201928,561126447.3460712,2048095894.108554
105010401,57,立方米,.7176516987835885,1462043812.419601,2037260992.899131
103030704,102,箱,.4107241443529723,836264436.5662918,2036073233.249259
103020103,132,个,.4221581373571349,858803335.3862903,2034316668.06831
107021411,93,吨,.7351333443772322,1487238545.201416,2023086772.728734
103010203,85,吨,.793013231188235,1602127947.90625,2020304182.700274
104020118,45,件,.6441137123178435,1286604896.748634,1997480991.5454
107021399,74,吨,.7184282354604287,1432117536.834961,1993403747.441998
107020302,45,吨,.6430721944419818,1281298391.108887,1992464302.115749
103010901,64,千克,.4927607750606094,976185525.8340836,1981053637.465387
109060801,39,个,.6711760102906071,1326531199.61338,1976428208.509741
109011001,113,台,.8114358019560619,1597866621.13533,1969184274.693677
107020110,33,吨,.9414416638498677,1840097455.77832,1954552816.638208
106040805,34,个,.9332115471275464,1815936854.973213,1945900541.589656
109060301,48,只,.884131093251145,1714192931.110588,1938844752.995987
501020200,31,平方米,.5959993635730575,1155541482.125,1938830060.484375
108010902,96,吨,.4660211455554112,896097543.2236328,1922868847.840906
103010801,77,袋,.5074601512449429,970593851.8406105,1912650381.432848
104011306,59,双,.5447306992991424,1040161550.262209,1909496842.385594
109023210,95,个,.2588787391454629,494066795.6525688,1908487337.675709
103020201,106,箱,.5702110348507292,1087925736.621817,1907935255.771779
109051099,107,台,.3545054848292143,671431839.5493317,1893995631.330779
102040105,20,吨,.9903818289729233,1872199557.09375,1890381570.34375
109051202,68,个,.649738778199768,1218881146.304646,1875955672.034538
107021203,138,KG,.3878821832691423,725455321.8444901,1870298129.525361
107021809,84,片,.5732032307023937,1069142713.243042,1865207060.910896
109030803,55,辆,.7904970755076198,1473112265.25,1863526521.3398
109012101,250,个,.3447507226743114,637999838.5038176,1850612040.939913
104010602,83,条,.4806827786945809,888406160.469545,1848217160.769194
107050804,88,个,.7816371178375526,1444231841.457355,1847701201.105842
304080199,52,UNKNOWN,.5661038987036122,1043482677.846954,1843270608.516472
109024507,110,套,.4002773196328093,730528266.3280334,1825055356.6167
107050602,127,个,.4132089753513342,753962922.9487462,1824652821.995658
102020102,58,吨,.9746981746992932,1764595124.375488,1810401589.107201
107030405,20,瓶,.7414730226172518,1331703806.539709,1796024623.848162
304060201,27,UNKNOWN,.6224950689028301,1114711818.765625,1790715901.943359
109042403,51,个,.8821165367972201,1575556295.05394,1786109010.918732
109041403,34,台,.5038529245377737,899090949.810154,1784431341.020725
501029900,52,UNKNOWN,.5697088767193041,1004659688.524017,1763461531.98349
304040301,22,UNKNOWN,.7347419902824854,1281083054.884766,1743582198.6875
103020104,100,箱,.6585343133975738,1147946185.793495,1743183555.418548
104011204,49,公斤,.4912888637012323,849148380.7607422,1728409584.462177
109010804,51,套,.5371282173047514,920965739.8098145,1714610609.04809
107030499,87,瓶,.4481151935122977,763339943.7785826,1703445798.825909
106040199,213,个,.8405510500077745,1423631851.161114,1693688742.816925
106010199,96,吨,.8152003118000655,1370990395.25415,1681783452.985721
109060307,81,台,.5122426577277368,860636259.6220732,1680133910.439594
106040201,176,个,.6054628852677747,1012180376.708881,1671746363.546677
109024204,41,套,.5944847354558143,993472186.4361572,1671148352.824272
108020300,52,吨,.6552314771031343,1094679377.56189,1670675808.191653
107060104,223,只,.502406638070378,837499375.202862,1666975138.743178
109020305,29,台,.9591736598532058,1595239243.890259,1663139127.626167
108011501,58,个,.9605614102346668,1587054662.064635,1652215720.051584
110010201,36,吉焦,.4316276644922095,702616033.9375,1627829010.367294
109020699,61,套,.4708447678616058,765106058.3962555,1624964554.39246
501019900,26,栋,.6253649523201364,1014388991.125,1622075217.617432
109010803,56,台,.6667576423111323,1077503165.206211,1616034218.177601
102040199,40,吨,.8735185856859212,1405191439.082375,1608656601.140275
107020113,38,吨,.7273317375943383,1169029777.636597,1607285530.400724
109011402,49,台,.7899176310308179,1268805473.19809,1606250352.384638
109012002,64,台,.4074737216007587,653982345.846344,1604968151.755105
107021002,44,公斤,.5890748014000696,943401118.4971008,1601496306.165014
105010504,74,平方米,.6804063308279383,1084542592.768768,1593963112.378842
102050603,15,吨,.9484056207358971,1508709487.618652,1590785055.078014
109030699,38,台,.6066167799863662,959577772.4033203,1581851679.778603
109041002,61,KM,.5987012861217321,939132185.5351563,1568615614.004553
109031201,16,辆,.6956487206448138,1088782742.104736,1565132961.209958
109032103,45,套,.9318551496744719,1456385388.894531,1562888169.264606
104030301,56,个,.866468557951135,1352723331.605742,1561191481.43634
304040703,41,吨,.5008934346662088,776044569.6933594,1549320705.731567
103020302,77,件,.21097171314933,326697418.0698738,1548536593.806919
107020115,61,吨,.8907068440863668,1378578579.142944,1547735473.568755
109020603,43,吨,.4327830482352835,668836211.6593933,1545430705.723434
107021702,23,吨,.6520603862804314,1004269117.808594,1540147414.164013
107021502,63,公斤,.3693787825979742,567606539.032547,1536651713.020346
103030801,76,吨,.2401130613229484,366490264.0859375,1526323732.939349
109024902,75,套,.5277437740352175,803578328.4751587,1522667567.12422
109024599,75,个,.4416511573030468,672127567.2684021,1521851706.158238
304040901,103,UNKNOWN,.5273693731592631,797822298.5761719,1512833962.648857
103021001,39,吨,.8674213747509465,1310042755.521942,1510272623.726941
107022500,60,公斤,.5806425695737744,874911672.7079859,1506799050.834702
301050602,31,UNKNOWN,.5611468823472264,844722996.4594116,1505350957.179005
107022203,56,吨,.4531295769091027,682036217.6218262,1505168173.470702
108040202,79,平方米,.4420540531190117,665202830.5839844,1504799754.442916
108040103,70,平方米,.5683568644931103,852206591.5384521,1499421657.022641
109021107,114,套,.4925851609568531,737657352.6168594,1497522481.562275
107020210,38,吨,.970706586916212,1439458790.859863,1482897932.559422
104011203,66,件,.4358224305755588,645576203.1590576,1481282646.022813
107022101,150,公斤,.3518688349008881,520776009.6302032,1480028800.438924
109013202,140,台,.7267507393266026,1074061929.756981,1477895888.695197
107021403,58,吨,.627052353308216,922198641.0207214,1470688430.009658
109042002,31,个,.9660041094236854,1416900895.937904,1466764874.098954
108010503,55,立方米,.3266419305141446,478704335.7612305,1465532410.391204
105010599,84,立方米,.5286180645092475,774546096.5593262,1465228202.669144
101010105,98,吨,.6872854707896811,1005920793.732788,1463614227.981569
101030305,34,公斤,.697515107959698,1013032098.1875,1452344310.004583
109020199,90,台,.4919445607714881,714181536.4486084,1451752074.112983
109050404,80,个,.3599339977925357,520964363.8622141,1447388596.401765
102040107,31,吨,.982874899351727,1422193490.09375,1446973049.19658
106051204,195,个,.8398216600705327,1214702106.892495,1446381017.120322
107030204,21,袋,.5034832428329669,726065577.1611328,1442084890.602821
101020202,77,立方米,.4263904908560937,612458358.6989746,1436379027.75294
104020110,29,件,.7637215389027271,1096836772.388098,1436173679.17104
104011102,147,米,.1492927309325664,212766417.8270226,1425162608.373253
108011002,69,平方米,.5743604248212786,813595520.8373718,1416524338.511894
108012101,60,个,.733813555676794,1036378935.5821,1412319147.778963
107020220,25,吨,.9199470159661646,1294739133.640625,1407406199.672096
102040301,18,千克,.6768130873741182,952149204,1406812636.697266
106010507,161,张,.1662334484509435,233513047.3687211,1404729610.946092
107030207,92,盒,.902129318624888,1265349402.37279,1402625295.785262
305030000,109,UNKNOWN,.5023697272485056,704534325.600893,1402421936.249322
307010100,71,UNKNOWN,.5121498459401137,717720520.3921127,1401387750.248463
109011004,204,套,.2381204191632211,333442460.5708442,1400310236.907
107020303,26,KG,.6156784827721868,860779633.5500031,1398099263.879112
109060299,113,台,.337456144191645,470382317.4568176,1393906513.640725
107050402,192,卷,.3372303306759962,468799119.2528732,1390145181.523679
108041404,282,个,.235212504318353,326878404.1713163,1389715249.69989
304040903,47,UNKNOWN,.5513641929529056,765791259.9661913,1388902779.240872
201020000,99,吨,.6554398683166708,910189475.6225586,1388669685.230083
109011704,132,件,.3450690883232199,478468887.8556397,1386588668.89713
109013604,48,件,.3996470102094397,551111596.6265869,1378995920.269166
109012402,85,件,.5909371753730285,809785556.639326,1370341197.65464
109010299,78,台,.7702376944945045,1054918812.774475,1369601644.161031
108020404,90,吨,.5360009318544733,729252062.3292236,1360542527.055193
107020901,96,公斤,.559723597414111,759846693.9510803,1357539145.145078
102050299,69,平方米,.3446889918200203,467253484.2871094,1355579944.169167
109020901,44,台,.943400950541194,1276608758.906479,1353198508.199654
109062601,45,台,.7070797949371433,952518030.071167,1347115328.271885
109050304,67,套,.6351066910971878,852956280.3549347,1343012587.194441
109050102,39,套,.3860580818507373,507385685.3948975,1314272927.43756
107020215,33,吨,.5815111399399135,760240946.0800781,1307354053.713627
107020404,14,吨,.9902410265782001,1289429310.9375,1302136829.649597
109050601,121,台,.4923700494552988,640294439.689621,1300433363.885493
109040805,70,套,.4427007869225532,575370134.8029556,1299681753.002196
107021506,88,吨,.4756022094369418,617843594.001709,1299076374.630733
109032106,101,套,.3054323799259956,396232320.4922485,1297283282.762139
109052299,41,个,.4975108726534094,644036669.5773315,1294517778.360191
306030202,22,份,.4957480626586197,638554089.84375,1288061694.924805
106010502,261,个,.2895199767328789,371062352.1961787,1281646801.659333
106040109,179,米,.315363340284149,403989928.1536698,1281030089.894616
109022818,116,件,.2495339304250616,318072012.374176,1274664378.637267
106010302,137,箱,.3152653777500214,401472420.6691818,1273442785.041608
103030701,77,箱,.8125061012967034,1033277280.554619,1271716334.075006
307059900,107,UNKNOWN,.4694572272017958,592451747.8974228,1261993028.478307
106040801,27,个,.6522605857160729,818039627.2622681,1254160752.890193
303010200,23,UNKNOWN,.4943816232763548,619510882.324707,1253102569.264404
109023001,125,台,.5146876886462836,644090818.1403809,1251420681.606839
106040604,58,个,.7387303258718799,919248189.28582,1244362329.651061
109023201,75,台,.3412502580263253,419996935.7996216,1230759320.824371
107020107,44,吨,.7809807761813933,958147368.8288574,1226851413.057464
104020102,43,件,.4440659105130425,544457635.6945152,1226073929.12797
108030500,17,吨,.983845559774662,1205960636.556641,1225762137.741264
108042300,72,个,.439831902149445,537996131.7905858,1223185787.937199
109012003,123,只,.3661551004191613,446905078.2052293,1220534898.171918
104030601,28,平方英尺,.6501996370551203,792100012.59375,1218241240.769257
104011202,33,米,.6037451092852208,732343409.9782715,1213000981.234116
201030000,82,吨,.5200547918211333,628377333.3280029,1208290632.46883
105010604,96,个,.4219542020226459,507748505.9481506,1203326103.909495
107030406,69,盒,.9270841347889346,1112785525.474512,1200306944.879232
106040806,68,个,.5226985227247961,624371458.3473682,1194515444.758782
107010202,60,吨,.794713667179342,949133104.5214844,1194308269.405029
306019900,36,UNKNOWN,.8915178580905412,1061661923.614624,1190847624.621338
401020000,59,UNKNOWN,.3291552316248013,391280612.9545312,1188741892.459257
108031901,19,吨,.8025965994318915,946220352.5,1178948868.17334
106050999,26,个,.886774348114879,1042368681.241478,1175461021.687608
109020601,35,吨,.3947530227952202,462600636.75,1171873576.735031
109051905,72,个,.1896373526731567,222104236.6743374,1171205110.931589
106050902,37,克拉,.7801359882238974,908532504.9921875,1164582225.030542
108032499,18,吨,.6990158080039519,810754032,1159850782.65271
307020102,52,UNKNOWN,.4155754960708347,479423678.0870361,1153637985.44397
108010399,70,吨,.5310420939352078,610245631.2617188,1149147380.652228
107021407,32,吨,.654469332601489,750644659.15625,1146951616.773956
107020240,9,吨,.9996873519023948,1146367662,1146726183.759827
101010199,91,吨,.291562073451273,334285656.4257813,1146533403.569201
109010301,32,台,.4399430967012804,502268613.7070313,1141667223.495655
109042199,55,个,.7169336613847701,815225574.9744568,1137100430.463586
109042501,83,个,.7509464203039973,852135307.5063381,1134748478.009094
109020105,35,台,.7968210770513731,899673143.0314026,1129077993.720538
109061906,36,SH,.6663046671701183,749412944,1124730143.618614
109051501,49,个,.5740435750750804,644966119.542091,1123549060.6401
109050103,27,套,.8065960420734062,901765058.996582,1117988450.17704
107020802,105,公斤,.3940900403737108,439363177.6857758,1114880186.439457
109011902,74,套,.3684941454866395,409975618.8503799,1112570237.198638
107030710,364,支,.4564466480955108,507261695.3344231,1111327462.806298
105020106,88,个,.472508969438191,524728062.0021887,1110514500.129142
104030502,58,米,.4566529969223866,506041347.3901367,1108152909.978918
109013703,27,个,.9390276372008021,1032666512.59358,1099718977.03875
106040603,91,个,.6267139173925669,687639635.8528172,1097214561.172873
104020120,17,件,.9742794745793883,1068176093.698769,1096375446.234169
105010602,88,只,.3513850079820429,384450756.2305679,1094101192.41688
109042699,76,套,.3894596013547398,425796140.471283,1093299892.954612
109051305,46,张,.8499481264595543,929189982.3165436,1093231402.47049
109062001,67,副,.3558636396284741,385997977.3063178,1084679451.121515
103030301,44,包,.5434983646267824,586985834.8647461,1080013985.447456
107030399,62,KG,.7959402291437758,857225160.0900879,1076996900.900761
108042600,189,吨,.2708049328065762,291485343.8359375,1076366448.77563
106050204,35,件,.3772308729728793,404550276.7651367,1072420911.833008
109010304,62,套,.3130467288590095,333636903.4611511,1065773485.885601
107022201,123,个,.4115726315324612,438354908.0164666,1065073025.833335
104030501,31,个,.9529178644731553,1014288216.133572,1064402561.803526
109024100,73,件,.6909475860187089,734961171.1196556,1063700324.006567
109022202,57,台,.6694379758984874,711167684.3195801,1062335436.475777
108042700,115,条,.3830673403386964,406636995.0281336,1061528750.189451
109041905,27,个,.8655275069239453,908682384.5690613,1049859625.834986
109011302,83,台,.9275618070368892,973044111.449707,1049034257.413112
109031401,34,辆,.5505279510902064,576038034.0052414,1046337489.067572
106020103,164,张,.1464754933628387,152560632.901166,1041543738.127262
104020108,23,件,.8027716802309121,834398243.2747498,1039396709.952126
109013101,77,台,.4671224486471378,483277476.7347565,1034584139.842575
306030199,18,份,.3171102736451556,327768971.7678223,1033611960.912354
109011201,57,台,.7758980800964471,796111541.3027344,1026051696.382307
108032202,13,千克,.872264561442793,894631868.28125,1025642801.30957
103010301,57,吨,.6504449852653569,665261022.4921875,1022778309.561086
109013699,67,件,.2169478145777797,220603302.8439057,1016849620.141324
109012004,61,个,.5200778816617765,528381380.1721802,1015965875.118303
109060203,82,台,.4724775190972998,479673019.1164246,1015229296.05809
109040804,100,件,.3401239487370085,344372407.7109253,1012490913.943851
108041301,126,吨,.2805776436228485,283572196.9283752,1010672815.078424
105010201,78,立方米,.2816172098793993,284092944.7070313,1008791134.706193
102050102,64,吨,.9191341380099401,924654599.7201843,1006006154.57739
105010399,71,张,.5196776485897322,522191067.649353,1004836496.367395
107060114,68,千克,.362167783662641,363680091.8408203,1004175711.497266
101010302,40,吨,.7137307012715165,716500725.609375,1003881049.719346
108031403,30,KG,.3024558838496885,303007171.2949829,1001822703.656075
101020299,71,立方米,.5944686737615476,591740384.5751953,995410541.7042603
107020225,26,吨,.8412893237427922,837334276.7597656,995298826.6088638
109040405,43,个,.5321792595091501,528755270.5158847,993566098.392441
109050302,45,个,.775010696499566,769623466.5344734,993048831.4684885
102049999,35,吨,.8786873956252611,863412153.046875,982615839.6553345
105020107,99,件,.2737297161587379,266248257.6475906,972668446.0272167
109020605,52,套,.4552107868203626,441758209.0046387,970447585.5906448
109051604,49,台,.6282620585945207,609459224.8382874,970071670.7319603
108042100,78,个,.6440171748176127,624446805.3537865,969612037.9563346
104020403,62,双,.8999276769499998,865760574.2728615,962033501.6332245
107050803,120,件,.2914312561178544,280170413.0638642,961360208.2220161
109030801,55,套,.3168698882951506,304530192.3196106,961057530.4522276
107030213,69,瓶,.5109985380163213,491069084.7870789,960999001.4714956
108010501,50,块,.4018107052319703,385160006.6792374,958560838.8827763
106010508,48,只,.5288178844090773,506627473.7010741,958037707.5695925
106041001,26,个,.9583841180821192,915120959.919241,954858227.1485729
107010110,46,吨,.9635766249216731,919688471.6132813,954452866.3592691
107060399,83,个,.2607763719284084,247006319.724123,947195936.1100945
104030403,41,个,.8288444672351625,778718443.4247332,939523003.6611834
109060904,30,套,.6596587669076286,616904475.6503906,935187261.3507996
108031003,13,吨,.6758106741725571,628608889.875,930155314.0524902
108041103,54,kg,.3136219061863171,289306740.6381836,922469811.3604083
109020702,37,台,.7415969575038514,682715553.1525879,920601879.8277531
304070102,18,UNKNOWN,.5418936428098667,498698887.3564453,920289237.5163422
108040412,3171,千克,.2027615962488955,185617816.4829712,915448585.5157707
108042400,157,个,.3268646067483128,298375777.9572139,912842111.9848089
107040301,49,公斤,.5262588925955527,479752356.0183258,911628027.1334651
304040101,24,UNKNOWN,.8898095924450515,810750434.859375,911150477.2965698
106051205,65,个,.4591232138043489,417139089.6608219,908555867.1807474
101040100,59,千克,.2498912967324187,224113335.0375977,896843299.3389766
109020102,56,台,.7199839468182653,642619444.4240112,892546906.4468155
109060206,70,台,.3862457031794385,344547356.3597412,892041914.0550919
104020501,64,个,.7775724562374284,689718474.964227,887015054.907789
303010100,29,月,.2927066072153006,259412448.6524658,886254161.1903377
108030700,23,吨,.7872179741801566,697253453.7050781,885718411.6397095
109062503,49,个,.9102649552977432,804243912.7303457,883527271.9768515
109024503,69,支,.5121251683102853,451571120.818326,881759282.2243977
104020404,43,双,.576767289277881,507279930.1251516,879522711.4219179
107020602,37,千克,.7414251010658591,650394111.1503906,877221596.9157181
307030100,33,UNKNOWN,.9748650005773167,854331429.4042969,876358704.9472084
107060306,87,KWH,.3022469780563174,263968417.5625,873353372.3315341
104010202,45,公斤,.5435850315866355,470622686.9082031,865775655.2540321
109040307,61,只,.2411207136464626,208630856.5241852,865254806.8934679
103030902,58,批,.3145653055188842,271947736.3476563,864519168.4412587
108020701,57,吨,.7664941412076992,662336141.7870483,864111160.384686
301010101,48,UNKNOWN,.7659307805941238,661384667.9179688,863504489.7985954
107021902,58,吨,.7927990607415765,681663037.8956909,859818170.3924699
109024701,145,件,.3980489994002976,341031233.8142567,856756917.6861539
104020116,19,件,.9545791514289284,817314646.2425842,856204166.0129805
106020299,68,枚,.5502817592286446,469964147.71875,854042751.4397722
109041903,14,个,.9385628334899536,801287820.7653656,853739134.1034203
105010803,87,个,.2354838874231645,200786723.2321482,852655888.3892317
107021412,91,支,.5344766040390898,455310322.4366455,851880735.2760115
109050299,62,台,.6375902808448916,543087498.2690277,851781331.3423862
109042408,79,件,.2764179688064841,234489636.5525208,848315460.6952608
107020103,45,吨,.8530599177355862,722056347.1550293,846430985.8464565
109062002,44,盒,.701590041104076,593423407.605319,845826441.1385635
107030501,38,公斤,.316766186285983,267065227.1875,843098912.5410881
107010109,36,吨,.8599875566775125,723391501.6621094,841165079.7098389
109020302,27,台,.9844572438069019,825680958.9237061,838716931.708271
109060313,82,只,.3870022509236541,324478294.3562589,838440328.4007522
107020207,20,吨,.7454166629622702,624782135,838164970.0680542
109060701,47,套,.7963066579699299,666266992.1703796,836696498.1417236
103020199,88,箱,.4920582448880211,411235963.2694473,835746514.8521864
107060111,95,个,.2994811420632579,249473967.6744612,833020623.4547018
107020401,28,吨,.9409743913728609,779812015.107666,828728201.5931778
109062003,47,副,.6893835892874968,570861340.1944456,828075035.5320349
103011204,29,吨(MT),.7171369745726291,593300718,827318544.4852734
109060202,100,台,.4233040068525376,349802117.814909,826361461.626245
108010305,39,根,.8983194973862719,740290318.6046448,824083547.9565735
107021306,70,吨,.4570878770380985,375040996.887146,820500861.491643
106051206,68,条,.642973646902625,527455777.1314392,820338095.7716291
106040699,85,个,.4532892719334993,371760602.8333464,820139866.1998034
107020233,10,吨,.8628473994908865,707033350.3125,819418764.8125
108010308,60,环,.3005840393945748,243783048,811031246.0070028
109041603,21,个,.9795407185664077,789012682.4568176,805492479.7935562
109010508,39,台,.847471874286564,682540022.1335144,805383686.2823372
104020407,66,双,.728039328541639,581175414.3584746,798274751.8910103
107020208,12,吨,.628693433241118,501147844.1064453,797125940.2581415
110020204,13,吨,.9583671621557627,762381610.3359375,795500555.9884033
108041405,150,千克,.2565336462264703,203713800.2462463,794101683.1234913
109031404,53,个,.2622968975608309,206948995.7036943,788987584.7871954
105020105,90,个,.5932168762210885,467436122.206089,787968348.4120541
108031502,35,吨,.9405057724206546,741025591.4537354,787901162.5271568
106040601,45,个,.9536350170553026,751206073.942276,787729121.212327
107021501,37,吨,.8608381949316332,675858450.0332031,785116708.3575783
109069900,97,台,.483668005732782,379682045.3090515,785005501.3124418
103020102,87,栏,.25597855400882,200743512,784220040.5315328
109013305,61,个,.3740302242813737,292857106.2949181,782977115.9739456
104010506,43,条,.6994118872142838,546266872.9887197,781037444.4227254
104010402,37,米,.7366560541859282,573945735.4099121,779123082.1338654
405010100,9,平方米,.7172720005046742,557470432.4375,777209248.4375
109011305,95,套,.4136943612645865,321510901.3861237,777170132.0833206
109050106,23,套,.8760725599342929,678185645.8125,774120406.0350494
108011499,69,只,.2085987062393312,161058109.7976799,772095439.6183711
107021899,37,吨,.6170238390069804,473340134.5,767134273.5505638
106010304,73,吨,.3494313118511725,266376891.6015625,762315461.0569531
103030707,66,吨,.3481186087880726,265183160,761760943.8438208
104010702,98,条,.4391152335656038,334215943.7523804,761112159.645558
109010501,79,台,.448754297450257,341278550.4345245,760502021.6488382
108012803,134,个,.5090455025077529,386828343.276722,759909166.0196536
103030400,40,箱,.4212790666444026,319212767.8026619,757722832.8605897
107021901,81,吨,.6536687313000062,493034874.1230469,754258006.4102298
107050104,55,条,.9051649525252452,680381105.597496,751665322.104393
108032102,35,kg,.855029668735113,641185693.4458008,749898765.9625168
104020109,27,件,.9144681003293886,684239192.3003998,748237354.6479521
109040305,33,台,.6385483070633189,476938351.3294373,746910368.4933014
109012905,52,台,.6582830151360114,488642589.7366333,742298644.3538609
106051304,45,个,.7574487432328368,562252656.7957039,742297959.8539906
102050501,32,吨,.9405903459685983,696784582.4296875,740794954.3774605
109060306,33,只,.4841382579990808,358201055.7009888,739873475.7740812
104010604,74,米,.4179867806441063,306992690.0467339,734455500.1803322
105020206,31,个,.8551423462434397,625393676.4071121,731332835.0004044
108011401,65,个,.6036078803694199,437929545.8407092,725519927.8920741
105010501,76,樘,.2884265331217818,208933336.2592773,724390138.4449253
109061908,51,片,.4953623313183593,358502340.2990723,723717403.6728888
109011205,20,台,.9881273613497376,714952329.375,723542690.28479
104020107,18,件,.924174806554422,667506689.7941322,722273194.4866371
201010000,89,吨,.3648049057649045,263478770.8256836,722245689.8523188
105010503,43,张,.7075891642889102,508016328.9625244,717953799.466466
106050206,84,吨,.3368679591902545,241408267.8757324,716625791.4703937
103010803,65,袋,.4082455179382439,291513677.3184357,714064611.8802792
108010701,56,吨,.2737682077383574,195397064.296875,713731758.3772097
109010504,41,台,.9166771352049954,652368711.8546753,711666830.9925575
108010404,57,UNKNOWN,.7799261495635512,553979357.4266357,710297196.3905096
108041101,116,吨,.665704918777088,472562169.4302502,709867324.2468381
108010899,63,平方米,.2883325100183455,203710978.3681641,706514081.1044953
109012906,63,个,.640250820619168,452142884.8580818,706196494.0877819
101011503,51,吨,.4414230928503178,310890435.5,704291280.9398937
109023102,74,米,.5089771880408785,357408074.0861816,702208433.8630052
106051202,144,个,.4992240477595021,350236171.1277523,701561098.0672876
102050514,20,吨,.9425732177352821,660701135.6601563,700954709.1181107
101020402,61,吨,.6863009007038424,480688084.859375,700404275.1020737
109062799,116,个,.6615328302579874,462302153.1181476,698834784.8705515
109012704,76,套,.4346315872367599,302551229.4973602,696109621.0721321
303020100,21,月,.3057803503151439,210081450.9646729,687033848.8008087
104019905,38,码,.5330666031381607,365812886.4697266,686242365.0556755
109051001,66,台,.4545145710532584,310628388.8270111,683428890.095171
108010703,54,平方米,.6652518276029539,453711362.4713745,682014454.7459488
103020301,99,批,.186635447061503,126821098.1445313,679512387.0694255
107050801,141,副,.4764702521938812,323758839.5397215,679494339.9907794
108032001,44,吨,.4408361910483762,299479832.828125,679344933.3547592
104011004,71,米,.4545153063441438,308710140.5813599,679207358.4153728
104020103,17,件,.7803746066898933,528761945.871563,677574515.2887622
109060511,111,台,.3343357164387768,226346640.0361328,677004067.7887945
109060607,80,套,.3385883508418852,228580587.8029237,675098795.4386735
107021409,136,公斤,.2504664439158026,169031621.9067383,674867336.5744767
101030399,33,KG,.4680209265185216,315281539.5742188,673648381.3224144
109025306,130,套,.2740535883133317,184334285.3058205,672621316.2918594
104030599,83,个,.415996949198041,279058033.91078,670817501.0628037
109011301,70,台,.5825250698058783,389894214.5782471,669317484.8391953
108020401,62,吨,.6811423098378565,455112029.7099609,668159976.4640942
109013402,58,台,.4497100083895666,300270973.5875854,667699112.7301579
103020206,55,个,.525214920684684,350058335.2313766,666504932.4475234
109011502,22,台,.9900398809609086,659106956.9375,665737784.5201416
107060105,111,公斤,.1468967034715336,97265160.11323166,662133035.0825758
105010404,66,张,.4346424785973252,285027845.2822266,655775400.0530877
107030108,19,公斤,.5240927019542458,343609072,655626515.5357909
109051004,28,块,.7544744908006502,489612624.7266846,648945233.6647015
108012902,77,吨,.7531240839172587,487942291.0507813,647890967.067239
106040804,51,个,.8655167624792867,560217348.1063766,647263429.6551635
104010201,46,公斤,.5504020641228733,355366405.7781372,645648751.9618099
109060608,73,套,.3497390796173177,223501620.5088811,639052463.7779546
109012606,26,台,.3898864891991861,249069162.4799805,638824810.2455673
108041899,73,个,.3780893728303648,239869717.7338409,634425971.6642761
101040200,42,KG,.4194928542798102,266077307.4559021,634283289.3130121
109012500,128,个,.2713569772880314,170785941.8680848,629377374.3168001
107022002,22,吨,.7198297164553664,452369198.125,628439181.9117813
108031203,36,吨,.6043088865893842,375501315,621373147.6286325
108011103,41,个,.7718882369213528,479199892.4249199,620815125.1743267
109011602,93,个,.232702813475754,143559979.8201237,616924125.9950714
109040905,61,件,.4002625387995382,245775091.124382,614034707.9731898
301010102,229,UNKNOWN,.4754683500242763,291895643.9372095,613911828.0371469
109013203,133,个,.4853031200812756,297271202.3487227,612547478.1595006
101049900,61,KG,.2647950424315488,161113206.0683594,608444948.9268976
107030210,84,支,.7327687512086746,445176958.7561874,607527215.1301277
109012907,64,台,.7551533266048593,457709717.1061401,606114945.1118565
304020102,4,UNKNOWN,.9958765673796784,603241000.8398438,605738723.6523438
108040303,156,片,.3345301166959195,202371764.4533098,604943335.0040088
103020901,52,PC,.6410720049882932,387126901.453125,603874289.379076
109060310,47,套,.4301874201796121,259099262.345459,602293907.7048782
109042203,41,台,.2550974299442567,153593253.21875,602096435.2808762
103030302,47,箱,.6410744112700776,385720181.3746796,601677706.3531551
109030802,31,辆,.5562123008594868,334490635.1152344,601372236.1018677
109050804,67,个,.4112839157538431,247074106.447098,600738557.9235098
106040606,59,个,.7723750638801784,461501820.7964935,597509995.3098539
109050402,29,套,.5789844128214738,345592690.8287354,596894636.8428345
304020203,46,UNKNOWN,.6237873576661087,372312920.2705078,596858714.2636414
109025311,82,个,.3199738148734796,190470085.5300541,595267727.1587601
104011307,119,双,.7445697472706433,443075695.8114817,595076146.2383568
108010702,58,件,.1992661970359595,118505715.671875,594710580.2921982
109020909,66,个,.3657114229128506,217340414.1616974,594294847.0972147
108041901,61,个,.6110648931846883,363142171.7048903,594277589.4263887
109012102,58,套,.5471905387812511,324557030.2277489,593133483.1750374
109051399,55,套,.4470040136380098,265053101.2356567,592954633.8487701
102050900,36,吨,.8336028649314926,493828041.0944824,592402044.0297627
109011003,52,条,.5372498493449144,317616872,591190248.6101769
106050702,90,平方米,.3842952436337413,226754826.7756042,590053690.5726486
109024904,54,平方米,.3104490549909707,182568065.96875,588077377.0564704
109042404,90,只,.2979382144407268,174540579.5631065,585828104.9671472
103010899,70,kg,.3547520571512919,205707180.8905602,579861840.8090916
102050401,60,吨,.8053051990802355,465304737.0289307,577799246.2489624
102050201,39,千克,.8401833655865029,485064940,577332234.6859283
109060702,49,套,.6380023961585745,368104682.7447815,576964420.4491196
301050202,39,吨,.5056462294148839,291029501.0869141,575559519.9902573
105010901,69,立方米,.7327746728692028,421580830.5,575321235.993715
102040202,18,吨,.7328062634855488,421530621,575227917.6695557
108040702,106,个,.4988530779452018,286800637.8820257,574920052.7405192
105020204,101,千克,.305446373337361,175462983.8540039,574447756.3667376
109011601,33,套,.7302121343001401,417452531.2109375,571686653.2367859
109051902,58,台,.3104696410927287,177243885.4561768,570889587.8912647
107020111,30,吨,.9556044062612491,544460539.46875,569755157.9935913
103020505,60,千克,.2954911481380983,167742581.4853516,567673795.1113067
107020203,22,吨,.8862479980908697,503058024.8515625,567626698.097187
107021904,76,米,.2728365928620156,154576971.4902344,566555130.559082
109060201,93,套,.2266776118554685,128358315.5490799,566259342.9426203
109041101,68,片,.4066845494232034,228738756.5422363,562447619.0862284
106040899,58,个,.6704161912040707,374296642.4172993,558304896.7613099
109062602,33,个,.6068877527949252,338070991.3508093,557056868.9084218
104011401,35,条,.7410252410650593,412613433.7035046,556814276.8125744
109061601,48,台,.7923087932929367,440811737.6213684,556363555.9177608
108012102,49,个,.5370800779292031,298032818.1533499,554913187.8107681
109024611,36,套,.4233538299185241,234766751.6744385,554540280.6905518
304080202,33,UNKNOWN,.3139474061662024,173788151.9364624,553558170.9646606
109060101,70,台,.3707040038905206,204742896.8289394,552308296.3231382
109040402,47,台,.5839288851832771,321787371.863533,551072878.9560289
107021602,35,吨,.7088557732633718,390228970.9375,550505456.337043
110010300,30,平方米,.8764132859986391,481994405.0390625,549962458.0540771
304040704,35,吨,.6470994768028642,354876109.53125,548410441.1343255
103011203,72,吨,.7386276776750703,404549720.5849609,547704523.9603469
109022703,72,吨,.9160064914421372,501296576,547263126.0623181
109060506,60,套,.5690864521148927,310979656.6181641,546454155.5373039
107021508,17,公斤,.7000573577282848,381241876.5625,544586629.0151505
106040702,28,个,.7196968572373497,388972541.8104401,540467195.1793175
109041305,84,件,.3923245417588098,211937740.6900043,540210254.8565462
101011601,74,个,.3637529126596015,194762325.0396423,535424784.960829
107060113,43,个,.3017498335401351,161189611.620991,534182934.6843749
107030411,9,盒,.9383592942332353,501085671.7521057,534001927.440341
106040803,48,个,.7935935188532005,422147719.8859034,531944515.4944525
109022201,50,枚,.4874448733883868,258485152,530285917.6734924
108011900,75,对,.3252838855359526,172107889,529100569.2348614
109020408,62,套,.4189153073377425,220357346.7479858,526018846.5023718
109041499,45,套,.3635908565825962,190373685.1749268,523593158.9816532
109024903,36,套,.3747693676890064,195912625.8082581,522755173.4453163
108031402,48,千克,.3530052028857942,184108105.5314941,521545019.8082707
109011214,104,件,.2348461051992749,121708938.8799286,518249765.2096653
109020701,47,台,.5911245408106871,306038163.1875,517721972.3745346
103010905,48,KG,.6430325043985803,332398037.0100708,516922604.590507
109060205,57,台,.3446631156972965,178029574.1494751,516532132.5123491
109061801,20,个,.9699677148444745,500949564.3951836,516460039.5751381
107020307,39,吨,.5969783605804082,308235819.9375,516326621.349926
109023199,73,套,.5976460357037907,308454110.9968719,516115045.6450949
109041599,30,台,.7266578393214673,373716323.7249146,514294766.3977318
109051504,24,个,.5387736431170732,276853659.7145996,513858952.180481
108031404,33,片,.2158194506378107,110693705.2502441,512899578.4351749
109040301,39,台,.6286696777064664,321659013.6602173,511650275.2824097
109012401,57,件,.4674713013408561,237069402.1181755,507131456.9219227
108031199,32,吨,.4427488748865719,224514495.3125,507092187.1230469
109040803,66,件,.1861780821856766,94036436.07814789,505088649.3951783
102050399,44,吨,.7996976610159945,403427338.6479492,504474826.3179932
109023206,51,台,.4071822465354482,204755771.7663269,502860263.453312
109010512,35,台,.9759590505129043,490150858.8066406,502224820.343689
109020308,45,套,.5532595021776585,276902494.559082,500492975.6636429
109050802,33,台,.4175260847182467,208588579.9036865,499582151.9617043
109024202,40,套,.3108063526809512,154481351.5374756,497034086.3529701
106050299,71,吨,.1543224797669521,76128247.046875,493306271.1397521
109013102,62,台,.8623209122874974,425070664.4117432,492937905.5462646
109060601,52,台,.5665315197710989,278605575.4024506,491774183.2175872
109024404,65,盒,.3056704112473669,150119242.1345243,491114732.1126833
103019900,97,公斤,.2758891223722097,135049406.1387711,489506092.0762658
109022808,11,台,.9729525650707445,473672646,486840430.8750229
107020114,29,吨,.6010331608937513,292249814.7460938,486245741.1027222
107020116,29,吨,.9902303435631582,480313294.8125,485052087.0570202
104030304,90,个,.4191202973089048,203033559.6912582,484427886.2057021
109021501,39,箱,.5204180833313713,251114447.6752472,482524446.6291008
103020202,80,吨,.2621760748863531,126441060.7998047,482275359.6208723
101010104,67,公斤,.3643500380361568,174652434.1455078,479353412.6876526
104020119,23,套,.5094393131498106,243455370.669281,477888856.2094307
304010402,24,口,.507819299997487,242320405,477178407.7548828
109023101,60,套,.3501497792613822,166968693.0809631,476849345.5377083
109022816,36,台,.8286964243087278,394999140.4484863,476651194.4081116
104010901,98,千克,.507920145663414,242057171.5039825,476565408.1072574
109061007,27,台,.8258832022639531,393115350.7795105,475993881.098299
109025603,50,台,.4623938215695738,219715263.2547913,475169115.6014547
106051208,26,个,.9174588920958556,435605833.9529209,474796023.7845829
109010603,27,台,.8307484107034113,393189738.7802124,473295806.1843185
106051009,87,个,.2851105189872086,134516318.0749989,471804121.9693964
109050301,14,套,.9522022055122777,448788461.546875,471316343.2607574
105010199,60,立方米,.6376603010490455,300538922.4199219,471315090.3788285
109040502,61,台,.4000949327323363,188381075.7299805,470840943.7817286
104010399,70,米,.4452345886442323,209601188.6808947,470765735.6970934
107060301,83,米,.3339603561647786,157079124.4629135,470352607.9167596
107030403,79,盒,.5373757072690848,251170226.2855268,467401527.251689
106020201,81,个,.4059145285220157,189619952.7220381,467142561.7911916
109040202,34,台,.9538937119762402,441681586.8310547,463030190.1414108
104019902,60,只,.4151549065320975,191810318.7307835,462021081.0779705
107020234,5,公斤,.6577898401059814,303493672,461383945.8984375
107020236,8,吨,.7942365279120904,365539028,460239506.9400024
109024799,26,个,.3733695539557041,171464923.4775391,459236490.1233521
107020205,31,吨,.4926168899513846,225364144.03125,457483591.4649429
109051502,34,个,.3219782776396803,147275057.778019,457406812.8373294
103011199,52,盒,.3651306685465552,167005474.9686356,457385504.3002006
103020203,64,个,.5635234855334956,257736784.0906086,457366535.2147756
101010106,83,吨,.6077801845762708,277618779.1627808,456774975.9007521
107040202,33,公斤,.6659455635029459,302101859.890625,453643475.4539642
106050102,72,个,.3100813309702569,140550173.1861877,453268736.7743187
104011003,92,双,.1846401215563008,83345491.92407227,451394264.8085748
201040000,67,吨,.2421005477907214,108685865.5959778,448928623.2013359
108012804,106,个,.2979352773365976,133139119.1354885,446872623.8990231
109031700,34,个,.6502396300036979,289889562.4931841,445819585.7603073
109061603,61,台,.5525978422327585,245581992.1088371,444413592.2003765
107030110,29,千克,.4327421848444704,191612398,442786501.3180225
109024504,25,套,.47073838162427,208344879.5,442591655.222826
108012203,57,盒,.2948115449800472,130228029.0429001,441733138.543519
103010399,47,千克,.3013338292746445,132874360.7149544,440954011.1536856
109032404,25,UNKNOWN,.4826918043529055,212761672.6052246,440781614.0372467
108041402,105,只,.439128562723571,193314060.9767625,440222015.570535
104020117,20,件,.8726451865195246,383880469.1870117,439904413.7492905
107030410,20,盒,.9951563138422466,435947301.6953773,438069171.2764275
109030105,23,辆,.9628235229869162,421094724,437354005.1178436
108040399,97,件,.1714451775565668,74918725.83531952,436983570.5095921
103020504,63,吨,.3333011474912038,145644006.25,436974211.8989966
108031301,21,千克,.8865298651751785,386910414.875,436432465.5870972
102050302,40,吨,.7977217025317224,345746529.1030273,433417478.8096333
304070101,12,UNKNOWN,.5999892771074835,259669812.34375,432790755.1875
107030804,54,盒,.5680119896681294,245517662.3087997,432240281.498719
109041503,32,个,.5720809027161257,246119656.9328308,430218271.1646271
109051302,60,台,.4879816331552004,209813778.9468994,429962450.8207035
109051907,35,套,.3608434290846413,154808031,429017181.7530518
109060304,70,只,.4642660553837347,197521465.3006103,425448862.8020647
109011213,40,台,.5785681398931122,245706952.9278564,424681098.0176849
107020902,84,公斤,.2831790649844987,120070339.6954041,424008532.205503
109062403,48,个,.8653705903057077,366549991.8326416,423575744.2405701
106040802,35,个,.5991854402550003,253251706.8161316,422659981.0375118
106040112,44,个,.3710517525969836,156741249.1944757,422424225.4549315
109040802,57,只,.2374554912867656,100148462.873291,421756777.7884979
109042099,40,个,.4801736919307674,202264376.0746975,421231690.685504
109024205,37,套,.705093168672122,296773815.9599609,420900143.6205444
102051102,14,件,.8742972338831897,366263625.8027344,418923464.0214691
107040399,61,公斤,.3867195580238521,161981117.4664307,418859388.1678982
304040299,24,吨,.4965187121309774,207668852.2026367,418249800.3174057
102040111,12,吨,.9712959076982531,404465276.71875,416418182.6702423
109013404,76,台,.2805915271641041,116775344.9854431,416175592.2057724
109042599,20,只,.9682534752196345,402723096.3778076,415927344.1145725
109042602,40,台,.4762504217277017,197920401.0644531,415580526.6197014
109020104,39,台,.5446346595883346,225776033.7546387,414545842.3914719
109025299,82,台,.5285240335304883,218653202.6319275,413705316.6179515
105010304,57,张,.7491884239946561,309301392.9926224,412848601.3484221
108012801,104,片,.5752599810566557,237072319.1801624,412113352.2006876
107040103,44,吨,.9851090703059279,405560680.2919922,411691144.1755829
109020306,62,台,.6425345030015647,264414332.8982544,411517718.7576035
101010301,49,千克,.516134775381877,211961345.8465576,410670537.9224486
105020201,73,套,.1661867370831255,67849241.94422913,408271099.9391689
304040902,11,月,.3892994502433632,158849132.7421875,408038420.4059008
109011304,67,台,.6052765402563284,246440142.9854126,407152973.2195597
304020104,27,UNKNOWN,.7634944411840345,310760562.0452881,407024000.8078613
109012302,58,个,.2805712049218853,113921442.7625513,406033979.1257929
107030120,41,千克,.470467251518488,190352421.7001953,404602915.6882029
102050601,31,吨,.9736404416333287,393908035.1152344,404572384.4979515
101011101,41,kg,.6412961418428531,259343302.3802109,404404900.4176948
107029906,42,吨,.5854646967177324,235940130,402996340.0402139
109042399,64,个,.618537148019646,247611695.527319,400318228.7758961
107040307,12,公斤,.5379256763356608,214960164.1318359,399609413.6947327
107020304,7,公斤,.5666996503618555,225954517.328125,398720057.7657776
108041999,96,吨,.2699028324699818,107366503.9453125,397796877.3530884
107030707,20,瓶,.9379102616508679,372735994.0610352,397411148.2744222
101010801,7,公斤,.9999870326279656,395098064,395103187.4500237
107021704,34,吨,.6137167178235704,242274936.5,394766721.296402
102050407,46,吨,.5963848762464767,234827776.1308594,393752064.2857628
107030805,107,盒,.5822155969819706,229102540.0265298,393501206.793717
109010601,39,台,.7768903906670521,305611048.1882324,393377305.0350504
307040100,89,UNKNOWN,.7687252594701015,302334028.7694092,393292694.6849833
109013403,96,台,.5534670816702302,217370325.2539978,392743005.7773745
109023301,44,台,.380157990172964,148706777.3894043,391170990.0448122
107021504,40,KG,.5775339239962031,225844529.6450043,391049807.2256775
109025301,57,套,.5317703917464729,207211463.3960876,389663408.5165048
106050210,82,套,.3432452706768843,133691664.2242546,389493099.0909586
109023104,43,批,.4001659843020786,154990573.71875,387315713.4759116
104010206,29,米,.4741289133253274,183085522.3916016,386151355.1399384
107021601,15,吨,.8177449312912864,314005358.3234367,383989366.7425079
109024705,37,个,.5375258041946935,205375446.7632895,382075511.8370128
109011403,34,台,.7587775002909335,289904752.3466797,382068198.1681366
101030101,25,kg,.4198829632238648,159821249.5991611,380632851.5261784
108010302,62,米,.4828235037363655,183542103.2911911,380143265.335753
103020701,37,公斤,.7317752208369629,277800393.7661133,379625308.2311
110020102,7,立方米,.542131114270312,205216687.5,378537003.5
106010103,43,吨,.7794845621474811,293408665.5449219,376413696.6825624
103010999,42,千克,.5044040222145718,189639708.796875,375967875.8394256
104010501,39,个,.5047435943567676,189300697.1845474,375043287.920845
108040302,252,套,.1945907541684315,72783345.62807178,374032907.8794405
109060399,93,台,.4494666935215869,168029023.3679428,373840878.0669146
109042102,39,个,.1446175192404959,54025332.90899849,373573915.4753132
104010203,48,公斤,.2868818800257206,106459943.5151367,371093299.8124244
109013005,77,套,.2531817788093265,93733558.48501587,370222371.1588955
108012006,51,吨,.5212794756888268,192231297.1210938,368768206.0895958
104019903,59,米,.4221807340789956,155026708.8596878,367204603.0188584
104020104,18,件,.8676503245209257,318207952.2914886,366746768.0222301
103010702,21,把,.7279317376982003,266660746.5,366326583.5107155
104010104,67,千克,.3393525931639055,124261328.8553429,366171738.0639709
105010403,42,立方米,.3691694642223786,135010068.5800781,365712990.0070808
104030100,47,平方英尺,.4593452176109858,167551056.6933594,364760642.474472
108010309,57,块,.413473323058491,150640240.0486088,364328801.0319805
109020209,42,只,.4849726206881931,176679068.3450317,364307304.8006668
108040411,164,枚,.326796079698368,118963676,364030303.2698654
108031702,12,T,.9297212470319626,338253624,363822624.3401871
104010205,39,公斤,.4135632390009918,150023297.4794922,362757816.2940454
104010804,39,个,.463614404943937,167516189.8906097,361326542.2821941
108030800,28,kg,.4909712649766462,176534489.2451172,359561754.0947418
107021305,68,吨,.5808640621958476,208556430.9921875,359045161.4509926
103030802,55,箱,.6254260222656781,224338839.3702393,358697641.9010291
109041802,23,个,.9207776050431571,330137351.6734009,358541899.6565704
109025401,70,套,.3641371072489367,130259097.1501541,357719920.7580471
109010604,23,套,.662076901588961,236142693.6304932,356669584.8529968
104010504,30,个,.2876775030578826,102494691.6571074,356283305.3250074
107021510,13,吨,.7127443985865151,253748240,356015761.7558594
108040102,65,吨,.564024096010264,200726648.1893311,355883107.8480701
109060104,90,套,.3521049672786208,124961572.9421477,354898636.9262595
108012103,30,个,.7398178897890396,262134869.4505558,354323507.2692065
109041001,208,KM,.5266561537779116,186507096.9121094,354134468.1424885
104020201,37,平方英尺,.3457987382140682,122125772.8764648,353170093.9893608
107050300,97,千克,.2421099446312012,85316726.76885986,352388361.8197521
109025205,44,台,.9714373265097211,341546864.8106689,351589192.1075478
109060599,53,台,.3578280525093375,125782610.6275711,351516908.0386419
103011302,78,公斤,.2209110995688986,77651265.52097702,351504590.1836129
107020230,8,吨,.9994450872776808,351242969.4023438,351437986.8123322
103010804,50,包,.3687071002120903,128529272.4764557,348594514.1889651
107030209,57,支,.4729123112112074,164849826.8401756,348584342.0273151
109012899,34,台,.6891799499049508,240027787.4543457,348280282.2215729
102050506,10,吨,.8975332313917128,311992760.6992188,347611375.0300293
109024206,32,台,.365455447187367,126775430.8643188,346897089.207489
109020813,36,米,.556902832768999,192534618.6345825,345723898.8662949
107022601,30,公斤,.7416040967949894,252410659.1374016,340357692.5050058
107030116,13,吨,.8981902570275025,305701024,340352193.3222656
109042405,91,个,.3650177960294571,124079878.722196,339928299.5840091
104020121,21,件,.9249243943967912,313045601.4337158,338455341.1393967
103010504,36,箱,.2882883053600908,97100724.41796875,336818117.8791962
108010401,59,平方米,.4199942385631788,141089317.1193848,335931553.7328758
106040703,25,个,.7950224760266645,265561168.3544006,334029761.8774414
109012407,58,套,.310436724560369,102596549.9893036,330491020.7856293
105010303,41,张,.665369888254952,218830788.7052917,328885921.3019295
109025503,36,吨,.3490628767527246,114624252.4140625,328377092.0597267
107020117,18,吨,.9548648709677501,313554067.734375,328375330.6544724
109012608,57,套,.3067673702978499,100383015.9057617,327228465.6881752
107020112,29,吨,.8806954709857161,287483190.578125,326427465.6214142
109060103,52,台,.2902310810129406,94637112.21517944,326075042.9791489
106051201,57,PCS,.4830458080699587,157277422.3476105,325595253.5351104
105010203,45,吨,.6857893789931209,221362443.3063965,322784881.3164792
109040801,64,个,.2803215471288015,90444731.16982555,322646375.5505323
109012904,63,台,.6166678985365595,198743767.1689491,322286546.1954422
109010605,32,台,.9044570941467471,289881303.592041,320503101.2173233
304030200,25,UNKNOWN,.6243724336884677,199955840.4589844,320250910.62677
104020125,68,件,.4433814154481365,141729748.4817581,319656493.3568728
109010506,28,台,.9201680927708131,293846851.3743286,319340404.9574203
109021499,51,台,.4901401445172466,156462489.3339844,319219902.8873444
108011700,28,片,.6836542023588781,217084746.4296875,317535891.2161427
109022813,21,台,.874580232018901,275970870.9648438,315546659.8276367
109025309,43,套,.4019032763523889,126790879.8671188,315476104.1458855
109010403,24,台,.9043514087970217,283990604.7575684,314026828.5039063
109060502,35,台,.6527585885141051,204873764.0013123,313858396.666481
109022204,47,台,.926231413681583,290360322.0882874,313485720.522222
108040404,306,把,.4610839676834715,144530243.8089962,313457534.7200413
109013501,72,台,.4120402563693542,128682989.8946991,312306838.7263288
107020224,17,吨,.9346963686152726,291637552.3984375,312013143.7233362
109050801,44,台,.4984246332916051,155404476.3206177,311791323.9847794
107050701,29,吨,.7502417195435447,233840719.6875,311687171.742157
103020501,40,吨,.3667461907956358,114244516,311508391.5449886
106040402,28,升,.5242750828126338,162177626.9054689,309336896.2633462
107020222,12,吨,.744260002472616,229962639.1015625,308981590.2205811
109020405,32,条,.4692506831322054,144766009,308504631.3277588
108012901,72,吨,.70859071630708,217576638.3436584,307055445.8822007
109012103,83,根,.3352989657602226,102663007.5916138,306183490.1841888
101030306,21,张,.5347587841360616,162980394.5,304773664.9399891
104011005,53,吨,.832866086404805,253650015.9414063,304550779.6293228
109051301,27,台,.5919310947585416,180198901.880127,304425470.2544948
109013504,21,个,.836214267443535,254367073.9443245,304188871.0198317
109032401,12,架,.5299279638448913,161052978,303914850.6741943
109024210,38,套,.3603342995473066,109472019.7755127,303806825.8088226
109010702,75,个,.3922162074074009,118739515.6600342,302739951.6325893
306010901,10,期,.6243804321031368,188963176,302641092.328125
101011214,61,套,.3432506891105209,103877571.4503479,302628879.550191
109011503,46,台,.7574210712461362,228993483.6828613,302333130.6404152
103011205,25,吨(MT),.9043744260608263,272890616,301745171.1771933
106040602,55,个,.7445254194926323,224091005.7359028,300985030.0190058
108010706,45,吨,.5589520313661559,167980489.0258789,300527558.0004807
301050302,7,吨,.9781066441025419,293854584.1757813,300432049.96875
108020402,35,吨,.7401966685626329,221930725.0551147,299826700.7686968
108012001,47,只,.3030413086725879,90659242.14869881,299164633.8441896
109041999,29,个,.3241302540797187,96700831.36948299,298339418.0343924
106040303,64,个,.6743243081131324,201151070.2814519,298300191.5566486
109011202,23,台,.9438440614114786,281308435.1525879,298045457.5641479
109040604,68,台,.2919470716258147,86932825.37008667,297769129.4725761
106020300,92,UNKNOWN,.2166220746400854,64464449.71921539,297589476.1709867
104020301,19,件,.5946004500640097,176914236.2022915,297534648.9953823
108040900,56,套,.2570746924764165,76218337.44128418,296483238.8091888
107050502,49,ST,.8046020755590076,238059392,295872207.1834145
109050803,32,台,.52702669957785,155755545.480957,295536346.841095
107022499,42,个,.9557144270059272,282077886.606482,295148716.6414122
104010902,80,片,.1654298595634074,48684458.14633179,294290633.3525091
106040607,39,个,.5239893130351718,153692758.7892838,293312773.6881294
109024501,49,台,.4100760174433755,119730274.6161118,291970926.1774726
109060605,40,台,.4965891167233905,144951360.1289063,291893952.6611633
107030113,17,亿,.8567387227051159,249702984,291457567.3801384
105010801,69,个,.6962114464687893,202466348.9508934,290811577.3990939
103040101,9,公斤,.8862371143681183,257392904,290433451.5300903
107030602,32,公斤,.3418849831881843,98791712.375,288961835.8014336
109020501,32,套,.3686266173121067,106506000.1906738,288926505.0019379
109012201,36,条,.4214390376875682,121717245,288813408.619812
109032701,76,件,.2601164724301427,75098808.45407557,288712236.3011602
109050204,59,套,.313818624622726,90246420.15114594,287575092.9685596
107021005,55,公斤,.5091786527521629,146193177.8851624,287115685.4180222
107010108,118,桶,.4590176118420111,131356844.7806396,286169509.3866055
401010000,48,UNKNOWN,.4051059316930162,115796020.6923828,285841335.8907108
103011003,41,吨,.4115838330629881,117524299.15625,285541582.8207817
103021201,36,千克,.4067916131556092,116086735.7324219,285371507.1259727
104030202,44,米,.4073907149641869,116248309.9355774,285348452.15065
103020802,49,盒,.5050182333671734,143969400.6392498,285077629.13696
107030208,17,盒,.9201936780325309,261214792.3516865,283869362.0566821
106010505,67,卷,.343919509968069,97467849.93704224,283403084.4777942
103010503,37,吨,.543017567231484,153673699.3726807,282999498.812109
109010505,13,台,.9650532434330923,272288770.296875,282148961.3653145
304030103,80,UNKNOWN,.4076376392483855,114933673.9587555,281950592.6162109
107030409,48,瓶,.5056794003318754,142574139.6332226,281945714.1019621
109024213,77,台,.3122263417606745,87975007.44290161,281766768.77038
101030102,22,kg,.5668273829014697,159611214.8977346,281586986.9954386
102049908,27,吨,.8268908822186779,232044965.5292969,280623442.0032349
107060303,77,件,.2752106369282862,76933418.71376038,279543768.9925027
109024401,25,个,.9003032849802326,249289851.9111023,276895415.2117481
101030103,3,头,.9999898433297093,276258992.625,276261798.5250015
109010602,34,台,.8989182168612125,248007616.692627,275895639.9377518
107021201,93,支,.2466832918037953,68040269.18924713,275820339.0741371
107021408,24,公斤,.6033168537029772,165852702.9580078,274901491.5463638
107021405,27,公斤,.5042469658835104,137639224.34375,272959945.534996
109012199,58,套,.4248003810099555,115903480.6193695,272842223.7847598
107030115,60,盒,.3525372768246665,95675700.55779266,271391727.4778767
107021003,39,吨,.5473463272681371,148362198.1625977,271057264.4254122
109020411,68,批,.2586389677009663,70042924.87402344,270813503.0719957
109020401,44,套,.3455737900142526,93491647.68499756,270540331.4329529
108031603,24,千克,.38098744770333,103059905.7402344,270507352.306488
109061903,41,台,.6167518561539318,166403452.0469055,269806163.3484144
109011608,41,套,.4284499181378116,115431433.7105713,269416398.099165
107050902,62,件,.2328132672893412,62606033.19207907,268910934.1619782
306010100,11,次,.7953439594463538,213783552.9799805,268793834.9702148
304080204,14,UNKNOWN,.4485206417686089,120323863.5505371,268268285.4373779
101010303,35,吨,.5086528976455617,136394233.5,268147953.4105434
101040600,32,公斤,.4175799116397703,111948341.9767761,268088427.7626591
109062703,53,个,.9477038427484964,252243194.6773865,266162469.0112472
109011002,56,套,.418945999773325,111061092.84552,265096439.4113102
109040503,65,台,.4304433518197573,114037962.9604664,264931407.2998352
109020904,26,台,.4398045336730629,115708851.034668,263091537.6617794
109020704,43,台,.651273590506115,171185586.944458,262847426.089283
301060200,15,吨,.7230410347580628,189505804.171875,262095503.6601563
108031104,9,克,.8676818581677751,226863498.4921875,261459308.3359375
109020808,21,台,.9882685993657341,258084154.3007813,261147783.574646
109010502,44,台,.7826089898577532,203691751.9422607,260272696.3042984
109022404,40,台,.7261449685958046,188644137.3085938,259788534.6136703
109025302,63,个,.4811144715024787,123929284.1390305,257587936.9248863
107030214,81,瓶,.5867461668299003,150685624.3479145,256815694.5311561
109060302,16,套,.3584885085972871,91994805.51953125,256618561.8598862
110020101,14,立方米,.6756198065035639,173150532.3125,256283979.015625
106051207,104,套,.3280838044600912,84004408.29575801,256045580.8966227
107060304,67,套,.2635550809076388,67440134.51953125,255886300.0754108
109051904,32,个,.432898260365045,110459281.4501038,255162220.6958237
107022604,29,千克,.4907798198783014,125079710.6669922,254859115.2301416
109024502,31,套,.4414488944393474,112339450.7487793,254478949.1237793
103010805,51,个,.407185802372647,103432795.0573425,254018667.7792937
109050704,40,个,.3453047762339076,87580960.88771057,253633795.1734085
102040302,35,吨,.8854766124715262,223941230.8515625,252904738.1912231
109013003,58,个,.2178508732068505,55085704.84286308,252859692.6511235
109020208,36,套,.3895959443296226,98462148.32783127,252728884.2733078
104030401,100,双,.498075799642171,125454489.7325058,251878308.1262634
109050201,43,台,.6332355209880179,159455879.9388885,251811331.8881645
109051601,45,千个,.6519114830422519,163966036,251515796.6459274
107020238,25,吨,.892896340982278,224312424.1875,251218886.1035461
106040705,40,个,.7657481372768667,191136782.6514416,249607897.6191273
109060204,39,台,.4768733639987332,118957011.9431152,249451994.8558738
107029901,59,个,.5740934982846302,143105341.8486795,249271838.6051626
104010101,40,吨,.4721288378607988,117364674.2753906,248586116.465934
105010702,53,只,.3804032737015577,94356695.77855301,248043858.4568539
108010799,52,吨,.385194790715519,95348745.58587646,247533839.7197981
106041009,26,吨,.6509596052207212,161129000,247525343.673769
109012903,28,套,.7497561185732567,185088722.15625,246865237.3367267
109020903,18,套,.7137105443978043,175770107,246276460.9261961
106020102,61,对开张,.2997453810607195,73775418,246126955.2809399
108010804,46,吨,.6398683063042221,157439201.6515625,246049382.5063884
107030302,50,kg,.479069216327031,117700726.876503,245686265.9197788
109013201,98,台,.5582917599517823,137029167.402771,245443650.134843
105010202,36,吨,.9086641987296441,222093729.7734375,244417827.9324036
109040903,48,米,.6375912959952428,155761692.8373108,244297081.5562592
104019906,73,米,.3267925746574338,79562549.83285522,243464986.6700861
109021403,51,套,.2872234917388142,69744259,242822265.608489
109051105,28,台,.9228551234402704,223874778.7794189,242589300.4146156
109041902,10,个,.9665413768734837,234300626.1467896,242411377.0531921
109011109,74,台,.310432601338716,74934673.66949463,241387899.8093138
307010200,44,UNKNOWN,.5708314505220957,137770210.484375,241350069.89956
101030303,45,个,.3075266307465513,74212015.84124756,241318989.7118521
109013302,62,套,.5526166619882997,133345250.708313,241297919.300045
108041203,40,吨,.6405384023541401,154098317.1738281,240576234.9415398
107050401,72,公斤,.2295094537622418,54954867.703125,239444897.8125973
109020902,34,套,.50977627661615,122061548.7600098,239441406.6700859
108012300,48,吨,.4521652882227195,108155030.71875,239193572.6509748
104010302,39,吨,.5904556939746238,141143138.9921875,239041032.9386263
103020803,54,瓶,.4538337600475438,108065687.3768473,238117339.1894121
107020231,14,吨,.8950362814219177,212528473.6875,237452355.9535065
108041399,59,吨,.2451368104542513,57941542.16796875,236364102.398983
104011302,32,个,.8671613168265453,204784188.4096971,236154662.8476501
108010202,47,吨,.8698624558255103,204451896.7890625,235039339.1734962
109024002,15,台,.7659388852746555,180016569.1900635,235027327.4420738
109020907,54,台,.4569902246208405,107183230.6296387,234541626.6148086
109021701,197,套,.5307987336409796,123676722.1875,233001162.8685462
107021202,114,件,.1478029229063722,34436614.56188393,232990078.1711757
108032413,6,片,.6158416647752057,143284040,232663764.3984375
109024702,26,件,.2394590809198055,55612288.73999977,232241302.0478611
109022206,69,件,.4308027006280457,99759756.07185364,231567155.7453537
108040600,63,件,.3646497109027881,84248480.16242409,231039481.5721762
107030103,31,吨,.5011783036633345,115772636,231000893.6016712
101011502,48,公斤,.3550437703014873,81812340.32221603,230428885.578656
104010303,43,米,.8373945787863244,192338494.4897461,229686815.9434605
109023205,35,个,.6268111899518745,143794742.7619743,229406789.5836618
109062504,70,个,.3574764834014839,81969837.69246101,229301342.8813448
108012703,36,吨,.6969639734154519,159683307.90625,229112714.5693436
106040701,26,台,.6879131125152138,157574390.3046875,229061472.2091122
103030706,63,箱,.3993977065589155,91435094.94665527,228932448.6473174
109031801,11,膄,.8484505032158571,194200000,228887836.4311523
102050202,37,千克,.4985141921664968,113347816.8398438,227371293.7785072
109012406,44,片,.4735553723609631,107523592.864624,227056008.9489708
105020205,87,个,.2374113499149734,53892280.06544018,226999594.1000344
108031503,28,吨,.5410114931484553,122120079.9355469,225725481.7727814
108012799,60,吨,.5396859699191469,120922814.5117188,224061438.0430064
109042407,66,个,.7974334412380644,177905723.7002571,223097896.9530642
109013004,36,台,.7202055627715549,160177701.5367126,222405532.2765121
109023609,41,台,.5417832939636593,119862838.7525826,221237605.6774879
102050699,23,吨,.9468887023751452,209125376.2250977,220855287.1108656
103020603,70,箱,.6151864421282803,135067284.0566101,219555040.2400538
107021706,18,千克,.8066896768227152,175455095.28125,217500112.2765198
109041201,50,个,.687972276453626,149440670.9009838,217219030.4983273
109012299,49,台,.3868893729590702,83838975.32971191,216700124.6079235
102050303,25,吨,.841015022467774,182117260.9882813,216544599.2318878
108010603,30,箱,.4804140173129557,103925311.8125,216324478.6107063
108010901,62,吨,.3603517502059623,77792776.15722656,215880111.8983421
108012005,36,只,.436680562276986,94140932.37258291,215583061.1779542
104019901,71,米,.2495724419162078,53792022.50016022,215536707.847818
109020201,41,台,.2787212910125594,60056980.66796875,215473243.7188034
109051304,38,套,.4736865166298341,101711389.6966553,214722999.5489578
109060501,42,台,.3884258763133397,83361534.50082397,214613751.5142708
108041801,36,千克,.2407776894700037,51665222.5,214576452.717545
104011002,51,KG,.4726843634950468,101324147.5,214359000.0540853
107021511,17,吨,.5697148537899108,122046543.328125,214223909.5860596
108010699,40,吨,.2572093280134444,54966954.0625,213705134.5961561
109020106,48,台,.3944867854256205,84221271.06774902,213495798.0325775
108041403,115,个,.3982654371719221,84931714.1709218,213254041.7617477
107020206,33,瓶,.4272637772014126,91089390.00042725,213192399.7795105
106020106,56,枚,.8274450731021926,176096234,212819242.9012765
106010205,53,只,.478337979308769,101749487.8343506,212714633.2419298
108041304,18,只,.9034458822799771,190975417,211385563.5913086
109060405,153,个,.2428399300210097,51123030.58861065,210521517.5452721
109022699,59,瓶,.6659438670060848,140008677.9158173,210240960.0155354
304070202,9,UNKNOWN,.9010590691774618,188436140.4609375,209127400.0859375
109040605,69,台,.4711298609545577,98305073.94413757,208658126.1161442
107020204,16,吨,.8731718220515838,181576153.6875,207950083.9375153
109061699,34,台,.3164034446816678,65729154.28852081,207738428.2419891
104010505,26,条,.3580633047110502,74124520.01171875,207015125.6396847
104010606,73,个,.6535972920001847,135258397.7027779,206944550.3497276
109060410,47,台,.3643548399390725,75384325.5891571,206898104.0618615
109020304,33,台,.8947729285087106,185058555.7944336,206821809.0849762
107030601,40,盒,.4115583343244159,84695642.9027195,205792559.2534766
107050501,44,KG,.3516818349583279,72338056.85307312,205691763.5841064
107029903,77,吨,.6531279854803635,133089382.5976563,203772285.9169348
102050405,32,吨,.3448495316759931,70145409.19720459,203408741.3611755
104020105,13,件,.7621941043923692,154987133.7904053,203343391.0040054
109011103,42,台,.7125655795582876,144745288.5273743,203132585.518796
101020399,63,立方米,.3234174124715786,65642581.75,202965515.2094464
108012402,104,米,.2986414240583061,60471502.14601994,202488661.232119
103010403,30,KG,.4326974270384787,87596122.8843689,202441977.7207947
109013603,41,件,.2018662793773728,40846815.53610229,202345907.7072623
108041106,17,公斤,.8289259562540559,167422910.5,201975712.3502197
107051002,63,条,.3416250189487086,68805541.76776123,201406624.0801048
109011499,38,台,.3671781107769785,73826317.298172,201064048.022769
109010799,43,套,.3000389620019406,60281776.57230377,200913161.9776564
106010303,53,吨,.7031882109426095,141160165.6171875,200743077.6291957
106010102,52,吨,.4661770860551769,93272593.796875,200079747.7760098
109042103,37,个,.5543256550734468,110588520.9635468,199500997.205143
304070302,14,UNKNOWN,.6533871397675597,129974868.2060547,198924742.0025635
103011403,35,只,.5109018094542523,101453442.1261902,198577183.0296769
109024207,23,套,.7607209609574134,150830892.7148438,198273612.0811157
109031403,15,个,.9057154062794989,179357174.4450684,198028181.0395966
108041202,60,米,.3990597295412625,78758272.21903229,197359609.072979
107021699,20,吨,.8671138394562296,170934283.3623047,197130152.4486084
109013304,50,个,.6462981780225449,127229380.7451472,196858640.5959342
109024601,49,个,.3972390051248328,78190346.23777771,196834513.300642
101050100,35,公斤,.3653160946483112,70972938.64579773,194278159.8881462
106040304,61,个,.7435927615920296,144438393.027463,194243947.0742303
104030303,49,个,.65601215907599,126920151.7989864,193472255.1145344
109023399,45,只,.3881401771524662,74990024.4046936,193203457.9745054
307020200,50,盒,.248598804161949,47959607.40618896,192919702.7631147
107021410,19,吨,.9771517890983638,188125020.1767578,192523845.6047287
109012603,54,台,.4324478064214115,83054152.72903252,192055900.1473994
103010603,46,千克,.3910870913052552,74963521.57136536,191679866.8070946
109011207,17,辆,.5356528064576543,102556820,191461369.6850061
109012702,56,台,.5084201330250945,97142697.67726898,191067763.3855114
106050802,47,张,.3656112356540848,69802456,190919887.555212
103011004,55,箱,.268940543806599,51289835.40002441,190710685.2468777
103020207,59,箱,.5003581671946586,95129939.35749817,190123686.5800753
101040400,38,千克,.3277863182318118,62121666.34806442,189518789.8115129
109052204,25,个,.6310339843315115,119377037.2237701,189176875.0778656
304010300,17,UNKNOWN,.8802526911059352,165906591.203125,188476096.5566406
109061499,52,套,.4877449926369236,91636384.7578125,187877653.5713744
109021004,43,台,.6059066805822234,113823135.1132813,187855884.018158
102050509,7,吨,.9975272952868073,187387808,187852311.2955246
108011403,63,个,.2885670187549078,54186308.53649902,187777206.037956
109024614,62,套,.3760524860163464,70611188.75134993,187769503.9311097
109010699,36,台,.6910672016460273,129599729.1625977,187535638.8697205
109023303,35,项,.4593497588279167,85969016,187153719.6827092
108041199,61,kg,.5618804202606855,105100433.5632935,187051247.5137181
106040999,25,套,.698313237245598,129921479.9375,186050432.6825562
106040807,26,个,.8038025808173528,149371412.0460014,185830968.4625695
109010203,44,台,.4504621333080476,83579090.47363281,185540768.6765037
102050203,24,吨,.5504003424725897,101760819.5461502,184885094.8911209
108010310,61,吨,.1619962748974346,29876011.40783691,184424064.2369859
101010499,41,公斤,.5344080584505099,98342499.14558125,184021362.6843886
106020107,58,枚,.3971577438338723,72825731.1796875,183367269.832588
104010999,79,米,.2980774694086026,54634162.40060425,183288466.9512277
107022102,89,桶,.1592478697948184,29184698.1685791,183265862.2447
107030212,39,瓶,.4332272227768855,79299511.86199188,183043695.5316439
104030604,23,米,.901972294478393,164900348.7110596,182821966.6175232
107020104,36,吨,.9018041756054659,164687107.219532,182619588.2370605
109010599,43,台,.926237705899365,167528784.6408081,180870184.3746901
102050305,12,吨,.9397145599508958,169654781.2304688,180538632.1132813
108011101,35,万,.2617839624043679,47247352,180482224.9845037
104010605,61,个,.639579350684606,115200538.2614651,180119227.0171862
103020801,25,个,.8005083488648481,144186882.8495483,180119149.355545
109020307,41,辆,.6908791106702123,123501949.4542236,178760578.4381237
107020221,25,吨,.9542001660475926,169758732.1328125,177906835.6652806
109020403,49,台,.3234071839807827,57442176.99853516,177615649.3850441
107021509,32,吨,.8521321642949844,150626778.4453125,176764573.3334503
102050204,33,吨,.9338931812732227,164406118.2598419,176043814.8137016
106051209,15,个,.6090437405293485,107081131.8218765,175818458.8331985
109011206,23,台,.7923960252288265,138981233.25,175393652.7001953
107060115,48,吨,.3066849839692784,53573919.125,174687128.2435095
107021616,17,吨,.6342174798761324,110574351.6757813,174347688.5836973
107020212,17,吨,.5385637828014662,93574388.12304688,173748014.8336334
103020601,47,吨,.4957545660866102,85739996.71875,172948476.0888131
109021106,41,套,.5245593863083546,90690602.1260376,172889103.6804867
108031105,4,克,.9207267551858623,159083515.875,172780377
109025602,36,台,.6457947032202512,111456443.6435394,172588042.4347901
103020507,32,盒,.3512909033961586,60199762.98274803,171367269.6923194
109042603,48,套,.2270775725425526,38818364.78161621,170947594.4584618
109023212,37,台,.4249176318103057,72563367.80566406,170770432.604826
101020499,49,吨,.3961929726887787,67090503.9375,169337945.30021
108031602,26,吨,.8063662490819544,136384235.1835938,169134354.6916389
107040304,18,吨,.7531881681770901,127091728,168738349.0205307
304040302,34,UNKNOWN,.6236334147100887,105117761.1181641,168556973.7584229
109025504,33,套,.868306954145702,145486171.8828125,167551545.2089767
109025499,40,套,.5121124410697362,85786535.07373047,167515038.0930672
108042000,50,平方米,.2739571159476932,45748027.19995117,166989738.6738656
304020201,24,UNKNOWN,.7985609331013966,132976417.3925781,166520063.630127
304070103,18,UNKNOWN,.7126622922362087,118579789.3632813,166389874.4960938
101030309,7,kg,.9969205870442537,165696672,166208496.5977783
108010704,51,平方米,.1903588637332508,31401988.85375977,164962052.398901
109051002,57,个,.3132180362628086,51413192.61386758,164145057.6324055
106050199,52,个,.5282266021617091,86558220.35861397,163865697.0405958
107040101,26,吨,.9349455881513141,152870789,163507685.2999268
109022905,31,平方英尺,.4067457750982536,66455725,163383934.3111725
101050300,24,盒,.5937527849642298,96819051.85986328,163062901.4492893
108010802,48,平方米,.332598904046924,54187925.484375,162922742.1529026
104010903,121,根,.2863979985807765,46335553.31422806,161787280.4413452
109025202,44,台,.7033276610588379,113737354.8166046,161713183.0779648
101010402,41,吨,.5157717735330133,83405342.97509766,161709785.7135043
109011604,30,批,.2742850001994163,44354481.7421875,161709469.0192318
109022812,21,台,.5647521410256487,90555352.890625,160345302.5006104
108040406,146,套,.2361646020938095,37816894.2539382,160129392.4604185
108012003,20,件,.7294899671951119,116383732,159541237.3490143
109012901,39,吨,.3952571107800301,62984710.33996582,159351239.0344276
109023103,80,个,.2874940983947316,45445070.95723295,158073056.8418018
109061904,33,个,.9125996699719787,143901595.5016391,157683155.3161285
109010205,39,台,.479720394501642,75552708.0369873,157493216.6798439
301020101,14,吨,.6774317731852922,106583792.09375,157335094.5625
107020118,26,公斤,.7842818445647689,123045911.7001953,156889914.7072296
103011206,24,吨,.8792471412214798,137908651.4052734,156848563.890337
107021006,69,kg,.5509939300435217,86408369.11541748,156822724.1788168
109012404,47,个,.3093861339861008,48312545.26121235,156156142.6129808
108012903,39,克拉,.4984324665581999,77708088.34375,155904949.1305084
106040608,37,千克,.4329432550624046,67271557.109375,155381926.6676841
108031108,4,克,.9960701854603881,154319568,154928407.9100037
108040407,120,支,.4051558274841248,62691055.09328318,154733193.6025025
109013503,35,台,.4206446074787747,65043532.37366486,154628232.9958239
405019900,9,平方米,.7452311915598995,115208124,154593802.9765625
103011001,38,吨,.3266988930264284,50475373.66210938,154501208.1140604
105010405,32,张,.3472558319298127,53552748.0177002,154216986.7100296
301040101,4,吨,.9837975280503639,151258834.375,153749963.8515625
109061612,37,只,.3899714377327445,59725264.97781944,153152921.4679317
104010904,73,条,.3434998430642548,52600708.22309303,153131680.5092502
109020804,27,个,.4914902219636151,75236986.25,153079314.4763107
107029902,67,瓶,.2218819254959846,33959833.45909309,153053626.9828236
108041299,58,千克,.2282581062980988,34815586.55999756,152527273.2900419
106050601,28,米,.5498063864274239,83743988.73804665,152315416.4908943
109012204,28,条,.5744842440961572,87367984,152080731.3653259
101011215,39,吨,.5000121061947037,75922877,151842077.5404902
106020502,27,批,.428118824352823,64873193.0078125,151530811.8158078
107030106,20,千克,.6919717829289519,103826571,150044515.6311531
304040501,13,UNKNOWN,.3036504076555274,45555762.78320313,150027010.1230469
101020100,35,株,.6420906579961162,96286820.25622559,149958294.9185472
101011213,46,千克,.2978678426350009,44649061.89941406,149895542.6152725
107021613,7,吨,.9915923389518427,147693661.5,148945948.5499039
109024203,26,套,.7701498005695248,113715081.4648438,147653198.6124668
104020302,46,件,.3471901177100461,51208918.87475586,147495323.9237146
109011105,61,台,.4095112300606755,60164046.29724884,146916718.958683
103020702,19,吨,.7867727544065833,115265844.75,146504621.7022834
104030603,38,条,.2712881086334775,39711415.97402954,146380968.093524
109020814,171,台,.4116757490317297,60241647.40625,146332757.1467099
109013301,69,支,.3899039155988565,57019494.14096451,146239860.2829823
304010200,16,UNKNOWN,.425787711980142,62213822.9609375,146114651.0584106
109041203,32,个,.6691653082019133,96831953.68203259,144705579.4661946
109042105,32,支,.4520818072159722,65346511.48682404,144545766.8142929
109030102,22,列,.354555264028322,51235952,144507661.2821274
109022811,28,台,.5781081628632206,83524679.671875,144479329.3666687
103021299,33,个,.3737100054261001,53560215.79296875,143320261.7411861
101010201,22,吨,.6893075454894698,98613496,143061680.7334898
106040401,37,升,.6282884637830571,89828315.875,142973046.7023456
101040300,25,斤,.3841561157564168,54775461.35107422,142586461.8690748
106050401,50,个,.3295846357385321,46753699.41499329,141856428.8053894
106051103,7,个,.9903881225717063,139965907.1437378,141324298.9832039
109042302,53,只,.458240968995292,64692342.74379539,141175379.5947914
109022603,41,箱,.5750959066954138,81106953.00512695,141032047.1087675
109050701,23,套,.59825978264528,84349497.97900391,140991422.8331413
102040104,14,千克,.4620244077132563,64940829,140557139.22435
109040404,35,台,.7426080669174898,103422685.4821777,139269542.1576519
105010102,52,只,.3292537632568356,45770492.31647873,139012814.5043411
109030101,45,个,.3386776535279157,47075143.50163651,138996898.7066822
106010503,49,pcs,.232707139924816,32344072.8984375,138990462.0412049
110030102,34,吨,.648655060113501,89985762.67633057,138726679.5707798
104010405,41,公斤,.6599390909829919,91263239.50004578,138290397.9276443
103020105,75,袋,.2110531990133661,29164089.67722702,138183594.5323911
101030301,43,盒,.3423456716967628,47249794.71787119,138017794.9488531
110039900,58,片,.378878730058369,52262406,137939667.3757553
101030304,7,公斤,.6277839085472908,86459652.75,137721995.694458
108040703,42,个,.7833304379916805,107333857.1300964,137022451.7322234
107020123,26,吨,.9309313820328992,127481687.4267578,136939939.8142242
109061807,27,个,.9316793090785772,126213331.2018499,135468642.452384
101010202,19,吨,.8409086472636195,113797784.125,135327166.0308247
102050599,37,吨,.8144732300143429,110117871.8125,135201339.6567507
109032702,65,套,.4172325340207588,55838734.14128113,133831208.2310028
104030605,26,千克,.8780012610282388,117349788.34375,133655603.4171524
103020205,36,吨(MT),.3866798151294933,51548416,133310335.7948415
107050499,66,平方米,.1958733917789533,26106085.17382813,133280405.9639163
103011102,46,千克,.6227360022058595,82836505.50048828,133020260.9244757
108010502,36,吨,.3975174721558375,52877672.33886719,133019743.8922577
107040405,16,kg,.589151981807053,77637872.48046875,131779022.8632298
301059902,6,票,.7562897686243174,99655118.11010742,131768433.5349121
109051303,30,套,.5350201295445659,70398905.6558609,131581788.7371597
104030305,47,个,.702192237470492,92359807.3988142,131530658.5152836
108012802,63,个,.1894217318519621,24914329.11425066,131528356.7026081
109020303,15,个,.9072624957292386,119291602.1630859,131485212.6309948
107020223,16,吨,.9498292595131059,124721374,131309256.6383286
107040303,21,吨,.8473157889134272,111254022.25,131301722.103714
108040704,46,个,.9256607218476217,121358204.419497,131104411.7517114
103020508,41,罐,.2728171934282135,35740829.98579979,131006515.889565
109060311,19,台,.4432628365308134,57874471.02044678,130564681.3827209
109020703,22,套,.6972209403424781,90678146.30023098,130056544.5663314
106050101,57,个,.3010533524886742,39124038.45135689,129957159.1810417
109042207,46,平方米,.2541651963839701,32980993,129762034.571308
109012802,16,套,.503972250797553,65299043.4296875,129568727.8939457
304010403,15,次,.7730977257283613,99520625.890625,128729683.9437256
109051599,26,个,.2118550308613022,27217998.15702438,128474636.8607292
101050200,24,kg,.4460632370497515,56682811.96234131,127073489.259594
106040301,46,套,.4897766357461034,62116666.55895996,126826520.5512187
108011299,110,个,.2017688467846603,25534232.20404911,126551906.3569846
104010503,30,条,.4331037432625677,54766670.53848267,126451621.3273191
109020202,48,台,.4164051916086381,52650476.35827637,126440489.7424054
109013401,45,台,.5455128208587988,68970009.22866821,126431509.1991587
109022304,17,盒,.9510274320685091,119812387.4960938,125982052.1007462
109025308,20,套,.9061833132417169,113941927.4902344,125738275.9373779
108040403,142,把,.5877936838479015,73906425.20068741,125735317.0535455
109011101,39,PC,.2763747570746203,34743369.22851563,125711080.1155224
109024802,39,套,.2248799377380491,28090013.98937988,124911160.4704394
107030111,22,吨,.7059538563066222,87860796,124456853.9644591
102049901,25,干吨,.6476841588011981,80447584,124208046.3244629
109021300,43,套,.3199032493682797,39702392.15254211,124107498.8483028
109024099,17,台,.9908967891214128,122838457.3027344,123966954.6327324
109051401,17,只,.7895966894244789,97827624.7890625,123895687.6330967
104010803,45,件,.71039715659002,87950030.72149658,123804029.7678919
103010902,35,公斤,.4251561967348785,52597175.11724854,123712592.0336695
107040402,17,kg,.6559388236421609,80709811.38806152,123044723.8050537
109022203,31,台,.956149493961032,117467147.8635406,122854374.3477921
102050301,36,吨,.7913398874454425,97075902.11889648,122672828.2739182
109041205,11,套,.9625557309794744,117955330,122543896.6323242
102040299,32,克,.4276818230529613,52369947.9921875,122450721.937047
109010507,24,T,.4970169125635439,60658400,122044941.4631233
105010903,68,千克,.2860304738733508,34750443.25390625,121492101.1153977
104011007,52,米,.5677562127567067,68778165.23074341,121140312.8409553
109050702,24,台,.5192362187277284,62613726.69995117,120588133.9583206
107030102,33,kg,.5081471552944674,61189672,120417228.2821126
107060305,43,只,.2162431390565227,25983839.47126007,120160295.4185209
108010304,42,吨,.5666272613580623,67547054.66308594,119208974.3461914
106051212,46,PCS,.2822084806941678,33417019.28515625,118412526.8062749
109024307,32,套,.40432421459151,47774685.24609375,118159347.1822128
307030200,27,UNKNOWN,.8858539416682853,104637541.3757324,118120534.8352051
109022903,37,台,.6712091619277579,78545523.18237305,117020934.2148802
106050701,38,平方米,.7574105255412908,88620240.79400635,117004237.207653
109061001,21,台,.5228617764134051,61067955.67495728,116795601.495018
101030104,3,kg,.9999790143416879,116359408,116361849.9300232
304040102,22,UNKNOWN,.866305523262247,100701203.6843262,116242135.1131592
108011199,46,片,.3091170114286586,35798810.50219727,115809901.0363243
107020228,20,吨,.7425236503397514,85725935.375,115452127.8019562
101030308,30,公斤,.9140122055814743,105387690.25,115302278.9044209
109032801,56,台,.2439527063402887,28127376.04798889,115298479.2419319
109060901,26,套,.3697699859204274,42628030.91363525,115282560.8804512
301030102,16,UNKNOWN,.8973014915604488,103270128.53125,115089665.516613
106040902,38,套,.5282038406458456,60788146.18708038,115084634.9635653
105010904,58,把,.1792186441021489,20595114.27850342,114916137.1110746
109023400,28,件,.3918411478820617,44992350.6328125,114822934.9469814
108041902,70,台,.2952556269624027,33893084.83270264,114792341.746017
103010802,36,袋,.4520593977274752,51821502.19132233,114634276.9375696
109012601,22,套,.6372344322173994,72714536.40625,114109553.2977142
103030101,24,吨(MT),.9484866792687963,107662844,113510127.6098037
103010601,25,吨,.7893813829612539,89409827.75,113265690.9320455
109011108,38,台,.5765385328041733,65082815.75830078,112885457.0079651
108012199,46,只,.4932450469763418,55624277.26923943,112772094.9459578
102050304,16,吨,.9496409580852939,105963923.4624023,111583143.6715317
109021101,42,套,.5355329442528108,59607360.8894043,111304750.7704124
107030802,46,套,.2898198321440352,32179845.7722168,111033967.3243065
107030118,21,KG,.6290268840284846,69560456.8203125,110584235.0883727
109060409,41,个,.2168997174117524,23938033.09127617,110364519.4974289
109013505,52,只,.2715936527880349,29864174.91687012,109959031.1124744
106040102,98,个,.5045331513277554,55454801.94445705,109913098.4723587
106051199,34,个,.6919907868320377,75692312.71976271,109383411.1091063
109022105,42,件,.292301630278527,31932057.19241333,109243513.8387222
107060302,60,米,.2901812577945682,31521303.89559746,108626257.0338459
109023604,12,台,.6141745554440482,66637824.75732422,108499813.557312
107020121,24,吨,.7867034796222364,85182306.73046875,108277526.3322492
101011302,39,个,.8805657982048102,95199358.11756516,108111578.1599126
106010104,37,吨,.6859389984928743,73695954.80078125,107438059.3065913
108041802,40,个,.7953855861759839,85016793.99270058,106887521.5622654
109022504,65,只,.2918174432759384,31116179.25002289,106628921.4952784
109021002,31,台,.5286786863253072,56340247.63525391,106568032.8951006
109041699,21,台,.439929474006494,46658699.74494171,106059499.3102303
106040104,90,盒,.7979387555843848,84369462.94405508,105734258.8683584
107021703,32,发,.3632351424899292,38368921.72314453,105631083.6559772
109023501,21,辆,.6252419165952807,66005874.375,105568536.9503555
101030307,8,公斤,.8862377374617969,93404378.5,105394269
109041402,14,个,.7828771441274651,82020678.92749023,104768263.504364
109061501,13,个,.4031173540763218,42180062.99099731,104634698.9641418
109061610,24,个,.4632056512197543,48400919.24710083,104491210.587883
104011001,56,kg,.4484808207389085,46805512,104364578.8974524
102050602,16,吨,.990268168102199,102485173.21875,103492343.3065186
109012405,62,只,.2292236478414381,23701763.50861359,103400167.1808701
304070303,16,UNKNOWN,.4527378786676975,46804596.046875,103381223.9978905
106051001,25,套,.4045756221275834,41621706.43774414,102877445.306427
304040701,14,吨,.6161875395387063,63207878.86779785,102578963.0785408
108012099,28,片,.8365936731768866,85803096,102562449.0730019
109050602,53,千克,.3023058155297185,30941081.4375,102350268.661829
102050507,10,吨,.974445008765826,99597904.078125,102209876.578125
101010901,9,吨,.9941641122324009,101579952.75,102176241.829834
103020705,32,KG,.3789148982930294,38377543.6796875,101282752.0178652
109013303,42,套,.7219979778307489,73083835.89550781,101224432.9479828
109061102,25,台,.5247978283707275,53080338.51679993,101144356.2592316
109012203,42,台,.847952667504997,85736861.32853699,101110432.945282
109022103,62,套,.2562112657653528,25868943.05859375,100967234.9157567
101040500,30,张,.3826941464873109,38548942.2265625,100730420.3118787
109051503,14,个,.630571705420934,63143143.80139923,100136341.7650471
107021802,29,卷,.71380739170837,70858364.50024986,99268185.40035439
108011003,40,平方米,.5640759671873511,55246006.43359375,97940720.12864971
109021001,32,台,.8965850582487164,87554501.16644287,97653312.82395172
104030701,20,公斤,.7878503496263394,76768251.9375,97440144.53240967
109051903,37,个,.7407512937577027,71995280.91153872,97192244.57417977
109011106,22,台,.3711460941762705,35978299.74719238,96938376.32063293
108031202,15,吨,.6102200174882173,58858088.02148438,96453879.47736549
108011004,34,只,.3941173108648219,37954379.22000122,96302238.37850952
107010201,7,吨,.9997118727719708,96251254.5,96278995.09997559
109032803,32,件,.5170734264851509,49709298.41101074,96135859.75383377
103020902,24,瓶,.3057049017396808,29376277.40007782,96093576.62538505
109011606,54,台,.4785324310836235,45196071.003479,94447247.60061455
304070203,6,部,.49083360011668,46281200,94291018.359375
109010499,37,个,.316964461527614,29829014.68460083,94108388.49516296
109061608,14,套,.5370021492302258,50239701,93555865.78567123
304040201,8,UNKNOWN,.784933187880643,73411215.61376953,93525432.16064453
109042406,24,个,.9108839392695368,84557127.09799194,92829748.61297989
109061804,12,只,.9749070922037377,90162541.41929626,92483214.18555641
109022801,38,台,.4084452306396466,37697972.39990234,92296272.72392273
103010704,40,箱,.2236680146022659,20595231.86254883,92079468.31008434
109012801,42,台,.4367863356787449,39704508.66815186,90901444.08124161
108011202,54,UNKNOWN,.359053726459632,32595701.5227356,90782239.87295198
109010204,33,台,.7833828673258404,70945786.72375488,90563362.67084289
109024308,52,台,.2269995291213658,20549780.92041016,90527857.0398407
108040701,94,把,.2869304412656657,25957697.07357788,90466863.53346503
108040800,50,吨,.2739708837534964,24720114.9375,90228985.645576
109051005,32,套,.4658931289395035,41994443.42504883,90137503.25238609
106040110,61,吨,.8020761250421555,72253877.8984375,90083566.43783653
108041104,34,kg,.6861861829279615,61635897.3515625,89823868.33929193
105011099,37,张,.4371461974977848,39169820.09375,89603478.92297173
109050105,14,套,.8152462626579937,72740438.10742188,89225110.79077148
107020226,17,吨,.4993800938555567,44546985.97070313,89204568.86210632
109060604,33,台,.8246339304774082,73397427.44234467,89006072.54888535
109041899,43,台,.3724800462565419,33138361.80353928,88966810.80391502
103020703,18,公斤,.5692408789428305,50515256.77947998,88741442.5915699
106020499,37,个,.6751190661102443,59448593.61955643,88056457.89575243
107020229,11,kg,.742727162449435,65335767,87967386.01094055
304070104,18,UNKNOWN,.7503688428148102,65739802,87609983.58273315
105020208,36,个,.4480588265573495,38857630.73805237,86724395.17956638
106030200,41,套,.4944917679299325,42839244.35186768,86632876.68307114
107020235,14,吨,.7591262500101684,65712201.0078125,86562941.28536892
110030104,30,吨,.6236847474304134,53690154.96269226,86085406.42351151
302010102,16,UNKNOWN,.8741820310389149,75153551.3828125,85970139.75853157
109010202,48,个,.358359566109314,30795120.32275391,85933579.66439819
109020905,25,台,.5332519208712039,45803141.78759766,85894002.4309082
107020109,27,吨,.9317462180185183,79800860.7734375,85646562.58347321
106040399,68,套,.3839324360049055,32850106.34660912,85562206.43516922
109042504,20,个,.864853105404139,73619497.706707,85123701.63983536
109061011,37,个,.3839991185379848,32541079.80529785,84742589.85070801
109040102,42,台,.6228479012872173,52766552.64810181,84718199.32129669
109042106,24,个,.4314936560670991,36214427.53794861,83928064.82493711
109020705,28,SET,.4041598003437806,33782854.625,83587864.49385643
109051306,18,套,.5707207216911798,47680596.43994141,83544533.4780426
103020704,38,吨,.790802316836261,66052456.57519531,83525876.40290356
101011211,32,张,.4534340182161813,37820213.58750057,83408416.81064439
301990100,30,吨,.4420808236359934,36766655.52929688,83167270.69702148
104010603,59,件,.296082362084132,24467650.54943848,82637987.54241896
109020407,28,吨,.4679310100876579,38649572.91796875,82596733.46019211
106040808,31,个,.9051911976306163,74607257.2625885,82421545.25792646
109061099,24,台,.7091591356564801,58260667.26092529,82154574.80780029
105020207,65,平方米,.1462493234954483,11994656.03613281,82015121.50246716
107021414,20,吨,.9923774675219198,81299669.5625,81924138.97255707
109022814,24,套,.7070355545258128,57713209.625,81627026.04638672
109061602,21,台,.7840176631660334,63963999.97134399,81584896.58644104
107020701,31,千克,.9073008210542068,73727315.625,81260056.10722923
106040105,198,KG,.4691251981783882,37997414.5,80996319.63395667
102040303,13,吨,.8953231386817331,72439161.5,80908398.73373413
501010200,13,处,.5944992344452286,47789256,80385731.77406311
109024613,37,台,.6286885476958626,49991556.66967773,79517205.86114746
109020504,39,件,.2318612940135285,18366399.29003906,79212873.23173237
107030109,18,盒,.4085356719829411,32307228.30480957,79080556.53499603
301030101,3,UNKNOWN,.9972276670339959,78585555.3125,78804026.3125
109061802,15,只,.7421869504917117,58286854.55175781,78533925.33126831
109012807,26,套,.5185107485083488,40685227.29296875,78465542.72985077
101020301,15,吨,.9604145005089753,75155048.625,78252721.70002775
109020410,29,台,.8013626386518543,62511954.49258423,78007073.79838562
104010305,22,米,.8815563765060874,68762483.0859375,78001231.59277344
109030104,44,个,.2814617160540624,21632489.56480408,76857662.44901657
109022101,26,套,.4382258334111351,33657797.88085938,76804686.79554605
109060509,39,台,.6324666929164118,48379677.70438766,76493637.12941265
107030105,25,千克,.9669469748884477,73381884,75890287.58114243
108031106,3,克,.9900349958116487,75118872,75874966.35754395
107040199,24,公斤,.6781873784012005,51380242,75761129.79443359
109023608,26,个,.2740891028430544,20733404.63531494,75644760.84693909
109060606,43,台,.5561862874143141,42067240.34442139,75635162.70778656
101030302,37,盒,.2772644445405207,20954381.5621376,75575437.00514126
108010602,21,平方米,.9316859041837939,70388357.8984375,75549450.2840004
109022104,28,台,.7571522992544854,56984611.58328247,75261755.97616386
109024302,22,台,.8425222672818695,63154146.19921875,74958429.76704407
304040502,7,UNKNOWN,.7984195548899468,59396574.76171875,74392685.39697266
109025304,32,吨,.5572890356253538,41426237,74335280.88977051
109022904,31,条,.3894529324562247,28786063,73914100.01319122
104010301,43,吨,.3515479412331942,25951444.59375,73820499.42524195
103010199,42,个,.3933644266381376,29017136.19999695,73766548.86663222
109023605,21,台,.6174015770587258,45358062.76367188,73466062.36374664
107020305,24,公斤,.5314623298604165,39037452.125,73452905.1856842
109021003,23,台,.6128270169503078,44928685.68261719,73313813.58837891
104010601,52,件,.2668098614581352,19478891.26356888,73006639.09915222
109041202,50,个,.5019367172011215,36538966.38786888,72795962.39066935
304020202,39,UNKNOWN,.3145178052143881,22864174.65063477,72695962.74541473
102051000,46,吨,.8917641184409821,64390440.61877441,72205686.78110123
107050103,42,条,.5500793794276435,39644737.98915482,72070940.07124043
105020108,54,套,.4545234967917299,32727538.85035706,72004063.77528454
307020103,31,UNKNOWN,.5918363304709087,42492855.15625,71798321.54345703
109024001,8,台,.9892827596803272,70940999.3125,71709527.55249023
107021415,21,吨,.5331402531103877,38192871.2890625,71637568.28759766
104011305,39,个,.625660944357263,44653233.22377777,71369698.91839695
109040603,22,套,.261041016440615,18627025.65968323,71356700.61996078
104010403,15,米,.925985259506401,66021606.32568359,71298765.98778321
108041111,17,百米,.7537532807170484,53494585,70970948.1451416
104020202,28,件,.5872297397198044,41565105.00119019,70781675.70501947
108031103,13,克,.9270139028938688,65500129.04394531,70657116.18722534
107030119,45,瓶,.5954695219836558,41758044.36519051,70126249.66276051
109025201,16,台,.8238227307456045,57574266.06835938,69886717.03225708
109042505,40,个,.3538262189266175,24721308.21781445,69868502.94138765
103020503,36,千克,.2981118026791623,20722154.6484375,69511352.66099936
103010703,27,公斤,.4540775985855368,31550536.30664063,69482697.24144363
108032299,22,kg,.4140208209595782,28514418.23730469,68871942.65065384
109061010,17,套,.6654415984568789,45557227,68461645.77874994
108032401,32,公斤,.3710159283223117,25328386.60864258,68267652.88265228
109022406,35,套,.4442718966606649,30292912.79905701,68185525.63588047
107050802,56,套,.4745846923137634,32283529.11902237,68024800.71919107
108040410,52,件,.5388771986075394,36609601.7017433,67936817.13819522
109050104,18,个,.4407127274619122,29869080.70581055,67774490.82949829
104020502,48,条,.3297196389507791,22332702.68920898,67732400.65491772
109060504,13,套,.5735330396905308,38780928.96875,67617602.27392578
304050103,27,UNKNOWN,.4959110471200722,33520807.0218811,67594394.63296509
109061605,34,套,.4286432619441103,28835992.9750824,67272707.94902229
109010701,33,片,.2954236348828762,19606237.65873146,66366516.90547562
103011106,25,公斤,.9055531699295269,60056356.70150757,66320077.82180405
106050402,43,个,.2523489368781308,16732986.30899048,66308923.33448386
105010502,42,平方米,.3807664356406156,25238406.94775391,66283171.48094177
109061901,22,台,.4131083711606401,27373753.56311035,66262887.59582138
108012299,31,吨,.6006070529669973,39769250.8515625,66215091.30654144
104019904,43,米,.2776486763554059,18378088.09863281,66191880.83255196
109032301,9,个,.9767534542542937,64644216,66182736
103020511,40,箱,.4815675732587081,31829853.65185547,66096339.16267824
303020400,20,UNKNOWN,.7246778930395198,47891241.41894531,66086245.87411499
108012002,39,支,.3787906436250021,24988911.3125,65970244.33697128
104010502,20,件,.4382792293547298,28860234.81001282,65848967.68323517
106010106,56,个,.2756505960608926,18138451.27113056,65802329.2179774
108032201,15,克,.9000033324588016,58977368,65530166.24824524
101011699,22,公斤,.6532405286575733,42716808.625,65392159.16805435
109060703,42,台,.4793710216256645,31289687.46105957,65272379.95102119
103011101,29,千克,.3081672986582666,20107667.80749989,65249193.84713078
101011700,48,千克,.3837568510276185,25032434.52510071,65229935.20003414
108032408,12,千克,.3623252633151102,23513329.5,64895639.03125
109060510,29,台,.4207634445993805,27226066.14714336,64706348.65408993
109023899,10,套,.5086690772843705,32899838.25,64678274.578125
101030202,15,kg,.9607185421739429,62129347.28051758,64669666.03968048
109020402,24,套,.4120441642218734,26415677.61328125,64108850.23251343
109020811,49,套,.331643352295361,21137623.31344604,63736007.87457037
109020107,19,台,.5549788315457621,34992712.04870605,63052336.52109241
109012604,17,台,.6977731603416961,43940893.21484375,62973034.37886047
101011999,21,棵,.3316017636073097,20773481.71972656,62645872.24670792
103010303,32,盒,.3326142357382779,20770416.88644409,62445964.88884974
107021905,47,吨,.3405832476138669,21246510.53320313,62382723.40773249
105010601,58,个,.3603218968542148,22408128.00385308,62189193.05067754
109050203,23,台,.6087079762878755,37641805.43144226,61838856.88667297
109032104,24,船套,.3442865833868916,21255342,61737352.03649902
109010102,47,台,.3050921252011786,18817979.89453125,61679664.40340805
106051301,14,个,.6163162085686263,37870599.93611622,61446704.48318958
105020102,35,个,.3204327624219653,19545587.97339249,60997470.50101471
108010303,45,米,.3541565682817387,21264688.46340942,60043185.32500839
106010206,74,张,.1639737360309153,9829881.243477821,59947900.69078207
105011001,37,平方,.5744010456417403,34402566,59892937.62786293
103011299,23,吨,.8965804802260585,53105982.7421875,59231696.33226643
109021404,9,台,.8205456235097663,48060967,58571961.90313721
101010109,37,吨,.768867222492666,44905638,58404932.19936728
106010301,62,平方米,.1924548475054088,11191061.41894531,58149023.33717936
109031402,25,个,.8766081510242818,50698573.95670319,57834933.31366348
107021102,38,克,.3271604084403333,18871082,57681435.50732136
104030602,14,张,.339939442766567,19604899,57671739.53233337
109061808,26,套,.2857246776196725,16469882.9375,57642493.72755623
108031002,8,吨,.8120773896234921,46665413.30371094,57464244.04864502
109020204,23,套,.5658974632336193,32436634.88916016,57318926.12455368
106051099,31,支,.2293923210980183,13100014.75,57107468.49456406
109050604,33,个,.218641018870064,12431905.82227325,56859897.0427475
304050199,18,UNKNOWN,.6078429589945731,34491714.4609375,56744450.10926819
301050402,7,UNKNOWN,.9885020267579087,55916292,56566694.33789063
109051405,29,套,.4983668922875357,28159075.0696888,56502700.13009262
108031902,15,公斤,.6206331096445229,34980653.6015625,56362854.41103554
109042305,24,只,.7329402651337708,41195034.37644196,56205172.96716309
108041114,36,米,.4083447979318648,22934024.91137695,56163382.09163046
109021103,28,个,.2563790353591849,14346003.80260071,55956228.17794785
109021200,43,件,.2864952690723437,16023757.08260345,55930267.66022182
109040602,37,台,.4145183433862417,23148844.8704834,55845164.00740719
109013502,37,台,.4368736772076522,24387468.6295929,55822700.93604469
103020204,37,UNKNOWN,.4316304888717846,24057575.30378342,55736505.93280888
109032102,26,套,.5712675528426649,31821905.63671875,55704031.28686523
101010107,45,公斤,.3040337388157804,16809829.99511719,55289357.22920728
109040304,18,台,.6279320702305253,34491693.52624512,54929020.44895172
107050702,25,吨,.8086097896118251,44362000.84375,54862062.53457069
109061401,49,只,.5514844702915608,30126305.20791626,54627658.31282425
108012502,28,千克,.5820845123992624,31754938.45019531,54553828.1362381
106040101,70,个,.4778533253729089,26043332.89410008,54500683.60155555
109020806,56,双,.3331286618119293,18111694.44967651,54368466.37922025
107021512,18,吨,.5249927141451352,28391991,54080733.37976074
108041502,35,只,.4534472778852819,24427802.98732758,53871319.0676769
102050307,6,吨,.9800967555959258,52665120.54980469,53734613.69921875
108031701,34,吨,.591105328005428,31597973.15625,53455740.72707367
104010808,31,个,.2538321840168766,13478806.16929626,53101249.63665009
103021202,47,公斤,.4709528820710446,25003437.22265625,53091165.11338051
109022099,33,个,.2571031643108753,13575455.95858765,52801590.34593964
109011703,19,件,.4551778826342776,24009219.76374817,52746894.52132034
102050800,22,公斤,.7861867884503033,41152764.1875,52344766.90789795
103010904,17,KG,.7205256933208912,37710377.41992188,52337311.17361736
109023204,37,台,.351982907699521,18233144.72253418,51801221.94484329
109023803,18,套,.3775179441080363,19492747.8125,51633963.67437744
109025307,39,套,.6916086186256737,35698916.53710938,51617223.34815359
106020105,52,UNKNOWN,.6144463723356789,31532530.90466309,51318605.3728323
103010502,33,吨,.587631648518451,30147552.9609375,51303487.54520988
104010306,12,只,.6893999533198777,35281952,51177769.63879395
109010302,13,台,.5449119791875282,27880287.375,51164754.0150795
101011204,23,箱,.6331986039180231,32284357.015625,50986146.86744428
107029904,14,个,.977342833116837,49758463.36026001,50911984.69382095
110030103,21,吨,.3595108644171898,18294998.20849609,50888582.29125977
109021699,22,套,.6409704651558803,32554866,50789962.67337036
108040799,56,个,.3457929628443357,17446740.60427952,50454296.29559422
109011102,47,台,.7661696235717069,38650925.00923157,50446955.63503265
108032002,12,吨,.5522691193773007,27847444.125,50423685.02587795
101011209,28,千克,.3465214812744762,17471228.23278809,50418889.38177919
109051307,20,台,.3577891343978519,18028413.42004395,50388375.96447754
107040306,6,KG,.9861517302541022,49579688.24023438,50275922.78062439
108040405,73,个,.3616614173390938,18163712.271842,50222974.86273384
109060406,68,吨,.475141534137249,23665422,49807100.20009327
101010299,24,吨,.8102729840075956,40296407.171875,49731890.32240677
104010508,31,条,.6006559515033431,29839715.86201477,49678548.57232475
102040106,12,吨,.6596184836367548,32748736.3984375,49647996.85096741
109020103,26,台,.5107783880976873,25349390.14465332,49628940.32980347
106050205,36,只,.3286169407396422,16244606.55484772,49433259.64353752
108040408,71,套,.4732223339682415,23238761.21818542,49107490.3910706
109021406,11,套,.6330027949226833,30917752.875,48842995.83349609
108011102,30,片,.7884665620797211,38433753.38842452,48744937.62557113
101010999,23,吨,.5460481422618164,26391779.3125,48332330.55821991
105011003,18,千克,.4741595979769289,22707182,47889322.70248985
104011006,29,米,.7256835974769177,34742439.84848022,47875465.24308109
102020500,39,吨,.6286067367538808,30089926.99176025,47867649.56917953
106040202,81,支,.4507565534440766,21427245.4217689,47536181.68843171
107030211,20,盒,.9260598027667148,43920499.34712982,47427281.92705488
102020699,34,吨,.9026240258204877,42701416.42773438,47308087.53835094
109022701,20,台,.3236836995496279,15224239.06054688,47034308.74563599
109022003,34,件,.6869282939892287,32257024.70117188,46958357.92968178
109011203,13,台,.6778961895335069,31284361.203125,46149191.69947433
104010701,52,个,.1712240808462299,7893612.994155884,46101067.99898577
102050403,27,吨,.4573698645375296,21033969.77539063,45988971.74097633
108041302,51,米,.5787870446322655,26558886.75842285,45887147.96699905
106050501,31,千克,.4480569569797417,20542439.25,45847830.12515259
109060305,26,台,.5536041746595995,25329472.38549805,45753759.71662903
110020199,19,立方米,.4594479061359085,20978718,45660710.86586761
105010103,50,根,.2871592945833498,13109390.94186401,45651981.98054123
106051213,37,件,.5622243096088166,25521597.19198608,45393976.66697025
109023606,27,件,.2325307951903667,10497796.15744019,45145831.75465393
109025305,68,套,.4228991134379598,19091111.1607666,45143417.3166393
107030803,36,公斤,.383562260968164,17305631,45118179.65698242
107050901,44,个,.4422968754136036,19949844.09756088,45105098.42264938
109024703,19,台,.874234043896381,39201697.45214844,44841192.95724297
101030310,17,公斤,.9778212782690976,43781440,44774480.74918175
101030311,33,盒,.3546702087276077,15772797.44213867,44471729.09933472
304070201,5,UNKNOWN,.7842728429639942,34862946.90814209,44452574.40814209
107040102,16,吨,.8691102339676253,38549502.8125,44355136.21386719
109062303,6,个,.9940510079273083,43703107.40625,43964652.77709961
101011203,27,公斤,.5037954549977636,22039795.58813477,43747507.78216648
109030702,23,台,.6767481986006212,29559949.62579346,43679391.66578865
107020119,22,吨,.4692023492813652,20484166.8125,43657425.93547058
108012004,47,千个,.2966022867561572,12923556,43572003.91588593
301040201,3,方,.7578117237071507,32958076.078125,43491114.015625
102040108,19,吨,.9311831253620076,40095957.09631348,43059153.46213531
105020103,22,个,.4131651601827367,17727913.65616608,42907571.51044703
109042601,11,千克,.9761786776745052,41612012,42627454.32949829
109013605,23,PCS,.4172795762477918,17766268.9296875,42576416.24697542
109060308,31,套,.5571553411360564,23717639.57293701,42569168.45592117
108041305,28,kg,.5954848744679506,25329113,42535275.17828369
108012401,42,KG,.5512846340019558,23445938.01171875,42529641.79595757
109021603,22,台,.6724897662333432,28561802.41088867,42471727.96526718
106051211,35,个,.5527232619643347,23264980.42972755,42091552.91754079
109025402,21,套,.5602310255890445,23411549.69067383,41789098.82054138
108042500,29,枚,.432778214349838,17939154.6875,41451150.01791382
107021416,13,吨,.9288503697298089,38427617.796875,41371160.57568359
109060404,44,只,.5066168829361646,20894481.2543087,41243160.18292165
109061503,16,套,.4300239423366798,17705731.61132813,41173827.47369385
107020232,16,公斤,.6317468930414192,25981842.65039063,41126981.29041243
107030706,26,mg,.3181833043439997,13069368.125,41074965.11152649
107030117,9,千克,.5555112075414141,22644690,40763696.0201416
105011005,31,个,.3836883355177621,15552245.10447693,40533536.37527239
109025102,8,套,.8375064306409764,33864834,40435312.20898438
106051210,39,个,.6424319689119882,25960041.65858221,40409012.80574143
102020400,16,方,.5204430962079754,20995551.25,40341684.62023354
109023302,30,kg,.4285940438563385,17252326,40253303.20685196
109022503,49,套,.4728570039572569,18970089.85793304,40118026.5898056
107020406,15,吨,.8682581729056003,34813764.4375,40096097.59387207
109061607,25,个,.4881286864551619,19557074.02526855,40065406.04547119
109024208,17,台,.5704772010879097,22826158.24023438,40012393.47813463
106010506,36,EA,.3736108863274074,14946494.50976563,40005511.23306274
109010703,26,台,.7221072990779253,28816250.73910522,39905774.08080673
109011702,26,台,.8041472379135028,32078750.66116333,39891638.18357086
109061101,36,台,.2689430614442948,10707864.24511719,39814614.24441719
101039900,17,kg,.7600481951900984,30235345.52576065,39780826.68586349
102020601,35,个,.2546294196114655,10085867.74023438,39609985.97736359
109061506,49,次,.3546243794595314,13920924,39255406.01922607
103010202,27,公斤,.466236089737621,18232853.90546417,39106483.40355825
109022405,21,台,.4763245589999652,18615414.44970703,39081366.05173111
104010304,24,米,.9499069339806797,37073386.39807129,39028440.65229797
109011603,13,套,.5762038347894818,22482471,39018259.93264008
107030708,15,支,.6830627106311655,26611243.16601563,38958711.626091
109041299,59,件,.3424082913124468,13330246.69519043,38930852.53308487
104030503,51,条,.3285819059191493,12783881.5617981,38906224.9975009
109010513,24,台,.9296710321261745,36081453.4278183,38810990.31912327
109012703,43,套,.2811436370790661,10854060.3215332,38606814.77376175
301050201,17,吨,.8351089210890527,32133171.14526367,38477820.47802734
109032200,29,套,.3235260659534796,12419924.3347168,38389254.04082489
109060508,10,套,.5466208665382369,20977069,38375902.35595703
307050300,16,UNKNOWN,.8567033467737445,32768951.42871094,38250056.51269531
108041303,26,支,.3457961000360593,13220999.625,38233512.82336998
109062102,9,台,.5559390745141521,21246082.6015625,38216566.48281097
109021104,33,套,.714642268636914,27307702.52883911,38211709.1687355
107050105,35,条,.9018601272168385,34234768.22132683,37960174.96302462
109060407,28,台,.4712222583796269,17871594.2755127,37926040.11738968
108011201,60,个,.4261635382108161,16122886.79045534,37832628.42744565
109024005,12,台,.868850650013801,32727499.56176758,37667577.92176104
101059900,35,斤,.3402256140247616,12700954.77812195,37330977.60592937
109023211,18,套,.343431761189727,12788979.46777344,37238779.03275299
104010809,52,件,.3210686160124353,11897010.49886131,37054417.35980988
109040306,16,个,.733342278232693,26904812.75088501,36687933.51956177
109022205,39,台,.5544852264576927,20250931.62628174,36522040.01115417
101050600,17,箱,.3879222409554572,14145267,36464181.49462128
306030201,6,单,.9518776452094038,34678351.34765625,36431521.97363281
109061008,10,套,.4729914165987434,17189184.625,36341430.35534668
108040502,23,把,.5771793105752261,20627983.33616066,35739297.92390251
109022502,48,个,.474380054122222,16933569.54981112,35696208.9840486
106041099,24,个,.5992806508577163,21300487.21111107,35543425.57301807
107030412,30,瓶,.6210251251698758,22042801.53106689,35494218.57132959
306011003,9,笔,.9328444585505472,33061820.77734375,35441943.69628906
306011001,13,UNKNOWN,.5048037707781715,17853459.97949219,35367128.79931641
102049907,22,支,.615687931441812,21768250,35355979.69091797
106040901,22,套,.4610624475038252,16040357.51751709,34789989.08794022
109031900,24,艘,.7470663578183954,25922075.63635254,34698491.4593811
103011500,24,吨,.7313834150299553,25361638.421875,34676255.84705973
109012804,23,台,.4815859626321884,16632500.97387695,34536930.609375
101011602,33,公斤,.4010232781973209,13841761.65625,34516105.19586658
109021401,29,套,.4015602443535992,13849581.98999023,34489425.147861
108010402,33,米,.586472736721975,20073394.36877441,34227327.39627838
108040402,79,PCS,.4371388826878965,14938457.03341675,34173251.62557626
109020801,19,套,.7441737367275104,25181727,33838505.3881855
109024612,21,台,.4231099055389893,14266578.82128906,33718375.85110474
104010807,26,个,.7260902456796202,24433340.72770882,33650556.35038757
109024508,39,支,.4764481113958534,15988308.81164551,33557292.87037039
109062004,18,个,.5036066836497093,16828225.63938713,33415413.62682199
106040111,81,个,.2316598064735982,7711422.916202545,33287703.35082448
106050502,27,个,.3168014656964125,10544230.62519169,33283402.27849865
106040103,64,组,.3851896806911851,12763441.5494957,33135471.14396459
106051214,39,吨,.9035680461183992,29830710.4375,33014348.57689857
101011401,48,次,.5062020964594727,16668543,32928632.88513565
109012607,12,台,.7158411958972128,23386978.05377197,32670623.2999897
109021804,28,台,.5409677490350214,17672447.10601807,32668208.29438019
109012605,17,台,.6640081983223661,21656625.40802765,32614997.01772308
109020203,19,套,.4597071930074889,14788796.60791016,32170035.25909424
106010402,26,只,.4296544012828156,13803374.10528564,32126690.81027222
109022810,14,台,.9180125341030387,29204773.609375,31813044.51132584
109011209,13,套,.5899070324222241,18736112,31761126.70341873
109022802,27,台,.3809616124977061,12028863.5,31575001.53659821
109024615,48,个,.6045811687399368,19057334.09082222,31521547.60384178
109010514,37,PCS,.4282987140193495,13473506.41738892,31458199.56111336
101011202,34,KG,.6796972303301675,21303991.61946106,31343355.05400324
104011303,27,公斤,.2851630340369639,8921052.564941406,31284042.81105042
105011002,27,KG,.6071593144632457,18892520.8671875,31116249.75051117
103020599,25,千克,.540842345892292,16725687,30925254.14666939
108011800,34,件,.712876982040179,22008742.43572998,30873128.16966438
109022005,16,台,.5243340654645487,16166353.046875,30832162.3782959
109061905,18,个,.6785278819575967,20919441.05641174,30830628.50130463
107020405,10,吨,.9599418183349085,29549913.078125,30783025.08935547
109011104,28,套,.3901977898063093,11991123.875,30730886.20248795
108040401,56,把,.3633029901750338,11150314.52807903,30691502.21611714
102050505,17,公斤,.3753871730940025,11513555,30671146.55278015
101020203,14,吨,.7675813086806458,23401288.22851563,30487048.0350008
109010510,16,台,.987301295255718,30072432.875,30459225.58747482
104020106,9,件,.8603627646748184,25883063.6619873,30083895.68296814
101011201,34,千克,.2541787283757975,7641407.077514648,30063125.76328969
109050703,27,套,.4102993915992733,12292417.2771759,29959628.33203888
109061809,16,个,.4549886344658575,13622150.19726563,29939539.50796509
109010706,18,台,.9642620108638137,28861657.49414063,29931343.5238266
109024403,25,台,.6317331210305964,18852900.17211914,29843140.31431961
108040501,36,把,.8499103425159515,24992793.83606052,29406388.63397694
109060503,22,台,.4193700693975486,12324581.39916992,29388319.04927063
109020101,24,套,.2675254765057653,7801077.701660156,29160130.10630798
109012602,16,台,.8107952738233078,23410051.25097656,28872949.81455231
103020502,22,袋,.4568374396204661,13157068.42473602,28800328.70262718
108020403,25,吨,.3127401229354312,8973231.9296875,28692295.20492363
109042605,28,km,.4241084077410387,12149552,28647279.27633667
109023802,18,台,.7565670416575098,21487584.625,28401428.34919739
106051002,29,批,.1800033267720282,5098748.28125,28325855.81991768
108032301,33,套,.4664534230475033,13211219.703125,28322698.58116055
101010108,33,台,.5308365215008449,15002180,28261393.84227753
109020502,28,台,.5256513661971428,14820746.85452271,28195012.52654266
105010402,21,平方米,.4093673872350043,11492326.78027344,28073381.36507702
107020218,12,吨,.654188397713579,18328653.87890625,28017393.67889404
109021802,24,套,.4795082154271351,13431440.03125,28010865.29724121
109012999,31,台,.7836119935222859,21929749.2462616,27985469.11933899
302039900,16,批,.7069141622243756,19782085,27983715.78488922
106051006,35,套,.5790561754022726,16145146.33355713,27881830.8471385
107022306,23,支,.5980876709838076,16559922.49047852,27688118.80579102
104010801,38,平方米,.4270401034533372,11739621.33734131,27490676.50182438
107021903,15,吨,.7333155152027061,20156442.11035156,27486725.28056335
107020501,22,吨,.4371477495526179,11980912.4453125,27407009.31795692
109021902,22,台,.3582662431362233,9809543.5,27380596.65942383
109060603,20,台,.5770554019574698,15780905.94125366,27347297.82915497
109024801,12,套,.4927611542428266,13452255.19921875,27299747.72441101
103011401,23,件,.3412212072375343,9299764.237304688,27254355.94286156
107020227,27,千克,.3943121410131111,10734519.87011719,27223406.92461777
109021402,22,台,.651371829292404,17728565.67037964,27217274.17907906
101011207,31,公斤,.5071934836525278,13773103.36933517,27155521.14382243
109060408,20,台,.9084803178228492,24479260.26470947,26945284.10188723
106051003,26,个,.6028639753006401,16202072.66235352,26875171.39214325
109051499,25,只,.6022533995987545,16126510.04464722,26776951.45497119
109020406,28,套,.3509077411147049,9378093,26725238.29257584
103010102,30,1袋,.4405258117338759,11715486,26594323.61951447
109011605,26,辆,.3860394773522413,10207492.88378906,26441577.82463074
106040605,30,套,.2468859526965824,6520453.427185059,26410791.5252617
105010701,40,吨,.199654172918334,5265782,26374515.10795069
109023601,13,台,.8398974634922369,22047920.08911133,26250728.2703743
106051105,14,台,.3416018542856156,8881351.600830078,25999131.70671585
109062204,21,个,.4939658969796735,12839708.31000805,25993106.7883749
106050212,32,台,.2480894879909407,6443559.8125,25972724.05485916
101011210,29,公斤,.3105733163656995,8063763.00856781,25964120.49473286
109022001,77,个,.2649175020641482,6861115.955764771,25899066.32179928
107030603,14,吨,.8081542736324666,20911246,25875314.50648499
109061805,2,只,.9999418229436995,25536074,25537559.70004845
101010203,21,箱,.5732467692070643,14598614.50999832,25466544.76603794
105010703,44,平方,.1833513069479096,4655591.5,25391646.11094189
301020202,8,吨,.3812572868411039,9677323.09765625,25382657.41184235
109012806,24,台,.263075056693064,6664564.970947266,25333321.42819977
103011108,20,支,.278157807107268,6976731,25081916.8893919
103021203,34,千克,.462564198227228,11593907.49023438,25064428.96935797
109020207,20,套,.486250477506723,12164412.734375,25016762.54746056
102020603,32,吨,.6270322385012602,15558001.3125,24812123.45586395
104011402,20,条,.4815839322751452,11937315.18310452,24787611.01249599
101030106,15,千克,.477592971813111,11814622.234375,24737847.77343464
106051303,17,个,.9136345912984062,22558208.21366882,24690624.0509243
101011206,22,公斤,.8309667103696018,20337339.51607704,24474313.18521929
109025099,24,根,.47703661555209,11665661,24454435.19361496
109023607,16,台,.7706701274107067,18828246.49023438,24431005.97851563
107020503,14,个,.8166853328104493,19912535.96972656,24382139.81534576
109042104,11,只,.7673049133209161,18654566.17277527,24311803.36385155
107021505,28,吨,.4338321386390692,10537194.25,24288643.72071457
103021101,25,KG,.7642148100235986,18526637.24023438,24242708.98343658
109062105,22,支,.56932088521667,13786547,24215775.94989014
108012105,20,个,.7050846330198322,17057682.75492859,24192390.46789551
109024704,9,台,.4535237945191608,10935281.9453125,24111815.25085449
108011402,26,套,.9253900044693818,22152637.04536057,23938703.61509132
108050000,36,吨,.2962761024631122,6966702.453125,23514223.37207365
306010800,9,UNKNOWN,.7360691602939334,17229754.69921875,23407793.21923828
103010705,24,吨,.6676253452840841,15622239,23399709.29856253
108011502,20,个,.7596069729007028,17621454.43895721,23198120.95940399
106010401,40,个,.3270557370295049,7561853.72467041,23120993.97292709
107030114,29,盒,.3113555665737582,7173709.145019531,23040246.95611191
101030201,17,kg,.538726326128397,12383288.68729401,22986232.68754578
108032203,7,克,.9741895012210411,22275329.3359375,22865499.27710962
109061199,14,套,.5619106045853351,12843923.5,22857592.28459167
108010307,25,根,.4531465748375505,10333600.62402344,22804101.80244207
105010902,30,套,.3351551117314918,7603376.470092773,22686142.03976154
109020807,39,台,.3015024642818878,6802214.954833984,22561059.23059487
106050399,40,平方,.2272377998611452,5083054,22368875.26241684
103040102,12,kg,.9081979730404228,20314940,22368404.91065025
108012501,12,吨,.9377172037137399,20892236.375,22279890.24010468
101011000,30,公斤,.4781744285047184,10504587.29793167,21968107.60203171
109042502,19,只,.3694715597460997,8114435.999450684,21962274.99899292
107021615,5,吨,.9943325380434016,21680414.29370117,21803987.5637207
102040112,10,吨,.9473683860432593,20490992,21629381.2437439
109022805,10,件,.8638042727320606,18579498,21508921.16015625
109031802,3,艘,.8864108514014853,19026504,21464656
107021807,24,片,.4634811854622101,9944788.210258484,21456724.72193444
109041206,27,只,.7689594361329911,16467231.70001221,21414954.97190857
107030303,30,kg,.3154428221032477,6747963.863611221,21392034.91339087
109024212,10,套,.8506166099549338,18194680.5,21389989.66992188
109030701,19,台,.6342633808738795,13536370.15185547,21341875.56785202
109060402,35,千克,.4587451272696189,9742787,21237908.41766012
106050307,18,千克,.8865364545225741,18716631,21112082.76266479
109030602,4,台,.6473964540469695,13651386.75,21086594.875
109022403,16,套,.6672900477246975,13973564.34997559,20940765.41021729
102050515,12,吨,.8981379528606191,18713782,20836199.98508644
109024306,31,UNKNOWN,.4469835208717652,9299582.369873047,20805201.83772278
107051001,45,公斤,.3015288635826366,6154385.756347656,20410602.43196583
109020503,8,台,.7023457688315042,14266606,20312795.5390625
103040203,16,个,.7565180584547131,15277826.10986328,20194925.87007141
101011301,41,个,.3224617654502012,6480895.839248657,20098183.82715988
109024616,13,台,.5343075269507086,10733244.07397461,20088139.38150787
109023002,35,台,.6189694640133734,12395088.01373291,20025362.69457245
106051005,15,把,.9115611370789634,18248713.20298767,20019187.37065125
102040201,11,吨,.4137830193136053,8268172.205078125,19981903.12109375
109030603,6,台,.8848756629894897,17286500,19535512.97998047
109022004,21,台,.5571814155849056,10820359.53125,19419814.13700104
109031202,6,辆,.5202772851343742,10057956.90625,19331916.2562561
109032302,18,台,.690776250477121,13341461.48046875,19313723.46871185
109024602,20,台,.6506201939420566,12487934.20153809,19193892.7162323
109021901,14,台,.8900497019105996,17034108.0703125,19138378.49026489
109062599,33,台,.5872569303543509,11195868.32421875,19064684.88581848
106051203,42,个,.2567645744065785,4884052.196475983,19021518.86709356
107021804,40,升,.1855586991882645,3520421.5,18972010.01839447
109061609,12,台,.5292562013300589,10039303,18968701.68884277
302030200,18,UNKNOWN,.7543291457069353,14268531.17480469,18915524.15283203
108032414,6,吨,.6851190168233638,12941141,18888894.75
107021808,29,台,.4287527992143367,8090965,18870932.18942523
109012902,14,台,.7058630366791593,13301127.45898438,18843779.5546875
109025105,16,户,.8834665121950072,16615332,18806974.31158829
107022699,18,吨,.7764223207783224,14589070,18790121.8313446
108041107,25,千克,.4732057369869536,8700471.25,18386233.66106796
108041108,41,kg,.4646898797471755,8540553.131103516,18379038.37232304
109010404,21,UNKNOWN,.4722483748468139,8639088,18293526.16152954
109011607,32,台,.4383270392568637,7965344.455612183,18172149.42778015
106050801,32,件,.2305606378434744,4178239.283721924,18122084.1632061
107021608,20,吨,.6809080618876879,12321739.5,18096039.96439743
109031805,8,艘,.682157372159148,12322056.375,18063363.203125
104030504,11,个,.4456188744346142,8018851.96875,17994866.08129883
109060806,13,个,.3902809975691414,7020009.125244141,17987063.60024738
109062401,14,台,.5539492380035232,9932401.346679688,17930165.19433594
103011301,26,公斤,.5294828898877666,9454782.864681244,17856635.30446726
109011107,17,个,.3451689274511719,6157080.699874878,17837876.50105286
108041903,47,顶,.6214834773350388,10929555.30249691,17586236.32178211
107021503,8,公斤,.8459981801150182,14852219.5,17555852.77734375
109051404,27,只,.4365318681721134,7640995.631469727,17503866.70156479
101011208,26,公斤,.4717399214589699,8252032.068359375,17492757.54071856
109021809,24,台,.3942752918691466,6887792.919921875,17469501.79725647
109023003,13,件,.3854129250421288,6657198.4765625,17272898.86771393
109024304,16,台,.7731798401891087,13038130.98046875,16862999.14038086
109042503,14,个,.6437390726332,10848086.23008728,16851682.13529968
102040304,7,吨,.9994250157236769,16819149.17578125,16828825.48582458
102050700,49,个,.1199963535803632,2005385.654316664,16712054.94568324
405990000,8,UNKNOWN,.7309011388562353,12199265.22924805,16690718.59477234
107022305,17,瓶,.4531966030898596,7532481.490970612,16620781.0023613
109011211,13,辆,.4732810689172968,7800000,16480693.00097656
108040599,14,把,.4287167302658882,7052739.239952087,16450814.12049866
109021808,20,套,.4647329447385292,7636986.615234375,16433064.84228516
109020404,34,台,.7183013379748996,11762325.67346191,16375196.66415119
109024209,20,台,.5859454470278707,9578349.876976013,16346828.74585152
103010907,19,KG,.4445184706542391,7182774.90625,16158552.18722057
103011104,26,盒,.3729745947733482,6022863.648620605,16148187.39137077
109025303,42,个,.5747177570824429,9116968.640289307,15863384.29244232
109020906,20,台,.6738057511338107,10679231.53710938,15849124.94311523
102050402,18,吨,.6889773922528669,10907883.703125,15831990.75292969
109023603,21,台,.6195207020140343,9805166.795288086,15827020.41015244
109021502,23,台,.3534211130137769,5565940.201171875,15748748.4369812
103020999,29,箱,.2416301718536416,3776171.324661255,15627896.53168201
106010105,23,吨,.9631636589594194,14950222.25,15521995.78018951
104011403,26,条,.6068313553521465,9410083.560302734,15506917.16455889
107040309,8,公斤,.4806434198466147,7451508,15503193.61987305
106050603,23,个,.5356797703726999,8225641.096946716,15355519.38282776
109050603,32,台,.3849727182529789,5910775.991210938,15353752.90497017
107030112,12,盒,.9224004354373994,14113376.65124893,15300704.67123795
109022809,20,台,.6433409418831555,9827165.75,15275206.51994324
109062702,32,只,.5708380370942228,8680910.844598174,15207309.74548793
106040106,41,KG,.6668068190200863,10123233,15181657.88237846
108013002,23,吨,.3832154146135606,5809130,15158915.26925659
109022401,24,套,.3249801821960117,4925415,15156047.2602272
109020803,18,台,.4028277106321199,6099050.76953125,15140593.87811375
101030199,18,元/公斤,.7110789549265953,10722198,15078772.79409409
109023903,4,件,.9988912019326165,15025312,15041990.5300293
103010906,33,kg,.2564548955230189,3851309.254463196,15017491.65914249
109062701,31,台,.8931066928868028,13367812.9385376,14967767.05964279
306011002,5,次,.9204053287893973,13764226.70019531,14954527.39099121
108032204,4,g,.7367610292676584,10978865.40625,14901528.40625
109010303,22,套,.4759183441978319,7020758.939453125,14752024.21811819
109061103,21,台,.3472763538157518,5053258,14551114.53594971
109051505,18,千只,.3519297002686261,5003766.5,14218085.30561829
106040704,20,台,.4841890189991443,6849891.64239502,14147143.72613049
106050301,22,PCS,.3512615887759737,4925300,14021743.78691101
109021405,25,台,.414690399353463,5803209.690368652,13994077.74912643
109032000,10,UNKNOWN,.4523621378458398,6325400,13983044.71307373
103011303,26,袋,.4476530435521073,6253925.67108202,13970475.039011
101020406,16,KG,.7403981466740887,10328188,13949505.47404099
107050106,27,个,.5228458369974044,7257127.939331055,13880053.02099609
302010101,6,份,.4989485280563194,6913650.3125,13856439.94067383
302030100,15,UNKNOWN,.3333460994992686,4612346.052490234,13836508.23999023
102050205,29,立方,.1796934028211677,2451972.875,13645313.83180618
109042304,24,只,.3767618537729219,5105339.868255615,13550575.29611969
109022102,14,台,.4651873345822712,6282316,13504916.26269531
106010509,21,千克,.8107697571848171,10865775,13401801.07078552
101011212,28,公斤,.347750378913866,4641212.72416687,13346391.56587791
109060802,24,个,.4373871267732833,5817649.484531403,13300916.11851883
109022806,14,件,.633398202207875,8339982.375,13167044.59521484
109020908,10,套,.9042493064353915,11900600,13160751.03990173
101030299,14,只,.4261801263332834,5588681.802129745,13113426.59314728
107022603,6,公斤,.5475444110093967,7164883.375,13085483.53510094
109022901,18,台,.8415783037610134,11011998.609375,13084936.43450928
109020206,8,台,.7741557182243074,10106703.71875,13055130.22875023
109024402,18,套,.483211600232357,6209414.509994507,12850301.00065613
108031299,7,吨,.7638754681518949,9762397.375,12780090.1875
109024609,17,立方,.4362054639632016,5560237,12746830.24252319
109023901,10,套,.8967745610713536,11430003.4765625,12745682.10644531
106050208,27,千克,.5147128142677159,6439572.671875,12511001.26783633
109021599,25,个,.5428925154704599,6757212.129150391,12446685.00042725
102020602,22,块,.5148724140322619,6401588,12433348.19565392
109060903,12,只,.442476732157449,5501380,12433150.94372559
109022601,25,EA,.2481516394759964,3078731.109985352,12406652.30536652
109060507,26,台,.4852474950037075,5995057.904174805,12354639.5723877
103020506,32,瓶,.2286112173204892,2821259.948270798,12340864.02818845
106050899,21,个,.4303786186403916,5301494.180175781,12318209.94482422
109020805,14,台,.9020491961507214,11044191.58007813,12243447.06165314
109020604,12,吨,.6295030906567167,7669953,12184138.74981689
109061004,15,套,.52686674745308,6366778.505065918,12084229.14492798
101011902,3,吨,.9976779046768646,12000000,12027930
109025001,14,台,.8149845858942655,9756461.59375,11971344.93414307
110020103,4,台,.9834525201822902,11758493,11956340.29980469
109020409,8,台,.5623152157985786,6700092.9140625,11915190.4942627
104030402,32,个,.377230038960217,4473052.82491684,11857626.28354359
109031806,5,艘,.9824480625992199,11619088,11826668.953125
108031302,9,吨,.9274454514803273,10932759.1875,11788034.72489929
108032208,4,只,.5646917701498781,6614150,11712850
103010903,21,KG,.3068031070060871,3559191.384277344,11600897.45833874
109030200,23,辆,.5209005425810276,6041700.625,11598568.50035858
109024706,16,套,.4218648023684734,4825150,11437669.06580067
106040107,85,千克,.1992546762134111,2273983.42578125,11412446.96985534
107030107,17,万单位,.7801205038185733,8863850,11362154.89352322
109012805,7,套,.4451947026974558,5034107.75,11307654.20050621
101011908,6,公斤,.7704694151105027,8677016,11261986.30318832
109042506,24,件,.2367145409711536,2659985.540054321,11237102.41517639
103020903,22,箱,.3543040481230318,3946517.572021484,11138787.69641113
302010199,10,UNKNOWN,.7413473108786475,8208138.471923828,11071920.47705078
109010704,17,台,.8366200572766576,9227556.311805725,11029566.20696259
109031804,17,艘,.4433552609768028,4889203.9375,11027734.11716843
104020406,5,双,.8706636748046579,9600959.720214844,11027173.86523438
109032101,15,件,.6124023892516165,6704661.599975586,10948131.02896118
110020201,8,立方米,.499869554785757,5468212.875,10939279.70336914
106041007,17,批,.7025450522454098,7675403,10925139.92585754
106041003,25,个,.6790880947560519,7377528.869279385,10863876.02175474
109050202,19,台,.5441727734671798,5908248.770507813,10857303.15550995
109021602,18,件,.5560037195357452,6030878.135009766,10846830.55725861
102050406,21,吨,.7424763660252398,8051818.921875,10844545.75299072
109060902,17,套,.5884059418056822,6356386.099975586,10802722.48860931
109062502,16,台,.7151433162892749,7724219.67640686,10800939.47669983
109031500,15,台,.6016783435136496,6335707.893341064,10530058.06448364
304070301,6,UNKNOWN,.9489360518069555,9925784.434570313,10459908.66894531
101010799,18,吨,.4215120477683441,4370232,10367988.34846544
109042306,21,只,.3684453315036672,3776197.949478149,10249004.7412653
104011301,23,个,.6148892454246651,6278178.010017395,10210258.28103638
107020219,7,公斤,.4172873278580667,4252571.082519531,10190990.23291206
108010705,33,平方米,.4662689412588378,4746707.478027344,10180192.28390408
109020802,16,支,.4399743220856826,4379308.25,9953554.17388916
306010200,3,UNKNOWN,.9644716924695943,9586658.546875,9939802.921875
109021801,10,台,.9389515013934345,9306255.780039072,9911327.439413309
109022817,12,台,.8007557797549665,7933835.84375,9907934.534269333
109023208,27,个,.3672010636282002,3626407.881549835,9875809.851198196
109022602,25,片,.6312270991156663,6193097.5,9811203.461759448
106051108,3,台,.9987519785358868,9787280.947265625,9799510.947265625
109061003,12,套,.7702982330252413,7540853.760009766,9789524.935548782
109041304,12,PCS,.4972115023230001,4816694,9687414.66658783
303020500,7,台,.5231209542572991,5054492.5,9662187.03125
103011103,25,箱,.325677371343724,3130070.984008789,9610956.300384998
103010908,20,瓶,.4378996563961389,4177281.819843292,9539358.523872375
304040600,6,批,.5104845818842964,4844610,9490218.063232422
109023004,24,顶,.5580791038034064,5267867.5,9439284.617715597
109024605,8,套,.5815539024266929,5474733,9413973.454833984
109024603,7,台,.9472245293020252,8887431,9382602.25012207
109061502,9,台,.8833643065263695,8210484.784667969,9294562.531005859
102050512,3,吨,.9726281328038809,8921152.76171875,9172213.367919922
102050503,12,吨,.8251284163213419,7555930.51953125,9157278.273384094
106051302,8,个,.5618877999138441,5054966.446289063,8996398.29706955
103011105,27,盒,.2639363068165638,2359907.757141113,8941201.707354546
109013599,18,台,.5587469220363899,4904958.102828979,8778496.863933563
108010803,17,㎡,.7108051360708977,6237657.3828125,8775481.585983276
109020205,11,台,.8961250940753928,7860924,8772127.96736908
107020239,6,吨,.9856560037209203,8534382.203125,8658580.854686737
109020810,18,台,.8710944285040296,7465263.739013672,8569982.191062927
109024803,22,个,.2120356466185037,1794636.951599121,8463845.491168976
103011402,18,只,.2905929938012318,2450017.424621582,8431095.989524841
109010708,15,条,.6961249678081957,5846176.100097656,8398170.401077271
109011210,21,套,.3986120105975715,3333372.817871094,8362449.522968292
109022702,41,套,.229173034888323,1913579.400878906,8349932.625412941
101020408,18,千克,.8133299780081092,6617907.699999809,8136805.329870462
107060307,9,件,.772725474922789,6269381.800170898,8113336.5
101010701,16,袋,.4859004327821664,3941894.88671875,8112556.854803085
106020599,29,平方米,.3621855894054485,2935418.0703125,8104734.578565598
109040303,18,台,.8240716704755174,6677297.202911377,8102811.250699043
109061303,7,台,.4745801223559435,3826400,8062706
109061201,17,套,.524029429128871,4178559,7973901.40272522
106050308,20,个,.8241468011966941,6546475.920578003,7943337.171329498
302010300,8,UNKNOWN,.9017632177086115,7147200.119998932,7925805.776554108
501010300,6,UNKNOWN,.6907338000612875,5450358,7890678
107021803,30,M2,.2871904083684663,2252982.75,7844909.45501709
106050604,23,件,.2420329313211727,1867162.548706055,7714497.934284687
109010607,18,台,.9282808308221786,7134775.994628906,7686010.265136719
109061009,19,套,.2244425755532778,1670590,7443284.750595093
109061701,25,套,.5482660473851968,4068177.030029297,7420078.353258133
103011404,17,枚,.3174542388273754,2319367.819534302,7306148.527427673
301030200,6,次,.8617262779064125,6288778.75,7297884.387695313
109021601,16,个,.3136751020856076,2283472.375,7279737.409240723
107021610,13,公斤,.8651982657196645,6290344.541015625,7270408.171453476
105011004,13,片,.4773918390823896,3468864,7266282.571289063
101011904,8,kg,.8635307990217642,6207877.979217529,7188947.963697433
109060303,16,套,.5129251841301643,3668278,7151682.376876831
105010509,30,立方米,.2355913935331357,1673486.375,7103342.570808411
108011203,36,只,.4913412950491489,3450890.786682129,7023408.822856903
107030604,10,支,.4352330608994942,3038595.569091797,6981536.65719223
106041008,22,副,.4123682875879071,2866989.210124969,6952496.824852943
306010902,7,UNKNOWN,.8870331452616816,6156740.25,6940823.218261719
109025002,17,台,.4085656813730136,2814674.982666016,6889161.549758911
106051007,35,套,.2518794226166627,1733311.199996948,6881511.724897385
109010606,19,台,.4909179276023682,3356146.249023438,6836471.149902344
109024004,11,台,.6232734909676619,4227500,6782736.72996521
109062301,11,台,.8945460371897099,6062493,6777172.719970703
109030601,6,UNKNOWN,.9791223936282278,6558032,6697867.439941406
108032205,3,g,.9919426699986635,6641356,6695302.259765625
106040502,34,kg,.2452369668061124,1624665.410934448,6624879.732014179
103020906,22,KG,.2556401450134456,1691347.125,6616124.884888649
109022301,14,台,.8739594677734127,5761817.420074463,6592774.187519073
104010307,9,条,.9482253400297629,6248392,6589564.459228516
103011109,16,吨,.6787677326137072,4308497.5,6347528.459270477
101040700,12,箱,.3193384017446202,2012459.90625,6301966.488388062
109062103,13,套,.6819814216017747,4273533,6266348.121276855
106051113,34,公斤,.5427710807886947,3350723.25,6173363.630816698
109025103,7,套,.9972588307659601,6156010.5,6172931.550048828
101050400,17,斤,.2373481552855005,1459469.279525757,6149065.189785004
104011304,20,套,.3365535119746358,2063070,6129991.001714706
109024007,21,台,.5432706921172379,3295794.599975586,6066579.051285088
106040302,39,kg,.3264391336781011,1977694,6058385.150446415
109022501,22,只,.3556431816658937,2126354.257225037,5978897.858423233
109032601,14,个,.696008660776711,4140207.630126953,5948500.160194397
109012202,15,套,.6356342129027008,3776150,5940759.517578125
108032409,10,件,.3660312298792311,2166699.670013428,5919439.36239624
109041604,12,个,.5634495522743513,3319107.739032745,5890691.945064545
101020204,24,吨,.9398497463265009,5380003.3359375,5724322.80475235
106051106,12,个,.7379148647943329,4213205.480215073,5709609.172040939
103011202,10,公斤,.4839032228896257,2705240,5590456.669921875
106020401,19,个,.5988378418587865,3336037.056274414,5570852.112350464
109042204,14,吨,.9023402900846532,5009510.5,5551686.603210449
101010899,7,个,.9411699734836482,5216288.125,5542344.392578125
105010603,22,桶,.4194788208495691,2323500,5539016.237564087
109061599,8,套,.6578008291803807,3626900,5513675.020019531
109022302,15,个,.543126904928226,2986863.280197144,5499383.759292603
101020403,34,千克,.3470029206041763,1904414.375,5488179.672044754
110020106,10,吨,.529644291936923,2899081.009765625,5473637.786529541
107021607,33,吨,.7831642257784889,4277980,5462430.304126263
109061305,9,台,.6646984679936055,3606983.16015625,5426495.37171936
102050206,31,平方米,.199840877789282,1082192.97265625,5415273.314588547
109010509,14,台,.3514499594114203,1898306.787857056,5401357.254489899
107021603,8,吨,.9591148090163929,5158176.75,5378059.75
106050304,16,桶,.3854362437084609,2062100.275001526,5350042.474369049
107040401,18,公斤,.7865642636369582,4200186.203125,5339914.864303589
103010404,13,kg,.890575034632896,4735890,5317788.862060547
106050699,15,片,.4472438045369087,2362952.5,5283365.52911377
109023701,11,台,.881255736466828,4637457.736328125,5262329.133789063
105010507,25,立方米,.5419154329045609,2823882.75,5210928.824935913
109061002,13,台,.5117697369798275,2650513.072021484,5179112.558830261
109024604,13,袋,.7029721152161277,3614153,5141246.603912354
109023905,10,台套,.6687973799939647,3423000,5118142.059753418
109024305,18,套,.4126001385486783,2106283.294921875,5104902.054397583
109024505,27,套,.2811756413311494,1423590.700012207,5062994.409019947
103011600,15,kg,.7490995712789446,3775119.5625,5039543.082443237
109061302,8,台,.6727781927849124,3388150,5036058
103020904,18,PC,.5368757284933046,2698370,5026060.700439453
103040400,11,件,.9027718692030355,4501047,4985807.769989014
106050201,11,个,.2409267776459498,1189242.702514648,4936116.749389648
107030502,17,袋,.5041945452006589,2468659.19921875,4896243.370178223
109023202,19,台,.405944367691021,1979716.025878906,4876816.09462738
405030000,7,UNKNOWN,.882658532153658,4292416.8984375,4863054.8984375
109023602,14,台,.7868424074549955,3804804.450439453,4835535.571533203
106051004,11,件,.4077394111900185,1970460,4832645.424804688
109025104,7,UNKNOWN,.5650103519966363,2702162.75,4782501.3125
108032101,12,kg,.2479878090772782,1184530,4776565.446533203
109023503,3,件,.5665880788264339,2665995.5,4705350.5
109025003,15,台,.6261658094186141,2930784.399902344,4680524.480606079
105010508,26,套,.6242869398369556,2905574,4654228.391769409
109061902,7,套,.9816196912420969,4550082.799987793,4635280.690254211
103010302,13,吨,.661980832842895,3052230.5,4610753.58767128
106041010,30,台,.3576286215295352,1628236.25,4552868.9595263
108041113,20,公斤,.4444395832935901,1998822.9375,4497400.800098419
109060499,22,只,.2709524847006162,1216208.359375,4488640.732410431
109040203,17,套,.4395239526049849,1970019,4482165.279785156
103020512,20,袋,.2724307475457925,1197605.355563164,4395999.226782799
109060803,14,台,.3717947815412057,1625835.039886475,4372936.686058044
103020513,19,瓶,.4786397823869134,2092336.224592283,4371421.477249715
109061806,22,只,.2441784354002128,1065801.948925018,4364848.792556763
301049901,5,项,.8294504324957598,3600000,4340223.1875
107020502,11,吨,.8546033672023532,3682069.875,4308513.184371948
109020812,17,台,.8302893193686606,3548782,4274151.09072876
109032105,42,米,.1624716424540633,690656.359375,4250934.802793503
107030215,25,盒,.6293711702031095,2671713.743953705,4245052.634189606
106020403,22,张,.3310098230598434,1399812.5,4228915.284326553
107030701,19,公斤,.698950913500097,2938836,4204638.613723755
107030704,7,支,.3869940774619448,1622400,4192312.219970703
109022807,3,台,.9889041645882253,4064050,4109650
109012803,12,根,.4981583417768764,2046000,4107127.8515625
108041109,12,片,.8833983424923542,3616010,4093294.979248047
104010308,16,米,.3932611974694642,1607104.796875,4086609.121917725
109032502,6,件,.8461216166631919,3408155.173095703,4027973.173095703
106051104,5,套,.5889705976350117,2364858.25,4015239.910949707
102049905,16,千克,.254317324517394,1019232,4007717.53137207
108032303,13,KG,.3871241941372645,1548008.1875,3998737.901023865
107020124,9,吨,.8261686519138818,3301044.625,3995606.244987488
110030202,17,条,.422750515076413,1681097.115722656,3976570.23651123
107030503,8,万头份,.5606749295732412,2187225,3901057.251953125
103020509,23,瓶,.4659366824989197,1792915.902647495,3847981.861036777
104010509,18,个,.3049604287021205,1167215.718818665,3827433.361719131
103011002,22,箱,.5062877360547864,1907789.304199219,3768191.817296505
101010600,29,吨,.4735160196295339,1784178,3767935.879753113
103020510,24,块,.4452454380921207,1676728.75,3765852.733235836
301040303,3,UNKNOWN,.7378911222672454,2741949.625,3715927.109375
109021803,25,根,.2099134033723069,778880,3710482.453655243
105010506,13,立方米,.3881680100564144,1433008.375,3691721.980880737
107021612,16,份,.4064563703033273,1496936.798828125,3682896.635894775
109060804,7,台,.8897325280063682,3275201.5,3681107.969985962
105020202,21,平方米,.6845876780381533,2512218.75,3669681.518661499
109061301,6,套,.643082685985633,2332112,3626457.453796387
101011205,20,公斤,.4302386426317117,1558903.024169922,3623344.97578907
107029905,20,个,.7874539436654351,2848601.603515625,3617483.443229675
109011212,8,套,.5233136722919467,1890010,3611619.760902405
101030203,9,公斤,.8373847353271208,3015160.464385986,3600687.159896851
301050500,4,吨,.9360487672870971,3327966.125,3555334.125
106051101,5,批,.9581202263728545,3341378,3487430.812988281
109060602,13,个,.5489239602761771,1912395.352874756,3483898.483703613
104010805,10,件,.6692661273047864,2320333.1875,3466981.358886719
107030216,7,千克,.776170693465971,2674429,3445671.193867683
107021004,14,公斤,.7972716314800223,2717978.100097656,3409099.223876953
103010405,19,kg,.21216610991567,708539.9000854492,3339552.675811768
104010802,14,千克,.3070446765302721,1024124.25,3335424.217651367
302019900,7,批,.4952581265891164,1651142.0625,3333902.007568359
107020125,10,吨,.3407006566064459,1133225.265625,3326161.084960938
307020101,10,UNKNOWN,.9489811221428552,3141287,3310168.059936523
107021806,21,个,.5215754872583945,1708472.469539642,3275599.623210907
301020402,4,吨,.9532938990521832,3118735.5,3271536.200012207
101011499,23,棵,.2638762850450862,858989.1799240112,3255272.370449066
109024610,9,个,.3014683933917525,968806.84375,3213626.585693359
102051101,26,件,.5173114619089402,1658454.727500916,3205911.427867889
109022002,24,个,.6680761424748866,2122539.158500671,3177091.686941147
108032406,4,公斤,.7951368671334249,2504580,3149872.8125
101011903,13,吨,.7080671513280764,2230200,3149701.261832237
102040110,4,吨,.935416330939975,2938616.25,3141506.25
301020301,3,吨,.7689923322218876,2379942.75,3094884.890625
109010705,17,台,.7868408272842079,2415436.33984375,3069790.300765991
102049906,15,吨,.8397777048557097,2574010.806152344,3065109.720428467
109010511,17,台,.721062512649091,2189699.940429688,3036768.521476746
109022402,11,台,.7854975746010923,2376072.71875,3024926.868751526
107020702,8,千克,.7993269168411374,2404795,3008524.984375
108040409,40,把,.4637077979455145,1377931.346515179,2971550.947860241
109061606,20,台,.6533331621241286,1940222.577636719,2969729.21339035
108012202,17,套,.5290306037926331,1560051.337036133,2948886.748426437
109022902,17,台,.4461636520850545,1313111.289855957,2943115.79107666
108032404,7,公斤,.9670825664628626,2845830,2942696
108041105,34,条,.314241764245205,922737.0625,2936392.190631866
109010401,13,m2,.2530962214686662,727276.5546875,2873518.025939941
109061304,14,台,.4574376815694419,1287169.679199219,2813868.929168701
106050605,17,件,.5797184992481099,1587606.5625,2738581.854053497
107021705,15,UNKNOWN,.7988740389255792,2175496.599998474,2723203.52645874
108032302,17,只,.3703006987722428,997765.140625,2694472.745887756
109032603,16,件,.4543433023197136,1211003.900001526,2665393.973716736
106050203,10,个,.5151171195530164,1370788.875,2661120.787811279
102049903,11,吨,.5330753204372034,1411619.125,2648066.92578125
106020104,21,套,.8031467287518955,2112770.330383301,2630615.620718002
109061611,7,台,.6296954496885615,1646739,2615135.619630814
101050500,6,公斤,.9242870036676959,2403750,2600653.249977112
104010806,27,米,.4821170019222301,1249437.34375,2591564.57616806
109022399,10,台,.6400167582769616,1647255.099975586,2573768.700073242
107021611,11,千克,.7739900045867617,1989300,2570188.23009491
108041204,27,卷,.2402420235883674,612704.5600757599,2550363.799489021
102040109,11,公斤,.7268781880924081,1850925,2546403.276809692
109025203,9,个,.3168289783220492,801932.7331542969,2531121.797637939
109061006,8,台,.470141168986569,1189858,2530852.600219727
102049904,13,只,.4390474011746099,1108176.509994507,2524047.533432007
109013606,11,套,.4945546507990394,1242932,2513234.883125305
109060403,23,桶,.2796692702407755,699803,2502252.032901287
109011204,11,台,.7401466298248742,1850394.984375,2500038.384033203
306030204,3,次,.7621600945707427,1900673.185546875,2493797.82421875
106041004,20,批,.4846535482946793,1207236,2490925.743240356
107021805,19,盒,.2669192796337306,662825.7802734375,2483244.302108765
306030101,20,UNKNOWN,.6325213865039375,1547647.8253479,2446791.299661875
109022803,13,套,.5461885055278219,1302940,2385513.402082443
109061799,13,台,.7097540205853963,1690031.407714844,2381150.875793457
106050211,11,张,.4796565787971825,1136573.724975586,2369557.25245285
306049900,5,UNKNOWN,.9639070242981082,2268159.1796875,2353089.169921875
109042303,13,只,.5246053106856516,1193192.263183594,2274457.080169678
109024607,4,台,.7418989611901948,1653902,2229282
301050601,5,吨,.4234226562125722,942992,2227070.248046875
101011907,27,包,.1895768749112636,405973.4624900818,2141471.435691237
107020237,11,吨,.963138641021631,2061673.546875,2140578.167114258
109060401,15,台,.6501361495349507,1386264.86328125,2132268.547554016
105010802,36,双,.4035362748628275,860240.2607374191,2131754.477413058
109011303,9,台,.3511319752429523,739221.5,2105252.589111328
108031001,11,吨,.9664156060828872,2020989.196777344,2091221.606994629
109042206,11,片,.4658279175151819,953349,2046569.052978516
106010510,15,张,.5436201243390965,1075917.25,1979171.119369507
107021605,12,kg,.5084743145698072,984869,1936910.030220985
109024303,20,盒,.3205968553411878,605909.8203125,1889943.117712975
107022001,12,吨,.4896905859504561,924122.3603515625,1887155.658828735
109023705,12,台,.9213324732085253,1711090,1857190.590538025
106050209,21,吨,.4057355545077851,744881.203125,1835878.554021835
102051103,23,吨,.7879932416523031,1442422.703125,1830501.363311768
109060312,12,台,.7899724171632032,1410260,1785201.570789337
104020405,5,双,.7894133233441739,1400412.314056396,1773991.232025146
106020503,12,pcs,.2577187507041628,447613.4375,1736829.145248413
109024003,4,台,.6990919798207509,1179394.399902344,1687037.520019531
109051402,11,件,.5257483176378852,876497.75,1667143.232978821
105010505,9,平方米,.9426613086467152,1508954.75,1600739.03125
107030705,6,盒,.6491225481989393,1027954.796875,1583606.669845581
106040501,20,瓶,.7857578704567961,1229462.869943857,1564684.130022287
107021606,8,kg,.8721000310725066,1346473,1543943.300109863
101011305,23,公斤,.482507658508225,723775.9609375,1500029.995741844
103030803,22,箱,.6664889567157296,992792.5,1489585.821334839
109024905,6,UNKNOWN,.5652771601421448,827715.25,1464264.450012207
109032602,9,台,.6387943121933045,932442.5,1459691.300003052
109042202,4,套,.7505206968371978,1088240,1449980
106050302,14,桶,.2809233129345435,407296.71875,1449850.190414429
106051107,5,台,.9105371099841517,1316453.859375,1445799.237548828
108032104,4,KG,.8209508727446549,1183722.4765625,1441891.9765625
109023805,5,套,.5200847163985506,743172,1428944.125
405020000,4,台,.8937909857248719,1272580,1423800.44140625
301030103,1,UNKNOWN,1,1413358.5,1413358.5
109022303,7,台,.5146545901397797,704956.6099853516,1369766.487060547
109021702,5,台,.5145174923086457,700634.78125,1361731.703437805
109022815,10,吨,.6310445452013099,847774.484375,1343446.339599609
109062101,8,台,.4240367051519123,567269.0400390625,1337782.869140625
101020407,19,千克,.4370212014480275,581517.4500007629,1330638.989765167
108032405,5,kg,.8597371182567728,1120933.375,1303809.444999695
106050303,7,个,.5642756373253454,735350.125,1303175.392234802
109061505,3,套,.8053637516078253,1040625,1292118
109025403,10,台,.4924453000461054,636202,1291924.199378967
109060805,5,件,.9172165928819936,1160722.625,1265483.675292969
109041803,11,台,.5121633520385857,639140.8715133667,1247923.868370056
101020405,16,张,.5807386501932739,721894.76953125,1243063.07026577
107030702,13,盒,.7162154477207769,860866.6124992371,1201965.993946075
109020809,8,台,.5473200550991429,653687,1194341.3984375
109023704,20,只,.6585427900432584,771981.48046875,1172257.129135132
107022003,9,公斤,.6956970523605057,807388,1160545.380004883
109023203,21,套,.7894472912694808,882796,1118245.650802612
109061604,7,套,.7767682938724156,868290,1117823.689315796
109025204,9,台,.8098213007049109,843162.8502807617,1041171.489990234
102050508,1,吨,1,1033924,1033924
106040108,26,Kg,.5652160692111237,583198.5,1031815.144275665
109060505,6,套,.7863775996488339,803110,1021277.819152832
109011208,9,台,.6644967361773579,657492.26953125,989458.9901428223
109032501,6,公斤,.6573638435526645,646820.875,983961.7456054688
109025502,17,瓶,.3088995721270981,300375,972403.4187927246
109022804,6,米,.8682765311181501,838150.6875,965303.860534668
110020104,3,吨,.9961507746366395,935535,939150
109061402,9,台,.7053533977025701,660201.5,935986.843120575
301040301,3,项,.9613136466907314,869513,904505
109023707,13,台,.7991582687534863,718810,899458.8783035278
103021204,28,袋,.325301321565543,292267.9087295532,898452.8784666061
109061203,5,套,.7662697948576032,674407.3125,880117.3125
109061005,9,PCS,.7895691515799605,685200,867815.059173584
109024608,5,台,.9058030027309069,760441.4375,839521.8775024414
109010402,16,个,.3691503137715859,305533.6462631226,827667.3075027466
102050504,16,kg,.2602397855973829,213752.5,821367.4919433594
108041112,15,千克,.1643247187471718,131906.5,802718.5502319336
301020102,3,UNKNOWN,.6716532315075401,525556.7265625,782482.2421875
109022306,4,个,.9432342806813504,717656.5200195313,760846.5200195313
101020404,16,公斤,.3936979208731918,292338.9375,742546.3077163696
105011006,9,个,.3867887311619807,277373.4400024414,717118.7205200195
102040401,7,台,.3333053441339348,238663.296875,716050.015625
106020504,9,度,.9239573118479901,649520,702976.1999511719
106050803,8,平方米,.5698626350666126,388940.52734375,682516.2827148438
101050700,10,斤,.7377170120978046,478477.4982757568,648592.1978607178
106050207,15,公斤,.6554265644357381,421002.875,642334.1650218964
103040301,7,件,.6205264908514684,397200,640101.6005859375
102049902,10,吨,.7641788171156816,485841.4375,635769.3076782227
108040503,10,UNKNOWN,.5783126312974897,361861.53125,625719.5704650879
101011906,7,个,.757452670310407,473408.9437866211,625001.353012085
109023804,6,个,.403317209566525,248180.296875,615347.6494140625
107030703,10,瓶,.9266133777255707,560437.5,604823.4500732422
109050403,5,台,.4616649235303356,276324,598538
101011905,1,公斤,1,569800,569800
109062302,11,卷,.8162583274897477,463625,567988.0797367096
108041118,5,立方,.8884929596870187,465239.40625,523627.56640625
102050306,6,公斤,.3956837395141372,197320,498681.09375
109060309,10,个,.4788530412667385,236322.8572387695,493518.5471801758
101011303,11,件,.8882363983872787,433984.1412658691,488590.8098945618
302010400,4,套,.9607738417877439,464400,483360.3703613281
109024006,12,套,.3435310373329921,164475,478777.7001953125
103040302,11,条,.6069218378184762,286932.7000007629,472767.1375808716
105020203,10,立方米,.6238764381044479,289350,463793.7615966797
106041002,6,台,.8562935002946164,396236.6298828125,462734.5994644165
106050602,13,个,.6218049087869275,272383.5966796875,438053.1463012695
106020501,9,度,.8860881495241015,384158.75,433544.6199188232
307050200,2,UNKNOWN,.9955265433030189,429405.80078125,431335.3608398438
109023801,7,米,.7084911661272076,300530.65625,424184.0556640625
102050517,10,kg,.5061282502563768,213482.8421878815,421795.942193985
107021609,4,公斤,.9934320855089448,416716,419471.049987793
102040402,5,块,.5250149701529648,219000.59375,417132.09375
108032103,3,Kg,.7562543186285594,312153.5,412762.6015625
109023706,5,台,.4077456465347673,167965.5999755859,411937.2000732422
110020105,3,台,.9228676899164562,380000,411760
109062203,3,台,.9973627823637994,410049.80078125,411134.0507507324
109061306,9,件,.8694431282247901,350000,402556.5199584961
306010400,2,UNKNOWN,.6396875110589232,249676.3125,390309.8125
101010702,7,公斤,.7213755802748333,275000,381216.1203117371
108012201,8,台,.4768177440782875,176000,369113.7802352905
108032411,4,千克,.7219276503361539,265928,368358.2418212891
109024606,7,盒,.9699132984573642,343209,353855.3400039673
106050202,6,支,.5509092933709202,188000,341254
109021805,7,套,.5927426882517015,191780,323546.799987793
108031399,4,公斤,.6260272143901598,201649,322109
107022605,2,kg,.8457869104296664,268750,317751.4296875
307050100,3,m3,.7959950298823544,252912.40625,317731.1374511719
103020905,13,箱,.3791595396901641,119077.0999755859,314055.3975587469
106020402,6,套,.7046737783039737,214800,304821.9000244141
106051110,4,套,.9769825348940566,297633.453125,304645.6231249571
301049902,2,UNKNOWN,.9555189456342669,290000,303500
108041115,9,克,.7006169974295811,205570.5,293413.5208740234
108032403,7,个,.3904464917931489,111905.65625,286609.455078125
307050400,2,次,.9983748504495626,276447.59375,276897.59375
306010999,8,套,.4368714588099603,117000,267813.3296203613
106050305,12,公斤,.5381445691621956,139407.4831542969,259052.1044769287
101011901,10,UNKNOWN,.3901772080685913,97266.54999923706,249288.1387939453
102050510,3,kg,.5742115253534549,135140.9602050781,235350.4836425781
109023702,4,套,.7807625292848495,178460,228571.4199981689
106051112,10,台,.6155952807325,137621.921875,223559.091796875
106050804,8,千克,.6469888244755376,143594,221942.009765625
107021604,14,包,.3224128996345233,68740.18082427979,213205.4297523499
101030105,4,瓶,.692004679351482,138737.450050354,200486.2888793945
101030499,4,只,.6077037402130753,120000,197464.6395263672
301020401,2,UNKNOWN,.9750318457981894,186000,190763
107022602,2,KG,.5307723522250778,98100,184825
109021806,6,台,.6524083498109375,120050,184010.5204582214
109061504,7,件,.442170281142805,77600,175498
306030203,1,吨,1,174500,174500
109025501,5,套,.6783665215980966,115500,170261.9400024414
109024301,4,个,.4702200032516006,77940,165752.1999511719
101011304,9,件,.4213893362942207,69305.6015625,164469.2819519043
106051111,9,PCS,.34444859271947,55600,161417.4108276367
106050306,8,千克,.6009290103581431,94991,158073.5800113678
106041006,5,个,.5927620322440188,92144.35998535156,155449.1599884033
102050308,9,立方米,.6679809400474555,99279.546875,148626.3168945313
109051403,3,套,.9585425255452603,140900,146994
109025404,9,台,.5724460903727809,80040.5,139821.8999938965
109022407,3,套,.5860805860805861,80000,136500
107021007,14,只,.6194218722670735,78923,127413.9702415466
108041119,4,M,.9672693039090963,121281.40625,125385.3562393188
109010707,5,台,.8569805554338999,105000,122523.200012207
101030401,18,斤,.2467151973420127,30060.90966796875,121844.5802764893
106041005,3,个,.5595572094646645,65580.23828125,117200.23828125
110030203,2,套,.9996900853126265,116125,116161
108041110,3,吨,.9421068496551235,106264,112794
109023502,6,台,.7820186903182074,85047.51953125,108753.8195495605
304040400,4,UNKNOWN,.8774614456207875,93983.72015619278,107108.6605858803
301020302,1,车,1,98880,98880
304050102,1,月,1,94200,94200
108041117,5,M,.7774984046053863,73005.703125,93898.203125
107021701,6,把,.7610285754965976,71135,93472.18000793457
108031107,1,片,1,92567.138671875,92567.138671875
106051008,2,个,.8032034417513847,64788.54972839355,80662.68937683105
102050513,6,米,.6161051301291954,39950,64842.82965087891
109041204,8,个,.4027486339789487,25944.0400094986,64417.45004367828
108041116,2,M,.9912909766353233,62602.890625,63152.890625
109032604,3,台,.8780342402690186,54200,61728.79998779297
109032402,1,只,1,60317,60317
301050301,2,吨,.9389708072683944,50434,53712
108030900,6,瓶,.6054677225622931,31112.96997070313,51386.66986083984
108032407,1,套,1,49148,49148
405010200,1,UNKNOWN,1,48997,48997
109061202,4,台,.5629636477086271,24360,43271
302010200,2,UNKNOWN,.8581040695127429,32600,37990.72998046875
106051109,4,个,.5425628529772074,19440,35829.9501953125
109032802,4,套,.5317012942131827,16233,30530.29995727539
109025101,5,箱,.3950006187331174,10910,27620.20989990234
106051102,2,个,.8342311459353575,20442,24504
102050511,4,吨,.4699743066232657,11261.2001953125,23961.31030273438
301050401,3,盒,.8164641637852167,17797,21797.64990234375
107040404,2,公斤,.9615384615384616,20000,20800
109021807,3,个,.595840420375859,10747.4296875,18037.4296875
109042604,4,个,.3405754550792719,5800,17030
108032105,2,KG,.6617050150445095,10562.400390625,15962.400390625
301059901,1,UNKNOWN,1,10000,10000
302020000,2,UNKNOWN,.6473873132361532,5778.10009765625,8925.260009765625
109042205,4,件,.900804289544236,5544,6154.5
109022305,4,卷,.4942479761397529,2320,4694
108032410,2,千克,.6172248803827751,2580,4180
102050518,1,瓶,1,4179.850006103516,4179.850006103516
101030402,1,斤,1,3363.5,3363.5
109031803,2,只,.5797101449275363,1600,2760
107021614,4,台,.8966493629070316,1900,2119
109023904,2,个,.8835497229597726,1848.279998779297,2091.880004882813
110030204,2,个,.9903393444605343,1783.719970703125,1801.119970321655
301060100,2,站,.9985396358361555,800,801.1699999570847
101030107,1,个,1,764.3600001335144,764.3600001335144
109021604,3,粒,.8267469204705293,631.7999877929688,764.1999893188477
109032403,1,个,1,580,580
109032303,1,把,1,480,480
306040100,1,UNKNOWN,1,80,80
