product_id,value,n_units_raw,n_units_std,n_dims,n_units_phys,dom_unit,dom_dim,dom_share
305010000,441400437156.9375,221,28,14,5,UNKNOWN,UNKNOWN,0.8
102010100,363319813012.4861,69,19,12,6,千克,MASS,0.9946
108030100,301687433770.98004,123,22,13,6,千克,MASS,0.9943
109050501,270928982158.9611,76,21,12,4,个,COUNT,0.9879
108020708,151938919425.88535,70,17,10,4,千克,MASS,0.9981
109031001,147896975010.62158,864,27,14,6,个,COUNT,0.8683
109050901,138222143366.13507,130,21,11,4,个,COUNT,0.9755
110010102,132702967464.4895,395,29,15,6,千瓦时,ENERGY,0.7543
108020799,123722527505.41046,343,23,13,6,千克,MASS,0.9558
107010101,116021338592.18398,70,23,13,5,千克,MASS,0.9046
108020705,114783703636.66327,108,19,12,6,千克,MASS,0.9974
110010101,114223408191.707,192,27,14,6,千瓦时,ENERGY,0.9131
102010200,104915088417.15742,35,13,9,3,千克,MASS,0.9955
107010103,91674693692.26031,58,17,11,5,千克,MASS,0.8664
109030501,88871608665.10364,114,20,13,5,个,COUNT,0.9516
102020101,88682773269.10675,57,21,11,4,千克,MASS,0.998
109041501,72923769551.98178,81,21,11,4,个,COUNT,0.9033
107010199,72420682673.76514,138,22,12,5,千克,MASS,0.9777
107021301,65697472756.90241,142,21,11,5,千克,MASS,0.9854
107021303,65577070089.63677,46,13,8,4,千克,MASS,0.9986
107010104,65270266619.81421,39,16,12,5,千克,MASS,0.9963
108010102,61810074406.52739,107,21,13,6,千克,MASS,0.9924
301010202,60570427496.976204,451,26,13,5,千克,MASS,0.5139
102030100,58315328613.495285,74,17,11,5,千克,MASS,0.9935
108020600,57736224133.48808,80,16,10,4,千克,MASS,0.9912
109052201,56689542039.90402,70,17,11,4,个,COUNT,0.9744
304060300,55478231692.200775,101,23,12,4,UNKNOWN,UNKNOWN,0.8974
108020707,54165227698.03836,199,22,12,6,千克,MASS,0.971
201050000,54020495720.09189,607,31,15,6,千克,MASS,0.3522
108030602,52851207723.85604,61,19,12,5,千克,MASS,0.9869
107010301,50514679716.87413,25,10,7,3,千克,MASS,0.9989
109041302,49552240967.373146,130,22,12,4,个,COUNT,0.9099
108030202,44658716730.275375,38,13,9,4,千克,MASS,0.9929
108020713,40286319034.00982,166,20,12,5,千克,MASS,0.9483
103010501,39346228565.59432,147,21,11,4,千克,MASS,0.6525
107020209,37831239620.76709,51,14,9,3,千克,MASS,0.9992
106010504,37668905264.59255,201,24,12,5,个,COUNT,0.6777
109990000,37296752633.29833,717,29,15,6,个,COUNT,0.6416
108020710,37252747851.84016,87,16,11,5,千克,MASS,0.9894
109040904,36542719955.290215,191,21,13,5,千米,LENGTH,0.8973
102030200,36363116447.63054,35,14,7,3,千克,MASS,0.9806
108031601,36194565868.99458,167,22,13,6,千克,MASS,0.828
108020709,35806709724.959236,114,18,12,5,千克,MASS,0.9904
107060201,35471814372.60686,114,22,12,6,千克,MASS,0.9936
109051299,35361767397.46127,263,27,13,5,个,COUNT,0.7259
107029999,34433686495.04333,195,23,12,5,千克,MASS,0.9104
305020000,33784817818.6682,176,28,15,6,项,SERVICE,0.4411
306020000,33338736491.983215,36,15,10,2,UNKNOWN,UNKNOWN,0.8521
108040101,33255464488.464977,404,27,15,6,千克,MASS,0.6059
104010105,32872817845.33084,185,21,13,6,千米,LENGTH,0.7853
108020900,31359299181.346863,36,12,10,5,千克,MASS,0.9974
304990000,30951659309.120132,286,29,15,6,UNKNOWN,UNKNOWN,0.5408
109041801,30933244885.55044,34,13,9,3,个,COUNT,0.9806
107010111,30769912576.288048,47,14,9,4,千克,MASS,0.9834
109041401,30176757262.29974,38,16,11,5,个,COUNT,0.9973
108049900,29706744970.156197,579,27,15,6,个,COUNT,0.5112
107030709,29649435722.336,102,22,12,4,个,COUNT,0.9185
108010301,29516834328.411205,111,22,12,5,立方米,VOLUME,0.9439
107020202,29348804384.55526,65,17,10,4,千克,MASS,0.9983
107020217,27968699236.145416,19,7,6,3,千克,MASS,0.9998
108031501,26139174664.113895,148,22,13,6,千克,MASS,0.9629
109030503,25495104345.097572,64,20,12,4,个,COUNT,0.9939
109031002,24582156690.633488,265,25,14,6,个,COUNT,0.9253
305990000,24573959339.821835,152,25,13,5,UNKNOWN,UNKNOWN,0.5435
304020300,23938085372.15773,145,22,13,5,UNKNOWN,UNKNOWN,0.4815
109061803,23056493820.825066,34,13,10,2,个,COUNT,0.9964
108020800,23007497311.454216,51,15,10,4,千克,MASS,0.9777
107010102,22946575475.95386,46,14,9,4,千克,MASS,0.9976
106010204,22899503295.303337,143,24,13,6,千克,MASS,0.8512
107022302,22279730575.7985,171,19,11,4,个,COUNT,0.7147
107040302,21984111443.017685,41,13,9,4,千克,MASS,0.982
104010102,21956281282.88978,114,20,12,5,千克,MASS,0.9332
109051104,21631787253.31578,83,19,11,4,个,COUNT,0.9826
108030300,21155498255.185856,36,14,10,4,千克,MASS,0.9971
108020706,20612530128.19569,93,19,12,5,千克,MASS,0.9904
101010103,20602673822.946396,90,24,14,6,千克,MASS,0.9832
107010107,20436089839.9551,303,24,13,6,千克,MASS,0.4395
109051908,19332338346.151966,255,22,13,5,个,COUNT,0.8561
102020200,19301887153.839954,47,19,14,6,立方米,VOLUME,0.8278
109010206,19061592137.26178,862,24,13,6,个,COUNT,0.9368
109040401,18908309786.87694,105,20,13,6,个,COUNT,0.9195
107022301,18728402389.474823,305,21,11,4,个,COUNT,0.8393
106051299,18660581569.722496,325,26,13,5,个,COUNT,0.7454
103020899,18228412275.76084,129,16,10,4,瓶,CONTAINER,0.4995
107020201,17910892252.66915,65,20,11,5,千克,MASS,0.9954
106010599,17468924137.910095,291,27,14,6,个,COUNT,0.4314
109041602,17423248418.845325,37,12,10,4,个,COUNT,0.9892
102019900,17356465102.41777,51,22,13,6,千克,MASS,0.9913
108031401,16926242353.20068,124,20,12,5,千克,MASS,0.9041
104020199,16832368317.890364,117,25,14,6,个,COUNT,0.9191
109031100,16768798143.524122,53,17,10,4,个,COUNT,0.9914
107060199,16713060948.778677,315,27,15,6,个,COUNT,0.4806
103030200,16532674674.161041,99,17,10,4,个,COUNT,0.4205
109059900,16438466576.502605,124,23,13,5,个,COUNT,0.9336
109050401,16196352641.602173,60,16,11,3,套,SET,0.4812
107020402,16150837332.104008,32,13,7,2,千克,MASS,0.9937
108020704,16079121693.17758,109,18,11,5,千克,MASS,0.9724
103040202,15548899947.431473,17,9,7,2,个,COUNT,0.9993
108010101,14949598420.879774,64,17,10,5,千克,MASS,0.9949
101010401,14722920939.66821,45,16,9,3,千克,MASS,0.9908
108031102,14627462976.686815,20,10,8,3,千克,MASS,0.9926
109040999,14310160659.388378,261,25,14,6,千米,LENGTH,0.6218
303029900,14307326258.843689,46,13,10,3,UNKNOWN,UNKNOWN,0.8006
109040201,14208826977.589233,49,17,13,6,个,COUNT,0.5568
102040102,14163112147.334932,44,16,11,5,千克,MASS,0.9781
108020703,14019228887.591412,115,17,11,5,千克,MASS,0.968
109051003,13850239542.213879,126,22,12,4,个,COUNT,0.9466
108020712,13608010952.121853,146,19,11,5,千克,MASS,0.8274
107060101,13302248764.015675,222,26,14,6,千克,MASS,0.4985
306030299,13244379198.580929,24,13,9,2,份,SERVICE,0.6617
304050202,13232669830.6031,197,21,14,6,UNKNOWN,UNKNOWN,0.5394
304030301,13226378264.811893,123,25,13,5,UNKNOWN,UNKNOWN,0.7131
103010602,13078064861.805893,76,19,10,4,千克,MASS,0.9774
304030101,12946321353.805717,86,24,13,4,UNKNOWN,UNKNOWN,0.3735
104010106,12796685712.413702,99,23,12,6,千米,LENGTH,0.7187
105010301,12531427819.507786,92,19,11,5,个,COUNT,0.6059
107030205,12431622247.831944,272,18,9,3,盒,CONTAINER,0.7854
109051101,12346822405.315376,82,20,12,5,个,COUNT,0.9477
108020711,12278747124.443638,59,15,11,5,千克,MASS,0.9608
109041805,12170475174.949886,60,17,10,4,个,COUNT,0.9907
101010500,12000290629.234247,55,19,11,5,千克,MASS,0.9881
109062201,11959576921.973312,47,15,9,2,个,COUNT,0.9856
106010501,11839872640.923103,427,26,13,6,个,COUNT,0.8019
107022202,11788493584.87122,354,24,12,5,个,COUNT,0.7819
109019900,11738815779.715818,412,27,15,6,个,COUNT,0.6172
109051906,11704376919.48018,90,21,11,4,个,COUNT,0.9709
109041303,11704137219.58641,47,14,12,5,个,COUNT,0.4805
109042201,11583412649.524055,43,16,11,4,个,COUNT,0.9605
109040702,11577779554.747028,236,20,12,5,个,COUNT,0.9007
102040101,11388608823.390944,52,19,12,6,千克,MASS,0.9855
108030201,11319088616.73102,41,13,8,4,千克,MASS,0.9984
109052100,11304157057.766397,99,21,12,6,个,COUNT,0.9314
104020401,11223237841.274204,109,19,12,5,个,COUNT,0.9848
109041701,11087405367.654482,54,17,10,3,个,COUNT,0.9682
107020216,11076888166.666695,28,12,8,3,千克,MASS,0.9998
107021304,10937168040.102716,84,18,10,5,千克,MASS,0.9895
108041401,10875696430.780878,1300,25,14,6,个,COUNT,0.6847
304080299,10722858980.622278,78,23,12,4,UNKNOWN,UNKNOWN,0.6241
106010202,10685050012.291576,79,22,12,6,千克,MASS,0.956
108020100,10444827038.360157,75,19,12,5,千克,MASS,0.9836
103010701,10398117505.349081,116,20,10,4,千克,MASS,0.8497
108041000,10363062958.510685,154,23,13,6,个,COUNT,0.8533
304010100,10330725452.708014,87,17,12,3,套,SET,0.5359
501020100,10303358810.174805,27,11,9,3,平方米,AREA,0.763
109041804,10280553123.35532,48,14,9,3,个,COUNT,0.9781
304080301,10115057060.646599,56,18,13,5,UNKNOWN,UNKNOWN,0.9299
304020101,9983470686.621887,66,17,11,3,套,SET,0.4638
109010201,9808838894.57478,107,24,13,6,个,COUNT,0.9528
107030201,9773347695.346064,29,14,8,3,个,COUNT,0.9818
106020199,9663084956.997335,459,29,14,6,个,COUNT,0.7088
107020301,9658488864.8461,58,20,11,5,千克,MASS,0.9827
108011001,9574390078.2047,121,22,12,6,平方米,AREA,0.7122
304020199,9562279570.733393,106,20,12,4,UNKNOWN,UNKNOWN,0.7247
109051201,9553730546.623013,58,17,10,4,个,COUNT,0.9924
109013104,9544197511.045942,101,23,14,6,个,COUNT,0.6206
107060110,9493545885.820925,202,23,13,6,个,COUNT,0.8558
101020201,9482728313.920898,44,16,11,5,立方米,VOLUME,0.932
107020213,9432817370.533096,54,14,7,3,千克,MASS,0.9947
104020499,9334212627.85841,75,20,12,5,个,COUNT,0.982
108020702,9272239987.741764,52,17,11,5,千克,MASS,0.9846
109011800,9255321189.45594,141,22,12,5,个,COUNT,0.8997
107020106,9221184078.832975,47,14,6,2,千克,MASS,0.9976
108031201,9218588044.676258,47,16,10,4,千克,MASS,0.9889
108013001,9205873088.61654,44,17,12,5,千克,MASS,0.964
109051700,9004095088.811754,69,16,10,4,个,COUNT,0.6592
108032500,8977949737.10962,25,9,8,4,千克,MASS,0.9983
106030101,8718609662.318974,112,21,12,4,套,SET,0.7201
109040703,8643344135.766363,393,22,13,5,个,COUNT,0.8195
102030300,8567445012.249746,42,19,10,3,千克,MASS,0.9109
108020500,8533459738.589876,68,15,10,4,千克,MASS,0.9924
109011901,8511724417.454424,274,22,12,6,个,COUNT,0.7925
108031099,8459101946.914497,67,18,11,5,千克,MASS,0.9404
301020201,8396714861.068848,34,14,12,5,UNKNOWN,UNKNOWN,0.5045
107020105,8307906071.926455,46,16,11,5,千克,MASS,0.9915
109051999,8277653560.807348,154,24,13,6,个,COUNT,0.8061
108041700,8239443296.346368,813,27,15,6,个,COUNT,0.5743
107021401,8211861334.254196,988,22,13,5,千克,MASS,0.8004
105020101,8204171444.965814,166,23,13,6,个,COUNT,0.6459
109041901,8138640127.77773,51,15,8,3,个,COUNT,0.9869
103010201,8102314133.534747,87,16,10,4,千克,MASS,0.6851
109012001,7805629857.139009,130,20,12,5,个,COUNT,0.9564
110010202,7672728627.554834,48,14,14,6,千克,MASS,0.6994
109050303,7402065224.739142,55,18,11,4,套,SET,0.8594
304040800,7390262681.095421,133,25,14,6,千克,MASS,0.3077
107020403,7378653071.249771,13,6,3,1,千克,MASS,0.9985
109052205,7377842070.43266,67,17,10,4,个,COUNT,0.9431
107021302,7352874020.060528,120,21,11,5,千克,MASS,0.9497
103020402,7279827713.755108,172,18,9,3,罐,CONTAINER,0.407
305040000,7255523624.93304,104,24,13,5,UNKNOWN,UNKNOWN,0.5536
108020200,7222021709.964065,32,10,9,3,千克,MASS,0.9951
107060107,7203287837.667471,150,22,13,6,个,COUNT,0.378
109010801,7199182311.724205,67,18,11,4,个,COUNT,0.9167
109042101,7140659227.976725,71,23,12,5,个,COUNT,0.6927
107060109,7126547786.035177,181,23,12,5,个,COUNT,0.8785
107021801,7124902695.279445,68,19,10,4,个,COUNT,0.9518
107030203,7045646514.880695,71,14,8,2,个,COUNT,0.5761
109050599,7042034028.622644,67,18,12,5,个,COUNT,0.9386
106010299,6937337943.502419,86,21,12,5,千克,MASS,0.849
109050502,6900979399.14016,73,21,13,5,个,COUNT,0.9248
109023299,6849237200.392916,98,21,14,6,个,COUNT,0.6816
109040902,6839101298.05024,196,21,11,5,千米,LENGTH,0.6958
109020309,6830058457.696899,133,23,13,6,个,COUNT,0.7999
304050201,6826331501.586716,176,27,14,6,UNKNOWN,UNKNOWN,0.3219
109010101,6765823959.264026,222,25,13,5,个,COUNT,0.4914
109029900,6719545994.760485,321,24,13,5,个,COUNT,0.6502
109040704,6655087407.123859,202,22,14,6,个,COUNT,0.6659
107060103,6653201507.916744,319,21,12,5,千米,LENGTH,0.5247
109011501,6505659727.232372,62,20,12,5,个,COUNT,0.7708
107021001,6466358787.857397,55,17,10,4,千克,MASS,0.9982
107050102,6458225371.578127,58,17,11,5,个,COUNT,0.7941
103040201,6449939490.645309,54,18,9,2,个,COUNT,0.99
304010500,6291150629.363686,162,21,14,5,UNKNOWN,UNKNOWN,0.4898
107020306,6289850960.700161,89,21,12,5,千克,MASS,0.5557
101010101,6275620168.687803,139,27,14,6,千克,MASS,0.7718
102060000,6267897246.708103,105,22,12,6,千克,MASS,0.922
101011800,6263351016.140807,75,18,10,4,千克,MASS,0.9345
109062104,6260204993.180145,42,13,10,4,个,COUNT,0.9964
107020108,6242619194.476405,51,17,11,5,千克,MASS,0.9785
109013702,6154497173.535074,185,22,13,6,个,COUNT,0.7756
103020401,6142236000.831275,174,19,11,4,个,COUNT,0.7165
103030500,6102013102.592004,85,18,11,5,瓶,CONTAINER,0.4164
307990000,6084809926.838485,184,29,14,6,UNKNOWN,UNKNOWN,0.6125
103029900,6079768129.289371,192,23,13,5,箱,CONTAINER,0.3014
107050101,6068678541.732283,112,21,11,5,个,COUNT,0.769
107021402,6046401281.305062,78,18,10,5,千克,MASS,0.6022
107020407,5940494288.895157,24,13,7,2,千克,MASS,0.9948
109020301,5842121396.05404,83,25,13,5,个,COUNT,0.9768
108012600,5821435191.047828,97,20,12,6,千克,MASS,0.8068
107020101,5784155968.85974,70,17,11,5,千克,MASS,0.8814
107021404,5776032731.493853,88,19,11,5,千克,MASS,0.9932
109021102,5740265299.025852,127,22,13,6,套,SET,0.6976
109013002,5703561058.303665,110,22,12,5,个,COUNT,0.9487
106050901,5700643451.3488455,49,15,11,4,个,COUNT,0.6268
106010203,5695223896.6016445,103,20,10,4,个,COUNT,0.7905
103010406,5655449786.203228,14,8,5,1,千克,MASS,0.999
107020801,5596362562.502911,311,24,13,5,千克,MASS,0.7282
107060112,5586077815.289639,300,27,13,6,个,COUNT,0.7435
107060106,5517800655.8505945,215,26,14,6,个,COUNT,0.5992
109041704,5503464857.195076,44,19,10,4,个,COUNT,0.9744
109041703,5502506308.67994,65,17,9,3,个,COUNT,0.9832
109012303,5468612517.611461,177,23,13,6,个,COUNT,0.7747
109023207,5456283230.667014,235,22,13,5,个,COUNT,0.8691
107010302,5410721115.733131,11,6,5,2,千克,MASS,0.9985
109062402,5393137239.612272,54,16,11,4,个,COUNT,0.9651
109013001,5348980379.112652,103,22,12,5,个,COUNT,0.9028
109030900,5328196793.012581,33,16,12,4,个,COUNT,0.9886
307040200,5325166982.450391,565,19,11,3,UNKNOWN,UNKNOWN,0.7943
107010113,5320063089.690826,19,10,7,4,千克,MASS,0.9933
106010101,5319721623.0613,68,18,10,4,千克,MASS,0.938
107010303,5307454950.706544,27,10,6,2,千克,MASS,0.9988
104020123,5251944072.111263,49,15,10,3,个,COUNT,0.961
107020601,5250860504.210821,41,16,9,3,千克,MASS,0.9963
109041706,5177171540.231963,38,17,9,3,个,COUNT,0.9864
108010601,5162820040.1127825,74,17,12,5,个,COUNT,0.3713
107060108,5155641922.03285,60,18,11,5,千米,LENGTH,0.5277
109051901,5155312971.313576,85,16,11,4,个,COUNT,0.935
104010204,5074820384.271211,54,15,10,5,千米,LENGTH,0.9286
106030102,5067172296.740145,96,18,10,3,套,SET,0.8417
102040103,5042040312.790186,39,14,9,4,千克,MASS,0.9921
301990200,4973767839.886626,83,19,13,5,UNKNOWN,UNKNOWN,0.5972
107030801,4961422017.366224,215,24,13,6,个,COUNT,0.4057
109051102,4958228849.751703,77,18,11,4,个,COUNT,0.9158
109050107,4935815052.439109,123,22,13,6,个,COUNT,0.7272
109011701,4928229421.915145,167,22,13,6,个,COUNT,0.8351
109013601,4912048332.87669,143,23,14,6,个,COUNT,0.5356
109040701,4893898964.3928795,112,22,13,6,个,COUNT,0.7779
107030402,4880225327.178421,122,15,8,2,盒,CONTAINER,0.6656
107010105,4873956318.519371,24,11,9,4,千克,MASS,0.9963
304080201,4860713993.023368,104,25,14,6,UNKNOWN,UNKNOWN,0.3802
109050101,4823541220.170912,155,24,14,6,个,COUNT,0.5751
109041601,4768864359.27068,49,13,9,3,个,COUNT,0.9917
109042401,4751033722.819344,189,23,14,6,个,COUNT,0.675
109012408,4739452046.753539,117,21,12,6,个,COUNT,0.8913
107050601,4731212140.963553,204,23,11,5,个,COUNT,0.9196
109050902,4726015306.972984,92,22,13,5,个,COUNT,0.9033
107060102,4677682503.949737,180,22,12,5,千克,MASS,0.5209
109030502,4668698689.778015,23,13,9,3,个,COUNT,0.9856
108030603,4651982575.195519,48,12,10,4,千克,MASS,0.9121
109042301,4599092119.551506,93,20,12,5,个,COUNT,0.9909
107020214,4590526995.386781,60,18,10,5,千克,MASS,0.9963
105020199,4579803867.556987,121,21,12,6,个,COUNT,0.7053
107022303,4571586358.907149,67,16,9,2,个,COUNT,0.8693
304030199,4529604687.962498,94,25,14,5,UNKNOWN,UNKNOWN,0.4908
109040601,4519039499.612418,56,13,10,3,个,COUNT,0.5835
109040901,4515418456.798319,87,19,10,4,千克,MASS,0.9307
109041301,4496877300.917738,100,17,10,3,个,COUNT,0.5164
102050101,4451040283.4385805,63,18,10,5,千克,MASS,0.987
103010402,4438181750.300163,32,14,8,3,千克,MASS,0.9992
304080101,4423882971.801025,109,24,14,6,UNKNOWN,UNKNOWN,0.6095
109041705,4411644491.826665,52,17,9,3,个,COUNT,0.9749
105010302,4403998762.123297,54,14,11,5,个,COUNT,0.894
108030400,4387345941.647556,28,11,7,3,千克,MASS,0.9987
108042200,4307329813.880443,67,19,11,5,个,COUNT,0.913
109030504,4297914649.275885,29,13,11,3,个,COUNT,0.9839
109024506,4284349419.5627894,55,16,10,3,盒,CONTAINER,0.8382
109051603,4277391427.4569836,96,18,11,5,个,COUNT,0.8829
106010511,4273656277.3285856,70,17,11,5,千克,MASS,0.5844
104020111,4266652039.790419,48,13,9,3,个,COUNT,0.978
109040501,4261506892.7605505,127,18,12,5,千瓦时,ENERGY,0.8351
304060100,4225121742.0197544,87,23,13,5,项,SERVICE,0.3378
107030301,4215555010.0808277,257,16,9,2,千克,MASS,0.7389
107030407,4179929665.8920155,43,10,6,2,瓶,CONTAINER,0.6585
104020122,4178376897.338505,34,13,9,4,个,COUNT,0.9462
109012403,4172270888.999258,84,18,12,6,个,COUNT,0.9284
107059900,4137493483.5434866,214,23,13,6,千克,MASS,0.3935
109024901,4134318904.356099,91,21,12,5,套,SET,0.5785
109041904,4114188758.354416,24,9,5,1,个,COUNT,0.9958
109040806,4062825187.5945063,198,23,14,6,个,COUNT,0.7377
109062202,4060250616.382243,40,13,8,3,个,COUNT,0.9877
109013105,4055603313.4240456,215,24,13,5,个,COUNT,0.7096
109024211,4009887550.0339665,59,18,10,4,个,COUNT,0.9067
104020112,4004100301.502761,38,14,9,3,个,COUNT,0.9576
103030199,3985901148.0068636,64,18,9,3,千克,MASS,0.9365
108041501,3938696005.684723,106,19,11,4,个,COUNT,0.9186
109013701,3935615035.9335933,96,17,12,6,个,COUNT,0.4911
101020401,3927834795.6663275,61,17,9,4,千克,MASS,0.9944
109030300,3914343115.7138534,105,22,12,6,个,COUNT,0.6722
109062501,3911444114.70145,40,20,9,2,个,COUNT,0.9854
109012301,3906633455.4365335,161,20,11,5,套,SET,0.7158
108031801,3901192850.7343216,31,11,9,4,千克,MASS,0.9487
103030702,3896559676.456176,130,18,10,4,箱,CONTAINER,0.6688
107022401,3884544030.0509825,76,16,9,4,个,COUNT,0.94
107030404,3875203972.5347843,139,15,7,2,盒,CONTAINER,0.8737
109041702,3871599519.2753944,35,12,9,3,个,COUNT,0.9785
108012701,3836588487.941099,70,18,11,5,千克,MASS,0.8874
106030103,3802586952.955953,100,23,13,6,个,COUNT,0.4939
104030201,3775798277.9065857,49,14,10,4,平方米,AREA,0.5391
101010102,3773698082.8068657,92,24,13,6,千克,MASS,0.9204
107030408,3753667611.7668185,107,13,9,3,盒,CONTAINER,0.8758
104011101,3712287149.301787,113,20,12,6,千克,MASS,0.5856
109040403,3665299317.5572762,45,14,11,4,个,COUNT,0.8674
104020114,3654469439.505083,34,11,9,3,个,COUNT,0.9444
109021199,3618118457.969648,154,21,13,6,套,SET,0.4886
107021599,3599544395.7874746,115,20,12,6,千克,MASS,0.7392
107030206,3594131007.4877234,152,14,6,2,盒,CONTAINER,0.8826
304040799,3575236878.4327793,77,21,13,5,UNKNOWN,UNKNOWN,0.6088
104010404,3568026779.6173387,93,19,12,6,千米,LENGTH,0.5586
109051800,3564254247.938701,65,16,11,4,个,COUNT,0.9345
104020101,3562527347.8678503,54,13,8,3,个,COUNT,0.8656
105010101,3554169685.8205347,90,19,11,5,立方米,VOLUME,0.8658
103030705,3513690781.031989,107,18,10,3,箱,CONTAINER,0.9114
109030103,3499631893.1521387,26,9,8,3,个,COUNT,0.7328
103030703,3482085681.307893,101,15,9,3,个,COUNT,0.7438
108041600,3480530358.7455773,156,22,12,5,个,COUNT,0.5707
501990000,3472489909.438486,81,20,14,6,UNKNOWN,UNKNOWN,0.4591
103010401,3465126522.6312404,35,13,7,3,个,COUNT,0.4065
301010201,3459270799.840058,53,15,11,4,千克,MASS,0.4241
108041201,3455733790.620746,131,19,10,4,千克,MASS,0.8101
109025310,3439874246.34651,105,21,14,5,个,COUNT,0.7989
109013103,3401722868.811973,76,20,13,5,个,COUNT,0.8116
108032402,3396055472.455353,24,10,8,3,千克,MASS,0.9996
106010201,3373246751.1495304,65,21,11,4,千克,MASS,0.8091
109052203,3360355965.577309,54,18,11,4,个,COUNT,0.9529
104010507,3353266251.633276,67,16,10,5,个,COUNT,0.9104
108041102,3332316614.59649,80,16,11,5,千克,MASS,0.8989
102059900,3316937953.8398743,58,20,12,5,千克,MASS,0.9104
104030302,3312962867.847736,59,17,9,3,个,COUNT,0.8824
105020299,3288116364.8759513,115,22,12,5,个,COUNT,0.5264
103020303,3287315524.408413,198,19,10,3,箱,CONTAINER,0.6318
107021308,3278454476.876314,102,22,12,5,千克,MASS,0.7379
103030901,3248355025.789156,43,16,10,4,千克,MASS,0.6279
109012701,3231248786.9657545,88,19,11,5,个,COUNT,0.6177
103011201,3224998715.4241138,49,15,8,2,千克,MASS,0.9848
109020602,3214985885.3903418,67,17,11,5,千克,MASS,0.5166
107020102,3172704635.6373405,76,22,13,6,千克,MASS,0.9514
104019999,3172115785.056471,131,24,13,6,千米,LENGTH,0.3683
109051103,3171025282.5908813,103,23,12,5,个,COUNT,0.9417
304020103,3170224818.2325163,101,17,10,2,UNKNOWN,UNKNOWN,0.467
103020602,3143517711.802866,127,17,9,3,箱,CONTAINER,0.847
104020113,3127904009.416857,30,11,8,3,个,COUNT,0.9525
109040399,3110453324.964973,66,17,11,4,个,COUNT,0.9296
107022304,3109921688.2832484,63,16,8,2,个,COUNT,0.9194
110020202,3103232208.4499893,21,10,9,4,立方米,VOLUME,0.9162
109011903,3102280412.3196173,159,21,12,5,个,COUNT,0.7556
102050502,3096629799.1491694,19,8,8,3,千克,MASS,0.9259
109042001,3092292429.016197,52,18,11,5,个,COUNT,0.9544
107030401,3087561520.750499,140,15,8,2,盒,CONTAINER,0.7775
108040301,3070211600.1648836,290,23,12,5,个,COUNT,0.8682
107021307,3044436886.780734,178,20,11,5,千克,MASS,0.7408
109040101,3039913182.336869,71,21,12,6,个,COUNT,0.894
109040406,3020933431.7295227,84,19,12,5,个,COUNT,0.6643
109031300,3018247926.7823296,178,17,11,4,个,COUNT,0.8071
104011201,2998890519.656224,83,20,12,6,千米,LENGTH,0.4783
109023209,2986993407.924263,59,17,10,4,个,COUNT,0.5885
102020300,2967694386.8308105,29,12,9,3,千克,MASS,0.9463
107060299,2967008347.888137,112,24,12,6,个,COUNT,0.4548
107021101,2930246526.609445,62,19,11,4,千克,MASS,0.9855
304030302,2926449563.2727056,53,18,11,3,UNKNOWN,UNKNOWN,0.8082
103021199,2926197648.458755,85,18,10,4,千克,MASS,0.9731
108019901,2918830347.273019,99,21,11,5,千克,MASS,0.7641
106020101,2917715294.9196286,83,23,11,4,个,COUNT,0.4638
109060102,2912030346.2256956,109,19,11,5,个,COUNT,0.4761
104020124,2911040284.8163123,50,17,11,4,个,COUNT,0.8912
107020211,2882615778.461904,21,10,8,3,千克,MASS,0.9979
303020300,2870407968.688583,43,10,8,1,UNKNOWN,UNKNOWN,0.7195
108030601,2840019145.9240036,61,17,10,4,千克,MASS,0.7783
110020203,2839127170.0796514,25,11,9,4,千克,MASS,0.8805
107010203,2838138784.1121526,51,17,11,5,千克,MASS,0.8569
304040702,2836972414.493375,57,19,12,4,千克,MASS,0.586
109010503,2815491333.687319,62,18,10,4,个,COUNT,0.9821
102050404,2809180141.6468315,73,19,11,5,千克,MASS,0.4376
101011501,2795486875.8314085,113,18,9,3,千克,MASS,0.6635
101010399,2771222301.9772086,60,20,11,5,千克,MASS,0.8635
103030799,2736290432.115696,94,18,10,4,个,COUNT,0.5043
107040403,2731142052.5811076,27,11,8,3,千克,MASS,0.9807
109011401,2716795042.2103577,67,14,10,4,个,COUNT,0.6172
107030202,2697544246.0667343,36,13,6,2,个,COUNT,0.6084
104020402,2696471846.2504206,46,13,10,5,个,COUNT,0.9727
109030400,2681784116.551805,109,24,12,5,个,COUNT,0.6676
104010699,2673958494.4646993,166,22,12,5,千米,LENGTH,0.3791
301010299,2672988261.632141,80,19,12,4,UNKNOWN,UNKNOWN,0.525
109052000,2659270132.113341,93,16,10,4,个,COUNT,0.9625
104010401,2631600397.7274847,26,11,10,4,千克,MASS,0.8171
103010101,2614307202.142748,60,15,9,3,千克,MASS,0.7903
108010306,2603922663.4816747,26,12,11,5,千米,LENGTH,0.9947
104010103,2597697471.6606255,103,21,13,6,千克,MASS,0.861
103011107,2593700431.246362,68,18,10,3,个,COUNT,0.8244
106010399,2571473018.109486,110,22,12,5,千克,MASS,0.6178
304060299,2559483072.0125203,60,16,12,4,UNKNOWN,UNKNOWN,0.5001
104020115,2559407755.2287936,25,7,7,3,个,COUNT,0.989
109030106,2549744171.4060783,20,7,6,2,OTHER,OTHER,0.5587
109010900,2546809842.5079126,202,25,14,6,个,COUNT,0.5957
304080400,2540226581.0711365,45,16,11,3,UNKNOWN,UNKNOWN,0.758
108031101,2538540057.8869014,19,10,8,2,千克,MASS,0.7286
109041306,2536313447.63566,67,17,10,4,个,COUNT,0.6843
108040201,2527445415.8723083,121,21,13,6,个,COUNT,0.3719
107050200,2522977129.975158,246,22,11,5,千米,LENGTH,0.5263
106010305,2519148012.0325356,52,14,10,4,个,COUNT,0.4492
109042409,2508865398.705285,176,19,11,5,个,COUNT,0.7287
103020101,2463392487.664344,158,20,11,4,盒,CONTAINER,0.2945
108010201,2458111830.85472,73,21,11,5,千克,MASS,0.9767
107021406,2450903729.0799875,70,19,10,5,千克,MASS,0.9743
103010604,2434663254.1086617,33,15,9,3,千克,MASS,0.9756
109052202,2409530310.0516663,37,11,7,2,个,COUNT,0.9524
304030401,2407309730.626681,61,19,11,3,UNKNOWN,UNKNOWN,0.7611
103021002,2404921539.0374947,35,13,8,3,千克,MASS,0.991
109042107,2403311726.6840897,33,16,10,5,个,COUNT,0.9814
304040202,2403204334.3461914,24,13,11,3,千克,MASS,0.6657
104010599,2383853080.091179,55,18,11,4,个,COUNT,0.7185
107010106,2382099390.304015,129,20,11,5,个,COUNT,0.5366
108012702,2376378323.365094,44,14,8,3,千克,MASS,0.9922
107030699,2375067196.2148294,81,18,10,4,千克,MASS,0.5156
109041707,2372276110.075907,37,17,9,3,个,COUNT,0.9518
109041102,2369703983.8928127,195,24,14,5,千米,LENGTH,0.4539
109042402,2350291373.429925,91,18,10,4,套,SET,0.489
109021105,2327866129.6673584,80,22,13,6,套,SET,0.4577
109041502,2324070675.6308827,35,12,10,4,个,COUNT,0.9857
103030600,2322141060.2326865,75,18,10,3,瓶,CONTAINER,0.6461
108040203,2315523775.2224536,100,18,12,6,千克,MASS,0.5391
304030102,2311960559.11742,89,21,12,4,UNKNOWN,UNKNOWN,0.4713
304080399,2306282105.9682007,37,14,10,3,UNKNOWN,UNKNOWN,0.424
107030101,2292176614.3314033,70,17,9,4,千克,MASS,0.7214
109051602,2289137557.053164,41,14,10,4,个,COUNT,0.9899
108011600,2285921403.9088335,96,21,12,6,千克,MASS,0.3301
107021507,2283874331.9024324,161,22,12,6,千克,MASS,0.4018
303020200,2282843589.323089,33,16,11,3,UNKNOWN,UNKNOWN,0.7448
110030101,2265187845.744821,89,22,14,6,千克,MASS,0.6058
109040204,2250926239.0314794,94,23,13,6,个,COUNT,0.9029
107020120,2239243979.7936053,45,17,10,5,千克,MASS,0.9891
109061907,2229890368.409668,16,6,6,4,OTHER,OTHER,0.6189
107040499,2228574547.9766693,37,14,9,4,千克,MASS,0.9927
304050101,2219392907.63344,77,26,14,6,UNKNOWN,UNKNOWN,0.5985
109041799,2217145840.611037,68,21,13,6,个,COUNT,0.9083
107040201,2204693518.554077,33,14,9,5,千克,MASS,0.965
107040305,2199381898.191559,30,11,8,4,千克,MASS,0.9844
501010100,2194324614.451831,26,15,13,5,UNKNOWN,UNKNOWN,0.5122
108031802,2192483307.2757564,14,6,5,2,千克,MASS,0.999
107010112,2188605284.8384995,53,18,11,5,千克,MASS,0.9934
108010403,2180514335.6519065,84,19,11,5,立方米,VOLUME,0.256
109025601,2178784206.645942,70,18,11,5,个,COUNT,0.5856
104030399,2177811575.344534,50,17,11,5,个,COUNT,0.9706
107020122,2166983021.230004,40,15,9,4,千克,MASS,0.9817
109040302,2163089358.415348,57,15,9,3,个,COUNT,0.7723
109010802,2149576172.770505,67,16,9,3,个,COUNT,0.9207
304020500,2146698272.8511167,54,12,8,1,UNKNOWN,UNKNOWN,0.6534
109011504,2144538146.4596481,115,22,12,5,个,COUNT,0.588
101011199,2142250125.7613578,50,17,9,2,箱,CONTAINER,0.5522
109031600,2138613486.7109427,45,14,9,3,个,COUNT,0.8505
108010801,2137875847.0256047,47,15,11,5,千克,MASS,0.8135
304010401,2136674663.9965513,41,14,11,4,UNKNOWN,UNKNOWN,0.4751
109013602,2113277043.2606816,110,17,13,6,个,COUNT,0.4431
304030402,2110682273.8558345,61,20,13,5,UNKNOWN,UNKNOWN,0.5538
107021413,2099627415.03035,57,20,11,5,千克,MASS,0.9911
304020400,2098019122.6870115,26,13,10,2,次,SERVICE,0.7698
103020604,2095728387.552858,435,21,11,4,箱,CONTAINER,0.3185
108012104,2091151149.903902,85,17,10,4,套,SET,0.5825
109024201,2089329011.0939481,39,15,8,2,套,SET,0.6131
107030104,2083689636.263399,33,14,7,2,千克,MASS,0.935
108011300,2079567008.5072377,63,19,12,6,个,COUNT,0.9447
104030702,2075622395.7671053,21,8,8,3,千克,MASS,0.9944
105020104,2074797365.2073057,132,24,14,6,个,COUNT,0.7611
109020108,2048095894.1085536,124,20,12,6,个,COUNT,0.7196
105010401,2037260992.899131,57,16,11,5,立方米,VOLUME,0.8015
103030704,2036073233.2492592,102,22,12,5,箱,CONTAINER,0.4107
103020103,2034316668.06831,132,17,9,3,个,COUNT,0.525
107021411,2023086772.7287347,93,20,11,5,千克,MASS,0.8915
103010203,2020304182.7002735,85,16,9,3,千克,MASS,0.9026
104020118,1997480991.5454001,45,17,11,4,个,COUNT,0.9141
107021399,1993403747.4419987,74,21,11,5,千克,MASS,0.7665
107020302,1992464302.1157494,45,19,10,4,千克,MASS,0.9915
103010901,1981053637.465387,64,14,8,2,千克,MASS,0.7678
109060801,1976428208.509741,39,16,9,3,个,COUNT,0.9852
109011001,1969184274.693678,113,21,12,6,个,COUNT,0.9114
107020110,1954552816.6382086,33,12,6,2,千克,MASS,0.9972
106040805,1945900541.5896556,34,14,8,3,个,COUNT,0.9375
109060301,1938844752.9959867,48,16,10,3,个,COUNT,0.9857
501020200,1938830060.4843752,31,14,10,4,平方米,AREA,0.5981
108010902,1922868847.8409064,96,20,11,5,千克,MASS,0.4919
103010801,1912650381.4328475,77,19,10,3,袋,CONTAINER,0.5075
104011306,1909496842.3855937,59,16,10,4,个,COUNT,0.925
109023210,1908487337.6757088,95,21,12,5,个,COUNT,0.5097
103020201,1907935255.771779,106,16,8,2,箱,CONTAINER,0.5702
109051099,1893995631.3307788,107,22,11,4,个,COUNT,0.6302
102040105,1890381570.3437502,20,8,5,3,千克,MASS,0.999
109051202,1875955672.0345385,68,16,11,4,个,COUNT,0.932
107021203,1870298129.5253608,138,20,11,5,千克,MASS,0.545
107021809,1865207060.9108963,84,20,12,5,个,COUNT,0.7625
109030803,1863526521.3397994,55,20,12,6,个,COUNT,0.9401
109012101,1850612040.9399137,250,24,12,6,个,COUNT,0.8489
104010602,1848217160.7691941,83,18,10,4,个,COUNT,0.9028
107050804,1847701201.1058419,88,19,11,5,个,COUNT,0.8994
304080199,1843270608.5164719,52,17,13,5,UNKNOWN,UNKNOWN,0.5734
109024507,1825055356.6166997,110,21,12,5,个,COUNT,0.4844
107050602,1824652821.9956574,127,22,11,5,个,COUNT,0.7817
102020102,1810401589.1072009,58,16,9,5,千克,MASS,0.979
107030405,1796024623.8481617,20,10,5,1,瓶,CONTAINER,0.7415
304060201,1790715901.9433591,27,13,10,3,UNKNOWN,UNKNOWN,0.6291
109042403,1786109010.9187315,51,15,9,3,个,COUNT,0.9015
109041403,1784431341.0207253,34,10,9,3,个,COUNT,0.5294
501029900,1763461531.9834898,52,18,13,6,UNKNOWN,UNKNOWN,0.5704
304040301,1743582198.6875005,22,12,10,3,UNKNOWN,UNKNOWN,0.7347
103020104,1743183555.4185479,100,17,9,3,箱,CONTAINER,0.6585
104011204,1728409584.4621775,49,15,10,4,千克,MASS,0.7135
109010804,1714610609.04809,51,14,9,3,套,SET,0.5552
107030499,1703445798.8259087,87,15,7,2,瓶,CONTAINER,0.4481
106040199,1693688742.8169253,213,24,12,5,个,COUNT,0.9093
106010199,1681783452.9857209,96,21,11,5,千克,MASS,0.8397
109060307,1680133910.4395943,81,18,11,5,个,COUNT,0.8656
106040201,1671746363.5466769,176,21,10,4,个,COUNT,0.8783
109024204,1671148352.8242722,41,18,9,3,套,SET,0.5945
108020300,1670675808.191653,52,12,9,4,千克,MASS,0.7677
107060104,1666975138.7431784,223,21,11,5,个,COUNT,0.7981
109020305,1663139127.626167,29,10,9,3,个,COUNT,0.9819
108011501,1652215720.0515835,58,18,11,5,个,COUNT,0.9795
110010201,1627829010.3672943,36,13,12,6,千瓦时,ENERGY,0.4316
109020699,1624964554.3924599,61,16,10,3,套,SET,0.5198
501019900,1622075217.6174316,26,12,11,4,OTHER,OTHER,0.709
109010803,1616034218.1776006,56,15,9,3,个,COUNT,0.7584
102040199,1608656601.140276,40,15,10,5,千克,MASS,0.9602
107020113,1607285530.4007244,38,14,9,4,千克,MASS,0.9892
109011402,1606250352.3846378,49,15,11,4,个,COUNT,0.8207
109012002,1604968151.755105,64,19,13,5,个,COUNT,0.6533
107021002,1601496306.165014,44,17,9,3,千克,MASS,0.9919
105010504,1593963112.3788416,74,21,12,5,平方米,AREA,0.7967
102050603,1590785055.0780144,15,9,6,3,千克,MASS,0.9504
109030699,1581851679.7786028,38,17,9,3,个,COUNT,0.9682
109041002,1568615614.0045526,61,13,10,4,千米,LENGTH,0.7424
109031201,1565132961.209958,16,5,5,2,个,COUNT,0.9958
109032103,1562888169.2646062,45,13,11,5,套,SET,0.9319
104030301,1561191481.4363394,56,19,11,5,个,COUNT,0.9318
304040703,1549320705.7315674,41,13,11,4,千克,MASS,0.501
103020302,1548536593.8069186,77,17,8,2,个,COUNT,0.3223
107020115,1547735473.5687554,61,17,10,4,千克,MASS,0.982
109020603,1545430705.7234344,43,12,10,4,千克,MASS,0.4572
107021702,1540147414.1640131,23,9,7,4,千克,MASS,0.9206
107021502,1536651713.0203454,63,18,11,5,千克,MASS,0.7898
103030801,1526323732.9393492,76,16,9,3,千克,MASS,0.7406
109024902,1522667567.12422,75,19,11,5,套,SET,0.5303
109024599,1521851706.1582384,75,19,10,4,个,COUNT,0.7578
304040901,1512833962.648857,103,16,10,3,UNKNOWN,UNKNOWN,0.5274
103021001,1510272623.726941,39,13,7,2,千克,MASS,0.9811
107022500,1506799050.8347025,60,15,9,3,千克,MASS,0.9918
301050602,1505350957.1790047,31,15,11,4,UNKNOWN,UNKNOWN,0.5611
107022203,1505168173.4707024,56,16,10,4,千克,MASS,0.9538
108040202,1504799754.4429152,79,18,11,5,平方米,AREA,0.6824
108040103,1499421657.022641,70,16,12,4,平方米,AREA,0.6757
109021107,1497522481.5622752,114,20,11,5,套,SET,0.5112
107020210,1482897932.5594213,38,14,8,3,千克,MASS,0.9986
104011203,1481282646.0228133,66,15,10,4,个,COUNT,0.4588
107022101,1480028800.438924,150,22,12,6,千克,MASS,0.8378
109013202,1477895888.6951973,140,19,10,4,个,COUNT,0.9219
107021403,1470688430.0096579,58,18,10,5,千克,MASS,0.989
109042002,1466764874.098954,31,12,8,3,个,COUNT,0.9959
108010503,1465532410.3912036,55,15,10,5,立方米,VOLUME,0.7343
105010599,1465228202.6691437,84,21,11,5,立方米,VOLUME,0.6205
101010105,1463614227.9815686,98,26,14,6,千克,MASS,0.8585
101030305,1452344310.0045831,34,15,9,4,千克,MASS,0.9545
109020199,1451752074.1129832,90,21,13,6,个,COUNT,0.8033
109050404,1447388596.4017649,80,19,12,5,个,COUNT,0.8235
102040107,1446973049.1965795,31,15,9,5,千克,MASS,0.9847
106051204,1446381017.1203227,195,23,12,5,个,COUNT,0.9044
107030204,1442084890.6028214,21,10,6,2,袋,CONTAINER,0.5035
101020202,1436379027.75294,77,21,12,5,立方米,VOLUME,0.5774
104020110,1436173679.1710398,29,13,9,3,个,COUNT,0.9883
104011102,1425162608.3732529,147,20,11,5,个,COUNT,0.4272
108011002,1416524338.5118935,69,20,12,6,平方米,AREA,0.627
108012101,1412319147.778963,60,16,9,3,个,COUNT,0.8487
107020220,1407406199.6720967,25,12,7,3,千克,MASS,0.9997
102040301,1406812636.6972654,18,5,5,2,千克,MASS,0.7777
106010507,1404729610.9460921,161,27,13,6,个,COUNT,0.6737
107030207,1402625295.7852616,92,14,8,2,盒,CONTAINER,0.9021
305030000,1402421936.249322,109,22,14,6,UNKNOWN,UNKNOWN,0.5031
307010100,1401387750.2484627,71,26,13,5,UNKNOWN,UNKNOWN,0.5122
109011004,1400310236.9069996,204,22,12,5,个,COUNT,0.646
107020303,1398099263.8791127,26,12,7,2,千克,MASS,0.9939
109060299,1393906513.6407247,113,21,12,6,个,COUNT,0.7294
107050402,1390145181.5236793,192,23,11,5,卷,CONTAINER,0.3372
108041404,1389715249.6998897,282,24,14,6,个,COUNT,0.6735
304040903,1388902779.2408724,47,17,11,3,UNKNOWN,UNKNOWN,0.5514
201020000,1388669685.2300835,99,24,13,5,千克,MASS,0.6988
109011704,1386588668.8971303,132,22,13,6,个,COUNT,0.7395
109013604,1378995920.2691655,48,15,11,5,个,COUNT,0.6667
109012402,1370341197.6546404,85,17,11,5,个,COUNT,0.8933
109010299,1369601644.1610308,78,23,12,5,个,COUNT,0.8326
108020404,1360542527.0551934,90,19,11,5,千克,MASS,0.6508
107020901,1357539145.1450782,96,22,13,6,千克,MASS,0.7556
102050299,1355579944.1691666,69,20,12,5,平方米,AREA,0.4221
109020901,1353198508.199654,44,16,11,4,个,COUNT,0.9698
109062601,1347115328.2718852,45,16,9,3,个,COUNT,0.9096
109050304,1343012587.1944408,67,19,12,5,套,SET,0.6351
109050102,1314272927.4375596,39,13,10,3,个,COUNT,0.4837
107020215,1307354053.7136273,33,13,9,3,千克,MASS,0.9917
107020404,1302136829.6495967,14,8,4,1,千克,MASS,0.9942
109050601,1300433363.8854935,121,18,11,3,个,COUNT,0.8294
109040805,1299681753.002196,70,17,9,3,套,SET,0.4441
107021506,1299076374.630733,88,21,11,5,千克,MASS,0.6342
109032106,1297283282.7621393,101,22,11,5,套,SET,0.3069
109052299,1294517778.3601913,41,16,10,4,个,COUNT,0.9671
306030202,1288061694.9248047,22,12,8,2,份,SERVICE,0.4957
106010502,1281646801.6593328,261,26,13,6,个,COUNT,0.6508
106040109,1281030089.8946164,179,20,11,5,千克,MASS,0.421
109022818,1274664378.6372666,116,21,12,5,个,COUNT,0.6694
106010302,1273442785.0416079,137,22,11,4,箱,CONTAINER,0.3153
103030701,1271716334.0750055,77,19,10,3,箱,CONTAINER,0.8125
307059900,1261993028.4783068,107,27,14,6,UNKNOWN,UNKNOWN,0.4737
106040801,1254160752.8901932,27,11,7,2,个,COUNT,0.9779
303010200,1253102569.2644043,23,15,12,4,UNKNOWN,UNKNOWN,0.5014
109023001,1251420681.6068392,125,21,12,5,个,COUNT,0.7603
106040604,1244362329.6510606,58,17,9,3,个,COUNT,0.8818
109023201,1230759320.8243713,75,18,11,5,个,COUNT,0.7794
107020107,1226851413.0574641,44,16,10,5,千克,MASS,0.9188
104020102,1226073929.1279695,43,13,9,3,个,COUNT,0.9019
108030500,1225762137.7412639,17,6,6,3,千克,MASS,0.999
108042300,1223185787.937199,72,21,12,5,个,COUNT,0.9012
109012003,1220534898.1719177,123,22,13,6,个,COUNT,0.8072
104030601,1218241240.7692566,28,10,9,4,平方米,AREA,0.6516
104011202,1213000981.234116,33,12,10,4,千米,LENGTH,0.611
201030000,1208290632.46883,82,23,12,5,千克,MASS,0.5259
105010604,1203326103.9094954,96,23,13,6,个,COUNT,0.7999
107030406,1200306944.879232,69,13,7,2,盒,CONTAINER,0.9271
106040806,1194515444.7587821,68,21,11,5,个,COUNT,0.7182
107010202,1194308269.4050293,60,19,11,5,千克,MASS,0.8143
306019900,1190847624.621338,36,17,10,2,UNKNOWN,UNKNOWN,0.8917
401020000,1188741892.4592566,59,16,12,4,UNKNOWN,UNKNOWN,0.3292
108031901,1178948868.1733398,19,5,5,3,千克,MASS,0.9931
106050999,1175461021.687608,26,11,10,4,个,COUNT,0.9705
109020601,1171873576.7350311,35,11,9,3,千克,MASS,0.4021
109051905,1171205110.9315891,72,18,10,4,个,COUNT,0.5501
106050902,1164582225.0305424,37,13,9,4,OTHER,OTHER,0.7802
108032499,1159850782.65271,18,8,7,3,千克,MASS,0.9407
307020102,1153637985.4439697,52,14,10,3,UNKNOWN,UNKNOWN,0.4156
108010399,1149147380.6522284,70,19,11,5,千克,MASS,0.5827
107021407,1146951616.7739565,32,15,8,3,千克,MASS,0.9956
107020240,1146726183.7598267,9,6,3,1,千克,MASS,1.0
101010199,1146533403.5692005,91,25,14,6,千克,MASS,0.6344
109010301,1141667223.495655,32,13,10,4,个,COUNT,0.6677
109042199,1137100430.4635854,55,21,12,5,个,COUNT,0.899
109042501,1134748478.0090935,83,18,10,4,个,COUNT,0.9068
109020105,1129077993.7205381,35,11,8,3,个,COUNT,0.8348
109061906,1124730143.6186142,36,12,11,5,OTHER,OTHER,0.6669
109051501,1123549060.6401,49,10,8,3,个,COUNT,0.9433
109050103,1117988450.17704,27,9,8,2,套,SET,0.8066
107020802,1114880186.439457,105,18,11,5,千克,MASS,0.8324
109011902,1112570237.198638,74,18,10,4,个,COUNT,0.5919
107030710,1111327462.8062978,364,19,10,4,个,COUNT,0.5134
105020106,1110514500.1291418,88,18,11,5,个,COUNT,0.7234
104030502,1108152909.9789183,58,17,12,6,千米,LENGTH,0.4692
109013703,1099718977.0387502,27,9,7,3,个,COUNT,0.9835
106040603,1097214561.1728723,91,21,11,5,个,COUNT,0.6876
104020120,1096375446.2341688,17,7,7,3,个,COUNT,0.9832
105010602,1094101192.4168797,88,22,12,6,个,COUNT,0.78
109042699,1093299892.9546123,76,21,13,6,个,COUNT,0.5153
109051305,1093231402.4704895,46,17,11,4,个,COUNT,0.9569
109062001,1084679451.1215148,67,15,10,4,副,SET,0.4484
103030301,1080013985.4474564,44,15,9,4,包,CONTAINER,0.5435
107030399,1076996900.9007607,62,15,8,2,千克,MASS,0.8828
108042600,1076366448.7756298,189,20,11,5,千克,MASS,0.7249
106050204,1072420911.8330078,35,11,8,3,个,COUNT,0.3874
109010304,1065773485.885601,62,18,10,3,个,COUNT,0.6047
107022201,1065073025.8333347,123,18,10,4,个,COUNT,0.7844
104030501,1064402561.8035257,31,15,9,3,个,COUNT,0.9914
109024100,1063700324.0065665,73,19,11,5,个,COUNT,0.8479
109022202,1062335436.4757767,57,20,12,5,个,COUNT,0.7433
108042700,1061528750.1894515,115,18,10,4,个,COUNT,0.5908
109041905,1049859625.8349859,27,13,8,2,个,COUNT,0.9946
109011302,1049034257.4131117,83,22,13,5,个,COUNT,0.9512
109031401,1046337489.0675716,34,13,8,2,个,COUNT,0.8501
106020103,1041543738.1272615,164,26,13,5,个,COUNT,0.4676
104020108,1039396709.9521252,23,10,8,3,个,COUNT,0.9847
109013101,1034584139.8425751,77,22,12,6,个,COUNT,0.7468
306030199,1033611960.9123535,18,13,9,1,份,SERVICE,0.3171
109011201,1026051696.3823066,57,13,10,3,个,COUNT,0.8757
108032202,1025642801.3095702,13,5,5,2,千克,MASS,0.9993
103010301,1022778309.5610864,57,17,9,3,千克,MASS,0.6645
109013699,1016849620.141324,67,18,10,4,个,COUNT,0.532
109012004,1015965875.1183033,61,17,10,4,个,COUNT,0.9015
109060203,1015229296.0580902,82,19,12,5,个,COUNT,0.7599
109040804,1012490913.9438511,100,19,11,5,个,COUNT,0.8912
108041301,1010672815.0784245,126,21,13,6,千克,MASS,0.407
105010201,1008791134.706193,78,20,11,5,立方米,VOLUME,0.3676
102050102,1006006154.5773904,64,19,11,5,千克,MASS,0.9216
105010399,1004836496.3673954,71,17,11,5,个,COUNT,0.587
107060114,1004175711.4972658,68,18,11,5,千克,MASS,0.6311
101010302,1003881049.719346,40,19,10,4,千克,MASS,0.7587
108031403,1001822703.6560755,30,9,8,4,千克,MASS,0.9064
101020299,995410541.7042603,71,20,11,5,立方米,VOLUME,0.7184
107020225,995298826.6088638,26,8,6,3,千克,MASS,0.9895
109040405,993566098.392441,43,11,11,5,个,COUNT,0.9696
109050302,993048831.4684885,45,15,8,2,个,COUNT,0.9556
102049999,982615839.6553345,35,14,10,5,千克,MASS,0.966
105020107,972668446.0272167,99,20,11,5,个,COUNT,0.4123
109020605,970447585.5906448,52,11,10,4,套,SET,0.4578
109051604,970071670.7319603,49,14,10,4,个,COUNT,0.9357
108042100,969612037.9563346,78,17,10,4,个,COUNT,0.7669
104020403,962033501.6332245,62,17,11,5,个,COUNT,0.9657
107050803,961360208.2220161,120,22,11,5,个,COUNT,0.7577
109030801,961057530.4522276,55,18,11,4,个,COUNT,0.5486
107030213,960999001.4714956,69,13,8,3,瓶,CONTAINER,0.511
108010501,958560838.8827763,50,16,11,5,个,COUNT,0.4183
106010508,958037707.5695925,48,16,9,3,个,COUNT,0.6964
106041001,954858227.1485729,26,12,9,3,个,COUNT,0.997
107010110,954452866.3592691,46,16,9,4,千克,MASS,0.9927
107060399,947195936.1100945,83,19,11,5,个,COUNT,0.6827
104030403,939523003.6611834,41,15,10,4,个,COUNT,0.9883
109060904,935187261.3507996,30,14,10,3,套,SET,0.6597
108031003,930155314.0524902,13,5,5,2,千克,MASS,0.9881
108041103,922469811.3604083,54,16,10,4,千克,MASS,0.9269
109020702,920601879.8277531,37,12,10,4,个,COUNT,0.7522
304070102,920289237.5163422,18,10,8,2,UNKNOWN,UNKNOWN,0.5419
108040412,915448585.5157707,3171,20,11,5,个,COUNT,0.6258
108042400,912842111.9848088,157,21,12,5,个,COUNT,0.5785
107040301,911628027.133465,49,17,10,5,千克,MASS,0.9768
304040101,911150477.2965698,24,10,9,3,UNKNOWN,UNKNOWN,0.8898
106051205,908555867.1807474,65,17,11,4,个,COUNT,0.7963
101040100,896843299.3389766,59,16,9,3,千克,MASS,0.7626
109020102,892546906.4468155,56,14,10,4,个,COUNT,0.8574
109060206,892041914.0550919,70,15,9,3,个,COUNT,0.7966
104020501,887015054.907789,64,18,10,4,个,COUNT,0.8412
303010100,886254161.1903377,29,10,8,1,月,TIME,0.2954
108030700,885718411.6397095,23,10,8,4,千克,MASS,0.8453
109062503,883527271.9768515,49,20,11,4,个,COUNT,0.9868
109024503,881759282.2243977,69,17,10,4,个,COUNT,0.7787
104020404,879522711.4219179,43,15,9,4,个,COUNT,0.9506
107020602,877221596.9157181,37,16,9,3,千克,MASS,0.8426
307030100,876358704.9472084,33,11,7,2,UNKNOWN,UNKNOWN,0.9749
107060306,873353372.3315341,87,19,11,5,千瓦时,ENERGY,0.4703
104010202,865775655.2540321,45,14,11,5,千克,MASS,0.9079
109040307,865254806.8934679,61,16,10,4,个,COUNT,0.7555
103030902,864519168.4412587,58,16,9,3,千克,MASS,0.371
108020701,864111160.384686,57,15,10,4,千克,MASS,0.8191
301010101,863504489.7985954,48,20,13,5,UNKNOWN,UNKNOWN,0.7659
107021902,859818170.3924699,58,21,11,4,千克,MASS,0.9579
109024701,856756917.6861539,145,13,7,2,个,COUNT,0.8038
104020116,856204166.0129805,19,7,7,3,个,COUNT,0.9864
106020299,854042751.4397722,68,21,10,4,个,COUNT,0.7731
109041903,853739134.1034203,14,8,6,2,个,COUNT,0.9729
105010803,852655888.3892317,87,20,12,6,个,COUNT,0.5944
107021412,851880735.2760115,91,18,10,4,个,COUNT,0.5398
109050299,851781331.3423862,62,19,13,4,个,COUNT,0.7881
109042408,848315460.6952608,79,17,10,4,个,COUNT,0.8817
107020103,846430985.8464565,45,14,8,4,千克,MASS,0.8908
109062002,845826441.1385635,44,14,9,3,盒,CONTAINER,0.7016
107030501,843098912.5410881,38,16,9,3,千克,MASS,0.6943
107010109,841165079.7098389,36,15,9,4,千克,MASS,0.9028
109020302,838716931.708271,27,12,10,3,个,COUNT,0.9882
109060313,838440328.4007522,82,20,10,4,个,COUNT,0.8695
107020207,838164970.0680542,20,11,6,3,千克,MASS,0.9947
109060701,836696498.1417236,47,18,11,4,套,SET,0.7966
103020199,835746514.8521864,88,17,9,3,箱,CONTAINER,0.4921
107060111,833020623.4547018,95,21,11,5,个,COUNT,0.4414
107020401,828728201.5931778,28,11,8,3,千克,MASS,0.985
109062003,828075035.5320349,47,13,9,3,副,SET,0.7643
103011204,827318544.4852734,29,13,7,2,千克,MASS,0.9974
109060202,826361461.626245,100,15,9,3,个,COUNT,0.8844
108010305,824083547.9565735,39,15,11,5,个,COUNT,0.947
107021306,820500861.491643,70,18,11,5,千克,MASS,0.8329
106051206,820338095.7716291,68,19,11,5,个,COUNT,0.7757
106040699,820139866.1998034,85,22,11,4,个,COUNT,0.6369
107020233,819418764.8125,10,6,4,2,千克,MASS,0.9999
108010308,811031246.007003,60,18,12,5,OTHER,OTHER,0.3324
109041603,805492479.7935562,21,9,9,3,个,COUNT,0.9961
109010508,805383686.2823372,39,15,10,3,个,COUNT,0.9788
104020407,798274751.8910103,66,18,9,3,个,COUNT,0.842
107020208,797125940.2581415,12,6,4,1,千克,MASS,0.9996
110020204,795500555.9884033,13,8,8,3,千克,MASS,0.9714
108041405,794101683.1234913,150,20,11,5,千克,MASS,0.3803
109031404,788987584.7871954,53,14,9,3,个,COUNT,0.5737
105020105,787968348.4120541,90,20,12,6,个,COUNT,0.6792
108031502,787901162.5271568,35,12,9,3,千克,MASS,0.9954
106040601,787729121.212327,45,15,9,3,个,COUNT,0.9636
107021501,785116708.3575783,37,17,10,5,千克,MASS,0.9471
109069900,785005501.3124418,97,20,12,5,个,COUNT,0.7968
103020102,784220040.5315329,87,18,10,3,个,COUNT,0.2769
109013305,782977115.9739456,61,17,9,3,个,COUNT,0.8834
104010506,781037444.4227254,43,14,10,4,个,COUNT,0.9047
104010402,779123082.1338654,37,11,9,4,千米,LENGTH,0.7464
405010100,777209248.4375,9,8,6,2,平方米,AREA,0.7173
109011305,777170132.0833206,95,23,12,5,个,COUNT,0.5169
109050106,774120406.0350494,23,8,7,1,套,SET,0.8761
108011499,772095439.6183711,69,17,10,4,个,COUNT,0.5044
107021899,767134273.5505638,37,15,9,5,千克,MASS,0.8523
106010304,762315461.0569531,73,20,10,4,千克,MASS,0.4105
103030707,761760943.8438208,66,15,8,2,千克,MASS,0.3985
104010702,761112159.645558,98,20,11,5,个,COUNT,0.7339
109010501,760502021.6488383,79,19,10,4,个,COUNT,0.6011
108012803,759909166.0196534,134,20,11,5,个,COUNT,0.7875
103030400,757722832.8605897,40,17,10,4,箱,CONTAINER,0.4213
107021901,754258006.4102298,81,20,12,5,千克,MASS,0.8318
107050104,751665322.104393,55,14,10,4,个,COUNT,0.9634
108032102,749898765.9625168,35,10,9,4,千克,MASS,0.9491
104020109,748237354.6479521,27,11,8,3,个,COUNT,0.9802
109040305,746910368.4933014,33,9,8,3,个,COUNT,0.9484
109012905,742298644.3538609,52,14,11,5,个,COUNT,0.7309
106051304,742297959.8539906,45,16,8,3,个,COUNT,0.7963
102050501,740794954.3774605,32,12,9,3,千克,MASS,0.9581
109060306,739873475.7740812,33,12,9,3,个,COUNT,0.7331
104010604,734455500.1803322,74,17,10,4,个,COUNT,0.4681
105020206,731332835.0004044,31,11,10,4,个,COUNT,0.8808
108011401,725519927.8920741,65,18,11,5,个,COUNT,0.8891
105010501,724390138.4449253,76,15,12,5,个,COUNT,0.3517
109061908,723717403.6728888,51,19,11,4,个,COUNT,0.8995
109011205,723542690.28479,20,9,8,3,个,COUNT,0.9901
104020107,722273194.4866371,18,10,9,4,个,COUNT,0.9714
201010000,722245689.8523188,89,24,14,6,千克,MASS,0.3978
105010503,717953799.466466,43,11,10,5,个,COUNT,0.771
106050206,716625791.4703937,84,18,11,5,千克,MASS,0.608
103010803,714064611.8802792,65,15,8,2,袋,CONTAINER,0.4082
108010701,713731758.3772097,56,20,11,5,平方米,AREA,0.3849
109010504,711666830.9925575,41,15,9,3,个,COUNT,0.9886
108010404,710297196.3905096,57,19,11,5,UNKNOWN,UNKNOWN,0.7799
108041101,709867324.2468381,116,18,11,5,千克,MASS,0.9182
108010899,706514081.1044953,63,19,11,5,平方米,AREA,0.4349
109012906,706196494.0877819,63,18,10,4,个,COUNT,0.8915
101011503,704291280.9398937,51,18,10,3,千克,MASS,0.8059
109023102,702208433.8630052,74,17,10,4,千米,LENGTH,0.6705
106051202,701561098.0672876,144,21,11,5,个,COUNT,0.7878
102050514,700954709.1181107,20,8,5,2,千克,MASS,0.9998
101020402,700404275.1020737,61,18,10,5,千克,MASS,0.9829
109062799,698834784.8705515,116,24,12,5,个,COUNT,0.8463
109012704,696109621.0721321,76,19,11,4,个,COUNT,0.4543
303020100,687033848.8008087,21,11,8,1,月,TIME,0.3061
104019905,686242365.0556755,38,14,10,4,千米,LENGTH,0.8875
109051001,683428890.095171,66,19,11,4,个,COUNT,0.5723
108010703,682014454.7459488,54,14,11,5,平方米,AREA,0.7902
103020301,679512387.0694255,99,19,10,3,批,BATCH,0.1866
107050801,679494339.9907794,141,18,10,4,副,SET,0.5055
108032001,679344933.3547592,44,11,8,4,千克,MASS,0.8768
104011004,679207358.4153728,71,21,12,6,千米,LENGTH,0.4591
104020103,677574515.2887622,17,9,8,3,个,COUNT,0.7867
109060511,677004067.7887945,111,23,12,5,个,COUNT,0.5403
109060607,675098795.4386735,80,19,11,5,个,COUNT,0.5
107021409,674867336.5744767,136,18,10,4,千克,MASS,0.555
101030399,673648381.3224144,33,13,9,3,千克,MASS,0.864
109025306,672621316.2918594,130,23,12,5,个,COUNT,0.4654
104030599,670817501.0628037,83,18,10,4,个,COUNT,0.7561
109011301,669317484.8391953,70,20,12,5,个,COUNT,0.8703
108020401,668159976.4640942,62,17,12,6,千克,MASS,0.7079
109013402,667699112.7301579,58,19,11,5,个,COUNT,0.5321
103020206,666504932.4475232,55,15,8,2,个,COUNT,0.5962
109011502,665737784.5201416,22,10,10,4,个,COUNT,0.995
107060105,662133035.0825758,111,20,11,5,千克,MASS,0.5385
105010404,655775400.0530877,66,20,11,5,个,COUNT,0.5531
107030108,655626515.5357909,19,9,6,2,千克,MASS,0.9782
109051004,648945233.6647015,28,12,8,2,个,COUNT,0.9023
108012902,647890967.067239,77,19,11,5,千克,MASS,0.8313
106040804,647263429.6551635,51,17,11,4,个,COUNT,0.8861
104010201,645648751.9618099,46,16,8,4,千克,MASS,0.9107
109060608,639052463.7779546,73,19,11,5,个,COUNT,0.5951
109012606,638824810.2455672,26,10,9,3,个,COUNT,0.7226
108041899,634425971.6642761,73,17,10,4,个,COUNT,0.8199
101040200,634283289.3130121,42,13,9,3,千克,MASS,0.8919
109012500,629377374.3168001,128,19,11,5,个,COUNT,0.7839
107022002,628439181.9117813,22,11,5,2,千克,MASS,0.7392
108031203,621373147.6286325,36,10,7,2,千克,MASS,0.8798
108011103,620815125.1743267,41,15,10,4,个,COUNT,0.9842
109011602,616924125.9950713,93,20,12,5,个,COUNT,0.4971
109040905,614034707.9731898,61,16,10,4,个,COUNT,0.6673
301010102,613911828.0371469,229,20,12,4,UNKNOWN,UNKNOWN,0.4755
109013203,612547478.1595006,133,20,10,4,个,COUNT,0.8302
101049900,608444948.9268976,61,16,8,2,千克,MASS,0.6288
107030210,607527215.1301277,84,13,6,2,个,COUNT,0.7338
109012907,606114945.1118565,64,18,11,5,个,COUNT,0.8163
304020102,605738723.6523438,4,4,3,0,UNKNOWN,UNKNOWN,0.9959
108040303,604943335.0040088,156,18,10,4,个,COUNT,0.8218
103020901,603874289.379076,52,18,10,4,个,COUNT,0.7815
109060310,602293907.7048781,47,12,9,3,套,SET,0.4632
109042203,602096435.2808762,41,13,11,5,个,COUNT,0.4343
103030302,601677706.3531553,47,15,8,3,箱,CONTAINER,0.6411
109030802,601372236.1018677,31,12,9,3,个,COUNT,0.9562
109050804,600738557.9235097,67,15,9,3,个,COUNT,0.6913
106040606,597509995.3098539,59,19,11,4,个,COUNT,0.9578
109050402,596894636.8428345,29,12,9,2,套,SET,0.5798
304020203,596858714.2636414,46,14,11,3,UNKNOWN,UNKNOWN,0.6241
109025311,595267727.1587601,82,20,12,5,个,COUNT,0.7848
104011307,595076146.2383568,119,22,11,5,个,COUNT,0.7892
108010702,594710580.2921982,58,21,12,5,个,COUNT,0.3542
109020909,594294847.0972147,66,21,12,6,个,COUNT,0.7743
108041901,594277589.4263887,61,14,11,5,个,COUNT,0.8628
109012102,593133483.1750374,58,21,12,4,套,SET,0.6723
109051399,592954633.8487701,55,15,11,3,个,COUNT,0.4733
102050900,592402044.0297627,36,16,9,4,千克,MASS,0.8503
109011003,591190248.6101769,52,16,9,3,个,COUNT,0.6687
106050702,590053690.5726486,90,21,12,6,平方米,AREA,0.5265
109024904,588077377.0564704,54,17,11,5,平方米,AREA,0.5131
109042404,585828104.9671472,90,17,10,4,个,COUNT,0.6667
103010899,579861840.8090917,70,15,8,2,千克,MASS,0.656
102050401,577799246.2489624,60,21,11,5,千克,MASS,0.8636
102050201,577332234.6859283,39,15,11,5,千克,MASS,0.8858
109060702,576964420.4491196,49,17,9,3,套,SET,0.6388
301050202,575559519.9902574,39,17,12,4,千克,MASS,0.5072
105010901,575321235.993715,69,18,11,5,立方米,VOLUME,0.7386
102040202,575227917.6695557,18,6,6,2,千克,MASS,0.9977
108040702,574920052.7405192,106,18,9,3,个,COUNT,0.8253
105020204,574447756.3667375,101,20,11,5,个,COUNT,0.3808
109011601,571686653.2367859,33,12,11,5,套,SET,0.7345
109051902,570889587.8912647,58,14,9,4,个,COUNT,0.904
107020111,569755157.9935913,30,14,9,4,千克,MASS,0.9943
103020505,567673795.1113067,60,14,8,2,千克,MASS,0.6426
107020203,567626698.097187,22,11,6,3,千克,MASS,0.9844
107021904,566555130.559082,76,19,12,5,个,COUNT,0.3173
109060201,566259342.9426203,93,20,10,4,个,COUNT,0.736
109041101,562447619.0862284,68,19,11,5,个,COUNT,0.7632
106040899,558304896.7613099,58,16,10,3,个,COUNT,0.8016
109062602,557056868.9084218,33,15,10,3,个,COUNT,0.9494
104011401,556814276.8125744,35,14,10,4,个,COUNT,0.9893
109061601,556363555.9177608,48,15,10,4,个,COUNT,0.8829
108012102,554913187.8107681,49,17,10,4,个,COUNT,0.8999
109024611,554540280.6905518,36,18,11,5,个,COUNT,0.467
304080202,553558170.9646606,33,14,9,2,UNKNOWN,UNKNOWN,0.3274
109060101,552308296.3231381,70,19,11,4,个,COUNT,0.7414
109040402,551072878.9560289,47,16,10,4,个,COUNT,0.9649
107021602,550505456.337043,35,13,7,3,千克,MASS,0.9962
110010300,549962458.0540771,30,17,14,6,平方米,AREA,0.8803
304040704,548410441.1343255,35,19,12,4,千克,MASS,0.6471
103011203,547704523.9603469,72,19,10,4,千克,MASS,0.8682
109022703,547263126.062318,72,18,10,5,千克,MASS,0.9161
109060506,546454155.537304,60,18,10,4,套,SET,0.5692
107021508,544586629.0151505,17,10,6,2,千克,MASS,0.9995
106040702,540467195.1793175,28,10,9,3,个,COUNT,0.9777
109041305,540210254.8565463,84,17,9,2,个,COUNT,0.7907
101011601,535424784.960829,74,20,11,4,个,COUNT,0.3938
107060113,534182934.6843748,43,13,9,4,个,COUNT,0.5357
107030411,534001927.440341,9,6,4,1,盒,CONTAINER,0.9384
106040803,531944515.4944524,48,16,10,4,个,COUNT,0.8796
109022201,530285917.67349243,50,19,12,5,个,COUNT,0.7866
108011900,529100569.2348613,75,19,11,5,个,COUNT,0.3919
109020408,526018846.5023718,62,19,11,5,套,SET,0.4231
109041499,523593158.9816532,45,19,11,4,个,COUNT,0.5428
109024903,522755173.4453163,36,15,10,3,个,COUNT,0.3896
108031402,521545019.80827075,48,15,10,4,千克,MASS,0.5571
109011214,518249765.20966536,104,22,12,5,个,COUNT,0.6765
109020701,517721972.3745346,47,14,11,5,个,COUNT,0.6319
103010905,516922604.59050703,48,16,8,2,千克,MASS,0.8776
109060205,516532132.5123491,57,19,10,4,个,COUNT,0.8072
109061801,516460039.5751381,20,7,6,2,个,COUNT,0.9967
107020307,516326621.34992605,39,17,10,5,千克,MASS,0.8716
109023199,516115045.6450949,73,19,12,5,套,SET,0.5984
109041599,514294766.3977318,30,14,10,4,个,COUNT,0.7441
109051504,513858952.18048096,24,6,6,2,个,COUNT,0.9687
108031404,512899578.43517494,33,11,8,4,个,COUNT,0.6164
109040301,511650275.28240967,39,13,9,3,个,COUNT,0.9061
109012401,507131456.9219227,57,15,10,4,个,COUNT,0.8959
108031199,507092187.1230469,32,12,8,3,千克,MASS,0.5404
109040803,505088649.3951784,66,17,10,4,个,COUNT,0.7928
102050399,504474826.31799316,44,16,10,5,千克,MASS,0.8142
109023206,502860263.4533119,51,17,10,3,个,COUNT,0.6408
109010512,502224820.34368896,35,14,9,3,个,COUNT,0.9957
109020308,500492975.66364276,45,15,10,4,套,SET,0.5557
109050802,499582151.96170425,33,12,9,3,个,COUNT,0.8586
109024202,497034086.3529701,40,16,9,3,个,COUNT,0.6173
106050299,493306271.13975215,71,19,10,4,个,COUNT,0.3848
109013102,492937905.5462646,62,17,11,5,个,COUNT,0.9341
109060601,491774183.21758723,52,18,9,3,个,COUNT,0.7537
109024404,491114732.11268324,65,22,12,5,个,COUNT,0.5144
103019900,489506092.0762659,97,19,9,3,千克,MASS,0.3792
109022808,486840430.8750229,11,5,5,3,个,COUNT,0.9964
107020114,486245741.10272217,29,13,8,4,千克,MASS,0.965
107020116,485052087.05702025,29,14,8,3,千克,MASS,0.9978
104030304,484427886.20570207,90,19,12,6,个,COUNT,0.6102
109021501,482524446.6291008,39,14,7,2,箱,CONTAINER,0.5204
103020202,482275359.62087226,80,17,9,2,千克,MASS,0.4424
101010104,479353412.6876526,67,25,14,6,千克,MASS,0.6717
104020119,477888856.2094307,23,9,8,2,套,SET,0.5094
304010402,477178407.7548828,24,10,9,4,OTHER,OTHER,0.5157
109023101,476849345.5377083,60,17,10,4,千克,MASS,0.3768
109022816,476651194.4081116,36,16,10,4,个,COUNT,0.8554
104010901,476565408.1072575,98,20,12,5,千克,MASS,0.7988
109061007,475993881.098299,27,13,11,5,个,COUNT,0.8807
109025603,475169115.60145473,50,17,11,4,个,COUNT,0.6936
106051208,474796023.78458285,26,14,9,3,个,COUNT,0.9644
109010603,473295806.18431854,27,9,8,3,个,COUNT,0.834
106051009,471804121.9693964,87,20,10,4,个,COUNT,0.3251
109050301,471316343.26075745,14,6,6,2,套,SET,0.9522
105010199,471315090.3788286,60,17,11,5,立方米,VOLUME,0.7285
109040502,470840943.7817286,61,18,11,5,个,COUNT,0.5171
104010399,470765735.69709337,70,15,9,4,千米,LENGTH,0.4637
107060301,470352607.9167596,83,19,11,5,千米,LENGTH,0.3406
107030403,467401527.251689,79,14,7,3,盒,CONTAINER,0.5374
106020201,467142561.79119164,81,19,8,2,个,COUNT,0.7964
109040202,463030190.1414109,34,10,9,3,个,COUNT,0.9561
104019902,462021081.0779705,60,17,10,4,个,COUNT,0.8564
107020234,461383945.8984375,5,1,1,1,千克,MASS,1.0
107020236,460239506.94000244,8,3,3,1,千克,MASS,0.9996
109024799,459236490.1233521,26,9,7,2,个,COUNT,0.6733
107020205,457483591.46494293,31,13,8,4,千克,MASS,0.6266
109051502,457406812.83732945,34,10,8,3,个,COUNT,0.9602
103011199,457385504.30020064,52,16,8,2,盒,CONTAINER,0.3651
103020203,457366535.21477556,64,16,9,3,个,COUNT,0.6748
101010106,456774975.900752,83,24,14,6,千克,MASS,0.7029
107040202,453643475.45396423,33,14,10,5,千克,MASS,0.8713
106050102,453268736.7743187,72,19,10,4,个,COUNT,0.5062
104011003,451394264.8085748,92,20,12,6,个,COUNT,0.369
201040000,448928623.2013359,67,23,13,6,千克,MASS,0.2767
108012804,446872623.899023,106,18,10,4,个,COUNT,0.6636
109031700,445819585.76030725,34,14,7,2,个,COUNT,0.9284
109061603,444413592.2003765,61,18,11,5,个,COUNT,0.7862
107030110,442786501.31802255,29,13,8,3,千克,MASS,0.7429
109024504,442591655.222826,25,10,7,2,套,SET,0.4707
108012203,441733138.5435191,57,15,8,3,个,COUNT,0.3908
103010399,440954011.1536856,47,14,8,2,千克,MASS,0.8087
109032404,440781614.03724676,25,11,8,3,UNKNOWN,UNKNOWN,0.4827
108041402,440222015.57053494,105,20,11,5,个,COUNT,0.8273
104020117,439904413.74929047,20,6,5,1,个,COUNT,0.9902
107030410,438069171.27642745,20,8,6,3,盒,CONTAINER,0.9952
109030105,437354005.11784357,23,8,8,2,个,COUNT,0.9986
108040399,436983570.50959206,97,18,10,4,个,COUNT,0.7105
103020504,436974211.8989966,63,13,7,2,千克,MASS,0.5727
108031301,436432465.5870972,21,8,5,2,千克,MASS,0.9991
102050302,433417478.8096333,40,14,7,3,千克,MASS,0.982
304070101,432790755.1875,12,9,7,1,UNKNOWN,UNKNOWN,0.6
107030804,432240281.49871904,54,17,10,4,盒,CONTAINER,0.568
109041503,430218271.16462713,32,18,9,3,个,COUNT,0.938
109051302,429962450.82070345,60,18,12,5,个,COUNT,0.5504
109051907,429017181.75305176,35,12,9,3,个,COUNT,0.5959
109060304,425448862.80206466,70,16,9,3,个,COUNT,0.9558
109011213,424681098.01768506,40,12,10,3,个,COUNT,0.6236
107020902,424008532.20550305,84,20,11,5,千克,MASS,0.6065
109062403,423575744.24057007,48,17,11,5,个,COUNT,0.9368
106040802,422659981.0375118,35,12,9,3,个,COUNT,0.8543
106040112,422424225.4549315,44,15,8,3,个,COUNT,0.7024
109040802,421756777.788498,57,15,10,3,个,COUNT,0.7122
109042099,421231690.68550396,40,16,11,5,个,COUNT,0.8854
109024205,420900143.62054443,37,15,7,1,套,SET,0.7051
102051102,418923464.0214692,14,6,5,2,个,COUNT,0.8754
107040399,418859388.1678982,61,18,11,5,千克,MASS,0.7711
304040299,418249800.3174057,24,13,11,3,千克,MASS,0.4965
102040111,416418182.6702423,12,4,4,2,千克,MASS,0.9758
109013404,416175592.2057724,76,21,12,5,个,COUNT,0.6773
109042599,415927344.1145725,20,7,7,3,个,COUNT,0.9937
109042602,415580526.61970145,40,14,11,4,个,COUNT,0.7636
109020104,414545842.39147186,39,12,11,5,个,COUNT,0.7862
109025299,413705316.6179515,82,21,11,4,个,COUNT,0.6124
105010304,412848601.34842205,57,17,11,5,个,COUNT,0.7784
108012801,412113352.20068765,104,18,11,5,个,COUNT,0.8528
107040103,411691144.1755829,44,11,8,5,千克,MASS,0.9901
109020306,411517718.7576034,62,19,12,5,个,COUNT,0.7223
101010301,410670537.9224486,49,17,10,4,千克,MASS,0.8061
105020201,408271099.93916893,73,19,11,5,个,COUNT,0.4239
304040902,408038420.4059009,11,9,8,2,月,TIME,0.3893
109011304,407152973.2195597,67,17,11,4,个,COUNT,0.8702
304020104,407024000.8078613,27,10,8,1,UNKNOWN,UNKNOWN,0.7635
109012302,406033979.1257929,58,14,10,4,个,COUNT,0.7877
107030120,404602915.68820286,41,14,7,2,千克,MASS,0.9029
102050601,404572384.4979515,31,14,8,2,千克,MASS,0.9867
101011101,404404900.41769487,41,13,7,3,千克,MASS,0.9789
107029906,402996340.040214,42,18,9,3,千克,MASS,0.818
109042399,400318228.775896,64,18,11,5,个,COUNT,0.8623
107040307,399609413.69473267,12,6,6,3,千克,MASS,0.9837
107020304,398720057.76577765,7,5,5,2,千克,MASS,0.9996
108041999,397796877.3530884,96,20,12,6,个,COUNT,0.438
107030707,397411148.2744222,20,10,6,3,瓶,CONTAINER,0.9379
101010801,395103187.45002365,7,7,5,2,千克,MASS,1.0
107021704,394766721.29640204,34,12,8,3,千克,MASS,0.8865
102050407,393752064.2857628,46,17,10,5,千克,MASS,0.608
107030805,393501206.793717,107,20,11,4,盒,CONTAINER,0.5822
109010601,393377305.0350504,39,14,9,3,个,COUNT,0.9324
307040100,393292694.68498325,89,23,13,5,UNKNOWN,UNKNOWN,0.7687
109013403,392743005.7773745,96,22,12,5,个,COUNT,0.7451
109023301,391170990.04481226,44,17,10,4,个,COUNT,0.7777
107021504,391049807.22567755,40,13,8,3,千克,MASS,0.9386
109025301,389663408.51650476,57,14,10,4,套,SET,0.5325
106050210,389493099.0909586,82,20,10,4,套,SET,0.3443
109023104,387315713.4759116,43,14,9,3,批,BATCH,0.4002
104010206,386151355.13993835,29,10,9,3,千米,LENGTH,0.4802
107021601,383989366.742508,15,8,5,2,千克,MASS,0.9988
109024705,382075511.83701277,37,13,10,4,个,COUNT,0.6643
109011403,382068198.16813654,34,10,8,3,个,COUNT,0.8113
101030101,380632851.5261783,25,13,9,3,千克,MASS,0.877
108010302,380143265.33575296,62,19,11,5,千米,LENGTH,0.5162
103020701,379625308.2311,37,15,8,3,千克,MASS,0.9385
110020102,378537003.5,7,5,5,3,立方米,VOLUME,0.5421
106010103,376413696.68256235,43,18,10,4,千克,MASS,0.8109
103010999,375967875.83942556,42,16,8,2,千克,MASS,0.6964
104010501,375043287.92084503,39,12,8,3,个,COUNT,0.7926
108040302,374032907.87944055,252,25,14,6,个,COUNT,0.507
109060399,373840878.06691456,93,19,11,5,个,COUNT,0.7457
109042102,373573915.4753132,39,12,10,4,个,COUNT,0.7162
104010203,371093299.81242436,48,16,9,4,千克,MASS,0.6231
109013005,370222371.1588955,77,20,11,5,个,COUNT,0.6876
108012006,368768206.0895958,51,17,11,5,千克,MASS,0.5806
104019903,367204603.0188584,59,15,10,4,千米,LENGTH,0.6222
104020104,366746768.02223015,18,8,7,3,个,COUNT,0.8785
103010702,366326583.5107154,21,9,7,2,个,COUNT,0.7734
104010104,366171738.06397086,67,17,10,5,千克,MASS,0.4723
105010403,365712990.0070808,42,15,10,5,立方米,VOLUME,0.4798
104030100,364760642.47447205,47,16,10,4,平方米,AREA,0.4651
108010309,364328801.0319805,57,18,11,5,个,COUNT,0.4647
109020209,364307304.80066675,42,13,11,5,个,COUNT,0.773
108040411,364030303.2698654,164,20,11,5,个,COUNT,0.6946
108031702,363822624.3401871,12,5,4,3,千克,MASS,0.9999
104010205,362757816.29404545,39,11,9,4,千克,MASS,0.5255
104010804,361326542.28219414,39,14,10,4,个,COUNT,0.8722
108030800,359561754.0947418,28,10,9,4,千克,MASS,0.9141
107021305,359045161.4509925,68,16,11,5,千克,MASS,0.7543
103030802,358697641.9010291,55,19,11,4,箱,CONTAINER,0.6254
109041802,358541899.65657043,23,12,9,3,个,COUNT,0.9763
109025401,357719920.75804716,70,18,11,5,个,COUNT,0.409
109010604,356669584.8529968,23,8,7,3,套,SET,0.6621
104010504,356283305.3250075,30,11,8,3,个,COUNT,0.763
107021510,356015761.7558594,13,8,5,2,千克,MASS,0.9975
108040102,355883107.84807014,65,17,10,4,千克,MASS,0.6829
109060104,354898636.9262596,90,18,10,4,个,COUNT,0.5671
108012103,354323507.2692065,30,11,7,2,个,COUNT,0.8758
109041001,354134468.1424885,208,16,11,4,千米,LENGTH,0.7028
104020201,353170093.9893607,37,12,10,4,平方米,AREA,0.3478
107050300,352388361.8197521,97,19,11,5,千克,MASS,0.3719
109025205,351589192.10754776,44,19,10,4,个,COUNT,0.9769
109060599,351516908.038642,53,17,10,4,个,COUNT,0.6686
103011302,351504590.18361294,78,16,9,3,千克,MASS,0.3644
107020230,351437986.8123322,8,5,4,2,千克,MASS,0.9999
103010804,348594514.1889651,50,14,8,2,千克,MASS,0.4085
107030209,348584342.02731514,57,11,6,2,个,COUNT,0.4735
109012899,348280282.22157294,34,15,10,4,个,COUNT,0.7744
102050506,347611375.03002936,10,5,5,2,千克,MASS,0.9337
109024206,346897089.207489,32,16,8,3,个,COUNT,0.6849
109020813,345723898.86629474,36,14,9,3,千米,LENGTH,0.5569
107022601,340357692.50500584,30,13,7,3,千克,MASS,0.9948
107030116,340352193.3222656,13,7,3,2,千克,MASS,0.9008
109042405,339928299.58400905,91,20,10,4,个,COUNT,0.5314
104020121,338455341.1393967,21,7,7,3,个,COUNT,0.989
103010504,336818117.87919617,36,16,10,4,千克,MASS,0.5394
108010401,335931553.7328758,59,19,12,5,平方米,AREA,0.6324
106040703,334029761.87744147,25,9,8,3,个,COUNT,0.9926
109012407,330491020.7856293,58,13,11,4,个,COUNT,0.5914
105010303,328885921.3019295,41,14,11,5,个,COUNT,0.725
109025503,328377092.0597268,36,11,10,5,千克,MASS,0.3617
107020117,328375330.6544724,18,9,6,2,千克,MASS,0.9978
109012608,327228465.6881752,57,17,11,5,个,COUNT,0.3481
107020112,326427465.6214142,29,11,7,3,千克,MASS,0.9946
109060103,326075042.97914886,52,15,10,4,个,COUNT,0.5971
106051201,325595253.5351104,57,20,11,5,个,COUNT,0.8328
105010203,322784881.3164792,45,17,11,5,千克,MASS,0.7263
109040801,322646375.55053234,64,15,9,3,个,COUNT,0.7318
109012904,322286546.1954422,63,20,12,5,个,COUNT,0.6782
109010605,320503101.2173233,32,12,10,4,个,COUNT,0.9588
304030200,320250910.6267701,25,14,10,2,UNKNOWN,UNKNOWN,0.6573
104020125,319656493.35687286,68,19,13,5,个,COUNT,0.5384
109010506,319340404.95742035,28,11,8,2,个,COUNT,0.9742
109021499,319219902.88734436,51,17,12,5,个,COUNT,0.5701
108011700,317535891.21614265,28,9,7,3,个,COUNT,0.8055
109022813,315546659.82763666,21,10,7,2,个,COUNT,0.8942
109025309,315476104.14588547,43,18,12,5,个,COUNT,0.4458
109010403,314026828.5039062,24,11,10,4,个,COUNT,0.9222
109060502,313858396.66648096,35,13,8,2,个,COUNT,0.7216
109022204,313485720.52222204,47,16,9,3,个,COUNT,0.9469
108040404,313457534.72004133,306,19,11,5,个,COUNT,0.7467
109013501,312306838.7263288,72,19,11,4,个,COUNT,0.7153
107020224,312013143.7233363,17,7,6,3,千克,MASS,0.9998
109050801,311791323.9847793,44,13,10,3,个,COUNT,0.5974
107050701,311687171.742157,29,12,8,4,千克,MASS,0.9953
103020501,311508391.5449886,40,13,7,2,千克,MASS,0.5645
106040402,309336896.2633462,28,15,9,3,立方米,VOLUME,0.5243
107020222,308981590.22058105,12,6,6,2,千克,MASS,0.9989
109020405,308504631.3277588,32,12,11,4,个,COUNT,0.8206
108012901,307055445.8822007,72,17,10,5,千克,MASS,0.8906
109012103,306183490.1841888,83,18,10,3,个,COUNT,0.8403
101030306,304773664.93998903,21,9,6,3,个,COUNT,0.5562
104011005,304550779.6293227,53,19,11,5,千克,MASS,0.9561
109051301,304425470.25449485,27,11,9,2,个,COUNT,0.7651
109013504,304188871.0198316,21,9,7,2,个,COUNT,0.9393
109032401,303914850.67419434,12,5,5,1,个,COUNT,0.6396
109024210,303806825.80882263,38,17,8,2,个,COUNT,0.6206
109010702,302739951.63258934,75,19,10,4,个,COUNT,0.7031
306010901,302641092.328125,10,10,9,2,期,SERVICE,0.6244
101011214,302628879.55019104,61,22,13,6,套,SET,0.3433
109011503,302333130.64041513,46,14,9,3,个,COUNT,0.8477
103011205,301745171.17719334,25,12,6,2,千克,MASS,0.9468
106040602,300985030.0190058,55,18,11,4,个,COUNT,0.8602
108010706,300527558.0004807,45,15,9,4,千克,MASS,0.5658
301050302,300432049.96875006,7,7,6,2,千克,MASS,0.9781
108020402,299826700.7686968,35,9,7,4,千克,MASS,0.7854
108012001,299164633.84418964,47,16,11,5,个,COUNT,0.6712
109041999,298339418.03439236,29,13,9,4,个,COUNT,0.5991
106040303,298300191.5566487,64,19,10,4,个,COUNT,0.9085
109011202,298045457.56414795,23,9,8,3,个,COUNT,0.9629
109040604,297769129.47257614,68,17,10,4,个,COUNT,0.8304
106020300,297589476.17098665,92,24,12,6,个,COUNT,0.3857
104020301,297534648.9953823,19,9,8,3,个,COUNT,0.628
108040900,296483238.8091888,56,18,12,5,个,COUNT,0.4601
107050502,295872207.18341446,49,18,10,5,套,SET,0.8071
109050803,295536346.841095,32,12,9,2,个,COUNT,0.5613
107022499,295148716.6414122,42,14,6,1,个,COUNT,0.9781
104010902,294290633.3525091,80,18,11,5,个,COUNT,0.4829
106040607,293312773.6881294,39,14,8,3,个,COUNT,0.7239
109024501,291970926.1774726,49,14,7,1,个,COUNT,0.6744
109060605,291893952.6611634,40,17,9,3,个,COUNT,0.5356
107030113,291457567.3801384,17,7,5,2,OTHER,OTHER,0.9941
105010801,290811577.39909387,69,17,10,4,个,COUNT,0.823
103040101,290433451.53009033,9,4,4,2,千克,MASS,0.9904
107030602,288961835.80143356,32,12,6,3,千克,MASS,0.6645
109020501,288926505.00193787,32,11,9,4,套,SET,0.369
109012201,288813408.619812,36,15,9,3,个,COUNT,0.7016
109032701,288712236.3011602,76,18,10,4,个,COUNT,0.5073
109050204,287575092.9685596,59,18,11,4,个,COUNT,0.4882
107021005,287115685.4180221,55,18,11,5,千克,MASS,0.9466
107010108,286169509.3866055,118,19,10,4,桶,CONTAINER,0.459
401010000,285841335.89071083,48,21,14,6,UNKNOWN,UNKNOWN,0.4051
103011003,285541582.8207817,41,15,8,2,千克,MASS,0.9105
103021201,285371507.12597275,36,14,8,2,千克,MASS,0.7754
104030202,285348452.15065,44,12,10,4,千米,LENGTH,0.5811
103020802,285077629.13696,49,15,8,2,盒,CONTAINER,0.505
107030208,283869362.0566821,17,10,6,2,盒,CONTAINER,0.9202
106010505,283403084.4777942,67,19,11,5,卷,CONTAINER,0.3439
103010503,282999498.812109,37,15,9,4,千克,MASS,0.8281
109010505,282148961.3653145,13,6,5,2,个,COUNT,0.9866
304030103,281950592.6162109,80,22,13,5,UNKNOWN,UNKNOWN,0.4083
107030409,281945714.1019621,48,11,6,2,瓶,CONTAINER,0.5057
109024213,281766768.77038,77,19,10,4,个,COUNT,0.6405
101030102,281586986.9954386,22,12,7,3,千克,MASS,0.9436
102049908,280623442.0032348,27,14,10,5,千克,MASS,0.9413
107060303,279543768.99250275,77,20,11,5,个,COUNT,0.6
109024401,276895415.2117481,25,13,7,2,个,COUNT,0.9642
101030103,276261798.5250015,3,3,3,2,OTHER,OTHER,1.0
109010602,275895639.93775177,34,11,9,3,个,COUNT,0.9408
107021201,275820339.0741371,93,19,11,5,个,COUNT,0.3936
107021408,274901491.5463639,24,9,6,2,千克,MASS,0.9957
107021405,272959945.5349961,27,11,6,2,千克,MASS,0.9946
109012199,272842223.78475976,58,18,10,4,套,SET,0.4249
107030115,271391727.47787666,60,18,10,5,千克,MASS,0.3958
107021003,271057264.4254122,39,16,10,5,千克,MASS,0.9409
109020411,270813503.07199574,68,20,12,6,个,COUNT,0.2937
109020401,270540331.4329529,44,17,11,5,个,COUNT,0.419
108031603,270507352.30648804,24,12,7,2,千克,MASS,0.9939
109061903,269806163.3484145,41,15,8,2,个,COUNT,0.6488
109011608,269416398.099165,41,13,10,4,套,SET,0.4461
107050902,268910934.1619783,62,17,11,5,个,COUNT,0.7205
306010100,268793834.97021484,11,8,6,1,次,SERVICE,0.7953
304080204,268268285.43737793,14,7,6,2,UNKNOWN,UNKNOWN,0.4485
101010303,268147953.4105434,35,16,8,3,千克,MASS,0.9049
101040600,268088427.7626591,32,13,8,2,千克,MASS,0.8849
109062703,266162469.0112472,53,15,8,2,个,COUNT,0.9919
109011002,265096439.41131026,56,17,11,5,个,COUNT,0.5435
109040503,264931407.29983526,65,17,9,3,个,COUNT,0.6359
109020904,263091537.66177937,26,7,7,3,个,COUNT,0.6892
109020704,262847426.089283,43,16,11,5,个,COUNT,0.7375
301060200,262095503.66015625,15,11,10,4,千克,MASS,0.723
108031104,261459308.33593756,9,4,4,2,千克,MASS,0.9806
109020808,261147783.57464597,21,9,8,3,个,COUNT,0.9918
109010502,260272696.3042984,44,15,9,3,个,COUNT,0.8497
109022404,259788534.61367032,40,15,9,3,个,COUNT,0.7889
109025302,257587936.92488626,63,19,10,4,个,COUNT,0.633
107030214,256815694.53115615,81,13,7,3,瓶,CONTAINER,0.5867
109060302,256618561.85988614,16,7,6,2,个,COUNT,0.6315
110020101,256283979.015625,14,7,7,4,立方米,VOLUME,0.8725
106051207,256045580.8966226,104,18,10,4,个,COUNT,0.434
107060304,255886300.07541084,67,20,11,5,个,COUNT,0.3614
109051904,255162220.6958236,32,9,8,3,个,COUNT,0.893
107022604,254859115.2301416,29,13,7,2,千克,MASS,0.9746
109024502,254478949.12377933,31,11,8,2,个,COUNT,0.5208
103010805,254018667.77929366,51,15,8,2,个,COUNT,0.413
109050704,253633795.17340848,40,16,10,4,个,COUNT,0.6482
102040302,252904738.19122314,35,14,9,4,千克,MASS,0.9142
109013003,252859692.65112358,58,19,12,5,个,COUNT,0.6379
109020208,252728884.27330777,36,12,9,3,个,COUNT,0.5694
104030401,251878308.12626335,100,18,10,4,个,COUNT,0.6026
109050201,251811331.88816452,43,13,10,3,个,COUNT,0.7352
109051601,251515796.64592746,45,10,8,4,个,COUNT,0.9606
107020238,251218886.10354614,25,12,10,4,千克,MASS,0.9875
106040705,249607897.61912724,40,17,10,4,个,COUNT,0.8382
109060204,249451994.85587382,39,11,9,3,个,COUNT,0.7309
107029901,249271838.60516265,59,16,9,4,个,COUNT,0.6085
104010101,248586116.46593407,40,15,10,5,千克,MASS,0.858
105010702,248043858.45685387,53,14,10,5,个,COUNT,0.6541
108010799,247533839.71979815,52,15,10,5,千克,MASS,0.5276
106041009,247525343.673769,26,12,9,3,千克,MASS,0.651
109012903,246865237.33672673,28,13,9,3,套,SET,0.7502
109020903,246276460.9261961,18,8,7,2,套,SET,0.7137
106020102,246126955.28094,61,21,11,5,个,COUNT,0.4417
108010804,246049382.50638846,46,18,11,5,千克,MASS,0.7439
107030302,245686265.91977885,50,10,7,3,千克,MASS,0.6182
109013201,245443650.134843,98,18,10,4,个,COUNT,0.8088
105010202,244417827.9324035,36,16,10,5,千克,MASS,0.9816
109040903,244297081.55625919,48,12,9,3,千米,LENGTH,0.7447
104019906,243464986.6700861,73,20,11,5,千米,LENGTH,0.3424
109021403,242822265.60848904,51,16,10,4,个,COUNT,0.3272
109051105,242589300.41461566,28,10,9,3,个,COUNT,0.957
109041902,242411377.05319208,10,5,4,1,个,COUNT,0.9998
109011109,241387899.80931377,74,17,11,4,个,COUNT,0.7628
307010200,241350069.89955997,44,13,10,2,UNKNOWN,UNKNOWN,0.5708
101030303,241318989.71185213,45,15,9,3,千克,MASS,0.3822
109013302,241297919.300045,62,19,10,4,套,SET,0.5563
108041203,240576234.9415398,40,11,8,4,千克,MASS,0.787
107050401,239444897.81259727,72,17,10,5,个,COUNT,0.3409
109020902,239441406.6700859,34,12,10,4,套,SET,0.5324
108012300,239193572.65097475,48,17,11,5,千克,MASS,0.4616
104010302,239041032.93862632,39,15,10,4,千克,MASS,0.7843
103020803,238117339.18941215,54,13,7,2,瓶,CONTAINER,0.4538
107020231,237452355.95350644,14,8,5,3,千克,MASS,0.9836
108041399,236364102.39898306,59,14,9,4,千克,MASS,0.5582
104011302,236154662.84765005,32,14,9,3,个,COUNT,0.8864
108010202,235039339.17349628,47,17,10,5,千克,MASS,0.879
109024002,235027327.44207382,15,8,5,2,个,COUNT,0.7866
109020907,234541626.61480856,54,19,11,5,个,COUNT,0.6109
109021701,233001162.86854625,197,12,10,4,套,SET,0.5319
107021202,232990078.1711757,114,21,11,5,个,COUNT,0.5098
108032413,232663764.3984375,6,3,3,2,个,COUNT,0.6159
109024702,232241302.0478611,26,11,6,1,个,COUNT,0.696
109022206,231567155.74535373,69,19,11,5,个,COUNT,0.8587
108040600,231039481.57217622,63,16,10,4,个,COUNT,0.8849
107030103,231000893.60167122,31,11,6,2,千克,MASS,0.7393
101011502,230428885.57865602,48,15,9,3,千克,MASS,0.5696
104010303,229686815.94346043,43,16,11,5,千米,LENGTH,0.85
109023205,229406789.5836618,35,16,9,3,个,COUNT,0.9196
109062504,229301342.8813448,70,24,12,5,个,COUNT,0.8221
108012703,229112714.56934357,36,13,10,5,千克,MASS,0.7582
106040701,229061472.20911217,26,10,9,4,个,COUNT,0.9912
103030706,228932448.6473174,63,16,9,3,箱,CONTAINER,0.3994
109031801,228887836.43115234,11,6,6,1,OTHER,OTHER,0.9552
102050202,227371293.77850723,37,14,11,5,千克,MASS,0.5116
109012406,227056008.94897082,44,14,9,3,个,COUNT,0.7746
105020205,226999594.10003436,87,19,12,6,个,COUNT,0.7048
108031503,225725481.7727814,28,14,9,3,千克,MASS,0.9921
108012799,224061438.04300636,60,18,11,5,千克,MASS,0.5618
109042407,223097896.9530642,66,16,10,3,个,COUNT,0.922
109013004,222405532.27651212,36,15,11,5,个,COUNT,0.8224
109023609,221237605.67748785,41,14,9,3,个,COUNT,0.9289
102050699,220855287.11086562,23,11,5,2,千克,MASS,0.9533
103020603,219555040.24005377,70,15,9,4,箱,CONTAINER,0.6152
107021706,217500112.27651978,18,9,8,3,千克,MASS,0.8231
109041201,217219030.49832726,50,18,10,4,个,COUNT,0.953
109012299,216700124.60792354,49,17,10,4,个,COUNT,0.7091
102050303,216544599.23188782,25,12,9,4,千克,MASS,0.8653
108010603,216324478.61070633,30,14,11,4,箱,CONTAINER,0.4804
108010901,215880111.89834213,62,20,11,5,千克,MASS,0.4042
108012005,215583061.17795426,36,10,7,3,个,COUNT,0.9699
104019901,215536707.84781802,71,17,11,5,千米,LENGTH,0.3259
109020201,215473243.71880338,41,15,10,4,个,COUNT,0.672
109051304,214722999.54895782,38,14,9,3,套,SET,0.4741
109060501,214613751.51427075,42,18,11,4,个,COUNT,0.7545
108041801,214576452.71754503,36,12,10,4,个,COUNT,0.2907
104011002,214359000.05408525,51,17,11,5,千克,MASS,0.602
107021511,214223909.5860596,17,9,6,3,千克,MASS,0.9922
108010699,213705134.59615612,40,16,11,5,个,COUNT,0.4328
109020106,213495798.03257754,48,14,10,4,个,COUNT,0.622
108041403,213254041.7617477,115,18,11,5,个,COUNT,0.7021
107020206,213192399.77951047,33,14,10,4,千克,MASS,0.53
106020106,212819242.90127647,56,21,11,4,个,COUNT,0.886
106010205,212714633.2419298,53,19,10,4,个,COUNT,0.5518
108041304,211385563.59130856,18,8,7,4,个,COUNT,0.9376
109060405,210521517.54527208,153,20,10,4,个,COUNT,0.752
109022699,210240960.01553538,59,19,11,5,瓶,CONTAINER,0.6659
304070202,209127400.0859375,9,7,7,1,UNKNOWN,UNKNOWN,0.9011
109040605,208658126.11614415,69,17,9,3,个,COUNT,0.9311
107020204,207950083.93751526,16,7,5,3,千克,MASS,0.9705
109061699,207738428.24198908,34,14,9,3,个,COUNT,0.7115
104010505,207015125.6396847,26,10,8,3,个,COUNT,0.7022
104010606,206944550.3497276,73,18,10,4,个,COUNT,0.8049
109060410,206898104.06186146,47,14,9,3,个,COUNT,0.741
109020304,206821809.08497623,33,14,12,5,个,COUNT,0.9414
107030601,205792559.25347662,40,15,9,3,盒,CONTAINER,0.4116
107050501,205691763.58410642,44,17,9,5,千克,MASS,0.8083
107029903,203772285.91693476,77,17,9,4,千克,MASS,0.7002
102050405,203408741.36117548,32,12,8,3,千克,MASS,0.6209
104020105,203343391.00400543,13,8,8,4,个,COUNT,0.9554
109011103,203132585.51879597,42,14,9,3,个,COUNT,0.7869
101020399,202965515.20944643,63,22,12,6,立方米,VOLUME,0.3285
108012402,202488661.23211896,104,20,11,5,千米,LENGTH,0.3322
103010403,202441977.72079462,30,15,9,4,千克,MASS,0.9518
109013603,202345907.70726228,41,11,9,3,个,COUNT,0.5302
108041106,201975712.35021976,17,6,5,2,千克,MASS,0.9833
107051002,201406624.08010477,63,18,11,5,个,COUNT,0.667
109011499,201064048.02276894,38,11,9,3,个,COUNT,0.7104
109010799,200913161.97765636,43,12,10,4,个,COUNT,0.6314
106010303,200743077.62919572,53,18,11,5,千克,MASS,0.8096
106010102,200079747.7760098,52,18,10,4,千克,MASS,0.4918
109042103,199500997.20514297,37,16,9,3,个,COUNT,0.82
304070302,198924742.00256348,14,8,7,1,UNKNOWN,UNKNOWN,0.6534
103011403,198577183.02967688,35,12,7,2,个,COUNT,0.7559
109024207,198273612.08111578,23,8,6,1,套,SET,0.7607
109031403,198028181.0395966,15,6,6,2,个,COUNT,0.9186
108041202,197359609.07297897,60,16,10,4,千米,LENGTH,0.4346
107021699,197130152.4486084,20,11,7,3,千克,MASS,0.9523
109013304,196858640.59593415,50,18,11,5,个,COUNT,0.8894
109024601,196834513.300642,49,18,10,4,个,COUNT,0.8172
101050100,194278159.88814613,35,14,8,2,千克,MASS,0.8988
106040304,194243947.07423028,61,20,11,5,个,COUNT,0.8231
104030303,193472255.1145344,49,15,9,4,个,COUNT,0.7577
109023399,193203457.97450542,45,18,12,5,个,COUNT,0.703
307020200,192919702.7631147,50,22,12,4,盒,CONTAINER,0.2486
107021410,192523845.6047287,19,12,7,3,千克,MASS,0.9778
109012603,192055900.1473995,54,14,11,5,个,COUNT,0.5873
103010603,191679866.8070946,46,16,9,3,千克,MASS,0.8253
109011207,191461369.68500608,17,8,7,3,个,COUNT,0.9879
109012702,191067763.3855114,56,15,10,4,个,COUNT,0.9451
106050802,190919887.55521196,47,16,9,3,个,COUNT,0.7801
103011004,190710685.24687767,55,16,9,3,千克,MASS,0.3961
103020207,190123686.58007526,59,16,9,3,箱,CONTAINER,0.5004
101040400,189518789.811513,38,14,8,2,千克,MASS,0.8371
109052204,189176875.07786557,25,10,7,3,个,COUNT,0.8087
304010300,188476096.55664062,17,10,8,2,UNKNOWN,UNKNOWN,0.881
109061499,187877653.57137442,52,17,10,4,套,SET,0.488
109021004,187855884.018158,43,18,12,5,个,COUNT,0.7768
102050509,187852311.2955246,7,5,5,2,千克,MASS,0.9997
108011403,187777206.03795603,63,18,10,4,个,COUNT,0.6158
109024614,187769503.93110967,62,18,11,5,个,COUNT,0.5265
109010699,187535638.86972043,36,12,10,4,个,COUNT,0.7262
109023303,187153719.68270922,35,14,13,6,项,SERVICE,0.4593
108041199,187051247.5137181,61,16,9,4,千克,MASS,0.804
106040999,186050432.6825561,25,9,9,3,套,SET,0.6984
106040807,185830968.46256948,26,11,8,2,个,COUNT,0.8956
109010203,185540768.67650363,44,16,9,3,个,COUNT,0.625
102050203,184885094.89112088,24,10,8,4,千克,MASS,0.955
108010310,184424064.23698592,61,18,12,5,个,COUNT,0.2493
101010499,184021362.68438858,41,18,9,3,千克,MASS,0.8728
106020107,183367269.83258796,58,17,9,3,个,COUNT,0.8304
104010999,183288466.95122775,79,17,10,4,千克,MASS,0.4056
107022102,183265862.24469995,89,19,11,5,千克,MASS,0.3519
107030212,183043695.53164387,39,13,7,2,瓶,CONTAINER,0.4332
104030604,182821966.61752322,23,8,8,4,千米,LENGTH,0.9612
107020104,182619588.23706052,36,14,8,4,千克,MASS,0.9941
109010599,180870184.37469003,43,15,11,6,个,COUNT,0.9452
102050305,180538632.1132813,12,5,4,2,千克,MASS,0.987
108011101,180482224.98450372,35,10,9,4,个,COUNT,0.6412
104010605,180119227.01718614,61,15,9,4,个,COUNT,0.8023
103020801,180119149.355545,25,12,6,2,个,COUNT,0.8713
109020307,178760578.43812373,41,17,9,3,个,COUNT,0.9066
107020221,177906835.66528058,25,9,6,2,千克,MASS,0.9841
109020403,177615649.3850441,49,14,11,5,个,COUNT,0.5354
107021509,176764573.33345032,32,12,8,4,千克,MASS,0.971
102050204,176043814.8137016,33,16,9,5,千克,MASS,0.9385
106051209,175818458.83319858,15,7,6,1,个,COUNT,0.9961
109011206,175393652.7001953,23,10,10,3,个,COUNT,0.806
107060115,174687128.24350953,48,16,11,5,千克,MASS,0.4334
107021616,174347688.5836973,17,11,6,2,千克,MASS,0.951
107020212,173748014.83363342,17,8,6,3,千克,MASS,0.9978
103020601,172948476.08881307,47,12,6,2,千克,MASS,0.5347
109021106,172889103.68048668,41,13,10,4,套,SET,0.5296
108031105,172780377.0,4,3,3,1,千克,MASS,0.9851
109025602,172588042.43479016,36,12,9,3,个,COUNT,0.8861
103020507,171367269.6923194,32,14,8,2,盒,CONTAINER,0.3513
109042603,170947594.45846182,48,14,9,3,个,COUNT,0.6829
109023212,170770432.604826,37,14,9,3,个,COUNT,0.6972
101020499,169337945.30021,49,15,10,4,千克,MASS,0.4382
108031602,169134354.69163892,26,9,8,4,千克,MASS,0.9754
107040304,168738349.02053073,18,9,6,3,千克,MASS,0.9784
304040302,168556973.7584229,34,15,11,3,UNKNOWN,UNKNOWN,0.6236
109025504,167551545.20897675,33,15,12,5,套,SET,0.8683
109025499,167515038.0930672,40,13,10,4,套,SET,0.6147
108042000,166989738.67386556,50,17,10,4,个,COUNT,0.4832
304020201,166520063.63012692,24,8,7,1,UNKNOWN,UNKNOWN,0.7998
304070103,166389874.4960938,18,12,9,2,UNKNOWN,UNKNOWN,0.7127
101030309,166208496.59777832,7,7,5,2,千克,MASS,0.9969
108010704,164962052.398901,51,15,11,5,个,COUNT,0.3394
109051002,164145057.63240546,57,16,10,4,个,COUNT,0.7709
106050199,163865697.04059586,52,19,10,4,个,COUNT,0.7692
107040101,163507685.2999268,26,12,10,4,千克,MASS,0.9867
109022905,163383934.3111725,31,13,9,4,平方米,AREA,0.4067
101050300,163062901.44928932,24,12,8,2,盒,CONTAINER,0.5938
108010802,162922742.15290266,48,18,11,5,平方米,AREA,0.6179
104010903,161787280.44134516,121,18,10,4,个,COUNT,0.716
109025202,161713183.07796475,44,15,11,4,个,COUNT,0.819
101010402,161709785.71350434,41,15,8,2,千克,MASS,0.9347
109011604,161709469.0192318,30,14,11,4,个,COUNT,0.3986
109022812,160345302.50061035,21,11,8,3,个,COUNT,0.6094
108040406,160129392.46041852,146,20,10,4,个,COUNT,0.6301
108012003,159541237.34901425,20,11,7,3,个,COUNT,0.748
109012901,159351239.03442764,39,13,9,4,千克,MASS,0.3994
109023103,158073056.84180176,80,20,11,5,个,COUNT,0.4338
109061904,157683155.31612852,33,7,5,1,个,COUNT,0.959
109010205,157493216.67984387,39,15,9,3,个,COUNT,0.8886
301020101,157335094.5625,14,10,9,3,千克,MASS,0.6774
107020118,156889914.7072296,26,8,6,2,千克,MASS,0.9865
103011206,156848563.89033705,24,11,5,2,千克,MASS,0.9651
107021006,156822724.17881683,69,20,11,5,千克,MASS,0.7275
109012404,156156142.61298084,47,15,9,3,个,COUNT,0.6045
108012903,155904949.13050842,39,14,9,4,OTHER,OTHER,0.5033
106040608,155381926.66768408,37,14,9,4,个,COUNT,0.4708
108031108,154928407.91000366,4,2,2,2,千克,MASS,1.0
108040407,154733193.6025025,120,17,9,3,个,COUNT,0.6759
109013503,154628232.9958239,35,13,9,3,个,COUNT,0.6898
405019900,154593802.9765625,9,5,5,1,平方米,AREA,0.7452
103011001,154501208.11406043,38,18,10,3,千克,MASS,0.7096
105010405,154216986.7100296,32,14,11,5,个,COUNT,0.4631
301040101,153749963.8515625,4,4,4,2,千克,MASS,0.9838
109061612,153152921.46793175,37,15,9,3,个,COUNT,0.7
104010904,153131680.50925016,73,17,10,4,个,COUNT,0.4136
109020804,153079314.47631076,27,9,7,2,个,COUNT,0.8229
107029902,153053626.9828236,67,21,11,5,瓶,CONTAINER,0.2219
108041299,152527273.29004192,58,18,10,4,个,COUNT,0.4434
106050601,152315416.49089426,28,10,9,4,千米,LENGTH,0.6593
109012204,152080731.3653259,28,13,9,3,个,COUNT,0.7682
101011215,151842077.54049012,39,15,9,3,千克,MASS,0.7693
106020502,151530811.81580782,27,11,9,2,批,BATCH,0.4281
107030106,150044515.63115308,20,8,5,2,千克,MASS,0.9146
304040501,150027010.12304688,13,10,8,2,UNKNOWN,UNKNOWN,0.3037
101020100,149958294.9185472,35,14,10,4,OTHER,OTHER,0.8741
101011213,149895542.6152725,46,15,8,2,千克,MASS,0.7572
107021613,148945948.54990387,7,4,4,2,千克,MASS,0.9916
109024203,147653198.61246687,26,9,6,2,套,SET,0.7701
104020302,147495323.9237146,46,14,10,4,个,COUNT,0.9293
109011105,146916718.958683,61,14,8,3,个,COUNT,0.924
103020702,146504621.70228344,19,10,5,2,千克,MASS,0.9944
104030603,146380968.09352398,38,14,10,4,个,COUNT,0.6586
109020814,146332757.14670992,171,14,10,4,个,COUNT,0.666
109013301,146239860.28298232,69,19,10,4,个,COUNT,0.7886
304010200,146114651.05841064,16,10,8,2,UNKNOWN,UNKNOWN,0.4258
109041203,144705579.46619457,32,11,7,3,个,COUNT,0.7187
109042105,144545766.81429294,32,12,9,3,个,COUNT,0.97
109030102,144507661.28212738,22,9,7,2,个,COUNT,0.5129
109022811,144479329.36666867,28,12,8,3,个,COUNT,0.7477
103021299,143320261.74118614,33,15,8,3,千克,MASS,0.4082
101010201,143061680.73348978,22,13,8,3,千克,MASS,0.7467
106040401,142973046.7023456,37,15,10,4,立方米,VOLUME,0.6283
101040300,142586461.86907482,25,10,7,2,千克,MASS,0.7879
106050401,141856428.8053894,50,15,9,4,个,COUNT,0.4856
106051103,141324298.9832039,7,5,5,1,个,COUNT,0.9932
109042302,141175379.5947914,53,16,10,4,个,COUNT,0.6061
109022603,141032047.1087675,41,13,7,2,箱,CONTAINER,0.5751
109050701,140991422.83314133,23,11,8,2,套,SET,0.5983
102040104,140557139.22435004,14,7,7,2,千克,MASS,0.8353
109040404,139269542.15765193,35,12,9,3,个,COUNT,0.8395
105010102,139012814.50434113,52,15,11,5,个,COUNT,0.6421
109030101,138996898.7066822,45,14,12,6,个,COUNT,0.7107
106010503,138990462.04120493,49,17,10,4,个,COUNT,0.7029
110030102,138726679.5707798,34,13,11,5,千克,MASS,0.6487
104010405,138290397.92764425,41,13,8,4,千克,MASS,0.6981
103020105,138183594.53239107,75,18,10,4,个,COUNT,0.2326
101030301,138017794.9488531,43,17,9,3,盒,CONTAINER,0.3423
110039900,137939667.37575528,58,19,11,5,个,COUNT,0.7607
101030304,137721995.694458,7,3,3,1,千克,MASS,0.9997
108040703,137022451.73222342,42,13,6,2,个,COUNT,0.9406
107020123,136939939.81422427,26,13,9,3,千克,MASS,0.9812
109061807,135468642.45238397,27,11,9,2,个,COUNT,0.9817
101010202,135327166.03082472,19,12,8,3,千克,MASS,0.8464
102050599,135201339.65675074,37,13,8,3,千克,MASS,0.8297
109032702,133831208.23100281,65,19,11,5,套,SET,0.423
104030605,133655603.4171524,26,9,8,4,千克,MASS,0.8875
103020205,133310335.79484153,36,14,8,3,千克,MASS,0.6703
107050499,133280405.96391629,66,20,10,4,个,COUNT,0.2954
103011102,133020260.92447567,46,17,8,2,千克,MASS,0.7293
108010502,133019743.89225769,36,15,10,5,千克,MASS,0.4015
107040405,131779022.8632297,16,6,5,3,千克,MASS,0.9971
301059902,131768433.53491211,6,6,4,1,票,SERVICE,0.7563
109051303,131581788.73715973,30,14,10,3,套,SET,0.535
104030305,131530658.51528358,47,17,10,4,个,COUNT,0.74
108012802,131528356.70260811,63,15,9,3,个,COUNT,0.5035
109020303,131485212.6309948,15,8,7,2,个,COUNT,0.9986
107020223,131309256.63832855,16,7,6,3,千克,MASS,0.9884
107040303,131301722.10371396,21,10,8,4,千克,MASS,0.9816
108040704,131104411.7517114,46,13,7,2,个,COUNT,0.9662
103020508,131006515.88956502,41,13,7,2,罐,CONTAINER,0.2728
109060311,130564681.38272095,19,8,8,3,个,COUNT,0.7538
109020703,130056544.56633139,22,11,8,3,套,SET,0.698
106050101,129957159.18104172,57,17,11,5,个,COUNT,0.5475
109042207,129762034.57130797,46,19,12,5,个,COUNT,0.5681
109012802,129568727.8939457,16,9,6,3,套,SET,0.504
304010403,128729683.94372559,15,10,7,1,次,SERVICE,0.7731
109051599,128474636.86072926,26,10,9,4,个,COUNT,0.8368
101050200,127073489.25959392,24,11,8,3,千克,MASS,0.9304
106040301,126826520.55121875,46,20,12,5,套,SET,0.4898
108011299,126551906.35698462,110,20,11,5,个,COUNT,0.6775
104010503,126451621.32731915,30,11,8,3,个,COUNT,0.8697
109020202,126440489.74240541,48,15,10,4,个,COUNT,0.5334
109013401,126431509.19915867,45,19,10,4,个,COUNT,0.6406
109022304,125982052.1007462,17,11,10,5,盒,CONTAINER,0.951
109025308,125738275.93737796,20,10,7,2,套,SET,0.9062
108040403,125735317.05354552,142,18,10,4,个,COUNT,0.8114
109011101,125711080.11552234,39,9,8,3,个,COUNT,0.8198
109024802,124911160.47043943,39,14,8,3,个,COUNT,0.551
107030111,124456853.96445906,22,13,8,4,千克,MASS,0.7845
102049901,124208046.32446289,25,8,7,4,OTHER,OTHER,0.6488
109021300,124107498.84830284,43,17,10,4,个,COUNT,0.5333
109024099,123966954.6327324,17,6,5,3,个,COUNT,0.9931
109051401,123895687.63309674,17,6,5,2,个,COUNT,0.9621
104010803,123804029.7678919,45,11,10,5,个,COUNT,0.8633
103010902,123712592.03366947,35,13,7,2,千克,MASS,0.6568
107040402,123044723.80505373,17,7,6,3,千克,MASS,0.976
109022203,122854374.34779213,31,11,8,3,个,COUNT,0.9809
102050301,122672828.2739182,36,14,10,5,千克,MASS,0.9261
109041205,122543896.63232422,11,6,4,2,套,SET,0.9626
102040299,122450721.937047,32,9,8,4,OTHER,OTHER,0.4747
109010507,122044941.46312332,24,7,6,2,千克,MASS,0.7886
105010903,121492101.11539769,68,15,8,3,个,COUNT,0.403
104011007,121140312.84095526,52,16,10,4,千米,LENGTH,0.7059
109050702,120588133.95832062,24,10,9,3,个,COUNT,0.6919
107030102,120417228.2821126,33,13,8,2,千克,MASS,0.5998
107060305,120160295.41852093,43,16,10,4,个,COUNT,0.5918
108010304,119208974.3461914,42,14,11,5,千克,MASS,0.5681
106051212,118412526.80627489,46,15,10,4,个,COUNT,0.7814
109024307,118159347.18221283,32,12,8,3,个,COUNT,0.5142
307030200,118120534.83520506,27,10,7,2,UNKNOWN,UNKNOWN,0.8859
109022903,117020934.21488023,37,13,9,4,个,COUNT,0.9137
106050701,117004237.20765305,38,14,9,4,平方米,AREA,0.7855
109061001,116795601.49501805,21,4,4,1,个,COUNT,0.9644
101030104,116361849.9300232,3,2,2,1,千克,MASS,1.0
304040102,116242135.11315921,22,14,8,1,UNKNOWN,UNKNOWN,0.8663
108011199,115809901.03632426,46,13,10,4,个,COUNT,0.6121
107020228,115452127.80195622,20,9,5,1,千克,MASS,0.9952
101030308,115302278.90442085,30,13,9,3,千克,MASS,0.9865
109032801,115298479.24193192,56,15,8,2,个,COUNT,0.7409
109060901,115282560.8804512,26,9,8,3,个,COUNT,0.605
301030102,115089665.516613,16,9,6,2,UNKNOWN,UNKNOWN,0.8973
106040902,115084634.96356535,38,14,12,5,套,SET,0.5474
105010904,114916137.11107457,58,19,11,5,个,COUNT,0.5295
109023400,114822934.94698143,28,14,8,2,个,COUNT,0.6024
108041902,114792341.74601698,70,19,11,5,个,COUNT,0.5156
103010802,114634276.93756962,36,14,8,2,袋,CONTAINER,0.4521
109012601,114109553.29771423,22,6,6,2,套,SET,0.6415
103030101,113510127.60980363,24,9,6,2,千克,MASS,0.9851
103010601,113265690.9320455,25,15,9,3,千克,MASS,0.9446
109011108,112885457.00796509,38,12,10,4,个,COUNT,0.6606
108012199,112772094.94595778,46,17,10,5,个,COUNT,0.6562
102050304,111583143.67153163,16,8,8,4,千克,MASS,0.9614
109021101,111304750.77041245,42,13,9,3,套,SET,0.537
107030802,111033967.32430649,46,17,8,2,套,SET,0.2898
107030118,110584235.0883727,21,11,6,2,千克,MASS,0.9753
109060409,110364519.4974289,41,12,9,3,个,COUNT,0.8721
109013505,109959031.11247444,52,17,10,3,个,COUNT,0.8335
106040102,109913098.47235873,98,19,9,3,个,COUNT,0.7971
106051199,109383411.10910627,34,16,8,2,个,COUNT,0.8272
109022105,109243513.83872223,42,16,10,4,个,COUNT,0.673
107060302,108626257.0338459,60,17,10,4,千克,MASS,0.3882
109023604,108499813.557312,12,6,5,2,个,COUNT,0.9809
107020121,108277526.33224916,24,9,5,2,千克,MASS,0.9966
101011302,108111578.15991259,39,14,8,2,个,COUNT,0.953
106010104,107438059.30659127,37,18,11,5,千克,MASS,0.8784
108041802,106887521.5622654,40,16,11,5,个,COUNT,0.8552
109022504,106628921.49527836,65,18,10,4,个,COUNT,0.6489
109021002,106568032.8951006,31,11,10,5,个,COUNT,0.6273
109041699,106059499.31023026,21,8,8,2,个,COUNT,0.5619
106040104,105734258.86835837,90,18,10,3,盒,CONTAINER,0.7979
107021703,105631083.65597725,32,10,8,3,OTHER,OTHER,0.5823
109023501,105568536.95035556,21,9,8,2,个,COUNT,0.9509
101030307,105394269.0,8,5,5,3,千克,MASS,0.9314
109041402,104768263.50436406,14,8,7,2,个,COUNT,0.968
109061501,104634698.96414185,13,5,5,1,个,COUNT,0.9147
109061610,104491210.587883,24,10,9,3,个,COUNT,0.564
104011001,104364578.89745235,56,19,12,5,千克,MASS,0.6521
102050602,103492343.30651852,16,9,6,2,千克,MASS,0.9958
109012405,103400167.18087006,62,13,10,4,个,COUNT,0.8517
304070303,103381223.99789047,16,10,7,1,UNKNOWN,UNKNOWN,0.4528
106051001,102877445.306427,25,8,8,3,套,SET,0.4135
304040701,102578963.0785408,14,8,8,2,千克,MASS,0.6639
108012099,102562449.07300186,28,12,7,3,个,COUNT,0.9611
109050602,102350268.661829,53,15,9,3,千克,MASS,0.465
102050507,102209876.578125,10,5,5,2,千克,MASS,0.9795
101010901,102176241.82983397,9,5,5,2,千克,MASS,0.9943
103020705,101282752.01786518,32,14,8,3,千克,MASS,0.9671
109013303,101224432.94798279,42,16,10,4,套,SET,0.7221
109061102,101144356.25923157,25,7,6,2,个,COUNT,0.5735
109012203,101110432.94528198,42,15,10,4,个,COUNT,0.8962
109022103,100967234.9157567,62,18,10,4,千克,MASS,0.3372
101040500,100730420.31187868,30,11,7,2,个,COUNT,0.5306
109051503,100136341.76504707,14,5,5,1,个,COUNT,0.8034
107021802,99268185.40035439,29,13,8,4,卷,CONTAINER,0.7138
108011003,97940720.12864971,40,15,11,5,平方米,AREA,0.5717
109021001,97653312.82395172,32,14,11,5,个,COUNT,0.9339
104030701,97440144.53240967,20,9,8,4,千克,MASS,0.8626
109051903,97192244.57417977,37,11,9,3,个,COUNT,0.9712
109011106,96938376.32063293,22,9,7,1,个,COUNT,0.935
108031202,96453879.4773655,15,5,5,3,千克,MASS,0.9984
108011004,96302238.37850952,34,14,10,5,个,COUNT,0.5232
107010201,96278995.09997559,7,5,4,2,千克,MASS,0.9998
109032803,96135859.75383377,32,12,10,3,个,COUNT,0.9779
103020902,96093576.62538505,24,12,7,2,个,COUNT,0.3175
109011606,94447247.60061455,54,15,9,3,个,COUNT,0.6935
304070203,94291018.359375,6,6,6,1,个,COUNT,0.4908
109010499,94108388.49516296,37,15,11,5,个,COUNT,0.5863
109061608,93555865.78567123,14,5,5,1,套,SET,0.537
304040201,93525432.16064453,8,5,5,1,UNKNOWN,UNKNOWN,0.7849
109042406,92829748.61297989,24,10,8,4,个,COUNT,0.9288
109061804,92483214.18555641,12,5,5,2,个,COUNT,0.9993
109022801,92296272.72392273,38,12,8,3,个,COUNT,0.5396
103010704,92079468.31008434,40,15,8,3,千克,MASS,0.5206
109012801,90901444.08124161,42,15,10,4,个,COUNT,0.4975
108011202,90782239.87295198,54,16,9,3,个,COUNT,0.4483
109010204,90563362.67084289,33,13,9,3,个,COUNT,0.9371
109024308,90527857.0398407,52,18,9,3,个,COUNT,0.4072
108040701,90466863.53346503,94,16,9,3,个,COUNT,0.7115
108040800,90228985.645576,50,17,10,4,千克,MASS,0.512
109051005,90137503.2523861,32,12,9,2,套,SET,0.466
106040110,90083566.43783653,61,16,9,3,千克,MASS,0.846
108041104,89823868.33929193,34,11,8,3,千克,MASS,0.8689
105011099,89603478.92297173,37,13,11,5,个,COUNT,0.5805
109050105,89225110.79077148,14,6,5,2,套,SET,0.8152
107020226,89204568.86210632,17,8,6,3,千克,MASS,0.9907
109060604,89006072.54888535,33,14,9,3,个,COUNT,0.8584
109041899,88966810.80391502,43,16,10,4,个,COUNT,0.8228
103020703,88741442.5915699,18,10,4,1,千克,MASS,0.976
106020499,88056457.89575243,37,13,10,4,个,COUNT,0.7142
107020229,87967386.01094055,11,5,4,2,千克,MASS,0.9998
304070104,87609983.58273315,18,11,8,1,UNKNOWN,UNKNOWN,0.7507
105020208,86724395.17956638,36,17,11,5,个,COUNT,0.7618
106030200,86632876.68307114,41,14,10,4,套,SET,0.4945
107020235,86562941.28536892,14,8,6,3,千克,MASS,0.958
110030104,86085406.4235115,30,16,11,4,千克,MASS,0.6248
302010102,85970139.75853157,16,10,8,2,UNKNOWN,UNKNOWN,0.8742
109010202,85933579.6643982,48,20,11,5,个,COUNT,0.6928
109020905,85894002.4309082,25,11,10,4,个,COUNT,0.6074
107020109,85646562.5834732,27,13,8,3,千克,MASS,0.969
106040399,85562206.43516922,68,18,11,4,个,COUNT,0.4663
109042504,85123701.63983536,20,8,7,3,个,COUNT,0.9696
109061011,84742589.85070801,37,13,9,3,个,COUNT,0.6531
109040102,84718199.32129669,42,16,10,4,个,COUNT,0.8308
109042106,83928064.8249371,24,9,7,2,个,COUNT,0.8434
109020705,83587864.49385643,28,11,9,4,套,SET,0.5548
109051306,83544533.4780426,18,5,5,2,套,SET,0.5709
103020704,83525876.40290356,38,14,8,4,千克,MASS,0.9014
101011211,83408416.81064439,32,14,8,3,个,COUNT,0.7998
301990100,83167270.69702148,30,14,10,2,千克,MASS,0.4433
104010603,82637987.54241896,59,17,10,4,个,COUNT,0.6523
109020407,82596733.46019211,28,10,9,4,千克,MASS,0.4718
106040808,82421545.25792646,31,12,7,2,个,COUNT,0.9838
109061099,82154574.8078003,24,10,7,1,个,COUNT,0.724
105020207,82015121.50246716,65,17,11,5,平方米,AREA,0.4244
107021414,81924138.97255707,20,10,7,3,千克,MASS,0.9928
109022814,81627026.04638672,24,14,10,4,套,SET,0.707
109061602,81584896.58644104,21,7,7,2,个,COUNT,0.8471
107020701,81260056.10722923,31,14,8,3,千克,MASS,0.9313
106040105,80996319.63395667,198,20,10,4,千克,MASS,0.4968
102040303,80908398.73373413,13,6,4,2,千克,MASS,0.9925
501010200,80385731.77406311,13,7,7,3,OTHER,OTHER,0.5961
109024613,79517205.86114746,37,14,9,3,个,COUNT,0.7301
109020504,79212873.23173238,39,16,11,5,个,COUNT,0.7396
107030109,79080556.53499603,18,10,6,3,千克,MASS,0.5536
301030101,78804026.3125,3,3,3,0,UNKNOWN,UNKNOWN,0.9972
109061802,78533925.33126831,15,6,6,1,个,COUNT,0.9141
109012807,78465542.72985077,26,12,9,4,套,SET,0.5233
101020301,78252721.70002775,15,6,4,2,千克,MASS,0.9862
109020410,78007073.79838562,29,13,8,3,个,COUNT,0.9504
104010305,78001231.59277344,22,11,7,3,千米,LENGTH,0.9913
109030104,76857662.44901657,44,18,11,4,个,COUNT,0.7048
109022101,76804686.79554605,26,9,7,3,套,SET,0.4609
109060509,76493637.12941265,39,13,7,2,个,COUNT,0.7725
107030105,75890287.58114243,25,13,8,2,千克,MASS,0.9857
108031106,75874966.35754395,3,2,2,2,千克,MASS,0.99
107040199,75761129.7944336,24,14,8,4,千克,MASS,0.9683
109023608,75644760.84693909,26,11,8,3,个,COUNT,0.6183
109060606,75635162.70778656,43,16,8,3,个,COUNT,0.7459
101030302,75575437.00514126,37,14,8,2,个,COUNT,0.2975
108010602,75549450.2840004,21,10,7,3,平方米,AREA,0.954
109022104,75261755.97616386,28,11,9,4,个,COUNT,0.7926
109024302,74958429.76704405,22,9,6,1,个,COUNT,0.8872
304040502,74392685.39697266,7,6,4,1,UNKNOWN,UNKNOWN,0.7984
109025304,74335280.88977051,32,13,10,4,千克,MASS,0.8622
109022904,73914100.01319122,31,15,9,3,个,COUNT,0.9124
104010301,73820499.42524196,43,15,10,4,千克,MASS,0.7143
103010199,73766548.86663222,42,12,6,2,个,COUNT,0.4266
109023605,73466062.36374664,21,10,8,3,个,COUNT,0.6277
107020305,73452905.1856842,24,12,9,4,千克,MASS,0.7568
109021003,73313813.5883789,23,9,8,4,个,COUNT,0.8214
104010601,73006639.0991522,52,19,10,4,个,COUNT,0.792
109041202,72795962.39066935,50,15,9,3,个,COUNT,0.8747
304020202,72695962.74541473,39,10,8,2,UNKNOWN,UNKNOWN,0.3145
102051000,72205686.78110123,46,15,9,4,千克,MASS,0.9666
107050103,72070940.07124043,42,17,9,3,个,COUNT,0.6963
105020108,72004063.77528454,54,17,11,5,套,SET,0.4566
307020103,71798321.54345703,31,13,8,1,UNKNOWN,UNKNOWN,0.5918
109024001,71709527.55249023,8,6,6,2,个,COUNT,0.9893
107021415,71637568.28759766,21,10,7,4,千克,MASS,0.9664
104011305,71369698.91839695,39,15,10,4,个,COUNT,0.9013
109040603,71356700.61996078,22,11,8,3,套,SET,0.5019
104010403,71298765.9877832,15,8,7,3,千米,LENGTH,0.9282
108041111,70970948.1451416,17,8,7,3,OTHER,OTHER,0.8351
104020202,70781675.70501947,28,12,8,4,个,COUNT,0.8006
108031103,70657116.18722534,13,7,7,3,千克,MASS,0.9277
107030119,70126249.66276053,45,15,8,2,瓶,CONTAINER,0.5955
109025201,69886717.03225708,16,10,8,2,个,COUNT,0.8766
109042505,69868502.94138765,40,11,9,3,个,COUNT,0.8399
103020503,69511352.66099936,36,14,8,2,千克,MASS,0.3525
103010703,69482697.24144363,27,13,8,3,千克,MASS,0.8871
108032299,68871942.65065384,22,9,7,4,千克,MASS,0.7118
109061010,68461645.77874994,17,7,6,2,套,SET,0.6654
108032401,68267652.88265228,32,12,9,4,千克,MASS,0.6899
109022406,68185525.63588047,35,14,9,3,个,COUNT,0.4889
107050802,68024800.71919107,56,18,10,4,套,SET,0.4751
108040410,67936817.13819522,52,15,10,4,个,COUNT,0.7669
109050104,67774490.82949829,18,8,7,3,个,COUNT,0.9028
104020502,67732400.65491772,48,18,11,5,个,COUNT,0.7885
109060504,67617602.27392578,13,8,6,1,套,SET,0.5735
304050103,67594394.63296509,27,17,10,3,UNKNOWN,UNKNOWN,0.4959
109061605,67272707.9490223,34,11,9,3,个,COUNT,0.479
109010701,66366516.9054756,33,10,7,3,个,COUNT,0.7192
103011106,66320077.82180405,25,12,6,2,千克,MASS,0.9544
106050402,66308923.33448386,43,17,11,5,个,COUNT,0.4409
105010502,66283171.48094177,42,15,11,5,平方米,AREA,0.4269
109061901,66262887.59582137,22,8,7,1,个,COUNT,0.9057
108012299,66215091.30654144,31,14,10,4,千克,MASS,0.6008
104019904,66191880.83255195,43,15,9,4,千米,LENGTH,0.3522
109032301,66182736.0,9,5,5,2,个,COUNT,0.9831
103020511,66096339.16267824,40,15,8,2,箱,CONTAINER,0.4816
303020400,66086245.87411499,20,10,9,1,UNKNOWN,UNKNOWN,0.7247
108012002,65970244.33697128,39,11,8,3,个,COUNT,0.701
104010502,65848967.683235176,20,8,8,4,个,COUNT,0.662
106010106,65802329.217977405,56,18,10,4,个,COUNT,0.7044
108032201,65530166.24824524,15,6,5,2,千克,MASS,0.9019
101011699,65392159.16805435,22,11,5,2,千克,MASS,0.9219
109060703,65272379.951021194,42,17,9,3,个,COUNT,0.55
103011101,65249193.847130775,29,13,7,2,千克,MASS,0.795
101011700,65229935.200034134,48,14,7,2,千克,MASS,0.7783
108032408,64895639.03125,12,4,4,2,千克,MASS,0.4987
109060510,64706348.65408993,29,11,9,3,个,COUNT,0.6092
109023899,64678274.578125,10,5,5,2,套,SET,0.5087
101030202,64669666.03968048,15,7,5,2,千克,MASS,0.9732
109020402,64108850.23251343,24,12,9,5,套,SET,0.4414
109020811,63736007.87457037,49,17,10,4,个,COUNT,0.5237
109020107,63052336.52109241,19,7,5,2,个,COUNT,0.7223
109012604,62973034.37886048,17,6,6,3,个,COUNT,0.8601
101011999,62645872.24670791,21,10,9,3,OTHER,OTHER,0.6368
103010303,62445964.888849735,32,15,8,2,盒,CONTAINER,0.3326
107021905,62382723.407732494,47,18,11,5,千克,MASS,0.5746
105010601,62189193.05067754,58,18,10,4,个,COUNT,0.848
109050203,61838856.88667297,23,6,6,2,个,COUNT,0.6553
109032104,61737352.03649902,24,9,9,5,OTHER,OTHER,0.4551
109010102,61679664.40340805,47,19,11,5,个,COUNT,0.5783
106051301,61446704.48318958,14,7,6,2,个,COUNT,0.8622
105020102,60997470.5010147,35,11,10,5,个,COUNT,0.8486
108010303,60043185.32500839,45,15,10,4,千克,MASS,0.3686
106010206,59947900.69078207,74,18,10,4,个,COUNT,0.5068
105011001,59892937.62786293,37,15,11,5,平方米,AREA,0.5744
103011299,59231696.33226643,23,11,5,2,千克,MASS,0.9573
109021404,58571961.90313721,9,4,3,1,个,COUNT,0.8419
101010109,58404932.199367285,37,18,10,4,千克,MASS,0.8784
106010301,58149023.33717935,62,18,10,4,平方米,AREA,0.4251
109031402,57834933.31366348,25,12,8,3,个,COUNT,0.9545
107021102,57681435.50732136,38,16,9,5,千克,MASS,0.888
104030602,57671739.53233337,14,6,5,3,个,COUNT,0.7377
109061808,57642493.72755623,26,10,6,2,个,COUNT,0.6106
108031002,57464244.04864501,8,3,3,2,千克,MASS,1.0
109020204,57318926.12455369,23,10,9,3,套,SET,0.5659
106051099,57107468.49456406,31,14,9,3,个,COUNT,0.5278
109050604,56859897.042747505,33,13,10,3,个,COUNT,0.7494
304050199,56744450.10926819,18,8,7,2,UNKNOWN,UNKNOWN,0.6078
301050402,56566694.337890625,7,6,6,2,UNKNOWN,UNKNOWN,0.9885
109051405,56502700.13009263,29,14,9,3,套,SET,0.5015
108031902,56362854.41103554,15,7,6,3,千克,MASS,0.9676
109042305,56205172.967163086,24,11,8,2,个,COUNT,0.9378
108041114,56163382.09163046,36,12,9,3,千米,LENGTH,0.4168
109021103,55956228.17794785,28,12,10,4,个,COUNT,0.3192
109021200,55930267.660221815,43,15,10,4,个,COUNT,0.6786
109040602,55845164.00740719,37,12,9,4,个,COUNT,0.574
109013502,55822700.93604469,37,16,10,4,个,COUNT,0.4623
103020204,55736505.932808876,37,14,8,2,UNKNOWN,UNKNOWN,0.4316
109032102,55704031.286865234,26,10,8,2,套,SET,0.5775
101010107,55289357.229207285,45,20,11,5,千克,MASS,0.4205
109040304,54929020.44895173,18,7,7,3,个,COUNT,0.8919
107050702,54862062.534570694,25,14,10,5,千克,MASS,0.8504
109061401,54627658.31282425,49,19,11,5,个,COUNT,0.8198
108012502,54553828.1362381,28,12,8,4,千克,MASS,0.9135
106040101,54500683.60155555,70,18,10,4,个,COUNT,0.7303
109020806,54368466.379220255,56,18,10,4,个,COUNT,0.8807
107021512,54080733.37976074,18,11,7,4,千克,MASS,0.9945
108041502,53871319.0676769,35,10,8,3,个,COUNT,0.8816
102050307,53734613.69921875,6,3,3,2,千克,MASS,0.9825
108031701,53455740.72707367,34,12,9,4,千克,MASS,0.6747
104010808,53101249.636650085,31,13,9,4,个,COUNT,0.6218
103021202,53091165.11338051,47,16,8,2,千克,MASS,0.5979
109022099,52801590.345939636,33,16,10,4,个,COUNT,0.604
109011703,52746894.52132036,19,9,6,2,个,COUNT,0.7058
102050800,52344766.90789796,22,10,8,4,千克,MASS,0.8757
103010904,52337311.17361736,17,8,5,2,千克,MASS,0.7376
109023204,51801221.944843285,37,14,9,3,个,COUNT,0.8592
109023803,51633963.67437744,18,6,6,3,个,COUNT,0.4064
109025307,51617223.3481536,39,13,8,3,套,SET,0.6918
106020105,51318605.3728323,52,17,10,4,UNKNOWN,UNKNOWN,0.6144
103010502,51303487.545209885,33,15,9,3,千克,MASS,0.9202
104010306,51177769.638793945,12,6,6,3,个,COUNT,0.7707
109010302,51164754.0150795,13,5,4,2,个,COUNT,0.9877
101011204,50986146.86744428,23,13,7,2,箱,CONTAINER,0.6332
107029904,50911984.69382096,14,10,6,2,个,COUNT,0.9777
110030103,50888582.29125977,21,11,9,4,千克,MASS,0.3596
109021699,50789962.67337036,22,12,10,5,套,SET,0.641
108040799,50454296.29559422,56,14,8,3,个,COUNT,0.7256
109011102,50446955.63503266,47,13,8,3,个,COUNT,0.9401
108032002,50423685.025877945,12,6,4,2,千克,MASS,0.9679
101011209,50418889.381779194,28,15,8,2,千克,MASS,0.8336
109051307,50388375.96447754,20,9,8,1,个,COUNT,0.6916
107040306,50275922.78062439,6,4,4,3,千克,MASS,0.9998
108040405,50222974.86273384,73,14,10,4,个,COUNT,0.8383
109060406,49807100.20009327,68,14,9,3,个,COUNT,0.5111
101010299,49731890.32240677,24,12,8,2,千克,MASS,0.8531
104010508,49678548.57232475,31,13,8,3,个,COUNT,0.7422
102040106,49647996.85096741,12,6,6,2,千克,MASS,0.9563
109020103,49628940.32980347,26,11,8,3,个,COUNT,0.6676
106050205,49433259.64353753,36,13,10,4,个,COUNT,0.5827
108040408,49107490.391070604,71,17,9,3,套,SET,0.4785
109021406,48842995.833496094,11,5,5,2,套,SET,0.635
108011102,48744937.62557113,30,13,8,3,个,COUNT,0.9037
101010999,48332330.55821992,23,12,7,3,千克,MASS,0.9525
105011003,47889322.70248985,18,7,7,3,千克,MASS,0.4759
104011006,47875465.24308109,29,10,8,4,千米,LENGTH,0.8845
102020500,47867649.569179535,39,16,10,4,千克,MASS,0.7367
106040202,47536181.6884317,81,16,9,3,个,COUNT,0.7182
107030211,47427281.92705488,20,9,6,2,盒,CONTAINER,0.9261
102020699,47308087.53835094,34,17,11,5,千克,MASS,0.91
109022701,47034308.74563599,20,8,7,3,个,COUNT,0.7565
109022003,46958357.92968177,34,13,10,4,个,COUNT,0.839
109011203,46149191.699474335,13,6,6,3,个,COUNT,0.6939
104010701,46101067.99898576,52,16,10,5,个,COUNT,0.482
102050403,45988971.74097633,27,13,9,5,千克,MASS,0.9373
108041302,45887147.966999054,51,15,9,4,千米,LENGTH,0.6046
106050501,45847830.12515259,31,11,9,4,千克,MASS,0.46
109060305,45753759.71662903,26,9,8,3,个,COUNT,0.6325
110020199,45660710.865867615,19,9,7,3,立方米,VOLUME,0.5741
105010103,45651981.98054124,50,18,12,6,个,COUNT,0.5506
106051213,45393976.66697025,37,13,8,4,个,COUNT,0.6269
109023606,45145831.75465393,27,14,11,4,个,COUNT,0.5638
109025305,45143417.316639304,68,19,11,5,套,SET,0.4236
107030803,45118179.65698242,36,14,7,2,千克,MASS,0.4086
107050901,45105098.42264938,44,18,10,4,个,COUNT,0.7334
109024703,44841192.957242966,19,8,7,1,个,COUNT,0.9257
101030310,44774480.74918175,17,8,5,2,千克,MASS,0.9927
101030311,44471729.09933472,33,15,9,3,盒,CONTAINER,0.3547
304070201,44452574.40814209,5,4,4,1,UNKNOWN,UNKNOWN,0.7843
107040102,44355136.213867195,16,9,7,3,千克,MASS,0.8903
109062303,43964652.77709961,6,4,4,1,个,COUNT,0.9964
101011203,43747507.78216649,27,15,8,3,千克,MASS,0.9595
109030702,43679391.66578865,23,10,9,3,个,COUNT,0.8917
107020119,43657425.93547057,22,12,8,3,千克,MASS,0.973
108012004,43572003.915885925,47,16,11,5,个,COUNT,0.8091
301040201,43491114.015625,3,2,2,1,立方米,VOLUME,0.8429
102040108,43059153.462135315,19,7,7,3,千克,MASS,0.976
105020103,42907571.510447025,22,11,8,3,个,COUNT,0.881
109042601,42627454.32949829,11,3,3,2,千克,MASS,0.9877
109013605,42576416.24697542,23,9,8,3,个,COUNT,0.7934
109060308,42569168.45592118,31,15,10,4,套,SET,0.5573
108041305,42535275.17828369,28,11,9,4,千克,MASS,0.9003
108012401,42529641.795957565,42,16,10,5,千克,MASS,0.6388
109021603,42471727.96526718,22,13,9,3,个,COUNT,0.7342
106051211,42091552.91754079,35,17,10,3,个,COUNT,0.6803
109025402,41789098.82054139,21,9,7,3,套,SET,0.5662
108042500,41451150.01791381,29,12,8,3,个,COUNT,0.5966
107021416,41371160.575683594,13,6,4,2,千克,MASS,0.9421
109060404,41243160.18292165,44,14,8,2,个,COUNT,0.8694
109061503,41173827.47369385,16,7,7,2,个,COUNT,0.5485
107020232,41126981.290412426,16,8,5,3,千克,MASS,0.995
107030706,41074965.11152649,26,9,6,1,OTHER,OTHER,0.4662
107030117,40763696.0201416,9,4,3,2,千克,MASS,0.8302
105011005,40533536.37527239,31,12,9,4,个,COUNT,0.8749
109025102,40435312.208984375,8,6,5,1,套,SET,0.8375
106051210,40409012.80574143,39,15,8,2,个,COUNT,0.7761
102020400,40341684.620233536,16,9,7,5,立方米,VOLUME,0.7459
109023302,40253303.20685196,30,9,7,3,千克,MASS,0.488
109022503,40118026.5898056,49,15,10,4,套,SET,0.4729
107020406,40096097.59387207,15,10,6,2,千克,MASS,0.9524
109061607,40065406.04547119,25,8,5,1,个,COUNT,0.7834
109024208,40012393.47813463,17,10,6,1,个,COUNT,0.6329
106010506,40005511.233062744,36,14,9,4,个,COUNT,0.832
109010703,39905774.080806725,26,10,8,3,个,COUNT,0.8994
109011702,39891638.18357086,26,14,9,3,个,COUNT,0.8624
109061101,39814614.2444172,36,10,7,2,个,COUNT,0.7096
101039900,39780826.68586349,17,10,6,2,千克,MASS,0.9251
102020601,39609985.97736359,35,15,10,5,个,COUNT,0.3384
109061506,39255406.019226074,49,18,10,4,次,SERVICE,0.3546
103010202,39106483.403558254,27,13,7,2,千克,MASS,0.8257
109022405,39081366.05173111,21,12,9,3,个,COUNT,0.5456
104010304,39028440.65229797,24,10,9,4,千米,LENGTH,0.9558
109011603,39018259.932640076,13,6,6,2,套,SET,0.5762
107030708,38958711.626091,15,10,6,2,个,COUNT,0.6835
109041299,38930852.53308487,59,16,9,4,个,COUNT,0.7761
104030503,38906224.9975009,51,15,10,4,个,COUNT,0.6765
109010513,38810990.31912327,24,10,6,2,个,COUNT,0.9403
109012703,38606814.77376175,43,12,10,4,个,COUNT,0.4662
301050201,38477820.478027344,17,13,10,4,千克,MASS,0.8351
109032200,38389254.04082489,29,14,10,4,个,COUNT,0.3314
109060508,38375902.35595703,10,6,5,1,套,SET,0.5466
307050300,38250056.51269531,16,10,9,2,UNKNOWN,UNKNOWN,0.8567
108041303,38233512.82336998,26,10,9,4,个,COUNT,0.4841
109062102,38216566.482810974,9,6,6,1,个,COUNT,0.5685
109021104,38211709.168735504,33,13,8,4,套,SET,0.7161
107050105,37960174.963024616,35,11,9,3,个,COUNT,0.9786
109060407,37926040.11738968,28,10,8,2,个,COUNT,0.7891
108011201,37832628.42744564,60,17,9,3,个,COUNT,0.8886
109024005,37667577.921761036,12,5,5,2,个,COUNT,0.8713
101059900,37330977.605929375,35,16,9,3,千克,MASS,0.6678
109023211,37238779.03275299,18,7,7,3,套,SET,0.3437
104010809,37054417.359809875,52,17,10,4,个,COUNT,0.5526
109040306,36687933.51956177,16,6,5,1,个,COUNT,0.9459
109022205,36522040.011154175,39,18,11,5,个,COUNT,0.6717
101050600,36464181.49462128,17,10,6,2,箱,CONTAINER,0.3879
306030201,36431521.97363281,6,5,4,2,单,SERVICE,0.9519
109061008,36341430.35534668,10,2,2,1,个,COUNT,0.5242
108040502,35739297.92390251,23,11,7,2,个,COUNT,0.8074
109022502,35696208.98404861,48,14,10,4,个,COUNT,0.6624
106041099,35543425.573018074,24,13,9,4,个,COUNT,0.6597
107030412,35494218.57132959,30,12,8,2,瓶,CONTAINER,0.621
306011003,35441943.69628906,9,6,6,2,笔,SERVICE,0.9328
306011001,35367128.799316406,13,9,6,1,UNKNOWN,UNKNOWN,0.5048
102049907,35355979.69091797,22,10,5,3,个,COUNT,0.667
106040901,34789989.087940216,22,11,9,3,套,SET,0.5212
109031900,34698491.4593811,24,12,10,4,OTHER,OTHER,0.7473
103011500,34676255.84705972,24,11,5,2,千克,MASS,0.9794
109012804,34536930.609375,23,11,9,3,个,COUNT,0.5675
101011602,34516105.195866585,33,13,7,2,千克,MASS,0.7821
109021401,34489425.147861004,29,14,8,3,个,COUNT,0.5152
108010402,34227327.39627838,33,14,11,5,千米,LENGTH,0.61
108040402,34173251.62557626,79,18,10,4,个,COUNT,0.8369
109020801,33838505.3881855,19,9,6,3,套,SET,0.7442
109024612,33718375.85110474,21,9,6,2,个,COUNT,0.5755
104010807,33650556.350387566,26,8,7,3,个,COUNT,0.9339
109024508,33557292.87037039,39,15,8,3,个,COUNT,0.7188
109062004,33415413.626821995,18,8,7,2,个,COUNT,0.9806
106040111,33287703.35082448,81,22,12,5,个,COUNT,0.5162
106050502,33283402.278498653,27,13,10,4,个,COUNT,0.6316
106040103,33135471.14396459,64,18,11,5,套,SET,0.4722
106051214,33014348.576898575,39,18,10,4,千克,MASS,0.9037
101011401,32928632.88513565,48,17,12,5,次,SERVICE,0.5062
109012607,32670623.299989704,12,6,6,2,个,COUNT,0.7495
109021804,32668208.29438019,28,14,8,2,个,COUNT,0.597
109012605,32614997.017723087,17,6,6,2,个,COUNT,0.6864
109020203,32170035.259094246,19,9,8,4,个,COUNT,0.521
106010402,32126690.81027222,26,11,9,3,个,COUNT,0.648
109022810,31813044.51132584,14,5,4,3,个,COUNT,0.9236
109011209,31761126.703418728,13,7,6,2,套,SET,0.5942
109022802,31575001.536598206,27,11,10,4,个,COUNT,0.7947
109024615,31521547.603841778,48,16,9,4,个,COUNT,0.8223
109010514,31458199.56111336,37,13,9,3,个,COUNT,0.7965
101011202,31343355.054003242,34,12,8,2,千克,MASS,0.9417
104011303,31284042.81105041,27,11,10,5,千克,MASS,0.475
105011002,31116249.75051117,27,10,7,2,千克,MASS,0.6403
103020599,30925254.146669388,25,13,7,2,千克,MASS,0.5568
108011800,30873128.169664383,34,14,11,5,个,COUNT,0.8318
109022005,30832162.378295895,16,6,6,4,个,COUNT,0.9678
109061905,30830628.50130463,18,7,6,2,个,COUNT,0.9917
107020405,30783025.08935547,10,7,6,3,千克,MASS,0.9697
109011104,30730886.202487946,28,11,8,3,套,SET,0.4213
108040401,30691502.21611714,56,17,9,3,个,COUNT,0.613
102050505,30671146.552780148,17,9,8,4,千克,MASS,0.6895
101020203,30487048.035000805,14,6,5,3,千克,MASS,0.8027
109010510,30459225.58747482,16,8,6,2,个,COUNT,0.9948
104020106,30083895.68296814,9,5,5,2,个,COUNT,0.9739
101011201,30063125.763289686,34,14,8,2,千克,MASS,0.8094
109050703,29959628.332038872,27,9,7,1,个,COUNT,0.5268
109061809,29939539.507965088,16,5,5,1,个,COUNT,0.553
109010706,29931343.5238266,18,8,7,3,个,COUNT,0.988
109024403,29843140.314319607,25,14,7,2,个,COUNT,0.6707
108040501,29406388.63397694,36,12,8,3,个,COUNT,0.9731
109060503,29388319.04927063,22,11,7,3,个,COUNT,0.4898
109020101,29160130.106307987,24,9,8,3,套,SET,0.3839
109012602,28872949.81455231,16,8,7,3,个,COUNT,0.9038
103020502,28800328.70262718,22,12,6,2,袋,CONTAINER,0.4568
108020403,28692295.20492363,25,9,7,3,千克,MASS,0.5981
109042605,28647279.27633667,28,11,10,4,OTHER,OTHER,0.427
109023802,28401428.34919739,18,8,7,3,个,COUNT,0.7824
106051002,28325855.81991768,29,16,10,4,批,BATCH,0.18
108032301,28322698.58116054,33,10,8,3,套,SET,0.4669
101010108,28261393.842277527,33,15,10,4,个,COUNT,0.6525
109020502,28195012.526542664,28,11,9,4,个,COUNT,0.6438
105010402,28073381.365077022,21,8,8,4,平方米,AREA,0.8061
107020218,28017393.678894043,12,4,4,2,千克,MASS,0.9967
109021802,28010865.29724121,24,9,7,3,套,SET,0.5315
109012999,27985469.119338986,31,9,8,3,个,COUNT,0.8259
302039900,27983715.78488922,16,11,9,2,批,BATCH,0.7069
106051006,27881830.8471385,35,14,9,3,套,SET,0.5792
107022306,27688118.805791024,23,9,7,2,个,COUNT,0.9071
104010801,27490676.50182437,38,13,10,4,平方米,AREA,0.5445
107021903,27486725.28056336,15,9,7,3,千克,MASS,0.7977
107020501,27407009.317956924,22,10,7,2,千克,MASS,0.7996
109021902,27380596.659423828,22,7,7,3,个,COUNT,0.8604
109060603,27347297.829154965,20,8,6,1,个,COUNT,0.7636
109024801,27299747.724411014,12,4,3,1,个,COUNT,0.507
103011401,27254355.942861557,23,12,7,2,个,COUNT,0.5263
107020227,27223406.92461777,27,11,7,3,千克,MASS,0.8723
109021402,27217274.17907906,22,13,8,3,个,COUNT,0.8874
101011207,27155521.14382243,31,16,9,3,千克,MASS,0.894
109060408,26945284.101887222,20,8,6,1,个,COUNT,0.964
106051003,26875171.392143253,26,9,7,2,个,COUNT,0.8343
109051499,26776951.45497119,25,9,7,2,个,COUNT,0.9406
109020406,26725238.292575836,28,12,9,4,个,COUNT,0.4552
103010102,26594323.61951447,30,13,7,2,OTHER,OTHER,0.4423
109011605,26441577.824630734,26,9,8,3,个,COUNT,0.769
106040605,26410791.5252617,30,8,7,3,个,COUNT,0.5604
105010701,26374515.107950687,40,14,11,5,千克,MASS,0.2906
109023601,26250728.270374298,13,7,5,2,个,COUNT,0.8703
106051105,25999131.70671585,14,7,6,1,个,COUNT,0.8425
109062204,25993106.7883749,21,4,4,1,个,COUNT,0.9032
106050212,25972724.05485916,32,12,10,4,个,COUNT,0.6571
101011210,25964120.494732857,29,12,6,2,千克,MASS,0.6533
109022001,25899066.321799275,77,15,9,3,个,COUNT,0.7056
107030603,25875314.506484985,14,10,6,2,千克,MASS,0.8357
109061805,25537559.700048447,2,2,2,1,个,COUNT,0.9999
101010203,25466544.76603794,21,11,6,2,箱,CONTAINER,0.5732
105010703,25391646.110941887,44,16,11,5,个,COUNT,0.39
301020202,25382657.411842346,8,7,6,2,千克,MASS,0.3813
109012806,25333321.428199768,24,10,8,3,个,COUNT,0.539
103011108,25081916.8893919,20,13,7,2,个,COUNT,0.3568
103021203,25064428.969357967,34,14,9,3,千克,MASS,0.8149
109020207,25016762.547460556,20,11,8,3,个,COUNT,0.4927
102020603,24812123.45586396,32,14,8,3,千克,MASS,0.6421
104011402,24787611.012495995,20,10,8,3,个,COUNT,0.898
101030106,24737847.773434643,15,8,5,2,千克,MASS,0.7136
106051303,24690624.050924305,17,11,5,2,个,COUNT,0.9138
101011206,24474313.185219284,22,11,7,2,千克,MASS,0.9869
109025099,24454435.193614952,24,11,8,4,个,COUNT,0.6435
109023607,24431005.978515625,16,6,4,1,个,COUNT,0.9336
107020503,24382139.815345764,14,9,6,3,个,COUNT,0.8168
109042104,24311803.36385155,11,5,4,1,个,COUNT,0.9864
107021505,24288643.72071457,28,11,7,4,千克,MASS,0.7926
103021101,24242708.983436584,25,12,6,2,千克,MASS,0.8874
109062105,24215775.949890137,22,9,8,3,个,COUNT,0.758
108012105,24192390.46789551,20,10,8,3,个,COUNT,0.7504
109024704,24111815.250854496,9,5,4,1,个,COUNT,0.7727
108011402,23938703.615091328,26,12,8,4,套,SET,0.9254
108050000,23514223.37207365,36,15,9,4,个,COUNT,0.3693
306010800,23407793.21923828,9,7,5,0,UNKNOWN,UNKNOWN,0.7361
103010705,23399709.298562527,24,12,6,2,千克,MASS,0.6867
108011502,23198120.95940399,20,9,8,3,个,COUNT,0.9698
106010401,23120993.972927097,40,16,10,4,个,COUNT,0.4577
107030114,23040246.956111908,29,12,7,3,盒,CONTAINER,0.3114
101030201,22986232.687545773,17,9,6,2,千克,MASS,0.8844
108032203,22865499.277109623,7,4,4,4,千克,MASS,0.9767
109061199,22857592.284591675,14,8,6,2,套,SET,0.5619
108010307,22804101.802442078,25,12,8,2,个,COUNT,0.8652
105010902,22686142.039761543,30,16,10,5,套,SET,0.3352
109020807,22561059.230594873,39,15,10,4,个,COUNT,0.4103
106050399,22368875.26241684,40,14,10,5,千克,MASS,0.4386
103040102,22368404.910650253,12,7,6,2,千克,MASS,0.9437
108012501,22279890.24010467,12,5,5,3,千克,MASS,0.9865
101011000,21968107.602031704,30,16,10,5,千克,MASS,0.6076
109042502,21962274.998992916,19,6,6,3,个,COUNT,0.758
107021615,21803987.5637207,5,1,1,1,千克,MASS,1.0
102040112,21629381.243743896,10,5,4,2,千克,MASS,0.9998
109022805,21508921.16015625,10,5,5,2,个,COUNT,0.9506
109031802,21464656.0,3,3,3,0,OTHER,OTHER,0.8864
107021807,21456724.721934438,24,11,8,1,个,COUNT,0.9571
109041206,21414954.971908573,27,9,6,3,个,COUNT,0.9314
107030303,21392034.91339088,30,10,6,3,千克,MASS,0.6871
109024212,21389989.669921875,10,3,3,2,套,SET,0.8506
109030701,21341875.56785202,19,7,7,1,个,COUNT,0.916
109060402,21237908.417660117,35,13,8,3,千克,MASS,0.4593
106050307,21112082.762664795,18,9,7,2,千克,MASS,0.887
109030602,21086594.875,4,2,2,1,个,COUNT,0.7383
109022403,20940765.41021729,16,7,6,2,套,SET,0.6673
102050515,20836199.985086445,12,7,6,3,千克,MASS,0.9057
109024306,20805201.83772278,31,14,8,2,UNKNOWN,UNKNOWN,0.447
107051001,20410602.431965828,45,16,9,5,千克,MASS,0.6161
109020503,20312795.539062507,8,6,5,1,个,COUNT,0.7035
103040203,20194925.87007141,16,13,8,2,个,COUNT,0.9802
101011301,20098183.82715988,41,16,10,3,个,COUNT,0.325
109024616,20088139.38150787,13,8,5,2,个,COUNT,0.9095
109023002,20025362.69457245,35,12,10,4,个,COUNT,0.8601
106051005,20019187.37065125,15,7,6,2,个,COUNT,0.9785
102040201,19981903.12109375,11,5,4,2,千克,MASS,0.9637
109030603,19535512.979980465,6,3,3,1,个,COUNT,0.9461
109022004,19419814.137001038,21,10,8,3,个,COUNT,0.7165
109031202,19331916.256256104,6,3,3,1,个,COUNT,0.999
109032302,19313723.468711857,18,8,8,4,个,COUNT,0.8583
109024602,19193892.7162323,20,10,7,3,个,COUNT,0.6997
109021901,19138378.49026489,14,6,5,2,个,COUNT,0.9361
109062599,19064684.88581848,33,18,9,2,个,COUNT,0.8196
106051203,19021518.867093563,42,18,11,5,个,COUNT,0.4646
107021804,18972010.01839447,40,17,9,3,个,COUNT,0.2773
109061609,18968701.68884277,12,5,5,2,个,COUNT,0.9505
302030200,18915524.15283203,18,14,10,2,UNKNOWN,UNKNOWN,0.7543
108032414,18888894.75,6,4,4,2,千克,MASS,0.9987
107021808,18870932.189425234,29,11,8,3,个,COUNT,0.6742
109012902,18843779.5546875,14,7,5,2,个,COUNT,0.7333
109025105,18806974.31158829,16,9,9,2,OTHER,OTHER,0.8837
107022699,18790121.831344604,18,10,5,2,千克,MASS,0.9846
108041107,18386233.661067963,25,11,7,3,千克,MASS,0.9834
108041108,18379038.37232304,41,13,8,3,千克,MASS,0.8696
109010404,18293526.16152954,21,10,9,4,UNKNOWN,UNKNOWN,0.4722
109011607,18172149.427780148,32,14,9,3,个,COUNT,0.7575
106050801,18122084.163206104,32,12,8,3,个,COUNT,0.5878
107021608,18096039.964397427,20,12,6,2,千克,MASS,0.8424
109031805,18063363.203125,8,7,7,2,OTHER,OTHER,0.6822
104030504,17994866.081298828,11,5,5,2,个,COUNT,0.886
109060806,17987063.600247387,13,6,5,2,个,COUNT,0.9078
109062401,17930165.19433594,14,4,4,1,个,COUNT,0.9764
103011301,17856635.30446726,26,12,8,2,千克,MASS,0.6703
109011107,17837876.501052853,17,6,6,2,个,COUNT,0.9088
108041903,17586236.321782112,47,16,9,3,OTHER,OTHER,0.6295
107021503,17555852.77734375,8,5,5,2,千克,MASS,0.9992
109051404,17503866.701564785,27,11,10,4,个,COUNT,0.9691
101011208,17492757.54071855,26,15,8,2,千克,MASS,0.7351
109021809,17469501.79725647,24,12,8,2,个,COUNT,0.4898
109023003,17272898.86771393,13,8,8,3,个,COUNT,0.4809
109024304,16862999.14038086,16,7,6,2,个,COUNT,0.8505
109042503,16851682.135299683,14,7,6,2,个,COUNT,0.6523
102040304,16828825.485824585,7,5,4,2,千克,MASS,0.9994
102050700,16712054.94568324,49,16,10,5,个,COUNT,0.3357
405990000,16690718.594772343,8,8,7,2,UNKNOWN,UNKNOWN,0.7309
107022305,16620781.002361298,17,10,6,2,瓶,CONTAINER,0.4532
109011211,16480693.00097656,13,8,6,2,个,COUNT,0.8867
108040599,16450814.12049866,14,5,5,2,个,COUNT,0.6959
109021808,16433064.842285156,20,9,8,4,个,COUNT,0.5052
109020404,16375196.66415119,34,12,10,4,个,COUNT,0.818
109024209,16346828.74585152,20,8,5,1,个,COUNT,0.7057
103010907,16158552.187220572,19,11,5,2,千克,MASS,0.8069
103011104,16148187.391370773,26,12,6,2,盒,CONTAINER,0.373
109025303,15863384.292442326,42,14,9,3,个,COUNT,0.8195
109020906,15849124.94311523,20,7,7,3,个,COUNT,0.8265
102050402,15831990.75292969,18,8,6,3,千克,MASS,0.7637
109023603,15827020.41015244,21,9,8,3,个,COUNT,0.8054
109021502,15748748.436981201,23,14,8,2,个,COUNT,0.482
103020999,15627896.531682014,29,14,7,2,箱,CONTAINER,0.2416
106010105,15521995.780189514,23,10,7,3,千克,MASS,0.9632
104011403,15506917.16455889,26,13,8,3,个,COUNT,0.6852
107040309,15503193.619873047,8,5,5,2,千克,MASS,0.9935
106050603,15355519.38282776,23,9,7,3,个,COUNT,0.7487
109050603,15353752.904970169,32,13,10,4,个,COUNT,0.5727
107030112,15300704.671237944,12,8,5,2,盒,CONTAINER,0.9224
109022809,15275206.519943237,20,9,7,3,个,COUNT,0.6461
109062702,15207309.745487927,32,13,7,2,个,COUNT,0.9488
106040106,15181657.882378463,41,13,7,2,千克,MASS,0.6684
108013002,15158915.269256592,23,12,9,4,千克,MASS,0.3834
109022401,15156047.260227203,24,12,10,4,套,SET,0.325
109020803,15140593.878113747,18,9,7,2,个,COUNT,0.5195
101030199,15078772.794094086,18,10,6,2,OTHER,OTHER,0.7115
109023903,15041990.5300293,4,1,1,1,个,COUNT,1.0
103010906,15017491.659142494,33,13,8,2,千克,MASS,0.3847
109062701,14967767.059642795,31,14,8,2,个,COUNT,0.9549
306011002,14954527.39099121,5,5,5,1,次,SERVICE,0.9204
108032204,14901528.40625,4,3,3,2,OTHER,OTHER,0.7368
109010303,14752024.21811819,22,8,7,2,套,SET,0.4871
109061103,14551114.535949707,21,11,8,3,个,COUNT,0.5634
109051505,14218085.30561829,18,7,5,1,个,COUNT,0.8558
106040704,14147143.72613049,20,11,9,3,个,COUNT,0.8232
106050301,14021743.78691101,22,12,8,3,个,COUNT,0.7779
109021405,13994077.749126434,25,15,10,4,个,COUNT,0.4331
109032000,13983044.71307373,10,7,7,1,UNKNOWN,UNKNOWN,0.4524
103011303,13970475.039011002,26,12,6,2,袋,CONTAINER,0.4477
101020406,13949505.474040981,16,10,7,4,千克,MASS,0.9576
107050106,13880053.020996092,27,11,7,3,个,COUNT,0.7729
302010101,13856439.940673828,6,5,3,1,份,SERVICE,0.4989
302030100,13836508.239990234,15,8,8,3,UNKNOWN,UNKNOWN,0.3333
102050205,13645313.831806183,29,12,9,5,平方米,AREA,0.3685
109042304,13550575.29611969,24,8,8,2,个,COUNT,0.658
109022102,13504916.262695312,14,6,6,3,个,COUNT,0.5236
106010509,13401801.070785519,21,10,7,2,千克,MASS,0.9004
101011212,13346391.565877914,28,12,5,2,千克,MASS,0.6886
109060802,13300916.11851883,24,8,8,2,个,COUNT,0.7327
109022806,13167044.59521484,14,7,6,2,个,COUNT,0.8444
109020908,13160751.039901733,10,3,3,2,套,SET,0.9042
101030299,13113426.593147278,14,8,5,2,千克,MASS,0.4534
107022603,13085483.535100937,6,3,3,2,千克,MASS,0.9998
109022901,13084936.43450928,18,8,7,2,个,COUNT,0.9652
109020206,13055130.22875023,8,5,5,2,个,COUNT,0.8235
109024402,12850301.000656128,18,11,8,3,个,COUNT,0.5028
108031299,12780090.1875,7,2,2,2,千克,MASS,0.999
109024609,12746830.242523193,17,10,7,3,个,COUNT,0.4671
109023901,12745682.106445312,10,4,4,2,套,SET,0.8968
106050208,12511001.267836332,27,10,9,4,千克,MASS,0.5174
109021599,12446685.000427246,25,13,9,3,个,COUNT,0.7038
102020602,12433348.195653915,22,13,9,4,个,COUNT,0.7663
109060903,12433150.943725586,12,6,6,1,个,COUNT,0.5844
109022601,12406652.305366516,25,11,6,2,个,COUNT,0.6814
109060507,12354639.572387695,26,10,6,2,个,COUNT,0.6147
103020506,12340864.028188452,32,13,7,2,瓶,CONTAINER,0.2286
106050899,12318209.944824219,21,11,10,4,个,COUNT,0.6667
109020805,12243447.061653137,14,9,7,2,个,COUNT,0.9263
109020604,12184138.749816895,12,7,7,2,千克,MASS,0.6295
109061004,12084229.144927979,15,7,6,2,套,SET,0.5269
101011902,12027930.0,3,3,3,2,千克,MASS,0.9977
109025001,11971344.934143065,14,7,6,3,个,COUNT,0.9073
110020103,11956340.299804688,4,2,2,2,个,COUNT,0.9891
109020409,11915190.494262695,8,4,4,2,个,COUNT,0.5651
104030402,11857626.283543587,32,14,9,4,个,COUNT,0.5357
109031806,11826668.953125,5,3,3,1,OTHER,OTHER,0.985
108031302,11788034.72489929,9,4,3,2,千克,MASS,0.9859
108032208,11712850.0,4,3,3,2,个,COUNT,0.9989
103010903,11600897.458338737,21,12,6,2,千克,MASS,0.4635
109030200,11598568.500358587,23,9,7,2,个,COUNT,0.9738
109024706,11437669.065800667,16,5,4,1,个,COUNT,0.4737
106040107,11412446.969855338,85,16,9,4,个,COUNT,0.5423
107030107,11362154.893523216,17,11,6,2,OTHER,OTHER,0.7891
109012805,11307654.20050621,7,3,3,2,套,SET,0.4466
101011908,11261986.30318832,6,3,3,2,千克,MASS,0.9793
109042506,11237102.415176392,24,9,7,2,个,COUNT,0.8326
103020903,11138787.696411133,22,12,6,2,个,COUNT,0.407
302010199,11071920.477050781,10,8,6,1,UNKNOWN,UNKNOWN,0.7413
109010704,11029566.206962584,17,7,6,2,个,COUNT,0.943
109031804,11027734.117168427,17,10,7,2,OTHER,OTHER,0.4458
104020406,11027173.86523438,5,4,3,1,个,COUNT,0.9986
109032101,10948131.028961182,15,7,7,3,个,COUNT,0.6233
110020201,10939279.70336914,8,5,5,2,立方米,VOLUME,0.512
106041007,10925139.925857544,17,9,8,2,批,BATCH,0.7025
106041003,10863876.021754742,25,12,9,2,个,COUNT,0.743
109050202,10857303.15550995,19,9,7,2,个,COUNT,0.9514
109021602,10846830.557258606,18,9,7,2,个,COUNT,0.6922
102050406,10844545.752990728,21,8,8,4,千克,MASS,0.9396
109060902,10802722.488609314,17,5,5,1,套,SET,0.589
109062502,10800939.47669983,16,9,6,2,个,COUNT,0.8822
109031500,10530058.064483643,15,7,6,2,个,COUNT,0.9039
304070301,10459908.668945312,6,5,5,1,UNKNOWN,UNKNOWN,0.9489
101010799,10367988.348465443,18,11,6,2,千克,MASS,0.6611
109042306,10249004.741265297,21,8,8,2,个,COUNT,0.9294
104011301,10210258.281036379,23,11,7,3,个,COUNT,0.6934
107020219,10190990.232912067,7,3,3,2,千克,MASS,0.9992
108010705,10180192.283904076,33,14,9,5,平方米,AREA,0.6923
109020802,9953554.17388916,16,6,5,3,个,COUNT,0.7598
306010200,9939802.921875,3,3,3,0,UNKNOWN,UNKNOWN,0.9645
109021801,9911327.43941331,10,7,6,3,个,COUNT,0.9719
109022817,9907934.534269333,12,4,4,2,个,COUNT,0.811
109023208,9875809.851198196,27,8,8,4,个,COUNT,0.9494
109022602,9811203.461759448,25,11,6,2,个,COUNT,0.8858
106051108,9799510.947265625,3,1,1,1,个,COUNT,1.0
109061003,9789524.935548782,12,5,5,2,套,SET,0.7703
109041304,9687414.66658783,12,4,4,1,个,COUNT,0.5964
303020500,9662187.03125,7,4,4,1,个,COUNT,0.869
103011103,9610956.300384998,25,11,5,2,箱,CONTAINER,0.3257
103010908,9539358.523872375,20,12,5,2,瓶,CONTAINER,0.4379
304040600,9490218.063232422,6,6,6,1,批,BATCH,0.5105
109023004,9439284.617715597,24,9,8,4,OTHER,OTHER,0.56
109024605,9413973.454833984,8,5,3,1,套,SET,0.5816
109024603,9382602.25012207,7,4,4,1,个,COUNT,0.9612
109061502,9294562.53100586,9,3,3,1,个,COUNT,0.9686
102050512,9172213.367919922,3,3,3,2,千克,MASS,0.9726
102050503,9157278.273384094,12,6,6,3,千克,MASS,0.8491
106051302,8996398.29706955,8,5,5,2,个,COUNT,0.6705
103011105,8941201.707354546,27,12,6,2,盒,CONTAINER,0.2639
109013599,8778496.863933563,18,9,8,3,个,COUNT,0.661
108010803,8775481.585983276,17,8,7,4,平方米,AREA,0.8643
109020205,8772127.96736908,11,5,5,1,个,COUNT,0.9258
107020239,8658580.854686737,6,2,2,1,千克,MASS,0.9998
109020810,8569982.191062927,18,6,5,2,个,COUNT,0.9445
109024803,8463845.491168976,22,10,8,3,个,COUNT,0.5197
103011402,8431095.989524841,18,9,6,2,个,COUNT,0.4065
109010708,8398170.40107727,15,7,5,3,个,COUNT,0.9701
109011210,8362449.522968292,21,10,8,2,个,COUNT,0.585
109022702,8349932.625412941,41,14,8,3,个,COUNT,0.53
101020408,8136805.329870462,18,6,4,2,千克,MASS,0.8168
107060307,8113336.5,9,4,4,2,个,COUNT,0.8504
101010701,8112556.854803085,16,9,5,2,千克,MASS,0.4886
106020599,8104734.5785655975,29,14,9,4,个,COUNT,0.3674
109040303,8102811.250699043,18,5,5,1,个,COUNT,0.9061
109061303,8062706.0,7,3,3,1,个,COUNT,0.6228
109061201,7973901.40272522,17,10,7,1,套,SET,0.524
106050308,7943337.171329498,20,10,6,2,个,COUNT,0.8474
302010300,7925805.776554108,8,7,7,2,UNKNOWN,UNKNOWN,0.9018
501010300,7890678.0,6,5,5,2,UNKNOWN,UNKNOWN,0.6907
107021803,7844909.45501709,30,12,7,4,OTHER,OTHER,0.624
106050604,7714497.934284687,23,10,7,3,个,COUNT,0.383
109010607,7686010.265136719,18,8,5,1,个,COUNT,0.9447
109061009,7443284.750595093,19,8,7,3,个,COUNT,0.3751
109061701,7420078.353258133,25,12,8,3,套,SET,0.5483
103011404,7306148.527427674,17,11,5,2,个,COUNT,0.3177
301030200,7297884.3876953125,6,6,4,1,次,SERVICE,0.8617
109021601,7279737.409240723,16,9,8,2,个,COUNT,0.6494
107021610,7270408.171453476,13,6,4,2,千克,MASS,0.9963
105011004,7266282.5712890625,13,9,5,3,个,COUNT,0.5006
101011904,7188947.9636974335,8,6,4,2,千克,MASS,0.8855
109060303,7151682.376876831,16,5,5,2,套,SET,0.5129
105010509,7103342.570808411,30,10,9,5,个,COUNT,0.3644
108011203,7023408.822856903,36,15,8,3,个,COUNT,0.8128
107030604,6981536.65719223,10,6,5,2,个,COUNT,0.4361
106041008,6952496.824852943,22,11,8,2,副,SET,0.4951
306010902,6940823.218261719,7,6,6,2,UNKNOWN,UNKNOWN,0.887
109025002,6889161.549758911,17,9,6,2,个,COUNT,0.534
106051007,6881511.724897385,35,16,10,4,个,COUNT,0.4624
109010606,6836471.149902344,19,7,5,1,个,COUNT,0.6871
109024004,6782736.72996521,11,7,6,3,个,COUNT,0.6842
109062301,6777172.719970703,11,8,4,1,个,COUNT,0.9838
109030601,6697867.439941406,6,4,4,1,UNKNOWN,UNKNOWN,0.9791
108032205,6695302.259765625,3,2,2,1,OTHER,OTHER,0.9919
106040502,6624879.732014179,34,15,10,4,个,COUNT,0.3787
103020906,6616124.88488865,22,12,7,3,千克,MASS,0.4599
109022301,6592774.1875190735,14,6,4,2,个,COUNT,0.9051
104010307,6589564.459228516,9,4,4,2,个,COUNT,0.9635
103011109,6347528.459270476,16,11,6,2,千克,MASS,0.8474
101040700,6301966.4883880615,12,9,6,2,千克,MASS,0.5316
109062103,6266348.1212768555,13,7,6,2,套,SET,0.682
106051113,6173363.630816698,34,15,8,3,千克,MASS,0.7614
109025103,6172931.550048828,7,4,3,1,套,SET,0.9973
101050400,6149065.189785004,17,10,6,2,千克,MASS,0.6463
104011304,6129991.001714706,20,8,8,3,套,SET,0.3366
109024007,6066579.051285088,21,8,8,4,个,COUNT,0.6139
106040302,6058385.150446414,39,17,10,4,千克,MASS,0.5281
109022501,5978897.858423233,22,8,7,2,个,COUNT,0.7938
109032601,5948500.160194397,14,7,6,3,个,COUNT,0.8941
109012202,5940759.517578125,15,8,7,2,套,SET,0.6356
108032409,5919439.36239624,10,5,5,3,个,COUNT,0.3725
109041604,5890691.945064545,12,4,4,1,个,COUNT,0.8691
101020204,5724322.80475235,24,10,8,4,千克,MASS,0.9461
106051106,5709609.172040939,12,8,7,2,个,COUNT,0.7913
103011202,5590456.669921875,10,7,4,2,千克,MASS,0.8769
106020401,5570852.112350464,19,10,7,2,个,COUNT,0.8713
109042204,5551686.603210449,14,7,6,2,千克,MASS,0.9024
101010899,5542344.392578125,7,4,4,1,个,COUNT,0.9731
105010603,5539016.237564087,22,11,9,4,桶,CONTAINER,0.4195
109061599,5513675.020019531,8,3,3,1,套,SET,0.6578
109022302,5499383.759292603,15,7,7,1,个,COUNT,0.8937
101020403,5488179.672044754,34,14,7,4,千克,MASS,0.6786
110020106,5473637.786529541,10,8,7,4,千克,MASS,0.5296
107021607,5462430.304126263,33,16,8,4,千克,MASS,0.8319
109061305,5426495.371719361,9,3,3,1,个,COUNT,0.7654
102050206,5415273.314588547,31,15,8,4,千克,MASS,0.4947
109010509,5401357.254489899,14,6,5,2,个,COUNT,0.7136
107021603,5378059.75,8,3,3,2,千克,MASS,0.9987
106050304,5350042.474369049,16,10,7,3,桶,CONTAINER,0.3854
107040401,5339914.864303589,18,11,6,3,千克,MASS,0.9579
103010404,5317788.862060547,13,6,4,2,千克,MASS,0.9186
106050699,5283365.5291137695,15,7,7,3,个,COUNT,0.8756
109023701,5262329.1337890625,11,7,6,2,个,COUNT,0.8913
105010507,5210928.824935913,25,10,8,4,立方米,VOLUME,0.5419
109061002,5179112.558830261,13,5,4,1,个,COUNT,0.8248
109024604,5141246.6039123535,13,6,5,1,袋,CONTAINER,0.703
109023905,5118142.059753418,10,4,4,2,套,SET,0.6702
109024305,5104902.054397583,18,10,7,2,个,COUNT,0.5212
109024505,5062994.409019947,27,10,7,3,个,COUNT,0.5456
103011600,5039543.082443237,15,8,5,2,千克,MASS,0.9755
109061302,5036058.0,8,4,4,1,个,COUNT,0.6752
103020904,5026060.700439453,18,11,6,2,个,COUNT,0.8674
103040400,4985807.769989014,11,7,6,2,个,COUNT,0.9173
106050201,4936116.749389648,11,6,6,2,个,COUNT,0.7539
107030502,4896243.370178223,17,11,7,3,袋,CONTAINER,0.5042
109023202,4876816.09462738,19,9,8,1,个,COUNT,0.6898
405030000,4863054.8984375,7,5,5,1,UNKNOWN,UNKNOWN,0.8827
109023602,4835535.571533203,14,7,7,2,个,COUNT,0.864
106051004,4832645.4248046875,11,5,5,2,个,COUNT,0.92
109025104,4782501.3125,7,5,4,1,UNKNOWN,UNKNOWN,0.565
108032101,4776565.446533203,12,6,6,4,千克,MASS,0.7083
109023503,4705350.5,3,1,1,1,个,COUNT,1.0
109025003,4680524.480606079,15,8,7,2,个,COUNT,0.7913
105010508,4654228.391769409,26,7,6,3,套,SET,0.6243
109061902,4635280.690254211,7,3,3,1,套,SET,0.9816
103010302,4610753.58767128,13,8,4,2,千克,MASS,0.7863
106041010,4552868.9595263,30,13,8,4,个,COUNT,0.8762
108041113,4497400.800098419,20,9,6,2,千克,MASS,0.8868
109060499,4488640.732410431,22,7,6,3,个,COUNT,0.7846
109040203,4482165.279785156,17,7,5,2,个,COUNT,0.547
103020512,4395999.226782799,20,11,6,2,袋,CONTAINER,0.2724
109060803,4372936.686058044,14,5,5,1,个,COUNT,0.9887
103020513,4371421.4772497155,19,13,6,1,瓶,CONTAINER,0.4786
109061806,4364848.792556763,22,8,7,2,个,COUNT,0.8229
301049901,4340223.1875,5,4,4,2,项,SERVICE,0.8295
107020502,4308513.184371948,11,7,5,2,千克,MASS,0.9231
109020812,4274151.09072876,17,8,7,3,个,COUNT,0.9831
109032105,4250934.802793503,42,16,10,4,个,COUNT,0.5409
107030215,4245052.634189606,25,13,7,1,盒,CONTAINER,0.6294
106020403,4228915.284326553,22,8,6,2,个,COUNT,0.7219
107030701,4204638.613723755,19,10,6,2,千克,MASS,0.699
107030704,4192312.219970703,7,6,4,2,千克,MASS,0.6118
109022807,4109650.0,3,2,2,1,个,COUNT,0.9891
109012803,4107127.8515625,12,5,5,2,个,COUNT,0.7886
108041109,4093294.979248047,12,4,4,3,个,COUNT,0.9422
104010308,4086609.1219177246,16,9,7,4,个,COUNT,0.5533
109032502,4027973.173095703,6,3,3,1,个,COUNT,0.8675
106051104,4015239.9109497066,5,4,4,1,套,SET,0.589
102049905,4007717.531372071,16,9,7,3,千克,MASS,0.6044
108032303,3998737.9010238647,13,6,6,4,千克,MASS,0.6512
107020124,3995606.244987488,9,5,4,3,千克,MASS,0.8689
110030202,3976570.236511231,17,7,6,3,个,COUNT,0.5487
107030503,3901057.251953125,8,5,4,2,OTHER,OTHER,0.7876
103020509,3847981.8610367775,23,11,5,2,瓶,CONTAINER,0.4659
104010509,3827433.3617191315,18,7,7,2,个,COUNT,0.7372
103011002,3768191.817296505,22,10,7,2,箱,CONTAINER,0.5063
101010600,3767935.879753113,29,14,8,4,千克,MASS,0.4847
103020510,3765852.733235836,24,13,7,3,个,COUNT,0.5208
301040303,3715927.109375,3,3,3,1,UNKNOWN,UNKNOWN,0.7379
109021803,3710482.453655243,25,14,8,3,个,COUNT,0.7517
105010506,3691721.9808807373,13,8,7,3,立方米,VOLUME,0.3882
107021612,3682896.635894776,16,11,6,2,份,SERVICE,0.4065
109060804,3681107.9699859624,7,3,3,1,个,COUNT,0.9013
105020202,3669681.518661499,21,11,9,4,平方米,AREA,0.6846
109061301,3626457.4537963867,6,4,4,2,套,SET,0.6431
101011205,3623344.9757890706,20,12,8,2,千克,MASS,0.7803
107029905,3617483.4432296758,20,11,7,2,个,COUNT,0.8419
109011212,3611619.760902405,8,3,3,1,套,SET,0.5233
101030203,3600687.159896851,9,5,5,2,千克,MASS,0.9043
301050500,3555334.125,4,4,4,2,千克,MASS,0.936
106051101,3487430.8129882812,5,3,3,1,批,BATCH,0.9581
109060602,3483898.4837036133,13,4,3,1,个,COUNT,0.9003
104010805,3466981.3588867188,10,6,6,2,个,COUNT,0.6725
107030216,3445671.1938676834,7,7,4,2,千克,MASS,0.7762
107021004,3409099.2238769527,14,9,5,1,千克,MASS,0.8571
103010405,3339552.6758117676,19,10,6,2,千克,MASS,0.3685
104010802,3335424.217651367,14,7,6,3,千克,MASS,0.307
302019900,3333902.0075683594,7,5,5,1,批,BATCH,0.4953
107020125,3326161.0849609375,10,5,5,2,千克,MASS,0.7942
307020101,3310168.0599365234,10,6,5,1,UNKNOWN,UNKNOWN,0.949
107021806,3275599.6232109065,21,10,8,2,个,COUNT,0.904
301020402,3271536.200012207,4,4,4,2,千克,MASS,0.9533
101011499,3255272.3704490666,23,11,10,4,OTHER,OTHER,0.6752
109024610,3213626.5856933594,9,5,4,1,个,COUNT,0.5879
102051101,3205911.42786789,26,12,7,3,个,COUNT,0.7174
109022002,3177091.686941147,24,13,7,3,个,COUNT,0.9552
108032406,3149872.8125,4,2,2,2,千克,MASS,0.797
101011903,3149701.261832237,13,10,6,2,千克,MASS,0.837
102040110,3141506.25,4,2,2,2,千克,MASS,0.9354
301020301,3094884.890625,3,3,3,1,千克,MASS,0.769
109010705,3069790.3007659907,17,7,5,2,个,COUNT,0.975
102049906,3065109.7204284673,15,8,7,3,千克,MASS,0.8457
109010511,3036768.521476746,17,6,5,1,个,COUNT,0.832
109022402,3024926.868751526,11,6,5,2,个,COUNT,0.9899
107020702,3008524.984375,8,4,3,2,千克,MASS,0.7993
108040409,2971550.9478602414,40,10,8,3,个,COUNT,0.9078
109061606,2969729.2133903503,20,9,6,2,个,COUNT,0.8739
108012202,2948886.7484264374,17,9,6,1,套,SET,0.5412
109022902,2943115.79107666,17,6,6,3,个,COUNT,0.8682
108032404,2942696.0,7,3,3,3,千克,MASS,0.9791
108041105,2936392.190631867,34,10,7,3,千克,MASS,0.4698
109010401,2873518.0259399414,13,7,7,3,OTHER,OTHER,0.3004
109061304,2813868.9291687007,14,5,5,2,个,COUNT,0.8609
106050605,2738581.854053498,17,8,7,3,个,COUNT,0.8947
107021705,2723203.5264587402,15,8,5,2,UNKNOWN,UNKNOWN,0.7989
108032302,2694472.7458877563,17,8,7,3,个,COUNT,0.6542
109032603,2665393.9737167363,16,8,7,3,个,COUNT,0.543
106050203,2661120.7878112793,10,7,5,2,个,COUNT,0.8749
102049903,2648066.92578125,11,4,4,3,千克,MASS,0.5562
106020104,2630615.6207180023,21,8,7,1,套,SET,0.8033
109061611,2615135.619630814,7,4,4,1,个,COUNT,0.6535
101050500,2600653.2499771114,6,3,3,1,千克,MASS,0.9803
104010806,2591564.5761680603,27,9,8,4,千米,LENGTH,0.4905
109022399,2573768.700073242,10,5,5,1,个,COUNT,0.8177
107021611,2570188.23009491,11,5,5,2,千克,MASS,0.9779
108041204,2550363.7994890213,27,11,7,3,卷,CONTAINER,0.2402
102040109,2546403.2768096924,11,6,4,2,千克,MASS,0.7932
109025203,2531121.797637939,9,2,2,1,个,COUNT,0.9935
109061006,2530852.600219726,8,4,4,2,个,COUNT,0.6775
102049904,2524047.533432007,13,5,4,2,个,COUNT,0.611
109013606,2513234.883125305,11,7,6,3,套,SET,0.4946
109060403,2502252.032901287,23,12,7,3,个,COUNT,0.5365
109011204,2500038.384033203,11,6,6,2,个,COUNT,0.9843
306030204,2493797.82421875,3,3,2,1,次,SERVICE,0.7622
106041004,2490925.7432403564,20,13,7,2,批,BATCH,0.4847
107021805,2483244.3021087646,19,9,8,3,个,COUNT,0.4346
306030101,2446791.2996618743,20,10,8,3,UNKNOWN,UNKNOWN,0.6325
109022803,2385513.4020824432,13,7,6,3,套,SET,0.5462
109061799,2381150.875793457,13,6,6,3,个,COUNT,0.8061
106050211,2369557.2524528503,11,5,4,3,个,COUNT,0.8475
306049900,2353089.169921875,5,5,5,1,UNKNOWN,UNKNOWN,0.9639
109042303,2274457.080169678,13,5,5,1,个,COUNT,0.9268
109024607,2229282.0,4,3,3,1,个,COUNT,0.7475
301050601,2227070.248046875,5,5,5,2,千克,MASS,0.4234
101011907,2141471.4356912374,27,13,8,2,千克,MASS,0.3012
107020237,2140578.167114258,11,7,7,4,千克,MASS,0.9637
109060401,2132268.547554016,15,5,5,2,个,COUNT,0.8984
105010802,2131754.4774130583,36,14,7,2,个,COUNT,0.5782
109011303,2105252.589111328,9,3,3,1,个,COUNT,0.6739
108031001,2091221.6069946287,11,6,6,3,千克,MASS,0.9833
109042206,2046569.052978516,11,7,7,4,个,COUNT,0.8501
106010510,1979171.1193695064,15,8,6,1,个,COUNT,0.9393
107021605,1936910.0302209854,12,7,5,2,千克,MASS,0.9857
109024303,1889943.1177129745,20,8,6,3,盒,CONTAINER,0.3206
107022001,1887155.6588287358,12,4,4,3,千克,MASS,0.8825
109023705,1857190.590538025,12,4,4,2,个,COUNT,0.9613
106050209,1835878.5540218353,21,8,7,4,千克,MASS,0.4868
102051103,1830501.3633117678,23,12,8,4,千克,MASS,0.7933
109060312,1785201.570789337,12,3,2,1,个,COUNT,0.9318
104020405,1773991.232025146,5,2,2,2,个,COUNT,0.8287
106020503,1736829.145248413,12,6,5,2,个,COUNT,0.5441
109024003,1687037.5200195315,4,3,3,1,个,COUNT,0.6992
109051402,1667143.2329788203,11,5,5,2,个,COUNT,0.8011
105010505,1600739.03125,9,4,4,2,平方米,AREA,0.9427
107030705,1583606.669845581,6,4,3,1,盒,CONTAINER,0.6491
106040501,1564684.1300222871,20,9,7,2,瓶,CONTAINER,0.7858
107021606,1543943.3001098633,8,5,4,2,千克,MASS,0.9847
101011305,1500029.9957418442,23,12,7,2,千克,MASS,0.6188
103030803,1489585.8213348389,22,12,6,2,箱,CONTAINER,0.6665
109024905,1464264.450012207,6,3,3,1,UNKNOWN,UNKNOWN,0.5653
109032602,1459691.300003052,9,3,3,1,个,COUNT,0.9051
109042202,1449980.0,4,2,2,1,套,SET,0.7505
106050302,1449850.1904144287,14,7,6,3,桶,CONTAINER,0.2809
106051107,1445799.2375488277,5,3,3,1,个,COUNT,0.9161
108032104,1441891.9765625,4,1,1,1,千克,MASS,1.0
109023805,1428944.125,5,4,4,2,套,SET,0.5201
405020000,1423800.44140625,4,3,3,1,个,COUNT,0.9018
301030103,1413358.5,1,1,1,0,UNKNOWN,UNKNOWN,1.0
109022303,1369766.4870605466,7,5,5,2,个,COUNT,0.7875
109021702,1361731.703437805,5,1,1,1,个,COUNT,1.0
109022815,1343446.339599609,10,5,4,2,千克,MASS,0.8959
109062101,1337782.869140625,8,5,4,2,个,COUNT,0.5539
101020407,1330638.9897651672,19,10,6,2,千克,MASS,0.545
108032405,1303809.4449996948,5,3,3,2,千克,MASS,0.9808
106050303,1303175.3922348022,7,5,4,2,个,COUNT,0.9518
109061505,1292118.0,3,3,3,1,套,SET,0.8054
109025403,1291924.1993789673,10,7,7,4,个,COUNT,0.571
109060805,1265483.675292969,5,2,2,1,个,COUNT,0.9607
109041803,1247923.8683700562,11,6,6,2,个,COUNT,0.7447
101020405,1243063.0702657704,16,8,6,2,个,COUNT,0.9036
107030702,1201965.9939460754,13,9,5,2,盒,CONTAINER,0.7162
109020809,1194341.3984375,8,6,6,3,个,COUNT,0.695
109023704,1172257.1291351318,20,9,6,2,个,COUNT,0.8222
107022003,1160545.3800048828,9,5,4,2,千克,MASS,0.9947
109023203,1118245.6508026123,21,12,7,3,套,SET,0.7911
109061604,1117823.689315796,7,3,3,1,套,SET,0.7768
109025204,1041171.4899902347,9,4,4,1,个,COUNT,0.998
102050508,1033924.0,1,1,1,1,千克,MASS,1.0
106040108,1031815.1442756653,26,12,6,2,千克,MASS,0.5899
109060505,1021277.819152832,6,3,3,1,套,SET,0.7864
109011208,989458.9901428223,9,3,3,1,个,COUNT,0.7447
109032501,983961.7456054688,6,3,3,2,千克,MASS,0.6574
109025502,972403.4187927246,17,9,7,2,瓶,CONTAINER,0.3089
109022804,965303.860534668,6,3,3,2,千米,LENGTH,0.8683
110020104,939150.0,3,2,2,1,千克,MASS,0.9967
109061402,935986.843120575,9,2,2,1,个,COUNT,0.9011
301040301,904505.0,3,3,3,2,项,SERVICE,0.9613
109023707,899458.8783035278,13,5,5,1,个,COUNT,0.9224
103021204,898452.8784666061,28,13,6,2,袋,CONTAINER,0.3253
109061203,880117.3125,5,4,3,1,套,SET,0.7663
109061005,867815.059173584,9,3,3,1,个,COUNT,0.9732
109024608,839521.8775024414,5,2,2,1,个,COUNT,0.9985
109010402,827667.3075027466,16,8,7,3,个,COUNT,0.5522
102050504,821367.4919433594,16,8,7,4,个,COUNT,0.446
108041112,802718.5502319336,15,7,5,3,千克,MASS,0.7721
301020102,782482.2421875,3,3,3,2,UNKNOWN,UNKNOWN,0.6717
109022306,760846.5200195312,4,2,2,1,个,COUNT,0.9999
101020404,742546.3077163696,16,9,5,2,千克,MASS,0.5273
105011006,717118.7205200195,9,4,4,2,千克,MASS,0.5304
102040401,716050.015625,7,4,4,2,个,COUNT,0.4536
106020504,702976.1999511719,9,5,5,3,千瓦时,ENERGY,0.924
106050803,682516.2827148438,8,5,5,2,平方米,AREA,0.572
101050700,648592.1978607178,10,5,5,2,千克,MASS,0.9402
106050207,642334.1650218964,15,9,7,2,千克,MASS,0.6554
103040301,640101.6005859375,7,4,3,2,个,COUNT,0.9813
102049902,635769.3076782227,10,4,4,2,千克,MASS,0.8597
108040503,625719.5704650879,10,5,4,2,UNKNOWN,UNKNOWN,0.5783
101011906,625001.353012085,7,5,3,2,个,COUNT,0.7577
109023804,615347.6494140625,6,3,2,1,个,COUNT,0.8965
107030703,604823.4500732422,10,5,4,1,瓶,CONTAINER,0.9266
109050403,598538.0,5,3,3,1,个,COUNT,0.5545
101011905,569800.0,1,1,1,1,千克,MASS,1.0
109062302,567988.0797367096,11,7,4,1,卷,CONTAINER,0.8163
108041118,523627.56640625,5,3,3,3,立方米,VOLUME,0.8885
102050306,498681.09375,6,3,3,2,千克,MASS,0.7254
109060309,493518.5471801758,10,5,5,2,个,COUNT,0.5735
101011303,488590.80989456177,11,6,5,2,个,COUNT,0.8947
302010400,483360.3703613281,4,2,2,1,套,SET,0.9608
109024006,478777.7001953125,12,8,8,2,套,SET,0.3435
103040302,472767.1375808716,11,4,2,1,个,COUNT,0.8847
105020203,463793.7615966797,10,6,6,3,立方米,VOLUME,0.6239
106041002,462734.5994644165,6,2,2,1,个,COUNT,0.9295
106050602,438053.14630126953,13,6,5,2,个,COUNT,0.8069
106020501,433544.61991882324,9,5,5,2,千瓦时,ENERGY,0.8861
307050200,431335.36083984375,2,2,2,0,UNKNOWN,UNKNOWN,0.9955
109023801,424184.0556640625,7,3,3,2,千米,LENGTH,0.7085
102050517,421795.94219398504,10,4,3,2,千克,MASS,0.9833
107021609,419471.04998779297,4,4,3,2,千克,MASS,0.9934
102040402,417132.09375,5,2,2,2,个,COUNT,0.5679
108032103,412762.6015625,3,1,1,1,千克,MASS,1.0
109023706,411937.2000732422,5,3,3,1,个,COUNT,0.7112
110020105,411760.0,3,2,2,1,个,COUNT,0.9514
109062203,411134.0507507324,3,1,1,1,个,COUNT,1.0
109061306,402556.5199584961,9,2,2,1,个,COUNT,0.9975
306010400,390309.8125,2,2,2,0,UNKNOWN,UNKNOWN,0.6397
101010702,381216.12031173706,7,5,3,1,千克,MASS,0.9107
108012201,369113.7802352905,8,4,3,1,个,COUNT,0.9445
108032411,368358.2418212891,4,1,1,1,千克,MASS,1.0
109024606,353855.3400039673,7,4,3,1,盒,CONTAINER,0.9699
106050202,341254.0,6,3,3,1,个,COUNT,0.9872
109021805,323546.79998779297,7,3,3,1,套,SET,0.5927
108031399,322109.0,4,2,2,2,千克,MASS,0.9965
107022605,317751.4296875,2,1,1,1,千克,MASS,1.0
307050100,317731.1374511719,3,3,3,1,立方米,VOLUME,0.796
103020905,314055.3975587468,13,9,5,2,箱,CONTAINER,0.3792
106020402,304821.90002441406,6,3,3,1,套,SET,0.7047
106051110,304645.6231249571,4,3,3,1,套,SET,0.977
301049902,303500.0,2,2,2,0,UNKNOWN,UNKNOWN,0.9555
108041115,293413.52087402344,9,5,4,3,千克,MASS,0.7006
108032403,286609.455078125,7,2,2,2,个,COUNT,0.5104
307050400,276897.59375,2,2,2,0,次,SERVICE,0.9984
306010999,267813.3296203613,8,6,6,1,套,SET,0.4369
106050305,259052.10447692874,12,8,6,3,千克,MASS,0.557
101011901,249288.1387939453,10,9,5,2,UNKNOWN,UNKNOWN,0.3902
102050510,235350.4836425781,3,2,2,2,千克,MASS,0.5742
109023702,228571.41999816895,4,2,2,1,套,SET,0.7808
106051112,223559.09179687497,10,5,4,1,个,COUNT,0.6911
106050804,221942.009765625,8,7,7,3,千克,MASS,0.647
107021604,213205.42975234985,14,6,4,2,千克,MASS,0.4029
101030105,200486.28887939453,4,4,2,1,瓶,CONTAINER,0.692
101030499,197464.6395263672,4,3,3,2,个,COUNT,0.6132
301020401,190763.0,2,2,2,0,UNKNOWN,UNKNOWN,0.975
107022602,184825.0,2,1,1,1,千克,MASS,1.0
109021806,184010.52045822146,6,4,4,2,个,COUNT,0.8368
109061504,175498.0,7,3,2,1,个,COUNT,0.9208
306030203,174500.0,1,1,1,1,千克,MASS,1.0
109025501,170261.9400024414,5,2,2,1,套,SET,0.6784
109024301,165752.19995117188,4,3,3,1,个,COUNT,0.6802
101011304,164469.2819519043,9,6,5,2,个,COUNT,0.4243
106051111,161417.41082763672,9,4,4,2,个,COUNT,0.9059
106050306,158073.5800113678,8,5,5,3,千克,MASS,0.607
106041006,155449.15998840335,5,4,3,1,个,COUNT,0.9624
102050308,148626.31689453125,9,6,5,3,立方米,VOLUME,0.668
109051403,146994.0,3,2,2,1,套,SET,0.9585
109025404,139821.89999389648,9,5,5,3,个,COUNT,0.6706
109022407,136500.0,3,2,2,1,套,SET,0.6447
107021007,127413.97024154666,14,10,6,2,个,COUNT,0.8136
108041119,125385.35623931885,4,2,2,2,千米,LENGTH,0.9673
109010707,122523.200012207,5,2,2,2,个,COUNT,0.9931
101030401,121844.58027648926,18,8,6,2,千克,MASS,0.5754
106041005,117200.23828125,3,3,3,2,个,COUNT,0.5596
110030203,116161.0,2,2,2,1,套,SET,0.9997
108041110,112794.0,3,2,2,2,千克,MASS,0.9421
109023502,108753.81954956055,6,2,2,2,个,COUNT,0.8408
304040400,107108.66058588028,4,4,4,1,UNKNOWN,UNKNOWN,0.8775
301020302,98880.0,1,1,1,0,车,CONTAINER,1.0
304050102,94200.0,1,1,1,0,月,TIME,1.0
108041117,93898.203125,5,3,3,2,千米,LENGTH,0.7775
107021701,93472.18000793457,6,3,2,1,个,COUNT,0.9072
108031107,92567.138671875,1,1,1,1,个,COUNT,1.0
106051008,80662.68937683105,2,2,2,1,个,COUNT,0.8032
102050513,64842.829650878906,6,3,3,3,千米,LENGTH,0.6161
109041204,64417.450043678284,8,4,4,2,个,COUNT,0.8694
108041116,63152.890625,2,2,2,2,千米,LENGTH,0.9913
109032604,61728.79998779297,3,3,3,1,个,COUNT,0.878
109032402,60317.0,1,1,1,1,个,COUNT,1.0
301050301,53712.0,2,2,2,1,千克,MASS,0.939
108030900,51386.66986083985,6,3,3,2,瓶,CONTAINER,0.6055
108032407,49148.0,1,1,1,0,套,SET,1.0
405010200,48997.0,1,1,1,0,UNKNOWN,UNKNOWN,1.0
109061202,43271.0,4,2,2,1,个,COUNT,0.6402
302010200,37990.72998046875,2,2,2,0,UNKNOWN,UNKNOWN,0.8581
106051109,35829.9501953125,4,3,3,1,个,COUNT,0.9444
109032802,30530.29995727539,4,2,2,1,套,SET,0.5317
109025101,27620.209899902344,5,3,3,2,个,COUNT,0.4613
106051102,24504.0,2,1,1,1,个,COUNT,1.0
102050511,23961.310302734375,4,3,3,2,千克,MASS,0.5893
301050401,21797.64990234375,3,3,3,1,盒,CONTAINER,0.8165
107040404,20800.0,2,2,2,1,千克,MASS,0.9615
109021807,18037.4296875,3,2,2,1,个,COUNT,0.995
109042604,17030.0,4,3,3,1,个,COUNT,0.6439
108032105,15962.400390625,2,2,2,2,千克,MASS,0.6617
301059901,10000.0,1,1,1,0,UNKNOWN,UNKNOWN,1.0
302020000,8925.260009765625,2,2,2,1,UNKNOWN,UNKNOWN,0.6474
109042205,6154.5,4,4,2,1,个,COUNT,0.9008
109022305,4694.0,4,4,3,2,卷,CONTAINER,0.4942
108032410,4180.0,2,1,1,1,千克,MASS,1.0
102050518,4179.850006103516,1,1,1,0,瓶,CONTAINER,1.0
101030402,3363.5,1,1,1,1,千克,MASS,1.0
109031803,2760.0,2,1,1,1,个,COUNT,1.0
107021614,2119.0,4,4,2,1,个,COUNT,0.8966
109023904,2091.8800048828125,2,2,2,1,个,COUNT,0.8835
110030204,1801.1199703216553,2,2,2,1,个,COUNT,0.9903
301060100,801.1699999570847,2,2,2,0,OTHER,OTHER,0.9985
101030107,764.3600001335144,1,1,1,1,个,COUNT,1.0
109021604,764.1999893188477,3,1,1,1,个,COUNT,1.0
109032403,580.0,1,1,1,1,个,COUNT,1.0
109032303,480.0,1,1,1,1,个,COUNT,1.0
306040100,80.0,1,1,1,0,UNKNOWN,UNKNOWN,1.0
